[2026-04-26T14:49:31.937+0000] {processor.py:186} INFO - Started process (PID=4442) to work on /opt/airflow/dags/main.py
[2026-04-26T14:49:31.946+0000] {processor.py:914} INFO - Processing file /opt/airflow/dags/main.py for tasks to queue
[2026-04-26T14:49:32.023+0000] {logging_mixin.py:190} INFO - [2026-04-26T14:49:32.018+0000] {dagbag.py:588} INFO - Filling up the DagBag from /opt/airflow/dags/main.py
[2026-04-26T14:49:32.172+0000] {logging_mixin.py:190} INFO - [2026-04-26T14:49:32.133+0000] {dagbag.py:387} ERROR - Failed to import: /opt/airflow/dags/main.py
Traceback (most recent call last):
  File "/home/airflow/.local/lib/python3.12/site-packages/airflow/models/dagbag.py", line 383, in parse
    loader.exec_module(new_module)
  File "<frozen importlib._bootstrap_external>", line 999, in exec_module
  File "<frozen importlib._bootstrap>", line 488, in _call_with_frames_removed
  File "/opt/airflow/dags/main.py", line 21, in <module>
    from consumer import consume_orders
ModuleNotFoundError: No module named 'consumer'
[2026-04-26T14:49:32.179+0000] {processor.py:927} WARNING - No viable dags retrieved from /opt/airflow/dags/main.py
[2026-04-26T14:49:32.422+0000] {processor.py:208} INFO - Processing /opt/airflow/dags/main.py took 0.596 seconds
[2026-04-26T14:50:02.663+0000] {processor.py:186} INFO - Started process (PID=4449) to work on /opt/airflow/dags/main.py
[2026-04-26T14:50:02.666+0000] {processor.py:914} INFO - Processing file /opt/airflow/dags/main.py for tasks to queue
[2026-04-26T14:50:02.673+0000] {logging_mixin.py:190} INFO - [2026-04-26T14:50:02.671+0000] {dagbag.py:588} INFO - Filling up the DagBag from /opt/airflow/dags/main.py
[2026-04-26T14:50:02.725+0000] {logging_mixin.py:190} INFO - [2026-04-26T14:50:02.715+0000] {dagbag.py:387} ERROR - Failed to import: /opt/airflow/dags/main.py
Traceback (most recent call last):
  File "/home/airflow/.local/lib/python3.12/site-packages/airflow/models/dagbag.py", line 383, in parse
    loader.exec_module(new_module)
  File "<frozen importlib._bootstrap_external>", line 999, in exec_module
  File "<frozen importlib._bootstrap>", line 488, in _call_with_frames_removed
  File "/opt/airflow/dags/main.py", line 21, in <module>
    from consumer import consume_orders
ModuleNotFoundError: No module named 'consumer'
[2026-04-26T14:50:02.728+0000] {processor.py:927} WARNING - No viable dags retrieved from /opt/airflow/dags/main.py
[2026-04-26T14:50:02.769+0000] {processor.py:208} INFO - Processing /opt/airflow/dags/main.py took 0.117 seconds
[2026-04-26T14:50:33.722+0000] {processor.py:186} INFO - Started process (PID=4456) to work on /opt/airflow/dags/main.py
[2026-04-26T14:50:33.723+0000] {processor.py:914} INFO - Processing file /opt/airflow/dags/main.py for tasks to queue
[2026-04-26T14:50:33.746+0000] {logging_mixin.py:190} INFO - [2026-04-26T14:50:33.745+0000] {dagbag.py:588} INFO - Filling up the DagBag from /opt/airflow/dags/main.py
[2026-04-26T14:50:33.775+0000] {logging_mixin.py:190} INFO - [2026-04-26T14:50:33.768+0000] {dagbag.py:387} ERROR - Failed to import: /opt/airflow/dags/main.py
Traceback (most recent call last):
  File "/home/airflow/.local/lib/python3.12/site-packages/airflow/models/dagbag.py", line 383, in parse
    loader.exec_module(new_module)
  File "<frozen importlib._bootstrap_external>", line 999, in exec_module
  File "<frozen importlib._bootstrap>", line 488, in _call_with_frames_removed
  File "/opt/airflow/dags/main.py", line 21, in <module>
    from consumer import consume_orders
ModuleNotFoundError: No module named 'consumer'
[2026-04-26T14:50:33.777+0000] {processor.py:927} WARNING - No viable dags retrieved from /opt/airflow/dags/main.py
[2026-04-26T14:50:33.806+0000] {processor.py:208} INFO - Processing /opt/airflow/dags/main.py took 0.099 seconds
[2026-04-26T14:51:04.872+0000] {processor.py:186} INFO - Started process (PID=4463) to work on /opt/airflow/dags/main.py
[2026-04-26T14:51:04.875+0000] {processor.py:914} INFO - Processing file /opt/airflow/dags/main.py for tasks to queue
[2026-04-26T14:51:04.881+0000] {logging_mixin.py:190} INFO - [2026-04-26T14:51:04.880+0000] {dagbag.py:588} INFO - Filling up the DagBag from /opt/airflow/dags/main.py
[2026-04-26T14:51:04.923+0000] {logging_mixin.py:190} INFO - [2026-04-26T14:51:04.914+0000] {dagbag.py:387} ERROR - Failed to import: /opt/airflow/dags/main.py
Traceback (most recent call last):
  File "/home/airflow/.local/lib/python3.12/site-packages/airflow/models/dagbag.py", line 383, in parse
    loader.exec_module(new_module)
  File "<frozen importlib._bootstrap_external>", line 999, in exec_module
  File "<frozen importlib._bootstrap>", line 488, in _call_with_frames_removed
  File "/opt/airflow/dags/main.py", line 21, in <module>
    from consumer import consume_orders
ModuleNotFoundError: No module named 'consumer'
[2026-04-26T14:51:04.926+0000] {processor.py:927} WARNING - No viable dags retrieved from /opt/airflow/dags/main.py
[2026-04-26T14:51:04.969+0000] {processor.py:208} INFO - Processing /opt/airflow/dags/main.py took 0.110 seconds
[2026-04-26T14:51:35.041+0000] {processor.py:186} INFO - Started process (PID=4470) to work on /opt/airflow/dags/main.py
[2026-04-26T14:51:35.042+0000] {processor.py:914} INFO - Processing file /opt/airflow/dags/main.py for tasks to queue
[2026-04-26T14:51:35.046+0000] {logging_mixin.py:190} INFO - [2026-04-26T14:51:35.045+0000] {dagbag.py:588} INFO - Filling up the DagBag from /opt/airflow/dags/main.py
[2026-04-26T14:51:35.071+0000] {logging_mixin.py:190} INFO - [2026-04-26T14:51:35.066+0000] {dagbag.py:387} ERROR - Failed to import: /opt/airflow/dags/main.py
Traceback (most recent call last):
  File "/home/airflow/.local/lib/python3.12/site-packages/airflow/models/dagbag.py", line 383, in parse
    loader.exec_module(new_module)
  File "<frozen importlib._bootstrap_external>", line 999, in exec_module
  File "<frozen importlib._bootstrap>", line 488, in _call_with_frames_removed
  File "/opt/airflow/dags/main.py", line 21, in <module>
    from consumer import consume_orders
ModuleNotFoundError: No module named 'consumer'
[2026-04-26T14:51:35.073+0000] {processor.py:927} WARNING - No viable dags retrieved from /opt/airflow/dags/main.py
[2026-04-26T14:51:35.105+0000] {processor.py:208} INFO - Processing /opt/airflow/dags/main.py took 0.072 seconds
[2026-04-26T14:52:06.088+0000] {processor.py:186} INFO - Started process (PID=4477) to work on /opt/airflow/dags/main.py
[2026-04-26T14:52:06.090+0000] {processor.py:914} INFO - Processing file /opt/airflow/dags/main.py for tasks to queue
[2026-04-26T14:52:06.094+0000] {logging_mixin.py:190} INFO - [2026-04-26T14:52:06.094+0000] {dagbag.py:588} INFO - Filling up the DagBag from /opt/airflow/dags/main.py
[2026-04-26T14:52:06.129+0000] {logging_mixin.py:190} INFO - [2026-04-26T14:52:06.122+0000] {dagbag.py:387} ERROR - Failed to import: /opt/airflow/dags/main.py
Traceback (most recent call last):
  File "/home/airflow/.local/lib/python3.12/site-packages/airflow/models/dagbag.py", line 383, in parse
    loader.exec_module(new_module)
  File "<frozen importlib._bootstrap_external>", line 999, in exec_module
  File "<frozen importlib._bootstrap>", line 488, in _call_with_frames_removed
  File "/opt/airflow/dags/main.py", line 21, in <module>
    from consumer import consume_orders
ModuleNotFoundError: No module named 'consumer'
[2026-04-26T14:52:06.131+0000] {processor.py:927} WARNING - No viable dags retrieved from /opt/airflow/dags/main.py
[2026-04-26T14:52:06.162+0000] {processor.py:208} INFO - Processing /opt/airflow/dags/main.py took 0.083 seconds
[2026-04-26T14:52:37.253+0000] {processor.py:186} INFO - Started process (PID=4478) to work on /opt/airflow/dags/main.py
[2026-04-26T14:52:37.289+0000] {processor.py:914} INFO - Processing file /opt/airflow/dags/main.py for tasks to queue
[2026-04-26T14:52:37.314+0000] {logging_mixin.py:190} INFO - [2026-04-26T14:52:37.311+0000] {dagbag.py:588} INFO - Filling up the DagBag from /opt/airflow/dags/main.py
[2026-04-26T14:52:37.361+0000] {logging_mixin.py:190} INFO - [2026-04-26T14:52:37.352+0000] {dagbag.py:387} ERROR - Failed to import: /opt/airflow/dags/main.py
Traceback (most recent call last):
  File "/home/airflow/.local/lib/python3.12/site-packages/airflow/models/dagbag.py", line 383, in parse
    loader.exec_module(new_module)
  File "<frozen importlib._bootstrap_external>", line 999, in exec_module
  File "<frozen importlib._bootstrap>", line 488, in _call_with_frames_removed
  File "/opt/airflow/dags/main.py", line 21, in <module>
    from consumer import consume_orders
ModuleNotFoundError: No module named 'consumer'
[2026-04-26T14:52:37.366+0000] {processor.py:927} WARNING - No viable dags retrieved from /opt/airflow/dags/main.py
[2026-04-26T14:52:37.410+0000] {processor.py:208} INFO - Processing /opt/airflow/dags/main.py took 0.210 seconds
[2026-04-26T14:53:07.493+0000] {processor.py:186} INFO - Started process (PID=4485) to work on /opt/airflow/dags/main.py
[2026-04-26T14:53:07.495+0000] {processor.py:914} INFO - Processing file /opt/airflow/dags/main.py for tasks to queue
[2026-04-26T14:53:07.501+0000] {logging_mixin.py:190} INFO - [2026-04-26T14:53:07.501+0000] {dagbag.py:588} INFO - Filling up the DagBag from /opt/airflow/dags/main.py
[2026-04-26T14:53:07.539+0000] {logging_mixin.py:190} INFO - [2026-04-26T14:53:07.528+0000] {dagbag.py:387} ERROR - Failed to import: /opt/airflow/dags/main.py
Traceback (most recent call last):
  File "/home/airflow/.local/lib/python3.12/site-packages/airflow/models/dagbag.py", line 383, in parse
    loader.exec_module(new_module)
  File "<frozen importlib._bootstrap_external>", line 999, in exec_module
  File "<frozen importlib._bootstrap>", line 488, in _call_with_frames_removed
  File "/opt/airflow/dags/main.py", line 21, in <module>
    from consumer import consume_orders
ModuleNotFoundError: No module named 'consumer'
[2026-04-26T14:53:07.542+0000] {processor.py:927} WARNING - No viable dags retrieved from /opt/airflow/dags/main.py
[2026-04-26T14:53:07.579+0000] {processor.py:208} INFO - Processing /opt/airflow/dags/main.py took 0.096 seconds
[2026-04-26T14:53:37.729+0000] {processor.py:186} INFO - Started process (PID=4492) to work on /opt/airflow/dags/main.py
[2026-04-26T14:53:37.732+0000] {processor.py:914} INFO - Processing file /opt/airflow/dags/main.py for tasks to queue
[2026-04-26T14:53:37.738+0000] {logging_mixin.py:190} INFO - [2026-04-26T14:53:37.737+0000] {dagbag.py:588} INFO - Filling up the DagBag from /opt/airflow/dags/main.py
[2026-04-26T14:53:37.789+0000] {logging_mixin.py:190} INFO - [2026-04-26T14:53:37.776+0000] {dagbag.py:387} ERROR - Failed to import: /opt/airflow/dags/main.py
Traceback (most recent call last):
  File "/home/airflow/.local/lib/python3.12/site-packages/airflow/models/dagbag.py", line 383, in parse
    loader.exec_module(new_module)
  File "<frozen importlib._bootstrap_external>", line 999, in exec_module
  File "<frozen importlib._bootstrap>", line 488, in _call_with_frames_removed
  File "/opt/airflow/dags/main.py", line 21, in <module>
    from consumer import consume_orders
ModuleNotFoundError: No module named 'consumer'
[2026-04-26T14:53:37.793+0000] {processor.py:927} WARNING - No viable dags retrieved from /opt/airflow/dags/main.py
[2026-04-26T14:53:37.850+0000] {processor.py:208} INFO - Processing /opt/airflow/dags/main.py took 0.136 seconds
[2026-04-26T14:54:07.978+0000] {processor.py:186} INFO - Started process (PID=4499) to work on /opt/airflow/dags/main.py
[2026-04-26T14:54:07.980+0000] {processor.py:914} INFO - Processing file /opt/airflow/dags/main.py for tasks to queue
[2026-04-26T14:54:07.986+0000] {logging_mixin.py:190} INFO - [2026-04-26T14:54:07.985+0000] {dagbag.py:588} INFO - Filling up the DagBag from /opt/airflow/dags/main.py
[2026-04-26T14:54:08.042+0000] {logging_mixin.py:190} INFO - [2026-04-26T14:54:08.032+0000] {dagbag.py:387} ERROR - Failed to import: /opt/airflow/dags/main.py
Traceback (most recent call last):
  File "/home/airflow/.local/lib/python3.12/site-packages/airflow/models/dagbag.py", line 383, in parse
    loader.exec_module(new_module)
  File "<frozen importlib._bootstrap_external>", line 999, in exec_module
  File "<frozen importlib._bootstrap>", line 488, in _call_with_frames_removed
  File "/opt/airflow/dags/main.py", line 21, in <module>
    from consumer import consume_orders
ModuleNotFoundError: No module named 'consumer'
[2026-04-26T14:54:08.045+0000] {processor.py:927} WARNING - No viable dags retrieved from /opt/airflow/dags/main.py
[2026-04-26T14:54:08.089+0000] {processor.py:208} INFO - Processing /opt/airflow/dags/main.py took 0.128 seconds
[2026-04-26T14:54:38.232+0000] {processor.py:186} INFO - Started process (PID=4506) to work on /opt/airflow/dags/main.py
[2026-04-26T14:54:38.234+0000] {processor.py:914} INFO - Processing file /opt/airflow/dags/main.py for tasks to queue
[2026-04-26T14:54:38.240+0000] {logging_mixin.py:190} INFO - [2026-04-26T14:54:38.240+0000] {dagbag.py:588} INFO - Filling up the DagBag from /opt/airflow/dags/main.py
[2026-04-26T14:54:38.282+0000] {logging_mixin.py:190} INFO - [2026-04-26T14:54:38.271+0000] {dagbag.py:387} ERROR - Failed to import: /opt/airflow/dags/main.py
Traceback (most recent call last):
  File "/home/airflow/.local/lib/python3.12/site-packages/airflow/models/dagbag.py", line 383, in parse
    loader.exec_module(new_module)
  File "<frozen importlib._bootstrap_external>", line 999, in exec_module
  File "<frozen importlib._bootstrap>", line 488, in _call_with_frames_removed
  File "/opt/airflow/dags/main.py", line 21, in <module>
    from consumer import consume_orders
ModuleNotFoundError: No module named 'consumer'
[2026-04-26T14:54:38.286+0000] {processor.py:927} WARNING - No viable dags retrieved from /opt/airflow/dags/main.py
[2026-04-26T14:54:38.330+0000] {processor.py:208} INFO - Processing /opt/airflow/dags/main.py took 0.112 seconds
[2026-04-26T14:55:08.448+0000] {processor.py:186} INFO - Started process (PID=4513) to work on /opt/airflow/dags/main.py
[2026-04-26T14:55:08.452+0000] {processor.py:914} INFO - Processing file /opt/airflow/dags/main.py for tasks to queue
[2026-04-26T14:55:08.459+0000] {logging_mixin.py:190} INFO - [2026-04-26T14:55:08.457+0000] {dagbag.py:588} INFO - Filling up the DagBag from /opt/airflow/dags/main.py
[2026-04-26T14:55:08.504+0000] {logging_mixin.py:190} INFO - [2026-04-26T14:55:08.494+0000] {dagbag.py:387} ERROR - Failed to import: /opt/airflow/dags/main.py
Traceback (most recent call last):
  File "/home/airflow/.local/lib/python3.12/site-packages/airflow/models/dagbag.py", line 383, in parse
    loader.exec_module(new_module)
  File "<frozen importlib._bootstrap_external>", line 999, in exec_module
  File "<frozen importlib._bootstrap>", line 488, in _call_with_frames_removed
  File "/opt/airflow/dags/main.py", line 21, in <module>
    from consumer import consume_orders
ModuleNotFoundError: No module named 'consumer'
[2026-04-26T14:55:08.508+0000] {processor.py:927} WARNING - No viable dags retrieved from /opt/airflow/dags/main.py
[2026-04-26T14:55:08.560+0000] {processor.py:208} INFO - Processing /opt/airflow/dags/main.py took 0.124 seconds
[2026-04-26T14:55:38.689+0000] {processor.py:186} INFO - Started process (PID=4521) to work on /opt/airflow/dags/main.py
[2026-04-26T14:55:38.691+0000] {processor.py:914} INFO - Processing file /opt/airflow/dags/main.py for tasks to queue
[2026-04-26T14:55:38.694+0000] {logging_mixin.py:190} INFO - [2026-04-26T14:55:38.694+0000] {dagbag.py:588} INFO - Filling up the DagBag from /opt/airflow/dags/main.py
[2026-04-26T14:55:38.728+0000] {logging_mixin.py:190} INFO - [2026-04-26T14:55:38.721+0000] {dagbag.py:387} ERROR - Failed to import: /opt/airflow/dags/main.py
Traceback (most recent call last):
  File "/home/airflow/.local/lib/python3.12/site-packages/airflow/models/dagbag.py", line 383, in parse
    loader.exec_module(new_module)
  File "<frozen importlib._bootstrap_external>", line 999, in exec_module
  File "<frozen importlib._bootstrap>", line 488, in _call_with_frames_removed
  File "/opt/airflow/dags/main.py", line 21, in <module>
    from consumer import consume_orders
ModuleNotFoundError: No module named 'consumer'
[2026-04-26T14:55:38.731+0000] {processor.py:927} WARNING - No viable dags retrieved from /opt/airflow/dags/main.py
[2026-04-26T14:55:38.768+0000] {processor.py:208} INFO - Processing /opt/airflow/dags/main.py took 0.089 seconds
[2026-04-26T14:56:08.873+0000] {processor.py:186} INFO - Started process (PID=4528) to work on /opt/airflow/dags/main.py
[2026-04-26T14:56:08.874+0000] {processor.py:914} INFO - Processing file /opt/airflow/dags/main.py for tasks to queue
[2026-04-26T14:56:08.877+0000] {logging_mixin.py:190} INFO - [2026-04-26T14:56:08.877+0000] {dagbag.py:588} INFO - Filling up the DagBag from /opt/airflow/dags/main.py
[2026-04-26T14:56:08.903+0000] {logging_mixin.py:190} INFO - [2026-04-26T14:56:08.896+0000] {dagbag.py:387} ERROR - Failed to import: /opt/airflow/dags/main.py
Traceback (most recent call last):
  File "/home/airflow/.local/lib/python3.12/site-packages/airflow/models/dagbag.py", line 383, in parse
    loader.exec_module(new_module)
  File "<frozen importlib._bootstrap_external>", line 999, in exec_module
  File "<frozen importlib._bootstrap>", line 488, in _call_with_frames_removed
  File "/opt/airflow/dags/main.py", line 21, in <module>
    from consumer import consume_orders
ModuleNotFoundError: No module named 'consumer'
[2026-04-26T14:56:08.905+0000] {processor.py:927} WARNING - No viable dags retrieved from /opt/airflow/dags/main.py
[2026-04-26T14:56:08.930+0000] {processor.py:208} INFO - Processing /opt/airflow/dags/main.py took 0.065 seconds
[2026-04-26T14:56:39.880+0000] {processor.py:186} INFO - Started process (PID=4535) to work on /opt/airflow/dags/main.py
[2026-04-26T14:56:39.881+0000] {processor.py:914} INFO - Processing file /opt/airflow/dags/main.py for tasks to queue
[2026-04-26T14:56:39.888+0000] {logging_mixin.py:190} INFO - [2026-04-26T14:56:39.887+0000] {dagbag.py:588} INFO - Filling up the DagBag from /opt/airflow/dags/main.py
[2026-04-26T14:56:39.926+0000] {logging_mixin.py:190} INFO - [2026-04-26T14:56:39.919+0000] {dagbag.py:387} ERROR - Failed to import: /opt/airflow/dags/main.py
Traceback (most recent call last):
  File "/home/airflow/.local/lib/python3.12/site-packages/airflow/models/dagbag.py", line 383, in parse
    loader.exec_module(new_module)
  File "<frozen importlib._bootstrap_external>", line 999, in exec_module
  File "<frozen importlib._bootstrap>", line 488, in _call_with_frames_removed
  File "/opt/airflow/dags/main.py", line 21, in <module>
    from consumer import consume_orders
ModuleNotFoundError: No module named 'consumer'
[2026-04-26T14:56:39.928+0000] {processor.py:927} WARNING - No viable dags retrieved from /opt/airflow/dags/main.py
[2026-04-26T14:56:39.955+0000] {processor.py:208} INFO - Processing /opt/airflow/dags/main.py took 0.091 seconds
[2026-04-26T14:57:11.067+0000] {processor.py:186} INFO - Started process (PID=4542) to work on /opt/airflow/dags/main.py
[2026-04-26T14:57:11.069+0000] {processor.py:914} INFO - Processing file /opt/airflow/dags/main.py for tasks to queue
[2026-04-26T14:57:11.098+0000] {logging_mixin.py:190} INFO - [2026-04-26T14:57:11.093+0000] {dagbag.py:588} INFO - Filling up the DagBag from /opt/airflow/dags/main.py
[2026-04-26T14:57:11.153+0000] {logging_mixin.py:190} INFO - [2026-04-26T14:57:11.146+0000] {dagbag.py:387} ERROR - Failed to import: /opt/airflow/dags/main.py
Traceback (most recent call last):
  File "/home/airflow/.local/lib/python3.12/site-packages/airflow/models/dagbag.py", line 383, in parse
    loader.exec_module(new_module)
  File "<frozen importlib._bootstrap_external>", line 999, in exec_module
  File "<frozen importlib._bootstrap>", line 488, in _call_with_frames_removed
  File "/opt/airflow/dags/main.py", line 21, in <module>
    from consumer import consume_orders
ModuleNotFoundError: No module named 'consumer'
[2026-04-26T14:57:11.156+0000] {processor.py:927} WARNING - No viable dags retrieved from /opt/airflow/dags/main.py
[2026-04-26T14:57:11.304+0000] {processor.py:208} INFO - Processing /opt/airflow/dags/main.py took 0.252 seconds
[2026-04-26T14:57:43.088+0000] {processor.py:186} INFO - Started process (PID=4549) to work on /opt/airflow/dags/main.py
[2026-04-26T14:57:43.092+0000] {processor.py:914} INFO - Processing file /opt/airflow/dags/main.py for tasks to queue
[2026-04-26T14:57:43.101+0000] {logging_mixin.py:190} INFO - [2026-04-26T14:57:43.101+0000] {dagbag.py:588} INFO - Filling up the DagBag from /opt/airflow/dags/main.py
[2026-04-26T14:57:43.145+0000] {logging_mixin.py:190} INFO - [2026-04-26T14:57:43.131+0000] {dagbag.py:387} ERROR - Failed to import: /opt/airflow/dags/main.py
Traceback (most recent call last):
  File "/home/airflow/.local/lib/python3.12/site-packages/airflow/models/dagbag.py", line 383, in parse
    loader.exec_module(new_module)
  File "<frozen importlib._bootstrap_external>", line 999, in exec_module
  File "<frozen importlib._bootstrap>", line 488, in _call_with_frames_removed
  File "/opt/airflow/dags/main.py", line 21, in <module>
    from consumer import consume_orders
ModuleNotFoundError: No module named 'consumer'
[2026-04-26T14:57:43.149+0000] {processor.py:927} WARNING - No viable dags retrieved from /opt/airflow/dags/main.py
[2026-04-26T14:57:43.209+0000] {processor.py:208} INFO - Processing /opt/airflow/dags/main.py took 0.135 seconds
[2026-04-26T14:58:13.344+0000] {processor.py:186} INFO - Started process (PID=4556) to work on /opt/airflow/dags/main.py
[2026-04-26T14:58:13.346+0000] {processor.py:914} INFO - Processing file /opt/airflow/dags/main.py for tasks to queue
[2026-04-26T14:58:13.351+0000] {logging_mixin.py:190} INFO - [2026-04-26T14:58:13.350+0000] {dagbag.py:588} INFO - Filling up the DagBag from /opt/airflow/dags/main.py
[2026-04-26T14:58:14.368+0000] {logging_mixin.py:190} INFO - [2026-04-26T14:58:14.362+0000] {dagbag.py:387} ERROR - Failed to import: /opt/airflow/dags/main.py
Traceback (most recent call last):
  File "/home/airflow/.local/lib/python3.12/site-packages/airflow/models/dagbag.py", line 383, in parse
    loader.exec_module(new_module)
  File "<frozen importlib._bootstrap_external>", line 999, in exec_module
  File "<frozen importlib._bootstrap>", line 488, in _call_with_frames_removed
  File "/opt/airflow/dags/main.py", line 21, in <module>
    from consumer import consume_orders
ModuleNotFoundError: No module named 'consumer'
[2026-04-26T14:58:14.370+0000] {processor.py:927} WARNING - No viable dags retrieved from /opt/airflow/dags/main.py
[2026-04-26T14:58:14.398+0000] {processor.py:208} INFO - Processing /opt/airflow/dags/main.py took 0.077 seconds
[2026-04-26T14:58:46.526+0000] {processor.py:186} INFO - Started process (PID=4563) to work on /opt/airflow/dags/main.py
[2026-04-26T14:58:46.528+0000] {processor.py:914} INFO - Processing file /opt/airflow/dags/main.py for tasks to queue
[2026-04-26T14:58:46.532+0000] {logging_mixin.py:190} INFO - [2026-04-26T14:58:46.531+0000] {dagbag.py:588} INFO - Filling up the DagBag from /opt/airflow/dags/main.py
[2026-04-26T14:58:46.568+0000] {logging_mixin.py:190} INFO - [2026-04-26T14:58:46.561+0000] {dagbag.py:387} ERROR - Failed to import: /opt/airflow/dags/main.py
Traceback (most recent call last):
  File "/home/airflow/.local/lib/python3.12/site-packages/airflow/models/dagbag.py", line 383, in parse
    loader.exec_module(new_module)
  File "<frozen importlib._bootstrap_external>", line 999, in exec_module
  File "<frozen importlib._bootstrap>", line 488, in _call_with_frames_removed
  File "/opt/airflow/dags/main.py", line 21, in <module>
    from consumer import consume_orders
ModuleNotFoundError: No module named 'consumer'
[2026-04-26T14:58:46.570+0000] {processor.py:927} WARNING - No viable dags retrieved from /opt/airflow/dags/main.py
[2026-04-26T14:58:46.622+0000] {processor.py:208} INFO - Processing /opt/airflow/dags/main.py took 0.106 seconds
[2026-04-26T14:59:18.767+0000] {processor.py:186} INFO - Started process (PID=4570) to work on /opt/airflow/dags/main.py
[2026-04-26T14:59:18.771+0000] {processor.py:914} INFO - Processing file /opt/airflow/dags/main.py for tasks to queue
[2026-04-26T14:59:18.779+0000] {logging_mixin.py:190} INFO - [2026-04-26T14:59:18.778+0000] {dagbag.py:588} INFO - Filling up the DagBag from /opt/airflow/dags/main.py
[2026-04-26T14:59:18.837+0000] {logging_mixin.py:190} INFO - [2026-04-26T14:59:18.826+0000] {dagbag.py:387} ERROR - Failed to import: /opt/airflow/dags/main.py
Traceback (most recent call last):
  File "/home/airflow/.local/lib/python3.12/site-packages/airflow/models/dagbag.py", line 383, in parse
    loader.exec_module(new_module)
  File "<frozen importlib._bootstrap_external>", line 999, in exec_module
  File "<frozen importlib._bootstrap>", line 488, in _call_with_frames_removed
  File "/opt/airflow/dags/main.py", line 21, in <module>
    from consumer import consume_orders
ModuleNotFoundError: No module named 'consumer'
[2026-04-26T14:59:18.841+0000] {processor.py:927} WARNING - No viable dags retrieved from /opt/airflow/dags/main.py
[2026-04-26T14:59:18.907+0000] {processor.py:208} INFO - Processing /opt/airflow/dags/main.py took 0.163 seconds
[2026-04-26T14:59:49.160+0000] {processor.py:186} INFO - Started process (PID=4577) to work on /opt/airflow/dags/main.py
[2026-04-26T14:59:49.162+0000] {processor.py:914} INFO - Processing file /opt/airflow/dags/main.py for tasks to queue
[2026-04-26T14:59:49.168+0000] {logging_mixin.py:190} INFO - [2026-04-26T14:59:49.168+0000] {dagbag.py:588} INFO - Filling up the DagBag from /opt/airflow/dags/main.py
[2026-04-26T14:59:49.205+0000] {logging_mixin.py:190} INFO - [2026-04-26T14:59:49.197+0000] {dagbag.py:387} ERROR - Failed to import: /opt/airflow/dags/main.py
Traceback (most recent call last):
  File "/home/airflow/.local/lib/python3.12/site-packages/airflow/models/dagbag.py", line 383, in parse
    loader.exec_module(new_module)
  File "<frozen importlib._bootstrap_external>", line 999, in exec_module
  File "<frozen importlib._bootstrap>", line 488, in _call_with_frames_removed
  File "/opt/airflow/dags/main.py", line 21, in <module>
    from consumer import consume_orders
ModuleNotFoundError: No module named 'consumer'
[2026-04-26T14:59:49.208+0000] {processor.py:927} WARNING - No viable dags retrieved from /opt/airflow/dags/main.py
[2026-04-26T14:59:49.243+0000] {processor.py:208} INFO - Processing /opt/airflow/dags/main.py took 0.094 seconds
[2026-04-26T15:00:19.374+0000] {processor.py:186} INFO - Started process (PID=4584) to work on /opt/airflow/dags/main.py
[2026-04-26T15:00:19.376+0000] {processor.py:914} INFO - Processing file /opt/airflow/dags/main.py for tasks to queue
[2026-04-26T15:00:19.382+0000] {logging_mixin.py:190} INFO - [2026-04-26T15:00:19.382+0000] {dagbag.py:588} INFO - Filling up the DagBag from /opt/airflow/dags/main.py
[2026-04-26T15:00:19.421+0000] {logging_mixin.py:190} INFO - [2026-04-26T15:00:19.414+0000] {dagbag.py:387} ERROR - Failed to import: /opt/airflow/dags/main.py
Traceback (most recent call last):
  File "/home/airflow/.local/lib/python3.12/site-packages/airflow/models/dagbag.py", line 383, in parse
    loader.exec_module(new_module)
  File "<frozen importlib._bootstrap_external>", line 999, in exec_module
  File "<frozen importlib._bootstrap>", line 488, in _call_with_frames_removed
  File "/opt/airflow/dags/main.py", line 21, in <module>
    from consumer import consume_orders
ModuleNotFoundError: No module named 'consumer'
[2026-04-26T15:00:19.424+0000] {processor.py:927} WARNING - No viable dags retrieved from /opt/airflow/dags/main.py
[2026-04-26T15:00:19.461+0000] {processor.py:208} INFO - Processing /opt/airflow/dags/main.py took 0.108 seconds
[2026-04-26T15:00:49.539+0000] {processor.py:186} INFO - Started process (PID=4591) to work on /opt/airflow/dags/main.py
[2026-04-26T15:00:49.541+0000] {processor.py:914} INFO - Processing file /opt/airflow/dags/main.py for tasks to queue
[2026-04-26T15:00:49.546+0000] {logging_mixin.py:190} INFO - [2026-04-26T15:00:49.545+0000] {dagbag.py:588} INFO - Filling up the DagBag from /opt/airflow/dags/main.py
[2026-04-26T15:00:49.575+0000] {logging_mixin.py:190} INFO - [2026-04-26T15:00:49.569+0000] {dagbag.py:387} ERROR - Failed to import: /opt/airflow/dags/main.py
Traceback (most recent call last):
  File "/home/airflow/.local/lib/python3.12/site-packages/airflow/models/dagbag.py", line 383, in parse
    loader.exec_module(new_module)
  File "<frozen importlib._bootstrap_external>", line 999, in exec_module
  File "<frozen importlib._bootstrap>", line 488, in _call_with_frames_removed
  File "/opt/airflow/dags/main.py", line 21, in <module>
    from consumer import consume_orders
ModuleNotFoundError: No module named 'consumer'
[2026-04-26T15:00:49.576+0000] {processor.py:927} WARNING - No viable dags retrieved from /opt/airflow/dags/main.py
[2026-04-26T15:00:49.608+0000] {processor.py:208} INFO - Processing /opt/airflow/dags/main.py took 0.077 seconds
[2026-04-26T15:01:20.612+0000] {processor.py:186} INFO - Started process (PID=4598) to work on /opt/airflow/dags/main.py
[2026-04-26T15:01:20.613+0000] {processor.py:914} INFO - Processing file /opt/airflow/dags/main.py for tasks to queue
[2026-04-26T15:01:20.618+0000] {logging_mixin.py:190} INFO - [2026-04-26T15:01:20.617+0000] {dagbag.py:588} INFO - Filling up the DagBag from /opt/airflow/dags/main.py
[2026-04-26T15:01:20.650+0000] {logging_mixin.py:190} INFO - [2026-04-26T15:01:20.643+0000] {dagbag.py:387} ERROR - Failed to import: /opt/airflow/dags/main.py
Traceback (most recent call last):
  File "/home/airflow/.local/lib/python3.12/site-packages/airflow/models/dagbag.py", line 383, in parse
    loader.exec_module(new_module)
  File "<frozen importlib._bootstrap_external>", line 999, in exec_module
  File "<frozen importlib._bootstrap>", line 488, in _call_with_frames_removed
  File "/opt/airflow/dags/main.py", line 21, in <module>
    from consumer import consume_orders
ModuleNotFoundError: No module named 'consumer'
[2026-04-26T15:01:20.653+0000] {processor.py:927} WARNING - No viable dags retrieved from /opt/airflow/dags/main.py
[2026-04-26T15:01:20.687+0000] {processor.py:208} INFO - Processing /opt/airflow/dags/main.py took 0.085 seconds
[2026-04-26T15:01:50.749+0000] {processor.py:186} INFO - Started process (PID=4604) to work on /opt/airflow/dags/main.py
[2026-04-26T15:01:50.751+0000] {processor.py:914} INFO - Processing file /opt/airflow/dags/main.py for tasks to queue
[2026-04-26T15:01:50.755+0000] {logging_mixin.py:190} INFO - [2026-04-26T15:01:50.755+0000] {dagbag.py:588} INFO - Filling up the DagBag from /opt/airflow/dags/main.py
[2026-04-26T15:01:50.782+0000] {logging_mixin.py:190} INFO - [2026-04-26T15:01:50.776+0000] {dagbag.py:387} ERROR - Failed to import: /opt/airflow/dags/main.py
Traceback (most recent call last):
  File "/home/airflow/.local/lib/python3.12/site-packages/airflow/models/dagbag.py", line 383, in parse
    loader.exec_module(new_module)
  File "<frozen importlib._bootstrap_external>", line 999, in exec_module
  File "<frozen importlib._bootstrap>", line 488, in _call_with_frames_removed
  File "/opt/airflow/dags/main.py", line 21, in <module>
    from consumer import consume_orders
ModuleNotFoundError: No module named 'consumer'
[2026-04-26T15:01:50.784+0000] {processor.py:927} WARNING - No viable dags retrieved from /opt/airflow/dags/main.py
[2026-04-26T15:01:50.814+0000] {processor.py:208} INFO - Processing /opt/airflow/dags/main.py took 0.073 seconds
[2026-04-26T15:02:20.873+0000] {processor.py:186} INFO - Started process (PID=4611) to work on /opt/airflow/dags/main.py
[2026-04-26T15:02:20.875+0000] {processor.py:914} INFO - Processing file /opt/airflow/dags/main.py for tasks to queue
[2026-04-26T15:02:20.881+0000] {logging_mixin.py:190} INFO - [2026-04-26T15:02:20.880+0000] {dagbag.py:588} INFO - Filling up the DagBag from /opt/airflow/dags/main.py
[2026-04-26T15:02:20.912+0000] {logging_mixin.py:190} INFO - [2026-04-26T15:02:20.905+0000] {dagbag.py:387} ERROR - Failed to import: /opt/airflow/dags/main.py
Traceback (most recent call last):
  File "/home/airflow/.local/lib/python3.12/site-packages/airflow/models/dagbag.py", line 383, in parse
    loader.exec_module(new_module)
  File "<frozen importlib._bootstrap_external>", line 999, in exec_module
  File "<frozen importlib._bootstrap>", line 488, in _call_with_frames_removed
  File "/opt/airflow/dags/main.py", line 21, in <module>
    from consumer import consume_orders
ModuleNotFoundError: No module named 'consumer'
[2026-04-26T15:02:20.915+0000] {processor.py:927} WARNING - No viable dags retrieved from /opt/airflow/dags/main.py
[2026-04-26T15:02:20.947+0000] {processor.py:208} INFO - Processing /opt/airflow/dags/main.py took 0.083 seconds
[2026-04-26T15:02:51.060+0000] {processor.py:186} INFO - Started process (PID=4618) to work on /opt/airflow/dags/main.py
[2026-04-26T15:02:51.061+0000] {processor.py:914} INFO - Processing file /opt/airflow/dags/main.py for tasks to queue
[2026-04-26T15:02:51.071+0000] {logging_mixin.py:190} INFO - [2026-04-26T15:02:51.070+0000] {dagbag.py:588} INFO - Filling up the DagBag from /opt/airflow/dags/main.py
[2026-04-26T15:02:51.097+0000] {logging_mixin.py:190} INFO - [2026-04-26T15:02:51.092+0000] {dagbag.py:387} ERROR - Failed to import: /opt/airflow/dags/main.py
Traceback (most recent call last):
  File "/home/airflow/.local/lib/python3.12/site-packages/airflow/models/dagbag.py", line 383, in parse
    loader.exec_module(new_module)
  File "<frozen importlib._bootstrap_external>", line 999, in exec_module
  File "<frozen importlib._bootstrap>", line 488, in _call_with_frames_removed
  File "/opt/airflow/dags/main.py", line 21, in <module>
    from consumer import consume_orders
ModuleNotFoundError: No module named 'consumer'
[2026-04-26T15:02:51.099+0000] {processor.py:927} WARNING - No viable dags retrieved from /opt/airflow/dags/main.py
[2026-04-26T15:02:51.124+0000] {processor.py:208} INFO - Processing /opt/airflow/dags/main.py took 0.073 seconds
[2026-04-26T15:03:21.194+0000] {processor.py:186} INFO - Started process (PID=4625) to work on /opt/airflow/dags/main.py
[2026-04-26T15:03:21.196+0000] {processor.py:914} INFO - Processing file /opt/airflow/dags/main.py for tasks to queue
[2026-04-26T15:03:21.206+0000] {logging_mixin.py:190} INFO - [2026-04-26T15:03:21.205+0000] {dagbag.py:588} INFO - Filling up the DagBag from /opt/airflow/dags/main.py
[2026-04-26T15:03:21.244+0000] {logging_mixin.py:190} INFO - [2026-04-26T15:03:21.235+0000] {dagbag.py:387} ERROR - Failed to import: /opt/airflow/dags/main.py
Traceback (most recent call last):
  File "/home/airflow/.local/lib/python3.12/site-packages/airflow/models/dagbag.py", line 383, in parse
    loader.exec_module(new_module)
  File "<frozen importlib._bootstrap_external>", line 999, in exec_module
  File "<frozen importlib._bootstrap>", line 488, in _call_with_frames_removed
  File "/opt/airflow/dags/main.py", line 21, in <module>
    from consumer import consume_orders
ModuleNotFoundError: No module named 'consumer'
[2026-04-26T15:03:21.247+0000] {processor.py:927} WARNING - No viable dags retrieved from /opt/airflow/dags/main.py
[2026-04-26T15:03:21.283+0000] {processor.py:208} INFO - Processing /opt/airflow/dags/main.py took 0.101 seconds
[2026-04-26T15:03:51.475+0000] {processor.py:186} INFO - Started process (PID=4632) to work on /opt/airflow/dags/main.py
[2026-04-26T15:03:51.477+0000] {processor.py:914} INFO - Processing file /opt/airflow/dags/main.py for tasks to queue
[2026-04-26T15:03:51.481+0000] {logging_mixin.py:190} INFO - [2026-04-26T15:03:51.481+0000] {dagbag.py:588} INFO - Filling up the DagBag from /opt/airflow/dags/main.py
[2026-04-26T15:03:51.508+0000] {logging_mixin.py:190} INFO - [2026-04-26T15:03:51.503+0000] {dagbag.py:387} ERROR - Failed to import: /opt/airflow/dags/main.py
Traceback (most recent call last):
  File "/home/airflow/.local/lib/python3.12/site-packages/airflow/models/dagbag.py", line 383, in parse
    loader.exec_module(new_module)
  File "<frozen importlib._bootstrap_external>", line 999, in exec_module
  File "<frozen importlib._bootstrap>", line 488, in _call_with_frames_removed
  File "/opt/airflow/dags/main.py", line 21, in <module>
    from consumer import consume_orders
ModuleNotFoundError: No module named 'consumer'
[2026-04-26T15:03:51.510+0000] {processor.py:927} WARNING - No viable dags retrieved from /opt/airflow/dags/main.py
[2026-04-26T15:03:51.543+0000] {processor.py:208} INFO - Processing /opt/airflow/dags/main.py took 0.076 seconds
[2026-04-26T15:04:22.575+0000] {processor.py:186} INFO - Started process (PID=4639) to work on /opt/airflow/dags/main.py
[2026-04-26T15:04:22.577+0000] {processor.py:914} INFO - Processing file /opt/airflow/dags/main.py for tasks to queue
[2026-04-26T15:04:22.580+0000] {logging_mixin.py:190} INFO - [2026-04-26T15:04:22.580+0000] {dagbag.py:588} INFO - Filling up the DagBag from /opt/airflow/dags/main.py
[2026-04-26T15:04:22.612+0000] {logging_mixin.py:190} INFO - [2026-04-26T15:04:22.604+0000] {dagbag.py:387} ERROR - Failed to import: /opt/airflow/dags/main.py
Traceback (most recent call last):
  File "/home/airflow/.local/lib/python3.12/site-packages/airflow/models/dagbag.py", line 383, in parse
    loader.exec_module(new_module)
  File "<frozen importlib._bootstrap_external>", line 999, in exec_module
  File "<frozen importlib._bootstrap>", line 488, in _call_with_frames_removed
  File "/opt/airflow/dags/main.py", line 21, in <module>
    from consumer import consume_orders
ModuleNotFoundError: No module named 'consumer'
[2026-04-26T15:04:22.614+0000] {processor.py:927} WARNING - No viable dags retrieved from /opt/airflow/dags/main.py
[2026-04-26T15:04:22.642+0000] {processor.py:208} INFO - Processing /opt/airflow/dags/main.py took 0.074 seconds
[2026-04-26T15:04:52.705+0000] {processor.py:186} INFO - Started process (PID=4646) to work on /opt/airflow/dags/main.py
[2026-04-26T15:04:52.707+0000] {processor.py:914} INFO - Processing file /opt/airflow/dags/main.py for tasks to queue
[2026-04-26T15:04:52.711+0000] {logging_mixin.py:190} INFO - [2026-04-26T15:04:52.710+0000] {dagbag.py:588} INFO - Filling up the DagBag from /opt/airflow/dags/main.py
[2026-04-26T15:04:52.736+0000] {logging_mixin.py:190} INFO - [2026-04-26T15:04:52.730+0000] {dagbag.py:387} ERROR - Failed to import: /opt/airflow/dags/main.py
Traceback (most recent call last):
  File "/home/airflow/.local/lib/python3.12/site-packages/airflow/models/dagbag.py", line 383, in parse
    loader.exec_module(new_module)
  File "<frozen importlib._bootstrap_external>", line 999, in exec_module
  File "<frozen importlib._bootstrap>", line 488, in _call_with_frames_removed
  File "/opt/airflow/dags/main.py", line 21, in <module>
    from consumer import consume_orders
ModuleNotFoundError: No module named 'consumer'
[2026-04-26T15:04:52.738+0000] {processor.py:927} WARNING - No viable dags retrieved from /opt/airflow/dags/main.py
[2026-04-26T15:04:52.774+0000] {processor.py:208} INFO - Processing /opt/airflow/dags/main.py took 0.076 seconds
[2026-04-26T15:05:22.888+0000] {processor.py:186} INFO - Started process (PID=4653) to work on /opt/airflow/dags/main.py
[2026-04-26T15:05:22.889+0000] {processor.py:914} INFO - Processing file /opt/airflow/dags/main.py for tasks to queue
[2026-04-26T15:05:22.894+0000] {logging_mixin.py:190} INFO - [2026-04-26T15:05:22.894+0000] {dagbag.py:588} INFO - Filling up the DagBag from /opt/airflow/dags/main.py
[2026-04-26T15:05:22.932+0000] {logging_mixin.py:190} INFO - [2026-04-26T15:05:22.924+0000] {dagbag.py:387} ERROR - Failed to import: /opt/airflow/dags/main.py
Traceback (most recent call last):
  File "/home/airflow/.local/lib/python3.12/site-packages/airflow/models/dagbag.py", line 383, in parse
    loader.exec_module(new_module)
  File "<frozen importlib._bootstrap_external>", line 999, in exec_module
  File "<frozen importlib._bootstrap>", line 488, in _call_with_frames_removed
  File "/opt/airflow/dags/main.py", line 21, in <module>
    from consumer import consume_orders
ModuleNotFoundError: No module named 'consumer'
[2026-04-26T15:05:22.937+0000] {processor.py:927} WARNING - No viable dags retrieved from /opt/airflow/dags/main.py
[2026-04-26T15:05:22.974+0000] {processor.py:208} INFO - Processing /opt/airflow/dags/main.py took 0.101 seconds
[2026-04-26T15:05:53.099+0000] {processor.py:186} INFO - Started process (PID=4654) to work on /opt/airflow/dags/main.py
[2026-04-26T15:05:53.101+0000] {processor.py:914} INFO - Processing file /opt/airflow/dags/main.py for tasks to queue
[2026-04-26T15:05:53.105+0000] {logging_mixin.py:190} INFO - [2026-04-26T15:05:53.105+0000] {dagbag.py:588} INFO - Filling up the DagBag from /opt/airflow/dags/main.py
[2026-04-26T15:05:53.135+0000] {logging_mixin.py:190} INFO - [2026-04-26T15:05:53.129+0000] {dagbag.py:387} ERROR - Failed to import: /opt/airflow/dags/main.py
Traceback (most recent call last):
  File "/home/airflow/.local/lib/python3.12/site-packages/airflow/models/dagbag.py", line 383, in parse
    loader.exec_module(new_module)
  File "<frozen importlib._bootstrap_external>", line 999, in exec_module
  File "<frozen importlib._bootstrap>", line 488, in _call_with_frames_removed
  File "/opt/airflow/dags/main.py", line 21, in <module>
    from consumer import consume_orders
ModuleNotFoundError: No module named 'consumer'
[2026-04-26T15:05:53.138+0000] {processor.py:927} WARNING - No viable dags retrieved from /opt/airflow/dags/main.py
[2026-04-26T15:05:53.174+0000] {processor.py:208} INFO - Processing /opt/airflow/dags/main.py took 0.084 seconds
[2026-04-26T15:06:23.361+0000] {processor.py:186} INFO - Started process (PID=4661) to work on /opt/airflow/dags/main.py
[2026-04-26T15:06:23.365+0000] {processor.py:914} INFO - Processing file /opt/airflow/dags/main.py for tasks to queue
[2026-04-26T15:06:23.372+0000] {logging_mixin.py:190} INFO - [2026-04-26T15:06:23.371+0000] {dagbag.py:588} INFO - Filling up the DagBag from /opt/airflow/dags/main.py
[2026-04-26T15:06:23.436+0000] {logging_mixin.py:190} INFO - [2026-04-26T15:06:23.424+0000] {dagbag.py:387} ERROR - Failed to import: /opt/airflow/dags/main.py
Traceback (most recent call last):
  File "/home/airflow/.local/lib/python3.12/site-packages/airflow/models/dagbag.py", line 383, in parse
    loader.exec_module(new_module)
  File "<frozen importlib._bootstrap_external>", line 999, in exec_module
  File "<frozen importlib._bootstrap>", line 488, in _call_with_frames_removed
  File "/opt/airflow/dags/main.py", line 21, in <module>
    from consumer import consume_orders
ModuleNotFoundError: No module named 'consumer'
[2026-04-26T15:06:23.439+0000] {processor.py:927} WARNING - No viable dags retrieved from /opt/airflow/dags/main.py
[2026-04-26T15:06:23.499+0000] {processor.py:208} INFO - Processing /opt/airflow/dags/main.py took 0.157 seconds
[2026-04-26T15:06:53.697+0000] {processor.py:186} INFO - Started process (PID=4667) to work on /opt/airflow/dags/main.py
[2026-04-26T15:06:53.705+0000] {processor.py:914} INFO - Processing file /opt/airflow/dags/main.py for tasks to queue
[2026-04-26T15:06:53.711+0000] {logging_mixin.py:190} INFO - [2026-04-26T15:06:53.711+0000] {dagbag.py:588} INFO - Filling up the DagBag from /opt/airflow/dags/main.py
[2026-04-26T15:06:53.761+0000] {logging_mixin.py:190} INFO - [2026-04-26T15:06:53.752+0000] {dagbag.py:387} ERROR - Failed to import: /opt/airflow/dags/main.py
Traceback (most recent call last):
  File "/home/airflow/.local/lib/python3.12/site-packages/airflow/models/dagbag.py", line 383, in parse
    loader.exec_module(new_module)
  File "<frozen importlib._bootstrap_external>", line 999, in exec_module
  File "<frozen importlib._bootstrap>", line 488, in _call_with_frames_removed
  File "/opt/airflow/dags/main.py", line 21, in <module>
    from consumer import consume_orders
ModuleNotFoundError: No module named 'consumer'
[2026-04-26T15:06:53.765+0000] {processor.py:927} WARNING - No viable dags retrieved from /opt/airflow/dags/main.py
[2026-04-26T15:06:53.805+0000] {processor.py:208} INFO - Processing /opt/airflow/dags/main.py took 0.122 seconds
[2026-04-26T15:07:24.102+0000] {processor.py:186} INFO - Started process (PID=4674) to work on /opt/airflow/dags/main.py
[2026-04-26T15:07:24.105+0000] {processor.py:914} INFO - Processing file /opt/airflow/dags/main.py for tasks to queue
[2026-04-26T15:07:24.114+0000] {logging_mixin.py:190} INFO - [2026-04-26T15:07:24.112+0000] {dagbag.py:588} INFO - Filling up the DagBag from /opt/airflow/dags/main.py
[2026-04-26T15:07:24.160+0000] {logging_mixin.py:190} INFO - [2026-04-26T15:07:24.149+0000] {dagbag.py:387} ERROR - Failed to import: /opt/airflow/dags/main.py
Traceback (most recent call last):
  File "/home/airflow/.local/lib/python3.12/site-packages/airflow/models/dagbag.py", line 383, in parse
    loader.exec_module(new_module)
  File "<frozen importlib._bootstrap_external>", line 999, in exec_module
  File "<frozen importlib._bootstrap>", line 488, in _call_with_frames_removed
  File "/opt/airflow/dags/main.py", line 21, in <module>
    from consumer import consume_orders
ModuleNotFoundError: No module named 'consumer'
[2026-04-26T15:07:24.164+0000] {processor.py:927} WARNING - No viable dags retrieved from /opt/airflow/dags/main.py
[2026-04-26T15:07:24.222+0000] {processor.py:208} INFO - Processing /opt/airflow/dags/main.py took 0.140 seconds
[2026-04-26T15:07:54.589+0000] {processor.py:186} INFO - Started process (PID=4681) to work on /opt/airflow/dags/main.py
[2026-04-26T15:07:54.601+0000] {processor.py:914} INFO - Processing file /opt/airflow/dags/main.py for tasks to queue
[2026-04-26T15:07:54.622+0000] {logging_mixin.py:190} INFO - [2026-04-26T15:07:54.621+0000] {dagbag.py:588} INFO - Filling up the DagBag from /opt/airflow/dags/main.py
[2026-04-26T15:07:54.696+0000] {logging_mixin.py:190} INFO - [2026-04-26T15:07:54.680+0000] {dagbag.py:387} ERROR - Failed to import: /opt/airflow/dags/main.py
Traceback (most recent call last):
  File "/home/airflow/.local/lib/python3.12/site-packages/airflow/models/dagbag.py", line 383, in parse
    loader.exec_module(new_module)
  File "<frozen importlib._bootstrap_external>", line 999, in exec_module
  File "<frozen importlib._bootstrap>", line 488, in _call_with_frames_removed
  File "/opt/airflow/dags/main.py", line 21, in <module>
    from consumer import consume_orders
ModuleNotFoundError: No module named 'consumer'
[2026-04-26T15:07:54.701+0000] {processor.py:927} WARNING - No viable dags retrieved from /opt/airflow/dags/main.py
[2026-04-26T15:07:54.784+0000] {processor.py:208} INFO - Processing /opt/airflow/dags/main.py took 0.242 seconds
[2026-04-26T15:08:24.952+0000] {processor.py:186} INFO - Started process (PID=4689) to work on /opt/airflow/dags/main.py
[2026-04-26T15:08:24.956+0000] {processor.py:914} INFO - Processing file /opt/airflow/dags/main.py for tasks to queue
[2026-04-26T15:08:24.968+0000] {logging_mixin.py:190} INFO - [2026-04-26T15:08:24.967+0000] {dagbag.py:588} INFO - Filling up the DagBag from /opt/airflow/dags/main.py
[2026-04-26T15:08:25.028+0000] {logging_mixin.py:190} INFO - [2026-04-26T15:08:25.015+0000] {dagbag.py:387} ERROR - Failed to import: /opt/airflow/dags/main.py
Traceback (most recent call last):
  File "/home/airflow/.local/lib/python3.12/site-packages/airflow/models/dagbag.py", line 383, in parse
    loader.exec_module(new_module)
  File "<frozen importlib._bootstrap_external>", line 999, in exec_module
  File "<frozen importlib._bootstrap>", line 488, in _call_with_frames_removed
  File "/opt/airflow/dags/main.py", line 21, in <module>
    from consumer import consume_orders
ModuleNotFoundError: No module named 'consumer'
[2026-04-26T15:08:25.036+0000] {processor.py:927} WARNING - No viable dags retrieved from /opt/airflow/dags/main.py
[2026-04-26T15:08:25.091+0000] {processor.py:208} INFO - Processing /opt/airflow/dags/main.py took 0.160 seconds
[2026-04-26T15:08:55.263+0000] {processor.py:186} INFO - Started process (PID=4697) to work on /opt/airflow/dags/main.py
[2026-04-26T15:08:55.269+0000] {processor.py:914} INFO - Processing file /opt/airflow/dags/main.py for tasks to queue
[2026-04-26T15:08:55.279+0000] {logging_mixin.py:190} INFO - [2026-04-26T15:08:55.277+0000] {dagbag.py:588} INFO - Filling up the DagBag from /opt/airflow/dags/main.py
[2026-04-26T15:08:55.361+0000] {logging_mixin.py:190} INFO - [2026-04-26T15:08:55.348+0000] {dagbag.py:387} ERROR - Failed to import: /opt/airflow/dags/main.py
Traceback (most recent call last):
  File "/home/airflow/.local/lib/python3.12/site-packages/airflow/models/dagbag.py", line 383, in parse
    loader.exec_module(new_module)
  File "<frozen importlib._bootstrap_external>", line 999, in exec_module
  File "<frozen importlib._bootstrap>", line 488, in _call_with_frames_removed
  File "/opt/airflow/dags/main.py", line 21, in <module>
    from consumer import consume_orders
ModuleNotFoundError: No module named 'consumer'
[2026-04-26T15:08:55.365+0000] {processor.py:927} WARNING - No viable dags retrieved from /opt/airflow/dags/main.py
[2026-04-26T15:08:55.428+0000] {processor.py:208} INFO - Processing /opt/airflow/dags/main.py took 0.185 seconds
[2026-04-26T15:09:25.724+0000] {processor.py:186} INFO - Started process (PID=4704) to work on /opt/airflow/dags/main.py
[2026-04-26T15:09:25.726+0000] {processor.py:914} INFO - Processing file /opt/airflow/dags/main.py for tasks to queue
[2026-04-26T15:09:25.732+0000] {logging_mixin.py:190} INFO - [2026-04-26T15:09:25.731+0000] {dagbag.py:588} INFO - Filling up the DagBag from /opt/airflow/dags/main.py
[2026-04-26T15:09:25.792+0000] {logging_mixin.py:190} INFO - [2026-04-26T15:09:25.776+0000] {dagbag.py:387} ERROR - Failed to import: /opt/airflow/dags/main.py
Traceback (most recent call last):
  File "/home/airflow/.local/lib/python3.12/site-packages/airflow/models/dagbag.py", line 383, in parse
    loader.exec_module(new_module)
  File "<frozen importlib._bootstrap_external>", line 999, in exec_module
  File "<frozen importlib._bootstrap>", line 488, in _call_with_frames_removed
  File "/opt/airflow/dags/main.py", line 21, in <module>
    from consumer import consume_orders
ModuleNotFoundError: No module named 'consumer'
[2026-04-26T15:09:25.800+0000] {processor.py:927} WARNING - No viable dags retrieved from /opt/airflow/dags/main.py
[2026-04-26T15:09:25.887+0000] {processor.py:208} INFO - Processing /opt/airflow/dags/main.py took 0.179 seconds
[2026-04-26T15:09:56.076+0000] {processor.py:186} INFO - Started process (PID=4711) to work on /opt/airflow/dags/main.py
[2026-04-26T15:09:56.082+0000] {processor.py:914} INFO - Processing file /opt/airflow/dags/main.py for tasks to queue
[2026-04-26T15:09:56.092+0000] {logging_mixin.py:190} INFO - [2026-04-26T15:09:56.090+0000] {dagbag.py:588} INFO - Filling up the DagBag from /opt/airflow/dags/main.py
[2026-04-26T15:09:56.139+0000] {logging_mixin.py:190} INFO - [2026-04-26T15:09:56.128+0000] {dagbag.py:387} ERROR - Failed to import: /opt/airflow/dags/main.py
Traceback (most recent call last):
  File "/home/airflow/.local/lib/python3.12/site-packages/airflow/models/dagbag.py", line 383, in parse
    loader.exec_module(new_module)
  File "<frozen importlib._bootstrap_external>", line 999, in exec_module
  File "<frozen importlib._bootstrap>", line 488, in _call_with_frames_removed
  File "/opt/airflow/dags/main.py", line 21, in <module>
    from consumer import consume_orders
ModuleNotFoundError: No module named 'consumer'
[2026-04-26T15:09:56.148+0000] {processor.py:927} WARNING - No viable dags retrieved from /opt/airflow/dags/main.py
[2026-04-26T15:09:56.218+0000] {processor.py:208} INFO - Processing /opt/airflow/dags/main.py took 0.160 seconds
[2026-04-26T15:10:26.677+0000] {processor.py:186} INFO - Started process (PID=4718) to work on /opt/airflow/dags/main.py
[2026-04-26T15:10:26.679+0000] {processor.py:914} INFO - Processing file /opt/airflow/dags/main.py for tasks to queue
[2026-04-26T15:10:26.687+0000] {logging_mixin.py:190} INFO - [2026-04-26T15:10:26.684+0000] {dagbag.py:588} INFO - Filling up the DagBag from /opt/airflow/dags/main.py
[2026-04-26T15:10:26.728+0000] {logging_mixin.py:190} INFO - [2026-04-26T15:10:26.719+0000] {dagbag.py:387} ERROR - Failed to import: /opt/airflow/dags/main.py
Traceback (most recent call last):
  File "/home/airflow/.local/lib/python3.12/site-packages/airflow/models/dagbag.py", line 383, in parse
    loader.exec_module(new_module)
  File "<frozen importlib._bootstrap_external>", line 999, in exec_module
  File "<frozen importlib._bootstrap>", line 488, in _call_with_frames_removed
  File "/opt/airflow/dags/main.py", line 21, in <module>
    from consumer import consume_orders
ModuleNotFoundError: No module named 'consumer'
[2026-04-26T15:10:26.732+0000] {processor.py:927} WARNING - No viable dags retrieved from /opt/airflow/dags/main.py
[2026-04-26T15:10:26.776+0000] {processor.py:208} INFO - Processing /opt/airflow/dags/main.py took 0.116 seconds
[2026-04-26T15:10:57.767+0000] {processor.py:186} INFO - Started process (PID=4725) to work on /opt/airflow/dags/main.py
[2026-04-26T15:10:57.770+0000] {processor.py:914} INFO - Processing file /opt/airflow/dags/main.py for tasks to queue
[2026-04-26T15:10:57.777+0000] {logging_mixin.py:190} INFO - [2026-04-26T15:10:57.775+0000] {dagbag.py:588} INFO - Filling up the DagBag from /opt/airflow/dags/main.py
[2026-04-26T15:10:57.820+0000] {logging_mixin.py:190} INFO - [2026-04-26T15:10:57.811+0000] {dagbag.py:387} ERROR - Failed to import: /opt/airflow/dags/main.py
Traceback (most recent call last):
  File "/home/airflow/.local/lib/python3.12/site-packages/airflow/models/dagbag.py", line 383, in parse
    loader.exec_module(new_module)
  File "<frozen importlib._bootstrap_external>", line 999, in exec_module
  File "<frozen importlib._bootstrap>", line 488, in _call_with_frames_removed
  File "/opt/airflow/dags/main.py", line 21, in <module>
    from consumer import consume_orders
ModuleNotFoundError: No module named 'consumer'
[2026-04-26T15:10:57.823+0000] {processor.py:927} WARNING - No viable dags retrieved from /opt/airflow/dags/main.py
[2026-04-26T15:10:57.865+0000] {processor.py:208} INFO - Processing /opt/airflow/dags/main.py took 0.110 seconds
[2026-04-26T15:11:29.070+0000] {processor.py:186} INFO - Started process (PID=4733) to work on /opt/airflow/dags/main.py
[2026-04-26T15:11:29.073+0000] {processor.py:914} INFO - Processing file /opt/airflow/dags/main.py for tasks to queue
[2026-04-26T15:11:29.083+0000] {logging_mixin.py:190} INFO - [2026-04-26T15:11:29.082+0000] {dagbag.py:588} INFO - Filling up the DagBag from /opt/airflow/dags/main.py
[2026-04-26T15:11:29.122+0000] {logging_mixin.py:190} INFO - [2026-04-26T15:11:29.115+0000] {dagbag.py:387} ERROR - Failed to import: /opt/airflow/dags/main.py
Traceback (most recent call last):
  File "/home/airflow/.local/lib/python3.12/site-packages/airflow/models/dagbag.py", line 383, in parse
    loader.exec_module(new_module)
  File "<frozen importlib._bootstrap_external>", line 999, in exec_module
  File "<frozen importlib._bootstrap>", line 488, in _call_with_frames_removed
  File "/opt/airflow/dags/main.py", line 21, in <module>
    from consumer import consume_orders
ModuleNotFoundError: No module named 'consumer'
[2026-04-26T15:11:29.125+0000] {processor.py:927} WARNING - No viable dags retrieved from /opt/airflow/dags/main.py
[2026-04-26T15:11:29.173+0000] {processor.py:208} INFO - Processing /opt/airflow/dags/main.py took 0.124 seconds
[2026-04-26T15:12:01.351+0000] {processor.py:186} INFO - Started process (PID=4740) to work on /opt/airflow/dags/main.py
[2026-04-26T15:12:01.356+0000] {processor.py:914} INFO - Processing file /opt/airflow/dags/main.py for tasks to queue
[2026-04-26T15:12:01.373+0000] {logging_mixin.py:190} INFO - [2026-04-26T15:12:01.372+0000] {dagbag.py:588} INFO - Filling up the DagBag from /opt/airflow/dags/main.py
[2026-04-26T15:12:01.450+0000] {logging_mixin.py:190} INFO - [2026-04-26T15:12:01.418+0000] {dagbag.py:387} ERROR - Failed to import: /opt/airflow/dags/main.py
Traceback (most recent call last):
  File "/home/airflow/.local/lib/python3.12/site-packages/airflow/models/dagbag.py", line 383, in parse
    loader.exec_module(new_module)
  File "<frozen importlib._bootstrap_external>", line 999, in exec_module
  File "<frozen importlib._bootstrap>", line 488, in _call_with_frames_removed
  File "/opt/airflow/dags/main.py", line 21, in <module>
    from consumer import consume_orders
ModuleNotFoundError: No module named 'consumer'
[2026-04-26T15:12:01.457+0000] {processor.py:927} WARNING - No viable dags retrieved from /opt/airflow/dags/main.py
[2026-04-26T15:12:01.545+0000] {processor.py:208} INFO - Processing /opt/airflow/dags/main.py took 0.233 seconds
[2026-04-26T15:12:32.849+0000] {processor.py:186} INFO - Started process (PID=4747) to work on /opt/airflow/dags/main.py
[2026-04-26T15:12:32.854+0000] {processor.py:914} INFO - Processing file /opt/airflow/dags/main.py for tasks to queue
[2026-04-26T15:12:32.873+0000] {logging_mixin.py:190} INFO - [2026-04-26T15:12:32.871+0000] {dagbag.py:588} INFO - Filling up the DagBag from /opt/airflow/dags/main.py
[2026-04-26T15:12:32.959+0000] {logging_mixin.py:190} INFO - [2026-04-26T15:12:32.948+0000] {dagbag.py:387} ERROR - Failed to import: /opt/airflow/dags/main.py
Traceback (most recent call last):
  File "/home/airflow/.local/lib/python3.12/site-packages/airflow/models/dagbag.py", line 383, in parse
    loader.exec_module(new_module)
  File "<frozen importlib._bootstrap_external>", line 999, in exec_module
  File "<frozen importlib._bootstrap>", line 488, in _call_with_frames_removed
  File "/opt/airflow/dags/main.py", line 21, in <module>
    from consumer import consume_orders
ModuleNotFoundError: No module named 'consumer'
[2026-04-26T15:12:32.965+0000] {processor.py:927} WARNING - No viable dags retrieved from /opt/airflow/dags/main.py
[2026-04-26T15:12:33.036+0000] {processor.py:208} INFO - Processing /opt/airflow/dags/main.py took 0.220 seconds
[2026-04-26T15:13:05.190+0000] {processor.py:186} INFO - Started process (PID=4754) to work on /opt/airflow/dags/main.py
[2026-04-26T15:13:05.194+0000] {processor.py:914} INFO - Processing file /opt/airflow/dags/main.py for tasks to queue
[2026-04-26T15:13:05.209+0000] {logging_mixin.py:190} INFO - [2026-04-26T15:13:05.207+0000] {dagbag.py:588} INFO - Filling up the DagBag from /opt/airflow/dags/main.py
[2026-04-26T15:13:05.265+0000] {logging_mixin.py:190} INFO - [2026-04-26T15:13:05.256+0000] {dagbag.py:387} ERROR - Failed to import: /opt/airflow/dags/main.py
Traceback (most recent call last):
  File "/home/airflow/.local/lib/python3.12/site-packages/airflow/models/dagbag.py", line 383, in parse
    loader.exec_module(new_module)
  File "<frozen importlib._bootstrap_external>", line 999, in exec_module
  File "<frozen importlib._bootstrap>", line 488, in _call_with_frames_removed
  File "/opt/airflow/dags/main.py", line 21, in <module>
    from consumer import consume_orders
ModuleNotFoundError: No module named 'consumer'
[2026-04-26T15:13:05.270+0000] {processor.py:927} WARNING - No viable dags retrieved from /opt/airflow/dags/main.py
[2026-04-26T15:13:05.326+0000] {processor.py:208} INFO - Processing /opt/airflow/dags/main.py took 0.161 seconds
[2026-04-26T15:13:36.547+0000] {processor.py:186} INFO - Started process (PID=4761) to work on /opt/airflow/dags/main.py
[2026-04-26T15:13:36.549+0000] {processor.py:914} INFO - Processing file /opt/airflow/dags/main.py for tasks to queue
[2026-04-26T15:13:36.561+0000] {logging_mixin.py:190} INFO - [2026-04-26T15:13:36.558+0000] {dagbag.py:588} INFO - Filling up the DagBag from /opt/airflow/dags/main.py
[2026-04-26T15:13:36.607+0000] {logging_mixin.py:190} INFO - [2026-04-26T15:13:36.598+0000] {dagbag.py:387} ERROR - Failed to import: /opt/airflow/dags/main.py
Traceback (most recent call last):
  File "/home/airflow/.local/lib/python3.12/site-packages/airflow/models/dagbag.py", line 383, in parse
    loader.exec_module(new_module)
  File "<frozen importlib._bootstrap_external>", line 999, in exec_module
  File "<frozen importlib._bootstrap>", line 488, in _call_with_frames_removed
  File "/opt/airflow/dags/main.py", line 21, in <module>
    from consumer import consume_orders
ModuleNotFoundError: No module named 'consumer'
[2026-04-26T15:13:36.611+0000] {processor.py:927} WARNING - No viable dags retrieved from /opt/airflow/dags/main.py
[2026-04-26T15:13:36.675+0000] {processor.py:208} INFO - Processing /opt/airflow/dags/main.py took 0.153 seconds
[2026-04-26T15:14:08.786+0000] {processor.py:186} INFO - Started process (PID=4768) to work on /opt/airflow/dags/main.py
[2026-04-26T15:14:08.789+0000] {processor.py:914} INFO - Processing file /opt/airflow/dags/main.py for tasks to queue
[2026-04-26T15:14:08.798+0000] {logging_mixin.py:190} INFO - [2026-04-26T15:14:08.797+0000] {dagbag.py:588} INFO - Filling up the DagBag from /opt/airflow/dags/main.py
[2026-04-26T15:14:08.852+0000] {logging_mixin.py:190} INFO - [2026-04-26T15:14:08.840+0000] {dagbag.py:387} ERROR - Failed to import: /opt/airflow/dags/main.py
Traceback (most recent call last):
  File "/home/airflow/.local/lib/python3.12/site-packages/airflow/models/dagbag.py", line 383, in parse
    loader.exec_module(new_module)
  File "<frozen importlib._bootstrap_external>", line 999, in exec_module
  File "<frozen importlib._bootstrap>", line 488, in _call_with_frames_removed
  File "/opt/airflow/dags/main.py", line 21, in <module>
    from consumer import consume_orders
ModuleNotFoundError: No module named 'consumer'
[2026-04-26T15:14:08.856+0000] {processor.py:927} WARNING - No viable dags retrieved from /opt/airflow/dags/main.py
[2026-04-26T15:14:08.917+0000] {processor.py:208} INFO - Processing /opt/airflow/dags/main.py took 0.155 seconds
[2026-04-26T15:14:40.062+0000] {processor.py:186} INFO - Started process (PID=4775) to work on /opt/airflow/dags/main.py
[2026-04-26T15:14:40.064+0000] {processor.py:914} INFO - Processing file /opt/airflow/dags/main.py for tasks to queue
[2026-04-26T15:14:40.069+0000] {logging_mixin.py:190} INFO - [2026-04-26T15:14:40.069+0000] {dagbag.py:588} INFO - Filling up the DagBag from /opt/airflow/dags/main.py
[2026-04-26T15:14:40.115+0000] {logging_mixin.py:190} INFO - [2026-04-26T15:14:40.106+0000] {dagbag.py:387} ERROR - Failed to import: /opt/airflow/dags/main.py
Traceback (most recent call last):
  File "/home/airflow/.local/lib/python3.12/site-packages/airflow/models/dagbag.py", line 383, in parse
    loader.exec_module(new_module)
  File "<frozen importlib._bootstrap_external>", line 999, in exec_module
  File "<frozen importlib._bootstrap>", line 488, in _call_with_frames_removed
  File "/opt/airflow/dags/main.py", line 21, in <module>
    from consumer import consume_orders
ModuleNotFoundError: No module named 'consumer'
[2026-04-26T15:14:40.118+0000] {processor.py:927} WARNING - No viable dags retrieved from /opt/airflow/dags/main.py
[2026-04-26T15:14:40.154+0000] {processor.py:208} INFO - Processing /opt/airflow/dags/main.py took 0.108 seconds
[2026-04-26T15:15:11.098+0000] {processor.py:186} INFO - Started process (PID=4782) to work on /opt/airflow/dags/main.py
[2026-04-26T15:15:11.100+0000] {processor.py:914} INFO - Processing file /opt/airflow/dags/main.py for tasks to queue
[2026-04-26T15:15:11.104+0000] {logging_mixin.py:190} INFO - [2026-04-26T15:15:11.104+0000] {dagbag.py:588} INFO - Filling up the DagBag from /opt/airflow/dags/main.py
[2026-04-26T15:15:11.143+0000] {logging_mixin.py:190} INFO - [2026-04-26T15:15:11.135+0000] {dagbag.py:387} ERROR - Failed to import: /opt/airflow/dags/main.py
Traceback (most recent call last):
  File "/home/airflow/.local/lib/python3.12/site-packages/airflow/models/dagbag.py", line 383, in parse
    loader.exec_module(new_module)
  File "<frozen importlib._bootstrap_external>", line 999, in exec_module
  File "<frozen importlib._bootstrap>", line 488, in _call_with_frames_removed
  File "/opt/airflow/dags/main.py", line 21, in <module>
    from consumer import consume_orders
ModuleNotFoundError: No module named 'consumer'
[2026-04-26T15:15:11.147+0000] {processor.py:927} WARNING - No viable dags retrieved from /opt/airflow/dags/main.py
[2026-04-26T15:15:11.184+0000] {processor.py:208} INFO - Processing /opt/airflow/dags/main.py took 0.099 seconds
[2026-04-26T15:15:41.459+0000] {processor.py:186} INFO - Started process (PID=4789) to work on /opt/airflow/dags/main.py
[2026-04-26T15:15:41.461+0000] {processor.py:914} INFO - Processing file /opt/airflow/dags/main.py for tasks to queue
[2026-04-26T15:15:41.468+0000] {logging_mixin.py:190} INFO - [2026-04-26T15:15:41.467+0000] {dagbag.py:588} INFO - Filling up the DagBag from /opt/airflow/dags/main.py
[2026-04-26T15:15:41.498+0000] {logging_mixin.py:190} INFO - [2026-04-26T15:15:41.493+0000] {dagbag.py:387} ERROR - Failed to import: /opt/airflow/dags/main.py
Traceback (most recent call last):
  File "/home/airflow/.local/lib/python3.12/site-packages/airflow/models/dagbag.py", line 383, in parse
    loader.exec_module(new_module)
  File "<frozen importlib._bootstrap_external>", line 999, in exec_module
  File "<frozen importlib._bootstrap>", line 488, in _call_with_frames_removed
  File "/opt/airflow/dags/main.py", line 21, in <module>
    from consumer import consume_orders
ModuleNotFoundError: No module named 'consumer'
[2026-04-26T15:15:41.501+0000] {processor.py:927} WARNING - No viable dags retrieved from /opt/airflow/dags/main.py
[2026-04-26T15:15:41.533+0000] {processor.py:208} INFO - Processing /opt/airflow/dags/main.py took 0.085 seconds
[2026-04-26T15:16:12.572+0000] {processor.py:186} INFO - Started process (PID=4796) to work on /opt/airflow/dags/main.py
[2026-04-26T15:16:12.573+0000] {processor.py:914} INFO - Processing file /opt/airflow/dags/main.py for tasks to queue
[2026-04-26T15:16:12.579+0000] {logging_mixin.py:190} INFO - [2026-04-26T15:16:12.579+0000] {dagbag.py:588} INFO - Filling up the DagBag from /opt/airflow/dags/main.py
[2026-04-26T15:16:12.615+0000] {logging_mixin.py:190} INFO - [2026-04-26T15:16:12.605+0000] {dagbag.py:387} ERROR - Failed to import: /opt/airflow/dags/main.py
Traceback (most recent call last):
  File "/home/airflow/.local/lib/python3.12/site-packages/airflow/models/dagbag.py", line 383, in parse
    loader.exec_module(new_module)
  File "<frozen importlib._bootstrap_external>", line 999, in exec_module
  File "<frozen importlib._bootstrap>", line 488, in _call_with_frames_removed
  File "/opt/airflow/dags/main.py", line 21, in <module>
    from consumer import consume_orders
ModuleNotFoundError: No module named 'consumer'
[2026-04-26T15:16:12.618+0000] {processor.py:927} WARNING - No viable dags retrieved from /opt/airflow/dags/main.py
[2026-04-26T15:16:12.653+0000] {processor.py:208} INFO - Processing /opt/airflow/dags/main.py took 0.113 seconds
[2026-04-26T15:16:42.802+0000] {processor.py:186} INFO - Started process (PID=4803) to work on /opt/airflow/dags/main.py
[2026-04-26T15:16:42.803+0000] {processor.py:914} INFO - Processing file /opt/airflow/dags/main.py for tasks to queue
[2026-04-26T15:16:42.807+0000] {logging_mixin.py:190} INFO - [2026-04-26T15:16:42.806+0000] {dagbag.py:588} INFO - Filling up the DagBag from /opt/airflow/dags/main.py
[2026-04-26T15:16:42.836+0000] {logging_mixin.py:190} INFO - [2026-04-26T15:16:42.831+0000] {dagbag.py:387} ERROR - Failed to import: /opt/airflow/dags/main.py
Traceback (most recent call last):
  File "/home/airflow/.local/lib/python3.12/site-packages/airflow/models/dagbag.py", line 383, in parse
    loader.exec_module(new_module)
  File "<frozen importlib._bootstrap_external>", line 999, in exec_module
  File "<frozen importlib._bootstrap>", line 488, in _call_with_frames_removed
  File "/opt/airflow/dags/main.py", line 21, in <module>
    from consumer import consume_orders
ModuleNotFoundError: No module named 'consumer'
[2026-04-26T15:16:42.838+0000] {processor.py:927} WARNING - No viable dags retrieved from /opt/airflow/dags/main.py
[2026-04-26T15:16:42.866+0000] {processor.py:208} INFO - Processing /opt/airflow/dags/main.py took 0.073 seconds
[2026-04-26T15:17:13.058+0000] {processor.py:186} INFO - Started process (PID=4810) to work on /opt/airflow/dags/main.py
[2026-04-26T15:17:13.060+0000] {processor.py:914} INFO - Processing file /opt/airflow/dags/main.py for tasks to queue
[2026-04-26T15:17:13.065+0000] {logging_mixin.py:190} INFO - [2026-04-26T15:17:13.065+0000] {dagbag.py:588} INFO - Filling up the DagBag from /opt/airflow/dags/main.py
[2026-04-26T15:17:13.104+0000] {logging_mixin.py:190} INFO - [2026-04-26T15:17:13.097+0000] {dagbag.py:387} ERROR - Failed to import: /opt/airflow/dags/main.py
Traceback (most recent call last):
  File "/home/airflow/.local/lib/python3.12/site-packages/airflow/models/dagbag.py", line 383, in parse
    loader.exec_module(new_module)
  File "<frozen importlib._bootstrap_external>", line 999, in exec_module
  File "<frozen importlib._bootstrap>", line 488, in _call_with_frames_removed
  File "/opt/airflow/dags/main.py", line 21, in <module>
    from consumer import consume_orders
ModuleNotFoundError: No module named 'consumer'
[2026-04-26T15:17:13.108+0000] {processor.py:927} WARNING - No viable dags retrieved from /opt/airflow/dags/main.py
[2026-04-26T15:17:13.139+0000] {processor.py:208} INFO - Processing /opt/airflow/dags/main.py took 0.099 seconds
[2026-04-26T15:17:43.400+0000] {processor.py:186} INFO - Started process (PID=4817) to work on /opt/airflow/dags/main.py
[2026-04-26T15:17:43.402+0000] {processor.py:914} INFO - Processing file /opt/airflow/dags/main.py for tasks to queue
[2026-04-26T15:17:43.406+0000] {logging_mixin.py:190} INFO - [2026-04-26T15:17:43.405+0000] {dagbag.py:588} INFO - Filling up the DagBag from /opt/airflow/dags/main.py
[2026-04-26T15:17:43.438+0000] {logging_mixin.py:190} INFO - [2026-04-26T15:17:43.433+0000] {dagbag.py:387} ERROR - Failed to import: /opt/airflow/dags/main.py
Traceback (most recent call last):
  File "/home/airflow/.local/lib/python3.12/site-packages/airflow/models/dagbag.py", line 383, in parse
    loader.exec_module(new_module)
  File "<frozen importlib._bootstrap_external>", line 999, in exec_module
  File "<frozen importlib._bootstrap>", line 488, in _call_with_frames_removed
  File "/opt/airflow/dags/main.py", line 21, in <module>
    from consumer import consume_orders
ModuleNotFoundError: No module named 'consumer'
[2026-04-26T15:17:43.440+0000] {processor.py:927} WARNING - No viable dags retrieved from /opt/airflow/dags/main.py
[2026-04-26T15:17:43.467+0000] {processor.py:208} INFO - Processing /opt/airflow/dags/main.py took 0.075 seconds
[2026-04-26T15:18:13.617+0000] {processor.py:186} INFO - Started process (PID=4824) to work on /opt/airflow/dags/main.py
[2026-04-26T15:18:13.619+0000] {processor.py:914} INFO - Processing file /opt/airflow/dags/main.py for tasks to queue
[2026-04-26T15:18:13.624+0000] {logging_mixin.py:190} INFO - [2026-04-26T15:18:13.623+0000] {dagbag.py:588} INFO - Filling up the DagBag from /opt/airflow/dags/main.py
[2026-04-26T15:18:13.660+0000] {logging_mixin.py:190} INFO - [2026-04-26T15:18:13.654+0000] {dagbag.py:387} ERROR - Failed to import: /opt/airflow/dags/main.py
Traceback (most recent call last):
  File "/home/airflow/.local/lib/python3.12/site-packages/airflow/models/dagbag.py", line 383, in parse
    loader.exec_module(new_module)
  File "<frozen importlib._bootstrap_external>", line 999, in exec_module
  File "<frozen importlib._bootstrap>", line 488, in _call_with_frames_removed
  File "/opt/airflow/dags/main.py", line 21, in <module>
    from consumer import consume_orders
ModuleNotFoundError: No module named 'consumer'
[2026-04-26T15:18:13.662+0000] {processor.py:927} WARNING - No viable dags retrieved from /opt/airflow/dags/main.py
[2026-04-26T15:18:13.689+0000] {processor.py:208} INFO - Processing /opt/airflow/dags/main.py took 0.087 seconds
[2026-04-26T15:18:43.970+0000] {processor.py:186} INFO - Started process (PID=4825) to work on /opt/airflow/dags/main.py
[2026-04-26T15:18:43.972+0000] {processor.py:914} INFO - Processing file /opt/airflow/dags/main.py for tasks to queue
[2026-04-26T15:18:43.976+0000] {logging_mixin.py:190} INFO - [2026-04-26T15:18:43.976+0000] {dagbag.py:588} INFO - Filling up the DagBag from /opt/airflow/dags/main.py
[2026-04-26T15:18:44.016+0000] {logging_mixin.py:190} INFO - [2026-04-26T15:18:44.003+0000] {dagbag.py:387} ERROR - Failed to import: /opt/airflow/dags/main.py
Traceback (most recent call last):
  File "/home/airflow/.local/lib/python3.12/site-packages/airflow/models/dagbag.py", line 383, in parse
    loader.exec_module(new_module)
  File "<frozen importlib._bootstrap_external>", line 999, in exec_module
  File "<frozen importlib._bootstrap>", line 488, in _call_with_frames_removed
  File "/opt/airflow/dags/main.py", line 21, in <module>
    from consumer import consume_orders
ModuleNotFoundError: No module named 'consumer'
[2026-04-26T15:18:44.020+0000] {processor.py:927} WARNING - No viable dags retrieved from /opt/airflow/dags/main.py
[2026-04-26T15:18:44.049+0000] {processor.py:208} INFO - Processing /opt/airflow/dags/main.py took 0.092 seconds
[2026-04-26T15:19:14.238+0000] {processor.py:186} INFO - Started process (PID=4838) to work on /opt/airflow/dags/main.py
[2026-04-26T15:19:14.244+0000] {processor.py:914} INFO - Processing file /opt/airflow/dags/main.py for tasks to queue
[2026-04-26T15:19:14.251+0000] {logging_mixin.py:190} INFO - [2026-04-26T15:19:14.251+0000] {dagbag.py:588} INFO - Filling up the DagBag from /opt/airflow/dags/main.py
[2026-04-26T15:19:14.312+0000] {logging_mixin.py:190} INFO - [2026-04-26T15:19:14.300+0000] {dagbag.py:387} ERROR - Failed to import: /opt/airflow/dags/main.py
Traceback (most recent call last):
  File "/home/airflow/.local/lib/python3.12/site-packages/airflow/models/dagbag.py", line 383, in parse
    loader.exec_module(new_module)
  File "<frozen importlib._bootstrap_external>", line 999, in exec_module
  File "<frozen importlib._bootstrap>", line 488, in _call_with_frames_removed
  File "/opt/airflow/dags/main.py", line 21, in <module>
    from consumer import consume_orders
ModuleNotFoundError: No module named 'consumer'
[2026-04-26T15:19:14.317+0000] {processor.py:927} WARNING - No viable dags retrieved from /opt/airflow/dags/main.py
[2026-04-26T15:19:14.402+0000] {processor.py:208} INFO - Processing /opt/airflow/dags/main.py took 0.224 seconds
[2026-04-26T15:19:44.568+0000] {processor.py:186} INFO - Started process (PID=4845) to work on /opt/airflow/dags/main.py
[2026-04-26T15:19:44.570+0000] {processor.py:914} INFO - Processing file /opt/airflow/dags/main.py for tasks to queue
[2026-04-26T15:19:44.574+0000] {logging_mixin.py:190} INFO - [2026-04-26T15:19:44.574+0000] {dagbag.py:588} INFO - Filling up the DagBag from /opt/airflow/dags/main.py
[2026-04-26T15:19:44.607+0000] {logging_mixin.py:190} INFO - [2026-04-26T15:19:44.599+0000] {dagbag.py:387} ERROR - Failed to import: /opt/airflow/dags/main.py
Traceback (most recent call last):
  File "/home/airflow/.local/lib/python3.12/site-packages/airflow/models/dagbag.py", line 383, in parse
    loader.exec_module(new_module)
  File "<frozen importlib._bootstrap_external>", line 999, in exec_module
  File "<frozen importlib._bootstrap>", line 488, in _call_with_frames_removed
  File "/opt/airflow/dags/main.py", line 21, in <module>
    from consumer import consume_orders
ModuleNotFoundError: No module named 'consumer'
[2026-04-26T15:19:44.609+0000] {processor.py:927} WARNING - No viable dags retrieved from /opt/airflow/dags/main.py
[2026-04-26T15:19:44.655+0000] {processor.py:208} INFO - Processing /opt/airflow/dags/main.py took 0.100 seconds
[2026-04-26T15:20:14.887+0000] {processor.py:186} INFO - Started process (PID=4846) to work on /opt/airflow/dags/main.py
[2026-04-26T15:20:14.888+0000] {processor.py:914} INFO - Processing file /opt/airflow/dags/main.py for tasks to queue
[2026-04-26T15:20:14.892+0000] {logging_mixin.py:190} INFO - [2026-04-26T15:20:14.892+0000] {dagbag.py:588} INFO - Filling up the DagBag from /opt/airflow/dags/main.py
[2026-04-26T15:20:14.924+0000] {logging_mixin.py:190} INFO - [2026-04-26T15:20:14.917+0000] {dagbag.py:387} ERROR - Failed to import: /opt/airflow/dags/main.py
Traceback (most recent call last):
  File "/home/airflow/.local/lib/python3.12/site-packages/airflow/models/dagbag.py", line 383, in parse
    loader.exec_module(new_module)
  File "<frozen importlib._bootstrap_external>", line 999, in exec_module
  File "<frozen importlib._bootstrap>", line 488, in _call_with_frames_removed
  File "/opt/airflow/dags/main.py", line 21, in <module>
    from consumer import consume_orders
ModuleNotFoundError: No module named 'consumer'
[2026-04-26T15:20:14.926+0000] {processor.py:927} WARNING - No viable dags retrieved from /opt/airflow/dags/main.py
[2026-04-26T15:20:14.972+0000] {processor.py:208} INFO - Processing /opt/airflow/dags/main.py took 0.093 seconds
[2026-04-26T15:20:45.147+0000] {processor.py:186} INFO - Started process (PID=4853) to work on /opt/airflow/dags/main.py
[2026-04-26T15:20:45.150+0000] {processor.py:914} INFO - Processing file /opt/airflow/dags/main.py for tasks to queue
[2026-04-26T15:20:45.161+0000] {logging_mixin.py:190} INFO - [2026-04-26T15:20:45.156+0000] {dagbag.py:588} INFO - Filling up the DagBag from /opt/airflow/dags/main.py
[2026-04-26T15:20:45.225+0000] {logging_mixin.py:190} INFO - [2026-04-26T15:20:45.213+0000] {dagbag.py:387} ERROR - Failed to import: /opt/airflow/dags/main.py
Traceback (most recent call last):
  File "/home/airflow/.local/lib/python3.12/site-packages/airflow/models/dagbag.py", line 383, in parse
    loader.exec_module(new_module)
  File "<frozen importlib._bootstrap_external>", line 999, in exec_module
  File "<frozen importlib._bootstrap>", line 488, in _call_with_frames_removed
  File "/opt/airflow/dags/main.py", line 21, in <module>
    from consumer import consume_orders
ModuleNotFoundError: No module named 'consumer'
[2026-04-26T15:20:45.230+0000] {processor.py:927} WARNING - No viable dags retrieved from /opt/airflow/dags/main.py
[2026-04-26T15:20:45.278+0000] {processor.py:208} INFO - Processing /opt/airflow/dags/main.py took 0.145 seconds
[2026-04-26T15:21:16.984+0000] {processor.py:186} INFO - Started process (PID=4860) to work on /opt/airflow/dags/main.py
[2026-04-26T15:21:16.986+0000] {processor.py:914} INFO - Processing file /opt/airflow/dags/main.py for tasks to queue
[2026-04-26T15:21:16.994+0000] {logging_mixin.py:190} INFO - [2026-04-26T15:21:16.993+0000] {dagbag.py:588} INFO - Filling up the DagBag from /opt/airflow/dags/main.py
[2026-04-26T15:21:17.046+0000] {logging_mixin.py:190} INFO - [2026-04-26T15:21:17.037+0000] {dagbag.py:387} ERROR - Failed to import: /opt/airflow/dags/main.py
Traceback (most recent call last):
  File "/home/airflow/.local/lib/python3.12/site-packages/airflow/models/dagbag.py", line 383, in parse
    loader.exec_module(new_module)
  File "<frozen importlib._bootstrap_external>", line 999, in exec_module
  File "<frozen importlib._bootstrap>", line 488, in _call_with_frames_removed
  File "/opt/airflow/dags/main.py", line 21, in <module>
    from consumer import consume_orders
ModuleNotFoundError: No module named 'consumer'
[2026-04-26T15:21:17.050+0000] {processor.py:927} WARNING - No viable dags retrieved from /opt/airflow/dags/main.py
[2026-04-26T15:21:17.105+0000] {processor.py:208} INFO - Processing /opt/airflow/dags/main.py took 0.138 seconds
[2026-04-26T15:21:48.041+0000] {processor.py:186} INFO - Started process (PID=4867) to work on /opt/airflow/dags/main.py
[2026-04-26T15:21:48.044+0000] {processor.py:914} INFO - Processing file /opt/airflow/dags/main.py for tasks to queue
[2026-04-26T15:21:48.049+0000] {logging_mixin.py:190} INFO - [2026-04-26T15:21:48.048+0000] {dagbag.py:588} INFO - Filling up the DagBag from /opt/airflow/dags/main.py
[2026-04-26T15:21:48.082+0000] {logging_mixin.py:190} INFO - [2026-04-26T15:21:48.075+0000] {dagbag.py:387} ERROR - Failed to import: /opt/airflow/dags/main.py
Traceback (most recent call last):
  File "/home/airflow/.local/lib/python3.12/site-packages/airflow/models/dagbag.py", line 383, in parse
    loader.exec_module(new_module)
  File "<frozen importlib._bootstrap_external>", line 999, in exec_module
  File "<frozen importlib._bootstrap>", line 488, in _call_with_frames_removed
  File "/opt/airflow/dags/main.py", line 21, in <module>
    from consumer import consume_orders
ModuleNotFoundError: No module named 'consumer'
[2026-04-26T15:21:48.084+0000] {processor.py:927} WARNING - No viable dags retrieved from /opt/airflow/dags/main.py
[2026-04-26T15:21:48.115+0000] {processor.py:208} INFO - Processing /opt/airflow/dags/main.py took 0.087 seconds
[2026-04-26T15:22:18.226+0000] {processor.py:186} INFO - Started process (PID=4874) to work on /opt/airflow/dags/main.py
[2026-04-26T15:22:18.228+0000] {processor.py:914} INFO - Processing file /opt/airflow/dags/main.py for tasks to queue
[2026-04-26T15:22:18.231+0000] {logging_mixin.py:190} INFO - [2026-04-26T15:22:18.230+0000] {dagbag.py:588} INFO - Filling up the DagBag from /opt/airflow/dags/main.py
[2026-04-26T15:22:18.261+0000] {logging_mixin.py:190} INFO - [2026-04-26T15:22:18.255+0000] {dagbag.py:387} ERROR - Failed to import: /opt/airflow/dags/main.py
Traceback (most recent call last):
  File "/home/airflow/.local/lib/python3.12/site-packages/airflow/models/dagbag.py", line 383, in parse
    loader.exec_module(new_module)
  File "<frozen importlib._bootstrap_external>", line 999, in exec_module
  File "<frozen importlib._bootstrap>", line 488, in _call_with_frames_removed
  File "/opt/airflow/dags/main.py", line 21, in <module>
    from consumer import consume_orders
ModuleNotFoundError: No module named 'consumer'
[2026-04-26T15:22:18.264+0000] {processor.py:927} WARNING - No viable dags retrieved from /opt/airflow/dags/main.py
[2026-04-26T15:22:18.293+0000] {processor.py:208} INFO - Processing /opt/airflow/dags/main.py took 0.074 seconds
[2026-04-26T15:22:48.368+0000] {processor.py:186} INFO - Started process (PID=4881) to work on /opt/airflow/dags/main.py
[2026-04-26T15:22:48.371+0000] {processor.py:914} INFO - Processing file /opt/airflow/dags/main.py for tasks to queue
[2026-04-26T15:22:48.376+0000] {logging_mixin.py:190} INFO - [2026-04-26T15:22:48.375+0000] {dagbag.py:588} INFO - Filling up the DagBag from /opt/airflow/dags/main.py
[2026-04-26T15:22:48.414+0000] {logging_mixin.py:190} INFO - [2026-04-26T15:22:48.408+0000] {dagbag.py:387} ERROR - Failed to import: /opt/airflow/dags/main.py
Traceback (most recent call last):
  File "/home/airflow/.local/lib/python3.12/site-packages/airflow/models/dagbag.py", line 383, in parse
    loader.exec_module(new_module)
  File "<frozen importlib._bootstrap_external>", line 999, in exec_module
  File "<frozen importlib._bootstrap>", line 488, in _call_with_frames_removed
  File "/opt/airflow/dags/main.py", line 21, in <module>
    from consumer import consume_orders
ModuleNotFoundError: No module named 'consumer'
[2026-04-26T15:22:48.417+0000] {processor.py:927} WARNING - No viable dags retrieved from /opt/airflow/dags/main.py
[2026-04-26T15:22:48.450+0000] {processor.py:208} INFO - Processing /opt/airflow/dags/main.py took 0.094 seconds
[2026-04-26T15:23:18.998+0000] {processor.py:186} INFO - Started process (PID=4888) to work on /opt/airflow/dags/main.py
[2026-04-26T15:23:19.000+0000] {processor.py:914} INFO - Processing file /opt/airflow/dags/main.py for tasks to queue
[2026-04-26T15:23:19.005+0000] {logging_mixin.py:190} INFO - [2026-04-26T15:23:19.004+0000] {dagbag.py:588} INFO - Filling up the DagBag from /opt/airflow/dags/main.py
[2026-04-26T15:23:19.056+0000] {logging_mixin.py:190} INFO - [2026-04-26T15:23:19.046+0000] {dagbag.py:387} ERROR - Failed to import: /opt/airflow/dags/main.py
Traceback (most recent call last):
  File "/home/airflow/.local/lib/python3.12/site-packages/airflow/models/dagbag.py", line 383, in parse
    loader.exec_module(new_module)
  File "<frozen importlib._bootstrap_external>", line 999, in exec_module
  File "<frozen importlib._bootstrap>", line 488, in _call_with_frames_removed
  File "/opt/airflow/dags/main.py", line 21, in <module>
    from consumer import consume_orders
ModuleNotFoundError: No module named 'consumer'
[2026-04-26T15:23:19.060+0000] {processor.py:927} WARNING - No viable dags retrieved from /opt/airflow/dags/main.py
[2026-04-26T15:23:19.099+0000] {processor.py:208} INFO - Processing /opt/airflow/dags/main.py took 0.113 seconds
[2026-04-26T15:23:49.758+0000] {processor.py:186} INFO - Started process (PID=4895) to work on /opt/airflow/dags/main.py
[2026-04-26T15:23:49.760+0000] {processor.py:914} INFO - Processing file /opt/airflow/dags/main.py for tasks to queue
[2026-04-26T15:23:49.763+0000] {logging_mixin.py:190} INFO - [2026-04-26T15:23:49.763+0000] {dagbag.py:588} INFO - Filling up the DagBag from /opt/airflow/dags/main.py
[2026-04-26T15:23:49.792+0000] {logging_mixin.py:190} INFO - [2026-04-26T15:23:49.786+0000] {dagbag.py:387} ERROR - Failed to import: /opt/airflow/dags/main.py
Traceback (most recent call last):
  File "/home/airflow/.local/lib/python3.12/site-packages/airflow/models/dagbag.py", line 383, in parse
    loader.exec_module(new_module)
  File "<frozen importlib._bootstrap_external>", line 999, in exec_module
  File "<frozen importlib._bootstrap>", line 488, in _call_with_frames_removed
  File "/opt/airflow/dags/main.py", line 21, in <module>
    from consumer import consume_orders
ModuleNotFoundError: No module named 'consumer'
[2026-04-26T15:23:49.793+0000] {processor.py:927} WARNING - No viable dags retrieved from /opt/airflow/dags/main.py
[2026-04-26T15:23:49.819+0000] {processor.py:208} INFO - Processing /opt/airflow/dags/main.py took 0.068 seconds
[2026-04-26T15:24:20.709+0000] {processor.py:186} INFO - Started process (PID=4902) to work on /opt/airflow/dags/main.py
[2026-04-26T15:24:20.710+0000] {processor.py:914} INFO - Processing file /opt/airflow/dags/main.py for tasks to queue
[2026-04-26T15:24:20.714+0000] {logging_mixin.py:190} INFO - [2026-04-26T15:24:20.714+0000] {dagbag.py:588} INFO - Filling up the DagBag from /opt/airflow/dags/main.py
[2026-04-26T15:24:20.748+0000] {logging_mixin.py:190} INFO - [2026-04-26T15:24:20.742+0000] {dagbag.py:387} ERROR - Failed to import: /opt/airflow/dags/main.py
Traceback (most recent call last):
  File "/home/airflow/.local/lib/python3.12/site-packages/airflow/models/dagbag.py", line 383, in parse
    loader.exec_module(new_module)
  File "<frozen importlib._bootstrap_external>", line 999, in exec_module
  File "<frozen importlib._bootstrap>", line 488, in _call_with_frames_removed
  File "/opt/airflow/dags/main.py", line 21, in <module>
    from consumer import consume_orders
ModuleNotFoundError: No module named 'consumer'
[2026-04-26T15:24:20.751+0000] {processor.py:927} WARNING - No viable dags retrieved from /opt/airflow/dags/main.py
[2026-04-26T15:24:20.796+0000] {processor.py:208} INFO - Processing /opt/airflow/dags/main.py took 0.099 seconds
[2026-04-26T15:24:51.290+0000] {processor.py:186} INFO - Started process (PID=4909) to work on /opt/airflow/dags/main.py
[2026-04-26T15:24:51.291+0000] {processor.py:914} INFO - Processing file /opt/airflow/dags/main.py for tasks to queue
[2026-04-26T15:24:51.303+0000] {logging_mixin.py:190} INFO - [2026-04-26T15:24:51.302+0000] {dagbag.py:588} INFO - Filling up the DagBag from /opt/airflow/dags/main.py
[2026-04-26T15:24:51.329+0000] {logging_mixin.py:190} INFO - [2026-04-26T15:24:51.324+0000] {dagbag.py:387} ERROR - Failed to import: /opt/airflow/dags/main.py
Traceback (most recent call last):
  File "/home/airflow/.local/lib/python3.12/site-packages/airflow/models/dagbag.py", line 383, in parse
    loader.exec_module(new_module)
  File "<frozen importlib._bootstrap_external>", line 999, in exec_module
  File "<frozen importlib._bootstrap>", line 488, in _call_with_frames_removed
  File "/opt/airflow/dags/main.py", line 21, in <module>
    from consumer import consume_orders
ModuleNotFoundError: No module named 'consumer'
[2026-04-26T15:24:51.331+0000] {processor.py:927} WARNING - No viable dags retrieved from /opt/airflow/dags/main.py
[2026-04-26T15:24:51.361+0000] {processor.py:208} INFO - Processing /opt/airflow/dags/main.py took 0.078 seconds
[2026-04-26T15:25:21.503+0000] {processor.py:186} INFO - Started process (PID=4916) to work on /opt/airflow/dags/main.py
[2026-04-26T15:25:21.505+0000] {processor.py:914} INFO - Processing file /opt/airflow/dags/main.py for tasks to queue
[2026-04-26T15:25:21.509+0000] {logging_mixin.py:190} INFO - [2026-04-26T15:25:21.509+0000] {dagbag.py:588} INFO - Filling up the DagBag from /opt/airflow/dags/main.py
[2026-04-26T15:25:21.535+0000] {logging_mixin.py:190} INFO - [2026-04-26T15:25:21.530+0000] {dagbag.py:387} ERROR - Failed to import: /opt/airflow/dags/main.py
Traceback (most recent call last):
  File "/home/airflow/.local/lib/python3.12/site-packages/airflow/models/dagbag.py", line 383, in parse
    loader.exec_module(new_module)
  File "<frozen importlib._bootstrap_external>", line 999, in exec_module
  File "<frozen importlib._bootstrap>", line 488, in _call_with_frames_removed
  File "/opt/airflow/dags/main.py", line 21, in <module>
    from consumer import consume_orders
ModuleNotFoundError: No module named 'consumer'
[2026-04-26T15:25:21.537+0000] {processor.py:927} WARNING - No viable dags retrieved from /opt/airflow/dags/main.py
[2026-04-26T15:25:21.564+0000] {processor.py:208} INFO - Processing /opt/airflow/dags/main.py took 0.069 seconds
[2026-04-26T15:25:51.867+0000] {processor.py:186} INFO - Started process (PID=4923) to work on /opt/airflow/dags/main.py
[2026-04-26T15:25:51.906+0000] {processor.py:914} INFO - Processing file /opt/airflow/dags/main.py for tasks to queue
[2026-04-26T15:25:52.108+0000] {logging_mixin.py:190} INFO - [2026-04-26T15:25:52.100+0000] {dagbag.py:588} INFO - Filling up the DagBag from /opt/airflow/dags/main.py
[2026-04-26T15:25:52.184+0000] {logging_mixin.py:190} INFO - [2026-04-26T15:25:52.175+0000] {dagbag.py:387} ERROR - Failed to import: /opt/airflow/dags/main.py
Traceback (most recent call last):
  File "/home/airflow/.local/lib/python3.12/site-packages/airflow/models/dagbag.py", line 383, in parse
    loader.exec_module(new_module)
  File "<frozen importlib._bootstrap_external>", line 999, in exec_module
  File "<frozen importlib._bootstrap>", line 488, in _call_with_frames_removed
  File "/opt/airflow/dags/main.py", line 21, in <module>
    from consumer import consume_orders
ModuleNotFoundError: No module named 'consumer'
[2026-04-26T15:25:52.187+0000] {processor.py:927} WARNING - No viable dags retrieved from /opt/airflow/dags/main.py
[2026-04-26T15:25:52.365+0000] {processor.py:208} INFO - Processing /opt/airflow/dags/main.py took 0.719 seconds
[2026-04-26T15:26:22.521+0000] {processor.py:186} INFO - Started process (PID=4930) to work on /opt/airflow/dags/main.py
[2026-04-26T15:26:22.525+0000] {processor.py:914} INFO - Processing file /opt/airflow/dags/main.py for tasks to queue
[2026-04-26T15:26:22.536+0000] {logging_mixin.py:190} INFO - [2026-04-26T15:26:22.534+0000] {dagbag.py:588} INFO - Filling up the DagBag from /opt/airflow/dags/main.py
[2026-04-26T15:26:22.597+0000] {logging_mixin.py:190} INFO - [2026-04-26T15:26:22.585+0000] {dagbag.py:387} ERROR - Failed to import: /opt/airflow/dags/main.py
Traceback (most recent call last):
  File "/home/airflow/.local/lib/python3.12/site-packages/airflow/models/dagbag.py", line 383, in parse
    loader.exec_module(new_module)
  File "<frozen importlib._bootstrap_external>", line 999, in exec_module
  File "<frozen importlib._bootstrap>", line 488, in _call_with_frames_removed
  File "/opt/airflow/dags/main.py", line 21, in <module>
    from consumer import consume_orders
ModuleNotFoundError: No module named 'consumer'
[2026-04-26T15:26:22.601+0000] {processor.py:927} WARNING - No viable dags retrieved from /opt/airflow/dags/main.py
[2026-04-26T15:26:22.648+0000] {processor.py:208} INFO - Processing /opt/airflow/dags/main.py took 0.147 seconds
[2026-04-26T15:26:53.049+0000] {processor.py:186} INFO - Started process (PID=4937) to work on /opt/airflow/dags/main.py
[2026-04-26T15:26:53.051+0000] {processor.py:914} INFO - Processing file /opt/airflow/dags/main.py for tasks to queue
[2026-04-26T15:26:53.059+0000] {logging_mixin.py:190} INFO - [2026-04-26T15:26:53.058+0000] {dagbag.py:588} INFO - Filling up the DagBag from /opt/airflow/dags/main.py
[2026-04-26T15:26:53.094+0000] {logging_mixin.py:190} INFO - [2026-04-26T15:26:53.088+0000] {dagbag.py:387} ERROR - Failed to import: /opt/airflow/dags/main.py
Traceback (most recent call last):
  File "/home/airflow/.local/lib/python3.12/site-packages/airflow/models/dagbag.py", line 383, in parse
    loader.exec_module(new_module)
  File "<frozen importlib._bootstrap_external>", line 999, in exec_module
  File "<frozen importlib._bootstrap>", line 488, in _call_with_frames_removed
  File "/opt/airflow/dags/main.py", line 21, in <module>
    from consumer import consume_orders
ModuleNotFoundError: No module named 'consumer'
[2026-04-26T15:26:53.097+0000] {processor.py:927} WARNING - No viable dags retrieved from /opt/airflow/dags/main.py
[2026-04-26T15:26:53.129+0000] {processor.py:208} INFO - Processing /opt/airflow/dags/main.py took 0.090 seconds
[2026-04-26T15:27:23.247+0000] {processor.py:186} INFO - Started process (PID=4944) to work on /opt/airflow/dags/main.py
[2026-04-26T15:27:23.249+0000] {processor.py:914} INFO - Processing file /opt/airflow/dags/main.py for tasks to queue
[2026-04-26T15:27:23.254+0000] {logging_mixin.py:190} INFO - [2026-04-26T15:27:23.254+0000] {dagbag.py:588} INFO - Filling up the DagBag from /opt/airflow/dags/main.py
[2026-04-26T15:27:23.300+0000] {logging_mixin.py:190} INFO - [2026-04-26T15:27:23.289+0000] {dagbag.py:387} ERROR - Failed to import: /opt/airflow/dags/main.py
Traceback (most recent call last):
  File "/home/airflow/.local/lib/python3.12/site-packages/airflow/models/dagbag.py", line 383, in parse
    loader.exec_module(new_module)
  File "<frozen importlib._bootstrap_external>", line 999, in exec_module
  File "<frozen importlib._bootstrap>", line 488, in _call_with_frames_removed
  File "/opt/airflow/dags/main.py", line 21, in <module>
    from consumer import consume_orders
ModuleNotFoundError: No module named 'consumer'
[2026-04-26T15:27:23.303+0000] {processor.py:927} WARNING - No viable dags retrieved from /opt/airflow/dags/main.py
[2026-04-26T15:27:23.352+0000] {processor.py:208} INFO - Processing /opt/airflow/dags/main.py took 0.116 seconds
[2026-04-26T15:27:54.398+0000] {processor.py:186} INFO - Started process (PID=4951) to work on /opt/airflow/dags/main.py
[2026-04-26T15:27:54.400+0000] {processor.py:914} INFO - Processing file /opt/airflow/dags/main.py for tasks to queue
[2026-04-26T15:27:54.405+0000] {logging_mixin.py:190} INFO - [2026-04-26T15:27:54.404+0000] {dagbag.py:588} INFO - Filling up the DagBag from /opt/airflow/dags/main.py
[2026-04-26T15:27:54.446+0000] {logging_mixin.py:190} INFO - [2026-04-26T15:27:54.434+0000] {dagbag.py:387} ERROR - Failed to import: /opt/airflow/dags/main.py
Traceback (most recent call last):
  File "/home/airflow/.local/lib/python3.12/site-packages/airflow/models/dagbag.py", line 383, in parse
    loader.exec_module(new_module)
  File "<frozen importlib._bootstrap_external>", line 999, in exec_module
  File "<frozen importlib._bootstrap>", line 488, in _call_with_frames_removed
  File "/opt/airflow/dags/main.py", line 21, in <module>
    from consumer import consume_orders
ModuleNotFoundError: No module named 'consumer'
[2026-04-26T15:27:54.450+0000] {processor.py:927} WARNING - No viable dags retrieved from /opt/airflow/dags/main.py
[2026-04-26T15:27:54.499+0000] {processor.py:208} INFO - Processing /opt/airflow/dags/main.py took 0.112 seconds
[2026-04-26T15:28:25.539+0000] {processor.py:186} INFO - Started process (PID=4958) to work on /opt/airflow/dags/main.py
[2026-04-26T15:28:25.542+0000] {processor.py:914} INFO - Processing file /opt/airflow/dags/main.py for tasks to queue
[2026-04-26T15:28:25.548+0000] {logging_mixin.py:190} INFO - [2026-04-26T15:28:25.546+0000] {dagbag.py:588} INFO - Filling up the DagBag from /opt/airflow/dags/main.py
[2026-04-26T15:28:25.588+0000] {logging_mixin.py:190} INFO - [2026-04-26T15:28:25.580+0000] {dagbag.py:387} ERROR - Failed to import: /opt/airflow/dags/main.py
Traceback (most recent call last):
  File "/home/airflow/.local/lib/python3.12/site-packages/airflow/models/dagbag.py", line 383, in parse
    loader.exec_module(new_module)
  File "<frozen importlib._bootstrap_external>", line 999, in exec_module
  File "<frozen importlib._bootstrap>", line 488, in _call_with_frames_removed
  File "/opt/airflow/dags/main.py", line 21, in <module>
    from consumer import consume_orders
ModuleNotFoundError: No module named 'consumer'
[2026-04-26T15:28:25.590+0000] {processor.py:927} WARNING - No viable dags retrieved from /opt/airflow/dags/main.py
[2026-04-26T15:28:25.619+0000] {processor.py:208} INFO - Processing /opt/airflow/dags/main.py took 0.089 seconds
[2026-04-26T15:28:56.672+0000] {processor.py:186} INFO - Started process (PID=4965) to work on /opt/airflow/dags/main.py
[2026-04-26T15:28:56.674+0000] {processor.py:914} INFO - Processing file /opt/airflow/dags/main.py for tasks to queue
[2026-04-26T15:28:56.680+0000] {logging_mixin.py:190} INFO - [2026-04-26T15:28:56.678+0000] {dagbag.py:588} INFO - Filling up the DagBag from /opt/airflow/dags/main.py
[2026-04-26T15:28:56.716+0000] {logging_mixin.py:190} INFO - [2026-04-26T15:28:56.710+0000] {dagbag.py:387} ERROR - Failed to import: /opt/airflow/dags/main.py
Traceback (most recent call last):
  File "/home/airflow/.local/lib/python3.12/site-packages/airflow/models/dagbag.py", line 383, in parse
    loader.exec_module(new_module)
  File "<frozen importlib._bootstrap_external>", line 999, in exec_module
  File "<frozen importlib._bootstrap>", line 488, in _call_with_frames_removed
  File "/opt/airflow/dags/main.py", line 21, in <module>
    from consumer import consume_orders
ModuleNotFoundError: No module named 'consumer'
[2026-04-26T15:28:56.719+0000] {processor.py:927} WARNING - No viable dags retrieved from /opt/airflow/dags/main.py
[2026-04-26T15:28:56.748+0000] {processor.py:208} INFO - Processing /opt/airflow/dags/main.py took 0.085 seconds
[2026-04-26T15:29:28.947+0000] {processor.py:186} INFO - Started process (PID=4972) to work on /opt/airflow/dags/main.py
[2026-04-26T15:29:28.948+0000] {processor.py:914} INFO - Processing file /opt/airflow/dags/main.py for tasks to queue
[2026-04-26T15:29:28.952+0000] {logging_mixin.py:190} INFO - [2026-04-26T15:29:28.952+0000] {dagbag.py:588} INFO - Filling up the DagBag from /opt/airflow/dags/main.py
[2026-04-26T15:29:28.997+0000] {logging_mixin.py:190} INFO - [2026-04-26T15:29:28.985+0000] {dagbag.py:387} ERROR - Failed to import: /opt/airflow/dags/main.py
Traceback (most recent call last):
  File "/home/airflow/.local/lib/python3.12/site-packages/airflow/models/dagbag.py", line 383, in parse
    loader.exec_module(new_module)
  File "<frozen importlib._bootstrap_external>", line 999, in exec_module
  File "<frozen importlib._bootstrap>", line 488, in _call_with_frames_removed
  File "/opt/airflow/dags/main.py", line 21, in <module>
    from consumer import consume_orders
ModuleNotFoundError: No module named 'consumer'
[2026-04-26T15:29:29.002+0000] {processor.py:927} WARNING - No viable dags retrieved from /opt/airflow/dags/main.py
[2026-04-26T15:29:29.037+0000] {processor.py:208} INFO - Processing /opt/airflow/dags/main.py took 0.098 seconds
[2026-04-26T15:29:59.337+0000] {processor.py:186} INFO - Started process (PID=4979) to work on /opt/airflow/dags/main.py
[2026-04-26T15:29:59.339+0000] {processor.py:914} INFO - Processing file /opt/airflow/dags/main.py for tasks to queue
[2026-04-26T15:29:59.344+0000] {logging_mixin.py:190} INFO - [2026-04-26T15:29:59.343+0000] {dagbag.py:588} INFO - Filling up the DagBag from /opt/airflow/dags/main.py
[2026-04-26T15:29:59.391+0000] {logging_mixin.py:190} INFO - [2026-04-26T15:29:59.381+0000] {dagbag.py:387} ERROR - Failed to import: /opt/airflow/dags/main.py
Traceback (most recent call last):
  File "/home/airflow/.local/lib/python3.12/site-packages/airflow/models/dagbag.py", line 383, in parse
    loader.exec_module(new_module)
  File "<frozen importlib._bootstrap_external>", line 999, in exec_module
  File "<frozen importlib._bootstrap>", line 488, in _call_with_frames_removed
  File "/opt/airflow/dags/main.py", line 21, in <module>
    from consumer import consume_orders
ModuleNotFoundError: No module named 'consumer'
[2026-04-26T15:29:59.395+0000] {processor.py:927} WARNING - No viable dags retrieved from /opt/airflow/dags/main.py
[2026-04-26T15:29:59.443+0000] {processor.py:208} INFO - Processing /opt/airflow/dags/main.py took 0.115 seconds
[2026-04-26T15:30:32.275+0000] {processor.py:186} INFO - Started process (PID=4986) to work on /opt/airflow/dags/main.py
[2026-04-26T15:30:32.278+0000] {processor.py:914} INFO - Processing file /opt/airflow/dags/main.py for tasks to queue
[2026-04-26T15:30:32.284+0000] {logging_mixin.py:190} INFO - [2026-04-26T15:30:32.283+0000] {dagbag.py:588} INFO - Filling up the DagBag from /opt/airflow/dags/main.py
[2026-04-26T15:30:32.328+0000] {logging_mixin.py:190} INFO - [2026-04-26T15:30:32.317+0000] {dagbag.py:387} ERROR - Failed to import: /opt/airflow/dags/main.py
Traceback (most recent call last):
  File "/home/airflow/.local/lib/python3.12/site-packages/airflow/models/dagbag.py", line 383, in parse
    loader.exec_module(new_module)
  File "<frozen importlib._bootstrap_external>", line 999, in exec_module
  File "<frozen importlib._bootstrap>", line 488, in _call_with_frames_removed
  File "/opt/airflow/dags/main.py", line 21, in <module>
    from consumer import consume_orders
ModuleNotFoundError: No module named 'consumer'
[2026-04-26T15:30:32.333+0000] {processor.py:927} WARNING - No viable dags retrieved from /opt/airflow/dags/main.py
[2026-04-26T15:30:32.379+0000] {processor.py:208} INFO - Processing /opt/airflow/dags/main.py took 0.121 seconds
[2026-04-26T15:31:03.576+0000] {processor.py:186} INFO - Started process (PID=4993) to work on /opt/airflow/dags/main.py
[2026-04-26T15:31:03.578+0000] {processor.py:914} INFO - Processing file /opt/airflow/dags/main.py for tasks to queue
[2026-04-26T15:31:03.584+0000] {logging_mixin.py:190} INFO - [2026-04-26T15:31:03.583+0000] {dagbag.py:588} INFO - Filling up the DagBag from /opt/airflow/dags/main.py
[2026-04-26T15:31:03.640+0000] {logging_mixin.py:190} INFO - [2026-04-26T15:31:03.629+0000] {dagbag.py:387} ERROR - Failed to import: /opt/airflow/dags/main.py
Traceback (most recent call last):
  File "/home/airflow/.local/lib/python3.12/site-packages/airflow/models/dagbag.py", line 383, in parse
    loader.exec_module(new_module)
  File "<frozen importlib._bootstrap_external>", line 999, in exec_module
  File "<frozen importlib._bootstrap>", line 488, in _call_with_frames_removed
  File "/opt/airflow/dags/main.py", line 21, in <module>
    from consumer import consume_orders
ModuleNotFoundError: No module named 'consumer'
[2026-04-26T15:31:03.645+0000] {processor.py:927} WARNING - No viable dags retrieved from /opt/airflow/dags/main.py
[2026-04-26T15:31:03.686+0000] {processor.py:208} INFO - Processing /opt/airflow/dags/main.py took 0.121 seconds
[2026-04-26T15:31:34.827+0000] {processor.py:186} INFO - Started process (PID=5000) to work on /opt/airflow/dags/main.py
[2026-04-26T15:31:34.830+0000] {processor.py:914} INFO - Processing file /opt/airflow/dags/main.py for tasks to queue
[2026-04-26T15:31:34.837+0000] {logging_mixin.py:190} INFO - [2026-04-26T15:31:34.836+0000] {dagbag.py:588} INFO - Filling up the DagBag from /opt/airflow/dags/main.py
[2026-04-26T15:31:34.891+0000] {logging_mixin.py:190} INFO - [2026-04-26T15:31:34.879+0000] {dagbag.py:387} ERROR - Failed to import: /opt/airflow/dags/main.py
Traceback (most recent call last):
  File "/home/airflow/.local/lib/python3.12/site-packages/airflow/models/dagbag.py", line 383, in parse
    loader.exec_module(new_module)
  File "<frozen importlib._bootstrap_external>", line 999, in exec_module
  File "<frozen importlib._bootstrap>", line 488, in _call_with_frames_removed
  File "/opt/airflow/dags/main.py", line 21, in <module>
    from consumer import consume_orders
ModuleNotFoundError: No module named 'consumer'
[2026-04-26T15:31:34.895+0000] {processor.py:927} WARNING - No viable dags retrieved from /opt/airflow/dags/main.py
[2026-04-26T15:31:34.933+0000] {processor.py:208} INFO - Processing /opt/airflow/dags/main.py took 0.122 seconds
[2026-04-26T15:32:06.102+0000] {processor.py:186} INFO - Started process (PID=5007) to work on /opt/airflow/dags/main.py
[2026-04-26T15:32:06.104+0000] {processor.py:914} INFO - Processing file /opt/airflow/dags/main.py for tasks to queue
[2026-04-26T15:32:06.109+0000] {logging_mixin.py:190} INFO - [2026-04-26T15:32:06.108+0000] {dagbag.py:588} INFO - Filling up the DagBag from /opt/airflow/dags/main.py
[2026-04-26T15:32:06.144+0000] {logging_mixin.py:190} INFO - [2026-04-26T15:32:06.136+0000] {dagbag.py:387} ERROR - Failed to import: /opt/airflow/dags/main.py
Traceback (most recent call last):
  File "/home/airflow/.local/lib/python3.12/site-packages/airflow/models/dagbag.py", line 383, in parse
    loader.exec_module(new_module)
  File "<frozen importlib._bootstrap_external>", line 999, in exec_module
  File "<frozen importlib._bootstrap>", line 488, in _call_with_frames_removed
  File "/opt/airflow/dags/main.py", line 21, in <module>
    from consumer import consume_orders
ModuleNotFoundError: No module named 'consumer'
[2026-04-26T15:32:06.148+0000] {processor.py:927} WARNING - No viable dags retrieved from /opt/airflow/dags/main.py
[2026-04-26T15:32:06.188+0000] {processor.py:208} INFO - Processing /opt/airflow/dags/main.py took 0.096 seconds
[2026-04-26T15:32:36.393+0000] {processor.py:186} INFO - Started process (PID=5014) to work on /opt/airflow/dags/main.py
[2026-04-26T15:32:36.396+0000] {processor.py:914} INFO - Processing file /opt/airflow/dags/main.py for tasks to queue
[2026-04-26T15:32:36.413+0000] {logging_mixin.py:190} INFO - [2026-04-26T15:32:36.408+0000] {dagbag.py:588} INFO - Filling up the DagBag from /opt/airflow/dags/main.py
[2026-04-26T15:32:36.469+0000] {logging_mixin.py:190} INFO - [2026-04-26T15:32:36.456+0000] {dagbag.py:387} ERROR - Failed to import: /opt/airflow/dags/main.py
Traceback (most recent call last):
  File "/home/airflow/.local/lib/python3.12/site-packages/airflow/models/dagbag.py", line 383, in parse
    loader.exec_module(new_module)
  File "<frozen importlib._bootstrap_external>", line 999, in exec_module
  File "<frozen importlib._bootstrap>", line 488, in _call_with_frames_removed
  File "/opt/airflow/dags/main.py", line 21, in <module>
    from consumer import consume_orders
ModuleNotFoundError: No module named 'consumer'
[2026-04-26T15:32:36.473+0000] {processor.py:927} WARNING - No viable dags retrieved from /opt/airflow/dags/main.py
[2026-04-26T15:32:36.538+0000] {processor.py:208} INFO - Processing /opt/airflow/dags/main.py took 0.163 seconds
[2026-04-26T15:33:06.856+0000] {processor.py:186} INFO - Started process (PID=5021) to work on /opt/airflow/dags/main.py
[2026-04-26T15:33:06.858+0000] {processor.py:914} INFO - Processing file /opt/airflow/dags/main.py for tasks to queue
[2026-04-26T15:33:06.863+0000] {logging_mixin.py:190} INFO - [2026-04-26T15:33:06.863+0000] {dagbag.py:588} INFO - Filling up the DagBag from /opt/airflow/dags/main.py
[2026-04-26T15:33:06.897+0000] {logging_mixin.py:190} INFO - [2026-04-26T15:33:06.890+0000] {dagbag.py:387} ERROR - Failed to import: /opt/airflow/dags/main.py
Traceback (most recent call last):
  File "/home/airflow/.local/lib/python3.12/site-packages/airflow/models/dagbag.py", line 383, in parse
    loader.exec_module(new_module)
  File "<frozen importlib._bootstrap_external>", line 999, in exec_module
  File "<frozen importlib._bootstrap>", line 488, in _call_with_frames_removed
  File "/opt/airflow/dags/main.py", line 21, in <module>
    from consumer import consume_orders
ModuleNotFoundError: No module named 'consumer'
[2026-04-26T15:33:06.899+0000] {processor.py:927} WARNING - No viable dags retrieved from /opt/airflow/dags/main.py
[2026-04-26T15:33:06.926+0000] {processor.py:208} INFO - Processing /opt/airflow/dags/main.py took 0.085 seconds
[2026-04-26T15:33:37.328+0000] {processor.py:186} INFO - Started process (PID=5028) to work on /opt/airflow/dags/main.py
[2026-04-26T15:33:37.331+0000] {processor.py:914} INFO - Processing file /opt/airflow/dags/main.py for tasks to queue
[2026-04-26T15:33:37.335+0000] {logging_mixin.py:190} INFO - [2026-04-26T15:33:37.334+0000] {dagbag.py:588} INFO - Filling up the DagBag from /opt/airflow/dags/main.py
[2026-04-26T15:33:37.401+0000] {logging_mixin.py:190} INFO - [2026-04-26T15:33:37.389+0000] {dagbag.py:387} ERROR - Failed to import: /opt/airflow/dags/main.py
Traceback (most recent call last):
  File "/home/airflow/.local/lib/python3.12/site-packages/airflow/models/dagbag.py", line 383, in parse
    loader.exec_module(new_module)
  File "<frozen importlib._bootstrap_external>", line 999, in exec_module
  File "<frozen importlib._bootstrap>", line 488, in _call_with_frames_removed
  File "/opt/airflow/dags/main.py", line 21, in <module>
    from consumer import consume_orders
ModuleNotFoundError: No module named 'consumer'
[2026-04-26T15:33:37.404+0000] {processor.py:927} WARNING - No viable dags retrieved from /opt/airflow/dags/main.py
[2026-04-26T15:33:37.435+0000] {processor.py:208} INFO - Processing /opt/airflow/dags/main.py took 0.118 seconds
[2026-04-26T15:34:07.800+0000] {processor.py:186} INFO - Started process (PID=5035) to work on /opt/airflow/dags/main.py
[2026-04-26T15:34:07.803+0000] {processor.py:914} INFO - Processing file /opt/airflow/dags/main.py for tasks to queue
[2026-04-26T15:34:07.810+0000] {logging_mixin.py:190} INFO - [2026-04-26T15:34:07.809+0000] {dagbag.py:588} INFO - Filling up the DagBag from /opt/airflow/dags/main.py
[2026-04-26T15:34:07.870+0000] {logging_mixin.py:190} INFO - [2026-04-26T15:34:07.857+0000] {dagbag.py:387} ERROR - Failed to import: /opt/airflow/dags/main.py
Traceback (most recent call last):
  File "/home/airflow/.local/lib/python3.12/site-packages/airflow/models/dagbag.py", line 383, in parse
    loader.exec_module(new_module)
  File "<frozen importlib._bootstrap_external>", line 999, in exec_module
  File "<frozen importlib._bootstrap>", line 488, in _call_with_frames_removed
  File "/opt/airflow/dags/main.py", line 21, in <module>
    from consumer import consume_orders
ModuleNotFoundError: No module named 'consumer'
[2026-04-26T15:34:07.875+0000] {processor.py:927} WARNING - No viable dags retrieved from /opt/airflow/dags/main.py
[2026-04-26T15:34:07.927+0000] {processor.py:208} INFO - Processing /opt/airflow/dags/main.py took 0.146 seconds
[2026-04-26T15:34:38.410+0000] {processor.py:186} INFO - Started process (PID=5042) to work on /opt/airflow/dags/main.py
[2026-04-26T15:34:38.415+0000] {processor.py:914} INFO - Processing file /opt/airflow/dags/main.py for tasks to queue
[2026-04-26T15:34:38.433+0000] {logging_mixin.py:190} INFO - [2026-04-26T15:34:38.431+0000] {dagbag.py:588} INFO - Filling up the DagBag from /opt/airflow/dags/main.py
[2026-04-26T15:34:38.534+0000] {logging_mixin.py:190} INFO - [2026-04-26T15:34:38.513+0000] {dagbag.py:387} ERROR - Failed to import: /opt/airflow/dags/main.py
Traceback (most recent call last):
  File "/home/airflow/.local/lib/python3.12/site-packages/airflow/models/dagbag.py", line 383, in parse
    loader.exec_module(new_module)
  File "<frozen importlib._bootstrap_external>", line 999, in exec_module
  File "<frozen importlib._bootstrap>", line 488, in _call_with_frames_removed
  File "/opt/airflow/dags/main.py", line 21, in <module>
    from consumer import consume_orders
ModuleNotFoundError: No module named 'consumer'
[2026-04-26T15:34:38.541+0000] {processor.py:927} WARNING - No viable dags retrieved from /opt/airflow/dags/main.py
[2026-04-26T15:34:38.596+0000] {processor.py:208} INFO - Processing /opt/airflow/dags/main.py took 0.221 seconds
[2026-04-26T15:35:08.773+0000] {processor.py:186} INFO - Started process (PID=5049) to work on /opt/airflow/dags/main.py
[2026-04-26T15:35:08.775+0000] {processor.py:914} INFO - Processing file /opt/airflow/dags/main.py for tasks to queue
[2026-04-26T15:35:08.780+0000] {logging_mixin.py:190} INFO - [2026-04-26T15:35:08.779+0000] {dagbag.py:588} INFO - Filling up the DagBag from /opt/airflow/dags/main.py
[2026-04-26T15:35:08.814+0000] {logging_mixin.py:190} INFO - [2026-04-26T15:35:08.808+0000] {dagbag.py:387} ERROR - Failed to import: /opt/airflow/dags/main.py
Traceback (most recent call last):
  File "/home/airflow/.local/lib/python3.12/site-packages/airflow/models/dagbag.py", line 383, in parse
    loader.exec_module(new_module)
  File "<frozen importlib._bootstrap_external>", line 999, in exec_module
  File "<frozen importlib._bootstrap>", line 488, in _call_with_frames_removed
  File "/opt/airflow/dags/main.py", line 21, in <module>
    from consumer import consume_orders
ModuleNotFoundError: No module named 'consumer'
[2026-04-26T15:35:08.817+0000] {processor.py:927} WARNING - No viable dags retrieved from /opt/airflow/dags/main.py
[2026-04-26T15:35:08.845+0000] {processor.py:208} INFO - Processing /opt/airflow/dags/main.py took 0.088 seconds
[2026-04-26T15:35:39.065+0000] {processor.py:186} INFO - Started process (PID=5056) to work on /opt/airflow/dags/main.py
[2026-04-26T15:35:39.067+0000] {processor.py:914} INFO - Processing file /opt/airflow/dags/main.py for tasks to queue
[2026-04-26T15:35:39.073+0000] {logging_mixin.py:190} INFO - [2026-04-26T15:35:39.072+0000] {dagbag.py:588} INFO - Filling up the DagBag from /opt/airflow/dags/main.py
[2026-04-26T15:35:39.116+0000] {logging_mixin.py:190} INFO - [2026-04-26T15:35:39.106+0000] {dagbag.py:387} ERROR - Failed to import: /opt/airflow/dags/main.py
Traceback (most recent call last):
  File "/home/airflow/.local/lib/python3.12/site-packages/airflow/models/dagbag.py", line 383, in parse
    loader.exec_module(new_module)
  File "<frozen importlib._bootstrap_external>", line 999, in exec_module
  File "<frozen importlib._bootstrap>", line 488, in _call_with_frames_removed
  File "/opt/airflow/dags/main.py", line 21, in <module>
    from consumer import consume_orders
ModuleNotFoundError: No module named 'consumer'
[2026-04-26T15:35:39.119+0000] {processor.py:927} WARNING - No viable dags retrieved from /opt/airflow/dags/main.py
[2026-04-26T15:35:39.150+0000] {processor.py:208} INFO - Processing /opt/airflow/dags/main.py took 0.098 seconds
[2026-04-26T15:36:09.368+0000] {processor.py:186} INFO - Started process (PID=5063) to work on /opt/airflow/dags/main.py
[2026-04-26T15:36:09.369+0000] {processor.py:914} INFO - Processing file /opt/airflow/dags/main.py for tasks to queue
[2026-04-26T15:36:09.373+0000] {logging_mixin.py:190} INFO - [2026-04-26T15:36:09.372+0000] {dagbag.py:588} INFO - Filling up the DagBag from /opt/airflow/dags/main.py
[2026-04-26T15:36:09.405+0000] {logging_mixin.py:190} INFO - [2026-04-26T15:36:09.398+0000] {dagbag.py:387} ERROR - Failed to import: /opt/airflow/dags/main.py
Traceback (most recent call last):
  File "/home/airflow/.local/lib/python3.12/site-packages/airflow/models/dagbag.py", line 383, in parse
    loader.exec_module(new_module)
  File "<frozen importlib._bootstrap_external>", line 999, in exec_module
  File "<frozen importlib._bootstrap>", line 488, in _call_with_frames_removed
  File "/opt/airflow/dags/main.py", line 21, in <module>
    from consumer import consume_orders
ModuleNotFoundError: No module named 'consumer'
[2026-04-26T15:36:09.407+0000] {processor.py:927} WARNING - No viable dags retrieved from /opt/airflow/dags/main.py
[2026-04-26T15:36:09.435+0000] {processor.py:208} INFO - Processing /opt/airflow/dags/main.py took 0.075 seconds
[2026-04-26T15:36:39.577+0000] {processor.py:186} INFO - Started process (PID=5064) to work on /opt/airflow/dags/main.py
[2026-04-26T15:36:39.579+0000] {processor.py:914} INFO - Processing file /opt/airflow/dags/main.py for tasks to queue
[2026-04-26T15:36:39.586+0000] {logging_mixin.py:190} INFO - [2026-04-26T15:36:39.585+0000] {dagbag.py:588} INFO - Filling up the DagBag from /opt/airflow/dags/main.py
[2026-04-26T15:36:39.624+0000] {logging_mixin.py:190} INFO - [2026-04-26T15:36:39.616+0000] {dagbag.py:387} ERROR - Failed to import: /opt/airflow/dags/main.py
Traceback (most recent call last):
  File "/home/airflow/.local/lib/python3.12/site-packages/airflow/models/dagbag.py", line 383, in parse
    loader.exec_module(new_module)
  File "<frozen importlib._bootstrap_external>", line 999, in exec_module
  File "<frozen importlib._bootstrap>", line 488, in _call_with_frames_removed
  File "/opt/airflow/dags/main.py", line 21, in <module>
    from consumer import consume_orders
ModuleNotFoundError: No module named 'consumer'
[2026-04-26T15:36:39.627+0000] {processor.py:927} WARNING - No viable dags retrieved from /opt/airflow/dags/main.py
[2026-04-26T15:36:39.677+0000] {processor.py:208} INFO - Processing /opt/airflow/dags/main.py took 0.123 seconds
[2026-04-26T15:37:09.779+0000] {processor.py:186} INFO - Started process (PID=5071) to work on /opt/airflow/dags/main.py
[2026-04-26T15:37:09.782+0000] {processor.py:914} INFO - Processing file /opt/airflow/dags/main.py for tasks to queue
[2026-04-26T15:37:09.788+0000] {logging_mixin.py:190} INFO - [2026-04-26T15:37:09.787+0000] {dagbag.py:588} INFO - Filling up the DagBag from /opt/airflow/dags/main.py
[2026-04-26T15:37:09.817+0000] {logging_mixin.py:190} INFO - [2026-04-26T15:37:09.811+0000] {dagbag.py:387} ERROR - Failed to import: /opt/airflow/dags/main.py
Traceback (most recent call last):
  File "/home/airflow/.local/lib/python3.12/site-packages/airflow/models/dagbag.py", line 383, in parse
    loader.exec_module(new_module)
  File "<frozen importlib._bootstrap_external>", line 999, in exec_module
  File "<frozen importlib._bootstrap>", line 488, in _call_with_frames_removed
  File "/opt/airflow/dags/main.py", line 21, in <module>
    from consumer import consume_orders
ModuleNotFoundError: No module named 'consumer'
[2026-04-26T15:37:09.820+0000] {processor.py:927} WARNING - No viable dags retrieved from /opt/airflow/dags/main.py
[2026-04-26T15:37:09.858+0000] {processor.py:208} INFO - Processing /opt/airflow/dags/main.py took 0.090 seconds
[2026-04-26T15:37:40.062+0000] {processor.py:186} INFO - Started process (PID=5078) to work on /opt/airflow/dags/main.py
[2026-04-26T15:37:40.064+0000] {processor.py:914} INFO - Processing file /opt/airflow/dags/main.py for tasks to queue
[2026-04-26T15:37:40.067+0000] {logging_mixin.py:190} INFO - [2026-04-26T15:37:40.067+0000] {dagbag.py:588} INFO - Filling up the DagBag from /opt/airflow/dags/main.py
[2026-04-26T15:37:40.101+0000] {logging_mixin.py:190} INFO - [2026-04-26T15:37:40.094+0000] {dagbag.py:387} ERROR - Failed to import: /opt/airflow/dags/main.py
Traceback (most recent call last):
  File "/home/airflow/.local/lib/python3.12/site-packages/airflow/models/dagbag.py", line 383, in parse
    loader.exec_module(new_module)
  File "<frozen importlib._bootstrap_external>", line 999, in exec_module
  File "<frozen importlib._bootstrap>", line 488, in _call_with_frames_removed
  File "/opt/airflow/dags/main.py", line 21, in <module>
    from consumer import consume_orders
ModuleNotFoundError: No module named 'consumer'
[2026-04-26T15:37:40.103+0000] {processor.py:927} WARNING - No viable dags retrieved from /opt/airflow/dags/main.py
[2026-04-26T15:37:40.128+0000] {processor.py:208} INFO - Processing /opt/airflow/dags/main.py took 0.075 seconds
[2026-04-26T15:38:10.434+0000] {processor.py:186} INFO - Started process (PID=5085) to work on /opt/airflow/dags/main.py
[2026-04-26T15:38:10.435+0000] {processor.py:914} INFO - Processing file /opt/airflow/dags/main.py for tasks to queue
[2026-04-26T15:38:10.439+0000] {logging_mixin.py:190} INFO - [2026-04-26T15:38:10.439+0000] {dagbag.py:588} INFO - Filling up the DagBag from /opt/airflow/dags/main.py
[2026-04-26T15:38:10.499+0000] {logging_mixin.py:190} INFO - [2026-04-26T15:38:10.487+0000] {dagbag.py:387} ERROR - Failed to import: /opt/airflow/dags/main.py
Traceback (most recent call last):
  File "/home/airflow/.local/lib/python3.12/site-packages/airflow/models/dagbag.py", line 383, in parse
    loader.exec_module(new_module)
  File "<frozen importlib._bootstrap_external>", line 999, in exec_module
  File "<frozen importlib._bootstrap>", line 488, in _call_with_frames_removed
  File "/opt/airflow/dags/main.py", line 21, in <module>
    from consumer import consume_orders
ModuleNotFoundError: No module named 'consumer'
[2026-04-26T15:38:10.504+0000] {processor.py:927} WARNING - No viable dags retrieved from /opt/airflow/dags/main.py
[2026-04-26T15:38:10.614+0000] {processor.py:208} INFO - Processing /opt/airflow/dags/main.py took 0.190 seconds
[2026-04-26T15:38:40.760+0000] {processor.py:186} INFO - Started process (PID=5092) to work on /opt/airflow/dags/main.py
[2026-04-26T15:38:40.762+0000] {processor.py:914} INFO - Processing file /opt/airflow/dags/main.py for tasks to queue
[2026-04-26T15:38:40.765+0000] {logging_mixin.py:190} INFO - [2026-04-26T15:38:40.765+0000] {dagbag.py:588} INFO - Filling up the DagBag from /opt/airflow/dags/main.py
[2026-04-26T15:38:40.795+0000] {logging_mixin.py:190} INFO - [2026-04-26T15:38:40.788+0000] {dagbag.py:387} ERROR - Failed to import: /opt/airflow/dags/main.py
Traceback (most recent call last):
  File "/home/airflow/.local/lib/python3.12/site-packages/airflow/models/dagbag.py", line 383, in parse
    loader.exec_module(new_module)
  File "<frozen importlib._bootstrap_external>", line 999, in exec_module
  File "<frozen importlib._bootstrap>", line 488, in _call_with_frames_removed
  File "/opt/airflow/dags/main.py", line 21, in <module>
    from consumer import consume_orders
ModuleNotFoundError: No module named 'consumer'
[2026-04-26T15:38:40.797+0000] {processor.py:927} WARNING - No viable dags retrieved from /opt/airflow/dags/main.py
[2026-04-26T15:38:40.820+0000] {processor.py:208} INFO - Processing /opt/airflow/dags/main.py took 0.070 seconds
[2026-04-26T15:39:10.937+0000] {processor.py:186} INFO - Started process (PID=5099) to work on /opt/airflow/dags/main.py
[2026-04-26T15:39:10.940+0000] {processor.py:914} INFO - Processing file /opt/airflow/dags/main.py for tasks to queue
[2026-04-26T15:39:10.949+0000] {logging_mixin.py:190} INFO - [2026-04-26T15:39:10.948+0000] {dagbag.py:588} INFO - Filling up the DagBag from /opt/airflow/dags/main.py
[2026-04-26T15:39:11.005+0000] {logging_mixin.py:190} INFO - [2026-04-26T15:39:10.993+0000] {dagbag.py:387} ERROR - Failed to import: /opt/airflow/dags/main.py
Traceback (most recent call last):
  File "/home/airflow/.local/lib/python3.12/site-packages/airflow/models/dagbag.py", line 383, in parse
    loader.exec_module(new_module)
  File "<frozen importlib._bootstrap_external>", line 999, in exec_module
  File "<frozen importlib._bootstrap>", line 488, in _call_with_frames_removed
  File "/opt/airflow/dags/main.py", line 21, in <module>
    from consumer import consume_orders
ModuleNotFoundError: No module named 'consumer'
[2026-04-26T15:39:11.010+0000] {processor.py:927} WARNING - No viable dags retrieved from /opt/airflow/dags/main.py
[2026-04-26T15:39:11.054+0000] {processor.py:208} INFO - Processing /opt/airflow/dags/main.py took 0.135 seconds
[2026-04-26T15:39:41.508+0000] {processor.py:186} INFO - Started process (PID=5106) to work on /opt/airflow/dags/main.py
[2026-04-26T15:39:41.511+0000] {processor.py:914} INFO - Processing file /opt/airflow/dags/main.py for tasks to queue
[2026-04-26T15:39:41.517+0000] {logging_mixin.py:190} INFO - [2026-04-26T15:39:41.516+0000] {dagbag.py:588} INFO - Filling up the DagBag from /opt/airflow/dags/main.py
[2026-04-26T15:39:41.552+0000] {logging_mixin.py:190} INFO - [2026-04-26T15:39:41.546+0000] {dagbag.py:387} ERROR - Failed to import: /opt/airflow/dags/main.py
Traceback (most recent call last):
  File "/home/airflow/.local/lib/python3.12/site-packages/airflow/models/dagbag.py", line 383, in parse
    loader.exec_module(new_module)
  File "<frozen importlib._bootstrap_external>", line 999, in exec_module
  File "<frozen importlib._bootstrap>", line 488, in _call_with_frames_removed
  File "/opt/airflow/dags/main.py", line 21, in <module>
    from consumer import consume_orders
ModuleNotFoundError: No module named 'consumer'
[2026-04-26T15:39:41.554+0000] {processor.py:927} WARNING - No viable dags retrieved from /opt/airflow/dags/main.py
[2026-04-26T15:39:41.585+0000] {processor.py:208} INFO - Processing /opt/airflow/dags/main.py took 0.088 seconds
[2026-04-26T15:40:11.787+0000] {processor.py:186} INFO - Started process (PID=5113) to work on /opt/airflow/dags/main.py
[2026-04-26T15:40:11.790+0000] {processor.py:914} INFO - Processing file /opt/airflow/dags/main.py for tasks to queue
[2026-04-26T15:40:11.796+0000] {logging_mixin.py:190} INFO - [2026-04-26T15:40:11.796+0000] {dagbag.py:588} INFO - Filling up the DagBag from /opt/airflow/dags/main.py
[2026-04-26T15:40:11.837+0000] {logging_mixin.py:190} INFO - [2026-04-26T15:40:11.828+0000] {dagbag.py:387} ERROR - Failed to import: /opt/airflow/dags/main.py
Traceback (most recent call last):
  File "/home/airflow/.local/lib/python3.12/site-packages/airflow/models/dagbag.py", line 383, in parse
    loader.exec_module(new_module)
  File "<frozen importlib._bootstrap_external>", line 999, in exec_module
  File "<frozen importlib._bootstrap>", line 488, in _call_with_frames_removed
  File "/opt/airflow/dags/main.py", line 21, in <module>
    from consumer import consume_orders
ModuleNotFoundError: No module named 'consumer'
[2026-04-26T15:40:11.841+0000] {processor.py:927} WARNING - No viable dags retrieved from /opt/airflow/dags/main.py
[2026-04-26T15:40:11.888+0000] {processor.py:208} INFO - Processing /opt/airflow/dags/main.py took 0.116 seconds
[2026-04-26T15:40:41.957+0000] {processor.py:186} INFO - Started process (PID=5120) to work on /opt/airflow/dags/main.py
[2026-04-26T15:40:41.958+0000] {processor.py:914} INFO - Processing file /opt/airflow/dags/main.py for tasks to queue
[2026-04-26T15:40:41.962+0000] {logging_mixin.py:190} INFO - [2026-04-26T15:40:41.962+0000] {dagbag.py:588} INFO - Filling up the DagBag from /opt/airflow/dags/main.py
[2026-04-26T15:40:41.991+0000] {logging_mixin.py:190} INFO - [2026-04-26T15:40:41.985+0000] {dagbag.py:387} ERROR - Failed to import: /opt/airflow/dags/main.py
Traceback (most recent call last):
  File "/home/airflow/.local/lib/python3.12/site-packages/airflow/models/dagbag.py", line 383, in parse
    loader.exec_module(new_module)
  File "<frozen importlib._bootstrap_external>", line 999, in exec_module
  File "<frozen importlib._bootstrap>", line 488, in _call_with_frames_removed
  File "/opt/airflow/dags/main.py", line 21, in <module>
    from consumer import consume_orders
ModuleNotFoundError: No module named 'consumer'
[2026-04-26T15:40:41.993+0000] {processor.py:927} WARNING - No viable dags retrieved from /opt/airflow/dags/main.py
[2026-04-26T15:40:42.042+0000] {processor.py:208} INFO - Processing /opt/airflow/dags/main.py took 0.096 seconds
[2026-04-26T15:41:12.350+0000] {processor.py:186} INFO - Started process (PID=5127) to work on /opt/airflow/dags/main.py
[2026-04-26T15:41:12.352+0000] {processor.py:914} INFO - Processing file /opt/airflow/dags/main.py for tasks to queue
[2026-04-26T15:41:12.355+0000] {logging_mixin.py:190} INFO - [2026-04-26T15:41:12.355+0000] {dagbag.py:588} INFO - Filling up the DagBag from /opt/airflow/dags/main.py
[2026-04-26T15:41:12.387+0000] {logging_mixin.py:190} INFO - [2026-04-26T15:41:12.378+0000] {dagbag.py:387} ERROR - Failed to import: /opt/airflow/dags/main.py
Traceback (most recent call last):
  File "/home/airflow/.local/lib/python3.12/site-packages/airflow/models/dagbag.py", line 383, in parse
    loader.exec_module(new_module)
  File "<frozen importlib._bootstrap_external>", line 999, in exec_module
  File "<frozen importlib._bootstrap>", line 488, in _call_with_frames_removed
  File "/opt/airflow/dags/main.py", line 21, in <module>
    from consumer import consume_orders
ModuleNotFoundError: No module named 'consumer'
[2026-04-26T15:41:12.392+0000] {processor.py:927} WARNING - No viable dags retrieved from /opt/airflow/dags/main.py
[2026-04-26T15:41:12.443+0000] {processor.py:208} INFO - Processing /opt/airflow/dags/main.py took 0.100 seconds
[2026-04-26T15:41:42.660+0000] {processor.py:186} INFO - Started process (PID=5134) to work on /opt/airflow/dags/main.py
[2026-04-26T15:41:42.662+0000] {processor.py:914} INFO - Processing file /opt/airflow/dags/main.py for tasks to queue
[2026-04-26T15:41:42.666+0000] {logging_mixin.py:190} INFO - [2026-04-26T15:41:42.666+0000] {dagbag.py:588} INFO - Filling up the DagBag from /opt/airflow/dags/main.py
[2026-04-26T15:41:42.696+0000] {logging_mixin.py:190} INFO - [2026-04-26T15:41:42.691+0000] {dagbag.py:387} ERROR - Failed to import: /opt/airflow/dags/main.py
Traceback (most recent call last):
  File "/home/airflow/.local/lib/python3.12/site-packages/airflow/models/dagbag.py", line 383, in parse
    loader.exec_module(new_module)
  File "<frozen importlib._bootstrap_external>", line 999, in exec_module
  File "<frozen importlib._bootstrap>", line 488, in _call_with_frames_removed
  File "/opt/airflow/dags/main.py", line 21, in <module>
    from consumer import consume_orders
ModuleNotFoundError: No module named 'consumer'
[2026-04-26T15:41:42.698+0000] {processor.py:927} WARNING - No viable dags retrieved from /opt/airflow/dags/main.py
[2026-04-26T15:41:42.722+0000] {processor.py:208} INFO - Processing /opt/airflow/dags/main.py took 0.075 seconds
[2026-04-26T15:42:12.984+0000] {processor.py:186} INFO - Started process (PID=5141) to work on /opt/airflow/dags/main.py
[2026-04-26T15:42:12.986+0000] {processor.py:914} INFO - Processing file /opt/airflow/dags/main.py for tasks to queue
[2026-04-26T15:42:12.993+0000] {logging_mixin.py:190} INFO - [2026-04-26T15:42:12.992+0000] {dagbag.py:588} INFO - Filling up the DagBag from /opt/airflow/dags/main.py
[2026-04-26T15:42:13.042+0000] {logging_mixin.py:190} INFO - [2026-04-26T15:42:13.032+0000] {dagbag.py:387} ERROR - Failed to import: /opt/airflow/dags/main.py
Traceback (most recent call last):
  File "/home/airflow/.local/lib/python3.12/site-packages/airflow/models/dagbag.py", line 383, in parse
    loader.exec_module(new_module)
  File "<frozen importlib._bootstrap_external>", line 999, in exec_module
  File "<frozen importlib._bootstrap>", line 488, in _call_with_frames_removed
  File "/opt/airflow/dags/main.py", line 21, in <module>
    from consumer import consume_orders
ModuleNotFoundError: No module named 'consumer'
[2026-04-26T15:42:13.045+0000] {processor.py:927} WARNING - No viable dags retrieved from /opt/airflow/dags/main.py
[2026-04-26T15:42:13.086+0000] {processor.py:208} INFO - Processing /opt/airflow/dags/main.py took 0.120 seconds
[2026-04-26T15:42:43.296+0000] {processor.py:186} INFO - Started process (PID=5148) to work on /opt/airflow/dags/main.py
[2026-04-26T15:42:43.298+0000] {processor.py:914} INFO - Processing file /opt/airflow/dags/main.py for tasks to queue
[2026-04-26T15:42:43.303+0000] {logging_mixin.py:190} INFO - [2026-04-26T15:42:43.302+0000] {dagbag.py:588} INFO - Filling up the DagBag from /opt/airflow/dags/main.py
[2026-04-26T15:42:43.357+0000] {logging_mixin.py:190} INFO - [2026-04-26T15:42:43.347+0000] {dagbag.py:387} ERROR - Failed to import: /opt/airflow/dags/main.py
Traceback (most recent call last):
  File "/home/airflow/.local/lib/python3.12/site-packages/airflow/models/dagbag.py", line 383, in parse
    loader.exec_module(new_module)
  File "<frozen importlib._bootstrap_external>", line 999, in exec_module
  File "<frozen importlib._bootstrap>", line 488, in _call_with_frames_removed
  File "/opt/airflow/dags/main.py", line 21, in <module>
    from consumer import consume_orders
ModuleNotFoundError: No module named 'consumer'
[2026-04-26T15:42:43.361+0000] {processor.py:927} WARNING - No viable dags retrieved from /opt/airflow/dags/main.py
[2026-04-26T15:42:43.400+0000] {processor.py:208} INFO - Processing /opt/airflow/dags/main.py took 0.119 seconds
[2026-04-26T15:43:13.617+0000] {processor.py:186} INFO - Started process (PID=5155) to work on /opt/airflow/dags/main.py
[2026-04-26T15:43:13.618+0000] {processor.py:914} INFO - Processing file /opt/airflow/dags/main.py for tasks to queue
[2026-04-26T15:43:13.622+0000] {logging_mixin.py:190} INFO - [2026-04-26T15:43:13.621+0000] {dagbag.py:588} INFO - Filling up the DagBag from /opt/airflow/dags/main.py
[2026-04-26T15:43:13.654+0000] {logging_mixin.py:190} INFO - [2026-04-26T15:43:13.646+0000] {dagbag.py:387} ERROR - Failed to import: /opt/airflow/dags/main.py
Traceback (most recent call last):
  File "/home/airflow/.local/lib/python3.12/site-packages/airflow/models/dagbag.py", line 383, in parse
    loader.exec_module(new_module)
  File "<frozen importlib._bootstrap_external>", line 999, in exec_module
  File "<frozen importlib._bootstrap>", line 488, in _call_with_frames_removed
  File "/opt/airflow/dags/main.py", line 21, in <module>
    from consumer import consume_orders
ModuleNotFoundError: No module named 'consumer'
[2026-04-26T15:43:13.657+0000] {processor.py:927} WARNING - No viable dags retrieved from /opt/airflow/dags/main.py
[2026-04-26T15:43:13.689+0000] {processor.py:208} INFO - Processing /opt/airflow/dags/main.py took 0.084 seconds
[2026-04-26T15:43:44.849+0000] {processor.py:186} INFO - Started process (PID=5162) to work on /opt/airflow/dags/main.py
[2026-04-26T15:43:44.851+0000] {processor.py:914} INFO - Processing file /opt/airflow/dags/main.py for tasks to queue
[2026-04-26T15:43:44.854+0000] {logging_mixin.py:190} INFO - [2026-04-26T15:43:44.854+0000] {dagbag.py:588} INFO - Filling up the DagBag from /opt/airflow/dags/main.py
[2026-04-26T15:43:44.886+0000] {logging_mixin.py:190} INFO - [2026-04-26T15:43:44.881+0000] {dagbag.py:387} ERROR - Failed to import: /opt/airflow/dags/main.py
Traceback (most recent call last):
  File "/home/airflow/.local/lib/python3.12/site-packages/airflow/models/dagbag.py", line 383, in parse
    loader.exec_module(new_module)
  File "<frozen importlib._bootstrap_external>", line 999, in exec_module
  File "<frozen importlib._bootstrap>", line 488, in _call_with_frames_removed
  File "/opt/airflow/dags/main.py", line 21, in <module>
    from consumer import consume_orders
ModuleNotFoundError: No module named 'consumer'
[2026-04-26T15:43:44.889+0000] {processor.py:927} WARNING - No viable dags retrieved from /opt/airflow/dags/main.py
[2026-04-26T15:43:44.913+0000] {processor.py:208} INFO - Processing /opt/airflow/dags/main.py took 0.072 seconds
[2026-04-26T15:44:15.170+0000] {processor.py:186} INFO - Started process (PID=5169) to work on /opt/airflow/dags/main.py
[2026-04-26T15:44:15.171+0000] {processor.py:914} INFO - Processing file /opt/airflow/dags/main.py for tasks to queue
[2026-04-26T15:44:15.177+0000] {logging_mixin.py:190} INFO - [2026-04-26T15:44:15.176+0000] {dagbag.py:588} INFO - Filling up the DagBag from /opt/airflow/dags/main.py
[2026-04-26T15:44:15.208+0000] {logging_mixin.py:190} INFO - [2026-04-26T15:44:15.202+0000] {dagbag.py:387} ERROR - Failed to import: /opt/airflow/dags/main.py
Traceback (most recent call last):
  File "/home/airflow/.local/lib/python3.12/site-packages/airflow/models/dagbag.py", line 383, in parse
    loader.exec_module(new_module)
  File "<frozen importlib._bootstrap_external>", line 999, in exec_module
  File "<frozen importlib._bootstrap>", line 488, in _call_with_frames_removed
  File "/opt/airflow/dags/main.py", line 21, in <module>
    from consumer import consume_orders
ModuleNotFoundError: No module named 'consumer'
[2026-04-26T15:44:15.210+0000] {processor.py:927} WARNING - No viable dags retrieved from /opt/airflow/dags/main.py
[2026-04-26T15:44:15.233+0000] {processor.py:208} INFO - Processing /opt/airflow/dags/main.py took 0.073 seconds
[2026-04-26T15:44:45.364+0000] {processor.py:186} INFO - Started process (PID=5176) to work on /opt/airflow/dags/main.py
[2026-04-26T15:44:45.366+0000] {processor.py:914} INFO - Processing file /opt/airflow/dags/main.py for tasks to queue
[2026-04-26T15:44:45.369+0000] {logging_mixin.py:190} INFO - [2026-04-26T15:44:45.369+0000] {dagbag.py:588} INFO - Filling up the DagBag from /opt/airflow/dags/main.py
[2026-04-26T15:44:45.401+0000] {logging_mixin.py:190} INFO - [2026-04-26T15:44:45.395+0000] {dagbag.py:387} ERROR - Failed to import: /opt/airflow/dags/main.py
Traceback (most recent call last):
  File "/home/airflow/.local/lib/python3.12/site-packages/airflow/models/dagbag.py", line 383, in parse
    loader.exec_module(new_module)
  File "<frozen importlib._bootstrap_external>", line 999, in exec_module
  File "<frozen importlib._bootstrap>", line 488, in _call_with_frames_removed
  File "/opt/airflow/dags/main.py", line 21, in <module>
    from consumer import consume_orders
ModuleNotFoundError: No module named 'consumer'
[2026-04-26T15:44:45.403+0000] {processor.py:927} WARNING - No viable dags retrieved from /opt/airflow/dags/main.py
[2026-04-26T15:44:45.436+0000] {processor.py:208} INFO - Processing /opt/airflow/dags/main.py took 0.082 seconds
[2026-04-26T15:45:15.616+0000] {processor.py:186} INFO - Started process (PID=5183) to work on /opt/airflow/dags/main.py
[2026-04-26T15:45:15.618+0000] {processor.py:914} INFO - Processing file /opt/airflow/dags/main.py for tasks to queue
[2026-04-26T15:45:15.621+0000] {logging_mixin.py:190} INFO - [2026-04-26T15:45:15.621+0000] {dagbag.py:588} INFO - Filling up the DagBag from /opt/airflow/dags/main.py
[2026-04-26T15:45:15.653+0000] {logging_mixin.py:190} INFO - [2026-04-26T15:45:15.646+0000] {dagbag.py:387} ERROR - Failed to import: /opt/airflow/dags/main.py
Traceback (most recent call last):
  File "/home/airflow/.local/lib/python3.12/site-packages/airflow/models/dagbag.py", line 383, in parse
    loader.exec_module(new_module)
  File "<frozen importlib._bootstrap_external>", line 999, in exec_module
  File "<frozen importlib._bootstrap>", line 488, in _call_with_frames_removed
  File "/opt/airflow/dags/main.py", line 21, in <module>
    from consumer import consume_orders
ModuleNotFoundError: No module named 'consumer'
[2026-04-26T15:45:15.656+0000] {processor.py:927} WARNING - No viable dags retrieved from /opt/airflow/dags/main.py
[2026-04-26T15:45:15.686+0000] {processor.py:208} INFO - Processing /opt/airflow/dags/main.py took 0.079 seconds
[2026-04-26T15:45:46.008+0000] {processor.py:186} INFO - Started process (PID=5190) to work on /opt/airflow/dags/main.py
[2026-04-26T15:45:46.010+0000] {processor.py:914} INFO - Processing file /opt/airflow/dags/main.py for tasks to queue
[2026-04-26T15:45:46.014+0000] {logging_mixin.py:190} INFO - [2026-04-26T15:45:46.013+0000] {dagbag.py:588} INFO - Filling up the DagBag from /opt/airflow/dags/main.py
[2026-04-26T15:45:46.058+0000] {logging_mixin.py:190} INFO - [2026-04-26T15:45:46.047+0000] {dagbag.py:387} ERROR - Failed to import: /opt/airflow/dags/main.py
Traceback (most recent call last):
  File "/home/airflow/.local/lib/python3.12/site-packages/airflow/models/dagbag.py", line 383, in parse
    loader.exec_module(new_module)
  File "<frozen importlib._bootstrap_external>", line 999, in exec_module
  File "<frozen importlib._bootstrap>", line 488, in _call_with_frames_removed
  File "/opt/airflow/dags/main.py", line 21, in <module>
    from consumer import consume_orders
ModuleNotFoundError: No module named 'consumer'
[2026-04-26T15:45:46.063+0000] {processor.py:927} WARNING - No viable dags retrieved from /opt/airflow/dags/main.py
[2026-04-26T15:45:46.098+0000] {processor.py:208} INFO - Processing /opt/airflow/dags/main.py took 0.101 seconds
[2026-04-26T15:46:16.334+0000] {processor.py:186} INFO - Started process (PID=5197) to work on /opt/airflow/dags/main.py
[2026-04-26T15:46:16.337+0000] {processor.py:914} INFO - Processing file /opt/airflow/dags/main.py for tasks to queue
[2026-04-26T15:46:16.343+0000] {logging_mixin.py:190} INFO - [2026-04-26T15:46:16.342+0000] {dagbag.py:588} INFO - Filling up the DagBag from /opt/airflow/dags/main.py
[2026-04-26T15:46:16.393+0000] {logging_mixin.py:190} INFO - [2026-04-26T15:46:16.382+0000] {dagbag.py:387} ERROR - Failed to import: /opt/airflow/dags/main.py
Traceback (most recent call last):
  File "/home/airflow/.local/lib/python3.12/site-packages/airflow/models/dagbag.py", line 383, in parse
    loader.exec_module(new_module)
  File "<frozen importlib._bootstrap_external>", line 999, in exec_module
  File "<frozen importlib._bootstrap>", line 488, in _call_with_frames_removed
  File "/opt/airflow/dags/main.py", line 21, in <module>
    from consumer import consume_orders
ModuleNotFoundError: No module named 'consumer'
[2026-04-26T15:46:16.397+0000] {processor.py:927} WARNING - No viable dags retrieved from /opt/airflow/dags/main.py
[2026-04-26T15:46:16.447+0000] {processor.py:208} INFO - Processing /opt/airflow/dags/main.py took 0.129 seconds
[2026-04-26T15:46:46.734+0000] {processor.py:186} INFO - Started process (PID=5198) to work on /opt/airflow/dags/main.py
[2026-04-26T15:46:46.736+0000] {processor.py:914} INFO - Processing file /opt/airflow/dags/main.py for tasks to queue
[2026-04-26T15:46:46.740+0000] {logging_mixin.py:190} INFO - [2026-04-26T15:46:46.740+0000] {dagbag.py:588} INFO - Filling up the DagBag from /opt/airflow/dags/main.py
[2026-04-26T15:46:46.783+0000] {logging_mixin.py:190} INFO - [2026-04-26T15:46:46.771+0000] {dagbag.py:387} ERROR - Failed to import: /opt/airflow/dags/main.py
Traceback (most recent call last):
  File "/home/airflow/.local/lib/python3.12/site-packages/airflow/models/dagbag.py", line 383, in parse
    loader.exec_module(new_module)
  File "<frozen importlib._bootstrap_external>", line 999, in exec_module
  File "<frozen importlib._bootstrap>", line 488, in _call_with_frames_removed
  File "/opt/airflow/dags/main.py", line 21, in <module>
    from consumer import consume_orders
ModuleNotFoundError: No module named 'consumer'
[2026-04-26T15:46:46.787+0000] {processor.py:927} WARNING - No viable dags retrieved from /opt/airflow/dags/main.py
[2026-04-26T15:46:46.834+0000] {processor.py:208} INFO - Processing /opt/airflow/dags/main.py took 0.111 seconds
[2026-04-26T15:47:17.726+0000] {processor.py:186} INFO - Started process (PID=5205) to work on /opt/airflow/dags/main.py
[2026-04-26T15:47:17.728+0000] {processor.py:914} INFO - Processing file /opt/airflow/dags/main.py for tasks to queue
[2026-04-26T15:47:17.733+0000] {logging_mixin.py:190} INFO - [2026-04-26T15:47:17.733+0000] {dagbag.py:588} INFO - Filling up the DagBag from /opt/airflow/dags/main.py
[2026-04-26T15:47:17.788+0000] {logging_mixin.py:190} INFO - [2026-04-26T15:47:17.775+0000] {dagbag.py:387} ERROR - Failed to import: /opt/airflow/dags/main.py
Traceback (most recent call last):
  File "/home/airflow/.local/lib/python3.12/site-packages/airflow/models/dagbag.py", line 383, in parse
    loader.exec_module(new_module)
  File "<frozen importlib._bootstrap_external>", line 999, in exec_module
  File "<frozen importlib._bootstrap>", line 488, in _call_with_frames_removed
  File "/opt/airflow/dags/main.py", line 21, in <module>
    from consumer import consume_orders
ModuleNotFoundError: No module named 'consumer'
[2026-04-26T15:47:17.792+0000] {processor.py:927} WARNING - No viable dags retrieved from /opt/airflow/dags/main.py
[2026-04-26T15:47:17.843+0000] {processor.py:208} INFO - Processing /opt/airflow/dags/main.py took 0.129 seconds
[2026-04-26T15:47:48.166+0000] {processor.py:186} INFO - Started process (PID=5212) to work on /opt/airflow/dags/main.py
[2026-04-26T15:47:48.168+0000] {processor.py:914} INFO - Processing file /opt/airflow/dags/main.py for tasks to queue
[2026-04-26T15:47:48.172+0000] {logging_mixin.py:190} INFO - [2026-04-26T15:47:48.171+0000] {dagbag.py:588} INFO - Filling up the DagBag from /opt/airflow/dags/main.py
[2026-04-26T15:47:48.203+0000] {logging_mixin.py:190} INFO - [2026-04-26T15:47:48.197+0000] {dagbag.py:387} ERROR - Failed to import: /opt/airflow/dags/main.py
Traceback (most recent call last):
  File "/home/airflow/.local/lib/python3.12/site-packages/airflow/models/dagbag.py", line 383, in parse
    loader.exec_module(new_module)
  File "<frozen importlib._bootstrap_external>", line 999, in exec_module
  File "<frozen importlib._bootstrap>", line 488, in _call_with_frames_removed
  File "/opt/airflow/dags/main.py", line 21, in <module>
    from consumer import consume_orders
ModuleNotFoundError: No module named 'consumer'
[2026-04-26T15:47:48.205+0000] {processor.py:927} WARNING - No viable dags retrieved from /opt/airflow/dags/main.py
[2026-04-26T15:47:48.229+0000] {processor.py:208} INFO - Processing /opt/airflow/dags/main.py took 0.074 seconds
[2026-04-26T15:48:18.353+0000] {processor.py:186} INFO - Started process (PID=5219) to work on /opt/airflow/dags/main.py
[2026-04-26T15:48:18.355+0000] {processor.py:914} INFO - Processing file /opt/airflow/dags/main.py for tasks to queue
[2026-04-26T15:48:18.360+0000] {logging_mixin.py:190} INFO - [2026-04-26T15:48:18.359+0000] {dagbag.py:588} INFO - Filling up the DagBag from /opt/airflow/dags/main.py
[2026-04-26T15:48:18.395+0000] {logging_mixin.py:190} INFO - [2026-04-26T15:48:18.388+0000] {dagbag.py:387} ERROR - Failed to import: /opt/airflow/dags/main.py
Traceback (most recent call last):
  File "/home/airflow/.local/lib/python3.12/site-packages/airflow/models/dagbag.py", line 383, in parse
    loader.exec_module(new_module)
  File "<frozen importlib._bootstrap_external>", line 999, in exec_module
  File "<frozen importlib._bootstrap>", line 488, in _call_with_frames_removed
  File "/opt/airflow/dags/main.py", line 21, in <module>
    from consumer import consume_orders
ModuleNotFoundError: No module named 'consumer'
[2026-04-26T15:48:18.397+0000] {processor.py:927} WARNING - No viable dags retrieved from /opt/airflow/dags/main.py
[2026-04-26T15:48:18.428+0000] {processor.py:208} INFO - Processing /opt/airflow/dags/main.py took 0.085 seconds
[2026-04-26T15:48:48.723+0000] {processor.py:186} INFO - Started process (PID=5226) to work on /opt/airflow/dags/main.py
[2026-04-26T15:48:48.725+0000] {processor.py:914} INFO - Processing file /opt/airflow/dags/main.py for tasks to queue
[2026-04-26T15:48:48.730+0000] {logging_mixin.py:190} INFO - [2026-04-26T15:48:48.730+0000] {dagbag.py:588} INFO - Filling up the DagBag from /opt/airflow/dags/main.py
[2026-04-26T15:48:48.774+0000] {logging_mixin.py:190} INFO - [2026-04-26T15:48:48.767+0000] {dagbag.py:387} ERROR - Failed to import: /opt/airflow/dags/main.py
Traceback (most recent call last):
  File "/home/airflow/.local/lib/python3.12/site-packages/airflow/models/dagbag.py", line 383, in parse
    loader.exec_module(new_module)
  File "<frozen importlib._bootstrap_external>", line 999, in exec_module
  File "<frozen importlib._bootstrap>", line 488, in _call_with_frames_removed
  File "/opt/airflow/dags/main.py", line 21, in <module>
    from consumer import consume_orders
ModuleNotFoundError: No module named 'consumer'
[2026-04-26T15:48:48.777+0000] {processor.py:927} WARNING - No viable dags retrieved from /opt/airflow/dags/main.py
[2026-04-26T15:48:48.802+0000] {processor.py:208} INFO - Processing /opt/airflow/dags/main.py took 0.087 seconds
[2026-04-26T15:49:20.849+0000] {processor.py:186} INFO - Started process (PID=5233) to work on /opt/airflow/dags/main.py
[2026-04-26T15:49:20.852+0000] {processor.py:914} INFO - Processing file /opt/airflow/dags/main.py for tasks to queue
[2026-04-26T15:49:20.858+0000] {logging_mixin.py:190} INFO - [2026-04-26T15:49:20.857+0000] {dagbag.py:588} INFO - Filling up the DagBag from /opt/airflow/dags/main.py
[2026-04-26T15:49:20.904+0000] {logging_mixin.py:190} INFO - [2026-04-26T15:49:20.897+0000] {dagbag.py:387} ERROR - Failed to import: /opt/airflow/dags/main.py
Traceback (most recent call last):
  File "/home/airflow/.local/lib/python3.12/site-packages/airflow/models/dagbag.py", line 383, in parse
    loader.exec_module(new_module)
  File "<frozen importlib._bootstrap_external>", line 999, in exec_module
  File "<frozen importlib._bootstrap>", line 488, in _call_with_frames_removed
  File "/opt/airflow/dags/main.py", line 21, in <module>
    from consumer import consume_orders
ModuleNotFoundError: No module named 'consumer'
[2026-04-26T15:49:20.906+0000] {processor.py:927} WARNING - No viable dags retrieved from /opt/airflow/dags/main.py
[2026-04-26T15:49:20.932+0000] {processor.py:208} INFO - Processing /opt/airflow/dags/main.py took 0.094 seconds
[2026-04-26T15:49:52.152+0000] {processor.py:186} INFO - Started process (PID=5240) to work on /opt/airflow/dags/main.py
[2026-04-26T15:49:52.155+0000] {processor.py:914} INFO - Processing file /opt/airflow/dags/main.py for tasks to queue
[2026-04-26T15:49:52.161+0000] {logging_mixin.py:190} INFO - [2026-04-26T15:49:52.160+0000] {dagbag.py:588} INFO - Filling up the DagBag from /opt/airflow/dags/main.py
[2026-04-26T15:49:52.220+0000] {logging_mixin.py:190} INFO - [2026-04-26T15:49:52.208+0000] {dagbag.py:387} ERROR - Failed to import: /opt/airflow/dags/main.py
Traceback (most recent call last):
  File "/home/airflow/.local/lib/python3.12/site-packages/airflow/models/dagbag.py", line 383, in parse
    loader.exec_module(new_module)
  File "<frozen importlib._bootstrap_external>", line 999, in exec_module
  File "<frozen importlib._bootstrap>", line 488, in _call_with_frames_removed
  File "/opt/airflow/dags/main.py", line 21, in <module>
    from consumer import consume_orders
ModuleNotFoundError: No module named 'consumer'
[2026-04-26T15:49:52.225+0000] {processor.py:927} WARNING - No viable dags retrieved from /opt/airflow/dags/main.py
[2026-04-26T15:49:52.272+0000] {processor.py:208} INFO - Processing /opt/airflow/dags/main.py took 0.134 seconds
[2026-04-26T15:50:22.545+0000] {processor.py:186} INFO - Started process (PID=5247) to work on /opt/airflow/dags/main.py
[2026-04-26T15:50:22.548+0000] {processor.py:914} INFO - Processing file /opt/airflow/dags/main.py for tasks to queue
[2026-04-26T15:50:22.554+0000] {logging_mixin.py:190} INFO - [2026-04-26T15:50:22.554+0000] {dagbag.py:588} INFO - Filling up the DagBag from /opt/airflow/dags/main.py
[2026-04-26T15:50:22.614+0000] {logging_mixin.py:190} INFO - [2026-04-26T15:50:22.602+0000] {dagbag.py:387} ERROR - Failed to import: /opt/airflow/dags/main.py
Traceback (most recent call last):
  File "/home/airflow/.local/lib/python3.12/site-packages/airflow/models/dagbag.py", line 383, in parse
    loader.exec_module(new_module)
  File "<frozen importlib._bootstrap_external>", line 999, in exec_module
  File "<frozen importlib._bootstrap>", line 488, in _call_with_frames_removed
  File "/opt/airflow/dags/main.py", line 21, in <module>
    from consumer import consume_orders
ModuleNotFoundError: No module named 'consumer'
[2026-04-26T15:50:22.619+0000] {processor.py:927} WARNING - No viable dags retrieved from /opt/airflow/dags/main.py
[2026-04-26T15:50:22.669+0000] {processor.py:208} INFO - Processing /opt/airflow/dags/main.py took 0.142 seconds
[2026-04-26T15:50:52.850+0000] {processor.py:186} INFO - Started process (PID=5254) to work on /opt/airflow/dags/main.py
[2026-04-26T15:50:52.852+0000] {processor.py:914} INFO - Processing file /opt/airflow/dags/main.py for tasks to queue
[2026-04-26T15:50:52.857+0000] {logging_mixin.py:190} INFO - [2026-04-26T15:50:52.856+0000] {dagbag.py:588} INFO - Filling up the DagBag from /opt/airflow/dags/main.py
[2026-04-26T15:50:52.911+0000] {logging_mixin.py:190} INFO - [2026-04-26T15:50:52.899+0000] {dagbag.py:387} ERROR - Failed to import: /opt/airflow/dags/main.py
Traceback (most recent call last):
  File "/home/airflow/.local/lib/python3.12/site-packages/airflow/models/dagbag.py", line 383, in parse
    loader.exec_module(new_module)
  File "<frozen importlib._bootstrap_external>", line 999, in exec_module
  File "<frozen importlib._bootstrap>", line 488, in _call_with_frames_removed
  File "/opt/airflow/dags/main.py", line 21, in <module>
    from consumer import consume_orders
ModuleNotFoundError: No module named 'consumer'
[2026-04-26T15:50:52.915+0000] {processor.py:927} WARNING - No viable dags retrieved from /opt/airflow/dags/main.py
[2026-04-26T15:50:52.962+0000] {processor.py:208} INFO - Processing /opt/airflow/dags/main.py took 0.121 seconds
[2026-04-26T15:51:23.096+0000] {processor.py:186} INFO - Started process (PID=5261) to work on /opt/airflow/dags/main.py
[2026-04-26T15:51:23.098+0000] {processor.py:914} INFO - Processing file /opt/airflow/dags/main.py for tasks to queue
[2026-04-26T15:51:23.102+0000] {logging_mixin.py:190} INFO - [2026-04-26T15:51:23.102+0000] {dagbag.py:588} INFO - Filling up the DagBag from /opt/airflow/dags/main.py
[2026-04-26T15:51:23.160+0000] {logging_mixin.py:190} INFO - [2026-04-26T15:51:23.127+0000] {dagbag.py:387} ERROR - Failed to import: /opt/airflow/dags/main.py
Traceback (most recent call last):
  File "/home/airflow/.local/lib/python3.12/site-packages/airflow/models/dagbag.py", line 383, in parse
    loader.exec_module(new_module)
  File "<frozen importlib._bootstrap_external>", line 999, in exec_module
  File "<frozen importlib._bootstrap>", line 488, in _call_with_frames_removed
  File "/opt/airflow/dags/main.py", line 21, in <module>
    from consumer import consume_orders
ModuleNotFoundError: No module named 'consumer'
[2026-04-26T15:51:23.179+0000] {processor.py:927} WARNING - No viable dags retrieved from /opt/airflow/dags/main.py
[2026-04-26T15:51:23.244+0000] {processor.py:208} INFO - Processing /opt/airflow/dags/main.py took 0.157 seconds
[2026-04-26T15:51:53.500+0000] {processor.py:186} INFO - Started process (PID=5268) to work on /opt/airflow/dags/main.py
[2026-04-26T15:51:53.502+0000] {processor.py:914} INFO - Processing file /opt/airflow/dags/main.py for tasks to queue
[2026-04-26T15:51:53.509+0000] {logging_mixin.py:190} INFO - [2026-04-26T15:51:53.508+0000] {dagbag.py:588} INFO - Filling up the DagBag from /opt/airflow/dags/main.py
[2026-04-26T15:51:53.558+0000] {logging_mixin.py:190} INFO - [2026-04-26T15:51:53.548+0000] {dagbag.py:387} ERROR - Failed to import: /opt/airflow/dags/main.py
Traceback (most recent call last):
  File "/home/airflow/.local/lib/python3.12/site-packages/airflow/models/dagbag.py", line 383, in parse
    loader.exec_module(new_module)
  File "<frozen importlib._bootstrap_external>", line 999, in exec_module
  File "<frozen importlib._bootstrap>", line 488, in _call_with_frames_removed
  File "/opt/airflow/dags/main.py", line 21, in <module>
    from consumer import consume_orders
ModuleNotFoundError: No module named 'consumer'
[2026-04-26T15:51:53.562+0000] {processor.py:927} WARNING - No viable dags retrieved from /opt/airflow/dags/main.py
[2026-04-26T15:51:53.606+0000] {processor.py:208} INFO - Processing /opt/airflow/dags/main.py took 0.122 seconds
[2026-04-26T15:52:23.695+0000] {processor.py:186} INFO - Started process (PID=5275) to work on /opt/airflow/dags/main.py
[2026-04-26T15:52:23.697+0000] {processor.py:914} INFO - Processing file /opt/airflow/dags/main.py for tasks to queue
[2026-04-26T15:52:23.700+0000] {logging_mixin.py:190} INFO - [2026-04-26T15:52:23.700+0000] {dagbag.py:588} INFO - Filling up the DagBag from /opt/airflow/dags/main.py
[2026-04-26T15:52:23.727+0000] {logging_mixin.py:190} INFO - [2026-04-26T15:52:23.721+0000] {dagbag.py:387} ERROR - Failed to import: /opt/airflow/dags/main.py
Traceback (most recent call last):
  File "/home/airflow/.local/lib/python3.12/site-packages/airflow/models/dagbag.py", line 383, in parse
    loader.exec_module(new_module)
  File "<frozen importlib._bootstrap_external>", line 999, in exec_module
  File "<frozen importlib._bootstrap>", line 488, in _call_with_frames_removed
  File "/opt/airflow/dags/main.py", line 21, in <module>
    from consumer import consume_orders
ModuleNotFoundError: No module named 'consumer'
[2026-04-26T15:52:23.729+0000] {processor.py:927} WARNING - No viable dags retrieved from /opt/airflow/dags/main.py
[2026-04-26T15:52:23.758+0000] {processor.py:208} INFO - Processing /opt/airflow/dags/main.py took 0.071 seconds
[2026-04-26T15:52:53.916+0000] {processor.py:186} INFO - Started process (PID=5282) to work on /opt/airflow/dags/main.py
[2026-04-26T15:52:53.917+0000] {processor.py:914} INFO - Processing file /opt/airflow/dags/main.py for tasks to queue
[2026-04-26T15:52:53.921+0000] {logging_mixin.py:190} INFO - [2026-04-26T15:52:53.921+0000] {dagbag.py:588} INFO - Filling up the DagBag from /opt/airflow/dags/main.py
[2026-04-26T15:52:53.956+0000] {logging_mixin.py:190} INFO - [2026-04-26T15:52:53.949+0000] {dagbag.py:387} ERROR - Failed to import: /opt/airflow/dags/main.py
Traceback (most recent call last):
  File "/home/airflow/.local/lib/python3.12/site-packages/airflow/models/dagbag.py", line 383, in parse
    loader.exec_module(new_module)
  File "<frozen importlib._bootstrap_external>", line 999, in exec_module
  File "<frozen importlib._bootstrap>", line 488, in _call_with_frames_removed
  File "/opt/airflow/dags/main.py", line 21, in <module>
    from consumer import consume_orders
ModuleNotFoundError: No module named 'consumer'
[2026-04-26T15:52:53.959+0000] {processor.py:927} WARNING - No viable dags retrieved from /opt/airflow/dags/main.py
[2026-04-26T15:52:53.989+0000] {processor.py:208} INFO - Processing /opt/airflow/dags/main.py took 0.081 seconds
[2026-04-26T15:53:24.902+0000] {processor.py:186} INFO - Started process (PID=5289) to work on /opt/airflow/dags/main.py
[2026-04-26T15:53:24.904+0000] {processor.py:914} INFO - Processing file /opt/airflow/dags/main.py for tasks to queue
[2026-04-26T15:53:24.908+0000] {logging_mixin.py:190} INFO - [2026-04-26T15:53:24.907+0000] {dagbag.py:588} INFO - Filling up the DagBag from /opt/airflow/dags/main.py
[2026-04-26T15:53:24.940+0000] {logging_mixin.py:190} INFO - [2026-04-26T15:53:24.933+0000] {dagbag.py:387} ERROR - Failed to import: /opt/airflow/dags/main.py
Traceback (most recent call last):
  File "/home/airflow/.local/lib/python3.12/site-packages/airflow/models/dagbag.py", line 383, in parse
    loader.exec_module(new_module)
  File "<frozen importlib._bootstrap_external>", line 999, in exec_module
  File "<frozen importlib._bootstrap>", line 488, in _call_with_frames_removed
  File "/opt/airflow/dags/main.py", line 21, in <module>
    from consumer import consume_orders
ModuleNotFoundError: No module named 'consumer'
[2026-04-26T15:53:24.942+0000] {processor.py:927} WARNING - No viable dags retrieved from /opt/airflow/dags/main.py
[2026-04-26T15:53:24.966+0000] {processor.py:208} INFO - Processing /opt/airflow/dags/main.py took 0.072 seconds
[2026-04-26T15:53:55.258+0000] {processor.py:186} INFO - Started process (PID=5296) to work on /opt/airflow/dags/main.py
[2026-04-26T15:53:55.260+0000] {processor.py:914} INFO - Processing file /opt/airflow/dags/main.py for tasks to queue
[2026-04-26T15:53:55.264+0000] {logging_mixin.py:190} INFO - [2026-04-26T15:53:55.264+0000] {dagbag.py:588} INFO - Filling up the DagBag from /opt/airflow/dags/main.py
[2026-04-26T15:53:55.316+0000] {logging_mixin.py:190} INFO - [2026-04-26T15:53:55.303+0000] {dagbag.py:387} ERROR - Failed to import: /opt/airflow/dags/main.py
Traceback (most recent call last):
  File "/home/airflow/.local/lib/python3.12/site-packages/airflow/models/dagbag.py", line 383, in parse
    loader.exec_module(new_module)
  File "<frozen importlib._bootstrap_external>", line 999, in exec_module
  File "<frozen importlib._bootstrap>", line 488, in _call_with_frames_removed
  File "/opt/airflow/dags/main.py", line 21, in <module>
    from consumer import consume_orders
ModuleNotFoundError: No module named 'consumer'
[2026-04-26T15:53:55.320+0000] {processor.py:927} WARNING - No viable dags retrieved from /opt/airflow/dags/main.py
[2026-04-26T15:53:55.369+0000] {processor.py:208} INFO - Processing /opt/airflow/dags/main.py took 0.120 seconds
[2026-04-26T15:54:25.480+0000] {processor.py:186} INFO - Started process (PID=5303) to work on /opt/airflow/dags/main.py
[2026-04-26T15:54:25.481+0000] {processor.py:914} INFO - Processing file /opt/airflow/dags/main.py for tasks to queue
[2026-04-26T15:54:25.485+0000] {logging_mixin.py:190} INFO - [2026-04-26T15:54:25.484+0000] {dagbag.py:588} INFO - Filling up the DagBag from /opt/airflow/dags/main.py
[2026-04-26T15:54:25.515+0000] {logging_mixin.py:190} INFO - [2026-04-26T15:54:25.510+0000] {dagbag.py:387} ERROR - Failed to import: /opt/airflow/dags/main.py
Traceback (most recent call last):
  File "/home/airflow/.local/lib/python3.12/site-packages/airflow/models/dagbag.py", line 383, in parse
    loader.exec_module(new_module)
  File "<frozen importlib._bootstrap_external>", line 999, in exec_module
  File "<frozen importlib._bootstrap>", line 488, in _call_with_frames_removed
  File "/opt/airflow/dags/main.py", line 21, in <module>
    from consumer import consume_orders
ModuleNotFoundError: No module named 'consumer'
[2026-04-26T15:54:25.518+0000] {processor.py:927} WARNING - No viable dags retrieved from /opt/airflow/dags/main.py
[2026-04-26T15:54:25.576+0000] {processor.py:208} INFO - Processing /opt/airflow/dags/main.py took 0.110 seconds
[2026-04-26T15:54:55.826+0000] {processor.py:186} INFO - Started process (PID=5310) to work on /opt/airflow/dags/main.py
[2026-04-26T15:54:55.829+0000] {processor.py:914} INFO - Processing file /opt/airflow/dags/main.py for tasks to queue
[2026-04-26T15:54:55.834+0000] {logging_mixin.py:190} INFO - [2026-04-26T15:54:55.833+0000] {dagbag.py:588} INFO - Filling up the DagBag from /opt/airflow/dags/main.py
[2026-04-26T15:54:55.887+0000] {logging_mixin.py:190} INFO - [2026-04-26T15:54:55.874+0000] {dagbag.py:387} ERROR - Failed to import: /opt/airflow/dags/main.py
Traceback (most recent call last):
  File "/home/airflow/.local/lib/python3.12/site-packages/airflow/models/dagbag.py", line 383, in parse
    loader.exec_module(new_module)
  File "<frozen importlib._bootstrap_external>", line 999, in exec_module
  File "<frozen importlib._bootstrap>", line 488, in _call_with_frames_removed
  File "/opt/airflow/dags/main.py", line 21, in <module>
    from consumer import consume_orders
ModuleNotFoundError: No module named 'consumer'
[2026-04-26T15:54:55.892+0000] {processor.py:927} WARNING - No viable dags retrieved from /opt/airflow/dags/main.py
[2026-04-26T15:54:55.943+0000] {processor.py:208} INFO - Processing /opt/airflow/dags/main.py took 0.134 seconds
[2026-04-26T15:55:26.197+0000] {processor.py:186} INFO - Started process (PID=5317) to work on /opt/airflow/dags/main.py
[2026-04-26T15:55:26.200+0000] {processor.py:914} INFO - Processing file /opt/airflow/dags/main.py for tasks to queue
[2026-04-26T15:55:26.208+0000] {logging_mixin.py:190} INFO - [2026-04-26T15:55:26.207+0000] {dagbag.py:588} INFO - Filling up the DagBag from /opt/airflow/dags/main.py
[2026-04-26T15:55:26.264+0000] {logging_mixin.py:190} INFO - [2026-04-26T15:55:26.253+0000] {dagbag.py:387} ERROR - Failed to import: /opt/airflow/dags/main.py
Traceback (most recent call last):
  File "/home/airflow/.local/lib/python3.12/site-packages/airflow/models/dagbag.py", line 383, in parse
    loader.exec_module(new_module)
  File "<frozen importlib._bootstrap_external>", line 999, in exec_module
  File "<frozen importlib._bootstrap>", line 488, in _call_with_frames_removed
  File "/opt/airflow/dags/main.py", line 21, in <module>
    from consumer import consume_orders
ModuleNotFoundError: No module named 'consumer'
[2026-04-26T15:55:26.267+0000] {processor.py:927} WARNING - No viable dags retrieved from /opt/airflow/dags/main.py
[2026-04-26T15:55:26.310+0000] {processor.py:208} INFO - Processing /opt/airflow/dags/main.py took 0.131 seconds
[2026-04-26T15:55:56.558+0000] {processor.py:186} INFO - Started process (PID=5324) to work on /opt/airflow/dags/main.py
[2026-04-26T15:55:56.563+0000] {processor.py:914} INFO - Processing file /opt/airflow/dags/main.py for tasks to queue
[2026-04-26T15:55:56.567+0000] {logging_mixin.py:190} INFO - [2026-04-26T15:55:56.566+0000] {dagbag.py:588} INFO - Filling up the DagBag from /opt/airflow/dags/main.py
[2026-04-26T15:55:56.598+0000] {logging_mixin.py:190} INFO - [2026-04-26T15:55:56.592+0000] {dagbag.py:387} ERROR - Failed to import: /opt/airflow/dags/main.py
Traceback (most recent call last):
  File "/home/airflow/.local/lib/python3.12/site-packages/airflow/models/dagbag.py", line 383, in parse
    loader.exec_module(new_module)
  File "<frozen importlib._bootstrap_external>", line 999, in exec_module
  File "<frozen importlib._bootstrap>", line 488, in _call_with_frames_removed
  File "/opt/airflow/dags/main.py", line 21, in <module>
    from consumer import consume_orders
ModuleNotFoundError: No module named 'consumer'
[2026-04-26T15:55:56.600+0000] {processor.py:927} WARNING - No viable dags retrieved from /opt/airflow/dags/main.py
[2026-04-26T15:55:56.627+0000] {processor.py:208} INFO - Processing /opt/airflow/dags/main.py took 0.078 seconds
[2026-04-26T15:56:26.821+0000] {processor.py:186} INFO - Started process (PID=5331) to work on /opt/airflow/dags/main.py
[2026-04-26T15:56:26.823+0000] {processor.py:914} INFO - Processing file /opt/airflow/dags/main.py for tasks to queue
[2026-04-26T15:56:26.828+0000] {logging_mixin.py:190} INFO - [2026-04-26T15:56:26.828+0000] {dagbag.py:588} INFO - Filling up the DagBag from /opt/airflow/dags/main.py
[2026-04-26T15:56:26.863+0000] {logging_mixin.py:190} INFO - [2026-04-26T15:56:26.855+0000] {dagbag.py:387} ERROR - Failed to import: /opt/airflow/dags/main.py
Traceback (most recent call last):
  File "/home/airflow/.local/lib/python3.12/site-packages/airflow/models/dagbag.py", line 383, in parse
    loader.exec_module(new_module)
  File "<frozen importlib._bootstrap_external>", line 999, in exec_module
  File "<frozen importlib._bootstrap>", line 488, in _call_with_frames_removed
  File "/opt/airflow/dags/main.py", line 21, in <module>
    from consumer import consume_orders
ModuleNotFoundError: No module named 'consumer'
[2026-04-26T15:56:26.865+0000] {processor.py:927} WARNING - No viable dags retrieved from /opt/airflow/dags/main.py
[2026-04-26T15:56:26.928+0000] {processor.py:208} INFO - Processing /opt/airflow/dags/main.py took 0.120 seconds
[2026-04-26T15:56:57.361+0000] {processor.py:186} INFO - Started process (PID=5338) to work on /opt/airflow/dags/main.py
[2026-04-26T15:56:57.363+0000] {processor.py:914} INFO - Processing file /opt/airflow/dags/main.py for tasks to queue
[2026-04-26T15:56:57.367+0000] {logging_mixin.py:190} INFO - [2026-04-26T15:56:57.366+0000] {dagbag.py:588} INFO - Filling up the DagBag from /opt/airflow/dags/main.py
[2026-04-26T15:56:57.401+0000] {logging_mixin.py:190} INFO - [2026-04-26T15:56:57.394+0000] {dagbag.py:387} ERROR - Failed to import: /opt/airflow/dags/main.py
Traceback (most recent call last):
  File "/home/airflow/.local/lib/python3.12/site-packages/airflow/models/dagbag.py", line 383, in parse
    loader.exec_module(new_module)
  File "<frozen importlib._bootstrap_external>", line 999, in exec_module
  File "<frozen importlib._bootstrap>", line 488, in _call_with_frames_removed
  File "/opt/airflow/dags/main.py", line 21, in <module>
    from consumer import consume_orders
ModuleNotFoundError: No module named 'consumer'
[2026-04-26T15:56:57.404+0000] {processor.py:927} WARNING - No viable dags retrieved from /opt/airflow/dags/main.py
[2026-04-26T15:56:57.441+0000] {processor.py:208} INFO - Processing /opt/airflow/dags/main.py took 0.091 seconds
[2026-04-26T15:57:27.582+0000] {processor.py:186} INFO - Started process (PID=5346) to work on /opt/airflow/dags/main.py
[2026-04-26T15:57:27.584+0000] {processor.py:914} INFO - Processing file /opt/airflow/dags/main.py for tasks to queue
[2026-04-26T15:57:27.588+0000] {logging_mixin.py:190} INFO - [2026-04-26T15:57:27.588+0000] {dagbag.py:588} INFO - Filling up the DagBag from /opt/airflow/dags/main.py
[2026-04-26T15:57:27.621+0000] {logging_mixin.py:190} INFO - [2026-04-26T15:57:27.615+0000] {dagbag.py:387} ERROR - Failed to import: /opt/airflow/dags/main.py
Traceback (most recent call last):
  File "/home/airflow/.local/lib/python3.12/site-packages/airflow/models/dagbag.py", line 383, in parse
    loader.exec_module(new_module)
  File "<frozen importlib._bootstrap_external>", line 999, in exec_module
  File "<frozen importlib._bootstrap>", line 488, in _call_with_frames_removed
  File "/opt/airflow/dags/main.py", line 21, in <module>
    from consumer import consume_orders
ModuleNotFoundError: No module named 'consumer'
[2026-04-26T15:57:27.623+0000] {processor.py:927} WARNING - No viable dags retrieved from /opt/airflow/dags/main.py
[2026-04-26T15:57:27.648+0000] {processor.py:208} INFO - Processing /opt/airflow/dags/main.py took 0.075 seconds
[2026-04-26T15:57:57.805+0000] {processor.py:186} INFO - Started process (PID=5353) to work on /opt/airflow/dags/main.py
[2026-04-26T15:57:57.806+0000] {processor.py:914} INFO - Processing file /opt/airflow/dags/main.py for tasks to queue
[2026-04-26T15:57:57.810+0000] {logging_mixin.py:190} INFO - [2026-04-26T15:57:57.809+0000] {dagbag.py:588} INFO - Filling up the DagBag from /opt/airflow/dags/main.py
[2026-04-26T15:57:57.842+0000] {logging_mixin.py:190} INFO - [2026-04-26T15:57:57.836+0000] {dagbag.py:387} ERROR - Failed to import: /opt/airflow/dags/main.py
Traceback (most recent call last):
  File "/home/airflow/.local/lib/python3.12/site-packages/airflow/models/dagbag.py", line 383, in parse
    loader.exec_module(new_module)
  File "<frozen importlib._bootstrap_external>", line 999, in exec_module
  File "<frozen importlib._bootstrap>", line 488, in _call_with_frames_removed
  File "/opt/airflow/dags/main.py", line 21, in <module>
    from consumer import consume_orders
ModuleNotFoundError: No module named 'consumer'
[2026-04-26T15:57:57.845+0000] {processor.py:927} WARNING - No viable dags retrieved from /opt/airflow/dags/main.py
[2026-04-26T15:57:57.871+0000] {processor.py:208} INFO - Processing /opt/airflow/dags/main.py took 0.075 seconds
[2026-04-26T15:58:28.021+0000] {processor.py:186} INFO - Started process (PID=5360) to work on /opt/airflow/dags/main.py
[2026-04-26T15:58:28.023+0000] {processor.py:914} INFO - Processing file /opt/airflow/dags/main.py for tasks to queue
[2026-04-26T15:58:28.027+0000] {logging_mixin.py:190} INFO - [2026-04-26T15:58:28.027+0000] {dagbag.py:588} INFO - Filling up the DagBag from /opt/airflow/dags/main.py
[2026-04-26T15:58:28.062+0000] {logging_mixin.py:190} INFO - [2026-04-26T15:58:28.056+0000] {dagbag.py:387} ERROR - Failed to import: /opt/airflow/dags/main.py
Traceback (most recent call last):
  File "/home/airflow/.local/lib/python3.12/site-packages/airflow/models/dagbag.py", line 383, in parse
    loader.exec_module(new_module)
  File "<frozen importlib._bootstrap_external>", line 999, in exec_module
  File "<frozen importlib._bootstrap>", line 488, in _call_with_frames_removed
  File "/opt/airflow/dags/main.py", line 21, in <module>
    from consumer import consume_orders
ModuleNotFoundError: No module named 'consumer'
[2026-04-26T15:58:28.064+0000] {processor.py:927} WARNING - No viable dags retrieved from /opt/airflow/dags/main.py
[2026-04-26T15:58:28.098+0000] {processor.py:208} INFO - Processing /opt/airflow/dags/main.py took 0.087 seconds
[2026-04-26T15:58:59.107+0000] {processor.py:186} INFO - Started process (PID=5361) to work on /opt/airflow/dags/main.py
[2026-04-26T15:58:59.109+0000] {processor.py:914} INFO - Processing file /opt/airflow/dags/main.py for tasks to queue
[2026-04-26T15:58:59.112+0000] {logging_mixin.py:190} INFO - [2026-04-26T15:58:59.111+0000] {dagbag.py:588} INFO - Filling up the DagBag from /opt/airflow/dags/main.py
[2026-04-26T15:58:59.143+0000] {logging_mixin.py:190} INFO - [2026-04-26T15:58:59.137+0000] {dagbag.py:387} ERROR - Failed to import: /opt/airflow/dags/main.py
Traceback (most recent call last):
  File "/home/airflow/.local/lib/python3.12/site-packages/airflow/models/dagbag.py", line 383, in parse
    loader.exec_module(new_module)
  File "<frozen importlib._bootstrap_external>", line 999, in exec_module
  File "<frozen importlib._bootstrap>", line 488, in _call_with_frames_removed
  File "/opt/airflow/dags/main.py", line 21, in <module>
    from consumer import consume_orders
ModuleNotFoundError: No module named 'consumer'
[2026-04-26T15:58:59.145+0000] {processor.py:927} WARNING - No viable dags retrieved from /opt/airflow/dags/main.py
[2026-04-26T15:58:59.176+0000] {processor.py:208} INFO - Processing /opt/airflow/dags/main.py took 0.077 seconds
[2026-04-26T15:59:29.271+0000] {processor.py:186} INFO - Started process (PID=5368) to work on /opt/airflow/dags/main.py
[2026-04-26T15:59:29.273+0000] {processor.py:914} INFO - Processing file /opt/airflow/dags/main.py for tasks to queue
[2026-04-26T15:59:29.277+0000] {logging_mixin.py:190} INFO - [2026-04-26T15:59:29.277+0000] {dagbag.py:588} INFO - Filling up the DagBag from /opt/airflow/dags/main.py
[2026-04-26T15:59:29.311+0000] {logging_mixin.py:190} INFO - [2026-04-26T15:59:29.304+0000] {dagbag.py:387} ERROR - Failed to import: /opt/airflow/dags/main.py
Traceback (most recent call last):
  File "/home/airflow/.local/lib/python3.12/site-packages/airflow/models/dagbag.py", line 383, in parse
    loader.exec_module(new_module)
  File "<frozen importlib._bootstrap_external>", line 999, in exec_module
  File "<frozen importlib._bootstrap>", line 488, in _call_with_frames_removed
  File "/opt/airflow/dags/main.py", line 21, in <module>
    from consumer import consume_orders
ModuleNotFoundError: No module named 'consumer'
[2026-04-26T15:59:29.313+0000] {processor.py:927} WARNING - No viable dags retrieved from /opt/airflow/dags/main.py
[2026-04-26T15:59:29.343+0000] {processor.py:208} INFO - Processing /opt/airflow/dags/main.py took 0.080 seconds
[2026-04-26T15:59:59.892+0000] {processor.py:186} INFO - Started process (PID=5375) to work on /opt/airflow/dags/main.py
[2026-04-26T15:59:59.894+0000] {processor.py:914} INFO - Processing file /opt/airflow/dags/main.py for tasks to queue
[2026-04-26T15:59:59.899+0000] {logging_mixin.py:190} INFO - [2026-04-26T15:59:59.898+0000] {dagbag.py:588} INFO - Filling up the DagBag from /opt/airflow/dags/main.py
[2026-04-26T15:59:59.931+0000] {logging_mixin.py:190} INFO - [2026-04-26T15:59:59.924+0000] {dagbag.py:387} ERROR - Failed to import: /opt/airflow/dags/main.py
Traceback (most recent call last):
  File "/home/airflow/.local/lib/python3.12/site-packages/airflow/models/dagbag.py", line 383, in parse
    loader.exec_module(new_module)
  File "<frozen importlib._bootstrap_external>", line 999, in exec_module
  File "<frozen importlib._bootstrap>", line 488, in _call_with_frames_removed
  File "/opt/airflow/dags/main.py", line 21, in <module>
    from consumer import consume_orders
ModuleNotFoundError: No module named 'consumer'
[2026-04-26T15:59:59.933+0000] {processor.py:927} WARNING - No viable dags retrieved from /opt/airflow/dags/main.py
[2026-04-26T15:59:59.961+0000] {processor.py:208} INFO - Processing /opt/airflow/dags/main.py took 0.080 seconds
[2026-04-26T16:00:30.134+0000] {processor.py:186} INFO - Started process (PID=5382) to work on /opt/airflow/dags/main.py
[2026-04-26T16:00:30.137+0000] {processor.py:914} INFO - Processing file /opt/airflow/dags/main.py for tasks to queue
[2026-04-26T16:00:30.142+0000] {logging_mixin.py:190} INFO - [2026-04-26T16:00:30.141+0000] {dagbag.py:588} INFO - Filling up the DagBag from /opt/airflow/dags/main.py
[2026-04-26T16:00:30.191+0000] {logging_mixin.py:190} INFO - [2026-04-26T16:00:30.181+0000] {dagbag.py:387} ERROR - Failed to import: /opt/airflow/dags/main.py
Traceback (most recent call last):
  File "/home/airflow/.local/lib/python3.12/site-packages/airflow/models/dagbag.py", line 383, in parse
    loader.exec_module(new_module)
  File "<frozen importlib._bootstrap_external>", line 999, in exec_module
  File "<frozen importlib._bootstrap>", line 488, in _call_with_frames_removed
  File "/opt/airflow/dags/main.py", line 21, in <module>
    from consumer import consume_orders
ModuleNotFoundError: No module named 'consumer'
[2026-04-26T16:00:30.194+0000] {processor.py:927} WARNING - No viable dags retrieved from /opt/airflow/dags/main.py
[2026-04-26T16:00:30.293+0000] {processor.py:208} INFO - Processing /opt/airflow/dags/main.py took 0.176 seconds
[2026-04-26T16:01:00.437+0000] {processor.py:186} INFO - Started process (PID=5389) to work on /opt/airflow/dags/main.py
[2026-04-26T16:01:00.439+0000] {processor.py:914} INFO - Processing file /opt/airflow/dags/main.py for tasks to queue
[2026-04-26T16:01:00.443+0000] {logging_mixin.py:190} INFO - [2026-04-26T16:01:00.442+0000] {dagbag.py:588} INFO - Filling up the DagBag from /opt/airflow/dags/main.py
[2026-04-26T16:01:00.471+0000] {logging_mixin.py:190} INFO - [2026-04-26T16:01:00.466+0000] {dagbag.py:387} ERROR - Failed to import: /opt/airflow/dags/main.py
Traceback (most recent call last):
  File "/home/airflow/.local/lib/python3.12/site-packages/airflow/models/dagbag.py", line 383, in parse
    loader.exec_module(new_module)
  File "<frozen importlib._bootstrap_external>", line 999, in exec_module
  File "<frozen importlib._bootstrap>", line 488, in _call_with_frames_removed
  File "/opt/airflow/dags/main.py", line 21, in <module>
    from consumer import consume_orders
ModuleNotFoundError: No module named 'consumer'
[2026-04-26T16:01:00.473+0000] {processor.py:927} WARNING - No viable dags retrieved from /opt/airflow/dags/main.py
[2026-04-26T16:01:00.498+0000] {processor.py:208} INFO - Processing /opt/airflow/dags/main.py took 0.075 seconds
[2026-04-26T16:01:31.478+0000] {processor.py:186} INFO - Started process (PID=5396) to work on /opt/airflow/dags/main.py
[2026-04-26T16:01:31.479+0000] {processor.py:914} INFO - Processing file /opt/airflow/dags/main.py for tasks to queue
[2026-04-26T16:01:31.483+0000] {logging_mixin.py:190} INFO - [2026-04-26T16:01:31.483+0000] {dagbag.py:588} INFO - Filling up the DagBag from /opt/airflow/dags/main.py
[2026-04-26T16:01:31.513+0000] {logging_mixin.py:190} INFO - [2026-04-26T16:01:31.506+0000] {dagbag.py:387} ERROR - Failed to import: /opt/airflow/dags/main.py
Traceback (most recent call last):
  File "/home/airflow/.local/lib/python3.12/site-packages/airflow/models/dagbag.py", line 383, in parse
    loader.exec_module(new_module)
  File "<frozen importlib._bootstrap_external>", line 999, in exec_module
  File "<frozen importlib._bootstrap>", line 488, in _call_with_frames_removed
  File "/opt/airflow/dags/main.py", line 21, in <module>
    from consumer import consume_orders
ModuleNotFoundError: No module named 'consumer'
[2026-04-26T16:01:31.515+0000] {processor.py:927} WARNING - No viable dags retrieved from /opt/airflow/dags/main.py
[2026-04-26T16:01:31.542+0000] {processor.py:208} INFO - Processing /opt/airflow/dags/main.py took 0.074 seconds
[2026-04-26T16:02:01.784+0000] {processor.py:186} INFO - Started process (PID=5403) to work on /opt/airflow/dags/main.py
[2026-04-26T16:02:01.785+0000] {processor.py:914} INFO - Processing file /opt/airflow/dags/main.py for tasks to queue
[2026-04-26T16:02:01.789+0000] {logging_mixin.py:190} INFO - [2026-04-26T16:02:01.788+0000] {dagbag.py:588} INFO - Filling up the DagBag from /opt/airflow/dags/main.py
[2026-04-26T16:02:01.821+0000] {logging_mixin.py:190} INFO - [2026-04-26T16:02:01.814+0000] {dagbag.py:387} ERROR - Failed to import: /opt/airflow/dags/main.py
Traceback (most recent call last):
  File "/home/airflow/.local/lib/python3.12/site-packages/airflow/models/dagbag.py", line 383, in parse
    loader.exec_module(new_module)
  File "<frozen importlib._bootstrap_external>", line 999, in exec_module
  File "<frozen importlib._bootstrap>", line 488, in _call_with_frames_removed
  File "/opt/airflow/dags/main.py", line 21, in <module>
    from consumer import consume_orders
ModuleNotFoundError: No module named 'consumer'
[2026-04-26T16:02:01.823+0000] {processor.py:927} WARNING - No viable dags retrieved from /opt/airflow/dags/main.py
[2026-04-26T16:02:01.847+0000] {processor.py:208} INFO - Processing /opt/airflow/dags/main.py took 0.071 seconds
[2026-04-26T17:06:09.926+0000] {processor.py:186} INFO - Started process (PID=5410) to work on /opt/airflow/dags/main.py
[2026-04-26T17:06:09.928+0000] {processor.py:914} INFO - Processing file /opt/airflow/dags/main.py for tasks to queue
[2026-04-26T17:06:09.961+0000] {logging_mixin.py:190} INFO - [2026-04-26T17:06:09.960+0000] {dagbag.py:588} INFO - Filling up the DagBag from /opt/airflow/dags/main.py
[2026-04-26T17:06:10.021+0000] {logging_mixin.py:190} INFO - [2026-04-26T17:06:10.014+0000] {dagbag.py:387} ERROR - Failed to import: /opt/airflow/dags/main.py
Traceback (most recent call last):
  File "/home/airflow/.local/lib/python3.12/site-packages/airflow/models/dagbag.py", line 383, in parse
    loader.exec_module(new_module)
  File "<frozen importlib._bootstrap_external>", line 999, in exec_module
  File "<frozen importlib._bootstrap>", line 488, in _call_with_frames_removed
  File "/opt/airflow/dags/main.py", line 21, in <module>
    from consumer import consume_orders
ModuleNotFoundError: No module named 'consumer'
[2026-04-26T17:06:10.024+0000] {processor.py:927} WARNING - No viable dags retrieved from /opt/airflow/dags/main.py
[2026-04-26T17:06:10.110+0000] {processor.py:208} INFO - Processing /opt/airflow/dags/main.py took 0.249 seconds
[2026-04-26T17:06:40.390+0000] {processor.py:186} INFO - Started process (PID=5417) to work on /opt/airflow/dags/main.py
[2026-04-26T17:06:40.392+0000] {processor.py:914} INFO - Processing file /opt/airflow/dags/main.py for tasks to queue
[2026-04-26T17:06:40.400+0000] {logging_mixin.py:190} INFO - [2026-04-26T17:06:40.399+0000] {dagbag.py:588} INFO - Filling up the DagBag from /opt/airflow/dags/main.py
[2026-04-26T17:06:40.435+0000] {logging_mixin.py:190} INFO - [2026-04-26T17:06:40.429+0000] {dagbag.py:387} ERROR - Failed to import: /opt/airflow/dags/main.py
Traceback (most recent call last):
  File "/home/airflow/.local/lib/python3.12/site-packages/airflow/models/dagbag.py", line 383, in parse
    loader.exec_module(new_module)
  File "<frozen importlib._bootstrap_external>", line 999, in exec_module
  File "<frozen importlib._bootstrap>", line 488, in _call_with_frames_removed
  File "/opt/airflow/dags/main.py", line 21, in <module>
    from consumer import consume_orders
ModuleNotFoundError: No module named 'consumer'
[2026-04-26T17:06:40.438+0000] {processor.py:927} WARNING - No viable dags retrieved from /opt/airflow/dags/main.py
[2026-04-26T17:06:40.475+0000] {processor.py:208} INFO - Processing /opt/airflow/dags/main.py took 0.094 seconds
[2026-04-26T17:07:10.537+0000] {processor.py:186} INFO - Started process (PID=5424) to work on /opt/airflow/dags/main.py
[2026-04-26T17:07:10.539+0000] {processor.py:914} INFO - Processing file /opt/airflow/dags/main.py for tasks to queue
[2026-04-26T17:07:10.542+0000] {logging_mixin.py:190} INFO - [2026-04-26T17:07:10.541+0000] {dagbag.py:588} INFO - Filling up the DagBag from /opt/airflow/dags/main.py
[2026-04-26T17:07:10.567+0000] {logging_mixin.py:190} INFO - [2026-04-26T17:07:10.562+0000] {dagbag.py:387} ERROR - Failed to import: /opt/airflow/dags/main.py
Traceback (most recent call last):
  File "/home/airflow/.local/lib/python3.12/site-packages/airflow/models/dagbag.py", line 383, in parse
    loader.exec_module(new_module)
  File "<frozen importlib._bootstrap_external>", line 999, in exec_module
  File "<frozen importlib._bootstrap>", line 488, in _call_with_frames_removed
  File "/opt/airflow/dags/main.py", line 21, in <module>
    from consumer import consume_orders
ModuleNotFoundError: No module named 'consumer'
[2026-04-26T17:07:10.569+0000] {processor.py:927} WARNING - No viable dags retrieved from /opt/airflow/dags/main.py
[2026-04-26T17:07:10.594+0000] {processor.py:208} INFO - Processing /opt/airflow/dags/main.py took 0.064 seconds
[2026-04-26T17:07:41.100+0000] {processor.py:186} INFO - Started process (PID=5431) to work on /opt/airflow/dags/main.py
[2026-04-26T17:07:41.112+0000] {processor.py:914} INFO - Processing file /opt/airflow/dags/main.py for tasks to queue
[2026-04-26T17:07:41.123+0000] {logging_mixin.py:190} INFO - [2026-04-26T17:07:41.122+0000] {dagbag.py:588} INFO - Filling up the DagBag from /opt/airflow/dags/main.py
[2026-04-26T17:07:41.157+0000] {logging_mixin.py:190} INFO - [2026-04-26T17:07:41.150+0000] {dagbag.py:387} ERROR - Failed to import: /opt/airflow/dags/main.py
Traceback (most recent call last):
  File "/home/airflow/.local/lib/python3.12/site-packages/airflow/models/dagbag.py", line 383, in parse
    loader.exec_module(new_module)
  File "<frozen importlib._bootstrap_external>", line 999, in exec_module
  File "<frozen importlib._bootstrap>", line 488, in _call_with_frames_removed
  File "/opt/airflow/dags/main.py", line 21, in <module>
    from consumer import consume_orders
ModuleNotFoundError: No module named 'consumer'
[2026-04-26T17:07:41.160+0000] {processor.py:927} WARNING - No viable dags retrieved from /opt/airflow/dags/main.py
[2026-04-26T17:07:41.194+0000] {processor.py:208} INFO - Processing /opt/airflow/dags/main.py took 0.109 seconds
[2026-04-26T17:08:12.273+0000] {processor.py:186} INFO - Started process (PID=5438) to work on /opt/airflow/dags/main.py
[2026-04-26T17:08:12.275+0000] {processor.py:914} INFO - Processing file /opt/airflow/dags/main.py for tasks to queue
[2026-04-26T17:08:12.282+0000] {logging_mixin.py:190} INFO - [2026-04-26T17:08:12.281+0000] {dagbag.py:588} INFO - Filling up the DagBag from /opt/airflow/dags/main.py
[2026-04-26T17:08:12.328+0000] {logging_mixin.py:190} INFO - [2026-04-26T17:08:12.318+0000] {dagbag.py:387} ERROR - Failed to import: /opt/airflow/dags/main.py
Traceback (most recent call last):
  File "/home/airflow/.local/lib/python3.12/site-packages/airflow/models/dagbag.py", line 383, in parse
    loader.exec_module(new_module)
  File "<frozen importlib._bootstrap_external>", line 999, in exec_module
  File "<frozen importlib._bootstrap>", line 488, in _call_with_frames_removed
  File "/opt/airflow/dags/main.py", line 21, in <module>
    from consumer import consume_orders
ModuleNotFoundError: No module named 'consumer'
[2026-04-26T17:08:12.331+0000] {processor.py:927} WARNING - No viable dags retrieved from /opt/airflow/dags/main.py
[2026-04-26T17:08:12.399+0000] {processor.py:208} INFO - Processing /opt/airflow/dags/main.py took 0.141 seconds
[2026-04-26T17:08:43.274+0000] {processor.py:186} INFO - Started process (PID=5439) to work on /opt/airflow/dags/main.py
[2026-04-26T17:08:43.276+0000] {processor.py:914} INFO - Processing file /opt/airflow/dags/main.py for tasks to queue
[2026-04-26T17:08:43.283+0000] {logging_mixin.py:190} INFO - [2026-04-26T17:08:43.282+0000] {dagbag.py:588} INFO - Filling up the DagBag from /opt/airflow/dags/main.py
[2026-04-26T17:08:43.315+0000] {logging_mixin.py:190} INFO - [2026-04-26T17:08:43.309+0000] {dagbag.py:387} ERROR - Failed to import: /opt/airflow/dags/main.py
Traceback (most recent call last):
  File "/home/airflow/.local/lib/python3.12/site-packages/airflow/models/dagbag.py", line 383, in parse
    loader.exec_module(new_module)
  File "<frozen importlib._bootstrap_external>", line 999, in exec_module
  File "<frozen importlib._bootstrap>", line 488, in _call_with_frames_removed
  File "/opt/airflow/dags/main.py", line 21, in <module>
    from consumer import consume_orders
ModuleNotFoundError: No module named 'consumer'
[2026-04-26T17:08:43.318+0000] {processor.py:927} WARNING - No viable dags retrieved from /opt/airflow/dags/main.py
[2026-04-26T17:08:43.380+0000] {processor.py:208} INFO - Processing /opt/airflow/dags/main.py took 0.117 seconds
[2026-04-26T17:09:14.426+0000] {processor.py:186} INFO - Started process (PID=5446) to work on /opt/airflow/dags/main.py
[2026-04-26T17:09:14.428+0000] {processor.py:914} INFO - Processing file /opt/airflow/dags/main.py for tasks to queue
[2026-04-26T17:09:14.432+0000] {logging_mixin.py:190} INFO - [2026-04-26T17:09:14.432+0000] {dagbag.py:588} INFO - Filling up the DagBag from /opt/airflow/dags/main.py
[2026-04-26T17:09:14.467+0000] {logging_mixin.py:190} INFO - [2026-04-26T17:09:14.460+0000] {dagbag.py:387} ERROR - Failed to import: /opt/airflow/dags/main.py
Traceback (most recent call last):
  File "/home/airflow/.local/lib/python3.12/site-packages/airflow/models/dagbag.py", line 383, in parse
    loader.exec_module(new_module)
  File "<frozen importlib._bootstrap_external>", line 999, in exec_module
  File "<frozen importlib._bootstrap>", line 488, in _call_with_frames_removed
  File "/opt/airflow/dags/main.py", line 21, in <module>
    from consumer import consume_orders
ModuleNotFoundError: No module named 'consumer'
[2026-04-26T17:09:14.470+0000] {processor.py:927} WARNING - No viable dags retrieved from /opt/airflow/dags/main.py
[2026-04-26T17:09:14.502+0000] {processor.py:208} INFO - Processing /opt/airflow/dags/main.py took 0.087 seconds
[2026-04-26T17:09:45.159+0000] {processor.py:186} INFO - Started process (PID=5453) to work on /opt/airflow/dags/main.py
[2026-04-26T17:09:45.165+0000] {processor.py:914} INFO - Processing file /opt/airflow/dags/main.py for tasks to queue
[2026-04-26T17:09:45.181+0000] {logging_mixin.py:190} INFO - [2026-04-26T17:09:45.179+0000] {dagbag.py:588} INFO - Filling up the DagBag from /opt/airflow/dags/main.py
[2026-04-26T17:09:45.276+0000] {logging_mixin.py:190} INFO - [2026-04-26T17:09:45.261+0000] {dagbag.py:387} ERROR - Failed to import: /opt/airflow/dags/main.py
Traceback (most recent call last):
  File "/home/airflow/.local/lib/python3.12/site-packages/airflow/models/dagbag.py", line 383, in parse
    loader.exec_module(new_module)
  File "<frozen importlib._bootstrap_external>", line 999, in exec_module
  File "<frozen importlib._bootstrap>", line 488, in _call_with_frames_removed
  File "/opt/airflow/dags/main.py", line 21, in <module>
    from consumer import consume_orders
ModuleNotFoundError: No module named 'consumer'
[2026-04-26T17:09:45.281+0000] {processor.py:927} WARNING - No viable dags retrieved from /opt/airflow/dags/main.py
[2026-04-26T17:09:45.344+0000] {processor.py:208} INFO - Processing /opt/airflow/dags/main.py took 0.223 seconds
[2026-04-26T17:10:15.630+0000] {processor.py:186} INFO - Started process (PID=5460) to work on /opt/airflow/dags/main.py
[2026-04-26T17:10:15.631+0000] {processor.py:914} INFO - Processing file /opt/airflow/dags/main.py for tasks to queue
[2026-04-26T17:10:15.635+0000] {logging_mixin.py:190} INFO - [2026-04-26T17:10:15.635+0000] {dagbag.py:588} INFO - Filling up the DagBag from /opt/airflow/dags/main.py
[2026-04-26T17:10:15.673+0000] {logging_mixin.py:190} INFO - [2026-04-26T17:10:15.664+0000] {dagbag.py:387} ERROR - Failed to import: /opt/airflow/dags/main.py
Traceback (most recent call last):
  File "/home/airflow/.local/lib/python3.12/site-packages/airflow/models/dagbag.py", line 383, in parse
    loader.exec_module(new_module)
  File "<frozen importlib._bootstrap_external>", line 999, in exec_module
  File "<frozen importlib._bootstrap>", line 488, in _call_with_frames_removed
  File "/opt/airflow/dags/main.py", line 21, in <module>
    from consumer import consume_orders
ModuleNotFoundError: No module named 'consumer'
[2026-04-26T17:10:15.676+0000] {processor.py:927} WARNING - No viable dags retrieved from /opt/airflow/dags/main.py
[2026-04-26T17:10:15.711+0000] {processor.py:208} INFO - Processing /opt/airflow/dags/main.py took 0.096 seconds
[2026-04-26T17:10:46.003+0000] {processor.py:186} INFO - Started process (PID=5467) to work on /opt/airflow/dags/main.py
[2026-04-26T17:10:46.005+0000] {processor.py:914} INFO - Processing file /opt/airflow/dags/main.py for tasks to queue
[2026-04-26T17:10:46.009+0000] {logging_mixin.py:190} INFO - [2026-04-26T17:10:46.008+0000] {dagbag.py:588} INFO - Filling up the DagBag from /opt/airflow/dags/main.py
[2026-04-26T17:10:46.041+0000] {logging_mixin.py:190} INFO - [2026-04-26T17:10:46.035+0000] {dagbag.py:387} ERROR - Failed to import: /opt/airflow/dags/main.py
Traceback (most recent call last):
  File "/home/airflow/.local/lib/python3.12/site-packages/airflow/models/dagbag.py", line 383, in parse
    loader.exec_module(new_module)
  File "<frozen importlib._bootstrap_external>", line 999, in exec_module
  File "<frozen importlib._bootstrap>", line 488, in _call_with_frames_removed
  File "/opt/airflow/dags/main.py", line 21, in <module>
    from consumer import consume_orders
ModuleNotFoundError: No module named 'consumer'
[2026-04-26T17:10:46.043+0000] {processor.py:927} WARNING - No viable dags retrieved from /opt/airflow/dags/main.py
[2026-04-26T17:10:46.073+0000] {processor.py:208} INFO - Processing /opt/airflow/dags/main.py took 0.079 seconds
[2026-04-26T17:11:16.436+0000] {processor.py:186} INFO - Started process (PID=5474) to work on /opt/airflow/dags/main.py
[2026-04-26T17:11:16.438+0000] {processor.py:914} INFO - Processing file /opt/airflow/dags/main.py for tasks to queue
[2026-04-26T17:11:16.442+0000] {logging_mixin.py:190} INFO - [2026-04-26T17:11:16.442+0000] {dagbag.py:588} INFO - Filling up the DagBag from /opt/airflow/dags/main.py
[2026-04-26T17:11:16.474+0000] {logging_mixin.py:190} INFO - [2026-04-26T17:11:16.468+0000] {dagbag.py:387} ERROR - Failed to import: /opt/airflow/dags/main.py
Traceback (most recent call last):
  File "/home/airflow/.local/lib/python3.12/site-packages/airflow/models/dagbag.py", line 383, in parse
    loader.exec_module(new_module)
  File "<frozen importlib._bootstrap_external>", line 999, in exec_module
  File "<frozen importlib._bootstrap>", line 488, in _call_with_frames_removed
  File "/opt/airflow/dags/main.py", line 21, in <module>
    from consumer import consume_orders
ModuleNotFoundError: No module named 'consumer'
[2026-04-26T17:11:16.476+0000] {processor.py:927} WARNING - No viable dags retrieved from /opt/airflow/dags/main.py
[2026-04-26T17:11:16.501+0000] {processor.py:208} INFO - Processing /opt/airflow/dags/main.py took 0.076 seconds
[2026-04-26T17:11:46.838+0000] {processor.py:186} INFO - Started process (PID=5481) to work on /opt/airflow/dags/main.py
[2026-04-26T17:11:46.840+0000] {processor.py:914} INFO - Processing file /opt/airflow/dags/main.py for tasks to queue
[2026-04-26T17:11:46.845+0000] {logging_mixin.py:190} INFO - [2026-04-26T17:11:46.845+0000] {dagbag.py:588} INFO - Filling up the DagBag from /opt/airflow/dags/main.py
[2026-04-26T17:11:46.881+0000] {logging_mixin.py:190} INFO - [2026-04-26T17:11:46.873+0000] {dagbag.py:387} ERROR - Failed to import: /opt/airflow/dags/main.py
Traceback (most recent call last):
  File "/home/airflow/.local/lib/python3.12/site-packages/airflow/models/dagbag.py", line 383, in parse
    loader.exec_module(new_module)
  File "<frozen importlib._bootstrap_external>", line 999, in exec_module
  File "<frozen importlib._bootstrap>", line 488, in _call_with_frames_removed
  File "/opt/airflow/dags/main.py", line 21, in <module>
    from consumer import consume_orders
ModuleNotFoundError: No module named 'consumer'
[2026-04-26T17:11:46.883+0000] {processor.py:927} WARNING - No viable dags retrieved from /opt/airflow/dags/main.py
[2026-04-26T17:11:46.914+0000] {processor.py:208} INFO - Processing /opt/airflow/dags/main.py took 0.089 seconds
[2026-04-26T17:12:17.179+0000] {processor.py:186} INFO - Started process (PID=5488) to work on /opt/airflow/dags/main.py
[2026-04-26T17:12:17.181+0000] {processor.py:914} INFO - Processing file /opt/airflow/dags/main.py for tasks to queue
[2026-04-26T17:12:17.188+0000] {logging_mixin.py:190} INFO - [2026-04-26T17:12:17.187+0000] {dagbag.py:588} INFO - Filling up the DagBag from /opt/airflow/dags/main.py
[2026-04-26T17:12:17.248+0000] {logging_mixin.py:190} INFO - [2026-04-26T17:12:17.235+0000] {dagbag.py:387} ERROR - Failed to import: /opt/airflow/dags/main.py
Traceback (most recent call last):
  File "/home/airflow/.local/lib/python3.12/site-packages/airflow/models/dagbag.py", line 383, in parse
    loader.exec_module(new_module)
  File "<frozen importlib._bootstrap_external>", line 999, in exec_module
  File "<frozen importlib._bootstrap>", line 488, in _call_with_frames_removed
  File "/opt/airflow/dags/main.py", line 21, in <module>
    from consumer import consume_orders
ModuleNotFoundError: No module named 'consumer'
[2026-04-26T17:12:17.252+0000] {processor.py:927} WARNING - No viable dags retrieved from /opt/airflow/dags/main.py
[2026-04-26T17:12:17.290+0000] {processor.py:208} INFO - Processing /opt/airflow/dags/main.py took 0.120 seconds
[2026-04-26T17:12:48.022+0000] {processor.py:186} INFO - Started process (PID=5495) to work on /opt/airflow/dags/main.py
[2026-04-26T17:12:48.024+0000] {processor.py:914} INFO - Processing file /opt/airflow/dags/main.py for tasks to queue
[2026-04-26T17:12:48.029+0000] {logging_mixin.py:190} INFO - [2026-04-26T17:12:48.029+0000] {dagbag.py:588} INFO - Filling up the DagBag from /opt/airflow/dags/main.py
[2026-04-26T17:12:48.064+0000] {logging_mixin.py:190} INFO - [2026-04-26T17:12:48.057+0000] {dagbag.py:387} ERROR - Failed to import: /opt/airflow/dags/main.py
Traceback (most recent call last):
  File "/home/airflow/.local/lib/python3.12/site-packages/airflow/models/dagbag.py", line 383, in parse
    loader.exec_module(new_module)
  File "<frozen importlib._bootstrap_external>", line 999, in exec_module
  File "<frozen importlib._bootstrap>", line 488, in _call_with_frames_removed
  File "/opt/airflow/dags/main.py", line 21, in <module>
    from consumer import consume_orders
ModuleNotFoundError: No module named 'consumer'
[2026-04-26T17:12:48.066+0000] {processor.py:927} WARNING - No viable dags retrieved from /opt/airflow/dags/main.py
[2026-04-26T17:12:48.100+0000] {processor.py:208} INFO - Processing /opt/airflow/dags/main.py took 0.095 seconds
[2026-04-26T17:13:18.856+0000] {processor.py:186} INFO - Started process (PID=5502) to work on /opt/airflow/dags/main.py
[2026-04-26T17:13:18.858+0000] {processor.py:914} INFO - Processing file /opt/airflow/dags/main.py for tasks to queue
[2026-04-26T17:13:18.862+0000] {logging_mixin.py:190} INFO - [2026-04-26T17:13:18.861+0000] {dagbag.py:588} INFO - Filling up the DagBag from /opt/airflow/dags/main.py
[2026-04-26T17:13:18.895+0000] {logging_mixin.py:190} INFO - [2026-04-26T17:13:18.888+0000] {dagbag.py:387} ERROR - Failed to import: /opt/airflow/dags/main.py
Traceback (most recent call last):
  File "/home/airflow/.local/lib/python3.12/site-packages/airflow/models/dagbag.py", line 383, in parse
    loader.exec_module(new_module)
  File "<frozen importlib._bootstrap_external>", line 999, in exec_module
  File "<frozen importlib._bootstrap>", line 488, in _call_with_frames_removed
  File "/opt/airflow/dags/main.py", line 21, in <module>
    from consumer import consume_orders
ModuleNotFoundError: No module named 'consumer'
[2026-04-26T17:13:18.897+0000] {processor.py:927} WARNING - No viable dags retrieved from /opt/airflow/dags/main.py
[2026-04-26T17:13:18.924+0000] {processor.py:208} INFO - Processing /opt/airflow/dags/main.py took 0.081 seconds
[2026-04-26T17:13:49.139+0000] {processor.py:186} INFO - Started process (PID=5509) to work on /opt/airflow/dags/main.py
[2026-04-26T17:13:49.140+0000] {processor.py:914} INFO - Processing file /opt/airflow/dags/main.py for tasks to queue
[2026-04-26T17:13:49.145+0000] {logging_mixin.py:190} INFO - [2026-04-26T17:13:49.145+0000] {dagbag.py:588} INFO - Filling up the DagBag from /opt/airflow/dags/main.py
[2026-04-26T17:13:49.174+0000] {logging_mixin.py:190} INFO - [2026-04-26T17:13:49.167+0000] {dagbag.py:387} ERROR - Failed to import: /opt/airflow/dags/main.py
Traceback (most recent call last):
  File "/home/airflow/.local/lib/python3.12/site-packages/airflow/models/dagbag.py", line 383, in parse
    loader.exec_module(new_module)
  File "<frozen importlib._bootstrap_external>", line 999, in exec_module
  File "<frozen importlib._bootstrap>", line 488, in _call_with_frames_removed
  File "/opt/airflow/dags/main.py", line 21, in <module>
    from consumer import consume_orders
ModuleNotFoundError: No module named 'consumer'
[2026-04-26T17:13:49.176+0000] {processor.py:927} WARNING - No viable dags retrieved from /opt/airflow/dags/main.py
[2026-04-26T17:13:49.202+0000] {processor.py:208} INFO - Processing /opt/airflow/dags/main.py took 0.071 seconds
[2026-04-26T17:14:19.851+0000] {processor.py:186} INFO - Started process (PID=5516) to work on /opt/airflow/dags/main.py
[2026-04-26T17:14:19.853+0000] {processor.py:914} INFO - Processing file /opt/airflow/dags/main.py for tasks to queue
[2026-04-26T17:14:19.859+0000] {logging_mixin.py:190} INFO - [2026-04-26T17:14:19.858+0000] {dagbag.py:588} INFO - Filling up the DagBag from /opt/airflow/dags/main.py
[2026-04-26T17:14:19.894+0000] {logging_mixin.py:190} INFO - [2026-04-26T17:14:19.887+0000] {dagbag.py:387} ERROR - Failed to import: /opt/airflow/dags/main.py
Traceback (most recent call last):
  File "/home/airflow/.local/lib/python3.12/site-packages/airflow/models/dagbag.py", line 383, in parse
    loader.exec_module(new_module)
  File "<frozen importlib._bootstrap_external>", line 999, in exec_module
  File "<frozen importlib._bootstrap>", line 488, in _call_with_frames_removed
  File "/opt/airflow/dags/main.py", line 21, in <module>
    from consumer import consume_orders
ModuleNotFoundError: No module named 'consumer'
[2026-04-26T17:14:19.896+0000] {processor.py:927} WARNING - No viable dags retrieved from /opt/airflow/dags/main.py
[2026-04-26T17:14:19.926+0000] {processor.py:208} INFO - Processing /opt/airflow/dags/main.py took 0.089 seconds
[2026-04-26T17:14:50.354+0000] {processor.py:186} INFO - Started process (PID=5523) to work on /opt/airflow/dags/main.py
[2026-04-26T17:14:50.356+0000] {processor.py:914} INFO - Processing file /opt/airflow/dags/main.py for tasks to queue
[2026-04-26T17:14:50.362+0000] {logging_mixin.py:190} INFO - [2026-04-26T17:14:50.361+0000] {dagbag.py:588} INFO - Filling up the DagBag from /opt/airflow/dags/main.py
[2026-04-26T17:14:50.425+0000] {logging_mixin.py:190} INFO - [2026-04-26T17:14:50.406+0000] {dagbag.py:387} ERROR - Failed to import: /opt/airflow/dags/main.py
Traceback (most recent call last):
  File "/home/airflow/.local/lib/python3.12/site-packages/airflow/models/dagbag.py", line 383, in parse
    loader.exec_module(new_module)
  File "<frozen importlib._bootstrap_external>", line 999, in exec_module
  File "<frozen importlib._bootstrap>", line 488, in _call_with_frames_removed
  File "/opt/airflow/dags/main.py", line 21, in <module>
    from consumer import consume_orders
ModuleNotFoundError: No module named 'consumer'
[2026-04-26T17:14:50.434+0000] {processor.py:927} WARNING - No viable dags retrieved from /opt/airflow/dags/main.py
[2026-04-26T17:14:50.489+0000] {processor.py:208} INFO - Processing /opt/airflow/dags/main.py took 0.170 seconds
[2026-04-26T17:15:21.339+0000] {processor.py:186} INFO - Started process (PID=5530) to work on /opt/airflow/dags/main.py
[2026-04-26T17:15:21.341+0000] {processor.py:914} INFO - Processing file /opt/airflow/dags/main.py for tasks to queue
[2026-04-26T17:15:21.347+0000] {logging_mixin.py:190} INFO - [2026-04-26T17:15:21.347+0000] {dagbag.py:588} INFO - Filling up the DagBag from /opt/airflow/dags/main.py
[2026-04-26T17:15:21.388+0000] {logging_mixin.py:190} INFO - [2026-04-26T17:15:21.379+0000] {dagbag.py:387} ERROR - Failed to import: /opt/airflow/dags/main.py
Traceback (most recent call last):
  File "/home/airflow/.local/lib/python3.12/site-packages/airflow/models/dagbag.py", line 383, in parse
    loader.exec_module(new_module)
  File "<frozen importlib._bootstrap_external>", line 999, in exec_module
  File "<frozen importlib._bootstrap>", line 488, in _call_with_frames_removed
  File "/opt/airflow/dags/main.py", line 21, in <module>
    from consumer import consume_orders
ModuleNotFoundError: No module named 'consumer'
[2026-04-26T17:15:21.390+0000] {processor.py:927} WARNING - No viable dags retrieved from /opt/airflow/dags/main.py
[2026-04-26T17:15:21.426+0000] {processor.py:208} INFO - Processing /opt/airflow/dags/main.py took 0.103 seconds
[2026-04-26T17:15:52.203+0000] {processor.py:186} INFO - Started process (PID=5537) to work on /opt/airflow/dags/main.py
[2026-04-26T17:15:52.206+0000] {processor.py:914} INFO - Processing file /opt/airflow/dags/main.py for tasks to queue
[2026-04-26T17:15:52.216+0000] {logging_mixin.py:190} INFO - [2026-04-26T17:15:52.215+0000] {dagbag.py:588} INFO - Filling up the DagBag from /opt/airflow/dags/main.py
[2026-04-26T17:15:52.284+0000] {logging_mixin.py:190} INFO - [2026-04-26T17:15:52.270+0000] {dagbag.py:387} ERROR - Failed to import: /opt/airflow/dags/main.py
Traceback (most recent call last):
  File "/home/airflow/.local/lib/python3.12/site-packages/airflow/models/dagbag.py", line 383, in parse
    loader.exec_module(new_module)
  File "<frozen importlib._bootstrap_external>", line 999, in exec_module
  File "<frozen importlib._bootstrap>", line 488, in _call_with_frames_removed
  File "/opt/airflow/dags/main.py", line 21, in <module>
    from consumer import consume_orders
ModuleNotFoundError: No module named 'consumer'
[2026-04-26T17:15:52.290+0000] {processor.py:927} WARNING - No viable dags retrieved from /opt/airflow/dags/main.py
[2026-04-26T17:15:52.349+0000] {processor.py:208} INFO - Processing /opt/airflow/dags/main.py took 0.180 seconds
[2026-04-26T17:16:23.284+0000] {processor.py:186} INFO - Started process (PID=5544) to work on /opt/airflow/dags/main.py
[2026-04-26T17:16:23.287+0000] {processor.py:914} INFO - Processing file /opt/airflow/dags/main.py for tasks to queue
[2026-04-26T17:16:23.292+0000] {logging_mixin.py:190} INFO - [2026-04-26T17:16:23.291+0000] {dagbag.py:588} INFO - Filling up the DagBag from /opt/airflow/dags/main.py
[2026-04-26T17:16:23.332+0000] {logging_mixin.py:190} INFO - [2026-04-26T17:16:23.324+0000] {dagbag.py:387} ERROR - Failed to import: /opt/airflow/dags/main.py
Traceback (most recent call last):
  File "/home/airflow/.local/lib/python3.12/site-packages/airflow/models/dagbag.py", line 383, in parse
    loader.exec_module(new_module)
  File "<frozen importlib._bootstrap_external>", line 999, in exec_module
  File "<frozen importlib._bootstrap>", line 488, in _call_with_frames_removed
  File "/opt/airflow/dags/main.py", line 21, in <module>
    from consumer import consume_orders
ModuleNotFoundError: No module named 'consumer'
[2026-04-26T17:16:23.335+0000] {processor.py:927} WARNING - No viable dags retrieved from /opt/airflow/dags/main.py
[2026-04-26T17:16:23.367+0000] {processor.py:208} INFO - Processing /opt/airflow/dags/main.py took 0.104 seconds
[2026-04-26T17:16:54.562+0000] {processor.py:186} INFO - Started process (PID=5551) to work on /opt/airflow/dags/main.py
[2026-04-26T17:16:54.564+0000] {processor.py:914} INFO - Processing file /opt/airflow/dags/main.py for tasks to queue
[2026-04-26T17:16:54.569+0000] {logging_mixin.py:190} INFO - [2026-04-26T17:16:54.568+0000] {dagbag.py:588} INFO - Filling up the DagBag from /opt/airflow/dags/main.py
[2026-04-26T17:16:54.598+0000] {logging_mixin.py:190} INFO - [2026-04-26T17:16:54.593+0000] {dagbag.py:387} ERROR - Failed to import: /opt/airflow/dags/main.py
Traceback (most recent call last):
  File "/home/airflow/.local/lib/python3.12/site-packages/airflow/models/dagbag.py", line 383, in parse
    loader.exec_module(new_module)
  File "<frozen importlib._bootstrap_external>", line 999, in exec_module
  File "<frozen importlib._bootstrap>", line 488, in _call_with_frames_removed
  File "/opt/airflow/dags/main.py", line 21, in <module>
    from consumer import consume_orders
ModuleNotFoundError: No module named 'consumer'
[2026-04-26T17:16:54.600+0000] {processor.py:927} WARNING - No viable dags retrieved from /opt/airflow/dags/main.py
[2026-04-26T17:16:54.622+0000] {processor.py:208} INFO - Processing /opt/airflow/dags/main.py took 0.068 seconds
[2026-04-26T17:17:28.064+0000] {processor.py:186} INFO - Started process (PID=5558) to work on /opt/airflow/dags/main.py
[2026-04-26T17:17:28.066+0000] {processor.py:914} INFO - Processing file /opt/airflow/dags/main.py for tasks to queue
[2026-04-26T17:17:28.069+0000] {logging_mixin.py:190} INFO - [2026-04-26T17:17:28.069+0000] {dagbag.py:588} INFO - Filling up the DagBag from /opt/airflow/dags/main.py
[2026-04-26T17:17:28.102+0000] {logging_mixin.py:190} INFO - [2026-04-26T17:17:28.095+0000] {dagbag.py:387} ERROR - Failed to import: /opt/airflow/dags/main.py
Traceback (most recent call last):
  File "/home/airflow/.local/lib/python3.12/site-packages/airflow/models/dagbag.py", line 383, in parse
    loader.exec_module(new_module)
  File "<frozen importlib._bootstrap_external>", line 999, in exec_module
  File "<frozen importlib._bootstrap>", line 488, in _call_with_frames_removed
  File "/opt/airflow/dags/main.py", line 21, in <module>
    from consumer import consume_orders
ModuleNotFoundError: No module named 'consumer'
[2026-04-26T17:17:28.105+0000] {processor.py:927} WARNING - No viable dags retrieved from /opt/airflow/dags/main.py
[2026-04-26T17:17:28.205+0000] {processor.py:208} INFO - Processing /opt/airflow/dags/main.py took 0.150 seconds
[2026-04-26T17:17:59.302+0000] {processor.py:186} INFO - Started process (PID=5565) to work on /opt/airflow/dags/main.py
[2026-04-26T17:17:59.303+0000] {processor.py:914} INFO - Processing file /opt/airflow/dags/main.py for tasks to queue
[2026-04-26T17:17:59.307+0000] {logging_mixin.py:190} INFO - [2026-04-26T17:17:59.307+0000] {dagbag.py:588} INFO - Filling up the DagBag from /opt/airflow/dags/main.py
[2026-04-26T17:17:59.344+0000] {logging_mixin.py:190} INFO - [2026-04-26T17:17:59.335+0000] {dagbag.py:387} ERROR - Failed to import: /opt/airflow/dags/main.py
Traceback (most recent call last):
  File "/home/airflow/.local/lib/python3.12/site-packages/airflow/models/dagbag.py", line 383, in parse
    loader.exec_module(new_module)
  File "<frozen importlib._bootstrap_external>", line 999, in exec_module
  File "<frozen importlib._bootstrap>", line 488, in _call_with_frames_removed
  File "/opt/airflow/dags/main.py", line 21, in <module>
    from consumer import consume_orders
ModuleNotFoundError: No module named 'consumer'
[2026-04-26T17:17:59.348+0000] {processor.py:927} WARNING - No viable dags retrieved from /opt/airflow/dags/main.py
[2026-04-26T17:17:59.403+0000] {processor.py:208} INFO - Processing /opt/airflow/dags/main.py took 0.114 seconds
[2026-04-26T17:18:32.859+0000] {processor.py:186} INFO - Started process (PID=5572) to work on /opt/airflow/dags/main.py
[2026-04-26T17:18:32.860+0000] {processor.py:914} INFO - Processing file /opt/airflow/dags/main.py for tasks to queue
[2026-04-26T17:18:32.880+0000] {logging_mixin.py:190} INFO - [2026-04-26T17:18:32.879+0000] {dagbag.py:588} INFO - Filling up the DagBag from /opt/airflow/dags/main.py
[2026-04-26T17:18:32.911+0000] {logging_mixin.py:190} INFO - [2026-04-26T17:18:32.905+0000] {dagbag.py:387} ERROR - Failed to import: /opt/airflow/dags/main.py
Traceback (most recent call last):
  File "/home/airflow/.local/lib/python3.12/site-packages/airflow/models/dagbag.py", line 383, in parse
    loader.exec_module(new_module)
  File "<frozen importlib._bootstrap_external>", line 999, in exec_module
  File "<frozen importlib._bootstrap>", line 488, in _call_with_frames_removed
  File "/opt/airflow/dags/main.py", line 21, in <module>
    from consumer import consume_orders
ModuleNotFoundError: No module named 'consumer'
[2026-04-26T17:18:32.914+0000] {processor.py:927} WARNING - No viable dags retrieved from /opt/airflow/dags/main.py
[2026-04-26T17:18:32.957+0000] {processor.py:208} INFO - Processing /opt/airflow/dags/main.py took 0.120 seconds
[2026-04-26T17:19:05.294+0000] {processor.py:186} INFO - Started process (PID=5579) to work on /opt/airflow/dags/main.py
[2026-04-26T17:19:05.296+0000] {processor.py:914} INFO - Processing file /opt/airflow/dags/main.py for tasks to queue
[2026-04-26T17:19:05.301+0000] {logging_mixin.py:190} INFO - [2026-04-26T17:19:05.301+0000] {dagbag.py:588} INFO - Filling up the DagBag from /opt/airflow/dags/main.py
[2026-04-26T17:19:05.335+0000] {logging_mixin.py:190} INFO - [2026-04-26T17:19:05.328+0000] {dagbag.py:387} ERROR - Failed to import: /opt/airflow/dags/main.py
Traceback (most recent call last):
  File "/home/airflow/.local/lib/python3.12/site-packages/airflow/models/dagbag.py", line 383, in parse
    loader.exec_module(new_module)
  File "<frozen importlib._bootstrap_external>", line 999, in exec_module
  File "<frozen importlib._bootstrap>", line 488, in _call_with_frames_removed
  File "/opt/airflow/dags/main.py", line 21, in <module>
    from consumer import consume_orders
ModuleNotFoundError: No module named 'consumer'
[2026-04-26T17:19:05.337+0000] {processor.py:927} WARNING - No viable dags retrieved from /opt/airflow/dags/main.py
[2026-04-26T17:19:05.367+0000] {processor.py:208} INFO - Processing /opt/airflow/dags/main.py took 0.082 seconds
[2026-04-26T17:19:36.676+0000] {processor.py:186} INFO - Started process (PID=5586) to work on /opt/airflow/dags/main.py
[2026-04-26T17:19:36.677+0000] {processor.py:914} INFO - Processing file /opt/airflow/dags/main.py for tasks to queue
[2026-04-26T17:19:36.681+0000] {logging_mixin.py:190} INFO - [2026-04-26T17:19:36.680+0000] {dagbag.py:588} INFO - Filling up the DagBag from /opt/airflow/dags/main.py
[2026-04-26T17:19:36.716+0000] {logging_mixin.py:190} INFO - [2026-04-26T17:19:36.707+0000] {dagbag.py:387} ERROR - Failed to import: /opt/airflow/dags/main.py
Traceback (most recent call last):
  File "/home/airflow/.local/lib/python3.12/site-packages/airflow/models/dagbag.py", line 383, in parse
    loader.exec_module(new_module)
  File "<frozen importlib._bootstrap_external>", line 999, in exec_module
  File "<frozen importlib._bootstrap>", line 488, in _call_with_frames_removed
  File "/opt/airflow/dags/main.py", line 21, in <module>
    from consumer import consume_orders
ModuleNotFoundError: No module named 'consumer'
[2026-04-26T17:19:36.718+0000] {processor.py:927} WARNING - No viable dags retrieved from /opt/airflow/dags/main.py
[2026-04-26T17:19:36.750+0000] {processor.py:208} INFO - Processing /opt/airflow/dags/main.py took 0.083 seconds
[2026-04-26T17:20:08.762+0000] {processor.py:186} INFO - Started process (PID=5593) to work on /opt/airflow/dags/main.py
[2026-04-26T17:20:08.764+0000] {processor.py:914} INFO - Processing file /opt/airflow/dags/main.py for tasks to queue
[2026-04-26T17:20:08.769+0000] {logging_mixin.py:190} INFO - [2026-04-26T17:20:08.769+0000] {dagbag.py:588} INFO - Filling up the DagBag from /opt/airflow/dags/main.py
[2026-04-26T17:20:08.810+0000] {logging_mixin.py:190} INFO - [2026-04-26T17:20:08.802+0000] {dagbag.py:387} ERROR - Failed to import: /opt/airflow/dags/main.py
Traceback (most recent call last):
  File "/home/airflow/.local/lib/python3.12/site-packages/airflow/models/dagbag.py", line 383, in parse
    loader.exec_module(new_module)
  File "<frozen importlib._bootstrap_external>", line 999, in exec_module
  File "<frozen importlib._bootstrap>", line 488, in _call_with_frames_removed
  File "/opt/airflow/dags/main.py", line 21, in <module>
    from consumer import consume_orders
ModuleNotFoundError: No module named 'consumer'
[2026-04-26T17:20:08.814+0000] {processor.py:927} WARNING - No viable dags retrieved from /opt/airflow/dags/main.py
[2026-04-26T17:20:08.857+0000] {processor.py:208} INFO - Processing /opt/airflow/dags/main.py took 0.110 seconds
[2026-04-26T17:20:39.944+0000] {processor.py:186} INFO - Started process (PID=5600) to work on /opt/airflow/dags/main.py
[2026-04-26T17:20:39.946+0000] {processor.py:914} INFO - Processing file /opt/airflow/dags/main.py for tasks to queue
[2026-04-26T17:20:39.953+0000] {logging_mixin.py:190} INFO - [2026-04-26T17:20:39.952+0000] {dagbag.py:588} INFO - Filling up the DagBag from /opt/airflow/dags/main.py
[2026-04-26T17:20:40.012+0000] {logging_mixin.py:190} INFO - [2026-04-26T17:20:40.000+0000] {dagbag.py:387} ERROR - Failed to import: /opt/airflow/dags/main.py
Traceback (most recent call last):
  File "/home/airflow/.local/lib/python3.12/site-packages/airflow/models/dagbag.py", line 383, in parse
    loader.exec_module(new_module)
  File "<frozen importlib._bootstrap_external>", line 999, in exec_module
  File "<frozen importlib._bootstrap>", line 488, in _call_with_frames_removed
  File "/opt/airflow/dags/main.py", line 21, in <module>
    from consumer import consume_orders
ModuleNotFoundError: No module named 'consumer'
[2026-04-26T17:20:40.017+0000] {processor.py:927} WARNING - No viable dags retrieved from /opt/airflow/dags/main.py
[2026-04-26T17:20:40.062+0000] {processor.py:208} INFO - Processing /opt/airflow/dags/main.py took 0.133 seconds
[2026-04-26T17:21:10.404+0000] {processor.py:186} INFO - Started process (PID=5601) to work on /opt/airflow/dags/main.py
[2026-04-26T17:21:10.406+0000] {processor.py:914} INFO - Processing file /opt/airflow/dags/main.py for tasks to queue
[2026-04-26T17:21:10.409+0000] {logging_mixin.py:190} INFO - [2026-04-26T17:21:10.409+0000] {dagbag.py:588} INFO - Filling up the DagBag from /opt/airflow/dags/main.py
[2026-04-26T17:21:10.458+0000] {logging_mixin.py:190} INFO - [2026-04-26T17:21:10.447+0000] {dagbag.py:387} ERROR - Failed to import: /opt/airflow/dags/main.py
Traceback (most recent call last):
  File "/home/airflow/.local/lib/python3.12/site-packages/airflow/models/dagbag.py", line 383, in parse
    loader.exec_module(new_module)
  File "<frozen importlib._bootstrap_external>", line 999, in exec_module
  File "<frozen importlib._bootstrap>", line 488, in _call_with_frames_removed
  File "/opt/airflow/dags/main.py", line 21, in <module>
    from consumer import consume_orders
ModuleNotFoundError: No module named 'consumer'
[2026-04-26T17:21:10.461+0000] {processor.py:927} WARNING - No viable dags retrieved from /opt/airflow/dags/main.py
[2026-04-26T17:21:10.496+0000] {processor.py:208} INFO - Processing /opt/airflow/dags/main.py took 0.100 seconds
[2026-04-26T17:21:40.679+0000] {processor.py:186} INFO - Started process (PID=5608) to work on /opt/airflow/dags/main.py
[2026-04-26T17:21:40.682+0000] {processor.py:914} INFO - Processing file /opt/airflow/dags/main.py for tasks to queue
[2026-04-26T17:21:40.689+0000] {logging_mixin.py:190} INFO - [2026-04-26T17:21:40.688+0000] {dagbag.py:588} INFO - Filling up the DagBag from /opt/airflow/dags/main.py
[2026-04-26T17:21:40.734+0000] {logging_mixin.py:190} INFO - [2026-04-26T17:21:40.720+0000] {dagbag.py:387} ERROR - Failed to import: /opt/airflow/dags/main.py
Traceback (most recent call last):
  File "/home/airflow/.local/lib/python3.12/site-packages/airflow/models/dagbag.py", line 383, in parse
    loader.exec_module(new_module)
  File "<frozen importlib._bootstrap_external>", line 999, in exec_module
  File "<frozen importlib._bootstrap>", line 488, in _call_with_frames_removed
  File "/opt/airflow/dags/main.py", line 21, in <module>
    from consumer import consume_orders
ModuleNotFoundError: No module named 'consumer'
[2026-04-26T17:21:40.737+0000] {processor.py:927} WARNING - No viable dags retrieved from /opt/airflow/dags/main.py
[2026-04-26T17:21:40.777+0000] {processor.py:208} INFO - Processing /opt/airflow/dags/main.py took 0.119 seconds
[2026-04-26T17:22:11.662+0000] {processor.py:186} INFO - Started process (PID=5615) to work on /opt/airflow/dags/main.py
[2026-04-26T17:22:11.664+0000] {processor.py:914} INFO - Processing file /opt/airflow/dags/main.py for tasks to queue
[2026-04-26T17:22:11.670+0000] {logging_mixin.py:190} INFO - [2026-04-26T17:22:11.669+0000] {dagbag.py:588} INFO - Filling up the DagBag from /opt/airflow/dags/main.py
[2026-04-26T17:22:11.702+0000] {logging_mixin.py:190} INFO - [2026-04-26T17:22:11.694+0000] {dagbag.py:387} ERROR - Failed to import: /opt/airflow/dags/main.py
Traceback (most recent call last):
  File "/home/airflow/.local/lib/python3.12/site-packages/airflow/models/dagbag.py", line 383, in parse
    loader.exec_module(new_module)
  File "<frozen importlib._bootstrap_external>", line 999, in exec_module
  File "<frozen importlib._bootstrap>", line 488, in _call_with_frames_removed
  File "/opt/airflow/dags/main.py", line 21, in <module>
    from consumer import consume_orders
ModuleNotFoundError: No module named 'consumer'
[2026-04-26T17:22:11.705+0000] {processor.py:927} WARNING - No viable dags retrieved from /opt/airflow/dags/main.py
[2026-04-26T17:22:11.754+0000] {processor.py:208} INFO - Processing /opt/airflow/dags/main.py took 0.105 seconds
[2026-04-26T17:22:42.154+0000] {processor.py:186} INFO - Started process (PID=5622) to work on /opt/airflow/dags/main.py
[2026-04-26T17:22:42.155+0000] {processor.py:914} INFO - Processing file /opt/airflow/dags/main.py for tasks to queue
[2026-04-26T17:22:42.159+0000] {logging_mixin.py:190} INFO - [2026-04-26T17:22:42.158+0000] {dagbag.py:588} INFO - Filling up the DagBag from /opt/airflow/dags/main.py
[2026-04-26T17:22:42.195+0000] {logging_mixin.py:190} INFO - [2026-04-26T17:22:42.184+0000] {dagbag.py:387} ERROR - Failed to import: /opt/airflow/dags/main.py
Traceback (most recent call last):
  File "/home/airflow/.local/lib/python3.12/site-packages/airflow/models/dagbag.py", line 383, in parse
    loader.exec_module(new_module)
  File "<frozen importlib._bootstrap_external>", line 999, in exec_module
  File "<frozen importlib._bootstrap>", line 488, in _call_with_frames_removed
  File "/opt/airflow/dags/main.py", line 21, in <module>
    from consumer import consume_orders
ModuleNotFoundError: No module named 'consumer'
[2026-04-26T17:22:42.200+0000] {processor.py:927} WARNING - No viable dags retrieved from /opt/airflow/dags/main.py
[2026-04-26T17:22:42.253+0000] {processor.py:208} INFO - Processing /opt/airflow/dags/main.py took 0.109 seconds
[2026-04-26T17:23:12.651+0000] {processor.py:186} INFO - Started process (PID=5629) to work on /opt/airflow/dags/main.py
[2026-04-26T17:23:12.653+0000] {processor.py:914} INFO - Processing file /opt/airflow/dags/main.py for tasks to queue
[2026-04-26T17:23:12.659+0000] {logging_mixin.py:190} INFO - [2026-04-26T17:23:12.658+0000] {dagbag.py:588} INFO - Filling up the DagBag from /opt/airflow/dags/main.py
[2026-04-26T17:23:12.695+0000] {logging_mixin.py:190} INFO - [2026-04-26T17:23:12.687+0000] {dagbag.py:387} ERROR - Failed to import: /opt/airflow/dags/main.py
Traceback (most recent call last):
  File "/home/airflow/.local/lib/python3.12/site-packages/airflow/models/dagbag.py", line 383, in parse
    loader.exec_module(new_module)
  File "<frozen importlib._bootstrap_external>", line 999, in exec_module
  File "<frozen importlib._bootstrap>", line 488, in _call_with_frames_removed
  File "/opt/airflow/dags/main.py", line 21, in <module>
    from consumer import consume_orders
ModuleNotFoundError: No module named 'consumer'
[2026-04-26T17:23:12.700+0000] {processor.py:927} WARNING - No viable dags retrieved from /opt/airflow/dags/main.py
[2026-04-26T17:23:12.732+0000] {processor.py:208} INFO - Processing /opt/airflow/dags/main.py took 0.090 seconds
[2026-04-26T17:23:43.404+0000] {processor.py:186} INFO - Started process (PID=5636) to work on /opt/airflow/dags/main.py
[2026-04-26T17:23:43.406+0000] {processor.py:914} INFO - Processing file /opt/airflow/dags/main.py for tasks to queue
[2026-04-26T17:23:43.412+0000] {logging_mixin.py:190} INFO - [2026-04-26T17:23:43.411+0000] {dagbag.py:588} INFO - Filling up the DagBag from /opt/airflow/dags/main.py
[2026-04-26T17:23:43.460+0000] {logging_mixin.py:190} INFO - [2026-04-26T17:23:43.447+0000] {dagbag.py:387} ERROR - Failed to import: /opt/airflow/dags/main.py
Traceback (most recent call last):
  File "/home/airflow/.local/lib/python3.12/site-packages/airflow/models/dagbag.py", line 383, in parse
    loader.exec_module(new_module)
  File "<frozen importlib._bootstrap_external>", line 999, in exec_module
  File "<frozen importlib._bootstrap>", line 488, in _call_with_frames_removed
  File "/opt/airflow/dags/main.py", line 21, in <module>
    from consumer import consume_orders
ModuleNotFoundError: No module named 'consumer'
[2026-04-26T17:23:43.464+0000] {processor.py:927} WARNING - No viable dags retrieved from /opt/airflow/dags/main.py
[2026-04-26T17:23:43.503+0000] {processor.py:208} INFO - Processing /opt/airflow/dags/main.py took 0.113 seconds
[2026-04-26T17:24:14.343+0000] {processor.py:186} INFO - Started process (PID=5643) to work on /opt/airflow/dags/main.py
[2026-04-26T17:24:14.345+0000] {processor.py:914} INFO - Processing file /opt/airflow/dags/main.py for tasks to queue
[2026-04-26T17:24:14.350+0000] {logging_mixin.py:190} INFO - [2026-04-26T17:24:14.349+0000] {dagbag.py:588} INFO - Filling up the DagBag from /opt/airflow/dags/main.py
[2026-04-26T17:24:14.389+0000] {logging_mixin.py:190} INFO - [2026-04-26T17:24:14.383+0000] {dagbag.py:387} ERROR - Failed to import: /opt/airflow/dags/main.py
Traceback (most recent call last):
  File "/home/airflow/.local/lib/python3.12/site-packages/airflow/models/dagbag.py", line 383, in parse
    loader.exec_module(new_module)
  File "<frozen importlib._bootstrap_external>", line 999, in exec_module
  File "<frozen importlib._bootstrap>", line 488, in _call_with_frames_removed
  File "/opt/airflow/dags/main.py", line 21, in <module>
    from consumer import consume_orders
ModuleNotFoundError: No module named 'consumer'
[2026-04-26T17:24:14.392+0000] {processor.py:927} WARNING - No viable dags retrieved from /opt/airflow/dags/main.py
[2026-04-26T17:24:14.417+0000] {processor.py:208} INFO - Processing /opt/airflow/dags/main.py took 0.083 seconds
[2026-04-26T17:24:45.301+0000] {processor.py:186} INFO - Started process (PID=5650) to work on /opt/airflow/dags/main.py
[2026-04-26T17:24:45.303+0000] {processor.py:914} INFO - Processing file /opt/airflow/dags/main.py for tasks to queue
[2026-04-26T17:24:45.307+0000] {logging_mixin.py:190} INFO - [2026-04-26T17:24:45.306+0000] {dagbag.py:588} INFO - Filling up the DagBag from /opt/airflow/dags/main.py
[2026-04-26T17:24:45.340+0000] {logging_mixin.py:190} INFO - [2026-04-26T17:24:45.334+0000] {dagbag.py:387} ERROR - Failed to import: /opt/airflow/dags/main.py
Traceback (most recent call last):
  File "/home/airflow/.local/lib/python3.12/site-packages/airflow/models/dagbag.py", line 383, in parse
    loader.exec_module(new_module)
  File "<frozen importlib._bootstrap_external>", line 999, in exec_module
  File "<frozen importlib._bootstrap>", line 488, in _call_with_frames_removed
  File "/opt/airflow/dags/main.py", line 21, in <module>
    from consumer import consume_orders
ModuleNotFoundError: No module named 'consumer'
[2026-04-26T17:24:45.342+0000] {processor.py:927} WARNING - No viable dags retrieved from /opt/airflow/dags/main.py
[2026-04-26T17:24:45.399+0000] {processor.py:208} INFO - Processing /opt/airflow/dags/main.py took 0.113 seconds
[2026-04-26T17:25:15.944+0000] {processor.py:186} INFO - Started process (PID=5657) to work on /opt/airflow/dags/main.py
[2026-04-26T17:25:15.946+0000] {processor.py:914} INFO - Processing file /opt/airflow/dags/main.py for tasks to queue
[2026-04-26T17:25:15.953+0000] {logging_mixin.py:190} INFO - [2026-04-26T17:25:15.952+0000] {dagbag.py:588} INFO - Filling up the DagBag from /opt/airflow/dags/main.py
[2026-04-26T17:25:16.007+0000] {logging_mixin.py:190} INFO - [2026-04-26T17:25:15.996+0000] {dagbag.py:387} ERROR - Failed to import: /opt/airflow/dags/main.py
Traceback (most recent call last):
  File "/home/airflow/.local/lib/python3.12/site-packages/airflow/models/dagbag.py", line 383, in parse
    loader.exec_module(new_module)
  File "<frozen importlib._bootstrap_external>", line 999, in exec_module
  File "<frozen importlib._bootstrap>", line 488, in _call_with_frames_removed
  File "/opt/airflow/dags/main.py", line 21, in <module>
    from consumer import consume_orders
ModuleNotFoundError: No module named 'consumer'
[2026-04-26T17:25:16.011+0000] {processor.py:927} WARNING - No viable dags retrieved from /opt/airflow/dags/main.py
[2026-04-26T17:25:16.046+0000] {processor.py:208} INFO - Processing /opt/airflow/dags/main.py took 0.118 seconds
[2026-04-26T17:25:46.494+0000] {processor.py:186} INFO - Started process (PID=5664) to work on /opt/airflow/dags/main.py
[2026-04-26T17:25:46.495+0000] {processor.py:914} INFO - Processing file /opt/airflow/dags/main.py for tasks to queue
[2026-04-26T17:25:46.509+0000] {logging_mixin.py:190} INFO - [2026-04-26T17:25:46.508+0000] {dagbag.py:588} INFO - Filling up the DagBag from /opt/airflow/dags/main.py
[2026-04-26T17:25:46.564+0000] {logging_mixin.py:190} INFO - [2026-04-26T17:25:46.550+0000] {dagbag.py:387} ERROR - Failed to import: /opt/airflow/dags/main.py
Traceback (most recent call last):
  File "/home/airflow/.local/lib/python3.12/site-packages/airflow/models/dagbag.py", line 383, in parse
    loader.exec_module(new_module)
  File "<frozen importlib._bootstrap_external>", line 999, in exec_module
  File "<frozen importlib._bootstrap>", line 488, in _call_with_frames_removed
  File "/opt/airflow/dags/main.py", line 21, in <module>
    from consumer import consume_orders
ModuleNotFoundError: No module named 'consumer'
[2026-04-26T17:25:46.568+0000] {processor.py:927} WARNING - No viable dags retrieved from /opt/airflow/dags/main.py
[2026-04-26T17:25:46.625+0000] {processor.py:208} INFO - Processing /opt/airflow/dags/main.py took 0.140 seconds
[2026-04-26T17:26:17.567+0000] {processor.py:186} INFO - Started process (PID=5671) to work on /opt/airflow/dags/main.py
[2026-04-26T17:26:17.568+0000] {processor.py:914} INFO - Processing file /opt/airflow/dags/main.py for tasks to queue
[2026-04-26T17:26:17.573+0000] {logging_mixin.py:190} INFO - [2026-04-26T17:26:17.572+0000] {dagbag.py:588} INFO - Filling up the DagBag from /opt/airflow/dags/main.py
[2026-04-26T17:26:17.603+0000] {logging_mixin.py:190} INFO - [2026-04-26T17:26:17.598+0000] {dagbag.py:387} ERROR - Failed to import: /opt/airflow/dags/main.py
Traceback (most recent call last):
  File "/home/airflow/.local/lib/python3.12/site-packages/airflow/models/dagbag.py", line 383, in parse
    loader.exec_module(new_module)
  File "<frozen importlib._bootstrap_external>", line 999, in exec_module
  File "<frozen importlib._bootstrap>", line 488, in _call_with_frames_removed
  File "/opt/airflow/dags/main.py", line 21, in <module>
    from consumer import consume_orders
ModuleNotFoundError: No module named 'consumer'
[2026-04-26T17:26:17.605+0000] {processor.py:927} WARNING - No viable dags retrieved from /opt/airflow/dags/main.py
[2026-04-26T17:26:17.630+0000] {processor.py:208} INFO - Processing /opt/airflow/dags/main.py took 0.071 seconds
[2026-04-26T17:26:48.159+0000] {processor.py:186} INFO - Started process (PID=5678) to work on /opt/airflow/dags/main.py
[2026-04-26T17:26:48.161+0000] {processor.py:914} INFO - Processing file /opt/airflow/dags/main.py for tasks to queue
[2026-04-26T17:26:48.164+0000] {logging_mixin.py:190} INFO - [2026-04-26T17:26:48.163+0000] {dagbag.py:588} INFO - Filling up the DagBag from /opt/airflow/dags/main.py
[2026-04-26T17:26:48.201+0000] {logging_mixin.py:190} INFO - [2026-04-26T17:26:48.194+0000] {dagbag.py:387} ERROR - Failed to import: /opt/airflow/dags/main.py
Traceback (most recent call last):
  File "/home/airflow/.local/lib/python3.12/site-packages/airflow/models/dagbag.py", line 383, in parse
    loader.exec_module(new_module)
  File "<frozen importlib._bootstrap_external>", line 999, in exec_module
  File "<frozen importlib._bootstrap>", line 488, in _call_with_frames_removed
  File "/opt/airflow/dags/main.py", line 21, in <module>
    from consumer import consume_orders
ModuleNotFoundError: No module named 'consumer'
[2026-04-26T17:26:48.203+0000] {processor.py:927} WARNING - No viable dags retrieved from /opt/airflow/dags/main.py
[2026-04-26T17:26:48.227+0000] {processor.py:208} INFO - Processing /opt/airflow/dags/main.py took 0.075 seconds
[2026-04-26T17:27:19.246+0000] {processor.py:186} INFO - Started process (PID=5685) to work on /opt/airflow/dags/main.py
[2026-04-26T17:27:19.248+0000] {processor.py:914} INFO - Processing file /opt/airflow/dags/main.py for tasks to queue
[2026-04-26T17:27:19.252+0000] {logging_mixin.py:190} INFO - [2026-04-26T17:27:19.252+0000] {dagbag.py:588} INFO - Filling up the DagBag from /opt/airflow/dags/main.py
[2026-04-26T17:27:19.284+0000] {logging_mixin.py:190} INFO - [2026-04-26T17:27:19.278+0000] {dagbag.py:387} ERROR - Failed to import: /opt/airflow/dags/main.py
Traceback (most recent call last):
  File "/home/airflow/.local/lib/python3.12/site-packages/airflow/models/dagbag.py", line 383, in parse
    loader.exec_module(new_module)
  File "<frozen importlib._bootstrap_external>", line 999, in exec_module
  File "<frozen importlib._bootstrap>", line 488, in _call_with_frames_removed
  File "/opt/airflow/dags/main.py", line 21, in <module>
    from consumer import consume_orders
ModuleNotFoundError: No module named 'consumer'
[2026-04-26T17:27:19.287+0000] {processor.py:927} WARNING - No viable dags retrieved from /opt/airflow/dags/main.py
[2026-04-26T17:27:19.313+0000] {processor.py:208} INFO - Processing /opt/airflow/dags/main.py took 0.075 seconds
[2026-04-26T17:27:49.392+0000] {processor.py:186} INFO - Started process (PID=5692) to work on /opt/airflow/dags/main.py
[2026-04-26T17:27:49.394+0000] {processor.py:914} INFO - Processing file /opt/airflow/dags/main.py for tasks to queue
[2026-04-26T17:27:49.400+0000] {logging_mixin.py:190} INFO - [2026-04-26T17:27:49.399+0000] {dagbag.py:588} INFO - Filling up the DagBag from /opt/airflow/dags/main.py
[2026-04-26T17:27:49.438+0000] {logging_mixin.py:190} INFO - [2026-04-26T17:27:49.430+0000] {dagbag.py:387} ERROR - Failed to import: /opt/airflow/dags/main.py
Traceback (most recent call last):
  File "/home/airflow/.local/lib/python3.12/site-packages/airflow/models/dagbag.py", line 383, in parse
    loader.exec_module(new_module)
  File "<frozen importlib._bootstrap_external>", line 999, in exec_module
  File "<frozen importlib._bootstrap>", line 488, in _call_with_frames_removed
  File "/opt/airflow/dags/main.py", line 21, in <module>
    from consumer import consume_orders
ModuleNotFoundError: No module named 'consumer'
[2026-04-26T17:27:49.441+0000] {processor.py:927} WARNING - No viable dags retrieved from /opt/airflow/dags/main.py
[2026-04-26T17:27:49.490+0000] {processor.py:208} INFO - Processing /opt/airflow/dags/main.py took 0.107 seconds
[2026-04-26T17:28:20.507+0000] {processor.py:186} INFO - Started process (PID=5699) to work on /opt/airflow/dags/main.py
[2026-04-26T17:28:20.512+0000] {processor.py:914} INFO - Processing file /opt/airflow/dags/main.py for tasks to queue
[2026-04-26T17:28:20.523+0000] {logging_mixin.py:190} INFO - [2026-04-26T17:28:20.521+0000] {dagbag.py:588} INFO - Filling up the DagBag from /opt/airflow/dags/main.py
[2026-04-26T17:28:20.616+0000] {logging_mixin.py:190} INFO - [2026-04-26T17:28:20.597+0000] {dagbag.py:387} ERROR - Failed to import: /opt/airflow/dags/main.py
Traceback (most recent call last):
  File "/home/airflow/.local/lib/python3.12/site-packages/airflow/models/dagbag.py", line 383, in parse
    loader.exec_module(new_module)
  File "<frozen importlib._bootstrap_external>", line 999, in exec_module
  File "<frozen importlib._bootstrap>", line 488, in _call_with_frames_removed
  File "/opt/airflow/dags/main.py", line 21, in <module>
    from consumer import consume_orders
ModuleNotFoundError: No module named 'consumer'
[2026-04-26T17:28:20.623+0000] {processor.py:927} WARNING - No viable dags retrieved from /opt/airflow/dags/main.py
[2026-04-26T17:28:20.676+0000] {processor.py:208} INFO - Processing /opt/airflow/dags/main.py took 0.201 seconds
[2026-04-26T17:28:51.094+0000] {processor.py:186} INFO - Started process (PID=5706) to work on /opt/airflow/dags/main.py
[2026-04-26T17:28:51.096+0000] {processor.py:914} INFO - Processing file /opt/airflow/dags/main.py for tasks to queue
[2026-04-26T17:28:51.101+0000] {logging_mixin.py:190} INFO - [2026-04-26T17:28:51.100+0000] {dagbag.py:588} INFO - Filling up the DagBag from /opt/airflow/dags/main.py
[2026-04-26T17:28:51.155+0000] {logging_mixin.py:190} INFO - [2026-04-26T17:28:51.142+0000] {dagbag.py:387} ERROR - Failed to import: /opt/airflow/dags/main.py
Traceback (most recent call last):
  File "/home/airflow/.local/lib/python3.12/site-packages/airflow/models/dagbag.py", line 383, in parse
    loader.exec_module(new_module)
  File "<frozen importlib._bootstrap_external>", line 999, in exec_module
  File "<frozen importlib._bootstrap>", line 488, in _call_with_frames_removed
  File "/opt/airflow/dags/main.py", line 21, in <module>
    from consumer import consume_orders
ModuleNotFoundError: No module named 'consumer'
[2026-04-26T17:28:51.160+0000] {processor.py:927} WARNING - No viable dags retrieved from /opt/airflow/dags/main.py
[2026-04-26T17:28:51.207+0000] {processor.py:208} INFO - Processing /opt/airflow/dags/main.py took 0.129 seconds
[2026-04-26T17:29:22.227+0000] {processor.py:186} INFO - Started process (PID=5713) to work on /opt/airflow/dags/main.py
[2026-04-26T17:29:22.230+0000] {processor.py:914} INFO - Processing file /opt/airflow/dags/main.py for tasks to queue
[2026-04-26T17:29:22.235+0000] {logging_mixin.py:190} INFO - [2026-04-26T17:29:22.234+0000] {dagbag.py:588} INFO - Filling up the DagBag from /opt/airflow/dags/main.py
[2026-04-26T17:29:22.287+0000] {logging_mixin.py:190} INFO - [2026-04-26T17:29:22.277+0000] {dagbag.py:387} ERROR - Failed to import: /opt/airflow/dags/main.py
Traceback (most recent call last):
  File "/home/airflow/.local/lib/python3.12/site-packages/airflow/models/dagbag.py", line 383, in parse
    loader.exec_module(new_module)
  File "<frozen importlib._bootstrap_external>", line 999, in exec_module
  File "<frozen importlib._bootstrap>", line 488, in _call_with_frames_removed
  File "/opt/airflow/dags/main.py", line 21, in <module>
    from consumer import consume_orders
ModuleNotFoundError: No module named 'consumer'
[2026-04-26T17:29:22.291+0000] {processor.py:927} WARNING - No viable dags retrieved from /opt/airflow/dags/main.py
[2026-04-26T17:29:22.337+0000] {processor.py:208} INFO - Processing /opt/airflow/dags/main.py took 0.124 seconds
[2026-04-26T17:29:52.755+0000] {processor.py:186} INFO - Started process (PID=5720) to work on /opt/airflow/dags/main.py
[2026-04-26T17:29:52.757+0000] {processor.py:914} INFO - Processing file /opt/airflow/dags/main.py for tasks to queue
[2026-04-26T17:29:52.763+0000] {logging_mixin.py:190} INFO - [2026-04-26T17:29:52.762+0000] {dagbag.py:588} INFO - Filling up the DagBag from /opt/airflow/dags/main.py
[2026-04-26T17:29:52.811+0000] {logging_mixin.py:190} INFO - [2026-04-26T17:29:52.801+0000] {dagbag.py:387} ERROR - Failed to import: /opt/airflow/dags/main.py
Traceback (most recent call last):
  File "/home/airflow/.local/lib/python3.12/site-packages/airflow/models/dagbag.py", line 383, in parse
    loader.exec_module(new_module)
  File "<frozen importlib._bootstrap_external>", line 999, in exec_module
  File "<frozen importlib._bootstrap>", line 488, in _call_with_frames_removed
  File "/opt/airflow/dags/main.py", line 21, in <module>
    from consumer import consume_orders
ModuleNotFoundError: No module named 'consumer'
[2026-04-26T17:29:52.814+0000] {processor.py:927} WARNING - No viable dags retrieved from /opt/airflow/dags/main.py
[2026-04-26T17:29:52.850+0000] {processor.py:208} INFO - Processing /opt/airflow/dags/main.py took 0.111 seconds
[2026-04-26T17:30:22.949+0000] {processor.py:186} INFO - Started process (PID=5727) to work on /opt/airflow/dags/main.py
[2026-04-26T17:30:22.951+0000] {processor.py:914} INFO - Processing file /opt/airflow/dags/main.py for tasks to queue
[2026-04-26T17:30:22.956+0000] {logging_mixin.py:190} INFO - [2026-04-26T17:30:22.955+0000] {dagbag.py:588} INFO - Filling up the DagBag from /opt/airflow/dags/main.py
[2026-04-26T17:30:23.003+0000] {logging_mixin.py:190} INFO - [2026-04-26T17:30:22.989+0000] {dagbag.py:387} ERROR - Failed to import: /opt/airflow/dags/main.py
Traceback (most recent call last):
  File "/home/airflow/.local/lib/python3.12/site-packages/airflow/models/dagbag.py", line 383, in parse
    loader.exec_module(new_module)
  File "<frozen importlib._bootstrap_external>", line 999, in exec_module
  File "<frozen importlib._bootstrap>", line 488, in _call_with_frames_removed
  File "/opt/airflow/dags/main.py", line 21, in <module>
    from consumer import consume_orders
ModuleNotFoundError: No module named 'consumer'
[2026-04-26T17:30:23.008+0000] {processor.py:927} WARNING - No viable dags retrieved from /opt/airflow/dags/main.py
[2026-04-26T17:30:23.058+0000] {processor.py:208} INFO - Processing /opt/airflow/dags/main.py took 0.123 seconds
[2026-04-26T17:30:53.197+0000] {processor.py:186} INFO - Started process (PID=5734) to work on /opt/airflow/dags/main.py
[2026-04-26T17:30:53.199+0000] {processor.py:914} INFO - Processing file /opt/airflow/dags/main.py for tasks to queue
[2026-04-26T17:30:53.204+0000] {logging_mixin.py:190} INFO - [2026-04-26T17:30:53.203+0000] {dagbag.py:588} INFO - Filling up the DagBag from /opt/airflow/dags/main.py
[2026-04-26T17:30:53.253+0000] {logging_mixin.py:190} INFO - [2026-04-26T17:30:53.245+0000] {dagbag.py:387} ERROR - Failed to import: /opt/airflow/dags/main.py
Traceback (most recent call last):
  File "/home/airflow/.local/lib/python3.12/site-packages/airflow/models/dagbag.py", line 383, in parse
    loader.exec_module(new_module)
  File "<frozen importlib._bootstrap_external>", line 999, in exec_module
  File "<frozen importlib._bootstrap>", line 488, in _call_with_frames_removed
  File "/opt/airflow/dags/main.py", line 21, in <module>
    from consumer import consume_orders
ModuleNotFoundError: No module named 'consumer'
[2026-04-26T17:30:53.255+0000] {processor.py:927} WARNING - No viable dags retrieved from /opt/airflow/dags/main.py
[2026-04-26T17:30:53.294+0000] {processor.py:208} INFO - Processing /opt/airflow/dags/main.py took 0.113 seconds
[2026-04-26T17:31:24.601+0000] {processor.py:186} INFO - Started process (PID=5741) to work on /opt/airflow/dags/main.py
[2026-04-26T17:31:24.603+0000] {processor.py:914} INFO - Processing file /opt/airflow/dags/main.py for tasks to queue
[2026-04-26T17:31:24.609+0000] {logging_mixin.py:190} INFO - [2026-04-26T17:31:24.608+0000] {dagbag.py:588} INFO - Filling up the DagBag from /opt/airflow/dags/main.py
[2026-04-26T17:31:24.659+0000] {logging_mixin.py:190} INFO - [2026-04-26T17:31:24.652+0000] {dagbag.py:387} ERROR - Failed to import: /opt/airflow/dags/main.py
Traceback (most recent call last):
  File "/home/airflow/.local/lib/python3.12/site-packages/airflow/models/dagbag.py", line 383, in parse
    loader.exec_module(new_module)
  File "<frozen importlib._bootstrap_external>", line 999, in exec_module
  File "<frozen importlib._bootstrap>", line 488, in _call_with_frames_removed
  File "/opt/airflow/dags/main.py", line 21, in <module>
    from consumer import consume_orders
ModuleNotFoundError: No module named 'consumer'
[2026-04-26T17:31:24.661+0000] {processor.py:927} WARNING - No viable dags retrieved from /opt/airflow/dags/main.py
[2026-04-26T17:31:24.719+0000] {processor.py:208} INFO - Processing /opt/airflow/dags/main.py took 0.132 seconds
[2026-04-26T17:31:55.667+0000] {processor.py:186} INFO - Started process (PID=5748) to work on /opt/airflow/dags/main.py
[2026-04-26T17:31:55.670+0000] {processor.py:914} INFO - Processing file /opt/airflow/dags/main.py for tasks to queue
[2026-04-26T17:31:55.676+0000] {logging_mixin.py:190} INFO - [2026-04-26T17:31:55.675+0000] {dagbag.py:588} INFO - Filling up the DagBag from /opt/airflow/dags/main.py
[2026-04-26T17:31:55.708+0000] {logging_mixin.py:190} INFO - [2026-04-26T17:31:55.701+0000] {dagbag.py:387} ERROR - Failed to import: /opt/airflow/dags/main.py
Traceback (most recent call last):
  File "/home/airflow/.local/lib/python3.12/site-packages/airflow/models/dagbag.py", line 383, in parse
    loader.exec_module(new_module)
  File "<frozen importlib._bootstrap_external>", line 999, in exec_module
  File "<frozen importlib._bootstrap>", line 488, in _call_with_frames_removed
  File "/opt/airflow/dags/main.py", line 21, in <module>
    from consumer import consume_orders
ModuleNotFoundError: No module named 'consumer'
[2026-04-26T17:31:55.711+0000] {processor.py:927} WARNING - No viable dags retrieved from /opt/airflow/dags/main.py
[2026-04-26T17:31:55.744+0000] {processor.py:208} INFO - Processing /opt/airflow/dags/main.py took 0.093 seconds
[2026-04-26T17:32:25.961+0000] {processor.py:186} INFO - Started process (PID=5749) to work on /opt/airflow/dags/main.py
[2026-04-26T17:32:25.964+0000] {processor.py:914} INFO - Processing file /opt/airflow/dags/main.py for tasks to queue
[2026-04-26T17:32:25.974+0000] {logging_mixin.py:190} INFO - [2026-04-26T17:32:25.973+0000] {dagbag.py:588} INFO - Filling up the DagBag from /opt/airflow/dags/main.py
[2026-04-26T17:32:26.036+0000] {logging_mixin.py:190} INFO - [2026-04-26T17:32:26.022+0000] {dagbag.py:387} ERROR - Failed to import: /opt/airflow/dags/main.py
Traceback (most recent call last):
  File "/home/airflow/.local/lib/python3.12/site-packages/airflow/models/dagbag.py", line 383, in parse
    loader.exec_module(new_module)
  File "<frozen importlib._bootstrap_external>", line 999, in exec_module
  File "<frozen importlib._bootstrap>", line 488, in _call_with_frames_removed
  File "/opt/airflow/dags/main.py", line 21, in <module>
    from consumer import consume_orders
ModuleNotFoundError: No module named 'consumer'
[2026-04-26T17:32:26.041+0000] {processor.py:927} WARNING - No viable dags retrieved from /opt/airflow/dags/main.py
[2026-04-26T17:32:26.105+0000] {processor.py:208} INFO - Processing /opt/airflow/dags/main.py took 0.162 seconds
[2026-04-26T17:32:57.423+0000] {processor.py:186} INFO - Started process (PID=5756) to work on /opt/airflow/dags/main.py
[2026-04-26T17:32:57.425+0000] {processor.py:914} INFO - Processing file /opt/airflow/dags/main.py for tasks to queue
[2026-04-26T17:32:57.430+0000] {logging_mixin.py:190} INFO - [2026-04-26T17:32:57.429+0000] {dagbag.py:588} INFO - Filling up the DagBag from /opt/airflow/dags/main.py
[2026-04-26T17:32:57.473+0000] {logging_mixin.py:190} INFO - [2026-04-26T17:32:57.465+0000] {dagbag.py:387} ERROR - Failed to import: /opt/airflow/dags/main.py
Traceback (most recent call last):
  File "/home/airflow/.local/lib/python3.12/site-packages/airflow/models/dagbag.py", line 383, in parse
    loader.exec_module(new_module)
  File "<frozen importlib._bootstrap_external>", line 999, in exec_module
  File "<frozen importlib._bootstrap>", line 488, in _call_with_frames_removed
  File "/opt/airflow/dags/main.py", line 21, in <module>
    from consumer import consume_orders
ModuleNotFoundError: No module named 'consumer'
[2026-04-26T17:32:57.476+0000] {processor.py:927} WARNING - No viable dags retrieved from /opt/airflow/dags/main.py
[2026-04-26T17:32:57.514+0000] {processor.py:208} INFO - Processing /opt/airflow/dags/main.py took 0.100 seconds
[2026-04-26T17:33:27.789+0000] {processor.py:186} INFO - Started process (PID=5763) to work on /opt/airflow/dags/main.py
[2026-04-26T17:33:27.791+0000] {processor.py:914} INFO - Processing file /opt/airflow/dags/main.py for tasks to queue
[2026-04-26T17:33:27.801+0000] {logging_mixin.py:190} INFO - [2026-04-26T17:33:27.797+0000] {dagbag.py:588} INFO - Filling up the DagBag from /opt/airflow/dags/main.py
[2026-04-26T17:33:27.837+0000] {logging_mixin.py:190} INFO - [2026-04-26T17:33:27.830+0000] {dagbag.py:387} ERROR - Failed to import: /opt/airflow/dags/main.py
Traceback (most recent call last):
  File "/home/airflow/.local/lib/python3.12/site-packages/airflow/models/dagbag.py", line 383, in parse
    loader.exec_module(new_module)
  File "<frozen importlib._bootstrap_external>", line 999, in exec_module
  File "<frozen importlib._bootstrap>", line 488, in _call_with_frames_removed
  File "/opt/airflow/dags/main.py", line 21, in <module>
    from consumer import consume_orders
ModuleNotFoundError: No module named 'consumer'
[2026-04-26T17:33:27.840+0000] {processor.py:927} WARNING - No viable dags retrieved from /opt/airflow/dags/main.py
[2026-04-26T17:33:27.910+0000] {processor.py:208} INFO - Processing /opt/airflow/dags/main.py took 0.131 seconds
[2026-04-26T17:33:58.687+0000] {processor.py:186} INFO - Started process (PID=5770) to work on /opt/airflow/dags/main.py
[2026-04-26T17:33:58.691+0000] {processor.py:914} INFO - Processing file /opt/airflow/dags/main.py for tasks to queue
[2026-04-26T17:33:58.697+0000] {logging_mixin.py:190} INFO - [2026-04-26T17:33:58.696+0000] {dagbag.py:588} INFO - Filling up the DagBag from /opt/airflow/dags/main.py
[2026-04-26T17:33:58.728+0000] {logging_mixin.py:190} INFO - [2026-04-26T17:33:58.720+0000] {dagbag.py:387} ERROR - Failed to import: /opt/airflow/dags/main.py
Traceback (most recent call last):
  File "/home/airflow/.local/lib/python3.12/site-packages/airflow/models/dagbag.py", line 383, in parse
    loader.exec_module(new_module)
  File "<frozen importlib._bootstrap_external>", line 999, in exec_module
  File "<frozen importlib._bootstrap>", line 488, in _call_with_frames_removed
  File "/opt/airflow/dags/main.py", line 21, in <module>
    from consumer import consume_orders
ModuleNotFoundError: No module named 'consumer'
[2026-04-26T17:33:58.730+0000] {processor.py:927} WARNING - No viable dags retrieved from /opt/airflow/dags/main.py
[2026-04-26T17:33:58.757+0000] {processor.py:208} INFO - Processing /opt/airflow/dags/main.py took 0.081 seconds
[2026-04-26T17:34:29.461+0000] {processor.py:186} INFO - Started process (PID=5777) to work on /opt/airflow/dags/main.py
[2026-04-26T17:34:29.462+0000] {processor.py:914} INFO - Processing file /opt/airflow/dags/main.py for tasks to queue
[2026-04-26T17:34:29.466+0000] {logging_mixin.py:190} INFO - [2026-04-26T17:34:29.465+0000] {dagbag.py:588} INFO - Filling up the DagBag from /opt/airflow/dags/main.py
[2026-04-26T17:34:29.499+0000] {logging_mixin.py:190} INFO - [2026-04-26T17:34:29.492+0000] {dagbag.py:387} ERROR - Failed to import: /opt/airflow/dags/main.py
Traceback (most recent call last):
  File "/home/airflow/.local/lib/python3.12/site-packages/airflow/models/dagbag.py", line 383, in parse
    loader.exec_module(new_module)
  File "<frozen importlib._bootstrap_external>", line 999, in exec_module
  File "<frozen importlib._bootstrap>", line 488, in _call_with_frames_removed
  File "/opt/airflow/dags/main.py", line 21, in <module>
    from consumer import consume_orders
ModuleNotFoundError: No module named 'consumer'
[2026-04-26T17:34:29.501+0000] {processor.py:927} WARNING - No viable dags retrieved from /opt/airflow/dags/main.py
[2026-04-26T17:34:29.531+0000] {processor.py:208} INFO - Processing /opt/airflow/dags/main.py took 0.079 seconds
[2026-04-26T17:35:00.000+0000] {processor.py:186} INFO - Started process (PID=5784) to work on /opt/airflow/dags/main.py
[2026-04-26T17:35:00.001+0000] {processor.py:914} INFO - Processing file /opt/airflow/dags/main.py for tasks to queue
[2026-04-26T17:35:00.005+0000] {logging_mixin.py:190} INFO - [2026-04-26T17:35:00.005+0000] {dagbag.py:588} INFO - Filling up the DagBag from /opt/airflow/dags/main.py
[2026-04-26T17:35:00.040+0000] {logging_mixin.py:190} INFO - [2026-04-26T17:35:00.032+0000] {dagbag.py:387} ERROR - Failed to import: /opt/airflow/dags/main.py
Traceback (most recent call last):
  File "/home/airflow/.local/lib/python3.12/site-packages/airflow/models/dagbag.py", line 383, in parse
    loader.exec_module(new_module)
  File "<frozen importlib._bootstrap_external>", line 999, in exec_module
  File "<frozen importlib._bootstrap>", line 488, in _call_with_frames_removed
  File "/opt/airflow/dags/main.py", line 21, in <module>
    from consumer import consume_orders
ModuleNotFoundError: No module named 'consumer'
[2026-04-26T17:35:00.043+0000] {processor.py:927} WARNING - No viable dags retrieved from /opt/airflow/dags/main.py
[2026-04-26T17:35:00.074+0000] {processor.py:208} INFO - Processing /opt/airflow/dags/main.py took 0.085 seconds
[2026-04-26T17:35:30.367+0000] {processor.py:186} INFO - Started process (PID=5791) to work on /opt/airflow/dags/main.py
[2026-04-26T17:35:30.369+0000] {processor.py:914} INFO - Processing file /opt/airflow/dags/main.py for tasks to queue
[2026-04-26T17:35:30.372+0000] {logging_mixin.py:190} INFO - [2026-04-26T17:35:30.371+0000] {dagbag.py:588} INFO - Filling up the DagBag from /opt/airflow/dags/main.py
[2026-04-26T17:35:30.410+0000] {logging_mixin.py:190} INFO - [2026-04-26T17:35:30.402+0000] {dagbag.py:387} ERROR - Failed to import: /opt/airflow/dags/main.py
Traceback (most recent call last):
  File "/home/airflow/.local/lib/python3.12/site-packages/airflow/models/dagbag.py", line 383, in parse
    loader.exec_module(new_module)
  File "<frozen importlib._bootstrap_external>", line 999, in exec_module
  File "<frozen importlib._bootstrap>", line 488, in _call_with_frames_removed
  File "/opt/airflow/dags/main.py", line 21, in <module>
    from consumer import consume_orders
ModuleNotFoundError: No module named 'consumer'
[2026-04-26T17:35:30.412+0000] {processor.py:927} WARNING - No viable dags retrieved from /opt/airflow/dags/main.py
[2026-04-26T17:35:30.446+0000] {processor.py:208} INFO - Processing /opt/airflow/dags/main.py took 0.088 seconds
[2026-04-26T17:36:01.460+0000] {processor.py:186} INFO - Started process (PID=5798) to work on /opt/airflow/dags/main.py
[2026-04-26T17:36:01.462+0000] {processor.py:914} INFO - Processing file /opt/airflow/dags/main.py for tasks to queue
[2026-04-26T17:36:01.465+0000] {logging_mixin.py:190} INFO - [2026-04-26T17:36:01.465+0000] {dagbag.py:588} INFO - Filling up the DagBag from /opt/airflow/dags/main.py
[2026-04-26T17:36:01.504+0000] {logging_mixin.py:190} INFO - [2026-04-26T17:36:01.494+0000] {dagbag.py:387} ERROR - Failed to import: /opt/airflow/dags/main.py
Traceback (most recent call last):
  File "/home/airflow/.local/lib/python3.12/site-packages/airflow/models/dagbag.py", line 383, in parse
    loader.exec_module(new_module)
  File "<frozen importlib._bootstrap_external>", line 999, in exec_module
  File "<frozen importlib._bootstrap>", line 488, in _call_with_frames_removed
  File "/opt/airflow/dags/main.py", line 21, in <module>
    from consumer import consume_orders
ModuleNotFoundError: No module named 'consumer'
[2026-04-26T17:36:01.507+0000] {processor.py:927} WARNING - No viable dags retrieved from /opt/airflow/dags/main.py
[2026-04-26T17:36:01.537+0000] {processor.py:208} INFO - Processing /opt/airflow/dags/main.py took 0.086 seconds
[2026-04-26T17:36:31.973+0000] {processor.py:186} INFO - Started process (PID=5805) to work on /opt/airflow/dags/main.py
[2026-04-26T17:36:31.974+0000] {processor.py:914} INFO - Processing file /opt/airflow/dags/main.py for tasks to queue
[2026-04-26T17:36:31.978+0000] {logging_mixin.py:190} INFO - [2026-04-26T17:36:31.978+0000] {dagbag.py:588} INFO - Filling up the DagBag from /opt/airflow/dags/main.py
[2026-04-26T17:36:32.026+0000] {logging_mixin.py:190} INFO - [2026-04-26T17:36:32.014+0000] {dagbag.py:387} ERROR - Failed to import: /opt/airflow/dags/main.py
Traceback (most recent call last):
  File "/home/airflow/.local/lib/python3.12/site-packages/airflow/models/dagbag.py", line 383, in parse
    loader.exec_module(new_module)
  File "<frozen importlib._bootstrap_external>", line 999, in exec_module
  File "<frozen importlib._bootstrap>", line 488, in _call_with_frames_removed
  File "/opt/airflow/dags/main.py", line 21, in <module>
    from consumer import consume_orders
ModuleNotFoundError: No module named 'consumer'
[2026-04-26T17:36:32.031+0000] {processor.py:927} WARNING - No viable dags retrieved from /opt/airflow/dags/main.py
[2026-04-26T17:36:32.089+0000] {processor.py:208} INFO - Processing /opt/airflow/dags/main.py took 0.127 seconds
[2026-04-26T17:37:02.179+0000] {processor.py:186} INFO - Started process (PID=5812) to work on /opt/airflow/dags/main.py
[2026-04-26T17:37:02.181+0000] {processor.py:914} INFO - Processing file /opt/airflow/dags/main.py for tasks to queue
[2026-04-26T17:37:02.184+0000] {logging_mixin.py:190} INFO - [2026-04-26T17:37:02.184+0000] {dagbag.py:588} INFO - Filling up the DagBag from /opt/airflow/dags/main.py
[2026-04-26T17:37:02.215+0000] {logging_mixin.py:190} INFO - [2026-04-26T17:37:02.209+0000] {dagbag.py:387} ERROR - Failed to import: /opt/airflow/dags/main.py
Traceback (most recent call last):
  File "/home/airflow/.local/lib/python3.12/site-packages/airflow/models/dagbag.py", line 383, in parse
    loader.exec_module(new_module)
  File "<frozen importlib._bootstrap_external>", line 999, in exec_module
  File "<frozen importlib._bootstrap>", line 488, in _call_with_frames_removed
  File "/opt/airflow/dags/main.py", line 21, in <module>
    from consumer import consume_orders
ModuleNotFoundError: No module named 'consumer'
[2026-04-26T17:37:02.218+0000] {processor.py:927} WARNING - No viable dags retrieved from /opt/airflow/dags/main.py
[2026-04-26T17:37:02.248+0000] {processor.py:208} INFO - Processing /opt/airflow/dags/main.py took 0.077 seconds
[2026-04-26T17:37:32.498+0000] {processor.py:186} INFO - Started process (PID=5819) to work on /opt/airflow/dags/main.py
[2026-04-26T17:37:32.501+0000] {processor.py:914} INFO - Processing file /opt/airflow/dags/main.py for tasks to queue
[2026-04-26T17:37:32.505+0000] {logging_mixin.py:190} INFO - [2026-04-26T17:37:32.504+0000] {dagbag.py:588} INFO - Filling up the DagBag from /opt/airflow/dags/main.py
[2026-04-26T17:37:32.540+0000] {logging_mixin.py:190} INFO - [2026-04-26T17:37:32.533+0000] {dagbag.py:387} ERROR - Failed to import: /opt/airflow/dags/main.py
Traceback (most recent call last):
  File "/home/airflow/.local/lib/python3.12/site-packages/airflow/models/dagbag.py", line 383, in parse
    loader.exec_module(new_module)
  File "<frozen importlib._bootstrap_external>", line 999, in exec_module
  File "<frozen importlib._bootstrap>", line 488, in _call_with_frames_removed
  File "/opt/airflow/dags/main.py", line 21, in <module>
    from consumer import consume_orders
ModuleNotFoundError: No module named 'consumer'
[2026-04-26T17:37:32.543+0000] {processor.py:927} WARNING - No viable dags retrieved from /opt/airflow/dags/main.py
[2026-04-26T17:37:32.575+0000] {processor.py:208} INFO - Processing /opt/airflow/dags/main.py took 0.098 seconds
[2026-04-26T17:38:05.591+0000] {processor.py:186} INFO - Started process (PID=5826) to work on /opt/airflow/dags/main.py
[2026-04-26T17:38:05.598+0000] {processor.py:914} INFO - Processing file /opt/airflow/dags/main.py for tasks to queue
[2026-04-26T17:38:05.605+0000] {logging_mixin.py:190} INFO - [2026-04-26T17:38:05.604+0000] {dagbag.py:588} INFO - Filling up the DagBag from /opt/airflow/dags/main.py
[2026-04-26T17:38:05.664+0000] {logging_mixin.py:190} INFO - [2026-04-26T17:38:05.651+0000] {dagbag.py:387} ERROR - Failed to import: /opt/airflow/dags/main.py
Traceback (most recent call last):
  File "/home/airflow/.local/lib/python3.12/site-packages/airflow/models/dagbag.py", line 383, in parse
    loader.exec_module(new_module)
  File "<frozen importlib._bootstrap_external>", line 999, in exec_module
  File "<frozen importlib._bootstrap>", line 488, in _call_with_frames_removed
  File "/opt/airflow/dags/main.py", line 21, in <module>
    from consumer import consume_orders
ModuleNotFoundError: No module named 'consumer'
[2026-04-26T17:38:05.669+0000] {processor.py:927} WARNING - No viable dags retrieved from /opt/airflow/dags/main.py
[2026-04-26T17:38:05.731+0000] {processor.py:208} INFO - Processing /opt/airflow/dags/main.py took 0.160 seconds
[2026-04-26T17:38:36.304+0000] {processor.py:186} INFO - Started process (PID=5833) to work on /opt/airflow/dags/main.py
[2026-04-26T17:38:36.307+0000] {processor.py:914} INFO - Processing file /opt/airflow/dags/main.py for tasks to queue
[2026-04-26T17:38:36.317+0000] {logging_mixin.py:190} INFO - [2026-04-26T17:38:36.316+0000] {dagbag.py:588} INFO - Filling up the DagBag from /opt/airflow/dags/main.py
[2026-04-26T17:38:36.358+0000] {logging_mixin.py:190} INFO - [2026-04-26T17:38:36.350+0000] {dagbag.py:387} ERROR - Failed to import: /opt/airflow/dags/main.py
Traceback (most recent call last):
  File "/home/airflow/.local/lib/python3.12/site-packages/airflow/models/dagbag.py", line 383, in parse
    loader.exec_module(new_module)
  File "<frozen importlib._bootstrap_external>", line 999, in exec_module
  File "<frozen importlib._bootstrap>", line 488, in _call_with_frames_removed
  File "/opt/airflow/dags/main.py", line 21, in <module>
    from consumer import consume_orders
ModuleNotFoundError: No module named 'consumer'
[2026-04-26T17:38:36.361+0000] {processor.py:927} WARNING - No viable dags retrieved from /opt/airflow/dags/main.py
[2026-04-26T17:38:36.415+0000] {processor.py:208} INFO - Processing /opt/airflow/dags/main.py took 0.129 seconds
[2026-04-26T17:39:07.010+0000] {processor.py:186} INFO - Started process (PID=5840) to work on /opt/airflow/dags/main.py
[2026-04-26T17:39:07.012+0000] {processor.py:914} INFO - Processing file /opt/airflow/dags/main.py for tasks to queue
[2026-04-26T17:39:07.017+0000] {logging_mixin.py:190} INFO - [2026-04-26T17:39:07.017+0000] {dagbag.py:588} INFO - Filling up the DagBag from /opt/airflow/dags/main.py
[2026-04-26T17:39:07.058+0000] {logging_mixin.py:190} INFO - [2026-04-26T17:39:07.050+0000] {dagbag.py:387} ERROR - Failed to import: /opt/airflow/dags/main.py
Traceback (most recent call last):
  File "/home/airflow/.local/lib/python3.12/site-packages/airflow/models/dagbag.py", line 383, in parse
    loader.exec_module(new_module)
  File "<frozen importlib._bootstrap_external>", line 999, in exec_module
  File "<frozen importlib._bootstrap>", line 488, in _call_with_frames_removed
  File "/opt/airflow/dags/main.py", line 21, in <module>
    from consumer import consume_orders
ModuleNotFoundError: No module named 'consumer'
[2026-04-26T17:39:07.061+0000] {processor.py:927} WARNING - No viable dags retrieved from /opt/airflow/dags/main.py
[2026-04-26T17:39:07.110+0000] {processor.py:208} INFO - Processing /opt/airflow/dags/main.py took 0.120 seconds
[2026-04-26T17:39:37.322+0000] {processor.py:186} INFO - Started process (PID=5847) to work on /opt/airflow/dags/main.py
[2026-04-26T17:39:37.323+0000] {processor.py:914} INFO - Processing file /opt/airflow/dags/main.py for tasks to queue
[2026-04-26T17:39:37.329+0000] {logging_mixin.py:190} INFO - [2026-04-26T17:39:37.328+0000] {dagbag.py:588} INFO - Filling up the DagBag from /opt/airflow/dags/main.py
[2026-04-26T17:39:37.365+0000] {logging_mixin.py:190} INFO - [2026-04-26T17:39:37.358+0000] {dagbag.py:387} ERROR - Failed to import: /opt/airflow/dags/main.py
Traceback (most recent call last):
  File "/home/airflow/.local/lib/python3.12/site-packages/airflow/models/dagbag.py", line 383, in parse
    loader.exec_module(new_module)
  File "<frozen importlib._bootstrap_external>", line 999, in exec_module
  File "<frozen importlib._bootstrap>", line 488, in _call_with_frames_removed
  File "/opt/airflow/dags/main.py", line 21, in <module>
    from consumer import consume_orders
ModuleNotFoundError: No module named 'consumer'
[2026-04-26T17:39:37.367+0000] {processor.py:927} WARNING - No viable dags retrieved from /opt/airflow/dags/main.py
[2026-04-26T17:39:37.495+0000] {processor.py:208} INFO - Processing /opt/airflow/dags/main.py took 0.192 seconds
[2026-04-26T17:40:07.694+0000] {processor.py:186} INFO - Started process (PID=5854) to work on /opt/airflow/dags/main.py
[2026-04-26T17:40:07.696+0000] {processor.py:914} INFO - Processing file /opt/airflow/dags/main.py for tasks to queue
[2026-04-26T17:40:07.710+0000] {logging_mixin.py:190} INFO - [2026-04-26T17:40:07.709+0000] {dagbag.py:588} INFO - Filling up the DagBag from /opt/airflow/dags/main.py
[2026-04-26T17:40:07.738+0000] {logging_mixin.py:190} INFO - [2026-04-26T17:40:07.732+0000] {dagbag.py:387} ERROR - Failed to import: /opt/airflow/dags/main.py
Traceback (most recent call last):
  File "/home/airflow/.local/lib/python3.12/site-packages/airflow/models/dagbag.py", line 383, in parse
    loader.exec_module(new_module)
  File "<frozen importlib._bootstrap_external>", line 999, in exec_module
  File "<frozen importlib._bootstrap>", line 488, in _call_with_frames_removed
  File "/opt/airflow/dags/main.py", line 21, in <module>
    from consumer import consume_orders
ModuleNotFoundError: No module named 'consumer'
[2026-04-26T17:40:07.739+0000] {processor.py:927} WARNING - No viable dags retrieved from /opt/airflow/dags/main.py
[2026-04-26T17:40:07.768+0000] {processor.py:208} INFO - Processing /opt/airflow/dags/main.py took 0.093 seconds
[2026-04-26T17:40:38.029+0000] {processor.py:186} INFO - Started process (PID=5861) to work on /opt/airflow/dags/main.py
[2026-04-26T17:40:38.031+0000] {processor.py:914} INFO - Processing file /opt/airflow/dags/main.py for tasks to queue
[2026-04-26T17:40:38.038+0000] {logging_mixin.py:190} INFO - [2026-04-26T17:40:38.037+0000] {dagbag.py:588} INFO - Filling up the DagBag from /opt/airflow/dags/main.py
[2026-04-26T17:40:38.095+0000] {logging_mixin.py:190} INFO - [2026-04-26T17:40:38.083+0000] {dagbag.py:387} ERROR - Failed to import: /opt/airflow/dags/main.py
Traceback (most recent call last):
  File "/home/airflow/.local/lib/python3.12/site-packages/airflow/models/dagbag.py", line 383, in parse
    loader.exec_module(new_module)
  File "<frozen importlib._bootstrap_external>", line 999, in exec_module
  File "<frozen importlib._bootstrap>", line 488, in _call_with_frames_removed
  File "/opt/airflow/dags/main.py", line 21, in <module>
    from consumer import consume_orders
ModuleNotFoundError: No module named 'consumer'
[2026-04-26T17:40:38.099+0000] {processor.py:927} WARNING - No viable dags retrieved from /opt/airflow/dags/main.py
[2026-04-26T17:40:38.150+0000] {processor.py:208} INFO - Processing /opt/airflow/dags/main.py took 0.139 seconds
[2026-04-26T17:41:08.596+0000] {processor.py:186} INFO - Started process (PID=5869) to work on /opt/airflow/dags/main.py
[2026-04-26T17:41:08.599+0000] {processor.py:914} INFO - Processing file /opt/airflow/dags/main.py for tasks to queue
[2026-04-26T17:41:08.614+0000] {logging_mixin.py:190} INFO - [2026-04-26T17:41:08.613+0000] {dagbag.py:588} INFO - Filling up the DagBag from /opt/airflow/dags/main.py
[2026-04-26T17:41:08.641+0000] {logging_mixin.py:190} INFO - [2026-04-26T17:41:08.635+0000] {dagbag.py:387} ERROR - Failed to import: /opt/airflow/dags/main.py
Traceback (most recent call last):
  File "/home/airflow/.local/lib/python3.12/site-packages/airflow/models/dagbag.py", line 383, in parse
    loader.exec_module(new_module)
  File "<frozen importlib._bootstrap_external>", line 999, in exec_module
  File "<frozen importlib._bootstrap>", line 488, in _call_with_frames_removed
  File "/opt/airflow/dags/main.py", line 21, in <module>
    from consumer import consume_orders
ModuleNotFoundError: No module named 'consumer'
[2026-04-26T17:41:08.643+0000] {processor.py:927} WARNING - No viable dags retrieved from /opt/airflow/dags/main.py
[2026-04-26T17:41:08.671+0000] {processor.py:208} INFO - Processing /opt/airflow/dags/main.py took 0.096 seconds
[2026-04-26T17:41:38.785+0000] {processor.py:186} INFO - Started process (PID=5870) to work on /opt/airflow/dags/main.py
[2026-04-26T17:41:38.786+0000] {processor.py:914} INFO - Processing file /opt/airflow/dags/main.py for tasks to queue
[2026-04-26T17:41:38.791+0000] {logging_mixin.py:190} INFO - [2026-04-26T17:41:38.791+0000] {dagbag.py:588} INFO - Filling up the DagBag from /opt/airflow/dags/main.py
[2026-04-26T17:41:38.840+0000] {logging_mixin.py:190} INFO - [2026-04-26T17:41:38.828+0000] {dagbag.py:387} ERROR - Failed to import: /opt/airflow/dags/main.py
Traceback (most recent call last):
  File "/home/airflow/.local/lib/python3.12/site-packages/airflow/models/dagbag.py", line 383, in parse
    loader.exec_module(new_module)
  File "<frozen importlib._bootstrap_external>", line 999, in exec_module
  File "<frozen importlib._bootstrap>", line 488, in _call_with_frames_removed
  File "/opt/airflow/dags/main.py", line 21, in <module>
    from consumer import consume_orders
ModuleNotFoundError: No module named 'consumer'
[2026-04-26T17:41:38.844+0000] {processor.py:927} WARNING - No viable dags retrieved from /opt/airflow/dags/main.py
[2026-04-26T17:41:38.884+0000] {processor.py:208} INFO - Processing /opt/airflow/dags/main.py took 0.110 seconds
[2026-04-26T17:42:11.100+0000] {processor.py:186} INFO - Started process (PID=5877) to work on /opt/airflow/dags/main.py
[2026-04-26T17:42:11.102+0000] {processor.py:914} INFO - Processing file /opt/airflow/dags/main.py for tasks to queue
[2026-04-26T17:42:11.119+0000] {logging_mixin.py:190} INFO - [2026-04-26T17:42:11.118+0000] {dagbag.py:588} INFO - Filling up the DagBag from /opt/airflow/dags/main.py
[2026-04-26T17:42:11.152+0000] {logging_mixin.py:190} INFO - [2026-04-26T17:42:11.146+0000] {dagbag.py:387} ERROR - Failed to import: /opt/airflow/dags/main.py
Traceback (most recent call last):
  File "/home/airflow/.local/lib/python3.12/site-packages/airflow/models/dagbag.py", line 383, in parse
    loader.exec_module(new_module)
  File "<frozen importlib._bootstrap_external>", line 999, in exec_module
  File "<frozen importlib._bootstrap>", line 488, in _call_with_frames_removed
  File "/opt/airflow/dags/main.py", line 21, in <module>
    from consumer import consume_orders
ModuleNotFoundError: No module named 'consumer'
[2026-04-26T17:42:11.154+0000] {processor.py:927} WARNING - No viable dags retrieved from /opt/airflow/dags/main.py
[2026-04-26T17:42:11.195+0000] {processor.py:208} INFO - Processing /opt/airflow/dags/main.py took 0.106 seconds
[2026-04-26T17:42:41.375+0000] {processor.py:186} INFO - Started process (PID=5884) to work on /opt/airflow/dags/main.py
[2026-04-26T17:42:41.377+0000] {processor.py:914} INFO - Processing file /opt/airflow/dags/main.py for tasks to queue
[2026-04-26T17:42:41.381+0000] {logging_mixin.py:190} INFO - [2026-04-26T17:42:41.381+0000] {dagbag.py:588} INFO - Filling up the DagBag from /opt/airflow/dags/main.py
[2026-04-26T17:42:41.409+0000] {logging_mixin.py:190} INFO - [2026-04-26T17:42:41.404+0000] {dagbag.py:387} ERROR - Failed to import: /opt/airflow/dags/main.py
Traceback (most recent call last):
  File "/home/airflow/.local/lib/python3.12/site-packages/airflow/models/dagbag.py", line 383, in parse
    loader.exec_module(new_module)
  File "<frozen importlib._bootstrap_external>", line 999, in exec_module
  File "<frozen importlib._bootstrap>", line 488, in _call_with_frames_removed
  File "/opt/airflow/dags/main.py", line 21, in <module>
    from consumer import consume_orders
ModuleNotFoundError: No module named 'consumer'
[2026-04-26T17:42:41.411+0000] {processor.py:927} WARNING - No viable dags retrieved from /opt/airflow/dags/main.py
[2026-04-26T17:42:41.440+0000] {processor.py:208} INFO - Processing /opt/airflow/dags/main.py took 0.076 seconds
[2026-04-26T17:43:12.070+0000] {processor.py:186} INFO - Started process (PID=5891) to work on /opt/airflow/dags/main.py
[2026-04-26T17:43:12.072+0000] {processor.py:914} INFO - Processing file /opt/airflow/dags/main.py for tasks to queue
[2026-04-26T17:43:12.077+0000] {logging_mixin.py:190} INFO - [2026-04-26T17:43:12.076+0000] {dagbag.py:588} INFO - Filling up the DagBag from /opt/airflow/dags/main.py
[2026-04-26T17:43:12.113+0000] {logging_mixin.py:190} INFO - [2026-04-26T17:43:12.107+0000] {dagbag.py:387} ERROR - Failed to import: /opt/airflow/dags/main.py
Traceback (most recent call last):
  File "/home/airflow/.local/lib/python3.12/site-packages/airflow/models/dagbag.py", line 383, in parse
    loader.exec_module(new_module)
  File "<frozen importlib._bootstrap_external>", line 999, in exec_module
  File "<frozen importlib._bootstrap>", line 488, in _call_with_frames_removed
  File "/opt/airflow/dags/main.py", line 21, in <module>
    from consumer import consume_orders
ModuleNotFoundError: No module named 'consumer'
[2026-04-26T17:43:12.115+0000] {processor.py:927} WARNING - No viable dags retrieved from /opt/airflow/dags/main.py
[2026-04-26T17:43:12.144+0000] {processor.py:208} INFO - Processing /opt/airflow/dags/main.py took 0.084 seconds
[2026-04-26T17:43:42.964+0000] {processor.py:186} INFO - Started process (PID=5898) to work on /opt/airflow/dags/main.py
[2026-04-26T17:43:42.966+0000] {processor.py:914} INFO - Processing file /opt/airflow/dags/main.py for tasks to queue
[2026-04-26T17:43:42.973+0000] {logging_mixin.py:190} INFO - [2026-04-26T17:43:42.972+0000] {dagbag.py:588} INFO - Filling up the DagBag from /opt/airflow/dags/main.py
[2026-04-26T17:43:43.005+0000] {logging_mixin.py:190} INFO - [2026-04-26T17:43:42.998+0000] {dagbag.py:387} ERROR - Failed to import: /opt/airflow/dags/main.py
Traceback (most recent call last):
  File "/home/airflow/.local/lib/python3.12/site-packages/airflow/models/dagbag.py", line 383, in parse
    loader.exec_module(new_module)
  File "<frozen importlib._bootstrap_external>", line 999, in exec_module
  File "<frozen importlib._bootstrap>", line 488, in _call_with_frames_removed
  File "/opt/airflow/dags/main.py", line 21, in <module>
    from consumer import consume_orders
ModuleNotFoundError: No module named 'consumer'
[2026-04-26T17:43:43.008+0000] {processor.py:927} WARNING - No viable dags retrieved from /opt/airflow/dags/main.py
[2026-04-26T17:43:43.042+0000] {processor.py:208} INFO - Processing /opt/airflow/dags/main.py took 0.091 seconds
[2026-04-26T17:44:13.970+0000] {processor.py:186} INFO - Started process (PID=5905) to work on /opt/airflow/dags/main.py
[2026-04-26T17:44:13.971+0000] {processor.py:914} INFO - Processing file /opt/airflow/dags/main.py for tasks to queue
[2026-04-26T17:44:13.976+0000] {logging_mixin.py:190} INFO - [2026-04-26T17:44:13.975+0000] {dagbag.py:588} INFO - Filling up the DagBag from /opt/airflow/dags/main.py
[2026-04-26T17:44:14.034+0000] {logging_mixin.py:190} INFO - [2026-04-26T17:44:14.022+0000] {dagbag.py:387} ERROR - Failed to import: /opt/airflow/dags/main.py
Traceback (most recent call last):
  File "/home/airflow/.local/lib/python3.12/site-packages/airflow/models/dagbag.py", line 383, in parse
    loader.exec_module(new_module)
  File "<frozen importlib._bootstrap_external>", line 999, in exec_module
  File "<frozen importlib._bootstrap>", line 488, in _call_with_frames_removed
  File "/opt/airflow/dags/main.py", line 21, in <module>
    from consumer import consume_orders
ModuleNotFoundError: No module named 'consumer'
[2026-04-26T17:44:14.038+0000] {processor.py:927} WARNING - No viable dags retrieved from /opt/airflow/dags/main.py
[2026-04-26T17:44:14.088+0000] {processor.py:208} INFO - Processing /opt/airflow/dags/main.py took 0.128 seconds
[2026-04-26T17:44:44.311+0000] {processor.py:186} INFO - Started process (PID=5912) to work on /opt/airflow/dags/main.py
[2026-04-26T17:44:44.314+0000] {processor.py:914} INFO - Processing file /opt/airflow/dags/main.py for tasks to queue
[2026-04-26T17:44:44.320+0000] {logging_mixin.py:190} INFO - [2026-04-26T17:44:44.318+0000] {dagbag.py:588} INFO - Filling up the DagBag from /opt/airflow/dags/main.py
[2026-04-26T17:44:44.353+0000] {logging_mixin.py:190} INFO - [2026-04-26T17:44:44.346+0000] {dagbag.py:387} ERROR - Failed to import: /opt/airflow/dags/main.py
Traceback (most recent call last):
  File "/home/airflow/.local/lib/python3.12/site-packages/airflow/models/dagbag.py", line 383, in parse
    loader.exec_module(new_module)
  File "<frozen importlib._bootstrap_external>", line 999, in exec_module
  File "<frozen importlib._bootstrap>", line 488, in _call_with_frames_removed
  File "/opt/airflow/dags/main.py", line 21, in <module>
    from consumer import consume_orders
ModuleNotFoundError: No module named 'consumer'
[2026-04-26T17:44:44.355+0000] {processor.py:927} WARNING - No viable dags retrieved from /opt/airflow/dags/main.py
[2026-04-26T17:44:44.393+0000] {processor.py:208} INFO - Processing /opt/airflow/dags/main.py took 0.093 seconds
[2026-04-26T17:45:14.601+0000] {processor.py:186} INFO - Started process (PID=5919) to work on /opt/airflow/dags/main.py
[2026-04-26T17:45:14.603+0000] {processor.py:914} INFO - Processing file /opt/airflow/dags/main.py for tasks to queue
[2026-04-26T17:45:14.607+0000] {logging_mixin.py:190} INFO - [2026-04-26T17:45:14.606+0000] {dagbag.py:588} INFO - Filling up the DagBag from /opt/airflow/dags/main.py
[2026-04-26T17:45:14.642+0000] {logging_mixin.py:190} INFO - [2026-04-26T17:45:14.635+0000] {dagbag.py:387} ERROR - Failed to import: /opt/airflow/dags/main.py
Traceback (most recent call last):
  File "/home/airflow/.local/lib/python3.12/site-packages/airflow/models/dagbag.py", line 383, in parse
    loader.exec_module(new_module)
  File "<frozen importlib._bootstrap_external>", line 999, in exec_module
  File "<frozen importlib._bootstrap>", line 488, in _call_with_frames_removed
  File "/opt/airflow/dags/main.py", line 21, in <module>
    from consumer import consume_orders
ModuleNotFoundError: No module named 'consumer'
[2026-04-26T17:45:14.646+0000] {processor.py:927} WARNING - No viable dags retrieved from /opt/airflow/dags/main.py
[2026-04-26T17:45:14.677+0000] {processor.py:208} INFO - Processing /opt/airflow/dags/main.py took 0.087 seconds
[2026-04-26T17:45:44.887+0000] {processor.py:186} INFO - Started process (PID=5926) to work on /opt/airflow/dags/main.py
[2026-04-26T17:45:44.889+0000] {processor.py:914} INFO - Processing file /opt/airflow/dags/main.py for tasks to queue
[2026-04-26T17:45:44.896+0000] {logging_mixin.py:190} INFO - [2026-04-26T17:45:44.895+0000] {dagbag.py:588} INFO - Filling up the DagBag from /opt/airflow/dags/main.py
[2026-04-26T17:45:44.950+0000] {logging_mixin.py:190} INFO - [2026-04-26T17:45:44.939+0000] {dagbag.py:387} ERROR - Failed to import: /opt/airflow/dags/main.py
Traceback (most recent call last):
  File "/home/airflow/.local/lib/python3.12/site-packages/airflow/models/dagbag.py", line 383, in parse
    loader.exec_module(new_module)
  File "<frozen importlib._bootstrap_external>", line 999, in exec_module
  File "<frozen importlib._bootstrap>", line 488, in _call_with_frames_removed
  File "/opt/airflow/dags/main.py", line 21, in <module>
    from consumer import consume_orders
ModuleNotFoundError: No module named 'consumer'
[2026-04-26T17:45:44.955+0000] {processor.py:927} WARNING - No viable dags retrieved from /opt/airflow/dags/main.py
[2026-04-26T17:45:45.007+0000] {processor.py:208} INFO - Processing /opt/airflow/dags/main.py took 0.136 seconds
[2026-04-26T17:46:15.082+0000] {processor.py:186} INFO - Started process (PID=5933) to work on /opt/airflow/dags/main.py
[2026-04-26T17:46:15.086+0000] {processor.py:914} INFO - Processing file /opt/airflow/dags/main.py for tasks to queue
[2026-04-26T17:46:15.090+0000] {logging_mixin.py:190} INFO - [2026-04-26T17:46:15.089+0000] {dagbag.py:588} INFO - Filling up the DagBag from /opt/airflow/dags/main.py
[2026-04-26T17:46:15.114+0000] {logging_mixin.py:190} INFO - [2026-04-26T17:46:15.108+0000] {dagbag.py:387} ERROR - Failed to import: /opt/airflow/dags/main.py
Traceback (most recent call last):
  File "/home/airflow/.local/lib/python3.12/site-packages/airflow/models/dagbag.py", line 383, in parse
    loader.exec_module(new_module)
  File "<frozen importlib._bootstrap_external>", line 999, in exec_module
  File "<frozen importlib._bootstrap>", line 488, in _call_with_frames_removed
  File "/opt/airflow/dags/main.py", line 21, in <module>
    from consumer import consume_orders
ModuleNotFoundError: No module named 'consumer'
[2026-04-26T17:46:15.116+0000] {processor.py:927} WARNING - No viable dags retrieved from /opt/airflow/dags/main.py
[2026-04-26T17:46:15.149+0000] {processor.py:208} INFO - Processing /opt/airflow/dags/main.py took 0.079 seconds
[2026-04-26T17:46:45.457+0000] {processor.py:186} INFO - Started process (PID=5940) to work on /opt/airflow/dags/main.py
[2026-04-26T17:46:45.459+0000] {processor.py:914} INFO - Processing file /opt/airflow/dags/main.py for tasks to queue
[2026-04-26T17:46:45.463+0000] {logging_mixin.py:190} INFO - [2026-04-26T17:46:45.463+0000] {dagbag.py:588} INFO - Filling up the DagBag from /opt/airflow/dags/main.py
[2026-04-26T17:46:45.498+0000] {logging_mixin.py:190} INFO - [2026-04-26T17:46:45.491+0000] {dagbag.py:387} ERROR - Failed to import: /opt/airflow/dags/main.py
Traceback (most recent call last):
  File "/home/airflow/.local/lib/python3.12/site-packages/airflow/models/dagbag.py", line 383, in parse
    loader.exec_module(new_module)
  File "<frozen importlib._bootstrap_external>", line 999, in exec_module
  File "<frozen importlib._bootstrap>", line 488, in _call_with_frames_removed
  File "/opt/airflow/dags/main.py", line 21, in <module>
    from consumer import consume_orders
ModuleNotFoundError: No module named 'consumer'
[2026-04-26T17:46:45.501+0000] {processor.py:927} WARNING - No viable dags retrieved from /opt/airflow/dags/main.py
[2026-04-26T17:46:45.533+0000] {processor.py:208} INFO - Processing /opt/airflow/dags/main.py took 0.093 seconds
[2026-04-26T17:47:15.752+0000] {processor.py:186} INFO - Started process (PID=5947) to work on /opt/airflow/dags/main.py
[2026-04-26T17:47:15.755+0000] {processor.py:914} INFO - Processing file /opt/airflow/dags/main.py for tasks to queue
[2026-04-26T17:47:15.759+0000] {logging_mixin.py:190} INFO - [2026-04-26T17:47:15.759+0000] {dagbag.py:588} INFO - Filling up the DagBag from /opt/airflow/dags/main.py
[2026-04-26T17:47:15.804+0000] {logging_mixin.py:190} INFO - [2026-04-26T17:47:15.793+0000] {dagbag.py:387} ERROR - Failed to import: /opt/airflow/dags/main.py
Traceback (most recent call last):
  File "/home/airflow/.local/lib/python3.12/site-packages/airflow/models/dagbag.py", line 383, in parse
    loader.exec_module(new_module)
  File "<frozen importlib._bootstrap_external>", line 999, in exec_module
  File "<frozen importlib._bootstrap>", line 488, in _call_with_frames_removed
  File "/opt/airflow/dags/main.py", line 21, in <module>
    from consumer import consume_orders
ModuleNotFoundError: No module named 'consumer'
[2026-04-26T17:47:15.809+0000] {processor.py:927} WARNING - No viable dags retrieved from /opt/airflow/dags/main.py
[2026-04-26T17:47:15.839+0000] {processor.py:208} INFO - Processing /opt/airflow/dags/main.py took 0.102 seconds
[2026-04-26T17:47:46.023+0000] {processor.py:186} INFO - Started process (PID=5954) to work on /opt/airflow/dags/main.py
[2026-04-26T17:47:46.025+0000] {processor.py:914} INFO - Processing file /opt/airflow/dags/main.py for tasks to queue
[2026-04-26T17:47:46.028+0000] {logging_mixin.py:190} INFO - [2026-04-26T17:47:46.028+0000] {dagbag.py:588} INFO - Filling up the DagBag from /opt/airflow/dags/main.py
[2026-04-26T17:47:46.058+0000] {logging_mixin.py:190} INFO - [2026-04-26T17:47:46.053+0000] {dagbag.py:387} ERROR - Failed to import: /opt/airflow/dags/main.py
Traceback (most recent call last):
  File "/home/airflow/.local/lib/python3.12/site-packages/airflow/models/dagbag.py", line 383, in parse
    loader.exec_module(new_module)
  File "<frozen importlib._bootstrap_external>", line 999, in exec_module
  File "<frozen importlib._bootstrap>", line 488, in _call_with_frames_removed
  File "/opt/airflow/dags/main.py", line 21, in <module>
    from consumer import consume_orders
ModuleNotFoundError: No module named 'consumer'
[2026-04-26T17:47:46.060+0000] {processor.py:927} WARNING - No viable dags retrieved from /opt/airflow/dags/main.py
[2026-04-26T17:47:46.087+0000] {processor.py:208} INFO - Processing /opt/airflow/dags/main.py took 0.073 seconds
[2026-04-26T17:48:16.313+0000] {processor.py:186} INFO - Started process (PID=5961) to work on /opt/airflow/dags/main.py
[2026-04-26T17:48:16.315+0000] {processor.py:914} INFO - Processing file /opt/airflow/dags/main.py for tasks to queue
[2026-04-26T17:48:16.319+0000] {logging_mixin.py:190} INFO - [2026-04-26T17:48:16.319+0000] {dagbag.py:588} INFO - Filling up the DagBag from /opt/airflow/dags/main.py
[2026-04-26T17:48:16.371+0000] {logging_mixin.py:190} INFO - [2026-04-26T17:48:16.360+0000] {dagbag.py:387} ERROR - Failed to import: /opt/airflow/dags/main.py
Traceback (most recent call last):
  File "/home/airflow/.local/lib/python3.12/site-packages/airflow/models/dagbag.py", line 383, in parse
    loader.exec_module(new_module)
  File "<frozen importlib._bootstrap_external>", line 999, in exec_module
  File "<frozen importlib._bootstrap>", line 488, in _call_with_frames_removed
  File "/opt/airflow/dags/main.py", line 21, in <module>
    from consumer import consume_orders
ModuleNotFoundError: No module named 'consumer'
[2026-04-26T17:48:16.375+0000] {processor.py:927} WARNING - No viable dags retrieved from /opt/airflow/dags/main.py
[2026-04-26T17:48:16.416+0000] {processor.py:208} INFO - Processing /opt/airflow/dags/main.py took 0.115 seconds
[2026-04-26T17:48:46.603+0000] {processor.py:186} INFO - Started process (PID=5962) to work on /opt/airflow/dags/main.py
[2026-04-26T17:48:46.605+0000] {processor.py:914} INFO - Processing file /opt/airflow/dags/main.py for tasks to queue
[2026-04-26T17:48:46.609+0000] {logging_mixin.py:190} INFO - [2026-04-26T17:48:46.609+0000] {dagbag.py:588} INFO - Filling up the DagBag from /opt/airflow/dags/main.py
[2026-04-26T17:48:46.639+0000] {logging_mixin.py:190} INFO - [2026-04-26T17:48:46.633+0000] {dagbag.py:387} ERROR - Failed to import: /opt/airflow/dags/main.py
Traceback (most recent call last):
  File "/home/airflow/.local/lib/python3.12/site-packages/airflow/models/dagbag.py", line 383, in parse
    loader.exec_module(new_module)
  File "<frozen importlib._bootstrap_external>", line 999, in exec_module
  File "<frozen importlib._bootstrap>", line 488, in _call_with_frames_removed
  File "/opt/airflow/dags/main.py", line 21, in <module>
    from consumer import consume_orders
ModuleNotFoundError: No module named 'consumer'
[2026-04-26T17:48:46.641+0000] {processor.py:927} WARNING - No viable dags retrieved from /opt/airflow/dags/main.py
[2026-04-26T17:48:46.667+0000] {processor.py:208} INFO - Processing /opt/airflow/dags/main.py took 0.072 seconds
[2026-04-26T17:49:17.857+0000] {processor.py:186} INFO - Started process (PID=5969) to work on /opt/airflow/dags/main.py
[2026-04-26T17:49:17.859+0000] {processor.py:914} INFO - Processing file /opt/airflow/dags/main.py for tasks to queue
[2026-04-26T17:49:17.863+0000] {logging_mixin.py:190} INFO - [2026-04-26T17:49:17.862+0000] {dagbag.py:588} INFO - Filling up the DagBag from /opt/airflow/dags/main.py
[2026-04-26T17:49:17.887+0000] {logging_mixin.py:190} INFO - [2026-04-26T17:49:17.882+0000] {dagbag.py:387} ERROR - Failed to import: /opt/airflow/dags/main.py
Traceback (most recent call last):
  File "/home/airflow/.local/lib/python3.12/site-packages/airflow/models/dagbag.py", line 383, in parse
    loader.exec_module(new_module)
  File "<frozen importlib._bootstrap_external>", line 999, in exec_module
  File "<frozen importlib._bootstrap>", line 488, in _call_with_frames_removed
  File "/opt/airflow/dags/main.py", line 21, in <module>
    from consumer import consume_orders
ModuleNotFoundError: No module named 'consumer'
[2026-04-26T17:49:17.889+0000] {processor.py:927} WARNING - No viable dags retrieved from /opt/airflow/dags/main.py
[2026-04-26T17:49:17.912+0000] {processor.py:208} INFO - Processing /opt/airflow/dags/main.py took 0.063 seconds
[2026-04-26T17:49:50.275+0000] {processor.py:186} INFO - Started process (PID=5976) to work on /opt/airflow/dags/main.py
[2026-04-26T17:49:50.276+0000] {processor.py:914} INFO - Processing file /opt/airflow/dags/main.py for tasks to queue
[2026-04-26T17:49:50.280+0000] {logging_mixin.py:190} INFO - [2026-04-26T17:49:50.280+0000] {dagbag.py:588} INFO - Filling up the DagBag from /opt/airflow/dags/main.py
[2026-04-26T17:49:50.320+0000] {logging_mixin.py:190} INFO - [2026-04-26T17:49:50.309+0000] {dagbag.py:387} ERROR - Failed to import: /opt/airflow/dags/main.py
Traceback (most recent call last):
  File "/home/airflow/.local/lib/python3.12/site-packages/airflow/models/dagbag.py", line 383, in parse
    loader.exec_module(new_module)
  File "<frozen importlib._bootstrap_external>", line 999, in exec_module
  File "<frozen importlib._bootstrap>", line 488, in _call_with_frames_removed
  File "/opt/airflow/dags/main.py", line 21, in <module>
    from consumer import consume_orders
ModuleNotFoundError: No module named 'consumer'
[2026-04-26T17:49:50.324+0000] {processor.py:927} WARNING - No viable dags retrieved from /opt/airflow/dags/main.py
[2026-04-26T17:49:50.371+0000] {processor.py:208} INFO - Processing /opt/airflow/dags/main.py took 0.104 seconds
[2026-04-26T17:50:21.266+0000] {processor.py:186} INFO - Started process (PID=5983) to work on /opt/airflow/dags/main.py
[2026-04-26T17:50:21.267+0000] {processor.py:914} INFO - Processing file /opt/airflow/dags/main.py for tasks to queue
[2026-04-26T17:50:21.271+0000] {logging_mixin.py:190} INFO - [2026-04-26T17:50:21.271+0000] {dagbag.py:588} INFO - Filling up the DagBag from /opt/airflow/dags/main.py
[2026-04-26T17:50:21.311+0000] {logging_mixin.py:190} INFO - [2026-04-26T17:50:21.304+0000] {dagbag.py:387} ERROR - Failed to import: /opt/airflow/dags/main.py
Traceback (most recent call last):
  File "/home/airflow/.local/lib/python3.12/site-packages/airflow/models/dagbag.py", line 383, in parse
    loader.exec_module(new_module)
  File "<frozen importlib._bootstrap_external>", line 999, in exec_module
  File "<frozen importlib._bootstrap>", line 488, in _call_with_frames_removed
  File "/opt/airflow/dags/main.py", line 21, in <module>
    from consumer import consume_orders
ModuleNotFoundError: No module named 'consumer'
[2026-04-26T17:50:21.314+0000] {processor.py:927} WARNING - No viable dags retrieved from /opt/airflow/dags/main.py
[2026-04-26T17:50:21.349+0000] {processor.py:208} INFO - Processing /opt/airflow/dags/main.py took 0.091 seconds
[2026-04-26T17:50:55.691+0000] {processor.py:186} INFO - Started process (PID=5991) to work on /opt/airflow/dags/main.py
[2026-04-26T17:50:55.693+0000] {processor.py:914} INFO - Processing file /opt/airflow/dags/main.py for tasks to queue
[2026-04-26T17:50:55.699+0000] {logging_mixin.py:190} INFO - [2026-04-26T17:50:55.698+0000] {dagbag.py:588} INFO - Filling up the DagBag from /opt/airflow/dags/main.py
[2026-04-26T17:50:55.729+0000] {logging_mixin.py:190} INFO - [2026-04-26T17:50:55.723+0000] {dagbag.py:387} ERROR - Failed to import: /opt/airflow/dags/main.py
Traceback (most recent call last):
  File "/home/airflow/.local/lib/python3.12/site-packages/airflow/models/dagbag.py", line 383, in parse
    loader.exec_module(new_module)
  File "<frozen importlib._bootstrap_external>", line 999, in exec_module
  File "<frozen importlib._bootstrap>", line 488, in _call_with_frames_removed
  File "/opt/airflow/dags/main.py", line 21, in <module>
    from consumer import consume_orders
ModuleNotFoundError: No module named 'consumer'
[2026-04-26T17:50:55.732+0000] {processor.py:927} WARNING - No viable dags retrieved from /opt/airflow/dags/main.py
[2026-04-26T17:50:55.766+0000] {processor.py:208} INFO - Processing /opt/airflow/dags/main.py took 0.085 seconds
[2026-04-26T17:51:25.993+0000] {processor.py:186} INFO - Started process (PID=5998) to work on /opt/airflow/dags/main.py
[2026-04-26T17:51:25.994+0000] {processor.py:914} INFO - Processing file /opt/airflow/dags/main.py for tasks to queue
[2026-04-26T17:51:25.997+0000] {logging_mixin.py:190} INFO - [2026-04-26T17:51:25.997+0000] {dagbag.py:588} INFO - Filling up the DagBag from /opt/airflow/dags/main.py
[2026-04-26T17:51:26.023+0000] {logging_mixin.py:190} INFO - [2026-04-26T17:51:26.019+0000] {dagbag.py:387} ERROR - Failed to import: /opt/airflow/dags/main.py
Traceback (most recent call last):
  File "/home/airflow/.local/lib/python3.12/site-packages/airflow/models/dagbag.py", line 383, in parse
    loader.exec_module(new_module)
  File "<frozen importlib._bootstrap_external>", line 999, in exec_module
  File "<frozen importlib._bootstrap>", line 488, in _call_with_frames_removed
  File "/opt/airflow/dags/main.py", line 21, in <module>
    from consumer import consume_orders
ModuleNotFoundError: No module named 'consumer'
[2026-04-26T17:51:26.024+0000] {processor.py:927} WARNING - No viable dags retrieved from /opt/airflow/dags/main.py
[2026-04-26T17:51:26.052+0000] {processor.py:208} INFO - Processing /opt/airflow/dags/main.py took 0.067 seconds
[2026-04-26T17:51:56.607+0000] {processor.py:186} INFO - Started process (PID=6005) to work on /opt/airflow/dags/main.py
[2026-04-26T17:51:56.609+0000] {processor.py:914} INFO - Processing file /opt/airflow/dags/main.py for tasks to queue
[2026-04-26T17:51:56.613+0000] {logging_mixin.py:190} INFO - [2026-04-26T17:51:56.613+0000] {dagbag.py:588} INFO - Filling up the DagBag from /opt/airflow/dags/main.py
[2026-04-26T17:51:56.654+0000] {logging_mixin.py:190} INFO - [2026-04-26T17:51:56.647+0000] {dagbag.py:387} ERROR - Failed to import: /opt/airflow/dags/main.py
Traceback (most recent call last):
  File "/home/airflow/.local/lib/python3.12/site-packages/airflow/models/dagbag.py", line 383, in parse
    loader.exec_module(new_module)
  File "<frozen importlib._bootstrap_external>", line 999, in exec_module
  File "<frozen importlib._bootstrap>", line 488, in _call_with_frames_removed
  File "/opt/airflow/dags/main.py", line 21, in <module>
    from consumer import consume_orders
ModuleNotFoundError: No module named 'consumer'
[2026-04-26T17:51:56.657+0000] {processor.py:927} WARNING - No viable dags retrieved from /opt/airflow/dags/main.py
[2026-04-26T17:51:56.691+0000] {processor.py:208} INFO - Processing /opt/airflow/dags/main.py took 0.095 seconds
[2026-04-26T17:52:27.102+0000] {processor.py:186} INFO - Started process (PID=6012) to work on /opt/airflow/dags/main.py
[2026-04-26T17:52:27.104+0000] {processor.py:914} INFO - Processing file /opt/airflow/dags/main.py for tasks to queue
[2026-04-26T17:52:27.111+0000] {logging_mixin.py:190} INFO - [2026-04-26T17:52:27.110+0000] {dagbag.py:588} INFO - Filling up the DagBag from /opt/airflow/dags/main.py
[2026-04-26T17:52:27.164+0000] {logging_mixin.py:190} INFO - [2026-04-26T17:52:27.153+0000] {dagbag.py:387} ERROR - Failed to import: /opt/airflow/dags/main.py
Traceback (most recent call last):
  File "/home/airflow/.local/lib/python3.12/site-packages/airflow/models/dagbag.py", line 383, in parse
    loader.exec_module(new_module)
  File "<frozen importlib._bootstrap_external>", line 999, in exec_module
  File "<frozen importlib._bootstrap>", line 488, in _call_with_frames_removed
  File "/opt/airflow/dags/main.py", line 21, in <module>
    from consumer import consume_orders
ModuleNotFoundError: No module named 'consumer'
[2026-04-26T17:52:27.168+0000] {processor.py:927} WARNING - No viable dags retrieved from /opt/airflow/dags/main.py
[2026-04-26T17:52:27.211+0000] {processor.py:208} INFO - Processing /opt/airflow/dags/main.py took 0.128 seconds
[2026-04-26T17:52:57.477+0000] {processor.py:186} INFO - Started process (PID=6019) to work on /opt/airflow/dags/main.py
[2026-04-26T17:52:57.478+0000] {processor.py:914} INFO - Processing file /opt/airflow/dags/main.py for tasks to queue
[2026-04-26T17:52:57.482+0000] {logging_mixin.py:190} INFO - [2026-04-26T17:52:57.482+0000] {dagbag.py:588} INFO - Filling up the DagBag from /opt/airflow/dags/main.py
[2026-04-26T17:52:57.514+0000] {logging_mixin.py:190} INFO - [2026-04-26T17:52:57.508+0000] {dagbag.py:387} ERROR - Failed to import: /opt/airflow/dags/main.py
Traceback (most recent call last):
  File "/home/airflow/.local/lib/python3.12/site-packages/airflow/models/dagbag.py", line 383, in parse
    loader.exec_module(new_module)
  File "<frozen importlib._bootstrap_external>", line 999, in exec_module
  File "<frozen importlib._bootstrap>", line 488, in _call_with_frames_removed
  File "/opt/airflow/dags/main.py", line 21, in <module>
    from consumer import consume_orders
ModuleNotFoundError: No module named 'consumer'
[2026-04-26T17:52:57.516+0000] {processor.py:927} WARNING - No viable dags retrieved from /opt/airflow/dags/main.py
[2026-04-26T17:52:57.538+0000] {processor.py:208} INFO - Processing /opt/airflow/dags/main.py took 0.069 seconds
[2026-04-26T17:53:27.841+0000] {processor.py:186} INFO - Started process (PID=6026) to work on /opt/airflow/dags/main.py
[2026-04-26T17:53:27.843+0000] {processor.py:914} INFO - Processing file /opt/airflow/dags/main.py for tasks to queue
[2026-04-26T17:53:27.847+0000] {logging_mixin.py:190} INFO - [2026-04-26T17:53:27.847+0000] {dagbag.py:588} INFO - Filling up the DagBag from /opt/airflow/dags/main.py
[2026-04-26T17:53:27.879+0000] {logging_mixin.py:190} INFO - [2026-04-26T17:53:27.874+0000] {dagbag.py:387} ERROR - Failed to import: /opt/airflow/dags/main.py
Traceback (most recent call last):
  File "/home/airflow/.local/lib/python3.12/site-packages/airflow/models/dagbag.py", line 383, in parse
    loader.exec_module(new_module)
  File "<frozen importlib._bootstrap_external>", line 999, in exec_module
  File "<frozen importlib._bootstrap>", line 488, in _call_with_frames_removed
  File "/opt/airflow/dags/main.py", line 21, in <module>
    from consumer import consume_orders
ModuleNotFoundError: No module named 'consumer'
[2026-04-26T17:53:27.881+0000] {processor.py:927} WARNING - No viable dags retrieved from /opt/airflow/dags/main.py
[2026-04-26T17:53:27.914+0000] {processor.py:208} INFO - Processing /opt/airflow/dags/main.py took 0.082 seconds
[2026-04-26T17:53:58.385+0000] {processor.py:186} INFO - Started process (PID=6033) to work on /opt/airflow/dags/main.py
[2026-04-26T17:53:58.387+0000] {processor.py:914} INFO - Processing file /opt/airflow/dags/main.py for tasks to queue
[2026-04-26T17:53:58.394+0000] {logging_mixin.py:190} INFO - [2026-04-26T17:53:58.392+0000] {dagbag.py:588} INFO - Filling up the DagBag from /opt/airflow/dags/main.py
[2026-04-26T17:53:58.452+0000] {logging_mixin.py:190} INFO - [2026-04-26T17:53:58.441+0000] {dagbag.py:387} ERROR - Failed to import: /opt/airflow/dags/main.py
Traceback (most recent call last):
  File "/home/airflow/.local/lib/python3.12/site-packages/airflow/models/dagbag.py", line 383, in parse
    loader.exec_module(new_module)
  File "<frozen importlib._bootstrap_external>", line 999, in exec_module
  File "<frozen importlib._bootstrap>", line 488, in _call_with_frames_removed
  File "/opt/airflow/dags/main.py", line 21, in <module>
    from consumer import consume_orders
ModuleNotFoundError: No module named 'consumer'
[2026-04-26T17:53:58.456+0000] {processor.py:927} WARNING - No viable dags retrieved from /opt/airflow/dags/main.py
[2026-04-26T17:53:58.503+0000] {processor.py:208} INFO - Processing /opt/airflow/dags/main.py took 0.131 seconds
[2026-04-26T17:54:28.731+0000] {processor.py:186} INFO - Started process (PID=6040) to work on /opt/airflow/dags/main.py
[2026-04-26T17:54:28.735+0000] {processor.py:914} INFO - Processing file /opt/airflow/dags/main.py for tasks to queue
[2026-04-26T17:54:28.740+0000] {logging_mixin.py:190} INFO - [2026-04-26T17:54:28.739+0000] {dagbag.py:588} INFO - Filling up the DagBag from /opt/airflow/dags/main.py
[2026-04-26T17:54:28.781+0000] {logging_mixin.py:190} INFO - [2026-04-26T17:54:28.774+0000] {dagbag.py:387} ERROR - Failed to import: /opt/airflow/dags/main.py
Traceback (most recent call last):
  File "/home/airflow/.local/lib/python3.12/site-packages/airflow/models/dagbag.py", line 383, in parse
    loader.exec_module(new_module)
  File "<frozen importlib._bootstrap_external>", line 999, in exec_module
  File "<frozen importlib._bootstrap>", line 488, in _call_with_frames_removed
  File "/opt/airflow/dags/main.py", line 21, in <module>
    from consumer import consume_orders
ModuleNotFoundError: No module named 'consumer'
[2026-04-26T17:54:28.784+0000] {processor.py:927} WARNING - No viable dags retrieved from /opt/airflow/dags/main.py
[2026-04-26T17:54:28.818+0000] {processor.py:208} INFO - Processing /opt/airflow/dags/main.py took 0.106 seconds
[2026-04-26T17:54:58.939+0000] {processor.py:186} INFO - Started process (PID=6047) to work on /opt/airflow/dags/main.py
[2026-04-26T17:54:58.941+0000] {processor.py:914} INFO - Processing file /opt/airflow/dags/main.py for tasks to queue
[2026-04-26T17:54:58.946+0000] {logging_mixin.py:190} INFO - [2026-04-26T17:54:58.946+0000] {dagbag.py:588} INFO - Filling up the DagBag from /opt/airflow/dags/main.py
[2026-04-26T17:54:58.995+0000] {logging_mixin.py:190} INFO - [2026-04-26T17:54:58.984+0000] {dagbag.py:387} ERROR - Failed to import: /opt/airflow/dags/main.py
Traceback (most recent call last):
  File "/home/airflow/.local/lib/python3.12/site-packages/airflow/models/dagbag.py", line 383, in parse
    loader.exec_module(new_module)
  File "<frozen importlib._bootstrap_external>", line 999, in exec_module
  File "<frozen importlib._bootstrap>", line 488, in _call_with_frames_removed
  File "/opt/airflow/dags/main.py", line 21, in <module>
    from consumer import consume_orders
ModuleNotFoundError: No module named 'consumer'
[2026-04-26T17:54:58.999+0000] {processor.py:927} WARNING - No viable dags retrieved from /opt/airflow/dags/main.py
[2026-04-26T17:54:59.042+0000] {processor.py:208} INFO - Processing /opt/airflow/dags/main.py took 0.121 seconds
[2026-04-26T17:55:29.655+0000] {processor.py:186} INFO - Started process (PID=6054) to work on /opt/airflow/dags/main.py
[2026-04-26T17:55:29.658+0000] {processor.py:914} INFO - Processing file /opt/airflow/dags/main.py for tasks to queue
[2026-04-26T17:55:29.663+0000] {logging_mixin.py:190} INFO - [2026-04-26T17:55:29.662+0000] {dagbag.py:588} INFO - Filling up the DagBag from /opt/airflow/dags/main.py
[2026-04-26T17:55:29.701+0000] {logging_mixin.py:190} INFO - [2026-04-26T17:55:29.696+0000] {dagbag.py:387} ERROR - Failed to import: /opt/airflow/dags/main.py
Traceback (most recent call last):
  File "/home/airflow/.local/lib/python3.12/site-packages/airflow/models/dagbag.py", line 383, in parse
    loader.exec_module(new_module)
  File "<frozen importlib._bootstrap_external>", line 999, in exec_module
  File "<frozen importlib._bootstrap>", line 488, in _call_with_frames_removed
  File "/opt/airflow/dags/main.py", line 21, in <module>
    from consumer import consume_orders
ModuleNotFoundError: No module named 'consumer'
[2026-04-26T17:55:29.703+0000] {processor.py:927} WARNING - No viable dags retrieved from /opt/airflow/dags/main.py
[2026-04-26T17:55:29.727+0000] {processor.py:208} INFO - Processing /opt/airflow/dags/main.py took 0.087 seconds
[2026-04-26T17:56:00.374+0000] {processor.py:186} INFO - Started process (PID=6061) to work on /opt/airflow/dags/main.py
[2026-04-26T17:56:00.375+0000] {processor.py:914} INFO - Processing file /opt/airflow/dags/main.py for tasks to queue
[2026-04-26T17:56:00.379+0000] {logging_mixin.py:190} INFO - [2026-04-26T17:56:00.378+0000] {dagbag.py:588} INFO - Filling up the DagBag from /opt/airflow/dags/main.py
[2026-04-26T17:56:00.406+0000] {logging_mixin.py:190} INFO - [2026-04-26T17:56:00.400+0000] {dagbag.py:387} ERROR - Failed to import: /opt/airflow/dags/main.py
Traceback (most recent call last):
  File "/home/airflow/.local/lib/python3.12/site-packages/airflow/models/dagbag.py", line 383, in parse
    loader.exec_module(new_module)
  File "<frozen importlib._bootstrap_external>", line 999, in exec_module
  File "<frozen importlib._bootstrap>", line 488, in _call_with_frames_removed
  File "/opt/airflow/dags/main.py", line 21, in <module>
    from consumer import consume_orders
ModuleNotFoundError: No module named 'consumer'
[2026-04-26T17:56:00.408+0000] {processor.py:927} WARNING - No viable dags retrieved from /opt/airflow/dags/main.py
[2026-04-26T17:56:00.435+0000] {processor.py:208} INFO - Processing /opt/airflow/dags/main.py took 0.067 seconds
[2026-04-26T17:56:31.131+0000] {processor.py:186} INFO - Started process (PID=6068) to work on /opt/airflow/dags/main.py
[2026-04-26T17:56:31.133+0000] {processor.py:914} INFO - Processing file /opt/airflow/dags/main.py for tasks to queue
[2026-04-26T17:56:31.139+0000] {logging_mixin.py:190} INFO - [2026-04-26T17:56:31.139+0000] {dagbag.py:588} INFO - Filling up the DagBag from /opt/airflow/dags/main.py
[2026-04-26T17:56:31.199+0000] {logging_mixin.py:190} INFO - [2026-04-26T17:56:31.186+0000] {dagbag.py:387} ERROR - Failed to import: /opt/airflow/dags/main.py
Traceback (most recent call last):
  File "/home/airflow/.local/lib/python3.12/site-packages/airflow/models/dagbag.py", line 383, in parse
    loader.exec_module(new_module)
  File "<frozen importlib._bootstrap_external>", line 999, in exec_module
  File "<frozen importlib._bootstrap>", line 488, in _call_with_frames_removed
  File "/opt/airflow/dags/main.py", line 21, in <module>
    from consumer import consume_orders
ModuleNotFoundError: No module named 'consumer'
[2026-04-26T17:56:31.203+0000] {processor.py:927} WARNING - No viable dags retrieved from /opt/airflow/dags/main.py
[2026-04-26T17:56:31.250+0000] {processor.py:208} INFO - Processing /opt/airflow/dags/main.py took 0.133 seconds
[2026-04-26T17:57:01.643+0000] {processor.py:186} INFO - Started process (PID=6069) to work on /opt/airflow/dags/main.py
[2026-04-26T17:57:01.645+0000] {processor.py:914} INFO - Processing file /opt/airflow/dags/main.py for tasks to queue
[2026-04-26T17:57:01.649+0000] {logging_mixin.py:190} INFO - [2026-04-26T17:57:01.648+0000] {dagbag.py:588} INFO - Filling up the DagBag from /opt/airflow/dags/main.py
[2026-04-26T17:57:01.683+0000] {logging_mixin.py:190} INFO - [2026-04-26T17:57:01.675+0000] {dagbag.py:387} ERROR - Failed to import: /opt/airflow/dags/main.py
Traceback (most recent call last):
  File "/home/airflow/.local/lib/python3.12/site-packages/airflow/models/dagbag.py", line 383, in parse
    loader.exec_module(new_module)
  File "<frozen importlib._bootstrap_external>", line 999, in exec_module
  File "<frozen importlib._bootstrap>", line 488, in _call_with_frames_removed
  File "/opt/airflow/dags/main.py", line 21, in <module>
    from consumer import consume_orders
ModuleNotFoundError: No module named 'consumer'
[2026-04-26T17:57:01.685+0000] {processor.py:927} WARNING - No viable dags retrieved from /opt/airflow/dags/main.py
[2026-04-26T17:57:01.749+0000] {processor.py:208} INFO - Processing /opt/airflow/dags/main.py took 0.118 seconds
[2026-04-26T17:57:32.085+0000] {processor.py:186} INFO - Started process (PID=6076) to work on /opt/airflow/dags/main.py
[2026-04-26T17:57:32.087+0000] {processor.py:914} INFO - Processing file /opt/airflow/dags/main.py for tasks to queue
[2026-04-26T17:57:32.094+0000] {logging_mixin.py:190} INFO - [2026-04-26T17:57:32.093+0000] {dagbag.py:588} INFO - Filling up the DagBag from /opt/airflow/dags/main.py
[2026-04-26T17:57:32.145+0000] {logging_mixin.py:190} INFO - [2026-04-26T17:57:32.133+0000] {dagbag.py:387} ERROR - Failed to import: /opt/airflow/dags/main.py
Traceback (most recent call last):
  File "/home/airflow/.local/lib/python3.12/site-packages/airflow/models/dagbag.py", line 383, in parse
    loader.exec_module(new_module)
  File "<frozen importlib._bootstrap_external>", line 999, in exec_module
  File "<frozen importlib._bootstrap>", line 488, in _call_with_frames_removed
  File "/opt/airflow/dags/main.py", line 21, in <module>
    from consumer import consume_orders
ModuleNotFoundError: No module named 'consumer'
[2026-04-26T17:57:32.149+0000] {processor.py:927} WARNING - No viable dags retrieved from /opt/airflow/dags/main.py
[2026-04-26T17:57:32.186+0000] {processor.py:208} INFO - Processing /opt/airflow/dags/main.py took 0.114 seconds
[2026-04-26T17:58:02.687+0000] {processor.py:186} INFO - Started process (PID=6083) to work on /opt/airflow/dags/main.py
[2026-04-26T17:58:02.689+0000] {processor.py:914} INFO - Processing file /opt/airflow/dags/main.py for tasks to queue
[2026-04-26T17:58:02.695+0000] {logging_mixin.py:190} INFO - [2026-04-26T17:58:02.694+0000] {dagbag.py:588} INFO - Filling up the DagBag from /opt/airflow/dags/main.py
[2026-04-26T17:58:04.919+0000] {logging_mixin.py:190} INFO - [2026-04-26T17:58:04.907+0000] {dagbag.py:387} ERROR - Failed to import: /opt/airflow/dags/main.py
Traceback (most recent call last):
  File "/home/airflow/.local/lib/python3.12/site-packages/airflow/models/dagbag.py", line 383, in parse
    loader.exec_module(new_module)
  File "<frozen importlib._bootstrap_external>", line 999, in exec_module
  File "<frozen importlib._bootstrap>", line 488, in _call_with_frames_removed
  File "/opt/airflow/dags/main.py", line 21, in <module>
    from consumer import consume_orders
ModuleNotFoundError: No module named 'consumer'
[2026-04-26T17:58:04.923+0000] {processor.py:927} WARNING - No viable dags retrieved from /opt/airflow/dags/main.py
[2026-04-26T17:58:04.965+0000] {processor.py:208} INFO - Processing /opt/airflow/dags/main.py took 0.121 seconds
[2026-04-26T17:58:38.404+0000] {processor.py:186} INFO - Started process (PID=6090) to work on /opt/airflow/dags/main.py
[2026-04-26T17:58:38.405+0000] {processor.py:914} INFO - Processing file /opt/airflow/dags/main.py for tasks to queue
[2026-04-26T17:58:38.409+0000] {logging_mixin.py:190} INFO - [2026-04-26T17:58:38.408+0000] {dagbag.py:588} INFO - Filling up the DagBag from /opt/airflow/dags/main.py
[2026-04-26T17:58:38.462+0000] {logging_mixin.py:190} INFO - [2026-04-26T17:58:38.450+0000] {dagbag.py:387} ERROR - Failed to import: /opt/airflow/dags/main.py
Traceback (most recent call last):
  File "/home/airflow/.local/lib/python3.12/site-packages/airflow/models/dagbag.py", line 383, in parse
    loader.exec_module(new_module)
  File "<frozen importlib._bootstrap_external>", line 999, in exec_module
  File "<frozen importlib._bootstrap>", line 488, in _call_with_frames_removed
  File "/opt/airflow/dags/main.py", line 21, in <module>
    from consumer import consume_orders
ModuleNotFoundError: No module named 'consumer'
[2026-04-26T17:58:38.466+0000] {processor.py:927} WARNING - No viable dags retrieved from /opt/airflow/dags/main.py
[2026-04-26T17:58:38.517+0000] {processor.py:208} INFO - Processing /opt/airflow/dags/main.py took 0.123 seconds
[2026-04-26T17:59:10.901+0000] {processor.py:186} INFO - Started process (PID=6097) to work on /opt/airflow/dags/main.py
[2026-04-26T17:59:10.903+0000] {processor.py:914} INFO - Processing file /opt/airflow/dags/main.py for tasks to queue
[2026-04-26T17:59:10.907+0000] {logging_mixin.py:190} INFO - [2026-04-26T17:59:10.907+0000] {dagbag.py:588} INFO - Filling up the DagBag from /opt/airflow/dags/main.py
[2026-04-26T17:59:10.934+0000] {logging_mixin.py:190} INFO - [2026-04-26T17:59:10.930+0000] {dagbag.py:387} ERROR - Failed to import: /opt/airflow/dags/main.py
Traceback (most recent call last):
  File "/home/airflow/.local/lib/python3.12/site-packages/airflow/models/dagbag.py", line 383, in parse
    loader.exec_module(new_module)
  File "<frozen importlib._bootstrap_external>", line 999, in exec_module
  File "<frozen importlib._bootstrap>", line 488, in _call_with_frames_removed
  File "/opt/airflow/dags/main.py", line 21, in <module>
    from consumer import consume_orders
ModuleNotFoundError: No module named 'consumer'
[2026-04-26T17:59:10.936+0000] {processor.py:927} WARNING - No viable dags retrieved from /opt/airflow/dags/main.py
[2026-04-26T17:59:10.960+0000] {processor.py:208} INFO - Processing /opt/airflow/dags/main.py took 0.075 seconds
[2026-04-26T17:59:42.267+0000] {processor.py:186} INFO - Started process (PID=6104) to work on /opt/airflow/dags/main.py
[2026-04-26T17:59:42.269+0000] {processor.py:914} INFO - Processing file /opt/airflow/dags/main.py for tasks to queue
[2026-04-26T17:59:42.272+0000] {logging_mixin.py:190} INFO - [2026-04-26T17:59:42.272+0000] {dagbag.py:588} INFO - Filling up the DagBag from /opt/airflow/dags/main.py
[2026-04-26T17:59:42.309+0000] {logging_mixin.py:190} INFO - [2026-04-26T17:59:42.297+0000] {dagbag.py:387} ERROR - Failed to import: /opt/airflow/dags/main.py
Traceback (most recent call last):
  File "/home/airflow/.local/lib/python3.12/site-packages/airflow/models/dagbag.py", line 383, in parse
    loader.exec_module(new_module)
  File "<frozen importlib._bootstrap_external>", line 999, in exec_module
  File "<frozen importlib._bootstrap>", line 488, in _call_with_frames_removed
  File "/opt/airflow/dags/main.py", line 21, in <module>
    from consumer import consume_orders
ModuleNotFoundError: No module named 'consumer'
[2026-04-26T17:59:42.313+0000] {processor.py:927} WARNING - No viable dags retrieved from /opt/airflow/dags/main.py
[2026-04-26T17:59:42.355+0000] {processor.py:208} INFO - Processing /opt/airflow/dags/main.py took 0.097 seconds
[2026-04-26T18:00:12.471+0000] {processor.py:186} INFO - Started process (PID=6111) to work on /opt/airflow/dags/main.py
[2026-04-26T18:00:12.472+0000] {processor.py:914} INFO - Processing file /opt/airflow/dags/main.py for tasks to queue
[2026-04-26T18:00:12.475+0000] {logging_mixin.py:190} INFO - [2026-04-26T18:00:12.475+0000] {dagbag.py:588} INFO - Filling up the DagBag from /opt/airflow/dags/main.py
[2026-04-26T18:00:12.502+0000] {logging_mixin.py:190} INFO - [2026-04-26T18:00:12.497+0000] {dagbag.py:387} ERROR - Failed to import: /opt/airflow/dags/main.py
Traceback (most recent call last):
  File "/home/airflow/.local/lib/python3.12/site-packages/airflow/models/dagbag.py", line 383, in parse
    loader.exec_module(new_module)
  File "<frozen importlib._bootstrap_external>", line 999, in exec_module
  File "<frozen importlib._bootstrap>", line 488, in _call_with_frames_removed
  File "/opt/airflow/dags/main.py", line 21, in <module>
    from consumer import consume_orders
ModuleNotFoundError: No module named 'consumer'
[2026-04-26T18:00:12.505+0000] {processor.py:927} WARNING - No viable dags retrieved from /opt/airflow/dags/main.py
[2026-04-26T18:00:12.531+0000] {processor.py:208} INFO - Processing /opt/airflow/dags/main.py took 0.067 seconds
[2026-04-26T18:00:43.350+0000] {processor.py:186} INFO - Started process (PID=6118) to work on /opt/airflow/dags/main.py
[2026-04-26T18:00:43.351+0000] {processor.py:914} INFO - Processing file /opt/airflow/dags/main.py for tasks to queue
[2026-04-26T18:00:43.354+0000] {logging_mixin.py:190} INFO - [2026-04-26T18:00:43.354+0000] {dagbag.py:588} INFO - Filling up the DagBag from /opt/airflow/dags/main.py
[2026-04-26T18:00:43.383+0000] {logging_mixin.py:190} INFO - [2026-04-26T18:00:43.377+0000] {dagbag.py:387} ERROR - Failed to import: /opt/airflow/dags/main.py
Traceback (most recent call last):
  File "/home/airflow/.local/lib/python3.12/site-packages/airflow/models/dagbag.py", line 383, in parse
    loader.exec_module(new_module)
  File "<frozen importlib._bootstrap_external>", line 999, in exec_module
  File "<frozen importlib._bootstrap>", line 488, in _call_with_frames_removed
  File "/opt/airflow/dags/main.py", line 21, in <module>
    from consumer import consume_orders
ModuleNotFoundError: No module named 'consumer'
[2026-04-26T18:00:43.385+0000] {processor.py:927} WARNING - No viable dags retrieved from /opt/airflow/dags/main.py
[2026-04-26T18:00:43.410+0000] {processor.py:208} INFO - Processing /opt/airflow/dags/main.py took 0.069 seconds
[2026-04-26T18:01:13.605+0000] {processor.py:186} INFO - Started process (PID=6125) to work on /opt/airflow/dags/main.py
[2026-04-26T18:01:13.607+0000] {processor.py:914} INFO - Processing file /opt/airflow/dags/main.py for tasks to queue
[2026-04-26T18:01:13.613+0000] {logging_mixin.py:190} INFO - [2026-04-26T18:01:13.612+0000] {dagbag.py:588} INFO - Filling up the DagBag from /opt/airflow/dags/main.py
[2026-04-26T18:01:13.646+0000] {logging_mixin.py:190} INFO - [2026-04-26T18:01:13.638+0000] {dagbag.py:387} ERROR - Failed to import: /opt/airflow/dags/main.py
Traceback (most recent call last):
  File "/home/airflow/.local/lib/python3.12/site-packages/airflow/models/dagbag.py", line 383, in parse
    loader.exec_module(new_module)
  File "<frozen importlib._bootstrap_external>", line 999, in exec_module
  File "<frozen importlib._bootstrap>", line 488, in _call_with_frames_removed
  File "/opt/airflow/dags/main.py", line 21, in <module>
    from consumer import consume_orders
ModuleNotFoundError: No module named 'consumer'
[2026-04-26T18:01:13.649+0000] {processor.py:927} WARNING - No viable dags retrieved from /opt/airflow/dags/main.py
[2026-04-26T18:01:13.691+0000] {processor.py:208} INFO - Processing /opt/airflow/dags/main.py took 0.108 seconds
[2026-04-26T18:01:44.212+0000] {processor.py:186} INFO - Started process (PID=6132) to work on /opt/airflow/dags/main.py
[2026-04-26T18:01:44.213+0000] {processor.py:914} INFO - Processing file /opt/airflow/dags/main.py for tasks to queue
[2026-04-26T18:01:44.217+0000] {logging_mixin.py:190} INFO - [2026-04-26T18:01:44.216+0000] {dagbag.py:588} INFO - Filling up the DagBag from /opt/airflow/dags/main.py
[2026-04-26T18:01:44.244+0000] {logging_mixin.py:190} INFO - [2026-04-26T18:01:44.237+0000] {dagbag.py:387} ERROR - Failed to import: /opt/airflow/dags/main.py
Traceback (most recent call last):
  File "/home/airflow/.local/lib/python3.12/site-packages/airflow/models/dagbag.py", line 383, in parse
    loader.exec_module(new_module)
  File "<frozen importlib._bootstrap_external>", line 999, in exec_module
  File "<frozen importlib._bootstrap>", line 488, in _call_with_frames_removed
  File "/opt/airflow/dags/main.py", line 21, in <module>
    from consumer import consume_orders
ModuleNotFoundError: No module named 'consumer'
[2026-04-26T18:01:44.246+0000] {processor.py:927} WARNING - No viable dags retrieved from /opt/airflow/dags/main.py
[2026-04-26T18:01:44.270+0000] {processor.py:208} INFO - Processing /opt/airflow/dags/main.py took 0.066 seconds
[2026-04-26T18:02:14.822+0000] {processor.py:186} INFO - Started process (PID=6139) to work on /opt/airflow/dags/main.py
[2026-04-26T18:02:14.824+0000] {processor.py:914} INFO - Processing file /opt/airflow/dags/main.py for tasks to queue
[2026-04-26T18:02:14.832+0000] {logging_mixin.py:190} INFO - [2026-04-26T18:02:14.831+0000] {dagbag.py:588} INFO - Filling up the DagBag from /opt/airflow/dags/main.py
[2026-04-26T18:02:14.889+0000] {logging_mixin.py:190} INFO - [2026-04-26T18:02:14.878+0000] {dagbag.py:387} ERROR - Failed to import: /opt/airflow/dags/main.py
Traceback (most recent call last):
  File "/home/airflow/.local/lib/python3.12/site-packages/airflow/models/dagbag.py", line 383, in parse
    loader.exec_module(new_module)
  File "<frozen importlib._bootstrap_external>", line 999, in exec_module
  File "<frozen importlib._bootstrap>", line 488, in _call_with_frames_removed
  File "/opt/airflow/dags/main.py", line 21, in <module>
    from consumer import consume_orders
ModuleNotFoundError: No module named 'consumer'
[2026-04-26T18:02:14.894+0000] {processor.py:927} WARNING - No viable dags retrieved from /opt/airflow/dags/main.py
[2026-04-26T18:02:14.937+0000] {processor.py:208} INFO - Processing /opt/airflow/dags/main.py took 0.125 seconds
[2026-04-26T18:02:45.437+0000] {processor.py:186} INFO - Started process (PID=6146) to work on /opt/airflow/dags/main.py
[2026-04-26T18:02:45.439+0000] {processor.py:914} INFO - Processing file /opt/airflow/dags/main.py for tasks to queue
[2026-04-26T18:02:45.444+0000] {logging_mixin.py:190} INFO - [2026-04-26T18:02:45.443+0000] {dagbag.py:588} INFO - Filling up the DagBag from /opt/airflow/dags/main.py
[2026-04-26T18:02:45.484+0000] {logging_mixin.py:190} INFO - [2026-04-26T18:02:45.476+0000] {dagbag.py:387} ERROR - Failed to import: /opt/airflow/dags/main.py
Traceback (most recent call last):
  File "/home/airflow/.local/lib/python3.12/site-packages/airflow/models/dagbag.py", line 383, in parse
    loader.exec_module(new_module)
  File "<frozen importlib._bootstrap_external>", line 999, in exec_module
  File "<frozen importlib._bootstrap>", line 488, in _call_with_frames_removed
  File "/opt/airflow/dags/main.py", line 21, in <module>
    from consumer import consume_orders
ModuleNotFoundError: No module named 'consumer'
[2026-04-26T18:02:45.487+0000] {processor.py:927} WARNING - No viable dags retrieved from /opt/airflow/dags/main.py
[2026-04-26T18:02:45.516+0000] {processor.py:208} INFO - Processing /opt/airflow/dags/main.py took 0.088 seconds
[2026-04-26T18:03:16.053+0000] {processor.py:186} INFO - Started process (PID=6153) to work on /opt/airflow/dags/main.py
[2026-04-26T18:03:16.055+0000] {processor.py:914} INFO - Processing file /opt/airflow/dags/main.py for tasks to queue
[2026-04-26T18:03:16.060+0000] {logging_mixin.py:190} INFO - [2026-04-26T18:03:16.059+0000] {dagbag.py:588} INFO - Filling up the DagBag from /opt/airflow/dags/main.py
[2026-04-26T18:03:16.090+0000] {logging_mixin.py:190} INFO - [2026-04-26T18:03:16.084+0000] {dagbag.py:387} ERROR - Failed to import: /opt/airflow/dags/main.py
Traceback (most recent call last):
  File "/home/airflow/.local/lib/python3.12/site-packages/airflow/models/dagbag.py", line 383, in parse
    loader.exec_module(new_module)
  File "<frozen importlib._bootstrap_external>", line 999, in exec_module
  File "<frozen importlib._bootstrap>", line 488, in _call_with_frames_removed
  File "/opt/airflow/dags/main.py", line 21, in <module>
    from consumer import consume_orders
ModuleNotFoundError: No module named 'consumer'
[2026-04-26T18:03:16.093+0000] {processor.py:927} WARNING - No viable dags retrieved from /opt/airflow/dags/main.py
[2026-04-26T18:03:16.139+0000] {processor.py:208} INFO - Processing /opt/airflow/dags/main.py took 0.100 seconds
[2026-04-26T18:03:46.569+0000] {processor.py:186} INFO - Started process (PID=6160) to work on /opt/airflow/dags/main.py
[2026-04-26T18:03:46.570+0000] {processor.py:914} INFO - Processing file /opt/airflow/dags/main.py for tasks to queue
[2026-04-26T18:03:46.574+0000] {logging_mixin.py:190} INFO - [2026-04-26T18:03:46.574+0000] {dagbag.py:588} INFO - Filling up the DagBag from /opt/airflow/dags/main.py
[2026-04-26T18:03:46.613+0000] {logging_mixin.py:190} INFO - [2026-04-26T18:03:46.606+0000] {dagbag.py:387} ERROR - Failed to import: /opt/airflow/dags/main.py
Traceback (most recent call last):
  File "/home/airflow/.local/lib/python3.12/site-packages/airflow/models/dagbag.py", line 383, in parse
    loader.exec_module(new_module)
  File "<frozen importlib._bootstrap_external>", line 999, in exec_module
  File "<frozen importlib._bootstrap>", line 488, in _call_with_frames_removed
  File "/opt/airflow/dags/main.py", line 21, in <module>
    from consumer import consume_orders
ModuleNotFoundError: No module named 'consumer'
[2026-04-26T18:03:46.616+0000] {processor.py:927} WARNING - No viable dags retrieved from /opt/airflow/dags/main.py
[2026-04-26T18:03:46.641+0000] {processor.py:208} INFO - Processing /opt/airflow/dags/main.py took 0.083 seconds
[2026-04-26T18:04:17.128+0000] {processor.py:186} INFO - Started process (PID=6167) to work on /opt/airflow/dags/main.py
[2026-04-26T18:04:17.130+0000] {processor.py:914} INFO - Processing file /opt/airflow/dags/main.py for tasks to queue
[2026-04-26T18:04:17.134+0000] {logging_mixin.py:190} INFO - [2026-04-26T18:04:17.134+0000] {dagbag.py:588} INFO - Filling up the DagBag from /opt/airflow/dags/main.py
[2026-04-26T18:04:17.188+0000] {logging_mixin.py:190} INFO - [2026-04-26T18:04:17.175+0000] {dagbag.py:387} ERROR - Failed to import: /opt/airflow/dags/main.py
Traceback (most recent call last):
  File "/home/airflow/.local/lib/python3.12/site-packages/airflow/models/dagbag.py", line 383, in parse
    loader.exec_module(new_module)
  File "<frozen importlib._bootstrap_external>", line 999, in exec_module
  File "<frozen importlib._bootstrap>", line 488, in _call_with_frames_removed
  File "/opt/airflow/dags/main.py", line 21, in <module>
    from consumer import consume_orders
ModuleNotFoundError: No module named 'consumer'
[2026-04-26T18:04:17.193+0000] {processor.py:927} WARNING - No viable dags retrieved from /opt/airflow/dags/main.py
[2026-04-26T18:04:17.240+0000] {processor.py:208} INFO - Processing /opt/airflow/dags/main.py took 0.158 seconds
[2026-04-26T18:04:47.475+0000] {processor.py:186} INFO - Started process (PID=6174) to work on /opt/airflow/dags/main.py
[2026-04-26T18:04:47.477+0000] {processor.py:914} INFO - Processing file /opt/airflow/dags/main.py for tasks to queue
[2026-04-26T18:04:47.480+0000] {logging_mixin.py:190} INFO - [2026-04-26T18:04:47.480+0000] {dagbag.py:588} INFO - Filling up the DagBag from /opt/airflow/dags/main.py
[2026-04-26T18:04:47.511+0000] {logging_mixin.py:190} INFO - [2026-04-26T18:04:47.505+0000] {dagbag.py:387} ERROR - Failed to import: /opt/airflow/dags/main.py
Traceback (most recent call last):
  File "/home/airflow/.local/lib/python3.12/site-packages/airflow/models/dagbag.py", line 383, in parse
    loader.exec_module(new_module)
  File "<frozen importlib._bootstrap_external>", line 999, in exec_module
  File "<frozen importlib._bootstrap>", line 488, in _call_with_frames_removed
  File "/opt/airflow/dags/main.py", line 21, in <module>
    from consumer import consume_orders
ModuleNotFoundError: No module named 'consumer'
[2026-04-26T18:04:47.514+0000] {processor.py:927} WARNING - No viable dags retrieved from /opt/airflow/dags/main.py
[2026-04-26T18:04:47.539+0000] {processor.py:208} INFO - Processing /opt/airflow/dags/main.py took 0.070 seconds
[2026-04-26T18:05:18.243+0000] {processor.py:186} INFO - Started process (PID=6175) to work on /opt/airflow/dags/main.py
[2026-04-26T18:05:18.245+0000] {processor.py:914} INFO - Processing file /opt/airflow/dags/main.py for tasks to queue
[2026-04-26T18:05:18.249+0000] {logging_mixin.py:190} INFO - [2026-04-26T18:05:18.248+0000] {dagbag.py:588} INFO - Filling up the DagBag from /opt/airflow/dags/main.py
[2026-04-26T18:05:18.286+0000] {logging_mixin.py:190} INFO - [2026-04-26T18:05:18.279+0000] {dagbag.py:387} ERROR - Failed to import: /opt/airflow/dags/main.py
Traceback (most recent call last):
  File "/home/airflow/.local/lib/python3.12/site-packages/airflow/models/dagbag.py", line 383, in parse
    loader.exec_module(new_module)
  File "<frozen importlib._bootstrap_external>", line 999, in exec_module
  File "<frozen importlib._bootstrap>", line 488, in _call_with_frames_removed
  File "/opt/airflow/dags/main.py", line 21, in <module>
    from consumer import consume_orders
ModuleNotFoundError: No module named 'consumer'
[2026-04-26T18:05:18.289+0000] {processor.py:927} WARNING - No viable dags retrieved from /opt/airflow/dags/main.py
[2026-04-26T18:05:18.316+0000] {processor.py:208} INFO - Processing /opt/airflow/dags/main.py took 0.085 seconds
[2026-04-26T18:05:48.680+0000] {processor.py:186} INFO - Started process (PID=6182) to work on /opt/airflow/dags/main.py
[2026-04-26T18:05:48.682+0000] {processor.py:914} INFO - Processing file /opt/airflow/dags/main.py for tasks to queue
[2026-04-26T18:05:48.686+0000] {logging_mixin.py:190} INFO - [2026-04-26T18:05:48.686+0000] {dagbag.py:588} INFO - Filling up the DagBag from /opt/airflow/dags/main.py
[2026-04-26T18:05:48.720+0000] {logging_mixin.py:190} INFO - [2026-04-26T18:05:48.711+0000] {dagbag.py:387} ERROR - Failed to import: /opt/airflow/dags/main.py
Traceback (most recent call last):
  File "/home/airflow/.local/lib/python3.12/site-packages/airflow/models/dagbag.py", line 383, in parse
    loader.exec_module(new_module)
  File "<frozen importlib._bootstrap_external>", line 999, in exec_module
  File "<frozen importlib._bootstrap>", line 488, in _call_with_frames_removed
  File "/opt/airflow/dags/main.py", line 21, in <module>
    from consumer import consume_orders
ModuleNotFoundError: No module named 'consumer'
[2026-04-26T18:05:48.723+0000] {processor.py:927} WARNING - No viable dags retrieved from /opt/airflow/dags/main.py
[2026-04-26T18:05:48.792+0000] {processor.py:208} INFO - Processing /opt/airflow/dags/main.py took 0.134 seconds
[2026-04-26T18:06:21.092+0000] {processor.py:186} INFO - Started process (PID=6189) to work on /opt/airflow/dags/main.py
[2026-04-26T18:06:21.101+0000] {processor.py:914} INFO - Processing file /opt/airflow/dags/main.py for tasks to queue
[2026-04-26T18:06:21.118+0000] {logging_mixin.py:190} INFO - [2026-04-26T18:06:21.110+0000] {dagbag.py:588} INFO - Filling up the DagBag from /opt/airflow/dags/main.py
[2026-04-26T18:06:21.166+0000] {logging_mixin.py:190} INFO - [2026-04-26T18:06:21.156+0000] {dagbag.py:387} ERROR - Failed to import: /opt/airflow/dags/main.py
Traceback (most recent call last):
  File "/home/airflow/.local/lib/python3.12/site-packages/airflow/models/dagbag.py", line 383, in parse
    loader.exec_module(new_module)
  File "<frozen importlib._bootstrap_external>", line 999, in exec_module
  File "<frozen importlib._bootstrap>", line 488, in _call_with_frames_removed
  File "/opt/airflow/dags/main.py", line 21, in <module>
    from consumer import consume_orders
ModuleNotFoundError: No module named 'consumer'
[2026-04-26T18:06:21.170+0000] {processor.py:927} WARNING - No viable dags retrieved from /opt/airflow/dags/main.py
[2026-04-26T18:06:21.230+0000] {processor.py:208} INFO - Processing /opt/airflow/dags/main.py took 0.161 seconds
[2026-04-26T18:06:51.659+0000] {processor.py:186} INFO - Started process (PID=6196) to work on /opt/airflow/dags/main.py
[2026-04-26T18:06:51.661+0000] {processor.py:914} INFO - Processing file /opt/airflow/dags/main.py for tasks to queue
[2026-04-26T18:06:51.666+0000] {logging_mixin.py:190} INFO - [2026-04-26T18:06:51.665+0000] {dagbag.py:588} INFO - Filling up the DagBag from /opt/airflow/dags/main.py
[2026-04-26T18:06:51.718+0000] {logging_mixin.py:190} INFO - [2026-04-26T18:06:51.705+0000] {dagbag.py:387} ERROR - Failed to import: /opt/airflow/dags/main.py
Traceback (most recent call last):
  File "/home/airflow/.local/lib/python3.12/site-packages/airflow/models/dagbag.py", line 383, in parse
    loader.exec_module(new_module)
  File "<frozen importlib._bootstrap_external>", line 999, in exec_module
  File "<frozen importlib._bootstrap>", line 488, in _call_with_frames_removed
  File "/opt/airflow/dags/main.py", line 21, in <module>
    from consumer import consume_orders
ModuleNotFoundError: No module named 'consumer'
[2026-04-26T18:06:51.722+0000] {processor.py:927} WARNING - No viable dags retrieved from /opt/airflow/dags/main.py
[2026-04-26T18:06:51.769+0000] {processor.py:208} INFO - Processing /opt/airflow/dags/main.py took 0.123 seconds
[2026-04-26T18:07:21.904+0000] {processor.py:186} INFO - Started process (PID=6203) to work on /opt/airflow/dags/main.py
[2026-04-26T18:07:21.906+0000] {processor.py:914} INFO - Processing file /opt/airflow/dags/main.py for tasks to queue
[2026-04-26T18:07:21.909+0000] {logging_mixin.py:190} INFO - [2026-04-26T18:07:21.908+0000] {dagbag.py:588} INFO - Filling up the DagBag from /opt/airflow/dags/main.py
[2026-04-26T18:07:21.937+0000] {logging_mixin.py:190} INFO - [2026-04-26T18:07:21.930+0000] {dagbag.py:387} ERROR - Failed to import: /opt/airflow/dags/main.py
Traceback (most recent call last):
  File "/home/airflow/.local/lib/python3.12/site-packages/airflow/models/dagbag.py", line 383, in parse
    loader.exec_module(new_module)
  File "<frozen importlib._bootstrap_external>", line 999, in exec_module
  File "<frozen importlib._bootstrap>", line 488, in _call_with_frames_removed
  File "/opt/airflow/dags/main.py", line 21, in <module>
    from consumer import consume_orders
ModuleNotFoundError: No module named 'consumer'
[2026-04-26T18:07:21.939+0000] {processor.py:927} WARNING - No viable dags retrieved from /opt/airflow/dags/main.py
[2026-04-26T18:07:21.973+0000] {processor.py:208} INFO - Processing /opt/airflow/dags/main.py took 0.076 seconds
[2026-04-26T18:07:52.594+0000] {processor.py:186} INFO - Started process (PID=6210) to work on /opt/airflow/dags/main.py
[2026-04-26T18:07:52.596+0000] {processor.py:914} INFO - Processing file /opt/airflow/dags/main.py for tasks to queue
[2026-04-26T18:07:52.601+0000] {logging_mixin.py:190} INFO - [2026-04-26T18:07:52.600+0000] {dagbag.py:588} INFO - Filling up the DagBag from /opt/airflow/dags/main.py
[2026-04-26T18:07:52.638+0000] {logging_mixin.py:190} INFO - [2026-04-26T18:07:52.630+0000] {dagbag.py:387} ERROR - Failed to import: /opt/airflow/dags/main.py
Traceback (most recent call last):
  File "/home/airflow/.local/lib/python3.12/site-packages/airflow/models/dagbag.py", line 383, in parse
    loader.exec_module(new_module)
  File "<frozen importlib._bootstrap_external>", line 999, in exec_module
  File "<frozen importlib._bootstrap>", line 488, in _call_with_frames_removed
  File "/opt/airflow/dags/main.py", line 21, in <module>
    from consumer import consume_orders
ModuleNotFoundError: No module named 'consumer'
[2026-04-26T18:07:52.640+0000] {processor.py:927} WARNING - No viable dags retrieved from /opt/airflow/dags/main.py
[2026-04-26T18:07:52.673+0000] {processor.py:208} INFO - Processing /opt/airflow/dags/main.py took 0.096 seconds
[2026-04-26T18:08:22.942+0000] {processor.py:186} INFO - Started process (PID=6217) to work on /opt/airflow/dags/main.py
[2026-04-26T18:08:22.945+0000] {processor.py:914} INFO - Processing file /opt/airflow/dags/main.py for tasks to queue
[2026-04-26T18:08:22.951+0000] {logging_mixin.py:190} INFO - [2026-04-26T18:08:22.950+0000] {dagbag.py:588} INFO - Filling up the DagBag from /opt/airflow/dags/main.py
[2026-04-26T18:08:22.997+0000] {logging_mixin.py:190} INFO - [2026-04-26T18:08:22.988+0000] {dagbag.py:387} ERROR - Failed to import: /opt/airflow/dags/main.py
Traceback (most recent call last):
  File "/home/airflow/.local/lib/python3.12/site-packages/airflow/models/dagbag.py", line 383, in parse
    loader.exec_module(new_module)
  File "<frozen importlib._bootstrap_external>", line 999, in exec_module
  File "<frozen importlib._bootstrap>", line 488, in _call_with_frames_removed
  File "/opt/airflow/dags/main.py", line 21, in <module>
    from consumer import consume_orders
ModuleNotFoundError: No module named 'consumer'
[2026-04-26T18:08:23.000+0000] {processor.py:927} WARNING - No viable dags retrieved from /opt/airflow/dags/main.py
[2026-04-26T18:08:23.032+0000] {processor.py:208} INFO - Processing /opt/airflow/dags/main.py took 0.108 seconds
[2026-04-26T18:08:53.209+0000] {processor.py:186} INFO - Started process (PID=6224) to work on /opt/airflow/dags/main.py
[2026-04-26T18:08:53.211+0000] {processor.py:914} INFO - Processing file /opt/airflow/dags/main.py for tasks to queue
[2026-04-26T18:08:53.216+0000] {logging_mixin.py:190} INFO - [2026-04-26T18:08:53.215+0000] {dagbag.py:588} INFO - Filling up the DagBag from /opt/airflow/dags/main.py
[2026-04-26T18:08:53.244+0000] {logging_mixin.py:190} INFO - [2026-04-26T18:08:53.238+0000] {dagbag.py:387} ERROR - Failed to import: /opt/airflow/dags/main.py
Traceback (most recent call last):
  File "/home/airflow/.local/lib/python3.12/site-packages/airflow/models/dagbag.py", line 383, in parse
    loader.exec_module(new_module)
  File "<frozen importlib._bootstrap_external>", line 999, in exec_module
  File "<frozen importlib._bootstrap>", line 488, in _call_with_frames_removed
  File "/opt/airflow/dags/main.py", line 21, in <module>
    from consumer import consume_orders
ModuleNotFoundError: No module named 'consumer'
[2026-04-26T18:08:53.246+0000] {processor.py:927} WARNING - No viable dags retrieved from /opt/airflow/dags/main.py
[2026-04-26T18:08:53.276+0000] {processor.py:208} INFO - Processing /opt/airflow/dags/main.py took 0.082 seconds
[2026-04-26T18:09:23.752+0000] {processor.py:186} INFO - Started process (PID=6231) to work on /opt/airflow/dags/main.py
[2026-04-26T18:09:23.754+0000] {processor.py:914} INFO - Processing file /opt/airflow/dags/main.py for tasks to queue
[2026-04-26T18:09:23.757+0000] {logging_mixin.py:190} INFO - [2026-04-26T18:09:23.757+0000] {dagbag.py:588} INFO - Filling up the DagBag from /opt/airflow/dags/main.py
[2026-04-26T18:09:23.786+0000] {logging_mixin.py:190} INFO - [2026-04-26T18:09:23.779+0000] {dagbag.py:387} ERROR - Failed to import: /opt/airflow/dags/main.py
Traceback (most recent call last):
  File "/home/airflow/.local/lib/python3.12/site-packages/airflow/models/dagbag.py", line 383, in parse
    loader.exec_module(new_module)
  File "<frozen importlib._bootstrap_external>", line 999, in exec_module
  File "<frozen importlib._bootstrap>", line 488, in _call_with_frames_removed
  File "/opt/airflow/dags/main.py", line 21, in <module>
    from consumer import consume_orders
ModuleNotFoundError: No module named 'consumer'
[2026-04-26T18:09:23.788+0000] {processor.py:927} WARNING - No viable dags retrieved from /opt/airflow/dags/main.py
[2026-04-26T18:09:23.818+0000] {processor.py:208} INFO - Processing /opt/airflow/dags/main.py took 0.076 seconds
[2026-04-26T18:09:54.464+0000] {processor.py:186} INFO - Started process (PID=6238) to work on /opt/airflow/dags/main.py
[2026-04-26T18:09:55.227+0000] {processor.py:914} INFO - Processing file /opt/airflow/dags/main.py for tasks to queue
[2026-04-26T18:09:55.255+0000] {logging_mixin.py:190} INFO - [2026-04-26T18:09:55.251+0000] {dagbag.py:588} INFO - Filling up the DagBag from /opt/airflow/dags/main.py
[2026-04-26T18:09:56.061+0000] {logging_mixin.py:190} INFO - [2026-04-26T18:09:56.051+0000] {dagbag.py:387} ERROR - Failed to import: /opt/airflow/dags/main.py
Traceback (most recent call last):
  File "/home/airflow/.local/lib/python3.12/site-packages/airflow/models/dagbag.py", line 383, in parse
    loader.exec_module(new_module)
  File "<frozen importlib._bootstrap_external>", line 999, in exec_module
  File "<frozen importlib._bootstrap>", line 488, in _call_with_frames_removed
  File "/opt/airflow/dags/main.py", line 21, in <module>
    from consumer import consume_orders
ModuleNotFoundError: No module named 'consumer'
[2026-04-26T18:09:56.066+0000] {processor.py:927} WARNING - No viable dags retrieved from /opt/airflow/dags/main.py
[2026-04-26T18:09:56.890+0000] {processor.py:208} INFO - Processing /opt/airflow/dags/main.py took 2.434 seconds
[2026-04-26T18:10:27.208+0000] {processor.py:186} INFO - Started process (PID=6245) to work on /opt/airflow/dags/main.py
[2026-04-26T18:10:27.210+0000] {processor.py:914} INFO - Processing file /opt/airflow/dags/main.py for tasks to queue
[2026-04-26T18:10:27.215+0000] {logging_mixin.py:190} INFO - [2026-04-26T18:10:27.214+0000] {dagbag.py:588} INFO - Filling up the DagBag from /opt/airflow/dags/main.py
[2026-04-26T18:10:27.254+0000] {logging_mixin.py:190} INFO - [2026-04-26T18:10:27.243+0000] {dagbag.py:387} ERROR - Failed to import: /opt/airflow/dags/main.py
Traceback (most recent call last):
  File "/home/airflow/.local/lib/python3.12/site-packages/airflow/models/dagbag.py", line 383, in parse
    loader.exec_module(new_module)
  File "<frozen importlib._bootstrap_external>", line 999, in exec_module
  File "<frozen importlib._bootstrap>", line 488, in _call_with_frames_removed
  File "/opt/airflow/dags/main.py", line 21, in <module>
    from consumer import consume_orders
ModuleNotFoundError: No module named 'consumer'
[2026-04-26T18:10:27.258+0000] {processor.py:927} WARNING - No viable dags retrieved from /opt/airflow/dags/main.py
[2026-04-26T18:10:27.305+0000] {processor.py:208} INFO - Processing /opt/airflow/dags/main.py took 0.106 seconds
[2026-04-26T18:10:57.605+0000] {processor.py:186} INFO - Started process (PID=6252) to work on /opt/airflow/dags/main.py
[2026-04-26T18:10:57.606+0000] {processor.py:914} INFO - Processing file /opt/airflow/dags/main.py for tasks to queue
[2026-04-26T18:10:57.610+0000] {logging_mixin.py:190} INFO - [2026-04-26T18:10:57.610+0000] {dagbag.py:588} INFO - Filling up the DagBag from /opt/airflow/dags/main.py
[2026-04-26T18:10:57.640+0000] {logging_mixin.py:190} INFO - [2026-04-26T18:10:57.634+0000] {dagbag.py:387} ERROR - Failed to import: /opt/airflow/dags/main.py
Traceback (most recent call last):
  File "/home/airflow/.local/lib/python3.12/site-packages/airflow/models/dagbag.py", line 383, in parse
    loader.exec_module(new_module)
  File "<frozen importlib._bootstrap_external>", line 999, in exec_module
  File "<frozen importlib._bootstrap>", line 488, in _call_with_frames_removed
  File "/opt/airflow/dags/main.py", line 21, in <module>
    from consumer import consume_orders
ModuleNotFoundError: No module named 'consumer'
[2026-04-26T18:10:57.642+0000] {processor.py:927} WARNING - No viable dags retrieved from /opt/airflow/dags/main.py
[2026-04-26T18:10:57.669+0000] {processor.py:208} INFO - Processing /opt/airflow/dags/main.py took 0.072 seconds
[2026-04-26T18:11:28.185+0000] {processor.py:186} INFO - Started process (PID=6259) to work on /opt/airflow/dags/main.py
[2026-04-26T18:11:28.186+0000] {processor.py:914} INFO - Processing file /opt/airflow/dags/main.py for tasks to queue
[2026-04-26T18:11:28.190+0000] {logging_mixin.py:190} INFO - [2026-04-26T18:11:28.190+0000] {dagbag.py:588} INFO - Filling up the DagBag from /opt/airflow/dags/main.py
[2026-04-26T18:11:28.221+0000] {logging_mixin.py:190} INFO - [2026-04-26T18:11:28.215+0000] {dagbag.py:387} ERROR - Failed to import: /opt/airflow/dags/main.py
Traceback (most recent call last):
  File "/home/airflow/.local/lib/python3.12/site-packages/airflow/models/dagbag.py", line 383, in parse
    loader.exec_module(new_module)
  File "<frozen importlib._bootstrap_external>", line 999, in exec_module
  File "<frozen importlib._bootstrap>", line 488, in _call_with_frames_removed
  File "/opt/airflow/dags/main.py", line 21, in <module>
    from consumer import consume_orders
ModuleNotFoundError: No module named 'consumer'
[2026-04-26T18:11:28.223+0000] {processor.py:927} WARNING - No viable dags retrieved from /opt/airflow/dags/main.py
[2026-04-26T18:11:28.267+0000] {processor.py:208} INFO - Processing /opt/airflow/dags/main.py took 0.092 seconds
[2026-04-26T18:11:58.893+0000] {processor.py:186} INFO - Started process (PID=6266) to work on /opt/airflow/dags/main.py
[2026-04-26T18:11:58.896+0000] {processor.py:914} INFO - Processing file /opt/airflow/dags/main.py for tasks to queue
[2026-04-26T18:11:58.904+0000] {logging_mixin.py:190} INFO - [2026-04-26T18:11:58.903+0000] {dagbag.py:588} INFO - Filling up the DagBag from /opt/airflow/dags/main.py
[2026-04-26T18:11:58.936+0000] {logging_mixin.py:190} INFO - [2026-04-26T18:11:58.931+0000] {dagbag.py:387} ERROR - Failed to import: /opt/airflow/dags/main.py
Traceback (most recent call last):
  File "/home/airflow/.local/lib/python3.12/site-packages/airflow/models/dagbag.py", line 383, in parse
    loader.exec_module(new_module)
  File "<frozen importlib._bootstrap_external>", line 999, in exec_module
  File "<frozen importlib._bootstrap>", line 488, in _call_with_frames_removed
  File "/opt/airflow/dags/main.py", line 21, in <module>
    from consumer import consume_orders
ModuleNotFoundError: No module named 'consumer'
[2026-04-26T18:11:58.938+0000] {processor.py:927} WARNING - No viable dags retrieved from /opt/airflow/dags/main.py
[2026-04-26T18:11:58.972+0000] {processor.py:208} INFO - Processing /opt/airflow/dags/main.py took 0.092 seconds
[2026-04-26T18:12:29.954+0000] {processor.py:186} INFO - Started process (PID=6267) to work on /opt/airflow/dags/main.py
[2026-04-26T18:12:29.956+0000] {processor.py:914} INFO - Processing file /opt/airflow/dags/main.py for tasks to queue
[2026-04-26T18:12:29.961+0000] {logging_mixin.py:190} INFO - [2026-04-26T18:12:29.960+0000] {dagbag.py:588} INFO - Filling up the DagBag from /opt/airflow/dags/main.py
[2026-04-26T18:12:29.994+0000] {logging_mixin.py:190} INFO - [2026-04-26T18:12:29.987+0000] {dagbag.py:387} ERROR - Failed to import: /opt/airflow/dags/main.py
Traceback (most recent call last):
  File "/home/airflow/.local/lib/python3.12/site-packages/airflow/models/dagbag.py", line 383, in parse
    loader.exec_module(new_module)
  File "<frozen importlib._bootstrap_external>", line 999, in exec_module
  File "<frozen importlib._bootstrap>", line 488, in _call_with_frames_removed
  File "/opt/airflow/dags/main.py", line 21, in <module>
    from consumer import consume_orders
ModuleNotFoundError: No module named 'consumer'
[2026-04-26T18:12:29.996+0000] {processor.py:927} WARNING - No viable dags retrieved from /opt/airflow/dags/main.py
[2026-04-26T18:12:30.040+0000] {processor.py:208} INFO - Processing /opt/airflow/dags/main.py took 0.096 seconds
[2026-04-26T18:13:00.485+0000] {processor.py:186} INFO - Started process (PID=6274) to work on /opt/airflow/dags/main.py
[2026-04-26T18:13:00.488+0000] {processor.py:914} INFO - Processing file /opt/airflow/dags/main.py for tasks to queue
[2026-04-26T18:13:00.496+0000] {logging_mixin.py:190} INFO - [2026-04-26T18:13:00.495+0000] {dagbag.py:588} INFO - Filling up the DagBag from /opt/airflow/dags/main.py
[2026-04-26T18:13:00.554+0000] {logging_mixin.py:190} INFO - [2026-04-26T18:13:00.541+0000] {dagbag.py:387} ERROR - Failed to import: /opt/airflow/dags/main.py
Traceback (most recent call last):
  File "/home/airflow/.local/lib/python3.12/site-packages/airflow/models/dagbag.py", line 383, in parse
    loader.exec_module(new_module)
  File "<frozen importlib._bootstrap_external>", line 999, in exec_module
  File "<frozen importlib._bootstrap>", line 488, in _call_with_frames_removed
  File "/opt/airflow/dags/main.py", line 21, in <module>
    from consumer import consume_orders
ModuleNotFoundError: No module named 'consumer'
[2026-04-26T18:13:00.558+0000] {processor.py:927} WARNING - No viable dags retrieved from /opt/airflow/dags/main.py
[2026-04-26T18:13:00.598+0000] {processor.py:208} INFO - Processing /opt/airflow/dags/main.py took 0.129 seconds
[2026-04-26T18:13:30.942+0000] {processor.py:186} INFO - Started process (PID=6281) to work on /opt/airflow/dags/main.py
[2026-04-26T18:13:30.945+0000] {processor.py:914} INFO - Processing file /opt/airflow/dags/main.py for tasks to queue
[2026-04-26T18:13:30.951+0000] {logging_mixin.py:190} INFO - [2026-04-26T18:13:30.950+0000] {dagbag.py:588} INFO - Filling up the DagBag from /opt/airflow/dags/main.py
[2026-04-26T18:13:31.010+0000] {logging_mixin.py:190} INFO - [2026-04-26T18:13:30.997+0000] {dagbag.py:387} ERROR - Failed to import: /opt/airflow/dags/main.py
Traceback (most recent call last):
  File "/home/airflow/.local/lib/python3.12/site-packages/airflow/models/dagbag.py", line 383, in parse
    loader.exec_module(new_module)
  File "<frozen importlib._bootstrap_external>", line 999, in exec_module
  File "<frozen importlib._bootstrap>", line 488, in _call_with_frames_removed
  File "/opt/airflow/dags/main.py", line 21, in <module>
    from consumer import consume_orders
ModuleNotFoundError: No module named 'consumer'
[2026-04-26T18:13:31.014+0000] {processor.py:927} WARNING - No viable dags retrieved from /opt/airflow/dags/main.py
[2026-04-26T18:13:31.058+0000] {processor.py:208} INFO - Processing /opt/airflow/dags/main.py took 0.131 seconds
[2026-04-26T18:14:03.245+0000] {processor.py:186} INFO - Started process (PID=6288) to work on /opt/airflow/dags/main.py
[2026-04-26T18:14:03.246+0000] {processor.py:914} INFO - Processing file /opt/airflow/dags/main.py for tasks to queue
[2026-04-26T18:14:03.252+0000] {logging_mixin.py:190} INFO - [2026-04-26T18:14:03.250+0000] {dagbag.py:588} INFO - Filling up the DagBag from /opt/airflow/dags/main.py
[2026-04-26T18:14:03.287+0000] {logging_mixin.py:190} INFO - [2026-04-26T18:14:03.279+0000] {dagbag.py:387} ERROR - Failed to import: /opt/airflow/dags/main.py
Traceback (most recent call last):
  File "/home/airflow/.local/lib/python3.12/site-packages/airflow/models/dagbag.py", line 383, in parse
    loader.exec_module(new_module)
  File "<frozen importlib._bootstrap_external>", line 999, in exec_module
  File "<frozen importlib._bootstrap>", line 488, in _call_with_frames_removed
  File "/opt/airflow/dags/main.py", line 21, in <module>
    from consumer import consume_orders
ModuleNotFoundError: No module named 'consumer'
[2026-04-26T18:14:03.289+0000] {processor.py:927} WARNING - No viable dags retrieved from /opt/airflow/dags/main.py
[2026-04-26T18:14:03.318+0000] {processor.py:208} INFO - Processing /opt/airflow/dags/main.py took 0.082 seconds
[2026-04-26T18:14:35.343+0000] {processor.py:186} INFO - Started process (PID=6295) to work on /opt/airflow/dags/main.py
[2026-04-26T18:14:35.345+0000] {processor.py:914} INFO - Processing file /opt/airflow/dags/main.py for tasks to queue
[2026-04-26T18:14:35.351+0000] {logging_mixin.py:190} INFO - [2026-04-26T18:14:35.351+0000] {dagbag.py:588} INFO - Filling up the DagBag from /opt/airflow/dags/main.py
[2026-04-26T18:14:35.392+0000] {logging_mixin.py:190} INFO - [2026-04-26T18:14:35.384+0000] {dagbag.py:387} ERROR - Failed to import: /opt/airflow/dags/main.py
Traceback (most recent call last):
  File "/home/airflow/.local/lib/python3.12/site-packages/airflow/models/dagbag.py", line 383, in parse
    loader.exec_module(new_module)
  File "<frozen importlib._bootstrap_external>", line 999, in exec_module
  File "<frozen importlib._bootstrap>", line 488, in _call_with_frames_removed
  File "/opt/airflow/dags/main.py", line 21, in <module>
    from consumer import consume_orders
ModuleNotFoundError: No module named 'consumer'
[2026-04-26T18:14:35.395+0000] {processor.py:927} WARNING - No viable dags retrieved from /opt/airflow/dags/main.py
[2026-04-26T18:14:35.427+0000] {processor.py:208} INFO - Processing /opt/airflow/dags/main.py took 0.095 seconds
[2026-04-26T18:15:08.496+0000] {processor.py:186} INFO - Started process (PID=6302) to work on /opt/airflow/dags/main.py
[2026-04-26T18:15:08.498+0000] {processor.py:914} INFO - Processing file /opt/airflow/dags/main.py for tasks to queue
[2026-04-26T18:15:08.505+0000] {logging_mixin.py:190} INFO - [2026-04-26T18:15:08.505+0000] {dagbag.py:588} INFO - Filling up the DagBag from /opt/airflow/dags/main.py
[2026-04-26T18:15:08.556+0000] {logging_mixin.py:190} INFO - [2026-04-26T18:15:08.549+0000] {dagbag.py:387} ERROR - Failed to import: /opt/airflow/dags/main.py
Traceback (most recent call last):
  File "/home/airflow/.local/lib/python3.12/site-packages/airflow/models/dagbag.py", line 383, in parse
    loader.exec_module(new_module)
  File "<frozen importlib._bootstrap_external>", line 999, in exec_module
  File "<frozen importlib._bootstrap>", line 488, in _call_with_frames_removed
  File "/opt/airflow/dags/main.py", line 21, in <module>
    from consumer import consume_orders
ModuleNotFoundError: No module named 'consumer'
[2026-04-26T18:15:08.558+0000] {processor.py:927} WARNING - No viable dags retrieved from /opt/airflow/dags/main.py
[2026-04-26T18:15:08.581+0000] {processor.py:208} INFO - Processing /opt/airflow/dags/main.py took 0.100 seconds
[2026-04-26T18:15:39.216+0000] {processor.py:186} INFO - Started process (PID=6310) to work on /opt/airflow/dags/main.py
[2026-04-26T18:15:39.217+0000] {processor.py:914} INFO - Processing file /opt/airflow/dags/main.py for tasks to queue
[2026-04-26T18:15:39.222+0000] {logging_mixin.py:190} INFO - [2026-04-26T18:15:39.221+0000] {dagbag.py:588} INFO - Filling up the DagBag from /opt/airflow/dags/main.py
[2026-04-26T18:15:39.259+0000] {logging_mixin.py:190} INFO - [2026-04-26T18:15:39.251+0000] {dagbag.py:387} ERROR - Failed to import: /opt/airflow/dags/main.py
Traceback (most recent call last):
  File "/home/airflow/.local/lib/python3.12/site-packages/airflow/models/dagbag.py", line 383, in parse
    loader.exec_module(new_module)
  File "<frozen importlib._bootstrap_external>", line 999, in exec_module
  File "<frozen importlib._bootstrap>", line 488, in _call_with_frames_removed
  File "/opt/airflow/dags/main.py", line 21, in <module>
    from consumer import consume_orders
ModuleNotFoundError: No module named 'consumer'
[2026-04-26T18:15:39.262+0000] {processor.py:927} WARNING - No viable dags retrieved from /opt/airflow/dags/main.py
[2026-04-26T18:15:39.290+0000] {processor.py:208} INFO - Processing /opt/airflow/dags/main.py took 0.082 seconds
[2026-04-26T18:16:09.482+0000] {processor.py:186} INFO - Started process (PID=6317) to work on /opt/airflow/dags/main.py
[2026-04-26T18:16:09.484+0000] {processor.py:914} INFO - Processing file /opt/airflow/dags/main.py for tasks to queue
[2026-04-26T18:16:09.492+0000] {logging_mixin.py:190} INFO - [2026-04-26T18:16:09.490+0000] {dagbag.py:588} INFO - Filling up the DagBag from /opt/airflow/dags/main.py
[2026-04-26T18:16:09.549+0000] {logging_mixin.py:190} INFO - [2026-04-26T18:16:09.537+0000] {dagbag.py:387} ERROR - Failed to import: /opt/airflow/dags/main.py
Traceback (most recent call last):
  File "/home/airflow/.local/lib/python3.12/site-packages/airflow/models/dagbag.py", line 383, in parse
    loader.exec_module(new_module)
  File "<frozen importlib._bootstrap_external>", line 999, in exec_module
  File "<frozen importlib._bootstrap>", line 488, in _call_with_frames_removed
  File "/opt/airflow/dags/main.py", line 21, in <module>
    from consumer import consume_orders
ModuleNotFoundError: No module named 'consumer'
[2026-04-26T18:16:09.553+0000] {processor.py:927} WARNING - No viable dags retrieved from /opt/airflow/dags/main.py
[2026-04-26T18:16:09.600+0000] {processor.py:208} INFO - Processing /opt/airflow/dags/main.py took 0.134 seconds
[2026-04-26T18:16:39.836+0000] {processor.py:186} INFO - Started process (PID=6324) to work on /opt/airflow/dags/main.py
[2026-04-26T18:16:39.838+0000] {processor.py:914} INFO - Processing file /opt/airflow/dags/main.py for tasks to queue
[2026-04-26T18:16:39.844+0000] {logging_mixin.py:190} INFO - [2026-04-26T18:16:39.843+0000] {dagbag.py:588} INFO - Filling up the DagBag from /opt/airflow/dags/main.py
[2026-04-26T18:16:39.882+0000] {logging_mixin.py:190} INFO - [2026-04-26T18:16:39.875+0000] {dagbag.py:387} ERROR - Failed to import: /opt/airflow/dags/main.py
Traceback (most recent call last):
  File "/home/airflow/.local/lib/python3.12/site-packages/airflow/models/dagbag.py", line 383, in parse
    loader.exec_module(new_module)
  File "<frozen importlib._bootstrap_external>", line 999, in exec_module
  File "<frozen importlib._bootstrap>", line 488, in _call_with_frames_removed
  File "/opt/airflow/dags/main.py", line 21, in <module>
    from consumer import consume_orders
ModuleNotFoundError: No module named 'consumer'
[2026-04-26T18:16:39.884+0000] {processor.py:927} WARNING - No viable dags retrieved from /opt/airflow/dags/main.py
[2026-04-26T18:16:39.914+0000] {processor.py:208} INFO - Processing /opt/airflow/dags/main.py took 0.095 seconds
[2026-04-26T18:17:10.498+0000] {processor.py:186} INFO - Started process (PID=6331) to work on /opt/airflow/dags/main.py
[2026-04-26T18:17:10.502+0000] {processor.py:914} INFO - Processing file /opt/airflow/dags/main.py for tasks to queue
[2026-04-26T18:17:10.516+0000] {logging_mixin.py:190} INFO - [2026-04-26T18:17:10.514+0000] {dagbag.py:588} INFO - Filling up the DagBag from /opt/airflow/dags/main.py
[2026-04-26T18:17:10.578+0000] {logging_mixin.py:190} INFO - [2026-04-26T18:17:10.567+0000] {dagbag.py:387} ERROR - Failed to import: /opt/airflow/dags/main.py
Traceback (most recent call last):
  File "/home/airflow/.local/lib/python3.12/site-packages/airflow/models/dagbag.py", line 383, in parse
    loader.exec_module(new_module)
  File "<frozen importlib._bootstrap_external>", line 999, in exec_module
  File "<frozen importlib._bootstrap>", line 488, in _call_with_frames_removed
  File "/opt/airflow/dags/main.py", line 21, in <module>
    from consumer import consume_orders
ModuleNotFoundError: No module named 'consumer'
[2026-04-26T18:17:10.582+0000] {processor.py:927} WARNING - No viable dags retrieved from /opt/airflow/dags/main.py
[2026-04-26T18:17:10.614+0000] {processor.py:208} INFO - Processing /opt/airflow/dags/main.py took 0.141 seconds
[2026-04-26T18:17:41.243+0000] {processor.py:186} INFO - Started process (PID=6338) to work on /opt/airflow/dags/main.py
[2026-04-26T18:17:41.245+0000] {processor.py:914} INFO - Processing file /opt/airflow/dags/main.py for tasks to queue
[2026-04-26T18:17:41.249+0000] {logging_mixin.py:190} INFO - [2026-04-26T18:17:41.248+0000] {dagbag.py:588} INFO - Filling up the DagBag from /opt/airflow/dags/main.py
[2026-04-26T18:17:41.292+0000] {logging_mixin.py:190} INFO - [2026-04-26T18:17:41.280+0000] {dagbag.py:387} ERROR - Failed to import: /opt/airflow/dags/main.py
Traceback (most recent call last):
  File "/home/airflow/.local/lib/python3.12/site-packages/airflow/models/dagbag.py", line 383, in parse
    loader.exec_module(new_module)
  File "<frozen importlib._bootstrap_external>", line 999, in exec_module
  File "<frozen importlib._bootstrap>", line 488, in _call_with_frames_removed
  File "/opt/airflow/dags/main.py", line 21, in <module>
    from consumer import consume_orders
ModuleNotFoundError: No module named 'consumer'
[2026-04-26T18:17:41.297+0000] {processor.py:927} WARNING - No viable dags retrieved from /opt/airflow/dags/main.py
[2026-04-26T18:17:41.342+0000] {processor.py:208} INFO - Processing /opt/airflow/dags/main.py took 0.110 seconds
[2026-04-26T18:18:11.713+0000] {processor.py:186} INFO - Started process (PID=6345) to work on /opt/airflow/dags/main.py
[2026-04-26T18:18:11.715+0000] {processor.py:914} INFO - Processing file /opt/airflow/dags/main.py for tasks to queue
[2026-04-26T18:18:11.719+0000] {logging_mixin.py:190} INFO - [2026-04-26T18:18:11.718+0000] {dagbag.py:588} INFO - Filling up the DagBag from /opt/airflow/dags/main.py
[2026-04-26T18:18:11.751+0000] {logging_mixin.py:190} INFO - [2026-04-26T18:18:11.745+0000] {dagbag.py:387} ERROR - Failed to import: /opt/airflow/dags/main.py
Traceback (most recent call last):
  File "/home/airflow/.local/lib/python3.12/site-packages/airflow/models/dagbag.py", line 383, in parse
    loader.exec_module(new_module)
  File "<frozen importlib._bootstrap_external>", line 999, in exec_module
  File "<frozen importlib._bootstrap>", line 488, in _call_with_frames_removed
  File "/opt/airflow/dags/main.py", line 21, in <module>
    from consumer import consume_orders
ModuleNotFoundError: No module named 'consumer'
[2026-04-26T18:18:11.754+0000] {processor.py:927} WARNING - No viable dags retrieved from /opt/airflow/dags/main.py
[2026-04-26T18:18:11.785+0000] {processor.py:208} INFO - Processing /opt/airflow/dags/main.py took 0.082 seconds
[2026-04-26T18:18:42.197+0000] {processor.py:186} INFO - Started process (PID=6352) to work on /opt/airflow/dags/main.py
[2026-04-26T18:18:42.199+0000] {processor.py:914} INFO - Processing file /opt/airflow/dags/main.py for tasks to queue
[2026-04-26T18:18:42.203+0000] {logging_mixin.py:190} INFO - [2026-04-26T18:18:42.203+0000] {dagbag.py:588} INFO - Filling up the DagBag from /opt/airflow/dags/main.py
[2026-04-26T18:18:42.232+0000] {logging_mixin.py:190} INFO - [2026-04-26T18:18:42.226+0000] {dagbag.py:387} ERROR - Failed to import: /opt/airflow/dags/main.py
Traceback (most recent call last):
  File "/home/airflow/.local/lib/python3.12/site-packages/airflow/models/dagbag.py", line 383, in parse
    loader.exec_module(new_module)
  File "<frozen importlib._bootstrap_external>", line 999, in exec_module
  File "<frozen importlib._bootstrap>", line 488, in _call_with_frames_removed
  File "/opt/airflow/dags/main.py", line 21, in <module>
    from consumer import consume_orders
ModuleNotFoundError: No module named 'consumer'
[2026-04-26T18:18:42.234+0000] {processor.py:927} WARNING - No viable dags retrieved from /opt/airflow/dags/main.py
[2026-04-26T18:18:42.261+0000] {processor.py:208} INFO - Processing /opt/airflow/dags/main.py took 0.072 seconds
[2026-04-26T18:19:12.867+0000] {processor.py:186} INFO - Started process (PID=6359) to work on /opt/airflow/dags/main.py
[2026-04-26T18:19:12.870+0000] {processor.py:914} INFO - Processing file /opt/airflow/dags/main.py for tasks to queue
[2026-04-26T18:19:12.877+0000] {logging_mixin.py:190} INFO - [2026-04-26T18:19:12.876+0000] {dagbag.py:588} INFO - Filling up the DagBag from /opt/airflow/dags/main.py
[2026-04-26T18:19:12.936+0000] {logging_mixin.py:190} INFO - [2026-04-26T18:19:12.924+0000] {dagbag.py:387} ERROR - Failed to import: /opt/airflow/dags/main.py
Traceback (most recent call last):
  File "/home/airflow/.local/lib/python3.12/site-packages/airflow/models/dagbag.py", line 383, in parse
    loader.exec_module(new_module)
  File "<frozen importlib._bootstrap_external>", line 999, in exec_module
  File "<frozen importlib._bootstrap>", line 488, in _call_with_frames_removed
  File "/opt/airflow/dags/main.py", line 21, in <module>
    from consumer import consume_orders
ModuleNotFoundError: No module named 'consumer'
[2026-04-26T18:19:12.940+0000] {processor.py:927} WARNING - No viable dags retrieved from /opt/airflow/dags/main.py
[2026-04-26T18:19:12.989+0000] {processor.py:208} INFO - Processing /opt/airflow/dags/main.py took 0.143 seconds
[2026-04-26T18:19:43.483+0000] {processor.py:186} INFO - Started process (PID=6366) to work on /opt/airflow/dags/main.py
[2026-04-26T18:19:43.485+0000] {processor.py:914} INFO - Processing file /opt/airflow/dags/main.py for tasks to queue
[2026-04-26T18:19:43.492+0000] {logging_mixin.py:190} INFO - [2026-04-26T18:19:43.491+0000] {dagbag.py:588} INFO - Filling up the DagBag from /opt/airflow/dags/main.py
[2026-04-26T18:19:43.549+0000] {logging_mixin.py:190} INFO - [2026-04-26T18:19:43.537+0000] {dagbag.py:387} ERROR - Failed to import: /opt/airflow/dags/main.py
Traceback (most recent call last):
  File "/home/airflow/.local/lib/python3.12/site-packages/airflow/models/dagbag.py", line 383, in parse
    loader.exec_module(new_module)
  File "<frozen importlib._bootstrap_external>", line 999, in exec_module
  File "<frozen importlib._bootstrap>", line 488, in _call_with_frames_removed
  File "/opt/airflow/dags/main.py", line 21, in <module>
    from consumer import consume_orders
ModuleNotFoundError: No module named 'consumer'
[2026-04-26T18:19:43.553+0000] {processor.py:927} WARNING - No viable dags retrieved from /opt/airflow/dags/main.py
[2026-04-26T18:19:43.603+0000] {processor.py:208} INFO - Processing /opt/airflow/dags/main.py took 0.137 seconds
[2026-04-26T18:20:14.300+0000] {processor.py:186} INFO - Started process (PID=6373) to work on /opt/airflow/dags/main.py
[2026-04-26T18:20:14.302+0000] {processor.py:914} INFO - Processing file /opt/airflow/dags/main.py for tasks to queue
[2026-04-26T18:20:14.310+0000] {logging_mixin.py:190} INFO - [2026-04-26T18:20:14.309+0000] {dagbag.py:588} INFO - Filling up the DagBag from /opt/airflow/dags/main.py
[2026-04-26T18:20:14.367+0000] {logging_mixin.py:190} INFO - [2026-04-26T18:20:14.354+0000] {dagbag.py:387} ERROR - Failed to import: /opt/airflow/dags/main.py
Traceback (most recent call last):
  File "/home/airflow/.local/lib/python3.12/site-packages/airflow/models/dagbag.py", line 383, in parse
    loader.exec_module(new_module)
  File "<frozen importlib._bootstrap_external>", line 999, in exec_module
  File "<frozen importlib._bootstrap>", line 488, in _call_with_frames_removed
  File "/opt/airflow/dags/main.py", line 21, in <module>
    from consumer import consume_orders
ModuleNotFoundError: No module named 'consumer'
[2026-04-26T18:20:14.372+0000] {processor.py:927} WARNING - No viable dags retrieved from /opt/airflow/dags/main.py
[2026-04-26T18:20:14.417+0000] {processor.py:208} INFO - Processing /opt/airflow/dags/main.py took 0.164 seconds
[2026-04-26T18:20:44.798+0000] {processor.py:186} INFO - Started process (PID=6374) to work on /opt/airflow/dags/main.py
[2026-04-26T18:20:44.804+0000] {processor.py:914} INFO - Processing file /opt/airflow/dags/main.py for tasks to queue
[2026-04-26T18:20:44.816+0000] {logging_mixin.py:190} INFO - [2026-04-26T18:20:44.815+0000] {dagbag.py:588} INFO - Filling up the DagBag from /opt/airflow/dags/main.py
[2026-04-26T18:20:44.887+0000] {logging_mixin.py:190} INFO - [2026-04-26T18:20:44.872+0000] {dagbag.py:387} ERROR - Failed to import: /opt/airflow/dags/main.py
Traceback (most recent call last):
  File "/home/airflow/.local/lib/python3.12/site-packages/airflow/models/dagbag.py", line 383, in parse
    loader.exec_module(new_module)
  File "<frozen importlib._bootstrap_external>", line 999, in exec_module
  File "<frozen importlib._bootstrap>", line 488, in _call_with_frames_removed
  File "/opt/airflow/dags/main.py", line 21, in <module>
    from consumer import consume_orders
ModuleNotFoundError: No module named 'consumer'
[2026-04-26T18:20:44.892+0000] {processor.py:927} WARNING - No viable dags retrieved from /opt/airflow/dags/main.py
[2026-04-26T18:20:44.956+0000] {processor.py:208} INFO - Processing /opt/airflow/dags/main.py took 0.190 seconds
[2026-04-26T18:21:15.663+0000] {processor.py:186} INFO - Started process (PID=6381) to work on /opt/airflow/dags/main.py
[2026-04-26T18:21:15.665+0000] {processor.py:914} INFO - Processing file /opt/airflow/dags/main.py for tasks to queue
[2026-04-26T18:21:15.668+0000] {logging_mixin.py:190} INFO - [2026-04-26T18:21:15.668+0000] {dagbag.py:588} INFO - Filling up the DagBag from /opt/airflow/dags/main.py
[2026-04-26T18:21:15.707+0000] {logging_mixin.py:190} INFO - [2026-04-26T18:21:15.700+0000] {dagbag.py:387} ERROR - Failed to import: /opt/airflow/dags/main.py
Traceback (most recent call last):
  File "/home/airflow/.local/lib/python3.12/site-packages/airflow/models/dagbag.py", line 383, in parse
    loader.exec_module(new_module)
  File "<frozen importlib._bootstrap_external>", line 999, in exec_module
  File "<frozen importlib._bootstrap>", line 488, in _call_with_frames_removed
  File "/opt/airflow/dags/main.py", line 21, in <module>
    from consumer import consume_orders
ModuleNotFoundError: No module named 'consumer'
[2026-04-26T18:21:15.709+0000] {processor.py:927} WARNING - No viable dags retrieved from /opt/airflow/dags/main.py
[2026-04-26T18:21:15.736+0000] {processor.py:208} INFO - Processing /opt/airflow/dags/main.py took 0.084 seconds
[2026-04-26T18:21:46.366+0000] {processor.py:186} INFO - Started process (PID=6389) to work on /opt/airflow/dags/main.py
[2026-04-26T18:21:46.371+0000] {processor.py:914} INFO - Processing file /opt/airflow/dags/main.py for tasks to queue
[2026-04-26T18:21:46.385+0000] {logging_mixin.py:190} INFO - [2026-04-26T18:21:46.383+0000] {dagbag.py:588} INFO - Filling up the DagBag from /opt/airflow/dags/main.py
[2026-04-26T18:21:46.478+0000] {logging_mixin.py:190} INFO - [2026-04-26T18:21:46.459+0000] {dagbag.py:387} ERROR - Failed to import: /opt/airflow/dags/main.py
Traceback (most recent call last):
  File "/home/airflow/.local/lib/python3.12/site-packages/airflow/models/dagbag.py", line 383, in parse
    loader.exec_module(new_module)
  File "<frozen importlib._bootstrap_external>", line 999, in exec_module
  File "<frozen importlib._bootstrap>", line 488, in _call_with_frames_removed
  File "/opt/airflow/dags/main.py", line 21, in <module>
    from consumer import consume_orders
ModuleNotFoundError: No module named 'consumer'
[2026-04-26T18:21:46.485+0000] {processor.py:927} WARNING - No viable dags retrieved from /opt/airflow/dags/main.py
[2026-04-26T18:21:46.574+0000] {processor.py:208} INFO - Processing /opt/airflow/dags/main.py took 0.247 seconds
[2026-04-26T18:22:16.853+0000] {processor.py:186} INFO - Started process (PID=6396) to work on /opt/airflow/dags/main.py
[2026-04-26T18:22:16.857+0000] {processor.py:914} INFO - Processing file /opt/airflow/dags/main.py for tasks to queue
[2026-04-26T18:22:16.868+0000] {logging_mixin.py:190} INFO - [2026-04-26T18:22:16.867+0000] {dagbag.py:588} INFO - Filling up the DagBag from /opt/airflow/dags/main.py
[2026-04-26T18:22:16.964+0000] {logging_mixin.py:190} INFO - [2026-04-26T18:22:16.942+0000] {dagbag.py:387} ERROR - Failed to import: /opt/airflow/dags/main.py
Traceback (most recent call last):
  File "/home/airflow/.local/lib/python3.12/site-packages/airflow/models/dagbag.py", line 383, in parse
    loader.exec_module(new_module)
  File "<frozen importlib._bootstrap_external>", line 999, in exec_module
  File "<frozen importlib._bootstrap>", line 488, in _call_with_frames_removed
  File "/opt/airflow/dags/main.py", line 21, in <module>
    from consumer import consume_orders
ModuleNotFoundError: No module named 'consumer'
[2026-04-26T18:22:16.971+0000] {processor.py:927} WARNING - No viable dags retrieved from /opt/airflow/dags/main.py
[2026-04-26T18:22:17.067+0000] {processor.py:208} INFO - Processing /opt/airflow/dags/main.py took 0.245 seconds
[2026-04-26T18:22:50.543+0000] {processor.py:186} INFO - Started process (PID=6403) to work on /opt/airflow/dags/main.py
[2026-04-26T18:22:50.548+0000] {processor.py:914} INFO - Processing file /opt/airflow/dags/main.py for tasks to queue
[2026-04-26T18:22:50.569+0000] {logging_mixin.py:190} INFO - [2026-04-26T18:22:50.567+0000] {dagbag.py:588} INFO - Filling up the DagBag from /opt/airflow/dags/main.py
[2026-04-26T18:22:50.661+0000] {logging_mixin.py:190} INFO - [2026-04-26T18:22:50.641+0000] {dagbag.py:387} ERROR - Failed to import: /opt/airflow/dags/main.py
Traceback (most recent call last):
  File "/home/airflow/.local/lib/python3.12/site-packages/airflow/models/dagbag.py", line 383, in parse
    loader.exec_module(new_module)
  File "<frozen importlib._bootstrap_external>", line 999, in exec_module
  File "<frozen importlib._bootstrap>", line 488, in _call_with_frames_removed
  File "/opt/airflow/dags/main.py", line 21, in <module>
    from consumer import consume_orders
ModuleNotFoundError: No module named 'consumer'
[2026-04-26T18:22:50.667+0000] {processor.py:927} WARNING - No viable dags retrieved from /opt/airflow/dags/main.py
[2026-04-26T18:22:50.756+0000] {processor.py:208} INFO - Processing /opt/airflow/dags/main.py took 0.254 seconds
[2026-04-26T18:23:20.988+0000] {processor.py:186} INFO - Started process (PID=6410) to work on /opt/airflow/dags/main.py
[2026-04-26T18:23:20.990+0000] {processor.py:914} INFO - Processing file /opt/airflow/dags/main.py for tasks to queue
[2026-04-26T18:23:20.996+0000] {logging_mixin.py:190} INFO - [2026-04-26T18:23:20.996+0000] {dagbag.py:588} INFO - Filling up the DagBag from /opt/airflow/dags/main.py
[2026-04-26T18:23:21.053+0000] {logging_mixin.py:190} INFO - [2026-04-26T18:23:21.041+0000] {dagbag.py:387} ERROR - Failed to import: /opt/airflow/dags/main.py
Traceback (most recent call last):
  File "/home/airflow/.local/lib/python3.12/site-packages/airflow/models/dagbag.py", line 383, in parse
    loader.exec_module(new_module)
  File "<frozen importlib._bootstrap_external>", line 999, in exec_module
  File "<frozen importlib._bootstrap>", line 488, in _call_with_frames_removed
  File "/opt/airflow/dags/main.py", line 21, in <module>
    from consumer import consume_orders
ModuleNotFoundError: No module named 'consumer'
[2026-04-26T18:23:21.057+0000] {processor.py:927} WARNING - No viable dags retrieved from /opt/airflow/dags/main.py
[2026-04-26T18:23:21.109+0000] {processor.py:208} INFO - Processing /opt/airflow/dags/main.py took 0.140 seconds
[2026-04-26T18:23:52.179+0000] {processor.py:186} INFO - Started process (PID=6417) to work on /opt/airflow/dags/main.py
[2026-04-26T18:23:52.182+0000] {processor.py:914} INFO - Processing file /opt/airflow/dags/main.py for tasks to queue
[2026-04-26T18:23:52.194+0000] {logging_mixin.py:190} INFO - [2026-04-26T18:23:52.192+0000] {dagbag.py:588} INFO - Filling up the DagBag from /opt/airflow/dags/main.py
[2026-04-26T18:23:53.690+0000] {logging_mixin.py:190} INFO - [2026-04-26T18:23:52.229+0000] {dagbag.py:387} ERROR - Failed to import: /opt/airflow/dags/main.py
Traceback (most recent call last):
  File "/home/airflow/.local/lib/python3.12/site-packages/airflow/models/dagbag.py", line 383, in parse
    loader.exec_module(new_module)
  File "<frozen importlib._bootstrap_external>", line 999, in exec_module
  File "<frozen importlib._bootstrap>", line 488, in _call_with_frames_removed
  File "/opt/airflow/dags/main.py", line 21, in <module>
    from consumer import consume_orders
ModuleNotFoundError: No module named 'consumer'
[2026-04-26T18:23:53.694+0000] {processor.py:927} WARNING - No viable dags retrieved from /opt/airflow/dags/main.py
[2026-04-26T18:23:53.739+0000] {processor.py:208} INFO - Processing /opt/airflow/dags/main.py took 0.129 seconds
[2026-04-26T18:24:24.287+0000] {processor.py:186} INFO - Started process (PID=6424) to work on /opt/airflow/dags/main.py
[2026-04-26T18:24:24.289+0000] {processor.py:914} INFO - Processing file /opt/airflow/dags/main.py for tasks to queue
[2026-04-26T18:24:24.293+0000] {logging_mixin.py:190} INFO - [2026-04-26T18:24:24.292+0000] {dagbag.py:588} INFO - Filling up the DagBag from /opt/airflow/dags/main.py
[2026-04-26T18:24:24.329+0000] {logging_mixin.py:190} INFO - [2026-04-26T18:24:24.322+0000] {dagbag.py:387} ERROR - Failed to import: /opt/airflow/dags/main.py
Traceback (most recent call last):
  File "/home/airflow/.local/lib/python3.12/site-packages/airflow/models/dagbag.py", line 383, in parse
    loader.exec_module(new_module)
  File "<frozen importlib._bootstrap_external>", line 999, in exec_module
  File "<frozen importlib._bootstrap>", line 488, in _call_with_frames_removed
  File "/opt/airflow/dags/main.py", line 21, in <module>
    from consumer import consume_orders
ModuleNotFoundError: No module named 'consumer'
[2026-04-26T18:24:24.332+0000] {processor.py:927} WARNING - No viable dags retrieved from /opt/airflow/dags/main.py
[2026-04-26T18:24:24.370+0000] {processor.py:208} INFO - Processing /opt/airflow/dags/main.py took 0.096 seconds
[2026-04-26T18:24:55.110+0000] {processor.py:186} INFO - Started process (PID=6431) to work on /opt/airflow/dags/main.py
[2026-04-26T18:24:55.115+0000] {processor.py:914} INFO - Processing file /opt/airflow/dags/main.py for tasks to queue
[2026-04-26T18:24:55.131+0000] {logging_mixin.py:190} INFO - [2026-04-26T18:24:55.129+0000] {dagbag.py:588} INFO - Filling up the DagBag from /opt/airflow/dags/main.py
[2026-04-26T18:24:55.236+0000] {logging_mixin.py:190} INFO - [2026-04-26T18:24:55.214+0000] {dagbag.py:387} ERROR - Failed to import: /opt/airflow/dags/main.py
Traceback (most recent call last):
  File "/home/airflow/.local/lib/python3.12/site-packages/airflow/models/dagbag.py", line 383, in parse
    loader.exec_module(new_module)
  File "<frozen importlib._bootstrap_external>", line 999, in exec_module
  File "<frozen importlib._bootstrap>", line 488, in _call_with_frames_removed
  File "/opt/airflow/dags/main.py", line 21, in <module>
    from consumer import consume_orders
ModuleNotFoundError: No module named 'consumer'
[2026-04-26T18:24:55.247+0000] {processor.py:927} WARNING - No viable dags retrieved from /opt/airflow/dags/main.py
[2026-04-26T18:24:55.346+0000] {processor.py:208} INFO - Processing /opt/airflow/dags/main.py took 0.273 seconds
[2026-04-26T18:25:25.942+0000] {processor.py:186} INFO - Started process (PID=6439) to work on /opt/airflow/dags/main.py
[2026-04-26T18:25:25.945+0000] {processor.py:914} INFO - Processing file /opt/airflow/dags/main.py for tasks to queue
[2026-04-26T18:25:25.952+0000] {logging_mixin.py:190} INFO - [2026-04-26T18:25:25.952+0000] {dagbag.py:588} INFO - Filling up the DagBag from /opt/airflow/dags/main.py
[2026-04-26T18:25:25.997+0000] {logging_mixin.py:190} INFO - [2026-04-26T18:25:25.984+0000] {dagbag.py:387} ERROR - Failed to import: /opt/airflow/dags/main.py
Traceback (most recent call last):
  File "/home/airflow/.local/lib/python3.12/site-packages/airflow/models/dagbag.py", line 383, in parse
    loader.exec_module(new_module)
  File "<frozen importlib._bootstrap_external>", line 999, in exec_module
  File "<frozen importlib._bootstrap>", line 488, in _call_with_frames_removed
  File "/opt/airflow/dags/main.py", line 21, in <module>
    from consumer import consume_orders
ModuleNotFoundError: No module named 'consumer'
[2026-04-26T18:25:26.000+0000] {processor.py:927} WARNING - No viable dags retrieved from /opt/airflow/dags/main.py
[2026-04-26T18:25:26.044+0000] {processor.py:208} INFO - Processing /opt/airflow/dags/main.py took 0.128 seconds
[2026-04-26T18:25:56.680+0000] {processor.py:186} INFO - Started process (PID=6446) to work on /opt/airflow/dags/main.py
[2026-04-26T18:25:56.684+0000] {processor.py:914} INFO - Processing file /opt/airflow/dags/main.py for tasks to queue
[2026-04-26T18:25:56.697+0000] {logging_mixin.py:190} INFO - [2026-04-26T18:25:56.696+0000] {dagbag.py:588} INFO - Filling up the DagBag from /opt/airflow/dags/main.py
[2026-04-26T18:25:56.787+0000] {logging_mixin.py:190} INFO - [2026-04-26T18:25:56.768+0000] {dagbag.py:387} ERROR - Failed to import: /opt/airflow/dags/main.py
Traceback (most recent call last):
  File "/home/airflow/.local/lib/python3.12/site-packages/airflow/models/dagbag.py", line 383, in parse
    loader.exec_module(new_module)
  File "<frozen importlib._bootstrap_external>", line 999, in exec_module
  File "<frozen importlib._bootstrap>", line 488, in _call_with_frames_removed
  File "/opt/airflow/dags/main.py", line 21, in <module>
    from consumer import consume_orders
ModuleNotFoundError: No module named 'consumer'
[2026-04-26T18:25:56.794+0000] {processor.py:927} WARNING - No viable dags retrieved from /opt/airflow/dags/main.py
[2026-04-26T18:25:56.877+0000] {processor.py:208} INFO - Processing /opt/airflow/dags/main.py took 0.227 seconds
[2026-04-26T18:26:27.391+0000] {processor.py:186} INFO - Started process (PID=6453) to work on /opt/airflow/dags/main.py
[2026-04-26T18:26:27.393+0000] {processor.py:914} INFO - Processing file /opt/airflow/dags/main.py for tasks to queue
[2026-04-26T18:26:27.398+0000] {logging_mixin.py:190} INFO - [2026-04-26T18:26:27.398+0000] {dagbag.py:588} INFO - Filling up the DagBag from /opt/airflow/dags/main.py
[2026-04-26T18:26:27.434+0000] {logging_mixin.py:190} INFO - [2026-04-26T18:26:27.427+0000] {dagbag.py:387} ERROR - Failed to import: /opt/airflow/dags/main.py
Traceback (most recent call last):
  File "/home/airflow/.local/lib/python3.12/site-packages/airflow/models/dagbag.py", line 383, in parse
    loader.exec_module(new_module)
  File "<frozen importlib._bootstrap_external>", line 999, in exec_module
  File "<frozen importlib._bootstrap>", line 488, in _call_with_frames_removed
  File "/opt/airflow/dags/main.py", line 21, in <module>
    from consumer import consume_orders
ModuleNotFoundError: No module named 'consumer'
[2026-04-26T18:26:27.437+0000] {processor.py:927} WARNING - No viable dags retrieved from /opt/airflow/dags/main.py
[2026-04-26T18:26:27.468+0000] {processor.py:208} INFO - Processing /opt/airflow/dags/main.py took 0.087 seconds
[2026-04-26T18:26:58.306+0000] {processor.py:186} INFO - Started process (PID=6460) to work on /opt/airflow/dags/main.py
[2026-04-26T18:26:58.313+0000] {processor.py:914} INFO - Processing file /opt/airflow/dags/main.py for tasks to queue
[2026-04-26T18:26:58.327+0000] {logging_mixin.py:190} INFO - [2026-04-26T18:26:58.326+0000] {dagbag.py:588} INFO - Filling up the DagBag from /opt/airflow/dags/main.py
[2026-04-26T18:26:58.424+0000] {logging_mixin.py:190} INFO - [2026-04-26T18:26:58.404+0000] {dagbag.py:387} ERROR - Failed to import: /opt/airflow/dags/main.py
Traceback (most recent call last):
  File "/home/airflow/.local/lib/python3.12/site-packages/airflow/models/dagbag.py", line 383, in parse
    loader.exec_module(new_module)
  File "<frozen importlib._bootstrap_external>", line 999, in exec_module
  File "<frozen importlib._bootstrap>", line 488, in _call_with_frames_removed
  File "/opt/airflow/dags/main.py", line 21, in <module>
    from consumer import consume_orders
ModuleNotFoundError: No module named 'consumer'
[2026-04-26T18:26:58.431+0000] {processor.py:927} WARNING - No viable dags retrieved from /opt/airflow/dags/main.py
[2026-04-26T18:26:58.516+0000] {processor.py:208} INFO - Processing /opt/airflow/dags/main.py took 0.245 seconds
[2026-04-26T18:27:29.423+0000] {processor.py:186} INFO - Started process (PID=6467) to work on /opt/airflow/dags/main.py
[2026-04-26T18:27:29.425+0000] {processor.py:914} INFO - Processing file /opt/airflow/dags/main.py for tasks to queue
[2026-04-26T18:27:29.431+0000] {logging_mixin.py:190} INFO - [2026-04-26T18:27:29.431+0000] {dagbag.py:588} INFO - Filling up the DagBag from /opt/airflow/dags/main.py
[2026-04-26T18:27:29.458+0000] {logging_mixin.py:190} INFO - [2026-04-26T18:27:29.451+0000] {dagbag.py:387} ERROR - Failed to import: /opt/airflow/dags/main.py
Traceback (most recent call last):
  File "/home/airflow/.local/lib/python3.12/site-packages/airflow/models/dagbag.py", line 383, in parse
    loader.exec_module(new_module)
  File "<frozen importlib._bootstrap_external>", line 999, in exec_module
  File "<frozen importlib._bootstrap>", line 488, in _call_with_frames_removed
  File "/opt/airflow/dags/main.py", line 21, in <module>
    from consumer import consume_orders
ModuleNotFoundError: No module named 'consumer'
[2026-04-26T18:27:29.460+0000] {processor.py:927} WARNING - No viable dags retrieved from /opt/airflow/dags/main.py
[2026-04-26T18:27:29.494+0000] {processor.py:208} INFO - Processing /opt/airflow/dags/main.py took 0.088 seconds
[2026-04-26T18:27:59.815+0000] {processor.py:186} INFO - Started process (PID=6474) to work on /opt/airflow/dags/main.py
[2026-04-26T18:27:59.820+0000] {processor.py:914} INFO - Processing file /opt/airflow/dags/main.py for tasks to queue
[2026-04-26T18:27:59.834+0000] {logging_mixin.py:190} INFO - [2026-04-26T18:27:59.829+0000] {dagbag.py:588} INFO - Filling up the DagBag from /opt/airflow/dags/main.py
[2026-04-26T18:27:59.928+0000] {logging_mixin.py:190} INFO - [2026-04-26T18:27:59.911+0000] {dagbag.py:387} ERROR - Failed to import: /opt/airflow/dags/main.py
Traceback (most recent call last):
  File "/home/airflow/.local/lib/python3.12/site-packages/airflow/models/dagbag.py", line 383, in parse
    loader.exec_module(new_module)
  File "<frozen importlib._bootstrap_external>", line 999, in exec_module
  File "<frozen importlib._bootstrap>", line 488, in _call_with_frames_removed
  File "/opt/airflow/dags/main.py", line 21, in <module>
    from consumer import consume_orders
ModuleNotFoundError: No module named 'consumer'
[2026-04-26T18:27:59.933+0000] {processor.py:927} WARNING - No viable dags retrieved from /opt/airflow/dags/main.py
[2026-04-26T18:27:59.978+0000] {processor.py:208} INFO - Processing /opt/airflow/dags/main.py took 0.193 seconds
[2026-04-26T18:28:30.491+0000] {processor.py:186} INFO - Started process (PID=6481) to work on /opt/airflow/dags/main.py
[2026-04-26T18:28:30.494+0000] {processor.py:914} INFO - Processing file /opt/airflow/dags/main.py for tasks to queue
[2026-04-26T18:28:30.500+0000] {logging_mixin.py:190} INFO - [2026-04-26T18:28:30.499+0000] {dagbag.py:588} INFO - Filling up the DagBag from /opt/airflow/dags/main.py
[2026-04-26T18:28:30.533+0000] {logging_mixin.py:190} INFO - [2026-04-26T18:28:30.526+0000] {dagbag.py:387} ERROR - Failed to import: /opt/airflow/dags/main.py
Traceback (most recent call last):
  File "/home/airflow/.local/lib/python3.12/site-packages/airflow/models/dagbag.py", line 383, in parse
    loader.exec_module(new_module)
  File "<frozen importlib._bootstrap_external>", line 999, in exec_module
  File "<frozen importlib._bootstrap>", line 488, in _call_with_frames_removed
  File "/opt/airflow/dags/main.py", line 21, in <module>
    from consumer import consume_orders
ModuleNotFoundError: No module named 'consumer'
[2026-04-26T18:28:30.536+0000] {processor.py:927} WARNING - No viable dags retrieved from /opt/airflow/dags/main.py
[2026-04-26T18:28:30.573+0000] {processor.py:208} INFO - Processing /opt/airflow/dags/main.py took 0.100 seconds
[2026-04-26T18:29:01.252+0000] {processor.py:186} INFO - Started process (PID=6482) to work on /opt/airflow/dags/main.py
[2026-04-26T18:29:01.258+0000] {processor.py:914} INFO - Processing file /opt/airflow/dags/main.py for tasks to queue
[2026-04-26T18:29:01.272+0000] {logging_mixin.py:190} INFO - [2026-04-26T18:29:01.270+0000] {dagbag.py:588} INFO - Filling up the DagBag from /opt/airflow/dags/main.py
[2026-04-26T18:29:01.385+0000] {logging_mixin.py:190} INFO - [2026-04-26T18:29:01.364+0000] {dagbag.py:387} ERROR - Failed to import: /opt/airflow/dags/main.py
Traceback (most recent call last):
  File "/home/airflow/.local/lib/python3.12/site-packages/airflow/models/dagbag.py", line 383, in parse
    loader.exec_module(new_module)
  File "<frozen importlib._bootstrap_external>", line 999, in exec_module
  File "<frozen importlib._bootstrap>", line 488, in _call_with_frames_removed
  File "/opt/airflow/dags/main.py", line 21, in <module>
    from consumer import consume_orders
ModuleNotFoundError: No module named 'consumer'
[2026-04-26T18:29:01.392+0000] {processor.py:927} WARNING - No viable dags retrieved from /opt/airflow/dags/main.py
[2026-04-26T18:29:01.479+0000] {processor.py:208} INFO - Processing /opt/airflow/dags/main.py took 0.261 seconds
[2026-04-26T18:29:31.955+0000] {processor.py:186} INFO - Started process (PID=6490) to work on /opt/airflow/dags/main.py
[2026-04-26T18:29:31.960+0000] {processor.py:914} INFO - Processing file /opt/airflow/dags/main.py for tasks to queue
[2026-04-26T18:29:31.971+0000] {logging_mixin.py:190} INFO - [2026-04-26T18:29:31.969+0000] {dagbag.py:588} INFO - Filling up the DagBag from /opt/airflow/dags/main.py
[2026-04-26T18:29:32.062+0000] {logging_mixin.py:190} INFO - [2026-04-26T18:29:32.044+0000] {dagbag.py:387} ERROR - Failed to import: /opt/airflow/dags/main.py
Traceback (most recent call last):
  File "/home/airflow/.local/lib/python3.12/site-packages/airflow/models/dagbag.py", line 383, in parse
    loader.exec_module(new_module)
  File "<frozen importlib._bootstrap_external>", line 999, in exec_module
  File "<frozen importlib._bootstrap>", line 488, in _call_with_frames_removed
  File "/opt/airflow/dags/main.py", line 21, in <module>
    from consumer import consume_orders
ModuleNotFoundError: No module named 'consumer'
[2026-04-26T18:29:32.069+0000] {processor.py:927} WARNING - No viable dags retrieved from /opt/airflow/dags/main.py
[2026-04-26T18:29:32.170+0000] {processor.py:208} INFO - Processing /opt/airflow/dags/main.py took 0.241 seconds
[2026-04-26T18:30:02.932+0000] {processor.py:186} INFO - Started process (PID=6497) to work on /opt/airflow/dags/main.py
[2026-04-26T18:30:02.936+0000] {processor.py:914} INFO - Processing file /opt/airflow/dags/main.py for tasks to queue
[2026-04-26T18:30:02.949+0000] {logging_mixin.py:190} INFO - [2026-04-26T18:30:02.947+0000] {dagbag.py:588} INFO - Filling up the DagBag from /opt/airflow/dags/main.py
[2026-04-26T18:30:03.045+0000] {logging_mixin.py:190} INFO - [2026-04-26T18:30:03.025+0000] {dagbag.py:387} ERROR - Failed to import: /opt/airflow/dags/main.py
Traceback (most recent call last):
  File "/home/airflow/.local/lib/python3.12/site-packages/airflow/models/dagbag.py", line 383, in parse
    loader.exec_module(new_module)
  File "<frozen importlib._bootstrap_external>", line 999, in exec_module
  File "<frozen importlib._bootstrap>", line 488, in _call_with_frames_removed
  File "/opt/airflow/dags/main.py", line 21, in <module>
    from consumer import consume_orders
ModuleNotFoundError: No module named 'consumer'
[2026-04-26T18:30:03.052+0000] {processor.py:927} WARNING - No viable dags retrieved from /opt/airflow/dags/main.py
[2026-04-26T18:30:03.136+0000] {processor.py:208} INFO - Processing /opt/airflow/dags/main.py took 0.232 seconds
[2026-04-26T18:30:33.473+0000] {processor.py:186} INFO - Started process (PID=6504) to work on /opt/airflow/dags/main.py
[2026-04-26T18:30:33.476+0000] {processor.py:914} INFO - Processing file /opt/airflow/dags/main.py for tasks to queue
[2026-04-26T18:30:33.485+0000] {logging_mixin.py:190} INFO - [2026-04-26T18:30:33.484+0000] {dagbag.py:588} INFO - Filling up the DagBag from /opt/airflow/dags/main.py
[2026-04-26T18:30:33.542+0000] {logging_mixin.py:190} INFO - [2026-04-26T18:30:33.530+0000] {dagbag.py:387} ERROR - Failed to import: /opt/airflow/dags/main.py
Traceback (most recent call last):
  File "/home/airflow/.local/lib/python3.12/site-packages/airflow/models/dagbag.py", line 383, in parse
    loader.exec_module(new_module)
  File "<frozen importlib._bootstrap_external>", line 999, in exec_module
  File "<frozen importlib._bootstrap>", line 488, in _call_with_frames_removed
  File "/opt/airflow/dags/main.py", line 21, in <module>
    from consumer import consume_orders
ModuleNotFoundError: No module named 'consumer'
[2026-04-26T18:30:33.547+0000] {processor.py:927} WARNING - No viable dags retrieved from /opt/airflow/dags/main.py
[2026-04-26T18:30:33.621+0000] {processor.py:208} INFO - Processing /opt/airflow/dags/main.py took 0.172 seconds
[2026-04-26T18:31:05.830+0000] {processor.py:186} INFO - Started process (PID=6511) to work on /opt/airflow/dags/main.py
[2026-04-26T18:31:05.836+0000] {processor.py:914} INFO - Processing file /opt/airflow/dags/main.py for tasks to queue
[2026-04-26T18:31:05.851+0000] {logging_mixin.py:190} INFO - [2026-04-26T18:31:05.849+0000] {dagbag.py:588} INFO - Filling up the DagBag from /opt/airflow/dags/main.py
[2026-04-26T18:31:05.958+0000] {logging_mixin.py:190} INFO - [2026-04-26T18:31:05.936+0000] {dagbag.py:387} ERROR - Failed to import: /opt/airflow/dags/main.py
Traceback (most recent call last):
  File "/home/airflow/.local/lib/python3.12/site-packages/airflow/models/dagbag.py", line 383, in parse
    loader.exec_module(new_module)
  File "<frozen importlib._bootstrap_external>", line 999, in exec_module
  File "<frozen importlib._bootstrap>", line 488, in _call_with_frames_removed
  File "/opt/airflow/dags/main.py", line 21, in <module>
    from consumer import consume_orders
ModuleNotFoundError: No module named 'consumer'
[2026-04-26T18:31:05.966+0000] {processor.py:927} WARNING - No viable dags retrieved from /opt/airflow/dags/main.py
[2026-04-26T18:31:06.063+0000] {processor.py:208} INFO - Processing /opt/airflow/dags/main.py took 0.268 seconds
[2026-04-26T18:31:38.120+0000] {processor.py:186} INFO - Started process (PID=6518) to work on /opt/airflow/dags/main.py
[2026-04-26T18:31:38.125+0000] {processor.py:914} INFO - Processing file /opt/airflow/dags/main.py for tasks to queue
[2026-04-26T18:31:38.138+0000] {logging_mixin.py:190} INFO - [2026-04-26T18:31:38.136+0000] {dagbag.py:588} INFO - Filling up the DagBag from /opt/airflow/dags/main.py
[2026-04-26T18:31:38.242+0000] {logging_mixin.py:190} INFO - [2026-04-26T18:31:38.220+0000] {dagbag.py:387} ERROR - Failed to import: /opt/airflow/dags/main.py
Traceback (most recent call last):
  File "/home/airflow/.local/lib/python3.12/site-packages/airflow/models/dagbag.py", line 383, in parse
    loader.exec_module(new_module)
  File "<frozen importlib._bootstrap_external>", line 999, in exec_module
  File "<frozen importlib._bootstrap>", line 488, in _call_with_frames_removed
  File "/opt/airflow/dags/main.py", line 21, in <module>
    from consumer import consume_orders
ModuleNotFoundError: No module named 'consumer'
[2026-04-26T18:31:38.249+0000] {processor.py:927} WARNING - No viable dags retrieved from /opt/airflow/dags/main.py
[2026-04-26T18:31:38.337+0000] {processor.py:208} INFO - Processing /opt/airflow/dags/main.py took 0.251 seconds
[2026-04-26T18:32:10.572+0000] {processor.py:186} INFO - Started process (PID=6525) to work on /opt/airflow/dags/main.py
[2026-04-26T18:32:10.576+0000] {processor.py:914} INFO - Processing file /opt/airflow/dags/main.py for tasks to queue
[2026-04-26T18:32:10.588+0000] {logging_mixin.py:190} INFO - [2026-04-26T18:32:10.586+0000] {dagbag.py:588} INFO - Filling up the DagBag from /opt/airflow/dags/main.py
[2026-04-26T18:32:10.681+0000] {logging_mixin.py:190} INFO - [2026-04-26T18:32:10.662+0000] {dagbag.py:387} ERROR - Failed to import: /opt/airflow/dags/main.py
Traceback (most recent call last):
  File "/home/airflow/.local/lib/python3.12/site-packages/airflow/models/dagbag.py", line 383, in parse
    loader.exec_module(new_module)
  File "<frozen importlib._bootstrap_external>", line 999, in exec_module
  File "<frozen importlib._bootstrap>", line 488, in _call_with_frames_removed
  File "/opt/airflow/dags/main.py", line 21, in <module>
    from consumer import consume_orders
ModuleNotFoundError: No module named 'consumer'
[2026-04-26T18:32:10.689+0000] {processor.py:927} WARNING - No viable dags retrieved from /opt/airflow/dags/main.py
[2026-04-26T18:32:10.827+0000] {processor.py:208} INFO - Processing /opt/airflow/dags/main.py took 0.285 seconds
[2026-04-26T18:32:43.280+0000] {processor.py:186} INFO - Started process (PID=6532) to work on /opt/airflow/dags/main.py
[2026-04-26T18:32:43.286+0000] {processor.py:914} INFO - Processing file /opt/airflow/dags/main.py for tasks to queue
[2026-04-26T18:32:43.297+0000] {logging_mixin.py:190} INFO - [2026-04-26T18:32:43.296+0000] {dagbag.py:588} INFO - Filling up the DagBag from /opt/airflow/dags/main.py
[2026-04-26T18:32:43.394+0000] {logging_mixin.py:190} INFO - [2026-04-26T18:32:43.371+0000] {dagbag.py:387} ERROR - Failed to import: /opt/airflow/dags/main.py
Traceback (most recent call last):
  File "/home/airflow/.local/lib/python3.12/site-packages/airflow/models/dagbag.py", line 383, in parse
    loader.exec_module(new_module)
  File "<frozen importlib._bootstrap_external>", line 999, in exec_module
  File "<frozen importlib._bootstrap>", line 488, in _call_with_frames_removed
  File "/opt/airflow/dags/main.py", line 21, in <module>
    from consumer import consume_orders
ModuleNotFoundError: No module named 'consumer'
[2026-04-26T18:32:43.401+0000] {processor.py:927} WARNING - No viable dags retrieved from /opt/airflow/dags/main.py
[2026-04-26T18:32:43.488+0000] {processor.py:208} INFO - Processing /opt/airflow/dags/main.py took 0.233 seconds
[2026-04-26T18:33:15.111+0000] {processor.py:186} INFO - Started process (PID=6539) to work on /opt/airflow/dags/main.py
[2026-04-26T18:33:15.114+0000] {processor.py:914} INFO - Processing file /opt/airflow/dags/main.py for tasks to queue
[2026-04-26T18:33:15.121+0000] {logging_mixin.py:190} INFO - [2026-04-26T18:33:15.120+0000] {dagbag.py:588} INFO - Filling up the DagBag from /opt/airflow/dags/main.py
[2026-04-26T18:33:15.154+0000] {logging_mixin.py:190} INFO - [2026-04-26T18:33:15.147+0000] {dagbag.py:387} ERROR - Failed to import: /opt/airflow/dags/main.py
Traceback (most recent call last):
  File "/home/airflow/.local/lib/python3.12/site-packages/airflow/models/dagbag.py", line 383, in parse
    loader.exec_module(new_module)
  File "<frozen importlib._bootstrap_external>", line 999, in exec_module
  File "<frozen importlib._bootstrap>", line 488, in _call_with_frames_removed
  File "/opt/airflow/dags/main.py", line 21, in <module>
    from consumer import consume_orders
ModuleNotFoundError: No module named 'consumer'
[2026-04-26T18:33:15.157+0000] {processor.py:927} WARNING - No viable dags retrieved from /opt/airflow/dags/main.py
[2026-04-26T18:33:15.201+0000] {processor.py:208} INFO - Processing /opt/airflow/dags/main.py took 0.117 seconds
[2026-04-26T18:33:47.100+0000] {processor.py:186} INFO - Started process (PID=6546) to work on /opt/airflow/dags/main.py
[2026-04-26T18:33:47.103+0000] {processor.py:914} INFO - Processing file /opt/airflow/dags/main.py for tasks to queue
[2026-04-26T18:33:47.110+0000] {logging_mixin.py:190} INFO - [2026-04-26T18:33:47.109+0000] {dagbag.py:588} INFO - Filling up the DagBag from /opt/airflow/dags/main.py
[2026-04-26T18:33:47.177+0000] {logging_mixin.py:190} INFO - [2026-04-26T18:33:47.162+0000] {dagbag.py:387} ERROR - Failed to import: /opt/airflow/dags/main.py
Traceback (most recent call last):
  File "/home/airflow/.local/lib/python3.12/site-packages/airflow/models/dagbag.py", line 383, in parse
    loader.exec_module(new_module)
  File "<frozen importlib._bootstrap_external>", line 999, in exec_module
  File "<frozen importlib._bootstrap>", line 488, in _call_with_frames_removed
  File "/opt/airflow/dags/main.py", line 21, in <module>
    from consumer import consume_orders
ModuleNotFoundError: No module named 'consumer'
[2026-04-26T18:33:47.182+0000] {processor.py:927} WARNING - No viable dags retrieved from /opt/airflow/dags/main.py
[2026-04-26T18:33:47.234+0000] {processor.py:208} INFO - Processing /opt/airflow/dags/main.py took 0.150 seconds
[2026-04-26T18:34:17.703+0000] {processor.py:186} INFO - Started process (PID=6553) to work on /opt/airflow/dags/main.py
[2026-04-26T18:34:17.708+0000] {processor.py:914} INFO - Processing file /opt/airflow/dags/main.py for tasks to queue
[2026-04-26T18:34:17.724+0000] {logging_mixin.py:190} INFO - [2026-04-26T18:34:17.722+0000] {dagbag.py:588} INFO - Filling up the DagBag from /opt/airflow/dags/main.py
[2026-04-26T18:34:17.832+0000] {logging_mixin.py:190} INFO - [2026-04-26T18:34:17.808+0000] {dagbag.py:387} ERROR - Failed to import: /opt/airflow/dags/main.py
Traceback (most recent call last):
  File "/home/airflow/.local/lib/python3.12/site-packages/airflow/models/dagbag.py", line 383, in parse
    loader.exec_module(new_module)
  File "<frozen importlib._bootstrap_external>", line 999, in exec_module
  File "<frozen importlib._bootstrap>", line 488, in _call_with_frames_removed
  File "/opt/airflow/dags/main.py", line 21, in <module>
    from consumer import consume_orders
ModuleNotFoundError: No module named 'consumer'
[2026-04-26T18:34:17.842+0000] {processor.py:927} WARNING - No viable dags retrieved from /opt/airflow/dags/main.py
[2026-04-26T18:34:17.909+0000] {processor.py:208} INFO - Processing /opt/airflow/dags/main.py took 0.246 seconds
[2026-04-26T18:34:48.331+0000] {processor.py:186} INFO - Started process (PID=6560) to work on /opt/airflow/dags/main.py
[2026-04-26T18:34:48.336+0000] {processor.py:914} INFO - Processing file /opt/airflow/dags/main.py for tasks to queue
[2026-04-26T18:34:48.350+0000] {logging_mixin.py:190} INFO - [2026-04-26T18:34:48.346+0000] {dagbag.py:588} INFO - Filling up the DagBag from /opt/airflow/dags/main.py
[2026-04-26T18:34:48.451+0000] {logging_mixin.py:190} INFO - [2026-04-26T18:34:48.427+0000] {dagbag.py:387} ERROR - Failed to import: /opt/airflow/dags/main.py
Traceback (most recent call last):
  File "/home/airflow/.local/lib/python3.12/site-packages/airflow/models/dagbag.py", line 383, in parse
    loader.exec_module(new_module)
  File "<frozen importlib._bootstrap_external>", line 999, in exec_module
  File "<frozen importlib._bootstrap>", line 488, in _call_with_frames_removed
  File "/opt/airflow/dags/main.py", line 21, in <module>
    from consumer import consume_orders
ModuleNotFoundError: No module named 'consumer'
[2026-04-26T18:34:48.460+0000] {processor.py:927} WARNING - No viable dags retrieved from /opt/airflow/dags/main.py
[2026-04-26T18:34:48.567+0000] {processor.py:208} INFO - Processing /opt/airflow/dags/main.py took 0.264 seconds
[2026-04-26T18:35:18.855+0000] {processor.py:186} INFO - Started process (PID=6567) to work on /opt/airflow/dags/main.py
[2026-04-26T18:35:18.859+0000] {processor.py:914} INFO - Processing file /opt/airflow/dags/main.py for tasks to queue
[2026-04-26T18:35:18.872+0000] {logging_mixin.py:190} INFO - [2026-04-26T18:35:18.871+0000] {dagbag.py:588} INFO - Filling up the DagBag from /opt/airflow/dags/main.py
[2026-04-26T18:35:18.965+0000] {logging_mixin.py:190} INFO - [2026-04-26T18:35:18.946+0000] {dagbag.py:387} ERROR - Failed to import: /opt/airflow/dags/main.py
Traceback (most recent call last):
  File "/home/airflow/.local/lib/python3.12/site-packages/airflow/models/dagbag.py", line 383, in parse
    loader.exec_module(new_module)
  File "<frozen importlib._bootstrap_external>", line 999, in exec_module
  File "<frozen importlib._bootstrap>", line 488, in _call_with_frames_removed
  File "/opt/airflow/dags/main.py", line 21, in <module>
    from consumer import consume_orders
ModuleNotFoundError: No module named 'consumer'
[2026-04-26T18:35:18.972+0000] {processor.py:927} WARNING - No viable dags retrieved from /opt/airflow/dags/main.py
[2026-04-26T18:35:19.068+0000] {processor.py:208} INFO - Processing /opt/airflow/dags/main.py took 0.241 seconds
[2026-04-26T18:35:49.333+0000] {processor.py:186} INFO - Started process (PID=6574) to work on /opt/airflow/dags/main.py
[2026-04-26T18:35:49.338+0000] {processor.py:914} INFO - Processing file /opt/airflow/dags/main.py for tasks to queue
[2026-04-26T18:35:49.354+0000] {logging_mixin.py:190} INFO - [2026-04-26T18:35:49.352+0000] {dagbag.py:588} INFO - Filling up the DagBag from /opt/airflow/dags/main.py
[2026-04-26T18:35:49.458+0000] {logging_mixin.py:190} INFO - [2026-04-26T18:35:49.436+0000] {dagbag.py:387} ERROR - Failed to import: /opt/airflow/dags/main.py
Traceback (most recent call last):
  File "/home/airflow/.local/lib/python3.12/site-packages/airflow/models/dagbag.py", line 383, in parse
    loader.exec_module(new_module)
  File "<frozen importlib._bootstrap_external>", line 999, in exec_module
  File "<frozen importlib._bootstrap>", line 488, in _call_with_frames_removed
  File "/opt/airflow/dags/main.py", line 21, in <module>
    from consumer import consume_orders
ModuleNotFoundError: No module named 'consumer'
[2026-04-26T18:35:49.467+0000] {processor.py:927} WARNING - No viable dags retrieved from /opt/airflow/dags/main.py
[2026-04-26T18:35:49.574+0000] {processor.py:208} INFO - Processing /opt/airflow/dags/main.py took 0.274 seconds
[2026-04-26T18:36:19.999+0000] {processor.py:186} INFO - Started process (PID=6580) to work on /opt/airflow/dags/main.py
[2026-04-26T18:36:20.002+0000] {processor.py:914} INFO - Processing file /opt/airflow/dags/main.py for tasks to queue
[2026-04-26T18:36:20.012+0000] {logging_mixin.py:190} INFO - [2026-04-26T18:36:20.011+0000] {dagbag.py:588} INFO - Filling up the DagBag from /opt/airflow/dags/main.py
[2026-04-26T18:36:20.068+0000] {logging_mixin.py:190} INFO - [2026-04-26T18:36:20.057+0000] {dagbag.py:387} ERROR - Failed to import: /opt/airflow/dags/main.py
Traceback (most recent call last):
  File "/home/airflow/.local/lib/python3.12/site-packages/airflow/models/dagbag.py", line 383, in parse
    loader.exec_module(new_module)
  File "<frozen importlib._bootstrap_external>", line 999, in exec_module
  File "<frozen importlib._bootstrap>", line 488, in _call_with_frames_removed
  File "/opt/airflow/dags/main.py", line 21, in <module>
    from consumer import consume_orders
ModuleNotFoundError: No module named 'consumer'
[2026-04-26T18:36:20.073+0000] {processor.py:927} WARNING - No viable dags retrieved from /opt/airflow/dags/main.py
[2026-04-26T18:36:20.159+0000] {processor.py:208} INFO - Processing /opt/airflow/dags/main.py took 0.176 seconds
[2026-04-26T18:36:50.631+0000] {processor.py:186} INFO - Started process (PID=6588) to work on /opt/airflow/dags/main.py
[2026-04-26T18:36:50.636+0000] {processor.py:914} INFO - Processing file /opt/airflow/dags/main.py for tasks to queue
[2026-04-26T18:36:50.656+0000] {logging_mixin.py:190} INFO - [2026-04-26T18:36:50.654+0000] {dagbag.py:588} INFO - Filling up the DagBag from /opt/airflow/dags/main.py
[2026-04-26T18:36:50.756+0000] {logging_mixin.py:190} INFO - [2026-04-26T18:36:50.737+0000] {dagbag.py:387} ERROR - Failed to import: /opt/airflow/dags/main.py
Traceback (most recent call last):
  File "/home/airflow/.local/lib/python3.12/site-packages/airflow/models/dagbag.py", line 383, in parse
    loader.exec_module(new_module)
  File "<frozen importlib._bootstrap_external>", line 999, in exec_module
  File "<frozen importlib._bootstrap>", line 488, in _call_with_frames_removed
  File "/opt/airflow/dags/main.py", line 21, in <module>
    from consumer import consume_orders
ModuleNotFoundError: No module named 'consumer'
[2026-04-26T18:36:50.764+0000] {processor.py:927} WARNING - No viable dags retrieved from /opt/airflow/dags/main.py
[2026-04-26T18:36:50.916+0000] {processor.py:208} INFO - Processing /opt/airflow/dags/main.py took 0.322 seconds
[2026-04-26T18:37:21.757+0000] {processor.py:186} INFO - Started process (PID=6595) to work on /opt/airflow/dags/main.py
[2026-04-26T18:37:21.762+0000] {processor.py:914} INFO - Processing file /opt/airflow/dags/main.py for tasks to queue
[2026-04-26T18:37:21.774+0000] {logging_mixin.py:190} INFO - [2026-04-26T18:37:21.772+0000] {dagbag.py:588} INFO - Filling up the DagBag from /opt/airflow/dags/main.py
[2026-04-26T18:37:21.869+0000] {logging_mixin.py:190} INFO - [2026-04-26T18:37:21.849+0000] {dagbag.py:387} ERROR - Failed to import: /opt/airflow/dags/main.py
Traceback (most recent call last):
  File "/home/airflow/.local/lib/python3.12/site-packages/airflow/models/dagbag.py", line 383, in parse
    loader.exec_module(new_module)
  File "<frozen importlib._bootstrap_external>", line 999, in exec_module
  File "<frozen importlib._bootstrap>", line 488, in _call_with_frames_removed
  File "/opt/airflow/dags/main.py", line 21, in <module>
    from consumer import consume_orders
ModuleNotFoundError: No module named 'consumer'
[2026-04-26T18:37:21.876+0000] {processor.py:927} WARNING - No viable dags retrieved from /opt/airflow/dags/main.py
[2026-04-26T18:37:21.963+0000] {processor.py:208} INFO - Processing /opt/airflow/dags/main.py took 0.240 seconds
[2026-04-26T18:37:52.198+0000] {processor.py:186} INFO - Started process (PID=6602) to work on /opt/airflow/dags/main.py
[2026-04-26T18:37:52.203+0000] {processor.py:914} INFO - Processing file /opt/airflow/dags/main.py for tasks to queue
[2026-04-26T18:37:52.215+0000] {logging_mixin.py:190} INFO - [2026-04-26T18:37:52.213+0000] {dagbag.py:588} INFO - Filling up the DagBag from /opt/airflow/dags/main.py
[2026-04-26T18:37:52.317+0000] {logging_mixin.py:190} INFO - [2026-04-26T18:37:52.295+0000] {dagbag.py:387} ERROR - Failed to import: /opt/airflow/dags/main.py
Traceback (most recent call last):
  File "/home/airflow/.local/lib/python3.12/site-packages/airflow/models/dagbag.py", line 383, in parse
    loader.exec_module(new_module)
  File "<frozen importlib._bootstrap_external>", line 999, in exec_module
  File "<frozen importlib._bootstrap>", line 488, in _call_with_frames_removed
  File "/opt/airflow/dags/main.py", line 21, in <module>
    from consumer import consume_orders
ModuleNotFoundError: No module named 'consumer'
[2026-04-26T18:37:52.325+0000] {processor.py:927} WARNING - No viable dags retrieved from /opt/airflow/dags/main.py
[2026-04-26T18:37:52.422+0000] {processor.py:208} INFO - Processing /opt/airflow/dags/main.py took 0.251 seconds
[2026-04-26T18:38:22.801+0000] {processor.py:186} INFO - Started process (PID=6609) to work on /opt/airflow/dags/main.py
[2026-04-26T18:38:22.807+0000] {processor.py:914} INFO - Processing file /opt/airflow/dags/main.py for tasks to queue
[2026-04-26T18:38:22.815+0000] {logging_mixin.py:190} INFO - [2026-04-26T18:38:22.814+0000] {dagbag.py:588} INFO - Filling up the DagBag from /opt/airflow/dags/main.py
[2026-04-26T18:38:22.966+0000] {logging_mixin.py:190} INFO - [2026-04-26T18:38:22.945+0000] {dagbag.py:387} ERROR - Failed to import: /opt/airflow/dags/main.py
Traceback (most recent call last):
  File "/home/airflow/.local/lib/python3.12/site-packages/airflow/models/dagbag.py", line 383, in parse
    loader.exec_module(new_module)
  File "<frozen importlib._bootstrap_external>", line 999, in exec_module
  File "<frozen importlib._bootstrap>", line 488, in _call_with_frames_removed
  File "/opt/airflow/dags/main.py", line 21, in <module>
    from consumer import consume_orders
ModuleNotFoundError: No module named 'consumer'
[2026-04-26T18:38:22.972+0000] {processor.py:927} WARNING - No viable dags retrieved from /opt/airflow/dags/main.py
[2026-04-26T18:38:23.049+0000] {processor.py:208} INFO - Processing /opt/airflow/dags/main.py took 0.283 seconds
[2026-04-26T21:38:54.157+0000] {processor.py:186} INFO - Started process (PID=6616) to work on /opt/airflow/dags/main.py
[2026-04-26T21:38:54.167+0000] {processor.py:914} INFO - Processing file /opt/airflow/dags/main.py for tasks to queue
[2026-04-26T21:38:54.251+0000] {logging_mixin.py:190} INFO - [2026-04-26T21:38:54.239+0000] {dagbag.py:588} INFO - Filling up the DagBag from /opt/airflow/dags/main.py
[2026-04-26T21:38:55.948+0000] {logging_mixin.py:190} INFO - [2026-04-26T21:38:55.758+0000] {dagbag.py:387} ERROR - Failed to import: /opt/airflow/dags/main.py
Traceback (most recent call last):
  File "/home/airflow/.local/lib/python3.12/site-packages/airflow/models/dagbag.py", line 383, in parse
    loader.exec_module(new_module)
  File "<frozen importlib._bootstrap_external>", line 999, in exec_module
  File "<frozen importlib._bootstrap>", line 488, in _call_with_frames_removed
  File "/opt/airflow/dags/main.py", line 21, in <module>
    from consumer import consume_orders
ModuleNotFoundError: No module named 'consumer'
[2026-04-26T21:38:55.984+0000] {processor.py:927} WARNING - No viable dags retrieved from /opt/airflow/dags/main.py
[2026-04-26T21:38:56.502+0000] {processor.py:208} INFO - Processing /opt/airflow/dags/main.py took 1.319 seconds
