[2026-04-30T00:00:19.811+0000] {processor.py:186} INFO - Started process (PID=345) to work on /opt/airflow/dags/main.py
[2026-04-30T00:00:19.813+0000] {processor.py:914} INFO - Processing file /opt/airflow/dags/main.py for tasks to queue
[2026-04-30T00:00:19.818+0000] {logging_mixin.py:190} INFO - [2026-04-30T00:00:19.817+0000] {dagbag.py:588} INFO - Filling up the DagBag from /opt/airflow/dags/main.py
[2026-04-30T00:00:20.005+0000] {logging_mixin.py:190} INFO - [2026-04-30T00:00:19.993+0000] {dagbag.py:387} ERROR - Failed to import: /opt/airflow/dags/main.py
Traceback (most recent call last):
  File "/home/airflow/.local/lib/python3.12/site-packages/airflow/models/dagbag.py", line 383, in parse
    loader.exec_module(new_module)
  File "<frozen importlib._bootstrap_external>", line 999, in exec_module
  File "<frozen importlib._bootstrap>", line 488, in _call_with_frames_removed
  File "/opt/airflow/dags/main.py", line 26, in <module>
    from services.consumer import consume_orders
  File "/opt/airflow/services/consumer.py", line 74, in <module>
    from confluent_kafka import Consumer, KafkaException
ModuleNotFoundError: No module named 'confluent_kafka'
[2026-04-30T00:00:20.013+0000] {processor.py:927} WARNING - No viable dags retrieved from /opt/airflow/dags/main.py
[2026-04-30T00:00:20.048+0000] {processor.py:208} INFO - Processing /opt/airflow/dags/main.py took 0.251 seconds
[2026-04-30T00:00:51.162+0000] {processor.py:186} INFO - Started process (PID=352) to work on /opt/airflow/dags/main.py
[2026-04-30T00:00:51.184+0000] {processor.py:914} INFO - Processing file /opt/airflow/dags/main.py for tasks to queue
[2026-04-30T00:00:51.211+0000] {logging_mixin.py:190} INFO - [2026-04-30T00:00:51.208+0000] {dagbag.py:588} INFO - Filling up the DagBag from /opt/airflow/dags/main.py
[2026-04-30T00:00:51.859+0000] {logging_mixin.py:190} INFO - [2026-04-30T00:00:51.819+0000] {dagbag.py:387} ERROR - Failed to import: /opt/airflow/dags/main.py
Traceback (most recent call last):
  File "/home/airflow/.local/lib/python3.12/site-packages/airflow/models/dagbag.py", line 383, in parse
    loader.exec_module(new_module)
  File "<frozen importlib._bootstrap_external>", line 999, in exec_module
  File "<frozen importlib._bootstrap>", line 488, in _call_with_frames_removed
  File "/opt/airflow/dags/main.py", line 26, in <module>
    from services.consumer import consume_orders
  File "/opt/airflow/services/consumer.py", line 74, in <module>
    from confluent_kafka import Consumer, KafkaException
ModuleNotFoundError: No module named 'confluent_kafka'
[2026-04-30T00:00:51.869+0000] {processor.py:927} WARNING - No viable dags retrieved from /opt/airflow/dags/main.py
[2026-04-30T00:00:53.876+0000] {processor.py:208} INFO - Processing /opt/airflow/dags/main.py took 2.880 seconds
[2026-04-30T00:01:24.551+0000] {processor.py:186} INFO - Started process (PID=359) to work on /opt/airflow/dags/main.py
[2026-04-30T00:01:24.552+0000] {processor.py:914} INFO - Processing file /opt/airflow/dags/main.py for tasks to queue
[2026-04-30T00:01:24.557+0000] {logging_mixin.py:190} INFO - [2026-04-30T00:01:24.557+0000] {dagbag.py:588} INFO - Filling up the DagBag from /opt/airflow/dags/main.py
[2026-04-30T00:01:25.279+0000] {logging_mixin.py:190} INFO - [2026-04-30T00:01:25.264+0000] {dagbag.py:387} ERROR - Failed to import: /opt/airflow/dags/main.py
Traceback (most recent call last):
  File "/home/airflow/.local/lib/python3.12/site-packages/airflow/models/dagbag.py", line 383, in parse
    loader.exec_module(new_module)
  File "<frozen importlib._bootstrap_external>", line 999, in exec_module
  File "<frozen importlib._bootstrap>", line 488, in _call_with_frames_removed
  File "/opt/airflow/dags/main.py", line 26, in <module>
    from services.consumer import consume_orders
  File "/opt/airflow/services/consumer.py", line 74, in <module>
    from confluent_kafka import Consumer, KafkaException
ModuleNotFoundError: No module named 'confluent_kafka'
[2026-04-30T00:01:25.283+0000] {processor.py:927} WARNING - No viable dags retrieved from /opt/airflow/dags/main.py
[2026-04-30T00:01:25.317+0000] {processor.py:208} INFO - Processing /opt/airflow/dags/main.py took 0.780 seconds
[2026-04-30T00:01:55.566+0000] {processor.py:186} INFO - Started process (PID=371) to work on /opt/airflow/dags/main.py
[2026-04-30T00:01:55.568+0000] {processor.py:914} INFO - Processing file /opt/airflow/dags/main.py for tasks to queue
[2026-04-30T00:01:55.573+0000] {logging_mixin.py:190} INFO - [2026-04-30T00:01:55.573+0000] {dagbag.py:588} INFO - Filling up the DagBag from /opt/airflow/dags/main.py
[2026-04-30T00:01:55.732+0000] {logging_mixin.py:190} INFO - [2026-04-30T00:01:55.715+0000] {dagbag.py:387} ERROR - Failed to import: /opt/airflow/dags/main.py
Traceback (most recent call last):
  File "/home/airflow/.local/lib/python3.12/site-packages/airflow/models/dagbag.py", line 383, in parse
    loader.exec_module(new_module)
  File "<frozen importlib._bootstrap_external>", line 999, in exec_module
  File "<frozen importlib._bootstrap>", line 488, in _call_with_frames_removed
  File "/opt/airflow/dags/main.py", line 26, in <module>
    from services.consumer import consume_orders
  File "/opt/airflow/services/consumer.py", line 74, in <module>
    from confluent_kafka import Consumer, KafkaException
ModuleNotFoundError: No module named 'confluent_kafka'
[2026-04-30T00:01:55.738+0000] {processor.py:927} WARNING - No viable dags retrieved from /opt/airflow/dags/main.py
[2026-04-30T00:01:55.775+0000] {processor.py:208} INFO - Processing /opt/airflow/dags/main.py took 0.219 seconds
[2026-04-30T00:02:26.637+0000] {processor.py:186} INFO - Started process (PID=378) to work on /opt/airflow/dags/main.py
[2026-04-30T00:02:26.639+0000] {processor.py:914} INFO - Processing file /opt/airflow/dags/main.py for tasks to queue
[2026-04-30T00:02:26.648+0000] {logging_mixin.py:190} INFO - [2026-04-30T00:02:26.648+0000] {dagbag.py:588} INFO - Filling up the DagBag from /opt/airflow/dags/main.py
[2026-04-30T00:02:26.817+0000] {logging_mixin.py:190} INFO - [2026-04-30T00:02:26.804+0000] {dagbag.py:387} ERROR - Failed to import: /opt/airflow/dags/main.py
Traceback (most recent call last):
  File "/home/airflow/.local/lib/python3.12/site-packages/airflow/models/dagbag.py", line 383, in parse
    loader.exec_module(new_module)
  File "<frozen importlib._bootstrap_external>", line 999, in exec_module
  File "<frozen importlib._bootstrap>", line 488, in _call_with_frames_removed
  File "/opt/airflow/dags/main.py", line 26, in <module>
    from services.consumer import consume_orders
  File "/opt/airflow/services/consumer.py", line 74, in <module>
    from confluent_kafka import Consumer, KafkaException
ModuleNotFoundError: No module named 'confluent_kafka'
[2026-04-30T00:02:26.822+0000] {processor.py:927} WARNING - No viable dags retrieved from /opt/airflow/dags/main.py
[2026-04-30T00:02:26.852+0000] {processor.py:208} INFO - Processing /opt/airflow/dags/main.py took 0.231 seconds
[2026-04-30T00:02:57.375+0000] {processor.py:186} INFO - Started process (PID=385) to work on /opt/airflow/dags/main.py
[2026-04-30T00:02:57.379+0000] {processor.py:914} INFO - Processing file /opt/airflow/dags/main.py for tasks to queue
[2026-04-30T00:02:57.386+0000] {logging_mixin.py:190} INFO - [2026-04-30T00:02:57.385+0000] {dagbag.py:588} INFO - Filling up the DagBag from /opt/airflow/dags/main.py
[2026-04-30T00:02:57.674+0000] {logging_mixin.py:190} INFO - [2026-04-30T00:02:57.661+0000] {dagbag.py:387} ERROR - Failed to import: /opt/airflow/dags/main.py
Traceback (most recent call last):
  File "/home/airflow/.local/lib/python3.12/site-packages/airflow/models/dagbag.py", line 383, in parse
    loader.exec_module(new_module)
  File "<frozen importlib._bootstrap_external>", line 999, in exec_module
  File "<frozen importlib._bootstrap>", line 488, in _call_with_frames_removed
  File "/opt/airflow/dags/main.py", line 26, in <module>
    from services.consumer import consume_orders
  File "/opt/airflow/services/consumer.py", line 74, in <module>
    from confluent_kafka import Consumer, KafkaException
ModuleNotFoundError: No module named 'confluent_kafka'
[2026-04-30T00:02:57.678+0000] {processor.py:927} WARNING - No viable dags retrieved from /opt/airflow/dags/main.py
[2026-04-30T00:02:57.712+0000] {processor.py:208} INFO - Processing /opt/airflow/dags/main.py took 0.360 seconds
[2026-04-30T00:03:27.820+0000] {processor.py:186} INFO - Started process (PID=392) to work on /opt/airflow/dags/main.py
[2026-04-30T00:03:27.822+0000] {processor.py:914} INFO - Processing file /opt/airflow/dags/main.py for tasks to queue
[2026-04-30T00:03:27.829+0000] {logging_mixin.py:190} INFO - [2026-04-30T00:03:27.828+0000] {dagbag.py:588} INFO - Filling up the DagBag from /opt/airflow/dags/main.py
[2026-04-30T00:03:28.010+0000] {logging_mixin.py:190} INFO - [2026-04-30T00:03:27.997+0000] {dagbag.py:387} ERROR - Failed to import: /opt/airflow/dags/main.py
Traceback (most recent call last):
  File "/home/airflow/.local/lib/python3.12/site-packages/airflow/models/dagbag.py", line 383, in parse
    loader.exec_module(new_module)
  File "<frozen importlib._bootstrap_external>", line 999, in exec_module
  File "<frozen importlib._bootstrap>", line 488, in _call_with_frames_removed
  File "/opt/airflow/dags/main.py", line 26, in <module>
    from services.consumer import consume_orders
  File "/opt/airflow/services/consumer.py", line 74, in <module>
    from confluent_kafka import Consumer, KafkaException
ModuleNotFoundError: No module named 'confluent_kafka'
[2026-04-30T00:03:28.015+0000] {processor.py:927} WARNING - No viable dags retrieved from /opt/airflow/dags/main.py
[2026-04-30T00:03:28.324+0000] {processor.py:208} INFO - Processing /opt/airflow/dags/main.py took 0.526 seconds
[2026-04-30T00:03:58.785+0000] {processor.py:186} INFO - Started process (PID=399) to work on /opt/airflow/dags/main.py
[2026-04-30T00:03:58.788+0000] {processor.py:914} INFO - Processing file /opt/airflow/dags/main.py for tasks to queue
[2026-04-30T00:03:58.795+0000] {logging_mixin.py:190} INFO - [2026-04-30T00:03:58.794+0000] {dagbag.py:588} INFO - Filling up the DagBag from /opt/airflow/dags/main.py
[2026-04-30T00:03:59.270+0000] {logging_mixin.py:190} INFO - [2026-04-30T00:03:59.239+0000] {dagbag.py:387} ERROR - Failed to import: /opt/airflow/dags/main.py
Traceback (most recent call last):
  File "/home/airflow/.local/lib/python3.12/site-packages/airflow/models/dagbag.py", line 383, in parse
    loader.exec_module(new_module)
  File "<frozen importlib._bootstrap_external>", line 999, in exec_module
  File "<frozen importlib._bootstrap>", line 488, in _call_with_frames_removed
  File "/opt/airflow/dags/main.py", line 26, in <module>
    from services.consumer import consume_orders
  File "/opt/airflow/services/consumer.py", line 74, in <module>
    from confluent_kafka import Consumer, KafkaException
ModuleNotFoundError: No module named 'confluent_kafka'
[2026-04-30T00:03:59.275+0000] {processor.py:927} WARNING - No viable dags retrieved from /opt/airflow/dags/main.py
[2026-04-30T00:03:59.303+0000] {processor.py:208} INFO - Processing /opt/airflow/dags/main.py took 0.537 seconds
[2026-04-30T00:04:29.455+0000] {processor.py:186} INFO - Started process (PID=406) to work on /opt/airflow/dags/main.py
[2026-04-30T00:04:29.456+0000] {processor.py:914} INFO - Processing file /opt/airflow/dags/main.py for tasks to queue
[2026-04-30T00:04:29.461+0000] {logging_mixin.py:190} INFO - [2026-04-30T00:04:29.460+0000] {dagbag.py:588} INFO - Filling up the DagBag from /opt/airflow/dags/main.py
[2026-04-30T00:04:29.877+0000] {logging_mixin.py:190} INFO - [2026-04-30T00:04:29.860+0000] {dagbag.py:387} ERROR - Failed to import: /opt/airflow/dags/main.py
Traceback (most recent call last):
  File "/home/airflow/.local/lib/python3.12/site-packages/airflow/models/dagbag.py", line 383, in parse
    loader.exec_module(new_module)
  File "<frozen importlib._bootstrap_external>", line 999, in exec_module
  File "<frozen importlib._bootstrap>", line 488, in _call_with_frames_removed
  File "/opt/airflow/dags/main.py", line 26, in <module>
    from services.consumer import consume_orders
  File "/opt/airflow/services/consumer.py", line 74, in <module>
    from confluent_kafka import Consumer, KafkaException
ModuleNotFoundError: No module named 'confluent_kafka'
[2026-04-30T00:04:29.882+0000] {processor.py:927} WARNING - No viable dags retrieved from /opt/airflow/dags/main.py
[2026-04-30T00:04:29.912+0000] {processor.py:208} INFO - Processing /opt/airflow/dags/main.py took 0.469 seconds
[2026-04-30T00:05:00.118+0000] {processor.py:186} INFO - Started process (PID=413) to work on /opt/airflow/dags/main.py
[2026-04-30T00:05:00.121+0000] {processor.py:914} INFO - Processing file /opt/airflow/dags/main.py for tasks to queue
[2026-04-30T00:05:00.129+0000] {logging_mixin.py:190} INFO - [2026-04-30T00:05:00.128+0000] {dagbag.py:588} INFO - Filling up the DagBag from /opt/airflow/dags/main.py
[2026-04-30T00:05:00.318+0000] {logging_mixin.py:190} INFO - [2026-04-30T00:05:00.302+0000] {dagbag.py:387} ERROR - Failed to import: /opt/airflow/dags/main.py
Traceback (most recent call last):
  File "/home/airflow/.local/lib/python3.12/site-packages/airflow/models/dagbag.py", line 383, in parse
    loader.exec_module(new_module)
  File "<frozen importlib._bootstrap_external>", line 999, in exec_module
  File "<frozen importlib._bootstrap>", line 488, in _call_with_frames_removed
  File "/opt/airflow/dags/main.py", line 26, in <module>
    from services.consumer import consume_orders
  File "/opt/airflow/services/consumer.py", line 74, in <module>
    from confluent_kafka import Consumer, KafkaException
ModuleNotFoundError: No module named 'confluent_kafka'
[2026-04-30T00:05:00.322+0000] {processor.py:927} WARNING - No viable dags retrieved from /opt/airflow/dags/main.py
[2026-04-30T00:05:00.355+0000] {processor.py:208} INFO - Processing /opt/airflow/dags/main.py took 0.253 seconds
[2026-04-30T00:05:30.587+0000] {processor.py:186} INFO - Started process (PID=419) to work on /opt/airflow/dags/main.py
[2026-04-30T00:05:30.590+0000] {processor.py:914} INFO - Processing file /opt/airflow/dags/main.py for tasks to queue
[2026-04-30T00:05:30.596+0000] {logging_mixin.py:190} INFO - [2026-04-30T00:05:30.595+0000] {dagbag.py:588} INFO - Filling up the DagBag from /opt/airflow/dags/main.py
[2026-04-30T00:05:30.766+0000] {logging_mixin.py:190} INFO - [2026-04-30T00:05:30.751+0000] {dagbag.py:387} ERROR - Failed to import: /opt/airflow/dags/main.py
Traceback (most recent call last):
  File "/home/airflow/.local/lib/python3.12/site-packages/airflow/models/dagbag.py", line 383, in parse
    loader.exec_module(new_module)
  File "<frozen importlib._bootstrap_external>", line 999, in exec_module
  File "<frozen importlib._bootstrap>", line 488, in _call_with_frames_removed
  File "/opt/airflow/dags/main.py", line 26, in <module>
    from services.consumer import consume_orders
  File "/opt/airflow/services/consumer.py", line 74, in <module>
    from confluent_kafka import Consumer, KafkaException
ModuleNotFoundError: No module named 'confluent_kafka'
[2026-04-30T00:05:30.770+0000] {processor.py:927} WARNING - No viable dags retrieved from /opt/airflow/dags/main.py
[2026-04-30T00:05:30.802+0000] {processor.py:208} INFO - Processing /opt/airflow/dags/main.py took 0.225 seconds
[2026-04-30T00:06:00.962+0000] {processor.py:186} INFO - Started process (PID=426) to work on /opt/airflow/dags/main.py
[2026-04-30T00:06:00.964+0000] {processor.py:914} INFO - Processing file /opt/airflow/dags/main.py for tasks to queue
[2026-04-30T00:06:00.968+0000] {logging_mixin.py:190} INFO - [2026-04-30T00:06:00.967+0000] {dagbag.py:588} INFO - Filling up the DagBag from /opt/airflow/dags/main.py
[2026-04-30T00:06:01.124+0000] {logging_mixin.py:190} INFO - [2026-04-30T00:06:01.110+0000] {dagbag.py:387} ERROR - Failed to import: /opt/airflow/dags/main.py
Traceback (most recent call last):
  File "/home/airflow/.local/lib/python3.12/site-packages/airflow/models/dagbag.py", line 383, in parse
    loader.exec_module(new_module)
  File "<frozen importlib._bootstrap_external>", line 999, in exec_module
  File "<frozen importlib._bootstrap>", line 488, in _call_with_frames_removed
  File "/opt/airflow/dags/main.py", line 26, in <module>
    from services.consumer import consume_orders
  File "/opt/airflow/services/consumer.py", line 74, in <module>
    from confluent_kafka import Consumer, KafkaException
ModuleNotFoundError: No module named 'confluent_kafka'
[2026-04-30T00:06:01.129+0000] {processor.py:927} WARNING - No viable dags retrieved from /opt/airflow/dags/main.py
[2026-04-30T00:06:01.161+0000] {processor.py:208} INFO - Processing /opt/airflow/dags/main.py took 0.208 seconds
[2026-04-30T00:06:31.619+0000] {processor.py:186} INFO - Started process (PID=439) to work on /opt/airflow/dags/main.py
[2026-04-30T00:06:31.621+0000] {processor.py:914} INFO - Processing file /opt/airflow/dags/main.py for tasks to queue
[2026-04-30T00:06:31.625+0000] {logging_mixin.py:190} INFO - [2026-04-30T00:06:31.625+0000] {dagbag.py:588} INFO - Filling up the DagBag from /opt/airflow/dags/main.py
[2026-04-30T00:06:32.175+0000] {logging_mixin.py:190} INFO - [2026-04-30T00:06:32.155+0000] {dagbag.py:387} ERROR - Failed to import: /opt/airflow/dags/main.py
Traceback (most recent call last):
  File "/home/airflow/.local/lib/python3.12/site-packages/airflow/models/dagbag.py", line 383, in parse
    loader.exec_module(new_module)
  File "<frozen importlib._bootstrap_external>", line 999, in exec_module
  File "<frozen importlib._bootstrap>", line 488, in _call_with_frames_removed
  File "/opt/airflow/dags/main.py", line 26, in <module>
    from services.consumer import consume_orders
  File "/opt/airflow/services/consumer.py", line 74, in <module>
    from confluent_kafka import Consumer, KafkaException
ModuleNotFoundError: No module named 'confluent_kafka'
[2026-04-30T00:06:32.183+0000] {processor.py:927} WARNING - No viable dags retrieved from /opt/airflow/dags/main.py
[2026-04-30T00:06:32.227+0000] {processor.py:208} INFO - Processing /opt/airflow/dags/main.py took 0.620 seconds
[2026-04-30T00:07:02.389+0000] {processor.py:186} INFO - Started process (PID=446) to work on /opt/airflow/dags/main.py
[2026-04-30T00:07:02.392+0000] {processor.py:914} INFO - Processing file /opt/airflow/dags/main.py for tasks to queue
[2026-04-30T00:07:02.398+0000] {logging_mixin.py:190} INFO - [2026-04-30T00:07:02.397+0000] {dagbag.py:588} INFO - Filling up the DagBag from /opt/airflow/dags/main.py
[2026-04-30T00:07:02.875+0000] {logging_mixin.py:190} INFO - [2026-04-30T00:07:02.858+0000] {dagbag.py:387} ERROR - Failed to import: /opt/airflow/dags/main.py
Traceback (most recent call last):
  File "/home/airflow/.local/lib/python3.12/site-packages/airflow/models/dagbag.py", line 383, in parse
    loader.exec_module(new_module)
  File "<frozen importlib._bootstrap_external>", line 999, in exec_module
  File "<frozen importlib._bootstrap>", line 488, in _call_with_frames_removed
  File "/opt/airflow/dags/main.py", line 26, in <module>
    from services.consumer import consume_orders
  File "/opt/airflow/services/consumer.py", line 74, in <module>
    from confluent_kafka import Consumer, KafkaException
ModuleNotFoundError: No module named 'confluent_kafka'
[2026-04-30T00:07:02.880+0000] {processor.py:927} WARNING - No viable dags retrieved from /opt/airflow/dags/main.py
[2026-04-30T00:07:02.908+0000] {processor.py:208} INFO - Processing /opt/airflow/dags/main.py took 0.537 seconds
[2026-04-30T00:07:33.191+0000] {processor.py:186} INFO - Started process (PID=453) to work on /opt/airflow/dags/main.py
[2026-04-30T00:07:33.192+0000] {processor.py:914} INFO - Processing file /opt/airflow/dags/main.py for tasks to queue
[2026-04-30T00:07:33.196+0000] {logging_mixin.py:190} INFO - [2026-04-30T00:07:33.196+0000] {dagbag.py:588} INFO - Filling up the DagBag from /opt/airflow/dags/main.py
[2026-04-30T00:07:33.360+0000] {logging_mixin.py:190} INFO - [2026-04-30T00:07:33.347+0000] {dagbag.py:387} ERROR - Failed to import: /opt/airflow/dags/main.py
Traceback (most recent call last):
  File "/home/airflow/.local/lib/python3.12/site-packages/airflow/models/dagbag.py", line 383, in parse
    loader.exec_module(new_module)
  File "<frozen importlib._bootstrap_external>", line 999, in exec_module
  File "<frozen importlib._bootstrap>", line 488, in _call_with_frames_removed
  File "/opt/airflow/dags/main.py", line 26, in <module>
    from services.consumer import consume_orders
  File "/opt/airflow/services/consumer.py", line 74, in <module>
    from confluent_kafka import Consumer, KafkaException
ModuleNotFoundError: No module named 'confluent_kafka'
[2026-04-30T00:07:33.364+0000] {processor.py:927} WARNING - No viable dags retrieved from /opt/airflow/dags/main.py
[2026-04-30T00:07:33.394+0000] {processor.py:208} INFO - Processing /opt/airflow/dags/main.py took 0.215 seconds
[2026-04-30T00:08:03.728+0000] {processor.py:186} INFO - Started process (PID=460) to work on /opt/airflow/dags/main.py
[2026-04-30T00:08:03.731+0000] {processor.py:914} INFO - Processing file /opt/airflow/dags/main.py for tasks to queue
[2026-04-30T00:08:03.738+0000] {logging_mixin.py:190} INFO - [2026-04-30T00:08:03.738+0000] {dagbag.py:588} INFO - Filling up the DagBag from /opt/airflow/dags/main.py
[2026-04-30T00:08:03.919+0000] {logging_mixin.py:190} INFO - [2026-04-30T00:08:03.904+0000] {dagbag.py:387} ERROR - Failed to import: /opt/airflow/dags/main.py
Traceback (most recent call last):
  File "/home/airflow/.local/lib/python3.12/site-packages/airflow/models/dagbag.py", line 383, in parse
    loader.exec_module(new_module)
  File "<frozen importlib._bootstrap_external>", line 999, in exec_module
  File "<frozen importlib._bootstrap>", line 488, in _call_with_frames_removed
  File "/opt/airflow/dags/main.py", line 26, in <module>
    from services.consumer import consume_orders
  File "/opt/airflow/services/consumer.py", line 74, in <module>
    from confluent_kafka import Consumer, KafkaException
ModuleNotFoundError: No module named 'confluent_kafka'
[2026-04-30T00:08:03.922+0000] {processor.py:927} WARNING - No viable dags retrieved from /opt/airflow/dags/main.py
[2026-04-30T00:08:03.954+0000] {processor.py:208} INFO - Processing /opt/airflow/dags/main.py took 0.246 seconds
[2026-04-30T00:10:24.228+0000] {processor.py:186} INFO - Started process (PID=65) to work on /opt/airflow/dags/main.py
[2026-04-30T00:10:24.240+0000] {processor.py:914} INFO - Processing file /opt/airflow/dags/main.py for tasks to queue
[2026-04-30T00:10:24.246+0000] {logging_mixin.py:190} INFO - [2026-04-30T00:10:24.245+0000] {dagbag.py:588} INFO - Filling up the DagBag from /opt/airflow/dags/main.py
[2026-04-30T00:10:25.936+0000] {processor.py:925} INFO - DAG(s) 'orders_kafka_to_s3' retrieved from /opt/airflow/dags/main.py
[2026-04-30T00:10:27.199+0000] {logging_mixin.py:190} INFO - [2026-04-30T00:10:27.189+0000] {override.py:1912} INFO - Created Permission View: can read on DAG:orders_kafka_to_s3
[2026-04-30T00:10:27.238+0000] {logging_mixin.py:190} INFO - [2026-04-30T00:10:27.237+0000] {override.py:1912} INFO - Created Permission View: can edit on DAG:orders_kafka_to_s3
[2026-04-30T00:10:27.270+0000] {logging_mixin.py:190} INFO - [2026-04-30T00:10:27.269+0000] {override.py:1912} INFO - Created Permission View: can delete on DAG:orders_kafka_to_s3
[2026-04-30T00:10:27.292+0000] {logging_mixin.py:190} INFO - [2026-04-30T00:10:27.291+0000] {override.py:1912} INFO - Created Permission View: can read on DAG Run:orders_kafka_to_s3
[2026-04-30T00:10:27.313+0000] {logging_mixin.py:190} INFO - [2026-04-30T00:10:27.312+0000] {override.py:1912} INFO - Created Permission View: can delete on DAG Run:orders_kafka_to_s3
[2026-04-30T00:10:27.336+0000] {logging_mixin.py:190} INFO - [2026-04-30T00:10:27.334+0000] {override.py:1912} INFO - Created Permission View: can create on DAG Run:orders_kafka_to_s3
[2026-04-30T00:10:27.367+0000] {logging_mixin.py:190} INFO - [2026-04-30T00:10:27.366+0000] {override.py:1912} INFO - Created Permission View: menu access on DAG Run:orders_kafka_to_s3
[2026-04-30T00:10:27.369+0000] {logging_mixin.py:190} INFO - [2026-04-30T00:10:27.368+0000] {dag.py:3239} INFO - Sync 1 DAGs
[2026-04-30T00:10:27.417+0000] {logging_mixin.py:190} INFO - [2026-04-30T00:10:27.417+0000] {dag.py:3262} INFO - Creating ORM DAG for orders_kafka_to_s3
[2026-04-30T00:10:27.458+0000] {logging_mixin.py:190} INFO - [2026-04-30T00:10:27.458+0000] {dag.py:4180} INFO - Setting next_dagrun for orders_kafka_to_s3 to 2026-04-29 00:00:00+00:00, run_after=2026-04-30 00:00:00+00:00
[2026-04-30T00:10:27.559+0000] {processor.py:208} INFO - Processing /opt/airflow/dags/main.py took 3.355 seconds
[2026-04-30T00:10:58.890+0000] {processor.py:186} INFO - Started process (PID=72) to work on /opt/airflow/dags/main.py
[2026-04-30T00:10:58.914+0000] {processor.py:914} INFO - Processing file /opt/airflow/dags/main.py for tasks to queue
[2026-04-30T00:10:59.010+0000] {logging_mixin.py:190} INFO - [2026-04-30T00:10:58.998+0000] {dagbag.py:588} INFO - Filling up the DagBag from /opt/airflow/dags/main.py
[2026-04-30T00:10:59.741+0000] {processor.py:925} INFO - DAG(s) 'orders_kafka_to_s3' retrieved from /opt/airflow/dags/main.py
[2026-04-30T00:10:59.972+0000] {logging_mixin.py:190} INFO - [2026-04-30T00:10:59.972+0000] {dag.py:3239} INFO - Sync 1 DAGs
[2026-04-30T00:11:00.041+0000] {logging_mixin.py:190} INFO - [2026-04-30T00:11:00.041+0000] {dag.py:4180} INFO - Setting next_dagrun for orders_kafka_to_s3 to 2026-04-29 00:00:00+00:00, run_after=2026-04-30 00:00:00+00:00
[2026-04-30T00:11:00.074+0000] {processor.py:208} INFO - Processing /opt/airflow/dags/main.py took 1.540 seconds
[2026-04-30T00:11:30.693+0000] {processor.py:186} INFO - Started process (PID=79) to work on /opt/airflow/dags/main.py
[2026-04-30T00:11:30.724+0000] {processor.py:914} INFO - Processing file /opt/airflow/dags/main.py for tasks to queue
[2026-04-30T00:11:30.833+0000] {logging_mixin.py:190} INFO - [2026-04-30T00:11:30.818+0000] {dagbag.py:588} INFO - Filling up the DagBag from /opt/airflow/dags/main.py
[2026-04-30T00:11:32.417+0000] {processor.py:925} INFO - DAG(s) 'orders_kafka_to_s3' retrieved from /opt/airflow/dags/main.py
[2026-04-30T00:11:33.073+0000] {logging_mixin.py:190} INFO - [2026-04-30T00:11:33.072+0000] {dag.py:3239} INFO - Sync 1 DAGs
[2026-04-30T00:11:33.689+0000] {logging_mixin.py:190} INFO - [2026-04-30T00:11:33.688+0000] {dag.py:4180} INFO - Setting next_dagrun for orders_kafka_to_s3 to 2026-04-29 00:00:00+00:00, run_after=2026-04-30 00:00:00+00:00
[2026-04-30T00:11:33.824+0000] {processor.py:208} INFO - Processing /opt/airflow/dags/main.py took 3.298 seconds
[2026-04-30T00:12:04.701+0000] {processor.py:186} INFO - Started process (PID=92) to work on /opt/airflow/dags/main.py
[2026-04-30T00:12:04.706+0000] {processor.py:914} INFO - Processing file /opt/airflow/dags/main.py for tasks to queue
[2026-04-30T00:12:04.711+0000] {logging_mixin.py:190} INFO - [2026-04-30T00:12:04.711+0000] {dagbag.py:588} INFO - Filling up the DagBag from /opt/airflow/dags/main.py
[2026-04-30T00:12:04.933+0000] {processor.py:925} INFO - DAG(s) 'orders_kafka_to_s3' retrieved from /opt/airflow/dags/main.py
[2026-04-30T00:12:04.987+0000] {logging_mixin.py:190} INFO - [2026-04-30T00:12:04.986+0000] {dag.py:3239} INFO - Sync 1 DAGs
[2026-04-30T00:12:05.034+0000] {logging_mixin.py:190} INFO - [2026-04-30T00:12:05.033+0000] {dag.py:4180} INFO - Setting next_dagrun for orders_kafka_to_s3 to 2026-04-29 00:00:00+00:00, run_after=2026-04-30 00:00:00+00:00
[2026-04-30T00:12:05.069+0000] {processor.py:208} INFO - Processing /opt/airflow/dags/main.py took 0.405 seconds
[2026-04-30T00:12:36.102+0000] {processor.py:186} INFO - Started process (PID=99) to work on /opt/airflow/dags/main.py
[2026-04-30T00:12:36.114+0000] {processor.py:914} INFO - Processing file /opt/airflow/dags/main.py for tasks to queue
[2026-04-30T00:12:36.173+0000] {logging_mixin.py:190} INFO - [2026-04-30T00:12:36.165+0000] {dagbag.py:588} INFO - Filling up the DagBag from /opt/airflow/dags/main.py
[2026-04-30T00:12:37.140+0000] {processor.py:925} INFO - DAG(s) 'orders_kafka_to_s3' retrieved from /opt/airflow/dags/main.py
[2026-04-30T00:12:37.573+0000] {logging_mixin.py:190} INFO - [2026-04-30T00:12:37.572+0000] {dag.py:3239} INFO - Sync 1 DAGs
[2026-04-30T00:12:37.829+0000] {logging_mixin.py:190} INFO - [2026-04-30T00:12:37.829+0000] {dag.py:4180} INFO - Setting next_dagrun for orders_kafka_to_s3 to 2026-04-29 00:00:00+00:00, run_after=2026-04-30 00:00:00+00:00
[2026-04-30T00:12:37.967+0000] {processor.py:208} INFO - Processing /opt/airflow/dags/main.py took 1.996 seconds
[2026-04-30T00:13:08.286+0000] {processor.py:186} INFO - Started process (PID=106) to work on /opt/airflow/dags/main.py
[2026-04-30T00:13:08.288+0000] {processor.py:914} INFO - Processing file /opt/airflow/dags/main.py for tasks to queue
[2026-04-30T00:13:08.293+0000] {logging_mixin.py:190} INFO - [2026-04-30T00:13:08.293+0000] {dagbag.py:588} INFO - Filling up the DagBag from /opt/airflow/dags/main.py
[2026-04-30T00:13:08.487+0000] {processor.py:925} INFO - DAG(s) 'orders_kafka_to_s3' retrieved from /opt/airflow/dags/main.py
[2026-04-30T00:13:08.526+0000] {logging_mixin.py:190} INFO - [2026-04-30T00:13:08.525+0000] {dag.py:3239} INFO - Sync 1 DAGs
[2026-04-30T00:13:08.577+0000] {logging_mixin.py:190} INFO - [2026-04-30T00:13:08.577+0000] {dag.py:4180} INFO - Setting next_dagrun for orders_kafka_to_s3 to 2026-04-29 00:00:00+00:00, run_after=2026-04-30 00:00:00+00:00
[2026-04-30T00:13:08.611+0000] {processor.py:208} INFO - Processing /opt/airflow/dags/main.py took 0.335 seconds
[2026-04-30T00:13:38.812+0000] {processor.py:186} INFO - Started process (PID=113) to work on /opt/airflow/dags/main.py
[2026-04-30T00:13:38.814+0000] {processor.py:914} INFO - Processing file /opt/airflow/dags/main.py for tasks to queue
[2026-04-30T00:13:38.819+0000] {logging_mixin.py:190} INFO - [2026-04-30T00:13:38.818+0000] {dagbag.py:588} INFO - Filling up the DagBag from /opt/airflow/dags/main.py
[2026-04-30T00:13:38.998+0000] {processor.py:925} INFO - DAG(s) 'orders_kafka_to_s3' retrieved from /opt/airflow/dags/main.py
[2026-04-30T00:13:39.052+0000] {logging_mixin.py:190} INFO - [2026-04-30T00:13:39.051+0000] {dag.py:3239} INFO - Sync 1 DAGs
[2026-04-30T00:13:39.100+0000] {logging_mixin.py:190} INFO - [2026-04-30T00:13:39.100+0000] {dag.py:4180} INFO - Setting next_dagrun for orders_kafka_to_s3 to 2026-04-29 00:00:00+00:00, run_after=2026-04-30 00:00:00+00:00
[2026-04-30T00:13:39.133+0000] {processor.py:208} INFO - Processing /opt/airflow/dags/main.py took 0.333 seconds
[2026-04-30T00:14:09.706+0000] {processor.py:186} INFO - Started process (PID=120) to work on /opt/airflow/dags/main.py
[2026-04-30T00:14:09.709+0000] {processor.py:914} INFO - Processing file /opt/airflow/dags/main.py for tasks to queue
[2026-04-30T00:14:09.724+0000] {logging_mixin.py:190} INFO - [2026-04-30T00:14:09.722+0000] {dagbag.py:588} INFO - Filling up the DagBag from /opt/airflow/dags/main.py
[2026-04-30T00:14:09.939+0000] {processor.py:925} INFO - DAG(s) 'orders_kafka_to_s3' retrieved from /opt/airflow/dags/main.py
[2026-04-30T00:14:09.987+0000] {logging_mixin.py:190} INFO - [2026-04-30T00:14:09.987+0000] {dag.py:3239} INFO - Sync 1 DAGs
[2026-04-30T00:14:10.030+0000] {logging_mixin.py:190} INFO - [2026-04-30T00:14:10.029+0000] {dag.py:4180} INFO - Setting next_dagrun for orders_kafka_to_s3 to 2026-04-29 00:00:00+00:00, run_after=2026-04-30 00:00:00+00:00
[2026-04-30T00:14:10.461+0000] {processor.py:208} INFO - Processing /opt/airflow/dags/main.py took 0.765 seconds
[2026-04-30T00:44:56.239+0000] {processor.py:186} INFO - Started process (PID=72) to work on /opt/airflow/dags/main.py
[2026-04-30T00:44:56.267+0000] {processor.py:914} INFO - Processing file /opt/airflow/dags/main.py for tasks to queue
[2026-04-30T00:44:56.342+0000] {logging_mixin.py:190} INFO - [2026-04-30T00:44:56.334+0000] {dagbag.py:588} INFO - Filling up the DagBag from /opt/airflow/dags/main.py
[2026-04-30T00:44:58.773+0000] {processor.py:925} INFO - DAG(s) 'orders_kafka_to_s3' retrieved from /opt/airflow/dags/main.py
[2026-04-30T00:45:00.104+0000] {logging_mixin.py:190} INFO - [2026-04-30T00:45:00.099+0000] {override.py:1912} INFO - Created Permission View: can read on DAG:orders_kafka_to_s3
[2026-04-30T00:45:00.143+0000] {logging_mixin.py:190} INFO - [2026-04-30T00:45:00.143+0000] {override.py:1912} INFO - Created Permission View: can delete on DAG:orders_kafka_to_s3
[2026-04-30T00:45:00.166+0000] {logging_mixin.py:190} INFO - [2026-04-30T00:45:00.165+0000] {override.py:1912} INFO - Created Permission View: can edit on DAG:orders_kafka_to_s3
[2026-04-30T00:45:00.187+0000] {logging_mixin.py:190} INFO - [2026-04-30T00:45:00.186+0000] {override.py:1912} INFO - Created Permission View: can read on DAG Run:orders_kafka_to_s3
[2026-04-30T00:45:00.208+0000] {logging_mixin.py:190} INFO - [2026-04-30T00:45:00.208+0000] {override.py:1912} INFO - Created Permission View: menu access on DAG Run:orders_kafka_to_s3
[2026-04-30T00:45:00.223+0000] {logging_mixin.py:190} INFO - [2026-04-30T00:45:00.222+0000] {override.py:1912} INFO - Created Permission View: can delete on DAG Run:orders_kafka_to_s3
[2026-04-30T00:45:00.236+0000] {logging_mixin.py:190} INFO - [2026-04-30T00:45:00.236+0000] {override.py:1912} INFO - Created Permission View: can create on DAG Run:orders_kafka_to_s3
[2026-04-30T00:45:00.237+0000] {logging_mixin.py:190} INFO - [2026-04-30T00:45:00.237+0000] {dag.py:3239} INFO - Sync 1 DAGs
[2026-04-30T00:45:00.274+0000] {logging_mixin.py:190} INFO - [2026-04-30T00:45:00.274+0000] {dag.py:3262} INFO - Creating ORM DAG for orders_kafka_to_s3
[2026-04-30T00:45:00.321+0000] {logging_mixin.py:190} INFO - [2026-04-30T00:45:00.320+0000] {dag.py:4180} INFO - Setting next_dagrun for orders_kafka_to_s3 to 2026-04-29 00:00:00+00:00, run_after=2026-04-30 00:00:00+00:00
[2026-04-30T00:45:00.773+0000] {processor.py:208} INFO - Processing /opt/airflow/dags/main.py took 4.796 seconds
[2026-04-30T00:45:31.911+0000] {processor.py:186} INFO - Started process (PID=79) to work on /opt/airflow/dags/main.py
[2026-04-30T00:45:31.951+0000] {processor.py:914} INFO - Processing file /opt/airflow/dags/main.py for tasks to queue
[2026-04-30T00:45:32.093+0000] {logging_mixin.py:190} INFO - [2026-04-30T00:45:32.066+0000] {dagbag.py:588} INFO - Filling up the DagBag from /opt/airflow/dags/main.py
[2026-04-30T00:45:33.130+0000] {processor.py:925} INFO - DAG(s) 'orders_kafka_to_s3' retrieved from /opt/airflow/dags/main.py
[2026-04-30T00:45:33.255+0000] {logging_mixin.py:190} INFO - [2026-04-30T00:45:33.255+0000] {dag.py:3239} INFO - Sync 1 DAGs
[2026-04-30T00:45:33.297+0000] {logging_mixin.py:190} INFO - [2026-04-30T00:45:33.296+0000] {dag.py:4180} INFO - Setting next_dagrun for orders_kafka_to_s3 to 2026-04-29 00:00:00+00:00, run_after=2026-04-30 00:00:00+00:00
[2026-04-30T00:45:33.342+0000] {processor.py:208} INFO - Processing /opt/airflow/dags/main.py took 1.709 seconds
[2026-04-30T00:46:03.969+0000] {processor.py:186} INFO - Started process (PID=86) to work on /opt/airflow/dags/main.py
[2026-04-30T00:46:04.008+0000] {processor.py:914} INFO - Processing file /opt/airflow/dags/main.py for tasks to queue
[2026-04-30T00:46:04.072+0000] {logging_mixin.py:190} INFO - [2026-04-30T00:46:04.063+0000] {dagbag.py:588} INFO - Filling up the DagBag from /opt/airflow/dags/main.py
[2026-04-30T00:46:05.099+0000] {processor.py:925} INFO - DAG(s) 'orders_kafka_to_s3' retrieved from /opt/airflow/dags/main.py
[2026-04-30T00:46:05.428+0000] {logging_mixin.py:190} INFO - [2026-04-30T00:46:05.426+0000] {dag.py:3239} INFO - Sync 1 DAGs
[2026-04-30T00:46:05.770+0000] {logging_mixin.py:190} INFO - [2026-04-30T00:46:05.769+0000] {dag.py:4180} INFO - Setting next_dagrun for orders_kafka_to_s3 to 2026-04-29 00:00:00+00:00, run_after=2026-04-30 00:00:00+00:00
[2026-04-30T00:46:05.889+0000] {processor.py:208} INFO - Processing /opt/airflow/dags/main.py took 2.236 seconds
[2026-04-30T00:46:36.315+0000] {processor.py:186} INFO - Started process (PID=93) to work on /opt/airflow/dags/main.py
[2026-04-30T00:46:36.318+0000] {processor.py:914} INFO - Processing file /opt/airflow/dags/main.py for tasks to queue
[2026-04-30T00:46:36.327+0000] {logging_mixin.py:190} INFO - [2026-04-30T00:46:36.326+0000] {dagbag.py:588} INFO - Filling up the DagBag from /opt/airflow/dags/main.py
[2026-04-30T00:46:36.600+0000] {processor.py:925} INFO - DAG(s) 'orders_kafka_to_s3' retrieved from /opt/airflow/dags/main.py
[2026-04-30T00:46:36.651+0000] {logging_mixin.py:190} INFO - [2026-04-30T00:46:36.650+0000] {dag.py:3239} INFO - Sync 1 DAGs
[2026-04-30T00:46:36.698+0000] {logging_mixin.py:190} INFO - [2026-04-30T00:46:36.697+0000] {dag.py:4180} INFO - Setting next_dagrun for orders_kafka_to_s3 to 2026-04-29 00:00:00+00:00, run_after=2026-04-30 00:00:00+00:00
[2026-04-30T00:46:36.732+0000] {processor.py:208} INFO - Processing /opt/airflow/dags/main.py took 0.436 seconds
[2026-04-30T00:47:07.114+0000] {processor.py:186} INFO - Started process (PID=106) to work on /opt/airflow/dags/main.py
[2026-04-30T00:47:07.117+0000] {processor.py:914} INFO - Processing file /opt/airflow/dags/main.py for tasks to queue
[2026-04-30T00:47:07.124+0000] {logging_mixin.py:190} INFO - [2026-04-30T00:47:07.123+0000] {dagbag.py:588} INFO - Filling up the DagBag from /opt/airflow/dags/main.py
[2026-04-30T00:47:07.333+0000] {processor.py:925} INFO - DAG(s) 'orders_kafka_to_s3' retrieved from /opt/airflow/dags/main.py
[2026-04-30T00:47:07.373+0000] {logging_mixin.py:190} INFO - [2026-04-30T00:47:07.373+0000] {dag.py:3239} INFO - Sync 1 DAGs
[2026-04-30T00:47:07.407+0000] {logging_mixin.py:190} INFO - [2026-04-30T00:47:07.407+0000] {dag.py:4180} INFO - Setting next_dagrun for orders_kafka_to_s3 to 2026-04-29 00:00:00+00:00, run_after=2026-04-30 00:00:00+00:00
[2026-04-30T00:47:07.468+0000] {processor.py:208} INFO - Processing /opt/airflow/dags/main.py took 0.387 seconds
[2026-04-30T00:47:37.727+0000] {processor.py:186} INFO - Started process (PID=113) to work on /opt/airflow/dags/main.py
[2026-04-30T00:47:37.729+0000] {processor.py:914} INFO - Processing file /opt/airflow/dags/main.py for tasks to queue
[2026-04-30T00:47:37.735+0000] {logging_mixin.py:190} INFO - [2026-04-30T00:47:37.734+0000] {dagbag.py:588} INFO - Filling up the DagBag from /opt/airflow/dags/main.py
[2026-04-30T00:47:37.898+0000] {processor.py:925} INFO - DAG(s) 'orders_kafka_to_s3' retrieved from /opt/airflow/dags/main.py
[2026-04-30T00:47:37.934+0000] {logging_mixin.py:190} INFO - [2026-04-30T00:47:37.934+0000] {dag.py:3239} INFO - Sync 1 DAGs
[2026-04-30T00:47:37.967+0000] {logging_mixin.py:190} INFO - [2026-04-30T00:47:37.967+0000] {dag.py:4180} INFO - Setting next_dagrun for orders_kafka_to_s3 to 2026-04-29 00:00:00+00:00, run_after=2026-04-30 00:00:00+00:00
[2026-04-30T00:47:37.998+0000] {processor.py:208} INFO - Processing /opt/airflow/dags/main.py took 0.280 seconds
[2026-04-30T00:48:08.798+0000] {processor.py:186} INFO - Started process (PID=120) to work on /opt/airflow/dags/main.py
[2026-04-30T00:48:08.801+0000] {processor.py:914} INFO - Processing file /opt/airflow/dags/main.py for tasks to queue
[2026-04-30T00:48:08.807+0000] {logging_mixin.py:190} INFO - [2026-04-30T00:48:08.807+0000] {dagbag.py:588} INFO - Filling up the DagBag from /opt/airflow/dags/main.py
[2026-04-30T00:48:08.998+0000] {processor.py:925} INFO - DAG(s) 'orders_kafka_to_s3' retrieved from /opt/airflow/dags/main.py
[2026-04-30T00:48:09.069+0000] {logging_mixin.py:190} INFO - [2026-04-30T00:48:09.069+0000] {dag.py:3239} INFO - Sync 1 DAGs
[2026-04-30T00:48:09.116+0000] {logging_mixin.py:190} INFO - [2026-04-30T00:48:09.115+0000] {dag.py:4180} INFO - Setting next_dagrun for orders_kafka_to_s3 to 2026-04-29 00:00:00+00:00, run_after=2026-04-30 00:00:00+00:00
[2026-04-30T00:48:09.160+0000] {processor.py:208} INFO - Processing /opt/airflow/dags/main.py took 0.377 seconds
[2026-04-30T00:48:39.502+0000] {processor.py:186} INFO - Started process (PID=127) to work on /opt/airflow/dags/main.py
[2026-04-30T00:48:39.504+0000] {processor.py:914} INFO - Processing file /opt/airflow/dags/main.py for tasks to queue
[2026-04-30T00:48:39.511+0000] {logging_mixin.py:190} INFO - [2026-04-30T00:48:39.510+0000] {dagbag.py:588} INFO - Filling up the DagBag from /opt/airflow/dags/main.py
[2026-04-30T00:48:39.744+0000] {processor.py:925} INFO - DAG(s) 'orders_kafka_to_s3' retrieved from /opt/airflow/dags/main.py
[2026-04-30T00:48:39.791+0000] {logging_mixin.py:190} INFO - [2026-04-30T00:48:39.791+0000] {dag.py:3239} INFO - Sync 1 DAGs
[2026-04-30T00:48:39.829+0000] {logging_mixin.py:190} INFO - [2026-04-30T00:48:39.828+0000] {dag.py:4180} INFO - Setting next_dagrun for orders_kafka_to_s3 to 2026-04-29 00:00:00+00:00, run_after=2026-04-30 00:00:00+00:00
[2026-04-30T00:48:40.244+0000] {processor.py:208} INFO - Processing /opt/airflow/dags/main.py took 0.754 seconds
[2026-04-30T00:49:10.589+0000] {processor.py:186} INFO - Started process (PID=138) to work on /opt/airflow/dags/main.py
[2026-04-30T00:49:10.591+0000] {processor.py:914} INFO - Processing file /opt/airflow/dags/main.py for tasks to queue
[2026-04-30T00:49:10.595+0000] {logging_mixin.py:190} INFO - [2026-04-30T00:49:10.595+0000] {dagbag.py:588} INFO - Filling up the DagBag from /opt/airflow/dags/main.py
[2026-04-30T00:49:10.908+0000] {processor.py:925} INFO - DAG(s) 'orders_kafka_to_s3' retrieved from /opt/airflow/dags/main.py
[2026-04-30T00:49:10.983+0000] {logging_mixin.py:190} INFO - [2026-04-30T00:49:10.982+0000] {dag.py:3239} INFO - Sync 1 DAGs
[2026-04-30T00:49:12.201+0000] {logging_mixin.py:190} INFO - [2026-04-30T00:49:12.200+0000] {dag.py:4180} INFO - Setting next_dagrun for orders_kafka_to_s3 to 2026-04-30 00:00:00+00:00, run_after=2026-05-01 00:00:00+00:00
[2026-04-30T00:49:12.236+0000] {processor.py:208} INFO - Processing /opt/airflow/dags/main.py took 1.656 seconds
[2026-04-30T00:49:42.764+0000] {processor.py:186} INFO - Started process (PID=145) to work on /opt/airflow/dags/main.py
[2026-04-30T00:49:42.768+0000] {processor.py:914} INFO - Processing file /opt/airflow/dags/main.py for tasks to queue
[2026-04-30T00:49:42.777+0000] {logging_mixin.py:190} INFO - [2026-04-30T00:49:42.776+0000] {dagbag.py:588} INFO - Filling up the DagBag from /opt/airflow/dags/main.py
[2026-04-30T00:49:43.009+0000] {processor.py:925} INFO - DAG(s) 'orders_kafka_to_s3' retrieved from /opt/airflow/dags/main.py
[2026-04-30T00:49:43.058+0000] {logging_mixin.py:190} INFO - [2026-04-30T00:49:43.058+0000] {dag.py:3239} INFO - Sync 1 DAGs
[2026-04-30T00:49:43.362+0000] {logging_mixin.py:190} INFO - [2026-04-30T00:49:43.362+0000] {dag.py:4180} INFO - Setting next_dagrun for orders_kafka_to_s3 to 2026-04-30 00:00:00+00:00, run_after=2026-05-01 00:00:00+00:00
[2026-04-30T00:49:43.395+0000] {processor.py:208} INFO - Processing /opt/airflow/dags/main.py took 0.652 seconds
[2026-04-30T00:50:13.508+0000] {processor.py:186} INFO - Started process (PID=152) to work on /opt/airflow/dags/main.py
[2026-04-30T00:50:13.511+0000] {processor.py:914} INFO - Processing file /opt/airflow/dags/main.py for tasks to queue
[2026-04-30T00:50:13.515+0000] {logging_mixin.py:190} INFO - [2026-04-30T00:50:13.514+0000] {dagbag.py:588} INFO - Filling up the DagBag from /opt/airflow/dags/main.py
[2026-04-30T00:50:13.699+0000] {processor.py:925} INFO - DAG(s) 'orders_kafka_to_s3' retrieved from /opt/airflow/dags/main.py
[2026-04-30T00:50:13.988+0000] {logging_mixin.py:190} INFO - [2026-04-30T00:50:13.988+0000] {dag.py:3239} INFO - Sync 1 DAGs
[2026-04-30T00:50:14.037+0000] {logging_mixin.py:190} INFO - [2026-04-30T00:50:14.037+0000] {dag.py:4180} INFO - Setting next_dagrun for orders_kafka_to_s3 to 2026-04-30 00:00:00+00:00, run_after=2026-05-01 00:00:00+00:00
[2026-04-30T00:50:14.075+0000] {processor.py:208} INFO - Processing /opt/airflow/dags/main.py took 0.581 seconds
[2026-04-30T00:50:44.428+0000] {processor.py:186} INFO - Started process (PID=159) to work on /opt/airflow/dags/main.py
[2026-04-30T00:50:44.430+0000] {processor.py:914} INFO - Processing file /opt/airflow/dags/main.py for tasks to queue
[2026-04-30T00:50:44.437+0000] {logging_mixin.py:190} INFO - [2026-04-30T00:50:44.435+0000] {dagbag.py:588} INFO - Filling up the DagBag from /opt/airflow/dags/main.py
[2026-04-30T00:50:44.850+0000] {processor.py:925} INFO - DAG(s) 'orders_kafka_to_s3' retrieved from /opt/airflow/dags/main.py
[2026-04-30T00:50:44.889+0000] {logging_mixin.py:190} INFO - [2026-04-30T00:50:44.889+0000] {dag.py:3239} INFO - Sync 1 DAGs
[2026-04-30T00:50:44.924+0000] {logging_mixin.py:190} INFO - [2026-04-30T00:50:44.924+0000] {dag.py:4180} INFO - Setting next_dagrun for orders_kafka_to_s3 to 2026-04-30 00:00:00+00:00, run_after=2026-05-01 00:00:00+00:00
[2026-04-30T00:50:44.954+0000] {processor.py:208} INFO - Processing /opt/airflow/dags/main.py took 0.550 seconds
[2026-04-30T00:51:15.384+0000] {processor.py:186} INFO - Started process (PID=166) to work on /opt/airflow/dags/main.py
[2026-04-30T00:51:15.388+0000] {processor.py:914} INFO - Processing file /opt/airflow/dags/main.py for tasks to queue
[2026-04-30T00:51:15.397+0000] {logging_mixin.py:190} INFO - [2026-04-30T00:51:15.395+0000] {dagbag.py:588} INFO - Filling up the DagBag from /opt/airflow/dags/main.py
[2026-04-30T00:51:16.002+0000] {processor.py:925} INFO - DAG(s) 'orders_kafka_to_s3' retrieved from /opt/airflow/dags/main.py
[2026-04-30T00:51:16.060+0000] {logging_mixin.py:190} INFO - [2026-04-30T00:51:16.059+0000] {dag.py:3239} INFO - Sync 1 DAGs
[2026-04-30T00:51:16.090+0000] {logging_mixin.py:190} INFO - [2026-04-30T00:51:16.090+0000] {dag.py:4180} INFO - Setting next_dagrun for orders_kafka_to_s3 to 2026-04-30 00:00:00+00:00, run_after=2026-05-01 00:00:00+00:00
[2026-04-30T00:51:16.118+0000] {processor.py:208} INFO - Processing /opt/airflow/dags/main.py took 0.750 seconds
[2026-04-30T00:51:46.526+0000] {processor.py:186} INFO - Started process (PID=180) to work on /opt/airflow/dags/main.py
[2026-04-30T00:51:46.528+0000] {processor.py:914} INFO - Processing file /opt/airflow/dags/main.py for tasks to queue
[2026-04-30T00:51:46.532+0000] {logging_mixin.py:190} INFO - [2026-04-30T00:51:46.531+0000] {dagbag.py:588} INFO - Filling up the DagBag from /opt/airflow/dags/main.py
[2026-04-30T00:51:46.733+0000] {processor.py:925} INFO - DAG(s) 'orders_kafka_to_s3' retrieved from /opt/airflow/dags/main.py
[2026-04-30T00:51:46.770+0000] {logging_mixin.py:190} INFO - [2026-04-30T00:51:46.770+0000] {dag.py:3239} INFO - Sync 1 DAGs
[2026-04-30T00:51:47.156+0000] {logging_mixin.py:190} INFO - [2026-04-30T00:51:47.156+0000] {dag.py:4180} INFO - Setting next_dagrun for orders_kafka_to_s3 to 2026-04-30 00:00:00+00:00, run_after=2026-05-01 00:00:00+00:00
[2026-04-30T00:51:47.190+0000] {processor.py:208} INFO - Processing /opt/airflow/dags/main.py took 0.678 seconds
[2026-04-30T00:52:17.584+0000] {processor.py:186} INFO - Started process (PID=186) to work on /opt/airflow/dags/main.py
[2026-04-30T00:52:17.588+0000] {processor.py:914} INFO - Processing file /opt/airflow/dags/main.py for tasks to queue
[2026-04-30T00:52:17.596+0000] {logging_mixin.py:190} INFO - [2026-04-30T00:52:17.594+0000] {dagbag.py:588} INFO - Filling up the DagBag from /opt/airflow/dags/main.py
[2026-04-30T00:52:18.030+0000] {processor.py:925} INFO - DAG(s) 'orders_kafka_to_s3' retrieved from /opt/airflow/dags/main.py
[2026-04-30T00:52:18.119+0000] {logging_mixin.py:190} INFO - [2026-04-30T00:52:18.118+0000] {dag.py:3239} INFO - Sync 1 DAGs
[2026-04-30T00:52:18.567+0000] {logging_mixin.py:190} INFO - [2026-04-30T00:52:18.567+0000] {dag.py:4180} INFO - Setting next_dagrun for orders_kafka_to_s3 to 2026-04-30 00:00:00+00:00, run_after=2026-05-01 00:00:00+00:00
[2026-04-30T00:52:18.608+0000] {processor.py:208} INFO - Processing /opt/airflow/dags/main.py took 1.043 seconds
[2026-04-30T00:52:49.333+0000] {processor.py:186} INFO - Started process (PID=194) to work on /opt/airflow/dags/main.py
[2026-04-30T00:52:49.335+0000] {processor.py:914} INFO - Processing file /opt/airflow/dags/main.py for tasks to queue
[2026-04-30T00:52:49.340+0000] {logging_mixin.py:190} INFO - [2026-04-30T00:52:49.339+0000] {dagbag.py:588} INFO - Filling up the DagBag from /opt/airflow/dags/main.py
[2026-04-30T00:52:49.496+0000] {processor.py:925} INFO - DAG(s) 'orders_kafka_to_s3' retrieved from /opt/airflow/dags/main.py
[2026-04-30T00:52:49.937+0000] {logging_mixin.py:190} INFO - [2026-04-30T00:52:49.937+0000] {dag.py:3239} INFO - Sync 1 DAGs
[2026-04-30T00:52:49.974+0000] {logging_mixin.py:190} INFO - [2026-04-30T00:52:49.973+0000] {dag.py:4180} INFO - Setting next_dagrun for orders_kafka_to_s3 to 2026-04-30 00:00:00+00:00, run_after=2026-05-01 00:00:00+00:00
[2026-04-30T00:52:50.006+0000] {processor.py:208} INFO - Processing /opt/airflow/dags/main.py took 0.682 seconds
[2026-04-30T00:53:20.356+0000] {processor.py:186} INFO - Started process (PID=201) to work on /opt/airflow/dags/main.py
[2026-04-30T00:53:20.359+0000] {processor.py:914} INFO - Processing file /opt/airflow/dags/main.py for tasks to queue
[2026-04-30T00:53:20.365+0000] {logging_mixin.py:190} INFO - [2026-04-30T00:53:20.365+0000] {dagbag.py:588} INFO - Filling up the DagBag from /opt/airflow/dags/main.py
[2026-04-30T00:53:20.552+0000] {processor.py:925} INFO - DAG(s) 'orders_kafka_to_s3' retrieved from /opt/airflow/dags/main.py
[2026-04-30T00:53:20.822+0000] {logging_mixin.py:190} INFO - [2026-04-30T00:53:20.822+0000] {dag.py:3239} INFO - Sync 1 DAGs
[2026-04-30T00:53:20.855+0000] {logging_mixin.py:190} INFO - [2026-04-30T00:53:20.855+0000] {dag.py:4180} INFO - Setting next_dagrun for orders_kafka_to_s3 to 2026-04-30 00:00:00+00:00, run_after=2026-05-01 00:00:00+00:00
[2026-04-30T00:53:20.885+0000] {processor.py:208} INFO - Processing /opt/airflow/dags/main.py took 0.542 seconds
[2026-04-30T00:53:51.296+0000] {processor.py:186} INFO - Started process (PID=209) to work on /opt/airflow/dags/main.py
[2026-04-30T00:53:51.297+0000] {processor.py:914} INFO - Processing file /opt/airflow/dags/main.py for tasks to queue
[2026-04-30T00:53:51.302+0000] {logging_mixin.py:190} INFO - [2026-04-30T00:53:51.301+0000] {dagbag.py:588} INFO - Filling up the DagBag from /opt/airflow/dags/main.py
[2026-04-30T00:53:52.095+0000] {processor.py:925} INFO - DAG(s) 'orders_kafka_to_s3' retrieved from /opt/airflow/dags/main.py
[2026-04-30T00:53:52.132+0000] {logging_mixin.py:190} INFO - [2026-04-30T00:53:52.132+0000] {dag.py:3239} INFO - Sync 1 DAGs
[2026-04-30T00:53:52.165+0000] {logging_mixin.py:190} INFO - [2026-04-30T00:53:52.164+0000] {dag.py:4180} INFO - Setting next_dagrun for orders_kafka_to_s3 to 2026-04-30 00:00:00+00:00, run_after=2026-05-01 00:00:00+00:00
[2026-04-30T00:53:52.195+0000] {processor.py:208} INFO - Processing /opt/airflow/dags/main.py took 0.916 seconds
[2026-04-30T00:54:22.403+0000] {processor.py:186} INFO - Started process (PID=216) to work on /opt/airflow/dags/main.py
[2026-04-30T00:54:22.405+0000] {processor.py:914} INFO - Processing file /opt/airflow/dags/main.py for tasks to queue
[2026-04-30T00:54:22.412+0000] {logging_mixin.py:190} INFO - [2026-04-30T00:54:22.411+0000] {dagbag.py:588} INFO - Filling up the DagBag from /opt/airflow/dags/main.py
[2026-04-30T00:54:22.897+0000] {processor.py:925} INFO - DAG(s) 'orders_kafka_to_s3' retrieved from /opt/airflow/dags/main.py
[2026-04-30T00:54:22.936+0000] {logging_mixin.py:190} INFO - [2026-04-30T00:54:22.936+0000] {dag.py:3239} INFO - Sync 1 DAGs
[2026-04-30T00:54:22.967+0000] {logging_mixin.py:190} INFO - [2026-04-30T00:54:22.967+0000] {dag.py:4180} INFO - Setting next_dagrun for orders_kafka_to_s3 to 2026-04-30 00:00:00+00:00, run_after=2026-05-01 00:00:00+00:00
[2026-04-30T00:54:23.013+0000] {processor.py:208} INFO - Processing /opt/airflow/dags/main.py took 0.624 seconds
[2026-04-30T00:54:53.374+0000] {processor.py:186} INFO - Started process (PID=224) to work on /opt/airflow/dags/main.py
[2026-04-30T00:54:53.377+0000] {processor.py:914} INFO - Processing file /opt/airflow/dags/main.py for tasks to queue
[2026-04-30T00:54:53.384+0000] {logging_mixin.py:190} INFO - [2026-04-30T00:54:53.383+0000] {dagbag.py:588} INFO - Filling up the DagBag from /opt/airflow/dags/main.py
[2026-04-30T00:54:53.653+0000] {processor.py:925} INFO - DAG(s) 'orders_kafka_to_s3' retrieved from /opt/airflow/dags/main.py
[2026-04-30T00:54:53.706+0000] {logging_mixin.py:190} INFO - [2026-04-30T00:54:53.706+0000] {dag.py:3239} INFO - Sync 1 DAGs
[2026-04-30T00:54:54.033+0000] {logging_mixin.py:190} INFO - [2026-04-30T00:54:54.032+0000] {dag.py:4180} INFO - Setting next_dagrun for orders_kafka_to_s3 to 2026-04-30 00:00:00+00:00, run_after=2026-05-01 00:00:00+00:00
[2026-04-30T00:54:54.066+0000] {processor.py:208} INFO - Processing /opt/airflow/dags/main.py took 0.716 seconds
[2026-04-30T00:55:24.629+0000] {processor.py:186} INFO - Started process (PID=231) to work on /opt/airflow/dags/main.py
[2026-04-30T00:55:24.634+0000] {processor.py:914} INFO - Processing file /opt/airflow/dags/main.py for tasks to queue
[2026-04-30T00:55:24.654+0000] {logging_mixin.py:190} INFO - [2026-04-30T00:55:24.653+0000] {dagbag.py:588} INFO - Filling up the DagBag from /opt/airflow/dags/main.py
[2026-04-30T00:55:24.868+0000] {processor.py:925} INFO - DAG(s) 'orders_kafka_to_s3' retrieved from /opt/airflow/dags/main.py
[2026-04-30T00:55:24.904+0000] {logging_mixin.py:190} INFO - [2026-04-30T00:55:24.903+0000] {dag.py:3239} INFO - Sync 1 DAGs
[2026-04-30T00:55:25.150+0000] {logging_mixin.py:190} INFO - [2026-04-30T00:55:25.149+0000] {dag.py:4180} INFO - Setting next_dagrun for orders_kafka_to_s3 to 2026-04-30 00:00:00+00:00, run_after=2026-05-01 00:00:00+00:00
[2026-04-30T00:55:25.182+0000] {processor.py:208} INFO - Processing /opt/airflow/dags/main.py took 0.575 seconds
[2026-04-30T00:55:55.572+0000] {processor.py:186} INFO - Started process (PID=238) to work on /opt/airflow/dags/main.py
[2026-04-30T00:55:55.574+0000] {processor.py:914} INFO - Processing file /opt/airflow/dags/main.py for tasks to queue
[2026-04-30T00:55:55.579+0000] {logging_mixin.py:190} INFO - [2026-04-30T00:55:55.578+0000] {dagbag.py:588} INFO - Filling up the DagBag from /opt/airflow/dags/main.py
[2026-04-30T00:55:55.763+0000] {processor.py:925} INFO - DAG(s) 'orders_kafka_to_s3' retrieved from /opt/airflow/dags/main.py
[2026-04-30T00:55:56.015+0000] {logging_mixin.py:190} INFO - [2026-04-30T00:55:56.015+0000] {dag.py:3239} INFO - Sync 1 DAGs
[2026-04-30T00:55:56.047+0000] {logging_mixin.py:190} INFO - [2026-04-30T00:55:56.047+0000] {dag.py:4180} INFO - Setting next_dagrun for orders_kafka_to_s3 to 2026-04-30 00:00:00+00:00, run_after=2026-05-01 00:00:00+00:00
[2026-04-30T00:55:56.076+0000] {processor.py:208} INFO - Processing /opt/airflow/dags/main.py took 0.520 seconds
[2026-04-30T00:56:26.280+0000] {processor.py:186} INFO - Started process (PID=250) to work on /opt/airflow/dags/main.py
[2026-04-30T00:56:26.283+0000] {processor.py:914} INFO - Processing file /opt/airflow/dags/main.py for tasks to queue
[2026-04-30T00:56:26.291+0000] {logging_mixin.py:190} INFO - [2026-04-30T00:56:26.290+0000] {dagbag.py:588} INFO - Filling up the DagBag from /opt/airflow/dags/main.py
[2026-04-30T00:56:26.820+0000] {processor.py:925} INFO - DAG(s) 'orders_kafka_to_s3' retrieved from /opt/airflow/dags/main.py
[2026-04-30T00:56:26.857+0000] {logging_mixin.py:190} INFO - [2026-04-30T00:56:26.857+0000] {dag.py:3239} INFO - Sync 1 DAGs
[2026-04-30T00:56:26.892+0000] {logging_mixin.py:190} INFO - [2026-04-30T00:56:26.892+0000] {dag.py:4180} INFO - Setting next_dagrun for orders_kafka_to_s3 to 2026-04-30 00:00:00+00:00, run_after=2026-05-01 00:00:00+00:00
[2026-04-30T00:56:26.927+0000] {processor.py:208} INFO - Processing /opt/airflow/dags/main.py took 0.667 seconds
[2026-04-30T00:56:57.420+0000] {processor.py:186} INFO - Started process (PID=256) to work on /opt/airflow/dags/main.py
[2026-04-30T00:56:57.422+0000] {processor.py:914} INFO - Processing file /opt/airflow/dags/main.py for tasks to queue
[2026-04-30T00:56:57.428+0000] {logging_mixin.py:190} INFO - [2026-04-30T00:56:57.427+0000] {dagbag.py:588} INFO - Filling up the DagBag from /opt/airflow/dags/main.py
[2026-04-30T00:56:57.954+0000] {processor.py:925} INFO - DAG(s) 'orders_kafka_to_s3' retrieved from /opt/airflow/dags/main.py
[2026-04-30T00:56:57.989+0000] {logging_mixin.py:190} INFO - [2026-04-30T00:56:57.988+0000] {dag.py:3239} INFO - Sync 1 DAGs
[2026-04-30T00:56:58.022+0000] {logging_mixin.py:190} INFO - [2026-04-30T00:56:58.021+0000] {dag.py:4180} INFO - Setting next_dagrun for orders_kafka_to_s3 to 2026-04-30 00:00:00+00:00, run_after=2026-05-01 00:00:00+00:00
[2026-04-30T00:56:58.054+0000] {processor.py:208} INFO - Processing /opt/airflow/dags/main.py took 0.650 seconds
[2026-04-30T08:17:51.969+0000] {processor.py:186} INFO - Started process (PID=69) to work on /opt/airflow/dags/main.py
[2026-04-30T08:17:51.973+0000] {processor.py:914} INFO - Processing file /opt/airflow/dags/main.py for tasks to queue
[2026-04-30T08:17:51.979+0000] {logging_mixin.py:190} INFO - [2026-04-30T08:17:51.978+0000] {dagbag.py:588} INFO - Filling up the DagBag from /opt/airflow/dags/main.py
[2026-04-30T08:17:53.424+0000] {processor.py:925} INFO - DAG(s) 'orders_kafka_to_s3' retrieved from /opt/airflow/dags/main.py
[2026-04-30T08:17:54.627+0000] {logging_mixin.py:190} INFO - [2026-04-30T08:17:54.626+0000] {override.py:1912} INFO - Created Permission View: can delete on DAG:orders_kafka_to_s3
[2026-04-30T08:17:54.664+0000] {logging_mixin.py:190} INFO - [2026-04-30T08:17:54.664+0000] {override.py:1912} INFO - Created Permission View: can read on DAG:orders_kafka_to_s3
[2026-04-30T08:17:54.683+0000] {logging_mixin.py:190} INFO - [2026-04-30T08:17:54.682+0000] {override.py:1912} INFO - Created Permission View: can edit on DAG:orders_kafka_to_s3
[2026-04-30T08:17:54.710+0000] {logging_mixin.py:190} INFO - [2026-04-30T08:17:54.710+0000] {override.py:1912} INFO - Created Permission View: menu access on DAG Run:orders_kafka_to_s3
[2026-04-30T08:17:54.740+0000] {logging_mixin.py:190} INFO - [2026-04-30T08:17:54.739+0000] {override.py:1912} INFO - Created Permission View: can create on DAG Run:orders_kafka_to_s3
[2026-04-30T08:17:54.772+0000] {logging_mixin.py:190} INFO - [2026-04-30T08:17:54.771+0000] {override.py:1912} INFO - Created Permission View: can read on DAG Run:orders_kafka_to_s3
[2026-04-30T08:17:54.821+0000] {logging_mixin.py:190} INFO - [2026-04-30T08:17:54.820+0000] {override.py:1912} INFO - Created Permission View: can delete on DAG Run:orders_kafka_to_s3
[2026-04-30T08:17:54.824+0000] {logging_mixin.py:190} INFO - [2026-04-30T08:17:54.824+0000] {dag.py:3239} INFO - Sync 1 DAGs
[2026-04-30T08:17:54.908+0000] {logging_mixin.py:190} INFO - [2026-04-30T08:17:54.908+0000] {dag.py:3262} INFO - Creating ORM DAG for orders_kafka_to_s3
[2026-04-30T08:17:54.968+0000] {logging_mixin.py:190} INFO - [2026-04-30T08:17:54.968+0000] {dag.py:4180} INFO - Setting next_dagrun for orders_kafka_to_s3 to 2026-04-29 00:00:00+00:00, run_after=2026-04-30 00:00:00+00:00
[2026-04-30T08:17:55.185+0000] {processor.py:208} INFO - Processing /opt/airflow/dags/main.py took 3.238 seconds
[2026-04-30T08:18:37.421+0000] {processor.py:186} INFO - Started process (PID=53) to work on /opt/airflow/dags/main.py
[2026-04-30T08:18:37.423+0000] {processor.py:914} INFO - Processing file /opt/airflow/dags/main.py for tasks to queue
[2026-04-30T08:18:37.427+0000] {logging_mixin.py:190} INFO - [2026-04-30T08:18:37.427+0000] {dagbag.py:588} INFO - Filling up the DagBag from /opt/airflow/dags/main.py
[2026-04-30T08:18:37.596+0000] {processor.py:925} INFO - DAG(s) 'orders_kafka_to_s3' retrieved from /opt/airflow/dags/main.py
[2026-04-30T08:18:37.648+0000] {logging_mixin.py:190} INFO - [2026-04-30T08:18:37.647+0000] {dag.py:3239} INFO - Sync 1 DAGs
[2026-04-30T08:18:37.699+0000] {logging_mixin.py:190} INFO - [2026-04-30T08:18:37.699+0000] {dag.py:4180} INFO - Setting next_dagrun for orders_kafka_to_s3 to 2026-04-29 00:00:00+00:00, run_after=2026-04-30 00:00:00+00:00
[2026-04-30T08:18:37.737+0000] {processor.py:208} INFO - Processing /opt/airflow/dags/main.py took 0.326 seconds
[2026-04-30T08:19:08.179+0000] {processor.py:186} INFO - Started process (PID=66) to work on /opt/airflow/dags/main.py
[2026-04-30T08:19:08.181+0000] {processor.py:914} INFO - Processing file /opt/airflow/dags/main.py for tasks to queue
[2026-04-30T08:19:08.189+0000] {logging_mixin.py:190} INFO - [2026-04-30T08:19:08.188+0000] {dagbag.py:588} INFO - Filling up the DagBag from /opt/airflow/dags/main.py
[2026-04-30T08:19:08.411+0000] {processor.py:925} INFO - DAG(s) 'orders_kafka_to_s3' retrieved from /opt/airflow/dags/main.py
[2026-04-30T08:19:08.450+0000] {logging_mixin.py:190} INFO - [2026-04-30T08:19:08.450+0000] {dag.py:3239} INFO - Sync 1 DAGs
[2026-04-30T08:19:08.486+0000] {logging_mixin.py:190} INFO - [2026-04-30T08:19:08.486+0000] {dag.py:4180} INFO - Setting next_dagrun for orders_kafka_to_s3 to 2026-04-29 00:00:00+00:00, run_after=2026-04-30 00:00:00+00:00
[2026-04-30T08:19:08.521+0000] {processor.py:208} INFO - Processing /opt/airflow/dags/main.py took 0.356 seconds
[2026-04-30T08:19:39.260+0000] {processor.py:186} INFO - Started process (PID=72) to work on /opt/airflow/dags/main.py
[2026-04-30T08:19:39.262+0000] {processor.py:914} INFO - Processing file /opt/airflow/dags/main.py for tasks to queue
[2026-04-30T08:19:39.266+0000] {logging_mixin.py:190} INFO - [2026-04-30T08:19:39.266+0000] {dagbag.py:588} INFO - Filling up the DagBag from /opt/airflow/dags/main.py
[2026-04-30T08:19:39.457+0000] {processor.py:925} INFO - DAG(s) 'orders_kafka_to_s3' retrieved from /opt/airflow/dags/main.py
[2026-04-30T08:19:39.502+0000] {logging_mixin.py:190} INFO - [2026-04-30T08:19:39.501+0000] {dag.py:3239} INFO - Sync 1 DAGs
[2026-04-30T08:19:39.549+0000] {logging_mixin.py:190} INFO - [2026-04-30T08:19:39.549+0000] {dag.py:4180} INFO - Setting next_dagrun for orders_kafka_to_s3 to 2026-04-29 00:00:00+00:00, run_after=2026-04-30 00:00:00+00:00
[2026-04-30T08:19:39.578+0000] {processor.py:208} INFO - Processing /opt/airflow/dags/main.py took 0.339 seconds
[2026-04-30T08:20:10.239+0000] {processor.py:186} INFO - Started process (PID=79) to work on /opt/airflow/dags/main.py
[2026-04-30T08:20:10.241+0000] {processor.py:914} INFO - Processing file /opt/airflow/dags/main.py for tasks to queue
[2026-04-30T08:20:10.247+0000] {logging_mixin.py:190} INFO - [2026-04-30T08:20:10.246+0000] {dagbag.py:588} INFO - Filling up the DagBag from /opt/airflow/dags/main.py
[2026-04-30T08:20:10.439+0000] {processor.py:925} INFO - DAG(s) 'orders_kafka_to_s3' retrieved from /opt/airflow/dags/main.py
[2026-04-30T08:20:10.472+0000] {logging_mixin.py:190} INFO - [2026-04-30T08:20:10.472+0000] {dag.py:3239} INFO - Sync 1 DAGs
[2026-04-30T08:20:10.506+0000] {logging_mixin.py:190} INFO - [2026-04-30T08:20:10.505+0000] {dag.py:4180} INFO - Setting next_dagrun for orders_kafka_to_s3 to 2026-04-29 00:00:00+00:00, run_after=2026-04-30 00:00:00+00:00
[2026-04-30T08:20:10.540+0000] {processor.py:208} INFO - Processing /opt/airflow/dags/main.py took 0.315 seconds
[2026-04-30T08:20:41.242+0000] {processor.py:186} INFO - Started process (PID=86) to work on /opt/airflow/dags/main.py
[2026-04-30T08:20:41.244+0000] {processor.py:914} INFO - Processing file /opt/airflow/dags/main.py for tasks to queue
[2026-04-30T08:20:41.248+0000] {logging_mixin.py:190} INFO - [2026-04-30T08:20:41.247+0000] {dagbag.py:588} INFO - Filling up the DagBag from /opt/airflow/dags/main.py
[2026-04-30T08:20:41.520+0000] {processor.py:925} INFO - DAG(s) 'orders_kafka_to_s3' retrieved from /opt/airflow/dags/main.py
[2026-04-30T08:20:41.662+0000] {logging_mixin.py:190} INFO - [2026-04-30T08:20:41.661+0000] {dag.py:3239} INFO - Sync 1 DAGs
[2026-04-30T08:20:41.747+0000] {logging_mixin.py:190} INFO - [2026-04-30T08:20:41.746+0000] {dag.py:4180} INFO - Setting next_dagrun for orders_kafka_to_s3 to 2026-04-29 00:00:00+00:00, run_after=2026-04-30 00:00:00+00:00
[2026-04-30T08:20:43.250+0000] {processor.py:208} INFO - Processing /opt/airflow/dags/main.py took 2.016 seconds
[2026-04-30T08:21:13.942+0000] {processor.py:186} INFO - Started process (PID=93) to work on /opt/airflow/dags/main.py
[2026-04-30T08:21:13.944+0000] {processor.py:914} INFO - Processing file /opt/airflow/dags/main.py for tasks to queue
[2026-04-30T08:21:13.948+0000] {logging_mixin.py:190} INFO - [2026-04-30T08:21:13.948+0000] {dagbag.py:588} INFO - Filling up the DagBag from /opt/airflow/dags/main.py
[2026-04-30T08:21:14.147+0000] {processor.py:925} INFO - DAG(s) 'orders_kafka_to_s3' retrieved from /opt/airflow/dags/main.py
[2026-04-30T08:21:14.185+0000] {logging_mixin.py:190} INFO - [2026-04-30T08:21:14.185+0000] {dag.py:3239} INFO - Sync 1 DAGs
[2026-04-30T08:21:14.446+0000] {logging_mixin.py:190} INFO - [2026-04-30T08:21:14.445+0000] {dag.py:4180} INFO - Setting next_dagrun for orders_kafka_to_s3 to 2026-04-29 00:00:00+00:00, run_after=2026-04-30 00:00:00+00:00
[2026-04-30T08:21:14.472+0000] {processor.py:208} INFO - Processing /opt/airflow/dags/main.py took 0.540 seconds
[2026-04-30T08:21:45.153+0000] {processor.py:186} INFO - Started process (PID=99) to work on /opt/airflow/dags/main.py
[2026-04-30T08:21:45.155+0000] {processor.py:914} INFO - Processing file /opt/airflow/dags/main.py for tasks to queue
[2026-04-30T08:21:45.164+0000] {logging_mixin.py:190} INFO - [2026-04-30T08:21:45.163+0000] {dagbag.py:588} INFO - Filling up the DagBag from /opt/airflow/dags/main.py
[2026-04-30T08:21:45.376+0000] {processor.py:925} INFO - DAG(s) 'orders_kafka_to_s3' retrieved from /opt/airflow/dags/main.py
[2026-04-30T08:21:45.416+0000] {logging_mixin.py:190} INFO - [2026-04-30T08:21:45.415+0000] {dag.py:3239} INFO - Sync 1 DAGs
[2026-04-30T08:21:45.449+0000] {logging_mixin.py:190} INFO - [2026-04-30T08:21:45.449+0000] {dag.py:4180} INFO - Setting next_dagrun for orders_kafka_to_s3 to 2026-04-29 00:00:00+00:00, run_after=2026-04-30 00:00:00+00:00
[2026-04-30T08:21:45.481+0000] {processor.py:208} INFO - Processing /opt/airflow/dags/main.py took 0.343 seconds
[2026-04-30T08:22:16.192+0000] {processor.py:186} INFO - Started process (PID=106) to work on /opt/airflow/dags/main.py
[2026-04-30T08:22:16.196+0000] {processor.py:914} INFO - Processing file /opt/airflow/dags/main.py for tasks to queue
[2026-04-30T08:22:16.199+0000] {logging_mixin.py:190} INFO - [2026-04-30T08:22:16.199+0000] {dagbag.py:588} INFO - Filling up the DagBag from /opt/airflow/dags/main.py
[2026-04-30T08:22:16.366+0000] {processor.py:925} INFO - DAG(s) 'orders_kafka_to_s3' retrieved from /opt/airflow/dags/main.py
[2026-04-30T08:22:16.417+0000] {logging_mixin.py:190} INFO - [2026-04-30T08:22:16.417+0000] {dag.py:3239} INFO - Sync 1 DAGs
[2026-04-30T08:22:16.453+0000] {logging_mixin.py:190} INFO - [2026-04-30T08:22:16.453+0000] {dag.py:4180} INFO - Setting next_dagrun for orders_kafka_to_s3 to 2026-04-29 00:00:00+00:00, run_after=2026-04-30 00:00:00+00:00
[2026-04-30T08:22:16.481+0000] {processor.py:208} INFO - Processing /opt/airflow/dags/main.py took 0.297 seconds
[2026-04-30T08:22:46.612+0000] {processor.py:186} INFO - Started process (PID=113) to work on /opt/airflow/dags/main.py
[2026-04-30T08:22:46.614+0000] {processor.py:914} INFO - Processing file /opt/airflow/dags/main.py for tasks to queue
[2026-04-30T08:22:46.619+0000] {logging_mixin.py:190} INFO - [2026-04-30T08:22:46.618+0000] {dagbag.py:588} INFO - Filling up the DagBag from /opt/airflow/dags/main.py
[2026-04-30T08:22:46.783+0000] {processor.py:925} INFO - DAG(s) 'orders_kafka_to_s3' retrieved from /opt/airflow/dags/main.py
[2026-04-30T08:22:46.821+0000] {logging_mixin.py:190} INFO - [2026-04-30T08:22:46.821+0000] {dag.py:3239} INFO - Sync 1 DAGs
[2026-04-30T08:22:46.855+0000] {logging_mixin.py:190} INFO - [2026-04-30T08:22:46.855+0000] {dag.py:4180} INFO - Setting next_dagrun for orders_kafka_to_s3 to 2026-04-29 00:00:00+00:00, run_after=2026-04-30 00:00:00+00:00
[2026-04-30T08:22:46.883+0000] {processor.py:208} INFO - Processing /opt/airflow/dags/main.py took 0.282 seconds
[2026-04-30T08:23:17.179+0000] {processor.py:186} INFO - Started process (PID=132) to work on /opt/airflow/dags/main.py
[2026-04-30T08:23:17.183+0000] {processor.py:914} INFO - Processing file /opt/airflow/dags/main.py for tasks to queue
[2026-04-30T08:23:17.189+0000] {logging_mixin.py:190} INFO - [2026-04-30T08:23:17.188+0000] {dagbag.py:588} INFO - Filling up the DagBag from /opt/airflow/dags/main.py
[2026-04-30T08:23:17.472+0000] {processor.py:925} INFO - DAG(s) 'orders_kafka_to_s3' retrieved from /opt/airflow/dags/main.py
[2026-04-30T08:23:17.514+0000] {logging_mixin.py:190} INFO - [2026-04-30T08:23:17.514+0000] {dag.py:3239} INFO - Sync 1 DAGs
[2026-04-30T08:23:17.552+0000] {logging_mixin.py:190} INFO - [2026-04-30T08:23:17.552+0000] {dag.py:4180} INFO - Setting next_dagrun for orders_kafka_to_s3 to 2026-04-30 00:00:00+00:00, run_after=2026-05-01 00:00:00+00:00
[2026-04-30T08:23:17.587+0000] {processor.py:208} INFO - Processing /opt/airflow/dags/main.py took 0.428 seconds
[2026-04-30T08:23:48.107+0000] {processor.py:186} INFO - Started process (PID=139) to work on /opt/airflow/dags/main.py
[2026-04-30T08:23:48.110+0000] {processor.py:914} INFO - Processing file /opt/airflow/dags/main.py for tasks to queue
[2026-04-30T08:23:48.116+0000] {logging_mixin.py:190} INFO - [2026-04-30T08:23:48.116+0000] {dagbag.py:588} INFO - Filling up the DagBag from /opt/airflow/dags/main.py
[2026-04-30T08:23:48.323+0000] {processor.py:925} INFO - DAG(s) 'orders_kafka_to_s3' retrieved from /opt/airflow/dags/main.py
[2026-04-30T08:23:48.375+0000] {logging_mixin.py:190} INFO - [2026-04-30T08:23:48.374+0000] {dag.py:3239} INFO - Sync 1 DAGs
[2026-04-30T08:23:48.658+0000] {logging_mixin.py:190} INFO - [2026-04-30T08:23:48.657+0000] {dag.py:4180} INFO - Setting next_dagrun for orders_kafka_to_s3 to 2026-04-30 00:00:00+00:00, run_after=2026-05-01 00:00:00+00:00
[2026-04-30T08:23:48.691+0000] {processor.py:208} INFO - Processing /opt/airflow/dags/main.py took 0.593 seconds
[2026-04-30T08:24:19.109+0000] {processor.py:186} INFO - Started process (PID=152) to work on /opt/airflow/dags/main.py
[2026-04-30T08:24:19.112+0000] {processor.py:914} INFO - Processing file /opt/airflow/dags/main.py for tasks to queue
[2026-04-30T08:24:19.117+0000] {logging_mixin.py:190} INFO - [2026-04-30T08:24:19.117+0000] {dagbag.py:588} INFO - Filling up the DagBag from /opt/airflow/dags/main.py
[2026-04-30T08:24:19.359+0000] {processor.py:925} INFO - DAG(s) 'orders_kafka_to_s3' retrieved from /opt/airflow/dags/main.py
[2026-04-30T08:24:19.403+0000] {logging_mixin.py:190} INFO - [2026-04-30T08:24:19.403+0000] {dag.py:3239} INFO - Sync 1 DAGs
[2026-04-30T08:24:19.645+0000] {logging_mixin.py:190} INFO - [2026-04-30T08:24:19.644+0000] {dag.py:4180} INFO - Setting next_dagrun for orders_kafka_to_s3 to 2026-04-30 00:00:00+00:00, run_after=2026-05-01 00:00:00+00:00
[2026-04-30T08:24:19.675+0000] {processor.py:208} INFO - Processing /opt/airflow/dags/main.py took 0.580 seconds
[2026-04-30T08:24:50.553+0000] {processor.py:186} INFO - Started process (PID=159) to work on /opt/airflow/dags/main.py
[2026-04-30T08:24:50.555+0000] {processor.py:914} INFO - Processing file /opt/airflow/dags/main.py for tasks to queue
[2026-04-30T08:24:50.558+0000] {logging_mixin.py:190} INFO - [2026-04-30T08:24:50.558+0000] {dagbag.py:588} INFO - Filling up the DagBag from /opt/airflow/dags/main.py
[2026-04-30T08:24:50.711+0000] {processor.py:925} INFO - DAG(s) 'orders_kafka_to_s3' retrieved from /opt/airflow/dags/main.py
[2026-04-30T08:24:50.770+0000] {logging_mixin.py:190} INFO - [2026-04-30T08:24:50.770+0000] {dag.py:3239} INFO - Sync 1 DAGs
[2026-04-30T08:24:50.807+0000] {logging_mixin.py:190} INFO - [2026-04-30T08:24:50.806+0000] {dag.py:4180} INFO - Setting next_dagrun for orders_kafka_to_s3 to 2026-04-30 00:00:00+00:00, run_after=2026-05-01 00:00:00+00:00
[2026-04-30T08:24:50.851+0000] {processor.py:208} INFO - Processing /opt/airflow/dags/main.py took 0.307 seconds
[2026-04-30T08:25:21.315+0000] {processor.py:186} INFO - Started process (PID=166) to work on /opt/airflow/dags/main.py
[2026-04-30T08:25:21.317+0000] {processor.py:914} INFO - Processing file /opt/airflow/dags/main.py for tasks to queue
[2026-04-30T08:25:21.324+0000] {logging_mixin.py:190} INFO - [2026-04-30T08:25:21.323+0000] {dagbag.py:588} INFO - Filling up the DagBag from /opt/airflow/dags/main.py
[2026-04-30T08:25:21.523+0000] {processor.py:925} INFO - DAG(s) 'orders_kafka_to_s3' retrieved from /opt/airflow/dags/main.py
[2026-04-30T08:25:21.562+0000] {logging_mixin.py:190} INFO - [2026-04-30T08:25:21.562+0000] {dag.py:3239} INFO - Sync 1 DAGs
[2026-04-30T08:25:21.621+0000] {logging_mixin.py:190} INFO - [2026-04-30T08:25:21.620+0000] {dag.py:4180} INFO - Setting next_dagrun for orders_kafka_to_s3 to 2026-04-30 00:00:00+00:00, run_after=2026-05-01 00:00:00+00:00
[2026-04-30T08:25:21.672+0000] {processor.py:208} INFO - Processing /opt/airflow/dags/main.py took 0.375 seconds
[2026-04-30T08:25:51.993+0000] {processor.py:186} INFO - Started process (PID=173) to work on /opt/airflow/dags/main.py
[2026-04-30T08:25:51.995+0000] {processor.py:914} INFO - Processing file /opt/airflow/dags/main.py for tasks to queue
[2026-04-30T08:25:51.998+0000] {logging_mixin.py:190} INFO - [2026-04-30T08:25:51.998+0000] {dagbag.py:588} INFO - Filling up the DagBag from /opt/airflow/dags/main.py
[2026-04-30T08:25:52.156+0000] {processor.py:925} INFO - DAG(s) 'orders_kafka_to_s3' retrieved from /opt/airflow/dags/main.py
[2026-04-30T08:25:52.197+0000] {logging_mixin.py:190} INFO - [2026-04-30T08:25:52.197+0000] {dag.py:3239} INFO - Sync 1 DAGs
[2026-04-30T08:25:52.240+0000] {logging_mixin.py:190} INFO - [2026-04-30T08:25:52.240+0000] {dag.py:4180} INFO - Setting next_dagrun for orders_kafka_to_s3 to 2026-04-30 00:00:00+00:00, run_after=2026-05-01 00:00:00+00:00
[2026-04-30T08:25:52.275+0000] {processor.py:208} INFO - Processing /opt/airflow/dags/main.py took 0.291 seconds
[2026-04-30T08:26:22.692+0000] {processor.py:186} INFO - Started process (PID=180) to work on /opt/airflow/dags/main.py
[2026-04-30T08:26:22.695+0000] {processor.py:914} INFO - Processing file /opt/airflow/dags/main.py for tasks to queue
[2026-04-30T08:26:22.702+0000] {logging_mixin.py:190} INFO - [2026-04-30T08:26:22.701+0000] {dagbag.py:588} INFO - Filling up the DagBag from /opt/airflow/dags/main.py
[2026-04-30T08:26:22.861+0000] {processor.py:925} INFO - DAG(s) 'orders_kafka_to_s3' retrieved from /opt/airflow/dags/main.py
[2026-04-30T08:26:22.896+0000] {logging_mixin.py:190} INFO - [2026-04-30T08:26:22.896+0000] {dag.py:3239} INFO - Sync 1 DAGs
[2026-04-30T08:26:22.930+0000] {logging_mixin.py:190} INFO - [2026-04-30T08:26:22.929+0000] {dag.py:4180} INFO - Setting next_dagrun for orders_kafka_to_s3 to 2026-04-30 00:00:00+00:00, run_after=2026-05-01 00:00:00+00:00
[2026-04-30T08:26:23.197+0000] {processor.py:208} INFO - Processing /opt/airflow/dags/main.py took 0.523 seconds
[2026-04-30T08:26:53.471+0000] {processor.py:186} INFO - Started process (PID=187) to work on /opt/airflow/dags/main.py
[2026-04-30T08:26:53.474+0000] {processor.py:914} INFO - Processing file /opt/airflow/dags/main.py for tasks to queue
[2026-04-30T08:26:53.479+0000] {logging_mixin.py:190} INFO - [2026-04-30T08:26:53.478+0000] {dagbag.py:588} INFO - Filling up the DagBag from /opt/airflow/dags/main.py
[2026-04-30T08:26:53.678+0000] {processor.py:925} INFO - DAG(s) 'orders_kafka_to_s3' retrieved from /opt/airflow/dags/main.py
[2026-04-30T08:26:53.717+0000] {logging_mixin.py:190} INFO - [2026-04-30T08:26:53.717+0000] {dag.py:3239} INFO - Sync 1 DAGs
[2026-04-30T08:26:53.956+0000] {logging_mixin.py:190} INFO - [2026-04-30T08:26:53.955+0000] {dag.py:4180} INFO - Setting next_dagrun for orders_kafka_to_s3 to 2026-04-30 00:00:00+00:00, run_after=2026-05-01 00:00:00+00:00
[2026-04-30T08:26:53.992+0000] {processor.py:208} INFO - Processing /opt/airflow/dags/main.py took 0.541 seconds
[2026-04-30T08:27:24.107+0000] {processor.py:186} INFO - Started process (PID=194) to work on /opt/airflow/dags/main.py
[2026-04-30T08:27:24.109+0000] {processor.py:914} INFO - Processing file /opt/airflow/dags/main.py for tasks to queue
[2026-04-30T08:27:24.114+0000] {logging_mixin.py:190} INFO - [2026-04-30T08:27:24.113+0000] {dagbag.py:588} INFO - Filling up the DagBag from /opt/airflow/dags/main.py
[2026-04-30T08:27:24.320+0000] {processor.py:925} INFO - DAG(s) 'orders_kafka_to_s3' retrieved from /opt/airflow/dags/main.py
[2026-04-30T08:27:24.354+0000] {logging_mixin.py:190} INFO - [2026-04-30T08:27:24.354+0000] {dag.py:3239} INFO - Sync 1 DAGs
[2026-04-30T08:27:24.612+0000] {logging_mixin.py:190} INFO - [2026-04-30T08:27:24.612+0000] {dag.py:4180} INFO - Setting next_dagrun for orders_kafka_to_s3 to 2026-04-30 00:00:00+00:00, run_after=2026-05-01 00:00:00+00:00
[2026-04-30T08:27:24.643+0000] {processor.py:208} INFO - Processing /opt/airflow/dags/main.py took 0.548 seconds
[2026-04-30T08:27:54.816+0000] {processor.py:186} INFO - Started process (PID=201) to work on /opt/airflow/dags/main.py
[2026-04-30T08:27:54.818+0000] {processor.py:914} INFO - Processing file /opt/airflow/dags/main.py for tasks to queue
[2026-04-30T08:27:54.826+0000] {logging_mixin.py:190} INFO - [2026-04-30T08:27:54.825+0000] {dagbag.py:588} INFO - Filling up the DagBag from /opt/airflow/dags/main.py
[2026-04-30T08:27:55.083+0000] {processor.py:925} INFO - DAG(s) 'orders_kafka_to_s3' retrieved from /opt/airflow/dags/main.py
[2026-04-30T08:27:55.124+0000] {logging_mixin.py:190} INFO - [2026-04-30T08:27:55.123+0000] {dag.py:3239} INFO - Sync 1 DAGs
[2026-04-30T08:27:55.157+0000] {logging_mixin.py:190} INFO - [2026-04-30T08:27:55.157+0000] {dag.py:4180} INFO - Setting next_dagrun for orders_kafka_to_s3 to 2026-04-30 00:00:00+00:00, run_after=2026-05-01 00:00:00+00:00
[2026-04-30T08:27:55.188+0000] {processor.py:208} INFO - Processing /opt/airflow/dags/main.py took 0.383 seconds
[2026-04-30T08:28:25.538+0000] {processor.py:186} INFO - Started process (PID=208) to work on /opt/airflow/dags/main.py
[2026-04-30T08:28:25.540+0000] {processor.py:914} INFO - Processing file /opt/airflow/dags/main.py for tasks to queue
[2026-04-30T08:28:25.547+0000] {logging_mixin.py:190} INFO - [2026-04-30T08:28:25.546+0000] {dagbag.py:588} INFO - Filling up the DagBag from /opt/airflow/dags/main.py
[2026-04-30T08:28:25.888+0000] {processor.py:925} INFO - DAG(s) 'orders_kafka_to_s3' retrieved from /opt/airflow/dags/main.py
[2026-04-30T08:28:25.934+0000] {logging_mixin.py:190} INFO - [2026-04-30T08:28:25.934+0000] {dag.py:3239} INFO - Sync 1 DAGs
[2026-04-30T08:28:25.978+0000] {logging_mixin.py:190} INFO - [2026-04-30T08:28:25.977+0000] {dag.py:4180} INFO - Setting next_dagrun for orders_kafka_to_s3 to 2026-04-30 00:00:00+00:00, run_after=2026-05-01 00:00:00+00:00
[2026-04-30T08:28:26.017+0000] {processor.py:208} INFO - Processing /opt/airflow/dags/main.py took 0.492 seconds
[2026-04-30T08:28:56.529+0000] {processor.py:186} INFO - Started process (PID=215) to work on /opt/airflow/dags/main.py
[2026-04-30T08:28:56.531+0000] {processor.py:914} INFO - Processing file /opt/airflow/dags/main.py for tasks to queue
[2026-04-30T08:28:56.536+0000] {logging_mixin.py:190} INFO - [2026-04-30T08:28:56.535+0000] {dagbag.py:588} INFO - Filling up the DagBag from /opt/airflow/dags/main.py
[2026-04-30T08:28:56.734+0000] {processor.py:925} INFO - DAG(s) 'orders_kafka_to_s3' retrieved from /opt/airflow/dags/main.py
[2026-04-30T08:28:56.775+0000] {logging_mixin.py:190} INFO - [2026-04-30T08:28:56.775+0000] {dag.py:3239} INFO - Sync 1 DAGs
[2026-04-30T08:28:56.811+0000] {logging_mixin.py:190} INFO - [2026-04-30T08:28:56.810+0000] {dag.py:4180} INFO - Setting next_dagrun for orders_kafka_to_s3 to 2026-04-30 00:00:00+00:00, run_after=2026-05-01 00:00:00+00:00
[2026-04-30T08:28:57.096+0000] {processor.py:208} INFO - Processing /opt/airflow/dags/main.py took 0.603 seconds
[2026-04-30T08:29:27.527+0000] {processor.py:186} INFO - Started process (PID=228) to work on /opt/airflow/dags/main.py
[2026-04-30T08:29:27.529+0000] {processor.py:914} INFO - Processing file /opt/airflow/dags/main.py for tasks to queue
[2026-04-30T08:29:27.533+0000] {logging_mixin.py:190} INFO - [2026-04-30T08:29:27.532+0000] {dagbag.py:588} INFO - Filling up the DagBag from /opt/airflow/dags/main.py
[2026-04-30T08:29:27.704+0000] {processor.py:925} INFO - DAG(s) 'orders_kafka_to_s3' retrieved from /opt/airflow/dags/main.py
[2026-04-30T08:29:27.756+0000] {logging_mixin.py:190} INFO - [2026-04-30T08:29:27.756+0000] {dag.py:3239} INFO - Sync 1 DAGs
[2026-04-30T08:29:28.004+0000] {logging_mixin.py:190} INFO - [2026-04-30T08:29:28.004+0000] {dag.py:4180} INFO - Setting next_dagrun for orders_kafka_to_s3 to 2026-04-30 00:00:00+00:00, run_after=2026-05-01 00:00:00+00:00
[2026-04-30T08:29:28.033+0000] {processor.py:208} INFO - Processing /opt/airflow/dags/main.py took 0.515 seconds
[2026-04-30T08:29:58.461+0000] {processor.py:186} INFO - Started process (PID=235) to work on /opt/airflow/dags/main.py
[2026-04-30T08:29:58.464+0000] {processor.py:914} INFO - Processing file /opt/airflow/dags/main.py for tasks to queue
[2026-04-30T08:29:58.469+0000] {logging_mixin.py:190} INFO - [2026-04-30T08:29:58.469+0000] {dagbag.py:588} INFO - Filling up the DagBag from /opt/airflow/dags/main.py
[2026-04-30T08:29:58.673+0000] {processor.py:925} INFO - DAG(s) 'orders_kafka_to_s3' retrieved from /opt/airflow/dags/main.py
[2026-04-30T08:29:58.726+0000] {logging_mixin.py:190} INFO - [2026-04-30T08:29:58.726+0000] {dag.py:3239} INFO - Sync 1 DAGs
[2026-04-30T08:29:58.970+0000] {logging_mixin.py:190} INFO - [2026-04-30T08:29:58.970+0000] {dag.py:4180} INFO - Setting next_dagrun for orders_kafka_to_s3 to 2026-04-30 00:00:00+00:00, run_after=2026-05-01 00:00:00+00:00
[2026-04-30T08:29:59.019+0000] {processor.py:208} INFO - Processing /opt/airflow/dags/main.py took 0.571 seconds
[2026-04-30T08:30:29.241+0000] {processor.py:186} INFO - Started process (PID=242) to work on /opt/airflow/dags/main.py
[2026-04-30T08:30:29.243+0000] {processor.py:914} INFO - Processing file /opt/airflow/dags/main.py for tasks to queue
[2026-04-30T08:30:29.247+0000] {logging_mixin.py:190} INFO - [2026-04-30T08:30:29.247+0000] {dagbag.py:588} INFO - Filling up the DagBag from /opt/airflow/dags/main.py
[2026-04-30T08:30:29.408+0000] {processor.py:925} INFO - DAG(s) 'orders_kafka_to_s3' retrieved from /opt/airflow/dags/main.py
[2026-04-30T08:30:29.447+0000] {logging_mixin.py:190} INFO - [2026-04-30T08:30:29.446+0000] {dag.py:3239} INFO - Sync 1 DAGs
[2026-04-30T08:30:29.488+0000] {logging_mixin.py:190} INFO - [2026-04-30T08:30:29.487+0000] {dag.py:4180} INFO - Setting next_dagrun for orders_kafka_to_s3 to 2026-04-30 00:00:00+00:00, run_after=2026-05-01 00:00:00+00:00
[2026-04-30T08:30:29.516+0000] {processor.py:208} INFO - Processing /opt/airflow/dags/main.py took 0.288 seconds
[2026-04-30T08:31:00.235+0000] {processor.py:186} INFO - Started process (PID=249) to work on /opt/airflow/dags/main.py
[2026-04-30T08:31:00.238+0000] {processor.py:914} INFO - Processing file /opt/airflow/dags/main.py for tasks to queue
[2026-04-30T08:31:00.244+0000] {logging_mixin.py:190} INFO - [2026-04-30T08:31:00.244+0000] {dagbag.py:588} INFO - Filling up the DagBag from /opt/airflow/dags/main.py
[2026-04-30T08:31:00.407+0000] {processor.py:925} INFO - DAG(s) 'orders_kafka_to_s3' retrieved from /opt/airflow/dags/main.py
[2026-04-30T08:31:00.439+0000] {logging_mixin.py:190} INFO - [2026-04-30T08:31:00.439+0000] {dag.py:3239} INFO - Sync 1 DAGs
[2026-04-30T08:31:00.478+0000] {logging_mixin.py:190} INFO - [2026-04-30T08:31:00.478+0000] {dag.py:4180} INFO - Setting next_dagrun for orders_kafka_to_s3 to 2026-04-30 00:00:00+00:00, run_after=2026-05-01 00:00:00+00:00
[2026-04-30T08:31:00.518+0000] {processor.py:208} INFO - Processing /opt/airflow/dags/main.py took 0.295 seconds
[2026-04-30T08:31:31.050+0000] {processor.py:186} INFO - Started process (PID=256) to work on /opt/airflow/dags/main.py
[2026-04-30T08:31:31.058+0000] {processor.py:914} INFO - Processing file /opt/airflow/dags/main.py for tasks to queue
[2026-04-30T08:31:31.118+0000] {logging_mixin.py:190} INFO - [2026-04-30T08:31:31.116+0000] {dagbag.py:588} INFO - Filling up the DagBag from /opt/airflow/dags/main.py
[2026-04-30T08:31:31.642+0000] {processor.py:925} INFO - DAG(s) 'orders_kafka_to_s3' retrieved from /opt/airflow/dags/main.py
[2026-04-30T08:31:31.711+0000] {logging_mixin.py:190} INFO - [2026-04-30T08:31:31.710+0000] {dag.py:3239} INFO - Sync 1 DAGs
[2026-04-30T08:31:31.809+0000] {logging_mixin.py:190} INFO - [2026-04-30T08:31:31.808+0000] {dag.py:4180} INFO - Setting next_dagrun for orders_kafka_to_s3 to 2026-04-30 00:00:00+00:00, run_after=2026-05-01 00:00:00+00:00
[2026-04-30T08:31:31.860+0000] {processor.py:208} INFO - Processing /opt/airflow/dags/main.py took 0.908 seconds
[2026-04-30T08:32:02.309+0000] {processor.py:186} INFO - Started process (PID=263) to work on /opt/airflow/dags/main.py
[2026-04-30T08:32:02.311+0000] {processor.py:914} INFO - Processing file /opt/airflow/dags/main.py for tasks to queue
[2026-04-30T08:32:02.317+0000] {logging_mixin.py:190} INFO - [2026-04-30T08:32:02.317+0000] {dagbag.py:588} INFO - Filling up the DagBag from /opt/airflow/dags/main.py
[2026-04-30T08:32:02.503+0000] {processor.py:925} INFO - DAG(s) 'orders_kafka_to_s3' retrieved from /opt/airflow/dags/main.py
[2026-04-30T08:32:02.546+0000] {logging_mixin.py:190} INFO - [2026-04-30T08:32:02.546+0000] {dag.py:3239} INFO - Sync 1 DAGs
[2026-04-30T08:32:02.583+0000] {logging_mixin.py:190} INFO - [2026-04-30T08:32:02.583+0000] {dag.py:4180} INFO - Setting next_dagrun for orders_kafka_to_s3 to 2026-04-30 00:00:00+00:00, run_after=2026-05-01 00:00:00+00:00
[2026-04-30T08:32:02.895+0000] {processor.py:208} INFO - Processing /opt/airflow/dags/main.py took 0.604 seconds
[2026-04-30T08:32:33.248+0000] {processor.py:186} INFO - Started process (PID=270) to work on /opt/airflow/dags/main.py
[2026-04-30T08:32:33.265+0000] {processor.py:914} INFO - Processing file /opt/airflow/dags/main.py for tasks to queue
[2026-04-30T08:32:33.285+0000] {logging_mixin.py:190} INFO - [2026-04-30T08:32:33.284+0000] {dagbag.py:588} INFO - Filling up the DagBag from /opt/airflow/dags/main.py
[2026-04-30T08:32:33.614+0000] {processor.py:925} INFO - DAG(s) 'orders_kafka_to_s3' retrieved from /opt/airflow/dags/main.py
[2026-04-30T08:32:33.687+0000] {logging_mixin.py:190} INFO - [2026-04-30T08:32:33.682+0000] {dag.py:3239} INFO - Sync 1 DAGs
[2026-04-30T08:32:34.079+0000] {logging_mixin.py:190} INFO - [2026-04-30T08:32:34.078+0000] {dag.py:4180} INFO - Setting next_dagrun for orders_kafka_to_s3 to 2026-04-30 00:00:00+00:00, run_after=2026-05-01 00:00:00+00:00
[2026-04-30T08:32:34.123+0000] {processor.py:208} INFO - Processing /opt/airflow/dags/main.py took 0.901 seconds
[2026-04-30T08:33:04.322+0000] {processor.py:186} INFO - Started process (PID=277) to work on /opt/airflow/dags/main.py
[2026-04-30T08:33:04.325+0000] {processor.py:914} INFO - Processing file /opt/airflow/dags/main.py for tasks to queue
[2026-04-30T08:33:04.330+0000] {logging_mixin.py:190} INFO - [2026-04-30T08:33:04.330+0000] {dagbag.py:588} INFO - Filling up the DagBag from /opt/airflow/dags/main.py
[2026-04-30T08:33:04.562+0000] {processor.py:925} INFO - DAG(s) 'orders_kafka_to_s3' retrieved from /opt/airflow/dags/main.py
[2026-04-30T08:33:04.641+0000] {logging_mixin.py:190} INFO - [2026-04-30T08:33:04.640+0000] {dag.py:3239} INFO - Sync 1 DAGs
[2026-04-30T08:33:05.327+0000] {logging_mixin.py:190} INFO - [2026-04-30T08:33:05.324+0000] {dag.py:4180} INFO - Setting next_dagrun for orders_kafka_to_s3 to 2026-04-30 00:00:00+00:00, run_after=2026-05-01 00:00:00+00:00
[2026-04-30T08:33:05.402+0000] {processor.py:208} INFO - Processing /opt/airflow/dags/main.py took 1.097 seconds
[2026-04-30T08:33:35.884+0000] {processor.py:186} INFO - Started process (PID=284) to work on /opt/airflow/dags/main.py
[2026-04-30T08:33:35.890+0000] {processor.py:914} INFO - Processing file /opt/airflow/dags/main.py for tasks to queue
[2026-04-30T08:33:35.902+0000] {logging_mixin.py:190} INFO - [2026-04-30T08:33:35.900+0000] {dagbag.py:588} INFO - Filling up the DagBag from /opt/airflow/dags/main.py
[2026-04-30T08:33:36.275+0000] {processor.py:925} INFO - DAG(s) 'orders_kafka_to_s3' retrieved from /opt/airflow/dags/main.py
[2026-04-30T08:33:36.309+0000] {logging_mixin.py:190} INFO - [2026-04-30T08:33:36.309+0000] {dag.py:3239} INFO - Sync 1 DAGs
[2026-04-30T08:33:36.344+0000] {logging_mixin.py:190} INFO - [2026-04-30T08:33:36.344+0000] {dag.py:4180} INFO - Setting next_dagrun for orders_kafka_to_s3 to 2026-04-30 00:00:00+00:00, run_after=2026-05-01 00:00:00+00:00
[2026-04-30T08:33:36.371+0000] {processor.py:208} INFO - Processing /opt/airflow/dags/main.py took 0.521 seconds
[2026-04-30T08:34:06.940+0000] {processor.py:186} INFO - Started process (PID=297) to work on /opt/airflow/dags/main.py
[2026-04-30T08:34:06.944+0000] {processor.py:914} INFO - Processing file /opt/airflow/dags/main.py for tasks to queue
[2026-04-30T08:34:06.952+0000] {logging_mixin.py:190} INFO - [2026-04-30T08:34:06.951+0000] {dagbag.py:588} INFO - Filling up the DagBag from /opt/airflow/dags/main.py
[2026-04-30T08:34:07.165+0000] {processor.py:925} INFO - DAG(s) 'orders_kafka_to_s3' retrieved from /opt/airflow/dags/main.py
[2026-04-30T08:34:07.201+0000] {logging_mixin.py:190} INFO - [2026-04-30T08:34:07.200+0000] {dag.py:3239} INFO - Sync 1 DAGs
[2026-04-30T08:34:07.233+0000] {logging_mixin.py:190} INFO - [2026-04-30T08:34:07.233+0000] {dag.py:4180} INFO - Setting next_dagrun for orders_kafka_to_s3 to 2026-04-30 00:00:00+00:00, run_after=2026-05-01 00:00:00+00:00
[2026-04-30T08:34:07.273+0000] {processor.py:208} INFO - Processing /opt/airflow/dags/main.py took 0.352 seconds
[2026-04-30T08:34:37.517+0000] {processor.py:186} INFO - Started process (PID=304) to work on /opt/airflow/dags/main.py
[2026-04-30T08:34:37.519+0000] {processor.py:914} INFO - Processing file /opt/airflow/dags/main.py for tasks to queue
[2026-04-30T08:34:37.522+0000] {logging_mixin.py:190} INFO - [2026-04-30T08:34:37.522+0000] {dagbag.py:588} INFO - Filling up the DagBag from /opt/airflow/dags/main.py
[2026-04-30T08:34:37.682+0000] {processor.py:925} INFO - DAG(s) 'orders_kafka_to_s3' retrieved from /opt/airflow/dags/main.py
[2026-04-30T08:34:37.715+0000] {logging_mixin.py:190} INFO - [2026-04-30T08:34:37.714+0000] {dag.py:3239} INFO - Sync 1 DAGs
[2026-04-30T08:34:37.748+0000] {logging_mixin.py:190} INFO - [2026-04-30T08:34:37.748+0000] {dag.py:4180} INFO - Setting next_dagrun for orders_kafka_to_s3 to 2026-04-30 00:00:00+00:00, run_after=2026-05-01 00:00:00+00:00
[2026-04-30T08:34:38.012+0000] {processor.py:208} INFO - Processing /opt/airflow/dags/main.py took 0.503 seconds
[2026-04-30T08:35:08.482+0000] {processor.py:186} INFO - Started process (PID=311) to work on /opt/airflow/dags/main.py
[2026-04-30T08:35:08.484+0000] {processor.py:914} INFO - Processing file /opt/airflow/dags/main.py for tasks to queue
[2026-04-30T08:35:08.492+0000] {logging_mixin.py:190} INFO - [2026-04-30T08:35:08.491+0000] {dagbag.py:588} INFO - Filling up the DagBag from /opt/airflow/dags/main.py
[2026-04-30T08:35:08.682+0000] {processor.py:925} INFO - DAG(s) 'orders_kafka_to_s3' retrieved from /opt/airflow/dags/main.py
[2026-04-30T08:35:08.760+0000] {logging_mixin.py:190} INFO - [2026-04-30T08:35:08.759+0000] {dag.py:3239} INFO - Sync 1 DAGs
[2026-04-30T08:35:09.013+0000] {logging_mixin.py:190} INFO - [2026-04-30T08:35:09.013+0000] {dag.py:4180} INFO - Setting next_dagrun for orders_kafka_to_s3 to 2026-04-30 00:00:00+00:00, run_after=2026-05-01 00:00:00+00:00
[2026-04-30T08:35:09.048+0000] {processor.py:208} INFO - Processing /opt/airflow/dags/main.py took 0.586 seconds
[2026-04-30T08:35:39.544+0000] {processor.py:186} INFO - Started process (PID=318) to work on /opt/airflow/dags/main.py
[2026-04-30T08:35:39.545+0000] {processor.py:914} INFO - Processing file /opt/airflow/dags/main.py for tasks to queue
[2026-04-30T08:35:39.549+0000] {logging_mixin.py:190} INFO - [2026-04-30T08:35:39.548+0000] {dagbag.py:588} INFO - Filling up the DagBag from /opt/airflow/dags/main.py
[2026-04-30T08:35:39.738+0000] {processor.py:925} INFO - DAG(s) 'orders_kafka_to_s3' retrieved from /opt/airflow/dags/main.py
[2026-04-30T08:35:39.768+0000] {logging_mixin.py:190} INFO - [2026-04-30T08:35:39.768+0000] {dag.py:3239} INFO - Sync 1 DAGs
[2026-04-30T08:35:39.972+0000] {logging_mixin.py:190} INFO - [2026-04-30T08:35:39.971+0000] {dag.py:4180} INFO - Setting next_dagrun for orders_kafka_to_s3 to 2026-04-30 00:00:00+00:00, run_after=2026-05-01 00:00:00+00:00
[2026-04-30T08:35:40.000+0000] {processor.py:208} INFO - Processing /opt/airflow/dags/main.py took 0.465 seconds
[2026-04-30T08:36:10.346+0000] {processor.py:186} INFO - Started process (PID=325) to work on /opt/airflow/dags/main.py
[2026-04-30T08:36:10.347+0000] {processor.py:914} INFO - Processing file /opt/airflow/dags/main.py for tasks to queue
[2026-04-30T08:36:10.351+0000] {logging_mixin.py:190} INFO - [2026-04-30T08:36:10.351+0000] {dagbag.py:588} INFO - Filling up the DagBag from /opt/airflow/dags/main.py
[2026-04-30T08:36:10.522+0000] {processor.py:925} INFO - DAG(s) 'orders_kafka_to_s3' retrieved from /opt/airflow/dags/main.py
[2026-04-30T08:36:10.560+0000] {logging_mixin.py:190} INFO - [2026-04-30T08:36:10.559+0000] {dag.py:3239} INFO - Sync 1 DAGs
[2026-04-30T08:36:10.595+0000] {logging_mixin.py:190} INFO - [2026-04-30T08:36:10.594+0000] {dag.py:4180} INFO - Setting next_dagrun for orders_kafka_to_s3 to 2026-04-30 00:00:00+00:00, run_after=2026-05-01 00:00:00+00:00
[2026-04-30T08:36:10.626+0000] {processor.py:208} INFO - Processing /opt/airflow/dags/main.py took 0.290 seconds
[2026-04-30T08:36:40.944+0000] {processor.py:186} INFO - Started process (PID=332) to work on /opt/airflow/dags/main.py
[2026-04-30T08:36:40.948+0000] {processor.py:914} INFO - Processing file /opt/airflow/dags/main.py for tasks to queue
[2026-04-30T08:36:40.955+0000] {logging_mixin.py:190} INFO - [2026-04-30T08:36:40.954+0000] {dagbag.py:588} INFO - Filling up the DagBag from /opt/airflow/dags/main.py
[2026-04-30T08:36:41.141+0000] {processor.py:925} INFO - DAG(s) 'orders_kafka_to_s3' retrieved from /opt/airflow/dags/main.py
[2026-04-30T08:36:41.177+0000] {logging_mixin.py:190} INFO - [2026-04-30T08:36:41.177+0000] {dag.py:3239} INFO - Sync 1 DAGs
[2026-04-30T08:36:41.213+0000] {logging_mixin.py:190} INFO - [2026-04-30T08:36:41.212+0000] {dag.py:4180} INFO - Setting next_dagrun for orders_kafka_to_s3 to 2026-04-30 00:00:00+00:00, run_after=2026-05-01 00:00:00+00:00
[2026-04-30T08:36:41.247+0000] {processor.py:208} INFO - Processing /opt/airflow/dags/main.py took 0.328 seconds
[2026-04-30T08:37:11.539+0000] {processor.py:186} INFO - Started process (PID=339) to work on /opt/airflow/dags/main.py
[2026-04-30T08:37:11.543+0000] {processor.py:914} INFO - Processing file /opt/airflow/dags/main.py for tasks to queue
[2026-04-30T08:37:11.549+0000] {logging_mixin.py:190} INFO - [2026-04-30T08:37:11.548+0000] {dagbag.py:588} INFO - Filling up the DagBag from /opt/airflow/dags/main.py
[2026-04-30T08:37:11.728+0000] {processor.py:925} INFO - DAG(s) 'orders_kafka_to_s3' retrieved from /opt/airflow/dags/main.py
[2026-04-30T08:37:11.762+0000] {logging_mixin.py:190} INFO - [2026-04-30T08:37:11.761+0000] {dag.py:3239} INFO - Sync 1 DAGs
[2026-04-30T08:37:11.793+0000] {logging_mixin.py:190} INFO - [2026-04-30T08:37:11.793+0000] {dag.py:4180} INFO - Setting next_dagrun for orders_kafka_to_s3 to 2026-04-30 00:00:00+00:00, run_after=2026-05-01 00:00:00+00:00
[2026-04-30T08:37:12.012+0000] {processor.py:208} INFO - Processing /opt/airflow/dags/main.py took 0.492 seconds
[2026-04-30T08:37:42.455+0000] {processor.py:186} INFO - Started process (PID=345) to work on /opt/airflow/dags/main.py
[2026-04-30T08:37:42.458+0000] {processor.py:914} INFO - Processing file /opt/airflow/dags/main.py for tasks to queue
[2026-04-30T08:37:42.461+0000] {logging_mixin.py:190} INFO - [2026-04-30T08:37:42.461+0000] {dagbag.py:588} INFO - Filling up the DagBag from /opt/airflow/dags/main.py
[2026-04-30T08:37:42.616+0000] {processor.py:925} INFO - DAG(s) 'orders_kafka_to_s3' retrieved from /opt/airflow/dags/main.py
[2026-04-30T08:37:42.649+0000] {logging_mixin.py:190} INFO - [2026-04-30T08:37:42.649+0000] {dag.py:3239} INFO - Sync 1 DAGs
[2026-04-30T08:37:42.900+0000] {logging_mixin.py:190} INFO - [2026-04-30T08:37:42.899+0000] {dag.py:4180} INFO - Setting next_dagrun for orders_kafka_to_s3 to 2026-04-30 00:00:00+00:00, run_after=2026-05-01 00:00:00+00:00
[2026-04-30T08:37:42.930+0000] {processor.py:208} INFO - Processing /opt/airflow/dags/main.py took 0.487 seconds
[2026-04-30T08:38:13.220+0000] {processor.py:186} INFO - Started process (PID=351) to work on /opt/airflow/dags/main.py
[2026-04-30T08:38:13.222+0000] {processor.py:914} INFO - Processing file /opt/airflow/dags/main.py for tasks to queue
[2026-04-30T08:38:13.227+0000] {logging_mixin.py:190} INFO - [2026-04-30T08:38:13.227+0000] {dagbag.py:588} INFO - Filling up the DagBag from /opt/airflow/dags/main.py
[2026-04-30T08:38:13.505+0000] {processor.py:925} INFO - DAG(s) 'orders_kafka_to_s3' retrieved from /opt/airflow/dags/main.py
[2026-04-30T08:38:13.721+0000] {logging_mixin.py:190} INFO - [2026-04-30T08:38:13.720+0000] {dag.py:3239} INFO - Sync 1 DAGs
[2026-04-30T08:38:16.031+0000] {logging_mixin.py:190} INFO - [2026-04-30T08:38:16.031+0000] {dag.py:4180} INFO - Setting next_dagrun for orders_kafka_to_s3 to 2026-04-30 00:00:00+00:00, run_after=2026-05-01 00:00:00+00:00
[2026-04-30T08:38:16.071+0000] {processor.py:208} INFO - Processing /opt/airflow/dags/main.py took 2.866 seconds
[2026-04-30T08:38:46.382+0000] {processor.py:186} INFO - Started process (PID=363) to work on /opt/airflow/dags/main.py
[2026-04-30T08:38:46.384+0000] {processor.py:914} INFO - Processing file /opt/airflow/dags/main.py for tasks to queue
[2026-04-30T08:38:46.388+0000] {logging_mixin.py:190} INFO - [2026-04-30T08:38:46.387+0000] {dagbag.py:588} INFO - Filling up the DagBag from /opt/airflow/dags/main.py
[2026-04-30T08:38:46.573+0000] {processor.py:925} INFO - DAG(s) 'orders_kafka_to_s3' retrieved from /opt/airflow/dags/main.py
[2026-04-30T08:38:46.627+0000] {logging_mixin.py:190} INFO - [2026-04-30T08:38:46.626+0000] {dag.py:3239} INFO - Sync 1 DAGs
[2026-04-30T08:38:46.678+0000] {logging_mixin.py:190} INFO - [2026-04-30T08:38:46.678+0000] {dag.py:4180} INFO - Setting next_dagrun for orders_kafka_to_s3 to 2026-04-30 00:00:00+00:00, run_after=2026-05-01 00:00:00+00:00
[2026-04-30T08:38:46.735+0000] {processor.py:208} INFO - Processing /opt/airflow/dags/main.py took 0.362 seconds
[2026-04-30T08:39:17.308+0000] {processor.py:186} INFO - Started process (PID=370) to work on /opt/airflow/dags/main.py
[2026-04-30T08:39:17.310+0000] {processor.py:914} INFO - Processing file /opt/airflow/dags/main.py for tasks to queue
[2026-04-30T08:39:17.314+0000] {logging_mixin.py:190} INFO - [2026-04-30T08:39:17.314+0000] {dagbag.py:588} INFO - Filling up the DagBag from /opt/airflow/dags/main.py
[2026-04-30T08:39:17.489+0000] {processor.py:925} INFO - DAG(s) 'orders_kafka_to_s3' retrieved from /opt/airflow/dags/main.py
[2026-04-30T08:39:17.532+0000] {logging_mixin.py:190} INFO - [2026-04-30T08:39:17.532+0000] {dag.py:3239} INFO - Sync 1 DAGs
[2026-04-30T08:39:17.572+0000] {logging_mixin.py:190} INFO - [2026-04-30T08:39:17.572+0000] {dag.py:4180} INFO - Setting next_dagrun for orders_kafka_to_s3 to 2026-04-30 00:00:00+00:00, run_after=2026-05-01 00:00:00+00:00
[2026-04-30T08:39:17.603+0000] {processor.py:208} INFO - Processing /opt/airflow/dags/main.py took 0.308 seconds
[2026-04-30T08:39:47.723+0000] {processor.py:186} INFO - Started process (PID=377) to work on /opt/airflow/dags/main.py
[2026-04-30T08:39:47.725+0000] {processor.py:914} INFO - Processing file /opt/airflow/dags/main.py for tasks to queue
[2026-04-30T08:39:47.730+0000] {logging_mixin.py:190} INFO - [2026-04-30T08:39:47.730+0000] {dagbag.py:588} INFO - Filling up the DagBag from /opt/airflow/dags/main.py
[2026-04-30T08:39:47.929+0000] {processor.py:925} INFO - DAG(s) 'orders_kafka_to_s3' retrieved from /opt/airflow/dags/main.py
[2026-04-30T08:39:47.969+0000] {logging_mixin.py:190} INFO - [2026-04-30T08:39:47.969+0000] {dag.py:3239} INFO - Sync 1 DAGs
[2026-04-30T08:39:48.012+0000] {logging_mixin.py:190} INFO - [2026-04-30T08:39:48.012+0000] {dag.py:4180} INFO - Setting next_dagrun for orders_kafka_to_s3 to 2026-04-30 00:00:00+00:00, run_after=2026-05-01 00:00:00+00:00
[2026-04-30T08:39:48.047+0000] {processor.py:208} INFO - Processing /opt/airflow/dags/main.py took 0.342 seconds
[2026-04-30T08:40:18.615+0000] {processor.py:186} INFO - Started process (PID=384) to work on /opt/airflow/dags/main.py
[2026-04-30T08:40:18.618+0000] {processor.py:914} INFO - Processing file /opt/airflow/dags/main.py for tasks to queue
[2026-04-30T08:40:18.624+0000] {logging_mixin.py:190} INFO - [2026-04-30T08:40:18.623+0000] {dagbag.py:588} INFO - Filling up the DagBag from /opt/airflow/dags/main.py
[2026-04-30T08:40:18.878+0000] {processor.py:925} INFO - DAG(s) 'orders_kafka_to_s3' retrieved from /opt/airflow/dags/main.py
[2026-04-30T08:40:18.918+0000] {logging_mixin.py:190} INFO - [2026-04-30T08:40:18.918+0000] {dag.py:3239} INFO - Sync 1 DAGs
[2026-04-30T08:40:18.959+0000] {logging_mixin.py:190} INFO - [2026-04-30T08:40:18.959+0000] {dag.py:4180} INFO - Setting next_dagrun for orders_kafka_to_s3 to 2026-04-30 00:00:00+00:00, run_after=2026-05-01 00:00:00+00:00
[2026-04-30T08:40:19.276+0000] {processor.py:208} INFO - Processing /opt/airflow/dags/main.py took 0.689 seconds
[2026-04-30T08:40:49.579+0000] {processor.py:186} INFO - Started process (PID=391) to work on /opt/airflow/dags/main.py
[2026-04-30T08:40:49.582+0000] {processor.py:914} INFO - Processing file /opt/airflow/dags/main.py for tasks to queue
[2026-04-30T08:40:49.587+0000] {logging_mixin.py:190} INFO - [2026-04-30T08:40:49.586+0000] {dagbag.py:588} INFO - Filling up the DagBag from /opt/airflow/dags/main.py
[2026-04-30T08:40:49.749+0000] {processor.py:925} INFO - DAG(s) 'orders_kafka_to_s3' retrieved from /opt/airflow/dags/main.py
[2026-04-30T08:40:49.784+0000] {logging_mixin.py:190} INFO - [2026-04-30T08:40:49.784+0000] {dag.py:3239} INFO - Sync 1 DAGs
[2026-04-30T08:40:50.023+0000] {logging_mixin.py:190} INFO - [2026-04-30T08:40:50.023+0000] {dag.py:4180} INFO - Setting next_dagrun for orders_kafka_to_s3 to 2026-04-30 00:00:00+00:00, run_after=2026-05-01 00:00:00+00:00
[2026-04-30T08:40:50.052+0000] {processor.py:208} INFO - Processing /opt/airflow/dags/main.py took 0.488 seconds
[2026-04-30T08:41:20.218+0000] {processor.py:186} INFO - Started process (PID=398) to work on /opt/airflow/dags/main.py
[2026-04-30T08:41:20.220+0000] {processor.py:914} INFO - Processing file /opt/airflow/dags/main.py for tasks to queue
[2026-04-30T08:41:20.225+0000] {logging_mixin.py:190} INFO - [2026-04-30T08:41:20.224+0000] {dagbag.py:588} INFO - Filling up the DagBag from /opt/airflow/dags/main.py
[2026-04-30T08:41:20.428+0000] {processor.py:925} INFO - DAG(s) 'orders_kafka_to_s3' retrieved from /opt/airflow/dags/main.py
[2026-04-30T08:41:20.704+0000] {logging_mixin.py:190} INFO - [2026-04-30T08:41:20.704+0000] {dag.py:3239} INFO - Sync 1 DAGs
[2026-04-30T08:41:20.741+0000] {logging_mixin.py:190} INFO - [2026-04-30T08:41:20.741+0000] {dag.py:4180} INFO - Setting next_dagrun for orders_kafka_to_s3 to 2026-04-30 00:00:00+00:00, run_after=2026-05-01 00:00:00+00:00
[2026-04-30T08:41:20.770+0000] {processor.py:208} INFO - Processing /opt/airflow/dags/main.py took 0.569 seconds
[2026-04-30T08:41:51.174+0000] {processor.py:186} INFO - Started process (PID=405) to work on /opt/airflow/dags/main.py
[2026-04-30T08:41:51.176+0000] {processor.py:914} INFO - Processing file /opt/airflow/dags/main.py for tasks to queue
[2026-04-30T08:41:51.180+0000] {logging_mixin.py:190} INFO - [2026-04-30T08:41:51.180+0000] {dagbag.py:588} INFO - Filling up the DagBag from /opt/airflow/dags/main.py
[2026-04-30T08:41:51.347+0000] {processor.py:925} INFO - DAG(s) 'orders_kafka_to_s3' retrieved from /opt/airflow/dags/main.py
[2026-04-30T08:41:51.384+0000] {logging_mixin.py:190} INFO - [2026-04-30T08:41:51.384+0000] {dag.py:3239} INFO - Sync 1 DAGs
[2026-04-30T08:41:51.426+0000] {logging_mixin.py:190} INFO - [2026-04-30T08:41:51.426+0000] {dag.py:4180} INFO - Setting next_dagrun for orders_kafka_to_s3 to 2026-04-30 00:00:00+00:00, run_after=2026-05-01 00:00:00+00:00
[2026-04-30T08:41:51.466+0000] {processor.py:208} INFO - Processing /opt/airflow/dags/main.py took 0.301 seconds
[2026-04-30T08:42:21.890+0000] {processor.py:186} INFO - Started process (PID=412) to work on /opt/airflow/dags/main.py
[2026-04-30T08:42:21.893+0000] {processor.py:914} INFO - Processing file /opt/airflow/dags/main.py for tasks to queue
[2026-04-30T08:42:21.899+0000] {logging_mixin.py:190} INFO - [2026-04-30T08:42:21.899+0000] {dagbag.py:588} INFO - Filling up the DagBag from /opt/airflow/dags/main.py
[2026-04-30T08:42:22.100+0000] {processor.py:925} INFO - DAG(s) 'orders_kafka_to_s3' retrieved from /opt/airflow/dags/main.py
[2026-04-30T08:42:22.140+0000] {logging_mixin.py:190} INFO - [2026-04-30T08:42:22.139+0000] {dag.py:3239} INFO - Sync 1 DAGs
[2026-04-30T08:42:22.173+0000] {logging_mixin.py:190} INFO - [2026-04-30T08:42:22.173+0000] {dag.py:4180} INFO - Setting next_dagrun for orders_kafka_to_s3 to 2026-04-30 00:00:00+00:00, run_after=2026-05-01 00:00:00+00:00
[2026-04-30T08:42:22.211+0000] {processor.py:208} INFO - Processing /opt/airflow/dags/main.py took 0.339 seconds
[2026-04-30T08:42:52.825+0000] {processor.py:186} INFO - Started process (PID=419) to work on /opt/airflow/dags/main.py
[2026-04-30T08:42:52.828+0000] {processor.py:914} INFO - Processing file /opt/airflow/dags/main.py for tasks to queue
[2026-04-30T08:42:52.833+0000] {logging_mixin.py:190} INFO - [2026-04-30T08:42:52.833+0000] {dagbag.py:588} INFO - Filling up the DagBag from /opt/airflow/dags/main.py
[2026-04-30T08:42:53.019+0000] {processor.py:925} INFO - DAG(s) 'orders_kafka_to_s3' retrieved from /opt/airflow/dags/main.py
[2026-04-30T08:42:53.064+0000] {logging_mixin.py:190} INFO - [2026-04-30T08:42:53.063+0000] {dag.py:3239} INFO - Sync 1 DAGs
[2026-04-30T08:42:53.102+0000] {logging_mixin.py:190} INFO - [2026-04-30T08:42:53.102+0000] {dag.py:4180} INFO - Setting next_dagrun for orders_kafka_to_s3 to 2026-04-30 00:00:00+00:00, run_after=2026-05-01 00:00:00+00:00
[2026-04-30T08:42:53.345+0000] {processor.py:208} INFO - Processing /opt/airflow/dags/main.py took 0.537 seconds
[2026-04-30T08:43:23.641+0000] {processor.py:186} INFO - Started process (PID=425) to work on /opt/airflow/dags/main.py
[2026-04-30T08:43:23.643+0000] {processor.py:914} INFO - Processing file /opt/airflow/dags/main.py for tasks to queue
[2026-04-30T08:43:23.647+0000] {logging_mixin.py:190} INFO - [2026-04-30T08:43:23.646+0000] {dagbag.py:588} INFO - Filling up the DagBag from /opt/airflow/dags/main.py
[2026-04-30T08:43:23.813+0000] {processor.py:925} INFO - DAG(s) 'orders_kafka_to_s3' retrieved from /opt/airflow/dags/main.py
[2026-04-30T08:43:23.852+0000] {logging_mixin.py:190} INFO - [2026-04-30T08:43:23.852+0000] {dag.py:3239} INFO - Sync 1 DAGs
[2026-04-30T08:43:24.105+0000] {logging_mixin.py:190} INFO - [2026-04-30T08:43:24.105+0000] {dag.py:4180} INFO - Setting next_dagrun for orders_kafka_to_s3 to 2026-04-30 00:00:00+00:00, run_after=2026-05-01 00:00:00+00:00
[2026-04-30T08:43:24.148+0000] {processor.py:208} INFO - Processing /opt/airflow/dags/main.py took 0.520 seconds
[2026-04-30T08:43:54.754+0000] {processor.py:186} INFO - Started process (PID=432) to work on /opt/airflow/dags/main.py
[2026-04-30T08:43:54.757+0000] {processor.py:914} INFO - Processing file /opt/airflow/dags/main.py for tasks to queue
[2026-04-30T08:43:54.764+0000] {logging_mixin.py:190} INFO - [2026-04-30T08:43:54.763+0000] {dagbag.py:588} INFO - Filling up the DagBag from /opt/airflow/dags/main.py
[2026-04-30T08:43:54.928+0000] {processor.py:925} INFO - DAG(s) 'orders_kafka_to_s3' retrieved from /opt/airflow/dags/main.py
[2026-04-30T08:43:54.995+0000] {logging_mixin.py:190} INFO - [2026-04-30T08:43:54.995+0000] {dag.py:3239} INFO - Sync 1 DAGs
[2026-04-30T08:43:55.263+0000] {logging_mixin.py:190} INFO - [2026-04-30T08:43:55.262+0000] {dag.py:4180} INFO - Setting next_dagrun for orders_kafka_to_s3 to 2026-04-30 00:00:00+00:00, run_after=2026-05-01 00:00:00+00:00
[2026-04-30T08:43:55.309+0000] {processor.py:208} INFO - Processing /opt/airflow/dags/main.py took 0.574 seconds
[2026-04-30T08:44:25.565+0000] {processor.py:186} INFO - Started process (PID=445) to work on /opt/airflow/dags/main.py
[2026-04-30T08:44:25.567+0000] {processor.py:914} INFO - Processing file /opt/airflow/dags/main.py for tasks to queue
[2026-04-30T08:44:25.572+0000] {logging_mixin.py:190} INFO - [2026-04-30T08:44:25.571+0000] {dagbag.py:588} INFO - Filling up the DagBag from /opt/airflow/dags/main.py
[2026-04-30T08:44:25.796+0000] {processor.py:925} INFO - DAG(s) 'orders_kafka_to_s3' retrieved from /opt/airflow/dags/main.py
[2026-04-30T08:44:25.838+0000] {logging_mixin.py:190} INFO - [2026-04-30T08:44:25.837+0000] {dag.py:3239} INFO - Sync 1 DAGs
[2026-04-30T08:44:25.932+0000] {logging_mixin.py:190} INFO - [2026-04-30T08:44:25.931+0000] {dag.py:4180} INFO - Setting next_dagrun for orders_kafka_to_s3 to 2026-04-30 00:00:00+00:00, run_after=2026-05-01 00:00:00+00:00
[2026-04-30T08:44:25.968+0000] {processor.py:208} INFO - Processing /opt/airflow/dags/main.py took 0.417 seconds
[2026-04-30T08:44:56.538+0000] {processor.py:186} INFO - Started process (PID=452) to work on /opt/airflow/dags/main.py
[2026-04-30T08:44:56.540+0000] {processor.py:914} INFO - Processing file /opt/airflow/dags/main.py for tasks to queue
[2026-04-30T08:44:56.545+0000] {logging_mixin.py:190} INFO - [2026-04-30T08:44:56.544+0000] {dagbag.py:588} INFO - Filling up the DagBag from /opt/airflow/dags/main.py
[2026-04-30T08:44:56.753+0000] {processor.py:925} INFO - DAG(s) 'orders_kafka_to_s3' retrieved from /opt/airflow/dags/main.py
[2026-04-30T08:44:56.793+0000] {logging_mixin.py:190} INFO - [2026-04-30T08:44:56.793+0000] {dag.py:3239} INFO - Sync 1 DAGs
[2026-04-30T08:44:56.838+0000] {logging_mixin.py:190} INFO - [2026-04-30T08:44:56.838+0000] {dag.py:4180} INFO - Setting next_dagrun for orders_kafka_to_s3 to 2026-04-30 00:00:00+00:00, run_after=2026-05-01 00:00:00+00:00
[2026-04-30T08:44:56.881+0000] {processor.py:208} INFO - Processing /opt/airflow/dags/main.py took 0.356 seconds
[2026-04-30T08:45:27.761+0000] {processor.py:186} INFO - Started process (PID=459) to work on /opt/airflow/dags/main.py
[2026-04-30T08:45:27.764+0000] {processor.py:914} INFO - Processing file /opt/airflow/dags/main.py for tasks to queue
[2026-04-30T08:45:27.770+0000] {logging_mixin.py:190} INFO - [2026-04-30T08:45:27.769+0000] {dagbag.py:588} INFO - Filling up the DagBag from /opt/airflow/dags/main.py
[2026-04-30T08:45:26.277+0000] {processor.py:925} INFO - DAG(s) 'orders_kafka_to_s3' retrieved from /opt/airflow/dags/main.py
[2026-04-30T08:45:26.314+0000] {logging_mixin.py:190} INFO - [2026-04-30T08:45:26.314+0000] {dag.py:3239} INFO - Sync 1 DAGs
[2026-04-30T08:45:26.351+0000] {logging_mixin.py:190} INFO - [2026-04-30T08:45:26.351+0000] {dag.py:4180} INFO - Setting next_dagrun for orders_kafka_to_s3 to 2026-04-30 00:00:00+00:00, run_after=2026-05-01 00:00:00+00:00
[2026-04-30T08:45:26.596+0000] {processor.py:208} INFO - Processing /opt/airflow/dags/main.py took 0.505 seconds
[2026-04-30T08:45:56.718+0000] {processor.py:186} INFO - Started process (PID=466) to work on /opt/airflow/dags/main.py
[2026-04-30T08:45:56.721+0000] {processor.py:914} INFO - Processing file /opt/airflow/dags/main.py for tasks to queue
[2026-04-30T08:45:56.737+0000] {logging_mixin.py:190} INFO - [2026-04-30T08:45:56.736+0000] {dagbag.py:588} INFO - Filling up the DagBag from /opt/airflow/dags/main.py
[2026-04-30T08:45:56.926+0000] {processor.py:925} INFO - DAG(s) 'orders_kafka_to_s3' retrieved from /opt/airflow/dags/main.py
[2026-04-30T08:45:56.958+0000] {logging_mixin.py:190} INFO - [2026-04-30T08:45:56.958+0000] {dag.py:3239} INFO - Sync 1 DAGs
[2026-04-30T08:45:57.243+0000] {logging_mixin.py:190} INFO - [2026-04-30T08:45:57.243+0000] {dag.py:4180} INFO - Setting next_dagrun for orders_kafka_to_s3 to 2026-04-30 00:00:00+00:00, run_after=2026-05-01 00:00:00+00:00
[2026-04-30T08:45:57.280+0000] {processor.py:208} INFO - Processing /opt/airflow/dags/main.py took 0.580 seconds
[2026-04-30T08:46:27.574+0000] {processor.py:186} INFO - Started process (PID=473) to work on /opt/airflow/dags/main.py
[2026-04-30T08:46:27.580+0000] {processor.py:914} INFO - Processing file /opt/airflow/dags/main.py for tasks to queue
[2026-04-30T08:46:27.634+0000] {logging_mixin.py:190} INFO - [2026-04-30T08:46:27.633+0000] {dagbag.py:588} INFO - Filling up the DagBag from /opt/airflow/dags/main.py
[2026-04-30T08:46:27.834+0000] {processor.py:925} INFO - DAG(s) 'orders_kafka_to_s3' retrieved from /opt/airflow/dags/main.py
[2026-04-30T08:46:27.892+0000] {logging_mixin.py:190} INFO - [2026-04-30T08:46:27.891+0000] {dag.py:3239} INFO - Sync 1 DAGs
[2026-04-30T08:46:28.223+0000] {logging_mixin.py:190} INFO - [2026-04-30T08:46:28.223+0000] {dag.py:4180} INFO - Setting next_dagrun for orders_kafka_to_s3 to 2026-04-30 00:00:00+00:00, run_after=2026-05-01 00:00:00+00:00
[2026-04-30T08:46:28.255+0000] {processor.py:208} INFO - Processing /opt/airflow/dags/main.py took 0.724 seconds
[2026-04-30T08:46:59.203+0000] {processor.py:186} INFO - Started process (PID=480) to work on /opt/airflow/dags/main.py
[2026-04-30T08:46:59.209+0000] {processor.py:914} INFO - Processing file /opt/airflow/dags/main.py for tasks to queue
[2026-04-30T08:46:59.222+0000] {logging_mixin.py:190} INFO - [2026-04-30T08:46:59.220+0000] {dagbag.py:588} INFO - Filling up the DagBag from /opt/airflow/dags/main.py
[2026-04-30T08:46:59.588+0000] {processor.py:925} INFO - DAG(s) 'orders_kafka_to_s3' retrieved from /opt/airflow/dags/main.py
[2026-04-30T08:46:59.843+0000] {logging_mixin.py:190} INFO - [2026-04-30T08:46:59.842+0000] {dag.py:3239} INFO - Sync 1 DAGs
[2026-04-30T08:46:59.885+0000] {logging_mixin.py:190} INFO - [2026-04-30T08:46:59.885+0000] {dag.py:4180} INFO - Setting next_dagrun for orders_kafka_to_s3 to 2026-04-30 00:00:00+00:00, run_after=2026-05-01 00:00:00+00:00
[2026-04-30T08:46:59.915+0000] {processor.py:208} INFO - Processing /opt/airflow/dags/main.py took 0.747 seconds
[2026-04-30T08:47:30.368+0000] {processor.py:186} INFO - Started process (PID=487) to work on /opt/airflow/dags/main.py
[2026-04-30T08:47:30.371+0000] {processor.py:914} INFO - Processing file /opt/airflow/dags/main.py for tasks to queue
[2026-04-30T08:47:30.375+0000] {logging_mixin.py:190} INFO - [2026-04-30T08:47:30.375+0000] {dagbag.py:588} INFO - Filling up the DagBag from /opt/airflow/dags/main.py
[2026-04-30T08:47:30.600+0000] {processor.py:925} INFO - DAG(s) 'orders_kafka_to_s3' retrieved from /opt/airflow/dags/main.py
[2026-04-30T08:47:30.635+0000] {logging_mixin.py:190} INFO - [2026-04-30T08:47:30.635+0000] {dag.py:3239} INFO - Sync 1 DAGs
[2026-04-30T08:47:30.672+0000] {logging_mixin.py:190} INFO - [2026-04-30T08:47:30.672+0000] {dag.py:4180} INFO - Setting next_dagrun for orders_kafka_to_s3 to 2026-04-30 00:00:00+00:00, run_after=2026-05-01 00:00:00+00:00
[2026-04-30T08:47:30.700+0000] {processor.py:208} INFO - Processing /opt/airflow/dags/main.py took 0.352 seconds
[2026-04-30T08:48:00.944+0000] {processor.py:186} INFO - Started process (PID=494) to work on /opt/airflow/dags/main.py
[2026-04-30T08:48:00.946+0000] {processor.py:914} INFO - Processing file /opt/airflow/dags/main.py for tasks to queue
[2026-04-30T08:48:00.951+0000] {logging_mixin.py:190} INFO - [2026-04-30T08:48:00.950+0000] {dagbag.py:588} INFO - Filling up the DagBag from /opt/airflow/dags/main.py
[2026-04-30T08:48:01.149+0000] {processor.py:925} INFO - DAG(s) 'orders_kafka_to_s3' retrieved from /opt/airflow/dags/main.py
[2026-04-30T08:48:01.195+0000] {logging_mixin.py:190} INFO - [2026-04-30T08:48:01.194+0000] {dag.py:3239} INFO - Sync 1 DAGs
[2026-04-30T08:48:01.229+0000] {logging_mixin.py:190} INFO - [2026-04-30T08:48:01.228+0000] {dag.py:4180} INFO - Setting next_dagrun for orders_kafka_to_s3 to 2026-04-30 00:00:00+00:00, run_after=2026-05-01 00:00:00+00:00
[2026-04-30T08:48:01.257+0000] {processor.py:208} INFO - Processing /opt/airflow/dags/main.py took 0.325 seconds
[2026-04-30T08:48:31.578+0000] {processor.py:186} INFO - Started process (PID=501) to work on /opt/airflow/dags/main.py
[2026-04-30T08:48:31.581+0000] {processor.py:914} INFO - Processing file /opt/airflow/dags/main.py for tasks to queue
[2026-04-30T08:48:31.585+0000] {logging_mixin.py:190} INFO - [2026-04-30T08:48:31.584+0000] {dagbag.py:588} INFO - Filling up the DagBag from /opt/airflow/dags/main.py
[2026-04-30T08:48:31.868+0000] {processor.py:925} INFO - DAG(s) 'orders_kafka_to_s3' retrieved from /opt/airflow/dags/main.py
[2026-04-30T08:48:31.915+0000] {logging_mixin.py:190} INFO - [2026-04-30T08:48:31.914+0000] {dag.py:3239} INFO - Sync 1 DAGs
[2026-04-30T08:48:31.964+0000] {logging_mixin.py:190} INFO - [2026-04-30T08:48:31.964+0000] {dag.py:4180} INFO - Setting next_dagrun for orders_kafka_to_s3 to 2026-04-30 00:00:00+00:00, run_after=2026-05-01 00:00:00+00:00
[2026-04-30T08:48:32.233+0000] {processor.py:208} INFO - Processing /opt/airflow/dags/main.py took 0.668 seconds
[2026-04-30T08:49:02.929+0000] {processor.py:186} INFO - Started process (PID=508) to work on /opt/airflow/dags/main.py
[2026-04-30T08:49:02.931+0000] {processor.py:914} INFO - Processing file /opt/airflow/dags/main.py for tasks to queue
[2026-04-30T08:49:02.937+0000] {logging_mixin.py:190} INFO - [2026-04-30T08:49:02.936+0000] {dagbag.py:588} INFO - Filling up the DagBag from /opt/airflow/dags/main.py
[2026-04-30T08:49:03.141+0000] {processor.py:925} INFO - DAG(s) 'orders_kafka_to_s3' retrieved from /opt/airflow/dags/main.py
[2026-04-30T08:49:03.180+0000] {logging_mixin.py:190} INFO - [2026-04-30T08:49:03.180+0000] {dag.py:3239} INFO - Sync 1 DAGs
[2026-04-30T08:49:03.432+0000] {logging_mixin.py:190} INFO - [2026-04-30T08:49:03.431+0000] {dag.py:4180} INFO - Setting next_dagrun for orders_kafka_to_s3 to 2026-04-30 00:00:00+00:00, run_after=2026-05-01 00:00:00+00:00
[2026-04-30T08:49:03.464+0000] {processor.py:208} INFO - Processing /opt/airflow/dags/main.py took 0.549 seconds
[2026-04-30T08:49:33.726+0000] {processor.py:186} INFO - Started process (PID=521) to work on /opt/airflow/dags/main.py
[2026-04-30T08:49:33.727+0000] {processor.py:914} INFO - Processing file /opt/airflow/dags/main.py for tasks to queue
[2026-04-30T08:49:33.739+0000] {logging_mixin.py:190} INFO - [2026-04-30T08:49:33.738+0000] {dagbag.py:588} INFO - Filling up the DagBag from /opt/airflow/dags/main.py
[2026-04-30T08:49:34.018+0000] {processor.py:925} INFO - DAG(s) 'orders_kafka_to_s3' retrieved from /opt/airflow/dags/main.py
[2026-04-30T08:49:34.326+0000] {logging_mixin.py:190} INFO - [2026-04-30T08:49:34.326+0000] {dag.py:3239} INFO - Sync 1 DAGs
[2026-04-30T08:49:34.361+0000] {logging_mixin.py:190} INFO - [2026-04-30T08:49:34.360+0000] {dag.py:4180} INFO - Setting next_dagrun for orders_kafka_to_s3 to 2026-04-30 00:00:00+00:00, run_after=2026-05-01 00:00:00+00:00
[2026-04-30T08:49:34.386+0000] {processor.py:208} INFO - Processing /opt/airflow/dags/main.py took 0.690 seconds
[2026-04-30T08:50:04.787+0000] {processor.py:186} INFO - Started process (PID=528) to work on /opt/airflow/dags/main.py
[2026-04-30T08:50:04.789+0000] {processor.py:914} INFO - Processing file /opt/airflow/dags/main.py for tasks to queue
[2026-04-30T08:50:04.792+0000] {logging_mixin.py:190} INFO - [2026-04-30T08:50:04.792+0000] {dagbag.py:588} INFO - Filling up the DagBag from /opt/airflow/dags/main.py
[2026-04-30T08:50:05.005+0000] {processor.py:925} INFO - DAG(s) 'orders_kafka_to_s3' retrieved from /opt/airflow/dags/main.py
[2026-04-30T08:50:05.041+0000] {logging_mixin.py:190} INFO - [2026-04-30T08:50:05.040+0000] {dag.py:3239} INFO - Sync 1 DAGs
[2026-04-30T08:50:05.072+0000] {logging_mixin.py:190} INFO - [2026-04-30T08:50:05.072+0000] {dag.py:4180} INFO - Setting next_dagrun for orders_kafka_to_s3 to 2026-04-30 00:00:00+00:00, run_after=2026-05-01 00:00:00+00:00
[2026-04-30T08:50:05.109+0000] {processor.py:208} INFO - Processing /opt/airflow/dags/main.py took 0.332 seconds
[2026-04-30T08:50:35.328+0000] {processor.py:186} INFO - Started process (PID=535) to work on /opt/airflow/dags/main.py
[2026-04-30T08:50:35.330+0000] {processor.py:914} INFO - Processing file /opt/airflow/dags/main.py for tasks to queue
[2026-04-30T08:50:35.334+0000] {logging_mixin.py:190} INFO - [2026-04-30T08:50:35.333+0000] {dagbag.py:588} INFO - Filling up the DagBag from /opt/airflow/dags/main.py
[2026-04-30T08:50:35.507+0000] {processor.py:925} INFO - DAG(s) 'orders_kafka_to_s3' retrieved from /opt/airflow/dags/main.py
[2026-04-30T08:50:35.558+0000] {logging_mixin.py:190} INFO - [2026-04-30T08:50:35.557+0000] {dag.py:3239} INFO - Sync 1 DAGs
[2026-04-30T08:50:35.605+0000] {logging_mixin.py:190} INFO - [2026-04-30T08:50:35.604+0000] {dag.py:4180} INFO - Setting next_dagrun for orders_kafka_to_s3 to 2026-04-30 00:00:00+00:00, run_after=2026-05-01 00:00:00+00:00
[2026-04-30T08:50:35.639+0000] {processor.py:208} INFO - Processing /opt/airflow/dags/main.py took 0.332 seconds
[2026-04-30T08:51:06.153+0000] {processor.py:186} INFO - Started process (PID=542) to work on /opt/airflow/dags/main.py
[2026-04-30T08:51:06.160+0000] {processor.py:914} INFO - Processing file /opt/airflow/dags/main.py for tasks to queue
[2026-04-30T08:51:06.179+0000] {logging_mixin.py:190} INFO - [2026-04-30T08:51:06.177+0000] {dagbag.py:588} INFO - Filling up the DagBag from /opt/airflow/dags/main.py
[2026-04-30T08:51:06.510+0000] {processor.py:925} INFO - DAG(s) 'orders_kafka_to_s3' retrieved from /opt/airflow/dags/main.py
[2026-04-30T08:51:06.584+0000] {logging_mixin.py:190} INFO - [2026-04-30T08:51:06.583+0000] {dag.py:3239} INFO - Sync 1 DAGs
[2026-04-30T08:51:06.655+0000] {logging_mixin.py:190} INFO - [2026-04-30T08:51:06.655+0000] {dag.py:4180} INFO - Setting next_dagrun for orders_kafka_to_s3 to 2026-04-30 00:00:00+00:00, run_after=2026-05-01 00:00:00+00:00
[2026-04-30T08:51:06.974+0000] {processor.py:208} INFO - Processing /opt/airflow/dags/main.py took 0.853 seconds
[2026-04-30T08:51:37.625+0000] {processor.py:186} INFO - Started process (PID=549) to work on /opt/airflow/dags/main.py
[2026-04-30T08:51:37.631+0000] {processor.py:914} INFO - Processing file /opt/airflow/dags/main.py for tasks to queue
[2026-04-30T08:51:37.639+0000] {logging_mixin.py:190} INFO - [2026-04-30T08:51:37.638+0000] {dagbag.py:588} INFO - Filling up the DagBag from /opt/airflow/dags/main.py
[2026-04-30T08:51:37.840+0000] {processor.py:925} INFO - DAG(s) 'orders_kafka_to_s3' retrieved from /opt/airflow/dags/main.py
[2026-04-30T08:51:37.918+0000] {logging_mixin.py:190} INFO - [2026-04-30T08:51:37.917+0000] {dag.py:3239} INFO - Sync 1 DAGs
[2026-04-30T08:51:38.251+0000] {logging_mixin.py:190} INFO - [2026-04-30T08:51:38.251+0000] {dag.py:4180} INFO - Setting next_dagrun for orders_kafka_to_s3 to 2026-04-30 00:00:00+00:00, run_after=2026-05-01 00:00:00+00:00
[2026-04-30T08:51:38.293+0000] {processor.py:208} INFO - Processing /opt/airflow/dags/main.py took 0.683 seconds
[2026-04-30T08:52:09.038+0000] {processor.py:186} INFO - Started process (PID=557) to work on /opt/airflow/dags/main.py
[2026-04-30T08:52:09.041+0000] {processor.py:914} INFO - Processing file /opt/airflow/dags/main.py for tasks to queue
[2026-04-30T08:52:09.047+0000] {logging_mixin.py:190} INFO - [2026-04-30T08:52:09.046+0000] {dagbag.py:588} INFO - Filling up the DagBag from /opt/airflow/dags/main.py
[2026-04-30T08:52:09.245+0000] {processor.py:925} INFO - DAG(s) 'orders_kafka_to_s3' retrieved from /opt/airflow/dags/main.py
[2026-04-30T08:52:09.527+0000] {logging_mixin.py:190} INFO - [2026-04-30T08:52:09.526+0000] {dag.py:3239} INFO - Sync 1 DAGs
[2026-04-30T08:52:09.571+0000] {logging_mixin.py:190} INFO - [2026-04-30T08:52:09.570+0000] {dag.py:4180} INFO - Setting next_dagrun for orders_kafka_to_s3 to 2026-04-30 00:00:00+00:00, run_after=2026-05-01 00:00:00+00:00
[2026-04-30T08:52:09.602+0000] {processor.py:208} INFO - Processing /opt/airflow/dags/main.py took 0.579 seconds
[2026-04-30T08:52:40.169+0000] {processor.py:186} INFO - Started process (PID=564) to work on /opt/airflow/dags/main.py
[2026-04-30T08:52:40.173+0000] {processor.py:914} INFO - Processing file /opt/airflow/dags/main.py for tasks to queue
[2026-04-30T08:52:40.180+0000] {logging_mixin.py:190} INFO - [2026-04-30T08:52:40.179+0000] {dagbag.py:588} INFO - Filling up the DagBag from /opt/airflow/dags/main.py
[2026-04-30T08:52:40.555+0000] {processor.py:925} INFO - DAG(s) 'orders_kafka_to_s3' retrieved from /opt/airflow/dags/main.py
[2026-04-30T08:52:40.634+0000] {logging_mixin.py:190} INFO - [2026-04-30T08:52:40.633+0000] {dag.py:3239} INFO - Sync 1 DAGs
[2026-04-30T08:52:40.711+0000] {logging_mixin.py:190} INFO - [2026-04-30T08:52:40.711+0000] {dag.py:4180} INFO - Setting next_dagrun for orders_kafka_to_s3 to 2026-04-30 00:00:00+00:00, run_after=2026-05-01 00:00:00+00:00
[2026-04-30T08:52:40.762+0000] {processor.py:208} INFO - Processing /opt/airflow/dags/main.py took 0.626 seconds
[2026-04-30T08:53:10.983+0000] {processor.py:186} INFO - Started process (PID=571) to work on /opt/airflow/dags/main.py
[2026-04-30T08:53:10.986+0000] {processor.py:914} INFO - Processing file /opt/airflow/dags/main.py for tasks to queue
[2026-04-30T08:53:10.991+0000] {logging_mixin.py:190} INFO - [2026-04-30T08:53:10.991+0000] {dagbag.py:588} INFO - Filling up the DagBag from /opt/airflow/dags/main.py
[2026-04-30T08:53:11.148+0000] {processor.py:925} INFO - DAG(s) 'orders_kafka_to_s3' retrieved from /opt/airflow/dags/main.py
[2026-04-30T08:53:11.183+0000] {logging_mixin.py:190} INFO - [2026-04-30T08:53:11.182+0000] {dag.py:3239} INFO - Sync 1 DAGs
[2026-04-30T08:53:11.215+0000] {logging_mixin.py:190} INFO - [2026-04-30T08:53:11.214+0000] {dag.py:4180} INFO - Setting next_dagrun for orders_kafka_to_s3 to 2026-04-30 00:00:00+00:00, run_after=2026-05-01 00:00:00+00:00
[2026-04-30T08:53:11.241+0000] {processor.py:208} INFO - Processing /opt/airflow/dags/main.py took 0.276 seconds
[2026-04-30T08:53:41.776+0000] {processor.py:186} INFO - Started process (PID=578) to work on /opt/airflow/dags/main.py
[2026-04-30T08:53:41.778+0000] {processor.py:914} INFO - Processing file /opt/airflow/dags/main.py for tasks to queue
[2026-04-30T08:53:41.782+0000] {logging_mixin.py:190} INFO - [2026-04-30T08:53:41.781+0000] {dagbag.py:588} INFO - Filling up the DagBag from /opt/airflow/dags/main.py
[2026-04-30T08:53:41.962+0000] {processor.py:925} INFO - DAG(s) 'orders_kafka_to_s3' retrieved from /opt/airflow/dags/main.py
[2026-04-30T08:53:41.998+0000] {logging_mixin.py:190} INFO - [2026-04-30T08:53:41.998+0000] {dag.py:3239} INFO - Sync 1 DAGs
[2026-04-30T08:53:42.047+0000] {logging_mixin.py:190} INFO - [2026-04-30T08:53:42.046+0000] {dag.py:4180} INFO - Setting next_dagrun for orders_kafka_to_s3 to 2026-04-30 00:00:00+00:00, run_after=2026-05-01 00:00:00+00:00
[2026-04-30T08:53:42.337+0000] {processor.py:208} INFO - Processing /opt/airflow/dags/main.py took 0.568 seconds
[2026-04-30T08:54:12.619+0000] {processor.py:186} INFO - Started process (PID=585) to work on /opt/airflow/dags/main.py
[2026-04-30T08:54:12.624+0000] {processor.py:914} INFO - Processing file /opt/airflow/dags/main.py for tasks to queue
[2026-04-30T08:54:12.629+0000] {logging_mixin.py:190} INFO - [2026-04-30T08:54:12.628+0000] {dagbag.py:588} INFO - Filling up the DagBag from /opt/airflow/dags/main.py
[2026-04-30T08:54:12.871+0000] {processor.py:925} INFO - DAG(s) 'orders_kafka_to_s3' retrieved from /opt/airflow/dags/main.py
[2026-04-30T08:54:12.972+0000] {logging_mixin.py:190} INFO - [2026-04-30T08:54:12.971+0000] {dag.py:3239} INFO - Sync 1 DAGs
[2026-04-30T08:54:13.227+0000] {logging_mixin.py:190} INFO - [2026-04-30T08:54:13.227+0000] {dag.py:4180} INFO - Setting next_dagrun for orders_kafka_to_s3 to 2026-04-30 00:00:00+00:00, run_after=2026-05-01 00:00:00+00:00
[2026-04-30T08:54:13.260+0000] {processor.py:208} INFO - Processing /opt/airflow/dags/main.py took 0.662 seconds
[2026-04-30T08:54:43.482+0000] {processor.py:186} INFO - Started process (PID=598) to work on /opt/airflow/dags/main.py
[2026-04-30T08:54:43.484+0000] {processor.py:914} INFO - Processing file /opt/airflow/dags/main.py for tasks to queue
[2026-04-30T08:54:43.488+0000] {logging_mixin.py:190} INFO - [2026-04-30T08:54:43.488+0000] {dagbag.py:588} INFO - Filling up the DagBag from /opt/airflow/dags/main.py
[2026-04-30T08:54:43.644+0000] {processor.py:925} INFO - DAG(s) 'orders_kafka_to_s3' retrieved from /opt/airflow/dags/main.py
[2026-04-30T08:54:43.737+0000] {logging_mixin.py:190} INFO - [2026-04-30T08:54:43.737+0000] {dag.py:3239} INFO - Sync 1 DAGs
[2026-04-30T08:54:43.994+0000] {logging_mixin.py:190} INFO - [2026-04-30T08:54:43.993+0000] {dag.py:4180} INFO - Setting next_dagrun for orders_kafka_to_s3 to 2026-04-30 00:00:00+00:00, run_after=2026-05-01 00:00:00+00:00
[2026-04-30T08:54:44.026+0000] {processor.py:208} INFO - Processing /opt/airflow/dags/main.py took 0.552 seconds
[2026-04-30T08:55:14.688+0000] {processor.py:186} INFO - Started process (PID=605) to work on /opt/airflow/dags/main.py
[2026-04-30T08:55:14.690+0000] {processor.py:914} INFO - Processing file /opt/airflow/dags/main.py for tasks to queue
[2026-04-30T08:55:14.695+0000] {logging_mixin.py:190} INFO - [2026-04-30T08:55:14.694+0000] {dagbag.py:588} INFO - Filling up the DagBag from /opt/airflow/dags/main.py
[2026-04-30T08:55:14.843+0000] {processor.py:925} INFO - DAG(s) 'orders_kafka_to_s3' retrieved from /opt/airflow/dags/main.py
[2026-04-30T08:55:15.088+0000] {logging_mixin.py:190} INFO - [2026-04-30T08:55:15.087+0000] {dag.py:3239} INFO - Sync 1 DAGs
[2026-04-30T08:55:15.119+0000] {logging_mixin.py:190} INFO - [2026-04-30T08:55:15.118+0000] {dag.py:4180} INFO - Setting next_dagrun for orders_kafka_to_s3 to 2026-04-30 00:00:00+00:00, run_after=2026-05-01 00:00:00+00:00
[2026-04-30T08:55:15.145+0000] {processor.py:208} INFO - Processing /opt/airflow/dags/main.py took 0.473 seconds
[2026-04-30T08:55:45.295+0000] {processor.py:186} INFO - Started process (PID=612) to work on /opt/airflow/dags/main.py
[2026-04-30T08:55:45.297+0000] {processor.py:914} INFO - Processing file /opt/airflow/dags/main.py for tasks to queue
[2026-04-30T08:55:45.302+0000] {logging_mixin.py:190} INFO - [2026-04-30T08:55:45.301+0000] {dagbag.py:588} INFO - Filling up the DagBag from /opt/airflow/dags/main.py
[2026-04-30T08:55:45.635+0000] {processor.py:925} INFO - DAG(s) 'orders_kafka_to_s3' retrieved from /opt/airflow/dags/main.py
[2026-04-30T08:55:45.711+0000] {logging_mixin.py:190} INFO - [2026-04-30T08:55:45.711+0000] {dag.py:3239} INFO - Sync 1 DAGs
[2026-04-30T08:55:45.745+0000] {logging_mixin.py:190} INFO - [2026-04-30T08:55:45.744+0000] {dag.py:4180} INFO - Setting next_dagrun for orders_kafka_to_s3 to 2026-04-30 00:00:00+00:00, run_after=2026-05-01 00:00:00+00:00
[2026-04-30T08:55:45.851+0000] {processor.py:208} INFO - Processing /opt/airflow/dags/main.py took 0.575 seconds
[2026-04-30T08:56:16.254+0000] {processor.py:186} INFO - Started process (PID=618) to work on /opt/airflow/dags/main.py
[2026-04-30T08:56:16.261+0000] {processor.py:914} INFO - Processing file /opt/airflow/dags/main.py for tasks to queue
[2026-04-30T08:56:16.272+0000] {logging_mixin.py:190} INFO - [2026-04-30T08:56:16.271+0000] {dagbag.py:588} INFO - Filling up the DagBag from /opt/airflow/dags/main.py
[2026-04-30T08:56:16.524+0000] {processor.py:925} INFO - DAG(s) 'orders_kafka_to_s3' retrieved from /opt/airflow/dags/main.py
[2026-04-30T08:56:16.560+0000] {logging_mixin.py:190} INFO - [2026-04-30T08:56:16.560+0000] {dag.py:3239} INFO - Sync 1 DAGs
[2026-04-30T08:56:16.601+0000] {logging_mixin.py:190} INFO - [2026-04-30T08:56:16.601+0000] {dag.py:4180} INFO - Setting next_dagrun for orders_kafka_to_s3 to 2026-04-30 00:00:00+00:00, run_after=2026-05-01 00:00:00+00:00
[2026-04-30T08:56:16.853+0000] {processor.py:208} INFO - Processing /opt/airflow/dags/main.py took 0.630 seconds
[2026-04-30T08:56:47.149+0000] {processor.py:186} INFO - Started process (PID=625) to work on /opt/airflow/dags/main.py
[2026-04-30T08:56:47.151+0000] {processor.py:914} INFO - Processing file /opt/airflow/dags/main.py for tasks to queue
[2026-04-30T08:56:47.160+0000] {logging_mixin.py:190} INFO - [2026-04-30T08:56:47.157+0000] {dagbag.py:588} INFO - Filling up the DagBag from /opt/airflow/dags/main.py
[2026-04-30T08:56:47.332+0000] {processor.py:925} INFO - DAG(s) 'orders_kafka_to_s3' retrieved from /opt/airflow/dags/main.py
[2026-04-30T08:56:47.391+0000] {logging_mixin.py:190} INFO - [2026-04-30T08:56:47.391+0000] {dag.py:3239} INFO - Sync 1 DAGs
[2026-04-30T08:56:47.616+0000] {logging_mixin.py:190} INFO - [2026-04-30T08:56:47.615+0000] {dag.py:4180} INFO - Setting next_dagrun for orders_kafka_to_s3 to 2026-04-30 00:00:00+00:00, run_after=2026-05-01 00:00:00+00:00
[2026-04-30T08:56:47.647+0000] {processor.py:208} INFO - Processing /opt/airflow/dags/main.py took 0.512 seconds
[2026-04-30T08:57:18.356+0000] {processor.py:186} INFO - Started process (PID=632) to work on /opt/airflow/dags/main.py
[2026-04-30T08:57:18.360+0000] {processor.py:914} INFO - Processing file /opt/airflow/dags/main.py for tasks to queue
[2026-04-30T08:57:18.366+0000] {logging_mixin.py:190} INFO - [2026-04-30T08:57:18.365+0000] {dagbag.py:588} INFO - Filling up the DagBag from /opt/airflow/dags/main.py
[2026-04-30T08:57:18.915+0000] {processor.py:925} INFO - DAG(s) 'orders_kafka_to_s3' retrieved from /opt/airflow/dags/main.py
[2026-04-30T08:57:19.058+0000] {logging_mixin.py:190} INFO - [2026-04-30T08:57:19.058+0000] {dag.py:3239} INFO - Sync 1 DAGs
[2026-04-30T08:57:19.846+0000] {logging_mixin.py:190} INFO - [2026-04-30T08:57:19.846+0000] {dag.py:4180} INFO - Setting next_dagrun for orders_kafka_to_s3 to 2026-04-30 00:00:00+00:00, run_after=2026-05-01 00:00:00+00:00
[2026-04-30T08:57:19.880+0000] {processor.py:208} INFO - Processing /opt/airflow/dags/main.py took 1.556 seconds
[2026-04-30T08:57:50.237+0000] {processor.py:186} INFO - Started process (PID=639) to work on /opt/airflow/dags/main.py
[2026-04-30T08:57:50.239+0000] {processor.py:914} INFO - Processing file /opt/airflow/dags/main.py for tasks to queue
[2026-04-30T08:57:50.243+0000] {logging_mixin.py:190} INFO - [2026-04-30T08:57:50.243+0000] {dagbag.py:588} INFO - Filling up the DagBag from /opt/airflow/dags/main.py
[2026-04-30T08:57:50.410+0000] {processor.py:925} INFO - DAG(s) 'orders_kafka_to_s3' retrieved from /opt/airflow/dags/main.py
[2026-04-30T08:57:51.797+0000] {logging_mixin.py:190} INFO - [2026-04-30T08:57:51.796+0000] {dag.py:3239} INFO - Sync 1 DAGs
[2026-04-30T08:57:51.880+0000] {logging_mixin.py:190} INFO - [2026-04-30T08:57:51.879+0000] {dag.py:4180} INFO - Setting next_dagrun for orders_kafka_to_s3 to 2026-04-30 00:00:00+00:00, run_after=2026-05-01 00:00:00+00:00
[2026-04-30T08:57:51.927+0000] {processor.py:208} INFO - Processing /opt/airflow/dags/main.py took 1.701 seconds
[2026-04-30T08:58:22.133+0000] {processor.py:186} INFO - Started process (PID=646) to work on /opt/airflow/dags/main.py
[2026-04-30T08:58:22.136+0000] {processor.py:914} INFO - Processing file /opt/airflow/dags/main.py for tasks to queue
[2026-04-30T08:58:22.140+0000] {logging_mixin.py:190} INFO - [2026-04-30T08:58:22.140+0000] {dagbag.py:588} INFO - Filling up the DagBag from /opt/airflow/dags/main.py
[2026-04-30T08:58:22.325+0000] {processor.py:925} INFO - DAG(s) 'orders_kafka_to_s3' retrieved from /opt/airflow/dags/main.py
[2026-04-30T08:58:22.369+0000] {logging_mixin.py:190} INFO - [2026-04-30T08:58:22.369+0000] {dag.py:3239} INFO - Sync 1 DAGs
[2026-04-30T08:58:22.411+0000] {logging_mixin.py:190} INFO - [2026-04-30T08:58:22.410+0000] {dag.py:4180} INFO - Setting next_dagrun for orders_kafka_to_s3 to 2026-04-30 00:00:00+00:00, run_after=2026-05-01 00:00:00+00:00
[2026-04-30T08:58:22.439+0000] {processor.py:208} INFO - Processing /opt/airflow/dags/main.py took 0.316 seconds
[2026-04-30T08:58:52.594+0000] {processor.py:186} INFO - Started process (PID=653) to work on /opt/airflow/dags/main.py
[2026-04-30T08:58:52.595+0000] {processor.py:914} INFO - Processing file /opt/airflow/dags/main.py for tasks to queue
[2026-04-30T08:58:52.599+0000] {logging_mixin.py:190} INFO - [2026-04-30T08:58:52.598+0000] {dagbag.py:588} INFO - Filling up the DagBag from /opt/airflow/dags/main.py
[2026-04-30T08:58:52.739+0000] {processor.py:925} INFO - DAG(s) 'orders_kafka_to_s3' retrieved from /opt/airflow/dags/main.py
[2026-04-30T08:58:52.773+0000] {logging_mixin.py:190} INFO - [2026-04-30T08:58:52.773+0000] {dag.py:3239} INFO - Sync 1 DAGs
[2026-04-30T08:58:52.804+0000] {logging_mixin.py:190} INFO - [2026-04-30T08:58:52.803+0000] {dag.py:4180} INFO - Setting next_dagrun for orders_kafka_to_s3 to 2026-04-30 00:00:00+00:00, run_after=2026-05-01 00:00:00+00:00
[2026-04-30T08:58:52.832+0000] {processor.py:208} INFO - Processing /opt/airflow/dags/main.py took 0.246 seconds
[2026-04-30T08:59:23.603+0000] {processor.py:186} INFO - Started process (PID=660) to work on /opt/airflow/dags/main.py
[2026-04-30T08:59:23.604+0000] {processor.py:914} INFO - Processing file /opt/airflow/dags/main.py for tasks to queue
[2026-04-30T08:59:23.610+0000] {logging_mixin.py:190} INFO - [2026-04-30T08:59:23.609+0000] {dagbag.py:588} INFO - Filling up the DagBag from /opt/airflow/dags/main.py
[2026-04-30T08:59:23.771+0000] {processor.py:925} INFO - DAG(s) 'orders_kafka_to_s3' retrieved from /opt/airflow/dags/main.py
[2026-04-30T08:59:23.826+0000] {logging_mixin.py:190} INFO - [2026-04-30T08:59:23.826+0000] {dag.py:3239} INFO - Sync 1 DAGs
[2026-04-30T08:59:24.055+0000] {logging_mixin.py:190} INFO - [2026-04-30T08:59:24.055+0000] {dag.py:4180} INFO - Setting next_dagrun for orders_kafka_to_s3 to 2026-04-30 00:00:00+00:00, run_after=2026-05-01 00:00:00+00:00
[2026-04-30T08:59:24.086+0000] {processor.py:208} INFO - Processing /opt/airflow/dags/main.py took 0.495 seconds
[2026-04-30T08:59:54.381+0000] {processor.py:186} INFO - Started process (PID=674) to work on /opt/airflow/dags/main.py
[2026-04-30T08:59:54.384+0000] {processor.py:914} INFO - Processing file /opt/airflow/dags/main.py for tasks to queue
[2026-04-30T08:59:54.393+0000] {logging_mixin.py:190} INFO - [2026-04-30T08:59:54.392+0000] {dagbag.py:588} INFO - Filling up the DagBag from /opt/airflow/dags/main.py
[2026-04-30T08:59:54.623+0000] {processor.py:925} INFO - DAG(s) 'orders_kafka_to_s3' retrieved from /opt/airflow/dags/main.py
[2026-04-30T08:59:54.667+0000] {logging_mixin.py:190} INFO - [2026-04-30T08:59:54.667+0000] {dag.py:3239} INFO - Sync 1 DAGs
[2026-04-30T08:59:54.912+0000] {logging_mixin.py:190} INFO - [2026-04-30T08:59:54.911+0000] {dag.py:4180} INFO - Setting next_dagrun for orders_kafka_to_s3 to 2026-04-30 00:00:00+00:00, run_after=2026-05-01 00:00:00+00:00
[2026-04-30T08:59:54.940+0000] {processor.py:208} INFO - Processing /opt/airflow/dags/main.py took 0.580 seconds
[2026-04-30T09:00:25.616+0000] {processor.py:186} INFO - Started process (PID=681) to work on /opt/airflow/dags/main.py
[2026-04-30T09:00:25.618+0000] {processor.py:914} INFO - Processing file /opt/airflow/dags/main.py for tasks to queue
[2026-04-30T09:00:25.626+0000] {logging_mixin.py:190} INFO - [2026-04-30T09:00:25.625+0000] {dagbag.py:588} INFO - Filling up the DagBag from /opt/airflow/dags/main.py
[2026-04-30T09:00:25.793+0000] {processor.py:925} INFO - DAG(s) 'orders_kafka_to_s3' retrieved from /opt/airflow/dags/main.py
[2026-04-30T09:00:26.009+0000] {logging_mixin.py:190} INFO - [2026-04-30T09:00:26.009+0000] {dag.py:3239} INFO - Sync 1 DAGs
[2026-04-30T09:00:26.038+0000] {logging_mixin.py:190} INFO - [2026-04-30T09:00:26.037+0000] {dag.py:4180} INFO - Setting next_dagrun for orders_kafka_to_s3 to 2026-04-30 00:00:00+00:00, run_after=2026-05-01 00:00:00+00:00
[2026-04-30T09:00:26.061+0000] {processor.py:208} INFO - Processing /opt/airflow/dags/main.py took 0.457 seconds
[2026-04-30T09:00:56.290+0000] {processor.py:186} INFO - Started process (PID=688) to work on /opt/airflow/dags/main.py
[2026-04-30T09:00:56.292+0000] {processor.py:914} INFO - Processing file /opt/airflow/dags/main.py for tasks to queue
[2026-04-30T09:00:56.297+0000] {logging_mixin.py:190} INFO - [2026-04-30T09:00:56.296+0000] {dagbag.py:588} INFO - Filling up the DagBag from /opt/airflow/dags/main.py
[2026-04-30T09:00:56.462+0000] {processor.py:925} INFO - DAG(s) 'orders_kafka_to_s3' retrieved from /opt/airflow/dags/main.py
[2026-04-30T09:00:56.499+0000] {logging_mixin.py:190} INFO - [2026-04-30T09:00:56.498+0000] {dag.py:3239} INFO - Sync 1 DAGs
[2026-04-30T09:00:56.534+0000] {logging_mixin.py:190} INFO - [2026-04-30T09:00:56.534+0000] {dag.py:4180} INFO - Setting next_dagrun for orders_kafka_to_s3 to 2026-04-30 00:00:00+00:00, run_after=2026-05-01 00:00:00+00:00
[2026-04-30T09:00:56.576+0000] {processor.py:208} INFO - Processing /opt/airflow/dags/main.py took 0.297 seconds
[2026-04-30T09:01:26.935+0000] {processor.py:186} INFO - Started process (PID=695) to work on /opt/airflow/dags/main.py
[2026-04-30T09:01:26.937+0000] {processor.py:914} INFO - Processing file /opt/airflow/dags/main.py for tasks to queue
[2026-04-30T09:01:26.942+0000] {logging_mixin.py:190} INFO - [2026-04-30T09:01:26.941+0000] {dagbag.py:588} INFO - Filling up the DagBag from /opt/airflow/dags/main.py
[2026-04-30T09:01:27.105+0000] {processor.py:925} INFO - DAG(s) 'orders_kafka_to_s3' retrieved from /opt/airflow/dags/main.py
[2026-04-30T09:01:27.137+0000] {logging_mixin.py:190} INFO - [2026-04-30T09:01:27.137+0000] {dag.py:3239} INFO - Sync 1 DAGs
[2026-04-30T09:01:27.171+0000] {logging_mixin.py:190} INFO - [2026-04-30T09:01:27.170+0000] {dag.py:4180} INFO - Setting next_dagrun for orders_kafka_to_s3 to 2026-04-30 00:00:00+00:00, run_after=2026-05-01 00:00:00+00:00
[2026-04-30T09:01:27.209+0000] {processor.py:208} INFO - Processing /opt/airflow/dags/main.py took 0.285 seconds
[2026-04-30T09:01:57.464+0000] {processor.py:186} INFO - Started process (PID=702) to work on /opt/airflow/dags/main.py
[2026-04-30T09:01:57.466+0000] {processor.py:914} INFO - Processing file /opt/airflow/dags/main.py for tasks to queue
[2026-04-30T09:01:57.470+0000] {logging_mixin.py:190} INFO - [2026-04-30T09:01:57.470+0000] {dagbag.py:588} INFO - Filling up the DagBag from /opt/airflow/dags/main.py
[2026-04-30T09:01:57.655+0000] {processor.py:925} INFO - DAG(s) 'orders_kafka_to_s3' retrieved from /opt/airflow/dags/main.py
[2026-04-30T09:01:57.706+0000] {logging_mixin.py:190} INFO - [2026-04-30T09:01:57.706+0000] {dag.py:3239} INFO - Sync 1 DAGs
[2026-04-30T09:01:57.740+0000] {logging_mixin.py:190} INFO - [2026-04-30T09:01:57.740+0000] {dag.py:4180} INFO - Setting next_dagrun for orders_kafka_to_s3 to 2026-04-30 00:00:00+00:00, run_after=2026-05-01 00:00:00+00:00
[2026-04-30T09:01:57.959+0000] {processor.py:208} INFO - Processing /opt/airflow/dags/main.py took 0.509 seconds
[2026-04-30T09:02:28.307+0000] {processor.py:186} INFO - Started process (PID=709) to work on /opt/airflow/dags/main.py
[2026-04-30T09:02:28.309+0000] {processor.py:914} INFO - Processing file /opt/airflow/dags/main.py for tasks to queue
[2026-04-30T09:02:28.313+0000] {logging_mixin.py:190} INFO - [2026-04-30T09:02:28.313+0000] {dagbag.py:588} INFO - Filling up the DagBag from /opt/airflow/dags/main.py
[2026-04-30T09:02:28.452+0000] {processor.py:925} INFO - DAG(s) 'orders_kafka_to_s3' retrieved from /opt/airflow/dags/main.py
[2026-04-30T09:02:28.482+0000] {logging_mixin.py:190} INFO - [2026-04-30T09:02:28.482+0000] {dag.py:3239} INFO - Sync 1 DAGs
[2026-04-30T09:02:28.711+0000] {logging_mixin.py:190} INFO - [2026-04-30T09:02:28.710+0000] {dag.py:4180} INFO - Setting next_dagrun for orders_kafka_to_s3 to 2026-04-30 00:00:00+00:00, run_after=2026-05-01 00:00:00+00:00
[2026-04-30T09:02:28.746+0000] {processor.py:208} INFO - Processing /opt/airflow/dags/main.py took 0.448 seconds
[2026-04-30T09:02:59.354+0000] {processor.py:186} INFO - Started process (PID=716) to work on /opt/airflow/dags/main.py
[2026-04-30T09:02:59.356+0000] {processor.py:914} INFO - Processing file /opt/airflow/dags/main.py for tasks to queue
[2026-04-30T09:02:59.360+0000] {logging_mixin.py:190} INFO - [2026-04-30T09:02:59.360+0000] {dagbag.py:588} INFO - Filling up the DagBag from /opt/airflow/dags/main.py
[2026-04-30T09:02:59.553+0000] {processor.py:925} INFO - DAG(s) 'orders_kafka_to_s3' retrieved from /opt/airflow/dags/main.py
[2026-04-30T09:02:59.597+0000] {logging_mixin.py:190} INFO - [2026-04-30T09:02:59.597+0000] {dag.py:3239} INFO - Sync 1 DAGs
[2026-04-30T09:02:59.873+0000] {logging_mixin.py:190} INFO - [2026-04-30T09:02:59.873+0000] {dag.py:4180} INFO - Setting next_dagrun for orders_kafka_to_s3 to 2026-04-30 00:00:00+00:00, run_after=2026-05-01 00:00:00+00:00
[2026-04-30T09:02:59.912+0000] {processor.py:208} INFO - Processing /opt/airflow/dags/main.py took 0.569 seconds
[2026-04-30T09:03:30.597+0000] {processor.py:186} INFO - Started process (PID=723) to work on /opt/airflow/dags/main.py
[2026-04-30T09:03:30.600+0000] {processor.py:914} INFO - Processing file /opt/airflow/dags/main.py for tasks to queue
[2026-04-30T09:03:30.606+0000] {logging_mixin.py:190} INFO - [2026-04-30T09:03:30.606+0000] {dagbag.py:588} INFO - Filling up the DagBag from /opt/airflow/dags/main.py
[2026-04-30T09:03:30.780+0000] {processor.py:925} INFO - DAG(s) 'orders_kafka_to_s3' retrieved from /opt/airflow/dags/main.py
[2026-04-30T09:03:31.012+0000] {logging_mixin.py:190} INFO - [2026-04-30T09:03:31.012+0000] {dag.py:3239} INFO - Sync 1 DAGs
[2026-04-30T09:03:31.047+0000] {logging_mixin.py:190} INFO - [2026-04-30T09:03:31.047+0000] {dag.py:4180} INFO - Setting next_dagrun for orders_kafka_to_s3 to 2026-04-30 00:00:00+00:00, run_after=2026-05-01 00:00:00+00:00
[2026-04-30T09:03:31.074+0000] {processor.py:208} INFO - Processing /opt/airflow/dags/main.py took 0.493 seconds
[2026-04-30T09:04:01.386+0000] {processor.py:186} INFO - Started process (PID=730) to work on /opt/airflow/dags/main.py
[2026-04-30T09:04:01.388+0000] {processor.py:914} INFO - Processing file /opt/airflow/dags/main.py for tasks to queue
[2026-04-30T09:04:01.392+0000] {logging_mixin.py:190} INFO - [2026-04-30T09:04:01.392+0000] {dagbag.py:588} INFO - Filling up the DagBag from /opt/airflow/dags/main.py
[2026-04-30T09:04:01.582+0000] {processor.py:925} INFO - DAG(s) 'orders_kafka_to_s3' retrieved from /opt/airflow/dags/main.py
[2026-04-30T09:04:01.623+0000] {logging_mixin.py:190} INFO - [2026-04-30T09:04:01.623+0000] {dag.py:3239} INFO - Sync 1 DAGs
[2026-04-30T09:04:01.658+0000] {logging_mixin.py:190} INFO - [2026-04-30T09:04:01.658+0000] {dag.py:4180} INFO - Setting next_dagrun for orders_kafka_to_s3 to 2026-04-30 00:00:00+00:00, run_after=2026-05-01 00:00:00+00:00
[2026-04-30T09:04:01.687+0000] {processor.py:208} INFO - Processing /opt/airflow/dags/main.py took 0.311 seconds
[2026-04-30T09:04:31.771+0000] {processor.py:186} INFO - Started process (PID=737) to work on /opt/airflow/dags/main.py
[2026-04-30T09:04:31.773+0000] {processor.py:914} INFO - Processing file /opt/airflow/dags/main.py for tasks to queue
[2026-04-30T09:04:31.777+0000] {logging_mixin.py:190} INFO - [2026-04-30T09:04:31.776+0000] {dagbag.py:588} INFO - Filling up the DagBag from /opt/airflow/dags/main.py
[2026-04-30T09:04:31.927+0000] {processor.py:925} INFO - DAG(s) 'orders_kafka_to_s3' retrieved from /opt/airflow/dags/main.py
[2026-04-30T09:04:31.962+0000] {logging_mixin.py:190} INFO - [2026-04-30T09:04:31.962+0000] {dag.py:3239} INFO - Sync 1 DAGs
[2026-04-30T09:04:32.003+0000] {logging_mixin.py:190} INFO - [2026-04-30T09:04:32.002+0000] {dag.py:4180} INFO - Setting next_dagrun for orders_kafka_to_s3 to 2026-04-30 00:00:00+00:00, run_after=2026-05-01 00:00:00+00:00
[2026-04-30T09:04:32.301+0000] {processor.py:208} INFO - Processing /opt/airflow/dags/main.py took 0.537 seconds
[2026-04-30T09:05:02.518+0000] {processor.py:186} INFO - Started process (PID=750) to work on /opt/airflow/dags/main.py
[2026-04-30T09:05:02.521+0000] {processor.py:914} INFO - Processing file /opt/airflow/dags/main.py for tasks to queue
[2026-04-30T09:05:02.528+0000] {logging_mixin.py:190} INFO - [2026-04-30T09:05:02.527+0000] {dagbag.py:588} INFO - Filling up the DagBag from /opt/airflow/dags/main.py
[2026-04-30T09:05:02.717+0000] {processor.py:925} INFO - DAG(s) 'orders_kafka_to_s3' retrieved from /opt/airflow/dags/main.py
[2026-04-30T09:05:02.758+0000] {logging_mixin.py:190} INFO - [2026-04-30T09:05:02.757+0000] {dag.py:3239} INFO - Sync 1 DAGs
[2026-04-30T09:05:02.428+0000] {logging_mixin.py:190} INFO - [2026-04-30T09:05:02.427+0000] {dag.py:4180} INFO - Setting next_dagrun for orders_kafka_to_s3 to 2026-04-30 00:00:00+00:00, run_after=2026-05-01 00:00:00+00:00
[2026-04-30T09:05:02.456+0000] {processor.py:208} INFO - Processing /opt/airflow/dags/main.py took 0.548 seconds
[2026-04-30T09:05:32.657+0000] {processor.py:186} INFO - Started process (PID=757) to work on /opt/airflow/dags/main.py
[2026-04-30T09:05:32.662+0000] {processor.py:914} INFO - Processing file /opt/airflow/dags/main.py for tasks to queue
[2026-04-30T09:05:32.673+0000] {logging_mixin.py:190} INFO - [2026-04-30T09:05:32.672+0000] {dagbag.py:588} INFO - Filling up the DagBag from /opt/airflow/dags/main.py
[2026-04-30T09:05:32.989+0000] {processor.py:925} INFO - DAG(s) 'orders_kafka_to_s3' retrieved from /opt/airflow/dags/main.py
[2026-04-30T09:05:33.033+0000] {logging_mixin.py:190} INFO - [2026-04-30T09:05:33.032+0000] {dag.py:3239} INFO - Sync 1 DAGs
[2026-04-30T09:05:33.256+0000] {logging_mixin.py:190} INFO - [2026-04-30T09:05:33.256+0000] {dag.py:4180} INFO - Setting next_dagrun for orders_kafka_to_s3 to 2026-04-30 00:00:00+00:00, run_after=2026-05-01 00:00:00+00:00
[2026-04-30T09:05:33.299+0000] {processor.py:208} INFO - Processing /opt/airflow/dags/main.py took 0.671 seconds
[2026-04-30T09:06:03.552+0000] {processor.py:186} INFO - Started process (PID=764) to work on /opt/airflow/dags/main.py
[2026-04-30T09:06:03.555+0000] {processor.py:914} INFO - Processing file /opt/airflow/dags/main.py for tasks to queue
[2026-04-30T09:06:03.561+0000] {logging_mixin.py:190} INFO - [2026-04-30T09:06:03.560+0000] {dagbag.py:588} INFO - Filling up the DagBag from /opt/airflow/dags/main.py
[2026-04-30T09:06:03.724+0000] {processor.py:925} INFO - DAG(s) 'orders_kafka_to_s3' retrieved from /opt/airflow/dags/main.py
[2026-04-30T09:06:03.947+0000] {logging_mixin.py:190} INFO - [2026-04-30T09:06:03.946+0000] {dag.py:3239} INFO - Sync 1 DAGs
[2026-04-30T09:06:03.986+0000] {logging_mixin.py:190} INFO - [2026-04-30T09:06:03.986+0000] {dag.py:4180} INFO - Setting next_dagrun for orders_kafka_to_s3 to 2026-04-30 00:00:00+00:00, run_after=2026-05-01 00:00:00+00:00
[2026-04-30T09:06:04.028+0000] {processor.py:208} INFO - Processing /opt/airflow/dags/main.py took 0.495 seconds
[2026-04-30T09:06:34.535+0000] {processor.py:186} INFO - Started process (PID=771) to work on /opt/airflow/dags/main.py
[2026-04-30T09:06:34.734+0000] {processor.py:914} INFO - Processing file /opt/airflow/dags/main.py for tasks to queue
[2026-04-30T09:06:34.760+0000] {logging_mixin.py:190} INFO - [2026-04-30T09:06:34.759+0000] {dagbag.py:588} INFO - Filling up the DagBag from /opt/airflow/dags/main.py
[2026-04-30T09:06:35.059+0000] {processor.py:925} INFO - DAG(s) 'orders_kafka_to_s3' retrieved from /opt/airflow/dags/main.py
[2026-04-30T09:06:35.106+0000] {logging_mixin.py:190} INFO - [2026-04-30T09:06:35.105+0000] {dag.py:3239} INFO - Sync 1 DAGs
[2026-04-30T09:06:35.142+0000] {logging_mixin.py:190} INFO - [2026-04-30T09:06:35.142+0000] {dag.py:4180} INFO - Setting next_dagrun for orders_kafka_to_s3 to 2026-04-30 00:00:00+00:00, run_after=2026-05-01 00:00:00+00:00
[2026-04-30T09:06:35.172+0000] {processor.py:208} INFO - Processing /opt/airflow/dags/main.py took 0.651 seconds
[2026-04-30T09:07:05.421+0000] {processor.py:186} INFO - Started process (PID=778) to work on /opt/airflow/dags/main.py
[2026-04-30T09:07:05.423+0000] {processor.py:914} INFO - Processing file /opt/airflow/dags/main.py for tasks to queue
[2026-04-30T09:07:05.428+0000] {logging_mixin.py:190} INFO - [2026-04-30T09:07:05.427+0000] {dagbag.py:588} INFO - Filling up the DagBag from /opt/airflow/dags/main.py
[2026-04-30T09:07:05.592+0000] {processor.py:925} INFO - DAG(s) 'orders_kafka_to_s3' retrieved from /opt/airflow/dags/main.py
[2026-04-30T09:07:05.627+0000] {logging_mixin.py:190} INFO - [2026-04-30T09:07:05.627+0000] {dag.py:3239} INFO - Sync 1 DAGs
[2026-04-30T09:07:05.667+0000] {logging_mixin.py:190} INFO - [2026-04-30T09:07:05.667+0000] {dag.py:4180} INFO - Setting next_dagrun for orders_kafka_to_s3 to 2026-04-30 00:00:00+00:00, run_after=2026-05-01 00:00:00+00:00
[2026-04-30T09:07:05.905+0000] {processor.py:208} INFO - Processing /opt/airflow/dags/main.py took 0.497 seconds
[2026-04-30T09:07:36.173+0000] {processor.py:186} INFO - Started process (PID=785) to work on /opt/airflow/dags/main.py
[2026-04-30T09:07:36.175+0000] {processor.py:914} INFO - Processing file /opt/airflow/dags/main.py for tasks to queue
[2026-04-30T09:07:36.180+0000] {logging_mixin.py:190} INFO - [2026-04-30T09:07:36.179+0000] {dagbag.py:588} INFO - Filling up the DagBag from /opt/airflow/dags/main.py
[2026-04-30T09:07:36.335+0000] {processor.py:925} INFO - DAG(s) 'orders_kafka_to_s3' retrieved from /opt/airflow/dags/main.py
[2026-04-30T09:07:36.381+0000] {logging_mixin.py:190} INFO - [2026-04-30T09:07:36.381+0000] {dag.py:3239} INFO - Sync 1 DAGs
[2026-04-30T09:07:36.621+0000] {logging_mixin.py:190} INFO - [2026-04-30T09:07:36.621+0000] {dag.py:4180} INFO - Setting next_dagrun for orders_kafka_to_s3 to 2026-04-30 00:00:00+00:00, run_after=2026-05-01 00:00:00+00:00
[2026-04-30T09:07:36.653+0000] {processor.py:208} INFO - Processing /opt/airflow/dags/main.py took 0.490 seconds
[2026-04-30T09:08:06.803+0000] {processor.py:186} INFO - Started process (PID=792) to work on /opt/airflow/dags/main.py
[2026-04-30T09:08:06.805+0000] {processor.py:914} INFO - Processing file /opt/airflow/dags/main.py for tasks to queue
[2026-04-30T09:08:06.811+0000] {logging_mixin.py:190} INFO - [2026-04-30T09:08:06.810+0000] {dagbag.py:588} INFO - Filling up the DagBag from /opt/airflow/dags/main.py
[2026-04-30T09:08:06.956+0000] {processor.py:925} INFO - DAG(s) 'orders_kafka_to_s3' retrieved from /opt/airflow/dags/main.py
[2026-04-30T09:08:06.990+0000] {logging_mixin.py:190} INFO - [2026-04-30T09:08:06.990+0000] {dag.py:3239} INFO - Sync 1 DAGs
[2026-04-30T09:08:07.243+0000] {logging_mixin.py:190} INFO - [2026-04-30T09:08:07.243+0000] {dag.py:4180} INFO - Setting next_dagrun for orders_kafka_to_s3 to 2026-04-30 00:00:00+00:00, run_after=2026-05-01 00:00:00+00:00
[2026-04-30T09:08:07.273+0000] {processor.py:208} INFO - Processing /opt/airflow/dags/main.py took 0.480 seconds
[2026-04-30T09:08:37.648+0000] {processor.py:186} INFO - Started process (PID=799) to work on /opt/airflow/dags/main.py
[2026-04-30T09:08:37.650+0000] {processor.py:914} INFO - Processing file /opt/airflow/dags/main.py for tasks to queue
[2026-04-30T09:08:37.657+0000] {logging_mixin.py:190} INFO - [2026-04-30T09:08:37.656+0000] {dagbag.py:588} INFO - Filling up the DagBag from /opt/airflow/dags/main.py
[2026-04-30T09:08:37.867+0000] {processor.py:925} INFO - DAG(s) 'orders_kafka_to_s3' retrieved from /opt/airflow/dags/main.py
[2026-04-30T09:08:38.133+0000] {logging_mixin.py:190} INFO - [2026-04-30T09:08:38.133+0000] {dag.py:3239} INFO - Sync 1 DAGs
[2026-04-30T09:08:38.174+0000] {logging_mixin.py:190} INFO - [2026-04-30T09:08:38.174+0000] {dag.py:4180} INFO - Setting next_dagrun for orders_kafka_to_s3 to 2026-04-30 00:00:00+00:00, run_after=2026-05-01 00:00:00+00:00
[2026-04-30T09:08:38.210+0000] {processor.py:208} INFO - Processing /opt/airflow/dags/main.py took 0.574 seconds
[2026-04-30T09:09:08.340+0000] {processor.py:186} INFO - Started process (PID=806) to work on /opt/airflow/dags/main.py
[2026-04-30T09:09:08.343+0000] {processor.py:914} INFO - Processing file /opt/airflow/dags/main.py for tasks to queue
[2026-04-30T09:09:08.348+0000] {logging_mixin.py:190} INFO - [2026-04-30T09:09:08.346+0000] {dagbag.py:588} INFO - Filling up the DagBag from /opt/airflow/dags/main.py
[2026-04-30T09:09:08.759+0000] {processor.py:925} INFO - DAG(s) 'orders_kafka_to_s3' retrieved from /opt/airflow/dags/main.py
[2026-04-30T09:09:08.808+0000] {logging_mixin.py:190} INFO - [2026-04-30T09:09:08.807+0000] {dag.py:3239} INFO - Sync 1 DAGs
[2026-04-30T09:09:08.868+0000] {logging_mixin.py:190} INFO - [2026-04-30T09:09:08.867+0000] {dag.py:4180} INFO - Setting next_dagrun for orders_kafka_to_s3 to 2026-04-30 00:00:00+00:00, run_after=2026-05-01 00:00:00+00:00
[2026-04-30T09:09:08.919+0000] {processor.py:208} INFO - Processing /opt/airflow/dags/main.py took 0.593 seconds
[2026-04-30T09:09:39.334+0000] {processor.py:186} INFO - Started process (PID=819) to work on /opt/airflow/dags/main.py
[2026-04-30T09:09:39.337+0000] {processor.py:914} INFO - Processing file /opt/airflow/dags/main.py for tasks to queue
[2026-04-30T09:09:39.343+0000] {logging_mixin.py:190} INFO - [2026-04-30T09:09:39.342+0000] {dagbag.py:588} INFO - Filling up the DagBag from /opt/airflow/dags/main.py
[2026-04-30T09:09:39.531+0000] {processor.py:925} INFO - DAG(s) 'orders_kafka_to_s3' retrieved from /opt/airflow/dags/main.py
[2026-04-30T09:09:39.568+0000] {logging_mixin.py:190} INFO - [2026-04-30T09:09:39.568+0000] {dag.py:3239} INFO - Sync 1 DAGs
[2026-04-30T09:09:39.606+0000] {logging_mixin.py:190} INFO - [2026-04-30T09:09:39.606+0000] {dag.py:4180} INFO - Setting next_dagrun for orders_kafka_to_s3 to 2026-04-30 00:00:00+00:00, run_after=2026-05-01 00:00:00+00:00
[2026-04-30T09:09:39.656+0000] {processor.py:208} INFO - Processing /opt/airflow/dags/main.py took 0.338 seconds
[2026-04-30T09:10:10.316+0000] {processor.py:186} INFO - Started process (PID=826) to work on /opt/airflow/dags/main.py
[2026-04-30T09:10:10.318+0000] {processor.py:914} INFO - Processing file /opt/airflow/dags/main.py for tasks to queue
[2026-04-30T09:10:10.322+0000] {logging_mixin.py:190} INFO - [2026-04-30T09:10:10.322+0000] {dagbag.py:588} INFO - Filling up the DagBag from /opt/airflow/dags/main.py
[2026-04-30T09:10:10.498+0000] {processor.py:925} INFO - DAG(s) 'orders_kafka_to_s3' retrieved from /opt/airflow/dags/main.py
[2026-04-30T09:10:10.539+0000] {logging_mixin.py:190} INFO - [2026-04-30T09:10:10.539+0000] {dag.py:3239} INFO - Sync 1 DAGs
[2026-04-30T09:10:10.850+0000] {logging_mixin.py:190} INFO - [2026-04-30T09:10:10.849+0000] {dag.py:4180} INFO - Setting next_dagrun for orders_kafka_to_s3 to 2026-04-30 00:00:00+00:00, run_after=2026-05-01 00:00:00+00:00
[2026-04-30T09:10:10.885+0000] {processor.py:208} INFO - Processing /opt/airflow/dags/main.py took 0.584 seconds
[2026-04-30T09:10:41.050+0000] {processor.py:186} INFO - Started process (PID=833) to work on /opt/airflow/dags/main.py
[2026-04-30T09:10:41.053+0000] {processor.py:914} INFO - Processing file /opt/airflow/dags/main.py for tasks to queue
[2026-04-30T09:10:41.059+0000] {logging_mixin.py:190} INFO - [2026-04-30T09:10:41.058+0000] {dagbag.py:588} INFO - Filling up the DagBag from /opt/airflow/dags/main.py
[2026-04-30T09:10:41.242+0000] {processor.py:925} INFO - DAG(s) 'orders_kafka_to_s3' retrieved from /opt/airflow/dags/main.py
[2026-04-30T09:10:41.280+0000] {logging_mixin.py:190} INFO - [2026-04-30T09:10:41.280+0000] {dag.py:3239} INFO - Sync 1 DAGs
[2026-04-30T09:10:41.550+0000] {logging_mixin.py:190} INFO - [2026-04-30T09:10:41.550+0000] {dag.py:4180} INFO - Setting next_dagrun for orders_kafka_to_s3 to 2026-04-30 00:00:00+00:00, run_after=2026-05-01 00:00:00+00:00
[2026-04-30T09:10:41.593+0000] {processor.py:208} INFO - Processing /opt/airflow/dags/main.py took 0.562 seconds
[2026-04-30T09:11:11.824+0000] {processor.py:186} INFO - Started process (PID=840) to work on /opt/airflow/dags/main.py
[2026-04-30T09:11:11.827+0000] {processor.py:914} INFO - Processing file /opt/airflow/dags/main.py for tasks to queue
[2026-04-30T09:11:11.835+0000] {logging_mixin.py:190} INFO - [2026-04-30T09:11:11.834+0000] {dagbag.py:588} INFO - Filling up the DagBag from /opt/airflow/dags/main.py
[2026-04-30T09:11:12.094+0000] {processor.py:925} INFO - DAG(s) 'orders_kafka_to_s3' retrieved from /opt/airflow/dags/main.py
[2026-04-30T09:11:12.405+0000] {logging_mixin.py:190} INFO - [2026-04-30T09:11:12.404+0000] {dag.py:3239} INFO - Sync 1 DAGs
[2026-04-30T09:11:12.451+0000] {logging_mixin.py:190} INFO - [2026-04-30T09:11:12.450+0000] {dag.py:4180} INFO - Setting next_dagrun for orders_kafka_to_s3 to 2026-04-30 00:00:00+00:00, run_after=2026-05-01 00:00:00+00:00
[2026-04-30T09:11:12.495+0000] {processor.py:208} INFO - Processing /opt/airflow/dags/main.py took 0.694 seconds
[2026-04-30T09:11:43.015+0000] {processor.py:186} INFO - Started process (PID=847) to work on /opt/airflow/dags/main.py
[2026-04-30T09:11:43.016+0000] {processor.py:914} INFO - Processing file /opt/airflow/dags/main.py for tasks to queue
[2026-04-30T09:11:43.020+0000] {logging_mixin.py:190} INFO - [2026-04-30T09:11:43.019+0000] {dagbag.py:588} INFO - Filling up the DagBag from /opt/airflow/dags/main.py
[2026-04-30T09:11:43.393+0000] {processor.py:925} INFO - DAG(s) 'orders_kafka_to_s3' retrieved from /opt/airflow/dags/main.py
[2026-04-30T09:11:43.431+0000] {logging_mixin.py:190} INFO - [2026-04-30T09:11:43.431+0000] {dag.py:3239} INFO - Sync 1 DAGs
[2026-04-30T09:11:43.461+0000] {logging_mixin.py:190} INFO - [2026-04-30T09:11:43.461+0000] {dag.py:4180} INFO - Setting next_dagrun for orders_kafka_to_s3 to 2026-04-30 00:00:00+00:00, run_after=2026-05-01 00:00:00+00:00
[2026-04-30T09:11:43.492+0000] {processor.py:208} INFO - Processing /opt/airflow/dags/main.py took 0.487 seconds
[2026-04-30T09:12:13.713+0000] {processor.py:186} INFO - Started process (PID=854) to work on /opt/airflow/dags/main.py
[2026-04-30T09:12:13.715+0000] {processor.py:914} INFO - Processing file /opt/airflow/dags/main.py for tasks to queue
[2026-04-30T09:12:13.720+0000] {logging_mixin.py:190} INFO - [2026-04-30T09:12:13.719+0000] {dagbag.py:588} INFO - Filling up the DagBag from /opt/airflow/dags/main.py
[2026-04-30T09:12:13.907+0000] {processor.py:925} INFO - DAG(s) 'orders_kafka_to_s3' retrieved from /opt/airflow/dags/main.py
[2026-04-30T09:12:13.947+0000] {logging_mixin.py:190} INFO - [2026-04-30T09:12:13.947+0000] {dag.py:3239} INFO - Sync 1 DAGs
[2026-04-30T09:12:13.983+0000] {logging_mixin.py:190} INFO - [2026-04-30T09:12:13.982+0000] {dag.py:4180} INFO - Setting next_dagrun for orders_kafka_to_s3 to 2026-04-30 00:00:00+00:00, run_after=2026-05-01 00:00:00+00:00
[2026-04-30T09:12:14.018+0000] {processor.py:208} INFO - Processing /opt/airflow/dags/main.py took 0.322 seconds
[2026-04-30T09:12:44.216+0000] {processor.py:186} INFO - Started process (PID=861) to work on /opt/airflow/dags/main.py
[2026-04-30T09:12:44.218+0000] {processor.py:914} INFO - Processing file /opt/airflow/dags/main.py for tasks to queue
[2026-04-30T09:12:44.223+0000] {logging_mixin.py:190} INFO - [2026-04-30T09:12:44.223+0000] {dagbag.py:588} INFO - Filling up the DagBag from /opt/airflow/dags/main.py
[2026-04-30T09:12:44.428+0000] {processor.py:925} INFO - DAG(s) 'orders_kafka_to_s3' retrieved from /opt/airflow/dags/main.py
[2026-04-30T09:12:44.470+0000] {logging_mixin.py:190} INFO - [2026-04-30T09:12:44.469+0000] {dag.py:3239} INFO - Sync 1 DAGs
[2026-04-30T09:12:44.508+0000] {logging_mixin.py:190} INFO - [2026-04-30T09:12:44.508+0000] {dag.py:4180} INFO - Setting next_dagrun for orders_kafka_to_s3 to 2026-04-30 00:00:00+00:00, run_after=2026-05-01 00:00:00+00:00
[2026-04-30T09:12:44.755+0000] {processor.py:208} INFO - Processing /opt/airflow/dags/main.py took 0.549 seconds
[2026-04-30T09:13:15.412+0000] {processor.py:186} INFO - Started process (PID=868) to work on /opt/airflow/dags/main.py
[2026-04-30T09:13:15.414+0000] {processor.py:914} INFO - Processing file /opt/airflow/dags/main.py for tasks to queue
[2026-04-30T09:13:15.418+0000] {logging_mixin.py:190} INFO - [2026-04-30T09:13:15.418+0000] {dagbag.py:588} INFO - Filling up the DagBag from /opt/airflow/dags/main.py
[2026-04-30T09:13:15.553+0000] {processor.py:925} INFO - DAG(s) 'orders_kafka_to_s3' retrieved from /opt/airflow/dags/main.py
[2026-04-30T09:13:15.587+0000] {logging_mixin.py:190} INFO - [2026-04-30T09:13:15.587+0000] {dag.py:3239} INFO - Sync 1 DAGs
[2026-04-30T09:13:15.799+0000] {logging_mixin.py:190} INFO - [2026-04-30T09:13:15.798+0000] {dag.py:4180} INFO - Setting next_dagrun for orders_kafka_to_s3 to 2026-04-30 00:00:00+00:00, run_after=2026-05-01 00:00:00+00:00
[2026-04-30T09:13:15.827+0000] {processor.py:208} INFO - Processing /opt/airflow/dags/main.py took 0.426 seconds
[2026-04-30T09:13:46.651+0000] {processor.py:186} INFO - Started process (PID=875) to work on /opt/airflow/dags/main.py
[2026-04-30T09:13:46.653+0000] {processor.py:914} INFO - Processing file /opt/airflow/dags/main.py for tasks to queue
[2026-04-30T09:13:46.657+0000] {logging_mixin.py:190} INFO - [2026-04-30T09:13:46.657+0000] {dagbag.py:588} INFO - Filling up the DagBag from /opt/airflow/dags/main.py
[2026-04-30T09:13:46.799+0000] {processor.py:925} INFO - DAG(s) 'orders_kafka_to_s3' retrieved from /opt/airflow/dags/main.py
[2026-04-30T09:13:47.042+0000] {logging_mixin.py:190} INFO - [2026-04-30T09:13:47.041+0000] {dag.py:3239} INFO - Sync 1 DAGs
[2026-04-30T09:13:47.083+0000] {logging_mixin.py:190} INFO - [2026-04-30T09:13:47.082+0000] {dag.py:4180} INFO - Setting next_dagrun for orders_kafka_to_s3 to 2026-04-30 00:00:00+00:00, run_after=2026-05-01 00:00:00+00:00
[2026-04-30T09:13:47.119+0000] {processor.py:208} INFO - Processing /opt/airflow/dags/main.py took 0.477 seconds
[2026-04-30T09:14:17.281+0000] {processor.py:186} INFO - Started process (PID=883) to work on /opt/airflow/dags/main.py
[2026-04-30T09:14:17.283+0000] {processor.py:914} INFO - Processing file /opt/airflow/dags/main.py for tasks to queue
[2026-04-30T09:14:17.288+0000] {logging_mixin.py:190} INFO - [2026-04-30T09:14:17.287+0000] {dagbag.py:588} INFO - Filling up the DagBag from /opt/airflow/dags/main.py
[2026-04-30T09:14:17.445+0000] {processor.py:925} INFO - DAG(s) 'orders_kafka_to_s3' retrieved from /opt/airflow/dags/main.py
[2026-04-30T09:14:17.693+0000] {logging_mixin.py:190} INFO - [2026-04-30T09:14:17.693+0000] {dag.py:3239} INFO - Sync 1 DAGs
[2026-04-30T09:14:17.731+0000] {logging_mixin.py:190} INFO - [2026-04-30T09:14:17.730+0000] {dag.py:4180} INFO - Setting next_dagrun for orders_kafka_to_s3 to 2026-04-30 00:00:00+00:00, run_after=2026-05-01 00:00:00+00:00
[2026-04-30T09:14:17.763+0000] {processor.py:208} INFO - Processing /opt/airflow/dags/main.py took 0.495 seconds
[2026-04-30T09:14:48.311+0000] {processor.py:186} INFO - Started process (PID=890) to work on /opt/airflow/dags/main.py
[2026-04-30T09:14:48.323+0000] {processor.py:914} INFO - Processing file /opt/airflow/dags/main.py for tasks to queue
[2026-04-30T09:14:48.343+0000] {logging_mixin.py:190} INFO - [2026-04-30T09:14:48.341+0000] {dagbag.py:588} INFO - Filling up the DagBag from /opt/airflow/dags/main.py
[2026-04-30T09:14:49.335+0000] {processor.py:925} INFO - DAG(s) 'orders_kafka_to_s3' retrieved from /opt/airflow/dags/main.py
[2026-04-30T09:14:49.374+0000] {logging_mixin.py:190} INFO - [2026-04-30T09:14:49.373+0000] {dag.py:3239} INFO - Sync 1 DAGs
[2026-04-30T09:14:49.416+0000] {logging_mixin.py:190} INFO - [2026-04-30T09:14:49.415+0000] {dag.py:4180} INFO - Setting next_dagrun for orders_kafka_to_s3 to 2026-04-30 00:00:00+00:00, run_after=2026-05-01 00:00:00+00:00
[2026-04-30T09:14:49.454+0000] {processor.py:208} INFO - Processing /opt/airflow/dags/main.py took 1.258 seconds
[2026-04-30T09:15:19.611+0000] {processor.py:186} INFO - Started process (PID=903) to work on /opt/airflow/dags/main.py
[2026-04-30T09:15:19.614+0000] {processor.py:914} INFO - Processing file /opt/airflow/dags/main.py for tasks to queue
[2026-04-30T09:15:19.621+0000] {logging_mixin.py:190} INFO - [2026-04-30T09:15:19.620+0000] {dagbag.py:588} INFO - Filling up the DagBag from /opt/airflow/dags/main.py
[2026-04-30T09:15:19.820+0000] {processor.py:925} INFO - DAG(s) 'orders_kafka_to_s3' retrieved from /opt/airflow/dags/main.py
[2026-04-30T09:15:19.956+0000] {logging_mixin.py:190} INFO - [2026-04-30T09:15:19.956+0000] {dag.py:3239} INFO - Sync 1 DAGs
[2026-04-30T09:15:19.992+0000] {logging_mixin.py:190} INFO - [2026-04-30T09:15:19.992+0000] {dag.py:4180} INFO - Setting next_dagrun for orders_kafka_to_s3 to 2026-04-30 00:00:00+00:00, run_after=2026-05-01 00:00:00+00:00
[2026-04-30T09:15:20.236+0000] {processor.py:208} INFO - Processing /opt/airflow/dags/main.py took 0.640 seconds
[2026-04-30T09:15:50.855+0000] {processor.py:186} INFO - Started process (PID=910) to work on /opt/airflow/dags/main.py
[2026-04-30T09:15:50.857+0000] {processor.py:914} INFO - Processing file /opt/airflow/dags/main.py for tasks to queue
[2026-04-30T09:15:50.860+0000] {logging_mixin.py:190} INFO - [2026-04-30T09:15:50.860+0000] {dagbag.py:588} INFO - Filling up the DagBag from /opt/airflow/dags/main.py
[2026-04-30T09:15:51.003+0000] {processor.py:925} INFO - DAG(s) 'orders_kafka_to_s3' retrieved from /opt/airflow/dags/main.py
[2026-04-30T09:15:51.045+0000] {logging_mixin.py:190} INFO - [2026-04-30T09:15:51.045+0000] {dag.py:3239} INFO - Sync 1 DAGs
[2026-04-30T09:15:52.191+0000] {logging_mixin.py:190} INFO - [2026-04-30T09:15:52.190+0000] {dag.py:4180} INFO - Setting next_dagrun for orders_kafka_to_s3 to 2026-04-30 00:00:00+00:00, run_after=2026-05-01 00:00:00+00:00
[2026-04-30T09:15:52.237+0000] {processor.py:208} INFO - Processing /opt/airflow/dags/main.py took 1.392 seconds
[2026-04-30T09:16:23.196+0000] {processor.py:186} INFO - Started process (PID=918) to work on /opt/airflow/dags/main.py
[2026-04-30T09:16:23.198+0000] {processor.py:914} INFO - Processing file /opt/airflow/dags/main.py for tasks to queue
[2026-04-30T09:16:23.203+0000] {logging_mixin.py:190} INFO - [2026-04-30T09:16:23.202+0000] {dagbag.py:588} INFO - Filling up the DagBag from /opt/airflow/dags/main.py
[2026-04-30T09:16:23.368+0000] {processor.py:925} INFO - DAG(s) 'orders_kafka_to_s3' retrieved from /opt/airflow/dags/main.py
[2026-04-30T09:16:23.399+0000] {logging_mixin.py:190} INFO - [2026-04-30T09:16:23.399+0000] {dag.py:3239} INFO - Sync 1 DAGs
[2026-04-30T09:16:23.651+0000] {logging_mixin.py:190} INFO - [2026-04-30T09:16:23.651+0000] {dag.py:4180} INFO - Setting next_dagrun for orders_kafka_to_s3 to 2026-04-30 00:00:00+00:00, run_after=2026-05-01 00:00:00+00:00
[2026-04-30T09:16:23.683+0000] {processor.py:208} INFO - Processing /opt/airflow/dags/main.py took 0.497 seconds
[2026-04-30T09:16:54.159+0000] {processor.py:186} INFO - Started process (PID=925) to work on /opt/airflow/dags/main.py
[2026-04-30T09:16:54.161+0000] {processor.py:914} INFO - Processing file /opt/airflow/dags/main.py for tasks to queue
[2026-04-30T09:16:54.167+0000] {logging_mixin.py:190} INFO - [2026-04-30T09:16:54.166+0000] {dagbag.py:588} INFO - Filling up the DagBag from /opt/airflow/dags/main.py
[2026-04-30T09:16:54.338+0000] {processor.py:925} INFO - DAG(s) 'orders_kafka_to_s3' retrieved from /opt/airflow/dags/main.py
[2026-04-30T09:16:54.619+0000] {logging_mixin.py:190} INFO - [2026-04-30T09:16:54.619+0000] {dag.py:3239} INFO - Sync 1 DAGs
[2026-04-30T09:16:54.657+0000] {logging_mixin.py:190} INFO - [2026-04-30T09:16:54.656+0000] {dag.py:4180} INFO - Setting next_dagrun for orders_kafka_to_s3 to 2026-04-30 00:00:00+00:00, run_after=2026-05-01 00:00:00+00:00
[2026-04-30T09:16:54.691+0000] {processor.py:208} INFO - Processing /opt/airflow/dags/main.py took 0.545 seconds
[2026-04-30T09:17:25.181+0000] {processor.py:186} INFO - Started process (PID=932) to work on /opt/airflow/dags/main.py
[2026-04-30T09:17:25.185+0000] {processor.py:914} INFO - Processing file /opt/airflow/dags/main.py for tasks to queue
[2026-04-30T09:17:25.193+0000] {logging_mixin.py:190} INFO - [2026-04-30T09:17:25.192+0000] {dagbag.py:588} INFO - Filling up the DagBag from /opt/airflow/dags/main.py
[2026-04-30T09:17:25.608+0000] {processor.py:925} INFO - DAG(s) 'orders_kafka_to_s3' retrieved from /opt/airflow/dags/main.py
[2026-04-30T09:17:25.644+0000] {logging_mixin.py:190} INFO - [2026-04-30T09:17:25.643+0000] {dag.py:3239} INFO - Sync 1 DAGs
[2026-04-30T09:17:25.687+0000] {logging_mixin.py:190} INFO - [2026-04-30T09:17:25.686+0000] {dag.py:4180} INFO - Setting next_dagrun for orders_kafka_to_s3 to 2026-04-30 00:00:00+00:00, run_after=2026-05-01 00:00:00+00:00
[2026-04-30T09:17:25.731+0000] {processor.py:208} INFO - Processing /opt/airflow/dags/main.py took 0.576 seconds
[2026-04-30T09:17:56.036+0000] {processor.py:186} INFO - Started process (PID=939) to work on /opt/airflow/dags/main.py
[2026-04-30T09:17:56.038+0000] {processor.py:914} INFO - Processing file /opt/airflow/dags/main.py for tasks to queue
[2026-04-30T09:17:56.041+0000] {logging_mixin.py:190} INFO - [2026-04-30T09:17:56.041+0000] {dagbag.py:588} INFO - Filling up the DagBag from /opt/airflow/dags/main.py
[2026-04-30T09:17:56.187+0000] {processor.py:925} INFO - DAG(s) 'orders_kafka_to_s3' retrieved from /opt/airflow/dags/main.py
[2026-04-30T09:17:56.226+0000] {logging_mixin.py:190} INFO - [2026-04-30T09:17:56.226+0000] {dag.py:3239} INFO - Sync 1 DAGs
[2026-04-30T09:17:56.260+0000] {logging_mixin.py:190} INFO - [2026-04-30T09:17:56.259+0000] {dag.py:4180} INFO - Setting next_dagrun for orders_kafka_to_s3 to 2026-04-30 00:00:00+00:00, run_after=2026-05-01 00:00:00+00:00
[2026-04-30T09:17:56.484+0000] {processor.py:208} INFO - Processing /opt/airflow/dags/main.py took 0.456 seconds
[2026-04-30T09:18:26.630+0000] {processor.py:186} INFO - Started process (PID=946) to work on /opt/airflow/dags/main.py
[2026-04-30T09:18:26.632+0000] {processor.py:914} INFO - Processing file /opt/airflow/dags/main.py for tasks to queue
[2026-04-30T09:18:26.637+0000] {logging_mixin.py:190} INFO - [2026-04-30T09:18:26.636+0000] {dagbag.py:588} INFO - Filling up the DagBag from /opt/airflow/dags/main.py
[2026-04-30T09:18:26.798+0000] {processor.py:925} INFO - DAG(s) 'orders_kafka_to_s3' retrieved from /opt/airflow/dags/main.py
[2026-04-30T09:18:26.835+0000] {logging_mixin.py:190} INFO - [2026-04-30T09:18:26.835+0000] {dag.py:3239} INFO - Sync 1 DAGs
[2026-04-30T09:18:27.092+0000] {logging_mixin.py:190} INFO - [2026-04-30T09:18:27.091+0000] {dag.py:4180} INFO - Setting next_dagrun for orders_kafka_to_s3 to 2026-04-30 00:00:00+00:00, run_after=2026-05-01 00:00:00+00:00
[2026-04-30T09:18:27.125+0000] {processor.py:208} INFO - Processing /opt/airflow/dags/main.py took 0.503 seconds
[2026-04-30T09:18:57.671+0000] {processor.py:186} INFO - Started process (PID=953) to work on /opt/airflow/dags/main.py
[2026-04-30T09:18:57.674+0000] {processor.py:914} INFO - Processing file /opt/airflow/dags/main.py for tasks to queue
[2026-04-30T09:18:57.680+0000] {logging_mixin.py:190} INFO - [2026-04-30T09:18:57.679+0000] {dagbag.py:588} INFO - Filling up the DagBag from /opt/airflow/dags/main.py
[2026-04-30T09:18:57.840+0000] {processor.py:925} INFO - DAG(s) 'orders_kafka_to_s3' retrieved from /opt/airflow/dags/main.py
[2026-04-30T09:18:57.879+0000] {logging_mixin.py:190} INFO - [2026-04-30T09:18:57.879+0000] {dag.py:3239} INFO - Sync 1 DAGs
[2026-04-30T09:18:58.137+0000] {logging_mixin.py:190} INFO - [2026-04-30T09:18:58.137+0000] {dag.py:4180} INFO - Setting next_dagrun for orders_kafka_to_s3 to 2026-04-30 00:00:00+00:00, run_after=2026-05-01 00:00:00+00:00
[2026-04-30T09:18:58.166+0000] {processor.py:208} INFO - Processing /opt/airflow/dags/main.py took 0.505 seconds
[2026-04-30T09:19:28.363+0000] {processor.py:186} INFO - Started process (PID=960) to work on /opt/airflow/dags/main.py
[2026-04-30T09:19:28.367+0000] {processor.py:914} INFO - Processing file /opt/airflow/dags/main.py for tasks to queue
[2026-04-30T09:19:28.377+0000] {logging_mixin.py:190} INFO - [2026-04-30T09:19:28.376+0000] {dagbag.py:588} INFO - Filling up the DagBag from /opt/airflow/dags/main.py
[2026-04-30T09:19:28.768+0000] {processor.py:925} INFO - DAG(s) 'orders_kafka_to_s3' retrieved from /opt/airflow/dags/main.py
[2026-04-30T09:19:29.339+0000] {logging_mixin.py:190} INFO - [2026-04-30T09:19:29.338+0000] {dag.py:3239} INFO - Sync 1 DAGs
[2026-04-30T09:19:29.552+0000] {logging_mixin.py:190} INFO - [2026-04-30T09:19:29.552+0000] {dag.py:4180} INFO - Setting next_dagrun for orders_kafka_to_s3 to 2026-04-30 00:00:00+00:00, run_after=2026-05-01 00:00:00+00:00
[2026-04-30T09:19:29.610+0000] {processor.py:208} INFO - Processing /opt/airflow/dags/main.py took 1.281 seconds
[2026-04-30T09:19:59.959+0000] {processor.py:186} INFO - Started process (PID=967) to work on /opt/airflow/dags/main.py
[2026-04-30T09:19:59.962+0000] {processor.py:914} INFO - Processing file /opt/airflow/dags/main.py for tasks to queue
[2026-04-30T09:19:59.974+0000] {logging_mixin.py:190} INFO - [2026-04-30T09:19:59.972+0000] {dagbag.py:588} INFO - Filling up the DagBag from /opt/airflow/dags/main.py
[2026-04-30T09:20:00.609+0000] {processor.py:925} INFO - DAG(s) 'orders_kafka_to_s3' retrieved from /opt/airflow/dags/main.py
[2026-04-30T09:20:00.654+0000] {logging_mixin.py:190} INFO - [2026-04-30T09:20:00.654+0000] {dag.py:3239} INFO - Sync 1 DAGs
[2026-04-30T09:20:00.697+0000] {logging_mixin.py:190} INFO - [2026-04-30T09:20:00.697+0000] {dag.py:4180} INFO - Setting next_dagrun for orders_kafka_to_s3 to 2026-04-30 00:00:00+00:00, run_after=2026-05-01 00:00:00+00:00
[2026-04-30T09:20:00.729+0000] {processor.py:208} INFO - Processing /opt/airflow/dags/main.py took 0.796 seconds
[2026-04-30T09:20:31.158+0000] {processor.py:186} INFO - Started process (PID=980) to work on /opt/airflow/dags/main.py
[2026-04-30T09:20:31.161+0000] {processor.py:914} INFO - Processing file /opt/airflow/dags/main.py for tasks to queue
[2026-04-30T09:20:31.170+0000] {logging_mixin.py:190} INFO - [2026-04-30T09:20:31.169+0000] {dagbag.py:588} INFO - Filling up the DagBag from /opt/airflow/dags/main.py
[2026-04-30T09:20:31.598+0000] {processor.py:925} INFO - DAG(s) 'orders_kafka_to_s3' retrieved from /opt/airflow/dags/main.py
[2026-04-30T09:20:31.641+0000] {logging_mixin.py:190} INFO - [2026-04-30T09:20:31.641+0000] {dag.py:3239} INFO - Sync 1 DAGs
[2026-04-30T09:20:31.689+0000] {logging_mixin.py:190} INFO - [2026-04-30T09:20:31.689+0000] {dag.py:4180} INFO - Setting next_dagrun for orders_kafka_to_s3 to 2026-04-30 00:00:00+00:00, run_after=2026-05-01 00:00:00+00:00
[2026-04-30T09:20:31.732+0000] {processor.py:208} INFO - Processing /opt/airflow/dags/main.py took 0.592 seconds
[2026-04-30T09:21:02.652+0000] {processor.py:186} INFO - Started process (PID=987) to work on /opt/airflow/dags/main.py
[2026-04-30T09:21:02.654+0000] {processor.py:914} INFO - Processing file /opt/airflow/dags/main.py for tasks to queue
[2026-04-30T09:21:02.660+0000] {logging_mixin.py:190} INFO - [2026-04-30T09:21:02.660+0000] {dagbag.py:588} INFO - Filling up the DagBag from /opt/airflow/dags/main.py
[2026-04-30T09:21:02.893+0000] {processor.py:925} INFO - DAG(s) 'orders_kafka_to_s3' retrieved from /opt/airflow/dags/main.py
[2026-04-30T09:21:02.928+0000] {logging_mixin.py:190} INFO - [2026-04-30T09:21:02.927+0000] {dag.py:3239} INFO - Sync 1 DAGs
[2026-04-30T09:21:03.235+0000] {logging_mixin.py:190} INFO - [2026-04-30T09:21:03.235+0000] {dag.py:4180} INFO - Setting next_dagrun for orders_kafka_to_s3 to 2026-04-30 00:00:00+00:00, run_after=2026-05-01 00:00:00+00:00
[2026-04-30T09:21:03.268+0000] {processor.py:208} INFO - Processing /opt/airflow/dags/main.py took 0.632 seconds
[2026-04-30T09:21:33.781+0000] {processor.py:186} INFO - Started process (PID=994) to work on /opt/airflow/dags/main.py
[2026-04-30T09:21:33.784+0000] {processor.py:914} INFO - Processing file /opt/airflow/dags/main.py for tasks to queue
[2026-04-30T09:21:33.790+0000] {logging_mixin.py:190} INFO - [2026-04-30T09:21:33.789+0000] {dagbag.py:588} INFO - Filling up the DagBag from /opt/airflow/dags/main.py
[2026-04-30T09:21:33.979+0000] {processor.py:925} INFO - DAG(s) 'orders_kafka_to_s3' retrieved from /opt/airflow/dags/main.py
[2026-04-30T09:21:34.018+0000] {logging_mixin.py:190} INFO - [2026-04-30T09:21:34.018+0000] {dag.py:3239} INFO - Sync 1 DAGs
[2026-04-30T09:21:34.289+0000] {logging_mixin.py:190} INFO - [2026-04-30T09:21:34.288+0000] {dag.py:4180} INFO - Setting next_dagrun for orders_kafka_to_s3 to 2026-04-30 00:00:00+00:00, run_after=2026-05-01 00:00:00+00:00
[2026-04-30T09:21:34.321+0000] {processor.py:208} INFO - Processing /opt/airflow/dags/main.py took 0.554 seconds
[2026-04-30T09:22:04.634+0000] {processor.py:186} INFO - Started process (PID=1001) to work on /opt/airflow/dags/main.py
[2026-04-30T09:22:04.638+0000] {processor.py:914} INFO - Processing file /opt/airflow/dags/main.py for tasks to queue
[2026-04-30T09:22:04.644+0000] {logging_mixin.py:190} INFO - [2026-04-30T09:22:04.643+0000] {dagbag.py:588} INFO - Filling up the DagBag from /opt/airflow/dags/main.py
[2026-04-30T09:22:04.807+0000] {processor.py:925} INFO - DAG(s) 'orders_kafka_to_s3' retrieved from /opt/airflow/dags/main.py
[2026-04-30T09:22:05.119+0000] {logging_mixin.py:190} INFO - [2026-04-30T09:22:05.119+0000] {dag.py:3239} INFO - Sync 1 DAGs
[2026-04-30T09:22:05.183+0000] {logging_mixin.py:190} INFO - [2026-04-30T09:22:05.182+0000] {dag.py:4180} INFO - Setting next_dagrun for orders_kafka_to_s3 to 2026-04-30 00:00:00+00:00, run_after=2026-05-01 00:00:00+00:00
[2026-04-30T09:22:05.216+0000] {processor.py:208} INFO - Processing /opt/airflow/dags/main.py took 0.599 seconds
[2026-04-30T09:22:35.596+0000] {processor.py:186} INFO - Started process (PID=1008) to work on /opt/airflow/dags/main.py
[2026-04-30T09:22:35.602+0000] {processor.py:914} INFO - Processing file /opt/airflow/dags/main.py for tasks to queue
[2026-04-30T09:22:35.617+0000] {logging_mixin.py:190} INFO - [2026-04-30T09:22:35.614+0000] {dagbag.py:588} INFO - Filling up the DagBag from /opt/airflow/dags/main.py
[2026-04-30T09:22:36.198+0000] {processor.py:925} INFO - DAG(s) 'orders_kafka_to_s3' retrieved from /opt/airflow/dags/main.py
[2026-04-30T09:22:36.240+0000] {logging_mixin.py:190} INFO - [2026-04-30T09:22:36.240+0000] {dag.py:3239} INFO - Sync 1 DAGs
[2026-04-30T09:22:36.281+0000] {logging_mixin.py:190} INFO - [2026-04-30T09:22:36.280+0000] {dag.py:4180} INFO - Setting next_dagrun for orders_kafka_to_s3 to 2026-04-30 00:00:00+00:00, run_after=2026-05-01 00:00:00+00:00
[2026-04-30T09:22:36.323+0000] {processor.py:208} INFO - Processing /opt/airflow/dags/main.py took 0.775 seconds
[2026-04-30T09:23:06.794+0000] {processor.py:186} INFO - Started process (PID=1015) to work on /opt/airflow/dags/main.py
[2026-04-30T09:23:06.796+0000] {processor.py:914} INFO - Processing file /opt/airflow/dags/main.py for tasks to queue
[2026-04-30T09:23:06.800+0000] {logging_mixin.py:190} INFO - [2026-04-30T09:23:06.799+0000] {dagbag.py:588} INFO - Filling up the DagBag from /opt/airflow/dags/main.py
[2026-04-30T09:23:06.951+0000] {processor.py:925} INFO - DAG(s) 'orders_kafka_to_s3' retrieved from /opt/airflow/dags/main.py
[2026-04-30T09:23:06.985+0000] {logging_mixin.py:190} INFO - [2026-04-30T09:23:06.985+0000] {dag.py:3239} INFO - Sync 1 DAGs
[2026-04-30T09:23:07.047+0000] {logging_mixin.py:190} INFO - [2026-04-30T09:23:07.047+0000] {dag.py:4180} INFO - Setting next_dagrun for orders_kafka_to_s3 to 2026-04-30 00:00:00+00:00, run_after=2026-05-01 00:00:00+00:00
[2026-04-30T09:23:07.092+0000] {processor.py:208} INFO - Processing /opt/airflow/dags/main.py took 0.306 seconds
[2026-04-30T09:23:37.658+0000] {processor.py:186} INFO - Started process (PID=1022) to work on /opt/airflow/dags/main.py
[2026-04-30T09:23:37.660+0000] {processor.py:914} INFO - Processing file /opt/airflow/dags/main.py for tasks to queue
[2026-04-30T09:23:37.664+0000] {logging_mixin.py:190} INFO - [2026-04-30T09:23:37.663+0000] {dagbag.py:588} INFO - Filling up the DagBag from /opt/airflow/dags/main.py
[2026-04-30T09:23:37.837+0000] {processor.py:925} INFO - DAG(s) 'orders_kafka_to_s3' retrieved from /opt/airflow/dags/main.py
[2026-04-30T09:23:37.893+0000] {logging_mixin.py:190} INFO - [2026-04-30T09:23:37.892+0000] {dag.py:3239} INFO - Sync 1 DAGs
[2026-04-30T09:23:37.937+0000] {logging_mixin.py:190} INFO - [2026-04-30T09:23:37.937+0000] {dag.py:4180} INFO - Setting next_dagrun for orders_kafka_to_s3 to 2026-04-30 00:00:00+00:00, run_after=2026-05-01 00:00:00+00:00
[2026-04-30T09:23:38.189+0000] {processor.py:208} INFO - Processing /opt/airflow/dags/main.py took 0.541 seconds
[2026-04-30T09:24:08.672+0000] {processor.py:186} INFO - Started process (PID=1029) to work on /opt/airflow/dags/main.py
[2026-04-30T09:24:08.674+0000] {processor.py:914} INFO - Processing file /opt/airflow/dags/main.py for tasks to queue
[2026-04-30T09:24:08.681+0000] {logging_mixin.py:190} INFO - [2026-04-30T09:24:08.680+0000] {dagbag.py:588} INFO - Filling up the DagBag from /opt/airflow/dags/main.py
[2026-04-30T09:24:08.859+0000] {processor.py:925} INFO - DAG(s) 'orders_kafka_to_s3' retrieved from /opt/airflow/dags/main.py
[2026-04-30T09:24:08.912+0000] {logging_mixin.py:190} INFO - [2026-04-30T09:24:08.911+0000] {dag.py:3239} INFO - Sync 1 DAGs
[2026-04-30T09:24:08.710+0000] {logging_mixin.py:190} INFO - [2026-04-30T09:24:08.709+0000] {dag.py:4180} INFO - Setting next_dagrun for orders_kafka_to_s3 to 2026-04-30 00:00:00+00:00, run_after=2026-05-01 00:00:00+00:00
[2026-04-30T09:24:08.745+0000] {processor.py:208} INFO - Processing /opt/airflow/dags/main.py took 0.676 seconds
[2026-04-30T09:24:39.475+0000] {processor.py:186} INFO - Started process (PID=1036) to work on /opt/airflow/dags/main.py
[2026-04-30T09:24:39.479+0000] {processor.py:914} INFO - Processing file /opt/airflow/dags/main.py for tasks to queue
[2026-04-30T09:24:39.491+0000] {logging_mixin.py:190} INFO - [2026-04-30T09:24:39.490+0000] {dagbag.py:588} INFO - Filling up the DagBag from /opt/airflow/dags/main.py
[2026-04-30T09:24:39.776+0000] {processor.py:925} INFO - DAG(s) 'orders_kafka_to_s3' retrieved from /opt/airflow/dags/main.py
[2026-04-30T09:24:40.059+0000] {logging_mixin.py:190} INFO - [2026-04-30T09:24:40.059+0000] {dag.py:3239} INFO - Sync 1 DAGs
[2026-04-30T09:24:40.113+0000] {logging_mixin.py:190} INFO - [2026-04-30T09:24:40.113+0000] {dag.py:4180} INFO - Setting next_dagrun for orders_kafka_to_s3 to 2026-04-30 00:00:00+00:00, run_after=2026-05-01 00:00:00+00:00
[2026-04-30T09:24:40.160+0000] {processor.py:208} INFO - Processing /opt/airflow/dags/main.py took 0.714 seconds
[2026-04-30T09:25:10.449+0000] {processor.py:186} INFO - Started process (PID=1050) to work on /opt/airflow/dags/main.py
[2026-04-30T09:25:10.452+0000] {processor.py:914} INFO - Processing file /opt/airflow/dags/main.py for tasks to queue
[2026-04-30T09:25:10.456+0000] {logging_mixin.py:190} INFO - [2026-04-30T09:25:10.455+0000] {dagbag.py:588} INFO - Filling up the DagBag from /opt/airflow/dags/main.py
[2026-04-30T09:25:10.657+0000] {processor.py:925} INFO - DAG(s) 'orders_kafka_to_s3' retrieved from /opt/airflow/dags/main.py
[2026-04-30T09:25:11.181+0000] {logging_mixin.py:190} INFO - [2026-04-30T09:25:11.180+0000] {dag.py:3239} INFO - Sync 1 DAGs
[2026-04-30T09:25:11.242+0000] {logging_mixin.py:190} INFO - [2026-04-30T09:25:11.241+0000] {dag.py:4180} INFO - Setting next_dagrun for orders_kafka_to_s3 to 2026-04-30 00:00:00+00:00, run_after=2026-05-01 00:00:00+00:00
[2026-04-30T09:25:11.279+0000] {processor.py:208} INFO - Processing /opt/airflow/dags/main.py took 0.841 seconds
[2026-04-30T09:25:41.948+0000] {processor.py:186} INFO - Started process (PID=1057) to work on /opt/airflow/dags/main.py
[2026-04-30T09:25:41.952+0000] {processor.py:914} INFO - Processing file /opt/airflow/dags/main.py for tasks to queue
[2026-04-30T09:25:41.962+0000] {logging_mixin.py:190} INFO - [2026-04-30T09:25:41.960+0000] {dagbag.py:588} INFO - Filling up the DagBag from /opt/airflow/dags/main.py
[2026-04-30T09:25:43.255+0000] {processor.py:925} INFO - DAG(s) 'orders_kafka_to_s3' retrieved from /opt/airflow/dags/main.py
[2026-04-30T09:25:43.346+0000] {logging_mixin.py:190} INFO - [2026-04-30T09:25:43.346+0000] {dag.py:3239} INFO - Sync 1 DAGs
[2026-04-30T09:25:43.450+0000] {logging_mixin.py:190} INFO - [2026-04-30T09:25:43.449+0000] {dag.py:4180} INFO - Setting next_dagrun for orders_kafka_to_s3 to 2026-04-30 00:00:00+00:00, run_after=2026-05-01 00:00:00+00:00
[2026-04-30T09:25:43.524+0000] {processor.py:208} INFO - Processing /opt/airflow/dags/main.py took 1.602 seconds
[2026-04-30T09:26:13.891+0000] {processor.py:186} INFO - Started process (PID=1064) to work on /opt/airflow/dags/main.py
[2026-04-30T09:26:13.894+0000] {processor.py:914} INFO - Processing file /opt/airflow/dags/main.py for tasks to queue
[2026-04-30T09:26:13.903+0000] {logging_mixin.py:190} INFO - [2026-04-30T09:26:13.902+0000] {dagbag.py:588} INFO - Filling up the DagBag from /opt/airflow/dags/main.py
[2026-04-30T09:26:14.169+0000] {processor.py:925} INFO - DAG(s) 'orders_kafka_to_s3' retrieved from /opt/airflow/dags/main.py
[2026-04-30T09:26:14.387+0000] {logging_mixin.py:190} INFO - [2026-04-30T09:26:14.386+0000] {dag.py:3239} INFO - Sync 1 DAGs
[2026-04-30T09:26:14.563+0000] {logging_mixin.py:190} INFO - [2026-04-30T09:26:14.562+0000] {dag.py:4180} INFO - Setting next_dagrun for orders_kafka_to_s3 to 2026-04-30 00:00:00+00:00, run_after=2026-05-01 00:00:00+00:00
[2026-04-30T09:26:15.007+0000] {processor.py:208} INFO - Processing /opt/airflow/dags/main.py took 1.132 seconds
[2026-04-30T09:26:45.665+0000] {processor.py:186} INFO - Started process (PID=1071) to work on /opt/airflow/dags/main.py
[2026-04-30T09:26:45.673+0000] {processor.py:914} INFO - Processing file /opt/airflow/dags/main.py for tasks to queue
[2026-04-30T09:26:45.696+0000] {logging_mixin.py:190} INFO - [2026-04-30T09:26:45.694+0000] {dagbag.py:588} INFO - Filling up the DagBag from /opt/airflow/dags/main.py
[2026-04-30T09:26:46.011+0000] {processor.py:925} INFO - DAG(s) 'orders_kafka_to_s3' retrieved from /opt/airflow/dags/main.py
[2026-04-30T09:26:46.056+0000] {logging_mixin.py:190} INFO - [2026-04-30T09:26:46.055+0000] {dag.py:3239} INFO - Sync 1 DAGs
[2026-04-30T09:26:46.464+0000] {logging_mixin.py:190} INFO - [2026-04-30T09:26:46.463+0000] {dag.py:4180} INFO - Setting next_dagrun for orders_kafka_to_s3 to 2026-04-30 00:00:00+00:00, run_after=2026-05-01 00:00:00+00:00
[2026-04-30T09:26:46.525+0000] {processor.py:208} INFO - Processing /opt/airflow/dags/main.py took 0.889 seconds
[2026-04-30T09:27:17.175+0000] {processor.py:186} INFO - Started process (PID=1078) to work on /opt/airflow/dags/main.py
[2026-04-30T09:27:17.184+0000] {processor.py:914} INFO - Processing file /opt/airflow/dags/main.py for tasks to queue
[2026-04-30T09:27:17.199+0000] {logging_mixin.py:190} INFO - [2026-04-30T09:27:17.198+0000] {dagbag.py:588} INFO - Filling up the DagBag from /opt/airflow/dags/main.py
[2026-04-30T09:27:17.458+0000] {processor.py:925} INFO - DAG(s) 'orders_kafka_to_s3' retrieved from /opt/airflow/dags/main.py
[2026-04-30T09:27:17.525+0000] {logging_mixin.py:190} INFO - [2026-04-30T09:27:17.524+0000] {dag.py:3239} INFO - Sync 1 DAGs
[2026-04-30T09:27:17.947+0000] {logging_mixin.py:190} INFO - [2026-04-30T09:27:17.946+0000] {dag.py:4180} INFO - Setting next_dagrun for orders_kafka_to_s3 to 2026-04-30 00:00:00+00:00, run_after=2026-05-01 00:00:00+00:00
[2026-04-30T09:27:17.986+0000] {processor.py:208} INFO - Processing /opt/airflow/dags/main.py took 0.869 seconds
[2026-04-30T09:27:48.115+0000] {processor.py:186} INFO - Started process (PID=1085) to work on /opt/airflow/dags/main.py
[2026-04-30T09:27:48.119+0000] {processor.py:914} INFO - Processing file /opt/airflow/dags/main.py for tasks to queue
[2026-04-30T09:27:48.126+0000] {logging_mixin.py:190} INFO - [2026-04-30T09:27:48.125+0000] {dagbag.py:588} INFO - Filling up the DagBag from /opt/airflow/dags/main.py
[2026-04-30T09:27:48.450+0000] {processor.py:925} INFO - DAG(s) 'orders_kafka_to_s3' retrieved from /opt/airflow/dags/main.py
[2026-04-30T09:27:48.956+0000] {logging_mixin.py:190} INFO - [2026-04-30T09:27:48.956+0000] {dag.py:3239} INFO - Sync 1 DAGs
[2026-04-30T09:27:49.039+0000] {logging_mixin.py:190} INFO - [2026-04-30T09:27:49.038+0000] {dag.py:4180} INFO - Setting next_dagrun for orders_kafka_to_s3 to 2026-04-30 00:00:00+00:00, run_after=2026-05-01 00:00:00+00:00
[2026-04-30T09:27:49.089+0000] {processor.py:208} INFO - Processing /opt/airflow/dags/main.py took 0.994 seconds
[2026-04-30T09:28:19.700+0000] {processor.py:186} INFO - Started process (PID=1092) to work on /opt/airflow/dags/main.py
[2026-04-30T09:28:19.702+0000] {processor.py:914} INFO - Processing file /opt/airflow/dags/main.py for tasks to queue
[2026-04-30T09:28:19.707+0000] {logging_mixin.py:190} INFO - [2026-04-30T09:28:19.706+0000] {dagbag.py:588} INFO - Filling up the DagBag from /opt/airflow/dags/main.py
[2026-04-30T09:28:20.406+0000] {processor.py:925} INFO - DAG(s) 'orders_kafka_to_s3' retrieved from /opt/airflow/dags/main.py
[2026-04-30T09:28:20.463+0000] {logging_mixin.py:190} INFO - [2026-04-30T09:28:20.462+0000] {dag.py:3239} INFO - Sync 1 DAGs
[2026-04-30T09:28:20.521+0000] {logging_mixin.py:190} INFO - [2026-04-30T09:28:20.521+0000] {dag.py:4180} INFO - Setting next_dagrun for orders_kafka_to_s3 to 2026-04-30 00:00:00+00:00, run_after=2026-05-01 00:00:00+00:00
[2026-04-30T09:28:20.568+0000] {processor.py:208} INFO - Processing /opt/airflow/dags/main.py took 0.880 seconds
[2026-04-30T09:28:50.898+0000] {processor.py:186} INFO - Started process (PID=1100) to work on /opt/airflow/dags/main.py
[2026-04-30T09:28:50.903+0000] {processor.py:914} INFO - Processing file /opt/airflow/dags/main.py for tasks to queue
[2026-04-30T09:28:50.916+0000] {logging_mixin.py:190} INFO - [2026-04-30T09:28:50.914+0000] {dagbag.py:588} INFO - Filling up the DagBag from /opt/airflow/dags/main.py
[2026-04-30T09:28:51.418+0000] {processor.py:925} INFO - DAG(s) 'orders_kafka_to_s3' retrieved from /opt/airflow/dags/main.py
[2026-04-30T09:28:51.529+0000] {logging_mixin.py:190} INFO - [2026-04-30T09:28:51.528+0000] {dag.py:3239} INFO - Sync 1 DAGs
[2026-04-30T09:28:51.673+0000] {logging_mixin.py:190} INFO - [2026-04-30T09:28:51.672+0000] {dag.py:4180} INFO - Setting next_dagrun for orders_kafka_to_s3 to 2026-04-30 00:00:00+00:00, run_after=2026-05-01 00:00:00+00:00
[2026-04-30T09:28:52.278+0000] {processor.py:208} INFO - Processing /opt/airflow/dags/main.py took 1.406 seconds
[2026-04-30T09:29:22.970+0000] {processor.py:186} INFO - Started process (PID=1107) to work on /opt/airflow/dags/main.py
[2026-04-30T09:29:22.977+0000] {processor.py:914} INFO - Processing file /opt/airflow/dags/main.py for tasks to queue
[2026-04-30T09:29:22.993+0000] {logging_mixin.py:190} INFO - [2026-04-30T09:29:22.991+0000] {dagbag.py:588} INFO - Filling up the DagBag from /opt/airflow/dags/main.py
[2026-04-30T09:29:23.413+0000] {processor.py:925} INFO - DAG(s) 'orders_kafka_to_s3' retrieved from /opt/airflow/dags/main.py
[2026-04-30T09:29:23.506+0000] {logging_mixin.py:190} INFO - [2026-04-30T09:29:23.505+0000] {dag.py:3239} INFO - Sync 1 DAGs
[2026-04-30T09:29:24.211+0000] {logging_mixin.py:190} INFO - [2026-04-30T09:29:24.210+0000] {dag.py:4180} INFO - Setting next_dagrun for orders_kafka_to_s3 to 2026-04-30 00:00:00+00:00, run_after=2026-05-01 00:00:00+00:00
[2026-04-30T09:29:24.299+0000] {processor.py:208} INFO - Processing /opt/airflow/dags/main.py took 1.364 seconds
[2026-04-30T09:29:54.649+0000] {processor.py:186} INFO - Started process (PID=1120) to work on /opt/airflow/dags/main.py
[2026-04-30T09:29:54.654+0000] {processor.py:914} INFO - Processing file /opt/airflow/dags/main.py for tasks to queue
[2026-04-30T09:29:54.707+0000] {logging_mixin.py:190} INFO - [2026-04-30T09:29:54.699+0000] {dagbag.py:588} INFO - Filling up the DagBag from /opt/airflow/dags/main.py
[2026-04-30T09:29:55.079+0000] {processor.py:925} INFO - DAG(s) 'orders_kafka_to_s3' retrieved from /opt/airflow/dags/main.py
[2026-04-30T09:29:55.164+0000] {logging_mixin.py:190} INFO - [2026-04-30T09:29:55.163+0000] {dag.py:3239} INFO - Sync 1 DAGs
[2026-04-30T09:29:55.649+0000] {logging_mixin.py:190} INFO - [2026-04-30T09:29:55.648+0000] {dag.py:4180} INFO - Setting next_dagrun for orders_kafka_to_s3 to 2026-04-30 00:00:00+00:00, run_after=2026-05-01 00:00:00+00:00
[2026-04-30T09:29:55.719+0000] {processor.py:208} INFO - Processing /opt/airflow/dags/main.py took 1.099 seconds
[2026-04-30T09:30:26.259+0000] {processor.py:186} INFO - Started process (PID=1127) to work on /opt/airflow/dags/main.py
[2026-04-30T09:30:26.267+0000] {processor.py:914} INFO - Processing file /opt/airflow/dags/main.py for tasks to queue
[2026-04-30T09:30:26.283+0000] {logging_mixin.py:190} INFO - [2026-04-30T09:30:26.281+0000] {dagbag.py:588} INFO - Filling up the DagBag from /opt/airflow/dags/main.py
[2026-04-30T09:30:26.844+0000] {processor.py:925} INFO - DAG(s) 'orders_kafka_to_s3' retrieved from /opt/airflow/dags/main.py
[2026-04-30T09:30:27.379+0000] {logging_mixin.py:190} INFO - [2026-04-30T09:30:27.378+0000] {dag.py:3239} INFO - Sync 1 DAGs
[2026-04-30T09:30:27.486+0000] {logging_mixin.py:190} INFO - [2026-04-30T09:30:27.486+0000] {dag.py:4180} INFO - Setting next_dagrun for orders_kafka_to_s3 to 2026-04-30 00:00:00+00:00, run_after=2026-05-01 00:00:00+00:00
[2026-04-30T09:30:27.576+0000] {processor.py:208} INFO - Processing /opt/airflow/dags/main.py took 1.352 seconds
[2026-04-30T09:30:58.232+0000] {processor.py:186} INFO - Started process (PID=1134) to work on /opt/airflow/dags/main.py
[2026-04-30T09:30:58.240+0000] {processor.py:914} INFO - Processing file /opt/airflow/dags/main.py for tasks to queue
[2026-04-30T09:30:58.256+0000] {logging_mixin.py:190} INFO - [2026-04-30T09:30:58.254+0000] {dagbag.py:588} INFO - Filling up the DagBag from /opt/airflow/dags/main.py
[2026-04-30T09:30:59.087+0000] {processor.py:925} INFO - DAG(s) 'orders_kafka_to_s3' retrieved from /opt/airflow/dags/main.py
[2026-04-30T09:30:59.153+0000] {logging_mixin.py:190} INFO - [2026-04-30T09:30:59.153+0000] {dag.py:3239} INFO - Sync 1 DAGs
[2026-04-30T09:30:59.232+0000] {logging_mixin.py:190} INFO - [2026-04-30T09:30:59.231+0000] {dag.py:4180} INFO - Setting next_dagrun for orders_kafka_to_s3 to 2026-04-30 00:00:00+00:00, run_after=2026-05-01 00:00:00+00:00
[2026-04-30T09:30:59.317+0000] {processor.py:208} INFO - Processing /opt/airflow/dags/main.py took 1.147 seconds
[2026-04-30T09:31:30.220+0000] {processor.py:186} INFO - Started process (PID=1141) to work on /opt/airflow/dags/main.py
[2026-04-30T09:31:30.222+0000] {processor.py:914} INFO - Processing file /opt/airflow/dags/main.py for tasks to queue
[2026-04-30T09:31:30.231+0000] {logging_mixin.py:190} INFO - [2026-04-30T09:31:30.230+0000] {dagbag.py:588} INFO - Filling up the DagBag from /opt/airflow/dags/main.py
[2026-04-30T09:31:30.717+0000] {processor.py:925} INFO - DAG(s) 'orders_kafka_to_s3' retrieved from /opt/airflow/dags/main.py
[2026-04-30T09:31:30.769+0000] {logging_mixin.py:190} INFO - [2026-04-30T09:31:30.768+0000] {dag.py:3239} INFO - Sync 1 DAGs
[2026-04-30T09:31:30.808+0000] {logging_mixin.py:190} INFO - [2026-04-30T09:31:30.807+0000] {dag.py:4180} INFO - Setting next_dagrun for orders_kafka_to_s3 to 2026-04-30 00:00:00+00:00, run_after=2026-05-01 00:00:00+00:00
[2026-04-30T09:31:30.842+0000] {processor.py:208} INFO - Processing /opt/airflow/dags/main.py took 0.639 seconds
[2026-04-30T09:32:01.607+0000] {processor.py:186} INFO - Started process (PID=1148) to work on /opt/airflow/dags/main.py
[2026-04-30T09:32:01.611+0000] {processor.py:914} INFO - Processing file /opt/airflow/dags/main.py for tasks to queue
[2026-04-30T09:32:01.619+0000] {logging_mixin.py:190} INFO - [2026-04-30T09:32:01.618+0000] {dagbag.py:588} INFO - Filling up the DagBag from /opt/airflow/dags/main.py
[2026-04-30T09:32:01.998+0000] {processor.py:925} INFO - DAG(s) 'orders_kafka_to_s3' retrieved from /opt/airflow/dags/main.py
[2026-04-30T09:32:02.078+0000] {logging_mixin.py:190} INFO - [2026-04-30T09:32:02.077+0000] {dag.py:3239} INFO - Sync 1 DAGs
[2026-04-30T09:32:02.494+0000] {logging_mixin.py:190} INFO - [2026-04-30T09:32:02.493+0000] {dag.py:4180} INFO - Setting next_dagrun for orders_kafka_to_s3 to 2026-04-30 00:00:00+00:00, run_after=2026-05-01 00:00:00+00:00
[2026-04-30T09:32:02.552+0000] {processor.py:208} INFO - Processing /opt/airflow/dags/main.py took 0.965 seconds
[2026-04-30T09:32:33.066+0000] {processor.py:186} INFO - Started process (PID=1155) to work on /opt/airflow/dags/main.py
[2026-04-30T09:32:33.069+0000] {processor.py:914} INFO - Processing file /opt/airflow/dags/main.py for tasks to queue
[2026-04-30T09:32:33.077+0000] {logging_mixin.py:190} INFO - [2026-04-30T09:32:33.076+0000] {dagbag.py:588} INFO - Filling up the DagBag from /opt/airflow/dags/main.py
[2026-04-30T09:32:33.307+0000] {processor.py:925} INFO - DAG(s) 'orders_kafka_to_s3' retrieved from /opt/airflow/dags/main.py
[2026-04-30T09:32:33.389+0000] {logging_mixin.py:190} INFO - [2026-04-30T09:32:33.389+0000] {dag.py:3239} INFO - Sync 1 DAGs
[2026-04-30T09:32:33.784+0000] {logging_mixin.py:190} INFO - [2026-04-30T09:32:33.783+0000] {dag.py:4180} INFO - Setting next_dagrun for orders_kafka_to_s3 to 2026-04-30 00:00:00+00:00, run_after=2026-05-01 00:00:00+00:00
[2026-04-30T09:32:33.841+0000] {processor.py:208} INFO - Processing /opt/airflow/dags/main.py took 0.793 seconds
[2026-04-30T09:33:04.809+0000] {processor.py:186} INFO - Started process (PID=1162) to work on /opt/airflow/dags/main.py
[2026-04-30T09:33:04.813+0000] {processor.py:914} INFO - Processing file /opt/airflow/dags/main.py for tasks to queue
[2026-04-30T09:33:04.822+0000] {logging_mixin.py:190} INFO - [2026-04-30T09:33:04.821+0000] {dagbag.py:588} INFO - Filling up the DagBag from /opt/airflow/dags/main.py
[2026-04-30T09:33:05.143+0000] {processor.py:925} INFO - DAG(s) 'orders_kafka_to_s3' retrieved from /opt/airflow/dags/main.py
[2026-04-30T09:33:05.590+0000] {logging_mixin.py:190} INFO - [2026-04-30T09:33:05.589+0000] {dag.py:3239} INFO - Sync 1 DAGs
[2026-04-30T09:33:05.688+0000] {logging_mixin.py:190} INFO - [2026-04-30T09:33:05.687+0000] {dag.py:4180} INFO - Setting next_dagrun for orders_kafka_to_s3 to 2026-04-30 00:00:00+00:00, run_after=2026-05-01 00:00:00+00:00
[2026-04-30T09:33:05.749+0000] {processor.py:208} INFO - Processing /opt/airflow/dags/main.py took 0.964 seconds
[2026-04-30T09:33:36.022+0000] {processor.py:186} INFO - Started process (PID=1169) to work on /opt/airflow/dags/main.py
[2026-04-30T09:33:36.024+0000] {processor.py:914} INFO - Processing file /opt/airflow/dags/main.py for tasks to queue
[2026-04-30T09:33:36.028+0000] {logging_mixin.py:190} INFO - [2026-04-30T09:33:36.028+0000] {dagbag.py:588} INFO - Filling up the DagBag from /opt/airflow/dags/main.py
[2026-04-30T09:33:36.565+0000] {processor.py:925} INFO - DAG(s) 'orders_kafka_to_s3' retrieved from /opt/airflow/dags/main.py
[2026-04-30T09:33:36.616+0000] {logging_mixin.py:190} INFO - [2026-04-30T09:33:36.615+0000] {dag.py:3239} INFO - Sync 1 DAGs
[2026-04-30T09:33:36.677+0000] {logging_mixin.py:190} INFO - [2026-04-30T09:33:36.677+0000] {dag.py:4180} INFO - Setting next_dagrun for orders_kafka_to_s3 to 2026-04-30 00:00:00+00:00, run_after=2026-05-01 00:00:00+00:00
[2026-04-30T09:33:36.716+0000] {processor.py:208} INFO - Processing /opt/airflow/dags/main.py took 0.707 seconds
[2026-04-30T09:34:06.983+0000] {processor.py:186} INFO - Started process (PID=1182) to work on /opt/airflow/dags/main.py
[2026-04-30T09:34:06.988+0000] {processor.py:914} INFO - Processing file /opt/airflow/dags/main.py for tasks to queue
[2026-04-30T09:34:07.000+0000] {logging_mixin.py:190} INFO - [2026-04-30T09:34:06.999+0000] {dagbag.py:588} INFO - Filling up the DagBag from /opt/airflow/dags/main.py
[2026-04-30T09:34:08.217+0000] {processor.py:925} INFO - DAG(s) 'orders_kafka_to_s3' retrieved from /opt/airflow/dags/main.py
[2026-04-30T09:34:08.292+0000] {logging_mixin.py:190} INFO - [2026-04-30T09:34:08.292+0000] {dag.py:3239} INFO - Sync 1 DAGs
[2026-04-30T09:34:08.337+0000] {logging_mixin.py:190} INFO - [2026-04-30T09:34:08.336+0000] {dag.py:4180} INFO - Setting next_dagrun for orders_kafka_to_s3 to 2026-04-30 00:00:00+00:00, run_after=2026-05-01 00:00:00+00:00
[2026-04-30T09:34:08.378+0000] {processor.py:208} INFO - Processing /opt/airflow/dags/main.py took 1.432 seconds
[2026-04-30T09:34:38.822+0000] {processor.py:186} INFO - Started process (PID=1189) to work on /opt/airflow/dags/main.py
[2026-04-30T09:34:38.830+0000] {processor.py:914} INFO - Processing file /opt/airflow/dags/main.py for tasks to queue
[2026-04-30T09:34:38.858+0000] {logging_mixin.py:190} INFO - [2026-04-30T09:34:38.855+0000] {dagbag.py:588} INFO - Filling up the DagBag from /opt/airflow/dags/main.py
[2026-04-30T09:34:39.194+0000] {processor.py:925} INFO - DAG(s) 'orders_kafka_to_s3' retrieved from /opt/airflow/dags/main.py
[2026-04-30T09:34:39.310+0000] {logging_mixin.py:190} INFO - [2026-04-30T09:34:39.309+0000] {dag.py:3239} INFO - Sync 1 DAGs
[2026-04-30T09:34:39.870+0000] {logging_mixin.py:190} INFO - [2026-04-30T09:34:39.870+0000] {dag.py:4180} INFO - Setting next_dagrun for orders_kafka_to_s3 to 2026-04-30 00:00:00+00:00, run_after=2026-05-01 00:00:00+00:00
[2026-04-30T09:34:39.926+0000] {processor.py:208} INFO - Processing /opt/airflow/dags/main.py took 1.165 seconds
[2026-04-30T09:35:10.631+0000] {processor.py:186} INFO - Started process (PID=1196) to work on /opt/airflow/dags/main.py
[2026-04-30T09:35:10.637+0000] {processor.py:914} INFO - Processing file /opt/airflow/dags/main.py for tasks to queue
[2026-04-30T09:35:10.653+0000] {logging_mixin.py:190} INFO - [2026-04-30T09:35:10.652+0000] {dagbag.py:588} INFO - Filling up the DagBag from /opt/airflow/dags/main.py
[2026-04-30T09:35:11.051+0000] {processor.py:925} INFO - DAG(s) 'orders_kafka_to_s3' retrieved from /opt/airflow/dags/main.py
[2026-04-30T09:35:11.117+0000] {logging_mixin.py:190} INFO - [2026-04-30T09:35:11.116+0000] {dag.py:3239} INFO - Sync 1 DAGs
[2026-04-30T09:35:11.629+0000] {logging_mixin.py:190} INFO - [2026-04-30T09:35:11.628+0000] {dag.py:4180} INFO - Setting next_dagrun for orders_kafka_to_s3 to 2026-04-30 00:00:00+00:00, run_after=2026-05-01 00:00:00+00:00
[2026-04-30T09:35:11.738+0000] {processor.py:208} INFO - Processing /opt/airflow/dags/main.py took 1.143 seconds
[2026-04-30T09:35:42.802+0000] {processor.py:186} INFO - Started process (PID=1203) to work on /opt/airflow/dags/main.py
[2026-04-30T09:35:42.807+0000] {processor.py:914} INFO - Processing file /opt/airflow/dags/main.py for tasks to queue
[2026-04-30T09:35:42.819+0000] {logging_mixin.py:190} INFO - [2026-04-30T09:35:42.818+0000] {dagbag.py:588} INFO - Filling up the DagBag from /opt/airflow/dags/main.py
[2026-04-30T09:35:43.378+0000] {processor.py:925} INFO - DAG(s) 'orders_kafka_to_s3' retrieved from /opt/airflow/dags/main.py
[2026-04-30T09:35:43.857+0000] {logging_mixin.py:190} INFO - [2026-04-30T09:35:43.856+0000] {dag.py:3239} INFO - Sync 1 DAGs
[2026-04-30T09:35:43.923+0000] {logging_mixin.py:190} INFO - [2026-04-30T09:35:43.922+0000] {dag.py:4180} INFO - Setting next_dagrun for orders_kafka_to_s3 to 2026-04-30 00:00:00+00:00, run_after=2026-05-01 00:00:00+00:00
[2026-04-30T09:35:43.969+0000] {processor.py:208} INFO - Processing /opt/airflow/dags/main.py took 1.196 seconds
[2026-04-30T09:36:14.322+0000] {processor.py:186} INFO - Started process (PID=1210) to work on /opt/airflow/dags/main.py
[2026-04-30T09:36:14.330+0000] {processor.py:914} INFO - Processing file /opt/airflow/dags/main.py for tasks to queue
[2026-04-30T09:36:14.346+0000] {logging_mixin.py:190} INFO - [2026-04-30T09:36:14.344+0000] {dagbag.py:588} INFO - Filling up the DagBag from /opt/airflow/dags/main.py
[2026-04-30T09:36:15.370+0000] {processor.py:925} INFO - DAG(s) 'orders_kafka_to_s3' retrieved from /opt/airflow/dags/main.py
[2026-04-30T09:36:15.466+0000] {logging_mixin.py:190} INFO - [2026-04-30T09:36:15.465+0000] {dag.py:3239} INFO - Sync 1 DAGs
[2026-04-30T09:36:15.527+0000] {logging_mixin.py:190} INFO - [2026-04-30T09:36:15.527+0000] {dag.py:4180} INFO - Setting next_dagrun for orders_kafka_to_s3 to 2026-04-30 00:00:00+00:00, run_after=2026-05-01 00:00:00+00:00
[2026-04-30T09:36:15.569+0000] {processor.py:208} INFO - Processing /opt/airflow/dags/main.py took 1.298 seconds
[2026-04-30T09:36:46.259+0000] {processor.py:186} INFO - Started process (PID=1217) to work on /opt/airflow/dags/main.py
[2026-04-30T09:36:46.265+0000] {processor.py:914} INFO - Processing file /opt/airflow/dags/main.py for tasks to queue
[2026-04-30T09:36:46.282+0000] {logging_mixin.py:190} INFO - [2026-04-30T09:36:46.280+0000] {dagbag.py:588} INFO - Filling up the DagBag from /opt/airflow/dags/main.py
[2026-04-30T09:36:43.488+0000] {processor.py:925} INFO - DAG(s) 'orders_kafka_to_s3' retrieved from /opt/airflow/dags/main.py
[2026-04-30T09:36:43.579+0000] {logging_mixin.py:190} INFO - [2026-04-30T09:36:43.578+0000] {dag.py:3239} INFO - Sync 1 DAGs
[2026-04-30T09:36:43.678+0000] {logging_mixin.py:190} INFO - [2026-04-30T09:36:43.677+0000] {dag.py:4180} INFO - Setting next_dagrun for orders_kafka_to_s3 to 2026-04-30 00:00:00+00:00, run_after=2026-05-01 00:00:00+00:00
[2026-04-30T09:36:43.741+0000] {processor.py:208} INFO - Processing /opt/airflow/dags/main.py took 1.204 seconds
[2026-04-30T09:37:14.996+0000] {processor.py:186} INFO - Started process (PID=1223) to work on /opt/airflow/dags/main.py
[2026-04-30T09:37:15.000+0000] {processor.py:914} INFO - Processing file /opt/airflow/dags/main.py for tasks to queue
[2026-04-30T09:37:15.006+0000] {logging_mixin.py:190} INFO - [2026-04-30T09:37:15.005+0000] {dagbag.py:588} INFO - Filling up the DagBag from /opt/airflow/dags/main.py
[2026-04-30T09:37:15.221+0000] {processor.py:925} INFO - DAG(s) 'orders_kafka_to_s3' retrieved from /opt/airflow/dags/main.py
[2026-04-30T09:37:15.278+0000] {logging_mixin.py:190} INFO - [2026-04-30T09:37:15.277+0000] {dag.py:3239} INFO - Sync 1 DAGs
[2026-04-30T09:37:15.337+0000] {logging_mixin.py:190} INFO - [2026-04-30T09:37:15.337+0000] {dag.py:4180} INFO - Setting next_dagrun for orders_kafka_to_s3 to 2026-04-30 00:00:00+00:00, run_after=2026-05-01 00:00:00+00:00
[2026-04-30T09:37:15.685+0000] {processor.py:208} INFO - Processing /opt/airflow/dags/main.py took 0.706 seconds
[2026-04-30T09:37:46.195+0000] {processor.py:186} INFO - Started process (PID=1230) to work on /opt/airflow/dags/main.py
[2026-04-30T09:37:46.205+0000] {processor.py:914} INFO - Processing file /opt/airflow/dags/main.py for tasks to queue
[2026-04-30T09:37:46.217+0000] {logging_mixin.py:190} INFO - [2026-04-30T09:37:46.216+0000] {dagbag.py:588} INFO - Filling up the DagBag from /opt/airflow/dags/main.py
[2026-04-30T09:37:46.448+0000] {processor.py:925} INFO - DAG(s) 'orders_kafka_to_s3' retrieved from /opt/airflow/dags/main.py
[2026-04-30T09:37:46.520+0000] {logging_mixin.py:190} INFO - [2026-04-30T09:37:46.519+0000] {dag.py:3239} INFO - Sync 1 DAGs
[2026-04-30T09:37:46.862+0000] {logging_mixin.py:190} INFO - [2026-04-30T09:37:46.862+0000] {dag.py:4180} INFO - Setting next_dagrun for orders_kafka_to_s3 to 2026-04-30 00:00:00+00:00, run_after=2026-05-01 00:00:00+00:00
[2026-04-30T09:37:46.892+0000] {processor.py:208} INFO - Processing /opt/airflow/dags/main.py took 0.744 seconds
[2026-04-30T09:38:17.145+0000] {processor.py:186} INFO - Started process (PID=1237) to work on /opt/airflow/dags/main.py
[2026-04-30T09:38:17.152+0000] {processor.py:914} INFO - Processing file /opt/airflow/dags/main.py for tasks to queue
[2026-04-30T09:38:17.163+0000] {logging_mixin.py:190} INFO - [2026-04-30T09:38:17.161+0000] {dagbag.py:588} INFO - Filling up the DagBag from /opt/airflow/dags/main.py
[2026-04-30T09:38:17.655+0000] {processor.py:925} INFO - DAG(s) 'orders_kafka_to_s3' retrieved from /opt/airflow/dags/main.py
[2026-04-30T09:38:18.017+0000] {logging_mixin.py:190} INFO - [2026-04-30T09:38:18.016+0000] {dag.py:3239} INFO - Sync 1 DAGs
[2026-04-30T09:38:18.063+0000] {logging_mixin.py:190} INFO - [2026-04-30T09:38:18.063+0000] {dag.py:4180} INFO - Setting next_dagrun for orders_kafka_to_s3 to 2026-04-30 00:00:00+00:00, run_after=2026-05-01 00:00:00+00:00
[2026-04-30T09:38:18.109+0000] {processor.py:208} INFO - Processing /opt/airflow/dags/main.py took 1.013 seconds
[2026-04-30T09:38:48.859+0000] {processor.py:186} INFO - Started process (PID=1245) to work on /opt/airflow/dags/main.py
[2026-04-30T09:38:48.862+0000] {processor.py:914} INFO - Processing file /opt/airflow/dags/main.py for tasks to queue
[2026-04-30T09:38:48.870+0000] {logging_mixin.py:190} INFO - [2026-04-30T09:38:48.868+0000] {dagbag.py:588} INFO - Filling up the DagBag from /opt/airflow/dags/main.py
[2026-04-30T09:38:49.270+0000] {processor.py:925} INFO - DAG(s) 'orders_kafka_to_s3' retrieved from /opt/airflow/dags/main.py
[2026-04-30T09:38:49.761+0000] {logging_mixin.py:190} INFO - [2026-04-30T09:38:49.761+0000] {dag.py:3239} INFO - Sync 1 DAGs
[2026-04-30T09:38:49.888+0000] {logging_mixin.py:190} INFO - [2026-04-30T09:38:49.887+0000] {dag.py:4180} INFO - Setting next_dagrun for orders_kafka_to_s3 to 2026-04-30 00:00:00+00:00, run_after=2026-05-01 00:00:00+00:00
[2026-04-30T09:38:49.958+0000] {processor.py:208} INFO - Processing /opt/airflow/dags/main.py took 1.135 seconds
[2026-04-30T09:39:20.513+0000] {processor.py:186} INFO - Started process (PID=1258) to work on /opt/airflow/dags/main.py
[2026-04-30T09:39:20.516+0000] {processor.py:914} INFO - Processing file /opt/airflow/dags/main.py for tasks to queue
[2026-04-30T09:39:20.521+0000] {logging_mixin.py:190} INFO - [2026-04-30T09:39:20.521+0000] {dagbag.py:588} INFO - Filling up the DagBag from /opt/airflow/dags/main.py
[2026-04-30T09:39:21.094+0000] {processor.py:925} INFO - DAG(s) 'orders_kafka_to_s3' retrieved from /opt/airflow/dags/main.py
[2026-04-30T09:39:21.164+0000] {logging_mixin.py:190} INFO - [2026-04-30T09:39:21.164+0000] {dag.py:3239} INFO - Sync 1 DAGs
[2026-04-30T09:39:21.203+0000] {logging_mixin.py:190} INFO - [2026-04-30T09:39:21.202+0000] {dag.py:4180} INFO - Setting next_dagrun for orders_kafka_to_s3 to 2026-04-30 00:00:00+00:00, run_after=2026-05-01 00:00:00+00:00
[2026-04-30T09:39:21.238+0000] {processor.py:208} INFO - Processing /opt/airflow/dags/main.py took 0.738 seconds
[2026-04-30T09:39:51.783+0000] {processor.py:186} INFO - Started process (PID=1265) to work on /opt/airflow/dags/main.py
[2026-04-30T09:39:51.792+0000] {processor.py:914} INFO - Processing file /opt/airflow/dags/main.py for tasks to queue
[2026-04-30T09:39:51.805+0000] {logging_mixin.py:190} INFO - [2026-04-30T09:39:51.803+0000] {dagbag.py:588} INFO - Filling up the DagBag from /opt/airflow/dags/main.py
[2026-04-30T09:39:52.768+0000] {processor.py:925} INFO - DAG(s) 'orders_kafka_to_s3' retrieved from /opt/airflow/dags/main.py
[2026-04-30T09:39:52.832+0000] {logging_mixin.py:190} INFO - [2026-04-30T09:39:52.832+0000] {dag.py:3239} INFO - Sync 1 DAGs
[2026-04-30T09:39:52.897+0000] {logging_mixin.py:190} INFO - [2026-04-30T09:39:52.896+0000] {dag.py:4180} INFO - Setting next_dagrun for orders_kafka_to_s3 to 2026-04-30 00:00:00+00:00, run_after=2026-05-01 00:00:00+00:00
[2026-04-30T09:39:52.948+0000] {processor.py:208} INFO - Processing /opt/airflow/dags/main.py took 1.197 seconds
[2026-04-30T09:40:23.839+0000] {processor.py:186} INFO - Started process (PID=1272) to work on /opt/airflow/dags/main.py
[2026-04-30T09:40:23.845+0000] {processor.py:914} INFO - Processing file /opt/airflow/dags/main.py for tasks to queue
[2026-04-30T09:40:23.856+0000] {logging_mixin.py:190} INFO - [2026-04-30T09:40:23.854+0000] {dagbag.py:588} INFO - Filling up the DagBag from /opt/airflow/dags/main.py
[2026-04-30T09:40:24.337+0000] {processor.py:925} INFO - DAG(s) 'orders_kafka_to_s3' retrieved from /opt/airflow/dags/main.py
[2026-04-30T09:40:24.410+0000] {logging_mixin.py:190} INFO - [2026-04-30T09:40:24.409+0000] {dag.py:3239} INFO - Sync 1 DAGs
[2026-04-30T09:40:24.799+0000] {logging_mixin.py:190} INFO - [2026-04-30T09:40:24.799+0000] {dag.py:4180} INFO - Setting next_dagrun for orders_kafka_to_s3 to 2026-04-30 00:00:00+00:00, run_after=2026-05-01 00:00:00+00:00
[2026-04-30T09:40:24.849+0000] {processor.py:208} INFO - Processing /opt/airflow/dags/main.py took 1.041 seconds
[2026-04-30T09:40:55.755+0000] {processor.py:186} INFO - Started process (PID=1279) to work on /opt/airflow/dags/main.py
[2026-04-30T09:40:55.757+0000] {processor.py:914} INFO - Processing file /opt/airflow/dags/main.py for tasks to queue
[2026-04-30T09:40:55.761+0000] {logging_mixin.py:190} INFO - [2026-04-30T09:40:55.760+0000] {dagbag.py:588} INFO - Filling up the DagBag from /opt/airflow/dags/main.py
[2026-04-30T09:40:55.901+0000] {processor.py:925} INFO - DAG(s) 'orders_kafka_to_s3' retrieved from /opt/airflow/dags/main.py
[2026-04-30T09:40:55.932+0000] {logging_mixin.py:190} INFO - [2026-04-30T09:40:55.932+0000] {dag.py:3239} INFO - Sync 1 DAGs
[2026-04-30T09:40:56.159+0000] {logging_mixin.py:190} INFO - [2026-04-30T09:40:56.158+0000] {dag.py:4180} INFO - Setting next_dagrun for orders_kafka_to_s3 to 2026-04-30 00:00:00+00:00, run_after=2026-05-01 00:00:00+00:00
[2026-04-30T09:40:56.181+0000] {processor.py:208} INFO - Processing /opt/airflow/dags/main.py took 0.434 seconds
[2026-04-30T09:41:27.073+0000] {processor.py:186} INFO - Started process (PID=1286) to work on /opt/airflow/dags/main.py
[2026-04-30T09:41:27.076+0000] {processor.py:914} INFO - Processing file /opt/airflow/dags/main.py for tasks to queue
[2026-04-30T09:41:27.080+0000] {logging_mixin.py:190} INFO - [2026-04-30T09:41:27.079+0000] {dagbag.py:588} INFO - Filling up the DagBag from /opt/airflow/dags/main.py
[2026-04-30T09:41:27.290+0000] {processor.py:925} INFO - DAG(s) 'orders_kafka_to_s3' retrieved from /opt/airflow/dags/main.py
[2026-04-30T09:41:25.884+0000] {logging_mixin.py:190} INFO - [2026-04-30T09:41:25.883+0000] {dag.py:3239} INFO - Sync 1 DAGs
[2026-04-30T09:41:25.911+0000] {logging_mixin.py:190} INFO - [2026-04-30T09:41:25.911+0000] {dag.py:4180} INFO - Setting next_dagrun for orders_kafka_to_s3 to 2026-04-30 00:00:00+00:00, run_after=2026-05-01 00:00:00+00:00
[2026-04-30T09:41:25.941+0000] {processor.py:208} INFO - Processing /opt/airflow/dags/main.py took 0.513 seconds
[2026-04-30T09:41:56.632+0000] {processor.py:186} INFO - Started process (PID=1292) to work on /opt/airflow/dags/main.py
[2026-04-30T09:41:56.633+0000] {processor.py:914} INFO - Processing file /opt/airflow/dags/main.py for tasks to queue
[2026-04-30T09:41:56.636+0000] {logging_mixin.py:190} INFO - [2026-04-30T09:41:56.636+0000] {dagbag.py:588} INFO - Filling up the DagBag from /opt/airflow/dags/main.py
[2026-04-30T09:41:56.932+0000] {processor.py:925} INFO - DAG(s) 'orders_kafka_to_s3' retrieved from /opt/airflow/dags/main.py
[2026-04-30T09:41:56.955+0000] {logging_mixin.py:190} INFO - [2026-04-30T09:41:56.955+0000] {dag.py:3239} INFO - Sync 1 DAGs
[2026-04-30T09:41:56.976+0000] {logging_mixin.py:190} INFO - [2026-04-30T09:41:56.976+0000] {dag.py:4180} INFO - Setting next_dagrun for orders_kafka_to_s3 to 2026-04-30 00:00:00+00:00, run_after=2026-05-01 00:00:00+00:00
[2026-04-30T09:41:56.997+0000] {processor.py:208} INFO - Processing /opt/airflow/dags/main.py took 0.372 seconds
[2026-04-30T09:42:27.472+0000] {processor.py:186} INFO - Started process (PID=1299) to work on /opt/airflow/dags/main.py
[2026-04-30T09:42:27.473+0000] {processor.py:914} INFO - Processing file /opt/airflow/dags/main.py for tasks to queue
[2026-04-30T09:42:27.475+0000] {logging_mixin.py:190} INFO - [2026-04-30T09:42:27.475+0000] {dagbag.py:588} INFO - Filling up the DagBag from /opt/airflow/dags/main.py
[2026-04-30T09:42:27.785+0000] {processor.py:925} INFO - DAG(s) 'orders_kafka_to_s3' retrieved from /opt/airflow/dags/main.py
[2026-04-30T09:42:27.810+0000] {logging_mixin.py:190} INFO - [2026-04-30T09:42:27.810+0000] {dag.py:3239} INFO - Sync 1 DAGs
[2026-04-30T09:42:27.832+0000] {logging_mixin.py:190} INFO - [2026-04-30T09:42:27.832+0000] {dag.py:4180} INFO - Setting next_dagrun for orders_kafka_to_s3 to 2026-04-30 00:00:00+00:00, run_after=2026-05-01 00:00:00+00:00
[2026-04-30T09:42:27.853+0000] {processor.py:208} INFO - Processing /opt/airflow/dags/main.py took 0.407 seconds
[2026-04-30T09:42:58.334+0000] {processor.py:186} INFO - Started process (PID=1306) to work on /opt/airflow/dags/main.py
[2026-04-30T09:42:58.335+0000] {processor.py:914} INFO - Processing file /opt/airflow/dags/main.py for tasks to queue
[2026-04-30T09:42:58.338+0000] {logging_mixin.py:190} INFO - [2026-04-30T09:42:58.338+0000] {dagbag.py:588} INFO - Filling up the DagBag from /opt/airflow/dags/main.py
[2026-04-30T09:42:58.453+0000] {processor.py:925} INFO - DAG(s) 'orders_kafka_to_s3' retrieved from /opt/airflow/dags/main.py
[2026-04-30T09:42:58.479+0000] {logging_mixin.py:190} INFO - [2026-04-30T09:42:58.479+0000] {dag.py:3239} INFO - Sync 1 DAGs
[2026-04-30T09:42:58.656+0000] {logging_mixin.py:190} INFO - [2026-04-30T09:42:58.656+0000] {dag.py:4180} INFO - Setting next_dagrun for orders_kafka_to_s3 to 2026-04-30 00:00:00+00:00, run_after=2026-05-01 00:00:00+00:00
[2026-04-30T09:42:58.679+0000] {processor.py:208} INFO - Processing /opt/airflow/dags/main.py took 0.351 seconds
[2026-04-30T09:43:29.326+0000] {processor.py:186} INFO - Started process (PID=1313) to work on /opt/airflow/dags/main.py
[2026-04-30T09:43:29.328+0000] {processor.py:914} INFO - Processing file /opt/airflow/dags/main.py for tasks to queue
[2026-04-30T09:43:29.333+0000] {logging_mixin.py:190} INFO - [2026-04-30T09:43:29.333+0000] {dagbag.py:588} INFO - Filling up the DagBag from /opt/airflow/dags/main.py
[2026-04-30T09:43:29.556+0000] {processor.py:925} INFO - DAG(s) 'orders_kafka_to_s3' retrieved from /opt/airflow/dags/main.py
[2026-04-30T09:43:29.588+0000] {logging_mixin.py:190} INFO - [2026-04-30T09:43:29.588+0000] {dag.py:3239} INFO - Sync 1 DAGs
[2026-04-30T09:43:29.788+0000] {logging_mixin.py:190} INFO - [2026-04-30T09:43:29.787+0000] {dag.py:4180} INFO - Setting next_dagrun for orders_kafka_to_s3 to 2026-04-30 00:00:00+00:00, run_after=2026-05-01 00:00:00+00:00
[2026-04-30T09:43:29.810+0000] {processor.py:208} INFO - Processing /opt/airflow/dags/main.py took 0.499 seconds
[2026-04-30T09:44:00.176+0000] {processor.py:186} INFO - Started process (PID=1320) to work on /opt/airflow/dags/main.py
[2026-04-30T09:44:00.177+0000] {processor.py:914} INFO - Processing file /opt/airflow/dags/main.py for tasks to queue
[2026-04-30T09:44:00.180+0000] {logging_mixin.py:190} INFO - [2026-04-30T09:44:00.180+0000] {dagbag.py:588} INFO - Filling up the DagBag from /opt/airflow/dags/main.py
[2026-04-30T09:44:00.320+0000] {processor.py:925} INFO - DAG(s) 'orders_kafka_to_s3' retrieved from /opt/airflow/dags/main.py
[2026-04-30T09:44:00.583+0000] {logging_mixin.py:190} INFO - [2026-04-30T09:44:00.583+0000] {dag.py:3239} INFO - Sync 1 DAGs
[2026-04-30T09:44:00.619+0000] {logging_mixin.py:190} INFO - [2026-04-30T09:44:00.619+0000] {dag.py:4180} INFO - Setting next_dagrun for orders_kafka_to_s3 to 2026-04-30 00:00:00+00:00, run_after=2026-05-01 00:00:00+00:00
[2026-04-30T09:44:00.651+0000] {processor.py:208} INFO - Processing /opt/airflow/dags/main.py took 0.483 seconds
[2026-04-30T09:44:30.937+0000] {processor.py:186} INFO - Started process (PID=1333) to work on /opt/airflow/dags/main.py
[2026-04-30T09:44:30.939+0000] {processor.py:914} INFO - Processing file /opt/airflow/dags/main.py for tasks to queue
[2026-04-30T09:44:30.943+0000] {logging_mixin.py:190} INFO - [2026-04-30T09:44:30.942+0000] {dagbag.py:588} INFO - Filling up the DagBag from /opt/airflow/dags/main.py
[2026-04-30T09:44:31.249+0000] {processor.py:925} INFO - DAG(s) 'orders_kafka_to_s3' retrieved from /opt/airflow/dags/main.py
[2026-04-30T09:44:31.274+0000] {logging_mixin.py:190} INFO - [2026-04-30T09:44:31.274+0000] {dag.py:3239} INFO - Sync 1 DAGs
[2026-04-30T09:44:31.297+0000] {logging_mixin.py:190} INFO - [2026-04-30T09:44:31.297+0000] {dag.py:4180} INFO - Setting next_dagrun for orders_kafka_to_s3 to 2026-04-30 00:00:00+00:00, run_after=2026-05-01 00:00:00+00:00
[2026-04-30T09:44:31.319+0000] {processor.py:208} INFO - Processing /opt/airflow/dags/main.py took 0.390 seconds
[2026-04-30T09:45:01.832+0000] {processor.py:186} INFO - Started process (PID=1340) to work on /opt/airflow/dags/main.py
[2026-04-30T09:45:01.834+0000] {processor.py:914} INFO - Processing file /opt/airflow/dags/main.py for tasks to queue
[2026-04-30T09:45:01.837+0000] {logging_mixin.py:190} INFO - [2026-04-30T09:45:01.837+0000] {dagbag.py:588} INFO - Filling up the DagBag from /opt/airflow/dags/main.py
[2026-04-30T09:45:02.192+0000] {processor.py:925} INFO - DAG(s) 'orders_kafka_to_s3' retrieved from /opt/airflow/dags/main.py
[2026-04-30T09:45:02.225+0000] {logging_mixin.py:190} INFO - [2026-04-30T09:45:02.224+0000] {dag.py:3239} INFO - Sync 1 DAGs
[2026-04-30T09:45:02.271+0000] {logging_mixin.py:190} INFO - [2026-04-30T09:45:02.271+0000] {dag.py:4180} INFO - Setting next_dagrun for orders_kafka_to_s3 to 2026-04-30 00:00:00+00:00, run_after=2026-05-01 00:00:00+00:00
[2026-04-30T09:45:02.304+0000] {processor.py:208} INFO - Processing /opt/airflow/dags/main.py took 0.480 seconds
[2026-04-30T09:45:32.460+0000] {processor.py:186} INFO - Started process (PID=1347) to work on /opt/airflow/dags/main.py
[2026-04-30T09:45:32.462+0000] {processor.py:914} INFO - Processing file /opt/airflow/dags/main.py for tasks to queue
[2026-04-30T09:45:32.466+0000] {logging_mixin.py:190} INFO - [2026-04-30T09:45:32.465+0000] {dagbag.py:588} INFO - Filling up the DagBag from /opt/airflow/dags/main.py
[2026-04-30T09:45:32.640+0000] {processor.py:925} INFO - DAG(s) 'orders_kafka_to_s3' retrieved from /opt/airflow/dags/main.py
[2026-04-30T09:45:32.671+0000] {logging_mixin.py:190} INFO - [2026-04-30T09:45:32.671+0000] {dag.py:3239} INFO - Sync 1 DAGs
[2026-04-30T09:45:32.903+0000] {logging_mixin.py:190} INFO - [2026-04-30T09:45:32.903+0000] {dag.py:4180} INFO - Setting next_dagrun for orders_kafka_to_s3 to 2026-04-30 00:00:00+00:00, run_after=2026-05-01 00:00:00+00:00
[2026-04-30T09:45:32.927+0000] {processor.py:208} INFO - Processing /opt/airflow/dags/main.py took 0.475 seconds
[2026-04-30T09:46:03.389+0000] {processor.py:186} INFO - Started process (PID=1354) to work on /opt/airflow/dags/main.py
[2026-04-30T09:46:03.391+0000] {processor.py:914} INFO - Processing file /opt/airflow/dags/main.py for tasks to queue
[2026-04-30T09:46:03.395+0000] {logging_mixin.py:190} INFO - [2026-04-30T09:46:03.395+0000] {dagbag.py:588} INFO - Filling up the DagBag from /opt/airflow/dags/main.py
[2026-04-30T09:46:03.560+0000] {processor.py:925} INFO - DAG(s) 'orders_kafka_to_s3' retrieved from /opt/airflow/dags/main.py
[2026-04-30T09:46:03.592+0000] {logging_mixin.py:190} INFO - [2026-04-30T09:46:03.591+0000] {dag.py:3239} INFO - Sync 1 DAGs
[2026-04-30T09:46:03.807+0000] {logging_mixin.py:190} INFO - [2026-04-30T09:46:03.806+0000] {dag.py:4180} INFO - Setting next_dagrun for orders_kafka_to_s3 to 2026-04-30 00:00:00+00:00, run_after=2026-05-01 00:00:00+00:00
[2026-04-30T09:46:03.828+0000] {processor.py:208} INFO - Processing /opt/airflow/dags/main.py took 0.451 seconds
[2026-04-30T09:46:34.598+0000] {processor.py:186} INFO - Started process (PID=1361) to work on /opt/airflow/dags/main.py
[2026-04-30T09:46:34.600+0000] {processor.py:914} INFO - Processing file /opt/airflow/dags/main.py for tasks to queue
[2026-04-30T09:46:34.607+0000] {logging_mixin.py:190} INFO - [2026-04-30T09:46:34.606+0000] {dagbag.py:588} INFO - Filling up the DagBag from /opt/airflow/dags/main.py
[2026-04-30T09:46:34.805+0000] {processor.py:925} INFO - DAG(s) 'orders_kafka_to_s3' retrieved from /opt/airflow/dags/main.py
[2026-04-30T09:46:35.168+0000] {logging_mixin.py:190} INFO - [2026-04-30T09:46:35.167+0000] {dag.py:3239} INFO - Sync 1 DAGs
[2026-04-30T09:46:35.202+0000] {logging_mixin.py:190} INFO - [2026-04-30T09:46:35.202+0000] {dag.py:4180} INFO - Setting next_dagrun for orders_kafka_to_s3 to 2026-04-30 00:00:00+00:00, run_after=2026-05-01 00:00:00+00:00
[2026-04-30T09:46:35.228+0000] {processor.py:208} INFO - Processing /opt/airflow/dags/main.py took 0.642 seconds
[2026-04-30T09:47:05.883+0000] {processor.py:186} INFO - Started process (PID=1368) to work on /opt/airflow/dags/main.py
[2026-04-30T09:47:05.885+0000] {processor.py:914} INFO - Processing file /opt/airflow/dags/main.py for tasks to queue
[2026-04-30T09:47:05.889+0000] {logging_mixin.py:190} INFO - [2026-04-30T09:47:05.888+0000] {dagbag.py:588} INFO - Filling up the DagBag from /opt/airflow/dags/main.py
[2026-04-30T09:47:06.040+0000] {processor.py:925} INFO - DAG(s) 'orders_kafka_to_s3' retrieved from /opt/airflow/dags/main.py
[2026-04-30T09:47:06.279+0000] {logging_mixin.py:190} INFO - [2026-04-30T09:47:06.279+0000] {dag.py:3239} INFO - Sync 1 DAGs
[2026-04-30T09:47:06.310+0000] {logging_mixin.py:190} INFO - [2026-04-30T09:47:06.309+0000] {dag.py:4180} INFO - Setting next_dagrun for orders_kafka_to_s3 to 2026-04-30 00:00:00+00:00, run_after=2026-05-01 00:00:00+00:00
[2026-04-30T09:47:06.337+0000] {processor.py:208} INFO - Processing /opt/airflow/dags/main.py took 0.463 seconds
[2026-04-30T09:47:36.763+0000] {processor.py:186} INFO - Started process (PID=1375) to work on /opt/airflow/dags/main.py
[2026-04-30T09:47:36.767+0000] {processor.py:914} INFO - Processing file /opt/airflow/dags/main.py for tasks to queue
[2026-04-30T09:47:36.776+0000] {logging_mixin.py:190} INFO - [2026-04-30T09:47:36.774+0000] {dagbag.py:588} INFO - Filling up the DagBag from /opt/airflow/dags/main.py
[2026-04-30T09:47:37.162+0000] {processor.py:925} INFO - DAG(s) 'orders_kafka_to_s3' retrieved from /opt/airflow/dags/main.py
[2026-04-30T09:47:37.194+0000] {logging_mixin.py:190} INFO - [2026-04-30T09:47:37.193+0000] {dag.py:3239} INFO - Sync 1 DAGs
[2026-04-30T09:47:37.227+0000] {logging_mixin.py:190} INFO - [2026-04-30T09:47:37.226+0000] {dag.py:4180} INFO - Setting next_dagrun for orders_kafka_to_s3 to 2026-04-30 00:00:00+00:00, run_after=2026-05-01 00:00:00+00:00
[2026-04-30T09:47:37.257+0000] {processor.py:208} INFO - Processing /opt/airflow/dags/main.py took 0.509 seconds
[2026-04-30T09:48:07.569+0000] {processor.py:186} INFO - Started process (PID=1382) to work on /opt/airflow/dags/main.py
[2026-04-30T09:48:07.571+0000] {processor.py:914} INFO - Processing file /opt/airflow/dags/main.py for tasks to queue
[2026-04-30T09:48:07.578+0000] {logging_mixin.py:190} INFO - [2026-04-30T09:48:07.577+0000] {dagbag.py:588} INFO - Filling up the DagBag from /opt/airflow/dags/main.py
[2026-04-30T09:48:08.409+0000] {processor.py:925} INFO - DAG(s) 'orders_kafka_to_s3' retrieved from /opt/airflow/dags/main.py
[2026-04-30T09:48:08.468+0000] {logging_mixin.py:190} INFO - [2026-04-30T09:48:08.468+0000] {dag.py:3239} INFO - Sync 1 DAGs
[2026-04-30T09:48:08.539+0000] {logging_mixin.py:190} INFO - [2026-04-30T09:48:08.538+0000] {dag.py:4180} INFO - Setting next_dagrun for orders_kafka_to_s3 to 2026-04-30 00:00:00+00:00, run_after=2026-05-01 00:00:00+00:00
[2026-04-30T09:48:08.579+0000] {processor.py:208} INFO - Processing /opt/airflow/dags/main.py took 1.027 seconds
[2026-04-30T09:48:38.873+0000] {processor.py:186} INFO - Started process (PID=1389) to work on /opt/airflow/dags/main.py
[2026-04-30T09:48:38.881+0000] {processor.py:914} INFO - Processing file /opt/airflow/dags/main.py for tasks to queue
[2026-04-30T09:48:38.895+0000] {logging_mixin.py:190} INFO - [2026-04-30T09:48:38.894+0000] {dagbag.py:588} INFO - Filling up the DagBag from /opt/airflow/dags/main.py
[2026-04-30T09:48:39.600+0000] {processor.py:925} INFO - DAG(s) 'orders_kafka_to_s3' retrieved from /opt/airflow/dags/main.py
[2026-04-30T09:48:39.768+0000] {logging_mixin.py:190} INFO - [2026-04-30T09:48:39.768+0000] {dag.py:3239} INFO - Sync 1 DAGs
[2026-04-30T09:48:40.388+0000] {logging_mixin.py:190} INFO - [2026-04-30T09:48:40.387+0000] {dag.py:4180} INFO - Setting next_dagrun for orders_kafka_to_s3 to 2026-04-30 00:00:00+00:00, run_after=2026-05-01 00:00:00+00:00
[2026-04-30T09:48:40.484+0000] {processor.py:208} INFO - Processing /opt/airflow/dags/main.py took 1.645 seconds
[2026-04-30T09:49:11.385+0000] {processor.py:186} INFO - Started process (PID=1403) to work on /opt/airflow/dags/main.py
[2026-04-30T09:49:11.404+0000] {processor.py:914} INFO - Processing file /opt/airflow/dags/main.py for tasks to queue
[2026-04-30T09:49:11.412+0000] {logging_mixin.py:190} INFO - [2026-04-30T09:49:11.411+0000] {dagbag.py:588} INFO - Filling up the DagBag from /opt/airflow/dags/main.py
[2026-04-30T09:49:11.715+0000] {processor.py:925} INFO - DAG(s) 'orders_kafka_to_s3' retrieved from /opt/airflow/dags/main.py
[2026-04-30T09:49:12.073+0000] {logging_mixin.py:190} INFO - [2026-04-30T09:49:12.073+0000] {dag.py:3239} INFO - Sync 1 DAGs
[2026-04-30T09:49:12.145+0000] {logging_mixin.py:190} INFO - [2026-04-30T09:49:12.145+0000] {dag.py:4180} INFO - Setting next_dagrun for orders_kafka_to_s3 to 2026-04-30 00:00:00+00:00, run_after=2026-05-01 00:00:00+00:00
[2026-04-30T09:49:12.188+0000] {processor.py:208} INFO - Processing /opt/airflow/dags/main.py took 0.886 seconds
[2026-04-30T09:49:42.704+0000] {processor.py:186} INFO - Started process (PID=1411) to work on /opt/airflow/dags/main.py
[2026-04-30T09:49:42.705+0000] {processor.py:914} INFO - Processing file /opt/airflow/dags/main.py for tasks to queue
[2026-04-30T09:49:42.709+0000] {logging_mixin.py:190} INFO - [2026-04-30T09:49:42.709+0000] {dagbag.py:588} INFO - Filling up the DagBag from /opt/airflow/dags/main.py
[2026-04-30T09:49:42.958+0000] {processor.py:925} INFO - DAG(s) 'orders_kafka_to_s3' retrieved from /opt/airflow/dags/main.py
[2026-04-30T09:49:43.230+0000] {logging_mixin.py:190} INFO - [2026-04-30T09:49:43.229+0000] {dag.py:3239} INFO - Sync 1 DAGs
[2026-04-30T09:49:43.269+0000] {logging_mixin.py:190} INFO - [2026-04-30T09:49:43.268+0000] {dag.py:4180} INFO - Setting next_dagrun for orders_kafka_to_s3 to 2026-04-30 00:00:00+00:00, run_after=2026-05-01 00:00:00+00:00
[2026-04-30T09:49:43.306+0000] {processor.py:208} INFO - Processing /opt/airflow/dags/main.py took 0.611 seconds
[2026-04-30T09:50:14.051+0000] {processor.py:186} INFO - Started process (PID=1417) to work on /opt/airflow/dags/main.py
[2026-04-30T09:50:14.053+0000] {processor.py:914} INFO - Processing file /opt/airflow/dags/main.py for tasks to queue
[2026-04-30T09:50:14.057+0000] {logging_mixin.py:190} INFO - [2026-04-30T09:50:14.056+0000] {dagbag.py:588} INFO - Filling up the DagBag from /opt/airflow/dags/main.py
[2026-04-30T09:50:14.518+0000] {processor.py:925} INFO - DAG(s) 'orders_kafka_to_s3' retrieved from /opt/airflow/dags/main.py
[2026-04-30T09:50:14.549+0000] {logging_mixin.py:190} INFO - [2026-04-30T09:50:14.549+0000] {dag.py:3239} INFO - Sync 1 DAGs
[2026-04-30T09:50:14.578+0000] {logging_mixin.py:190} INFO - [2026-04-30T09:50:14.578+0000] {dag.py:4180} INFO - Setting next_dagrun for orders_kafka_to_s3 to 2026-04-30 00:00:00+00:00, run_after=2026-05-01 00:00:00+00:00
[2026-04-30T09:50:14.605+0000] {processor.py:208} INFO - Processing /opt/airflow/dags/main.py took 0.567 seconds
[2026-04-30T09:50:44.803+0000] {processor.py:186} INFO - Started process (PID=1424) to work on /opt/airflow/dags/main.py
[2026-04-30T09:50:44.804+0000] {processor.py:914} INFO - Processing file /opt/airflow/dags/main.py for tasks to queue
[2026-04-30T09:50:44.808+0000] {logging_mixin.py:190} INFO - [2026-04-30T09:50:44.807+0000] {dagbag.py:588} INFO - Filling up the DagBag from /opt/airflow/dags/main.py
[2026-04-30T09:50:45.197+0000] {processor.py:925} INFO - DAG(s) 'orders_kafka_to_s3' retrieved from /opt/airflow/dags/main.py
[2026-04-30T09:50:45.221+0000] {logging_mixin.py:190} INFO - [2026-04-30T09:50:45.221+0000] {dag.py:3239} INFO - Sync 1 DAGs
[2026-04-30T09:50:45.251+0000] {logging_mixin.py:190} INFO - [2026-04-30T09:50:45.251+0000] {dag.py:4180} INFO - Setting next_dagrun for orders_kafka_to_s3 to 2026-04-30 00:00:00+00:00, run_after=2026-05-01 00:00:00+00:00
[2026-04-30T09:50:45.276+0000] {processor.py:208} INFO - Processing /opt/airflow/dags/main.py took 0.480 seconds
[2026-04-30T09:51:15.409+0000] {processor.py:186} INFO - Started process (PID=1431) to work on /opt/airflow/dags/main.py
[2026-04-30T09:51:15.412+0000] {processor.py:914} INFO - Processing file /opt/airflow/dags/main.py for tasks to queue
[2026-04-30T09:51:15.416+0000] {logging_mixin.py:190} INFO - [2026-04-30T09:51:15.416+0000] {dagbag.py:588} INFO - Filling up the DagBag from /opt/airflow/dags/main.py
[2026-04-30T09:51:15.611+0000] {processor.py:925} INFO - DAG(s) 'orders_kafka_to_s3' retrieved from /opt/airflow/dags/main.py
[2026-04-30T09:51:15.665+0000] {logging_mixin.py:190} INFO - [2026-04-30T09:51:15.664+0000] {dag.py:3239} INFO - Sync 1 DAGs
[2026-04-30T09:51:16.265+0000] {logging_mixin.py:190} INFO - [2026-04-30T09:51:16.265+0000] {dag.py:4180} INFO - Setting next_dagrun for orders_kafka_to_s3 to 2026-04-30 00:00:00+00:00, run_after=2026-05-01 00:00:00+00:00
[2026-04-30T09:51:16.290+0000] {processor.py:208} INFO - Processing /opt/airflow/dags/main.py took 0.891 seconds
[2026-04-30T09:51:47.097+0000] {processor.py:186} INFO - Started process (PID=1438) to work on /opt/airflow/dags/main.py
[2026-04-30T09:51:47.099+0000] {processor.py:914} INFO - Processing file /opt/airflow/dags/main.py for tasks to queue
[2026-04-30T09:51:47.103+0000] {logging_mixin.py:190} INFO - [2026-04-30T09:51:47.102+0000] {dagbag.py:588} INFO - Filling up the DagBag from /opt/airflow/dags/main.py
[2026-04-30T09:51:47.249+0000] {processor.py:925} INFO - DAG(s) 'orders_kafka_to_s3' retrieved from /opt/airflow/dags/main.py
[2026-04-30T09:51:47.565+0000] {logging_mixin.py:190} INFO - [2026-04-30T09:51:47.565+0000] {dag.py:3239} INFO - Sync 1 DAGs
[2026-04-30T09:51:47.615+0000] {logging_mixin.py:190} INFO - [2026-04-30T09:51:47.614+0000] {dag.py:4180} INFO - Setting next_dagrun for orders_kafka_to_s3 to 2026-04-30 00:00:00+00:00, run_after=2026-05-01 00:00:00+00:00
[2026-04-30T09:51:47.666+0000] {processor.py:208} INFO - Processing /opt/airflow/dags/main.py took 0.579 seconds
[2026-04-30T09:52:17.864+0000] {processor.py:186} INFO - Started process (PID=1445) to work on /opt/airflow/dags/main.py
[2026-04-30T09:52:17.866+0000] {processor.py:914} INFO - Processing file /opt/airflow/dags/main.py for tasks to queue
[2026-04-30T09:52:17.870+0000] {logging_mixin.py:190} INFO - [2026-04-30T09:52:17.869+0000] {dagbag.py:588} INFO - Filling up the DagBag from /opt/airflow/dags/main.py
[2026-04-30T09:52:18.055+0000] {processor.py:925} INFO - DAG(s) 'orders_kafka_to_s3' retrieved from /opt/airflow/dags/main.py
[2026-04-30T09:52:18.335+0000] {logging_mixin.py:190} INFO - [2026-04-30T09:52:18.335+0000] {dag.py:3239} INFO - Sync 1 DAGs
[2026-04-30T09:52:18.366+0000] {logging_mixin.py:190} INFO - [2026-04-30T09:52:18.365+0000] {dag.py:4180} INFO - Setting next_dagrun for orders_kafka_to_s3 to 2026-04-30 00:00:00+00:00, run_after=2026-05-01 00:00:00+00:00
[2026-04-30T09:52:18.389+0000] {processor.py:208} INFO - Processing /opt/airflow/dags/main.py took 0.536 seconds
[2026-04-30T09:52:48.543+0000] {processor.py:186} INFO - Started process (PID=1452) to work on /opt/airflow/dags/main.py
[2026-04-30T09:52:48.544+0000] {processor.py:914} INFO - Processing file /opt/airflow/dags/main.py for tasks to queue
[2026-04-30T09:52:48.548+0000] {logging_mixin.py:190} INFO - [2026-04-30T09:52:48.547+0000] {dagbag.py:588} INFO - Filling up the DagBag from /opt/airflow/dags/main.py
[2026-04-30T09:52:48.888+0000] {processor.py:925} INFO - DAG(s) 'orders_kafka_to_s3' retrieved from /opt/airflow/dags/main.py
[2026-04-30T09:52:48.914+0000] {logging_mixin.py:190} INFO - [2026-04-30T09:52:48.913+0000] {dag.py:3239} INFO - Sync 1 DAGs
[2026-04-30T09:52:48.938+0000] {logging_mixin.py:190} INFO - [2026-04-30T09:52:48.938+0000] {dag.py:4180} INFO - Setting next_dagrun for orders_kafka_to_s3 to 2026-04-30 00:00:00+00:00, run_after=2026-05-01 00:00:00+00:00
[2026-04-30T09:52:48.960+0000] {processor.py:208} INFO - Processing /opt/airflow/dags/main.py took 0.426 seconds
[2026-04-30T09:53:19.091+0000] {processor.py:186} INFO - Started process (PID=1459) to work on /opt/airflow/dags/main.py
[2026-04-30T09:53:19.093+0000] {processor.py:914} INFO - Processing file /opt/airflow/dags/main.py for tasks to queue
[2026-04-30T09:53:19.096+0000] {logging_mixin.py:190} INFO - [2026-04-30T09:53:19.096+0000] {dagbag.py:588} INFO - Filling up the DagBag from /opt/airflow/dags/main.py
[2026-04-30T09:53:19.503+0000] {processor.py:925} INFO - DAG(s) 'orders_kafka_to_s3' retrieved from /opt/airflow/dags/main.py
[2026-04-30T09:53:19.531+0000] {logging_mixin.py:190} INFO - [2026-04-30T09:53:19.531+0000] {dag.py:3239} INFO - Sync 1 DAGs
[2026-04-30T09:53:19.559+0000] {logging_mixin.py:190} INFO - [2026-04-30T09:53:19.558+0000] {dag.py:4180} INFO - Setting next_dagrun for orders_kafka_to_s3 to 2026-04-30 00:00:00+00:00, run_after=2026-05-01 00:00:00+00:00
[2026-04-30T09:53:19.584+0000] {processor.py:208} INFO - Processing /opt/airflow/dags/main.py took 0.500 seconds
[2026-04-30T09:53:49.785+0000] {processor.py:186} INFO - Started process (PID=1466) to work on /opt/airflow/dags/main.py
[2026-04-30T09:53:49.787+0000] {processor.py:914} INFO - Processing file /opt/airflow/dags/main.py for tasks to queue
[2026-04-30T09:53:49.790+0000] {logging_mixin.py:190} INFO - [2026-04-30T09:53:49.790+0000] {dagbag.py:588} INFO - Filling up the DagBag from /opt/airflow/dags/main.py
[2026-04-30T09:53:49.948+0000] {processor.py:925} INFO - DAG(s) 'orders_kafka_to_s3' retrieved from /opt/airflow/dags/main.py
[2026-04-30T09:53:49.978+0000] {logging_mixin.py:190} INFO - [2026-04-30T09:53:49.978+0000] {dag.py:3239} INFO - Sync 1 DAGs
[2026-04-30T09:53:50.208+0000] {logging_mixin.py:190} INFO - [2026-04-30T09:53:50.208+0000] {dag.py:4180} INFO - Setting next_dagrun for orders_kafka_to_s3 to 2026-04-30 00:00:00+00:00, run_after=2026-05-01 00:00:00+00:00
[2026-04-30T09:53:50.235+0000] {processor.py:208} INFO - Processing /opt/airflow/dags/main.py took 0.458 seconds
[2026-04-30T09:54:20.786+0000] {processor.py:186} INFO - Started process (PID=1478) to work on /opt/airflow/dags/main.py
[2026-04-30T09:54:20.789+0000] {processor.py:914} INFO - Processing file /opt/airflow/dags/main.py for tasks to queue
[2026-04-30T09:54:20.795+0000] {logging_mixin.py:190} INFO - [2026-04-30T09:54:20.795+0000] {dagbag.py:588} INFO - Filling up the DagBag from /opt/airflow/dags/main.py
[2026-04-30T09:54:20.971+0000] {processor.py:925} INFO - DAG(s) 'orders_kafka_to_s3' retrieved from /opt/airflow/dags/main.py
[2026-04-30T09:54:21.013+0000] {logging_mixin.py:190} INFO - [2026-04-30T09:54:21.013+0000] {dag.py:3239} INFO - Sync 1 DAGs
[2026-04-30T09:54:21.289+0000] {logging_mixin.py:190} INFO - [2026-04-30T09:54:21.289+0000] {dag.py:4180} INFO - Setting next_dagrun for orders_kafka_to_s3 to 2026-04-30 00:00:00+00:00, run_after=2026-05-01 00:00:00+00:00
[2026-04-30T09:54:21.316+0000] {processor.py:208} INFO - Processing /opt/airflow/dags/main.py took 0.542 seconds
[2026-04-30T09:54:51.511+0000] {processor.py:186} INFO - Started process (PID=1485) to work on /opt/airflow/dags/main.py
[2026-04-30T09:54:51.521+0000] {processor.py:914} INFO - Processing file /opt/airflow/dags/main.py for tasks to queue
[2026-04-30T09:54:51.530+0000] {logging_mixin.py:190} INFO - [2026-04-30T09:54:51.529+0000] {dagbag.py:588} INFO - Filling up the DagBag from /opt/airflow/dags/main.py
[2026-04-30T09:54:51.938+0000] {processor.py:925} INFO - DAG(s) 'orders_kafka_to_s3' retrieved from /opt/airflow/dags/main.py
[2026-04-30T09:54:52.595+0000] {logging_mixin.py:190} INFO - [2026-04-30T09:54:52.595+0000] {dag.py:3239} INFO - Sync 1 DAGs
[2026-04-30T09:54:52.638+0000] {logging_mixin.py:190} INFO - [2026-04-30T09:54:52.637+0000] {dag.py:4180} INFO - Setting next_dagrun for orders_kafka_to_s3 to 2026-04-30 00:00:00+00:00, run_after=2026-05-01 00:00:00+00:00
[2026-04-30T09:54:52.673+0000] {processor.py:208} INFO - Processing /opt/airflow/dags/main.py took 1.187 seconds
[2026-04-30T09:55:22.934+0000] {processor.py:186} INFO - Started process (PID=1492) to work on /opt/airflow/dags/main.py
[2026-04-30T09:55:22.937+0000] {processor.py:914} INFO - Processing file /opt/airflow/dags/main.py for tasks to queue
[2026-04-30T09:55:22.942+0000] {logging_mixin.py:190} INFO - [2026-04-30T09:55:22.941+0000] {dagbag.py:588} INFO - Filling up the DagBag from /opt/airflow/dags/main.py
[2026-04-30T09:55:23.604+0000] {processor.py:925} INFO - DAG(s) 'orders_kafka_to_s3' retrieved from /opt/airflow/dags/main.py
[2026-04-30T09:55:23.660+0000] {logging_mixin.py:190} INFO - [2026-04-30T09:55:23.659+0000] {dag.py:3239} INFO - Sync 1 DAGs
[2026-04-30T09:55:23.704+0000] {logging_mixin.py:190} INFO - [2026-04-30T09:55:23.704+0000] {dag.py:4180} INFO - Setting next_dagrun for orders_kafka_to_s3 to 2026-04-30 00:00:00+00:00, run_after=2026-05-01 00:00:00+00:00
[2026-04-30T09:55:23.736+0000] {processor.py:208} INFO - Processing /opt/airflow/dags/main.py took 0.814 seconds
[2026-04-30T09:55:54.044+0000] {processor.py:186} INFO - Started process (PID=1499) to work on /opt/airflow/dags/main.py
[2026-04-30T09:55:54.047+0000] {processor.py:914} INFO - Processing file /opt/airflow/dags/main.py for tasks to queue
[2026-04-30T09:55:54.051+0000] {logging_mixin.py:190} INFO - [2026-04-30T09:55:54.050+0000] {dagbag.py:588} INFO - Filling up the DagBag from /opt/airflow/dags/main.py
[2026-04-30T09:55:54.522+0000] {processor.py:925} INFO - DAG(s) 'orders_kafka_to_s3' retrieved from /opt/airflow/dags/main.py
[2026-04-30T09:55:54.551+0000] {logging_mixin.py:190} INFO - [2026-04-30T09:55:54.551+0000] {dag.py:3239} INFO - Sync 1 DAGs
[2026-04-30T09:55:54.580+0000] {logging_mixin.py:190} INFO - [2026-04-30T09:55:54.579+0000] {dag.py:4180} INFO - Setting next_dagrun for orders_kafka_to_s3 to 2026-04-30 00:00:00+00:00, run_after=2026-05-01 00:00:00+00:00
[2026-04-30T09:55:54.613+0000] {processor.py:208} INFO - Processing /opt/airflow/dags/main.py took 0.578 seconds
[2026-04-30T09:56:25.084+0000] {processor.py:186} INFO - Started process (PID=1506) to work on /opt/airflow/dags/main.py
[2026-04-30T09:56:25.087+0000] {processor.py:914} INFO - Processing file /opt/airflow/dags/main.py for tasks to queue
[2026-04-30T09:56:25.093+0000] {logging_mixin.py:190} INFO - [2026-04-30T09:56:25.092+0000] {dagbag.py:588} INFO - Filling up the DagBag from /opt/airflow/dags/main.py
[2026-04-30T09:56:25.582+0000] {processor.py:925} INFO - DAG(s) 'orders_kafka_to_s3' retrieved from /opt/airflow/dags/main.py
[2026-04-30T09:56:25.620+0000] {logging_mixin.py:190} INFO - [2026-04-30T09:56:25.620+0000] {dag.py:3239} INFO - Sync 1 DAGs
[2026-04-30T09:56:25.668+0000] {logging_mixin.py:190} INFO - [2026-04-30T09:56:25.668+0000] {dag.py:4180} INFO - Setting next_dagrun for orders_kafka_to_s3 to 2026-04-30 00:00:00+00:00, run_after=2026-05-01 00:00:00+00:00
[2026-04-30T09:56:25.709+0000] {processor.py:208} INFO - Processing /opt/airflow/dags/main.py took 0.635 seconds
[2026-04-30T09:56:55.887+0000] {processor.py:186} INFO - Started process (PID=1513) to work on /opt/airflow/dags/main.py
[2026-04-30T09:56:55.889+0000] {processor.py:914} INFO - Processing file /opt/airflow/dags/main.py for tasks to queue
[2026-04-30T09:56:55.892+0000] {logging_mixin.py:190} INFO - [2026-04-30T09:56:55.891+0000] {dagbag.py:588} INFO - Filling up the DagBag from /opt/airflow/dags/main.py
[2026-04-30T09:56:56.065+0000] {processor.py:925} INFO - DAG(s) 'orders_kafka_to_s3' retrieved from /opt/airflow/dags/main.py
[2026-04-30T09:56:56.101+0000] {logging_mixin.py:190} INFO - [2026-04-30T09:56:56.101+0000] {dag.py:3239} INFO - Sync 1 DAGs
[2026-04-30T09:56:56.342+0000] {logging_mixin.py:190} INFO - [2026-04-30T09:56:56.342+0000] {dag.py:4180} INFO - Setting next_dagrun for orders_kafka_to_s3 to 2026-04-30 00:00:00+00:00, run_after=2026-05-01 00:00:00+00:00
[2026-04-30T09:56:56.366+0000] {processor.py:208} INFO - Processing /opt/airflow/dags/main.py took 0.500 seconds
[2026-04-30T09:57:27.296+0000] {processor.py:186} INFO - Started process (PID=1520) to work on /opt/airflow/dags/main.py
[2026-04-30T09:57:27.299+0000] {processor.py:914} INFO - Processing file /opt/airflow/dags/main.py for tasks to queue
[2026-04-30T09:57:27.316+0000] {logging_mixin.py:190} INFO - [2026-04-30T09:57:27.314+0000] {dagbag.py:588} INFO - Filling up the DagBag from /opt/airflow/dags/main.py
[2026-04-30T09:57:27.648+0000] {processor.py:925} INFO - DAG(s) 'orders_kafka_to_s3' retrieved from /opt/airflow/dags/main.py
[2026-04-30T09:57:27.912+0000] {logging_mixin.py:190} INFO - [2026-04-30T09:57:27.912+0000] {dag.py:3239} INFO - Sync 1 DAGs
[2026-04-30T09:57:27.955+0000] {logging_mixin.py:190} INFO - [2026-04-30T09:57:27.954+0000] {dag.py:4180} INFO - Setting next_dagrun for orders_kafka_to_s3 to 2026-04-30 00:00:00+00:00, run_after=2026-05-01 00:00:00+00:00
[2026-04-30T09:57:27.984+0000] {processor.py:208} INFO - Processing /opt/airflow/dags/main.py took 0.715 seconds
[2026-04-30T09:57:58.248+0000] {processor.py:186} INFO - Started process (PID=1527) to work on /opt/airflow/dags/main.py
[2026-04-30T09:57:58.250+0000] {processor.py:914} INFO - Processing file /opt/airflow/dags/main.py for tasks to queue
[2026-04-30T09:57:58.253+0000] {logging_mixin.py:190} INFO - [2026-04-30T09:57:58.253+0000] {dagbag.py:588} INFO - Filling up the DagBag from /opt/airflow/dags/main.py
[2026-04-30T09:57:58.559+0000] {processor.py:925} INFO - DAG(s) 'orders_kafka_to_s3' retrieved from /opt/airflow/dags/main.py
[2026-04-30T09:57:58.583+0000] {logging_mixin.py:190} INFO - [2026-04-30T09:57:58.583+0000] {dag.py:3239} INFO - Sync 1 DAGs
[2026-04-30T09:57:58.608+0000] {logging_mixin.py:190} INFO - [2026-04-30T09:57:58.608+0000] {dag.py:4180} INFO - Setting next_dagrun for orders_kafka_to_s3 to 2026-04-30 00:00:00+00:00, run_after=2026-05-01 00:00:00+00:00
[2026-04-30T09:57:58.634+0000] {processor.py:208} INFO - Processing /opt/airflow/dags/main.py took 0.395 seconds
[2026-04-30T09:58:29.005+0000] {processor.py:186} INFO - Started process (PID=1534) to work on /opt/airflow/dags/main.py
[2026-04-30T09:58:29.009+0000] {processor.py:914} INFO - Processing file /opt/airflow/dags/main.py for tasks to queue
[2026-04-30T09:58:29.015+0000] {logging_mixin.py:190} INFO - [2026-04-30T09:58:29.014+0000] {dagbag.py:588} INFO - Filling up the DagBag from /opt/airflow/dags/main.py
[2026-04-30T09:58:29.589+0000] {processor.py:925} INFO - DAG(s) 'orders_kafka_to_s3' retrieved from /opt/airflow/dags/main.py
[2026-04-30T09:58:29.627+0000] {logging_mixin.py:190} INFO - [2026-04-30T09:58:29.626+0000] {dag.py:3239} INFO - Sync 1 DAGs
[2026-04-30T09:58:29.671+0000] {logging_mixin.py:190} INFO - [2026-04-30T09:58:29.671+0000] {dag.py:4180} INFO - Setting next_dagrun for orders_kafka_to_s3 to 2026-04-30 00:00:00+00:00, run_after=2026-05-01 00:00:00+00:00
[2026-04-30T09:58:29.708+0000] {processor.py:208} INFO - Processing /opt/airflow/dags/main.py took 0.720 seconds
[2026-04-30T09:59:00.498+0000] {processor.py:186} INFO - Started process (PID=1547) to work on /opt/airflow/dags/main.py
[2026-04-30T09:59:00.499+0000] {processor.py:914} INFO - Processing file /opt/airflow/dags/main.py for tasks to queue
[2026-04-30T09:59:00.502+0000] {logging_mixin.py:190} INFO - [2026-04-30T09:59:00.502+0000] {dagbag.py:588} INFO - Filling up the DagBag from /opt/airflow/dags/main.py
[2026-04-30T09:59:01.027+0000] {processor.py:925} INFO - DAG(s) 'orders_kafka_to_s3' retrieved from /opt/airflow/dags/main.py
[2026-04-30T09:59:01.103+0000] {logging_mixin.py:190} INFO - [2026-04-30T09:59:01.103+0000] {dag.py:3239} INFO - Sync 1 DAGs
[2026-04-30T09:59:01.220+0000] {logging_mixin.py:190} INFO - [2026-04-30T09:59:01.219+0000] {dag.py:4180} INFO - Setting next_dagrun for orders_kafka_to_s3 to 2026-04-30 00:00:00+00:00, run_after=2026-05-01 00:00:00+00:00
[2026-04-30T09:59:01.298+0000] {processor.py:208} INFO - Processing /opt/airflow/dags/main.py took 0.808 seconds
[2026-04-30T09:59:32.126+0000] {processor.py:186} INFO - Started process (PID=1554) to work on /opt/airflow/dags/main.py
[2026-04-30T09:59:32.133+0000] {processor.py:914} INFO - Processing file /opt/airflow/dags/main.py for tasks to queue
[2026-04-30T09:59:32.162+0000] {logging_mixin.py:190} INFO - [2026-04-30T09:59:32.161+0000] {dagbag.py:588} INFO - Filling up the DagBag from /opt/airflow/dags/main.py
[2026-04-30T09:59:32.404+0000] {processor.py:925} INFO - DAG(s) 'orders_kafka_to_s3' retrieved from /opt/airflow/dags/main.py
[2026-04-30T09:59:32.451+0000] {logging_mixin.py:190} INFO - [2026-04-30T09:59:32.450+0000] {dag.py:3239} INFO - Sync 1 DAGs
[2026-04-30T09:59:32.771+0000] {logging_mixin.py:190} INFO - [2026-04-30T09:59:32.770+0000] {dag.py:4180} INFO - Setting next_dagrun for orders_kafka_to_s3 to 2026-04-30 00:00:00+00:00, run_after=2026-05-01 00:00:00+00:00
[2026-04-30T09:59:32.806+0000] {processor.py:208} INFO - Processing /opt/airflow/dags/main.py took 0.712 seconds
[2026-04-30T10:00:03.529+0000] {processor.py:186} INFO - Started process (PID=1561) to work on /opt/airflow/dags/main.py
[2026-04-30T10:00:03.531+0000] {processor.py:914} INFO - Processing file /opt/airflow/dags/main.py for tasks to queue
[2026-04-30T10:00:03.536+0000] {logging_mixin.py:190} INFO - [2026-04-30T10:00:03.535+0000] {dagbag.py:588} INFO - Filling up the DagBag from /opt/airflow/dags/main.py
[2026-04-30T10:00:03.741+0000] {processor.py:925} INFO - DAG(s) 'orders_kafka_to_s3' retrieved from /opt/airflow/dags/main.py
[2026-04-30T10:00:04.072+0000] {logging_mixin.py:190} INFO - [2026-04-30T10:00:04.072+0000] {dag.py:3239} INFO - Sync 1 DAGs
[2026-04-30T10:00:04.111+0000] {logging_mixin.py:190} INFO - [2026-04-30T10:00:04.111+0000] {dag.py:4180} INFO - Setting next_dagrun for orders_kafka_to_s3 to 2026-04-30 00:00:00+00:00, run_after=2026-05-01 00:00:00+00:00
[2026-04-30T10:00:04.138+0000] {processor.py:208} INFO - Processing /opt/airflow/dags/main.py took 0.623 seconds
[2026-04-30T10:00:34.665+0000] {processor.py:186} INFO - Started process (PID=1568) to work on /opt/airflow/dags/main.py
[2026-04-30T10:00:34.667+0000] {processor.py:914} INFO - Processing file /opt/airflow/dags/main.py for tasks to queue
[2026-04-30T10:00:34.671+0000] {logging_mixin.py:190} INFO - [2026-04-30T10:00:34.670+0000] {dagbag.py:588} INFO - Filling up the DagBag from /opt/airflow/dags/main.py
[2026-04-30T10:00:35.274+0000] {processor.py:925} INFO - DAG(s) 'orders_kafka_to_s3' retrieved from /opt/airflow/dags/main.py
[2026-04-30T10:00:35.318+0000] {logging_mixin.py:190} INFO - [2026-04-30T10:00:35.318+0000] {dag.py:3239} INFO - Sync 1 DAGs
[2026-04-30T10:00:35.362+0000] {logging_mixin.py:190} INFO - [2026-04-30T10:00:35.362+0000] {dag.py:4180} INFO - Setting next_dagrun for orders_kafka_to_s3 to 2026-04-30 00:00:00+00:00, run_after=2026-05-01 00:00:00+00:00
[2026-04-30T10:00:35.403+0000] {processor.py:208} INFO - Processing /opt/airflow/dags/main.py took 0.748 seconds
[2026-04-30T10:01:06.055+0000] {processor.py:186} INFO - Started process (PID=1575) to work on /opt/airflow/dags/main.py
[2026-04-30T10:01:06.058+0000] {processor.py:914} INFO - Processing file /opt/airflow/dags/main.py for tasks to queue
[2026-04-30T10:01:06.062+0000] {logging_mixin.py:190} INFO - [2026-04-30T10:01:06.061+0000] {dagbag.py:588} INFO - Filling up the DagBag from /opt/airflow/dags/main.py
[2026-04-30T10:01:06.728+0000] {processor.py:925} INFO - DAG(s) 'orders_kafka_to_s3' retrieved from /opt/airflow/dags/main.py
[2026-04-30T10:01:06.761+0000] {logging_mixin.py:190} INFO - [2026-04-30T10:01:06.761+0000] {dag.py:3239} INFO - Sync 1 DAGs
[2026-04-30T10:01:06.794+0000] {logging_mixin.py:190} INFO - [2026-04-30T10:01:06.793+0000] {dag.py:4180} INFO - Setting next_dagrun for orders_kafka_to_s3 to 2026-04-30 00:00:00+00:00, run_after=2026-05-01 00:00:00+00:00
[2026-04-30T10:01:06.827+0000] {processor.py:208} INFO - Processing /opt/airflow/dags/main.py took 0.781 seconds
[2026-04-30T10:01:36.920+0000] {processor.py:186} INFO - Started process (PID=1582) to work on /opt/airflow/dags/main.py
[2026-04-30T10:01:36.922+0000] {processor.py:914} INFO - Processing file /opt/airflow/dags/main.py for tasks to queue
[2026-04-30T10:01:36.927+0000] {logging_mixin.py:190} INFO - [2026-04-30T10:01:36.926+0000] {dagbag.py:588} INFO - Filling up the DagBag from /opt/airflow/dags/main.py
[2026-04-30T10:01:37.400+0000] {processor.py:925} INFO - DAG(s) 'orders_kafka_to_s3' retrieved from /opt/airflow/dags/main.py
[2026-04-30T10:01:37.429+0000] {logging_mixin.py:190} INFO - [2026-04-30T10:01:37.429+0000] {dag.py:3239} INFO - Sync 1 DAGs
[2026-04-30T10:01:37.456+0000] {logging_mixin.py:190} INFO - [2026-04-30T10:01:37.456+0000] {dag.py:4180} INFO - Setting next_dagrun for orders_kafka_to_s3 to 2026-04-30 00:00:00+00:00, run_after=2026-05-01 00:00:00+00:00
[2026-04-30T10:01:37.486+0000] {processor.py:208} INFO - Processing /opt/airflow/dags/main.py took 0.578 seconds
[2026-04-30T10:02:07.596+0000] {processor.py:186} INFO - Started process (PID=1589) to work on /opt/airflow/dags/main.py
[2026-04-30T10:02:07.599+0000] {processor.py:914} INFO - Processing file /opt/airflow/dags/main.py for tasks to queue
[2026-04-30T10:02:07.606+0000] {logging_mixin.py:190} INFO - [2026-04-30T10:02:07.605+0000] {dagbag.py:588} INFO - Filling up the DagBag from /opt/airflow/dags/main.py
[2026-04-30T10:02:08.109+0000] {processor.py:925} INFO - DAG(s) 'orders_kafka_to_s3' retrieved from /opt/airflow/dags/main.py
[2026-04-30T10:02:08.145+0000] {logging_mixin.py:190} INFO - [2026-04-30T10:02:08.144+0000] {dag.py:3239} INFO - Sync 1 DAGs
[2026-04-30T10:02:08.183+0000] {logging_mixin.py:190} INFO - [2026-04-30T10:02:08.182+0000] {dag.py:4180} INFO - Setting next_dagrun for orders_kafka_to_s3 to 2026-04-30 00:00:00+00:00, run_after=2026-05-01 00:00:00+00:00
[2026-04-30T10:02:08.213+0000] {processor.py:208} INFO - Processing /opt/airflow/dags/main.py took 0.635 seconds
[2026-04-30T10:02:38.440+0000] {processor.py:186} INFO - Started process (PID=1596) to work on /opt/airflow/dags/main.py
[2026-04-30T10:02:38.441+0000] {processor.py:914} INFO - Processing file /opt/airflow/dags/main.py for tasks to queue
[2026-04-30T10:02:38.444+0000] {logging_mixin.py:190} INFO - [2026-04-30T10:02:38.444+0000] {dagbag.py:588} INFO - Filling up the DagBag from /opt/airflow/dags/main.py
[2026-04-30T10:02:38.591+0000] {processor.py:925} INFO - DAG(s) 'orders_kafka_to_s3' retrieved from /opt/airflow/dags/main.py
[2026-04-30T10:02:38.855+0000] {logging_mixin.py:190} INFO - [2026-04-30T10:02:38.855+0000] {dag.py:3239} INFO - Sync 1 DAGs
[2026-04-30T10:02:38.883+0000] {logging_mixin.py:190} INFO - [2026-04-30T10:02:38.883+0000] {dag.py:4180} INFO - Setting next_dagrun for orders_kafka_to_s3 to 2026-04-30 00:00:00+00:00, run_after=2026-05-01 00:00:00+00:00
[2026-04-30T10:02:38.908+0000] {processor.py:208} INFO - Processing /opt/airflow/dags/main.py took 0.476 seconds
[2026-04-30T10:03:09.309+0000] {processor.py:186} INFO - Started process (PID=1602) to work on /opt/airflow/dags/main.py
[2026-04-30T10:03:09.311+0000] {processor.py:914} INFO - Processing file /opt/airflow/dags/main.py for tasks to queue
[2026-04-30T10:03:09.316+0000] {logging_mixin.py:190} INFO - [2026-04-30T10:03:09.315+0000] {dagbag.py:588} INFO - Filling up the DagBag from /opt/airflow/dags/main.py
[2026-04-30T10:03:09.484+0000] {processor.py:925} INFO - DAG(s) 'orders_kafka_to_s3' retrieved from /opt/airflow/dags/main.py
[2026-04-30T10:03:09.875+0000] {logging_mixin.py:190} INFO - [2026-04-30T10:03:09.874+0000] {dag.py:3239} INFO - Sync 1 DAGs
[2026-04-30T10:03:09.914+0000] {logging_mixin.py:190} INFO - [2026-04-30T10:03:09.914+0000] {dag.py:4180} INFO - Setting next_dagrun for orders_kafka_to_s3 to 2026-04-30 00:00:00+00:00, run_after=2026-05-01 00:00:00+00:00
[2026-04-30T10:03:09.943+0000] {processor.py:208} INFO - Processing /opt/airflow/dags/main.py took 0.645 seconds
[2026-04-30T10:03:40.834+0000] {processor.py:186} INFO - Started process (PID=1615) to work on /opt/airflow/dags/main.py
[2026-04-30T10:03:40.835+0000] {processor.py:914} INFO - Processing file /opt/airflow/dags/main.py for tasks to queue
[2026-04-30T10:03:40.840+0000] {logging_mixin.py:190} INFO - [2026-04-30T10:03:40.840+0000] {dagbag.py:588} INFO - Filling up the DagBag from /opt/airflow/dags/main.py
[2026-04-30T10:03:41.329+0000] {processor.py:925} INFO - DAG(s) 'orders_kafka_to_s3' retrieved from /opt/airflow/dags/main.py
[2026-04-30T10:03:41.373+0000] {logging_mixin.py:190} INFO - [2026-04-30T10:03:41.373+0000] {dag.py:3239} INFO - Sync 1 DAGs
[2026-04-30T10:03:41.421+0000] {logging_mixin.py:190} INFO - [2026-04-30T10:03:41.420+0000] {dag.py:4180} INFO - Setting next_dagrun for orders_kafka_to_s3 to 2026-04-30 00:00:00+00:00, run_after=2026-05-01 00:00:00+00:00
[2026-04-30T10:03:41.458+0000] {processor.py:208} INFO - Processing /opt/airflow/dags/main.py took 0.632 seconds
[2026-04-30T10:04:12.035+0000] {processor.py:186} INFO - Started process (PID=1622) to work on /opt/airflow/dags/main.py
[2026-04-30T10:04:12.037+0000] {processor.py:914} INFO - Processing file /opt/airflow/dags/main.py for tasks to queue
[2026-04-30T10:04:12.042+0000] {logging_mixin.py:190} INFO - [2026-04-30T10:04:12.041+0000] {dagbag.py:588} INFO - Filling up the DagBag from /opt/airflow/dags/main.py
[2026-04-30T10:04:12.732+0000] {processor.py:925} INFO - DAG(s) 'orders_kafka_to_s3' retrieved from /opt/airflow/dags/main.py
[2026-04-30T10:04:12.791+0000] {logging_mixin.py:190} INFO - [2026-04-30T10:04:12.790+0000] {dag.py:3239} INFO - Sync 1 DAGs
[2026-04-30T10:04:12.835+0000] {logging_mixin.py:190} INFO - [2026-04-30T10:04:12.834+0000] {dag.py:4180} INFO - Setting next_dagrun for orders_kafka_to_s3 to 2026-04-30 00:00:00+00:00, run_after=2026-05-01 00:00:00+00:00
[2026-04-30T10:04:12.870+0000] {processor.py:208} INFO - Processing /opt/airflow/dags/main.py took 0.846 seconds
[2026-04-30T10:04:43.399+0000] {processor.py:186} INFO - Started process (PID=1629) to work on /opt/airflow/dags/main.py
[2026-04-30T10:04:43.401+0000] {processor.py:914} INFO - Processing file /opt/airflow/dags/main.py for tasks to queue
[2026-04-30T10:04:43.407+0000] {logging_mixin.py:190} INFO - [2026-04-30T10:04:43.405+0000] {dagbag.py:588} INFO - Filling up the DagBag from /opt/airflow/dags/main.py
[2026-04-30T10:04:44.003+0000] {processor.py:925} INFO - DAG(s) 'orders_kafka_to_s3' retrieved from /opt/airflow/dags/main.py
[2026-04-30T10:04:44.053+0000] {logging_mixin.py:190} INFO - [2026-04-30T10:04:44.053+0000] {dag.py:3239} INFO - Sync 1 DAGs
[2026-04-30T10:04:44.114+0000] {logging_mixin.py:190} INFO - [2026-04-30T10:04:44.113+0000] {dag.py:4180} INFO - Setting next_dagrun for orders_kafka_to_s3 to 2026-04-30 00:00:00+00:00, run_after=2026-05-01 00:00:00+00:00
[2026-04-30T10:04:44.155+0000] {processor.py:208} INFO - Processing /opt/airflow/dags/main.py took 0.770 seconds
[2026-04-30T10:05:14.300+0000] {processor.py:186} INFO - Started process (PID=1636) to work on /opt/airflow/dags/main.py
[2026-04-30T10:05:14.302+0000] {processor.py:914} INFO - Processing file /opt/airflow/dags/main.py for tasks to queue
[2026-04-30T10:05:14.307+0000] {logging_mixin.py:190} INFO - [2026-04-30T10:05:14.306+0000] {dagbag.py:588} INFO - Filling up the DagBag from /opt/airflow/dags/main.py
[2026-04-30T10:05:14.651+0000] {processor.py:925} INFO - DAG(s) 'orders_kafka_to_s3' retrieved from /opt/airflow/dags/main.py
[2026-04-30T10:05:14.720+0000] {logging_mixin.py:190} INFO - [2026-04-30T10:05:14.720+0000] {dag.py:3239} INFO - Sync 1 DAGs
[2026-04-30T10:05:15.280+0000] {logging_mixin.py:190} INFO - [2026-04-30T10:05:15.279+0000] {dag.py:4180} INFO - Setting next_dagrun for orders_kafka_to_s3 to 2026-04-30 00:00:00+00:00, run_after=2026-05-01 00:00:00+00:00
[2026-04-30T10:05:15.319+0000] {processor.py:208} INFO - Processing /opt/airflow/dags/main.py took 1.033 seconds
[2026-04-30T10:05:45.552+0000] {processor.py:186} INFO - Started process (PID=1643) to work on /opt/airflow/dags/main.py
[2026-04-30T10:05:45.554+0000] {processor.py:914} INFO - Processing file /opt/airflow/dags/main.py for tasks to queue
[2026-04-30T10:05:45.558+0000] {logging_mixin.py:190} INFO - [2026-04-30T10:05:45.558+0000] {dagbag.py:588} INFO - Filling up the DagBag from /opt/airflow/dags/main.py
[2026-04-30T10:05:45.690+0000] {processor.py:925} INFO - DAG(s) 'orders_kafka_to_s3' retrieved from /opt/airflow/dags/main.py
[2026-04-30T10:05:45.888+0000] {logging_mixin.py:190} INFO - [2026-04-30T10:05:45.887+0000] {dag.py:3239} INFO - Sync 1 DAGs
[2026-04-30T10:05:45.923+0000] {logging_mixin.py:190} INFO - [2026-04-30T10:05:45.923+0000] {dag.py:4180} INFO - Setting next_dagrun for orders_kafka_to_s3 to 2026-04-30 00:00:00+00:00, run_after=2026-05-01 00:00:00+00:00
[2026-04-30T10:05:45.946+0000] {processor.py:208} INFO - Processing /opt/airflow/dags/main.py took 0.403 seconds
[2026-04-30T10:06:16.046+0000] {processor.py:186} INFO - Started process (PID=1650) to work on /opt/airflow/dags/main.py
[2026-04-30T10:06:16.049+0000] {processor.py:914} INFO - Processing file /opt/airflow/dags/main.py for tasks to queue
[2026-04-30T10:06:16.056+0000] {logging_mixin.py:190} INFO - [2026-04-30T10:06:16.055+0000] {dagbag.py:588} INFO - Filling up the DagBag from /opt/airflow/dags/main.py
[2026-04-30T10:06:17.008+0000] {processor.py:925} INFO - DAG(s) 'orders_kafka_to_s3' retrieved from /opt/airflow/dags/main.py
[2026-04-30T10:06:17.058+0000] {logging_mixin.py:190} INFO - [2026-04-30T10:06:17.058+0000] {dag.py:3239} INFO - Sync 1 DAGs
[2026-04-30T10:06:17.110+0000] {logging_mixin.py:190} INFO - [2026-04-30T10:06:17.110+0000] {dag.py:4180} INFO - Setting next_dagrun for orders_kafka_to_s3 to 2026-04-30 00:00:00+00:00, run_after=2026-05-01 00:00:00+00:00
[2026-04-30T10:06:17.148+0000] {processor.py:208} INFO - Processing /opt/airflow/dags/main.py took 1.117 seconds
[2026-04-30T10:06:48.013+0000] {processor.py:186} INFO - Started process (PID=1657) to work on /opt/airflow/dags/main.py
[2026-04-30T10:06:48.016+0000] {processor.py:914} INFO - Processing file /opt/airflow/dags/main.py for tasks to queue
[2026-04-30T10:06:48.019+0000] {logging_mixin.py:190} INFO - [2026-04-30T10:06:48.019+0000] {dagbag.py:588} INFO - Filling up the DagBag from /opt/airflow/dags/main.py
[2026-04-30T10:06:48.372+0000] {processor.py:925} INFO - DAG(s) 'orders_kafka_to_s3' retrieved from /opt/airflow/dags/main.py
[2026-04-30T10:06:48.400+0000] {logging_mixin.py:190} INFO - [2026-04-30T10:06:48.399+0000] {dag.py:3239} INFO - Sync 1 DAGs
[2026-04-30T10:06:48.429+0000] {logging_mixin.py:190} INFO - [2026-04-30T10:06:48.429+0000] {dag.py:4180} INFO - Setting next_dagrun for orders_kafka_to_s3 to 2026-04-30 00:00:00+00:00, run_after=2026-05-01 00:00:00+00:00
[2026-04-30T10:06:48.461+0000] {processor.py:208} INFO - Processing /opt/airflow/dags/main.py took 0.458 seconds
[2026-04-30T10:07:19.262+0000] {processor.py:186} INFO - Started process (PID=1664) to work on /opt/airflow/dags/main.py
[2026-04-30T10:07:19.263+0000] {processor.py:914} INFO - Processing file /opt/airflow/dags/main.py for tasks to queue
[2026-04-30T10:07:19.270+0000] {logging_mixin.py:190} INFO - [2026-04-30T10:07:19.270+0000] {dagbag.py:588} INFO - Filling up the DagBag from /opt/airflow/dags/main.py
[2026-04-30T10:07:19.830+0000] {processor.py:925} INFO - DAG(s) 'orders_kafka_to_s3' retrieved from /opt/airflow/dags/main.py
[2026-04-30T10:07:19.867+0000] {logging_mixin.py:190} INFO - [2026-04-30T10:07:19.867+0000] {dag.py:3239} INFO - Sync 1 DAGs
[2026-04-30T10:07:19.906+0000] {logging_mixin.py:190} INFO - [2026-04-30T10:07:19.906+0000] {dag.py:4180} INFO - Setting next_dagrun for orders_kafka_to_s3 to 2026-04-30 00:00:00+00:00, run_after=2026-05-01 00:00:00+00:00
[2026-04-30T10:07:19.935+0000] {processor.py:208} INFO - Processing /opt/airflow/dags/main.py took 0.688 seconds
[2026-04-30T10:07:50.516+0000] {processor.py:186} INFO - Started process (PID=1671) to work on /opt/airflow/dags/main.py
[2026-04-30T10:07:50.518+0000] {processor.py:914} INFO - Processing file /opt/airflow/dags/main.py for tasks to queue
[2026-04-30T10:07:50.521+0000] {logging_mixin.py:190} INFO - [2026-04-30T10:07:50.520+0000] {dagbag.py:588} INFO - Filling up the DagBag from /opt/airflow/dags/main.py
[2026-04-30T10:07:50.726+0000] {processor.py:925} INFO - DAG(s) 'orders_kafka_to_s3' retrieved from /opt/airflow/dags/main.py
[2026-04-30T10:07:50.791+0000] {logging_mixin.py:190} INFO - [2026-04-30T10:07:50.790+0000] {dag.py:3239} INFO - Sync 1 DAGs
[2026-04-30T10:07:51.097+0000] {logging_mixin.py:190} INFO - [2026-04-30T10:07:51.097+0000] {dag.py:4180} INFO - Setting next_dagrun for orders_kafka_to_s3 to 2026-04-30 00:00:00+00:00, run_after=2026-05-01 00:00:00+00:00
[2026-04-30T10:07:51.128+0000] {processor.py:208} INFO - Processing /opt/airflow/dags/main.py took 0.622 seconds
[2026-04-30T10:08:21.575+0000] {processor.py:186} INFO - Started process (PID=1678) to work on /opt/airflow/dags/main.py
[2026-04-30T10:08:21.577+0000] {processor.py:914} INFO - Processing file /opt/airflow/dags/main.py for tasks to queue
[2026-04-30T10:08:21.583+0000] {logging_mixin.py:190} INFO - [2026-04-30T10:08:21.582+0000] {dagbag.py:588} INFO - Filling up the DagBag from /opt/airflow/dags/main.py
[2026-04-30T10:08:21.884+0000] {processor.py:925} INFO - DAG(s) 'orders_kafka_to_s3' retrieved from /opt/airflow/dags/main.py
[2026-04-30T10:08:22.285+0000] {logging_mixin.py:190} INFO - [2026-04-30T10:08:22.284+0000] {dag.py:3239} INFO - Sync 1 DAGs
[2026-04-30T10:08:22.327+0000] {logging_mixin.py:190} INFO - [2026-04-30T10:08:22.327+0000] {dag.py:4180} INFO - Setting next_dagrun for orders_kafka_to_s3 to 2026-04-30 00:00:00+00:00, run_after=2026-05-01 00:00:00+00:00
[2026-04-30T10:08:22.369+0000] {processor.py:208} INFO - Processing /opt/airflow/dags/main.py took 0.805 seconds
[2026-04-30T10:08:52.835+0000] {processor.py:186} INFO - Started process (PID=1685) to work on /opt/airflow/dags/main.py
[2026-04-30T10:08:52.838+0000] {processor.py:914} INFO - Processing file /opt/airflow/dags/main.py for tasks to queue
[2026-04-30T10:08:52.844+0000] {logging_mixin.py:190} INFO - [2026-04-30T10:08:52.843+0000] {dagbag.py:588} INFO - Filling up the DagBag from /opt/airflow/dags/main.py
[2026-04-30T10:08:53.444+0000] {processor.py:925} INFO - DAG(s) 'orders_kafka_to_s3' retrieved from /opt/airflow/dags/main.py
[2026-04-30T10:08:53.473+0000] {logging_mixin.py:190} INFO - [2026-04-30T10:08:53.473+0000] {dag.py:3239} INFO - Sync 1 DAGs
[2026-04-30T10:08:53.510+0000] {logging_mixin.py:190} INFO - [2026-04-30T10:08:53.509+0000] {dag.py:4180} INFO - Setting next_dagrun for orders_kafka_to_s3 to 2026-04-30 00:00:00+00:00, run_after=2026-05-01 00:00:00+00:00
[2026-04-30T10:08:53.541+0000] {processor.py:208} INFO - Processing /opt/airflow/dags/main.py took 0.724 seconds
[2026-04-30T10:09:24.098+0000] {processor.py:186} INFO - Started process (PID=1698) to work on /opt/airflow/dags/main.py
[2026-04-30T10:09:24.100+0000] {processor.py:914} INFO - Processing file /opt/airflow/dags/main.py for tasks to queue
[2026-04-30T10:09:24.105+0000] {logging_mixin.py:190} INFO - [2026-04-30T10:09:24.104+0000] {dagbag.py:588} INFO - Filling up the DagBag from /opt/airflow/dags/main.py
[2026-04-30T10:09:24.647+0000] {processor.py:925} INFO - DAG(s) 'orders_kafka_to_s3' retrieved from /opt/airflow/dags/main.py
[2026-04-30T10:09:24.673+0000] {logging_mixin.py:190} INFO - [2026-04-30T10:09:24.673+0000] {dag.py:3239} INFO - Sync 1 DAGs
[2026-04-30T10:09:24.702+0000] {logging_mixin.py:190} INFO - [2026-04-30T10:09:24.701+0000] {dag.py:4180} INFO - Setting next_dagrun for orders_kafka_to_s3 to 2026-04-30 00:00:00+00:00, run_after=2026-05-01 00:00:00+00:00
[2026-04-30T10:09:24.731+0000] {processor.py:208} INFO - Processing /opt/airflow/dags/main.py took 0.644 seconds
[2026-04-30T10:09:54.847+0000] {processor.py:186} INFO - Started process (PID=1705) to work on /opt/airflow/dags/main.py
[2026-04-30T10:09:54.849+0000] {processor.py:914} INFO - Processing file /opt/airflow/dags/main.py for tasks to queue
[2026-04-30T10:09:54.852+0000] {logging_mixin.py:190} INFO - [2026-04-30T10:09:54.851+0000] {dagbag.py:588} INFO - Filling up the DagBag from /opt/airflow/dags/main.py
[2026-04-30T10:09:55.285+0000] {processor.py:925} INFO - DAG(s) 'orders_kafka_to_s3' retrieved from /opt/airflow/dags/main.py
[2026-04-30T10:09:55.324+0000] {logging_mixin.py:190} INFO - [2026-04-30T10:09:55.323+0000] {dag.py:3239} INFO - Sync 1 DAGs
[2026-04-30T10:09:55.361+0000] {logging_mixin.py:190} INFO - [2026-04-30T10:09:55.360+0000] {dag.py:4180} INFO - Setting next_dagrun for orders_kafka_to_s3 to 2026-04-30 00:00:00+00:00, run_after=2026-05-01 00:00:00+00:00
[2026-04-30T10:09:55.391+0000] {processor.py:208} INFO - Processing /opt/airflow/dags/main.py took 0.551 seconds
[2026-04-30T10:10:26.448+0000] {processor.py:186} INFO - Started process (PID=1712) to work on /opt/airflow/dags/main.py
[2026-04-30T10:10:26.450+0000] {processor.py:914} INFO - Processing file /opt/airflow/dags/main.py for tasks to queue
[2026-04-30T10:10:26.454+0000] {logging_mixin.py:190} INFO - [2026-04-30T10:10:26.453+0000] {dagbag.py:588} INFO - Filling up the DagBag from /opt/airflow/dags/main.py
[2026-04-30T10:10:26.668+0000] {processor.py:925} INFO - DAG(s) 'orders_kafka_to_s3' retrieved from /opt/airflow/dags/main.py
[2026-04-30T10:10:26.713+0000] {logging_mixin.py:190} INFO - [2026-04-30T10:10:26.713+0000] {dag.py:3239} INFO - Sync 1 DAGs
[2026-04-30T10:10:27.140+0000] {logging_mixin.py:190} INFO - [2026-04-30T10:10:27.140+0000] {dag.py:4180} INFO - Setting next_dagrun for orders_kafka_to_s3 to 2026-04-30 00:00:00+00:00, run_after=2026-05-01 00:00:00+00:00
[2026-04-30T10:10:27.174+0000] {processor.py:208} INFO - Processing /opt/airflow/dags/main.py took 0.738 seconds
[2026-04-30T10:10:56.278+0000] {processor.py:186} INFO - Started process (PID=1719) to work on /opt/airflow/dags/main.py
[2026-04-30T10:10:56.280+0000] {processor.py:914} INFO - Processing file /opt/airflow/dags/main.py for tasks to queue
[2026-04-30T10:10:56.284+0000] {logging_mixin.py:190} INFO - [2026-04-30T10:10:56.284+0000] {dagbag.py:588} INFO - Filling up the DagBag from /opt/airflow/dags/main.py
[2026-04-30T10:10:56.422+0000] {processor.py:925} INFO - DAG(s) 'orders_kafka_to_s3' retrieved from /opt/airflow/dags/main.py
[2026-04-30T10:10:56.736+0000] {logging_mixin.py:190} INFO - [2026-04-30T10:10:56.736+0000] {dag.py:3239} INFO - Sync 1 DAGs
[2026-04-30T10:10:56.765+0000] {logging_mixin.py:190} INFO - [2026-04-30T10:10:56.765+0000] {dag.py:4180} INFO - Setting next_dagrun for orders_kafka_to_s3 to 2026-04-30 00:00:00+00:00, run_after=2026-05-01 00:00:00+00:00
[2026-04-30T10:10:56.788+0000] {processor.py:208} INFO - Processing /opt/airflow/dags/main.py took 0.518 seconds
[2026-04-30T10:11:27.200+0000] {processor.py:186} INFO - Started process (PID=1726) to work on /opt/airflow/dags/main.py
[2026-04-30T10:11:27.202+0000] {processor.py:914} INFO - Processing file /opt/airflow/dags/main.py for tasks to queue
[2026-04-30T10:11:27.205+0000] {logging_mixin.py:190} INFO - [2026-04-30T10:11:27.204+0000] {dagbag.py:588} INFO - Filling up the DagBag from /opt/airflow/dags/main.py
[2026-04-30T10:11:27.587+0000] {processor.py:925} INFO - DAG(s) 'orders_kafka_to_s3' retrieved from /opt/airflow/dags/main.py
[2026-04-30T10:11:27.623+0000] {logging_mixin.py:190} INFO - [2026-04-30T10:11:27.623+0000] {dag.py:3239} INFO - Sync 1 DAGs
[2026-04-30T10:11:27.656+0000] {logging_mixin.py:190} INFO - [2026-04-30T10:11:27.656+0000] {dag.py:4180} INFO - Setting next_dagrun for orders_kafka_to_s3 to 2026-04-30 00:00:00+00:00, run_after=2026-05-01 00:00:00+00:00
[2026-04-30T10:11:27.687+0000] {processor.py:208} INFO - Processing /opt/airflow/dags/main.py took 0.494 seconds
[2026-04-30T10:11:58.570+0000] {processor.py:186} INFO - Started process (PID=1733) to work on /opt/airflow/dags/main.py
[2026-04-30T10:11:58.572+0000] {processor.py:914} INFO - Processing file /opt/airflow/dags/main.py for tasks to queue
[2026-04-30T10:11:58.576+0000] {logging_mixin.py:190} INFO - [2026-04-30T10:11:58.575+0000] {dagbag.py:588} INFO - Filling up the DagBag from /opt/airflow/dags/main.py
[2026-04-30T10:11:58.947+0000] {processor.py:925} INFO - DAG(s) 'orders_kafka_to_s3' retrieved from /opt/airflow/dags/main.py
[2026-04-30T10:11:58.977+0000] {logging_mixin.py:190} INFO - [2026-04-30T10:11:58.977+0000] {dag.py:3239} INFO - Sync 1 DAGs
[2026-04-30T10:11:59.007+0000] {logging_mixin.py:190} INFO - [2026-04-30T10:11:59.007+0000] {dag.py:4180} INFO - Setting next_dagrun for orders_kafka_to_s3 to 2026-04-30 00:00:00+00:00, run_after=2026-05-01 00:00:00+00:00
[2026-04-30T10:11:59.035+0000] {processor.py:208} INFO - Processing /opt/airflow/dags/main.py took 0.472 seconds
[2026-04-30T10:12:29.324+0000] {processor.py:186} INFO - Started process (PID=1740) to work on /opt/airflow/dags/main.py
[2026-04-30T10:12:29.326+0000] {processor.py:914} INFO - Processing file /opt/airflow/dags/main.py for tasks to queue
[2026-04-30T10:12:29.331+0000] {logging_mixin.py:190} INFO - [2026-04-30T10:12:29.331+0000] {dagbag.py:588} INFO - Filling up the DagBag from /opt/airflow/dags/main.py
[2026-04-30T10:12:29.762+0000] {processor.py:925} INFO - DAG(s) 'orders_kafka_to_s3' retrieved from /opt/airflow/dags/main.py
[2026-04-30T10:12:29.799+0000] {logging_mixin.py:190} INFO - [2026-04-30T10:12:29.799+0000] {dag.py:3239} INFO - Sync 1 DAGs
[2026-04-30T10:12:29.835+0000] {logging_mixin.py:190} INFO - [2026-04-30T10:12:29.834+0000] {dag.py:4180} INFO - Setting next_dagrun for orders_kafka_to_s3 to 2026-04-30 00:00:00+00:00, run_after=2026-05-01 00:00:00+00:00
[2026-04-30T10:12:29.864+0000] {processor.py:208} INFO - Processing /opt/airflow/dags/main.py took 0.571 seconds
[2026-04-30T10:25:58.971+0000] {processor.py:186} INFO - Started process (PID=65) to work on /opt/airflow/dags/main.py
[2026-04-30T10:25:58.977+0000] {processor.py:914} INFO - Processing file /opt/airflow/dags/main.py for tasks to queue
[2026-04-30T10:25:58.988+0000] {logging_mixin.py:190} INFO - [2026-04-30T10:25:58.986+0000] {dagbag.py:588} INFO - Filling up the DagBag from /opt/airflow/dags/main.py
[2026-04-30T10:26:01.014+0000] {processor.py:925} INFO - DAG(s) 'orders_kafka_to_s3' retrieved from /opt/airflow/dags/main.py
[2026-04-30T10:26:01.701+0000] {logging_mixin.py:190} INFO - [2026-04-30T10:26:01.699+0000] {dag.py:3239} INFO - Sync 1 DAGs
[2026-04-30T10:26:02.091+0000] {logging_mixin.py:190} INFO - [2026-04-30T10:26:02.090+0000] {dag.py:4180} INFO - Setting next_dagrun for orders_kafka_to_s3 to 2026-04-30 00:00:00+00:00, run_after=2026-05-01 00:00:00+00:00
[2026-04-30T10:26:02.229+0000] {processor.py:208} INFO - Processing /opt/airflow/dags/main.py took 3.314 seconds
[2026-04-30T10:26:33.275+0000] {processor.py:186} INFO - Started process (PID=72) to work on /opt/airflow/dags/main.py
[2026-04-30T10:26:33.278+0000] {processor.py:914} INFO - Processing file /opt/airflow/dags/main.py for tasks to queue
[2026-04-30T10:26:33.283+0000] {logging_mixin.py:190} INFO - [2026-04-30T10:26:33.283+0000] {dagbag.py:588} INFO - Filling up the DagBag from /opt/airflow/dags/main.py
[2026-04-30T10:26:33.708+0000] {processor.py:925} INFO - DAG(s) 'orders_kafka_to_s3' retrieved from /opt/airflow/dags/main.py
[2026-04-30T10:26:33.854+0000] {logging_mixin.py:190} INFO - [2026-04-30T10:26:33.854+0000] {dag.py:3239} INFO - Sync 1 DAGs
[2026-04-30T10:26:33.976+0000] {logging_mixin.py:190} INFO - [2026-04-30T10:26:33.975+0000] {dag.py:4180} INFO - Setting next_dagrun for orders_kafka_to_s3 to 2026-04-30 00:00:00+00:00, run_after=2026-05-01 00:00:00+00:00
[2026-04-30T10:26:34.040+0000] {processor.py:208} INFO - Processing /opt/airflow/dags/main.py took 0.777 seconds
[2026-04-30T10:27:04.658+0000] {processor.py:186} INFO - Started process (PID=79) to work on /opt/airflow/dags/main.py
[2026-04-30T10:27:04.659+0000] {processor.py:914} INFO - Processing file /opt/airflow/dags/main.py for tasks to queue
[2026-04-30T10:27:04.662+0000] {logging_mixin.py:190} INFO - [2026-04-30T10:27:04.662+0000] {dagbag.py:588} INFO - Filling up the DagBag from /opt/airflow/dags/main.py
[2026-04-30T10:27:04.826+0000] {processor.py:925} INFO - DAG(s) 'orders_kafka_to_s3' retrieved from /opt/airflow/dags/main.py
[2026-04-30T10:27:04.861+0000] {logging_mixin.py:190} INFO - [2026-04-30T10:27:04.861+0000] {dag.py:3239} INFO - Sync 1 DAGs
[2026-04-30T10:27:04.898+0000] {logging_mixin.py:190} INFO - [2026-04-30T10:27:04.898+0000] {dag.py:4180} INFO - Setting next_dagrun for orders_kafka_to_s3 to 2026-04-30 00:00:00+00:00, run_after=2026-05-01 00:00:00+00:00
[2026-04-30T10:27:04.928+0000] {processor.py:208} INFO - Processing /opt/airflow/dags/main.py took 0.279 seconds
[2026-04-30T10:27:35.182+0000] {processor.py:186} INFO - Started process (PID=86) to work on /opt/airflow/dags/main.py
[2026-04-30T10:27:35.185+0000] {processor.py:914} INFO - Processing file /opt/airflow/dags/main.py for tasks to queue
[2026-04-30T10:27:35.191+0000] {logging_mixin.py:190} INFO - [2026-04-30T10:27:35.191+0000] {dagbag.py:588} INFO - Filling up the DagBag from /opt/airflow/dags/main.py
[2026-04-30T10:27:35.431+0000] {processor.py:925} INFO - DAG(s) 'orders_kafka_to_s3' retrieved from /opt/airflow/dags/main.py
[2026-04-30T10:27:35.479+0000] {logging_mixin.py:190} INFO - [2026-04-30T10:27:35.478+0000] {dag.py:3239} INFO - Sync 1 DAGs
[2026-04-30T10:27:35.528+0000] {logging_mixin.py:190} INFO - [2026-04-30T10:27:35.527+0000] {dag.py:4180} INFO - Setting next_dagrun for orders_kafka_to_s3 to 2026-04-30 00:00:00+00:00, run_after=2026-05-01 00:00:00+00:00
[2026-04-30T10:27:35.566+0000] {processor.py:208} INFO - Processing /opt/airflow/dags/main.py took 0.393 seconds
[2026-04-30T10:28:05.881+0000] {processor.py:186} INFO - Started process (PID=93) to work on /opt/airflow/dags/main.py
[2026-04-30T10:28:05.884+0000] {processor.py:914} INFO - Processing file /opt/airflow/dags/main.py for tasks to queue
[2026-04-30T10:28:05.897+0000] {logging_mixin.py:190} INFO - [2026-04-30T10:28:05.896+0000] {dagbag.py:588} INFO - Filling up the DagBag from /opt/airflow/dags/main.py
[2026-04-30T10:28:06.218+0000] {processor.py:925} INFO - DAG(s) 'orders_kafka_to_s3' retrieved from /opt/airflow/dags/main.py
[2026-04-30T10:28:06.288+0000] {logging_mixin.py:190} INFO - [2026-04-30T10:28:06.288+0000] {dag.py:3239} INFO - Sync 1 DAGs
[2026-04-30T10:28:06.367+0000] {logging_mixin.py:190} INFO - [2026-04-30T10:28:06.367+0000] {dag.py:4180} INFO - Setting next_dagrun for orders_kafka_to_s3 to 2026-04-30 00:00:00+00:00, run_after=2026-05-01 00:00:00+00:00
[2026-04-30T10:28:06.425+0000] {processor.py:208} INFO - Processing /opt/airflow/dags/main.py took 0.556 seconds
[2026-04-30T10:28:36.931+0000] {processor.py:186} INFO - Started process (PID=106) to work on /opt/airflow/dags/main.py
[2026-04-30T10:28:36.946+0000] {processor.py:914} INFO - Processing file /opt/airflow/dags/main.py for tasks to queue
[2026-04-30T10:28:36.979+0000] {logging_mixin.py:190} INFO - [2026-04-30T10:28:36.973+0000] {dagbag.py:588} INFO - Filling up the DagBag from /opt/airflow/dags/main.py
[2026-04-30T10:28:37.801+0000] {processor.py:925} INFO - DAG(s) 'orders_kafka_to_s3' retrieved from /opt/airflow/dags/main.py
[2026-04-30T10:28:37.922+0000] {logging_mixin.py:190} INFO - [2026-04-30T10:28:37.921+0000] {dag.py:3239} INFO - Sync 1 DAGs
[2026-04-30T10:28:38.056+0000] {logging_mixin.py:190} INFO - [2026-04-30T10:28:38.056+0000] {dag.py:4180} INFO - Setting next_dagrun for orders_kafka_to_s3 to 2026-04-30 00:00:00+00:00, run_after=2026-05-01 00:00:00+00:00
[2026-04-30T10:28:38.145+0000] {processor.py:208} INFO - Processing /opt/airflow/dags/main.py took 1.346 seconds
[2026-04-30T10:29:08.362+0000] {processor.py:186} INFO - Started process (PID=114) to work on /opt/airflow/dags/main.py
[2026-04-30T10:29:08.364+0000] {processor.py:914} INFO - Processing file /opt/airflow/dags/main.py for tasks to queue
[2026-04-30T10:29:08.370+0000] {logging_mixin.py:190} INFO - [2026-04-30T10:29:08.369+0000] {dagbag.py:588} INFO - Filling up the DagBag from /opt/airflow/dags/main.py
[2026-04-30T10:29:08.625+0000] {processor.py:925} INFO - DAG(s) 'orders_kafka_to_s3' retrieved from /opt/airflow/dags/main.py
[2026-04-30T10:29:08.666+0000] {logging_mixin.py:190} INFO - [2026-04-30T10:29:08.665+0000] {dag.py:3239} INFO - Sync 1 DAGs
[2026-04-30T10:29:08.707+0000] {logging_mixin.py:190} INFO - [2026-04-30T10:29:08.707+0000] {dag.py:4180} INFO - Setting next_dagrun for orders_kafka_to_s3 to 2026-04-30 00:00:00+00:00, run_after=2026-05-01 00:00:00+00:00
[2026-04-30T10:29:08.737+0000] {processor.py:208} INFO - Processing /opt/airflow/dags/main.py took 0.386 seconds
[2026-04-30T10:29:38.962+0000] {processor.py:186} INFO - Started process (PID=121) to work on /opt/airflow/dags/main.py
[2026-04-30T10:29:38.964+0000] {processor.py:914} INFO - Processing file /opt/airflow/dags/main.py for tasks to queue
[2026-04-30T10:29:38.969+0000] {logging_mixin.py:190} INFO - [2026-04-30T10:29:38.968+0000] {dagbag.py:588} INFO - Filling up the DagBag from /opt/airflow/dags/main.py
[2026-04-30T10:29:39.152+0000] {processor.py:925} INFO - DAG(s) 'orders_kafka_to_s3' retrieved from /opt/airflow/dags/main.py
[2026-04-30T10:29:39.211+0000] {logging_mixin.py:190} INFO - [2026-04-30T10:29:39.210+0000] {dag.py:3239} INFO - Sync 1 DAGs
[2026-04-30T10:29:39.325+0000] {logging_mixin.py:190} INFO - [2026-04-30T10:29:39.324+0000] {dag.py:4180} INFO - Setting next_dagrun for orders_kafka_to_s3 to 2026-04-30 00:00:00+00:00, run_after=2026-05-01 00:00:00+00:00
[2026-04-30T10:29:39.960+0000] {processor.py:208} INFO - Processing /opt/airflow/dags/main.py took 1.007 seconds
[2026-04-30T10:30:10.978+0000] {processor.py:186} INFO - Started process (PID=128) to work on /opt/airflow/dags/main.py
[2026-04-30T10:30:10.985+0000] {processor.py:914} INFO - Processing file /opt/airflow/dags/main.py for tasks to queue
[2026-04-30T10:30:11.000+0000] {logging_mixin.py:190} INFO - [2026-04-30T10:30:10.998+0000] {dagbag.py:588} INFO - Filling up the DagBag from /opt/airflow/dags/main.py
[2026-04-30T10:30:11.434+0000] {processor.py:925} INFO - DAG(s) 'orders_kafka_to_s3' retrieved from /opt/airflow/dags/main.py
[2026-04-30T10:30:11.535+0000] {logging_mixin.py:190} INFO - [2026-04-30T10:30:11.534+0000] {dag.py:3239} INFO - Sync 1 DAGs
[2026-04-30T10:30:12.127+0000] {logging_mixin.py:190} INFO - [2026-04-30T10:30:12.127+0000] {dag.py:4180} INFO - Setting next_dagrun for orders_kafka_to_s3 to 2026-04-30 00:00:00+00:00, run_after=2026-05-01 00:00:00+00:00
[2026-04-30T10:30:12.171+0000] {processor.py:208} INFO - Processing /opt/airflow/dags/main.py took 1.254 seconds
[2026-04-30T10:30:42.943+0000] {processor.py:186} INFO - Started process (PID=134) to work on /opt/airflow/dags/main.py
[2026-04-30T10:30:42.946+0000] {processor.py:914} INFO - Processing file /opt/airflow/dags/main.py for tasks to queue
[2026-04-30T10:30:42.952+0000] {logging_mixin.py:190} INFO - [2026-04-30T10:30:42.951+0000] {dagbag.py:588} INFO - Filling up the DagBag from /opt/airflow/dags/main.py
[2026-04-30T10:30:43.252+0000] {processor.py:925} INFO - DAG(s) 'orders_kafka_to_s3' retrieved from /opt/airflow/dags/main.py
[2026-04-30T10:30:43.334+0000] {logging_mixin.py:190} INFO - [2026-04-30T10:30:43.333+0000] {dag.py:3239} INFO - Sync 1 DAGs
[2026-04-30T10:30:43.793+0000] {logging_mixin.py:190} INFO - [2026-04-30T10:30:43.793+0000] {dag.py:4180} INFO - Setting next_dagrun for orders_kafka_to_s3 to 2026-04-30 00:00:00+00:00, run_after=2026-05-01 00:00:00+00:00
[2026-04-30T10:30:43.841+0000] {processor.py:208} INFO - Processing /opt/airflow/dags/main.py took 0.918 seconds
[2026-04-30T10:31:14.470+0000] {processor.py:186} INFO - Started process (PID=141) to work on /opt/airflow/dags/main.py
[2026-04-30T10:31:14.473+0000] {processor.py:914} INFO - Processing file /opt/airflow/dags/main.py for tasks to queue
[2026-04-30T10:31:14.479+0000] {logging_mixin.py:190} INFO - [2026-04-30T10:31:14.478+0000] {dagbag.py:588} INFO - Filling up the DagBag from /opt/airflow/dags/main.py
[2026-04-30T10:31:14.741+0000] {processor.py:925} INFO - DAG(s) 'orders_kafka_to_s3' retrieved from /opt/airflow/dags/main.py
[2026-04-30T10:31:15.100+0000] {logging_mixin.py:190} INFO - [2026-04-30T10:31:15.099+0000] {dag.py:3239} INFO - Sync 1 DAGs
[2026-04-30T10:31:15.152+0000] {logging_mixin.py:190} INFO - [2026-04-30T10:31:15.152+0000] {dag.py:4180} INFO - Setting next_dagrun for orders_kafka_to_s3 to 2026-04-30 00:00:00+00:00, run_after=2026-05-01 00:00:00+00:00
[2026-04-30T10:31:15.197+0000] {processor.py:208} INFO - Processing /opt/airflow/dags/main.py took 0.741 seconds
[2026-04-30T10:31:45.787+0000] {processor.py:186} INFO - Started process (PID=148) to work on /opt/airflow/dags/main.py
[2026-04-30T10:31:45.789+0000] {processor.py:914} INFO - Processing file /opt/airflow/dags/main.py for tasks to queue
[2026-04-30T10:31:45.792+0000] {logging_mixin.py:190} INFO - [2026-04-30T10:31:45.792+0000] {dagbag.py:588} INFO - Filling up the DagBag from /opt/airflow/dags/main.py
[2026-04-30T10:31:46.146+0000] {processor.py:925} INFO - DAG(s) 'orders_kafka_to_s3' retrieved from /opt/airflow/dags/main.py
[2026-04-30T10:31:46.174+0000] {logging_mixin.py:190} INFO - [2026-04-30T10:31:46.174+0000] {dag.py:3239} INFO - Sync 1 DAGs
[2026-04-30T10:31:46.207+0000] {logging_mixin.py:190} INFO - [2026-04-30T10:31:46.207+0000] {dag.py:4180} INFO - Setting next_dagrun for orders_kafka_to_s3 to 2026-04-30 00:00:00+00:00, run_after=2026-05-01 00:00:00+00:00
[2026-04-30T10:31:46.233+0000] {processor.py:208} INFO - Processing /opt/airflow/dags/main.py took 0.456 seconds
[2026-04-30T10:32:16.316+0000] {processor.py:186} INFO - Started process (PID=155) to work on /opt/airflow/dags/main.py
[2026-04-30T10:32:16.318+0000] {processor.py:914} INFO - Processing file /opt/airflow/dags/main.py for tasks to queue
[2026-04-30T10:32:16.324+0000] {logging_mixin.py:190} INFO - [2026-04-30T10:32:16.324+0000] {dagbag.py:588} INFO - Filling up the DagBag from /opt/airflow/dags/main.py
[2026-04-30T10:32:16.779+0000] {processor.py:925} INFO - DAG(s) 'orders_kafka_to_s3' retrieved from /opt/airflow/dags/main.py
[2026-04-30T10:32:16.816+0000] {logging_mixin.py:190} INFO - [2026-04-30T10:32:16.816+0000] {dag.py:3239} INFO - Sync 1 DAGs
[2026-04-30T10:32:16.853+0000] {logging_mixin.py:190} INFO - [2026-04-30T10:32:16.853+0000] {dag.py:4180} INFO - Setting next_dagrun for orders_kafka_to_s3 to 2026-04-30 00:00:00+00:00, run_after=2026-05-01 00:00:00+00:00
[2026-04-30T10:32:16.886+0000] {processor.py:208} INFO - Processing /opt/airflow/dags/main.py took 0.581 seconds
[2026-04-30T10:32:47.241+0000] {processor.py:186} INFO - Started process (PID=163) to work on /opt/airflow/dags/main.py
[2026-04-30T10:32:47.242+0000] {processor.py:914} INFO - Processing file /opt/airflow/dags/main.py for tasks to queue
[2026-04-30T10:32:47.246+0000] {logging_mixin.py:190} INFO - [2026-04-30T10:32:47.246+0000] {dagbag.py:588} INFO - Filling up the DagBag from /opt/airflow/dags/main.py
[2026-04-30T10:32:47.384+0000] {processor.py:925} INFO - DAG(s) 'orders_kafka_to_s3' retrieved from /opt/airflow/dags/main.py
[2026-04-30T10:32:47.413+0000] {logging_mixin.py:190} INFO - [2026-04-30T10:32:47.413+0000] {dag.py:3239} INFO - Sync 1 DAGs
[2026-04-30T10:32:47.608+0000] {logging_mixin.py:190} INFO - [2026-04-30T10:32:47.608+0000] {dag.py:4180} INFO - Setting next_dagrun for orders_kafka_to_s3 to 2026-04-30 00:00:00+00:00, run_after=2026-05-01 00:00:00+00:00
[2026-04-30T10:32:47.635+0000] {processor.py:208} INFO - Processing /opt/airflow/dags/main.py took 0.403 seconds
[2026-04-30T10:33:18.087+0000] {processor.py:186} INFO - Started process (PID=176) to work on /opt/airflow/dags/main.py
[2026-04-30T10:33:18.088+0000] {processor.py:914} INFO - Processing file /opt/airflow/dags/main.py for tasks to queue
[2026-04-30T10:33:18.092+0000] {logging_mixin.py:190} INFO - [2026-04-30T10:33:18.091+0000] {dagbag.py:588} INFO - Filling up the DagBag from /opt/airflow/dags/main.py
[2026-04-30T10:33:18.242+0000] {processor.py:925} INFO - DAG(s) 'orders_kafka_to_s3' retrieved from /opt/airflow/dags/main.py
[2026-04-30T10:33:18.277+0000] {logging_mixin.py:190} INFO - [2026-04-30T10:33:18.277+0000] {dag.py:3239} INFO - Sync 1 DAGs
[2026-04-30T10:33:18.527+0000] {logging_mixin.py:190} INFO - [2026-04-30T10:33:18.526+0000] {dag.py:4180} INFO - Setting next_dagrun for orders_kafka_to_s3 to 2026-04-30 00:00:00+00:00, run_after=2026-05-01 00:00:00+00:00
[2026-04-30T10:33:18.556+0000] {processor.py:208} INFO - Processing /opt/airflow/dags/main.py took 0.477 seconds
[2026-04-30T10:33:49.077+0000] {processor.py:186} INFO - Started process (PID=183) to work on /opt/airflow/dags/main.py
[2026-04-30T10:33:49.079+0000] {processor.py:914} INFO - Processing file /opt/airflow/dags/main.py for tasks to queue
[2026-04-30T10:33:49.083+0000] {logging_mixin.py:190} INFO - [2026-04-30T10:33:49.082+0000] {dagbag.py:588} INFO - Filling up the DagBag from /opt/airflow/dags/main.py
[2026-04-30T10:33:49.289+0000] {processor.py:925} INFO - DAG(s) 'orders_kafka_to_s3' retrieved from /opt/airflow/dags/main.py
[2026-04-30T10:33:49.554+0000] {logging_mixin.py:190} INFO - [2026-04-30T10:33:49.554+0000] {dag.py:3239} INFO - Sync 1 DAGs
[2026-04-30T10:33:49.581+0000] {logging_mixin.py:190} INFO - [2026-04-30T10:33:49.581+0000] {dag.py:4180} INFO - Setting next_dagrun for orders_kafka_to_s3 to 2026-04-30 00:00:00+00:00, run_after=2026-05-01 00:00:00+00:00
[2026-04-30T10:33:49.606+0000] {processor.py:208} INFO - Processing /opt/airflow/dags/main.py took 0.540 seconds
[2026-04-30T10:34:20.083+0000] {processor.py:186} INFO - Started process (PID=190) to work on /opt/airflow/dags/main.py
[2026-04-30T10:34:20.085+0000] {processor.py:914} INFO - Processing file /opt/airflow/dags/main.py for tasks to queue
[2026-04-30T10:34:20.090+0000] {logging_mixin.py:190} INFO - [2026-04-30T10:34:20.089+0000] {dagbag.py:588} INFO - Filling up the DagBag from /opt/airflow/dags/main.py
[2026-04-30T10:34:20.307+0000] {processor.py:925} INFO - DAG(s) 'orders_kafka_to_s3' retrieved from /opt/airflow/dags/main.py
[2026-04-30T10:34:20.576+0000] {logging_mixin.py:190} INFO - [2026-04-30T10:34:20.576+0000] {dag.py:3239} INFO - Sync 1 DAGs
[2026-04-30T10:34:20.610+0000] {logging_mixin.py:190} INFO - [2026-04-30T10:34:20.609+0000] {dag.py:4180} INFO - Setting next_dagrun for orders_kafka_to_s3 to 2026-04-30 00:00:00+00:00, run_after=2026-05-01 00:00:00+00:00
[2026-04-30T10:34:20.639+0000] {processor.py:208} INFO - Processing /opt/airflow/dags/main.py took 0.567 seconds
[2026-04-30T10:34:50.889+0000] {processor.py:186} INFO - Started process (PID=197) to work on /opt/airflow/dags/main.py
[2026-04-30T10:34:50.891+0000] {processor.py:914} INFO - Processing file /opt/airflow/dags/main.py for tasks to queue
[2026-04-30T10:34:50.896+0000] {logging_mixin.py:190} INFO - [2026-04-30T10:34:50.895+0000] {dagbag.py:588} INFO - Filling up the DagBag from /opt/airflow/dags/main.py
[2026-04-30T10:34:51.218+0000] {processor.py:925} INFO - DAG(s) 'orders_kafka_to_s3' retrieved from /opt/airflow/dags/main.py
[2026-04-30T10:34:51.253+0000] {logging_mixin.py:190} INFO - [2026-04-30T10:34:51.253+0000] {dag.py:3239} INFO - Sync 1 DAGs
[2026-04-30T10:34:51.299+0000] {logging_mixin.py:190} INFO - [2026-04-30T10:34:51.298+0000] {dag.py:4180} INFO - Setting next_dagrun for orders_kafka_to_s3 to 2026-04-30 00:00:00+00:00, run_after=2026-05-01 00:00:00+00:00
[2026-04-30T10:34:51.657+0000] {processor.py:208} INFO - Processing /opt/airflow/dags/main.py took 0.776 seconds
[2026-04-30T10:35:22.223+0000] {processor.py:186} INFO - Started process (PID=204) to work on /opt/airflow/dags/main.py
[2026-04-30T10:35:22.226+0000] {processor.py:914} INFO - Processing file /opt/airflow/dags/main.py for tasks to queue
[2026-04-30T10:35:22.236+0000] {logging_mixin.py:190} INFO - [2026-04-30T10:35:22.235+0000] {dagbag.py:588} INFO - Filling up the DagBag from /opt/airflow/dags/main.py
[2026-04-30T10:35:22.629+0000] {processor.py:925} INFO - DAG(s) 'orders_kafka_to_s3' retrieved from /opt/airflow/dags/main.py
[2026-04-30T10:35:22.653+0000] {logging_mixin.py:190} INFO - [2026-04-30T10:35:22.653+0000] {dag.py:3239} INFO - Sync 1 DAGs
[2026-04-30T10:35:22.681+0000] {logging_mixin.py:190} INFO - [2026-04-30T10:35:22.681+0000] {dag.py:4180} INFO - Setting next_dagrun for orders_kafka_to_s3 to 2026-04-30 00:00:00+00:00, run_after=2026-05-01 00:00:00+00:00
[2026-04-30T10:35:22.710+0000] {processor.py:208} INFO - Processing /opt/airflow/dags/main.py took 0.505 seconds
[2026-04-30T10:35:53.044+0000] {processor.py:186} INFO - Started process (PID=211) to work on /opt/airflow/dags/main.py
[2026-04-30T10:35:53.046+0000] {processor.py:914} INFO - Processing file /opt/airflow/dags/main.py for tasks to queue
[2026-04-30T10:35:53.050+0000] {logging_mixin.py:190} INFO - [2026-04-30T10:35:53.049+0000] {dagbag.py:588} INFO - Filling up the DagBag from /opt/airflow/dags/main.py
[2026-04-30T10:35:53.270+0000] {processor.py:925} INFO - DAG(s) 'orders_kafka_to_s3' retrieved from /opt/airflow/dags/main.py
[2026-04-30T10:35:53.312+0000] {logging_mixin.py:190} INFO - [2026-04-30T10:35:53.312+0000] {dag.py:3239} INFO - Sync 1 DAGs
[2026-04-30T10:35:54.659+0000] {logging_mixin.py:190} INFO - [2026-04-30T10:35:54.659+0000] {dag.py:4180} INFO - Setting next_dagrun for orders_kafka_to_s3 to 2026-04-30 00:00:00+00:00, run_after=2026-05-01 00:00:00+00:00
[2026-04-30T10:35:54.702+0000] {processor.py:208} INFO - Processing /opt/airflow/dags/main.py took 1.667 seconds
[2026-04-30T10:36:25.215+0000] {processor.py:186} INFO - Started process (PID=218) to work on /opt/airflow/dags/main.py
[2026-04-30T10:36:25.217+0000] {processor.py:914} INFO - Processing file /opt/airflow/dags/main.py for tasks to queue
[2026-04-30T10:36:25.226+0000] {logging_mixin.py:190} INFO - [2026-04-30T10:36:25.226+0000] {dagbag.py:588} INFO - Filling up the DagBag from /opt/airflow/dags/main.py
[2026-04-30T10:36:25.445+0000] {processor.py:925} INFO - DAG(s) 'orders_kafka_to_s3' retrieved from /opt/airflow/dags/main.py
[2026-04-30T10:36:25.495+0000] {logging_mixin.py:190} INFO - [2026-04-30T10:36:25.495+0000] {dag.py:3239} INFO - Sync 1 DAGs
[2026-04-30T10:36:25.883+0000] {logging_mixin.py:190} INFO - [2026-04-30T10:36:25.882+0000] {dag.py:4180} INFO - Setting next_dagrun for orders_kafka_to_s3 to 2026-04-30 00:00:00+00:00, run_after=2026-05-01 00:00:00+00:00
[2026-04-30T10:36:25.914+0000] {processor.py:208} INFO - Processing /opt/airflow/dags/main.py took 0.723 seconds
[2026-04-30T10:36:56.324+0000] {processor.py:186} INFO - Started process (PID=224) to work on /opt/airflow/dags/main.py
[2026-04-30T10:36:56.326+0000] {processor.py:914} INFO - Processing file /opt/airflow/dags/main.py for tasks to queue
[2026-04-30T10:36:56.328+0000] {logging_mixin.py:190} INFO - [2026-04-30T10:36:56.328+0000] {dagbag.py:588} INFO - Filling up the DagBag from /opt/airflow/dags/main.py
[2026-04-30T10:36:56.476+0000] {processor.py:925} INFO - DAG(s) 'orders_kafka_to_s3' retrieved from /opt/airflow/dags/main.py
[2026-04-30T10:36:56.684+0000] {logging_mixin.py:190} INFO - [2026-04-30T10:36:56.684+0000] {dag.py:3239} INFO - Sync 1 DAGs
[2026-04-30T10:36:56.709+0000] {logging_mixin.py:190} INFO - [2026-04-30T10:36:56.709+0000] {dag.py:4180} INFO - Setting next_dagrun for orders_kafka_to_s3 to 2026-04-30 00:00:00+00:00, run_after=2026-05-01 00:00:00+00:00
[2026-04-30T10:36:56.731+0000] {processor.py:208} INFO - Processing /opt/airflow/dags/main.py took 0.415 seconds
[2026-04-30T10:37:27.103+0000] {processor.py:186} INFO - Started process (PID=231) to work on /opt/airflow/dags/main.py
[2026-04-30T10:37:27.105+0000] {processor.py:914} INFO - Processing file /opt/airflow/dags/main.py for tasks to queue
[2026-04-30T10:37:27.109+0000] {logging_mixin.py:190} INFO - [2026-04-30T10:37:27.109+0000] {dagbag.py:588} INFO - Filling up the DagBag from /opt/airflow/dags/main.py
[2026-04-30T10:37:27.490+0000] {processor.py:925} INFO - DAG(s) 'orders_kafka_to_s3' retrieved from /opt/airflow/dags/main.py
[2026-04-30T10:37:27.517+0000] {logging_mixin.py:190} INFO - [2026-04-30T10:37:27.516+0000] {dag.py:3239} INFO - Sync 1 DAGs
[2026-04-30T10:37:27.544+0000] {logging_mixin.py:190} INFO - [2026-04-30T10:37:27.543+0000] {dag.py:4180} INFO - Setting next_dagrun for orders_kafka_to_s3 to 2026-04-30 00:00:00+00:00, run_after=2026-05-01 00:00:00+00:00
[2026-04-30T10:37:27.567+0000] {processor.py:208} INFO - Processing /opt/airflow/dags/main.py took 0.474 seconds
[2026-04-30T10:37:58.195+0000] {processor.py:186} INFO - Started process (PID=238) to work on /opt/airflow/dags/main.py
[2026-04-30T10:37:58.197+0000] {processor.py:914} INFO - Processing file /opt/airflow/dags/main.py for tasks to queue
[2026-04-30T10:37:58.200+0000] {logging_mixin.py:190} INFO - [2026-04-30T10:37:58.200+0000] {dagbag.py:588} INFO - Filling up the DagBag from /opt/airflow/dags/main.py
[2026-04-30T10:37:58.546+0000] {processor.py:925} INFO - DAG(s) 'orders_kafka_to_s3' retrieved from /opt/airflow/dags/main.py
[2026-04-30T10:37:58.577+0000] {logging_mixin.py:190} INFO - [2026-04-30T10:37:58.577+0000] {dag.py:3239} INFO - Sync 1 DAGs
[2026-04-30T10:37:58.608+0000] {logging_mixin.py:190} INFO - [2026-04-30T10:37:58.607+0000] {dag.py:4180} INFO - Setting next_dagrun for orders_kafka_to_s3 to 2026-04-30 00:00:00+00:00, run_after=2026-05-01 00:00:00+00:00
[2026-04-30T10:37:58.635+0000] {processor.py:208} INFO - Processing /opt/airflow/dags/main.py took 0.447 seconds
[2026-04-30T10:38:28.766+0000] {processor.py:186} INFO - Started process (PID=251) to work on /opt/airflow/dags/main.py
[2026-04-30T10:38:28.771+0000] {processor.py:914} INFO - Processing file /opt/airflow/dags/main.py for tasks to queue
[2026-04-30T10:38:28.777+0000] {logging_mixin.py:190} INFO - [2026-04-30T10:38:28.777+0000] {dagbag.py:588} INFO - Filling up the DagBag from /opt/airflow/dags/main.py
[2026-04-30T10:38:29.027+0000] {processor.py:925} INFO - DAG(s) 'orders_kafka_to_s3' retrieved from /opt/airflow/dags/main.py
[2026-04-30T10:38:29.075+0000] {logging_mixin.py:190} INFO - [2026-04-30T10:38:29.074+0000] {dag.py:3239} INFO - Sync 1 DAGs
[2026-04-30T10:38:29.702+0000] {logging_mixin.py:190} INFO - [2026-04-30T10:38:29.702+0000] {dag.py:4180} INFO - Setting next_dagrun for orders_kafka_to_s3 to 2026-04-30 00:00:00+00:00, run_after=2026-05-01 00:00:00+00:00
[2026-04-30T10:38:29.733+0000] {processor.py:208} INFO - Processing /opt/airflow/dags/main.py took 0.981 seconds
[2026-04-30T10:38:59.829+0000] {processor.py:186} INFO - Started process (PID=258) to work on /opt/airflow/dags/main.py
[2026-04-30T10:38:59.831+0000] {processor.py:914} INFO - Processing file /opt/airflow/dags/main.py for tasks to queue
[2026-04-30T10:38:59.835+0000] {logging_mixin.py:190} INFO - [2026-04-30T10:38:59.834+0000] {dagbag.py:588} INFO - Filling up the DagBag from /opt/airflow/dags/main.py
[2026-04-30T10:38:59.975+0000] {processor.py:925} INFO - DAG(s) 'orders_kafka_to_s3' retrieved from /opt/airflow/dags/main.py
[2026-04-30T10:39:00.005+0000] {logging_mixin.py:190} INFO - [2026-04-30T10:39:00.004+0000] {dag.py:3239} INFO - Sync 1 DAGs
[2026-04-30T10:39:00.244+0000] {logging_mixin.py:190} INFO - [2026-04-30T10:39:00.244+0000] {dag.py:4180} INFO - Setting next_dagrun for orders_kafka_to_s3 to 2026-04-30 00:00:00+00:00, run_after=2026-05-01 00:00:00+00:00
[2026-04-30T10:39:00.266+0000] {processor.py:208} INFO - Processing /opt/airflow/dags/main.py took 0.443 seconds
[2026-04-30T10:39:30.484+0000] {processor.py:186} INFO - Started process (PID=265) to work on /opt/airflow/dags/main.py
[2026-04-30T10:39:30.486+0000] {processor.py:914} INFO - Processing file /opt/airflow/dags/main.py for tasks to queue
[2026-04-30T10:39:30.489+0000] {logging_mixin.py:190} INFO - [2026-04-30T10:39:30.489+0000] {dagbag.py:588} INFO - Filling up the DagBag from /opt/airflow/dags/main.py
[2026-04-30T10:39:30.639+0000] {processor.py:925} INFO - DAG(s) 'orders_kafka_to_s3' retrieved from /opt/airflow/dags/main.py
[2026-04-30T10:39:30.905+0000] {logging_mixin.py:190} INFO - [2026-04-30T10:39:30.905+0000] {dag.py:3239} INFO - Sync 1 DAGs
[2026-04-30T10:39:30.933+0000] {logging_mixin.py:190} INFO - [2026-04-30T10:39:30.933+0000] {dag.py:4180} INFO - Setting next_dagrun for orders_kafka_to_s3 to 2026-04-30 00:00:00+00:00, run_after=2026-05-01 00:00:00+00:00
[2026-04-30T10:39:30.955+0000] {processor.py:208} INFO - Processing /opt/airflow/dags/main.py took 0.481 seconds
[2026-04-30T10:40:01.706+0000] {processor.py:186} INFO - Started process (PID=272) to work on /opt/airflow/dags/main.py
[2026-04-30T10:40:01.708+0000] {processor.py:914} INFO - Processing file /opt/airflow/dags/main.py for tasks to queue
[2026-04-30T10:40:01.714+0000] {logging_mixin.py:190} INFO - [2026-04-30T10:40:01.714+0000] {dagbag.py:588} INFO - Filling up the DagBag from /opt/airflow/dags/main.py
[2026-04-30T10:40:01.871+0000] {processor.py:925} INFO - DAG(s) 'orders_kafka_to_s3' retrieved from /opt/airflow/dags/main.py
[2026-04-30T10:40:02.150+0000] {logging_mixin.py:190} INFO - [2026-04-30T10:40:02.149+0000] {dag.py:3239} INFO - Sync 1 DAGs
[2026-04-30T10:40:02.184+0000] {logging_mixin.py:190} INFO - [2026-04-30T10:40:02.183+0000] {dag.py:4180} INFO - Setting next_dagrun for orders_kafka_to_s3 to 2026-04-30 00:00:00+00:00, run_after=2026-05-01 00:00:00+00:00
[2026-04-30T10:40:02.209+0000] {processor.py:208} INFO - Processing /opt/airflow/dags/main.py took 0.512 seconds
[2026-04-30T10:40:32.361+0000] {processor.py:186} INFO - Started process (PID=279) to work on /opt/airflow/dags/main.py
[2026-04-30T10:40:32.363+0000] {processor.py:914} INFO - Processing file /opt/airflow/dags/main.py for tasks to queue
[2026-04-30T10:40:32.370+0000] {logging_mixin.py:190} INFO - [2026-04-30T10:40:32.369+0000] {dagbag.py:588} INFO - Filling up the DagBag from /opt/airflow/dags/main.py
[2026-04-30T10:40:32.887+0000] {processor.py:925} INFO - DAG(s) 'orders_kafka_to_s3' retrieved from /opt/airflow/dags/main.py
[2026-04-30T10:40:32.912+0000] {logging_mixin.py:190} INFO - [2026-04-30T10:40:32.912+0000] {dag.py:3239} INFO - Sync 1 DAGs
[2026-04-30T10:40:32.940+0000] {logging_mixin.py:190} INFO - [2026-04-30T10:40:32.939+0000] {dag.py:4180} INFO - Setting next_dagrun for orders_kafka_to_s3 to 2026-04-30 00:00:00+00:00, run_after=2026-05-01 00:00:00+00:00
[2026-04-30T10:40:32.965+0000] {processor.py:208} INFO - Processing /opt/airflow/dags/main.py took 0.626 seconds
[2026-04-30T10:41:03.181+0000] {processor.py:186} INFO - Started process (PID=286) to work on /opt/airflow/dags/main.py
[2026-04-30T10:41:03.183+0000] {processor.py:914} INFO - Processing file /opt/airflow/dags/main.py for tasks to queue
[2026-04-30T10:41:03.187+0000] {logging_mixin.py:190} INFO - [2026-04-30T10:41:03.187+0000] {dagbag.py:588} INFO - Filling up the DagBag from /opt/airflow/dags/main.py
[2026-04-30T10:41:03.352+0000] {processor.py:925} INFO - DAG(s) 'orders_kafka_to_s3' retrieved from /opt/airflow/dags/main.py
[2026-04-30T10:41:03.391+0000] {logging_mixin.py:190} INFO - [2026-04-30T10:41:03.391+0000] {dag.py:3239} INFO - Sync 1 DAGs
[2026-04-30T10:41:03.425+0000] {logging_mixin.py:190} INFO - [2026-04-30T10:41:03.425+0000] {dag.py:4180} INFO - Setting next_dagrun for orders_kafka_to_s3 to 2026-04-30 00:00:00+00:00, run_after=2026-05-01 00:00:00+00:00
[2026-04-30T10:41:03.669+0000] {processor.py:208} INFO - Processing /opt/airflow/dags/main.py took 0.498 seconds
[2026-04-30T10:41:33.883+0000] {processor.py:186} INFO - Started process (PID=293) to work on /opt/airflow/dags/main.py
[2026-04-30T10:41:33.884+0000] {processor.py:914} INFO - Processing file /opt/airflow/dags/main.py for tasks to queue
[2026-04-30T10:41:33.888+0000] {logging_mixin.py:190} INFO - [2026-04-30T10:41:33.887+0000] {dagbag.py:588} INFO - Filling up the DagBag from /opt/airflow/dags/main.py
[2026-04-30T10:41:34.018+0000] {processor.py:925} INFO - DAG(s) 'orders_kafka_to_s3' retrieved from /opt/airflow/dags/main.py
[2026-04-30T10:41:34.052+0000] {logging_mixin.py:190} INFO - [2026-04-30T10:41:34.051+0000] {dag.py:3239} INFO - Sync 1 DAGs
[2026-04-30T10:41:34.297+0000] {logging_mixin.py:190} INFO - [2026-04-30T10:41:34.297+0000] {dag.py:4180} INFO - Setting next_dagrun for orders_kafka_to_s3 to 2026-04-30 00:00:00+00:00, run_after=2026-05-01 00:00:00+00:00
[2026-04-30T10:41:34.321+0000] {processor.py:208} INFO - Processing /opt/airflow/dags/main.py took 0.447 seconds
[2026-04-30T10:42:04.551+0000] {processor.py:186} INFO - Started process (PID=300) to work on /opt/airflow/dags/main.py
[2026-04-30T10:42:04.552+0000] {processor.py:914} INFO - Processing file /opt/airflow/dags/main.py for tasks to queue
[2026-04-30T10:42:04.556+0000] {logging_mixin.py:190} INFO - [2026-04-30T10:42:04.556+0000] {dagbag.py:588} INFO - Filling up the DagBag from /opt/airflow/dags/main.py
[2026-04-30T10:42:04.725+0000] {processor.py:925} INFO - DAG(s) 'orders_kafka_to_s3' retrieved from /opt/airflow/dags/main.py
[2026-04-30T10:42:04.769+0000] {logging_mixin.py:190} INFO - [2026-04-30T10:42:04.768+0000] {dag.py:3239} INFO - Sync 1 DAGs
[2026-04-30T10:42:05.075+0000] {logging_mixin.py:190} INFO - [2026-04-30T10:42:05.075+0000] {dag.py:4180} INFO - Setting next_dagrun for orders_kafka_to_s3 to 2026-04-30 00:00:00+00:00, run_after=2026-05-01 00:00:00+00:00
[2026-04-30T10:42:05.106+0000] {processor.py:208} INFO - Processing /opt/airflow/dags/main.py took 0.563 seconds
[2026-04-30T10:42:35.459+0000] {processor.py:186} INFO - Started process (PID=307) to work on /opt/airflow/dags/main.py
[2026-04-30T10:42:35.461+0000] {processor.py:914} INFO - Processing file /opt/airflow/dags/main.py for tasks to queue
[2026-04-30T10:42:35.466+0000] {logging_mixin.py:190} INFO - [2026-04-30T10:42:35.465+0000] {dagbag.py:588} INFO - Filling up the DagBag from /opt/airflow/dags/main.py
[2026-04-30T10:42:35.653+0000] {processor.py:925} INFO - DAG(s) 'orders_kafka_to_s3' retrieved from /opt/airflow/dags/main.py
[2026-04-30T10:42:35.942+0000] {logging_mixin.py:190} INFO - [2026-04-30T10:42:35.942+0000] {dag.py:3239} INFO - Sync 1 DAGs
[2026-04-30T10:42:35.986+0000] {logging_mixin.py:190} INFO - [2026-04-30T10:42:35.986+0000] {dag.py:4180} INFO - Setting next_dagrun for orders_kafka_to_s3 to 2026-04-30 00:00:00+00:00, run_after=2026-05-01 00:00:00+00:00
[2026-04-30T10:42:36.024+0000] {processor.py:208} INFO - Processing /opt/airflow/dags/main.py took 0.576 seconds
[2026-04-30T10:43:06.317+0000] {processor.py:186} INFO - Started process (PID=314) to work on /opt/airflow/dags/main.py
[2026-04-30T10:43:06.319+0000] {processor.py:914} INFO - Processing file /opt/airflow/dags/main.py for tasks to queue
[2026-04-30T10:43:06.323+0000] {logging_mixin.py:190} INFO - [2026-04-30T10:43:06.322+0000] {dagbag.py:588} INFO - Filling up the DagBag from /opt/airflow/dags/main.py
[2026-04-30T10:43:06.694+0000] {processor.py:925} INFO - DAG(s) 'orders_kafka_to_s3' retrieved from /opt/airflow/dags/main.py
[2026-04-30T10:43:06.720+0000] {logging_mixin.py:190} INFO - [2026-04-30T10:43:06.720+0000] {dag.py:3239} INFO - Sync 1 DAGs
[2026-04-30T10:43:06.744+0000] {logging_mixin.py:190} INFO - [2026-04-30T10:43:06.744+0000] {dag.py:4180} INFO - Setting next_dagrun for orders_kafka_to_s3 to 2026-04-30 00:00:00+00:00, run_after=2026-05-01 00:00:00+00:00
[2026-04-30T10:43:06.767+0000] {processor.py:208} INFO - Processing /opt/airflow/dags/main.py took 0.457 seconds
[2026-04-30T10:43:37.203+0000] {processor.py:186} INFO - Started process (PID=327) to work on /opt/airflow/dags/main.py
[2026-04-30T10:43:37.205+0000] {processor.py:914} INFO - Processing file /opt/airflow/dags/main.py for tasks to queue
[2026-04-30T10:43:37.209+0000] {logging_mixin.py:190} INFO - [2026-04-30T10:43:37.208+0000] {dagbag.py:588} INFO - Filling up the DagBag from /opt/airflow/dags/main.py
[2026-04-30T10:43:37.643+0000] {processor.py:925} INFO - DAG(s) 'orders_kafka_to_s3' retrieved from /opt/airflow/dags/main.py
[2026-04-30T10:43:37.671+0000] {logging_mixin.py:190} INFO - [2026-04-30T10:43:37.671+0000] {dag.py:3239} INFO - Sync 1 DAGs
[2026-04-30T10:43:37.699+0000] {logging_mixin.py:190} INFO - [2026-04-30T10:43:37.699+0000] {dag.py:4180} INFO - Setting next_dagrun for orders_kafka_to_s3 to 2026-04-30 00:00:00+00:00, run_after=2026-05-01 00:00:00+00:00
[2026-04-30T10:43:37.728+0000] {processor.py:208} INFO - Processing /opt/airflow/dags/main.py took 0.535 seconds
[2026-04-30T10:44:08.073+0000] {processor.py:186} INFO - Started process (PID=334) to work on /opt/airflow/dags/main.py
[2026-04-30T10:44:08.076+0000] {processor.py:914} INFO - Processing file /opt/airflow/dags/main.py for tasks to queue
[2026-04-30T10:44:08.082+0000] {logging_mixin.py:190} INFO - [2026-04-30T10:44:08.081+0000] {dagbag.py:588} INFO - Filling up the DagBag from /opt/airflow/dags/main.py
[2026-04-30T10:44:08.277+0000] {processor.py:925} INFO - DAG(s) 'orders_kafka_to_s3' retrieved from /opt/airflow/dags/main.py
[2026-04-30T10:44:08.322+0000] {logging_mixin.py:190} INFO - [2026-04-30T10:44:08.322+0000] {dag.py:3239} INFO - Sync 1 DAGs
[2026-04-30T10:44:08.714+0000] {logging_mixin.py:190} INFO - [2026-04-30T10:44:08.714+0000] {dag.py:4180} INFO - Setting next_dagrun for orders_kafka_to_s3 to 2026-04-30 00:00:00+00:00, run_after=2026-05-01 00:00:00+00:00
[2026-04-30T10:44:08.745+0000] {processor.py:208} INFO - Processing /opt/airflow/dags/main.py took 0.685 seconds
[2026-04-30T10:44:39.498+0000] {processor.py:186} INFO - Started process (PID=341) to work on /opt/airflow/dags/main.py
[2026-04-30T10:44:39.499+0000] {processor.py:914} INFO - Processing file /opt/airflow/dags/main.py for tasks to queue
[2026-04-30T10:44:39.502+0000] {logging_mixin.py:190} INFO - [2026-04-30T10:44:39.502+0000] {dagbag.py:588} INFO - Filling up the DagBag from /opt/airflow/dags/main.py
[2026-04-30T10:44:39.641+0000] {processor.py:925} INFO - DAG(s) 'orders_kafka_to_s3' retrieved from /opt/airflow/dags/main.py
[2026-04-30T10:44:39.677+0000] {logging_mixin.py:190} INFO - [2026-04-30T10:44:39.677+0000] {dag.py:3239} INFO - Sync 1 DAGs
[2026-04-30T10:44:39.922+0000] {logging_mixin.py:190} INFO - [2026-04-30T10:44:39.921+0000] {dag.py:4180} INFO - Setting next_dagrun for orders_kafka_to_s3 to 2026-04-30 00:00:00+00:00, run_after=2026-05-01 00:00:00+00:00
[2026-04-30T10:44:39.945+0000] {processor.py:208} INFO - Processing /opt/airflow/dags/main.py took 0.455 seconds
[2026-04-30T10:45:10.459+0000] {processor.py:186} INFO - Started process (PID=348) to work on /opt/airflow/dags/main.py
[2026-04-30T10:45:10.461+0000] {processor.py:914} INFO - Processing file /opt/airflow/dags/main.py for tasks to queue
[2026-04-30T10:45:10.465+0000] {logging_mixin.py:190} INFO - [2026-04-30T10:45:10.465+0000] {dagbag.py:588} INFO - Filling up the DagBag from /opt/airflow/dags/main.py
[2026-04-30T10:45:10.631+0000] {processor.py:925} INFO - DAG(s) 'orders_kafka_to_s3' retrieved from /opt/airflow/dags/main.py
[2026-04-30T10:45:10.994+0000] {logging_mixin.py:190} INFO - [2026-04-30T10:45:10.993+0000] {dag.py:3239} INFO - Sync 1 DAGs
[2026-04-30T10:45:11.060+0000] {logging_mixin.py:190} INFO - [2026-04-30T10:45:11.060+0000] {dag.py:4180} INFO - Setting next_dagrun for orders_kafka_to_s3 to 2026-04-30 00:00:00+00:00, run_after=2026-05-01 00:00:00+00:00
[2026-04-30T10:45:11.113+0000] {processor.py:208} INFO - Processing /opt/airflow/dags/main.py took 0.661 seconds
[2026-04-30T10:45:41.221+0000] {processor.py:186} INFO - Started process (PID=355) to work on /opt/airflow/dags/main.py
[2026-04-30T10:45:41.223+0000] {processor.py:914} INFO - Processing file /opt/airflow/dags/main.py for tasks to queue
[2026-04-30T10:45:41.227+0000] {logging_mixin.py:190} INFO - [2026-04-30T10:45:41.226+0000] {dagbag.py:588} INFO - Filling up the DagBag from /opt/airflow/dags/main.py
[2026-04-30T10:45:41.767+0000] {processor.py:925} INFO - DAG(s) 'orders_kafka_to_s3' retrieved from /opt/airflow/dags/main.py
[2026-04-30T10:45:41.794+0000] {logging_mixin.py:190} INFO - [2026-04-30T10:45:41.793+0000] {dag.py:3239} INFO - Sync 1 DAGs
[2026-04-30T10:45:41.818+0000] {logging_mixin.py:190} INFO - [2026-04-30T10:45:41.817+0000] {dag.py:4180} INFO - Setting next_dagrun for orders_kafka_to_s3 to 2026-04-30 00:00:00+00:00, run_after=2026-05-01 00:00:00+00:00
[2026-04-30T10:45:41.843+0000] {processor.py:208} INFO - Processing /opt/airflow/dags/main.py took 0.649 seconds
[2026-04-30T10:46:12.510+0000] {processor.py:186} INFO - Started process (PID=362) to work on /opt/airflow/dags/main.py
[2026-04-30T10:46:12.512+0000] {processor.py:914} INFO - Processing file /opt/airflow/dags/main.py for tasks to queue
[2026-04-30T10:46:12.516+0000] {logging_mixin.py:190} INFO - [2026-04-30T10:46:12.515+0000] {dagbag.py:588} INFO - Filling up the DagBag from /opt/airflow/dags/main.py
[2026-04-30T10:46:12.936+0000] {processor.py:925} INFO - DAG(s) 'orders_kafka_to_s3' retrieved from /opt/airflow/dags/main.py
[2026-04-30T10:46:12.976+0000] {logging_mixin.py:190} INFO - [2026-04-30T10:46:12.976+0000] {dag.py:3239} INFO - Sync 1 DAGs
[2026-04-30T10:46:13.012+0000] {logging_mixin.py:190} INFO - [2026-04-30T10:46:13.012+0000] {dag.py:4180} INFO - Setting next_dagrun for orders_kafka_to_s3 to 2026-04-30 00:00:00+00:00, run_after=2026-05-01 00:00:00+00:00
[2026-04-30T10:46:13.042+0000] {processor.py:208} INFO - Processing /opt/airflow/dags/main.py took 0.541 seconds
[2026-04-30T10:46:43.293+0000] {processor.py:186} INFO - Started process (PID=368) to work on /opt/airflow/dags/main.py
[2026-04-30T10:46:43.294+0000] {processor.py:914} INFO - Processing file /opt/airflow/dags/main.py for tasks to queue
[2026-04-30T10:46:43.298+0000] {logging_mixin.py:190} INFO - [2026-04-30T10:46:43.298+0000] {dagbag.py:588} INFO - Filling up the DagBag from /opt/airflow/dags/main.py
[2026-04-30T10:46:43.532+0000] {processor.py:925} INFO - DAG(s) 'orders_kafka_to_s3' retrieved from /opt/airflow/dags/main.py
[2026-04-30T10:46:43.605+0000] {logging_mixin.py:190} INFO - [2026-04-30T10:46:43.604+0000] {dag.py:3239} INFO - Sync 1 DAGs
[2026-04-30T10:46:43.914+0000] {logging_mixin.py:190} INFO - [2026-04-30T10:46:43.914+0000] {dag.py:4180} INFO - Setting next_dagrun for orders_kafka_to_s3 to 2026-04-30 00:00:00+00:00, run_after=2026-05-01 00:00:00+00:00
[2026-04-30T10:46:43.949+0000] {processor.py:208} INFO - Processing /opt/airflow/dags/main.py took 0.666 seconds
[2026-04-30T10:47:14.695+0000] {processor.py:186} INFO - Started process (PID=375) to work on /opt/airflow/dags/main.py
[2026-04-30T10:47:14.697+0000] {processor.py:914} INFO - Processing file /opt/airflow/dags/main.py for tasks to queue
[2026-04-30T10:47:14.700+0000] {logging_mixin.py:190} INFO - [2026-04-30T10:47:14.699+0000] {dagbag.py:588} INFO - Filling up the DagBag from /opt/airflow/dags/main.py
[2026-04-30T10:47:14.835+0000] {processor.py:925} INFO - DAG(s) 'orders_kafka_to_s3' retrieved from /opt/airflow/dags/main.py
[2026-04-30T10:47:14.862+0000] {logging_mixin.py:190} INFO - [2026-04-30T10:47:14.862+0000] {dag.py:3239} INFO - Sync 1 DAGs
[2026-04-30T10:47:15.088+0000] {logging_mixin.py:190} INFO - [2026-04-30T10:47:15.088+0000] {dag.py:4180} INFO - Setting next_dagrun for orders_kafka_to_s3 to 2026-04-30 00:00:00+00:00, run_after=2026-05-01 00:00:00+00:00
[2026-04-30T10:47:15.116+0000] {processor.py:208} INFO - Processing /opt/airflow/dags/main.py took 0.429 seconds
[2026-04-30T10:47:45.768+0000] {processor.py:186} INFO - Started process (PID=382) to work on /opt/airflow/dags/main.py
[2026-04-30T10:47:45.770+0000] {processor.py:914} INFO - Processing file /opt/airflow/dags/main.py for tasks to queue
[2026-04-30T10:47:45.775+0000] {logging_mixin.py:190} INFO - [2026-04-30T10:47:45.774+0000] {dagbag.py:588} INFO - Filling up the DagBag from /opt/airflow/dags/main.py
[2026-04-30T10:47:45.908+0000] {processor.py:925} INFO - DAG(s) 'orders_kafka_to_s3' retrieved from /opt/airflow/dags/main.py
[2026-04-30T10:47:46.139+0000] {logging_mixin.py:190} INFO - [2026-04-30T10:47:46.138+0000] {dag.py:3239} INFO - Sync 1 DAGs
[2026-04-30T10:47:46.165+0000] {logging_mixin.py:190} INFO - [2026-04-30T10:47:46.165+0000] {dag.py:4180} INFO - Setting next_dagrun for orders_kafka_to_s3 to 2026-04-30 00:00:00+00:00, run_after=2026-05-01 00:00:00+00:00
[2026-04-30T10:47:46.187+0000] {processor.py:208} INFO - Processing /opt/airflow/dags/main.py took 0.427 seconds
[2026-04-30T10:48:16.556+0000] {processor.py:186} INFO - Started process (PID=389) to work on /opt/airflow/dags/main.py
[2026-04-30T10:48:16.558+0000] {processor.py:914} INFO - Processing file /opt/airflow/dags/main.py for tasks to queue
[2026-04-30T10:48:16.565+0000] {logging_mixin.py:190} INFO - [2026-04-30T10:48:16.564+0000] {dagbag.py:588} INFO - Filling up the DagBag from /opt/airflow/dags/main.py
[2026-04-30T10:48:16.977+0000] {processor.py:925} INFO - DAG(s) 'orders_kafka_to_s3' retrieved from /opt/airflow/dags/main.py
[2026-04-30T10:48:17.008+0000] {logging_mixin.py:190} INFO - [2026-04-30T10:48:17.007+0000] {dag.py:3239} INFO - Sync 1 DAGs
[2026-04-30T10:48:17.041+0000] {logging_mixin.py:190} INFO - [2026-04-30T10:48:17.040+0000] {dag.py:4180} INFO - Setting next_dagrun for orders_kafka_to_s3 to 2026-04-30 00:00:00+00:00, run_after=2026-05-01 00:00:00+00:00
[2026-04-30T10:48:17.069+0000] {processor.py:208} INFO - Processing /opt/airflow/dags/main.py took 0.523 seconds
[2026-04-30T10:48:47.439+0000] {processor.py:186} INFO - Started process (PID=395) to work on /opt/airflow/dags/main.py
[2026-04-30T10:48:47.440+0000] {processor.py:914} INFO - Processing file /opt/airflow/dags/main.py for tasks to queue
[2026-04-30T10:48:47.445+0000] {logging_mixin.py:190} INFO - [2026-04-30T10:48:47.444+0000] {dagbag.py:588} INFO - Filling up the DagBag from /opt/airflow/dags/main.py
[2026-04-30T10:48:48.023+0000] {processor.py:925} INFO - DAG(s) 'orders_kafka_to_s3' retrieved from /opt/airflow/dags/main.py
[2026-04-30T10:48:48.060+0000] {logging_mixin.py:190} INFO - [2026-04-30T10:48:48.060+0000] {dag.py:3239} INFO - Sync 1 DAGs
[2026-04-30T10:48:48.089+0000] {logging_mixin.py:190} INFO - [2026-04-30T10:48:48.088+0000] {dag.py:4180} INFO - Setting next_dagrun for orders_kafka_to_s3 to 2026-04-30 00:00:00+00:00, run_after=2026-05-01 00:00:00+00:00
[2026-04-30T10:48:48.116+0000] {processor.py:208} INFO - Processing /opt/airflow/dags/main.py took 0.695 seconds
[2026-04-30T10:49:18.334+0000] {processor.py:186} INFO - Started process (PID=408) to work on /opt/airflow/dags/main.py
[2026-04-30T10:49:18.336+0000] {processor.py:914} INFO - Processing file /opt/airflow/dags/main.py for tasks to queue
[2026-04-30T10:49:18.339+0000] {logging_mixin.py:190} INFO - [2026-04-30T10:49:18.339+0000] {dagbag.py:588} INFO - Filling up the DagBag from /opt/airflow/dags/main.py
[2026-04-30T10:49:18.675+0000] {processor.py:925} INFO - DAG(s) 'orders_kafka_to_s3' retrieved from /opt/airflow/dags/main.py
[2026-04-30T10:49:18.701+0000] {logging_mixin.py:190} INFO - [2026-04-30T10:49:18.700+0000] {dag.py:3239} INFO - Sync 1 DAGs
[2026-04-30T10:49:18.726+0000] {logging_mixin.py:190} INFO - [2026-04-30T10:49:18.726+0000] {dag.py:4180} INFO - Setting next_dagrun for orders_kafka_to_s3 to 2026-04-30 00:00:00+00:00, run_after=2026-05-01 00:00:00+00:00
[2026-04-30T10:49:18.751+0000] {processor.py:208} INFO - Processing /opt/airflow/dags/main.py took 0.424 seconds
[2026-04-30T10:49:49.334+0000] {processor.py:186} INFO - Started process (PID=415) to work on /opt/airflow/dags/main.py
[2026-04-30T10:49:49.336+0000] {processor.py:914} INFO - Processing file /opt/airflow/dags/main.py for tasks to queue
[2026-04-30T10:49:49.339+0000] {logging_mixin.py:190} INFO - [2026-04-30T10:49:49.338+0000] {dagbag.py:588} INFO - Filling up the DagBag from /opt/airflow/dags/main.py
[2026-04-30T10:49:49.469+0000] {processor.py:925} INFO - DAG(s) 'orders_kafka_to_s3' retrieved from /opt/airflow/dags/main.py
[2026-04-30T10:49:49.510+0000] {logging_mixin.py:190} INFO - [2026-04-30T10:49:49.509+0000] {dag.py:3239} INFO - Sync 1 DAGs
[2026-04-30T10:49:49.725+0000] {logging_mixin.py:190} INFO - [2026-04-30T10:49:49.725+0000] {dag.py:4180} INFO - Setting next_dagrun for orders_kafka_to_s3 to 2026-04-30 00:00:00+00:00, run_after=2026-05-01 00:00:00+00:00
[2026-04-30T10:49:49.750+0000] {processor.py:208} INFO - Processing /opt/airflow/dags/main.py took 0.424 seconds
[2026-04-30T10:50:20.219+0000] {processor.py:186} INFO - Started process (PID=422) to work on /opt/airflow/dags/main.py
[2026-04-30T10:50:20.221+0000] {processor.py:914} INFO - Processing file /opt/airflow/dags/main.py for tasks to queue
[2026-04-30T10:50:20.226+0000] {logging_mixin.py:190} INFO - [2026-04-30T10:50:20.225+0000] {dagbag.py:588} INFO - Filling up the DagBag from /opt/airflow/dags/main.py
[2026-04-30T10:50:20.408+0000] {processor.py:925} INFO - DAG(s) 'orders_kafka_to_s3' retrieved from /opt/airflow/dags/main.py
[2026-04-30T10:50:20.661+0000] {logging_mixin.py:190} INFO - [2026-04-30T10:50:20.661+0000] {dag.py:3239} INFO - Sync 1 DAGs
[2026-04-30T10:50:20.692+0000] {logging_mixin.py:190} INFO - [2026-04-30T10:50:20.692+0000] {dag.py:4180} INFO - Setting next_dagrun for orders_kafka_to_s3 to 2026-04-30 00:00:00+00:00, run_after=2026-05-01 00:00:00+00:00
[2026-04-30T10:50:20.724+0000] {processor.py:208} INFO - Processing /opt/airflow/dags/main.py took 0.516 seconds
[2026-04-30T10:50:51.227+0000] {processor.py:186} INFO - Started process (PID=429) to work on /opt/airflow/dags/main.py
[2026-04-30T10:50:51.229+0000] {processor.py:914} INFO - Processing file /opt/airflow/dags/main.py for tasks to queue
[2026-04-30T10:50:51.235+0000] {logging_mixin.py:190} INFO - [2026-04-30T10:50:51.234+0000] {dagbag.py:588} INFO - Filling up the DagBag from /opt/airflow/dags/main.py
[2026-04-30T10:50:51.407+0000] {processor.py:925} INFO - DAG(s) 'orders_kafka_to_s3' retrieved from /opt/airflow/dags/main.py
[2026-04-30T10:50:52.977+0000] {logging_mixin.py:190} INFO - [2026-04-30T10:50:52.977+0000] {dag.py:3239} INFO - Sync 1 DAGs
[2026-04-30T10:50:53.040+0000] {logging_mixin.py:190} INFO - [2026-04-30T10:50:53.039+0000] {dag.py:4180} INFO - Setting next_dagrun for orders_kafka_to_s3 to 2026-04-30 00:00:00+00:00, run_after=2026-05-01 00:00:00+00:00
[2026-04-30T10:50:53.083+0000] {processor.py:208} INFO - Processing /opt/airflow/dags/main.py took 1.870 seconds
[2026-04-30T10:51:23.894+0000] {processor.py:186} INFO - Started process (PID=436) to work on /opt/airflow/dags/main.py
[2026-04-30T10:51:23.896+0000] {processor.py:914} INFO - Processing file /opt/airflow/dags/main.py for tasks to queue
[2026-04-30T10:51:23.899+0000] {logging_mixin.py:190} INFO - [2026-04-30T10:51:23.899+0000] {dagbag.py:588} INFO - Filling up the DagBag from /opt/airflow/dags/main.py
[2026-04-30T10:51:24.211+0000] {processor.py:925} INFO - DAG(s) 'orders_kafka_to_s3' retrieved from /opt/airflow/dags/main.py
[2026-04-30T10:51:24.236+0000] {logging_mixin.py:190} INFO - [2026-04-30T10:51:24.236+0000] {dag.py:3239} INFO - Sync 1 DAGs
[2026-04-30T10:51:24.258+0000] {logging_mixin.py:190} INFO - [2026-04-30T10:51:24.258+0000] {dag.py:4180} INFO - Setting next_dagrun for orders_kafka_to_s3 to 2026-04-30 00:00:00+00:00, run_after=2026-05-01 00:00:00+00:00
[2026-04-30T10:51:24.282+0000] {processor.py:208} INFO - Processing /opt/airflow/dags/main.py took 0.395 seconds
[2026-04-30T10:51:54.637+0000] {processor.py:186} INFO - Started process (PID=443) to work on /opt/airflow/dags/main.py
[2026-04-30T10:51:54.639+0000] {processor.py:914} INFO - Processing file /opt/airflow/dags/main.py for tasks to queue
[2026-04-30T10:51:54.646+0000] {logging_mixin.py:190} INFO - [2026-04-30T10:51:54.645+0000] {dagbag.py:588} INFO - Filling up the DagBag from /opt/airflow/dags/main.py
[2026-04-30T10:51:55.053+0000] {processor.py:925} INFO - DAG(s) 'orders_kafka_to_s3' retrieved from /opt/airflow/dags/main.py
[2026-04-30T10:51:55.083+0000] {logging_mixin.py:190} INFO - [2026-04-30T10:51:55.083+0000] {dag.py:3239} INFO - Sync 1 DAGs
[2026-04-30T10:51:55.113+0000] {logging_mixin.py:190} INFO - [2026-04-30T10:51:55.113+0000] {dag.py:4180} INFO - Setting next_dagrun for orders_kafka_to_s3 to 2026-04-30 00:00:00+00:00, run_after=2026-05-01 00:00:00+00:00
[2026-04-30T10:51:55.138+0000] {processor.py:208} INFO - Processing /opt/airflow/dags/main.py took 0.510 seconds
[2026-04-30T10:52:25.468+0000] {processor.py:186} INFO - Started process (PID=450) to work on /opt/airflow/dags/main.py
[2026-04-30T10:52:25.470+0000] {processor.py:914} INFO - Processing file /opt/airflow/dags/main.py for tasks to queue
[2026-04-30T10:52:25.478+0000] {logging_mixin.py:190} INFO - [2026-04-30T10:52:25.478+0000] {dagbag.py:588} INFO - Filling up the DagBag from /opt/airflow/dags/main.py
[2026-04-30T10:52:25.685+0000] {processor.py:925} INFO - DAG(s) 'orders_kafka_to_s3' retrieved from /opt/airflow/dags/main.py
[2026-04-30T10:52:25.735+0000] {logging_mixin.py:190} INFO - [2026-04-30T10:52:25.735+0000] {dag.py:3239} INFO - Sync 1 DAGs
[2026-04-30T10:52:26.051+0000] {logging_mixin.py:190} INFO - [2026-04-30T10:52:26.050+0000] {dag.py:4180} INFO - Setting next_dagrun for orders_kafka_to_s3 to 2026-04-30 00:00:00+00:00, run_after=2026-05-01 00:00:00+00:00
[2026-04-30T10:52:26.082+0000] {processor.py:208} INFO - Processing /opt/airflow/dags/main.py took 0.633 seconds
[2026-04-30T10:52:56.227+0000] {processor.py:186} INFO - Started process (PID=457) to work on /opt/airflow/dags/main.py
[2026-04-30T10:52:56.229+0000] {processor.py:914} INFO - Processing file /opt/airflow/dags/main.py for tasks to queue
[2026-04-30T10:52:56.233+0000] {logging_mixin.py:190} INFO - [2026-04-30T10:52:56.232+0000] {dagbag.py:588} INFO - Filling up the DagBag from /opt/airflow/dags/main.py
[2026-04-30T10:52:56.376+0000] {processor.py:925} INFO - DAG(s) 'orders_kafka_to_s3' retrieved from /opt/airflow/dags/main.py
[2026-04-30T10:52:56.410+0000] {logging_mixin.py:190} INFO - [2026-04-30T10:52:56.410+0000] {dag.py:3239} INFO - Sync 1 DAGs
[2026-04-30T10:52:56.659+0000] {logging_mixin.py:190} INFO - [2026-04-30T10:52:56.658+0000] {dag.py:4180} INFO - Setting next_dagrun for orders_kafka_to_s3 to 2026-04-30 00:00:00+00:00, run_after=2026-05-01 00:00:00+00:00
[2026-04-30T10:52:56.681+0000] {processor.py:208} INFO - Processing /opt/airflow/dags/main.py took 0.462 seconds
[2026-04-30T10:53:27.109+0000] {processor.py:186} INFO - Started process (PID=464) to work on /opt/airflow/dags/main.py
[2026-04-30T10:53:27.110+0000] {processor.py:914} INFO - Processing file /opt/airflow/dags/main.py for tasks to queue
[2026-04-30T10:53:27.114+0000] {logging_mixin.py:190} INFO - [2026-04-30T10:53:27.114+0000] {dagbag.py:588} INFO - Filling up the DagBag from /opt/airflow/dags/main.py
[2026-04-30T10:53:27.256+0000] {processor.py:925} INFO - DAG(s) 'orders_kafka_to_s3' retrieved from /opt/airflow/dags/main.py
[2026-04-30T10:53:27.490+0000] {logging_mixin.py:190} INFO - [2026-04-30T10:53:27.489+0000] {dag.py:3239} INFO - Sync 1 DAGs
[2026-04-30T10:53:27.517+0000] {logging_mixin.py:190} INFO - [2026-04-30T10:53:27.517+0000] {dag.py:4180} INFO - Setting next_dagrun for orders_kafka_to_s3 to 2026-04-30 00:00:00+00:00, run_after=2026-05-01 00:00:00+00:00
[2026-04-30T10:53:27.544+0000] {processor.py:208} INFO - Processing /opt/airflow/dags/main.py took 0.442 seconds
[2026-04-30T10:53:57.952+0000] {processor.py:186} INFO - Started process (PID=471) to work on /opt/airflow/dags/main.py
[2026-04-30T10:53:57.954+0000] {processor.py:914} INFO - Processing file /opt/airflow/dags/main.py for tasks to queue
[2026-04-30T10:53:57.958+0000] {logging_mixin.py:190} INFO - [2026-04-30T10:53:57.958+0000] {dagbag.py:588} INFO - Filling up the DagBag from /opt/airflow/dags/main.py
[2026-04-30T10:53:58.301+0000] {processor.py:925} INFO - DAG(s) 'orders_kafka_to_s3' retrieved from /opt/airflow/dags/main.py
[2026-04-30T10:53:58.327+0000] {logging_mixin.py:190} INFO - [2026-04-30T10:53:58.327+0000] {dag.py:3239} INFO - Sync 1 DAGs
[2026-04-30T10:53:58.352+0000] {logging_mixin.py:190} INFO - [2026-04-30T10:53:58.352+0000] {dag.py:4180} INFO - Setting next_dagrun for orders_kafka_to_s3 to 2026-04-30 00:00:00+00:00, run_after=2026-05-01 00:00:00+00:00
[2026-04-30T10:53:58.377+0000] {processor.py:208} INFO - Processing /opt/airflow/dags/main.py took 0.433 seconds
[2026-04-30T10:54:28.890+0000] {processor.py:186} INFO - Started process (PID=483) to work on /opt/airflow/dags/main.py
[2026-04-30T10:54:28.892+0000] {processor.py:914} INFO - Processing file /opt/airflow/dags/main.py for tasks to queue
[2026-04-30T10:54:28.896+0000] {logging_mixin.py:190} INFO - [2026-04-30T10:54:28.895+0000] {dagbag.py:588} INFO - Filling up the DagBag from /opt/airflow/dags/main.py
[2026-04-30T10:54:29.235+0000] {processor.py:925} INFO - DAG(s) 'orders_kafka_to_s3' retrieved from /opt/airflow/dags/main.py
[2026-04-30T10:54:29.260+0000] {logging_mixin.py:190} INFO - [2026-04-30T10:54:29.260+0000] {dag.py:3239} INFO - Sync 1 DAGs
[2026-04-30T10:54:29.286+0000] {logging_mixin.py:190} INFO - [2026-04-30T10:54:29.286+0000] {dag.py:4180} INFO - Setting next_dagrun for orders_kafka_to_s3 to 2026-04-30 00:00:00+00:00, run_after=2026-05-01 00:00:00+00:00
[2026-04-30T10:54:29.312+0000] {processor.py:208} INFO - Processing /opt/airflow/dags/main.py took 0.430 seconds
[2026-04-30T10:54:59.472+0000] {processor.py:186} INFO - Started process (PID=490) to work on /opt/airflow/dags/main.py
[2026-04-30T10:54:59.473+0000] {processor.py:914} INFO - Processing file /opt/airflow/dags/main.py for tasks to queue
[2026-04-30T10:54:59.477+0000] {logging_mixin.py:190} INFO - [2026-04-30T10:54:59.476+0000] {dagbag.py:588} INFO - Filling up the DagBag from /opt/airflow/dags/main.py
[2026-04-30T10:54:59.616+0000] {processor.py:925} INFO - DAG(s) 'orders_kafka_to_s3' retrieved from /opt/airflow/dags/main.py
[2026-04-30T10:54:59.646+0000] {logging_mixin.py:190} INFO - [2026-04-30T10:54:59.646+0000] {dag.py:3239} INFO - Sync 1 DAGs
[2026-04-30T10:54:59.883+0000] {logging_mixin.py:190} INFO - [2026-04-30T10:54:59.883+0000] {dag.py:4180} INFO - Setting next_dagrun for orders_kafka_to_s3 to 2026-04-30 00:00:00+00:00, run_after=2026-05-01 00:00:00+00:00
[2026-04-30T10:54:59.910+0000] {processor.py:208} INFO - Processing /opt/airflow/dags/main.py took 0.445 seconds
[2026-04-30T10:55:30.252+0000] {processor.py:186} INFO - Started process (PID=497) to work on /opt/airflow/dags/main.py
[2026-04-30T10:55:30.254+0000] {processor.py:914} INFO - Processing file /opt/airflow/dags/main.py for tasks to queue
[2026-04-30T10:55:30.257+0000] {logging_mixin.py:190} INFO - [2026-04-30T10:55:30.257+0000] {dagbag.py:588} INFO - Filling up the DagBag from /opt/airflow/dags/main.py
[2026-04-30T10:55:30.396+0000] {processor.py:925} INFO - DAG(s) 'orders_kafka_to_s3' retrieved from /opt/airflow/dags/main.py
[2026-04-30T10:55:30.426+0000] {logging_mixin.py:190} INFO - [2026-04-30T10:55:30.426+0000] {dag.py:3239} INFO - Sync 1 DAGs
[2026-04-30T10:55:30.753+0000] {logging_mixin.py:190} INFO - [2026-04-30T10:55:30.753+0000] {dag.py:4180} INFO - Setting next_dagrun for orders_kafka_to_s3 to 2026-04-30 00:00:00+00:00, run_after=2026-05-01 00:00:00+00:00
[2026-04-30T10:55:30.775+0000] {processor.py:208} INFO - Processing /opt/airflow/dags/main.py took 0.531 seconds
[2026-04-30T10:56:01.697+0000] {processor.py:186} INFO - Started process (PID=504) to work on /opt/airflow/dags/main.py
[2026-04-30T10:56:01.699+0000] {processor.py:914} INFO - Processing file /opt/airflow/dags/main.py for tasks to queue
[2026-04-30T10:56:01.703+0000] {logging_mixin.py:190} INFO - [2026-04-30T10:56:01.702+0000] {dagbag.py:588} INFO - Filling up the DagBag from /opt/airflow/dags/main.py
[2026-04-30T10:56:01.863+0000] {processor.py:925} INFO - DAG(s) 'orders_kafka_to_s3' retrieved from /opt/airflow/dags/main.py
[2026-04-30T10:56:02.278+0000] {logging_mixin.py:190} INFO - [2026-04-30T10:56:02.278+0000] {dag.py:3239} INFO - Sync 1 DAGs
[2026-04-30T10:56:02.315+0000] {logging_mixin.py:190} INFO - [2026-04-30T10:56:02.315+0000] {dag.py:4180} INFO - Setting next_dagrun for orders_kafka_to_s3 to 2026-04-30 00:00:00+00:00, run_after=2026-05-01 00:00:00+00:00
[2026-04-30T10:56:02.341+0000] {processor.py:208} INFO - Processing /opt/airflow/dags/main.py took 0.652 seconds
[2026-04-30T10:56:32.829+0000] {processor.py:186} INFO - Started process (PID=511) to work on /opt/airflow/dags/main.py
[2026-04-30T10:56:32.831+0000] {processor.py:914} INFO - Processing file /opt/airflow/dags/main.py for tasks to queue
[2026-04-30T10:56:32.836+0000] {logging_mixin.py:190} INFO - [2026-04-30T10:56:32.836+0000] {dagbag.py:588} INFO - Filling up the DagBag from /opt/airflow/dags/main.py
[2026-04-30T10:56:33.374+0000] {processor.py:925} INFO - DAG(s) 'orders_kafka_to_s3' retrieved from /opt/airflow/dags/main.py
[2026-04-30T10:56:33.401+0000] {logging_mixin.py:190} INFO - [2026-04-30T10:56:33.401+0000] {dag.py:3239} INFO - Sync 1 DAGs
[2026-04-30T10:56:33.431+0000] {logging_mixin.py:190} INFO - [2026-04-30T10:56:33.431+0000] {dag.py:4180} INFO - Setting next_dagrun for orders_kafka_to_s3 to 2026-04-30 00:00:00+00:00, run_after=2026-05-01 00:00:00+00:00
[2026-04-30T10:56:33.456+0000] {processor.py:208} INFO - Processing /opt/airflow/dags/main.py took 0.641 seconds
[2026-04-30T10:57:04.087+0000] {processor.py:186} INFO - Started process (PID=518) to work on /opt/airflow/dags/main.py
[2026-04-30T10:57:04.089+0000] {processor.py:914} INFO - Processing file /opt/airflow/dags/main.py for tasks to queue
[2026-04-30T10:57:04.094+0000] {logging_mixin.py:190} INFO - [2026-04-30T10:57:04.093+0000] {dagbag.py:588} INFO - Filling up the DagBag from /opt/airflow/dags/main.py
[2026-04-30T10:57:04.527+0000] {processor.py:925} INFO - DAG(s) 'orders_kafka_to_s3' retrieved from /opt/airflow/dags/main.py
[2026-04-30T10:57:04.554+0000] {logging_mixin.py:190} INFO - [2026-04-30T10:57:04.553+0000] {dag.py:3239} INFO - Sync 1 DAGs
[2026-04-30T10:57:04.577+0000] {logging_mixin.py:190} INFO - [2026-04-30T10:57:04.577+0000] {dag.py:4180} INFO - Setting next_dagrun for orders_kafka_to_s3 to 2026-04-30 00:00:00+00:00, run_after=2026-05-01 00:00:00+00:00
[2026-04-30T10:57:04.600+0000] {processor.py:208} INFO - Processing /opt/airflow/dags/main.py took 0.523 seconds
[2026-04-30T10:57:34.965+0000] {processor.py:186} INFO - Started process (PID=525) to work on /opt/airflow/dags/main.py
[2026-04-30T10:57:34.967+0000] {processor.py:914} INFO - Processing file /opt/airflow/dags/main.py for tasks to queue
[2026-04-30T10:57:34.970+0000] {logging_mixin.py:190} INFO - [2026-04-30T10:57:34.969+0000] {dagbag.py:588} INFO - Filling up the DagBag from /opt/airflow/dags/main.py
[2026-04-30T10:57:35.416+0000] {processor.py:925} INFO - DAG(s) 'orders_kafka_to_s3' retrieved from /opt/airflow/dags/main.py
[2026-04-30T10:57:35.445+0000] {logging_mixin.py:190} INFO - [2026-04-30T10:57:35.445+0000] {dag.py:3239} INFO - Sync 1 DAGs
[2026-04-30T10:57:35.477+0000] {logging_mixin.py:190} INFO - [2026-04-30T10:57:35.477+0000] {dag.py:4180} INFO - Setting next_dagrun for orders_kafka_to_s3 to 2026-04-30 00:00:00+00:00, run_after=2026-05-01 00:00:00+00:00
[2026-04-30T10:57:35.505+0000] {processor.py:208} INFO - Processing /opt/airflow/dags/main.py took 0.548 seconds
[2026-04-30T10:58:05.813+0000] {processor.py:186} INFO - Started process (PID=531) to work on /opt/airflow/dags/main.py
[2026-04-30T10:58:05.814+0000] {processor.py:914} INFO - Processing file /opt/airflow/dags/main.py for tasks to queue
[2026-04-30T10:58:05.818+0000] {logging_mixin.py:190} INFO - [2026-04-30T10:58:05.817+0000] {dagbag.py:588} INFO - Filling up the DagBag from /opt/airflow/dags/main.py
[2026-04-30T10:58:05.962+0000] {processor.py:925} INFO - DAG(s) 'orders_kafka_to_s3' retrieved from /opt/airflow/dags/main.py
[2026-04-30T10:58:05.994+0000] {logging_mixin.py:190} INFO - [2026-04-30T10:58:05.994+0000] {dag.py:3239} INFO - Sync 1 DAGs
[2026-04-30T10:58:06.252+0000] {logging_mixin.py:190} INFO - [2026-04-30T10:58:06.252+0000] {dag.py:4180} INFO - Setting next_dagrun for orders_kafka_to_s3 to 2026-04-30 00:00:00+00:00, run_after=2026-05-01 00:00:00+00:00
[2026-04-30T10:58:06.282+0000] {processor.py:208} INFO - Processing /opt/airflow/dags/main.py took 0.477 seconds
[2026-04-30T10:58:36.728+0000] {processor.py:186} INFO - Started process (PID=538) to work on /opt/airflow/dags/main.py
[2026-04-30T10:58:36.730+0000] {processor.py:914} INFO - Processing file /opt/airflow/dags/main.py for tasks to queue
[2026-04-30T10:58:36.733+0000] {logging_mixin.py:190} INFO - [2026-04-30T10:58:36.732+0000] {dagbag.py:588} INFO - Filling up the DagBag from /opt/airflow/dags/main.py
[2026-04-30T10:58:36.937+0000] {processor.py:925} INFO - DAG(s) 'orders_kafka_to_s3' retrieved from /opt/airflow/dags/main.py
[2026-04-30T10:58:37.263+0000] {logging_mixin.py:190} INFO - [2026-04-30T10:58:37.263+0000] {dag.py:3239} INFO - Sync 1 DAGs
[2026-04-30T10:58:37.296+0000] {logging_mixin.py:190} INFO - [2026-04-30T10:58:37.295+0000] {dag.py:4180} INFO - Setting next_dagrun for orders_kafka_to_s3 to 2026-04-30 00:00:00+00:00, run_after=2026-05-01 00:00:00+00:00
[2026-04-30T10:58:37.321+0000] {processor.py:208} INFO - Processing /opt/airflow/dags/main.py took 0.602 seconds
[2026-04-30T10:59:07.810+0000] {processor.py:186} INFO - Started process (PID=545) to work on /opt/airflow/dags/main.py
[2026-04-30T10:59:07.812+0000] {processor.py:914} INFO - Processing file /opt/airflow/dags/main.py for tasks to queue
[2026-04-30T10:59:07.816+0000] {logging_mixin.py:190} INFO - [2026-04-30T10:59:07.816+0000] {dagbag.py:588} INFO - Filling up the DagBag from /opt/airflow/dags/main.py
[2026-04-30T10:59:07.981+0000] {processor.py:925} INFO - DAG(s) 'orders_kafka_to_s3' retrieved from /opt/airflow/dags/main.py
[2026-04-30T10:59:08.241+0000] {logging_mixin.py:190} INFO - [2026-04-30T10:59:08.240+0000] {dag.py:3239} INFO - Sync 1 DAGs
[2026-04-30T10:59:08.266+0000] {logging_mixin.py:190} INFO - [2026-04-30T10:59:08.265+0000] {dag.py:4180} INFO - Setting next_dagrun for orders_kafka_to_s3 to 2026-04-30 00:00:00+00:00, run_after=2026-05-01 00:00:00+00:00
[2026-04-30T10:59:08.291+0000] {processor.py:208} INFO - Processing /opt/airflow/dags/main.py took 0.488 seconds
[2026-04-30T10:59:39.424+0000] {processor.py:186} INFO - Started process (PID=552) to work on /opt/airflow/dags/main.py
[2026-04-30T10:59:39.426+0000] {processor.py:914} INFO - Processing file /opt/airflow/dags/main.py for tasks to queue
[2026-04-30T10:59:39.433+0000] {logging_mixin.py:190} INFO - [2026-04-30T10:59:39.432+0000] {dagbag.py:588} INFO - Filling up the DagBag from /opt/airflow/dags/main.py
[2026-04-30T10:59:40.004+0000] {processor.py:925} INFO - DAG(s) 'orders_kafka_to_s3' retrieved from /opt/airflow/dags/main.py
[2026-04-30T10:59:40.133+0000] {logging_mixin.py:190} INFO - [2026-04-30T10:59:40.133+0000] {dag.py:3239} INFO - Sync 1 DAGs
[2026-04-30T10:59:40.192+0000] {logging_mixin.py:190} INFO - [2026-04-30T10:59:40.192+0000] {dag.py:4180} INFO - Setting next_dagrun for orders_kafka_to_s3 to 2026-04-30 00:00:00+00:00, run_after=2026-05-01 00:00:00+00:00
[2026-04-30T10:59:40.247+0000] {processor.py:208} INFO - Processing /opt/airflow/dags/main.py took 0.840 seconds
[2026-04-30T11:00:10.592+0000] {processor.py:186} INFO - Started process (PID=559) to work on /opt/airflow/dags/main.py
[2026-04-30T11:00:10.594+0000] {processor.py:914} INFO - Processing file /opt/airflow/dags/main.py for tasks to queue
[2026-04-30T11:00:10.598+0000] {logging_mixin.py:190} INFO - [2026-04-30T11:00:10.597+0000] {dagbag.py:588} INFO - Filling up the DagBag from /opt/airflow/dags/main.py
[2026-04-30T11:00:11.020+0000] {processor.py:925} INFO - DAG(s) 'orders_kafka_to_s3' retrieved from /opt/airflow/dags/main.py
[2026-04-30T11:00:11.055+0000] {logging_mixin.py:190} INFO - [2026-04-30T11:00:11.054+0000] {dag.py:3239} INFO - Sync 1 DAGs
[2026-04-30T11:00:11.090+0000] {logging_mixin.py:190} INFO - [2026-04-30T11:00:11.089+0000] {dag.py:4180} INFO - Setting next_dagrun for orders_kafka_to_s3 to 2026-04-30 00:00:00+00:00, run_after=2026-05-01 00:00:00+00:00
[2026-04-30T11:00:11.119+0000] {processor.py:208} INFO - Processing /opt/airflow/dags/main.py took 0.542 seconds
[2026-04-30T11:00:41.240+0000] {processor.py:186} INFO - Started process (PID=566) to work on /opt/airflow/dags/main.py
[2026-04-30T11:00:41.241+0000] {processor.py:914} INFO - Processing file /opt/airflow/dags/main.py for tasks to queue
[2026-04-30T11:00:41.247+0000] {logging_mixin.py:190} INFO - [2026-04-30T11:00:41.246+0000] {dagbag.py:588} INFO - Filling up the DagBag from /opt/airflow/dags/main.py
[2026-04-30T11:00:41.427+0000] {processor.py:925} INFO - DAG(s) 'orders_kafka_to_s3' retrieved from /opt/airflow/dags/main.py
[2026-04-30T11:00:41.464+0000] {logging_mixin.py:190} INFO - [2026-04-30T11:00:41.464+0000] {dag.py:3239} INFO - Sync 1 DAGs
[2026-04-30T11:00:41.760+0000] {logging_mixin.py:190} INFO - [2026-04-30T11:00:41.760+0000] {dag.py:4180} INFO - Setting next_dagrun for orders_kafka_to_s3 to 2026-04-30 00:00:00+00:00, run_after=2026-05-01 00:00:00+00:00
[2026-04-30T11:00:41.788+0000] {processor.py:208} INFO - Processing /opt/airflow/dags/main.py took 0.558 seconds
[2026-04-30T11:01:12.537+0000] {processor.py:186} INFO - Started process (PID=580) to work on /opt/airflow/dags/main.py
[2026-04-30T11:01:12.538+0000] {processor.py:914} INFO - Processing file /opt/airflow/dags/main.py for tasks to queue
[2026-04-30T11:01:12.541+0000] {logging_mixin.py:190} INFO - [2026-04-30T11:01:12.541+0000] {dagbag.py:588} INFO - Filling up the DagBag from /opt/airflow/dags/main.py
[2026-04-30T11:01:12.688+0000] {processor.py:925} INFO - DAG(s) 'orders_kafka_to_s3' retrieved from /opt/airflow/dags/main.py
[2026-04-30T11:01:13.010+0000] {logging_mixin.py:190} INFO - [2026-04-30T11:01:13.009+0000] {dag.py:3239} INFO - Sync 1 DAGs
[2026-04-30T11:01:13.041+0000] {logging_mixin.py:190} INFO - [2026-04-30T11:01:13.040+0000] {dag.py:4180} INFO - Setting next_dagrun for orders_kafka_to_s3 to 2026-04-30 00:00:00+00:00, run_after=2026-05-01 00:00:00+00:00
[2026-04-30T11:01:13.065+0000] {processor.py:208} INFO - Processing /opt/airflow/dags/main.py took 0.537 seconds
[2026-04-30T11:01:43.251+0000] {processor.py:186} INFO - Started process (PID=587) to work on /opt/airflow/dags/main.py
[2026-04-30T11:01:43.255+0000] {processor.py:914} INFO - Processing file /opt/airflow/dags/main.py for tasks to queue
[2026-04-30T11:01:43.259+0000] {logging_mixin.py:190} INFO - [2026-04-30T11:01:43.259+0000] {dagbag.py:588} INFO - Filling up the DagBag from /opt/airflow/dags/main.py
[2026-04-30T11:01:43.459+0000] {processor.py:925} INFO - DAG(s) 'orders_kafka_to_s3' retrieved from /opt/airflow/dags/main.py
[2026-04-30T11:01:43.824+0000] {logging_mixin.py:190} INFO - [2026-04-30T11:01:43.824+0000] {dag.py:3239} INFO - Sync 1 DAGs
[2026-04-30T11:01:43.856+0000] {logging_mixin.py:190} INFO - [2026-04-30T11:01:43.856+0000] {dag.py:4180} INFO - Setting next_dagrun for orders_kafka_to_s3 to 2026-04-30 00:00:00+00:00, run_after=2026-05-01 00:00:00+00:00
[2026-04-30T11:01:43.878+0000] {processor.py:208} INFO - Processing /opt/airflow/dags/main.py took 0.635 seconds
[2026-04-30T11:02:14.053+0000] {processor.py:186} INFO - Started process (PID=594) to work on /opt/airflow/dags/main.py
[2026-04-30T11:02:14.066+0000] {processor.py:914} INFO - Processing file /opt/airflow/dags/main.py for tasks to queue
[2026-04-30T11:02:14.084+0000] {logging_mixin.py:190} INFO - [2026-04-30T11:02:14.084+0000] {dagbag.py:588} INFO - Filling up the DagBag from /opt/airflow/dags/main.py
[2026-04-30T11:02:14.533+0000] {processor.py:925} INFO - DAG(s) 'orders_kafka_to_s3' retrieved from /opt/airflow/dags/main.py
[2026-04-30T11:02:14.566+0000] {logging_mixin.py:190} INFO - [2026-04-30T11:02:14.566+0000] {dag.py:3239} INFO - Sync 1 DAGs
[2026-04-30T11:02:14.599+0000] {logging_mixin.py:190} INFO - [2026-04-30T11:02:14.599+0000] {dag.py:4180} INFO - Setting next_dagrun for orders_kafka_to_s3 to 2026-04-30 00:00:00+00:00, run_after=2026-05-01 00:00:00+00:00
[2026-04-30T11:02:14.627+0000] {processor.py:208} INFO - Processing /opt/airflow/dags/main.py took 0.608 seconds
[2026-04-30T11:02:44.990+0000] {processor.py:186} INFO - Started process (PID=601) to work on /opt/airflow/dags/main.py
[2026-04-30T11:02:44.991+0000] {processor.py:914} INFO - Processing file /opt/airflow/dags/main.py for tasks to queue
[2026-04-30T11:02:44.994+0000] {logging_mixin.py:190} INFO - [2026-04-30T11:02:44.994+0000] {dagbag.py:588} INFO - Filling up the DagBag from /opt/airflow/dags/main.py
[2026-04-30T11:02:45.328+0000] {processor.py:925} INFO - DAG(s) 'orders_kafka_to_s3' retrieved from /opt/airflow/dags/main.py
[2026-04-30T11:02:45.355+0000] {logging_mixin.py:190} INFO - [2026-04-30T11:02:45.355+0000] {dag.py:3239} INFO - Sync 1 DAGs
[2026-04-30T11:02:45.380+0000] {logging_mixin.py:190} INFO - [2026-04-30T11:02:45.380+0000] {dag.py:4180} INFO - Setting next_dagrun for orders_kafka_to_s3 to 2026-04-30 00:00:00+00:00, run_after=2026-05-01 00:00:00+00:00
[2026-04-30T11:02:45.408+0000] {processor.py:208} INFO - Processing /opt/airflow/dags/main.py took 0.426 seconds
[2026-04-30T11:03:15.975+0000] {processor.py:186} INFO - Started process (PID=608) to work on /opt/airflow/dags/main.py
[2026-04-30T11:03:15.977+0000] {processor.py:914} INFO - Processing file /opt/airflow/dags/main.py for tasks to queue
[2026-04-30T11:03:15.984+0000] {logging_mixin.py:190} INFO - [2026-04-30T11:03:15.981+0000] {dagbag.py:588} INFO - Filling up the DagBag from /opt/airflow/dags/main.py
[2026-04-30T11:03:16.947+0000] {processor.py:925} INFO - DAG(s) 'orders_kafka_to_s3' retrieved from /opt/airflow/dags/main.py
[2026-04-30T11:03:16.971+0000] {logging_mixin.py:190} INFO - [2026-04-30T11:03:16.970+0000] {dag.py:3239} INFO - Sync 1 DAGs
[2026-04-30T11:03:16.998+0000] {logging_mixin.py:190} INFO - [2026-04-30T11:03:16.998+0000] {dag.py:4180} INFO - Setting next_dagrun for orders_kafka_to_s3 to 2026-04-30 00:00:00+00:00, run_after=2026-05-01 00:00:00+00:00
[2026-04-30T11:03:17.023+0000] {processor.py:208} INFO - Processing /opt/airflow/dags/main.py took 1.065 seconds
[2026-04-30T11:03:47.838+0000] {processor.py:186} INFO - Started process (PID=615) to work on /opt/airflow/dags/main.py
[2026-04-30T11:03:47.840+0000] {processor.py:914} INFO - Processing file /opt/airflow/dags/main.py for tasks to queue
[2026-04-30T11:03:47.845+0000] {logging_mixin.py:190} INFO - [2026-04-30T11:03:47.844+0000] {dagbag.py:588} INFO - Filling up the DagBag from /opt/airflow/dags/main.py
[2026-04-30T11:03:48.003+0000] {processor.py:925} INFO - DAG(s) 'orders_kafka_to_s3' retrieved from /opt/airflow/dags/main.py
[2026-04-30T11:03:48.036+0000] {logging_mixin.py:190} INFO - [2026-04-30T11:03:48.035+0000] {dag.py:3239} INFO - Sync 1 DAGs
[2026-04-30T11:03:47.777+0000] {logging_mixin.py:190} INFO - [2026-04-30T11:03:47.777+0000] {dag.py:4180} INFO - Setting next_dagrun for orders_kafka_to_s3 to 2026-04-30 00:00:00+00:00, run_after=2026-05-01 00:00:00+00:00
[2026-04-30T11:03:47.801+0000] {processor.py:208} INFO - Processing /opt/airflow/dags/main.py took 0.435 seconds
[2026-04-30T11:04:18.352+0000] {processor.py:186} INFO - Started process (PID=622) to work on /opt/airflow/dags/main.py
[2026-04-30T11:04:18.355+0000] {processor.py:914} INFO - Processing file /opt/airflow/dags/main.py for tasks to queue
[2026-04-30T11:04:18.361+0000] {logging_mixin.py:190} INFO - [2026-04-30T11:04:18.360+0000] {dagbag.py:588} INFO - Filling up the DagBag from /opt/airflow/dags/main.py
[2026-04-30T11:04:18.653+0000] {processor.py:925} INFO - DAG(s) 'orders_kafka_to_s3' retrieved from /opt/airflow/dags/main.py
[2026-04-30T11:04:19.279+0000] {logging_mixin.py:190} INFO - [2026-04-30T11:04:19.278+0000] {dag.py:3239} INFO - Sync 1 DAGs
[2026-04-30T11:04:19.364+0000] {logging_mixin.py:190} INFO - [2026-04-30T11:04:19.363+0000] {dag.py:4180} INFO - Setting next_dagrun for orders_kafka_to_s3 to 2026-04-30 00:00:00+00:00, run_after=2026-05-01 00:00:00+00:00
[2026-04-30T11:04:19.399+0000] {processor.py:208} INFO - Processing /opt/airflow/dags/main.py took 1.067 seconds
[2026-04-30T11:04:49.597+0000] {processor.py:186} INFO - Started process (PID=629) to work on /opt/airflow/dags/main.py
[2026-04-30T11:04:49.599+0000] {processor.py:914} INFO - Processing file /opt/airflow/dags/main.py for tasks to queue
[2026-04-30T11:04:49.603+0000] {logging_mixin.py:190} INFO - [2026-04-30T11:04:49.603+0000] {dagbag.py:588} INFO - Filling up the DagBag from /opt/airflow/dags/main.py
[2026-04-30T11:04:50.833+0000] {processor.py:925} INFO - DAG(s) 'orders_kafka_to_s3' retrieved from /opt/airflow/dags/main.py
[2026-04-30T11:04:50.955+0000] {logging_mixin.py:190} INFO - [2026-04-30T11:04:50.955+0000] {dag.py:3239} INFO - Sync 1 DAGs
[2026-04-30T11:04:51.105+0000] {logging_mixin.py:190} INFO - [2026-04-30T11:04:51.104+0000] {dag.py:4180} INFO - Setting next_dagrun for orders_kafka_to_s3 to 2026-04-30 00:00:00+00:00, run_after=2026-05-01 00:00:00+00:00
[2026-04-30T11:04:51.170+0000] {processor.py:208} INFO - Processing /opt/airflow/dags/main.py took 1.586 seconds
[2026-04-30T11:05:21.476+0000] {processor.py:186} INFO - Started process (PID=643) to work on /opt/airflow/dags/main.py
[2026-04-30T11:05:21.479+0000] {processor.py:914} INFO - Processing file /opt/airflow/dags/main.py for tasks to queue
[2026-04-30T11:05:21.487+0000] {logging_mixin.py:190} INFO - [2026-04-30T11:05:21.486+0000] {dagbag.py:588} INFO - Filling up the DagBag from /opt/airflow/dags/main.py
[2026-04-30T11:05:21.970+0000] {processor.py:925} INFO - DAG(s) 'orders_kafka_to_s3' retrieved from /opt/airflow/dags/main.py
[2026-04-30T11:05:22.004+0000] {logging_mixin.py:190} INFO - [2026-04-30T11:05:22.004+0000] {dag.py:3239} INFO - Sync 1 DAGs
[2026-04-30T11:05:22.036+0000] {logging_mixin.py:190} INFO - [2026-04-30T11:05:22.035+0000] {dag.py:4180} INFO - Setting next_dagrun for orders_kafka_to_s3 to 2026-04-30 00:00:00+00:00, run_after=2026-05-01 00:00:00+00:00
[2026-04-30T11:05:22.066+0000] {processor.py:208} INFO - Processing /opt/airflow/dags/main.py took 0.605 seconds
[2026-04-30T11:05:52.237+0000] {processor.py:186} INFO - Started process (PID=650) to work on /opt/airflow/dags/main.py
[2026-04-30T11:05:52.239+0000] {processor.py:914} INFO - Processing file /opt/airflow/dags/main.py for tasks to queue
[2026-04-30T11:05:52.243+0000] {logging_mixin.py:190} INFO - [2026-04-30T11:05:52.243+0000] {dagbag.py:588} INFO - Filling up the DagBag from /opt/airflow/dags/main.py
[2026-04-30T11:05:52.678+0000] {processor.py:925} INFO - DAG(s) 'orders_kafka_to_s3' retrieved from /opt/airflow/dags/main.py
[2026-04-30T11:05:52.717+0000] {logging_mixin.py:190} INFO - [2026-04-30T11:05:52.717+0000] {dag.py:3239} INFO - Sync 1 DAGs
[2026-04-30T11:05:52.751+0000] {logging_mixin.py:190} INFO - [2026-04-30T11:05:52.750+0000] {dag.py:4180} INFO - Setting next_dagrun for orders_kafka_to_s3 to 2026-04-30 00:00:00+00:00, run_after=2026-05-01 00:00:00+00:00
[2026-04-30T11:05:52.778+0000] {processor.py:208} INFO - Processing /opt/airflow/dags/main.py took 0.551 seconds
[2026-04-30T11:06:23.094+0000] {processor.py:186} INFO - Started process (PID=657) to work on /opt/airflow/dags/main.py
[2026-04-30T11:06:23.096+0000] {processor.py:914} INFO - Processing file /opt/airflow/dags/main.py for tasks to queue
[2026-04-30T11:06:23.100+0000] {logging_mixin.py:190} INFO - [2026-04-30T11:06:23.100+0000] {dagbag.py:588} INFO - Filling up the DagBag from /opt/airflow/dags/main.py
[2026-04-30T11:06:23.306+0000] {processor.py:925} INFO - DAG(s) 'orders_kafka_to_s3' retrieved from /opt/airflow/dags/main.py
[2026-04-30T11:06:23.352+0000] {logging_mixin.py:190} INFO - [2026-04-30T11:06:23.352+0000] {dag.py:3239} INFO - Sync 1 DAGs
[2026-04-30T11:06:23.622+0000] {logging_mixin.py:190} INFO - [2026-04-30T11:06:23.622+0000] {dag.py:4180} INFO - Setting next_dagrun for orders_kafka_to_s3 to 2026-04-30 00:00:00+00:00, run_after=2026-05-01 00:00:00+00:00
[2026-04-30T11:06:23.650+0000] {processor.py:208} INFO - Processing /opt/airflow/dags/main.py took 0.568 seconds
[2026-04-30T11:06:54.166+0000] {processor.py:186} INFO - Started process (PID=664) to work on /opt/airflow/dags/main.py
[2026-04-30T11:06:54.168+0000] {processor.py:914} INFO - Processing file /opt/airflow/dags/main.py for tasks to queue
[2026-04-30T11:06:54.173+0000] {logging_mixin.py:190} INFO - [2026-04-30T11:06:54.173+0000] {dagbag.py:588} INFO - Filling up the DagBag from /opt/airflow/dags/main.py
[2026-04-30T11:06:54.374+0000] {processor.py:925} INFO - DAG(s) 'orders_kafka_to_s3' retrieved from /opt/airflow/dags/main.py
[2026-04-30T11:06:54.644+0000] {logging_mixin.py:190} INFO - [2026-04-30T11:06:54.644+0000] {dag.py:3239} INFO - Sync 1 DAGs
[2026-04-30T11:06:54.672+0000] {logging_mixin.py:190} INFO - [2026-04-30T11:06:54.672+0000] {dag.py:4180} INFO - Setting next_dagrun for orders_kafka_to_s3 to 2026-04-30 00:00:00+00:00, run_after=2026-05-01 00:00:00+00:00
[2026-04-30T11:06:54.697+0000] {processor.py:208} INFO - Processing /opt/airflow/dags/main.py took 0.541 seconds
[2026-04-30T11:07:25.109+0000] {processor.py:186} INFO - Started process (PID=671) to work on /opt/airflow/dags/main.py
[2026-04-30T11:07:25.111+0000] {processor.py:914} INFO - Processing file /opt/airflow/dags/main.py for tasks to queue
[2026-04-30T11:07:25.114+0000] {logging_mixin.py:190} INFO - [2026-04-30T11:07:25.114+0000] {dagbag.py:588} INFO - Filling up the DagBag from /opt/airflow/dags/main.py
[2026-04-30T11:07:25.470+0000] {processor.py:925} INFO - DAG(s) 'orders_kafka_to_s3' retrieved from /opt/airflow/dags/main.py
[2026-04-30T11:07:25.499+0000] {logging_mixin.py:190} INFO - [2026-04-30T11:07:25.499+0000] {dag.py:3239} INFO - Sync 1 DAGs
[2026-04-30T11:07:25.524+0000] {logging_mixin.py:190} INFO - [2026-04-30T11:07:25.524+0000] {dag.py:4180} INFO - Setting next_dagrun for orders_kafka_to_s3 to 2026-04-30 00:00:00+00:00, run_after=2026-05-01 00:00:00+00:00
[2026-04-30T11:07:25.550+0000] {processor.py:208} INFO - Processing /opt/airflow/dags/main.py took 0.449 seconds
[2026-04-30T11:07:55.877+0000] {processor.py:186} INFO - Started process (PID=678) to work on /opt/airflow/dags/main.py
[2026-04-30T11:07:55.879+0000] {processor.py:914} INFO - Processing file /opt/airflow/dags/main.py for tasks to queue
[2026-04-30T11:07:55.882+0000] {logging_mixin.py:190} INFO - [2026-04-30T11:07:55.882+0000] {dagbag.py:588} INFO - Filling up the DagBag from /opt/airflow/dags/main.py
[2026-04-30T11:07:56.210+0000] {processor.py:925} INFO - DAG(s) 'orders_kafka_to_s3' retrieved from /opt/airflow/dags/main.py
[2026-04-30T11:07:56.236+0000] {logging_mixin.py:190} INFO - [2026-04-30T11:07:56.236+0000] {dag.py:3239} INFO - Sync 1 DAGs
[2026-04-30T11:07:56.262+0000] {logging_mixin.py:190} INFO - [2026-04-30T11:07:56.262+0000] {dag.py:4180} INFO - Setting next_dagrun for orders_kafka_to_s3 to 2026-04-30 00:00:00+00:00, run_after=2026-05-01 00:00:00+00:00
[2026-04-30T11:07:56.287+0000] {processor.py:208} INFO - Processing /opt/airflow/dags/main.py took 0.420 seconds
[2026-04-30T11:08:26.591+0000] {processor.py:186} INFO - Started process (PID=685) to work on /opt/airflow/dags/main.py
[2026-04-30T11:08:26.593+0000] {processor.py:914} INFO - Processing file /opt/airflow/dags/main.py for tasks to queue
[2026-04-30T11:08:26.599+0000] {logging_mixin.py:190} INFO - [2026-04-30T11:08:26.598+0000] {dagbag.py:588} INFO - Filling up the DagBag from /opt/airflow/dags/main.py
[2026-04-30T11:08:27.090+0000] {processor.py:925} INFO - DAG(s) 'orders_kafka_to_s3' retrieved from /opt/airflow/dags/main.py
[2026-04-30T11:08:27.125+0000] {logging_mixin.py:190} INFO - [2026-04-30T11:08:27.124+0000] {dag.py:3239} INFO - Sync 1 DAGs
[2026-04-30T11:08:27.168+0000] {logging_mixin.py:190} INFO - [2026-04-30T11:08:27.167+0000] {dag.py:4180} INFO - Setting next_dagrun for orders_kafka_to_s3 to 2026-04-30 00:00:00+00:00, run_after=2026-05-01 00:00:00+00:00
[2026-04-30T11:08:27.214+0000] {processor.py:208} INFO - Processing /opt/airflow/dags/main.py took 0.634 seconds
[2026-04-30T11:08:57.395+0000] {processor.py:186} INFO - Started process (PID=692) to work on /opt/airflow/dags/main.py
[2026-04-30T11:08:57.397+0000] {processor.py:914} INFO - Processing file /opt/airflow/dags/main.py for tasks to queue
[2026-04-30T11:08:57.403+0000] {logging_mixin.py:190} INFO - [2026-04-30T11:08:57.402+0000] {dagbag.py:588} INFO - Filling up the DagBag from /opt/airflow/dags/main.py
[2026-04-30T11:08:57.535+0000] {processor.py:925} INFO - DAG(s) 'orders_kafka_to_s3' retrieved from /opt/airflow/dags/main.py
[2026-04-30T11:08:57.568+0000] {logging_mixin.py:190} INFO - [2026-04-30T11:08:57.568+0000] {dag.py:3239} INFO - Sync 1 DAGs
[2026-04-30T11:08:57.812+0000] {logging_mixin.py:190} INFO - [2026-04-30T11:08:57.812+0000] {dag.py:4180} INFO - Setting next_dagrun for orders_kafka_to_s3 to 2026-04-30 00:00:00+00:00, run_after=2026-05-01 00:00:00+00:00
[2026-04-30T11:08:57.835+0000] {processor.py:208} INFO - Processing /opt/airflow/dags/main.py took 0.450 seconds
[2026-04-30T11:09:28.302+0000] {processor.py:186} INFO - Started process (PID=699) to work on /opt/airflow/dags/main.py
[2026-04-30T11:09:28.303+0000] {processor.py:914} INFO - Processing file /opt/airflow/dags/main.py for tasks to queue
[2026-04-30T11:09:28.306+0000] {logging_mixin.py:190} INFO - [2026-04-30T11:09:28.306+0000] {dagbag.py:588} INFO - Filling up the DagBag from /opt/airflow/dags/main.py
[2026-04-30T11:09:28.438+0000] {processor.py:925} INFO - DAG(s) 'orders_kafka_to_s3' retrieved from /opt/airflow/dags/main.py
[2026-04-30T11:09:28.683+0000] {logging_mixin.py:190} INFO - [2026-04-30T11:09:28.683+0000] {dag.py:3239} INFO - Sync 1 DAGs
[2026-04-30T11:09:28.711+0000] {logging_mixin.py:190} INFO - [2026-04-30T11:09:28.711+0000] {dag.py:4180} INFO - Setting next_dagrun for orders_kafka_to_s3 to 2026-04-30 00:00:00+00:00, run_after=2026-05-01 00:00:00+00:00
[2026-04-30T11:09:28.733+0000] {processor.py:208} INFO - Processing /opt/airflow/dags/main.py took 0.439 seconds
[2026-04-30T11:09:59.552+0000] {processor.py:186} INFO - Started process (PID=705) to work on /opt/airflow/dags/main.py
[2026-04-30T11:09:59.553+0000] {processor.py:914} INFO - Processing file /opt/airflow/dags/main.py for tasks to queue
[2026-04-30T11:09:59.558+0000] {logging_mixin.py:190} INFO - [2026-04-30T11:09:59.557+0000] {dagbag.py:588} INFO - Filling up the DagBag from /opt/airflow/dags/main.py
[2026-04-30T11:10:00.006+0000] {processor.py:925} INFO - DAG(s) 'orders_kafka_to_s3' retrieved from /opt/airflow/dags/main.py
[2026-04-30T11:10:00.034+0000] {logging_mixin.py:190} INFO - [2026-04-30T11:10:00.034+0000] {dag.py:3239} INFO - Sync 1 DAGs
[2026-04-30T11:10:00.066+0000] {logging_mixin.py:190} INFO - [2026-04-30T11:10:00.066+0000] {dag.py:4180} INFO - Setting next_dagrun for orders_kafka_to_s3 to 2026-04-30 00:00:00+00:00, run_after=2026-05-01 00:00:00+00:00
[2026-04-30T11:10:00.093+0000] {processor.py:208} INFO - Processing /opt/airflow/dags/main.py took 0.549 seconds
[2026-04-30T11:10:30.320+0000] {processor.py:186} INFO - Started process (PID=718) to work on /opt/airflow/dags/main.py
[2026-04-30T11:10:30.322+0000] {processor.py:914} INFO - Processing file /opt/airflow/dags/main.py for tasks to queue
[2026-04-30T11:10:30.326+0000] {logging_mixin.py:190} INFO - [2026-04-30T11:10:30.325+0000] {dagbag.py:588} INFO - Filling up the DagBag from /opt/airflow/dags/main.py
[2026-04-30T11:10:30.855+0000] {processor.py:925} INFO - DAG(s) 'orders_kafka_to_s3' retrieved from /opt/airflow/dags/main.py
[2026-04-30T11:10:30.911+0000] {logging_mixin.py:190} INFO - [2026-04-30T11:10:30.910+0000] {dag.py:3239} INFO - Sync 1 DAGs
[2026-04-30T11:10:30.959+0000] {logging_mixin.py:190} INFO - [2026-04-30T11:10:30.959+0000] {dag.py:4180} INFO - Setting next_dagrun for orders_kafka_to_s3 to 2026-04-30 00:00:00+00:00, run_after=2026-05-01 00:00:00+00:00
[2026-04-30T11:10:30.999+0000] {processor.py:208} INFO - Processing /opt/airflow/dags/main.py took 0.689 seconds
[2026-04-30T11:11:01.217+0000] {processor.py:186} INFO - Started process (PID=725) to work on /opt/airflow/dags/main.py
[2026-04-30T11:11:01.219+0000] {processor.py:914} INFO - Processing file /opt/airflow/dags/main.py for tasks to queue
[2026-04-30T11:11:01.223+0000] {logging_mixin.py:190} INFO - [2026-04-30T11:11:01.222+0000] {dagbag.py:588} INFO - Filling up the DagBag from /opt/airflow/dags/main.py
[2026-04-30T11:11:01.852+0000] {processor.py:925} INFO - DAG(s) 'orders_kafka_to_s3' retrieved from /opt/airflow/dags/main.py
[2026-04-30T11:11:01.886+0000] {logging_mixin.py:190} INFO - [2026-04-30T11:11:01.885+0000] {dag.py:3239} INFO - Sync 1 DAGs
[2026-04-30T11:11:01.920+0000] {logging_mixin.py:190} INFO - [2026-04-30T11:11:01.920+0000] {dag.py:4180} INFO - Setting next_dagrun for orders_kafka_to_s3 to 2026-04-30 00:00:00+00:00, run_after=2026-05-01 00:00:00+00:00
[2026-04-30T11:11:01.949+0000] {processor.py:208} INFO - Processing /opt/airflow/dags/main.py took 0.742 seconds
[2026-04-30T11:11:32.252+0000] {processor.py:186} INFO - Started process (PID=732) to work on /opt/airflow/dags/main.py
[2026-04-30T11:11:32.253+0000] {processor.py:914} INFO - Processing file /opt/airflow/dags/main.py for tasks to queue
[2026-04-30T11:11:32.259+0000] {logging_mixin.py:190} INFO - [2026-04-30T11:11:32.258+0000] {dagbag.py:588} INFO - Filling up the DagBag from /opt/airflow/dags/main.py
[2026-04-30T11:11:32.866+0000] {processor.py:925} INFO - DAG(s) 'orders_kafka_to_s3' retrieved from /opt/airflow/dags/main.py
[2026-04-30T11:11:32.900+0000] {logging_mixin.py:190} INFO - [2026-04-30T11:11:32.900+0000] {dag.py:3239} INFO - Sync 1 DAGs
[2026-04-30T11:11:32.932+0000] {logging_mixin.py:190} INFO - [2026-04-30T11:11:32.932+0000] {dag.py:4180} INFO - Setting next_dagrun for orders_kafka_to_s3 to 2026-04-30 00:00:00+00:00, run_after=2026-05-01 00:00:00+00:00
[2026-04-30T11:11:32.958+0000] {processor.py:208} INFO - Processing /opt/airflow/dags/main.py took 0.718 seconds
[2026-04-30T11:12:03.152+0000] {processor.py:186} INFO - Started process (PID=739) to work on /opt/airflow/dags/main.py
[2026-04-30T11:12:03.155+0000] {processor.py:914} INFO - Processing file /opt/airflow/dags/main.py for tasks to queue
[2026-04-30T11:12:03.162+0000] {logging_mixin.py:190} INFO - [2026-04-30T11:12:03.161+0000] {dagbag.py:588} INFO - Filling up the DagBag from /opt/airflow/dags/main.py
[2026-04-30T11:12:03.389+0000] {processor.py:925} INFO - DAG(s) 'orders_kafka_to_s3' retrieved from /opt/airflow/dags/main.py
[2026-04-30T11:12:03.757+0000] {logging_mixin.py:190} INFO - [2026-04-30T11:12:03.757+0000] {dag.py:3239} INFO - Sync 1 DAGs
[2026-04-30T11:12:03.799+0000] {logging_mixin.py:190} INFO - [2026-04-30T11:12:03.798+0000] {dag.py:4180} INFO - Setting next_dagrun for orders_kafka_to_s3 to 2026-04-30 00:00:00+00:00, run_after=2026-05-01 00:00:00+00:00
[2026-04-30T11:12:03.831+0000] {processor.py:208} INFO - Processing /opt/airflow/dags/main.py took 0.693 seconds
[2026-04-30T11:12:33.928+0000] {processor.py:186} INFO - Started process (PID=746) to work on /opt/airflow/dags/main.py
[2026-04-30T11:12:33.930+0000] {processor.py:914} INFO - Processing file /opt/airflow/dags/main.py for tasks to queue
[2026-04-30T11:12:33.934+0000] {logging_mixin.py:190} INFO - [2026-04-30T11:12:33.933+0000] {dagbag.py:588} INFO - Filling up the DagBag from /opt/airflow/dags/main.py
[2026-04-30T11:12:34.177+0000] {processor.py:925} INFO - DAG(s) 'orders_kafka_to_s3' retrieved from /opt/airflow/dags/main.py
[2026-04-30T11:12:34.507+0000] {logging_mixin.py:190} INFO - [2026-04-30T11:12:34.507+0000] {dag.py:3239} INFO - Sync 1 DAGs
[2026-04-30T11:12:34.551+0000] {logging_mixin.py:190} INFO - [2026-04-30T11:12:34.550+0000] {dag.py:4180} INFO - Setting next_dagrun for orders_kafka_to_s3 to 2026-04-30 00:00:00+00:00, run_after=2026-05-01 00:00:00+00:00
[2026-04-30T11:12:34.591+0000] {processor.py:208} INFO - Processing /opt/airflow/dags/main.py took 0.675 seconds
[2026-04-30T11:13:05.109+0000] {processor.py:186} INFO - Started process (PID=753) to work on /opt/airflow/dags/main.py
[2026-04-30T11:13:05.110+0000] {processor.py:914} INFO - Processing file /opt/airflow/dags/main.py for tasks to queue
[2026-04-30T11:13:05.113+0000] {logging_mixin.py:190} INFO - [2026-04-30T11:13:05.113+0000] {dagbag.py:588} INFO - Filling up the DagBag from /opt/airflow/dags/main.py
[2026-04-30T11:13:05.500+0000] {processor.py:925} INFO - DAG(s) 'orders_kafka_to_s3' retrieved from /opt/airflow/dags/main.py
[2026-04-30T11:13:05.528+0000] {logging_mixin.py:190} INFO - [2026-04-30T11:13:05.528+0000] {dag.py:3239} INFO - Sync 1 DAGs
[2026-04-30T11:13:05.557+0000] {logging_mixin.py:190} INFO - [2026-04-30T11:13:05.557+0000] {dag.py:4180} INFO - Setting next_dagrun for orders_kafka_to_s3 to 2026-04-30 00:00:00+00:00, run_after=2026-05-01 00:00:00+00:00
[2026-04-30T11:13:05.581+0000] {processor.py:208} INFO - Processing /opt/airflow/dags/main.py took 0.507 seconds
[2026-04-30T11:13:35.736+0000] {processor.py:186} INFO - Started process (PID=760) to work on /opt/airflow/dags/main.py
[2026-04-30T11:13:35.737+0000] {processor.py:914} INFO - Processing file /opt/airflow/dags/main.py for tasks to queue
[2026-04-30T11:13:35.741+0000] {logging_mixin.py:190} INFO - [2026-04-30T11:13:35.741+0000] {dagbag.py:588} INFO - Filling up the DagBag from /opt/airflow/dags/main.py
[2026-04-30T11:13:36.173+0000] {processor.py:925} INFO - DAG(s) 'orders_kafka_to_s3' retrieved from /opt/airflow/dags/main.py
[2026-04-30T11:13:36.199+0000] {logging_mixin.py:190} INFO - [2026-04-30T11:13:36.199+0000] {dag.py:3239} INFO - Sync 1 DAGs
[2026-04-30T11:13:36.227+0000] {logging_mixin.py:190} INFO - [2026-04-30T11:13:36.227+0000] {dag.py:4180} INFO - Setting next_dagrun for orders_kafka_to_s3 to 2026-04-30 00:00:00+00:00, run_after=2026-05-01 00:00:00+00:00
[2026-04-30T11:13:36.255+0000] {processor.py:208} INFO - Processing /opt/airflow/dags/main.py took 0.531 seconds
[2026-04-30T11:14:06.669+0000] {processor.py:186} INFO - Started process (PID=767) to work on /opt/airflow/dags/main.py
[2026-04-30T11:14:06.671+0000] {processor.py:914} INFO - Processing file /opt/airflow/dags/main.py for tasks to queue
[2026-04-30T11:14:06.675+0000] {logging_mixin.py:190} INFO - [2026-04-30T11:14:06.674+0000] {dagbag.py:588} INFO - Filling up the DagBag from /opt/airflow/dags/main.py
[2026-04-30T11:14:07.139+0000] {processor.py:925} INFO - DAG(s) 'orders_kafka_to_s3' retrieved from /opt/airflow/dags/main.py
[2026-04-30T11:14:07.174+0000] {logging_mixin.py:190} INFO - [2026-04-30T11:14:07.174+0000] {dag.py:3239} INFO - Sync 1 DAGs
[2026-04-30T11:14:07.226+0000] {logging_mixin.py:190} INFO - [2026-04-30T11:14:07.225+0000] {dag.py:4180} INFO - Setting next_dagrun for orders_kafka_to_s3 to 2026-04-30 00:00:00+00:00, run_after=2026-05-01 00:00:00+00:00
[2026-04-30T11:14:07.259+0000] {processor.py:208} INFO - Processing /opt/airflow/dags/main.py took 0.601 seconds
[2026-04-30T11:14:38.146+0000] {processor.py:186} INFO - Started process (PID=774) to work on /opt/airflow/dags/main.py
[2026-04-30T11:14:38.148+0000] {processor.py:914} INFO - Processing file /opt/airflow/dags/main.py for tasks to queue
[2026-04-30T11:14:38.152+0000] {logging_mixin.py:190} INFO - [2026-04-30T11:14:38.151+0000] {dagbag.py:588} INFO - Filling up the DagBag from /opt/airflow/dags/main.py
[2026-04-30T11:14:38.320+0000] {processor.py:925} INFO - DAG(s) 'orders_kafka_to_s3' retrieved from /opt/airflow/dags/main.py
[2026-04-30T11:14:38.640+0000] {logging_mixin.py:190} INFO - [2026-04-30T11:14:38.639+0000] {dag.py:3239} INFO - Sync 1 DAGs
[2026-04-30T11:14:38.669+0000] {logging_mixin.py:190} INFO - [2026-04-30T11:14:38.669+0000] {dag.py:4180} INFO - Setting next_dagrun for orders_kafka_to_s3 to 2026-04-30 00:00:00+00:00, run_after=2026-05-01 00:00:00+00:00
[2026-04-30T11:14:38.696+0000] {processor.py:208} INFO - Processing /opt/airflow/dags/main.py took 0.558 seconds
[2026-04-30T11:15:08.960+0000] {processor.py:186} INFO - Started process (PID=787) to work on /opt/airflow/dags/main.py
[2026-04-30T11:15:08.961+0000] {processor.py:914} INFO - Processing file /opt/airflow/dags/main.py for tasks to queue
[2026-04-30T11:15:08.966+0000] {logging_mixin.py:190} INFO - [2026-04-30T11:15:08.965+0000] {dagbag.py:588} INFO - Filling up the DagBag from /opt/airflow/dags/main.py
[2026-04-30T11:15:09.151+0000] {processor.py:925} INFO - DAG(s) 'orders_kafka_to_s3' retrieved from /opt/airflow/dags/main.py
[2026-04-30T11:15:09.465+0000] {logging_mixin.py:190} INFO - [2026-04-30T11:15:09.464+0000] {dag.py:3239} INFO - Sync 1 DAGs
[2026-04-30T11:15:09.500+0000] {logging_mixin.py:190} INFO - [2026-04-30T11:15:09.500+0000] {dag.py:4180} INFO - Setting next_dagrun for orders_kafka_to_s3 to 2026-04-30 00:00:00+00:00, run_after=2026-05-01 00:00:00+00:00
[2026-04-30T11:15:09.533+0000] {processor.py:208} INFO - Processing /opt/airflow/dags/main.py took 0.582 seconds
[2026-04-30T11:15:39.676+0000] {processor.py:186} INFO - Started process (PID=794) to work on /opt/airflow/dags/main.py
[2026-04-30T11:15:39.678+0000] {processor.py:914} INFO - Processing file /opt/airflow/dags/main.py for tasks to queue
[2026-04-30T11:15:39.682+0000] {logging_mixin.py:190} INFO - [2026-04-30T11:15:39.682+0000] {dagbag.py:588} INFO - Filling up the DagBag from /opt/airflow/dags/main.py
[2026-04-30T11:15:40.110+0000] {processor.py:925} INFO - DAG(s) 'orders_kafka_to_s3' retrieved from /opt/airflow/dags/main.py
[2026-04-30T11:15:40.146+0000] {logging_mixin.py:190} INFO - [2026-04-30T11:15:40.145+0000] {dag.py:3239} INFO - Sync 1 DAGs
[2026-04-30T11:15:40.181+0000] {logging_mixin.py:190} INFO - [2026-04-30T11:15:40.181+0000] {dag.py:4180} INFO - Setting next_dagrun for orders_kafka_to_s3 to 2026-04-30 00:00:00+00:00, run_after=2026-05-01 00:00:00+00:00
[2026-04-30T11:15:40.209+0000] {processor.py:208} INFO - Processing /opt/airflow/dags/main.py took 0.545 seconds
[2026-04-30T11:16:10.440+0000] {processor.py:186} INFO - Started process (PID=801) to work on /opt/airflow/dags/main.py
[2026-04-30T11:16:10.442+0000] {processor.py:914} INFO - Processing file /opt/airflow/dags/main.py for tasks to queue
[2026-04-30T11:16:10.447+0000] {logging_mixin.py:190} INFO - [2026-04-30T11:16:10.446+0000] {dagbag.py:588} INFO - Filling up the DagBag from /opt/airflow/dags/main.py
[2026-04-30T11:16:11.181+0000] {processor.py:925} INFO - DAG(s) 'orders_kafka_to_s3' retrieved from /opt/airflow/dags/main.py
[2026-04-30T11:16:11.238+0000] {logging_mixin.py:190} INFO - [2026-04-30T11:16:11.238+0000] {dag.py:3239} INFO - Sync 1 DAGs
[2026-04-30T11:16:11.279+0000] {logging_mixin.py:190} INFO - [2026-04-30T11:16:11.279+0000] {dag.py:4180} INFO - Setting next_dagrun for orders_kafka_to_s3 to 2026-04-30 00:00:00+00:00, run_after=2026-05-01 00:00:00+00:00
[2026-04-30T11:16:11.316+0000] {processor.py:208} INFO - Processing /opt/airflow/dags/main.py took 0.888 seconds
[2026-04-30T11:16:41.534+0000] {processor.py:186} INFO - Started process (PID=808) to work on /opt/airflow/dags/main.py
[2026-04-30T11:16:41.546+0000] {processor.py:914} INFO - Processing file /opt/airflow/dags/main.py for tasks to queue
[2026-04-30T11:16:41.554+0000] {logging_mixin.py:190} INFO - [2026-04-30T11:16:41.553+0000] {dagbag.py:588} INFO - Filling up the DagBag from /opt/airflow/dags/main.py
[2026-04-30T11:16:42.127+0000] {processor.py:925} INFO - DAG(s) 'orders_kafka_to_s3' retrieved from /opt/airflow/dags/main.py
[2026-04-30T11:16:42.172+0000] {logging_mixin.py:190} INFO - [2026-04-30T11:16:42.171+0000] {dag.py:3239} INFO - Sync 1 DAGs
[2026-04-30T11:16:42.220+0000] {logging_mixin.py:190} INFO - [2026-04-30T11:16:42.219+0000] {dag.py:4180} INFO - Setting next_dagrun for orders_kafka_to_s3 to 2026-04-30 00:00:00+00:00, run_after=2026-05-01 00:00:00+00:00
[2026-04-30T11:16:42.252+0000] {processor.py:208} INFO - Processing /opt/airflow/dags/main.py took 0.759 seconds
[2026-04-30T11:17:12.370+0000] {processor.py:186} INFO - Started process (PID=815) to work on /opt/airflow/dags/main.py
[2026-04-30T11:17:12.372+0000] {processor.py:914} INFO - Processing file /opt/airflow/dags/main.py for tasks to queue
[2026-04-30T11:17:12.375+0000] {logging_mixin.py:190} INFO - [2026-04-30T11:17:12.375+0000] {dagbag.py:588} INFO - Filling up the DagBag from /opt/airflow/dags/main.py
[2026-04-30T11:17:12.561+0000] {processor.py:925} INFO - DAG(s) 'orders_kafka_to_s3' retrieved from /opt/airflow/dags/main.py
[2026-04-30T11:17:12.602+0000] {logging_mixin.py:190} INFO - [2026-04-30T11:17:12.602+0000] {dag.py:3239} INFO - Sync 1 DAGs
[2026-04-30T11:17:12.824+0000] {logging_mixin.py:190} INFO - [2026-04-30T11:17:12.824+0000] {dag.py:4180} INFO - Setting next_dagrun for orders_kafka_to_s3 to 2026-04-30 00:00:00+00:00, run_after=2026-05-01 00:00:00+00:00
[2026-04-30T11:17:12.852+0000] {processor.py:208} INFO - Processing /opt/airflow/dags/main.py took 0.492 seconds
[2026-04-30T11:17:43.022+0000] {processor.py:186} INFO - Started process (PID=822) to work on /opt/airflow/dags/main.py
[2026-04-30T11:17:43.026+0000] {processor.py:914} INFO - Processing file /opt/airflow/dags/main.py for tasks to queue
[2026-04-30T11:17:43.035+0000] {logging_mixin.py:190} INFO - [2026-04-30T11:17:43.034+0000] {dagbag.py:588} INFO - Filling up the DagBag from /opt/airflow/dags/main.py
[2026-04-30T11:17:43.376+0000] {processor.py:925} INFO - DAG(s) 'orders_kafka_to_s3' retrieved from /opt/airflow/dags/main.py
[2026-04-30T11:17:43.806+0000] {logging_mixin.py:190} INFO - [2026-04-30T11:17:43.805+0000] {dag.py:3239} INFO - Sync 1 DAGs
[2026-04-30T11:17:43.863+0000] {logging_mixin.py:190} INFO - [2026-04-30T11:17:43.862+0000] {dag.py:4180} INFO - Setting next_dagrun for orders_kafka_to_s3 to 2026-04-30 00:00:00+00:00, run_after=2026-05-01 00:00:00+00:00
[2026-04-30T11:17:43.905+0000] {processor.py:208} INFO - Processing /opt/airflow/dags/main.py took 0.911 seconds
[2026-04-30T11:18:14.444+0000] {processor.py:186} INFO - Started process (PID=829) to work on /opt/airflow/dags/main.py
[2026-04-30T11:18:14.459+0000] {processor.py:914} INFO - Processing file /opt/airflow/dags/main.py for tasks to queue
[2026-04-30T11:18:14.493+0000] {logging_mixin.py:190} INFO - [2026-04-30T11:18:14.491+0000] {dagbag.py:588} INFO - Filling up the DagBag from /opt/airflow/dags/main.py
[2026-04-30T11:18:16.824+0000] {processor.py:925} INFO - DAG(s) 'orders_kafka_to_s3' retrieved from /opt/airflow/dags/main.py
[2026-04-30T11:18:16.987+0000] {logging_mixin.py:190} INFO - [2026-04-30T11:18:16.986+0000] {dag.py:3239} INFO - Sync 1 DAGs
[2026-04-30T11:18:17.232+0000] {logging_mixin.py:190} INFO - [2026-04-30T11:18:17.230+0000] {dag.py:4180} INFO - Setting next_dagrun for orders_kafka_to_s3 to 2026-04-30 00:00:00+00:00, run_after=2026-05-01 00:00:00+00:00
[2026-04-30T11:18:17.363+0000] {processor.py:208} INFO - Processing /opt/airflow/dags/main.py took 3.003 seconds
[2026-04-30T11:18:47.621+0000] {processor.py:186} INFO - Started process (PID=836) to work on /opt/airflow/dags/main.py
[2026-04-30T11:18:47.624+0000] {processor.py:914} INFO - Processing file /opt/airflow/dags/main.py for tasks to queue
[2026-04-30T11:18:47.631+0000] {logging_mixin.py:190} INFO - [2026-04-30T11:18:47.630+0000] {dagbag.py:588} INFO - Filling up the DagBag from /opt/airflow/dags/main.py
[2026-04-30T11:18:48.884+0000] {processor.py:925} INFO - DAG(s) 'orders_kafka_to_s3' retrieved from /opt/airflow/dags/main.py
[2026-04-30T11:18:48.962+0000] {logging_mixin.py:190} INFO - [2026-04-30T11:18:48.961+0000] {dag.py:3239} INFO - Sync 1 DAGs
[2026-04-30T11:18:49.039+0000] {logging_mixin.py:190} INFO - [2026-04-30T11:18:49.039+0000] {dag.py:4180} INFO - Setting next_dagrun for orders_kafka_to_s3 to 2026-04-30 00:00:00+00:00, run_after=2026-05-01 00:00:00+00:00
[2026-04-30T11:18:49.097+0000] {processor.py:208} INFO - Processing /opt/airflow/dags/main.py took 1.501 seconds
[2026-04-30T11:19:19.351+0000] {processor.py:186} INFO - Started process (PID=849) to work on /opt/airflow/dags/main.py
[2026-04-30T11:19:19.353+0000] {processor.py:914} INFO - Processing file /opt/airflow/dags/main.py for tasks to queue
[2026-04-30T11:19:19.356+0000] {logging_mixin.py:190} INFO - [2026-04-30T11:19:19.356+0000] {dagbag.py:588} INFO - Filling up the DagBag from /opt/airflow/dags/main.py
[2026-04-30T11:19:19.703+0000] {processor.py:925} INFO - DAG(s) 'orders_kafka_to_s3' retrieved from /opt/airflow/dags/main.py
[2026-04-30T11:19:19.735+0000] {logging_mixin.py:190} INFO - [2026-04-30T11:19:19.735+0000] {dag.py:3239} INFO - Sync 1 DAGs
[2026-04-30T11:19:19.767+0000] {logging_mixin.py:190} INFO - [2026-04-30T11:19:19.767+0000] {dag.py:4180} INFO - Setting next_dagrun for orders_kafka_to_s3 to 2026-04-30 00:00:00+00:00, run_after=2026-05-01 00:00:00+00:00
[2026-04-30T11:19:19.799+0000] {processor.py:208} INFO - Processing /opt/airflow/dags/main.py took 0.456 seconds
[2026-04-30T11:19:49.982+0000] {processor.py:186} INFO - Started process (PID=856) to work on /opt/airflow/dags/main.py
[2026-04-30T11:19:49.984+0000] {processor.py:914} INFO - Processing file /opt/airflow/dags/main.py for tasks to queue
[2026-04-30T11:19:49.987+0000] {logging_mixin.py:190} INFO - [2026-04-30T11:19:49.987+0000] {dagbag.py:588} INFO - Filling up the DagBag from /opt/airflow/dags/main.py
[2026-04-30T11:19:50.315+0000] {processor.py:925} INFO - DAG(s) 'orders_kafka_to_s3' retrieved from /opt/airflow/dags/main.py
[2026-04-30T11:19:50.341+0000] {logging_mixin.py:190} INFO - [2026-04-30T11:19:50.341+0000] {dag.py:3239} INFO - Sync 1 DAGs
[2026-04-30T11:19:50.369+0000] {logging_mixin.py:190} INFO - [2026-04-30T11:19:50.369+0000] {dag.py:4180} INFO - Setting next_dagrun for orders_kafka_to_s3 to 2026-04-30 00:00:00+00:00, run_after=2026-05-01 00:00:00+00:00
[2026-04-30T11:19:50.392+0000] {processor.py:208} INFO - Processing /opt/airflow/dags/main.py took 0.418 seconds
[2026-04-30T11:20:20.521+0000] {processor.py:186} INFO - Started process (PID=863) to work on /opt/airflow/dags/main.py
[2026-04-30T11:20:20.523+0000] {processor.py:914} INFO - Processing file /opt/airflow/dags/main.py for tasks to queue
[2026-04-30T11:20:20.527+0000] {logging_mixin.py:190} INFO - [2026-04-30T11:20:20.527+0000] {dagbag.py:588} INFO - Filling up the DagBag from /opt/airflow/dags/main.py
[2026-04-30T11:20:20.717+0000] {processor.py:925} INFO - DAG(s) 'orders_kafka_to_s3' retrieved from /opt/airflow/dags/main.py
[2026-04-30T11:20:21.001+0000] {logging_mixin.py:190} INFO - [2026-04-30T11:20:21.001+0000] {dag.py:3239} INFO - Sync 1 DAGs
[2026-04-30T11:20:21.039+0000] {logging_mixin.py:190} INFO - [2026-04-30T11:20:21.039+0000] {dag.py:4180} INFO - Setting next_dagrun for orders_kafka_to_s3 to 2026-04-30 00:00:00+00:00, run_after=2026-05-01 00:00:00+00:00
[2026-04-30T11:20:21.071+0000] {processor.py:208} INFO - Processing /opt/airflow/dags/main.py took 0.564 seconds
[2026-04-30T11:20:51.265+0000] {processor.py:186} INFO - Started process (PID=870) to work on /opt/airflow/dags/main.py
[2026-04-30T11:20:51.266+0000] {processor.py:914} INFO - Processing file /opt/airflow/dags/main.py for tasks to queue
[2026-04-30T11:20:51.270+0000] {logging_mixin.py:190} INFO - [2026-04-30T11:20:51.269+0000] {dagbag.py:588} INFO - Filling up the DagBag from /opt/airflow/dags/main.py
[2026-04-30T11:20:51.602+0000] {processor.py:925} INFO - DAG(s) 'orders_kafka_to_s3' retrieved from /opt/airflow/dags/main.py
[2026-04-30T11:20:51.627+0000] {logging_mixin.py:190} INFO - [2026-04-30T11:20:51.627+0000] {dag.py:3239} INFO - Sync 1 DAGs
[2026-04-30T11:20:51.651+0000] {logging_mixin.py:190} INFO - [2026-04-30T11:20:51.650+0000] {dag.py:4180} INFO - Setting next_dagrun for orders_kafka_to_s3 to 2026-04-30 00:00:00+00:00, run_after=2026-05-01 00:00:00+00:00
[2026-04-30T11:20:51.678+0000] {processor.py:208} INFO - Processing /opt/airflow/dags/main.py took 0.422 seconds
[2026-04-30T11:21:21.919+0000] {processor.py:186} INFO - Started process (PID=877) to work on /opt/airflow/dags/main.py
[2026-04-30T11:21:21.920+0000] {processor.py:914} INFO - Processing file /opt/airflow/dags/main.py for tasks to queue
[2026-04-30T11:21:21.926+0000] {logging_mixin.py:190} INFO - [2026-04-30T11:21:21.925+0000] {dagbag.py:588} INFO - Filling up the DagBag from /opt/airflow/dags/main.py
[2026-04-30T11:21:22.271+0000] {processor.py:925} INFO - DAG(s) 'orders_kafka_to_s3' retrieved from /opt/airflow/dags/main.py
[2026-04-30T11:21:22.297+0000] {logging_mixin.py:190} INFO - [2026-04-30T11:21:22.296+0000] {dag.py:3239} INFO - Sync 1 DAGs
[2026-04-30T11:21:22.324+0000] {logging_mixin.py:190} INFO - [2026-04-30T11:21:22.323+0000] {dag.py:4180} INFO - Setting next_dagrun for orders_kafka_to_s3 to 2026-04-30 00:00:00+00:00, run_after=2026-05-01 00:00:00+00:00
[2026-04-30T11:21:22.351+0000] {processor.py:208} INFO - Processing /opt/airflow/dags/main.py took 0.444 seconds
[2026-04-30T11:21:52.756+0000] {processor.py:186} INFO - Started process (PID=884) to work on /opt/airflow/dags/main.py
[2026-04-30T11:21:52.757+0000] {processor.py:914} INFO - Processing file /opt/airflow/dags/main.py for tasks to queue
[2026-04-30T11:21:52.760+0000] {logging_mixin.py:190} INFO - [2026-04-30T11:21:52.760+0000] {dagbag.py:588} INFO - Filling up the DagBag from /opt/airflow/dags/main.py
[2026-04-30T11:21:53.097+0000] {processor.py:925} INFO - DAG(s) 'orders_kafka_to_s3' retrieved from /opt/airflow/dags/main.py
[2026-04-30T11:21:53.125+0000] {logging_mixin.py:190} INFO - [2026-04-30T11:21:53.124+0000] {dag.py:3239} INFO - Sync 1 DAGs
[2026-04-30T11:21:53.153+0000] {logging_mixin.py:190} INFO - [2026-04-30T11:21:53.152+0000] {dag.py:4180} INFO - Setting next_dagrun for orders_kafka_to_s3 to 2026-04-30 00:00:00+00:00, run_after=2026-05-01 00:00:00+00:00
[2026-04-30T11:21:53.177+0000] {processor.py:208} INFO - Processing /opt/airflow/dags/main.py took 0.429 seconds
[2026-04-30T11:22:23.560+0000] {processor.py:186} INFO - Started process (PID=891) to work on /opt/airflow/dags/main.py
[2026-04-30T11:22:23.563+0000] {processor.py:914} INFO - Processing file /opt/airflow/dags/main.py for tasks to queue
[2026-04-30T11:22:23.568+0000] {logging_mixin.py:190} INFO - [2026-04-30T11:22:23.567+0000] {dagbag.py:588} INFO - Filling up the DagBag from /opt/airflow/dags/main.py
[2026-04-30T11:22:23.978+0000] {processor.py:925} INFO - DAG(s) 'orders_kafka_to_s3' retrieved from /opt/airflow/dags/main.py
[2026-04-30T11:22:24.013+0000] {logging_mixin.py:190} INFO - [2026-04-30T11:22:24.012+0000] {dag.py:3239} INFO - Sync 1 DAGs
[2026-04-30T11:22:24.051+0000] {logging_mixin.py:190} INFO - [2026-04-30T11:22:24.051+0000] {dag.py:4180} INFO - Setting next_dagrun for orders_kafka_to_s3 to 2026-04-30 00:00:00+00:00, run_after=2026-05-01 00:00:00+00:00
[2026-04-30T11:22:24.083+0000] {processor.py:208} INFO - Processing /opt/airflow/dags/main.py took 0.542 seconds
[2026-04-30T11:22:54.200+0000] {processor.py:186} INFO - Started process (PID=898) to work on /opt/airflow/dags/main.py
[2026-04-30T11:22:54.202+0000] {processor.py:914} INFO - Processing file /opt/airflow/dags/main.py for tasks to queue
[2026-04-30T11:22:54.207+0000] {logging_mixin.py:190} INFO - [2026-04-30T11:22:54.206+0000] {dagbag.py:588} INFO - Filling up the DagBag from /opt/airflow/dags/main.py
[2026-04-30T11:22:54.374+0000] {processor.py:925} INFO - DAG(s) 'orders_kafka_to_s3' retrieved from /opt/airflow/dags/main.py
[2026-04-30T11:22:54.605+0000] {logging_mixin.py:190} INFO - [2026-04-30T11:22:54.605+0000] {dag.py:3239} INFO - Sync 1 DAGs
[2026-04-30T11:22:54.636+0000] {logging_mixin.py:190} INFO - [2026-04-30T11:22:54.636+0000] {dag.py:4180} INFO - Setting next_dagrun for orders_kafka_to_s3 to 2026-04-30 00:00:00+00:00, run_after=2026-05-01 00:00:00+00:00
[2026-04-30T11:22:54.669+0000] {processor.py:208} INFO - Processing /opt/airflow/dags/main.py took 0.480 seconds
[2026-04-30T11:23:25.041+0000] {processor.py:186} INFO - Started process (PID=905) to work on /opt/airflow/dags/main.py
[2026-04-30T11:23:25.043+0000] {processor.py:914} INFO - Processing file /opt/airflow/dags/main.py for tasks to queue
[2026-04-30T11:23:25.046+0000] {logging_mixin.py:190} INFO - [2026-04-30T11:23:25.046+0000] {dagbag.py:588} INFO - Filling up the DagBag from /opt/airflow/dags/main.py
[2026-04-30T11:23:25.417+0000] {processor.py:925} INFO - DAG(s) 'orders_kafka_to_s3' retrieved from /opt/airflow/dags/main.py
[2026-04-30T11:23:25.448+0000] {logging_mixin.py:190} INFO - [2026-04-30T11:23:25.448+0000] {dag.py:3239} INFO - Sync 1 DAGs
[2026-04-30T11:23:25.478+0000] {logging_mixin.py:190} INFO - [2026-04-30T11:23:25.478+0000] {dag.py:4180} INFO - Setting next_dagrun for orders_kafka_to_s3 to 2026-04-30 00:00:00+00:00, run_after=2026-05-01 00:00:00+00:00
[2026-04-30T11:23:25.507+0000] {processor.py:208} INFO - Processing /opt/airflow/dags/main.py took 0.477 seconds
[2026-04-30T11:23:55.802+0000] {processor.py:186} INFO - Started process (PID=918) to work on /opt/airflow/dags/main.py
[2026-04-30T11:23:55.804+0000] {processor.py:914} INFO - Processing file /opt/airflow/dags/main.py for tasks to queue
[2026-04-30T11:23:55.814+0000] {logging_mixin.py:190} INFO - [2026-04-30T11:23:55.813+0000] {dagbag.py:588} INFO - Filling up the DagBag from /opt/airflow/dags/main.py
[2026-04-30T11:23:56.223+0000] {processor.py:925} INFO - DAG(s) 'orders_kafka_to_s3' retrieved from /opt/airflow/dags/main.py
[2026-04-30T11:23:56.269+0000] {logging_mixin.py:190} INFO - [2026-04-30T11:23:56.268+0000] {dag.py:3239} INFO - Sync 1 DAGs
[2026-04-30T11:23:56.325+0000] {logging_mixin.py:190} INFO - [2026-04-30T11:23:56.325+0000] {dag.py:4180} INFO - Setting next_dagrun for orders_kafka_to_s3 to 2026-04-30 00:00:00+00:00, run_after=2026-05-01 00:00:00+00:00
[2026-04-30T11:23:56.360+0000] {processor.py:208} INFO - Processing /opt/airflow/dags/main.py took 0.572 seconds
[2026-04-30T11:24:27.271+0000] {processor.py:186} INFO - Started process (PID=925) to work on /opt/airflow/dags/main.py
[2026-04-30T11:24:27.273+0000] {processor.py:914} INFO - Processing file /opt/airflow/dags/main.py for tasks to queue
[2026-04-30T11:24:27.278+0000] {logging_mixin.py:190} INFO - [2026-04-30T11:24:27.277+0000] {dagbag.py:588} INFO - Filling up the DagBag from /opt/airflow/dags/main.py
[2026-04-30T11:24:27.740+0000] {processor.py:925} INFO - DAG(s) 'orders_kafka_to_s3' retrieved from /opt/airflow/dags/main.py
[2026-04-30T11:24:27.795+0000] {logging_mixin.py:190} INFO - [2026-04-30T11:24:27.794+0000] {dag.py:3239} INFO - Sync 1 DAGs
[2026-04-30T11:24:27.850+0000] {logging_mixin.py:190} INFO - [2026-04-30T11:24:27.850+0000] {dag.py:4180} INFO - Setting next_dagrun for orders_kafka_to_s3 to 2026-04-30 00:00:00+00:00, run_after=2026-05-01 00:00:00+00:00
[2026-04-30T11:24:27.895+0000] {processor.py:208} INFO - Processing /opt/airflow/dags/main.py took 0.639 seconds
[2026-04-30T11:24:58.369+0000] {processor.py:186} INFO - Started process (PID=931) to work on /opt/airflow/dags/main.py
[2026-04-30T11:24:58.372+0000] {processor.py:914} INFO - Processing file /opt/airflow/dags/main.py for tasks to queue
[2026-04-30T11:24:58.378+0000] {logging_mixin.py:190} INFO - [2026-04-30T11:24:58.377+0000] {dagbag.py:588} INFO - Filling up the DagBag from /opt/airflow/dags/main.py
[2026-04-30T11:24:58.773+0000] {processor.py:925} INFO - DAG(s) 'orders_kafka_to_s3' retrieved from /opt/airflow/dags/main.py
[2026-04-30T11:24:58.797+0000] {logging_mixin.py:190} INFO - [2026-04-30T11:24:58.797+0000] {dag.py:3239} INFO - Sync 1 DAGs
[2026-04-30T11:24:58.825+0000] {logging_mixin.py:190} INFO - [2026-04-30T11:24:58.825+0000] {dag.py:4180} INFO - Setting next_dagrun for orders_kafka_to_s3 to 2026-04-30 00:00:00+00:00, run_after=2026-05-01 00:00:00+00:00
[2026-04-30T11:24:58.851+0000] {processor.py:208} INFO - Processing /opt/airflow/dags/main.py took 0.495 seconds
[2026-04-30T11:25:28.931+0000] {processor.py:186} INFO - Started process (PID=938) to work on /opt/airflow/dags/main.py
[2026-04-30T11:25:28.933+0000] {processor.py:914} INFO - Processing file /opt/airflow/dags/main.py for tasks to queue
[2026-04-30T11:25:28.937+0000] {logging_mixin.py:190} INFO - [2026-04-30T11:25:28.936+0000] {dagbag.py:588} INFO - Filling up the DagBag from /opt/airflow/dags/main.py
[2026-04-30T11:25:29.096+0000] {processor.py:925} INFO - DAG(s) 'orders_kafka_to_s3' retrieved from /opt/airflow/dags/main.py
[2026-04-30T11:25:29.314+0000] {logging_mixin.py:190} INFO - [2026-04-30T11:25:29.313+0000] {dag.py:3239} INFO - Sync 1 DAGs
[2026-04-30T11:25:29.343+0000] {logging_mixin.py:190} INFO - [2026-04-30T11:25:29.343+0000] {dag.py:4180} INFO - Setting next_dagrun for orders_kafka_to_s3 to 2026-04-30 00:00:00+00:00, run_after=2026-05-01 00:00:00+00:00
[2026-04-30T11:25:29.372+0000] {processor.py:208} INFO - Processing /opt/airflow/dags/main.py took 0.450 seconds
[2026-04-30T11:25:59.768+0000] {processor.py:186} INFO - Started process (PID=945) to work on /opt/airflow/dags/main.py
[2026-04-30T11:25:59.771+0000] {processor.py:914} INFO - Processing file /opt/airflow/dags/main.py for tasks to queue
[2026-04-30T11:25:59.775+0000] {logging_mixin.py:190} INFO - [2026-04-30T11:25:59.774+0000] {dagbag.py:588} INFO - Filling up the DagBag from /opt/airflow/dags/main.py
[2026-04-30T11:26:00.179+0000] {processor.py:925} INFO - DAG(s) 'orders_kafka_to_s3' retrieved from /opt/airflow/dags/main.py
[2026-04-30T11:26:00.213+0000] {logging_mixin.py:190} INFO - [2026-04-30T11:26:00.213+0000] {dag.py:3239} INFO - Sync 1 DAGs
[2026-04-30T11:26:00.258+0000] {logging_mixin.py:190} INFO - [2026-04-30T11:26:00.258+0000] {dag.py:4180} INFO - Setting next_dagrun for orders_kafka_to_s3 to 2026-04-30 00:00:00+00:00, run_after=2026-05-01 00:00:00+00:00
[2026-04-30T11:26:00.295+0000] {processor.py:208} INFO - Processing /opt/airflow/dags/main.py took 0.545 seconds
[2026-04-30T11:26:31.115+0000] {processor.py:186} INFO - Started process (PID=952) to work on /opt/airflow/dags/main.py
[2026-04-30T11:26:31.117+0000] {processor.py:914} INFO - Processing file /opt/airflow/dags/main.py for tasks to queue
[2026-04-30T11:26:31.119+0000] {logging_mixin.py:190} INFO - [2026-04-30T11:26:31.119+0000] {dagbag.py:588} INFO - Filling up the DagBag from /opt/airflow/dags/main.py
[2026-04-30T11:26:31.465+0000] {processor.py:925} INFO - DAG(s) 'orders_kafka_to_s3' retrieved from /opt/airflow/dags/main.py
[2026-04-30T11:26:31.492+0000] {logging_mixin.py:190} INFO - [2026-04-30T11:26:31.492+0000] {dag.py:3239} INFO - Sync 1 DAGs
[2026-04-30T11:26:31.519+0000] {logging_mixin.py:190} INFO - [2026-04-30T11:26:31.519+0000] {dag.py:4180} INFO - Setting next_dagrun for orders_kafka_to_s3 to 2026-04-30 00:00:00+00:00, run_after=2026-05-01 00:00:00+00:00
[2026-04-30T11:26:31.548+0000] {processor.py:208} INFO - Processing /opt/airflow/dags/main.py took 0.447 seconds
[2026-04-30T11:27:02.279+0000] {processor.py:186} INFO - Started process (PID=959) to work on /opt/airflow/dags/main.py
[2026-04-30T11:27:02.281+0000] {processor.py:914} INFO - Processing file /opt/airflow/dags/main.py for tasks to queue
[2026-04-30T11:27:02.286+0000] {logging_mixin.py:190} INFO - [2026-04-30T11:27:02.285+0000] {dagbag.py:588} INFO - Filling up the DagBag from /opt/airflow/dags/main.py
[2026-04-30T11:27:02.731+0000] {processor.py:925} INFO - DAG(s) 'orders_kafka_to_s3' retrieved from /opt/airflow/dags/main.py
[2026-04-30T11:27:02.767+0000] {logging_mixin.py:190} INFO - [2026-04-30T11:27:02.766+0000] {dag.py:3239} INFO - Sync 1 DAGs
[2026-04-30T11:27:02.801+0000] {logging_mixin.py:190} INFO - [2026-04-30T11:27:02.800+0000] {dag.py:4180} INFO - Setting next_dagrun for orders_kafka_to_s3 to 2026-04-30 00:00:00+00:00, run_after=2026-05-01 00:00:00+00:00
[2026-04-30T11:27:02.824+0000] {processor.py:208} INFO - Processing /opt/airflow/dags/main.py took 0.567 seconds
[2026-04-30T11:27:33.214+0000] {processor.py:186} INFO - Started process (PID=966) to work on /opt/airflow/dags/main.py
[2026-04-30T11:27:33.215+0000] {processor.py:914} INFO - Processing file /opt/airflow/dags/main.py for tasks to queue
[2026-04-30T11:27:33.219+0000] {logging_mixin.py:190} INFO - [2026-04-30T11:27:33.218+0000] {dagbag.py:588} INFO - Filling up the DagBag from /opt/airflow/dags/main.py
[2026-04-30T11:27:33.562+0000] {processor.py:925} INFO - DAG(s) 'orders_kafka_to_s3' retrieved from /opt/airflow/dags/main.py
[2026-04-30T11:27:33.588+0000] {logging_mixin.py:190} INFO - [2026-04-30T11:27:33.588+0000] {dag.py:3239} INFO - Sync 1 DAGs
[2026-04-30T11:27:33.616+0000] {logging_mixin.py:190} INFO - [2026-04-30T11:27:33.616+0000] {dag.py:4180} INFO - Setting next_dagrun for orders_kafka_to_s3 to 2026-04-30 00:00:00+00:00, run_after=2026-05-01 00:00:00+00:00
[2026-04-30T11:27:33.648+0000] {processor.py:208} INFO - Processing /opt/airflow/dags/main.py took 0.442 seconds
[2026-04-30T11:28:04.062+0000] {processor.py:186} INFO - Started process (PID=973) to work on /opt/airflow/dags/main.py
[2026-04-30T11:28:04.064+0000] {processor.py:914} INFO - Processing file /opt/airflow/dags/main.py for tasks to queue
[2026-04-30T11:28:04.073+0000] {logging_mixin.py:190} INFO - [2026-04-30T11:28:04.072+0000] {dagbag.py:588} INFO - Filling up the DagBag from /opt/airflow/dags/main.py
[2026-04-30T11:28:04.285+0000] {processor.py:925} INFO - DAG(s) 'orders_kafka_to_s3' retrieved from /opt/airflow/dags/main.py
[2026-04-30T11:28:04.673+0000] {logging_mixin.py:190} INFO - [2026-04-30T11:28:04.672+0000] {dag.py:3239} INFO - Sync 1 DAGs
[2026-04-30T11:28:04.701+0000] {logging_mixin.py:190} INFO - [2026-04-30T11:28:04.701+0000] {dag.py:4180} INFO - Setting next_dagrun for orders_kafka_to_s3 to 2026-04-30 00:00:00+00:00, run_after=2026-05-01 00:00:00+00:00
[2026-04-30T11:28:04.724+0000] {processor.py:208} INFO - Processing /opt/airflow/dags/main.py took 0.675 seconds
[2026-04-30T11:28:35.150+0000] {processor.py:186} INFO - Started process (PID=986) to work on /opt/airflow/dags/main.py
[2026-04-30T11:28:35.152+0000] {processor.py:914} INFO - Processing file /opt/airflow/dags/main.py for tasks to queue
[2026-04-30T11:28:35.155+0000] {logging_mixin.py:190} INFO - [2026-04-30T11:28:35.155+0000] {dagbag.py:588} INFO - Filling up the DagBag from /opt/airflow/dags/main.py
[2026-04-30T11:28:35.404+0000] {processor.py:925} INFO - DAG(s) 'orders_kafka_to_s3' retrieved from /opt/airflow/dags/main.py
[2026-04-30T11:28:35.880+0000] {logging_mixin.py:190} INFO - [2026-04-30T11:28:35.880+0000] {dag.py:3239} INFO - Sync 1 DAGs
[2026-04-30T11:28:35.913+0000] {logging_mixin.py:190} INFO - [2026-04-30T11:28:35.912+0000] {dag.py:4180} INFO - Setting next_dagrun for orders_kafka_to_s3 to 2026-04-30 00:00:00+00:00, run_after=2026-05-01 00:00:00+00:00
[2026-04-30T11:28:35.938+0000] {processor.py:208} INFO - Processing /opt/airflow/dags/main.py took 0.798 seconds
[2026-04-30T11:29:06.671+0000] {processor.py:186} INFO - Started process (PID=993) to work on /opt/airflow/dags/main.py
[2026-04-30T11:29:06.676+0000] {processor.py:914} INFO - Processing file /opt/airflow/dags/main.py for tasks to queue
[2026-04-30T11:29:06.685+0000] {logging_mixin.py:190} INFO - [2026-04-30T11:29:06.684+0000] {dagbag.py:588} INFO - Filling up the DagBag from /opt/airflow/dags/main.py
[2026-04-30T11:29:07.172+0000] {processor.py:925} INFO - DAG(s) 'orders_kafka_to_s3' retrieved from /opt/airflow/dags/main.py
[2026-04-30T11:29:07.214+0000] {logging_mixin.py:190} INFO - [2026-04-30T11:29:07.214+0000] {dag.py:3239} INFO - Sync 1 DAGs
[2026-04-30T11:29:07.250+0000] {logging_mixin.py:190} INFO - [2026-04-30T11:29:07.250+0000] {dag.py:4180} INFO - Setting next_dagrun for orders_kafka_to_s3 to 2026-04-30 00:00:00+00:00, run_after=2026-05-01 00:00:00+00:00
[2026-04-30T11:29:07.290+0000] {processor.py:208} INFO - Processing /opt/airflow/dags/main.py took 0.659 seconds
[2026-04-30T11:29:37.446+0000] {processor.py:186} INFO - Started process (PID=1000) to work on /opt/airflow/dags/main.py
[2026-04-30T11:29:37.448+0000] {processor.py:914} INFO - Processing file /opt/airflow/dags/main.py for tasks to queue
[2026-04-30T11:29:37.453+0000] {logging_mixin.py:190} INFO - [2026-04-30T11:29:37.452+0000] {dagbag.py:588} INFO - Filling up the DagBag from /opt/airflow/dags/main.py
[2026-04-30T11:29:37.909+0000] {processor.py:925} INFO - DAG(s) 'orders_kafka_to_s3' retrieved from /opt/airflow/dags/main.py
[2026-04-30T11:29:37.954+0000] {logging_mixin.py:190} INFO - [2026-04-30T11:29:37.954+0000] {dag.py:3239} INFO - Sync 1 DAGs
[2026-04-30T11:29:37.996+0000] {logging_mixin.py:190} INFO - [2026-04-30T11:29:37.995+0000] {dag.py:4180} INFO - Setting next_dagrun for orders_kafka_to_s3 to 2026-04-30 00:00:00+00:00, run_after=2026-05-01 00:00:00+00:00
[2026-04-30T11:29:38.035+0000] {processor.py:208} INFO - Processing /opt/airflow/dags/main.py took 0.598 seconds
[2026-04-30T11:30:08.913+0000] {processor.py:186} INFO - Started process (PID=1007) to work on /opt/airflow/dags/main.py
[2026-04-30T11:30:08.920+0000] {processor.py:914} INFO - Processing file /opt/airflow/dags/main.py for tasks to queue
[2026-04-30T11:30:08.931+0000] {logging_mixin.py:190} INFO - [2026-04-30T11:30:08.930+0000] {dagbag.py:588} INFO - Filling up the DagBag from /opt/airflow/dags/main.py
[2026-04-30T11:30:09.381+0000] {processor.py:925} INFO - DAG(s) 'orders_kafka_to_s3' retrieved from /opt/airflow/dags/main.py
[2026-04-30T11:30:09.422+0000] {logging_mixin.py:190} INFO - [2026-04-30T11:30:09.422+0000] {dag.py:3239} INFO - Sync 1 DAGs
[2026-04-30T11:30:09.466+0000] {logging_mixin.py:190} INFO - [2026-04-30T11:30:09.466+0000] {dag.py:4180} INFO - Setting next_dagrun for orders_kafka_to_s3 to 2026-04-30 00:00:00+00:00, run_after=2026-05-01 00:00:00+00:00
[2026-04-30T11:30:09.508+0000] {processor.py:208} INFO - Processing /opt/airflow/dags/main.py took 0.643 seconds
[2026-04-30T11:30:39.683+0000] {processor.py:186} INFO - Started process (PID=1014) to work on /opt/airflow/dags/main.py
[2026-04-30T11:30:39.686+0000] {processor.py:914} INFO - Processing file /opt/airflow/dags/main.py for tasks to queue
[2026-04-30T11:30:39.691+0000] {logging_mixin.py:190} INFO - [2026-04-30T11:30:39.690+0000] {dagbag.py:588} INFO - Filling up the DagBag from /opt/airflow/dags/main.py
[2026-04-30T11:30:40.108+0000] {processor.py:925} INFO - DAG(s) 'orders_kafka_to_s3' retrieved from /opt/airflow/dags/main.py
[2026-04-30T11:30:40.154+0000] {logging_mixin.py:190} INFO - [2026-04-30T11:30:40.154+0000] {dag.py:3239} INFO - Sync 1 DAGs
[2026-04-30T11:30:40.199+0000] {logging_mixin.py:190} INFO - [2026-04-30T11:30:40.199+0000] {dag.py:4180} INFO - Setting next_dagrun for orders_kafka_to_s3 to 2026-04-30 00:00:00+00:00, run_after=2026-05-01 00:00:00+00:00
[2026-04-30T11:30:40.242+0000] {processor.py:208} INFO - Processing /opt/airflow/dags/main.py took 0.570 seconds
[2026-04-30T11:31:10.741+0000] {processor.py:186} INFO - Started process (PID=1021) to work on /opt/airflow/dags/main.py
[2026-04-30T11:31:10.742+0000] {processor.py:914} INFO - Processing file /opt/airflow/dags/main.py for tasks to queue
[2026-04-30T11:31:10.748+0000] {logging_mixin.py:190} INFO - [2026-04-30T11:31:10.747+0000] {dagbag.py:588} INFO - Filling up the DagBag from /opt/airflow/dags/main.py
[2026-04-30T11:31:10.904+0000] {processor.py:925} INFO - DAG(s) 'orders_kafka_to_s3' retrieved from /opt/airflow/dags/main.py
[2026-04-30T11:31:11.216+0000] {logging_mixin.py:190} INFO - [2026-04-30T11:31:11.216+0000] {dag.py:3239} INFO - Sync 1 DAGs
[2026-04-30T11:31:11.257+0000] {logging_mixin.py:190} INFO - [2026-04-30T11:31:11.257+0000] {dag.py:4180} INFO - Setting next_dagrun for orders_kafka_to_s3 to 2026-04-30 00:00:00+00:00, run_after=2026-05-01 00:00:00+00:00
[2026-04-30T11:31:11.297+0000] {processor.py:208} INFO - Processing /opt/airflow/dags/main.py took 0.569 seconds
[2026-04-30T11:31:41.491+0000] {processor.py:186} INFO - Started process (PID=1028) to work on /opt/airflow/dags/main.py
[2026-04-30T11:31:41.493+0000] {processor.py:914} INFO - Processing file /opt/airflow/dags/main.py for tasks to queue
[2026-04-30T11:31:41.498+0000] {logging_mixin.py:190} INFO - [2026-04-30T11:31:41.498+0000] {dagbag.py:588} INFO - Filling up the DagBag from /opt/airflow/dags/main.py
[2026-04-30T11:31:42.185+0000] {processor.py:925} INFO - DAG(s) 'orders_kafka_to_s3' retrieved from /opt/airflow/dags/main.py
[2026-04-30T11:31:42.230+0000] {logging_mixin.py:190} INFO - [2026-04-30T11:31:42.229+0000] {dag.py:3239} INFO - Sync 1 DAGs
[2026-04-30T11:31:42.271+0000] {logging_mixin.py:190} INFO - [2026-04-30T11:31:42.271+0000] {dag.py:4180} INFO - Setting next_dagrun for orders_kafka_to_s3 to 2026-04-30 00:00:00+00:00, run_after=2026-05-01 00:00:00+00:00
[2026-04-30T11:31:42.303+0000] {processor.py:208} INFO - Processing /opt/airflow/dags/main.py took 0.826 seconds
[2026-04-30T11:32:12.438+0000] {processor.py:186} INFO - Started process (PID=1035) to work on /opt/airflow/dags/main.py
[2026-04-30T11:32:12.440+0000] {processor.py:914} INFO - Processing file /opt/airflow/dags/main.py for tasks to queue
[2026-04-30T11:32:12.446+0000] {logging_mixin.py:190} INFO - [2026-04-30T11:32:12.445+0000] {dagbag.py:588} INFO - Filling up the DagBag from /opt/airflow/dags/main.py
[2026-04-30T11:32:12.895+0000] {processor.py:925} INFO - DAG(s) 'orders_kafka_to_s3' retrieved from /opt/airflow/dags/main.py
[2026-04-30T11:32:12.933+0000] {logging_mixin.py:190} INFO - [2026-04-30T11:32:12.933+0000] {dag.py:3239} INFO - Sync 1 DAGs
[2026-04-30T11:32:12.966+0000] {logging_mixin.py:190} INFO - [2026-04-30T11:32:12.966+0000] {dag.py:4180} INFO - Setting next_dagrun for orders_kafka_to_s3 to 2026-04-30 00:00:00+00:00, run_after=2026-05-01 00:00:00+00:00
[2026-04-30T11:32:12.993+0000] {processor.py:208} INFO - Processing /opt/airflow/dags/main.py took 0.566 seconds
[2026-04-30T11:32:43.218+0000] {processor.py:186} INFO - Started process (PID=1048) to work on /opt/airflow/dags/main.py
[2026-04-30T11:32:43.221+0000] {processor.py:914} INFO - Processing file /opt/airflow/dags/main.py for tasks to queue
[2026-04-30T11:32:43.230+0000] {logging_mixin.py:190} INFO - [2026-04-30T11:32:43.229+0000] {dagbag.py:588} INFO - Filling up the DagBag from /opt/airflow/dags/main.py
[2026-04-30T11:32:43.770+0000] {processor.py:925} INFO - DAG(s) 'orders_kafka_to_s3' retrieved from /opt/airflow/dags/main.py
[2026-04-30T11:32:43.820+0000] {logging_mixin.py:190} INFO - [2026-04-30T11:32:43.819+0000] {dag.py:3239} INFO - Sync 1 DAGs
[2026-04-30T11:32:43.880+0000] {logging_mixin.py:190} INFO - [2026-04-30T11:32:43.880+0000] {dag.py:4180} INFO - Setting next_dagrun for orders_kafka_to_s3 to 2026-04-30 00:00:00+00:00, run_after=2026-05-01 00:00:00+00:00
[2026-04-30T11:32:43.928+0000] {processor.py:208} INFO - Processing /opt/airflow/dags/main.py took 0.730 seconds
[2026-04-30T11:33:14.514+0000] {processor.py:186} INFO - Started process (PID=1055) to work on /opt/airflow/dags/main.py
[2026-04-30T11:33:14.517+0000] {processor.py:914} INFO - Processing file /opt/airflow/dags/main.py for tasks to queue
[2026-04-30T11:33:14.524+0000] {logging_mixin.py:190} INFO - [2026-04-30T11:33:14.523+0000] {dagbag.py:588} INFO - Filling up the DagBag from /opt/airflow/dags/main.py
[2026-04-30T11:33:15.028+0000] {processor.py:925} INFO - DAG(s) 'orders_kafka_to_s3' retrieved from /opt/airflow/dags/main.py
[2026-04-30T11:33:15.080+0000] {logging_mixin.py:190} INFO - [2026-04-30T11:33:15.080+0000] {dag.py:3239} INFO - Sync 1 DAGs
[2026-04-30T11:33:15.117+0000] {logging_mixin.py:190} INFO - [2026-04-30T11:33:15.117+0000] {dag.py:4180} INFO - Setting next_dagrun for orders_kafka_to_s3 to 2026-04-30 00:00:00+00:00, run_after=2026-05-01 00:00:00+00:00
[2026-04-30T11:33:15.154+0000] {processor.py:208} INFO - Processing /opt/airflow/dags/main.py took 0.661 seconds
[2026-04-30T11:33:45.822+0000] {processor.py:186} INFO - Started process (PID=1062) to work on /opt/airflow/dags/main.py
[2026-04-30T11:33:45.825+0000] {processor.py:914} INFO - Processing file /opt/airflow/dags/main.py for tasks to queue
[2026-04-30T11:33:45.831+0000] {logging_mixin.py:190} INFO - [2026-04-30T11:33:45.831+0000] {dagbag.py:588} INFO - Filling up the DagBag from /opt/airflow/dags/main.py
[2026-04-30T11:33:46.011+0000] {processor.py:925} INFO - DAG(s) 'orders_kafka_to_s3' retrieved from /opt/airflow/dags/main.py
[2026-04-30T11:33:47.283+0000] {logging_mixin.py:190} INFO - [2026-04-30T11:33:47.282+0000] {dag.py:3239} INFO - Sync 1 DAGs
[2026-04-30T11:33:47.315+0000] {logging_mixin.py:190} INFO - [2026-04-30T11:33:47.314+0000] {dag.py:4180} INFO - Setting next_dagrun for orders_kafka_to_s3 to 2026-04-30 00:00:00+00:00, run_after=2026-05-01 00:00:00+00:00
[2026-04-30T11:33:47.343+0000] {processor.py:208} INFO - Processing /opt/airflow/dags/main.py took 1.533 seconds
[2026-04-30T11:34:17.909+0000] {processor.py:186} INFO - Started process (PID=1069) to work on /opt/airflow/dags/main.py
[2026-04-30T11:34:17.915+0000] {processor.py:914} INFO - Processing file /opt/airflow/dags/main.py for tasks to queue
[2026-04-30T11:34:17.931+0000] {logging_mixin.py:190} INFO - [2026-04-30T11:34:17.928+0000] {dagbag.py:588} INFO - Filling up the DagBag from /opt/airflow/dags/main.py
[2026-04-30T11:34:18.592+0000] {processor.py:925} INFO - DAG(s) 'orders_kafka_to_s3' retrieved from /opt/airflow/dags/main.py
[2026-04-30T11:34:18.636+0000] {logging_mixin.py:190} INFO - [2026-04-30T11:34:18.636+0000] {dag.py:3239} INFO - Sync 1 DAGs
[2026-04-30T11:34:18.667+0000] {logging_mixin.py:190} INFO - [2026-04-30T11:34:18.667+0000] {dag.py:4180} INFO - Setting next_dagrun for orders_kafka_to_s3 to 2026-04-30 00:00:00+00:00, run_after=2026-05-01 00:00:00+00:00
[2026-04-30T11:34:18.706+0000] {processor.py:208} INFO - Processing /opt/airflow/dags/main.py took 0.834 seconds
[2026-04-30T11:34:48.967+0000] {processor.py:186} INFO - Started process (PID=1076) to work on /opt/airflow/dags/main.py
[2026-04-30T11:34:48.969+0000] {processor.py:914} INFO - Processing file /opt/airflow/dags/main.py for tasks to queue
[2026-04-30T11:34:48.975+0000] {logging_mixin.py:190} INFO - [2026-04-30T11:34:48.974+0000] {dagbag.py:588} INFO - Filling up the DagBag from /opt/airflow/dags/main.py
[2026-04-30T11:34:49.365+0000] {processor.py:925} INFO - DAG(s) 'orders_kafka_to_s3' retrieved from /opt/airflow/dags/main.py
[2026-04-30T11:34:49.401+0000] {logging_mixin.py:190} INFO - [2026-04-30T11:34:49.401+0000] {dag.py:3239} INFO - Sync 1 DAGs
[2026-04-30T11:34:49.431+0000] {logging_mixin.py:190} INFO - [2026-04-30T11:34:49.431+0000] {dag.py:4180} INFO - Setting next_dagrun for orders_kafka_to_s3 to 2026-04-30 00:00:00+00:00, run_after=2026-05-01 00:00:00+00:00
[2026-04-30T11:34:49.465+0000] {processor.py:208} INFO - Processing /opt/airflow/dags/main.py took 0.511 seconds
[2026-04-30T11:35:20.139+0000] {processor.py:186} INFO - Started process (PID=1083) to work on /opt/airflow/dags/main.py
[2026-04-30T11:35:20.141+0000] {processor.py:914} INFO - Processing file /opt/airflow/dags/main.py for tasks to queue
[2026-04-30T11:35:20.146+0000] {logging_mixin.py:190} INFO - [2026-04-30T11:35:20.145+0000] {dagbag.py:588} INFO - Filling up the DagBag from /opt/airflow/dags/main.py
[2026-04-30T11:35:20.519+0000] {processor.py:925} INFO - DAG(s) 'orders_kafka_to_s3' retrieved from /opt/airflow/dags/main.py
[2026-04-30T11:35:20.550+0000] {logging_mixin.py:190} INFO - [2026-04-30T11:35:20.550+0000] {dag.py:3239} INFO - Sync 1 DAGs
[2026-04-30T11:35:20.583+0000] {logging_mixin.py:190} INFO - [2026-04-30T11:35:20.583+0000] {dag.py:4180} INFO - Setting next_dagrun for orders_kafka_to_s3 to 2026-04-30 00:00:00+00:00, run_after=2026-05-01 00:00:00+00:00
[2026-04-30T11:35:20.620+0000] {processor.py:208} INFO - Processing /opt/airflow/dags/main.py took 0.494 seconds
[2026-04-30T11:35:50.832+0000] {processor.py:186} INFO - Started process (PID=1090) to work on /opt/airflow/dags/main.py
[2026-04-30T11:35:50.835+0000] {processor.py:914} INFO - Processing file /opt/airflow/dags/main.py for tasks to queue
[2026-04-30T11:35:50.842+0000] {logging_mixin.py:190} INFO - [2026-04-30T11:35:50.842+0000] {dagbag.py:588} INFO - Filling up the DagBag from /opt/airflow/dags/main.py
[2026-04-30T11:35:51.245+0000] {processor.py:925} INFO - DAG(s) 'orders_kafka_to_s3' retrieved from /opt/airflow/dags/main.py
[2026-04-30T11:35:51.277+0000] {logging_mixin.py:190} INFO - [2026-04-30T11:35:51.277+0000] {dag.py:3239} INFO - Sync 1 DAGs
[2026-04-30T11:35:51.306+0000] {logging_mixin.py:190} INFO - [2026-04-30T11:35:51.306+0000] {dag.py:4180} INFO - Setting next_dagrun for orders_kafka_to_s3 to 2026-04-30 00:00:00+00:00, run_after=2026-05-01 00:00:00+00:00
[2026-04-30T11:35:51.334+0000] {processor.py:208} INFO - Processing /opt/airflow/dags/main.py took 0.520 seconds
[2026-04-30T11:36:22.002+0000] {processor.py:186} INFO - Started process (PID=1097) to work on /opt/airflow/dags/main.py
[2026-04-30T11:36:22.004+0000] {processor.py:914} INFO - Processing file /opt/airflow/dags/main.py for tasks to queue
[2026-04-30T11:36:22.010+0000] {logging_mixin.py:190} INFO - [2026-04-30T11:36:22.009+0000] {dagbag.py:588} INFO - Filling up the DagBag from /opt/airflow/dags/main.py
[2026-04-30T11:36:22.226+0000] {processor.py:925} INFO - DAG(s) 'orders_kafka_to_s3' retrieved from /opt/airflow/dags/main.py
[2026-04-30T11:36:23.077+0000] {logging_mixin.py:190} INFO - [2026-04-30T11:36:23.077+0000] {dag.py:3239} INFO - Sync 1 DAGs
[2026-04-30T11:36:23.120+0000] {logging_mixin.py:190} INFO - [2026-04-30T11:36:23.119+0000] {dag.py:4180} INFO - Setting next_dagrun for orders_kafka_to_s3 to 2026-04-30 00:00:00+00:00, run_after=2026-05-01 00:00:00+00:00
[2026-04-30T11:36:23.160+0000] {processor.py:208} INFO - Processing /opt/airflow/dags/main.py took 1.173 seconds
[2026-04-30T11:36:53.910+0000] {processor.py:186} INFO - Started process (PID=1109) to work on /opt/airflow/dags/main.py
[2026-04-30T11:36:53.913+0000] {processor.py:914} INFO - Processing file /opt/airflow/dags/main.py for tasks to queue
[2026-04-30T11:36:53.918+0000] {logging_mixin.py:190} INFO - [2026-04-30T11:36:53.918+0000] {dagbag.py:588} INFO - Filling up the DagBag from /opt/airflow/dags/main.py
[2026-04-30T11:36:55.039+0000] {processor.py:925} INFO - DAG(s) 'orders_kafka_to_s3' retrieved from /opt/airflow/dags/main.py
[2026-04-30T11:36:55.219+0000] {logging_mixin.py:190} INFO - [2026-04-30T11:36:55.219+0000] {dag.py:3239} INFO - Sync 1 DAGs
[2026-04-30T11:36:55.335+0000] {logging_mixin.py:190} INFO - [2026-04-30T11:36:55.335+0000] {dag.py:4180} INFO - Setting next_dagrun for orders_kafka_to_s3 to 2026-04-30 00:00:00+00:00, run_after=2026-05-01 00:00:00+00:00
[2026-04-30T11:36:55.374+0000] {processor.py:208} INFO - Processing /opt/airflow/dags/main.py took 1.477 seconds
[2026-04-30T11:37:25.648+0000] {processor.py:186} INFO - Started process (PID=1116) to work on /opt/airflow/dags/main.py
[2026-04-30T11:37:25.650+0000] {processor.py:914} INFO - Processing file /opt/airflow/dags/main.py for tasks to queue
[2026-04-30T11:37:25.654+0000] {logging_mixin.py:190} INFO - [2026-04-30T11:37:25.654+0000] {dagbag.py:588} INFO - Filling up the DagBag from /opt/airflow/dags/main.py
[2026-04-30T11:37:26.068+0000] {processor.py:925} INFO - DAG(s) 'orders_kafka_to_s3' retrieved from /opt/airflow/dags/main.py
[2026-04-30T11:37:26.105+0000] {logging_mixin.py:190} INFO - [2026-04-30T11:37:26.105+0000] {dag.py:3239} INFO - Sync 1 DAGs
[2026-04-30T11:37:26.138+0000] {logging_mixin.py:190} INFO - [2026-04-30T11:37:26.137+0000] {dag.py:4180} INFO - Setting next_dagrun for orders_kafka_to_s3 to 2026-04-30 00:00:00+00:00, run_after=2026-05-01 00:00:00+00:00
[2026-04-30T11:37:26.168+0000] {processor.py:208} INFO - Processing /opt/airflow/dags/main.py took 0.532 seconds
[2026-04-30T11:37:56.283+0000] {processor.py:186} INFO - Started process (PID=1123) to work on /opt/airflow/dags/main.py
[2026-04-30T11:37:56.285+0000] {processor.py:914} INFO - Processing file /opt/airflow/dags/main.py for tasks to queue
[2026-04-30T11:37:56.288+0000] {logging_mixin.py:190} INFO - [2026-04-30T11:37:56.288+0000] {dagbag.py:588} INFO - Filling up the DagBag from /opt/airflow/dags/main.py
[2026-04-30T11:37:55.331+0000] {processor.py:925} INFO - DAG(s) 'orders_kafka_to_s3' retrieved from /opt/airflow/dags/main.py
[2026-04-30T11:37:55.388+0000] {logging_mixin.py:190} INFO - [2026-04-30T11:37:55.388+0000] {dag.py:3239} INFO - Sync 1 DAGs
[2026-04-30T11:37:55.440+0000] {logging_mixin.py:190} INFO - [2026-04-30T11:37:55.440+0000] {dag.py:4180} INFO - Setting next_dagrun for orders_kafka_to_s3 to 2026-04-30 00:00:00+00:00, run_after=2026-05-01 00:00:00+00:00
[2026-04-30T11:37:55.472+0000] {processor.py:208} INFO - Processing /opt/airflow/dags/main.py took 0.566 seconds
[2026-04-30T11:38:25.865+0000] {processor.py:186} INFO - Started process (PID=1130) to work on /opt/airflow/dags/main.py
[2026-04-30T11:38:25.868+0000] {processor.py:914} INFO - Processing file /opt/airflow/dags/main.py for tasks to queue
[2026-04-30T11:38:25.872+0000] {logging_mixin.py:190} INFO - [2026-04-30T11:38:25.871+0000] {dagbag.py:588} INFO - Filling up the DagBag from /opt/airflow/dags/main.py
[2026-04-30T11:38:26.252+0000] {processor.py:925} INFO - DAG(s) 'orders_kafka_to_s3' retrieved from /opt/airflow/dags/main.py
[2026-04-30T11:38:26.284+0000] {logging_mixin.py:190} INFO - [2026-04-30T11:38:26.284+0000] {dag.py:3239} INFO - Sync 1 DAGs
[2026-04-30T11:38:26.313+0000] {logging_mixin.py:190} INFO - [2026-04-30T11:38:26.313+0000] {dag.py:4180} INFO - Setting next_dagrun for orders_kafka_to_s3 to 2026-04-30 00:00:00+00:00, run_after=2026-05-01 00:00:00+00:00
[2026-04-30T11:38:26.340+0000] {processor.py:208} INFO - Processing /opt/airflow/dags/main.py took 0.488 seconds
[2026-04-30T11:38:56.837+0000] {processor.py:186} INFO - Started process (PID=1137) to work on /opt/airflow/dags/main.py
[2026-04-30T11:38:56.839+0000] {processor.py:914} INFO - Processing file /opt/airflow/dags/main.py for tasks to queue
[2026-04-30T11:38:56.844+0000] {logging_mixin.py:190} INFO - [2026-04-30T11:38:56.844+0000] {dagbag.py:588} INFO - Filling up the DagBag from /opt/airflow/dags/main.py
[2026-04-30T11:38:57.254+0000] {processor.py:925} INFO - DAG(s) 'orders_kafka_to_s3' retrieved from /opt/airflow/dags/main.py
[2026-04-30T11:38:57.287+0000] {logging_mixin.py:190} INFO - [2026-04-30T11:38:57.287+0000] {dag.py:3239} INFO - Sync 1 DAGs
[2026-04-30T11:38:57.316+0000] {logging_mixin.py:190} INFO - [2026-04-30T11:38:57.316+0000] {dag.py:4180} INFO - Setting next_dagrun for orders_kafka_to_s3 to 2026-04-30 00:00:00+00:00, run_after=2026-05-01 00:00:00+00:00
[2026-04-30T11:38:57.341+0000] {processor.py:208} INFO - Processing /opt/airflow/dags/main.py took 0.517 seconds
[2026-04-30T11:39:28.247+0000] {processor.py:186} INFO - Started process (PID=1144) to work on /opt/airflow/dags/main.py
[2026-04-30T11:39:28.249+0000] {processor.py:914} INFO - Processing file /opt/airflow/dags/main.py for tasks to queue
[2026-04-30T11:39:28.253+0000] {logging_mixin.py:190} INFO - [2026-04-30T11:39:28.253+0000] {dagbag.py:588} INFO - Filling up the DagBag from /opt/airflow/dags/main.py
[2026-04-30T11:39:28.631+0000] {processor.py:925} INFO - DAG(s) 'orders_kafka_to_s3' retrieved from /opt/airflow/dags/main.py
[2026-04-30T11:39:28.668+0000] {logging_mixin.py:190} INFO - [2026-04-30T11:39:28.667+0000] {dag.py:3239} INFO - Sync 1 DAGs
[2026-04-30T11:39:28.698+0000] {logging_mixin.py:190} INFO - [2026-04-30T11:39:28.697+0000] {dag.py:4180} INFO - Setting next_dagrun for orders_kafka_to_s3 to 2026-04-30 00:00:00+00:00, run_after=2026-05-01 00:00:00+00:00
[2026-04-30T11:39:28.725+0000] {processor.py:208} INFO - Processing /opt/airflow/dags/main.py took 0.487 seconds
[2026-04-30T11:39:59.157+0000] {processor.py:186} INFO - Started process (PID=1151) to work on /opt/airflow/dags/main.py
[2026-04-30T11:39:59.159+0000] {processor.py:914} INFO - Processing file /opt/airflow/dags/main.py for tasks to queue
[2026-04-30T11:39:59.165+0000] {logging_mixin.py:190} INFO - [2026-04-30T11:39:59.164+0000] {dagbag.py:588} INFO - Filling up the DagBag from /opt/airflow/dags/main.py
[2026-04-30T11:39:59.571+0000] {processor.py:925} INFO - DAG(s) 'orders_kafka_to_s3' retrieved from /opt/airflow/dags/main.py
[2026-04-30T11:39:59.609+0000] {logging_mixin.py:190} INFO - [2026-04-30T11:39:59.608+0000] {dag.py:3239} INFO - Sync 1 DAGs
[2026-04-30T11:39:59.638+0000] {logging_mixin.py:190} INFO - [2026-04-30T11:39:59.638+0000] {dag.py:4180} INFO - Setting next_dagrun for orders_kafka_to_s3 to 2026-04-30 00:00:00+00:00, run_after=2026-05-01 00:00:00+00:00
[2026-04-30T11:39:59.666+0000] {processor.py:208} INFO - Processing /opt/airflow/dags/main.py took 0.526 seconds
[2026-04-30T11:40:29.817+0000] {processor.py:186} INFO - Started process (PID=1159) to work on /opt/airflow/dags/main.py
[2026-04-30T11:40:29.818+0000] {processor.py:914} INFO - Processing file /opt/airflow/dags/main.py for tasks to queue
[2026-04-30T11:40:29.822+0000] {logging_mixin.py:190} INFO - [2026-04-30T11:40:29.821+0000] {dagbag.py:588} INFO - Filling up the DagBag from /opt/airflow/dags/main.py
[2026-04-30T11:40:30.240+0000] {processor.py:925} INFO - DAG(s) 'orders_kafka_to_s3' retrieved from /opt/airflow/dags/main.py
[2026-04-30T11:40:30.292+0000] {logging_mixin.py:190} INFO - [2026-04-30T11:40:30.292+0000] {dag.py:3239} INFO - Sync 1 DAGs
[2026-04-30T11:40:30.329+0000] {logging_mixin.py:190} INFO - [2026-04-30T11:40:30.329+0000] {dag.py:4180} INFO - Setting next_dagrun for orders_kafka_to_s3 to 2026-04-30 00:00:00+00:00, run_after=2026-05-01 00:00:00+00:00
[2026-04-30T11:40:30.368+0000] {processor.py:208} INFO - Processing /opt/airflow/dags/main.py took 0.560 seconds
[2026-04-30T11:41:00.966+0000] {processor.py:186} INFO - Started process (PID=1166) to work on /opt/airflow/dags/main.py
[2026-04-30T11:41:00.969+0000] {processor.py:914} INFO - Processing file /opt/airflow/dags/main.py for tasks to queue
[2026-04-30T11:41:00.974+0000] {logging_mixin.py:190} INFO - [2026-04-30T11:41:00.973+0000] {dagbag.py:588} INFO - Filling up the DagBag from /opt/airflow/dags/main.py
[2026-04-30T11:41:01.337+0000] {processor.py:925} INFO - DAG(s) 'orders_kafka_to_s3' retrieved from /opt/airflow/dags/main.py
[2026-04-30T11:41:01.369+0000] {logging_mixin.py:190} INFO - [2026-04-30T11:41:01.368+0000] {dag.py:3239} INFO - Sync 1 DAGs
[2026-04-30T11:41:01.400+0000] {logging_mixin.py:190} INFO - [2026-04-30T11:41:01.400+0000] {dag.py:4180} INFO - Setting next_dagrun for orders_kafka_to_s3 to 2026-04-30 00:00:00+00:00, run_after=2026-05-01 00:00:00+00:00
[2026-04-30T11:41:01.432+0000] {processor.py:208} INFO - Processing /opt/airflow/dags/main.py took 0.485 seconds
[2026-04-30T11:41:31.525+0000] {processor.py:186} INFO - Started process (PID=1173) to work on /opt/airflow/dags/main.py
[2026-04-30T11:41:31.527+0000] {processor.py:914} INFO - Processing file /opt/airflow/dags/main.py for tasks to queue
[2026-04-30T11:41:31.531+0000] {logging_mixin.py:190} INFO - [2026-04-30T11:41:31.530+0000] {dagbag.py:588} INFO - Filling up the DagBag from /opt/airflow/dags/main.py
[2026-04-30T11:41:31.945+0000] {processor.py:925} INFO - DAG(s) 'orders_kafka_to_s3' retrieved from /opt/airflow/dags/main.py
[2026-04-30T11:41:31.982+0000] {logging_mixin.py:190} INFO - [2026-04-30T11:41:31.982+0000] {dag.py:3239} INFO - Sync 1 DAGs
[2026-04-30T11:41:32.008+0000] {logging_mixin.py:190} INFO - [2026-04-30T11:41:32.008+0000] {dag.py:4180} INFO - Setting next_dagrun for orders_kafka_to_s3 to 2026-04-30 00:00:00+00:00, run_after=2026-05-01 00:00:00+00:00
[2026-04-30T11:41:32.036+0000] {processor.py:208} INFO - Processing /opt/airflow/dags/main.py took 0.522 seconds
[2026-04-30T11:42:02.276+0000] {processor.py:186} INFO - Started process (PID=1180) to work on /opt/airflow/dags/main.py
[2026-04-30T11:42:02.279+0000] {processor.py:914} INFO - Processing file /opt/airflow/dags/main.py for tasks to queue
[2026-04-30T11:42:02.286+0000] {logging_mixin.py:190} INFO - [2026-04-30T11:42:02.285+0000] {dagbag.py:588} INFO - Filling up the DagBag from /opt/airflow/dags/main.py
[2026-04-30T11:42:02.453+0000] {processor.py:925} INFO - DAG(s) 'orders_kafka_to_s3' retrieved from /opt/airflow/dags/main.py
[2026-04-30T11:42:02.692+0000] {logging_mixin.py:190} INFO - [2026-04-30T11:42:02.692+0000] {dag.py:3239} INFO - Sync 1 DAGs
[2026-04-30T11:42:02.719+0000] {logging_mixin.py:190} INFO - [2026-04-30T11:42:02.719+0000] {dag.py:4180} INFO - Setting next_dagrun for orders_kafka_to_s3 to 2026-04-30 00:00:00+00:00, run_after=2026-05-01 00:00:00+00:00
[2026-04-30T11:42:02.743+0000] {processor.py:208} INFO - Processing /opt/airflow/dags/main.py took 0.491 seconds
[2026-04-30T11:42:33.105+0000] {processor.py:186} INFO - Started process (PID=1187) to work on /opt/airflow/dags/main.py
[2026-04-30T11:42:33.107+0000] {processor.py:914} INFO - Processing file /opt/airflow/dags/main.py for tasks to queue
[2026-04-30T11:42:33.111+0000] {logging_mixin.py:190} INFO - [2026-04-30T11:42:33.110+0000] {dagbag.py:588} INFO - Filling up the DagBag from /opt/airflow/dags/main.py
[2026-04-30T11:42:33.471+0000] {processor.py:925} INFO - DAG(s) 'orders_kafka_to_s3' retrieved from /opt/airflow/dags/main.py
[2026-04-30T11:42:33.521+0000] {logging_mixin.py:190} INFO - [2026-04-30T11:42:33.521+0000] {dag.py:3239} INFO - Sync 1 DAGs
[2026-04-30T11:42:33.561+0000] {logging_mixin.py:190} INFO - [2026-04-30T11:42:33.561+0000] {dag.py:4180} INFO - Setting next_dagrun for orders_kafka_to_s3 to 2026-04-30 00:00:00+00:00, run_after=2026-05-01 00:00:00+00:00
[2026-04-30T11:42:33.602+0000] {processor.py:208} INFO - Processing /opt/airflow/dags/main.py took 0.505 seconds
[2026-04-30T11:43:04.194+0000] {processor.py:186} INFO - Started process (PID=1194) to work on /opt/airflow/dags/main.py
[2026-04-30T11:43:04.199+0000] {processor.py:914} INFO - Processing file /opt/airflow/dags/main.py for tasks to queue
[2026-04-30T11:43:04.211+0000] {logging_mixin.py:190} INFO - [2026-04-30T11:43:04.209+0000] {dagbag.py:588} INFO - Filling up the DagBag from /opt/airflow/dags/main.py
[2026-04-30T11:43:04.687+0000] {processor.py:925} INFO - DAG(s) 'orders_kafka_to_s3' retrieved from /opt/airflow/dags/main.py
[2026-04-30T11:43:04.737+0000] {logging_mixin.py:190} INFO - [2026-04-30T11:43:04.737+0000] {dag.py:3239} INFO - Sync 1 DAGs
[2026-04-30T11:43:04.777+0000] {logging_mixin.py:190} INFO - [2026-04-30T11:43:04.776+0000] {dag.py:4180} INFO - Setting next_dagrun for orders_kafka_to_s3 to 2026-04-30 00:00:00+00:00, run_after=2026-05-01 00:00:00+00:00
[2026-04-30T11:43:04.813+0000] {processor.py:208} INFO - Processing /opt/airflow/dags/main.py took 0.650 seconds
[2026-04-30T11:43:35.325+0000] {processor.py:186} INFO - Started process (PID=1207) to work on /opt/airflow/dags/main.py
[2026-04-30T11:43:35.327+0000] {processor.py:914} INFO - Processing file /opt/airflow/dags/main.py for tasks to queue
[2026-04-30T11:43:35.332+0000] {logging_mixin.py:190} INFO - [2026-04-30T11:43:35.331+0000] {dagbag.py:588} INFO - Filling up the DagBag from /opt/airflow/dags/main.py
[2026-04-30T11:43:35.745+0000] {processor.py:925} INFO - DAG(s) 'orders_kafka_to_s3' retrieved from /opt/airflow/dags/main.py
[2026-04-30T11:43:35.801+0000] {logging_mixin.py:190} INFO - [2026-04-30T11:43:35.801+0000] {dag.py:3239} INFO - Sync 1 DAGs
[2026-04-30T11:43:35.858+0000] {logging_mixin.py:190} INFO - [2026-04-30T11:43:35.857+0000] {dag.py:4180} INFO - Setting next_dagrun for orders_kafka_to_s3 to 2026-04-30 00:00:00+00:00, run_after=2026-05-01 00:00:00+00:00
[2026-04-30T11:43:35.907+0000] {processor.py:208} INFO - Processing /opt/airflow/dags/main.py took 0.593 seconds
[2026-04-30T11:44:06.188+0000] {processor.py:186} INFO - Started process (PID=1214) to work on /opt/airflow/dags/main.py
[2026-04-30T11:44:06.190+0000] {processor.py:914} INFO - Processing file /opt/airflow/dags/main.py for tasks to queue
[2026-04-30T11:44:06.196+0000] {logging_mixin.py:190} INFO - [2026-04-30T11:44:06.196+0000] {dagbag.py:588} INFO - Filling up the DagBag from /opt/airflow/dags/main.py
[2026-04-30T11:44:06.661+0000] {processor.py:925} INFO - DAG(s) 'orders_kafka_to_s3' retrieved from /opt/airflow/dags/main.py
[2026-04-30T11:44:06.695+0000] {logging_mixin.py:190} INFO - [2026-04-30T11:44:06.695+0000] {dag.py:3239} INFO - Sync 1 DAGs
[2026-04-30T11:44:06.724+0000] {logging_mixin.py:190} INFO - [2026-04-30T11:44:06.724+0000] {dag.py:4180} INFO - Setting next_dagrun for orders_kafka_to_s3 to 2026-04-30 00:00:00+00:00, run_after=2026-05-01 00:00:00+00:00
[2026-04-30T11:44:06.758+0000] {processor.py:208} INFO - Processing /opt/airflow/dags/main.py took 0.586 seconds
[2026-04-30T11:44:37.492+0000] {processor.py:186} INFO - Started process (PID=1221) to work on /opt/airflow/dags/main.py
[2026-04-30T11:44:37.495+0000] {processor.py:914} INFO - Processing file /opt/airflow/dags/main.py for tasks to queue
[2026-04-30T11:44:37.502+0000] {logging_mixin.py:190} INFO - [2026-04-30T11:44:37.501+0000] {dagbag.py:588} INFO - Filling up the DagBag from /opt/airflow/dags/main.py
[2026-04-30T11:44:38.132+0000] {processor.py:925} INFO - DAG(s) 'orders_kafka_to_s3' retrieved from /opt/airflow/dags/main.py
[2026-04-30T11:44:38.180+0000] {logging_mixin.py:190} INFO - [2026-04-30T11:44:38.180+0000] {dag.py:3239} INFO - Sync 1 DAGs
[2026-04-30T11:44:38.226+0000] {logging_mixin.py:190} INFO - [2026-04-30T11:44:38.226+0000] {dag.py:4180} INFO - Setting next_dagrun for orders_kafka_to_s3 to 2026-04-30 00:00:00+00:00, run_after=2026-05-01 00:00:00+00:00
[2026-04-30T11:44:38.271+0000] {processor.py:208} INFO - Processing /opt/airflow/dags/main.py took 0.798 seconds
[2026-04-30T11:45:08.901+0000] {processor.py:186} INFO - Started process (PID=1228) to work on /opt/airflow/dags/main.py
[2026-04-30T11:45:08.904+0000] {processor.py:914} INFO - Processing file /opt/airflow/dags/main.py for tasks to queue
[2026-04-30T11:45:08.912+0000] {logging_mixin.py:190} INFO - [2026-04-30T11:45:08.912+0000] {dagbag.py:588} INFO - Filling up the DagBag from /opt/airflow/dags/main.py
[2026-04-30T11:45:09.341+0000] {processor.py:925} INFO - DAG(s) 'orders_kafka_to_s3' retrieved from /opt/airflow/dags/main.py
[2026-04-30T11:45:09.393+0000] {logging_mixin.py:190} INFO - [2026-04-30T11:45:09.393+0000] {dag.py:3239} INFO - Sync 1 DAGs
[2026-04-30T11:45:09.424+0000] {logging_mixin.py:190} INFO - [2026-04-30T11:45:09.424+0000] {dag.py:4180} INFO - Setting next_dagrun for orders_kafka_to_s3 to 2026-04-30 00:00:00+00:00, run_after=2026-05-01 00:00:00+00:00
[2026-04-30T11:45:09.451+0000] {processor.py:208} INFO - Processing /opt/airflow/dags/main.py took 0.564 seconds
[2026-04-30T11:45:39.807+0000] {processor.py:186} INFO - Started process (PID=1235) to work on /opt/airflow/dags/main.py
[2026-04-30T11:45:39.810+0000] {processor.py:914} INFO - Processing file /opt/airflow/dags/main.py for tasks to queue
[2026-04-30T11:45:39.820+0000] {logging_mixin.py:190} INFO - [2026-04-30T11:45:39.819+0000] {dagbag.py:588} INFO - Filling up the DagBag from /opt/airflow/dags/main.py
[2026-04-30T11:45:40.296+0000] {processor.py:925} INFO - DAG(s) 'orders_kafka_to_s3' retrieved from /opt/airflow/dags/main.py
[2026-04-30T11:45:40.346+0000] {logging_mixin.py:190} INFO - [2026-04-30T11:45:40.345+0000] {dag.py:3239} INFO - Sync 1 DAGs
[2026-04-30T11:45:40.380+0000] {logging_mixin.py:190} INFO - [2026-04-30T11:45:40.380+0000] {dag.py:4180} INFO - Setting next_dagrun for orders_kafka_to_s3 to 2026-04-30 00:00:00+00:00, run_after=2026-05-01 00:00:00+00:00
[2026-04-30T11:45:40.416+0000] {processor.py:208} INFO - Processing /opt/airflow/dags/main.py took 0.630 seconds
[2026-04-30T11:46:10.704+0000] {processor.py:186} INFO - Started process (PID=1242) to work on /opt/airflow/dags/main.py
[2026-04-30T11:46:10.705+0000] {processor.py:914} INFO - Processing file /opt/airflow/dags/main.py for tasks to queue
[2026-04-30T11:46:10.710+0000] {logging_mixin.py:190} INFO - [2026-04-30T11:46:10.709+0000] {dagbag.py:588} INFO - Filling up the DagBag from /opt/airflow/dags/main.py
[2026-04-30T11:46:11.184+0000] {processor.py:925} INFO - DAG(s) 'orders_kafka_to_s3' retrieved from /opt/airflow/dags/main.py
[2026-04-30T11:46:11.223+0000] {logging_mixin.py:190} INFO - [2026-04-30T11:46:11.222+0000] {dag.py:3239} INFO - Sync 1 DAGs
[2026-04-30T11:46:11.264+0000] {logging_mixin.py:190} INFO - [2026-04-30T11:46:11.263+0000] {dag.py:4180} INFO - Setting next_dagrun for orders_kafka_to_s3 to 2026-04-30 00:00:00+00:00, run_after=2026-05-01 00:00:00+00:00
[2026-04-30T11:46:11.295+0000] {processor.py:208} INFO - Processing /opt/airflow/dags/main.py took 0.600 seconds
[2026-04-30T11:46:41.860+0000] {processor.py:186} INFO - Started process (PID=1249) to work on /opt/airflow/dags/main.py
[2026-04-30T11:46:41.862+0000] {processor.py:914} INFO - Processing file /opt/airflow/dags/main.py for tasks to queue
[2026-04-30T11:46:41.868+0000] {logging_mixin.py:190} INFO - [2026-04-30T11:46:41.868+0000] {dagbag.py:588} INFO - Filling up the DagBag from /opt/airflow/dags/main.py
[2026-04-30T11:46:42.305+0000] {processor.py:925} INFO - DAG(s) 'orders_kafka_to_s3' retrieved from /opt/airflow/dags/main.py
[2026-04-30T11:46:42.364+0000] {logging_mixin.py:190} INFO - [2026-04-30T11:46:42.363+0000] {dag.py:3239} INFO - Sync 1 DAGs
[2026-04-30T11:46:42.412+0000] {logging_mixin.py:190} INFO - [2026-04-30T11:46:42.411+0000] {dag.py:4180} INFO - Setting next_dagrun for orders_kafka_to_s3 to 2026-04-30 00:00:00+00:00, run_after=2026-05-01 00:00:00+00:00
[2026-04-30T11:46:42.451+0000] {processor.py:208} INFO - Processing /opt/airflow/dags/main.py took 0.604 seconds
[2026-04-30T11:47:12.863+0000] {processor.py:186} INFO - Started process (PID=1256) to work on /opt/airflow/dags/main.py
[2026-04-30T11:47:12.865+0000] {processor.py:914} INFO - Processing file /opt/airflow/dags/main.py for tasks to queue
[2026-04-30T11:47:12.871+0000] {logging_mixin.py:190} INFO - [2026-04-30T11:47:12.870+0000] {dagbag.py:588} INFO - Filling up the DagBag from /opt/airflow/dags/main.py
[2026-04-30T11:47:13.277+0000] {processor.py:925} INFO - DAG(s) 'orders_kafka_to_s3' retrieved from /opt/airflow/dags/main.py
[2026-04-30T11:47:13.315+0000] {logging_mixin.py:190} INFO - [2026-04-30T11:47:13.315+0000] {dag.py:3239} INFO - Sync 1 DAGs
[2026-04-30T11:47:13.347+0000] {logging_mixin.py:190} INFO - [2026-04-30T11:47:13.346+0000] {dag.py:4180} INFO - Setting next_dagrun for orders_kafka_to_s3 to 2026-04-30 00:00:00+00:00, run_after=2026-05-01 00:00:00+00:00
[2026-04-30T11:47:13.373+0000] {processor.py:208} INFO - Processing /opt/airflow/dags/main.py took 0.524 seconds
[2026-04-30T11:47:43.740+0000] {processor.py:186} INFO - Started process (PID=1263) to work on /opt/airflow/dags/main.py
[2026-04-30T11:47:43.744+0000] {processor.py:914} INFO - Processing file /opt/airflow/dags/main.py for tasks to queue
[2026-04-30T11:47:43.754+0000] {logging_mixin.py:190} INFO - [2026-04-30T11:47:43.753+0000] {dagbag.py:588} INFO - Filling up the DagBag from /opt/airflow/dags/main.py
[2026-04-30T11:47:44.247+0000] {processor.py:925} INFO - DAG(s) 'orders_kafka_to_s3' retrieved from /opt/airflow/dags/main.py
[2026-04-30T11:47:44.303+0000] {logging_mixin.py:190} INFO - [2026-04-30T11:47:44.302+0000] {dag.py:3239} INFO - Sync 1 DAGs
[2026-04-30T11:47:44.341+0000] {logging_mixin.py:190} INFO - [2026-04-30T11:47:44.340+0000] {dag.py:4180} INFO - Setting next_dagrun for orders_kafka_to_s3 to 2026-04-30 00:00:00+00:00, run_after=2026-05-01 00:00:00+00:00
[2026-04-30T11:47:44.372+0000] {processor.py:208} INFO - Processing /opt/airflow/dags/main.py took 0.672 seconds
[2026-04-30T11:48:14.995+0000] {processor.py:186} INFO - Started process (PID=1275) to work on /opt/airflow/dags/main.py
[2026-04-30T11:48:14.997+0000] {processor.py:914} INFO - Processing file /opt/airflow/dags/main.py for tasks to queue
[2026-04-30T11:48:15.002+0000] {logging_mixin.py:190} INFO - [2026-04-30T11:48:15.001+0000] {dagbag.py:588} INFO - Filling up the DagBag from /opt/airflow/dags/main.py
[2026-04-30T11:48:15.439+0000] {processor.py:925} INFO - DAG(s) 'orders_kafka_to_s3' retrieved from /opt/airflow/dags/main.py
[2026-04-30T11:48:15.497+0000] {logging_mixin.py:190} INFO - [2026-04-30T11:48:15.496+0000] {dag.py:3239} INFO - Sync 1 DAGs
[2026-04-30T11:48:15.528+0000] {logging_mixin.py:190} INFO - [2026-04-30T11:48:15.528+0000] {dag.py:4180} INFO - Setting next_dagrun for orders_kafka_to_s3 to 2026-04-30 00:00:00+00:00, run_after=2026-05-01 00:00:00+00:00
[2026-04-30T11:48:15.570+0000] {processor.py:208} INFO - Processing /opt/airflow/dags/main.py took 0.586 seconds
[2026-04-30T11:48:45.994+0000] {processor.py:186} INFO - Started process (PID=1282) to work on /opt/airflow/dags/main.py
[2026-04-30T11:48:45.997+0000] {processor.py:914} INFO - Processing file /opt/airflow/dags/main.py for tasks to queue
[2026-04-30T11:48:46.003+0000] {logging_mixin.py:190} INFO - [2026-04-30T11:48:46.002+0000] {dagbag.py:588} INFO - Filling up the DagBag from /opt/airflow/dags/main.py
[2026-04-30T11:48:46.437+0000] {processor.py:925} INFO - DAG(s) 'orders_kafka_to_s3' retrieved from /opt/airflow/dags/main.py
[2026-04-30T11:48:46.474+0000] {logging_mixin.py:190} INFO - [2026-04-30T11:48:46.473+0000] {dag.py:3239} INFO - Sync 1 DAGs
[2026-04-30T11:48:46.507+0000] {logging_mixin.py:190} INFO - [2026-04-30T11:48:46.506+0000] {dag.py:4180} INFO - Setting next_dagrun for orders_kafka_to_s3 to 2026-04-30 00:00:00+00:00, run_after=2026-05-01 00:00:00+00:00
[2026-04-30T11:48:46.537+0000] {processor.py:208} INFO - Processing /opt/airflow/dags/main.py took 0.563 seconds
[2026-04-30T11:49:16.799+0000] {processor.py:186} INFO - Started process (PID=1289) to work on /opt/airflow/dags/main.py
[2026-04-30T11:49:16.801+0000] {processor.py:914} INFO - Processing file /opt/airflow/dags/main.py for tasks to queue
[2026-04-30T11:49:16.806+0000] {logging_mixin.py:190} INFO - [2026-04-30T11:49:16.806+0000] {dagbag.py:588} INFO - Filling up the DagBag from /opt/airflow/dags/main.py
[2026-04-30T11:49:17.261+0000] {processor.py:925} INFO - DAG(s) 'orders_kafka_to_s3' retrieved from /opt/airflow/dags/main.py
[2026-04-30T11:49:17.294+0000] {logging_mixin.py:190} INFO - [2026-04-30T11:49:17.294+0000] {dag.py:3239} INFO - Sync 1 DAGs
[2026-04-30T11:49:17.331+0000] {logging_mixin.py:190} INFO - [2026-04-30T11:49:17.330+0000] {dag.py:4180} INFO - Setting next_dagrun for orders_kafka_to_s3 to 2026-04-30 00:00:00+00:00, run_after=2026-05-01 00:00:00+00:00
[2026-04-30T11:49:17.360+0000] {processor.py:208} INFO - Processing /opt/airflow/dags/main.py took 0.571 seconds
[2026-04-30T11:49:47.778+0000] {processor.py:186} INFO - Started process (PID=1296) to work on /opt/airflow/dags/main.py
[2026-04-30T11:49:47.781+0000] {processor.py:914} INFO - Processing file /opt/airflow/dags/main.py for tasks to queue
[2026-04-30T11:49:47.789+0000] {logging_mixin.py:190} INFO - [2026-04-30T11:49:47.788+0000] {dagbag.py:588} INFO - Filling up the DagBag from /opt/airflow/dags/main.py
[2026-04-30T11:49:48.302+0000] {processor.py:925} INFO - DAG(s) 'orders_kafka_to_s3' retrieved from /opt/airflow/dags/main.py
[2026-04-30T11:49:48.343+0000] {logging_mixin.py:190} INFO - [2026-04-30T11:49:48.343+0000] {dag.py:3239} INFO - Sync 1 DAGs
[2026-04-30T11:49:48.383+0000] {logging_mixin.py:190} INFO - [2026-04-30T11:49:48.383+0000] {dag.py:4180} INFO - Setting next_dagrun for orders_kafka_to_s3 to 2026-04-30 00:00:00+00:00, run_after=2026-05-01 00:00:00+00:00
[2026-04-30T11:49:48.421+0000] {processor.py:208} INFO - Processing /opt/airflow/dags/main.py took 0.670 seconds
[2026-04-30T11:50:19.166+0000] {processor.py:186} INFO - Started process (PID=1303) to work on /opt/airflow/dags/main.py
[2026-04-30T11:50:19.169+0000] {processor.py:914} INFO - Processing file /opt/airflow/dags/main.py for tasks to queue
[2026-04-30T11:50:19.177+0000] {logging_mixin.py:190} INFO - [2026-04-30T11:50:19.176+0000] {dagbag.py:588} INFO - Filling up the DagBag from /opt/airflow/dags/main.py
[2026-04-30T11:50:19.737+0000] {processor.py:925} INFO - DAG(s) 'orders_kafka_to_s3' retrieved from /opt/airflow/dags/main.py
[2026-04-30T11:50:19.775+0000] {logging_mixin.py:190} INFO - [2026-04-30T11:50:19.774+0000] {dag.py:3239} INFO - Sync 1 DAGs
[2026-04-30T11:50:19.815+0000] {logging_mixin.py:190} INFO - [2026-04-30T11:50:19.815+0000] {dag.py:4180} INFO - Setting next_dagrun for orders_kafka_to_s3 to 2026-04-30 00:00:00+00:00, run_after=2026-05-01 00:00:00+00:00
[2026-04-30T11:50:19.857+0000] {processor.py:208} INFO - Processing /opt/airflow/dags/main.py took 0.713 seconds
[2026-04-30T11:50:50.111+0000] {processor.py:186} INFO - Started process (PID=1310) to work on /opt/airflow/dags/main.py
[2026-04-30T11:50:50.114+0000] {processor.py:914} INFO - Processing file /opt/airflow/dags/main.py for tasks to queue
[2026-04-30T11:50:50.122+0000] {logging_mixin.py:190} INFO - [2026-04-30T11:50:50.121+0000] {dagbag.py:588} INFO - Filling up the DagBag from /opt/airflow/dags/main.py
[2026-04-30T11:50:50.636+0000] {processor.py:925} INFO - DAG(s) 'orders_kafka_to_s3' retrieved from /opt/airflow/dags/main.py
[2026-04-30T11:50:50.701+0000] {logging_mixin.py:190} INFO - [2026-04-30T11:50:50.700+0000] {dag.py:3239} INFO - Sync 1 DAGs
[2026-04-30T11:50:50.740+0000] {logging_mixin.py:190} INFO - [2026-04-30T11:50:50.740+0000] {dag.py:4180} INFO - Setting next_dagrun for orders_kafka_to_s3 to 2026-04-30 00:00:00+00:00, run_after=2026-05-01 00:00:00+00:00
[2026-04-30T11:50:50.767+0000] {processor.py:208} INFO - Processing /opt/airflow/dags/main.py took 0.674 seconds
[2026-04-30T11:51:21.112+0000] {processor.py:186} INFO - Started process (PID=1317) to work on /opt/airflow/dags/main.py
[2026-04-30T11:51:21.121+0000] {processor.py:914} INFO - Processing file /opt/airflow/dags/main.py for tasks to queue
[2026-04-30T11:51:21.139+0000] {logging_mixin.py:190} INFO - [2026-04-30T11:51:21.137+0000] {dagbag.py:588} INFO - Filling up the DagBag from /opt/airflow/dags/main.py
[2026-04-30T11:51:21.699+0000] {processor.py:925} INFO - DAG(s) 'orders_kafka_to_s3' retrieved from /opt/airflow/dags/main.py
[2026-04-30T11:51:21.734+0000] {logging_mixin.py:190} INFO - [2026-04-30T11:51:21.733+0000] {dag.py:3239} INFO - Sync 1 DAGs
[2026-04-30T11:51:21.768+0000] {logging_mixin.py:190} INFO - [2026-04-30T11:51:21.767+0000] {dag.py:4180} INFO - Setting next_dagrun for orders_kafka_to_s3 to 2026-04-30 00:00:00+00:00, run_after=2026-05-01 00:00:00+00:00
[2026-04-30T11:51:21.811+0000] {processor.py:208} INFO - Processing /opt/airflow/dags/main.py took 0.752 seconds
[2026-04-30T11:51:52.344+0000] {processor.py:186} INFO - Started process (PID=1324) to work on /opt/airflow/dags/main.py
[2026-04-30T11:51:52.347+0000] {processor.py:914} INFO - Processing file /opt/airflow/dags/main.py for tasks to queue
[2026-04-30T11:51:52.353+0000] {logging_mixin.py:190} INFO - [2026-04-30T11:51:52.352+0000] {dagbag.py:588} INFO - Filling up the DagBag from /opt/airflow/dags/main.py
[2026-04-30T11:51:52.793+0000] {processor.py:925} INFO - DAG(s) 'orders_kafka_to_s3' retrieved from /opt/airflow/dags/main.py
[2026-04-30T11:51:52.828+0000] {logging_mixin.py:190} INFO - [2026-04-30T11:51:52.828+0000] {dag.py:3239} INFO - Sync 1 DAGs
[2026-04-30T11:51:52.863+0000] {logging_mixin.py:190} INFO - [2026-04-30T11:51:52.862+0000] {dag.py:4180} INFO - Setting next_dagrun for orders_kafka_to_s3 to 2026-04-30 00:00:00+00:00, run_after=2026-05-01 00:00:00+00:00
[2026-04-30T11:51:52.890+0000] {processor.py:208} INFO - Processing /opt/airflow/dags/main.py took 0.565 seconds
[2026-04-30T11:52:23.159+0000] {processor.py:186} INFO - Started process (PID=1330) to work on /opt/airflow/dags/main.py
[2026-04-30T11:52:23.162+0000] {processor.py:914} INFO - Processing file /opt/airflow/dags/main.py for tasks to queue
[2026-04-30T11:52:23.166+0000] {logging_mixin.py:190} INFO - [2026-04-30T11:52:23.166+0000] {dagbag.py:588} INFO - Filling up the DagBag from /opt/airflow/dags/main.py
[2026-04-30T11:52:23.595+0000] {processor.py:925} INFO - DAG(s) 'orders_kafka_to_s3' retrieved from /opt/airflow/dags/main.py
[2026-04-30T11:52:23.637+0000] {logging_mixin.py:190} INFO - [2026-04-30T11:52:23.636+0000] {dag.py:3239} INFO - Sync 1 DAGs
[2026-04-30T11:52:23.691+0000] {logging_mixin.py:190} INFO - [2026-04-30T11:52:23.690+0000] {dag.py:4180} INFO - Setting next_dagrun for orders_kafka_to_s3 to 2026-04-30 00:00:00+00:00, run_after=2026-05-01 00:00:00+00:00
[2026-04-30T11:52:23.737+0000] {processor.py:208} INFO - Processing /opt/airflow/dags/main.py took 0.587 seconds
[2026-04-30T11:52:54.449+0000] {processor.py:186} INFO - Started process (PID=1338) to work on /opt/airflow/dags/main.py
[2026-04-30T11:52:54.451+0000] {processor.py:914} INFO - Processing file /opt/airflow/dags/main.py for tasks to queue
[2026-04-30T11:52:54.456+0000] {logging_mixin.py:190} INFO - [2026-04-30T11:52:54.455+0000] {dagbag.py:588} INFO - Filling up the DagBag from /opt/airflow/dags/main.py
[2026-04-30T11:52:54.953+0000] {processor.py:925} INFO - DAG(s) 'orders_kafka_to_s3' retrieved from /opt/airflow/dags/main.py
[2026-04-30T11:52:55.026+0000] {logging_mixin.py:190} INFO - [2026-04-30T11:52:55.025+0000] {dag.py:3239} INFO - Sync 1 DAGs
[2026-04-30T11:52:55.068+0000] {logging_mixin.py:190} INFO - [2026-04-30T11:52:55.067+0000] {dag.py:4180} INFO - Setting next_dagrun for orders_kafka_to_s3 to 2026-04-30 00:00:00+00:00, run_after=2026-05-01 00:00:00+00:00
[2026-04-30T11:52:55.096+0000] {processor.py:208} INFO - Processing /opt/airflow/dags/main.py took 0.658 seconds
[2026-04-30T11:53:25.452+0000] {processor.py:186} INFO - Started process (PID=1351) to work on /opt/airflow/dags/main.py
[2026-04-30T11:53:25.454+0000] {processor.py:914} INFO - Processing file /opt/airflow/dags/main.py for tasks to queue
[2026-04-30T11:53:25.458+0000] {logging_mixin.py:190} INFO - [2026-04-30T11:53:25.457+0000] {dagbag.py:588} INFO - Filling up the DagBag from /opt/airflow/dags/main.py
[2026-04-30T11:53:25.841+0000] {processor.py:925} INFO - DAG(s) 'orders_kafka_to_s3' retrieved from /opt/airflow/dags/main.py
[2026-04-30T11:53:25.877+0000] {logging_mixin.py:190} INFO - [2026-04-30T11:53:25.877+0000] {dag.py:3239} INFO - Sync 1 DAGs
[2026-04-30T11:53:25.909+0000] {logging_mixin.py:190} INFO - [2026-04-30T11:53:25.909+0000] {dag.py:4180} INFO - Setting next_dagrun for orders_kafka_to_s3 to 2026-04-30 00:00:00+00:00, run_after=2026-05-01 00:00:00+00:00
[2026-04-30T11:53:25.935+0000] {processor.py:208} INFO - Processing /opt/airflow/dags/main.py took 0.493 seconds
[2026-04-30T11:53:56.379+0000] {processor.py:186} INFO - Started process (PID=1357) to work on /opt/airflow/dags/main.py
[2026-04-30T11:53:56.381+0000] {processor.py:914} INFO - Processing file /opt/airflow/dags/main.py for tasks to queue
[2026-04-30T11:53:56.386+0000] {logging_mixin.py:190} INFO - [2026-04-30T11:53:56.386+0000] {dagbag.py:588} INFO - Filling up the DagBag from /opt/airflow/dags/main.py
[2026-04-30T11:53:56.794+0000] {processor.py:925} INFO - DAG(s) 'orders_kafka_to_s3' retrieved from /opt/airflow/dags/main.py
[2026-04-30T11:53:56.831+0000] {logging_mixin.py:190} INFO - [2026-04-30T11:53:56.830+0000] {dag.py:3239} INFO - Sync 1 DAGs
[2026-04-30T11:53:56.867+0000] {logging_mixin.py:190} INFO - [2026-04-30T11:53:56.867+0000] {dag.py:4180} INFO - Setting next_dagrun for orders_kafka_to_s3 to 2026-04-30 00:00:00+00:00, run_after=2026-05-01 00:00:00+00:00
[2026-04-30T11:53:56.907+0000] {processor.py:208} INFO - Processing /opt/airflow/dags/main.py took 0.541 seconds
[2026-04-30T11:54:27.136+0000] {processor.py:186} INFO - Started process (PID=1364) to work on /opt/airflow/dags/main.py
[2026-04-30T11:54:27.138+0000] {processor.py:914} INFO - Processing file /opt/airflow/dags/main.py for tasks to queue
[2026-04-30T11:54:27.151+0000] {logging_mixin.py:190} INFO - [2026-04-30T11:54:27.150+0000] {dagbag.py:588} INFO - Filling up the DagBag from /opt/airflow/dags/main.py
[2026-04-30T11:54:27.599+0000] {processor.py:925} INFO - DAG(s) 'orders_kafka_to_s3' retrieved from /opt/airflow/dags/main.py
[2026-04-30T11:54:27.652+0000] {logging_mixin.py:190} INFO - [2026-04-30T11:54:27.651+0000] {dag.py:3239} INFO - Sync 1 DAGs
[2026-04-30T11:54:27.709+0000] {logging_mixin.py:190} INFO - [2026-04-30T11:54:27.708+0000] {dag.py:4180} INFO - Setting next_dagrun for orders_kafka_to_s3 to 2026-04-30 00:00:00+00:00, run_after=2026-05-01 00:00:00+00:00
[2026-04-30T11:54:27.752+0000] {processor.py:208} INFO - Processing /opt/airflow/dags/main.py took 0.634 seconds
[2026-04-30T11:54:58.081+0000] {processor.py:186} INFO - Started process (PID=1371) to work on /opt/airflow/dags/main.py
[2026-04-30T11:54:58.084+0000] {processor.py:914} INFO - Processing file /opt/airflow/dags/main.py for tasks to queue
[2026-04-30T11:54:58.091+0000] {logging_mixin.py:190} INFO - [2026-04-30T11:54:58.090+0000] {dagbag.py:588} INFO - Filling up the DagBag from /opt/airflow/dags/main.py
[2026-04-30T11:54:58.536+0000] {processor.py:925} INFO - DAG(s) 'orders_kafka_to_s3' retrieved from /opt/airflow/dags/main.py
[2026-04-30T11:54:58.570+0000] {logging_mixin.py:190} INFO - [2026-04-30T11:54:58.570+0000] {dag.py:3239} INFO - Sync 1 DAGs
[2026-04-30T11:54:58.608+0000] {logging_mixin.py:190} INFO - [2026-04-30T11:54:58.607+0000] {dag.py:4180} INFO - Setting next_dagrun for orders_kafka_to_s3 to 2026-04-30 00:00:00+00:00, run_after=2026-05-01 00:00:00+00:00
[2026-04-30T11:54:58.653+0000] {processor.py:208} INFO - Processing /opt/airflow/dags/main.py took 0.591 seconds
[2026-04-30T11:55:29.037+0000] {processor.py:186} INFO - Started process (PID=1378) to work on /opt/airflow/dags/main.py
[2026-04-30T11:55:29.040+0000] {processor.py:914} INFO - Processing file /opt/airflow/dags/main.py for tasks to queue
[2026-04-30T11:55:29.046+0000] {logging_mixin.py:190} INFO - [2026-04-30T11:55:29.046+0000] {dagbag.py:588} INFO - Filling up the DagBag from /opt/airflow/dags/main.py
[2026-04-30T11:55:29.492+0000] {processor.py:925} INFO - DAG(s) 'orders_kafka_to_s3' retrieved from /opt/airflow/dags/main.py
[2026-04-30T11:55:29.523+0000] {logging_mixin.py:190} INFO - [2026-04-30T11:55:29.522+0000] {dag.py:3239} INFO - Sync 1 DAGs
[2026-04-30T11:55:29.552+0000] {logging_mixin.py:190} INFO - [2026-04-30T11:55:29.552+0000] {dag.py:4180} INFO - Setting next_dagrun for orders_kafka_to_s3 to 2026-04-30 00:00:00+00:00, run_after=2026-05-01 00:00:00+00:00
[2026-04-30T11:55:29.587+0000] {processor.py:208} INFO - Processing /opt/airflow/dags/main.py took 0.567 seconds
[2026-04-30T11:56:00.402+0000] {processor.py:186} INFO - Started process (PID=1385) to work on /opt/airflow/dags/main.py
[2026-04-30T11:56:00.405+0000] {processor.py:914} INFO - Processing file /opt/airflow/dags/main.py for tasks to queue
[2026-04-30T11:56:00.414+0000] {logging_mixin.py:190} INFO - [2026-04-30T11:56:00.413+0000] {dagbag.py:588} INFO - Filling up the DagBag from /opt/airflow/dags/main.py
[2026-04-30T11:56:00.836+0000] {processor.py:925} INFO - DAG(s) 'orders_kafka_to_s3' retrieved from /opt/airflow/dags/main.py
[2026-04-30T11:56:00.888+0000] {logging_mixin.py:190} INFO - [2026-04-30T11:56:00.888+0000] {dag.py:3239} INFO - Sync 1 DAGs
[2026-04-30T11:56:00.927+0000] {logging_mixin.py:190} INFO - [2026-04-30T11:56:00.926+0000] {dag.py:4180} INFO - Setting next_dagrun for orders_kafka_to_s3 to 2026-04-30 00:00:00+00:00, run_after=2026-05-01 00:00:00+00:00
[2026-04-30T11:56:00.968+0000] {processor.py:208} INFO - Processing /opt/airflow/dags/main.py took 0.586 seconds
[2026-04-30T11:56:31.344+0000] {processor.py:186} INFO - Started process (PID=1392) to work on /opt/airflow/dags/main.py
[2026-04-30T11:56:31.347+0000] {processor.py:914} INFO - Processing file /opt/airflow/dags/main.py for tasks to queue
[2026-04-30T11:56:31.353+0000] {logging_mixin.py:190} INFO - [2026-04-30T11:56:31.352+0000] {dagbag.py:588} INFO - Filling up the DagBag from /opt/airflow/dags/main.py
[2026-04-30T11:56:31.791+0000] {processor.py:925} INFO - DAG(s) 'orders_kafka_to_s3' retrieved from /opt/airflow/dags/main.py
[2026-04-30T11:56:31.837+0000] {logging_mixin.py:190} INFO - [2026-04-30T11:56:31.837+0000] {dag.py:3239} INFO - Sync 1 DAGs
[2026-04-30T11:56:31.870+0000] {logging_mixin.py:190} INFO - [2026-04-30T11:56:31.870+0000] {dag.py:4180} INFO - Setting next_dagrun for orders_kafka_to_s3 to 2026-04-30 00:00:00+00:00, run_after=2026-05-01 00:00:00+00:00
[2026-04-30T11:56:31.912+0000] {processor.py:208} INFO - Processing /opt/airflow/dags/main.py took 0.584 seconds
[2026-04-30T11:57:02.285+0000] {processor.py:186} INFO - Started process (PID=1399) to work on /opt/airflow/dags/main.py
[2026-04-30T11:57:02.288+0000] {processor.py:914} INFO - Processing file /opt/airflow/dags/main.py for tasks to queue
[2026-04-30T11:57:02.293+0000] {logging_mixin.py:190} INFO - [2026-04-30T11:57:02.293+0000] {dagbag.py:588} INFO - Filling up the DagBag from /opt/airflow/dags/main.py
[2026-04-30T11:57:02.800+0000] {processor.py:925} INFO - DAG(s) 'orders_kafka_to_s3' retrieved from /opt/airflow/dags/main.py
[2026-04-30T11:57:02.848+0000] {logging_mixin.py:190} INFO - [2026-04-30T11:57:02.847+0000] {dag.py:3239} INFO - Sync 1 DAGs
[2026-04-30T11:57:02.909+0000] {logging_mixin.py:190} INFO - [2026-04-30T11:57:02.908+0000] {dag.py:4180} INFO - Setting next_dagrun for orders_kafka_to_s3 to 2026-04-30 00:00:00+00:00, run_after=2026-05-01 00:00:00+00:00
[2026-04-30T11:57:02.957+0000] {processor.py:208} INFO - Processing /opt/airflow/dags/main.py took 0.688 seconds
[2026-04-30T11:57:33.238+0000] {processor.py:186} INFO - Started process (PID=1407) to work on /opt/airflow/dags/main.py
[2026-04-30T11:57:33.241+0000] {processor.py:914} INFO - Processing file /opt/airflow/dags/main.py for tasks to queue
[2026-04-30T11:57:33.247+0000] {logging_mixin.py:190} INFO - [2026-04-30T11:57:33.247+0000] {dagbag.py:588} INFO - Filling up the DagBag from /opt/airflow/dags/main.py
[2026-04-30T11:57:33.671+0000] {processor.py:925} INFO - DAG(s) 'orders_kafka_to_s3' retrieved from /opt/airflow/dags/main.py
[2026-04-30T11:57:33.702+0000] {logging_mixin.py:190} INFO - [2026-04-30T11:57:33.701+0000] {dag.py:3239} INFO - Sync 1 DAGs
[2026-04-30T11:57:33.729+0000] {logging_mixin.py:190} INFO - [2026-04-30T11:57:33.729+0000] {dag.py:4180} INFO - Setting next_dagrun for orders_kafka_to_s3 to 2026-04-30 00:00:00+00:00, run_after=2026-05-01 00:00:00+00:00
[2026-04-30T11:57:33.756+0000] {processor.py:208} INFO - Processing /opt/airflow/dags/main.py took 0.535 seconds
[2026-04-30T11:58:03.836+0000] {processor.py:186} INFO - Started process (PID=1420) to work on /opt/airflow/dags/main.py
[2026-04-30T11:58:03.837+0000] {processor.py:914} INFO - Processing file /opt/airflow/dags/main.py for tasks to queue
[2026-04-30T11:58:03.842+0000] {logging_mixin.py:190} INFO - [2026-04-30T11:58:03.842+0000] {dagbag.py:588} INFO - Filling up the DagBag from /opt/airflow/dags/main.py
[2026-04-30T11:58:03.600+0000] {processor.py:925} INFO - DAG(s) 'orders_kafka_to_s3' retrieved from /opt/airflow/dags/main.py
[2026-04-30T11:58:03.642+0000] {logging_mixin.py:190} INFO - [2026-04-30T11:58:03.642+0000] {dag.py:3239} INFO - Sync 1 DAGs
[2026-04-30T11:58:03.674+0000] {logging_mixin.py:190} INFO - [2026-04-30T11:58:03.673+0000] {dag.py:4180} INFO - Setting next_dagrun for orders_kafka_to_s3 to 2026-04-30 00:00:00+00:00, run_after=2026-05-01 00:00:00+00:00
[2026-04-30T11:58:03.700+0000] {processor.py:208} INFO - Processing /opt/airflow/dags/main.py took 0.499 seconds
[2026-04-30T11:58:33.935+0000] {processor.py:186} INFO - Started process (PID=1427) to work on /opt/airflow/dags/main.py
[2026-04-30T11:58:33.939+0000] {processor.py:914} INFO - Processing file /opt/airflow/dags/main.py for tasks to queue
[2026-04-30T11:58:33.945+0000] {logging_mixin.py:190} INFO - [2026-04-30T11:58:33.944+0000] {dagbag.py:588} INFO - Filling up the DagBag from /opt/airflow/dags/main.py
[2026-04-30T11:58:34.348+0000] {processor.py:925} INFO - DAG(s) 'orders_kafka_to_s3' retrieved from /opt/airflow/dags/main.py
[2026-04-30T11:58:34.396+0000] {logging_mixin.py:190} INFO - [2026-04-30T11:58:34.396+0000] {dag.py:3239} INFO - Sync 1 DAGs
[2026-04-30T11:58:34.429+0000] {logging_mixin.py:190} INFO - [2026-04-30T11:58:34.429+0000] {dag.py:4180} INFO - Setting next_dagrun for orders_kafka_to_s3 to 2026-04-30 00:00:00+00:00, run_after=2026-05-01 00:00:00+00:00
[2026-04-30T11:58:34.469+0000] {processor.py:208} INFO - Processing /opt/airflow/dags/main.py took 0.562 seconds
[2026-04-30T11:59:04.643+0000] {processor.py:186} INFO - Started process (PID=1434) to work on /opt/airflow/dags/main.py
[2026-04-30T11:59:04.646+0000] {processor.py:914} INFO - Processing file /opt/airflow/dags/main.py for tasks to queue
[2026-04-30T11:59:04.664+0000] {logging_mixin.py:190} INFO - [2026-04-30T11:59:04.664+0000] {dagbag.py:588} INFO - Filling up the DagBag from /opt/airflow/dags/main.py
[2026-04-30T11:59:05.184+0000] {processor.py:925} INFO - DAG(s) 'orders_kafka_to_s3' retrieved from /opt/airflow/dags/main.py
[2026-04-30T11:59:05.233+0000] {logging_mixin.py:190} INFO - [2026-04-30T11:59:05.232+0000] {dag.py:3239} INFO - Sync 1 DAGs
[2026-04-30T11:59:05.270+0000] {logging_mixin.py:190} INFO - [2026-04-30T11:59:05.270+0000] {dag.py:4180} INFO - Setting next_dagrun for orders_kafka_to_s3 to 2026-04-30 00:00:00+00:00, run_after=2026-05-01 00:00:00+00:00
[2026-04-30T11:59:05.302+0000] {processor.py:208} INFO - Processing /opt/airflow/dags/main.py took 0.671 seconds
[2026-04-30T11:59:35.683+0000] {processor.py:186} INFO - Started process (PID=1441) to work on /opt/airflow/dags/main.py
[2026-04-30T11:59:35.685+0000] {processor.py:914} INFO - Processing file /opt/airflow/dags/main.py for tasks to queue
[2026-04-30T11:59:35.694+0000] {logging_mixin.py:190} INFO - [2026-04-30T11:59:35.694+0000] {dagbag.py:588} INFO - Filling up the DagBag from /opt/airflow/dags/main.py
[2026-04-30T11:59:36.185+0000] {processor.py:925} INFO - DAG(s) 'orders_kafka_to_s3' retrieved from /opt/airflow/dags/main.py
[2026-04-30T11:59:36.218+0000] {logging_mixin.py:190} INFO - [2026-04-30T11:59:36.218+0000] {dag.py:3239} INFO - Sync 1 DAGs
[2026-04-30T11:59:36.260+0000] {logging_mixin.py:190} INFO - [2026-04-30T11:59:36.259+0000] {dag.py:4180} INFO - Setting next_dagrun for orders_kafka_to_s3 to 2026-04-30 00:00:00+00:00, run_after=2026-05-01 00:00:00+00:00
[2026-04-30T11:59:36.294+0000] {processor.py:208} INFO - Processing /opt/airflow/dags/main.py took 0.618 seconds
[2026-04-30T12:00:06.381+0000] {processor.py:186} INFO - Started process (PID=1447) to work on /opt/airflow/dags/main.py
[2026-04-30T12:00:06.382+0000] {processor.py:914} INFO - Processing file /opt/airflow/dags/main.py for tasks to queue
[2026-04-30T12:00:06.387+0000] {logging_mixin.py:190} INFO - [2026-04-30T12:00:06.387+0000] {dagbag.py:588} INFO - Filling up the DagBag from /opt/airflow/dags/main.py
[2026-04-30T12:00:06.778+0000] {processor.py:925} INFO - DAG(s) 'orders_kafka_to_s3' retrieved from /opt/airflow/dags/main.py
[2026-04-30T12:00:06.809+0000] {logging_mixin.py:190} INFO - [2026-04-30T12:00:06.809+0000] {dag.py:3239} INFO - Sync 1 DAGs
[2026-04-30T12:00:06.842+0000] {logging_mixin.py:190} INFO - [2026-04-30T12:00:06.842+0000] {dag.py:4180} INFO - Setting next_dagrun for orders_kafka_to_s3 to 2026-04-30 00:00:00+00:00, run_after=2026-05-01 00:00:00+00:00
[2026-04-30T12:00:06.870+0000] {processor.py:208} INFO - Processing /opt/airflow/dags/main.py took 0.499 seconds
[2026-04-30T12:00:36.976+0000] {processor.py:186} INFO - Started process (PID=1454) to work on /opt/airflow/dags/main.py
[2026-04-30T12:00:36.977+0000] {processor.py:914} INFO - Processing file /opt/airflow/dags/main.py for tasks to queue
[2026-04-30T12:00:36.982+0000] {logging_mixin.py:190} INFO - [2026-04-30T12:00:36.981+0000] {dagbag.py:588} INFO - Filling up the DagBag from /opt/airflow/dags/main.py
[2026-04-30T12:00:37.356+0000] {processor.py:925} INFO - DAG(s) 'orders_kafka_to_s3' retrieved from /opt/airflow/dags/main.py
[2026-04-30T12:00:37.388+0000] {logging_mixin.py:190} INFO - [2026-04-30T12:00:37.388+0000] {dag.py:3239} INFO - Sync 1 DAGs
[2026-04-30T12:00:37.421+0000] {logging_mixin.py:190} INFO - [2026-04-30T12:00:37.421+0000] {dag.py:4180} INFO - Setting next_dagrun for orders_kafka_to_s3 to 2026-04-30 00:00:00+00:00, run_after=2026-05-01 00:00:00+00:00
[2026-04-30T12:00:37.452+0000] {processor.py:208} INFO - Processing /opt/airflow/dags/main.py took 0.503 seconds
[2026-04-30T12:01:07.642+0000] {processor.py:186} INFO - Started process (PID=1461) to work on /opt/airflow/dags/main.py
[2026-04-30T12:01:07.644+0000] {processor.py:914} INFO - Processing file /opt/airflow/dags/main.py for tasks to queue
[2026-04-30T12:01:07.652+0000] {logging_mixin.py:190} INFO - [2026-04-30T12:01:07.651+0000] {dagbag.py:588} INFO - Filling up the DagBag from /opt/airflow/dags/main.py
[2026-04-30T12:01:08.040+0000] {processor.py:925} INFO - DAG(s) 'orders_kafka_to_s3' retrieved from /opt/airflow/dags/main.py
[2026-04-30T12:01:08.070+0000] {logging_mixin.py:190} INFO - [2026-04-30T12:01:08.069+0000] {dag.py:3239} INFO - Sync 1 DAGs
[2026-04-30T12:01:08.098+0000] {logging_mixin.py:190} INFO - [2026-04-30T12:01:08.098+0000] {dag.py:4180} INFO - Setting next_dagrun for orders_kafka_to_s3 to 2026-04-30 00:00:00+00:00, run_after=2026-05-01 00:00:00+00:00
[2026-04-30T12:01:08.123+0000] {processor.py:208} INFO - Processing /opt/airflow/dags/main.py took 0.491 seconds
[2026-04-30T12:01:38.419+0000] {processor.py:186} INFO - Started process (PID=1468) to work on /opt/airflow/dags/main.py
[2026-04-30T12:01:38.422+0000] {processor.py:914} INFO - Processing file /opt/airflow/dags/main.py for tasks to queue
[2026-04-30T12:01:38.428+0000] {logging_mixin.py:190} INFO - [2026-04-30T12:01:38.428+0000] {dagbag.py:588} INFO - Filling up the DagBag from /opt/airflow/dags/main.py
[2026-04-30T12:01:38.857+0000] {processor.py:925} INFO - DAG(s) 'orders_kafka_to_s3' retrieved from /opt/airflow/dags/main.py
[2026-04-30T12:01:38.887+0000] {logging_mixin.py:190} INFO - [2026-04-30T12:01:38.887+0000] {dag.py:3239} INFO - Sync 1 DAGs
[2026-04-30T12:01:38.916+0000] {logging_mixin.py:190} INFO - [2026-04-30T12:01:38.915+0000] {dag.py:4180} INFO - Setting next_dagrun for orders_kafka_to_s3 to 2026-04-30 00:00:00+00:00, run_after=2026-05-01 00:00:00+00:00
[2026-04-30T12:01:38.945+0000] {processor.py:208} INFO - Processing /opt/airflow/dags/main.py took 0.542 seconds
[2026-04-30T12:02:09.300+0000] {processor.py:186} INFO - Started process (PID=1475) to work on /opt/airflow/dags/main.py
[2026-04-30T12:02:09.301+0000] {processor.py:914} INFO - Processing file /opt/airflow/dags/main.py for tasks to queue
[2026-04-30T12:02:09.306+0000] {logging_mixin.py:190} INFO - [2026-04-30T12:02:09.305+0000] {dagbag.py:588} INFO - Filling up the DagBag from /opt/airflow/dags/main.py
[2026-04-30T12:02:09.711+0000] {processor.py:925} INFO - DAG(s) 'orders_kafka_to_s3' retrieved from /opt/airflow/dags/main.py
[2026-04-30T12:02:09.764+0000] {logging_mixin.py:190} INFO - [2026-04-30T12:02:09.763+0000] {dag.py:3239} INFO - Sync 1 DAGs
[2026-04-30T12:02:09.804+0000] {logging_mixin.py:190} INFO - [2026-04-30T12:02:09.804+0000] {dag.py:4180} INFO - Setting next_dagrun for orders_kafka_to_s3 to 2026-04-30 00:00:00+00:00, run_after=2026-05-01 00:00:00+00:00
[2026-04-30T12:02:09.839+0000] {processor.py:208} INFO - Processing /opt/airflow/dags/main.py took 0.549 seconds
[2026-04-30T12:02:40.088+0000] {processor.py:186} INFO - Started process (PID=1489) to work on /opt/airflow/dags/main.py
[2026-04-30T12:02:40.092+0000] {processor.py:914} INFO - Processing file /opt/airflow/dags/main.py for tasks to queue
[2026-04-30T12:02:40.105+0000] {logging_mixin.py:190} INFO - [2026-04-30T12:02:40.104+0000] {dagbag.py:588} INFO - Filling up the DagBag from /opt/airflow/dags/main.py
[2026-04-30T12:02:39.132+0000] {processor.py:925} INFO - DAG(s) 'orders_kafka_to_s3' retrieved from /opt/airflow/dags/main.py
[2026-04-30T12:02:39.168+0000] {logging_mixin.py:190} INFO - [2026-04-30T12:02:39.168+0000] {dag.py:3239} INFO - Sync 1 DAGs
[2026-04-30T12:02:39.206+0000] {logging_mixin.py:190} INFO - [2026-04-30T12:02:39.206+0000] {dag.py:4180} INFO - Setting next_dagrun for orders_kafka_to_s3 to 2026-04-30 00:00:00+00:00, run_after=2026-05-01 00:00:00+00:00
[2026-04-30T12:02:39.237+0000] {processor.py:208} INFO - Processing /opt/airflow/dags/main.py took 0.803 seconds
[2026-04-30T12:03:09.448+0000] {processor.py:186} INFO - Started process (PID=1497) to work on /opt/airflow/dags/main.py
[2026-04-30T12:03:09.451+0000] {processor.py:914} INFO - Processing file /opt/airflow/dags/main.py for tasks to queue
[2026-04-30T12:03:09.460+0000] {logging_mixin.py:190} INFO - [2026-04-30T12:03:09.459+0000] {dagbag.py:588} INFO - Filling up the DagBag from /opt/airflow/dags/main.py
[2026-04-30T12:03:09.907+0000] {processor.py:925} INFO - DAG(s) 'orders_kafka_to_s3' retrieved from /opt/airflow/dags/main.py
[2026-04-30T12:03:09.944+0000] {logging_mixin.py:190} INFO - [2026-04-30T12:03:09.944+0000] {dag.py:3239} INFO - Sync 1 DAGs
[2026-04-30T12:03:09.975+0000] {logging_mixin.py:190} INFO - [2026-04-30T12:03:09.974+0000] {dag.py:4180} INFO - Setting next_dagrun for orders_kafka_to_s3 to 2026-04-30 00:00:00+00:00, run_after=2026-05-01 00:00:00+00:00
[2026-04-30T12:03:10.006+0000] {processor.py:208} INFO - Processing /opt/airflow/dags/main.py took 0.577 seconds
[2026-04-30T12:03:40.208+0000] {processor.py:186} INFO - Started process (PID=1504) to work on /opt/airflow/dags/main.py
[2026-04-30T12:03:40.210+0000] {processor.py:914} INFO - Processing file /opt/airflow/dags/main.py for tasks to queue
[2026-04-30T12:03:40.214+0000] {logging_mixin.py:190} INFO - [2026-04-30T12:03:40.213+0000] {dagbag.py:588} INFO - Filling up the DagBag from /opt/airflow/dags/main.py
[2026-04-30T12:03:40.655+0000] {processor.py:925} INFO - DAG(s) 'orders_kafka_to_s3' retrieved from /opt/airflow/dags/main.py
[2026-04-30T12:03:40.713+0000] {logging_mixin.py:190} INFO - [2026-04-30T12:03:40.712+0000] {dag.py:3239} INFO - Sync 1 DAGs
[2026-04-30T12:03:40.767+0000] {logging_mixin.py:190} INFO - [2026-04-30T12:03:40.767+0000] {dag.py:4180} INFO - Setting next_dagrun for orders_kafka_to_s3 to 2026-04-30 00:00:00+00:00, run_after=2026-05-01 00:00:00+00:00
[2026-04-30T12:03:40.798+0000] {processor.py:208} INFO - Processing /opt/airflow/dags/main.py took 0.601 seconds
[2026-04-30T12:04:11.124+0000] {processor.py:186} INFO - Started process (PID=1511) to work on /opt/airflow/dags/main.py
[2026-04-30T12:04:11.130+0000] {processor.py:914} INFO - Processing file /opt/airflow/dags/main.py for tasks to queue
[2026-04-30T12:04:11.145+0000] {logging_mixin.py:190} INFO - [2026-04-30T12:04:11.143+0000] {dagbag.py:588} INFO - Filling up the DagBag from /opt/airflow/dags/main.py
[2026-04-30T12:04:11.657+0000] {processor.py:925} INFO - DAG(s) 'orders_kafka_to_s3' retrieved from /opt/airflow/dags/main.py
[2026-04-30T12:04:11.714+0000] {logging_mixin.py:190} INFO - [2026-04-30T12:04:11.714+0000] {dag.py:3239} INFO - Sync 1 DAGs
[2026-04-30T12:04:11.767+0000] {logging_mixin.py:190} INFO - [2026-04-30T12:04:11.766+0000] {dag.py:4180} INFO - Setting next_dagrun for orders_kafka_to_s3 to 2026-04-30 00:00:00+00:00, run_after=2026-05-01 00:00:00+00:00
[2026-04-30T12:04:11.820+0000] {processor.py:208} INFO - Processing /opt/airflow/dags/main.py took 0.736 seconds
[2026-04-30T12:04:42.209+0000] {processor.py:186} INFO - Started process (PID=1518) to work on /opt/airflow/dags/main.py
[2026-04-30T12:04:42.211+0000] {processor.py:914} INFO - Processing file /opt/airflow/dags/main.py for tasks to queue
[2026-04-30T12:04:42.216+0000] {logging_mixin.py:190} INFO - [2026-04-30T12:04:42.215+0000] {dagbag.py:588} INFO - Filling up the DagBag from /opt/airflow/dags/main.py
[2026-04-30T12:04:42.624+0000] {processor.py:925} INFO - DAG(s) 'orders_kafka_to_s3' retrieved from /opt/airflow/dags/main.py
[2026-04-30T12:04:42.669+0000] {logging_mixin.py:190} INFO - [2026-04-30T12:04:42.669+0000] {dag.py:3239} INFO - Sync 1 DAGs
[2026-04-30T12:04:42.702+0000] {logging_mixin.py:190} INFO - [2026-04-30T12:04:42.702+0000] {dag.py:4180} INFO - Setting next_dagrun for orders_kafka_to_s3 to 2026-04-30 00:00:00+00:00, run_after=2026-05-01 00:00:00+00:00
[2026-04-30T12:04:42.731+0000] {processor.py:208} INFO - Processing /opt/airflow/dags/main.py took 0.532 seconds
[2026-04-30T12:05:13.160+0000] {processor.py:186} INFO - Started process (PID=1525) to work on /opt/airflow/dags/main.py
[2026-04-30T12:05:13.162+0000] {processor.py:914} INFO - Processing file /opt/airflow/dags/main.py for tasks to queue
[2026-04-30T12:05:13.167+0000] {logging_mixin.py:190} INFO - [2026-04-30T12:05:13.166+0000] {dagbag.py:588} INFO - Filling up the DagBag from /opt/airflow/dags/main.py
[2026-04-30T12:05:13.575+0000] {processor.py:925} INFO - DAG(s) 'orders_kafka_to_s3' retrieved from /opt/airflow/dags/main.py
[2026-04-30T12:05:13.620+0000] {logging_mixin.py:190} INFO - [2026-04-30T12:05:13.619+0000] {dag.py:3239} INFO - Sync 1 DAGs
[2026-04-30T12:05:13.675+0000] {logging_mixin.py:190} INFO - [2026-04-30T12:05:13.674+0000] {dag.py:4180} INFO - Setting next_dagrun for orders_kafka_to_s3 to 2026-04-30 00:00:00+00:00, run_after=2026-05-01 00:00:00+00:00
[2026-04-30T12:05:13.717+0000] {processor.py:208} INFO - Processing /opt/airflow/dags/main.py took 0.569 seconds
[2026-04-30T12:05:43.975+0000] {processor.py:186} INFO - Started process (PID=1532) to work on /opt/airflow/dags/main.py
[2026-04-30T12:05:43.977+0000] {processor.py:914} INFO - Processing file /opt/airflow/dags/main.py for tasks to queue
[2026-04-30T12:05:43.981+0000] {logging_mixin.py:190} INFO - [2026-04-30T12:05:43.981+0000] {dagbag.py:588} INFO - Filling up the DagBag from /opt/airflow/dags/main.py
[2026-04-30T12:05:44.419+0000] {processor.py:925} INFO - DAG(s) 'orders_kafka_to_s3' retrieved from /opt/airflow/dags/main.py
[2026-04-30T12:05:44.456+0000] {logging_mixin.py:190} INFO - [2026-04-30T12:05:44.456+0000] {dag.py:3239} INFO - Sync 1 DAGs
[2026-04-30T12:05:44.487+0000] {logging_mixin.py:190} INFO - [2026-04-30T12:05:44.487+0000] {dag.py:4180} INFO - Setting next_dagrun for orders_kafka_to_s3 to 2026-04-30 00:00:00+00:00, run_after=2026-05-01 00:00:00+00:00
[2026-04-30T12:05:44.514+0000] {processor.py:208} INFO - Processing /opt/airflow/dags/main.py took 0.557 seconds
[2026-04-30T12:06:14.793+0000] {processor.py:186} INFO - Started process (PID=1539) to work on /opt/airflow/dags/main.py
[2026-04-30T12:06:14.795+0000] {processor.py:914} INFO - Processing file /opt/airflow/dags/main.py for tasks to queue
[2026-04-30T12:06:14.800+0000] {logging_mixin.py:190} INFO - [2026-04-30T12:06:14.799+0000] {dagbag.py:588} INFO - Filling up the DagBag from /opt/airflow/dags/main.py
[2026-04-30T12:06:15.206+0000] {processor.py:925} INFO - DAG(s) 'orders_kafka_to_s3' retrieved from /opt/airflow/dags/main.py
[2026-04-30T12:06:15.244+0000] {logging_mixin.py:190} INFO - [2026-04-30T12:06:15.243+0000] {dag.py:3239} INFO - Sync 1 DAGs
[2026-04-30T12:06:15.275+0000] {logging_mixin.py:190} INFO - [2026-04-30T12:06:15.274+0000] {dag.py:4180} INFO - Setting next_dagrun for orders_kafka_to_s3 to 2026-04-30 00:00:00+00:00, run_after=2026-05-01 00:00:00+00:00
[2026-04-30T12:06:15.318+0000] {processor.py:208} INFO - Processing /opt/airflow/dags/main.py took 0.537 seconds
[2026-04-30T12:06:45.629+0000] {processor.py:186} INFO - Started process (PID=1547) to work on /opt/airflow/dags/main.py
[2026-04-30T12:06:45.632+0000] {processor.py:914} INFO - Processing file /opt/airflow/dags/main.py for tasks to queue
[2026-04-30T12:06:45.639+0000] {logging_mixin.py:190} INFO - [2026-04-30T12:06:45.638+0000] {dagbag.py:588} INFO - Filling up the DagBag from /opt/airflow/dags/main.py
[2026-04-30T12:06:46.135+0000] {processor.py:925} INFO - DAG(s) 'orders_kafka_to_s3' retrieved from /opt/airflow/dags/main.py
[2026-04-30T12:06:46.178+0000] {logging_mixin.py:190} INFO - [2026-04-30T12:06:46.177+0000] {dag.py:3239} INFO - Sync 1 DAGs
[2026-04-30T12:06:46.208+0000] {logging_mixin.py:190} INFO - [2026-04-30T12:06:46.208+0000] {dag.py:4180} INFO - Setting next_dagrun for orders_kafka_to_s3 to 2026-04-30 00:00:00+00:00, run_after=2026-05-01 00:00:00+00:00
[2026-04-30T12:06:46.245+0000] {processor.py:208} INFO - Processing /opt/airflow/dags/main.py took 0.630 seconds
[2026-04-30T12:07:16.795+0000] {processor.py:186} INFO - Started process (PID=1554) to work on /opt/airflow/dags/main.py
[2026-04-30T12:07:16.797+0000] {processor.py:914} INFO - Processing file /opt/airflow/dags/main.py for tasks to queue
[2026-04-30T12:07:16.802+0000] {logging_mixin.py:190} INFO - [2026-04-30T12:07:16.801+0000] {dagbag.py:588} INFO - Filling up the DagBag from /opt/airflow/dags/main.py
[2026-04-30T12:07:17.223+0000] {processor.py:925} INFO - DAG(s) 'orders_kafka_to_s3' retrieved from /opt/airflow/dags/main.py
[2026-04-30T12:07:17.278+0000] {logging_mixin.py:190} INFO - [2026-04-30T12:07:17.277+0000] {dag.py:3239} INFO - Sync 1 DAGs
[2026-04-30T12:07:17.316+0000] {logging_mixin.py:190} INFO - [2026-04-30T12:07:17.316+0000] {dag.py:4180} INFO - Setting next_dagrun for orders_kafka_to_s3 to 2026-04-30 00:00:00+00:00, run_after=2026-05-01 00:00:00+00:00
[2026-04-30T12:07:17.354+0000] {processor.py:208} INFO - Processing /opt/airflow/dags/main.py took 0.578 seconds
[2026-04-30T12:07:47.688+0000] {processor.py:186} INFO - Started process (PID=1567) to work on /opt/airflow/dags/main.py
[2026-04-30T12:07:47.690+0000] {processor.py:914} INFO - Processing file /opt/airflow/dags/main.py for tasks to queue
[2026-04-30T12:07:47.695+0000] {logging_mixin.py:190} INFO - [2026-04-30T12:07:47.695+0000] {dagbag.py:588} INFO - Filling up the DagBag from /opt/airflow/dags/main.py
[2026-04-30T12:07:48.215+0000] {processor.py:925} INFO - DAG(s) 'orders_kafka_to_s3' retrieved from /opt/airflow/dags/main.py
[2026-04-30T12:07:48.256+0000] {logging_mixin.py:190} INFO - [2026-04-30T12:07:48.255+0000] {dag.py:3239} INFO - Sync 1 DAGs
[2026-04-30T12:07:48.295+0000] {logging_mixin.py:190} INFO - [2026-04-30T12:07:48.295+0000] {dag.py:4180} INFO - Setting next_dagrun for orders_kafka_to_s3 to 2026-04-30 00:00:00+00:00, run_after=2026-05-01 00:00:00+00:00
[2026-04-30T12:07:48.336+0000] {processor.py:208} INFO - Processing /opt/airflow/dags/main.py took 0.661 seconds
[2026-04-30T12:08:18.654+0000] {processor.py:186} INFO - Started process (PID=1574) to work on /opt/airflow/dags/main.py
[2026-04-30T12:08:18.656+0000] {processor.py:914} INFO - Processing file /opt/airflow/dags/main.py for tasks to queue
[2026-04-30T12:08:18.660+0000] {logging_mixin.py:190} INFO - [2026-04-30T12:08:18.659+0000] {dagbag.py:588} INFO - Filling up the DagBag from /opt/airflow/dags/main.py
[2026-04-30T12:08:19.015+0000] {processor.py:925} INFO - DAG(s) 'orders_kafka_to_s3' retrieved from /opt/airflow/dags/main.py
[2026-04-30T12:08:19.056+0000] {logging_mixin.py:190} INFO - [2026-04-30T12:08:19.055+0000] {dag.py:3239} INFO - Sync 1 DAGs
[2026-04-30T12:08:19.092+0000] {logging_mixin.py:190} INFO - [2026-04-30T12:08:19.092+0000] {dag.py:4180} INFO - Setting next_dagrun for orders_kafka_to_s3 to 2026-04-30 00:00:00+00:00, run_after=2026-05-01 00:00:00+00:00
[2026-04-30T12:08:19.124+0000] {processor.py:208} INFO - Processing /opt/airflow/dags/main.py took 0.481 seconds
[2026-04-30T12:08:49.710+0000] {processor.py:186} INFO - Started process (PID=1581) to work on /opt/airflow/dags/main.py
[2026-04-30T12:08:49.713+0000] {processor.py:914} INFO - Processing file /opt/airflow/dags/main.py for tasks to queue
[2026-04-30T12:08:49.720+0000] {logging_mixin.py:190} INFO - [2026-04-30T12:08:49.720+0000] {dagbag.py:588} INFO - Filling up the DagBag from /opt/airflow/dags/main.py
[2026-04-30T12:08:50.165+0000] {processor.py:925} INFO - DAG(s) 'orders_kafka_to_s3' retrieved from /opt/airflow/dags/main.py
[2026-04-30T12:08:50.199+0000] {logging_mixin.py:190} INFO - [2026-04-30T12:08:50.199+0000] {dag.py:3239} INFO - Sync 1 DAGs
[2026-04-30T12:08:50.232+0000] {logging_mixin.py:190} INFO - [2026-04-30T12:08:50.232+0000] {dag.py:4180} INFO - Setting next_dagrun for orders_kafka_to_s3 to 2026-04-30 00:00:00+00:00, run_after=2026-05-01 00:00:00+00:00
[2026-04-30T12:08:50.265+0000] {processor.py:208} INFO - Processing /opt/airflow/dags/main.py took 0.573 seconds
[2026-04-30T12:09:20.796+0000] {processor.py:186} INFO - Started process (PID=1589) to work on /opt/airflow/dags/main.py
[2026-04-30T12:09:20.798+0000] {processor.py:914} INFO - Processing file /opt/airflow/dags/main.py for tasks to queue
[2026-04-30T12:09:20.802+0000] {logging_mixin.py:190} INFO - [2026-04-30T12:09:20.802+0000] {dagbag.py:588} INFO - Filling up the DagBag from /opt/airflow/dags/main.py
[2026-04-30T12:09:21.181+0000] {processor.py:925} INFO - DAG(s) 'orders_kafka_to_s3' retrieved from /opt/airflow/dags/main.py
[2026-04-30T12:09:21.230+0000] {logging_mixin.py:190} INFO - [2026-04-30T12:09:21.230+0000] {dag.py:3239} INFO - Sync 1 DAGs
[2026-04-30T12:09:21.280+0000] {logging_mixin.py:190} INFO - [2026-04-30T12:09:21.279+0000] {dag.py:4180} INFO - Setting next_dagrun for orders_kafka_to_s3 to 2026-04-30 00:00:00+00:00, run_after=2026-05-01 00:00:00+00:00
[2026-04-30T12:09:21.325+0000] {processor.py:208} INFO - Processing /opt/airflow/dags/main.py took 0.539 seconds
[2026-04-30T12:09:51.714+0000] {processor.py:186} INFO - Started process (PID=1596) to work on /opt/airflow/dags/main.py
[2026-04-30T12:09:51.716+0000] {processor.py:914} INFO - Processing file /opt/airflow/dags/main.py for tasks to queue
[2026-04-30T12:09:51.721+0000] {logging_mixin.py:190} INFO - [2026-04-30T12:09:51.721+0000] {dagbag.py:588} INFO - Filling up the DagBag from /opt/airflow/dags/main.py
[2026-04-30T12:09:52.116+0000] {processor.py:925} INFO - DAG(s) 'orders_kafka_to_s3' retrieved from /opt/airflow/dags/main.py
[2026-04-30T12:09:52.150+0000] {logging_mixin.py:190} INFO - [2026-04-30T12:09:52.149+0000] {dag.py:3239} INFO - Sync 1 DAGs
[2026-04-30T12:09:52.180+0000] {logging_mixin.py:190} INFO - [2026-04-30T12:09:52.180+0000] {dag.py:4180} INFO - Setting next_dagrun for orders_kafka_to_s3 to 2026-04-30 00:00:00+00:00, run_after=2026-05-01 00:00:00+00:00
[2026-04-30T12:09:52.212+0000] {processor.py:208} INFO - Processing /opt/airflow/dags/main.py took 0.509 seconds
[2026-04-30T12:10:23.003+0000] {processor.py:186} INFO - Started process (PID=1603) to work on /opt/airflow/dags/main.py
[2026-04-30T12:10:23.005+0000] {processor.py:914} INFO - Processing file /opt/airflow/dags/main.py for tasks to queue
[2026-04-30T12:10:23.010+0000] {logging_mixin.py:190} INFO - [2026-04-30T12:10:23.009+0000] {dagbag.py:588} INFO - Filling up the DagBag from /opt/airflow/dags/main.py
[2026-04-30T12:10:23.380+0000] {processor.py:925} INFO - DAG(s) 'orders_kafka_to_s3' retrieved from /opt/airflow/dags/main.py
[2026-04-30T12:10:23.412+0000] {logging_mixin.py:190} INFO - [2026-04-30T12:10:23.412+0000] {dag.py:3239} INFO - Sync 1 DAGs
[2026-04-30T12:10:23.442+0000] {logging_mixin.py:190} INFO - [2026-04-30T12:10:23.441+0000] {dag.py:4180} INFO - Setting next_dagrun for orders_kafka_to_s3 to 2026-04-30 00:00:00+00:00, run_after=2026-05-01 00:00:00+00:00
[2026-04-30T12:10:23.469+0000] {processor.py:208} INFO - Processing /opt/airflow/dags/main.py took 0.482 seconds
[2026-04-30T12:10:54.066+0000] {processor.py:186} INFO - Started process (PID=1610) to work on /opt/airflow/dags/main.py
[2026-04-30T12:10:54.068+0000] {processor.py:914} INFO - Processing file /opt/airflow/dags/main.py for tasks to queue
[2026-04-30T12:10:54.072+0000] {logging_mixin.py:190} INFO - [2026-04-30T12:10:54.072+0000] {dagbag.py:588} INFO - Filling up the DagBag from /opt/airflow/dags/main.py
[2026-04-30T12:10:54.443+0000] {processor.py:925} INFO - DAG(s) 'orders_kafka_to_s3' retrieved from /opt/airflow/dags/main.py
[2026-04-30T12:10:54.473+0000] {logging_mixin.py:190} INFO - [2026-04-30T12:10:54.473+0000] {dag.py:3239} INFO - Sync 1 DAGs
[2026-04-30T12:10:54.506+0000] {logging_mixin.py:190} INFO - [2026-04-30T12:10:54.506+0000] {dag.py:4180} INFO - Setting next_dagrun for orders_kafka_to_s3 to 2026-04-30 00:00:00+00:00, run_after=2026-05-01 00:00:00+00:00
[2026-04-30T12:10:54.541+0000] {processor.py:208} INFO - Processing /opt/airflow/dags/main.py took 0.489 seconds
[2026-04-30T12:11:25.233+0000] {processor.py:186} INFO - Started process (PID=1617) to work on /opt/airflow/dags/main.py
[2026-04-30T12:11:25.235+0000] {processor.py:914} INFO - Processing file /opt/airflow/dags/main.py for tasks to queue
[2026-04-30T12:11:25.240+0000] {logging_mixin.py:190} INFO - [2026-04-30T12:11:25.239+0000] {dagbag.py:588} INFO - Filling up the DagBag from /opt/airflow/dags/main.py
[2026-04-30T12:11:25.689+0000] {processor.py:925} INFO - DAG(s) 'orders_kafka_to_s3' retrieved from /opt/airflow/dags/main.py
[2026-04-30T12:11:25.727+0000] {logging_mixin.py:190} INFO - [2026-04-30T12:11:25.727+0000] {dag.py:3239} INFO - Sync 1 DAGs
[2026-04-30T12:11:25.756+0000] {logging_mixin.py:190} INFO - [2026-04-30T12:11:25.755+0000] {dag.py:4180} INFO - Setting next_dagrun for orders_kafka_to_s3 to 2026-04-30 00:00:00+00:00, run_after=2026-05-01 00:00:00+00:00
[2026-04-30T12:11:25.779+0000] {processor.py:208} INFO - Processing /opt/airflow/dags/main.py took 0.558 seconds
[2026-04-30T12:11:55.900+0000] {processor.py:186} INFO - Started process (PID=1624) to work on /opt/airflow/dags/main.py
[2026-04-30T12:11:55.903+0000] {processor.py:914} INFO - Processing file /opt/airflow/dags/main.py for tasks to queue
[2026-04-30T12:11:55.908+0000] {logging_mixin.py:190} INFO - [2026-04-30T12:11:55.908+0000] {dagbag.py:588} INFO - Filling up the DagBag from /opt/airflow/dags/main.py
[2026-04-30T12:11:56.329+0000] {processor.py:925} INFO - DAG(s) 'orders_kafka_to_s3' retrieved from /opt/airflow/dags/main.py
[2026-04-30T12:11:56.370+0000] {logging_mixin.py:190} INFO - [2026-04-30T12:11:56.370+0000] {dag.py:3239} INFO - Sync 1 DAGs
[2026-04-30T12:11:56.416+0000] {logging_mixin.py:190} INFO - [2026-04-30T12:11:56.416+0000] {dag.py:4180} INFO - Setting next_dagrun for orders_kafka_to_s3 to 2026-04-30 00:00:00+00:00, run_after=2026-05-01 00:00:00+00:00
[2026-04-30T12:11:56.460+0000] {processor.py:208} INFO - Processing /opt/airflow/dags/main.py took 0.578 seconds
[2026-04-30T12:12:26.749+0000] {processor.py:186} INFO - Started process (PID=1631) to work on /opt/airflow/dags/main.py
[2026-04-30T12:12:26.753+0000] {processor.py:914} INFO - Processing file /opt/airflow/dags/main.py for tasks to queue
[2026-04-30T12:12:26.760+0000] {logging_mixin.py:190} INFO - [2026-04-30T12:12:26.760+0000] {dagbag.py:588} INFO - Filling up the DagBag from /opt/airflow/dags/main.py
[2026-04-30T12:12:27.231+0000] {processor.py:925} INFO - DAG(s) 'orders_kafka_to_s3' retrieved from /opt/airflow/dags/main.py
[2026-04-30T12:12:27.266+0000] {logging_mixin.py:190} INFO - [2026-04-30T12:12:27.266+0000] {dag.py:3239} INFO - Sync 1 DAGs
[2026-04-30T12:12:27.306+0000] {logging_mixin.py:190} INFO - [2026-04-30T12:12:27.306+0000] {dag.py:4180} INFO - Setting next_dagrun for orders_kafka_to_s3 to 2026-04-30 00:00:00+00:00, run_after=2026-05-01 00:00:00+00:00
[2026-04-30T12:12:27.344+0000] {processor.py:208} INFO - Processing /opt/airflow/dags/main.py took 0.618 seconds
[2026-04-30T12:12:57.618+0000] {processor.py:186} INFO - Started process (PID=1638) to work on /opt/airflow/dags/main.py
[2026-04-30T12:12:57.620+0000] {processor.py:914} INFO - Processing file /opt/airflow/dags/main.py for tasks to queue
[2026-04-30T12:12:57.624+0000] {logging_mixin.py:190} INFO - [2026-04-30T12:12:57.623+0000] {dagbag.py:588} INFO - Filling up the DagBag from /opt/airflow/dags/main.py
[2026-04-30T12:12:58.073+0000] {processor.py:925} INFO - DAG(s) 'orders_kafka_to_s3' retrieved from /opt/airflow/dags/main.py
[2026-04-30T12:12:58.106+0000] {logging_mixin.py:190} INFO - [2026-04-30T12:12:58.106+0000] {dag.py:3239} INFO - Sync 1 DAGs
[2026-04-30T12:12:58.136+0000] {logging_mixin.py:190} INFO - [2026-04-30T12:12:58.136+0000] {dag.py:4180} INFO - Setting next_dagrun for orders_kafka_to_s3 to 2026-04-30 00:00:00+00:00, run_after=2026-05-01 00:00:00+00:00
[2026-04-30T12:12:58.164+0000] {processor.py:208} INFO - Processing /opt/airflow/dags/main.py took 0.558 seconds
[2026-04-30T12:13:28.370+0000] {processor.py:186} INFO - Started process (PID=1645) to work on /opt/airflow/dags/main.py
[2026-04-30T12:13:28.374+0000] {processor.py:914} INFO - Processing file /opt/airflow/dags/main.py for tasks to queue
[2026-04-30T12:13:28.382+0000] {logging_mixin.py:190} INFO - [2026-04-30T12:13:28.381+0000] {dagbag.py:588} INFO - Filling up the DagBag from /opt/airflow/dags/main.py
[2026-04-30T12:13:28.901+0000] {processor.py:925} INFO - DAG(s) 'orders_kafka_to_s3' retrieved from /opt/airflow/dags/main.py
[2026-04-30T12:13:28.949+0000] {logging_mixin.py:190} INFO - [2026-04-30T12:13:28.948+0000] {dag.py:3239} INFO - Sync 1 DAGs
[2026-04-30T12:13:28.990+0000] {logging_mixin.py:190} INFO - [2026-04-30T12:13:28.990+0000] {dag.py:4180} INFO - Setting next_dagrun for orders_kafka_to_s3 to 2026-04-30 00:00:00+00:00, run_after=2026-05-01 00:00:00+00:00
[2026-04-30T12:13:29.029+0000] {processor.py:208} INFO - Processing /opt/airflow/dags/main.py took 0.679 seconds
[2026-04-30T12:13:59.274+0000] {processor.py:186} INFO - Started process (PID=1652) to work on /opt/airflow/dags/main.py
[2026-04-30T12:13:59.275+0000] {processor.py:914} INFO - Processing file /opt/airflow/dags/main.py for tasks to queue
[2026-04-30T12:13:59.280+0000] {logging_mixin.py:190} INFO - [2026-04-30T12:13:59.279+0000] {dagbag.py:588} INFO - Filling up the DagBag from /opt/airflow/dags/main.py
[2026-04-30T12:13:59.518+0000] {processor.py:925} INFO - DAG(s) 'orders_kafka_to_s3' retrieved from /opt/airflow/dags/main.py
[2026-04-30T12:13:59.553+0000] {logging_mixin.py:190} INFO - [2026-04-30T12:13:59.552+0000] {dag.py:3239} INFO - Sync 1 DAGs
[2026-04-30T12:13:59.586+0000] {logging_mixin.py:190} INFO - [2026-04-30T12:13:59.586+0000] {dag.py:4180} INFO - Setting next_dagrun for orders_kafka_to_s3 to 2026-04-30 00:00:00+00:00, run_after=2026-05-01 00:00:00+00:00
[2026-04-30T12:13:59.620+0000] {processor.py:208} INFO - Processing /opt/airflow/dags/main.py took 0.559 seconds
[2026-04-30T12:14:29.833+0000] {processor.py:186} INFO - Started process (PID=1664) to work on /opt/airflow/dags/main.py
[2026-04-30T12:14:29.835+0000] {processor.py:914} INFO - Processing file /opt/airflow/dags/main.py for tasks to queue
[2026-04-30T12:14:29.840+0000] {logging_mixin.py:190} INFO - [2026-04-30T12:14:29.840+0000] {dagbag.py:588} INFO - Filling up the DagBag from /opt/airflow/dags/main.py
[2026-04-30T12:14:30.273+0000] {processor.py:925} INFO - DAG(s) 'orders_kafka_to_s3' retrieved from /opt/airflow/dags/main.py
[2026-04-30T12:14:30.311+0000] {logging_mixin.py:190} INFO - [2026-04-30T12:14:30.311+0000] {dag.py:3239} INFO - Sync 1 DAGs
[2026-04-30T12:14:30.350+0000] {logging_mixin.py:190} INFO - [2026-04-30T12:14:30.349+0000] {dag.py:4180} INFO - Setting next_dagrun for orders_kafka_to_s3 to 2026-04-30 00:00:00+00:00, run_after=2026-05-01 00:00:00+00:00
[2026-04-30T12:14:30.381+0000] {processor.py:208} INFO - Processing /opt/airflow/dags/main.py took 0.560 seconds
[2026-04-30T12:15:00.714+0000] {processor.py:186} INFO - Started process (PID=1671) to work on /opt/airflow/dags/main.py
[2026-04-30T12:15:00.717+0000] {processor.py:914} INFO - Processing file /opt/airflow/dags/main.py for tasks to queue
[2026-04-30T12:15:00.724+0000] {logging_mixin.py:190} INFO - [2026-04-30T12:15:00.723+0000] {dagbag.py:588} INFO - Filling up the DagBag from /opt/airflow/dags/main.py
[2026-04-30T12:15:01.756+0000] {processor.py:925} INFO - DAG(s) 'orders_kafka_to_s3' retrieved from /opt/airflow/dags/main.py
[2026-04-30T12:15:01.792+0000] {logging_mixin.py:190} INFO - [2026-04-30T12:15:01.792+0000] {dag.py:3239} INFO - Sync 1 DAGs
[2026-04-30T12:15:01.833+0000] {logging_mixin.py:190} INFO - [2026-04-30T12:15:01.833+0000] {dag.py:4180} INFO - Setting next_dagrun for orders_kafka_to_s3 to 2026-04-30 00:00:00+00:00, run_after=2026-05-01 00:00:00+00:00
[2026-04-30T12:15:01.880+0000] {processor.py:208} INFO - Processing /opt/airflow/dags/main.py took 1.179 seconds
[2026-04-30T12:15:32.441+0000] {processor.py:186} INFO - Started process (PID=1678) to work on /opt/airflow/dags/main.py
[2026-04-30T12:15:32.442+0000] {processor.py:914} INFO - Processing file /opt/airflow/dags/main.py for tasks to queue
[2026-04-30T12:15:32.448+0000] {logging_mixin.py:190} INFO - [2026-04-30T12:15:32.447+0000] {dagbag.py:588} INFO - Filling up the DagBag from /opt/airflow/dags/main.py
[2026-04-30T12:15:32.957+0000] {processor.py:925} INFO - DAG(s) 'orders_kafka_to_s3' retrieved from /opt/airflow/dags/main.py
[2026-04-30T12:15:32.991+0000] {logging_mixin.py:190} INFO - [2026-04-30T12:15:32.990+0000] {dag.py:3239} INFO - Sync 1 DAGs
[2026-04-30T12:15:33.025+0000] {logging_mixin.py:190} INFO - [2026-04-30T12:15:33.024+0000] {dag.py:4180} INFO - Setting next_dagrun for orders_kafka_to_s3 to 2026-04-30 00:00:00+00:00, run_after=2026-05-01 00:00:00+00:00
[2026-04-30T12:15:33.051+0000] {processor.py:208} INFO - Processing /opt/airflow/dags/main.py took 0.621 seconds
[2026-04-30T12:16:03.455+0000] {processor.py:186} INFO - Started process (PID=1685) to work on /opt/airflow/dags/main.py
[2026-04-30T12:16:03.457+0000] {processor.py:914} INFO - Processing file /opt/airflow/dags/main.py for tasks to queue
[2026-04-30T12:16:03.463+0000] {logging_mixin.py:190} INFO - [2026-04-30T12:16:03.462+0000] {dagbag.py:588} INFO - Filling up the DagBag from /opt/airflow/dags/main.py
[2026-04-30T12:16:03.914+0000] {processor.py:925} INFO - DAG(s) 'orders_kafka_to_s3' retrieved from /opt/airflow/dags/main.py
[2026-04-30T12:16:03.954+0000] {logging_mixin.py:190} INFO - [2026-04-30T12:16:03.953+0000] {dag.py:3239} INFO - Sync 1 DAGs
[2026-04-30T12:16:04.013+0000] {logging_mixin.py:190} INFO - [2026-04-30T12:16:04.013+0000] {dag.py:4180} INFO - Setting next_dagrun for orders_kafka_to_s3 to 2026-04-30 00:00:00+00:00, run_after=2026-05-01 00:00:00+00:00
[2026-04-30T12:16:04.064+0000] {processor.py:208} INFO - Processing /opt/airflow/dags/main.py took 0.624 seconds
[2026-04-30T12:16:34.716+0000] {processor.py:186} INFO - Started process (PID=1692) to work on /opt/airflow/dags/main.py
[2026-04-30T12:16:34.718+0000] {processor.py:914} INFO - Processing file /opt/airflow/dags/main.py for tasks to queue
[2026-04-30T12:16:34.722+0000] {logging_mixin.py:190} INFO - [2026-04-30T12:16:34.722+0000] {dagbag.py:588} INFO - Filling up the DagBag from /opt/airflow/dags/main.py
[2026-04-30T12:16:35.236+0000] {processor.py:925} INFO - DAG(s) 'orders_kafka_to_s3' retrieved from /opt/airflow/dags/main.py
[2026-04-30T12:16:35.284+0000] {logging_mixin.py:190} INFO - [2026-04-30T12:16:35.283+0000] {dag.py:3239} INFO - Sync 1 DAGs
[2026-04-30T12:16:35.320+0000] {logging_mixin.py:190} INFO - [2026-04-30T12:16:35.320+0000] {dag.py:4180} INFO - Setting next_dagrun for orders_kafka_to_s3 to 2026-04-30 00:00:00+00:00, run_after=2026-05-01 00:00:00+00:00
[2026-04-30T12:16:35.350+0000] {processor.py:208} INFO - Processing /opt/airflow/dags/main.py took 0.647 seconds
[2026-04-30T12:17:05.927+0000] {processor.py:186} INFO - Started process (PID=1699) to work on /opt/airflow/dags/main.py
[2026-04-30T12:17:05.930+0000] {processor.py:914} INFO - Processing file /opt/airflow/dags/main.py for tasks to queue
[2026-04-30T12:17:05.937+0000] {logging_mixin.py:190} INFO - [2026-04-30T12:17:05.936+0000] {dagbag.py:588} INFO - Filling up the DagBag from /opt/airflow/dags/main.py
[2026-04-30T12:17:06.391+0000] {processor.py:925} INFO - DAG(s) 'orders_kafka_to_s3' retrieved from /opt/airflow/dags/main.py
[2026-04-30T12:17:06.444+0000] {logging_mixin.py:190} INFO - [2026-04-30T12:17:06.444+0000] {dag.py:3239} INFO - Sync 1 DAGs
[2026-04-30T12:17:06.485+0000] {logging_mixin.py:190} INFO - [2026-04-30T12:17:06.484+0000] {dag.py:4180} INFO - Setting next_dagrun for orders_kafka_to_s3 to 2026-04-30 00:00:00+00:00, run_after=2026-05-01 00:00:00+00:00
[2026-04-30T12:17:06.523+0000] {processor.py:208} INFO - Processing /opt/airflow/dags/main.py took 0.613 seconds
[2026-04-30T12:17:36.845+0000] {processor.py:186} INFO - Started process (PID=1706) to work on /opt/airflow/dags/main.py
[2026-04-30T12:17:36.852+0000] {processor.py:914} INFO - Processing file /opt/airflow/dags/main.py for tasks to queue
[2026-04-30T12:17:36.872+0000] {logging_mixin.py:190} INFO - [2026-04-30T12:17:36.870+0000] {dagbag.py:588} INFO - Filling up the DagBag from /opt/airflow/dags/main.py
[2026-04-30T12:17:37.458+0000] {processor.py:925} INFO - DAG(s) 'orders_kafka_to_s3' retrieved from /opt/airflow/dags/main.py
[2026-04-30T12:17:37.501+0000] {logging_mixin.py:190} INFO - [2026-04-30T12:17:37.501+0000] {dag.py:3239} INFO - Sync 1 DAGs
[2026-04-30T12:17:37.550+0000] {logging_mixin.py:190} INFO - [2026-04-30T12:17:37.550+0000] {dag.py:4180} INFO - Setting next_dagrun for orders_kafka_to_s3 to 2026-04-30 00:00:00+00:00, run_after=2026-05-01 00:00:00+00:00
[2026-04-30T12:17:37.603+0000] {processor.py:208} INFO - Processing /opt/airflow/dags/main.py took 0.803 seconds
[2026-04-30T12:18:07.887+0000] {processor.py:186} INFO - Started process (PID=1713) to work on /opt/airflow/dags/main.py
[2026-04-30T12:18:07.894+0000] {processor.py:914} INFO - Processing file /opt/airflow/dags/main.py for tasks to queue
[2026-04-30T12:18:07.909+0000] {logging_mixin.py:190} INFO - [2026-04-30T12:18:07.907+0000] {dagbag.py:588} INFO - Filling up the DagBag from /opt/airflow/dags/main.py
[2026-04-30T12:18:08.556+0000] {processor.py:925} INFO - DAG(s) 'orders_kafka_to_s3' retrieved from /opt/airflow/dags/main.py
[2026-04-30T12:18:08.622+0000] {logging_mixin.py:190} INFO - [2026-04-30T12:18:08.622+0000] {dag.py:3239} INFO - Sync 1 DAGs
[2026-04-30T12:18:08.658+0000] {logging_mixin.py:190} INFO - [2026-04-30T12:18:08.658+0000] {dag.py:4180} INFO - Setting next_dagrun for orders_kafka_to_s3 to 2026-04-30 00:00:00+00:00, run_after=2026-05-01 00:00:00+00:00
[2026-04-30T12:18:08.694+0000] {processor.py:208} INFO - Processing /opt/airflow/dags/main.py took 0.848 seconds
[2026-04-30T12:18:38.965+0000] {processor.py:186} INFO - Started process (PID=1720) to work on /opt/airflow/dags/main.py
[2026-04-30T12:18:38.968+0000] {processor.py:914} INFO - Processing file /opt/airflow/dags/main.py for tasks to queue
[2026-04-30T12:18:38.978+0000] {logging_mixin.py:190} INFO - [2026-04-30T12:18:38.977+0000] {dagbag.py:588} INFO - Filling up the DagBag from /opt/airflow/dags/main.py
[2026-04-30T12:18:39.572+0000] {processor.py:925} INFO - DAG(s) 'orders_kafka_to_s3' retrieved from /opt/airflow/dags/main.py
[2026-04-30T12:18:39.613+0000] {logging_mixin.py:190} INFO - [2026-04-30T12:18:39.613+0000] {dag.py:3239} INFO - Sync 1 DAGs
[2026-04-30T12:18:39.653+0000] {logging_mixin.py:190} INFO - [2026-04-30T12:18:39.653+0000] {dag.py:4180} INFO - Setting next_dagrun for orders_kafka_to_s3 to 2026-04-30 00:00:00+00:00, run_after=2026-05-01 00:00:00+00:00
[2026-04-30T12:18:39.689+0000] {processor.py:208} INFO - Processing /opt/airflow/dags/main.py took 0.746 seconds
[2026-04-30T12:19:09.948+0000] {processor.py:186} INFO - Started process (PID=1727) to work on /opt/airflow/dags/main.py
[2026-04-30T12:19:09.950+0000] {processor.py:914} INFO - Processing file /opt/airflow/dags/main.py for tasks to queue
[2026-04-30T12:19:09.956+0000] {logging_mixin.py:190} INFO - [2026-04-30T12:19:09.956+0000] {dagbag.py:588} INFO - Filling up the DagBag from /opt/airflow/dags/main.py
[2026-04-30T12:19:10.403+0000] {processor.py:925} INFO - DAG(s) 'orders_kafka_to_s3' retrieved from /opt/airflow/dags/main.py
[2026-04-30T12:19:10.439+0000] {logging_mixin.py:190} INFO - [2026-04-30T12:19:10.439+0000] {dag.py:3239} INFO - Sync 1 DAGs
[2026-04-30T12:19:10.475+0000] {logging_mixin.py:190} INFO - [2026-04-30T12:19:10.475+0000] {dag.py:4180} INFO - Setting next_dagrun for orders_kafka_to_s3 to 2026-04-30 00:00:00+00:00, run_after=2026-05-01 00:00:00+00:00
[2026-04-30T12:19:10.502+0000] {processor.py:208} INFO - Processing /opt/airflow/dags/main.py took 0.567 seconds
[2026-04-30T12:19:41.326+0000] {processor.py:186} INFO - Started process (PID=1734) to work on /opt/airflow/dags/main.py
[2026-04-30T12:19:41.333+0000] {processor.py:914} INFO - Processing file /opt/airflow/dags/main.py for tasks to queue
[2026-04-30T12:19:41.352+0000] {logging_mixin.py:190} INFO - [2026-04-30T12:19:41.350+0000] {dagbag.py:588} INFO - Filling up the DagBag from /opt/airflow/dags/main.py
[2026-04-30T12:19:42.061+0000] {processor.py:925} INFO - DAG(s) 'orders_kafka_to_s3' retrieved from /opt/airflow/dags/main.py
[2026-04-30T12:19:42.098+0000] {logging_mixin.py:190} INFO - [2026-04-30T12:19:42.098+0000] {dag.py:3239} INFO - Sync 1 DAGs
[2026-04-30T12:19:42.132+0000] {logging_mixin.py:190} INFO - [2026-04-30T12:19:42.132+0000] {dag.py:4180} INFO - Setting next_dagrun for orders_kafka_to_s3 to 2026-04-30 00:00:00+00:00, run_after=2026-05-01 00:00:00+00:00
[2026-04-30T12:19:42.159+0000] {processor.py:208} INFO - Processing /opt/airflow/dags/main.py took 0.871 seconds
[2026-04-30T12:20:13.248+0000] {processor.py:186} INFO - Started process (PID=1747) to work on /opt/airflow/dags/main.py
[2026-04-30T12:20:13.254+0000] {processor.py:914} INFO - Processing file /opt/airflow/dags/main.py for tasks to queue
[2026-04-30T12:20:13.268+0000] {logging_mixin.py:190} INFO - [2026-04-30T12:20:13.267+0000] {dagbag.py:588} INFO - Filling up the DagBag from /opt/airflow/dags/main.py
[2026-04-30T12:20:13.894+0000] {processor.py:925} INFO - DAG(s) 'orders_kafka_to_s3' retrieved from /opt/airflow/dags/main.py
[2026-04-30T12:20:13.930+0000] {logging_mixin.py:190} INFO - [2026-04-30T12:20:13.930+0000] {dag.py:3239} INFO - Sync 1 DAGs
[2026-04-30T12:20:13.963+0000] {logging_mixin.py:190} INFO - [2026-04-30T12:20:13.962+0000] {dag.py:4180} INFO - Setting next_dagrun for orders_kafka_to_s3 to 2026-04-30 00:00:00+00:00, run_after=2026-05-01 00:00:00+00:00
[2026-04-30T12:20:13.993+0000] {processor.py:208} INFO - Processing /opt/airflow/dags/main.py took 0.783 seconds
[2026-04-30T12:20:44.299+0000] {processor.py:186} INFO - Started process (PID=1754) to work on /opt/airflow/dags/main.py
[2026-04-30T12:20:44.305+0000] {processor.py:914} INFO - Processing file /opt/airflow/dags/main.py for tasks to queue
[2026-04-30T12:20:44.315+0000] {logging_mixin.py:190} INFO - [2026-04-30T12:20:44.313+0000] {dagbag.py:588} INFO - Filling up the DagBag from /opt/airflow/dags/main.py
[2026-04-30T12:20:44.770+0000] {processor.py:925} INFO - DAG(s) 'orders_kafka_to_s3' retrieved from /opt/airflow/dags/main.py
[2026-04-30T12:20:44.810+0000] {logging_mixin.py:190} INFO - [2026-04-30T12:20:44.809+0000] {dag.py:3239} INFO - Sync 1 DAGs
[2026-04-30T12:20:44.841+0000] {logging_mixin.py:190} INFO - [2026-04-30T12:20:44.841+0000] {dag.py:4180} INFO - Setting next_dagrun for orders_kafka_to_s3 to 2026-04-30 00:00:00+00:00, run_after=2026-05-01 00:00:00+00:00
[2026-04-30T12:20:44.875+0000] {processor.py:208} INFO - Processing /opt/airflow/dags/main.py took 0.613 seconds
[2026-04-30T12:21:15.472+0000] {processor.py:186} INFO - Started process (PID=1760) to work on /opt/airflow/dags/main.py
[2026-04-30T12:21:15.478+0000] {processor.py:914} INFO - Processing file /opt/airflow/dags/main.py for tasks to queue
[2026-04-30T12:21:15.494+0000] {logging_mixin.py:190} INFO - [2026-04-30T12:21:15.491+0000] {dagbag.py:588} INFO - Filling up the DagBag from /opt/airflow/dags/main.py
[2026-04-30T12:21:16.195+0000] {processor.py:925} INFO - DAG(s) 'orders_kafka_to_s3' retrieved from /opt/airflow/dags/main.py
[2026-04-30T12:21:16.230+0000] {logging_mixin.py:190} INFO - [2026-04-30T12:21:16.230+0000] {dag.py:3239} INFO - Sync 1 DAGs
[2026-04-30T12:21:16.268+0000] {logging_mixin.py:190} INFO - [2026-04-30T12:21:16.268+0000] {dag.py:4180} INFO - Setting next_dagrun for orders_kafka_to_s3 to 2026-04-30 00:00:00+00:00, run_after=2026-05-01 00:00:00+00:00
[2026-04-30T12:21:16.296+0000] {processor.py:208} INFO - Processing /opt/airflow/dags/main.py took 0.863 seconds
[2026-04-30T12:21:46.465+0000] {processor.py:186} INFO - Started process (PID=1767) to work on /opt/airflow/dags/main.py
[2026-04-30T12:21:46.468+0000] {processor.py:914} INFO - Processing file /opt/airflow/dags/main.py for tasks to queue
[2026-04-30T12:21:46.476+0000] {logging_mixin.py:190} INFO - [2026-04-30T12:21:46.475+0000] {dagbag.py:588} INFO - Filling up the DagBag from /opt/airflow/dags/main.py
[2026-04-30T12:21:46.948+0000] {processor.py:925} INFO - DAG(s) 'orders_kafka_to_s3' retrieved from /opt/airflow/dags/main.py
[2026-04-30T12:21:46.978+0000] {logging_mixin.py:190} INFO - [2026-04-30T12:21:46.978+0000] {dag.py:3239} INFO - Sync 1 DAGs
[2026-04-30T12:21:47.015+0000] {logging_mixin.py:190} INFO - [2026-04-30T12:21:47.014+0000] {dag.py:4180} INFO - Setting next_dagrun for orders_kafka_to_s3 to 2026-04-30 00:00:00+00:00, run_after=2026-05-01 00:00:00+00:00
[2026-04-30T12:21:47.041+0000] {processor.py:208} INFO - Processing /opt/airflow/dags/main.py took 0.595 seconds
[2026-04-30T12:22:18.221+0000] {processor.py:186} INFO - Started process (PID=1774) to work on /opt/airflow/dags/main.py
[2026-04-30T12:22:18.227+0000] {processor.py:914} INFO - Processing file /opt/airflow/dags/main.py for tasks to queue
[2026-04-30T12:22:18.243+0000] {logging_mixin.py:190} INFO - [2026-04-30T12:22:18.241+0000] {dagbag.py:588} INFO - Filling up the DagBag from /opt/airflow/dags/main.py
[2026-04-30T12:22:18.872+0000] {processor.py:925} INFO - DAG(s) 'orders_kafka_to_s3' retrieved from /opt/airflow/dags/main.py
[2026-04-30T12:22:18.933+0000] {logging_mixin.py:190} INFO - [2026-04-30T12:22:18.932+0000] {dag.py:3239} INFO - Sync 1 DAGs
[2026-04-30T12:22:18.997+0000] {logging_mixin.py:190} INFO - [2026-04-30T12:22:18.996+0000] {dag.py:4180} INFO - Setting next_dagrun for orders_kafka_to_s3 to 2026-04-30 00:00:00+00:00, run_after=2026-05-01 00:00:00+00:00
[2026-04-30T12:22:19.048+0000] {processor.py:208} INFO - Processing /opt/airflow/dags/main.py took 0.859 seconds
[2026-04-30T12:22:49.880+0000] {processor.py:186} INFO - Started process (PID=1780) to work on /opt/airflow/dags/main.py
[2026-04-30T12:22:49.883+0000] {processor.py:914} INFO - Processing file /opt/airflow/dags/main.py for tasks to queue
[2026-04-30T12:22:49.889+0000] {logging_mixin.py:190} INFO - [2026-04-30T12:22:49.888+0000] {dagbag.py:588} INFO - Filling up the DagBag from /opt/airflow/dags/main.py
[2026-04-30T12:22:50.422+0000] {processor.py:925} INFO - DAG(s) 'orders_kafka_to_s3' retrieved from /opt/airflow/dags/main.py
[2026-04-30T12:22:50.455+0000] {logging_mixin.py:190} INFO - [2026-04-30T12:22:50.455+0000] {dag.py:3239} INFO - Sync 1 DAGs
[2026-04-30T12:22:50.488+0000] {logging_mixin.py:190} INFO - [2026-04-30T12:22:50.488+0000] {dag.py:4180} INFO - Setting next_dagrun for orders_kafka_to_s3 to 2026-04-30 00:00:00+00:00, run_after=2026-05-01 00:00:00+00:00
[2026-04-30T12:22:50.519+0000] {processor.py:208} INFO - Processing /opt/airflow/dags/main.py took 0.657 seconds
[2026-04-30T12:23:21.299+0000] {processor.py:186} INFO - Started process (PID=1787) to work on /opt/airflow/dags/main.py
[2026-04-30T12:23:21.308+0000] {processor.py:914} INFO - Processing file /opt/airflow/dags/main.py for tasks to queue
[2026-04-30T12:23:21.324+0000] {logging_mixin.py:190} INFO - [2026-04-30T12:23:21.322+0000] {dagbag.py:588} INFO - Filling up the DagBag from /opt/airflow/dags/main.py
[2026-04-30T12:23:21.967+0000] {processor.py:925} INFO - DAG(s) 'orders_kafka_to_s3' retrieved from /opt/airflow/dags/main.py
[2026-04-30T12:23:22.011+0000] {logging_mixin.py:190} INFO - [2026-04-30T12:23:22.010+0000] {dag.py:3239} INFO - Sync 1 DAGs
[2026-04-30T12:23:22.040+0000] {logging_mixin.py:190} INFO - [2026-04-30T12:23:22.040+0000] {dag.py:4180} INFO - Setting next_dagrun for orders_kafka_to_s3 to 2026-04-30 00:00:00+00:00, run_after=2026-05-01 00:00:00+00:00
[2026-04-30T12:23:22.073+0000] {processor.py:208} INFO - Processing /opt/airflow/dags/main.py took 0.826 seconds
[2026-04-30T12:23:52.387+0000] {processor.py:186} INFO - Started process (PID=1794) to work on /opt/airflow/dags/main.py
[2026-04-30T12:23:52.393+0000] {processor.py:914} INFO - Processing file /opt/airflow/dags/main.py for tasks to queue
[2026-04-30T12:23:52.409+0000] {logging_mixin.py:190} INFO - [2026-04-30T12:23:52.407+0000] {dagbag.py:588} INFO - Filling up the DagBag from /opt/airflow/dags/main.py
[2026-04-30T12:23:52.942+0000] {processor.py:925} INFO - DAG(s) 'orders_kafka_to_s3' retrieved from /opt/airflow/dags/main.py
[2026-04-30T12:23:52.974+0000] {logging_mixin.py:190} INFO - [2026-04-30T12:23:52.973+0000] {dag.py:3239} INFO - Sync 1 DAGs
[2026-04-30T12:23:53.004+0000] {logging_mixin.py:190} INFO - [2026-04-30T12:23:53.004+0000] {dag.py:4180} INFO - Setting next_dagrun for orders_kafka_to_s3 to 2026-04-30 00:00:00+00:00, run_after=2026-05-01 00:00:00+00:00
[2026-04-30T12:23:53.032+0000] {processor.py:208} INFO - Processing /opt/airflow/dags/main.py took 0.684 seconds
[2026-04-30T12:24:23.975+0000] {processor.py:186} INFO - Started process (PID=1801) to work on /opt/airflow/dags/main.py
[2026-04-30T12:24:23.976+0000] {processor.py:914} INFO - Processing file /opt/airflow/dags/main.py for tasks to queue
[2026-04-30T12:24:23.981+0000] {logging_mixin.py:190} INFO - [2026-04-30T12:24:23.980+0000] {dagbag.py:588} INFO - Filling up the DagBag from /opt/airflow/dags/main.py
[2026-04-30T12:24:24.370+0000] {processor.py:925} INFO - DAG(s) 'orders_kafka_to_s3' retrieved from /opt/airflow/dags/main.py
[2026-04-30T12:24:24.401+0000] {logging_mixin.py:190} INFO - [2026-04-30T12:24:24.401+0000] {dag.py:3239} INFO - Sync 1 DAGs
[2026-04-30T12:24:24.433+0000] {logging_mixin.py:190} INFO - [2026-04-30T12:24:24.433+0000] {dag.py:4180} INFO - Setting next_dagrun for orders_kafka_to_s3 to 2026-04-30 00:00:00+00:00, run_after=2026-05-01 00:00:00+00:00
[2026-04-30T12:24:24.461+0000] {processor.py:208} INFO - Processing /opt/airflow/dags/main.py took 0.495 seconds
[2026-04-30T12:24:54.741+0000] {processor.py:186} INFO - Started process (PID=1808) to work on /opt/airflow/dags/main.py
[2026-04-30T12:24:54.744+0000] {processor.py:914} INFO - Processing file /opt/airflow/dags/main.py for tasks to queue
[2026-04-30T12:24:54.749+0000] {logging_mixin.py:190} INFO - [2026-04-30T12:24:54.749+0000] {dagbag.py:588} INFO - Filling up the DagBag from /opt/airflow/dags/main.py
[2026-04-30T12:24:55.168+0000] {processor.py:925} INFO - DAG(s) 'orders_kafka_to_s3' retrieved from /opt/airflow/dags/main.py
[2026-04-30T12:24:55.208+0000] {logging_mixin.py:190} INFO - [2026-04-30T12:24:55.208+0000] {dag.py:3239} INFO - Sync 1 DAGs
[2026-04-30T12:24:55.254+0000] {logging_mixin.py:190} INFO - [2026-04-30T12:24:55.254+0000] {dag.py:4180} INFO - Setting next_dagrun for orders_kafka_to_s3 to 2026-04-30 00:00:00+00:00, run_after=2026-05-01 00:00:00+00:00
[2026-04-30T12:24:55.296+0000] {processor.py:208} INFO - Processing /opt/airflow/dags/main.py took 0.571 seconds
[2026-04-30T12:25:25.785+0000] {processor.py:186} INFO - Started process (PID=1815) to work on /opt/airflow/dags/main.py
[2026-04-30T12:25:25.790+0000] {processor.py:914} INFO - Processing file /opt/airflow/dags/main.py for tasks to queue
[2026-04-30T12:25:25.794+0000] {logging_mixin.py:190} INFO - [2026-04-30T12:25:25.794+0000] {dagbag.py:588} INFO - Filling up the DagBag from /opt/airflow/dags/main.py
[2026-04-30T12:25:26.184+0000] {processor.py:925} INFO - DAG(s) 'orders_kafka_to_s3' retrieved from /opt/airflow/dags/main.py
[2026-04-30T12:25:26.216+0000] {logging_mixin.py:190} INFO - [2026-04-30T12:25:26.216+0000] {dag.py:3239} INFO - Sync 1 DAGs
[2026-04-30T12:25:26.245+0000] {logging_mixin.py:190} INFO - [2026-04-30T12:25:26.245+0000] {dag.py:4180} INFO - Setting next_dagrun for orders_kafka_to_s3 to 2026-04-30 00:00:00+00:00, run_after=2026-05-01 00:00:00+00:00
[2026-04-30T12:25:26.276+0000] {processor.py:208} INFO - Processing /opt/airflow/dags/main.py took 0.511 seconds
[2026-04-30T12:25:56.666+0000] {processor.py:186} INFO - Started process (PID=1822) to work on /opt/airflow/dags/main.py
[2026-04-30T12:25:56.667+0000] {processor.py:914} INFO - Processing file /opt/airflow/dags/main.py for tasks to queue
[2026-04-30T12:25:56.671+0000] {logging_mixin.py:190} INFO - [2026-04-30T12:25:56.671+0000] {dagbag.py:588} INFO - Filling up the DagBag from /opt/airflow/dags/main.py
[2026-04-30T12:25:57.075+0000] {processor.py:925} INFO - DAG(s) 'orders_kafka_to_s3' retrieved from /opt/airflow/dags/main.py
[2026-04-30T12:25:57.107+0000] {logging_mixin.py:190} INFO - [2026-04-30T12:25:57.107+0000] {dag.py:3239} INFO - Sync 1 DAGs
[2026-04-30T12:25:57.141+0000] {logging_mixin.py:190} INFO - [2026-04-30T12:25:57.141+0000] {dag.py:4180} INFO - Setting next_dagrun for orders_kafka_to_s3 to 2026-04-30 00:00:00+00:00, run_after=2026-05-01 00:00:00+00:00
[2026-04-30T12:25:57.172+0000] {processor.py:208} INFO - Processing /opt/airflow/dags/main.py took 0.516 seconds
[2026-04-30T12:26:28.284+0000] {processor.py:186} INFO - Started process (PID=1834) to work on /opt/airflow/dags/main.py
[2026-04-30T12:26:28.286+0000] {processor.py:914} INFO - Processing file /opt/airflow/dags/main.py for tasks to queue
[2026-04-30T12:26:28.291+0000] {logging_mixin.py:190} INFO - [2026-04-30T12:26:28.291+0000] {dagbag.py:588} INFO - Filling up the DagBag from /opt/airflow/dags/main.py
[2026-04-30T12:26:28.742+0000] {processor.py:925} INFO - DAG(s) 'orders_kafka_to_s3' retrieved from /opt/airflow/dags/main.py
[2026-04-30T12:26:28.790+0000] {logging_mixin.py:190} INFO - [2026-04-30T12:26:28.790+0000] {dag.py:3239} INFO - Sync 1 DAGs
[2026-04-30T12:26:28.835+0000] {logging_mixin.py:190} INFO - [2026-04-30T12:26:28.834+0000] {dag.py:4180} INFO - Setting next_dagrun for orders_kafka_to_s3 to 2026-04-30 00:00:00+00:00, run_after=2026-05-01 00:00:00+00:00
[2026-04-30T12:26:28.883+0000] {processor.py:208} INFO - Processing /opt/airflow/dags/main.py took 0.613 seconds
[2026-04-30T12:26:59.671+0000] {processor.py:186} INFO - Started process (PID=1841) to work on /opt/airflow/dags/main.py
[2026-04-30T12:26:59.673+0000] {processor.py:914} INFO - Processing file /opt/airflow/dags/main.py for tasks to queue
[2026-04-30T12:26:59.679+0000] {logging_mixin.py:190} INFO - [2026-04-30T12:26:59.679+0000] {dagbag.py:588} INFO - Filling up the DagBag from /opt/airflow/dags/main.py
[2026-04-30T12:27:00.103+0000] {processor.py:925} INFO - DAG(s) 'orders_kafka_to_s3' retrieved from /opt/airflow/dags/main.py
[2026-04-30T12:27:00.150+0000] {logging_mixin.py:190} INFO - [2026-04-30T12:27:00.150+0000] {dag.py:3239} INFO - Sync 1 DAGs
[2026-04-30T12:27:00.201+0000] {logging_mixin.py:190} INFO - [2026-04-30T12:27:00.201+0000] {dag.py:4180} INFO - Setting next_dagrun for orders_kafka_to_s3 to 2026-04-30 00:00:00+00:00, run_after=2026-05-01 00:00:00+00:00
[2026-04-30T12:27:00.242+0000] {processor.py:208} INFO - Processing /opt/airflow/dags/main.py took 0.587 seconds
[2026-04-30T12:27:30.534+0000] {processor.py:186} INFO - Started process (PID=1848) to work on /opt/airflow/dags/main.py
[2026-04-30T12:27:30.537+0000] {processor.py:914} INFO - Processing file /opt/airflow/dags/main.py for tasks to queue
[2026-04-30T12:27:30.542+0000] {logging_mixin.py:190} INFO - [2026-04-30T12:27:30.542+0000] {dagbag.py:588} INFO - Filling up the DagBag from /opt/airflow/dags/main.py
[2026-04-30T12:27:30.945+0000] {processor.py:925} INFO - DAG(s) 'orders_kafka_to_s3' retrieved from /opt/airflow/dags/main.py
[2026-04-30T12:27:30.978+0000] {logging_mixin.py:190} INFO - [2026-04-30T12:27:30.978+0000] {dag.py:3239} INFO - Sync 1 DAGs
[2026-04-30T12:27:31.010+0000] {logging_mixin.py:190} INFO - [2026-04-30T12:27:31.010+0000] {dag.py:4180} INFO - Setting next_dagrun for orders_kafka_to_s3 to 2026-04-30 00:00:00+00:00, run_after=2026-05-01 00:00:00+00:00
[2026-04-30T12:27:31.049+0000] {processor.py:208} INFO - Processing /opt/airflow/dags/main.py took 0.534 seconds
[2026-04-30T12:28:01.572+0000] {processor.py:186} INFO - Started process (PID=1855) to work on /opt/airflow/dags/main.py
[2026-04-30T12:28:01.576+0000] {processor.py:914} INFO - Processing file /opt/airflow/dags/main.py for tasks to queue
[2026-04-30T12:28:01.583+0000] {logging_mixin.py:190} INFO - [2026-04-30T12:28:01.582+0000] {dagbag.py:588} INFO - Filling up the DagBag from /opt/airflow/dags/main.py
[2026-04-30T12:28:02.069+0000] {processor.py:925} INFO - DAG(s) 'orders_kafka_to_s3' retrieved from /opt/airflow/dags/main.py
[2026-04-30T12:28:02.111+0000] {logging_mixin.py:190} INFO - [2026-04-30T12:28:02.111+0000] {dag.py:3239} INFO - Sync 1 DAGs
[2026-04-30T12:28:02.165+0000] {logging_mixin.py:190} INFO - [2026-04-30T12:28:02.165+0000] {dag.py:4180} INFO - Setting next_dagrun for orders_kafka_to_s3 to 2026-04-30 00:00:00+00:00, run_after=2026-05-01 00:00:00+00:00
[2026-04-30T12:28:02.201+0000] {processor.py:208} INFO - Processing /opt/airflow/dags/main.py took 0.649 seconds
[2026-04-30T12:28:32.529+0000] {processor.py:186} INFO - Started process (PID=1862) to work on /opt/airflow/dags/main.py
[2026-04-30T12:28:32.534+0000] {processor.py:914} INFO - Processing file /opt/airflow/dags/main.py for tasks to queue
[2026-04-30T12:28:32.541+0000] {logging_mixin.py:190} INFO - [2026-04-30T12:28:32.540+0000] {dagbag.py:588} INFO - Filling up the DagBag from /opt/airflow/dags/main.py
[2026-04-30T12:28:33.167+0000] {processor.py:925} INFO - DAG(s) 'orders_kafka_to_s3' retrieved from /opt/airflow/dags/main.py
[2026-04-30T12:28:33.211+0000] {logging_mixin.py:190} INFO - [2026-04-30T12:28:33.211+0000] {dag.py:3239} INFO - Sync 1 DAGs
[2026-04-30T12:28:33.249+0000] {logging_mixin.py:190} INFO - [2026-04-30T12:28:33.249+0000] {dag.py:4180} INFO - Setting next_dagrun for orders_kafka_to_s3 to 2026-04-30 00:00:00+00:00, run_after=2026-05-01 00:00:00+00:00
[2026-04-30T12:28:33.282+0000] {processor.py:208} INFO - Processing /opt/airflow/dags/main.py took 0.774 seconds
[2026-04-30T12:29:03.568+0000] {processor.py:186} INFO - Started process (PID=1869) to work on /opt/airflow/dags/main.py
[2026-04-30T12:29:03.571+0000] {processor.py:914} INFO - Processing file /opt/airflow/dags/main.py for tasks to queue
[2026-04-30T12:29:03.576+0000] {logging_mixin.py:190} INFO - [2026-04-30T12:29:03.576+0000] {dagbag.py:588} INFO - Filling up the DagBag from /opt/airflow/dags/main.py
[2026-04-30T12:29:03.990+0000] {processor.py:925} INFO - DAG(s) 'orders_kafka_to_s3' retrieved from /opt/airflow/dags/main.py
[2026-04-30T12:29:04.034+0000] {logging_mixin.py:190} INFO - [2026-04-30T12:29:04.033+0000] {dag.py:3239} INFO - Sync 1 DAGs
[2026-04-30T12:29:04.062+0000] {logging_mixin.py:190} INFO - [2026-04-30T12:29:04.062+0000] {dag.py:4180} INFO - Setting next_dagrun for orders_kafka_to_s3 to 2026-04-30 00:00:00+00:00, run_after=2026-05-01 00:00:00+00:00
[2026-04-30T12:29:04.092+0000] {processor.py:208} INFO - Processing /opt/airflow/dags/main.py took 0.540 seconds
[2026-04-30T12:29:34.812+0000] {processor.py:186} INFO - Started process (PID=1876) to work on /opt/airflow/dags/main.py
[2026-04-30T12:29:34.815+0000] {processor.py:914} INFO - Processing file /opt/airflow/dags/main.py for tasks to queue
[2026-04-30T12:29:34.829+0000] {logging_mixin.py:190} INFO - [2026-04-30T12:29:34.827+0000] {dagbag.py:588} INFO - Filling up the DagBag from /opt/airflow/dags/main.py
[2026-04-30T12:29:35.306+0000] {processor.py:925} INFO - DAG(s) 'orders_kafka_to_s3' retrieved from /opt/airflow/dags/main.py
[2026-04-30T12:29:35.336+0000] {logging_mixin.py:190} INFO - [2026-04-30T12:29:35.336+0000] {dag.py:3239} INFO - Sync 1 DAGs
[2026-04-30T12:29:35.371+0000] {logging_mixin.py:190} INFO - [2026-04-30T12:29:35.371+0000] {dag.py:4180} INFO - Setting next_dagrun for orders_kafka_to_s3 to 2026-04-30 00:00:00+00:00, run_after=2026-05-01 00:00:00+00:00
[2026-04-30T12:29:35.409+0000] {processor.py:208} INFO - Processing /opt/airflow/dags/main.py took 0.614 seconds
[2026-04-30T12:30:05.783+0000] {processor.py:186} INFO - Started process (PID=1883) to work on /opt/airflow/dags/main.py
[2026-04-30T12:30:05.786+0000] {processor.py:914} INFO - Processing file /opt/airflow/dags/main.py for tasks to queue
[2026-04-30T12:30:05.791+0000] {logging_mixin.py:190} INFO - [2026-04-30T12:30:05.790+0000] {dagbag.py:588} INFO - Filling up the DagBag from /opt/airflow/dags/main.py
[2026-04-30T12:30:06.210+0000] {processor.py:925} INFO - DAG(s) 'orders_kafka_to_s3' retrieved from /opt/airflow/dags/main.py
[2026-04-30T12:30:06.243+0000] {logging_mixin.py:190} INFO - [2026-04-30T12:30:06.243+0000] {dag.py:3239} INFO - Sync 1 DAGs
[2026-04-30T12:30:06.274+0000] {logging_mixin.py:190} INFO - [2026-04-30T12:30:06.274+0000] {dag.py:4180} INFO - Setting next_dagrun for orders_kafka_to_s3 to 2026-04-30 00:00:00+00:00, run_after=2026-05-01 00:00:00+00:00
[2026-04-30T12:30:06.311+0000] {processor.py:208} INFO - Processing /opt/airflow/dags/main.py took 0.543 seconds
[2026-04-30T12:30:36.638+0000] {processor.py:186} INFO - Started process (PID=1896) to work on /opt/airflow/dags/main.py
[2026-04-30T12:30:36.640+0000] {processor.py:914} INFO - Processing file /opt/airflow/dags/main.py for tasks to queue
[2026-04-30T12:30:36.644+0000] {logging_mixin.py:190} INFO - [2026-04-30T12:30:36.644+0000] {dagbag.py:588} INFO - Filling up the DagBag from /opt/airflow/dags/main.py
[2026-04-30T12:30:37.046+0000] {processor.py:925} INFO - DAG(s) 'orders_kafka_to_s3' retrieved from /opt/airflow/dags/main.py
[2026-04-30T12:30:37.084+0000] {logging_mixin.py:190} INFO - [2026-04-30T12:30:37.083+0000] {dag.py:3239} INFO - Sync 1 DAGs
[2026-04-30T12:30:37.112+0000] {logging_mixin.py:190} INFO - [2026-04-30T12:30:37.112+0000] {dag.py:4180} INFO - Setting next_dagrun for orders_kafka_to_s3 to 2026-04-30 00:00:00+00:00, run_after=2026-05-01 00:00:00+00:00
[2026-04-30T12:30:37.150+0000] {processor.py:208} INFO - Processing /opt/airflow/dags/main.py took 0.522 seconds
[2026-04-30T12:31:07.477+0000] {processor.py:186} INFO - Started process (PID=1903) to work on /opt/airflow/dags/main.py
[2026-04-30T12:31:07.479+0000] {processor.py:914} INFO - Processing file /opt/airflow/dags/main.py for tasks to queue
[2026-04-30T12:31:07.488+0000] {logging_mixin.py:190} INFO - [2026-04-30T12:31:07.486+0000] {dagbag.py:588} INFO - Filling up the DagBag from /opt/airflow/dags/main.py
[2026-04-30T12:31:08.357+0000] {processor.py:925} INFO - DAG(s) 'orders_kafka_to_s3' retrieved from /opt/airflow/dags/main.py
[2026-04-30T12:31:08.395+0000] {logging_mixin.py:190} INFO - [2026-04-30T12:31:08.394+0000] {dag.py:3239} INFO - Sync 1 DAGs
[2026-04-30T12:31:08.429+0000] {logging_mixin.py:190} INFO - [2026-04-30T12:31:08.429+0000] {dag.py:4180} INFO - Setting next_dagrun for orders_kafka_to_s3 to 2026-04-30 00:00:00+00:00, run_after=2026-05-01 00:00:00+00:00
[2026-04-30T12:31:08.462+0000] {processor.py:208} INFO - Processing /opt/airflow/dags/main.py took 0.998 seconds
[2026-04-30T12:31:39.262+0000] {processor.py:186} INFO - Started process (PID=1911) to work on /opt/airflow/dags/main.py
[2026-04-30T12:31:39.264+0000] {processor.py:914} INFO - Processing file /opt/airflow/dags/main.py for tasks to queue
[2026-04-30T12:31:39.267+0000] {logging_mixin.py:190} INFO - [2026-04-30T12:31:39.266+0000] {dagbag.py:588} INFO - Filling up the DagBag from /opt/airflow/dags/main.py
[2026-04-30T12:31:40.342+0000] {processor.py:925} INFO - DAG(s) 'orders_kafka_to_s3' retrieved from /opt/airflow/dags/main.py
[2026-04-30T12:31:40.449+0000] {logging_mixin.py:190} INFO - [2026-04-30T12:31:40.448+0000] {dag.py:3239} INFO - Sync 1 DAGs
[2026-04-30T12:31:40.530+0000] {logging_mixin.py:190} INFO - [2026-04-30T12:31:40.529+0000] {dag.py:4180} INFO - Setting next_dagrun for orders_kafka_to_s3 to 2026-04-30 00:00:00+00:00, run_after=2026-05-01 00:00:00+00:00
[2026-04-30T12:31:40.627+0000] {processor.py:208} INFO - Processing /opt/airflow/dags/main.py took 1.373 seconds
[2026-04-30T12:32:11.398+0000] {processor.py:186} INFO - Started process (PID=1918) to work on /opt/airflow/dags/main.py
[2026-04-30T12:32:11.400+0000] {processor.py:914} INFO - Processing file /opt/airflow/dags/main.py for tasks to queue
[2026-04-30T12:32:11.404+0000] {logging_mixin.py:190} INFO - [2026-04-30T12:32:11.403+0000] {dagbag.py:588} INFO - Filling up the DagBag from /opt/airflow/dags/main.py
[2026-04-30T12:32:11.952+0000] {processor.py:925} INFO - DAG(s) 'orders_kafka_to_s3' retrieved from /opt/airflow/dags/main.py
[2026-04-30T12:32:11.993+0000] {logging_mixin.py:190} INFO - [2026-04-30T12:32:11.992+0000] {dag.py:3239} INFO - Sync 1 DAGs
[2026-04-30T12:32:12.037+0000] {logging_mixin.py:190} INFO - [2026-04-30T12:32:12.037+0000] {dag.py:4180} INFO - Setting next_dagrun for orders_kafka_to_s3 to 2026-04-30 00:00:00+00:00, run_after=2026-05-01 00:00:00+00:00
[2026-04-30T12:32:12.070+0000] {processor.py:208} INFO - Processing /opt/airflow/dags/main.py took 0.681 seconds
[2026-04-30T12:32:42.195+0000] {processor.py:186} INFO - Started process (PID=1925) to work on /opt/airflow/dags/main.py
[2026-04-30T12:32:42.197+0000] {processor.py:914} INFO - Processing file /opt/airflow/dags/main.py for tasks to queue
[2026-04-30T12:32:42.201+0000] {logging_mixin.py:190} INFO - [2026-04-30T12:32:42.200+0000] {dagbag.py:588} INFO - Filling up the DagBag from /opt/airflow/dags/main.py
[2026-04-30T12:32:42.635+0000] {processor.py:925} INFO - DAG(s) 'orders_kafka_to_s3' retrieved from /opt/airflow/dags/main.py
[2026-04-30T12:32:42.681+0000] {logging_mixin.py:190} INFO - [2026-04-30T12:32:42.681+0000] {dag.py:3239} INFO - Sync 1 DAGs
[2026-04-30T12:32:42.715+0000] {logging_mixin.py:190} INFO - [2026-04-30T12:32:42.715+0000] {dag.py:4180} INFO - Setting next_dagrun for orders_kafka_to_s3 to 2026-04-30 00:00:00+00:00, run_after=2026-05-01 00:00:00+00:00
[2026-04-30T12:32:42.745+0000] {processor.py:208} INFO - Processing /opt/airflow/dags/main.py took 0.560 seconds
[2026-04-30T12:33:13.437+0000] {processor.py:186} INFO - Started process (PID=1932) to work on /opt/airflow/dags/main.py
[2026-04-30T12:33:13.439+0000] {processor.py:914} INFO - Processing file /opt/airflow/dags/main.py for tasks to queue
[2026-04-30T12:33:13.443+0000] {logging_mixin.py:190} INFO - [2026-04-30T12:33:13.442+0000] {dagbag.py:588} INFO - Filling up the DagBag from /opt/airflow/dags/main.py
[2026-04-30T12:33:13.056+0000] {processor.py:925} INFO - DAG(s) 'orders_kafka_to_s3' retrieved from /opt/airflow/dags/main.py
[2026-04-30T12:33:13.094+0000] {logging_mixin.py:190} INFO - [2026-04-30T12:33:13.093+0000] {dag.py:3239} INFO - Sync 1 DAGs
[2026-04-30T12:33:13.125+0000] {logging_mixin.py:190} INFO - [2026-04-30T12:33:13.125+0000] {dag.py:4180} INFO - Setting next_dagrun for orders_kafka_to_s3 to 2026-04-30 00:00:00+00:00, run_after=2026-05-01 00:00:00+00:00
[2026-04-30T12:33:13.155+0000] {processor.py:208} INFO - Processing /opt/airflow/dags/main.py took 0.518 seconds
[2026-04-30T12:33:43.456+0000] {processor.py:186} INFO - Started process (PID=1939) to work on /opt/airflow/dags/main.py
[2026-04-30T12:33:43.458+0000] {processor.py:914} INFO - Processing file /opt/airflow/dags/main.py for tasks to queue
[2026-04-30T12:33:43.462+0000] {logging_mixin.py:190} INFO - [2026-04-30T12:33:43.462+0000] {dagbag.py:588} INFO - Filling up the DagBag from /opt/airflow/dags/main.py
[2026-04-30T12:33:43.897+0000] {processor.py:925} INFO - DAG(s) 'orders_kafka_to_s3' retrieved from /opt/airflow/dags/main.py
[2026-04-30T12:33:43.934+0000] {logging_mixin.py:190} INFO - [2026-04-30T12:33:43.934+0000] {dag.py:3239} INFO - Sync 1 DAGs
[2026-04-30T12:33:43.968+0000] {logging_mixin.py:190} INFO - [2026-04-30T12:33:43.968+0000] {dag.py:4180} INFO - Setting next_dagrun for orders_kafka_to_s3 to 2026-04-30 00:00:00+00:00, run_after=2026-05-01 00:00:00+00:00
[2026-04-30T12:33:44.004+0000] {processor.py:208} INFO - Processing /opt/airflow/dags/main.py took 0.562 seconds
[2026-04-30T12:34:14.236+0000] {processor.py:186} INFO - Started process (PID=1946) to work on /opt/airflow/dags/main.py
[2026-04-30T12:34:14.238+0000] {processor.py:914} INFO - Processing file /opt/airflow/dags/main.py for tasks to queue
[2026-04-30T12:34:14.244+0000] {logging_mixin.py:190} INFO - [2026-04-30T12:34:14.243+0000] {dagbag.py:588} INFO - Filling up the DagBag from /opt/airflow/dags/main.py
[2026-04-30T12:34:14.733+0000] {processor.py:925} INFO - DAG(s) 'orders_kafka_to_s3' retrieved from /opt/airflow/dags/main.py
[2026-04-30T12:34:14.771+0000] {logging_mixin.py:190} INFO - [2026-04-30T12:34:14.771+0000] {dag.py:3239} INFO - Sync 1 DAGs
[2026-04-30T12:34:14.810+0000] {logging_mixin.py:190} INFO - [2026-04-30T12:34:14.809+0000] {dag.py:4180} INFO - Setting next_dagrun for orders_kafka_to_s3 to 2026-04-30 00:00:00+00:00, run_after=2026-05-01 00:00:00+00:00
[2026-04-30T12:34:14.844+0000] {processor.py:208} INFO - Processing /opt/airflow/dags/main.py took 0.624 seconds
[2026-04-30T12:34:45.206+0000] {processor.py:186} INFO - Started process (PID=1953) to work on /opt/airflow/dags/main.py
[2026-04-30T12:34:45.209+0000] {processor.py:914} INFO - Processing file /opt/airflow/dags/main.py for tasks to queue
[2026-04-30T12:34:45.213+0000] {logging_mixin.py:190} INFO - [2026-04-30T12:34:45.213+0000] {dagbag.py:588} INFO - Filling up the DagBag from /opt/airflow/dags/main.py
[2026-04-30T12:34:45.722+0000] {processor.py:925} INFO - DAG(s) 'orders_kafka_to_s3' retrieved from /opt/airflow/dags/main.py
[2026-04-30T12:34:45.755+0000] {logging_mixin.py:190} INFO - [2026-04-30T12:34:45.755+0000] {dag.py:3239} INFO - Sync 1 DAGs
[2026-04-30T12:34:45.789+0000] {logging_mixin.py:190} INFO - [2026-04-30T12:34:45.789+0000] {dag.py:4180} INFO - Setting next_dagrun for orders_kafka_to_s3 to 2026-04-30 00:00:00+00:00, run_after=2026-05-01 00:00:00+00:00
[2026-04-30T12:34:45.820+0000] {processor.py:208} INFO - Processing /opt/airflow/dags/main.py took 0.633 seconds
[2026-04-30T12:35:16.365+0000] {processor.py:186} INFO - Started process (PID=1966) to work on /opt/airflow/dags/main.py
[2026-04-30T12:35:16.366+0000] {processor.py:914} INFO - Processing file /opt/airflow/dags/main.py for tasks to queue
[2026-04-30T12:35:16.370+0000] {logging_mixin.py:190} INFO - [2026-04-30T12:35:16.370+0000] {dagbag.py:588} INFO - Filling up the DagBag from /opt/airflow/dags/main.py
[2026-04-30T12:35:16.987+0000] {processor.py:925} INFO - DAG(s) 'orders_kafka_to_s3' retrieved from /opt/airflow/dags/main.py
[2026-04-30T12:35:17.048+0000] {logging_mixin.py:190} INFO - [2026-04-30T12:35:17.047+0000] {dag.py:3239} INFO - Sync 1 DAGs
[2026-04-30T12:35:17.110+0000] {logging_mixin.py:190} INFO - [2026-04-30T12:35:17.109+0000] {dag.py:4180} INFO - Setting next_dagrun for orders_kafka_to_s3 to 2026-04-30 00:00:00+00:00, run_after=2026-05-01 00:00:00+00:00
[2026-04-30T12:35:17.163+0000] {processor.py:208} INFO - Processing /opt/airflow/dags/main.py took 0.811 seconds
[2026-04-30T12:35:47.454+0000] {processor.py:186} INFO - Started process (PID=1973) to work on /opt/airflow/dags/main.py
[2026-04-30T12:35:47.458+0000] {processor.py:914} INFO - Processing file /opt/airflow/dags/main.py for tasks to queue
[2026-04-30T12:35:47.465+0000] {logging_mixin.py:190} INFO - [2026-04-30T12:35:47.464+0000] {dagbag.py:588} INFO - Filling up the DagBag from /opt/airflow/dags/main.py
[2026-04-30T12:35:48.038+0000] {processor.py:925} INFO - DAG(s) 'orders_kafka_to_s3' retrieved from /opt/airflow/dags/main.py
[2026-04-30T12:35:48.075+0000] {logging_mixin.py:190} INFO - [2026-04-30T12:35:48.075+0000] {dag.py:3239} INFO - Sync 1 DAGs
[2026-04-30T12:35:48.111+0000] {logging_mixin.py:190} INFO - [2026-04-30T12:35:48.110+0000] {dag.py:4180} INFO - Setting next_dagrun for orders_kafka_to_s3 to 2026-04-30 00:00:00+00:00, run_after=2026-05-01 00:00:00+00:00
[2026-04-30T12:35:48.140+0000] {processor.py:208} INFO - Processing /opt/airflow/dags/main.py took 0.707 seconds
[2026-04-30T12:36:18.334+0000] {processor.py:186} INFO - Started process (PID=1980) to work on /opt/airflow/dags/main.py
[2026-04-30T12:36:18.336+0000] {processor.py:914} INFO - Processing file /opt/airflow/dags/main.py for tasks to queue
[2026-04-30T12:36:18.342+0000] {logging_mixin.py:190} INFO - [2026-04-30T12:36:18.341+0000] {dagbag.py:588} INFO - Filling up the DagBag from /opt/airflow/dags/main.py
[2026-04-30T12:36:18.858+0000] {processor.py:925} INFO - DAG(s) 'orders_kafka_to_s3' retrieved from /opt/airflow/dags/main.py
[2026-04-30T12:36:18.926+0000] {logging_mixin.py:190} INFO - [2026-04-30T12:36:18.925+0000] {dag.py:3239} INFO - Sync 1 DAGs
[2026-04-30T12:36:18.985+0000] {logging_mixin.py:190} INFO - [2026-04-30T12:36:18.985+0000] {dag.py:4180} INFO - Setting next_dagrun for orders_kafka_to_s3 to 2026-04-30 00:00:00+00:00, run_after=2026-05-01 00:00:00+00:00
[2026-04-30T12:36:19.034+0000] {processor.py:208} INFO - Processing /opt/airflow/dags/main.py took 0.711 seconds
[2026-04-30T12:36:49.462+0000] {processor.py:186} INFO - Started process (PID=1987) to work on /opt/airflow/dags/main.py
[2026-04-30T12:36:49.465+0000] {processor.py:914} INFO - Processing file /opt/airflow/dags/main.py for tasks to queue
[2026-04-30T12:36:49.470+0000] {logging_mixin.py:190} INFO - [2026-04-30T12:36:49.469+0000] {dagbag.py:588} INFO - Filling up the DagBag from /opt/airflow/dags/main.py
[2026-04-30T12:36:49.944+0000] {processor.py:925} INFO - DAG(s) 'orders_kafka_to_s3' retrieved from /opt/airflow/dags/main.py
[2026-04-30T12:36:49.991+0000] {logging_mixin.py:190} INFO - [2026-04-30T12:36:49.990+0000] {dag.py:3239} INFO - Sync 1 DAGs
[2026-04-30T12:36:50.029+0000] {logging_mixin.py:190} INFO - [2026-04-30T12:36:50.029+0000] {dag.py:4180} INFO - Setting next_dagrun for orders_kafka_to_s3 to 2026-04-30 00:00:00+00:00, run_after=2026-05-01 00:00:00+00:00
[2026-04-30T12:36:50.060+0000] {processor.py:208} INFO - Processing /opt/airflow/dags/main.py took 0.616 seconds
[2026-04-30T12:37:20.260+0000] {processor.py:186} INFO - Started process (PID=1993) to work on /opt/airflow/dags/main.py
[2026-04-30T12:37:20.262+0000] {processor.py:914} INFO - Processing file /opt/airflow/dags/main.py for tasks to queue
[2026-04-30T12:37:20.266+0000] {logging_mixin.py:190} INFO - [2026-04-30T12:37:20.266+0000] {dagbag.py:588} INFO - Filling up the DagBag from /opt/airflow/dags/main.py
[2026-04-30T12:37:20.706+0000] {processor.py:925} INFO - DAG(s) 'orders_kafka_to_s3' retrieved from /opt/airflow/dags/main.py
[2026-04-30T12:37:20.736+0000] {logging_mixin.py:190} INFO - [2026-04-30T12:37:20.736+0000] {dag.py:3239} INFO - Sync 1 DAGs
[2026-04-30T12:37:20.767+0000] {logging_mixin.py:190} INFO - [2026-04-30T12:37:20.767+0000] {dag.py:4180} INFO - Setting next_dagrun for orders_kafka_to_s3 to 2026-04-30 00:00:00+00:00, run_after=2026-05-01 00:00:00+00:00
[2026-04-30T12:37:20.797+0000] {processor.py:208} INFO - Processing /opt/airflow/dags/main.py took 0.560 seconds
[2026-04-30T12:37:51.349+0000] {processor.py:186} INFO - Started process (PID=2000) to work on /opt/airflow/dags/main.py
[2026-04-30T12:37:51.352+0000] {processor.py:914} INFO - Processing file /opt/airflow/dags/main.py for tasks to queue
[2026-04-30T12:37:51.357+0000] {logging_mixin.py:190} INFO - [2026-04-30T12:37:51.356+0000] {dagbag.py:588} INFO - Filling up the DagBag from /opt/airflow/dags/main.py
[2026-04-30T12:37:51.779+0000] {processor.py:925} INFO - DAG(s) 'orders_kafka_to_s3' retrieved from /opt/airflow/dags/main.py
[2026-04-30T12:37:51.809+0000] {logging_mixin.py:190} INFO - [2026-04-30T12:37:51.809+0000] {dag.py:3239} INFO - Sync 1 DAGs
[2026-04-30T12:37:51.839+0000] {logging_mixin.py:190} INFO - [2026-04-30T12:37:51.839+0000] {dag.py:4180} INFO - Setting next_dagrun for orders_kafka_to_s3 to 2026-04-30 00:00:00+00:00, run_after=2026-05-01 00:00:00+00:00
[2026-04-30T12:37:51.867+0000] {processor.py:208} INFO - Processing /opt/airflow/dags/main.py took 0.533 seconds
[2026-04-30T12:38:22.612+0000] {processor.py:186} INFO - Started process (PID=2007) to work on /opt/airflow/dags/main.py
[2026-04-30T12:38:22.614+0000] {processor.py:914} INFO - Processing file /opt/airflow/dags/main.py for tasks to queue
[2026-04-30T12:38:22.620+0000] {logging_mixin.py:190} INFO - [2026-04-30T12:38:22.620+0000] {dagbag.py:588} INFO - Filling up the DagBag from /opt/airflow/dags/main.py
[2026-04-30T12:38:23.078+0000] {processor.py:925} INFO - DAG(s) 'orders_kafka_to_s3' retrieved from /opt/airflow/dags/main.py
[2026-04-30T12:38:23.111+0000] {logging_mixin.py:190} INFO - [2026-04-30T12:38:23.110+0000] {dag.py:3239} INFO - Sync 1 DAGs
[2026-04-30T12:38:23.148+0000] {logging_mixin.py:190} INFO - [2026-04-30T12:38:23.148+0000] {dag.py:4180} INFO - Setting next_dagrun for orders_kafka_to_s3 to 2026-04-30 00:00:00+00:00, run_after=2026-05-01 00:00:00+00:00
[2026-04-30T12:38:23.181+0000] {processor.py:208} INFO - Processing /opt/airflow/dags/main.py took 0.583 seconds
[2026-04-30T17:28:06.099+0000] {processor.py:186} INFO - Started process (PID=67) to work on /opt/airflow/dags/main.py
[2026-04-30T17:28:06.103+0000] {processor.py:914} INFO - Processing file /opt/airflow/dags/main.py for tasks to queue
[2026-04-30T17:28:06.115+0000] {logging_mixin.py:190} INFO - [2026-04-30T17:28:06.115+0000] {dagbag.py:588} INFO - Filling up the DagBag from /opt/airflow/dags/main.py
[2026-04-30T17:28:07.759+0000] {processor.py:925} INFO - DAG(s) 'orders_kafka_to_s3' retrieved from /opt/airflow/dags/main.py
[2026-04-30T17:28:08.352+0000] {logging_mixin.py:190} INFO - [2026-04-30T17:28:08.351+0000] {dag.py:3239} INFO - Sync 1 DAGs
[2026-04-30T17:28:08.403+0000] {logging_mixin.py:190} INFO - [2026-04-30T17:28:08.403+0000] {dag.py:4180} INFO - Setting next_dagrun for orders_kafka_to_s3 to 2026-04-30 00:00:00+00:00, run_after=2026-05-01 00:00:00+00:00
[2026-04-30T17:28:08.451+0000] {processor.py:208} INFO - Processing /opt/airflow/dags/main.py took 3.292 seconds
[2026-04-30T17:28:39.322+0000] {processor.py:186} INFO - Started process (PID=73) to work on /opt/airflow/dags/main.py
[2026-04-30T17:28:39.325+0000] {processor.py:914} INFO - Processing file /opt/airflow/dags/main.py for tasks to queue
[2026-04-30T17:28:39.330+0000] {logging_mixin.py:190} INFO - [2026-04-30T17:28:39.330+0000] {dagbag.py:588} INFO - Filling up the DagBag from /opt/airflow/dags/main.py
[2026-04-30T17:28:39.562+0000] {processor.py:925} INFO - DAG(s) 'orders_kafka_to_s3' retrieved from /opt/airflow/dags/main.py
[2026-04-30T17:28:39.608+0000] {logging_mixin.py:190} INFO - [2026-04-30T17:28:39.608+0000] {dag.py:3239} INFO - Sync 1 DAGs
[2026-04-30T17:28:39.651+0000] {logging_mixin.py:190} INFO - [2026-04-30T17:28:39.651+0000] {dag.py:4180} INFO - Setting next_dagrun for orders_kafka_to_s3 to 2026-04-30 00:00:00+00:00, run_after=2026-05-01 00:00:00+00:00
[2026-04-30T17:28:39.686+0000] {processor.py:208} INFO - Processing /opt/airflow/dags/main.py took 0.379 seconds
[2026-04-30T17:29:10.179+0000] {processor.py:186} INFO - Started process (PID=80) to work on /opt/airflow/dags/main.py
[2026-04-30T17:29:10.181+0000] {processor.py:914} INFO - Processing file /opt/airflow/dags/main.py for tasks to queue
[2026-04-30T17:29:10.193+0000] {logging_mixin.py:190} INFO - [2026-04-30T17:29:10.191+0000] {dagbag.py:588} INFO - Filling up the DagBag from /opt/airflow/dags/main.py
[2026-04-30T17:29:10.418+0000] {processor.py:925} INFO - DAG(s) 'orders_kafka_to_s3' retrieved from /opt/airflow/dags/main.py
[2026-04-30T17:29:10.455+0000] {logging_mixin.py:190} INFO - [2026-04-30T17:29:10.455+0000] {dag.py:3239} INFO - Sync 1 DAGs
[2026-04-30T17:29:10.496+0000] {logging_mixin.py:190} INFO - [2026-04-30T17:29:10.496+0000] {dag.py:4180} INFO - Setting next_dagrun for orders_kafka_to_s3 to 2026-04-30 00:00:00+00:00, run_after=2026-05-01 00:00:00+00:00
[2026-04-30T17:29:10.554+0000] {processor.py:208} INFO - Processing /opt/airflow/dags/main.py took 0.387 seconds
[2026-04-30T17:29:40.930+0000] {processor.py:186} INFO - Started process (PID=87) to work on /opt/airflow/dags/main.py
[2026-04-30T17:29:40.932+0000] {processor.py:914} INFO - Processing file /opt/airflow/dags/main.py for tasks to queue
[2026-04-30T17:29:40.939+0000] {logging_mixin.py:190} INFO - [2026-04-30T17:29:40.938+0000] {dagbag.py:588} INFO - Filling up the DagBag from /opt/airflow/dags/main.py
[2026-04-30T17:29:41.136+0000] {processor.py:925} INFO - DAG(s) 'orders_kafka_to_s3' retrieved from /opt/airflow/dags/main.py
[2026-04-30T17:29:41.172+0000] {logging_mixin.py:190} INFO - [2026-04-30T17:29:41.172+0000] {dag.py:3239} INFO - Sync 1 DAGs
[2026-04-30T17:29:41.207+0000] {logging_mixin.py:190} INFO - [2026-04-30T17:29:41.206+0000] {dag.py:4180} INFO - Setting next_dagrun for orders_kafka_to_s3 to 2026-04-30 00:00:00+00:00, run_after=2026-05-01 00:00:00+00:00
[2026-04-30T17:29:41.235+0000] {processor.py:208} INFO - Processing /opt/airflow/dags/main.py took 0.318 seconds
[2026-04-30T17:30:11.530+0000] {processor.py:186} INFO - Started process (PID=94) to work on /opt/airflow/dags/main.py
[2026-04-30T17:30:11.532+0000] {processor.py:914} INFO - Processing file /opt/airflow/dags/main.py for tasks to queue
[2026-04-30T17:30:11.538+0000] {logging_mixin.py:190} INFO - [2026-04-30T17:30:11.537+0000] {dagbag.py:588} INFO - Filling up the DagBag from /opt/airflow/dags/main.py
[2026-04-30T17:30:11.700+0000] {processor.py:925} INFO - DAG(s) 'orders_kafka_to_s3' retrieved from /opt/airflow/dags/main.py
[2026-04-30T17:30:11.737+0000] {logging_mixin.py:190} INFO - [2026-04-30T17:30:11.737+0000] {dag.py:3239} INFO - Sync 1 DAGs
[2026-04-30T17:30:11.776+0000] {logging_mixin.py:190} INFO - [2026-04-30T17:30:11.776+0000] {dag.py:4180} INFO - Setting next_dagrun for orders_kafka_to_s3 to 2026-04-30 00:00:00+00:00, run_after=2026-05-01 00:00:00+00:00
[2026-04-30T17:30:11.804+0000] {processor.py:208} INFO - Processing /opt/airflow/dags/main.py took 0.287 seconds
[2026-04-30T17:30:42.042+0000] {processor.py:186} INFO - Started process (PID=101) to work on /opt/airflow/dags/main.py
[2026-04-30T17:30:42.044+0000] {processor.py:914} INFO - Processing file /opt/airflow/dags/main.py for tasks to queue
[2026-04-30T17:30:42.050+0000] {logging_mixin.py:190} INFO - [2026-04-30T17:30:42.050+0000] {dagbag.py:588} INFO - Filling up the DagBag from /opt/airflow/dags/main.py
[2026-04-30T17:30:42.207+0000] {processor.py:925} INFO - DAG(s) 'orders_kafka_to_s3' retrieved from /opt/airflow/dags/main.py
[2026-04-30T17:30:42.252+0000] {logging_mixin.py:190} INFO - [2026-04-30T17:30:42.252+0000] {dag.py:3239} INFO - Sync 1 DAGs
[2026-04-30T17:30:42.302+0000] {logging_mixin.py:190} INFO - [2026-04-30T17:30:42.302+0000] {dag.py:4180} INFO - Setting next_dagrun for orders_kafka_to_s3 to 2026-04-30 00:00:00+00:00, run_after=2026-05-01 00:00:00+00:00
[2026-04-30T17:30:42.348+0000] {processor.py:208} INFO - Processing /opt/airflow/dags/main.py took 0.321 seconds
[2026-04-30T17:31:13.337+0000] {processor.py:186} INFO - Started process (PID=108) to work on /opt/airflow/dags/main.py
[2026-04-30T17:31:13.340+0000] {processor.py:914} INFO - Processing file /opt/airflow/dags/main.py for tasks to queue
[2026-04-30T17:31:13.346+0000] {logging_mixin.py:190} INFO - [2026-04-30T17:31:13.345+0000] {dagbag.py:588} INFO - Filling up the DagBag from /opt/airflow/dags/main.py
[2026-04-30T17:31:13.585+0000] {processor.py:925} INFO - DAG(s) 'orders_kafka_to_s3' retrieved from /opt/airflow/dags/main.py
[2026-04-30T17:31:13.622+0000] {logging_mixin.py:190} INFO - [2026-04-30T17:31:13.622+0000] {dag.py:3239} INFO - Sync 1 DAGs
[2026-04-30T17:31:13.661+0000] {logging_mixin.py:190} INFO - [2026-04-30T17:31:13.660+0000] {dag.py:4180} INFO - Setting next_dagrun for orders_kafka_to_s3 to 2026-04-30 00:00:00+00:00, run_after=2026-05-01 00:00:00+00:00
[2026-04-30T17:31:13.692+0000] {processor.py:208} INFO - Processing /opt/airflow/dags/main.py took 0.367 seconds
[2026-04-30T17:31:44.071+0000] {processor.py:186} INFO - Started process (PID=115) to work on /opt/airflow/dags/main.py
[2026-04-30T17:31:44.075+0000] {processor.py:914} INFO - Processing file /opt/airflow/dags/main.py for tasks to queue
[2026-04-30T17:31:44.081+0000] {logging_mixin.py:190} INFO - [2026-04-30T17:31:44.080+0000] {dagbag.py:588} INFO - Filling up the DagBag from /opt/airflow/dags/main.py
[2026-04-30T17:31:44.302+0000] {processor.py:925} INFO - DAG(s) 'orders_kafka_to_s3' retrieved from /opt/airflow/dags/main.py
[2026-04-30T17:31:44.337+0000] {logging_mixin.py:190} INFO - [2026-04-30T17:31:44.337+0000] {dag.py:3239} INFO - Sync 1 DAGs
[2026-04-30T17:31:44.372+0000] {logging_mixin.py:190} INFO - [2026-04-30T17:31:44.372+0000] {dag.py:4180} INFO - Setting next_dagrun for orders_kafka_to_s3 to 2026-04-30 00:00:00+00:00, run_after=2026-05-01 00:00:00+00:00
[2026-04-30T17:31:44.400+0000] {processor.py:208} INFO - Processing /opt/airflow/dags/main.py took 0.343 seconds
[2026-04-30T17:32:14.904+0000] {processor.py:186} INFO - Started process (PID=121) to work on /opt/airflow/dags/main.py
[2026-04-30T17:32:14.906+0000] {processor.py:914} INFO - Processing file /opt/airflow/dags/main.py for tasks to queue
[2026-04-30T17:32:14.909+0000] {logging_mixin.py:190} INFO - [2026-04-30T17:32:14.909+0000] {dagbag.py:588} INFO - Filling up the DagBag from /opt/airflow/dags/main.py
[2026-04-30T17:32:15.061+0000] {processor.py:925} INFO - DAG(s) 'orders_kafka_to_s3' retrieved from /opt/airflow/dags/main.py
[2026-04-30T17:32:15.093+0000] {logging_mixin.py:190} INFO - [2026-04-30T17:32:15.092+0000] {dag.py:3239} INFO - Sync 1 DAGs
[2026-04-30T17:32:15.122+0000] {logging_mixin.py:190} INFO - [2026-04-30T17:32:15.122+0000] {dag.py:4180} INFO - Setting next_dagrun for orders_kafka_to_s3 to 2026-04-30 00:00:00+00:00, run_after=2026-05-01 00:00:00+00:00
[2026-04-30T17:32:15.401+0000] {processor.py:208} INFO - Processing /opt/airflow/dags/main.py took 0.506 seconds
[2026-04-30T17:32:46.089+0000] {processor.py:186} INFO - Started process (PID=128) to work on /opt/airflow/dags/main.py
[2026-04-30T17:32:46.090+0000] {processor.py:914} INFO - Processing file /opt/airflow/dags/main.py for tasks to queue
[2026-04-30T17:32:46.093+0000] {logging_mixin.py:190} INFO - [2026-04-30T17:32:46.093+0000] {dagbag.py:588} INFO - Filling up the DagBag from /opt/airflow/dags/main.py
[2026-04-30T17:32:46.265+0000] {processor.py:925} INFO - DAG(s) 'orders_kafka_to_s3' retrieved from /opt/airflow/dags/main.py
[2026-04-30T17:32:46.309+0000] {logging_mixin.py:190} INFO - [2026-04-30T17:32:46.308+0000] {dag.py:3239} INFO - Sync 1 DAGs
[2026-04-30T17:32:46.599+0000] {logging_mixin.py:190} INFO - [2026-04-30T17:32:46.598+0000] {dag.py:4180} INFO - Setting next_dagrun for orders_kafka_to_s3 to 2026-04-30 00:00:00+00:00, run_after=2026-05-01 00:00:00+00:00
[2026-04-30T17:32:46.643+0000] {processor.py:208} INFO - Processing /opt/airflow/dags/main.py took 0.667 seconds
[2026-04-30T17:33:16.813+0000] {processor.py:186} INFO - Started process (PID=135) to work on /opt/airflow/dags/main.py
[2026-04-30T17:33:16.815+0000] {processor.py:914} INFO - Processing file /opt/airflow/dags/main.py for tasks to queue
[2026-04-30T17:33:16.821+0000] {logging_mixin.py:190} INFO - [2026-04-30T17:33:16.821+0000] {dagbag.py:588} INFO - Filling up the DagBag from /opt/airflow/dags/main.py
[2026-04-30T17:33:16.980+0000] {processor.py:925} INFO - DAG(s) 'orders_kafka_to_s3' retrieved from /opt/airflow/dags/main.py
[2026-04-30T17:33:17.291+0000] {logging_mixin.py:190} INFO - [2026-04-30T17:33:17.291+0000] {dag.py:3239} INFO - Sync 1 DAGs
[2026-04-30T17:33:17.356+0000] {logging_mixin.py:190} INFO - [2026-04-30T17:33:17.355+0000] {dag.py:4180} INFO - Setting next_dagrun for orders_kafka_to_s3 to 2026-04-30 00:00:00+00:00, run_after=2026-05-01 00:00:00+00:00
[2026-04-30T17:33:17.406+0000] {processor.py:208} INFO - Processing /opt/airflow/dags/main.py took 0.607 seconds
[2026-04-30T17:33:47.673+0000] {processor.py:186} INFO - Started process (PID=141) to work on /opt/airflow/dags/main.py
[2026-04-30T17:33:47.676+0000] {processor.py:914} INFO - Processing file /opt/airflow/dags/main.py for tasks to queue
[2026-04-30T17:33:47.684+0000] {logging_mixin.py:190} INFO - [2026-04-30T17:33:47.683+0000] {dagbag.py:588} INFO - Filling up the DagBag from /opt/airflow/dags/main.py
[2026-04-30T17:33:47.909+0000] {processor.py:925} INFO - DAG(s) 'orders_kafka_to_s3' retrieved from /opt/airflow/dags/main.py
[2026-04-30T17:33:48.173+0000] {logging_mixin.py:190} INFO - [2026-04-30T17:33:48.173+0000] {dag.py:3239} INFO - Sync 1 DAGs
[2026-04-30T17:33:48.206+0000] {logging_mixin.py:190} INFO - [2026-04-30T17:33:48.206+0000] {dag.py:4180} INFO - Setting next_dagrun for orders_kafka_to_s3 to 2026-04-30 00:00:00+00:00, run_after=2026-05-01 00:00:00+00:00
[2026-04-30T17:33:48.233+0000] {processor.py:208} INFO - Processing /opt/airflow/dags/main.py took 0.579 seconds
[2026-04-30T17:34:18.858+0000] {processor.py:186} INFO - Started process (PID=148) to work on /opt/airflow/dags/main.py
[2026-04-30T17:34:18.859+0000] {processor.py:914} INFO - Processing file /opt/airflow/dags/main.py for tasks to queue
[2026-04-30T17:34:18.863+0000] {logging_mixin.py:190} INFO - [2026-04-30T17:34:18.862+0000] {dagbag.py:588} INFO - Filling up the DagBag from /opt/airflow/dags/main.py
[2026-04-30T17:34:19.213+0000] {processor.py:925} INFO - DAG(s) 'orders_kafka_to_s3' retrieved from /opt/airflow/dags/main.py
[2026-04-30T17:34:19.244+0000] {logging_mixin.py:190} INFO - [2026-04-30T17:34:19.244+0000] {dag.py:3239} INFO - Sync 1 DAGs
[2026-04-30T17:34:19.271+0000] {logging_mixin.py:190} INFO - [2026-04-30T17:34:19.270+0000] {dag.py:4180} INFO - Setting next_dagrun for orders_kafka_to_s3 to 2026-04-30 00:00:00+00:00, run_after=2026-05-01 00:00:00+00:00
[2026-04-30T17:34:19.314+0000] {processor.py:208} INFO - Processing /opt/airflow/dags/main.py took 0.465 seconds
[2026-04-30T17:34:50.047+0000] {processor.py:186} INFO - Started process (PID=155) to work on /opt/airflow/dags/main.py
[2026-04-30T17:34:50.050+0000] {processor.py:914} INFO - Processing file /opt/airflow/dags/main.py for tasks to queue
[2026-04-30T17:34:50.055+0000] {logging_mixin.py:190} INFO - [2026-04-30T17:34:50.055+0000] {dagbag.py:588} INFO - Filling up the DagBag from /opt/airflow/dags/main.py
[2026-04-30T17:34:50.413+0000] {processor.py:925} INFO - DAG(s) 'orders_kafka_to_s3' retrieved from /opt/airflow/dags/main.py
[2026-04-30T17:34:50.465+0000] {logging_mixin.py:190} INFO - [2026-04-30T17:34:50.465+0000] {dag.py:3239} INFO - Sync 1 DAGs
[2026-04-30T17:34:50.495+0000] {logging_mixin.py:190} INFO - [2026-04-30T17:34:50.495+0000] {dag.py:4180} INFO - Setting next_dagrun for orders_kafka_to_s3 to 2026-04-30 00:00:00+00:00, run_after=2026-05-01 00:00:00+00:00
[2026-04-30T17:34:50.521+0000] {processor.py:208} INFO - Processing /opt/airflow/dags/main.py took 0.490 seconds
[2026-04-30T17:35:20.813+0000] {processor.py:186} INFO - Started process (PID=162) to work on /opt/airflow/dags/main.py
[2026-04-30T17:35:20.816+0000] {processor.py:914} INFO - Processing file /opt/airflow/dags/main.py for tasks to queue
[2026-04-30T17:35:20.825+0000] {logging_mixin.py:190} INFO - [2026-04-30T17:35:20.823+0000] {dagbag.py:588} INFO - Filling up the DagBag from /opt/airflow/dags/main.py
[2026-04-30T17:35:21.087+0000] {processor.py:925} INFO - DAG(s) 'orders_kafka_to_s3' retrieved from /opt/airflow/dags/main.py
[2026-04-30T17:35:21.138+0000] {logging_mixin.py:190} INFO - [2026-04-30T17:35:21.137+0000] {dag.py:3239} INFO - Sync 1 DAGs
[2026-04-30T17:35:21.466+0000] {logging_mixin.py:190} INFO - [2026-04-30T17:35:21.465+0000] {dag.py:4180} INFO - Setting next_dagrun for orders_kafka_to_s3 to 2026-04-30 00:00:00+00:00, run_after=2026-05-01 00:00:00+00:00
[2026-04-30T17:35:21.517+0000] {processor.py:208} INFO - Processing /opt/airflow/dags/main.py took 0.729 seconds
[2026-04-30T17:35:51.947+0000] {processor.py:186} INFO - Started process (PID=169) to work on /opt/airflow/dags/main.py
[2026-04-30T17:35:51.949+0000] {processor.py:914} INFO - Processing file /opt/airflow/dags/main.py for tasks to queue
[2026-04-30T17:35:51.955+0000] {logging_mixin.py:190} INFO - [2026-04-30T17:35:51.954+0000] {dagbag.py:588} INFO - Filling up the DagBag from /opt/airflow/dags/main.py
[2026-04-30T17:35:52.141+0000] {processor.py:925} INFO - DAG(s) 'orders_kafka_to_s3' retrieved from /opt/airflow/dags/main.py
[2026-04-30T17:35:52.180+0000] {logging_mixin.py:190} INFO - [2026-04-30T17:35:52.180+0000] {dag.py:3239} INFO - Sync 1 DAGs
[2026-04-30T17:35:52.529+0000] {logging_mixin.py:190} INFO - [2026-04-30T17:35:52.528+0000] {dag.py:4180} INFO - Setting next_dagrun for orders_kafka_to_s3 to 2026-04-30 00:00:00+00:00, run_after=2026-05-01 00:00:00+00:00
[2026-04-30T17:35:52.568+0000] {processor.py:208} INFO - Processing /opt/airflow/dags/main.py took 0.638 seconds
[2026-04-30T17:36:22.692+0000] {processor.py:186} INFO - Started process (PID=175) to work on /opt/airflow/dags/main.py
[2026-04-30T17:36:22.694+0000] {processor.py:914} INFO - Processing file /opt/airflow/dags/main.py for tasks to queue
[2026-04-30T17:36:22.700+0000] {logging_mixin.py:190} INFO - [2026-04-30T17:36:22.699+0000] {dagbag.py:588} INFO - Filling up the DagBag from /opt/airflow/dags/main.py
[2026-04-30T17:36:22.860+0000] {processor.py:925} INFO - DAG(s) 'orders_kafka_to_s3' retrieved from /opt/airflow/dags/main.py
[2026-04-30T17:36:23.112+0000] {logging_mixin.py:190} INFO - [2026-04-30T17:36:23.111+0000] {dag.py:3239} INFO - Sync 1 DAGs
[2026-04-30T17:36:23.153+0000] {logging_mixin.py:190} INFO - [2026-04-30T17:36:23.152+0000] {dag.py:4180} INFO - Setting next_dagrun for orders_kafka_to_s3 to 2026-04-30 00:00:00+00:00, run_after=2026-05-01 00:00:00+00:00
[2026-04-30T17:36:23.184+0000] {processor.py:208} INFO - Processing /opt/airflow/dags/main.py took 0.508 seconds
[2026-04-30T17:36:53.866+0000] {processor.py:186} INFO - Started process (PID=188) to work on /opt/airflow/dags/main.py
[2026-04-30T17:36:53.868+0000] {processor.py:914} INFO - Processing file /opt/airflow/dags/main.py for tasks to queue
[2026-04-30T17:36:53.872+0000] {logging_mixin.py:190} INFO - [2026-04-30T17:36:53.872+0000] {dagbag.py:588} INFO - Filling up the DagBag from /opt/airflow/dags/main.py
[2026-04-30T17:36:54.015+0000] {processor.py:925} INFO - DAG(s) 'orders_kafka_to_s3' retrieved from /opt/airflow/dags/main.py
[2026-04-30T17:36:54.252+0000] {logging_mixin.py:190} INFO - [2026-04-30T17:36:54.252+0000] {dag.py:3239} INFO - Sync 1 DAGs
[2026-04-30T17:36:54.283+0000] {logging_mixin.py:190} INFO - [2026-04-30T17:36:54.283+0000] {dag.py:4180} INFO - Setting next_dagrun for orders_kafka_to_s3 to 2026-04-30 00:00:00+00:00, run_after=2026-05-01 00:00:00+00:00
[2026-04-30T17:36:54.315+0000] {processor.py:208} INFO - Processing /opt/airflow/dags/main.py took 0.457 seconds
[2026-04-30T17:37:24.894+0000] {processor.py:186} INFO - Started process (PID=195) to work on /opt/airflow/dags/main.py
[2026-04-30T17:37:24.897+0000] {processor.py:914} INFO - Processing file /opt/airflow/dags/main.py for tasks to queue
[2026-04-30T17:37:24.902+0000] {logging_mixin.py:190} INFO - [2026-04-30T17:37:24.901+0000] {dagbag.py:588} INFO - Filling up the DagBag from /opt/airflow/dags/main.py
[2026-04-30T17:37:25.382+0000] {processor.py:925} INFO - DAG(s) 'orders_kafka_to_s3' retrieved from /opt/airflow/dags/main.py
[2026-04-30T17:37:25.433+0000] {logging_mixin.py:190} INFO - [2026-04-30T17:37:25.433+0000] {dag.py:3239} INFO - Sync 1 DAGs
[2026-04-30T17:37:25.467+0000] {logging_mixin.py:190} INFO - [2026-04-30T17:37:25.467+0000] {dag.py:4180} INFO - Setting next_dagrun for orders_kafka_to_s3 to 2026-04-30 00:00:00+00:00, run_after=2026-05-01 00:00:00+00:00
[2026-04-30T17:37:25.499+0000] {processor.py:208} INFO - Processing /opt/airflow/dags/main.py took 0.618 seconds
[2026-04-30T17:37:55.750+0000] {processor.py:186} INFO - Started process (PID=201) to work on /opt/airflow/dags/main.py
[2026-04-30T17:37:55.754+0000] {processor.py:914} INFO - Processing file /opt/airflow/dags/main.py for tasks to queue
[2026-04-30T17:37:55.762+0000] {logging_mixin.py:190} INFO - [2026-04-30T17:37:55.759+0000] {dagbag.py:588} INFO - Filling up the DagBag from /opt/airflow/dags/main.py
[2026-04-30T17:37:56.236+0000] {processor.py:925} INFO - DAG(s) 'orders_kafka_to_s3' retrieved from /opt/airflow/dags/main.py
[2026-04-30T17:37:56.283+0000] {logging_mixin.py:190} INFO - [2026-04-30T17:37:56.282+0000] {dag.py:3239} INFO - Sync 1 DAGs
[2026-04-30T17:37:56.313+0000] {logging_mixin.py:190} INFO - [2026-04-30T17:37:56.313+0000] {dag.py:4180} INFO - Setting next_dagrun for orders_kafka_to_s3 to 2026-04-30 00:00:00+00:00, run_after=2026-05-01 00:00:00+00:00
[2026-04-30T17:37:56.342+0000] {processor.py:208} INFO - Processing /opt/airflow/dags/main.py took 0.609 seconds
[2026-04-30T17:38:27.237+0000] {processor.py:186} INFO - Started process (PID=208) to work on /opt/airflow/dags/main.py
[2026-04-30T17:38:27.242+0000] {processor.py:914} INFO - Processing file /opt/airflow/dags/main.py for tasks to queue
[2026-04-30T17:38:27.256+0000] {logging_mixin.py:190} INFO - [2026-04-30T17:38:27.254+0000] {dagbag.py:588} INFO - Filling up the DagBag from /opt/airflow/dags/main.py
[2026-04-30T17:38:27.636+0000] {processor.py:925} INFO - DAG(s) 'orders_kafka_to_s3' retrieved from /opt/airflow/dags/main.py
[2026-04-30T17:38:27.670+0000] {logging_mixin.py:190} INFO - [2026-04-30T17:38:27.670+0000] {dag.py:3239} INFO - Sync 1 DAGs
[2026-04-30T17:38:27.913+0000] {logging_mixin.py:190} INFO - [2026-04-30T17:38:27.913+0000] {dag.py:4180} INFO - Setting next_dagrun for orders_kafka_to_s3 to 2026-04-30 00:00:00+00:00, run_after=2026-05-01 00:00:00+00:00
[2026-04-30T17:38:27.944+0000] {processor.py:208} INFO - Processing /opt/airflow/dags/main.py took 0.736 seconds
[2026-04-30T17:38:58.350+0000] {processor.py:186} INFO - Started process (PID=214) to work on /opt/airflow/dags/main.py
[2026-04-30T17:38:58.352+0000] {processor.py:914} INFO - Processing file /opt/airflow/dags/main.py for tasks to queue
[2026-04-30T17:38:58.356+0000] {logging_mixin.py:190} INFO - [2026-04-30T17:38:58.355+0000] {dagbag.py:588} INFO - Filling up the DagBag from /opt/airflow/dags/main.py
[2026-04-30T17:38:58.527+0000] {processor.py:925} INFO - DAG(s) 'orders_kafka_to_s3' retrieved from /opt/airflow/dags/main.py
[2026-04-30T17:38:58.567+0000] {logging_mixin.py:190} INFO - [2026-04-30T17:38:58.567+0000] {dag.py:3239} INFO - Sync 1 DAGs
[2026-04-30T17:38:58.864+0000] {logging_mixin.py:190} INFO - [2026-04-30T17:38:58.864+0000] {dag.py:4180} INFO - Setting next_dagrun for orders_kafka_to_s3 to 2026-04-30 00:00:00+00:00, run_after=2026-05-01 00:00:00+00:00
[2026-04-30T17:38:58.895+0000] {processor.py:208} INFO - Processing /opt/airflow/dags/main.py took 0.557 seconds
[2026-04-30T17:39:29.507+0000] {processor.py:186} INFO - Started process (PID=221) to work on /opt/airflow/dags/main.py
[2026-04-30T17:39:29.508+0000] {processor.py:914} INFO - Processing file /opt/airflow/dags/main.py for tasks to queue
[2026-04-30T17:39:29.511+0000] {logging_mixin.py:190} INFO - [2026-04-30T17:39:29.511+0000] {dagbag.py:588} INFO - Filling up the DagBag from /opt/airflow/dags/main.py
[2026-04-30T17:39:29.662+0000] {processor.py:925} INFO - DAG(s) 'orders_kafka_to_s3' retrieved from /opt/airflow/dags/main.py
[2026-04-30T17:39:29.904+0000] {logging_mixin.py:190} INFO - [2026-04-30T17:39:29.903+0000] {dag.py:3239} INFO - Sync 1 DAGs
[2026-04-30T17:39:29.942+0000] {logging_mixin.py:190} INFO - [2026-04-30T17:39:29.942+0000] {dag.py:4180} INFO - Setting next_dagrun for orders_kafka_to_s3 to 2026-04-30 00:00:00+00:00, run_after=2026-05-01 00:00:00+00:00
[2026-04-30T17:39:29.977+0000] {processor.py:208} INFO - Processing /opt/airflow/dags/main.py took 0.479 seconds
[2026-04-30T17:40:00.133+0000] {processor.py:186} INFO - Started process (PID=228) to work on /opt/airflow/dags/main.py
[2026-04-30T17:40:00.138+0000] {processor.py:914} INFO - Processing file /opt/airflow/dags/main.py for tasks to queue
[2026-04-30T17:40:00.143+0000] {logging_mixin.py:190} INFO - [2026-04-30T17:40:00.142+0000] {dagbag.py:588} INFO - Filling up the DagBag from /opt/airflow/dags/main.py
[2026-04-30T17:40:00.625+0000] {processor.py:925} INFO - DAG(s) 'orders_kafka_to_s3' retrieved from /opt/airflow/dags/main.py
[2026-04-30T17:40:00.663+0000] {logging_mixin.py:190} INFO - [2026-04-30T17:40:00.662+0000] {dag.py:3239} INFO - Sync 1 DAGs
[2026-04-30T17:40:00.704+0000] {logging_mixin.py:190} INFO - [2026-04-30T17:40:00.704+0000] {dag.py:4180} INFO - Setting next_dagrun for orders_kafka_to_s3 to 2026-04-30 00:00:00+00:00, run_after=2026-05-01 00:00:00+00:00
[2026-04-30T17:40:00.736+0000] {processor.py:208} INFO - Processing /opt/airflow/dags/main.py took 0.617 seconds
[2026-04-30T17:40:31.540+0000] {processor.py:186} INFO - Started process (PID=234) to work on /opt/airflow/dags/main.py
[2026-04-30T17:40:31.542+0000] {processor.py:914} INFO - Processing file /opt/airflow/dags/main.py for tasks to queue
[2026-04-30T17:40:31.548+0000] {logging_mixin.py:190} INFO - [2026-04-30T17:40:31.547+0000] {dagbag.py:588} INFO - Filling up the DagBag from /opt/airflow/dags/main.py
[2026-04-30T17:40:31.993+0000] {processor.py:925} INFO - DAG(s) 'orders_kafka_to_s3' retrieved from /opt/airflow/dags/main.py
[2026-04-30T17:40:32.032+0000] {logging_mixin.py:190} INFO - [2026-04-30T17:40:32.032+0000] {dag.py:3239} INFO - Sync 1 DAGs
[2026-04-30T17:40:32.065+0000] {logging_mixin.py:190} INFO - [2026-04-30T17:40:32.065+0000] {dag.py:4180} INFO - Setting next_dagrun for orders_kafka_to_s3 to 2026-04-30 00:00:00+00:00, run_after=2026-05-01 00:00:00+00:00
[2026-04-30T17:40:32.090+0000] {processor.py:208} INFO - Processing /opt/airflow/dags/main.py took 0.564 seconds
[2026-04-30T17:41:02.454+0000] {processor.py:186} INFO - Started process (PID=240) to work on /opt/airflow/dags/main.py
[2026-04-30T17:41:02.456+0000] {processor.py:914} INFO - Processing file /opt/airflow/dags/main.py for tasks to queue
[2026-04-30T17:41:02.460+0000] {logging_mixin.py:190} INFO - [2026-04-30T17:41:02.459+0000] {dagbag.py:588} INFO - Filling up the DagBag from /opt/airflow/dags/main.py
[2026-04-30T17:41:02.642+0000] {processor.py:925} INFO - DAG(s) 'orders_kafka_to_s3' retrieved from /opt/airflow/dags/main.py
[2026-04-30T17:41:02.685+0000] {logging_mixin.py:190} INFO - [2026-04-30T17:41:02.684+0000] {dag.py:3239} INFO - Sync 1 DAGs
[2026-04-30T17:41:02.718+0000] {logging_mixin.py:190} INFO - [2026-04-30T17:41:02.718+0000] {dag.py:4180} INFO - Setting next_dagrun for orders_kafka_to_s3 to 2026-04-30 00:00:00+00:00, run_after=2026-05-01 00:00:00+00:00
[2026-04-30T17:41:02.949+0000] {processor.py:208} INFO - Processing /opt/airflow/dags/main.py took 0.504 seconds
[2026-04-30T17:41:33.567+0000] {processor.py:186} INFO - Started process (PID=246) to work on /opt/airflow/dags/main.py
[2026-04-30T17:41:33.570+0000] {processor.py:914} INFO - Processing file /opt/airflow/dags/main.py for tasks to queue
[2026-04-30T17:41:33.574+0000] {logging_mixin.py:190} INFO - [2026-04-30T17:41:33.574+0000] {dagbag.py:588} INFO - Filling up the DagBag from /opt/airflow/dags/main.py
[2026-04-30T17:41:33.728+0000] {processor.py:925} INFO - DAG(s) 'orders_kafka_to_s3' retrieved from /opt/airflow/dags/main.py
[2026-04-30T17:41:33.759+0000] {logging_mixin.py:190} INFO - [2026-04-30T17:41:33.759+0000] {dag.py:3239} INFO - Sync 1 DAGs
[2026-04-30T17:41:33.997+0000] {logging_mixin.py:190} INFO - [2026-04-30T17:41:33.997+0000] {dag.py:4180} INFO - Setting next_dagrun for orders_kafka_to_s3 to 2026-04-30 00:00:00+00:00, run_after=2026-05-01 00:00:00+00:00
[2026-04-30T17:41:34.029+0000] {processor.py:208} INFO - Processing /opt/airflow/dags/main.py took 0.475 seconds
[2026-04-30T17:42:04.124+0000] {processor.py:186} INFO - Started process (PID=253) to work on /opt/airflow/dags/main.py
[2026-04-30T17:42:04.126+0000] {processor.py:914} INFO - Processing file /opt/airflow/dags/main.py for tasks to queue
[2026-04-30T17:42:04.131+0000] {logging_mixin.py:190} INFO - [2026-04-30T17:42:04.130+0000] {dagbag.py:588} INFO - Filling up the DagBag from /opt/airflow/dags/main.py
[2026-04-30T17:42:04.275+0000] {processor.py:925} INFO - DAG(s) 'orders_kafka_to_s3' retrieved from /opt/airflow/dags/main.py
[2026-04-30T17:42:04.306+0000] {logging_mixin.py:190} INFO - [2026-04-30T17:42:04.305+0000] {dag.py:3239} INFO - Sync 1 DAGs
[2026-04-30T17:42:04.589+0000] {logging_mixin.py:190} INFO - [2026-04-30T17:42:04.589+0000] {dag.py:4180} INFO - Setting next_dagrun for orders_kafka_to_s3 to 2026-04-30 00:00:00+00:00, run_after=2026-05-01 00:00:00+00:00
[2026-04-30T17:42:04.617+0000] {processor.py:208} INFO - Processing /opt/airflow/dags/main.py took 0.530 seconds
[2026-04-30T17:42:34.923+0000] {processor.py:186} INFO - Started process (PID=259) to work on /opt/airflow/dags/main.py
[2026-04-30T17:42:34.926+0000] {processor.py:914} INFO - Processing file /opt/airflow/dags/main.py for tasks to queue
[2026-04-30T17:42:34.932+0000] {logging_mixin.py:190} INFO - [2026-04-30T17:42:34.932+0000] {dagbag.py:588} INFO - Filling up the DagBag from /opt/airflow/dags/main.py
[2026-04-30T17:42:35.137+0000] {processor.py:925} INFO - DAG(s) 'orders_kafka_to_s3' retrieved from /opt/airflow/dags/main.py
[2026-04-30T17:42:35.378+0000] {logging_mixin.py:190} INFO - [2026-04-30T17:42:35.378+0000] {dag.py:3239} INFO - Sync 1 DAGs
[2026-04-30T17:42:35.420+0000] {logging_mixin.py:190} INFO - [2026-04-30T17:42:35.419+0000] {dag.py:4180} INFO - Setting next_dagrun for orders_kafka_to_s3 to 2026-04-30 00:00:00+00:00, run_after=2026-05-01 00:00:00+00:00
[2026-04-30T17:42:35.445+0000] {processor.py:208} INFO - Processing /opt/airflow/dags/main.py took 0.538 seconds
[2026-04-30T17:43:05.970+0000] {processor.py:186} INFO - Started process (PID=267) to work on /opt/airflow/dags/main.py
[2026-04-30T17:43:05.972+0000] {processor.py:914} INFO - Processing file /opt/airflow/dags/main.py for tasks to queue
[2026-04-30T17:43:05.976+0000] {logging_mixin.py:190} INFO - [2026-04-30T17:43:05.975+0000] {dagbag.py:588} INFO - Filling up the DagBag from /opt/airflow/dags/main.py
[2026-04-30T17:43:06.372+0000] {processor.py:925} INFO - DAG(s) 'orders_kafka_to_s3' retrieved from /opt/airflow/dags/main.py
[2026-04-30T17:43:06.409+0000] {logging_mixin.py:190} INFO - [2026-04-30T17:43:06.409+0000] {dag.py:3239} INFO - Sync 1 DAGs
[2026-04-30T17:43:06.437+0000] {logging_mixin.py:190} INFO - [2026-04-30T17:43:06.437+0000] {dag.py:4180} INFO - Setting next_dagrun for orders_kafka_to_s3 to 2026-04-30 00:00:00+00:00, run_after=2026-05-01 00:00:00+00:00
[2026-04-30T17:43:06.461+0000] {processor.py:208} INFO - Processing /opt/airflow/dags/main.py took 0.500 seconds
[2026-04-30T17:43:36.976+0000] {processor.py:186} INFO - Started process (PID=273) to work on /opt/airflow/dags/main.py
[2026-04-30T17:43:36.978+0000] {processor.py:914} INFO - Processing file /opt/airflow/dags/main.py for tasks to queue
[2026-04-30T17:43:36.982+0000] {logging_mixin.py:190} INFO - [2026-04-30T17:43:36.982+0000] {dagbag.py:588} INFO - Filling up the DagBag from /opt/airflow/dags/main.py
[2026-04-30T17:43:37.345+0000] {processor.py:925} INFO - DAG(s) 'orders_kafka_to_s3' retrieved from /opt/airflow/dags/main.py
[2026-04-30T17:43:37.379+0000] {logging_mixin.py:190} INFO - [2026-04-30T17:43:37.379+0000] {dag.py:3239} INFO - Sync 1 DAGs
[2026-04-30T17:43:37.408+0000] {logging_mixin.py:190} INFO - [2026-04-30T17:43:37.408+0000] {dag.py:4180} INFO - Setting next_dagrun for orders_kafka_to_s3 to 2026-04-30 00:00:00+00:00, run_after=2026-05-01 00:00:00+00:00
[2026-04-30T17:43:37.449+0000] {processor.py:208} INFO - Processing /opt/airflow/dags/main.py took 0.483 seconds
[2026-04-30T17:44:08.010+0000] {processor.py:186} INFO - Started process (PID=281) to work on /opt/airflow/dags/main.py
[2026-04-30T17:44:08.012+0000] {processor.py:914} INFO - Processing file /opt/airflow/dags/main.py for tasks to queue
[2026-04-30T17:44:08.017+0000] {logging_mixin.py:190} INFO - [2026-04-30T17:44:08.016+0000] {dagbag.py:588} INFO - Filling up the DagBag from /opt/airflow/dags/main.py
[2026-04-30T17:44:08.217+0000] {processor.py:925} INFO - DAG(s) 'orders_kafka_to_s3' retrieved from /opt/airflow/dags/main.py
[2026-04-30T17:44:08.263+0000] {logging_mixin.py:190} INFO - [2026-04-30T17:44:08.263+0000] {dag.py:3239} INFO - Sync 1 DAGs
[2026-04-30T17:44:08.311+0000] {logging_mixin.py:190} INFO - [2026-04-30T17:44:08.310+0000] {dag.py:4180} INFO - Setting next_dagrun for orders_kafka_to_s3 to 2026-04-30 00:00:00+00:00, run_after=2026-05-01 00:00:00+00:00
[2026-04-30T17:44:08.581+0000] {processor.py:208} INFO - Processing /opt/airflow/dags/main.py took 0.585 seconds
[2026-04-30T17:44:39.083+0000] {processor.py:186} INFO - Started process (PID=288) to work on /opt/airflow/dags/main.py
[2026-04-30T17:44:39.086+0000] {processor.py:914} INFO - Processing file /opt/airflow/dags/main.py for tasks to queue
[2026-04-30T17:44:39.090+0000] {logging_mixin.py:190} INFO - [2026-04-30T17:44:39.090+0000] {dagbag.py:588} INFO - Filling up the DagBag from /opt/airflow/dags/main.py
[2026-04-30T17:44:39.283+0000] {processor.py:925} INFO - DAG(s) 'orders_kafka_to_s3' retrieved from /opt/airflow/dags/main.py
[2026-04-30T17:44:39.319+0000] {logging_mixin.py:190} INFO - [2026-04-30T17:44:39.319+0000] {dag.py:3239} INFO - Sync 1 DAGs
[2026-04-30T17:44:39.592+0000] {logging_mixin.py:190} INFO - [2026-04-30T17:44:39.592+0000] {dag.py:4180} INFO - Setting next_dagrun for orders_kafka_to_s3 to 2026-04-30 00:00:00+00:00, run_after=2026-05-01 00:00:00+00:00
[2026-04-30T17:44:39.628+0000] {processor.py:208} INFO - Processing /opt/airflow/dags/main.py took 0.560 seconds
[2026-04-30T17:45:09.966+0000] {processor.py:186} INFO - Started process (PID=295) to work on /opt/airflow/dags/main.py
[2026-04-30T17:45:09.967+0000] {processor.py:914} INFO - Processing file /opt/airflow/dags/main.py for tasks to queue
[2026-04-30T17:45:09.972+0000] {logging_mixin.py:190} INFO - [2026-04-30T17:45:09.971+0000] {dagbag.py:588} INFO - Filling up the DagBag from /opt/airflow/dags/main.py
[2026-04-30T17:45:10.138+0000] {processor.py:925} INFO - DAG(s) 'orders_kafka_to_s3' retrieved from /opt/airflow/dags/main.py
[2026-04-30T17:45:10.393+0000] {logging_mixin.py:190} INFO - [2026-04-30T17:45:10.393+0000] {dag.py:3239} INFO - Sync 1 DAGs
[2026-04-30T17:45:10.431+0000] {logging_mixin.py:190} INFO - [2026-04-30T17:45:10.431+0000] {dag.py:4180} INFO - Setting next_dagrun for orders_kafka_to_s3 to 2026-04-30 00:00:00+00:00, run_after=2026-05-01 00:00:00+00:00
[2026-04-30T17:45:10.473+0000] {processor.py:208} INFO - Processing /opt/airflow/dags/main.py took 0.517 seconds
[2026-04-30T17:45:40.711+0000] {processor.py:186} INFO - Started process (PID=302) to work on /opt/airflow/dags/main.py
[2026-04-30T17:45:40.713+0000] {processor.py:914} INFO - Processing file /opt/airflow/dags/main.py for tasks to queue
[2026-04-30T17:45:40.717+0000] {logging_mixin.py:190} INFO - [2026-04-30T17:45:40.717+0000] {dagbag.py:588} INFO - Filling up the DagBag from /opt/airflow/dags/main.py
[2026-04-30T17:45:40.901+0000] {processor.py:925} INFO - DAG(s) 'orders_kafka_to_s3' retrieved from /opt/airflow/dags/main.py
[2026-04-30T17:45:41.157+0000] {logging_mixin.py:190} INFO - [2026-04-30T17:45:41.157+0000] {dag.py:3239} INFO - Sync 1 DAGs
[2026-04-30T17:45:41.193+0000] {logging_mixin.py:190} INFO - [2026-04-30T17:45:41.193+0000] {dag.py:4180} INFO - Setting next_dagrun for orders_kafka_to_s3 to 2026-04-30 00:00:00+00:00, run_after=2026-05-01 00:00:00+00:00
[2026-04-30T17:45:41.220+0000] {processor.py:208} INFO - Processing /opt/airflow/dags/main.py took 0.519 seconds
[2026-04-30T17:46:11.637+0000] {processor.py:186} INFO - Started process (PID=310) to work on /opt/airflow/dags/main.py
[2026-04-30T17:46:11.638+0000] {processor.py:914} INFO - Processing file /opt/airflow/dags/main.py for tasks to queue
[2026-04-30T17:46:11.642+0000] {logging_mixin.py:190} INFO - [2026-04-30T17:46:11.641+0000] {dagbag.py:588} INFO - Filling up the DagBag from /opt/airflow/dags/main.py
[2026-04-30T17:46:12.028+0000] {processor.py:925} INFO - DAG(s) 'orders_kafka_to_s3' retrieved from /opt/airflow/dags/main.py
[2026-04-30T17:46:12.061+0000] {logging_mixin.py:190} INFO - [2026-04-30T17:46:12.061+0000] {dag.py:3239} INFO - Sync 1 DAGs
[2026-04-30T17:46:12.091+0000] {logging_mixin.py:190} INFO - [2026-04-30T17:46:12.090+0000] {dag.py:4180} INFO - Setting next_dagrun for orders_kafka_to_s3 to 2026-04-30 00:00:00+00:00, run_after=2026-05-01 00:00:00+00:00
[2026-04-30T17:46:12.115+0000] {processor.py:208} INFO - Processing /opt/airflow/dags/main.py took 0.488 seconds
[2026-04-30T17:46:42.449+0000] {processor.py:186} INFO - Started process (PID=317) to work on /opt/airflow/dags/main.py
[2026-04-30T17:46:42.451+0000] {processor.py:914} INFO - Processing file /opt/airflow/dags/main.py for tasks to queue
[2026-04-30T17:46:42.457+0000] {logging_mixin.py:190} INFO - [2026-04-30T17:46:42.457+0000] {dagbag.py:588} INFO - Filling up the DagBag from /opt/airflow/dags/main.py
[2026-04-30T17:46:43.099+0000] {processor.py:925} INFO - DAG(s) 'orders_kafka_to_s3' retrieved from /opt/airflow/dags/main.py
[2026-04-30T17:46:43.139+0000] {logging_mixin.py:190} INFO - [2026-04-30T17:46:43.139+0000] {dag.py:3239} INFO - Sync 1 DAGs
[2026-04-30T17:46:43.178+0000] {logging_mixin.py:190} INFO - [2026-04-30T17:46:43.178+0000] {dag.py:4180} INFO - Setting next_dagrun for orders_kafka_to_s3 to 2026-04-30 00:00:00+00:00, run_after=2026-05-01 00:00:00+00:00
[2026-04-30T17:46:43.207+0000] {processor.py:208} INFO - Processing /opt/airflow/dags/main.py took 0.773 seconds
[2026-04-30T17:47:13.648+0000] {processor.py:186} INFO - Started process (PID=324) to work on /opt/airflow/dags/main.py
[2026-04-30T17:47:13.651+0000] {processor.py:914} INFO - Processing file /opt/airflow/dags/main.py for tasks to queue
[2026-04-30T17:47:13.657+0000] {logging_mixin.py:190} INFO - [2026-04-30T17:47:13.657+0000] {dagbag.py:588} INFO - Filling up the DagBag from /opt/airflow/dags/main.py
[2026-04-30T17:47:13.841+0000] {processor.py:925} INFO - DAG(s) 'orders_kafka_to_s3' retrieved from /opt/airflow/dags/main.py
[2026-04-30T17:47:13.878+0000] {logging_mixin.py:190} INFO - [2026-04-30T17:47:13.877+0000] {dag.py:3239} INFO - Sync 1 DAGs
[2026-04-30T17:47:14.207+0000] {logging_mixin.py:190} INFO - [2026-04-30T17:47:14.207+0000] {dag.py:4180} INFO - Setting next_dagrun for orders_kafka_to_s3 to 2026-04-30 00:00:00+00:00, run_after=2026-05-01 00:00:00+00:00
[2026-04-30T17:47:14.257+0000] {processor.py:208} INFO - Processing /opt/airflow/dags/main.py took 0.622 seconds
[2026-04-30T17:47:44.569+0000] {processor.py:186} INFO - Started process (PID=331) to work on /opt/airflow/dags/main.py
[2026-04-30T17:47:44.571+0000] {processor.py:914} INFO - Processing file /opt/airflow/dags/main.py for tasks to queue
[2026-04-30T17:47:44.575+0000] {logging_mixin.py:190} INFO - [2026-04-30T17:47:44.574+0000] {dagbag.py:588} INFO - Filling up the DagBag from /opt/airflow/dags/main.py
[2026-04-30T17:47:44.766+0000] {processor.py:925} INFO - DAG(s) 'orders_kafka_to_s3' retrieved from /opt/airflow/dags/main.py
[2026-04-30T17:47:44.811+0000] {logging_mixin.py:190} INFO - [2026-04-30T17:47:44.810+0000] {dag.py:3239} INFO - Sync 1 DAGs
[2026-04-30T17:47:45.141+0000] {logging_mixin.py:190} INFO - [2026-04-30T17:47:45.140+0000] {dag.py:4180} INFO - Setting next_dagrun for orders_kafka_to_s3 to 2026-04-30 00:00:00+00:00, run_after=2026-05-01 00:00:00+00:00
[2026-04-30T17:47:45.184+0000] {processor.py:208} INFO - Processing /opt/airflow/dags/main.py took 0.624 seconds
[2026-04-30T17:48:15.728+0000] {processor.py:186} INFO - Started process (PID=339) to work on /opt/airflow/dags/main.py
[2026-04-30T17:48:15.730+0000] {processor.py:914} INFO - Processing file /opt/airflow/dags/main.py for tasks to queue
[2026-04-30T17:48:15.734+0000] {logging_mixin.py:190} INFO - [2026-04-30T17:48:15.733+0000] {dagbag.py:588} INFO - Filling up the DagBag from /opt/airflow/dags/main.py
[2026-04-30T17:48:15.924+0000] {processor.py:925} INFO - DAG(s) 'orders_kafka_to_s3' retrieved from /opt/airflow/dags/main.py
[2026-04-30T17:48:16.241+0000] {logging_mixin.py:190} INFO - [2026-04-30T17:48:16.241+0000] {dag.py:3239} INFO - Sync 1 DAGs
[2026-04-30T17:48:16.281+0000] {logging_mixin.py:190} INFO - [2026-04-30T17:48:16.281+0000] {dag.py:4180} INFO - Setting next_dagrun for orders_kafka_to_s3 to 2026-04-30 00:00:00+00:00, run_after=2026-05-01 00:00:00+00:00
[2026-04-30T17:48:16.308+0000] {processor.py:208} INFO - Processing /opt/airflow/dags/main.py took 0.591 seconds
[2026-04-30T17:48:46.752+0000] {processor.py:186} INFO - Started process (PID=346) to work on /opt/airflow/dags/main.py
[2026-04-30T17:48:46.754+0000] {processor.py:914} INFO - Processing file /opt/airflow/dags/main.py for tasks to queue
[2026-04-30T17:48:46.758+0000] {logging_mixin.py:190} INFO - [2026-04-30T17:48:46.758+0000] {dagbag.py:588} INFO - Filling up the DagBag from /opt/airflow/dags/main.py
[2026-04-30T17:48:47.170+0000] {processor.py:925} INFO - DAG(s) 'orders_kafka_to_s3' retrieved from /opt/airflow/dags/main.py
[2026-04-30T17:48:47.208+0000] {logging_mixin.py:190} INFO - [2026-04-30T17:48:47.208+0000] {dag.py:3239} INFO - Sync 1 DAGs
[2026-04-30T17:48:47.243+0000] {logging_mixin.py:190} INFO - [2026-04-30T17:48:47.243+0000] {dag.py:4180} INFO - Setting next_dagrun for orders_kafka_to_s3 to 2026-04-30 00:00:00+00:00, run_after=2026-05-01 00:00:00+00:00
[2026-04-30T17:48:47.272+0000] {processor.py:208} INFO - Processing /opt/airflow/dags/main.py took 0.530 seconds
[2026-04-30T17:49:17.533+0000] {processor.py:186} INFO - Started process (PID=353) to work on /opt/airflow/dags/main.py
[2026-04-30T17:49:17.541+0000] {processor.py:914} INFO - Processing file /opt/airflow/dags/main.py for tasks to queue
[2026-04-30T17:49:17.566+0000] {logging_mixin.py:190} INFO - [2026-04-30T17:49:17.564+0000] {dagbag.py:588} INFO - Filling up the DagBag from /opt/airflow/dags/main.py
[2026-04-30T17:49:18.070+0000] {processor.py:925} INFO - DAG(s) 'orders_kafka_to_s3' retrieved from /opt/airflow/dags/main.py
[2026-04-30T17:49:18.113+0000] {logging_mixin.py:190} INFO - [2026-04-30T17:49:18.113+0000] {dag.py:3239} INFO - Sync 1 DAGs
[2026-04-30T17:49:18.151+0000] {logging_mixin.py:190} INFO - [2026-04-30T17:49:18.150+0000] {dag.py:4180} INFO - Setting next_dagrun for orders_kafka_to_s3 to 2026-04-30 00:00:00+00:00, run_after=2026-05-01 00:00:00+00:00
[2026-04-30T17:49:18.184+0000] {processor.py:208} INFO - Processing /opt/airflow/dags/main.py took 0.698 seconds
[2026-04-30T17:49:48.619+0000] {processor.py:186} INFO - Started process (PID=366) to work on /opt/airflow/dags/main.py
[2026-04-30T17:49:48.622+0000] {processor.py:914} INFO - Processing file /opt/airflow/dags/main.py for tasks to queue
[2026-04-30T17:49:48.628+0000] {logging_mixin.py:190} INFO - [2026-04-30T17:49:48.627+0000] {dagbag.py:588} INFO - Filling up the DagBag from /opt/airflow/dags/main.py
[2026-04-30T17:49:48.810+0000] {processor.py:925} INFO - DAG(s) 'orders_kafka_to_s3' retrieved from /opt/airflow/dags/main.py
[2026-04-30T17:49:48.857+0000] {logging_mixin.py:190} INFO - [2026-04-30T17:49:48.857+0000] {dag.py:3239} INFO - Sync 1 DAGs
[2026-04-30T17:49:48.897+0000] {logging_mixin.py:190} INFO - [2026-04-30T17:49:48.897+0000] {dag.py:4180} INFO - Setting next_dagrun for orders_kafka_to_s3 to 2026-04-30 00:00:00+00:00, run_after=2026-05-01 00:00:00+00:00
[2026-04-30T17:49:49.159+0000] {processor.py:208} INFO - Processing /opt/airflow/dags/main.py took 0.561 seconds
[2026-04-30T17:50:19.470+0000] {processor.py:186} INFO - Started process (PID=373) to work on /opt/airflow/dags/main.py
[2026-04-30T17:50:19.475+0000] {processor.py:914} INFO - Processing file /opt/airflow/dags/main.py for tasks to queue
[2026-04-30T17:50:19.489+0000] {logging_mixin.py:190} INFO - [2026-04-30T17:50:19.487+0000] {dagbag.py:588} INFO - Filling up the DagBag from /opt/airflow/dags/main.py
[2026-04-30T17:50:19.836+0000] {processor.py:925} INFO - DAG(s) 'orders_kafka_to_s3' retrieved from /opt/airflow/dags/main.py
[2026-04-30T17:50:19.870+0000] {logging_mixin.py:190} INFO - [2026-04-30T17:50:19.870+0000] {dag.py:3239} INFO - Sync 1 DAGs
[2026-04-30T17:50:20.130+0000] {logging_mixin.py:190} INFO - [2026-04-30T17:50:20.130+0000] {dag.py:4180} INFO - Setting next_dagrun for orders_kafka_to_s3 to 2026-04-30 00:00:00+00:00, run_after=2026-05-01 00:00:00+00:00
[2026-04-30T17:50:20.160+0000] {processor.py:208} INFO - Processing /opt/airflow/dags/main.py took 0.730 seconds
[2026-04-30T17:50:50.345+0000] {processor.py:186} INFO - Started process (PID=379) to work on /opt/airflow/dags/main.py
[2026-04-30T17:50:50.348+0000] {processor.py:914} INFO - Processing file /opt/airflow/dags/main.py for tasks to queue
[2026-04-30T17:50:50.354+0000] {logging_mixin.py:190} INFO - [2026-04-30T17:50:50.354+0000] {dagbag.py:588} INFO - Filling up the DagBag from /opt/airflow/dags/main.py
[2026-04-30T17:50:50.554+0000] {processor.py:925} INFO - DAG(s) 'orders_kafka_to_s3' retrieved from /opt/airflow/dags/main.py
[2026-04-30T17:50:50.599+0000] {logging_mixin.py:190} INFO - [2026-04-30T17:50:50.599+0000] {dag.py:3239} INFO - Sync 1 DAGs
[2026-04-30T17:50:50.875+0000] {logging_mixin.py:190} INFO - [2026-04-30T17:50:50.874+0000] {dag.py:4180} INFO - Setting next_dagrun for orders_kafka_to_s3 to 2026-04-30 00:00:00+00:00, run_after=2026-05-01 00:00:00+00:00
[2026-04-30T17:50:50.907+0000] {processor.py:208} INFO - Processing /opt/airflow/dags/main.py took 0.580 seconds
[2026-04-30T17:51:21.068+0000] {processor.py:186} INFO - Started process (PID=386) to work on /opt/airflow/dags/main.py
[2026-04-30T17:51:21.070+0000] {processor.py:914} INFO - Processing file /opt/airflow/dags/main.py for tasks to queue
[2026-04-30T17:51:21.074+0000] {logging_mixin.py:190} INFO - [2026-04-30T17:51:21.074+0000] {dagbag.py:588} INFO - Filling up the DagBag from /opt/airflow/dags/main.py
[2026-04-30T17:51:21.248+0000] {processor.py:925} INFO - DAG(s) 'orders_kafka_to_s3' retrieved from /opt/airflow/dags/main.py
[2026-04-30T17:51:21.507+0000] {logging_mixin.py:190} INFO - [2026-04-30T17:51:21.506+0000] {dag.py:3239} INFO - Sync 1 DAGs
[2026-04-30T17:51:21.545+0000] {logging_mixin.py:190} INFO - [2026-04-30T17:51:21.545+0000] {dag.py:4180} INFO - Setting next_dagrun for orders_kafka_to_s3 to 2026-04-30 00:00:00+00:00, run_after=2026-05-01 00:00:00+00:00
[2026-04-30T17:51:21.574+0000] {processor.py:208} INFO - Processing /opt/airflow/dags/main.py took 0.518 seconds
[2026-04-30T17:51:51.831+0000] {processor.py:186} INFO - Started process (PID=393) to work on /opt/airflow/dags/main.py
[2026-04-30T17:51:51.833+0000] {processor.py:914} INFO - Processing file /opt/airflow/dags/main.py for tasks to queue
[2026-04-30T17:51:51.838+0000] {logging_mixin.py:190} INFO - [2026-04-30T17:51:51.837+0000] {dagbag.py:588} INFO - Filling up the DagBag from /opt/airflow/dags/main.py
[2026-04-30T17:51:52.293+0000] {processor.py:925} INFO - DAG(s) 'orders_kafka_to_s3' retrieved from /opt/airflow/dags/main.py
[2026-04-30T17:51:52.342+0000] {logging_mixin.py:190} INFO - [2026-04-30T17:51:52.342+0000] {dag.py:3239} INFO - Sync 1 DAGs
[2026-04-30T17:51:52.391+0000] {logging_mixin.py:190} INFO - [2026-04-30T17:51:52.391+0000] {dag.py:4180} INFO - Setting next_dagrun for orders_kafka_to_s3 to 2026-04-30 00:00:00+00:00, run_after=2026-05-01 00:00:00+00:00
[2026-04-30T17:51:52.425+0000] {processor.py:208} INFO - Processing /opt/airflow/dags/main.py took 0.607 seconds
[2026-04-30T17:52:22.592+0000] {processor.py:186} INFO - Started process (PID=400) to work on /opt/airflow/dags/main.py
[2026-04-30T17:52:22.595+0000] {processor.py:914} INFO - Processing file /opt/airflow/dags/main.py for tasks to queue
[2026-04-30T17:52:22.600+0000] {logging_mixin.py:190} INFO - [2026-04-30T17:52:22.599+0000] {dagbag.py:588} INFO - Filling up the DagBag from /opt/airflow/dags/main.py
[2026-04-30T17:52:22.968+0000] {processor.py:925} INFO - DAG(s) 'orders_kafka_to_s3' retrieved from /opt/airflow/dags/main.py
[2026-04-30T17:52:23.006+0000] {logging_mixin.py:190} INFO - [2026-04-30T17:52:23.005+0000] {dag.py:3239} INFO - Sync 1 DAGs
[2026-04-30T17:52:23.046+0000] {logging_mixin.py:190} INFO - [2026-04-30T17:52:23.046+0000] {dag.py:4180} INFO - Setting next_dagrun for orders_kafka_to_s3 to 2026-04-30 00:00:00+00:00, run_after=2026-05-01 00:00:00+00:00
[2026-04-30T17:52:23.081+0000] {processor.py:208} INFO - Processing /opt/airflow/dags/main.py took 0.504 seconds
[2026-04-30T17:52:53.384+0000] {processor.py:186} INFO - Started process (PID=406) to work on /opt/airflow/dags/main.py
[2026-04-30T17:52:53.386+0000] {processor.py:914} INFO - Processing file /opt/airflow/dags/main.py for tasks to queue
[2026-04-30T17:52:53.390+0000] {logging_mixin.py:190} INFO - [2026-04-30T17:52:53.389+0000] {dagbag.py:588} INFO - Filling up the DagBag from /opt/airflow/dags/main.py
[2026-04-30T17:52:53.515+0000] {processor.py:925} INFO - DAG(s) 'orders_kafka_to_s3' retrieved from /opt/airflow/dags/main.py
[2026-04-30T17:52:53.548+0000] {logging_mixin.py:190} INFO - [2026-04-30T17:52:53.548+0000] {dag.py:3239} INFO - Sync 1 DAGs
[2026-04-30T17:52:53.806+0000] {logging_mixin.py:190} INFO - [2026-04-30T17:52:53.805+0000] {dag.py:4180} INFO - Setting next_dagrun for orders_kafka_to_s3 to 2026-04-30 00:00:00+00:00, run_after=2026-05-01 00:00:00+00:00
[2026-04-30T17:52:53.837+0000] {processor.py:208} INFO - Processing /opt/airflow/dags/main.py took 0.464 seconds
[2026-04-30T17:53:24.570+0000] {processor.py:186} INFO - Started process (PID=413) to work on /opt/airflow/dags/main.py
[2026-04-30T17:53:24.572+0000] {processor.py:914} INFO - Processing file /opt/airflow/dags/main.py for tasks to queue
[2026-04-30T17:53:24.575+0000] {logging_mixin.py:190} INFO - [2026-04-30T17:53:24.574+0000] {dagbag.py:588} INFO - Filling up the DagBag from /opt/airflow/dags/main.py
[2026-04-30T17:53:24.732+0000] {processor.py:925} INFO - DAG(s) 'orders_kafka_to_s3' retrieved from /opt/airflow/dags/main.py
[2026-04-30T17:53:24.761+0000] {logging_mixin.py:190} INFO - [2026-04-30T17:53:24.760+0000] {dag.py:3239} INFO - Sync 1 DAGs
[2026-04-30T17:53:24.994+0000] {logging_mixin.py:190} INFO - [2026-04-30T17:53:24.994+0000] {dag.py:4180} INFO - Setting next_dagrun for orders_kafka_to_s3 to 2026-04-30 00:00:00+00:00, run_after=2026-05-01 00:00:00+00:00
[2026-04-30T17:53:25.040+0000] {processor.py:208} INFO - Processing /opt/airflow/dags/main.py took 0.478 seconds
[2026-04-30T17:53:55.345+0000] {processor.py:186} INFO - Started process (PID=419) to work on /opt/airflow/dags/main.py
[2026-04-30T17:53:55.348+0000] {processor.py:914} INFO - Processing file /opt/airflow/dags/main.py for tasks to queue
[2026-04-30T17:53:55.353+0000] {logging_mixin.py:190} INFO - [2026-04-30T17:53:55.352+0000] {dagbag.py:588} INFO - Filling up the DagBag from /opt/airflow/dags/main.py
[2026-04-30T17:53:55.557+0000] {processor.py:925} INFO - DAG(s) 'orders_kafka_to_s3' retrieved from /opt/airflow/dags/main.py
[2026-04-30T17:53:55.780+0000] {logging_mixin.py:190} INFO - [2026-04-30T17:53:55.779+0000] {dag.py:3239} INFO - Sync 1 DAGs
[2026-04-30T17:53:55.826+0000] {logging_mixin.py:190} INFO - [2026-04-30T17:53:55.826+0000] {dag.py:4180} INFO - Setting next_dagrun for orders_kafka_to_s3 to 2026-04-30 00:00:00+00:00, run_after=2026-05-01 00:00:00+00:00
[2026-04-30T17:53:55.853+0000] {processor.py:208} INFO - Processing /opt/airflow/dags/main.py took 0.526 seconds
[2026-04-30T17:54:26.044+0000] {processor.py:186} INFO - Started process (PID=426) to work on /opt/airflow/dags/main.py
[2026-04-30T17:54:26.045+0000] {processor.py:914} INFO - Processing file /opt/airflow/dags/main.py for tasks to queue
[2026-04-30T17:54:26.051+0000] {logging_mixin.py:190} INFO - [2026-04-30T17:54:26.051+0000] {dagbag.py:588} INFO - Filling up the DagBag from /opt/airflow/dags/main.py
[2026-04-30T17:54:26.373+0000] {processor.py:925} INFO - DAG(s) 'orders_kafka_to_s3' retrieved from /opt/airflow/dags/main.py
[2026-04-30T17:54:26.412+0000] {logging_mixin.py:190} INFO - [2026-04-30T17:54:26.412+0000] {dag.py:3239} INFO - Sync 1 DAGs
[2026-04-30T17:54:26.440+0000] {logging_mixin.py:190} INFO - [2026-04-30T17:54:26.440+0000] {dag.py:4180} INFO - Setting next_dagrun for orders_kafka_to_s3 to 2026-04-30 00:00:00+00:00, run_after=2026-05-01 00:00:00+00:00
[2026-04-30T17:54:26.465+0000] {processor.py:208} INFO - Processing /opt/airflow/dags/main.py took 0.429 seconds
[2026-04-30T17:54:56.678+0000] {processor.py:186} INFO - Started process (PID=433) to work on /opt/airflow/dags/main.py
[2026-04-30T17:54:56.680+0000] {processor.py:914} INFO - Processing file /opt/airflow/dags/main.py for tasks to queue
[2026-04-30T17:54:56.684+0000] {logging_mixin.py:190} INFO - [2026-04-30T17:54:56.684+0000] {dagbag.py:588} INFO - Filling up the DagBag from /opt/airflow/dags/main.py
[2026-04-30T17:54:57.122+0000] {processor.py:925} INFO - DAG(s) 'orders_kafka_to_s3' retrieved from /opt/airflow/dags/main.py
[2026-04-30T17:54:57.157+0000] {logging_mixin.py:190} INFO - [2026-04-30T17:54:57.157+0000] {dag.py:3239} INFO - Sync 1 DAGs
[2026-04-30T17:54:57.189+0000] {logging_mixin.py:190} INFO - [2026-04-30T17:54:57.189+0000] {dag.py:4180} INFO - Setting next_dagrun for orders_kafka_to_s3 to 2026-04-30 00:00:00+00:00, run_after=2026-05-01 00:00:00+00:00
[2026-04-30T17:54:57.218+0000] {processor.py:208} INFO - Processing /opt/airflow/dags/main.py took 0.548 seconds
[2026-04-30T17:55:27.734+0000] {processor.py:186} INFO - Started process (PID=440) to work on /opt/airflow/dags/main.py
[2026-04-30T17:55:27.736+0000] {processor.py:914} INFO - Processing file /opt/airflow/dags/main.py for tasks to queue
[2026-04-30T17:55:27.740+0000] {logging_mixin.py:190} INFO - [2026-04-30T17:55:27.739+0000] {dagbag.py:588} INFO - Filling up the DagBag from /opt/airflow/dags/main.py
[2026-04-30T17:55:28.116+0000] {processor.py:925} INFO - DAG(s) 'orders_kafka_to_s3' retrieved from /opt/airflow/dags/main.py
[2026-04-30T17:55:28.145+0000] {logging_mixin.py:190} INFO - [2026-04-30T17:55:28.145+0000] {dag.py:3239} INFO - Sync 1 DAGs
[2026-04-30T17:55:28.172+0000] {logging_mixin.py:190} INFO - [2026-04-30T17:55:28.171+0000] {dag.py:4180} INFO - Setting next_dagrun for orders_kafka_to_s3 to 2026-04-30 00:00:00+00:00, run_after=2026-05-01 00:00:00+00:00
[2026-04-30T17:55:28.196+0000] {processor.py:208} INFO - Processing /opt/airflow/dags/main.py took 0.469 seconds
[2026-04-30T17:55:58.494+0000] {processor.py:186} INFO - Started process (PID=446) to work on /opt/airflow/dags/main.py
[2026-04-30T17:55:58.496+0000] {processor.py:914} INFO - Processing file /opt/airflow/dags/main.py for tasks to queue
[2026-04-30T17:55:58.500+0000] {logging_mixin.py:190} INFO - [2026-04-30T17:55:58.499+0000] {dagbag.py:588} INFO - Filling up the DagBag from /opt/airflow/dags/main.py
[2026-04-30T17:55:58.709+0000] {processor.py:925} INFO - DAG(s) 'orders_kafka_to_s3' retrieved from /opt/airflow/dags/main.py
[2026-04-30T17:55:58.744+0000] {logging_mixin.py:190} INFO - [2026-04-30T17:55:58.743+0000] {dag.py:3239} INFO - Sync 1 DAGs
[2026-04-30T17:55:59.002+0000] {logging_mixin.py:190} INFO - [2026-04-30T17:55:59.002+0000] {dag.py:4180} INFO - Setting next_dagrun for orders_kafka_to_s3 to 2026-04-30 00:00:00+00:00, run_after=2026-05-01 00:00:00+00:00
[2026-04-30T17:55:59.034+0000] {processor.py:208} INFO - Processing /opt/airflow/dags/main.py took 0.551 seconds
[2026-04-30T17:56:29.190+0000] {processor.py:186} INFO - Started process (PID=453) to work on /opt/airflow/dags/main.py
[2026-04-30T17:56:29.191+0000] {processor.py:914} INFO - Processing file /opt/airflow/dags/main.py for tasks to queue
[2026-04-30T17:56:29.194+0000] {logging_mixin.py:190} INFO - [2026-04-30T17:56:29.194+0000] {dagbag.py:588} INFO - Filling up the DagBag from /opt/airflow/dags/main.py
[2026-04-30T17:56:29.407+0000] {processor.py:925} INFO - DAG(s) 'orders_kafka_to_s3' retrieved from /opt/airflow/dags/main.py
[2026-04-30T17:56:29.457+0000] {logging_mixin.py:190} INFO - [2026-04-30T17:56:29.456+0000] {dag.py:3239} INFO - Sync 1 DAGs
[2026-04-30T17:56:29.727+0000] {logging_mixin.py:190} INFO - [2026-04-30T17:56:29.727+0000] {dag.py:4180} INFO - Setting next_dagrun for orders_kafka_to_s3 to 2026-04-30 00:00:00+00:00, run_after=2026-05-01 00:00:00+00:00
[2026-04-30T17:56:29.758+0000] {processor.py:208} INFO - Processing /opt/airflow/dags/main.py took 0.575 seconds
[2026-04-30T17:57:00.216+0000] {processor.py:186} INFO - Started process (PID=460) to work on /opt/airflow/dags/main.py
[2026-04-30T17:57:00.218+0000] {processor.py:914} INFO - Processing file /opt/airflow/dags/main.py for tasks to queue
[2026-04-30T17:57:00.223+0000] {logging_mixin.py:190} INFO - [2026-04-30T17:57:00.223+0000] {dagbag.py:588} INFO - Filling up the DagBag from /opt/airflow/dags/main.py
[2026-04-30T17:57:00.408+0000] {processor.py:925} INFO - DAG(s) 'orders_kafka_to_s3' retrieved from /opt/airflow/dags/main.py
[2026-04-30T17:57:00.688+0000] {logging_mixin.py:190} INFO - [2026-04-30T17:57:00.688+0000] {dag.py:3239} INFO - Sync 1 DAGs
[2026-04-30T17:57:00.736+0000] {logging_mixin.py:190} INFO - [2026-04-30T17:57:00.736+0000] {dag.py:4180} INFO - Setting next_dagrun for orders_kafka_to_s3 to 2026-04-30 00:00:00+00:00, run_after=2026-05-01 00:00:00+00:00
[2026-04-30T17:57:00.763+0000] {processor.py:208} INFO - Processing /opt/airflow/dags/main.py took 0.566 seconds
[2026-04-30T17:57:31.270+0000] {processor.py:186} INFO - Started process (PID=467) to work on /opt/airflow/dags/main.py
[2026-04-30T17:57:31.272+0000] {processor.py:914} INFO - Processing file /opt/airflow/dags/main.py for tasks to queue
[2026-04-30T17:57:31.279+0000] {logging_mixin.py:190} INFO - [2026-04-30T17:57:31.278+0000] {dagbag.py:588} INFO - Filling up the DagBag from /opt/airflow/dags/main.py
[2026-04-30T17:57:31.726+0000] {processor.py:925} INFO - DAG(s) 'orders_kafka_to_s3' retrieved from /opt/airflow/dags/main.py
[2026-04-30T17:57:31.769+0000] {logging_mixin.py:190} INFO - [2026-04-30T17:57:31.768+0000] {dag.py:3239} INFO - Sync 1 DAGs
[2026-04-30T17:57:31.800+0000] {logging_mixin.py:190} INFO - [2026-04-30T17:57:31.800+0000] {dag.py:4180} INFO - Setting next_dagrun for orders_kafka_to_s3 to 2026-04-30 00:00:00+00:00, run_after=2026-05-01 00:00:00+00:00
[2026-04-30T17:57:31.830+0000] {processor.py:208} INFO - Processing /opt/airflow/dags/main.py took 0.575 seconds
[2026-04-30T17:58:02.141+0000] {processor.py:186} INFO - Started process (PID=474) to work on /opt/airflow/dags/main.py
[2026-04-30T17:58:02.143+0000] {processor.py:914} INFO - Processing file /opt/airflow/dags/main.py for tasks to queue
[2026-04-30T17:58:02.151+0000] {logging_mixin.py:190} INFO - [2026-04-30T17:58:02.150+0000] {dagbag.py:588} INFO - Filling up the DagBag from /opt/airflow/dags/main.py
[2026-04-30T17:58:02.567+0000] {processor.py:925} INFO - DAG(s) 'orders_kafka_to_s3' retrieved from /opt/airflow/dags/main.py
[2026-04-30T17:58:02.609+0000] {logging_mixin.py:190} INFO - [2026-04-30T17:58:02.609+0000] {dag.py:3239} INFO - Sync 1 DAGs
[2026-04-30T17:58:02.640+0000] {logging_mixin.py:190} INFO - [2026-04-30T17:58:02.640+0000] {dag.py:4180} INFO - Setting next_dagrun for orders_kafka_to_s3 to 2026-04-30 00:00:00+00:00, run_after=2026-05-01 00:00:00+00:00
[2026-04-30T17:58:02.675+0000] {processor.py:208} INFO - Processing /opt/airflow/dags/main.py took 0.552 seconds
[2026-04-30T17:58:32.976+0000] {processor.py:186} INFO - Started process (PID=481) to work on /opt/airflow/dags/main.py
[2026-04-30T17:58:32.978+0000] {processor.py:914} INFO - Processing file /opt/airflow/dags/main.py for tasks to queue
[2026-04-30T17:58:32.982+0000] {logging_mixin.py:190} INFO - [2026-04-30T17:58:32.981+0000] {dagbag.py:588} INFO - Filling up the DagBag from /opt/airflow/dags/main.py
[2026-04-30T17:58:33.109+0000] {processor.py:925} INFO - DAG(s) 'orders_kafka_to_s3' retrieved from /opt/airflow/dags/main.py
[2026-04-30T17:58:33.144+0000] {logging_mixin.py:190} INFO - [2026-04-30T17:58:33.144+0000] {dag.py:3239} INFO - Sync 1 DAGs
[2026-04-30T17:58:33.383+0000] {logging_mixin.py:190} INFO - [2026-04-30T17:58:33.382+0000] {dag.py:4180} INFO - Setting next_dagrun for orders_kafka_to_s3 to 2026-04-30 00:00:00+00:00, run_after=2026-05-01 00:00:00+00:00
[2026-04-30T17:58:33.420+0000] {processor.py:208} INFO - Processing /opt/airflow/dags/main.py took 0.455 seconds
[2026-04-30T17:59:04.021+0000] {processor.py:186} INFO - Started process (PID=488) to work on /opt/airflow/dags/main.py
[2026-04-30T17:59:04.022+0000] {processor.py:914} INFO - Processing file /opt/airflow/dags/main.py for tasks to queue
[2026-04-30T17:59:04.025+0000] {logging_mixin.py:190} INFO - [2026-04-30T17:59:04.025+0000] {dagbag.py:588} INFO - Filling up the DagBag from /opt/airflow/dags/main.py
[2026-04-30T17:59:04.170+0000] {processor.py:925} INFO - DAG(s) 'orders_kafka_to_s3' retrieved from /opt/airflow/dags/main.py
[2026-04-30T17:59:04.215+0000] {logging_mixin.py:190} INFO - [2026-04-30T17:59:04.214+0000] {dag.py:3239} INFO - Sync 1 DAGs
[2026-04-30T17:59:04.470+0000] {logging_mixin.py:190} INFO - [2026-04-30T17:59:04.470+0000] {dag.py:4180} INFO - Setting next_dagrun for orders_kafka_to_s3 to 2026-04-30 00:00:00+00:00, run_after=2026-05-01 00:00:00+00:00
[2026-04-30T17:59:04.516+0000] {processor.py:208} INFO - Processing /opt/airflow/dags/main.py took 0.505 seconds
[2026-04-30T17:59:34.690+0000] {processor.py:186} INFO - Started process (PID=501) to work on /opt/airflow/dags/main.py
[2026-04-30T17:59:34.693+0000] {processor.py:914} INFO - Processing file /opt/airflow/dags/main.py for tasks to queue
[2026-04-30T17:59:34.700+0000] {logging_mixin.py:190} INFO - [2026-04-30T17:59:34.699+0000] {dagbag.py:588} INFO - Filling up the DagBag from /opt/airflow/dags/main.py
[2026-04-30T17:59:34.920+0000] {processor.py:925} INFO - DAG(s) 'orders_kafka_to_s3' retrieved from /opt/airflow/dags/main.py
[2026-04-30T17:59:35.170+0000] {logging_mixin.py:190} INFO - [2026-04-30T17:59:35.169+0000] {dag.py:3239} INFO - Sync 1 DAGs
[2026-04-30T17:59:35.212+0000] {logging_mixin.py:190} INFO - [2026-04-30T17:59:35.211+0000] {dag.py:4180} INFO - Setting next_dagrun for orders_kafka_to_s3 to 2026-04-30 00:00:00+00:00, run_after=2026-05-01 00:00:00+00:00
[2026-04-30T17:59:35.256+0000] {processor.py:208} INFO - Processing /opt/airflow/dags/main.py took 0.583 seconds
[2026-04-30T18:00:05.785+0000] {processor.py:186} INFO - Started process (PID=508) to work on /opt/airflow/dags/main.py
[2026-04-30T18:00:05.787+0000] {processor.py:914} INFO - Processing file /opt/airflow/dags/main.py for tasks to queue
[2026-04-30T18:00:05.791+0000] {logging_mixin.py:190} INFO - [2026-04-30T18:00:05.790+0000] {dagbag.py:588} INFO - Filling up the DagBag from /opt/airflow/dags/main.py
[2026-04-30T18:00:06.149+0000] {processor.py:925} INFO - DAG(s) 'orders_kafka_to_s3' retrieved from /opt/airflow/dags/main.py
[2026-04-30T18:00:06.196+0000] {logging_mixin.py:190} INFO - [2026-04-30T18:00:06.195+0000] {dag.py:3239} INFO - Sync 1 DAGs
[2026-04-30T18:00:06.246+0000] {logging_mixin.py:190} INFO - [2026-04-30T18:00:06.246+0000] {dag.py:4180} INFO - Setting next_dagrun for orders_kafka_to_s3 to 2026-04-30 00:00:00+00:00, run_after=2026-05-01 00:00:00+00:00
[2026-04-30T18:00:06.292+0000] {processor.py:208} INFO - Processing /opt/airflow/dags/main.py took 0.518 seconds
[2026-04-30T18:00:36.673+0000] {processor.py:186} INFO - Started process (PID=515) to work on /opt/airflow/dags/main.py
[2026-04-30T18:00:36.676+0000] {processor.py:914} INFO - Processing file /opt/airflow/dags/main.py for tasks to queue
[2026-04-30T18:00:36.682+0000] {logging_mixin.py:190} INFO - [2026-04-30T18:00:36.681+0000] {dagbag.py:588} INFO - Filling up the DagBag from /opt/airflow/dags/main.py
[2026-04-30T18:00:37.089+0000] {processor.py:925} INFO - DAG(s) 'orders_kafka_to_s3' retrieved from /opt/airflow/dags/main.py
[2026-04-30T18:00:37.133+0000] {logging_mixin.py:190} INFO - [2026-04-30T18:00:37.132+0000] {dag.py:3239} INFO - Sync 1 DAGs
[2026-04-30T18:00:37.181+0000] {logging_mixin.py:190} INFO - [2026-04-30T18:00:37.181+0000] {dag.py:4180} INFO - Setting next_dagrun for orders_kafka_to_s3 to 2026-04-30 00:00:00+00:00, run_after=2026-05-01 00:00:00+00:00
[2026-04-30T18:00:37.227+0000] {processor.py:208} INFO - Processing /opt/airflow/dags/main.py took 0.571 seconds
[2026-04-30T18:01:07.414+0000] {processor.py:186} INFO - Started process (PID=523) to work on /opt/airflow/dags/main.py
[2026-04-30T18:01:07.417+0000] {processor.py:914} INFO - Processing file /opt/airflow/dags/main.py for tasks to queue
[2026-04-30T18:01:07.423+0000] {logging_mixin.py:190} INFO - [2026-04-30T18:01:07.422+0000] {dagbag.py:588} INFO - Filling up the DagBag from /opt/airflow/dags/main.py
[2026-04-30T18:01:07.794+0000] {processor.py:925} INFO - DAG(s) 'orders_kafka_to_s3' retrieved from /opt/airflow/dags/main.py
[2026-04-30T18:01:07.830+0000] {logging_mixin.py:190} INFO - [2026-04-30T18:01:07.829+0000] {dag.py:3239} INFO - Sync 1 DAGs
[2026-04-30T18:01:07.862+0000] {logging_mixin.py:190} INFO - [2026-04-30T18:01:07.862+0000] {dag.py:4180} INFO - Setting next_dagrun for orders_kafka_to_s3 to 2026-04-30 00:00:00+00:00, run_after=2026-05-01 00:00:00+00:00
[2026-04-30T18:01:07.887+0000] {processor.py:208} INFO - Processing /opt/airflow/dags/main.py took 0.493 seconds
[2026-04-30T18:01:38.990+0000] {processor.py:186} INFO - Started process (PID=530) to work on /opt/airflow/dags/main.py
[2026-04-30T18:01:38.991+0000] {processor.py:914} INFO - Processing file /opt/airflow/dags/main.py for tasks to queue
[2026-04-30T18:01:38.995+0000] {logging_mixin.py:190} INFO - [2026-04-30T18:01:38.994+0000] {dagbag.py:588} INFO - Filling up the DagBag from /opt/airflow/dags/main.py
[2026-04-30T18:01:39.127+0000] {processor.py:925} INFO - DAG(s) 'orders_kafka_to_s3' retrieved from /opt/airflow/dags/main.py
[2026-04-30T18:01:39.156+0000] {logging_mixin.py:190} INFO - [2026-04-30T18:01:39.156+0000] {dag.py:3239} INFO - Sync 1 DAGs
[2026-04-30T18:01:39.400+0000] {logging_mixin.py:190} INFO - [2026-04-30T18:01:39.400+0000] {dag.py:4180} INFO - Setting next_dagrun for orders_kafka_to_s3 to 2026-04-30 00:00:00+00:00, run_after=2026-05-01 00:00:00+00:00
[2026-04-30T18:01:39.431+0000] {processor.py:208} INFO - Processing /opt/airflow/dags/main.py took 0.449 seconds
[2026-04-30T18:02:09.843+0000] {processor.py:186} INFO - Started process (PID=537) to work on /opt/airflow/dags/main.py
[2026-04-30T18:02:09.845+0000] {processor.py:914} INFO - Processing file /opt/airflow/dags/main.py for tasks to queue
[2026-04-30T18:02:09.851+0000] {logging_mixin.py:190} INFO - [2026-04-30T18:02:09.850+0000] {dagbag.py:588} INFO - Filling up the DagBag from /opt/airflow/dags/main.py
[2026-04-30T18:02:09.997+0000] {processor.py:925} INFO - DAG(s) 'orders_kafka_to_s3' retrieved from /opt/airflow/dags/main.py
[2026-04-30T18:02:10.249+0000] {logging_mixin.py:190} INFO - [2026-04-30T18:02:10.248+0000] {dag.py:3239} INFO - Sync 1 DAGs
[2026-04-30T18:02:10.127+0000] {logging_mixin.py:190} INFO - [2026-04-30T18:02:10.126+0000] {dag.py:4180} INFO - Setting next_dagrun for orders_kafka_to_s3 to 2026-04-30 00:00:00+00:00, run_after=2026-05-01 00:00:00+00:00
[2026-04-30T18:02:10.171+0000] {processor.py:208} INFO - Processing /opt/airflow/dags/main.py took 0.522 seconds
[2026-04-30T18:02:41.064+0000] {processor.py:186} INFO - Started process (PID=544) to work on /opt/airflow/dags/main.py
[2026-04-30T18:02:41.066+0000] {processor.py:914} INFO - Processing file /opt/airflow/dags/main.py for tasks to queue
[2026-04-30T18:02:41.073+0000] {logging_mixin.py:190} INFO - [2026-04-30T18:02:41.073+0000] {dagbag.py:588} INFO - Filling up the DagBag from /opt/airflow/dags/main.py
[2026-04-30T18:02:41.267+0000] {processor.py:925} INFO - DAG(s) 'orders_kafka_to_s3' retrieved from /opt/airflow/dags/main.py
[2026-04-30T18:02:41.537+0000] {logging_mixin.py:190} INFO - [2026-04-30T18:02:41.536+0000] {dag.py:3239} INFO - Sync 1 DAGs
[2026-04-30T18:02:41.574+0000] {logging_mixin.py:190} INFO - [2026-04-30T18:02:41.574+0000] {dag.py:4180} INFO - Setting next_dagrun for orders_kafka_to_s3 to 2026-04-30 00:00:00+00:00, run_after=2026-05-01 00:00:00+00:00
[2026-04-30T18:02:41.598+0000] {processor.py:208} INFO - Processing /opt/airflow/dags/main.py took 0.542 seconds
[2026-04-30T18:03:12.405+0000] {processor.py:186} INFO - Started process (PID=551) to work on /opt/airflow/dags/main.py
[2026-04-30T18:03:12.407+0000] {processor.py:914} INFO - Processing file /opt/airflow/dags/main.py for tasks to queue
[2026-04-30T18:03:12.413+0000] {logging_mixin.py:190} INFO - [2026-04-30T18:03:12.412+0000] {dagbag.py:588} INFO - Filling up the DagBag from /opt/airflow/dags/main.py
[2026-04-30T18:03:12.868+0000] {processor.py:925} INFO - DAG(s) 'orders_kafka_to_s3' retrieved from /opt/airflow/dags/main.py
[2026-04-30T18:03:12.914+0000] {logging_mixin.py:190} INFO - [2026-04-30T18:03:12.914+0000] {dag.py:3239} INFO - Sync 1 DAGs
[2026-04-30T18:03:12.966+0000] {logging_mixin.py:190} INFO - [2026-04-30T18:03:12.966+0000] {dag.py:4180} INFO - Setting next_dagrun for orders_kafka_to_s3 to 2026-04-30 00:00:00+00:00, run_after=2026-05-01 00:00:00+00:00
[2026-04-30T18:03:13.003+0000] {processor.py:208} INFO - Processing /opt/airflow/dags/main.py took 0.616 seconds
[2026-04-30T18:03:43.546+0000] {processor.py:186} INFO - Started process (PID=558) to work on /opt/airflow/dags/main.py
[2026-04-30T18:03:43.549+0000] {processor.py:914} INFO - Processing file /opt/airflow/dags/main.py for tasks to queue
[2026-04-30T18:03:43.555+0000] {logging_mixin.py:190} INFO - [2026-04-30T18:03:43.555+0000] {dagbag.py:588} INFO - Filling up the DagBag from /opt/airflow/dags/main.py
[2026-04-30T18:03:43.927+0000] {processor.py:925} INFO - DAG(s) 'orders_kafka_to_s3' retrieved from /opt/airflow/dags/main.py
[2026-04-30T18:03:43.984+0000] {logging_mixin.py:190} INFO - [2026-04-30T18:03:43.983+0000] {dag.py:3239} INFO - Sync 1 DAGs
[2026-04-30T18:03:44.012+0000] {logging_mixin.py:190} INFO - [2026-04-30T18:03:44.011+0000] {dag.py:4180} INFO - Setting next_dagrun for orders_kafka_to_s3 to 2026-04-30 00:00:00+00:00, run_after=2026-05-01 00:00:00+00:00
[2026-04-30T18:03:44.037+0000] {processor.py:208} INFO - Processing /opt/airflow/dags/main.py took 0.508 seconds
[2026-04-30T18:04:14.434+0000] {processor.py:186} INFO - Started process (PID=565) to work on /opt/airflow/dags/main.py
[2026-04-30T18:04:14.436+0000] {processor.py:914} INFO - Processing file /opt/airflow/dags/main.py for tasks to queue
[2026-04-30T18:04:14.440+0000] {logging_mixin.py:190} INFO - [2026-04-30T18:04:14.440+0000] {dagbag.py:588} INFO - Filling up the DagBag from /opt/airflow/dags/main.py
[2026-04-30T18:04:14.809+0000] {processor.py:925} INFO - DAG(s) 'orders_kafka_to_s3' retrieved from /opt/airflow/dags/main.py
[2026-04-30T18:04:14.843+0000] {logging_mixin.py:190} INFO - [2026-04-30T18:04:14.843+0000] {dag.py:3239} INFO - Sync 1 DAGs
[2026-04-30T18:04:14.887+0000] {logging_mixin.py:190} INFO - [2026-04-30T18:04:14.887+0000] {dag.py:4180} INFO - Setting next_dagrun for orders_kafka_to_s3 to 2026-04-30 00:00:00+00:00, run_after=2026-05-01 00:00:00+00:00
[2026-04-30T18:04:14.914+0000] {processor.py:208} INFO - Processing /opt/airflow/dags/main.py took 0.494 seconds
[2026-04-30T18:04:45.288+0000] {processor.py:186} INFO - Started process (PID=572) to work on /opt/airflow/dags/main.py
[2026-04-30T18:04:45.289+0000] {processor.py:914} INFO - Processing file /opt/airflow/dags/main.py for tasks to queue
[2026-04-30T18:04:45.294+0000] {logging_mixin.py:190} INFO - [2026-04-30T18:04:45.293+0000] {dagbag.py:588} INFO - Filling up the DagBag from /opt/airflow/dags/main.py
[2026-04-30T18:04:45.458+0000] {processor.py:925} INFO - DAG(s) 'orders_kafka_to_s3' retrieved from /opt/airflow/dags/main.py
[2026-04-30T18:04:45.492+0000] {logging_mixin.py:190} INFO - [2026-04-30T18:04:45.492+0000] {dag.py:3239} INFO - Sync 1 DAGs
[2026-04-30T18:04:45.712+0000] {logging_mixin.py:190} INFO - [2026-04-30T18:04:45.712+0000] {dag.py:4180} INFO - Setting next_dagrun for orders_kafka_to_s3 to 2026-04-30 00:00:00+00:00, run_after=2026-05-01 00:00:00+00:00
[2026-04-30T18:04:45.757+0000] {processor.py:208} INFO - Processing /opt/airflow/dags/main.py took 0.480 seconds
[2026-04-30T18:05:16.670+0000] {processor.py:186} INFO - Started process (PID=579) to work on /opt/airflow/dags/main.py
[2026-04-30T18:05:16.672+0000] {processor.py:914} INFO - Processing file /opt/airflow/dags/main.py for tasks to queue
[2026-04-30T18:05:16.677+0000] {logging_mixin.py:190} INFO - [2026-04-30T18:05:16.676+0000] {dagbag.py:588} INFO - Filling up the DagBag from /opt/airflow/dags/main.py
[2026-04-30T18:05:16.818+0000] {processor.py:925} INFO - DAG(s) 'orders_kafka_to_s3' retrieved from /opt/airflow/dags/main.py
[2026-04-30T18:05:17.041+0000] {logging_mixin.py:190} INFO - [2026-04-30T18:05:17.040+0000] {dag.py:3239} INFO - Sync 1 DAGs
[2026-04-30T18:05:17.084+0000] {logging_mixin.py:190} INFO - [2026-04-30T18:05:17.084+0000] {dag.py:4180} INFO - Setting next_dagrun for orders_kafka_to_s3 to 2026-04-30 00:00:00+00:00, run_after=2026-05-01 00:00:00+00:00
[2026-04-30T18:05:17.113+0000] {processor.py:208} INFO - Processing /opt/airflow/dags/main.py took 0.456 seconds
[2026-04-30T18:05:47.540+0000] {processor.py:186} INFO - Started process (PID=586) to work on /opt/airflow/dags/main.py
[2026-04-30T18:05:47.542+0000] {processor.py:914} INFO - Processing file /opt/airflow/dags/main.py for tasks to queue
[2026-04-30T18:05:47.548+0000] {logging_mixin.py:190} INFO - [2026-04-30T18:05:47.547+0000] {dagbag.py:588} INFO - Filling up the DagBag from /opt/airflow/dags/main.py
[2026-04-30T18:05:47.953+0000] {processor.py:925} INFO - DAG(s) 'orders_kafka_to_s3' retrieved from /opt/airflow/dags/main.py
[2026-04-30T18:05:48.008+0000] {logging_mixin.py:190} INFO - [2026-04-30T18:05:48.008+0000] {dag.py:3239} INFO - Sync 1 DAGs
[2026-04-30T18:05:48.059+0000] {logging_mixin.py:190} INFO - [2026-04-30T18:05:48.059+0000] {dag.py:4180} INFO - Setting next_dagrun for orders_kafka_to_s3 to 2026-04-30 00:00:00+00:00, run_after=2026-05-01 00:00:00+00:00
[2026-04-30T18:05:48.087+0000] {processor.py:208} INFO - Processing /opt/airflow/dags/main.py took 0.564 seconds
[2026-04-30T18:06:18.749+0000] {processor.py:186} INFO - Started process (PID=593) to work on /opt/airflow/dags/main.py
[2026-04-30T18:06:18.751+0000] {processor.py:914} INFO - Processing file /opt/airflow/dags/main.py for tasks to queue
[2026-04-30T18:06:18.754+0000] {logging_mixin.py:190} INFO - [2026-04-30T18:06:18.754+0000] {dagbag.py:588} INFO - Filling up the DagBag from /opt/airflow/dags/main.py
[2026-04-30T18:06:19.159+0000] {processor.py:925} INFO - DAG(s) 'orders_kafka_to_s3' retrieved from /opt/airflow/dags/main.py
[2026-04-30T18:06:19.193+0000] {logging_mixin.py:190} INFO - [2026-04-30T18:06:19.192+0000] {dag.py:3239} INFO - Sync 1 DAGs
[2026-04-30T18:06:19.231+0000] {logging_mixin.py:190} INFO - [2026-04-30T18:06:19.231+0000] {dag.py:4180} INFO - Setting next_dagrun for orders_kafka_to_s3 to 2026-04-30 00:00:00+00:00, run_after=2026-05-01 00:00:00+00:00
[2026-04-30T18:06:19.279+0000] {processor.py:208} INFO - Processing /opt/airflow/dags/main.py took 0.542 seconds
[2026-04-30T18:06:49.517+0000] {processor.py:186} INFO - Started process (PID=601) to work on /opt/airflow/dags/main.py
[2026-04-30T18:06:49.519+0000] {processor.py:914} INFO - Processing file /opt/airflow/dags/main.py for tasks to queue
[2026-04-30T18:06:49.523+0000] {logging_mixin.py:190} INFO - [2026-04-30T18:06:49.522+0000] {dagbag.py:588} INFO - Filling up the DagBag from /opt/airflow/dags/main.py
[2026-04-30T18:06:49.878+0000] {processor.py:925} INFO - DAG(s) 'orders_kafka_to_s3' retrieved from /opt/airflow/dags/main.py
[2026-04-30T18:06:49.921+0000] {logging_mixin.py:190} INFO - [2026-04-30T18:06:49.921+0000] {dag.py:3239} INFO - Sync 1 DAGs
[2026-04-30T18:06:49.946+0000] {logging_mixin.py:190} INFO - [2026-04-30T18:06:49.946+0000] {dag.py:4180} INFO - Setting next_dagrun for orders_kafka_to_s3 to 2026-04-30 00:00:00+00:00, run_after=2026-05-01 00:00:00+00:00
[2026-04-30T18:06:49.970+0000] {processor.py:208} INFO - Processing /opt/airflow/dags/main.py took 0.463 seconds
[2026-04-30T18:07:20.257+0000] {processor.py:186} INFO - Started process (PID=613) to work on /opt/airflow/dags/main.py
[2026-04-30T18:07:20.258+0000] {processor.py:914} INFO - Processing file /opt/airflow/dags/main.py for tasks to queue
[2026-04-30T18:07:20.262+0000] {logging_mixin.py:190} INFO - [2026-04-30T18:07:20.261+0000] {dagbag.py:588} INFO - Filling up the DagBag from /opt/airflow/dags/main.py
[2026-04-30T18:07:20.411+0000] {processor.py:925} INFO - DAG(s) 'orders_kafka_to_s3' retrieved from /opt/airflow/dags/main.py
[2026-04-30T18:07:20.448+0000] {logging_mixin.py:190} INFO - [2026-04-30T18:07:20.447+0000] {dag.py:3239} INFO - Sync 1 DAGs
[2026-04-30T18:07:20.710+0000] {logging_mixin.py:190} INFO - [2026-04-30T18:07:20.710+0000] {dag.py:4180} INFO - Setting next_dagrun for orders_kafka_to_s3 to 2026-04-30 00:00:00+00:00, run_after=2026-05-01 00:00:00+00:00
[2026-04-30T18:07:20.736+0000] {processor.py:208} INFO - Processing /opt/airflow/dags/main.py took 0.486 seconds
[2026-04-30T18:07:51.044+0000] {processor.py:186} INFO - Started process (PID=620) to work on /opt/airflow/dags/main.py
[2026-04-30T18:07:51.047+0000] {processor.py:914} INFO - Processing file /opt/airflow/dags/main.py for tasks to queue
[2026-04-30T18:07:51.053+0000] {logging_mixin.py:190} INFO - [2026-04-30T18:07:51.053+0000] {dagbag.py:588} INFO - Filling up the DagBag from /opt/airflow/dags/main.py
[2026-04-30T18:07:51.256+0000] {processor.py:925} INFO - DAG(s) 'orders_kafka_to_s3' retrieved from /opt/airflow/dags/main.py
[2026-04-30T18:07:51.525+0000] {logging_mixin.py:190} INFO - [2026-04-30T18:07:51.525+0000] {dag.py:3239} INFO - Sync 1 DAGs
[2026-04-30T18:07:51.567+0000] {logging_mixin.py:190} INFO - [2026-04-30T18:07:51.566+0000] {dag.py:4180} INFO - Setting next_dagrun for orders_kafka_to_s3 to 2026-04-30 00:00:00+00:00, run_after=2026-05-01 00:00:00+00:00
[2026-04-30T18:07:51.598+0000] {processor.py:208} INFO - Processing /opt/airflow/dags/main.py took 0.567 seconds
[2026-04-30T18:08:21.780+0000] {processor.py:186} INFO - Started process (PID=628) to work on /opt/airflow/dags/main.py
[2026-04-30T18:08:21.783+0000] {processor.py:914} INFO - Processing file /opt/airflow/dags/main.py for tasks to queue
[2026-04-30T18:08:21.791+0000] {logging_mixin.py:190} INFO - [2026-04-30T18:08:21.789+0000] {dagbag.py:588} INFO - Filling up the DagBag from /opt/airflow/dags/main.py
[2026-04-30T18:08:21.991+0000] {processor.py:925} INFO - DAG(s) 'orders_kafka_to_s3' retrieved from /opt/airflow/dags/main.py
[2026-04-30T18:08:22.262+0000] {logging_mixin.py:190} INFO - [2026-04-30T18:08:22.261+0000] {dag.py:3239} INFO - Sync 1 DAGs
[2026-04-30T18:08:22.305+0000] {logging_mixin.py:190} INFO - [2026-04-30T18:08:22.305+0000] {dag.py:4180} INFO - Setting next_dagrun for orders_kafka_to_s3 to 2026-04-30 00:00:00+00:00, run_after=2026-05-01 00:00:00+00:00
[2026-04-30T18:08:22.341+0000] {processor.py:208} INFO - Processing /opt/airflow/dags/main.py took 0.580 seconds
[2026-04-30T18:08:52.561+0000] {processor.py:186} INFO - Started process (PID=635) to work on /opt/airflow/dags/main.py
[2026-04-30T18:08:52.563+0000] {processor.py:914} INFO - Processing file /opt/airflow/dags/main.py for tasks to queue
[2026-04-30T18:08:52.567+0000] {logging_mixin.py:190} INFO - [2026-04-30T18:08:52.567+0000] {dagbag.py:588} INFO - Filling up the DagBag from /opt/airflow/dags/main.py
[2026-04-30T18:08:52.957+0000] {processor.py:925} INFO - DAG(s) 'orders_kafka_to_s3' retrieved from /opt/airflow/dags/main.py
[2026-04-30T18:08:53.006+0000] {logging_mixin.py:190} INFO - [2026-04-30T18:08:53.006+0000] {dag.py:3239} INFO - Sync 1 DAGs
[2026-04-30T18:08:53.040+0000] {logging_mixin.py:190} INFO - [2026-04-30T18:08:53.040+0000] {dag.py:4180} INFO - Setting next_dagrun for orders_kafka_to_s3 to 2026-04-30 00:00:00+00:00, run_after=2026-05-01 00:00:00+00:00
[2026-04-30T18:08:53.071+0000] {processor.py:208} INFO - Processing /opt/airflow/dags/main.py took 0.527 seconds
[2026-04-30T18:09:23.964+0000] {processor.py:186} INFO - Started process (PID=642) to work on /opt/airflow/dags/main.py
[2026-04-30T18:09:23.966+0000] {processor.py:914} INFO - Processing file /opt/airflow/dags/main.py for tasks to queue
[2026-04-30T18:09:23.972+0000] {logging_mixin.py:190} INFO - [2026-04-30T18:09:23.971+0000] {dagbag.py:588} INFO - Filling up the DagBag from /opt/airflow/dags/main.py
[2026-04-30T18:09:24.385+0000] {processor.py:925} INFO - DAG(s) 'orders_kafka_to_s3' retrieved from /opt/airflow/dags/main.py
[2026-04-30T18:09:24.419+0000] {logging_mixin.py:190} INFO - [2026-04-30T18:09:24.419+0000] {dag.py:3239} INFO - Sync 1 DAGs
[2026-04-30T18:09:24.450+0000] {logging_mixin.py:190} INFO - [2026-04-30T18:09:24.450+0000] {dag.py:4180} INFO - Setting next_dagrun for orders_kafka_to_s3 to 2026-04-30 00:00:00+00:00, run_after=2026-05-01 00:00:00+00:00
[2026-04-30T18:09:24.480+0000] {processor.py:208} INFO - Processing /opt/airflow/dags/main.py took 0.528 seconds
[2026-04-30T18:09:54.738+0000] {processor.py:186} INFO - Started process (PID=649) to work on /opt/airflow/dags/main.py
[2026-04-30T18:09:54.740+0000] {processor.py:914} INFO - Processing file /opt/airflow/dags/main.py for tasks to queue
[2026-04-30T18:09:54.746+0000] {logging_mixin.py:190} INFO - [2026-04-30T18:09:54.745+0000] {dagbag.py:588} INFO - Filling up the DagBag from /opt/airflow/dags/main.py
[2026-04-30T18:09:55.190+0000] {processor.py:925} INFO - DAG(s) 'orders_kafka_to_s3' retrieved from /opt/airflow/dags/main.py
[2026-04-30T18:09:55.221+0000] {logging_mixin.py:190} INFO - [2026-04-30T18:09:55.220+0000] {dag.py:3239} INFO - Sync 1 DAGs
[2026-04-30T18:09:55.251+0000] {logging_mixin.py:190} INFO - [2026-04-30T18:09:55.250+0000] {dag.py:4180} INFO - Setting next_dagrun for orders_kafka_to_s3 to 2026-04-30 00:00:00+00:00, run_after=2026-05-01 00:00:00+00:00
[2026-04-30T18:09:55.275+0000] {processor.py:208} INFO - Processing /opt/airflow/dags/main.py took 0.553 seconds
[2026-04-30T18:10:24.825+0000] {processor.py:186} INFO - Started process (PID=656) to work on /opt/airflow/dags/main.py
[2026-04-30T18:10:24.830+0000] {processor.py:914} INFO - Processing file /opt/airflow/dags/main.py for tasks to queue
[2026-04-30T18:10:24.844+0000] {logging_mixin.py:190} INFO - [2026-04-30T18:10:24.842+0000] {dagbag.py:588} INFO - Filling up the DagBag from /opt/airflow/dags/main.py
[2026-04-30T18:10:25.217+0000] {processor.py:925} INFO - DAG(s) 'orders_kafka_to_s3' retrieved from /opt/airflow/dags/main.py
[2026-04-30T18:10:25.254+0000] {logging_mixin.py:190} INFO - [2026-04-30T18:10:25.254+0000] {dag.py:3239} INFO - Sync 1 DAGs
[2026-04-30T18:10:25.524+0000] {logging_mixin.py:190} INFO - [2026-04-30T18:10:25.523+0000] {dag.py:4180} INFO - Setting next_dagrun for orders_kafka_to_s3 to 2026-04-30 00:00:00+00:00, run_after=2026-05-01 00:00:00+00:00
[2026-04-30T18:10:25.555+0000] {processor.py:208} INFO - Processing /opt/airflow/dags/main.py took 0.764 seconds
[2026-04-30T18:10:56.554+0000] {processor.py:186} INFO - Started process (PID=662) to work on /opt/airflow/dags/main.py
[2026-04-30T18:10:56.557+0000] {processor.py:914} INFO - Processing file /opt/airflow/dags/main.py for tasks to queue
[2026-04-30T18:10:56.562+0000] {logging_mixin.py:190} INFO - [2026-04-30T18:10:56.561+0000] {dagbag.py:588} INFO - Filling up the DagBag from /opt/airflow/dags/main.py
[2026-04-30T18:10:56.806+0000] {processor.py:925} INFO - DAG(s) 'orders_kafka_to_s3' retrieved from /opt/airflow/dags/main.py
[2026-04-30T18:10:57.078+0000] {logging_mixin.py:190} INFO - [2026-04-30T18:10:57.078+0000] {dag.py:3239} INFO - Sync 1 DAGs
[2026-04-30T18:10:57.114+0000] {logging_mixin.py:190} INFO - [2026-04-30T18:10:57.113+0000] {dag.py:4180} INFO - Setting next_dagrun for orders_kafka_to_s3 to 2026-04-30 00:00:00+00:00, run_after=2026-05-01 00:00:00+00:00
[2026-04-30T18:10:57.146+0000] {processor.py:208} INFO - Processing /opt/airflow/dags/main.py took 0.610 seconds
[2026-04-30T18:11:27.309+0000] {processor.py:186} INFO - Started process (PID=669) to work on /opt/airflow/dags/main.py
[2026-04-30T18:11:27.311+0000] {processor.py:914} INFO - Processing file /opt/airflow/dags/main.py for tasks to queue
[2026-04-30T18:11:27.315+0000] {logging_mixin.py:190} INFO - [2026-04-30T18:11:27.314+0000] {dagbag.py:588} INFO - Filling up the DagBag from /opt/airflow/dags/main.py
[2026-04-30T18:11:27.711+0000] {processor.py:925} INFO - DAG(s) 'orders_kafka_to_s3' retrieved from /opt/airflow/dags/main.py
[2026-04-30T18:11:27.752+0000] {logging_mixin.py:190} INFO - [2026-04-30T18:11:27.752+0000] {dag.py:3239} INFO - Sync 1 DAGs
[2026-04-30T18:11:27.795+0000] {logging_mixin.py:190} INFO - [2026-04-30T18:11:27.794+0000] {dag.py:4180} INFO - Setting next_dagrun for orders_kafka_to_s3 to 2026-04-30 00:00:00+00:00, run_after=2026-05-01 00:00:00+00:00
[2026-04-30T18:11:27.824+0000] {processor.py:208} INFO - Processing /opt/airflow/dags/main.py took 0.524 seconds
[2026-04-30T18:11:58.150+0000] {processor.py:186} INFO - Started process (PID=675) to work on /opt/airflow/dags/main.py
[2026-04-30T18:11:58.152+0000] {processor.py:914} INFO - Processing file /opt/airflow/dags/main.py for tasks to queue
[2026-04-30T18:11:58.156+0000] {logging_mixin.py:190} INFO - [2026-04-30T18:11:58.156+0000] {dagbag.py:588} INFO - Filling up the DagBag from /opt/airflow/dags/main.py
[2026-04-30T18:11:58.542+0000] {processor.py:925} INFO - DAG(s) 'orders_kafka_to_s3' retrieved from /opt/airflow/dags/main.py
[2026-04-30T18:11:58.580+0000] {logging_mixin.py:190} INFO - [2026-04-30T18:11:58.580+0000] {dag.py:3239} INFO - Sync 1 DAGs
[2026-04-30T18:11:58.612+0000] {logging_mixin.py:190} INFO - [2026-04-30T18:11:58.611+0000] {dag.py:4180} INFO - Setting next_dagrun for orders_kafka_to_s3 to 2026-04-30 00:00:00+00:00, run_after=2026-05-01 00:00:00+00:00
[2026-04-30T18:11:58.644+0000] {processor.py:208} INFO - Processing /opt/airflow/dags/main.py took 0.511 seconds
[2026-04-30T18:12:29.555+0000] {processor.py:186} INFO - Started process (PID=681) to work on /opt/airflow/dags/main.py
[2026-04-30T18:12:29.557+0000] {processor.py:914} INFO - Processing file /opt/airflow/dags/main.py for tasks to queue
[2026-04-30T18:12:29.561+0000] {logging_mixin.py:190} INFO - [2026-04-30T18:12:29.561+0000] {dagbag.py:588} INFO - Filling up the DagBag from /opt/airflow/dags/main.py
[2026-04-30T18:12:30.037+0000] {processor.py:925} INFO - DAG(s) 'orders_kafka_to_s3' retrieved from /opt/airflow/dags/main.py
[2026-04-30T18:12:30.089+0000] {logging_mixin.py:190} INFO - [2026-04-30T18:12:30.088+0000] {dag.py:3239} INFO - Sync 1 DAGs
[2026-04-30T18:12:30.122+0000] {logging_mixin.py:190} INFO - [2026-04-30T18:12:30.122+0000] {dag.py:4180} INFO - Setting next_dagrun for orders_kafka_to_s3 to 2026-04-30 00:00:00+00:00, run_after=2026-05-01 00:00:00+00:00
[2026-04-30T18:12:30.151+0000] {processor.py:208} INFO - Processing /opt/airflow/dags/main.py took 0.608 seconds
[2026-04-30T18:13:00.375+0000] {processor.py:186} INFO - Started process (PID=688) to work on /opt/airflow/dags/main.py
[2026-04-30T18:13:00.380+0000] {processor.py:914} INFO - Processing file /opt/airflow/dags/main.py for tasks to queue
[2026-04-30T18:13:00.390+0000] {logging_mixin.py:190} INFO - [2026-04-30T18:13:00.389+0000] {dagbag.py:588} INFO - Filling up the DagBag from /opt/airflow/dags/main.py
[2026-04-30T18:13:00.654+0000] {processor.py:925} INFO - DAG(s) 'orders_kafka_to_s3' retrieved from /opt/airflow/dags/main.py
[2026-04-30T18:13:00.687+0000] {logging_mixin.py:190} INFO - [2026-04-30T18:13:00.687+0000] {dag.py:3239} INFO - Sync 1 DAGs
[2026-04-30T18:13:00.966+0000] {logging_mixin.py:190} INFO - [2026-04-30T18:13:00.965+0000] {dag.py:4180} INFO - Setting next_dagrun for orders_kafka_to_s3 to 2026-04-30 00:00:00+00:00, run_after=2026-05-01 00:00:00+00:00
[2026-04-30T18:13:00.998+0000] {processor.py:208} INFO - Processing /opt/airflow/dags/main.py took 0.652 seconds
[2026-04-30T18:13:31.860+0000] {processor.py:186} INFO - Started process (PID=696) to work on /opt/airflow/dags/main.py
[2026-04-30T18:13:31.862+0000] {processor.py:914} INFO - Processing file /opt/airflow/dags/main.py for tasks to queue
[2026-04-30T18:13:31.866+0000] {logging_mixin.py:190} INFO - [2026-04-30T18:13:31.866+0000] {dagbag.py:588} INFO - Filling up the DagBag from /opt/airflow/dags/main.py
[2026-04-30T18:13:32.037+0000] {processor.py:925} INFO - DAG(s) 'orders_kafka_to_s3' retrieved from /opt/airflow/dags/main.py
[2026-04-30T18:13:32.343+0000] {logging_mixin.py:190} INFO - [2026-04-30T18:13:32.342+0000] {dag.py:3239} INFO - Sync 1 DAGs
[2026-04-30T18:13:32.393+0000] {logging_mixin.py:190} INFO - [2026-04-30T18:13:32.393+0000] {dag.py:4180} INFO - Setting next_dagrun for orders_kafka_to_s3 to 2026-04-30 00:00:00+00:00, run_after=2026-05-01 00:00:00+00:00
[2026-04-30T18:13:32.427+0000] {processor.py:208} INFO - Processing /opt/airflow/dags/main.py took 0.575 seconds
[2026-04-30T18:14:02.652+0000] {processor.py:186} INFO - Started process (PID=703) to work on /opt/airflow/dags/main.py
[2026-04-30T18:14:02.654+0000] {processor.py:914} INFO - Processing file /opt/airflow/dags/main.py for tasks to queue
[2026-04-30T18:14:02.660+0000] {logging_mixin.py:190} INFO - [2026-04-30T18:14:02.659+0000] {dagbag.py:588} INFO - Filling up the DagBag from /opt/airflow/dags/main.py
[2026-04-30T18:14:02.863+0000] {processor.py:925} INFO - DAG(s) 'orders_kafka_to_s3' retrieved from /opt/airflow/dags/main.py
[2026-04-30T18:14:03.116+0000] {logging_mixin.py:190} INFO - [2026-04-30T18:14:03.115+0000] {dag.py:3239} INFO - Sync 1 DAGs
[2026-04-30T18:14:03.155+0000] {logging_mixin.py:190} INFO - [2026-04-30T18:14:03.154+0000] {dag.py:4180} INFO - Setting next_dagrun for orders_kafka_to_s3 to 2026-04-30 00:00:00+00:00, run_after=2026-05-01 00:00:00+00:00
[2026-04-30T18:14:03.194+0000] {processor.py:208} INFO - Processing /opt/airflow/dags/main.py took 0.557 seconds
[2026-04-30T18:14:33.700+0000] {processor.py:186} INFO - Started process (PID=710) to work on /opt/airflow/dags/main.py
[2026-04-30T18:14:33.702+0000] {processor.py:914} INFO - Processing file /opt/airflow/dags/main.py for tasks to queue
[2026-04-30T18:14:33.705+0000] {logging_mixin.py:190} INFO - [2026-04-30T18:14:33.705+0000] {dagbag.py:588} INFO - Filling up the DagBag from /opt/airflow/dags/main.py
[2026-04-30T18:14:34.089+0000] {processor.py:925} INFO - DAG(s) 'orders_kafka_to_s3' retrieved from /opt/airflow/dags/main.py
[2026-04-30T18:14:34.145+0000] {logging_mixin.py:190} INFO - [2026-04-30T18:14:34.144+0000] {dag.py:3239} INFO - Sync 1 DAGs
[2026-04-30T18:14:34.200+0000] {logging_mixin.py:190} INFO - [2026-04-30T18:14:34.199+0000] {dag.py:4180} INFO - Setting next_dagrun for orders_kafka_to_s3 to 2026-04-30 00:00:00+00:00, run_after=2026-05-01 00:00:00+00:00
[2026-04-30T18:14:34.247+0000] {processor.py:208} INFO - Processing /opt/airflow/dags/main.py took 0.556 seconds
[2026-04-30T18:15:04.624+0000] {processor.py:186} INFO - Started process (PID=717) to work on /opt/airflow/dags/main.py
[2026-04-30T18:15:04.627+0000] {processor.py:914} INFO - Processing file /opt/airflow/dags/main.py for tasks to queue
[2026-04-30T18:15:04.633+0000] {logging_mixin.py:190} INFO - [2026-04-30T18:15:04.632+0000] {dagbag.py:588} INFO - Filling up the DagBag from /opt/airflow/dags/main.py
[2026-04-30T18:15:05.064+0000] {processor.py:925} INFO - DAG(s) 'orders_kafka_to_s3' retrieved from /opt/airflow/dags/main.py
[2026-04-30T18:15:05.103+0000] {logging_mixin.py:190} INFO - [2026-04-30T18:15:05.102+0000] {dag.py:3239} INFO - Sync 1 DAGs
[2026-04-30T18:15:05.161+0000] {logging_mixin.py:190} INFO - [2026-04-30T18:15:05.160+0000] {dag.py:4180} INFO - Setting next_dagrun for orders_kafka_to_s3 to 2026-04-30 00:00:00+00:00, run_after=2026-05-01 00:00:00+00:00
[2026-04-30T18:15:05.201+0000] {processor.py:208} INFO - Processing /opt/airflow/dags/main.py took 0.595 seconds
[2026-04-30T18:15:35.472+0000] {processor.py:186} INFO - Started process (PID=725) to work on /opt/airflow/dags/main.py
[2026-04-30T18:15:35.475+0000] {processor.py:914} INFO - Processing file /opt/airflow/dags/main.py for tasks to queue
[2026-04-30T18:15:35.483+0000] {logging_mixin.py:190} INFO - [2026-04-30T18:15:35.482+0000] {dagbag.py:588} INFO - Filling up the DagBag from /opt/airflow/dags/main.py
[2026-04-30T18:15:35.909+0000] {processor.py:925} INFO - DAG(s) 'orders_kafka_to_s3' retrieved from /opt/airflow/dags/main.py
[2026-04-30T18:15:35.958+0000] {logging_mixin.py:190} INFO - [2026-04-30T18:15:35.958+0000] {dag.py:3239} INFO - Sync 1 DAGs
[2026-04-30T18:15:36.010+0000] {logging_mixin.py:190} INFO - [2026-04-30T18:15:36.009+0000] {dag.py:4180} INFO - Setting next_dagrun for orders_kafka_to_s3 to 2026-04-30 00:00:00+00:00, run_after=2026-05-01 00:00:00+00:00
[2026-04-30T18:15:36.055+0000] {processor.py:208} INFO - Processing /opt/airflow/dags/main.py took 0.591 seconds
[2026-04-30T18:16:06.350+0000] {processor.py:186} INFO - Started process (PID=732) to work on /opt/airflow/dags/main.py
[2026-04-30T18:16:06.353+0000] {processor.py:914} INFO - Processing file /opt/airflow/dags/main.py for tasks to queue
[2026-04-30T18:16:06.359+0000] {logging_mixin.py:190} INFO - [2026-04-30T18:16:06.358+0000] {dagbag.py:588} INFO - Filling up the DagBag from /opt/airflow/dags/main.py
[2026-04-30T18:16:06.571+0000] {processor.py:925} INFO - DAG(s) 'orders_kafka_to_s3' retrieved from /opt/airflow/dags/main.py
[2026-04-30T18:16:06.608+0000] {logging_mixin.py:190} INFO - [2026-04-30T18:16:06.608+0000] {dag.py:3239} INFO - Sync 1 DAGs
[2026-04-30T18:16:06.836+0000] {logging_mixin.py:190} INFO - [2026-04-30T18:16:06.835+0000] {dag.py:4180} INFO - Setting next_dagrun for orders_kafka_to_s3 to 2026-04-30 00:00:00+00:00, run_after=2026-05-01 00:00:00+00:00
[2026-04-30T18:16:06.879+0000] {processor.py:208} INFO - Processing /opt/airflow/dags/main.py took 0.543 seconds
[2026-04-30T18:16:37.658+0000] {processor.py:186} INFO - Started process (PID=739) to work on /opt/airflow/dags/main.py
[2026-04-30T18:16:37.659+0000] {processor.py:914} INFO - Processing file /opt/airflow/dags/main.py for tasks to queue
[2026-04-30T18:16:37.664+0000] {logging_mixin.py:190} INFO - [2026-04-30T18:16:37.663+0000] {dagbag.py:588} INFO - Filling up the DagBag from /opt/airflow/dags/main.py
[2026-04-30T18:16:37.850+0000] {processor.py:925} INFO - DAG(s) 'orders_kafka_to_s3' retrieved from /opt/airflow/dags/main.py
[2026-04-30T18:16:39.410+0000] {logging_mixin.py:190} INFO - [2026-04-30T18:16:39.410+0000] {dag.py:3239} INFO - Sync 1 DAGs
[2026-04-30T18:16:39.566+0000] {logging_mixin.py:190} INFO - [2026-04-30T18:16:39.565+0000] {dag.py:4180} INFO - Setting next_dagrun for orders_kafka_to_s3 to 2026-04-30 00:00:00+00:00, run_after=2026-05-01 00:00:00+00:00
[2026-04-30T18:16:39.655+0000] {processor.py:208} INFO - Processing /opt/airflow/dags/main.py took 2.005 seconds
[2026-04-30T18:17:10.122+0000] {processor.py:186} INFO - Started process (PID=752) to work on /opt/airflow/dags/main.py
[2026-04-30T18:17:10.123+0000] {processor.py:914} INFO - Processing file /opt/airflow/dags/main.py for tasks to queue
[2026-04-30T18:17:10.126+0000] {logging_mixin.py:190} INFO - [2026-04-30T18:17:10.126+0000] {dagbag.py:588} INFO - Filling up the DagBag from /opt/airflow/dags/main.py
[2026-04-30T18:17:10.752+0000] {processor.py:925} INFO - DAG(s) 'orders_kafka_to_s3' retrieved from /opt/airflow/dags/main.py
[2026-04-30T18:17:10.781+0000] {logging_mixin.py:190} INFO - [2026-04-30T18:17:10.781+0000] {dag.py:3239} INFO - Sync 1 DAGs
[2026-04-30T18:17:10.808+0000] {logging_mixin.py:190} INFO - [2026-04-30T18:17:10.808+0000] {dag.py:4180} INFO - Setting next_dagrun for orders_kafka_to_s3 to 2026-04-30 00:00:00+00:00, run_after=2026-05-01 00:00:00+00:00
[2026-04-30T18:17:10.833+0000] {processor.py:208} INFO - Processing /opt/airflow/dags/main.py took 0.719 seconds
[2026-04-30T18:17:41.307+0000] {processor.py:186} INFO - Started process (PID=759) to work on /opt/airflow/dags/main.py
[2026-04-30T18:17:41.310+0000] {processor.py:914} INFO - Processing file /opt/airflow/dags/main.py for tasks to queue
[2026-04-30T18:17:41.316+0000] {logging_mixin.py:190} INFO - [2026-04-30T18:17:41.315+0000] {dagbag.py:588} INFO - Filling up the DagBag from /opt/airflow/dags/main.py
[2026-04-30T18:17:41.687+0000] {processor.py:925} INFO - DAG(s) 'orders_kafka_to_s3' retrieved from /opt/airflow/dags/main.py
[2026-04-30T18:17:41.740+0000] {logging_mixin.py:190} INFO - [2026-04-30T18:17:41.740+0000] {dag.py:3239} INFO - Sync 1 DAGs
[2026-04-30T18:17:41.773+0000] {logging_mixin.py:190} INFO - [2026-04-30T18:17:41.772+0000] {dag.py:4180} INFO - Setting next_dagrun for orders_kafka_to_s3 to 2026-04-30 00:00:00+00:00, run_after=2026-05-01 00:00:00+00:00
[2026-04-30T18:17:41.800+0000] {processor.py:208} INFO - Processing /opt/airflow/dags/main.py took 0.524 seconds
[2026-04-30T18:18:12.130+0000] {processor.py:186} INFO - Started process (PID=766) to work on /opt/airflow/dags/main.py
[2026-04-30T18:18:12.132+0000] {processor.py:914} INFO - Processing file /opt/airflow/dags/main.py for tasks to queue
[2026-04-30T18:18:12.137+0000] {logging_mixin.py:190} INFO - [2026-04-30T18:18:12.136+0000] {dagbag.py:588} INFO - Filling up the DagBag from /opt/airflow/dags/main.py
[2026-04-30T18:18:12.535+0000] {processor.py:925} INFO - DAG(s) 'orders_kafka_to_s3' retrieved from /opt/airflow/dags/main.py
[2026-04-30T18:18:12.575+0000] {logging_mixin.py:190} INFO - [2026-04-30T18:18:12.574+0000] {dag.py:3239} INFO - Sync 1 DAGs
[2026-04-30T18:18:12.605+0000] {logging_mixin.py:190} INFO - [2026-04-30T18:18:12.604+0000] {dag.py:4180} INFO - Setting next_dagrun for orders_kafka_to_s3 to 2026-04-30 00:00:00+00:00, run_after=2026-05-01 00:00:00+00:00
[2026-04-30T18:18:12.629+0000] {processor.py:208} INFO - Processing /opt/airflow/dags/main.py took 0.509 seconds
[2026-04-30T18:18:43.041+0000] {processor.py:186} INFO - Started process (PID=773) to work on /opt/airflow/dags/main.py
[2026-04-30T18:18:43.043+0000] {processor.py:914} INFO - Processing file /opt/airflow/dags/main.py for tasks to queue
[2026-04-30T18:18:43.051+0000] {logging_mixin.py:190} INFO - [2026-04-30T18:18:43.050+0000] {dagbag.py:588} INFO - Filling up the DagBag from /opt/airflow/dags/main.py
[2026-04-30T18:18:43.262+0000] {processor.py:925} INFO - DAG(s) 'orders_kafka_to_s3' retrieved from /opt/airflow/dags/main.py
[2026-04-30T18:18:43.307+0000] {logging_mixin.py:190} INFO - [2026-04-30T18:18:43.307+0000] {dag.py:3239} INFO - Sync 1 DAGs
[2026-04-30T18:18:43.571+0000] {logging_mixin.py:190} INFO - [2026-04-30T18:18:43.571+0000] {dag.py:4180} INFO - Setting next_dagrun for orders_kafka_to_s3 to 2026-04-30 00:00:00+00:00, run_after=2026-05-01 00:00:00+00:00
[2026-04-30T18:18:43.604+0000] {processor.py:208} INFO - Processing /opt/airflow/dags/main.py took 0.582 seconds
[2026-04-30T18:19:14.320+0000] {processor.py:186} INFO - Started process (PID=780) to work on /opt/airflow/dags/main.py
[2026-04-30T18:19:14.322+0000] {processor.py:914} INFO - Processing file /opt/airflow/dags/main.py for tasks to queue
[2026-04-30T18:19:14.327+0000] {logging_mixin.py:190} INFO - [2026-04-30T18:19:14.326+0000] {dagbag.py:588} INFO - Filling up the DagBag from /opt/airflow/dags/main.py
[2026-04-30T18:19:14.512+0000] {processor.py:925} INFO - DAG(s) 'orders_kafka_to_s3' retrieved from /opt/airflow/dags/main.py
[2026-04-30T18:19:14.743+0000] {logging_mixin.py:190} INFO - [2026-04-30T18:19:14.742+0000] {dag.py:3239} INFO - Sync 1 DAGs
[2026-04-30T18:19:14.792+0000] {logging_mixin.py:190} INFO - [2026-04-30T18:19:14.792+0000] {dag.py:4180} INFO - Setting next_dagrun for orders_kafka_to_s3 to 2026-04-30 00:00:00+00:00, run_after=2026-05-01 00:00:00+00:00
[2026-04-30T18:19:14.836+0000] {processor.py:208} INFO - Processing /opt/airflow/dags/main.py took 0.529 seconds
[2026-04-30T18:19:45.474+0000] {processor.py:186} INFO - Started process (PID=787) to work on /opt/airflow/dags/main.py
[2026-04-30T18:19:45.476+0000] {processor.py:914} INFO - Processing file /opt/airflow/dags/main.py for tasks to queue
[2026-04-30T18:19:45.479+0000] {logging_mixin.py:190} INFO - [2026-04-30T18:19:45.479+0000] {dagbag.py:588} INFO - Filling up the DagBag from /opt/airflow/dags/main.py
[2026-04-30T18:19:45.625+0000] {processor.py:925} INFO - DAG(s) 'orders_kafka_to_s3' retrieved from /opt/airflow/dags/main.py
[2026-04-30T18:19:45.893+0000] {logging_mixin.py:190} INFO - [2026-04-30T18:19:45.892+0000] {dag.py:3239} INFO - Sync 1 DAGs
[2026-04-30T18:19:45.926+0000] {logging_mixin.py:190} INFO - [2026-04-30T18:19:45.926+0000] {dag.py:4180} INFO - Setting next_dagrun for orders_kafka_to_s3 to 2026-04-30 00:00:00+00:00, run_after=2026-05-01 00:00:00+00:00
[2026-04-30T18:19:45.954+0000] {processor.py:208} INFO - Processing /opt/airflow/dags/main.py took 0.491 seconds
[2026-04-30T18:20:16.666+0000] {processor.py:186} INFO - Started process (PID=794) to work on /opt/airflow/dags/main.py
[2026-04-30T18:20:16.667+0000] {processor.py:914} INFO - Processing file /opt/airflow/dags/main.py for tasks to queue
[2026-04-30T18:20:16.672+0000] {logging_mixin.py:190} INFO - [2026-04-30T18:20:16.671+0000] {dagbag.py:588} INFO - Filling up the DagBag from /opt/airflow/dags/main.py
[2026-04-30T18:20:17.084+0000] {processor.py:925} INFO - DAG(s) 'orders_kafka_to_s3' retrieved from /opt/airflow/dags/main.py
[2026-04-30T18:20:17.119+0000] {logging_mixin.py:190} INFO - [2026-04-30T18:20:17.118+0000] {dag.py:3239} INFO - Sync 1 DAGs
[2026-04-30T18:20:17.150+0000] {logging_mixin.py:190} INFO - [2026-04-30T18:20:17.150+0000] {dag.py:4180} INFO - Setting next_dagrun for orders_kafka_to_s3 to 2026-04-30 00:00:00+00:00, run_after=2026-05-01 00:00:00+00:00
[2026-04-30T18:20:17.195+0000] {processor.py:208} INFO - Processing /opt/airflow/dags/main.py took 0.538 seconds
[2026-04-30T18:20:47.877+0000] {processor.py:186} INFO - Started process (PID=801) to work on /opt/airflow/dags/main.py
[2026-04-30T18:20:47.879+0000] {processor.py:914} INFO - Processing file /opt/airflow/dags/main.py for tasks to queue
[2026-04-30T18:20:47.886+0000] {logging_mixin.py:190} INFO - [2026-04-30T18:20:47.885+0000] {dagbag.py:588} INFO - Filling up the DagBag from /opt/airflow/dags/main.py
[2026-04-30T18:20:48.342+0000] {processor.py:925} INFO - DAG(s) 'orders_kafka_to_s3' retrieved from /opt/airflow/dags/main.py
[2026-04-30T18:20:48.397+0000] {logging_mixin.py:190} INFO - [2026-04-30T18:20:48.397+0000] {dag.py:3239} INFO - Sync 1 DAGs
[2026-04-30T18:20:48.454+0000] {logging_mixin.py:190} INFO - [2026-04-30T18:20:48.454+0000] {dag.py:4180} INFO - Setting next_dagrun for orders_kafka_to_s3 to 2026-04-30 00:00:00+00:00, run_after=2026-05-01 00:00:00+00:00
[2026-04-30T18:20:48.500+0000] {processor.py:208} INFO - Processing /opt/airflow/dags/main.py took 0.639 seconds
[2026-04-30T18:21:18.987+0000] {processor.py:186} INFO - Started process (PID=807) to work on /opt/airflow/dags/main.py
[2026-04-30T18:21:18.995+0000] {processor.py:914} INFO - Processing file /opt/airflow/dags/main.py for tasks to queue
[2026-04-30T18:21:19.011+0000] {logging_mixin.py:190} INFO - [2026-04-30T18:21:19.010+0000] {dagbag.py:588} INFO - Filling up the DagBag from /opt/airflow/dags/main.py
[2026-04-30T18:21:19.541+0000] {processor.py:925} INFO - DAG(s) 'orders_kafka_to_s3' retrieved from /opt/airflow/dags/main.py
[2026-04-30T18:21:19.571+0000] {logging_mixin.py:190} INFO - [2026-04-30T18:21:19.570+0000] {dag.py:3239} INFO - Sync 1 DAGs
[2026-04-30T18:21:19.599+0000] {logging_mixin.py:190} INFO - [2026-04-30T18:21:19.599+0000] {dag.py:4180} INFO - Setting next_dagrun for orders_kafka_to_s3 to 2026-04-30 00:00:00+00:00, run_after=2026-05-01 00:00:00+00:00
[2026-04-30T18:21:19.624+0000] {processor.py:208} INFO - Processing /opt/airflow/dags/main.py took 0.675 seconds
[2026-04-30T18:21:49.795+0000] {processor.py:186} INFO - Started process (PID=814) to work on /opt/airflow/dags/main.py
[2026-04-30T18:21:49.798+0000] {processor.py:914} INFO - Processing file /opt/airflow/dags/main.py for tasks to queue
[2026-04-30T18:21:49.804+0000] {logging_mixin.py:190} INFO - [2026-04-30T18:21:49.803+0000] {dagbag.py:588} INFO - Filling up the DagBag from /opt/airflow/dags/main.py
[2026-04-30T18:21:49.985+0000] {processor.py:925} INFO - DAG(s) 'orders_kafka_to_s3' retrieved from /opt/airflow/dags/main.py
[2026-04-30T18:21:50.022+0000] {logging_mixin.py:190} INFO - [2026-04-30T18:21:50.022+0000] {dag.py:3239} INFO - Sync 1 DAGs
[2026-04-30T18:21:50.287+0000] {logging_mixin.py:190} INFO - [2026-04-30T18:21:50.287+0000] {dag.py:4180} INFO - Setting next_dagrun for orders_kafka_to_s3 to 2026-04-30 00:00:00+00:00, run_after=2026-05-01 00:00:00+00:00
[2026-04-30T18:21:50.333+0000] {processor.py:208} INFO - Processing /opt/airflow/dags/main.py took 0.553 seconds
[2026-04-30T18:22:20.821+0000] {processor.py:186} INFO - Started process (PID=821) to work on /opt/airflow/dags/main.py
[2026-04-30T18:22:20.823+0000] {processor.py:914} INFO - Processing file /opt/airflow/dags/main.py for tasks to queue
[2026-04-30T18:22:20.829+0000] {logging_mixin.py:190} INFO - [2026-04-30T18:22:20.829+0000] {dagbag.py:588} INFO - Filling up the DagBag from /opt/airflow/dags/main.py
[2026-04-30T18:22:21.054+0000] {processor.py:925} INFO - DAG(s) 'orders_kafka_to_s3' retrieved from /opt/airflow/dags/main.py
[2026-04-30T18:22:21.304+0000] {logging_mixin.py:190} INFO - [2026-04-30T18:22:21.303+0000] {dag.py:3239} INFO - Sync 1 DAGs
[2026-04-30T18:22:21.350+0000] {logging_mixin.py:190} INFO - [2026-04-30T18:22:21.349+0000] {dag.py:4180} INFO - Setting next_dagrun for orders_kafka_to_s3 to 2026-04-30 00:00:00+00:00, run_after=2026-05-01 00:00:00+00:00
[2026-04-30T18:22:21.395+0000] {processor.py:208} INFO - Processing /opt/airflow/dags/main.py took 0.591 seconds
[2026-04-30T18:22:51.697+0000] {processor.py:186} INFO - Started process (PID=827) to work on /opt/airflow/dags/main.py
[2026-04-30T18:22:51.700+0000] {processor.py:914} INFO - Processing file /opt/airflow/dags/main.py for tasks to queue
[2026-04-30T18:22:51.705+0000] {logging_mixin.py:190} INFO - [2026-04-30T18:22:51.705+0000] {dagbag.py:588} INFO - Filling up the DagBag from /opt/airflow/dags/main.py
[2026-04-30T18:22:52.181+0000] {processor.py:925} INFO - DAG(s) 'orders_kafka_to_s3' retrieved from /opt/airflow/dags/main.py
[2026-04-30T18:22:52.222+0000] {logging_mixin.py:190} INFO - [2026-04-30T18:22:52.221+0000] {dag.py:3239} INFO - Sync 1 DAGs
[2026-04-30T18:22:52.266+0000] {logging_mixin.py:190} INFO - [2026-04-30T18:22:52.266+0000] {dag.py:4180} INFO - Setting next_dagrun for orders_kafka_to_s3 to 2026-04-30 00:00:00+00:00, run_after=2026-05-01 00:00:00+00:00
[2026-04-30T18:22:52.301+0000] {processor.py:208} INFO - Processing /opt/airflow/dags/main.py took 0.621 seconds
[2026-04-30T18:23:22.554+0000] {processor.py:186} INFO - Started process (PID=834) to work on /opt/airflow/dags/main.py
[2026-04-30T18:23:22.557+0000] {processor.py:914} INFO - Processing file /opt/airflow/dags/main.py for tasks to queue
[2026-04-30T18:23:22.565+0000] {logging_mixin.py:190} INFO - [2026-04-30T18:23:22.564+0000] {dagbag.py:588} INFO - Filling up the DagBag from /opt/airflow/dags/main.py
[2026-04-30T18:23:23.071+0000] {processor.py:925} INFO - DAG(s) 'orders_kafka_to_s3' retrieved from /opt/airflow/dags/main.py
[2026-04-30T18:23:23.102+0000] {logging_mixin.py:190} INFO - [2026-04-30T18:23:23.102+0000] {dag.py:3239} INFO - Sync 1 DAGs
[2026-04-30T18:23:23.131+0000] {logging_mixin.py:190} INFO - [2026-04-30T18:23:23.131+0000] {dag.py:4180} INFO - Setting next_dagrun for orders_kafka_to_s3 to 2026-04-30 00:00:00+00:00, run_after=2026-05-01 00:00:00+00:00
[2026-04-30T18:23:23.159+0000] {processor.py:208} INFO - Processing /opt/airflow/dags/main.py took 0.623 seconds
[2026-04-30T18:23:53.589+0000] {processor.py:186} INFO - Started process (PID=841) to work on /opt/airflow/dags/main.py
[2026-04-30T18:23:53.593+0000] {processor.py:914} INFO - Processing file /opt/airflow/dags/main.py for tasks to queue
[2026-04-30T18:23:53.598+0000] {logging_mixin.py:190} INFO - [2026-04-30T18:23:53.597+0000] {dagbag.py:588} INFO - Filling up the DagBag from /opt/airflow/dags/main.py
[2026-04-30T18:23:53.989+0000] {processor.py:925} INFO - DAG(s) 'orders_kafka_to_s3' retrieved from /opt/airflow/dags/main.py
[2026-04-30T18:23:54.020+0000] {logging_mixin.py:190} INFO - [2026-04-30T18:23:54.020+0000] {dag.py:3239} INFO - Sync 1 DAGs
[2026-04-30T18:23:54.057+0000] {logging_mixin.py:190} INFO - [2026-04-30T18:23:54.056+0000] {dag.py:4180} INFO - Setting next_dagrun for orders_kafka_to_s3 to 2026-04-30 00:00:00+00:00, run_after=2026-05-01 00:00:00+00:00
[2026-04-30T18:23:54.098+0000] {processor.py:208} INFO - Processing /opt/airflow/dags/main.py took 0.529 seconds
[2026-04-30T18:24:24.498+0000] {processor.py:186} INFO - Started process (PID=848) to work on /opt/airflow/dags/main.py
[2026-04-30T18:24:24.501+0000] {processor.py:914} INFO - Processing file /opt/airflow/dags/main.py for tasks to queue
[2026-04-30T18:24:24.506+0000] {logging_mixin.py:190} INFO - [2026-04-30T18:24:24.505+0000] {dagbag.py:588} INFO - Filling up the DagBag from /opt/airflow/dags/main.py
[2026-04-30T18:24:24.886+0000] {processor.py:925} INFO - DAG(s) 'orders_kafka_to_s3' retrieved from /opt/airflow/dags/main.py
[2026-04-30T18:24:24.916+0000] {logging_mixin.py:190} INFO - [2026-04-30T18:24:24.916+0000] {dag.py:3239} INFO - Sync 1 DAGs
[2026-04-30T18:24:24.947+0000] {logging_mixin.py:190} INFO - [2026-04-30T18:24:24.946+0000] {dag.py:4180} INFO - Setting next_dagrun for orders_kafka_to_s3 to 2026-04-30 00:00:00+00:00, run_after=2026-05-01 00:00:00+00:00
[2026-04-30T18:24:24.974+0000] {processor.py:208} INFO - Processing /opt/airflow/dags/main.py took 0.492 seconds
[2026-04-30T18:24:55.432+0000] {processor.py:186} INFO - Started process (PID=855) to work on /opt/airflow/dags/main.py
[2026-04-30T18:24:55.455+0000] {processor.py:914} INFO - Processing file /opt/airflow/dags/main.py for tasks to queue
[2026-04-30T18:24:55.469+0000] {logging_mixin.py:190} INFO - [2026-04-30T18:24:55.468+0000] {dagbag.py:588} INFO - Filling up the DagBag from /opt/airflow/dags/main.py
[2026-04-30T18:24:56.070+0000] {processor.py:925} INFO - DAG(s) 'orders_kafka_to_s3' retrieved from /opt/airflow/dags/main.py
[2026-04-30T18:24:56.345+0000] {logging_mixin.py:190} INFO - [2026-04-30T18:24:56.344+0000] {dag.py:3239} INFO - Sync 1 DAGs
[2026-04-30T18:24:56.380+0000] {logging_mixin.py:190} INFO - [2026-04-30T18:24:56.379+0000] {dag.py:4180} INFO - Setting next_dagrun for orders_kafka_to_s3 to 2026-04-30 00:00:00+00:00, run_after=2026-05-01 00:00:00+00:00
[2026-04-30T18:24:56.410+0000] {processor.py:208} INFO - Processing /opt/airflow/dags/main.py took 1.056 seconds
[2026-04-30T18:25:27.112+0000] {processor.py:186} INFO - Started process (PID=868) to work on /opt/airflow/dags/main.py
[2026-04-30T18:25:27.113+0000] {processor.py:914} INFO - Processing file /opt/airflow/dags/main.py for tasks to queue
[2026-04-30T18:25:27.117+0000] {logging_mixin.py:190} INFO - [2026-04-30T18:25:27.117+0000] {dagbag.py:588} INFO - Filling up the DagBag from /opt/airflow/dags/main.py
[2026-04-30T18:25:27.507+0000] {processor.py:925} INFO - DAG(s) 'orders_kafka_to_s3' retrieved from /opt/airflow/dags/main.py
[2026-04-30T18:25:27.544+0000] {logging_mixin.py:190} INFO - [2026-04-30T18:25:27.544+0000] {dag.py:3239} INFO - Sync 1 DAGs
[2026-04-30T18:25:27.581+0000] {logging_mixin.py:190} INFO - [2026-04-30T18:25:27.581+0000] {dag.py:4180} INFO - Setting next_dagrun for orders_kafka_to_s3 to 2026-04-30 00:00:00+00:00, run_after=2026-05-01 00:00:00+00:00
[2026-04-30T18:25:27.616+0000] {processor.py:208} INFO - Processing /opt/airflow/dags/main.py took 0.513 seconds
[2026-04-30T18:25:57.164+0000] {processor.py:186} INFO - Started process (PID=875) to work on /opt/airflow/dags/main.py
[2026-04-30T18:25:57.169+0000] {processor.py:914} INFO - Processing file /opt/airflow/dags/main.py for tasks to queue
[2026-04-30T18:25:57.180+0000] {logging_mixin.py:190} INFO - [2026-04-30T18:25:57.179+0000] {dagbag.py:588} INFO - Filling up the DagBag from /opt/airflow/dags/main.py
[2026-04-30T18:25:58.002+0000] {processor.py:925} INFO - DAG(s) 'orders_kafka_to_s3' retrieved from /opt/airflow/dags/main.py
[2026-04-30T18:25:58.041+0000] {logging_mixin.py:190} INFO - [2026-04-30T18:25:58.041+0000] {dag.py:3239} INFO - Sync 1 DAGs
[2026-04-30T18:25:58.077+0000] {logging_mixin.py:190} INFO - [2026-04-30T18:25:58.076+0000] {dag.py:4180} INFO - Setting next_dagrun for orders_kafka_to_s3 to 2026-04-30 00:00:00+00:00, run_after=2026-05-01 00:00:00+00:00
[2026-04-30T18:25:58.120+0000] {processor.py:208} INFO - Processing /opt/airflow/dags/main.py took 0.994 seconds
[2026-04-30T18:26:28.400+0000] {processor.py:186} INFO - Started process (PID=882) to work on /opt/airflow/dags/main.py
[2026-04-30T18:26:28.402+0000] {processor.py:914} INFO - Processing file /opt/airflow/dags/main.py for tasks to queue
[2026-04-30T18:26:28.407+0000] {logging_mixin.py:190} INFO - [2026-04-30T18:26:28.406+0000] {dagbag.py:588} INFO - Filling up the DagBag from /opt/airflow/dags/main.py
[2026-04-30T18:26:27.360+0000] {processor.py:925} INFO - DAG(s) 'orders_kafka_to_s3' retrieved from /opt/airflow/dags/main.py
[2026-04-30T18:26:27.395+0000] {logging_mixin.py:190} INFO - [2026-04-30T18:26:27.395+0000] {dag.py:3239} INFO - Sync 1 DAGs
[2026-04-30T18:26:27.423+0000] {logging_mixin.py:190} INFO - [2026-04-30T18:26:27.423+0000] {dag.py:4180} INFO - Setting next_dagrun for orders_kafka_to_s3 to 2026-04-30 00:00:00+00:00, run_after=2026-05-01 00:00:00+00:00
[2026-04-30T18:26:27.450+0000] {processor.py:208} INFO - Processing /opt/airflow/dags/main.py took 0.514 seconds
[2026-04-30T18:26:57.695+0000] {processor.py:186} INFO - Started process (PID=889) to work on /opt/airflow/dags/main.py
[2026-04-30T18:26:57.697+0000] {processor.py:914} INFO - Processing file /opt/airflow/dags/main.py for tasks to queue
[2026-04-30T18:26:57.702+0000] {logging_mixin.py:190} INFO - [2026-04-30T18:26:57.702+0000] {dagbag.py:588} INFO - Filling up the DagBag from /opt/airflow/dags/main.py
[2026-04-30T18:26:59.956+0000] {processor.py:925} INFO - DAG(s) 'orders_kafka_to_s3' retrieved from /opt/airflow/dags/main.py
[2026-04-30T18:27:00.000+0000] {logging_mixin.py:190} INFO - [2026-04-30T18:27:00.000+0000] {dag.py:3239} INFO - Sync 1 DAGs
[2026-04-30T18:27:00.032+0000] {logging_mixin.py:190} INFO - [2026-04-30T18:27:00.031+0000] {dag.py:4180} INFO - Setting next_dagrun for orders_kafka_to_s3 to 2026-04-30 00:00:00+00:00, run_after=2026-05-01 00:00:00+00:00
[2026-04-30T18:27:00.056+0000] {processor.py:208} INFO - Processing /opt/airflow/dags/main.py took 2.371 seconds
[2026-04-30T18:27:30.337+0000] {processor.py:186} INFO - Started process (PID=896) to work on /opt/airflow/dags/main.py
[2026-04-30T18:27:30.340+0000] {processor.py:914} INFO - Processing file /opt/airflow/dags/main.py for tasks to queue
[2026-04-30T18:27:30.348+0000] {logging_mixin.py:190} INFO - [2026-04-30T18:27:30.347+0000] {dagbag.py:588} INFO - Filling up the DagBag from /opt/airflow/dags/main.py
[2026-04-30T18:27:30.807+0000] {processor.py:925} INFO - DAG(s) 'orders_kafka_to_s3' retrieved from /opt/airflow/dags/main.py
[2026-04-30T18:27:30.839+0000] {logging_mixin.py:190} INFO - [2026-04-30T18:27:30.839+0000] {dag.py:3239} INFO - Sync 1 DAGs
[2026-04-30T18:27:30.869+0000] {logging_mixin.py:190} INFO - [2026-04-30T18:27:30.868+0000] {dag.py:4180} INFO - Setting next_dagrun for orders_kafka_to_s3 to 2026-04-30 00:00:00+00:00, run_after=2026-05-01 00:00:00+00:00
[2026-04-30T18:27:30.897+0000] {processor.py:208} INFO - Processing /opt/airflow/dags/main.py took 0.590 seconds
[2026-04-30T18:28:01.245+0000] {processor.py:186} INFO - Started process (PID=903) to work on /opt/airflow/dags/main.py
[2026-04-30T18:28:01.248+0000] {processor.py:914} INFO - Processing file /opt/airflow/dags/main.py for tasks to queue
[2026-04-30T18:28:01.257+0000] {logging_mixin.py:190} INFO - [2026-04-30T18:28:01.256+0000] {dagbag.py:588} INFO - Filling up the DagBag from /opt/airflow/dags/main.py
[2026-04-30T18:28:01.513+0000] {processor.py:925} INFO - DAG(s) 'orders_kafka_to_s3' retrieved from /opt/airflow/dags/main.py
[2026-04-30T18:28:01.814+0000] {logging_mixin.py:190} INFO - [2026-04-30T18:28:01.813+0000] {dag.py:3239} INFO - Sync 1 DAGs
[2026-04-30T18:28:01.850+0000] {logging_mixin.py:190} INFO - [2026-04-30T18:28:01.850+0000] {dag.py:4180} INFO - Setting next_dagrun for orders_kafka_to_s3 to 2026-04-30 00:00:00+00:00, run_after=2026-05-01 00:00:00+00:00
[2026-04-30T18:28:01.880+0000] {processor.py:208} INFO - Processing /opt/airflow/dags/main.py took 0.654 seconds
[2026-04-30T18:28:32.723+0000] {processor.py:186} INFO - Started process (PID=909) to work on /opt/airflow/dags/main.py
[2026-04-30T18:28:32.725+0000] {processor.py:914} INFO - Processing file /opt/airflow/dags/main.py for tasks to queue
[2026-04-30T18:28:32.730+0000] {logging_mixin.py:190} INFO - [2026-04-30T18:28:32.729+0000] {dagbag.py:588} INFO - Filling up the DagBag from /opt/airflow/dags/main.py
[2026-04-30T18:28:33.207+0000] {processor.py:925} INFO - DAG(s) 'orders_kafka_to_s3' retrieved from /opt/airflow/dags/main.py
[2026-04-30T18:28:33.262+0000] {logging_mixin.py:190} INFO - [2026-04-30T18:28:33.262+0000] {dag.py:3239} INFO - Sync 1 DAGs
[2026-04-30T18:28:33.298+0000] {logging_mixin.py:190} INFO - [2026-04-30T18:28:33.298+0000] {dag.py:4180} INFO - Setting next_dagrun for orders_kafka_to_s3 to 2026-04-30 00:00:00+00:00, run_after=2026-05-01 00:00:00+00:00
[2026-04-30T18:28:33.337+0000] {processor.py:208} INFO - Processing /opt/airflow/dags/main.py took 0.622 seconds
[2026-04-30T18:29:03.501+0000] {processor.py:186} INFO - Started process (PID=916) to work on /opt/airflow/dags/main.py
[2026-04-30T18:29:03.503+0000] {processor.py:914} INFO - Processing file /opt/airflow/dags/main.py for tasks to queue
[2026-04-30T18:29:03.507+0000] {logging_mixin.py:190} INFO - [2026-04-30T18:29:03.507+0000] {dagbag.py:588} INFO - Filling up the DagBag from /opt/airflow/dags/main.py
[2026-04-30T18:29:03.897+0000] {processor.py:925} INFO - DAG(s) 'orders_kafka_to_s3' retrieved from /opt/airflow/dags/main.py
[2026-04-30T18:29:03.942+0000] {logging_mixin.py:190} INFO - [2026-04-30T18:29:03.942+0000] {dag.py:3239} INFO - Sync 1 DAGs
[2026-04-30T18:29:03.970+0000] {logging_mixin.py:190} INFO - [2026-04-30T18:29:03.970+0000] {dag.py:4180} INFO - Setting next_dagrun for orders_kafka_to_s3 to 2026-04-30 00:00:00+00:00, run_after=2026-05-01 00:00:00+00:00
[2026-04-30T18:29:03.997+0000] {processor.py:208} INFO - Processing /opt/airflow/dags/main.py took 0.507 seconds
[2026-04-30T18:29:34.486+0000] {processor.py:186} INFO - Started process (PID=924) to work on /opt/airflow/dags/main.py
[2026-04-30T18:29:34.488+0000] {processor.py:914} INFO - Processing file /opt/airflow/dags/main.py for tasks to queue
[2026-04-30T18:29:34.492+0000] {logging_mixin.py:190} INFO - [2026-04-30T18:29:34.491+0000] {dagbag.py:588} INFO - Filling up the DagBag from /opt/airflow/dags/main.py
[2026-04-30T18:29:34.899+0000] {processor.py:925} INFO - DAG(s) 'orders_kafka_to_s3' retrieved from /opt/airflow/dags/main.py
[2026-04-30T18:29:34.933+0000] {logging_mixin.py:190} INFO - [2026-04-30T18:29:34.933+0000] {dag.py:3239} INFO - Sync 1 DAGs
[2026-04-30T18:29:34.965+0000] {logging_mixin.py:190} INFO - [2026-04-30T18:29:34.965+0000] {dag.py:4180} INFO - Setting next_dagrun for orders_kafka_to_s3 to 2026-04-30 00:00:00+00:00, run_after=2026-05-01 00:00:00+00:00
[2026-04-30T18:29:34.997+0000] {processor.py:208} INFO - Processing /opt/airflow/dags/main.py took 0.521 seconds
[2026-04-30T18:30:05.169+0000] {processor.py:186} INFO - Started process (PID=931) to work on /opt/airflow/dags/main.py
[2026-04-30T18:30:05.171+0000] {processor.py:914} INFO - Processing file /opt/airflow/dags/main.py for tasks to queue
[2026-04-30T18:30:05.176+0000] {logging_mixin.py:190} INFO - [2026-04-30T18:30:05.176+0000] {dagbag.py:588} INFO - Filling up the DagBag from /opt/airflow/dags/main.py
[2026-04-30T18:30:05.640+0000] {processor.py:925} INFO - DAG(s) 'orders_kafka_to_s3' retrieved from /opt/airflow/dags/main.py
[2026-04-30T18:30:05.674+0000] {logging_mixin.py:190} INFO - [2026-04-30T18:30:05.673+0000] {dag.py:3239} INFO - Sync 1 DAGs
[2026-04-30T18:30:05.700+0000] {logging_mixin.py:190} INFO - [2026-04-30T18:30:05.700+0000] {dag.py:4180} INFO - Setting next_dagrun for orders_kafka_to_s3 to 2026-04-30 00:00:00+00:00, run_after=2026-05-01 00:00:00+00:00
[2026-04-30T18:30:05.724+0000] {processor.py:208} INFO - Processing /opt/airflow/dags/main.py took 0.567 seconds
[2026-04-30T18:30:36.218+0000] {processor.py:186} INFO - Started process (PID=938) to work on /opt/airflow/dags/main.py
[2026-04-30T18:30:36.220+0000] {processor.py:914} INFO - Processing file /opt/airflow/dags/main.py for tasks to queue
[2026-04-30T18:30:36.224+0000] {logging_mixin.py:190} INFO - [2026-04-30T18:30:36.224+0000] {dagbag.py:588} INFO - Filling up the DagBag from /opt/airflow/dags/main.py
[2026-04-30T18:30:36.409+0000] {processor.py:925} INFO - DAG(s) 'orders_kafka_to_s3' retrieved from /opt/airflow/dags/main.py
[2026-04-30T18:30:36.671+0000] {logging_mixin.py:190} INFO - [2026-04-30T18:30:36.671+0000] {dag.py:3239} INFO - Sync 1 DAGs
[2026-04-30T18:30:36.706+0000] {logging_mixin.py:190} INFO - [2026-04-30T18:30:36.705+0000] {dag.py:4180} INFO - Setting next_dagrun for orders_kafka_to_s3 to 2026-04-30 00:00:00+00:00, run_after=2026-05-01 00:00:00+00:00
[2026-04-30T18:30:36.731+0000] {processor.py:208} INFO - Processing /opt/airflow/dags/main.py took 0.521 seconds
[2026-04-30T18:31:07.317+0000] {processor.py:186} INFO - Started process (PID=945) to work on /opt/airflow/dags/main.py
[2026-04-30T18:31:07.320+0000] {processor.py:914} INFO - Processing file /opt/airflow/dags/main.py for tasks to queue
[2026-04-30T18:31:07.329+0000] {logging_mixin.py:190} INFO - [2026-04-30T18:31:07.328+0000] {dagbag.py:588} INFO - Filling up the DagBag from /opt/airflow/dags/main.py
[2026-04-30T18:31:07.743+0000] {processor.py:925} INFO - DAG(s) 'orders_kafka_to_s3' retrieved from /opt/airflow/dags/main.py
[2026-04-30T18:31:07.793+0000] {logging_mixin.py:190} INFO - [2026-04-30T18:31:07.793+0000] {dag.py:3239} INFO - Sync 1 DAGs
[2026-04-30T18:31:07.841+0000] {logging_mixin.py:190} INFO - [2026-04-30T18:31:07.841+0000] {dag.py:4180} INFO - Setting next_dagrun for orders_kafka_to_s3 to 2026-04-30 00:00:00+00:00, run_after=2026-05-01 00:00:00+00:00
[2026-04-30T18:31:07.875+0000] {processor.py:208} INFO - Processing /opt/airflow/dags/main.py took 0.575 seconds
[2026-04-30T18:31:38.184+0000] {processor.py:186} INFO - Started process (PID=952) to work on /opt/airflow/dags/main.py
[2026-04-30T18:31:38.188+0000] {processor.py:914} INFO - Processing file /opt/airflow/dags/main.py for tasks to queue
[2026-04-30T18:31:38.195+0000] {logging_mixin.py:190} INFO - [2026-04-30T18:31:38.194+0000] {dagbag.py:588} INFO - Filling up the DagBag from /opt/airflow/dags/main.py
[2026-04-30T18:31:39.467+0000] {processor.py:925} INFO - DAG(s) 'orders_kafka_to_s3' retrieved from /opt/airflow/dags/main.py
[2026-04-30T18:31:39.585+0000] {logging_mixin.py:190} INFO - [2026-04-30T18:31:39.584+0000] {dag.py:3239} INFO - Sync 1 DAGs
[2026-04-30T18:31:39.688+0000] {logging_mixin.py:190} INFO - [2026-04-30T18:31:39.688+0000] {dag.py:4180} INFO - Setting next_dagrun for orders_kafka_to_s3 to 2026-04-30 00:00:00+00:00, run_after=2026-05-01 00:00:00+00:00
[2026-04-30T18:31:39.744+0000] {processor.py:208} INFO - Processing /opt/airflow/dags/main.py took 1.588 seconds
[2026-04-30T18:32:09.934+0000] {processor.py:186} INFO - Started process (PID=959) to work on /opt/airflow/dags/main.py
[2026-04-30T18:32:09.936+0000] {processor.py:914} INFO - Processing file /opt/airflow/dags/main.py for tasks to queue
[2026-04-30T18:32:09.941+0000] {logging_mixin.py:190} INFO - [2026-04-30T18:32:09.940+0000] {dagbag.py:588} INFO - Filling up the DagBag from /opt/airflow/dags/main.py
[2026-04-30T18:32:10.599+0000] {processor.py:925} INFO - DAG(s) 'orders_kafka_to_s3' retrieved from /opt/airflow/dags/main.py
[2026-04-30T18:32:10.638+0000] {logging_mixin.py:190} INFO - [2026-04-30T18:32:10.638+0000] {dag.py:3239} INFO - Sync 1 DAGs
[2026-04-30T18:32:10.682+0000] {logging_mixin.py:190} INFO - [2026-04-30T18:32:10.681+0000] {dag.py:4180} INFO - Setting next_dagrun for orders_kafka_to_s3 to 2026-04-30 00:00:00+00:00, run_after=2026-05-01 00:00:00+00:00
[2026-04-30T18:32:10.730+0000] {processor.py:208} INFO - Processing /opt/airflow/dags/main.py took 0.813 seconds
[2026-04-30T18:32:41.403+0000] {processor.py:186} INFO - Started process (PID=966) to work on /opt/airflow/dags/main.py
[2026-04-30T18:32:41.406+0000] {processor.py:914} INFO - Processing file /opt/airflow/dags/main.py for tasks to queue
[2026-04-30T18:32:41.414+0000] {logging_mixin.py:190} INFO - [2026-04-30T18:32:41.413+0000] {dagbag.py:588} INFO - Filling up the DagBag from /opt/airflow/dags/main.py
[2026-04-30T18:32:42.094+0000] {processor.py:925} INFO - DAG(s) 'orders_kafka_to_s3' retrieved from /opt/airflow/dags/main.py
[2026-04-30T18:32:42.142+0000] {logging_mixin.py:190} INFO - [2026-04-30T18:32:42.142+0000] {dag.py:3239} INFO - Sync 1 DAGs
[2026-04-30T18:32:42.175+0000] {logging_mixin.py:190} INFO - [2026-04-30T18:32:42.175+0000] {dag.py:4180} INFO - Setting next_dagrun for orders_kafka_to_s3 to 2026-04-30 00:00:00+00:00, run_after=2026-05-01 00:00:00+00:00
[2026-04-30T18:32:42.200+0000] {processor.py:208} INFO - Processing /opt/airflow/dags/main.py took 0.815 seconds
[2026-04-30T18:33:12.320+0000] {processor.py:186} INFO - Started process (PID=979) to work on /opt/airflow/dags/main.py
[2026-04-30T18:33:12.322+0000] {processor.py:914} INFO - Processing file /opt/airflow/dags/main.py for tasks to queue
[2026-04-30T18:33:12.329+0000] {logging_mixin.py:190} INFO - [2026-04-30T18:33:12.328+0000] {dagbag.py:588} INFO - Filling up the DagBag from /opt/airflow/dags/main.py
[2026-04-30T18:33:11.891+0000] {processor.py:925} INFO - DAG(s) 'orders_kafka_to_s3' retrieved from /opt/airflow/dags/main.py
[2026-04-30T18:33:12.182+0000] {logging_mixin.py:190} INFO - [2026-04-30T18:33:12.182+0000] {dag.py:3239} INFO - Sync 1 DAGs
[2026-04-30T18:33:12.231+0000] {logging_mixin.py:190} INFO - [2026-04-30T18:33:12.231+0000] {dag.py:4180} INFO - Setting next_dagrun for orders_kafka_to_s3 to 2026-04-30 00:00:00+00:00, run_after=2026-05-01 00:00:00+00:00
[2026-04-30T18:33:12.274+0000] {processor.py:208} INFO - Processing /opt/airflow/dags/main.py took 0.607 seconds
[2026-04-30T18:33:42.498+0000] {processor.py:186} INFO - Started process (PID=986) to work on /opt/airflow/dags/main.py
[2026-04-30T18:33:42.500+0000] {processor.py:914} INFO - Processing file /opt/airflow/dags/main.py for tasks to queue
[2026-04-30T18:33:42.505+0000] {logging_mixin.py:190} INFO - [2026-04-30T18:33:42.504+0000] {dagbag.py:588} INFO - Filling up the DagBag from /opt/airflow/dags/main.py
[2026-04-30T18:33:42.697+0000] {processor.py:925} INFO - DAG(s) 'orders_kafka_to_s3' retrieved from /opt/airflow/dags/main.py
[2026-04-30T18:33:42.953+0000] {logging_mixin.py:190} INFO - [2026-04-30T18:33:42.953+0000] {dag.py:3239} INFO - Sync 1 DAGs
[2026-04-30T18:33:42.985+0000] {logging_mixin.py:190} INFO - [2026-04-30T18:33:42.985+0000] {dag.py:4180} INFO - Setting next_dagrun for orders_kafka_to_s3 to 2026-04-30 00:00:00+00:00, run_after=2026-05-01 00:00:00+00:00
[2026-04-30T18:33:43.015+0000] {processor.py:208} INFO - Processing /opt/airflow/dags/main.py took 0.533 seconds
[2026-04-30T18:34:13.648+0000] {processor.py:186} INFO - Started process (PID=994) to work on /opt/airflow/dags/main.py
[2026-04-30T18:34:13.651+0000] {processor.py:914} INFO - Processing file /opt/airflow/dags/main.py for tasks to queue
[2026-04-30T18:34:13.656+0000] {logging_mixin.py:190} INFO - [2026-04-30T18:34:13.655+0000] {dagbag.py:588} INFO - Filling up the DagBag from /opt/airflow/dags/main.py
[2026-04-30T18:34:14.080+0000] {processor.py:925} INFO - DAG(s) 'orders_kafka_to_s3' retrieved from /opt/airflow/dags/main.py
[2026-04-30T18:34:14.125+0000] {logging_mixin.py:190} INFO - [2026-04-30T18:34:14.125+0000] {dag.py:3239} INFO - Sync 1 DAGs
[2026-04-30T18:34:14.156+0000] {logging_mixin.py:190} INFO - [2026-04-30T18:34:14.156+0000] {dag.py:4180} INFO - Setting next_dagrun for orders_kafka_to_s3 to 2026-04-30 00:00:00+00:00, run_after=2026-05-01 00:00:00+00:00
[2026-04-30T18:34:14.193+0000] {processor.py:208} INFO - Processing /opt/airflow/dags/main.py took 0.563 seconds
[2026-04-30T18:34:44.613+0000] {processor.py:186} INFO - Started process (PID=1001) to work on /opt/airflow/dags/main.py
[2026-04-30T18:34:44.616+0000] {processor.py:914} INFO - Processing file /opt/airflow/dags/main.py for tasks to queue
[2026-04-30T18:34:44.621+0000] {logging_mixin.py:190} INFO - [2026-04-30T18:34:44.620+0000] {dagbag.py:588} INFO - Filling up the DagBag from /opt/airflow/dags/main.py
[2026-04-30T18:34:45.031+0000] {processor.py:925} INFO - DAG(s) 'orders_kafka_to_s3' retrieved from /opt/airflow/dags/main.py
[2026-04-30T18:34:45.066+0000] {logging_mixin.py:190} INFO - [2026-04-30T18:34:45.066+0000] {dag.py:3239} INFO - Sync 1 DAGs
[2026-04-30T18:34:45.095+0000] {logging_mixin.py:190} INFO - [2026-04-30T18:34:45.095+0000] {dag.py:4180} INFO - Setting next_dagrun for orders_kafka_to_s3 to 2026-04-30 00:00:00+00:00, run_after=2026-05-01 00:00:00+00:00
[2026-04-30T18:34:45.134+0000] {processor.py:208} INFO - Processing /opt/airflow/dags/main.py took 0.540 seconds
[2026-04-30T18:35:15.413+0000] {processor.py:186} INFO - Started process (PID=1008) to work on /opt/airflow/dags/main.py
[2026-04-30T18:35:15.416+0000] {processor.py:914} INFO - Processing file /opt/airflow/dags/main.py for tasks to queue
[2026-04-30T18:35:15.422+0000] {logging_mixin.py:190} INFO - [2026-04-30T18:35:15.422+0000] {dagbag.py:588} INFO - Filling up the DagBag from /opt/airflow/dags/main.py
[2026-04-30T18:35:15.824+0000] {processor.py:925} INFO - DAG(s) 'orders_kafka_to_s3' retrieved from /opt/airflow/dags/main.py
[2026-04-30T18:35:15.869+0000] {logging_mixin.py:190} INFO - [2026-04-30T18:35:15.869+0000] {dag.py:3239} INFO - Sync 1 DAGs
[2026-04-30T18:35:15.897+0000] {logging_mixin.py:190} INFO - [2026-04-30T18:35:15.897+0000] {dag.py:4180} INFO - Setting next_dagrun for orders_kafka_to_s3 to 2026-04-30 00:00:00+00:00, run_after=2026-05-01 00:00:00+00:00
[2026-04-30T18:35:15.932+0000] {processor.py:208} INFO - Processing /opt/airflow/dags/main.py took 0.534 seconds
[2026-04-30T18:35:46.792+0000] {processor.py:186} INFO - Started process (PID=1015) to work on /opt/airflow/dags/main.py
[2026-04-30T18:35:46.795+0000] {processor.py:914} INFO - Processing file /opt/airflow/dags/main.py for tasks to queue
[2026-04-30T18:35:46.803+0000] {logging_mixin.py:190} INFO - [2026-04-30T18:35:46.802+0000] {dagbag.py:588} INFO - Filling up the DagBag from /opt/airflow/dags/main.py
[2026-04-30T18:35:47.202+0000] {processor.py:925} INFO - DAG(s) 'orders_kafka_to_s3' retrieved from /opt/airflow/dags/main.py
[2026-04-30T18:35:47.235+0000] {logging_mixin.py:190} INFO - [2026-04-30T18:35:47.235+0000] {dag.py:3239} INFO - Sync 1 DAGs
[2026-04-30T18:35:47.260+0000] {logging_mixin.py:190} INFO - [2026-04-30T18:35:47.260+0000] {dag.py:4180} INFO - Setting next_dagrun for orders_kafka_to_s3 to 2026-04-30 00:00:00+00:00, run_after=2026-05-01 00:00:00+00:00
[2026-04-30T18:35:47.284+0000] {processor.py:208} INFO - Processing /opt/airflow/dags/main.py took 0.507 seconds
[2026-04-30T18:36:17.472+0000] {processor.py:186} INFO - Started process (PID=1022) to work on /opt/airflow/dags/main.py
[2026-04-30T18:36:17.474+0000] {processor.py:914} INFO - Processing file /opt/airflow/dags/main.py for tasks to queue
[2026-04-30T18:36:17.480+0000] {logging_mixin.py:190} INFO - [2026-04-30T18:36:17.479+0000] {dagbag.py:588} INFO - Filling up the DagBag from /opt/airflow/dags/main.py
[2026-04-30T18:36:17.721+0000] {processor.py:925} INFO - DAG(s) 'orders_kafka_to_s3' retrieved from /opt/airflow/dags/main.py
[2026-04-30T18:36:18.051+0000] {logging_mixin.py:190} INFO - [2026-04-30T18:36:18.051+0000] {dag.py:3239} INFO - Sync 1 DAGs
[2026-04-30T18:36:18.109+0000] {logging_mixin.py:190} INFO - [2026-04-30T18:36:18.108+0000] {dag.py:4180} INFO - Setting next_dagrun for orders_kafka_to_s3 to 2026-04-30 00:00:00+00:00, run_after=2026-05-01 00:00:00+00:00
[2026-04-30T18:36:18.153+0000] {processor.py:208} INFO - Processing /opt/airflow/dags/main.py took 0.698 seconds
[2026-04-30T18:36:48.301+0000] {processor.py:186} INFO - Started process (PID=1029) to work on /opt/airflow/dags/main.py
[2026-04-30T18:36:48.304+0000] {processor.py:914} INFO - Processing file /opt/airflow/dags/main.py for tasks to queue
[2026-04-30T18:36:48.309+0000] {logging_mixin.py:190} INFO - [2026-04-30T18:36:48.308+0000] {dagbag.py:588} INFO - Filling up the DagBag from /opt/airflow/dags/main.py
[2026-04-30T18:36:48.686+0000] {processor.py:925} INFO - DAG(s) 'orders_kafka_to_s3' retrieved from /opt/airflow/dags/main.py
[2026-04-30T18:36:48.724+0000] {logging_mixin.py:190} INFO - [2026-04-30T18:36:48.724+0000] {dag.py:3239} INFO - Sync 1 DAGs
[2026-04-30T18:36:48.761+0000] {logging_mixin.py:190} INFO - [2026-04-30T18:36:48.761+0000] {dag.py:4180} INFO - Setting next_dagrun for orders_kafka_to_s3 to 2026-04-30 00:00:00+00:00, run_after=2026-05-01 00:00:00+00:00
[2026-04-30T18:36:48.795+0000] {processor.py:208} INFO - Processing /opt/airflow/dags/main.py took 0.509 seconds
[2026-04-30T18:37:19.187+0000] {processor.py:186} INFO - Started process (PID=1036) to work on /opt/airflow/dags/main.py
[2026-04-30T18:37:19.190+0000] {processor.py:914} INFO - Processing file /opt/airflow/dags/main.py for tasks to queue
[2026-04-30T18:37:19.196+0000] {logging_mixin.py:190} INFO - [2026-04-30T18:37:19.196+0000] {dagbag.py:588} INFO - Filling up the DagBag from /opt/airflow/dags/main.py
[2026-04-30T18:37:19.636+0000] {processor.py:925} INFO - DAG(s) 'orders_kafka_to_s3' retrieved from /opt/airflow/dags/main.py
[2026-04-30T18:37:19.665+0000] {logging_mixin.py:190} INFO - [2026-04-30T18:37:19.665+0000] {dag.py:3239} INFO - Sync 1 DAGs
[2026-04-30T18:37:19.694+0000] {logging_mixin.py:190} INFO - [2026-04-30T18:37:19.694+0000] {dag.py:4180} INFO - Setting next_dagrun for orders_kafka_to_s3 to 2026-04-30 00:00:00+00:00, run_after=2026-05-01 00:00:00+00:00
[2026-04-30T18:37:19.724+0000] {processor.py:208} INFO - Processing /opt/airflow/dags/main.py took 0.549 seconds
[2026-04-30T18:37:49.912+0000] {processor.py:186} INFO - Started process (PID=1043) to work on /opt/airflow/dags/main.py
[2026-04-30T18:37:49.914+0000] {processor.py:914} INFO - Processing file /opt/airflow/dags/main.py for tasks to queue
[2026-04-30T18:37:49.917+0000] {logging_mixin.py:190} INFO - [2026-04-30T18:37:49.917+0000] {dagbag.py:588} INFO - Filling up the DagBag from /opt/airflow/dags/main.py
[2026-04-30T18:37:50.324+0000] {processor.py:925} INFO - DAG(s) 'orders_kafka_to_s3' retrieved from /opt/airflow/dags/main.py
[2026-04-30T18:37:50.354+0000] {logging_mixin.py:190} INFO - [2026-04-30T18:37:50.354+0000] {dag.py:3239} INFO - Sync 1 DAGs
[2026-04-30T18:37:50.382+0000] {logging_mixin.py:190} INFO - [2026-04-30T18:37:50.381+0000] {dag.py:4180} INFO - Setting next_dagrun for orders_kafka_to_s3 to 2026-04-30 00:00:00+00:00, run_after=2026-05-01 00:00:00+00:00
[2026-04-30T18:37:50.409+0000] {processor.py:208} INFO - Processing /opt/airflow/dags/main.py took 0.505 seconds
[2026-04-30T18:38:20.906+0000] {processor.py:186} INFO - Started process (PID=1049) to work on /opt/airflow/dags/main.py
[2026-04-30T18:38:20.909+0000] {processor.py:914} INFO - Processing file /opt/airflow/dags/main.py for tasks to queue
[2026-04-30T18:38:20.915+0000] {logging_mixin.py:190} INFO - [2026-04-30T18:38:20.915+0000] {dagbag.py:588} INFO - Filling up the DagBag from /opt/airflow/dags/main.py
[2026-04-30T18:38:21.339+0000] {processor.py:925} INFO - DAG(s) 'orders_kafka_to_s3' retrieved from /opt/airflow/dags/main.py
[2026-04-30T18:38:21.373+0000] {logging_mixin.py:190} INFO - [2026-04-30T18:38:21.372+0000] {dag.py:3239} INFO - Sync 1 DAGs
[2026-04-30T18:38:21.407+0000] {logging_mixin.py:190} INFO - [2026-04-30T18:38:21.407+0000] {dag.py:4180} INFO - Setting next_dagrun for orders_kafka_to_s3 to 2026-04-30 00:00:00+00:00, run_after=2026-05-01 00:00:00+00:00
[2026-04-30T18:38:21.446+0000] {processor.py:208} INFO - Processing /opt/airflow/dags/main.py took 0.555 seconds
[2026-04-30T18:38:51.790+0000] {processor.py:186} INFO - Started process (PID=1056) to work on /opt/airflow/dags/main.py
[2026-04-30T18:38:51.792+0000] {processor.py:914} INFO - Processing file /opt/airflow/dags/main.py for tasks to queue
[2026-04-30T18:38:51.796+0000] {logging_mixin.py:190} INFO - [2026-04-30T18:38:51.795+0000] {dagbag.py:588} INFO - Filling up the DagBag from /opt/airflow/dags/main.py
[2026-04-30T18:38:52.283+0000] {processor.py:925} INFO - DAG(s) 'orders_kafka_to_s3' retrieved from /opt/airflow/dags/main.py
[2026-04-30T18:38:52.328+0000] {logging_mixin.py:190} INFO - [2026-04-30T18:38:52.327+0000] {dag.py:3239} INFO - Sync 1 DAGs
[2026-04-30T18:38:52.368+0000] {logging_mixin.py:190} INFO - [2026-04-30T18:38:52.368+0000] {dag.py:4180} INFO - Setting next_dagrun for orders_kafka_to_s3 to 2026-04-30 00:00:00+00:00, run_after=2026-05-01 00:00:00+00:00
[2026-04-30T18:38:52.401+0000] {processor.py:208} INFO - Processing /opt/airflow/dags/main.py took 0.633 seconds
[2026-04-30T18:39:22.950+0000] {processor.py:186} INFO - Started process (PID=1063) to work on /opt/airflow/dags/main.py
[2026-04-30T18:39:22.952+0000] {processor.py:914} INFO - Processing file /opt/airflow/dags/main.py for tasks to queue
[2026-04-30T18:39:22.955+0000] {logging_mixin.py:190} INFO - [2026-04-30T18:39:22.955+0000] {dagbag.py:588} INFO - Filling up the DagBag from /opt/airflow/dags/main.py
[2026-04-30T18:39:23.108+0000] {processor.py:925} INFO - DAG(s) 'orders_kafka_to_s3' retrieved from /opt/airflow/dags/main.py
[2026-04-30T18:39:23.365+0000] {logging_mixin.py:190} INFO - [2026-04-30T18:39:23.364+0000] {dag.py:3239} INFO - Sync 1 DAGs
[2026-04-30T18:39:23.405+0000] {logging_mixin.py:190} INFO - [2026-04-30T18:39:23.405+0000] {dag.py:4180} INFO - Setting next_dagrun for orders_kafka_to_s3 to 2026-04-30 00:00:00+00:00, run_after=2026-05-01 00:00:00+00:00
[2026-04-30T18:39:23.435+0000] {processor.py:208} INFO - Processing /opt/airflow/dags/main.py took 0.495 seconds
[2026-04-30T18:39:53.636+0000] {processor.py:186} INFO - Started process (PID=1070) to work on /opt/airflow/dags/main.py
[2026-04-30T18:39:53.639+0000] {processor.py:914} INFO - Processing file /opt/airflow/dags/main.py for tasks to queue
[2026-04-30T18:39:53.645+0000] {logging_mixin.py:190} INFO - [2026-04-30T18:39:53.644+0000] {dagbag.py:588} INFO - Filling up the DagBag from /opt/airflow/dags/main.py
[2026-04-30T18:39:54.028+0000] {processor.py:925} INFO - DAG(s) 'orders_kafka_to_s3' retrieved from /opt/airflow/dags/main.py
[2026-04-30T18:39:54.073+0000] {logging_mixin.py:190} INFO - [2026-04-30T18:39:54.072+0000] {dag.py:3239} INFO - Sync 1 DAGs
[2026-04-30T18:39:54.114+0000] {logging_mixin.py:190} INFO - [2026-04-30T18:39:54.114+0000] {dag.py:4180} INFO - Setting next_dagrun for orders_kafka_to_s3 to 2026-04-30 00:00:00+00:00, run_after=2026-05-01 00:00:00+00:00
[2026-04-30T18:39:54.144+0000] {processor.py:208} INFO - Processing /opt/airflow/dags/main.py took 0.531 seconds
[2026-04-30T18:40:24.530+0000] {processor.py:186} INFO - Started process (PID=1076) to work on /opt/airflow/dags/main.py
[2026-04-30T18:40:24.532+0000] {processor.py:914} INFO - Processing file /opt/airflow/dags/main.py for tasks to queue
[2026-04-30T18:40:24.538+0000] {logging_mixin.py:190} INFO - [2026-04-30T18:40:24.537+0000] {dagbag.py:588} INFO - Filling up the DagBag from /opt/airflow/dags/main.py
[2026-04-30T18:40:24.955+0000] {processor.py:925} INFO - DAG(s) 'orders_kafka_to_s3' retrieved from /opt/airflow/dags/main.py
[2026-04-30T18:40:25.004+0000] {logging_mixin.py:190} INFO - [2026-04-30T18:40:25.004+0000] {dag.py:3239} INFO - Sync 1 DAGs
[2026-04-30T18:40:25.055+0000] {logging_mixin.py:190} INFO - [2026-04-30T18:40:25.054+0000] {dag.py:4180} INFO - Setting next_dagrun for orders_kafka_to_s3 to 2026-04-30 00:00:00+00:00, run_after=2026-05-01 00:00:00+00:00
[2026-04-30T18:40:25.098+0000] {processor.py:208} INFO - Processing /opt/airflow/dags/main.py took 0.581 seconds
[2026-04-30T18:40:55.250+0000] {processor.py:186} INFO - Started process (PID=1083) to work on /opt/airflow/dags/main.py
[2026-04-30T18:40:55.252+0000] {processor.py:914} INFO - Processing file /opt/airflow/dags/main.py for tasks to queue
[2026-04-30T18:40:55.255+0000] {logging_mixin.py:190} INFO - [2026-04-30T18:40:55.255+0000] {dagbag.py:588} INFO - Filling up the DagBag from /opt/airflow/dags/main.py
[2026-04-30T18:40:55.591+0000] {processor.py:925} INFO - DAG(s) 'orders_kafka_to_s3' retrieved from /opt/airflow/dags/main.py
[2026-04-30T18:40:55.630+0000] {logging_mixin.py:190} INFO - [2026-04-30T18:40:55.630+0000] {dag.py:3239} INFO - Sync 1 DAGs
[2026-04-30T18:40:55.669+0000] {logging_mixin.py:190} INFO - [2026-04-30T18:40:55.669+0000] {dag.py:4180} INFO - Setting next_dagrun for orders_kafka_to_s3 to 2026-04-30 00:00:00+00:00, run_after=2026-05-01 00:00:00+00:00
[2026-04-30T18:40:55.705+0000] {processor.py:208} INFO - Processing /opt/airflow/dags/main.py took 0.463 seconds
[2026-04-30T18:41:25.797+0000] {processor.py:186} INFO - Started process (PID=1096) to work on /opt/airflow/dags/main.py
[2026-04-30T18:41:25.799+0000] {processor.py:914} INFO - Processing file /opt/airflow/dags/main.py for tasks to queue
[2026-04-30T18:41:25.804+0000] {logging_mixin.py:190} INFO - [2026-04-30T18:41:25.804+0000] {dagbag.py:588} INFO - Filling up the DagBag from /opt/airflow/dags/main.py
[2026-04-30T18:41:26.200+0000] {processor.py:925} INFO - DAG(s) 'orders_kafka_to_s3' retrieved from /opt/airflow/dags/main.py
[2026-04-30T18:41:26.231+0000] {logging_mixin.py:190} INFO - [2026-04-30T18:41:26.231+0000] {dag.py:3239} INFO - Sync 1 DAGs
[2026-04-30T18:41:26.301+0000] {logging_mixin.py:190} INFO - [2026-04-30T18:41:26.300+0000] {dag.py:4180} INFO - Setting next_dagrun for orders_kafka_to_s3 to 2026-04-30 00:00:00+00:00, run_after=2026-05-01 00:00:00+00:00
[2026-04-30T18:41:26.353+0000] {processor.py:208} INFO - Processing /opt/airflow/dags/main.py took 0.568 seconds
[2026-04-30T18:41:56.886+0000] {processor.py:186} INFO - Started process (PID=1103) to work on /opt/airflow/dags/main.py
[2026-04-30T18:41:56.888+0000] {processor.py:914} INFO - Processing file /opt/airflow/dags/main.py for tasks to queue
[2026-04-30T18:41:56.893+0000] {logging_mixin.py:190} INFO - [2026-04-30T18:41:56.892+0000] {dagbag.py:588} INFO - Filling up the DagBag from /opt/airflow/dags/main.py
[2026-04-30T18:41:57.312+0000] {processor.py:925} INFO - DAG(s) 'orders_kafka_to_s3' retrieved from /opt/airflow/dags/main.py
[2026-04-30T18:41:57.361+0000] {logging_mixin.py:190} INFO - [2026-04-30T18:41:57.361+0000] {dag.py:3239} INFO - Sync 1 DAGs
[2026-04-30T18:41:57.388+0000] {logging_mixin.py:190} INFO - [2026-04-30T18:41:57.387+0000] {dag.py:4180} INFO - Setting next_dagrun for orders_kafka_to_s3 to 2026-04-30 00:00:00+00:00, run_after=2026-05-01 00:00:00+00:00
[2026-04-30T18:41:57.424+0000] {processor.py:208} INFO - Processing /opt/airflow/dags/main.py took 0.550 seconds
[2026-04-30T18:42:27.796+0000] {processor.py:186} INFO - Started process (PID=1110) to work on /opt/airflow/dags/main.py
[2026-04-30T18:42:27.798+0000] {processor.py:914} INFO - Processing file /opt/airflow/dags/main.py for tasks to queue
[2026-04-30T18:42:27.803+0000] {logging_mixin.py:190} INFO - [2026-04-30T18:42:27.802+0000] {dagbag.py:588} INFO - Filling up the DagBag from /opt/airflow/dags/main.py
[2026-04-30T18:42:28.216+0000] {processor.py:925} INFO - DAG(s) 'orders_kafka_to_s3' retrieved from /opt/airflow/dags/main.py
[2026-04-30T18:42:28.267+0000] {logging_mixin.py:190} INFO - [2026-04-30T18:42:28.267+0000] {dag.py:3239} INFO - Sync 1 DAGs
[2026-04-30T18:42:28.296+0000] {logging_mixin.py:190} INFO - [2026-04-30T18:42:28.296+0000] {dag.py:4180} INFO - Setting next_dagrun for orders_kafka_to_s3 to 2026-04-30 00:00:00+00:00, run_after=2026-05-01 00:00:00+00:00
[2026-04-30T18:42:28.331+0000] {processor.py:208} INFO - Processing /opt/airflow/dags/main.py took 0.551 seconds
[2026-04-30T18:42:58.745+0000] {processor.py:186} INFO - Started process (PID=1117) to work on /opt/airflow/dags/main.py
[2026-04-30T18:42:58.747+0000] {processor.py:914} INFO - Processing file /opt/airflow/dags/main.py for tasks to queue
[2026-04-30T18:42:58.751+0000] {logging_mixin.py:190} INFO - [2026-04-30T18:42:58.751+0000] {dagbag.py:588} INFO - Filling up the DagBag from /opt/airflow/dags/main.py
[2026-04-30T18:42:59.175+0000] {processor.py:925} INFO - DAG(s) 'orders_kafka_to_s3' retrieved from /opt/airflow/dags/main.py
[2026-04-30T18:42:59.213+0000] {logging_mixin.py:190} INFO - [2026-04-30T18:42:59.213+0000] {dag.py:3239} INFO - Sync 1 DAGs
[2026-04-30T18:42:59.250+0000] {logging_mixin.py:190} INFO - [2026-04-30T18:42:59.250+0000] {dag.py:4180} INFO - Setting next_dagrun for orders_kafka_to_s3 to 2026-04-30 00:00:00+00:00, run_after=2026-05-01 00:00:00+00:00
[2026-04-30T18:42:59.296+0000] {processor.py:208} INFO - Processing /opt/airflow/dags/main.py took 0.560 seconds
[2026-04-30T18:43:29.931+0000] {processor.py:186} INFO - Started process (PID=1124) to work on /opt/airflow/dags/main.py
[2026-04-30T18:43:29.933+0000] {processor.py:914} INFO - Processing file /opt/airflow/dags/main.py for tasks to queue
[2026-04-30T18:43:29.938+0000] {logging_mixin.py:190} INFO - [2026-04-30T18:43:29.937+0000] {dagbag.py:588} INFO - Filling up the DagBag from /opt/airflow/dags/main.py
[2026-04-30T18:43:30.331+0000] {processor.py:925} INFO - DAG(s) 'orders_kafka_to_s3' retrieved from /opt/airflow/dags/main.py
[2026-04-30T18:43:30.377+0000] {logging_mixin.py:190} INFO - [2026-04-30T18:43:30.377+0000] {dag.py:3239} INFO - Sync 1 DAGs
[2026-04-30T18:43:30.411+0000] {logging_mixin.py:190} INFO - [2026-04-30T18:43:30.411+0000] {dag.py:4180} INFO - Setting next_dagrun for orders_kafka_to_s3 to 2026-04-30 00:00:00+00:00, run_after=2026-05-01 00:00:00+00:00
[2026-04-30T18:43:30.455+0000] {processor.py:208} INFO - Processing /opt/airflow/dags/main.py took 0.541 seconds
[2026-04-30T18:44:01.011+0000] {processor.py:186} INFO - Started process (PID=1130) to work on /opt/airflow/dags/main.py
[2026-04-30T18:44:01.012+0000] {processor.py:914} INFO - Processing file /opt/airflow/dags/main.py for tasks to queue
[2026-04-30T18:44:01.017+0000] {logging_mixin.py:190} INFO - [2026-04-30T18:44:01.016+0000] {dagbag.py:588} INFO - Filling up the DagBag from /opt/airflow/dags/main.py
[2026-04-30T18:44:01.422+0000] {processor.py:925} INFO - DAG(s) 'orders_kafka_to_s3' retrieved from /opt/airflow/dags/main.py
[2026-04-30T18:44:01.464+0000] {logging_mixin.py:190} INFO - [2026-04-30T18:44:01.464+0000] {dag.py:3239} INFO - Sync 1 DAGs
[2026-04-30T18:44:01.495+0000] {logging_mixin.py:190} INFO - [2026-04-30T18:44:01.495+0000] {dag.py:4180} INFO - Setting next_dagrun for orders_kafka_to_s3 to 2026-04-30 00:00:00+00:00, run_after=2026-05-01 00:00:00+00:00
[2026-04-30T18:44:01.519+0000] {processor.py:208} INFO - Processing /opt/airflow/dags/main.py took 0.521 seconds
[2026-04-30T18:44:31.847+0000] {processor.py:186} INFO - Started process (PID=1137) to work on /opt/airflow/dags/main.py
[2026-04-30T18:44:31.850+0000] {processor.py:914} INFO - Processing file /opt/airflow/dags/main.py for tasks to queue
[2026-04-30T18:44:31.853+0000] {logging_mixin.py:190} INFO - [2026-04-30T18:44:31.853+0000] {dagbag.py:588} INFO - Filling up the DagBag from /opt/airflow/dags/main.py
[2026-04-30T18:44:32.203+0000] {processor.py:925} INFO - DAG(s) 'orders_kafka_to_s3' retrieved from /opt/airflow/dags/main.py
[2026-04-30T18:44:32.232+0000] {logging_mixin.py:190} INFO - [2026-04-30T18:44:32.232+0000] {dag.py:3239} INFO - Sync 1 DAGs
[2026-04-30T18:44:32.258+0000] {logging_mixin.py:190} INFO - [2026-04-30T18:44:32.258+0000] {dag.py:4180} INFO - Setting next_dagrun for orders_kafka_to_s3 to 2026-04-30 00:00:00+00:00, run_after=2026-05-01 00:00:00+00:00
[2026-04-30T18:44:32.283+0000] {processor.py:208} INFO - Processing /opt/airflow/dags/main.py took 0.447 seconds
[2026-04-30T18:45:02.540+0000] {processor.py:186} INFO - Started process (PID=1144) to work on /opt/airflow/dags/main.py
[2026-04-30T18:45:02.542+0000] {processor.py:914} INFO - Processing file /opt/airflow/dags/main.py for tasks to queue
[2026-04-30T18:45:02.547+0000] {logging_mixin.py:190} INFO - [2026-04-30T18:45:02.547+0000] {dagbag.py:588} INFO - Filling up the DagBag from /opt/airflow/dags/main.py
[2026-04-30T18:45:02.896+0000] {processor.py:925} INFO - DAG(s) 'orders_kafka_to_s3' retrieved from /opt/airflow/dags/main.py
[2026-04-30T18:45:02.935+0000] {logging_mixin.py:190} INFO - [2026-04-30T18:45:02.934+0000] {dag.py:3239} INFO - Sync 1 DAGs
[2026-04-30T18:45:02.966+0000] {logging_mixin.py:190} INFO - [2026-04-30T18:45:02.966+0000] {dag.py:4180} INFO - Setting next_dagrun for orders_kafka_to_s3 to 2026-04-30 00:00:00+00:00, run_after=2026-05-01 00:00:00+00:00
[2026-04-30T18:45:02.998+0000] {processor.py:208} INFO - Processing /opt/airflow/dags/main.py took 0.474 seconds
[2026-04-30T18:45:33.389+0000] {processor.py:186} INFO - Started process (PID=1151) to work on /opt/airflow/dags/main.py
[2026-04-30T18:45:33.391+0000] {processor.py:914} INFO - Processing file /opt/airflow/dags/main.py for tasks to queue
[2026-04-30T18:45:33.396+0000] {logging_mixin.py:190} INFO - [2026-04-30T18:45:33.395+0000] {dagbag.py:588} INFO - Filling up the DagBag from /opt/airflow/dags/main.py
[2026-04-30T18:45:33.810+0000] {processor.py:925} INFO - DAG(s) 'orders_kafka_to_s3' retrieved from /opt/airflow/dags/main.py
[2026-04-30T18:45:33.839+0000] {logging_mixin.py:190} INFO - [2026-04-30T18:45:33.839+0000] {dag.py:3239} INFO - Sync 1 DAGs
[2026-04-30T18:45:33.865+0000] {logging_mixin.py:190} INFO - [2026-04-30T18:45:33.865+0000] {dag.py:4180} INFO - Setting next_dagrun for orders_kafka_to_s3 to 2026-04-30 00:00:00+00:00, run_after=2026-05-01 00:00:00+00:00
[2026-04-30T18:45:33.891+0000] {processor.py:208} INFO - Processing /opt/airflow/dags/main.py took 0.522 seconds
[2026-04-30T18:46:03.988+0000] {processor.py:186} INFO - Started process (PID=1158) to work on /opt/airflow/dags/main.py
[2026-04-30T18:46:03.991+0000] {processor.py:914} INFO - Processing file /opt/airflow/dags/main.py for tasks to queue
[2026-04-30T18:46:03.996+0000] {logging_mixin.py:190} INFO - [2026-04-30T18:46:03.995+0000] {dagbag.py:588} INFO - Filling up the DagBag from /opt/airflow/dags/main.py
[2026-04-30T18:46:04.968+0000] {processor.py:925} INFO - DAG(s) 'orders_kafka_to_s3' retrieved from /opt/airflow/dags/main.py
[2026-04-30T18:46:05.000+0000] {logging_mixin.py:190} INFO - [2026-04-30T18:46:04.999+0000] {dag.py:3239} INFO - Sync 1 DAGs
[2026-04-30T18:46:05.028+0000] {logging_mixin.py:190} INFO - [2026-04-30T18:46:05.027+0000] {dag.py:4180} INFO - Setting next_dagrun for orders_kafka_to_s3 to 2026-04-30 00:00:00+00:00, run_after=2026-05-01 00:00:00+00:00
[2026-04-30T18:46:05.065+0000] {processor.py:208} INFO - Processing /opt/airflow/dags/main.py took 1.086 seconds
[2026-04-30T18:46:35.384+0000] {processor.py:186} INFO - Started process (PID=1165) to work on /opt/airflow/dags/main.py
[2026-04-30T18:46:35.385+0000] {processor.py:914} INFO - Processing file /opt/airflow/dags/main.py for tasks to queue
[2026-04-30T18:46:35.389+0000] {logging_mixin.py:190} INFO - [2026-04-30T18:46:35.388+0000] {dagbag.py:588} INFO - Filling up the DagBag from /opt/airflow/dags/main.py
[2026-04-30T18:46:35.845+0000] {processor.py:925} INFO - DAG(s) 'orders_kafka_to_s3' retrieved from /opt/airflow/dags/main.py
[2026-04-30T18:46:35.879+0000] {logging_mixin.py:190} INFO - [2026-04-30T18:46:35.879+0000] {dag.py:3239} INFO - Sync 1 DAGs
[2026-04-30T18:46:35.908+0000] {logging_mixin.py:190} INFO - [2026-04-30T18:46:35.908+0000] {dag.py:4180} INFO - Setting next_dagrun for orders_kafka_to_s3 to 2026-04-30 00:00:00+00:00, run_after=2026-05-01 00:00:00+00:00
[2026-04-30T18:46:35.937+0000] {processor.py:208} INFO - Processing /opt/airflow/dags/main.py took 0.562 seconds
[2026-04-30T18:47:06.554+0000] {processor.py:186} INFO - Started process (PID=1172) to work on /opt/airflow/dags/main.py
[2026-04-30T18:47:06.557+0000] {processor.py:914} INFO - Processing file /opt/airflow/dags/main.py for tasks to queue
[2026-04-30T18:47:06.564+0000] {logging_mixin.py:190} INFO - [2026-04-30T18:47:06.563+0000] {dagbag.py:588} INFO - Filling up the DagBag from /opt/airflow/dags/main.py
[2026-04-30T18:47:06.963+0000] {processor.py:925} INFO - DAG(s) 'orders_kafka_to_s3' retrieved from /opt/airflow/dags/main.py
[2026-04-30T18:47:06.993+0000] {logging_mixin.py:190} INFO - [2026-04-30T18:47:06.992+0000] {dag.py:3239} INFO - Sync 1 DAGs
[2026-04-30T18:47:07.019+0000] {logging_mixin.py:190} INFO - [2026-04-30T18:47:07.019+0000] {dag.py:4180} INFO - Setting next_dagrun for orders_kafka_to_s3 to 2026-04-30 00:00:00+00:00, run_after=2026-05-01 00:00:00+00:00
[2026-04-30T18:47:07.042+0000] {processor.py:208} INFO - Processing /opt/airflow/dags/main.py took 0.505 seconds
[2026-04-30T18:47:37.362+0000] {processor.py:186} INFO - Started process (PID=1179) to work on /opt/airflow/dags/main.py
[2026-04-30T18:47:37.364+0000] {processor.py:914} INFO - Processing file /opt/airflow/dags/main.py for tasks to queue
[2026-04-30T18:47:37.374+0000] {logging_mixin.py:190} INFO - [2026-04-30T18:47:37.372+0000] {dagbag.py:588} INFO - Filling up the DagBag from /opt/airflow/dags/main.py
[2026-04-30T18:47:37.658+0000] {processor.py:925} INFO - DAG(s) 'orders_kafka_to_s3' retrieved from /opt/airflow/dags/main.py
[2026-04-30T18:47:37.881+0000] {logging_mixin.py:190} INFO - [2026-04-30T18:47:37.881+0000] {dag.py:3239} INFO - Sync 1 DAGs
[2026-04-30T18:47:37.923+0000] {logging_mixin.py:190} INFO - [2026-04-30T18:47:37.923+0000] {dag.py:4180} INFO - Setting next_dagrun for orders_kafka_to_s3 to 2026-04-30 00:00:00+00:00, run_after=2026-05-01 00:00:00+00:00
[2026-04-30T18:47:37.961+0000] {processor.py:208} INFO - Processing /opt/airflow/dags/main.py took 0.617 seconds
[2026-04-30T18:48:08.528+0000] {processor.py:186} INFO - Started process (PID=1185) to work on /opt/airflow/dags/main.py
[2026-04-30T18:48:08.532+0000] {processor.py:914} INFO - Processing file /opt/airflow/dags/main.py for tasks to queue
[2026-04-30T18:48:08.541+0000] {logging_mixin.py:190} INFO - [2026-04-30T18:48:08.540+0000] {dagbag.py:588} INFO - Filling up the DagBag from /opt/airflow/dags/main.py
[2026-04-30T18:48:09.265+0000] {processor.py:925} INFO - DAG(s) 'orders_kafka_to_s3' retrieved from /opt/airflow/dags/main.py
[2026-04-30T18:48:09.360+0000] {logging_mixin.py:190} INFO - [2026-04-30T18:48:09.360+0000] {dag.py:3239} INFO - Sync 1 DAGs
[2026-04-30T18:48:09.468+0000] {logging_mixin.py:190} INFO - [2026-04-30T18:48:09.467+0000] {dag.py:4180} INFO - Setting next_dagrun for orders_kafka_to_s3 to 2026-04-30 00:00:00+00:00, run_after=2026-05-01 00:00:00+00:00
[2026-04-30T18:48:09.575+0000] {processor.py:208} INFO - Processing /opt/airflow/dags/main.py took 1.065 seconds
[2026-04-30T18:48:39.981+0000] {processor.py:186} INFO - Started process (PID=1191) to work on /opt/airflow/dags/main.py
[2026-04-30T18:48:39.983+0000] {processor.py:914} INFO - Processing file /opt/airflow/dags/main.py for tasks to queue
[2026-04-30T18:48:39.989+0000] {logging_mixin.py:190} INFO - [2026-04-30T18:48:39.989+0000] {dagbag.py:588} INFO - Filling up the DagBag from /opt/airflow/dags/main.py
[2026-04-30T18:48:40.558+0000] {processor.py:925} INFO - DAG(s) 'orders_kafka_to_s3' retrieved from /opt/airflow/dags/main.py
[2026-04-30T18:48:40.609+0000] {logging_mixin.py:190} INFO - [2026-04-30T18:48:40.609+0000] {dag.py:3239} INFO - Sync 1 DAGs
[2026-04-30T18:48:40.638+0000] {logging_mixin.py:190} INFO - [2026-04-30T18:48:40.638+0000] {dag.py:4180} INFO - Setting next_dagrun for orders_kafka_to_s3 to 2026-04-30 00:00:00+00:00, run_after=2026-05-01 00:00:00+00:00
[2026-04-30T18:48:40.669+0000] {processor.py:208} INFO - Processing /opt/airflow/dags/main.py took 0.711 seconds
[2026-04-30T18:49:11.188+0000] {processor.py:186} INFO - Started process (PID=1204) to work on /opt/airflow/dags/main.py
[2026-04-30T18:49:11.189+0000] {processor.py:914} INFO - Processing file /opt/airflow/dags/main.py for tasks to queue
[2026-04-30T18:49:11.194+0000] {logging_mixin.py:190} INFO - [2026-04-30T18:49:11.193+0000] {dagbag.py:588} INFO - Filling up the DagBag from /opt/airflow/dags/main.py
[2026-04-30T18:49:11.584+0000] {processor.py:925} INFO - DAG(s) 'orders_kafka_to_s3' retrieved from /opt/airflow/dags/main.py
[2026-04-30T18:49:11.616+0000] {logging_mixin.py:190} INFO - [2026-04-30T18:49:11.615+0000] {dag.py:3239} INFO - Sync 1 DAGs
[2026-04-30T18:49:11.646+0000] {logging_mixin.py:190} INFO - [2026-04-30T18:49:11.645+0000] {dag.py:4180} INFO - Setting next_dagrun for orders_kafka_to_s3 to 2026-04-30 00:00:00+00:00, run_after=2026-05-01 00:00:00+00:00
[2026-04-30T18:49:11.671+0000] {processor.py:208} INFO - Processing /opt/airflow/dags/main.py took 0.499 seconds
[2026-04-30T18:49:42.004+0000] {processor.py:186} INFO - Started process (PID=1211) to work on /opt/airflow/dags/main.py
[2026-04-30T18:49:42.008+0000] {processor.py:914} INFO - Processing file /opt/airflow/dags/main.py for tasks to queue
[2026-04-30T18:49:42.015+0000] {logging_mixin.py:190} INFO - [2026-04-30T18:49:42.014+0000] {dagbag.py:588} INFO - Filling up the DagBag from /opt/airflow/dags/main.py
[2026-04-30T18:49:42.511+0000] {processor.py:925} INFO - DAG(s) 'orders_kafka_to_s3' retrieved from /opt/airflow/dags/main.py
[2026-04-30T18:49:42.571+0000] {logging_mixin.py:190} INFO - [2026-04-30T18:49:42.571+0000] {dag.py:3239} INFO - Sync 1 DAGs
[2026-04-30T18:49:42.607+0000] {logging_mixin.py:190} INFO - [2026-04-30T18:49:42.607+0000] {dag.py:4180} INFO - Setting next_dagrun for orders_kafka_to_s3 to 2026-04-30 00:00:00+00:00, run_after=2026-05-01 00:00:00+00:00
[2026-04-30T18:49:42.652+0000] {processor.py:208} INFO - Processing /opt/airflow/dags/main.py took 0.678 seconds
[2026-04-30T18:50:13.245+0000] {processor.py:186} INFO - Started process (PID=1218) to work on /opt/airflow/dags/main.py
[2026-04-30T18:50:13.248+0000] {processor.py:914} INFO - Processing file /opt/airflow/dags/main.py for tasks to queue
[2026-04-30T18:50:13.255+0000] {logging_mixin.py:190} INFO - [2026-04-30T18:50:13.255+0000] {dagbag.py:588} INFO - Filling up the DagBag from /opt/airflow/dags/main.py
[2026-04-30T18:50:13.672+0000] {processor.py:925} INFO - DAG(s) 'orders_kafka_to_s3' retrieved from /opt/airflow/dags/main.py
[2026-04-30T18:50:13.706+0000] {logging_mixin.py:190} INFO - [2026-04-30T18:50:13.706+0000] {dag.py:3239} INFO - Sync 1 DAGs
[2026-04-30T18:50:13.733+0000] {logging_mixin.py:190} INFO - [2026-04-30T18:50:13.732+0000] {dag.py:4180} INFO - Setting next_dagrun for orders_kafka_to_s3 to 2026-04-30 00:00:00+00:00, run_after=2026-05-01 00:00:00+00:00
[2026-04-30T18:50:13.768+0000] {processor.py:208} INFO - Processing /opt/airflow/dags/main.py took 0.538 seconds
[2026-04-30T18:50:44.066+0000] {processor.py:186} INFO - Started process (PID=1225) to work on /opt/airflow/dags/main.py
[2026-04-30T18:50:44.069+0000] {processor.py:914} INFO - Processing file /opt/airflow/dags/main.py for tasks to queue
[2026-04-30T18:50:44.078+0000] {logging_mixin.py:190} INFO - [2026-04-30T18:50:44.077+0000] {dagbag.py:588} INFO - Filling up the DagBag from /opt/airflow/dags/main.py
[2026-04-30T18:50:44.521+0000] {processor.py:925} INFO - DAG(s) 'orders_kafka_to_s3' retrieved from /opt/airflow/dags/main.py
[2026-04-30T18:50:44.559+0000] {logging_mixin.py:190} INFO - [2026-04-30T18:50:44.559+0000] {dag.py:3239} INFO - Sync 1 DAGs
[2026-04-30T18:50:44.603+0000] {logging_mixin.py:190} INFO - [2026-04-30T18:50:44.603+0000] {dag.py:4180} INFO - Setting next_dagrun for orders_kafka_to_s3 to 2026-04-30 00:00:00+00:00, run_after=2026-05-01 00:00:00+00:00
[2026-04-30T18:50:44.629+0000] {processor.py:208} INFO - Processing /opt/airflow/dags/main.py took 0.581 seconds
[2026-04-30T18:51:14.798+0000] {processor.py:186} INFO - Started process (PID=1232) to work on /opt/airflow/dags/main.py
[2026-04-30T18:51:14.800+0000] {processor.py:914} INFO - Processing file /opt/airflow/dags/main.py for tasks to queue
[2026-04-30T18:51:14.805+0000] {logging_mixin.py:190} INFO - [2026-04-30T18:51:14.804+0000] {dagbag.py:588} INFO - Filling up the DagBag from /opt/airflow/dags/main.py
[2026-04-30T18:51:15.180+0000] {processor.py:925} INFO - DAG(s) 'orders_kafka_to_s3' retrieved from /opt/airflow/dags/main.py
[2026-04-30T18:51:15.211+0000] {logging_mixin.py:190} INFO - [2026-04-30T18:51:15.211+0000] {dag.py:3239} INFO - Sync 1 DAGs
[2026-04-30T18:51:15.240+0000] {logging_mixin.py:190} INFO - [2026-04-30T18:51:15.240+0000] {dag.py:4180} INFO - Setting next_dagrun for orders_kafka_to_s3 to 2026-04-30 00:00:00+00:00, run_after=2026-05-01 00:00:00+00:00
[2026-04-30T18:51:15.267+0000] {processor.py:208} INFO - Processing /opt/airflow/dags/main.py took 0.486 seconds
[2026-04-30T18:51:45.594+0000] {processor.py:186} INFO - Started process (PID=1239) to work on /opt/airflow/dags/main.py
[2026-04-30T18:51:45.596+0000] {processor.py:914} INFO - Processing file /opt/airflow/dags/main.py for tasks to queue
[2026-04-30T18:51:45.600+0000] {logging_mixin.py:190} INFO - [2026-04-30T18:51:45.599+0000] {dagbag.py:588} INFO - Filling up the DagBag from /opt/airflow/dags/main.py
[2026-04-30T18:51:45.987+0000] {processor.py:925} INFO - DAG(s) 'orders_kafka_to_s3' retrieved from /opt/airflow/dags/main.py
[2026-04-30T18:51:46.021+0000] {logging_mixin.py:190} INFO - [2026-04-30T18:51:46.021+0000] {dag.py:3239} INFO - Sync 1 DAGs
[2026-04-30T18:51:46.050+0000] {logging_mixin.py:190} INFO - [2026-04-30T18:51:46.049+0000] {dag.py:4180} INFO - Setting next_dagrun for orders_kafka_to_s3 to 2026-04-30 00:00:00+00:00, run_after=2026-05-01 00:00:00+00:00
[2026-04-30T18:51:46.075+0000] {processor.py:208} INFO - Processing /opt/airflow/dags/main.py took 0.495 seconds
[2026-04-30T18:52:16.655+0000] {processor.py:186} INFO - Started process (PID=1246) to work on /opt/airflow/dags/main.py
[2026-04-30T18:52:16.657+0000] {processor.py:914} INFO - Processing file /opt/airflow/dags/main.py for tasks to queue
[2026-04-30T18:52:16.663+0000] {logging_mixin.py:190} INFO - [2026-04-30T18:52:16.662+0000] {dagbag.py:588} INFO - Filling up the DagBag from /opt/airflow/dags/main.py
[2026-04-30T18:52:17.095+0000] {processor.py:925} INFO - DAG(s) 'orders_kafka_to_s3' retrieved from /opt/airflow/dags/main.py
[2026-04-30T18:52:17.136+0000] {logging_mixin.py:190} INFO - [2026-04-30T18:52:17.136+0000] {dag.py:3239} INFO - Sync 1 DAGs
[2026-04-30T18:52:17.173+0000] {logging_mixin.py:190} INFO - [2026-04-30T18:52:17.173+0000] {dag.py:4180} INFO - Setting next_dagrun for orders_kafka_to_s3 to 2026-04-30 00:00:00+00:00, run_after=2026-05-01 00:00:00+00:00
[2026-04-30T18:52:17.199+0000] {processor.py:208} INFO - Processing /opt/airflow/dags/main.py took 0.566 seconds
[2026-04-30T18:52:47.591+0000] {processor.py:186} INFO - Started process (PID=1253) to work on /opt/airflow/dags/main.py
[2026-04-30T18:52:47.592+0000] {processor.py:914} INFO - Processing file /opt/airflow/dags/main.py for tasks to queue
[2026-04-30T18:52:47.597+0000] {logging_mixin.py:190} INFO - [2026-04-30T18:52:47.596+0000] {dagbag.py:588} INFO - Filling up the DagBag from /opt/airflow/dags/main.py
[2026-04-30T18:52:47.964+0000] {processor.py:925} INFO - DAG(s) 'orders_kafka_to_s3' retrieved from /opt/airflow/dags/main.py
[2026-04-30T18:52:48.013+0000] {logging_mixin.py:190} INFO - [2026-04-30T18:52:48.013+0000] {dag.py:3239} INFO - Sync 1 DAGs
[2026-04-30T18:52:48.047+0000] {logging_mixin.py:190} INFO - [2026-04-30T18:52:48.046+0000] {dag.py:4180} INFO - Setting next_dagrun for orders_kafka_to_s3 to 2026-04-30 00:00:00+00:00, run_after=2026-05-01 00:00:00+00:00
[2026-04-30T18:52:48.090+0000] {processor.py:208} INFO - Processing /opt/airflow/dags/main.py took 0.510 seconds
[2026-04-30T18:53:18.568+0000] {processor.py:186} INFO - Started process (PID=1260) to work on /opt/airflow/dags/main.py
[2026-04-30T18:53:18.572+0000] {processor.py:914} INFO - Processing file /opt/airflow/dags/main.py for tasks to queue
[2026-04-30T18:53:18.576+0000] {logging_mixin.py:190} INFO - [2026-04-30T18:53:18.576+0000] {dagbag.py:588} INFO - Filling up the DagBag from /opt/airflow/dags/main.py
[2026-04-30T18:53:18.735+0000] {processor.py:925} INFO - DAG(s) 'orders_kafka_to_s3' retrieved from /opt/airflow/dags/main.py
[2026-04-30T18:53:18.986+0000] {logging_mixin.py:190} INFO - [2026-04-30T18:53:18.986+0000] {dag.py:3239} INFO - Sync 1 DAGs
[2026-04-30T18:53:19.038+0000] {logging_mixin.py:190} INFO - [2026-04-30T18:53:19.037+0000] {dag.py:4180} INFO - Setting next_dagrun for orders_kafka_to_s3 to 2026-04-30 00:00:00+00:00, run_after=2026-05-01 00:00:00+00:00
[2026-04-30T18:53:19.092+0000] {processor.py:208} INFO - Processing /opt/airflow/dags/main.py took 0.536 seconds
[2026-04-30T18:53:49.565+0000] {processor.py:186} INFO - Started process (PID=1267) to work on /opt/airflow/dags/main.py
[2026-04-30T18:53:49.567+0000] {processor.py:914} INFO - Processing file /opt/airflow/dags/main.py for tasks to queue
[2026-04-30T18:53:49.571+0000] {logging_mixin.py:190} INFO - [2026-04-30T18:53:49.571+0000] {dagbag.py:588} INFO - Filling up the DagBag from /opt/airflow/dags/main.py
[2026-04-30T18:53:49.960+0000] {processor.py:925} INFO - DAG(s) 'orders_kafka_to_s3' retrieved from /opt/airflow/dags/main.py
[2026-04-30T18:53:50.008+0000] {logging_mixin.py:190} INFO - [2026-04-30T18:53:50.008+0000] {dag.py:3239} INFO - Sync 1 DAGs
[2026-04-30T18:53:50.060+0000] {logging_mixin.py:190} INFO - [2026-04-30T18:53:50.060+0000] {dag.py:4180} INFO - Setting next_dagrun for orders_kafka_to_s3 to 2026-04-30 00:00:00+00:00, run_after=2026-05-01 00:00:00+00:00
[2026-04-30T18:53:50.105+0000] {processor.py:208} INFO - Processing /opt/airflow/dags/main.py took 0.549 seconds
[2026-04-30T18:54:20.674+0000] {processor.py:186} INFO - Started process (PID=1274) to work on /opt/airflow/dags/main.py
[2026-04-30T18:54:20.677+0000] {processor.py:914} INFO - Processing file /opt/airflow/dags/main.py for tasks to queue
[2026-04-30T18:54:20.682+0000] {logging_mixin.py:190} INFO - [2026-04-30T18:54:20.682+0000] {dagbag.py:588} INFO - Filling up the DagBag from /opt/airflow/dags/main.py
[2026-04-30T18:54:21.101+0000] {processor.py:925} INFO - DAG(s) 'orders_kafka_to_s3' retrieved from /opt/airflow/dags/main.py
[2026-04-30T18:54:21.148+0000] {logging_mixin.py:190} INFO - [2026-04-30T18:54:21.148+0000] {dag.py:3239} INFO - Sync 1 DAGs
[2026-04-30T18:54:21.184+0000] {logging_mixin.py:190} INFO - [2026-04-30T18:54:21.184+0000] {dag.py:4180} INFO - Setting next_dagrun for orders_kafka_to_s3 to 2026-04-30 00:00:00+00:00, run_after=2026-05-01 00:00:00+00:00
[2026-04-30T18:54:21.213+0000] {processor.py:208} INFO - Processing /opt/airflow/dags/main.py took 0.554 seconds
[2026-04-30T18:54:51.524+0000] {processor.py:186} INFO - Started process (PID=1281) to work on /opt/airflow/dags/main.py
[2026-04-30T18:54:51.527+0000] {processor.py:914} INFO - Processing file /opt/airflow/dags/main.py for tasks to queue
[2026-04-30T18:54:51.533+0000] {logging_mixin.py:190} INFO - [2026-04-30T18:54:51.532+0000] {dagbag.py:588} INFO - Filling up the DagBag from /opt/airflow/dags/main.py
[2026-04-30T18:54:51.939+0000] {processor.py:925} INFO - DAG(s) 'orders_kafka_to_s3' retrieved from /opt/airflow/dags/main.py
[2026-04-30T18:54:51.970+0000] {logging_mixin.py:190} INFO - [2026-04-30T18:54:51.969+0000] {dag.py:3239} INFO - Sync 1 DAGs
[2026-04-30T18:54:51.998+0000] {logging_mixin.py:190} INFO - [2026-04-30T18:54:51.998+0000] {dag.py:4180} INFO - Setting next_dagrun for orders_kafka_to_s3 to 2026-04-30 00:00:00+00:00, run_after=2026-05-01 00:00:00+00:00
[2026-04-30T18:54:52.039+0000] {processor.py:208} INFO - Processing /opt/airflow/dags/main.py took 0.533 seconds
[2026-04-30T18:55:22.602+0000] {processor.py:186} INFO - Started process (PID=1288) to work on /opt/airflow/dags/main.py
[2026-04-30T18:55:22.605+0000] {processor.py:914} INFO - Processing file /opt/airflow/dags/main.py for tasks to queue
[2026-04-30T18:55:22.613+0000] {logging_mixin.py:190} INFO - [2026-04-30T18:55:22.612+0000] {dagbag.py:588} INFO - Filling up the DagBag from /opt/airflow/dags/main.py
[2026-04-30T18:55:22.589+0000] {processor.py:925} INFO - DAG(s) 'orders_kafka_to_s3' retrieved from /opt/airflow/dags/main.py
[2026-04-30T18:55:22.619+0000] {logging_mixin.py:190} INFO - [2026-04-30T18:55:22.619+0000] {dag.py:3239} INFO - Sync 1 DAGs
[2026-04-30T18:55:22.647+0000] {logging_mixin.py:190} INFO - [2026-04-30T18:55:22.647+0000] {dag.py:4180} INFO - Setting next_dagrun for orders_kafka_to_s3 to 2026-04-30 00:00:00+00:00, run_after=2026-05-01 00:00:00+00:00
[2026-04-30T18:55:22.012+0000] {processor.py:208} INFO - Processing /opt/airflow/dags/main.py took 0.552 seconds
[2026-04-30T18:55:52.382+0000] {processor.py:186} INFO - Started process (PID=1294) to work on /opt/airflow/dags/main.py
[2026-04-30T18:55:52.383+0000] {processor.py:914} INFO - Processing file /opt/airflow/dags/main.py for tasks to queue
[2026-04-30T18:55:52.387+0000] {logging_mixin.py:190} INFO - [2026-04-30T18:55:52.386+0000] {dagbag.py:588} INFO - Filling up the DagBag from /opt/airflow/dags/main.py
[2026-04-30T18:55:52.765+0000] {processor.py:925} INFO - DAG(s) 'orders_kafka_to_s3' retrieved from /opt/airflow/dags/main.py
[2026-04-30T18:55:52.797+0000] {logging_mixin.py:190} INFO - [2026-04-30T18:55:52.797+0000] {dag.py:3239} INFO - Sync 1 DAGs
[2026-04-30T18:55:52.826+0000] {logging_mixin.py:190} INFO - [2026-04-30T18:55:52.825+0000] {dag.py:4180} INFO - Setting next_dagrun for orders_kafka_to_s3 to 2026-04-30 00:00:00+00:00, run_after=2026-05-01 00:00:00+00:00
[2026-04-30T18:55:52.854+0000] {processor.py:208} INFO - Processing /opt/airflow/dags/main.py took 0.482 seconds
[2026-04-30T18:56:22.952+0000] {processor.py:186} INFO - Started process (PID=1301) to work on /opt/airflow/dags/main.py
[2026-04-30T18:56:22.953+0000] {processor.py:914} INFO - Processing file /opt/airflow/dags/main.py for tasks to queue
[2026-04-30T18:56:22.956+0000] {logging_mixin.py:190} INFO - [2026-04-30T18:56:22.955+0000] {dagbag.py:588} INFO - Filling up the DagBag from /opt/airflow/dags/main.py
[2026-04-30T18:56:23.338+0000] {processor.py:925} INFO - DAG(s) 'orders_kafka_to_s3' retrieved from /opt/airflow/dags/main.py
[2026-04-30T18:56:23.390+0000] {logging_mixin.py:190} INFO - [2026-04-30T18:56:23.390+0000] {dag.py:3239} INFO - Sync 1 DAGs
[2026-04-30T18:56:23.419+0000] {logging_mixin.py:190} INFO - [2026-04-30T18:56:23.419+0000] {dag.py:4180} INFO - Setting next_dagrun for orders_kafka_to_s3 to 2026-04-30 00:00:00+00:00, run_after=2026-05-01 00:00:00+00:00
[2026-04-30T18:56:23.443+0000] {processor.py:208} INFO - Processing /opt/airflow/dags/main.py took 0.499 seconds
[2026-04-30T18:56:54.177+0000] {processor.py:186} INFO - Started process (PID=1308) to work on /opt/airflow/dags/main.py
[2026-04-30T18:56:54.179+0000] {processor.py:914} INFO - Processing file /opt/airflow/dags/main.py for tasks to queue
[2026-04-30T18:56:54.183+0000] {logging_mixin.py:190} INFO - [2026-04-30T18:56:54.182+0000] {dagbag.py:588} INFO - Filling up the DagBag from /opt/airflow/dags/main.py
[2026-04-30T18:56:54.534+0000] {processor.py:925} INFO - DAG(s) 'orders_kafka_to_s3' retrieved from /opt/airflow/dags/main.py
[2026-04-30T18:56:54.566+0000] {logging_mixin.py:190} INFO - [2026-04-30T18:56:54.566+0000] {dag.py:3239} INFO - Sync 1 DAGs
[2026-04-30T18:56:54.594+0000] {logging_mixin.py:190} INFO - [2026-04-30T18:56:54.594+0000] {dag.py:4180} INFO - Setting next_dagrun for orders_kafka_to_s3 to 2026-04-30 00:00:00+00:00, run_after=2026-05-01 00:00:00+00:00
[2026-04-30T18:56:54.622+0000] {processor.py:208} INFO - Processing /opt/airflow/dags/main.py took 0.456 seconds
[2026-04-30T18:57:25.317+0000] {processor.py:186} INFO - Started process (PID=1321) to work on /opt/airflow/dags/main.py
[2026-04-30T18:57:25.324+0000] {processor.py:914} INFO - Processing file /opt/airflow/dags/main.py for tasks to queue
[2026-04-30T18:57:25.344+0000] {logging_mixin.py:190} INFO - [2026-04-30T18:57:25.343+0000] {dagbag.py:588} INFO - Filling up the DagBag from /opt/airflow/dags/main.py
[2026-04-30T18:57:25.723+0000] {processor.py:925} INFO - DAG(s) 'orders_kafka_to_s3' retrieved from /opt/airflow/dags/main.py
[2026-04-30T18:57:25.750+0000] {logging_mixin.py:190} INFO - [2026-04-30T18:57:25.749+0000] {dag.py:3239} INFO - Sync 1 DAGs
[2026-04-30T18:57:25.780+0000] {logging_mixin.py:190} INFO - [2026-04-30T18:57:25.778+0000] {dag.py:4180} INFO - Setting next_dagrun for orders_kafka_to_s3 to 2026-04-30 00:00:00+00:00, run_after=2026-05-01 00:00:00+00:00
[2026-04-30T18:57:25.808+0000] {processor.py:208} INFO - Processing /opt/airflow/dags/main.py took 0.567 seconds
[2026-04-30T18:57:56.279+0000] {processor.py:186} INFO - Started process (PID=1328) to work on /opt/airflow/dags/main.py
[2026-04-30T18:57:56.281+0000] {processor.py:914} INFO - Processing file /opt/airflow/dags/main.py for tasks to queue
[2026-04-30T18:57:56.285+0000] {logging_mixin.py:190} INFO - [2026-04-30T18:57:56.285+0000] {dagbag.py:588} INFO - Filling up the DagBag from /opt/airflow/dags/main.py
[2026-04-30T18:57:56.661+0000] {processor.py:925} INFO - DAG(s) 'orders_kafka_to_s3' retrieved from /opt/airflow/dags/main.py
[2026-04-30T18:57:56.690+0000] {logging_mixin.py:190} INFO - [2026-04-30T18:57:56.690+0000] {dag.py:3239} INFO - Sync 1 DAGs
[2026-04-30T18:57:56.718+0000] {logging_mixin.py:190} INFO - [2026-04-30T18:57:56.718+0000] {dag.py:4180} INFO - Setting next_dagrun for orders_kafka_to_s3 to 2026-04-30 00:00:00+00:00, run_after=2026-05-01 00:00:00+00:00
[2026-04-30T18:57:56.742+0000] {processor.py:208} INFO - Processing /opt/airflow/dags/main.py took 0.472 seconds
[2026-04-30T18:58:27.074+0000] {processor.py:186} INFO - Started process (PID=1335) to work on /opt/airflow/dags/main.py
[2026-04-30T18:58:27.078+0000] {processor.py:914} INFO - Processing file /opt/airflow/dags/main.py for tasks to queue
[2026-04-30T18:58:27.089+0000] {logging_mixin.py:190} INFO - [2026-04-30T18:58:27.087+0000] {dagbag.py:588} INFO - Filling up the DagBag from /opt/airflow/dags/main.py
[2026-04-30T18:58:27.468+0000] {processor.py:925} INFO - DAG(s) 'orders_kafka_to_s3' retrieved from /opt/airflow/dags/main.py
[2026-04-30T18:58:27.500+0000] {logging_mixin.py:190} INFO - [2026-04-30T18:58:27.500+0000] {dag.py:3239} INFO - Sync 1 DAGs
[2026-04-30T18:58:27.524+0000] {logging_mixin.py:190} INFO - [2026-04-30T18:58:27.524+0000] {dag.py:4180} INFO - Setting next_dagrun for orders_kafka_to_s3 to 2026-04-30 00:00:00+00:00, run_after=2026-05-01 00:00:00+00:00
[2026-04-30T18:58:27.564+0000] {processor.py:208} INFO - Processing /opt/airflow/dags/main.py took 0.515 seconds
[2026-04-30T18:58:57.909+0000] {processor.py:186} INFO - Started process (PID=1342) to work on /opt/airflow/dags/main.py
[2026-04-30T18:58:57.911+0000] {processor.py:914} INFO - Processing file /opt/airflow/dags/main.py for tasks to queue
[2026-04-30T18:58:57.915+0000] {logging_mixin.py:190} INFO - [2026-04-30T18:58:57.914+0000] {dagbag.py:588} INFO - Filling up the DagBag from /opt/airflow/dags/main.py
[2026-04-30T18:58:58.340+0000] {processor.py:925} INFO - DAG(s) 'orders_kafka_to_s3' retrieved from /opt/airflow/dags/main.py
[2026-04-30T18:58:58.388+0000] {logging_mixin.py:190} INFO - [2026-04-30T18:58:58.388+0000] {dag.py:3239} INFO - Sync 1 DAGs
[2026-04-30T18:58:58.419+0000] {logging_mixin.py:190} INFO - [2026-04-30T18:58:58.419+0000] {dag.py:4180} INFO - Setting next_dagrun for orders_kafka_to_s3 to 2026-04-30 00:00:00+00:00, run_after=2026-05-01 00:00:00+00:00
[2026-04-30T18:58:58.461+0000] {processor.py:208} INFO - Processing /opt/airflow/dags/main.py took 0.560 seconds
[2026-04-30T18:59:28.941+0000] {processor.py:186} INFO - Started process (PID=1349) to work on /opt/airflow/dags/main.py
[2026-04-30T18:59:28.943+0000] {processor.py:914} INFO - Processing file /opt/airflow/dags/main.py for tasks to queue
[2026-04-30T18:59:28.948+0000] {logging_mixin.py:190} INFO - [2026-04-30T18:59:28.947+0000] {dagbag.py:588} INFO - Filling up the DagBag from /opt/airflow/dags/main.py
[2026-04-30T18:59:29.443+0000] {processor.py:925} INFO - DAG(s) 'orders_kafka_to_s3' retrieved from /opt/airflow/dags/main.py
[2026-04-30T18:59:29.494+0000] {logging_mixin.py:190} INFO - [2026-04-30T18:59:29.494+0000] {dag.py:3239} INFO - Sync 1 DAGs
[2026-04-30T18:59:29.527+0000] {logging_mixin.py:190} INFO - [2026-04-30T18:59:29.526+0000] {dag.py:4180} INFO - Setting next_dagrun for orders_kafka_to_s3 to 2026-04-30 00:00:00+00:00, run_after=2026-05-01 00:00:00+00:00
[2026-04-30T18:59:29.563+0000] {processor.py:208} INFO - Processing /opt/airflow/dags/main.py took 0.633 seconds
[2026-04-30T18:59:59.901+0000] {processor.py:186} INFO - Started process (PID=1356) to work on /opt/airflow/dags/main.py
[2026-04-30T18:59:59.903+0000] {processor.py:914} INFO - Processing file /opt/airflow/dags/main.py for tasks to queue
[2026-04-30T18:59:59.910+0000] {logging_mixin.py:190} INFO - [2026-04-30T18:59:59.909+0000] {dagbag.py:588} INFO - Filling up the DagBag from /opt/airflow/dags/main.py
[2026-04-30T19:00:00.383+0000] {processor.py:925} INFO - DAG(s) 'orders_kafka_to_s3' retrieved from /opt/airflow/dags/main.py
[2026-04-30T19:00:00.430+0000] {logging_mixin.py:190} INFO - [2026-04-30T19:00:00.430+0000] {dag.py:3239} INFO - Sync 1 DAGs
[2026-04-30T19:00:00.464+0000] {logging_mixin.py:190} INFO - [2026-04-30T19:00:00.463+0000] {dag.py:4180} INFO - Setting next_dagrun for orders_kafka_to_s3 to 2026-04-30 00:00:00+00:00, run_after=2026-05-01 00:00:00+00:00
[2026-04-30T19:00:00.494+0000] {processor.py:208} INFO - Processing /opt/airflow/dags/main.py took 0.631 seconds
[2026-04-30T19:00:31.031+0000] {processor.py:186} INFO - Started process (PID=1363) to work on /opt/airflow/dags/main.py
[2026-04-30T19:00:31.034+0000] {processor.py:914} INFO - Processing file /opt/airflow/dags/main.py for tasks to queue
[2026-04-30T19:00:31.041+0000] {logging_mixin.py:190} INFO - [2026-04-30T19:00:31.040+0000] {dagbag.py:588} INFO - Filling up the DagBag from /opt/airflow/dags/main.py
[2026-04-30T19:00:31.467+0000] {processor.py:925} INFO - DAG(s) 'orders_kafka_to_s3' retrieved from /opt/airflow/dags/main.py
[2026-04-30T19:00:31.522+0000] {logging_mixin.py:190} INFO - [2026-04-30T19:00:31.522+0000] {dag.py:3239} INFO - Sync 1 DAGs
[2026-04-30T19:00:31.577+0000] {logging_mixin.py:190} INFO - [2026-04-30T19:00:31.576+0000] {dag.py:4180} INFO - Setting next_dagrun for orders_kafka_to_s3 to 2026-04-30 00:00:00+00:00, run_after=2026-05-01 00:00:00+00:00
[2026-04-30T19:00:31.621+0000] {processor.py:208} INFO - Processing /opt/airflow/dags/main.py took 0.613 seconds
[2026-04-30T19:01:01.826+0000] {processor.py:186} INFO - Started process (PID=1370) to work on /opt/airflow/dags/main.py
[2026-04-30T19:01:01.829+0000] {processor.py:914} INFO - Processing file /opt/airflow/dags/main.py for tasks to queue
[2026-04-30T19:01:01.833+0000] {logging_mixin.py:190} INFO - [2026-04-30T19:01:01.833+0000] {dagbag.py:588} INFO - Filling up the DagBag from /opt/airflow/dags/main.py
[2026-04-30T19:01:02.278+0000] {processor.py:925} INFO - DAG(s) 'orders_kafka_to_s3' retrieved from /opt/airflow/dags/main.py
[2026-04-30T19:01:02.309+0000] {logging_mixin.py:190} INFO - [2026-04-30T19:01:02.309+0000] {dag.py:3239} INFO - Sync 1 DAGs
[2026-04-30T19:01:02.337+0000] {logging_mixin.py:190} INFO - [2026-04-30T19:01:02.336+0000] {dag.py:4180} INFO - Setting next_dagrun for orders_kafka_to_s3 to 2026-04-30 00:00:00+00:00, run_after=2026-05-01 00:00:00+00:00
[2026-04-30T19:01:02.361+0000] {processor.py:208} INFO - Processing /opt/airflow/dags/main.py took 0.546 seconds
[2026-04-30T19:01:32.943+0000] {processor.py:186} INFO - Started process (PID=1377) to work on /opt/airflow/dags/main.py
[2026-04-30T19:01:32.946+0000] {processor.py:914} INFO - Processing file /opt/airflow/dags/main.py for tasks to queue
[2026-04-30T19:01:32.951+0000] {logging_mixin.py:190} INFO - [2026-04-30T19:01:32.951+0000] {dagbag.py:588} INFO - Filling up the DagBag from /opt/airflow/dags/main.py
[2026-04-30T19:01:33.403+0000] {processor.py:925} INFO - DAG(s) 'orders_kafka_to_s3' retrieved from /opt/airflow/dags/main.py
[2026-04-30T19:01:33.434+0000] {logging_mixin.py:190} INFO - [2026-04-30T19:01:33.434+0000] {dag.py:3239} INFO - Sync 1 DAGs
[2026-04-30T19:01:33.463+0000] {logging_mixin.py:190} INFO - [2026-04-30T19:01:33.462+0000] {dag.py:4180} INFO - Setting next_dagrun for orders_kafka_to_s3 to 2026-04-30 00:00:00+00:00, run_after=2026-05-01 00:00:00+00:00
[2026-04-30T19:01:33.490+0000] {processor.py:208} INFO - Processing /opt/airflow/dags/main.py took 0.574 seconds
[2026-04-30T19:02:03.836+0000] {processor.py:186} INFO - Started process (PID=1385) to work on /opt/airflow/dags/main.py
[2026-04-30T19:02:03.838+0000] {processor.py:914} INFO - Processing file /opt/airflow/dags/main.py for tasks to queue
[2026-04-30T19:02:03.841+0000] {logging_mixin.py:190} INFO - [2026-04-30T19:02:03.841+0000] {dagbag.py:588} INFO - Filling up the DagBag from /opt/airflow/dags/main.py
[2026-04-30T19:02:04.250+0000] {processor.py:925} INFO - DAG(s) 'orders_kafka_to_s3' retrieved from /opt/airflow/dags/main.py
[2026-04-30T19:02:04.289+0000] {logging_mixin.py:190} INFO - [2026-04-30T19:02:04.288+0000] {dag.py:3239} INFO - Sync 1 DAGs
[2026-04-30T19:02:04.322+0000] {logging_mixin.py:190} INFO - [2026-04-30T19:02:04.321+0000] {dag.py:4180} INFO - Setting next_dagrun for orders_kafka_to_s3 to 2026-04-30 00:00:00+00:00, run_after=2026-05-01 00:00:00+00:00
[2026-04-30T19:02:04.354+0000] {processor.py:208} INFO - Processing /opt/airflow/dags/main.py took 0.526 seconds
[2026-04-30T19:02:34.811+0000] {processor.py:186} INFO - Started process (PID=1392) to work on /opt/airflow/dags/main.py
[2026-04-30T19:02:34.813+0000] {processor.py:914} INFO - Processing file /opt/airflow/dags/main.py for tasks to queue
[2026-04-30T19:02:34.817+0000] {logging_mixin.py:190} INFO - [2026-04-30T19:02:34.816+0000] {dagbag.py:588} INFO - Filling up the DagBag from /opt/airflow/dags/main.py
[2026-04-30T19:02:35.249+0000] {processor.py:925} INFO - DAG(s) 'orders_kafka_to_s3' retrieved from /opt/airflow/dags/main.py
[2026-04-30T19:02:35.285+0000] {logging_mixin.py:190} INFO - [2026-04-30T19:02:35.284+0000] {dag.py:3239} INFO - Sync 1 DAGs
[2026-04-30T19:02:35.319+0000] {logging_mixin.py:190} INFO - [2026-04-30T19:02:35.318+0000] {dag.py:4180} INFO - Setting next_dagrun for orders_kafka_to_s3 to 2026-04-30 00:00:00+00:00, run_after=2026-05-01 00:00:00+00:00
[2026-04-30T19:02:35.356+0000] {processor.py:208} INFO - Processing /opt/airflow/dags/main.py took 0.555 seconds
[2026-04-30T19:03:05.648+0000] {processor.py:186} INFO - Started process (PID=1399) to work on /opt/airflow/dags/main.py
[2026-04-30T19:03:05.653+0000] {processor.py:914} INFO - Processing file /opt/airflow/dags/main.py for tasks to queue
[2026-04-30T19:03:05.672+0000] {logging_mixin.py:190} INFO - [2026-04-30T19:03:05.670+0000] {dagbag.py:588} INFO - Filling up the DagBag from /opt/airflow/dags/main.py
[2026-04-30T19:03:06.450+0000] {processor.py:925} INFO - DAG(s) 'orders_kafka_to_s3' retrieved from /opt/airflow/dags/main.py
[2026-04-30T19:03:06.514+0000] {logging_mixin.py:190} INFO - [2026-04-30T19:03:06.513+0000] {dag.py:3239} INFO - Sync 1 DAGs
[2026-04-30T19:03:06.586+0000] {logging_mixin.py:190} INFO - [2026-04-30T19:03:06.586+0000] {dag.py:4180} INFO - Setting next_dagrun for orders_kafka_to_s3 to 2026-04-30 00:00:00+00:00, run_after=2026-05-01 00:00:00+00:00
[2026-04-30T19:03:06.646+0000] {processor.py:208} INFO - Processing /opt/airflow/dags/main.py took 1.029 seconds
[2026-04-30T19:03:37.321+0000] {processor.py:186} INFO - Started process (PID=1406) to work on /opt/airflow/dags/main.py
[2026-04-30T19:03:37.324+0000] {processor.py:914} INFO - Processing file /opt/airflow/dags/main.py for tasks to queue
[2026-04-30T19:03:37.332+0000] {logging_mixin.py:190} INFO - [2026-04-30T19:03:37.331+0000] {dagbag.py:588} INFO - Filling up the DagBag from /opt/airflow/dags/main.py
[2026-04-30T19:03:38.235+0000] {processor.py:925} INFO - DAG(s) 'orders_kafka_to_s3' retrieved from /opt/airflow/dags/main.py
[2026-04-30T19:03:38.297+0000] {logging_mixin.py:190} INFO - [2026-04-30T19:03:38.297+0000] {dag.py:3239} INFO - Sync 1 DAGs
[2026-04-30T19:03:38.351+0000] {logging_mixin.py:190} INFO - [2026-04-30T19:03:38.350+0000] {dag.py:4180} INFO - Setting next_dagrun for orders_kafka_to_s3 to 2026-04-30 00:00:00+00:00, run_after=2026-05-01 00:00:00+00:00
[2026-04-30T19:03:38.400+0000] {processor.py:208} INFO - Processing /opt/airflow/dags/main.py took 1.098 seconds
[2026-04-30T19:04:08.987+0000] {processor.py:186} INFO - Started process (PID=1412) to work on /opt/airflow/dags/main.py
[2026-04-30T19:04:08.992+0000] {processor.py:914} INFO - Processing file /opt/airflow/dags/main.py for tasks to queue
[2026-04-30T19:04:09.000+0000] {logging_mixin.py:190} INFO - [2026-04-30T19:04:08.999+0000] {dagbag.py:588} INFO - Filling up the DagBag from /opt/airflow/dags/main.py
[2026-04-30T19:04:09.574+0000] {processor.py:925} INFO - DAG(s) 'orders_kafka_to_s3' retrieved from /opt/airflow/dags/main.py
[2026-04-30T19:04:09.642+0000] {logging_mixin.py:190} INFO - [2026-04-30T19:04:09.641+0000] {dag.py:3239} INFO - Sync 1 DAGs
[2026-04-30T19:04:09.705+0000] {logging_mixin.py:190} INFO - [2026-04-30T19:04:09.704+0000] {dag.py:4180} INFO - Setting next_dagrun for orders_kafka_to_s3 to 2026-04-30 00:00:00+00:00, run_after=2026-05-01 00:00:00+00:00
[2026-04-30T19:04:09.747+0000] {processor.py:208} INFO - Processing /opt/airflow/dags/main.py took 0.854 seconds
[2026-04-30T19:04:40.393+0000] {processor.py:186} INFO - Started process (PID=1425) to work on /opt/airflow/dags/main.py
[2026-04-30T19:04:40.399+0000] {processor.py:914} INFO - Processing file /opt/airflow/dags/main.py for tasks to queue
[2026-04-30T19:04:40.412+0000] {logging_mixin.py:190} INFO - [2026-04-30T19:04:40.411+0000] {dagbag.py:588} INFO - Filling up the DagBag from /opt/airflow/dags/main.py
[2026-04-30T19:04:41.535+0000] {processor.py:925} INFO - DAG(s) 'orders_kafka_to_s3' retrieved from /opt/airflow/dags/main.py
[2026-04-30T19:04:41.646+0000] {logging_mixin.py:190} INFO - [2026-04-30T19:04:41.645+0000] {dag.py:3239} INFO - Sync 1 DAGs
[2026-04-30T19:04:41.769+0000] {logging_mixin.py:190} INFO - [2026-04-30T19:04:41.767+0000] {dag.py:4180} INFO - Setting next_dagrun for orders_kafka_to_s3 to 2026-04-30 00:00:00+00:00, run_after=2026-05-01 00:00:00+00:00
[2026-04-30T19:04:41.847+0000] {processor.py:208} INFO - Processing /opt/airflow/dags/main.py took 1.486 seconds
[2026-04-30T19:05:12.573+0000] {processor.py:186} INFO - Started process (PID=1433) to work on /opt/airflow/dags/main.py
[2026-04-30T19:05:12.582+0000] {processor.py:914} INFO - Processing file /opt/airflow/dags/main.py for tasks to queue
[2026-04-30T19:05:12.608+0000] {logging_mixin.py:190} INFO - [2026-04-30T19:05:12.604+0000] {dagbag.py:588} INFO - Filling up the DagBag from /opt/airflow/dags/main.py
[2026-04-30T19:05:13.836+0000] {processor.py:925} INFO - DAG(s) 'orders_kafka_to_s3' retrieved from /opt/airflow/dags/main.py
[2026-04-30T19:05:13.921+0000] {logging_mixin.py:190} INFO - [2026-04-30T19:05:13.920+0000] {dag.py:3239} INFO - Sync 1 DAGs
[2026-04-30T19:05:14.023+0000] {logging_mixin.py:190} INFO - [2026-04-30T19:05:14.022+0000] {dag.py:4180} INFO - Setting next_dagrun for orders_kafka_to_s3 to 2026-04-30 00:00:00+00:00, run_after=2026-05-01 00:00:00+00:00
[2026-04-30T19:05:14.115+0000] {processor.py:208} INFO - Processing /opt/airflow/dags/main.py took 1.582 seconds
[2026-04-30T19:05:44.547+0000] {processor.py:186} INFO - Started process (PID=1440) to work on /opt/airflow/dags/main.py
[2026-04-30T19:05:44.549+0000] {processor.py:914} INFO - Processing file /opt/airflow/dags/main.py for tasks to queue
[2026-04-30T19:05:44.555+0000] {logging_mixin.py:190} INFO - [2026-04-30T19:05:44.554+0000] {dagbag.py:588} INFO - Filling up the DagBag from /opt/airflow/dags/main.py
[2026-04-30T19:05:45.098+0000] {processor.py:925} INFO - DAG(s) 'orders_kafka_to_s3' retrieved from /opt/airflow/dags/main.py
[2026-04-30T19:05:45.154+0000] {logging_mixin.py:190} INFO - [2026-04-30T19:05:45.154+0000] {dag.py:3239} INFO - Sync 1 DAGs
[2026-04-30T19:05:45.263+0000] {logging_mixin.py:190} INFO - [2026-04-30T19:05:45.262+0000] {dag.py:4180} INFO - Setting next_dagrun for orders_kafka_to_s3 to 2026-04-30 00:00:00+00:00, run_after=2026-05-01 00:00:00+00:00
[2026-04-30T19:05:45.342+0000] {processor.py:208} INFO - Processing /opt/airflow/dags/main.py took 0.808 seconds
[2026-04-30T19:06:15.700+0000] {processor.py:186} INFO - Started process (PID=1447) to work on /opt/airflow/dags/main.py
[2026-04-30T19:06:15.705+0000] {processor.py:914} INFO - Processing file /opt/airflow/dags/main.py for tasks to queue
[2026-04-30T19:06:15.721+0000] {logging_mixin.py:190} INFO - [2026-04-30T19:06:15.719+0000] {dagbag.py:588} INFO - Filling up the DagBag from /opt/airflow/dags/main.py
[2026-04-30T19:06:16.733+0000] {processor.py:925} INFO - DAG(s) 'orders_kafka_to_s3' retrieved from /opt/airflow/dags/main.py
[2026-04-30T19:06:16.796+0000] {logging_mixin.py:190} INFO - [2026-04-30T19:06:16.795+0000] {dag.py:3239} INFO - Sync 1 DAGs
[2026-04-30T19:06:16.862+0000] {logging_mixin.py:190} INFO - [2026-04-30T19:06:16.861+0000] {dag.py:4180} INFO - Setting next_dagrun for orders_kafka_to_s3 to 2026-04-30 00:00:00+00:00, run_after=2026-05-01 00:00:00+00:00
[2026-04-30T19:06:16.916+0000] {processor.py:208} INFO - Processing /opt/airflow/dags/main.py took 1.251 seconds
[2026-04-30T19:06:47.159+0000] {processor.py:186} INFO - Started process (PID=1454) to work on /opt/airflow/dags/main.py
[2026-04-30T19:06:47.165+0000] {processor.py:914} INFO - Processing file /opt/airflow/dags/main.py for tasks to queue
[2026-04-30T19:06:47.186+0000] {logging_mixin.py:190} INFO - [2026-04-30T19:06:47.184+0000] {dagbag.py:588} INFO - Filling up the DagBag from /opt/airflow/dags/main.py
[2026-04-30T19:06:48.476+0000] {processor.py:925} INFO - DAG(s) 'orders_kafka_to_s3' retrieved from /opt/airflow/dags/main.py
[2026-04-30T19:06:48.549+0000] {logging_mixin.py:190} INFO - [2026-04-30T19:06:48.548+0000] {dag.py:3239} INFO - Sync 1 DAGs
[2026-04-30T19:06:48.611+0000] {logging_mixin.py:190} INFO - [2026-04-30T19:06:48.611+0000] {dag.py:4180} INFO - Setting next_dagrun for orders_kafka_to_s3 to 2026-04-30 00:00:00+00:00, run_after=2026-05-01 00:00:00+00:00
[2026-04-30T19:06:48.644+0000] {processor.py:208} INFO - Processing /opt/airflow/dags/main.py took 1.530 seconds
[2026-04-30T19:07:19.272+0000] {processor.py:186} INFO - Started process (PID=1461) to work on /opt/airflow/dags/main.py
[2026-04-30T19:07:19.279+0000] {processor.py:914} INFO - Processing file /opt/airflow/dags/main.py for tasks to queue
[2026-04-30T19:07:19.298+0000] {logging_mixin.py:190} INFO - [2026-04-30T19:07:19.296+0000] {dagbag.py:588} INFO - Filling up the DagBag from /opt/airflow/dags/main.py
[2026-04-30T19:07:20.253+0000] {processor.py:925} INFO - DAG(s) 'orders_kafka_to_s3' retrieved from /opt/airflow/dags/main.py
[2026-04-30T19:07:20.311+0000] {logging_mixin.py:190} INFO - [2026-04-30T19:07:20.311+0000] {dag.py:3239} INFO - Sync 1 DAGs
[2026-04-30T19:07:20.367+0000] {logging_mixin.py:190} INFO - [2026-04-30T19:07:20.366+0000] {dag.py:4180} INFO - Setting next_dagrun for orders_kafka_to_s3 to 2026-04-30 00:00:00+00:00, run_after=2026-05-01 00:00:00+00:00
[2026-04-30T19:07:20.414+0000] {processor.py:208} INFO - Processing /opt/airflow/dags/main.py took 1.184 seconds
[2026-04-30T19:07:50.853+0000] {processor.py:186} INFO - Started process (PID=1468) to work on /opt/airflow/dags/main.py
[2026-04-30T19:07:50.858+0000] {processor.py:914} INFO - Processing file /opt/airflow/dags/main.py for tasks to queue
[2026-04-30T19:07:50.875+0000] {logging_mixin.py:190} INFO - [2026-04-30T19:07:50.873+0000] {dagbag.py:588} INFO - Filling up the DagBag from /opt/airflow/dags/main.py
[2026-04-30T19:07:51.880+0000] {processor.py:925} INFO - DAG(s) 'orders_kafka_to_s3' retrieved from /opt/airflow/dags/main.py
[2026-04-30T19:07:51.977+0000] {logging_mixin.py:190} INFO - [2026-04-30T19:07:51.976+0000] {dag.py:3239} INFO - Sync 1 DAGs
[2026-04-30T19:07:52.085+0000] {logging_mixin.py:190} INFO - [2026-04-30T19:07:52.084+0000] {dag.py:4180} INFO - Setting next_dagrun for orders_kafka_to_s3 to 2026-04-30 00:00:00+00:00, run_after=2026-05-01 00:00:00+00:00
[2026-04-30T19:07:52.175+0000] {processor.py:208} INFO - Processing /opt/airflow/dags/main.py took 1.356 seconds
[2026-04-30T19:08:23.112+0000] {processor.py:186} INFO - Started process (PID=1475) to work on /opt/airflow/dags/main.py
[2026-04-30T19:08:23.118+0000] {processor.py:914} INFO - Processing file /opt/airflow/dags/main.py for tasks to queue
[2026-04-30T19:08:23.142+0000] {logging_mixin.py:190} INFO - [2026-04-30T19:08:23.140+0000] {dagbag.py:588} INFO - Filling up the DagBag from /opt/airflow/dags/main.py
[2026-04-30T19:08:24.028+0000] {processor.py:925} INFO - DAG(s) 'orders_kafka_to_s3' retrieved from /opt/airflow/dags/main.py
[2026-04-30T19:08:24.073+0000] {logging_mixin.py:190} INFO - [2026-04-30T19:08:24.073+0000] {dag.py:3239} INFO - Sync 1 DAGs
[2026-04-30T19:08:24.121+0000] {logging_mixin.py:190} INFO - [2026-04-30T19:08:24.121+0000] {dag.py:4180} INFO - Setting next_dagrun for orders_kafka_to_s3 to 2026-04-30 00:00:00+00:00, run_after=2026-05-01 00:00:00+00:00
[2026-04-30T19:08:24.163+0000] {processor.py:208} INFO - Processing /opt/airflow/dags/main.py took 1.081 seconds
