[2026-05-03T16:12:02.662+0000] {processor.py:186} INFO - Started process (PID=66) to work on /opt/airflow/dags/main.py
[2026-05-03T16:12:02.680+0000] {processor.py:914} INFO - Processing file /opt/airflow/dags/main.py for tasks to queue
[2026-05-03T16:12:02.708+0000] {logging_mixin.py:190} INFO - [2026-05-03T16:12:02.698+0000] {dagbag.py:588} INFO - Filling up the DagBag from /opt/airflow/dags/main.py
[2026-05-03T16:12:04.420+0000] {processor.py:925} INFO - DAG(s) 'orders_kafka_to_s3' retrieved from /opt/airflow/dags/main.py
[2026-05-03T16:12:04.544+0000] {logging_mixin.py:190} INFO - [2026-05-03T16:12:04.543+0000] {dag.py:3239} INFO - Sync 1 DAGs
[2026-05-03T16:12:04.624+0000] {logging_mixin.py:190} INFO - [2026-05-03T16:12:04.624+0000] {dag.py:4180} INFO - Setting next_dagrun for orders_kafka_to_s3 to 2026-05-03 00:00:00+00:00, run_after=2026-05-04 00:00:00+00:00
[2026-05-03T16:12:04.689+0000] {processor.py:208} INFO - Processing /opt/airflow/dags/main.py took 2.108 seconds
[2026-05-03T16:12:35.634+0000] {processor.py:186} INFO - Started process (PID=72) to work on /opt/airflow/dags/main.py
[2026-05-03T16:12:35.667+0000] {processor.py:914} INFO - Processing file /opt/airflow/dags/main.py for tasks to queue
[2026-05-03T16:12:35.737+0000] {logging_mixin.py:190} INFO - [2026-05-03T16:12:35.715+0000] {dagbag.py:588} INFO - Filling up the DagBag from /opt/airflow/dags/main.py
[2026-05-03T16:12:36.374+0000] {processor.py:925} INFO - DAG(s) 'orders_kafka_to_s3' retrieved from /opt/airflow/dags/main.py
[2026-05-03T16:12:36.496+0000] {logging_mixin.py:190} INFO - [2026-05-03T16:12:36.496+0000] {dag.py:3239} INFO - Sync 1 DAGs
[2026-05-03T16:12:36.662+0000] {logging_mixin.py:190} INFO - [2026-05-03T16:12:36.661+0000] {dag.py:4180} INFO - Setting next_dagrun for orders_kafka_to_s3 to 2026-05-03 00:00:00+00:00, run_after=2026-05-04 00:00:00+00:00
[2026-05-03T16:12:36.730+0000] {processor.py:208} INFO - Processing /opt/airflow/dags/main.py took 1.190 seconds
[2026-05-03T16:13:07.442+0000] {processor.py:186} INFO - Started process (PID=79) to work on /opt/airflow/dags/main.py
[2026-05-03T16:13:07.446+0000] {processor.py:914} INFO - Processing file /opt/airflow/dags/main.py for tasks to queue
[2026-05-03T16:13:07.454+0000] {logging_mixin.py:190} INFO - [2026-05-03T16:13:07.454+0000] {dagbag.py:588} INFO - Filling up the DagBag from /opt/airflow/dags/main.py
[2026-05-03T16:13:07.652+0000] {processor.py:925} INFO - DAG(s) 'orders_kafka_to_s3' retrieved from /opt/airflow/dags/main.py
[2026-05-03T16:13:07.696+0000] {logging_mixin.py:190} INFO - [2026-05-03T16:13:07.696+0000] {dag.py:3239} INFO - Sync 1 DAGs
[2026-05-03T16:13:07.745+0000] {logging_mixin.py:190} INFO - [2026-05-03T16:13:07.744+0000] {dag.py:4180} INFO - Setting next_dagrun for orders_kafka_to_s3 to 2026-05-03 00:00:00+00:00, run_after=2026-05-04 00:00:00+00:00
[2026-05-03T16:13:07.771+0000] {processor.py:208} INFO - Processing /opt/airflow/dags/main.py took 0.360 seconds
[2026-05-03T16:13:37.885+0000] {processor.py:186} INFO - Started process (PID=86) to work on /opt/airflow/dags/main.py
[2026-05-03T16:13:37.887+0000] {processor.py:914} INFO - Processing file /opt/airflow/dags/main.py for tasks to queue
[2026-05-03T16:13:37.892+0000] {logging_mixin.py:190} INFO - [2026-05-03T16:13:37.891+0000] {dagbag.py:588} INFO - Filling up the DagBag from /opt/airflow/dags/main.py
[2026-05-03T16:13:38.063+0000] {processor.py:925} INFO - DAG(s) 'orders_kafka_to_s3' retrieved from /opt/airflow/dags/main.py
[2026-05-03T16:13:38.100+0000] {logging_mixin.py:190} INFO - [2026-05-03T16:13:38.100+0000] {dag.py:3239} INFO - Sync 1 DAGs
[2026-05-03T16:13:38.134+0000] {logging_mixin.py:190} INFO - [2026-05-03T16:13:38.134+0000] {dag.py:4180} INFO - Setting next_dagrun for orders_kafka_to_s3 to 2026-05-03 00:00:00+00:00, run_after=2026-05-04 00:00:00+00:00
[2026-05-03T16:13:38.161+0000] {processor.py:208} INFO - Processing /opt/airflow/dags/main.py took 0.286 seconds
[2026-05-03T16:14:08.725+0000] {processor.py:186} INFO - Started process (PID=93) to work on /opt/airflow/dags/main.py
[2026-05-03T16:14:08.727+0000] {processor.py:914} INFO - Processing file /opt/airflow/dags/main.py for tasks to queue
[2026-05-03T16:14:08.733+0000] {logging_mixin.py:190} INFO - [2026-05-03T16:14:08.732+0000] {dagbag.py:588} INFO - Filling up the DagBag from /opt/airflow/dags/main.py
[2026-05-03T16:14:08.907+0000] {processor.py:925} INFO - DAG(s) 'orders_kafka_to_s3' retrieved from /opt/airflow/dags/main.py
[2026-05-03T16:14:08.943+0000] {logging_mixin.py:190} INFO - [2026-05-03T16:14:08.942+0000] {dag.py:3239} INFO - Sync 1 DAGs
[2026-05-03T16:14:08.969+0000] {logging_mixin.py:190} INFO - [2026-05-03T16:14:08.969+0000] {dag.py:4180} INFO - Setting next_dagrun for orders_kafka_to_s3 to 2026-05-03 00:00:00+00:00, run_after=2026-05-04 00:00:00+00:00
[2026-05-03T16:14:08.993+0000] {processor.py:208} INFO - Processing /opt/airflow/dags/main.py took 0.284 seconds
[2026-05-03T16:14:39.941+0000] {processor.py:186} INFO - Started process (PID=100) to work on /opt/airflow/dags/main.py
[2026-05-03T16:14:39.944+0000] {processor.py:914} INFO - Processing file /opt/airflow/dags/main.py for tasks to queue
[2026-05-03T16:14:39.951+0000] {logging_mixin.py:190} INFO - [2026-05-03T16:14:39.950+0000] {dagbag.py:588} INFO - Filling up the DagBag from /opt/airflow/dags/main.py
[2026-05-03T16:14:40.169+0000] {processor.py:925} INFO - DAG(s) 'orders_kafka_to_s3' retrieved from /opt/airflow/dags/main.py
[2026-05-03T16:14:40.200+0000] {logging_mixin.py:190} INFO - [2026-05-03T16:14:40.200+0000] {dag.py:3239} INFO - Sync 1 DAGs
[2026-05-03T16:14:40.233+0000] {logging_mixin.py:190} INFO - [2026-05-03T16:14:40.232+0000] {dag.py:4180} INFO - Setting next_dagrun for orders_kafka_to_s3 to 2026-05-03 00:00:00+00:00, run_after=2026-05-04 00:00:00+00:00
[2026-05-03T16:14:40.271+0000] {processor.py:208} INFO - Processing /opt/airflow/dags/main.py took 0.347 seconds
[2026-05-03T16:15:10.758+0000] {processor.py:186} INFO - Started process (PID=107) to work on /opt/airflow/dags/main.py
[2026-05-03T16:15:10.761+0000] {processor.py:914} INFO - Processing file /opt/airflow/dags/main.py for tasks to queue
[2026-05-03T16:15:10.767+0000] {logging_mixin.py:190} INFO - [2026-05-03T16:15:10.766+0000] {dagbag.py:588} INFO - Filling up the DagBag from /opt/airflow/dags/main.py
[2026-05-03T16:15:10.935+0000] {processor.py:925} INFO - DAG(s) 'orders_kafka_to_s3' retrieved from /opt/airflow/dags/main.py
[2026-05-03T16:15:10.965+0000] {logging_mixin.py:190} INFO - [2026-05-03T16:15:10.965+0000] {dag.py:3239} INFO - Sync 1 DAGs
[2026-05-03T16:15:10.990+0000] {logging_mixin.py:190} INFO - [2026-05-03T16:15:10.990+0000] {dag.py:4180} INFO - Setting next_dagrun for orders_kafka_to_s3 to 2026-05-03 00:00:00+00:00, run_after=2026-05-04 00:00:00+00:00
[2026-05-03T16:15:11.029+0000] {processor.py:208} INFO - Processing /opt/airflow/dags/main.py took 0.287 seconds
[2026-05-03T16:15:41.109+0000] {processor.py:186} INFO - Started process (PID=114) to work on /opt/airflow/dags/main.py
[2026-05-03T16:15:41.111+0000] {processor.py:914} INFO - Processing file /opt/airflow/dags/main.py for tasks to queue
[2026-05-03T16:15:41.114+0000] {logging_mixin.py:190} INFO - [2026-05-03T16:15:41.114+0000] {dagbag.py:588} INFO - Filling up the DagBag from /opt/airflow/dags/main.py
[2026-05-03T16:15:41.285+0000] {processor.py:925} INFO - DAG(s) 'orders_kafka_to_s3' retrieved from /opt/airflow/dags/main.py
[2026-05-03T16:15:41.319+0000] {logging_mixin.py:190} INFO - [2026-05-03T16:15:41.318+0000] {dag.py:3239} INFO - Sync 1 DAGs
[2026-05-03T16:15:41.347+0000] {logging_mixin.py:190} INFO - [2026-05-03T16:15:41.347+0000] {dag.py:4180} INFO - Setting next_dagrun for orders_kafka_to_s3 to 2026-05-03 00:00:00+00:00, run_after=2026-05-04 00:00:00+00:00
[2026-05-03T16:15:41.371+0000] {processor.py:208} INFO - Processing /opt/airflow/dags/main.py took 0.271 seconds
[2026-05-03T16:16:12.718+0000] {processor.py:186} INFO - Started process (PID=121) to work on /opt/airflow/dags/main.py
[2026-05-03T16:16:12.720+0000] {processor.py:914} INFO - Processing file /opt/airflow/dags/main.py for tasks to queue
[2026-05-03T16:16:12.726+0000] {logging_mixin.py:190} INFO - [2026-05-03T16:16:12.725+0000] {dagbag.py:588} INFO - Filling up the DagBag from /opt/airflow/dags/main.py
[2026-05-03T16:16:12.928+0000] {processor.py:925} INFO - DAG(s) 'orders_kafka_to_s3' retrieved from /opt/airflow/dags/main.py
[2026-05-03T16:16:12.964+0000] {logging_mixin.py:190} INFO - [2026-05-03T16:16:12.964+0000] {dag.py:3239} INFO - Sync 1 DAGs
[2026-05-03T16:16:13.001+0000] {logging_mixin.py:190} INFO - [2026-05-03T16:16:13.001+0000] {dag.py:4180} INFO - Setting next_dagrun for orders_kafka_to_s3 to 2026-05-03 00:00:00+00:00, run_after=2026-05-04 00:00:00+00:00
[2026-05-03T16:16:14.951+0000] {processor.py:208} INFO - Processing /opt/airflow/dags/main.py took 2.250 seconds
[2026-05-03T16:16:45.669+0000] {processor.py:186} INFO - Started process (PID=128) to work on /opt/airflow/dags/main.py
[2026-05-03T16:16:45.673+0000] {processor.py:914} INFO - Processing file /opt/airflow/dags/main.py for tasks to queue
[2026-05-03T16:16:45.681+0000] {logging_mixin.py:190} INFO - [2026-05-03T16:16:45.680+0000] {dagbag.py:588} INFO - Filling up the DagBag from /opt/airflow/dags/main.py
[2026-05-03T16:16:46.021+0000] {processor.py:925} INFO - DAG(s) 'orders_kafka_to_s3' retrieved from /opt/airflow/dags/main.py
[2026-05-03T16:16:46.075+0000] {logging_mixin.py:190} INFO - [2026-05-03T16:16:46.075+0000] {dag.py:3239} INFO - Sync 1 DAGs
[2026-05-03T16:16:46.303+0000] {logging_mixin.py:190} INFO - [2026-05-03T16:16:46.303+0000] {dag.py:4180} INFO - Setting next_dagrun for orders_kafka_to_s3 to 2026-05-03 00:00:00+00:00, run_after=2026-05-04 00:00:00+00:00
[2026-05-03T16:16:46.334+0000] {processor.py:208} INFO - Processing /opt/airflow/dags/main.py took 0.689 seconds
[2026-05-03T16:17:16.474+0000] {processor.py:186} INFO - Started process (PID=135) to work on /opt/airflow/dags/main.py
[2026-05-03T16:17:16.477+0000] {processor.py:914} INFO - Processing file /opt/airflow/dags/main.py for tasks to queue
[2026-05-03T16:17:16.482+0000] {logging_mixin.py:190} INFO - [2026-05-03T16:17:16.481+0000] {dagbag.py:588} INFO - Filling up the DagBag from /opt/airflow/dags/main.py
[2026-05-03T16:17:16.618+0000] {processor.py:925} INFO - DAG(s) 'orders_kafka_to_s3' retrieved from /opt/airflow/dags/main.py
[2026-05-03T16:17:16.650+0000] {logging_mixin.py:190} INFO - [2026-05-03T16:17:16.650+0000] {dag.py:3239} INFO - Sync 1 DAGs
[2026-05-03T16:17:16.874+0000] {logging_mixin.py:190} INFO - [2026-05-03T16:17:16.873+0000] {dag.py:4180} INFO - Setting next_dagrun for orders_kafka_to_s3 to 2026-05-03 00:00:00+00:00, run_after=2026-05-04 00:00:00+00:00
[2026-05-03T16:17:16.916+0000] {processor.py:208} INFO - Processing /opt/airflow/dags/main.py took 0.457 seconds
[2026-05-03T16:17:46.985+0000] {processor.py:186} INFO - Started process (PID=142) to work on /opt/airflow/dags/main.py
[2026-05-03T16:17:46.987+0000] {processor.py:914} INFO - Processing file /opt/airflow/dags/main.py for tasks to queue
[2026-05-03T16:17:46.990+0000] {logging_mixin.py:190} INFO - [2026-05-03T16:17:46.990+0000] {dagbag.py:588} INFO - Filling up the DagBag from /opt/airflow/dags/main.py
[2026-05-03T16:17:47.122+0000] {processor.py:925} INFO - DAG(s) 'orders_kafka_to_s3' retrieved from /opt/airflow/dags/main.py
[2026-05-03T16:17:47.324+0000] {logging_mixin.py:190} INFO - [2026-05-03T16:17:47.324+0000] {dag.py:3239} INFO - Sync 1 DAGs
[2026-05-03T16:17:47.352+0000] {logging_mixin.py:190} INFO - [2026-05-03T16:17:47.352+0000] {dag.py:4180} INFO - Setting next_dagrun for orders_kafka_to_s3 to 2026-05-03 00:00:00+00:00, run_after=2026-05-04 00:00:00+00:00
[2026-05-03T16:17:47.378+0000] {processor.py:208} INFO - Processing /opt/airflow/dags/main.py took 0.400 seconds
[2026-05-03T16:18:18.345+0000] {processor.py:186} INFO - Started process (PID=149) to work on /opt/airflow/dags/main.py
[2026-05-03T16:18:18.347+0000] {processor.py:914} INFO - Processing file /opt/airflow/dags/main.py for tasks to queue
[2026-05-03T16:18:18.351+0000] {logging_mixin.py:190} INFO - [2026-05-03T16:18:18.351+0000] {dagbag.py:588} INFO - Filling up the DagBag from /opt/airflow/dags/main.py
[2026-05-03T16:18:18.527+0000] {processor.py:925} INFO - DAG(s) 'orders_kafka_to_s3' retrieved from /opt/airflow/dags/main.py
[2026-05-03T16:18:19.375+0000] {logging_mixin.py:190} INFO - [2026-05-03T16:18:19.374+0000] {dag.py:3239} INFO - Sync 1 DAGs
[2026-05-03T16:18:19.421+0000] {logging_mixin.py:190} INFO - [2026-05-03T16:18:19.421+0000] {dag.py:4180} INFO - Setting next_dagrun for orders_kafka_to_s3 to 2026-05-03 00:00:00+00:00, run_after=2026-05-04 00:00:00+00:00
[2026-05-03T16:18:19.453+0000] {processor.py:208} INFO - Processing /opt/airflow/dags/main.py took 1.117 seconds
[2026-05-03T16:18:50.369+0000] {processor.py:186} INFO - Started process (PID=156) to work on /opt/airflow/dags/main.py
[2026-05-03T16:18:50.373+0000] {processor.py:914} INFO - Processing file /opt/airflow/dags/main.py for tasks to queue
[2026-05-03T16:18:50.378+0000] {logging_mixin.py:190} INFO - [2026-05-03T16:18:50.378+0000] {dagbag.py:588} INFO - Filling up the DagBag from /opt/airflow/dags/main.py
[2026-05-03T16:18:50.776+0000] {processor.py:925} INFO - DAG(s) 'orders_kafka_to_s3' retrieved from /opt/airflow/dags/main.py
[2026-05-03T16:18:50.803+0000] {logging_mixin.py:190} INFO - [2026-05-03T16:18:50.803+0000] {dag.py:3239} INFO - Sync 1 DAGs
[2026-05-03T16:18:50.828+0000] {logging_mixin.py:190} INFO - [2026-05-03T16:18:50.828+0000] {dag.py:4180} INFO - Setting next_dagrun for orders_kafka_to_s3 to 2026-05-03 00:00:00+00:00, run_after=2026-05-04 00:00:00+00:00
[2026-05-03T16:18:50.851+0000] {processor.py:208} INFO - Processing /opt/airflow/dags/main.py took 0.500 seconds
[2026-05-03T16:19:21.316+0000] {processor.py:186} INFO - Started process (PID=162) to work on /opt/airflow/dags/main.py
[2026-05-03T16:19:21.318+0000] {processor.py:914} INFO - Processing file /opt/airflow/dags/main.py for tasks to queue
[2026-05-03T16:19:21.322+0000] {logging_mixin.py:190} INFO - [2026-05-03T16:19:21.321+0000] {dagbag.py:588} INFO - Filling up the DagBag from /opt/airflow/dags/main.py
[2026-05-03T16:19:21.657+0000] {processor.py:925} INFO - DAG(s) 'orders_kafka_to_s3' retrieved from /opt/airflow/dags/main.py
[2026-05-03T16:19:21.686+0000] {logging_mixin.py:190} INFO - [2026-05-03T16:19:21.686+0000] {dag.py:3239} INFO - Sync 1 DAGs
[2026-05-03T16:19:21.712+0000] {logging_mixin.py:190} INFO - [2026-05-03T16:19:21.712+0000] {dag.py:4180} INFO - Setting next_dagrun for orders_kafka_to_s3 to 2026-05-03 00:00:00+00:00, run_after=2026-05-04 00:00:00+00:00
[2026-05-03T16:19:21.739+0000] {processor.py:208} INFO - Processing /opt/airflow/dags/main.py took 0.431 seconds
[2026-05-03T16:19:52.511+0000] {processor.py:186} INFO - Started process (PID=169) to work on /opt/airflow/dags/main.py
[2026-05-03T16:19:52.514+0000] {processor.py:914} INFO - Processing file /opt/airflow/dags/main.py for tasks to queue
[2026-05-03T16:19:52.521+0000] {logging_mixin.py:190} INFO - [2026-05-03T16:19:52.520+0000] {dagbag.py:588} INFO - Filling up the DagBag from /opt/airflow/dags/main.py
[2026-05-03T16:19:52.702+0000] {processor.py:925} INFO - DAG(s) 'orders_kafka_to_s3' retrieved from /opt/airflow/dags/main.py
[2026-05-03T16:19:52.733+0000] {logging_mixin.py:190} INFO - [2026-05-03T16:19:52.733+0000] {dag.py:3239} INFO - Sync 1 DAGs
[2026-05-03T16:19:52.938+0000] {logging_mixin.py:190} INFO - [2026-05-03T16:19:52.937+0000] {dag.py:4180} INFO - Setting next_dagrun for orders_kafka_to_s3 to 2026-05-03 00:00:00+00:00, run_after=2026-05-04 00:00:00+00:00
[2026-05-03T16:19:52.965+0000] {processor.py:208} INFO - Processing /opt/airflow/dags/main.py took 0.470 seconds
[2026-05-03T16:20:23.810+0000] {processor.py:186} INFO - Started process (PID=175) to work on /opt/airflow/dags/main.py
[2026-05-03T16:20:23.811+0000] {processor.py:914} INFO - Processing file /opt/airflow/dags/main.py for tasks to queue
[2026-05-03T16:20:23.815+0000] {logging_mixin.py:190} INFO - [2026-05-03T16:20:23.815+0000] {dagbag.py:588} INFO - Filling up the DagBag from /opt/airflow/dags/main.py
[2026-05-03T16:20:23.946+0000] {processor.py:925} INFO - DAG(s) 'orders_kafka_to_s3' retrieved from /opt/airflow/dags/main.py
[2026-05-03T16:20:23.975+0000] {logging_mixin.py:190} INFO - [2026-05-03T16:20:23.974+0000] {dag.py:3239} INFO - Sync 1 DAGs
[2026-05-03T16:20:24.183+0000] {logging_mixin.py:190} INFO - [2026-05-03T16:20:24.183+0000] {dag.py:4180} INFO - Setting next_dagrun for orders_kafka_to_s3 to 2026-05-03 00:00:00+00:00, run_after=2026-05-04 00:00:00+00:00
[2026-05-03T16:20:24.219+0000] {processor.py:208} INFO - Processing /opt/airflow/dags/main.py took 0.417 seconds
[2026-05-03T16:20:54.658+0000] {processor.py:186} INFO - Started process (PID=182) to work on /opt/airflow/dags/main.py
[2026-05-03T16:20:54.660+0000] {processor.py:914} INFO - Processing file /opt/airflow/dags/main.py for tasks to queue
[2026-05-03T16:20:54.664+0000] {logging_mixin.py:190} INFO - [2026-05-03T16:20:54.664+0000] {dagbag.py:588} INFO - Filling up the DagBag from /opt/airflow/dags/main.py
[2026-05-03T16:20:54.835+0000] {processor.py:925} INFO - DAG(s) 'orders_kafka_to_s3' retrieved from /opt/airflow/dags/main.py
[2026-05-03T16:20:55.048+0000] {logging_mixin.py:190} INFO - [2026-05-03T16:20:55.048+0000] {dag.py:3239} INFO - Sync 1 DAGs
[2026-05-03T16:20:55.080+0000] {logging_mixin.py:190} INFO - [2026-05-03T16:20:55.080+0000] {dag.py:4180} INFO - Setting next_dagrun for orders_kafka_to_s3 to 2026-05-03 00:00:00+00:00, run_after=2026-05-04 00:00:00+00:00
[2026-05-03T16:20:55.115+0000] {processor.py:208} INFO - Processing /opt/airflow/dags/main.py took 0.464 seconds
[2026-05-03T16:21:26.813+0000] {processor.py:186} INFO - Started process (PID=189) to work on /opt/airflow/dags/main.py
[2026-05-03T16:21:26.815+0000] {processor.py:914} INFO - Processing file /opt/airflow/dags/main.py for tasks to queue
[2026-05-03T16:21:26.820+0000] {logging_mixin.py:190} INFO - [2026-05-03T16:21:26.819+0000] {dagbag.py:588} INFO - Filling up the DagBag from /opt/airflow/dags/main.py
[2026-05-03T16:21:26.959+0000] {processor.py:925} INFO - DAG(s) 'orders_kafka_to_s3' retrieved from /opt/airflow/dags/main.py
[2026-05-03T16:21:27.170+0000] {logging_mixin.py:190} INFO - [2026-05-03T16:21:27.170+0000] {dag.py:3239} INFO - Sync 1 DAGs
[2026-05-03T16:21:27.201+0000] {logging_mixin.py:190} INFO - [2026-05-03T16:21:27.200+0000] {dag.py:4180} INFO - Setting next_dagrun for orders_kafka_to_s3 to 2026-05-03 00:00:00+00:00, run_after=2026-05-04 00:00:00+00:00
[2026-05-03T16:21:27.225+0000] {processor.py:208} INFO - Processing /opt/airflow/dags/main.py took 0.425 seconds
[2026-05-03T16:21:57.789+0000] {processor.py:186} INFO - Started process (PID=196) to work on /opt/airflow/dags/main.py
[2026-05-03T16:21:57.791+0000] {processor.py:914} INFO - Processing file /opt/airflow/dags/main.py for tasks to queue
[2026-05-03T16:21:57.794+0000] {logging_mixin.py:190} INFO - [2026-05-03T16:21:57.794+0000] {dagbag.py:588} INFO - Filling up the DagBag from /opt/airflow/dags/main.py
[2026-05-03T16:21:58.121+0000] {processor.py:925} INFO - DAG(s) 'orders_kafka_to_s3' retrieved from /opt/airflow/dags/main.py
[2026-05-03T16:21:58.152+0000] {logging_mixin.py:190} INFO - [2026-05-03T16:21:58.151+0000] {dag.py:3239} INFO - Sync 1 DAGs
[2026-05-03T16:21:58.184+0000] {logging_mixin.py:190} INFO - [2026-05-03T16:21:58.183+0000] {dag.py:4180} INFO - Setting next_dagrun for orders_kafka_to_s3 to 2026-05-03 00:00:00+00:00, run_after=2026-05-04 00:00:00+00:00
[2026-05-03T16:21:58.214+0000] {processor.py:208} INFO - Processing /opt/airflow/dags/main.py took 0.434 seconds
[2026-05-03T16:22:28.806+0000] {processor.py:186} INFO - Started process (PID=203) to work on /opt/airflow/dags/main.py
[2026-05-03T16:22:28.808+0000] {processor.py:914} INFO - Processing file /opt/airflow/dags/main.py for tasks to queue
[2026-05-03T16:22:28.812+0000] {logging_mixin.py:190} INFO - [2026-05-03T16:22:28.811+0000] {dagbag.py:588} INFO - Filling up the DagBag from /opt/airflow/dags/main.py
[2026-05-03T16:22:29.185+0000] {processor.py:925} INFO - DAG(s) 'orders_kafka_to_s3' retrieved from /opt/airflow/dags/main.py
[2026-05-03T16:22:29.237+0000] {logging_mixin.py:190} INFO - [2026-05-03T16:22:29.236+0000] {dag.py:3239} INFO - Sync 1 DAGs
[2026-05-03T16:22:29.272+0000] {logging_mixin.py:190} INFO - [2026-05-03T16:22:29.271+0000] {dag.py:4180} INFO - Setting next_dagrun for orders_kafka_to_s3 to 2026-05-03 00:00:00+00:00, run_after=2026-05-04 00:00:00+00:00
[2026-05-03T16:22:29.308+0000] {processor.py:208} INFO - Processing /opt/airflow/dags/main.py took 0.510 seconds
[2026-05-03T16:23:00.528+0000] {processor.py:186} INFO - Started process (PID=210) to work on /opt/airflow/dags/main.py
[2026-05-03T16:23:00.530+0000] {processor.py:914} INFO - Processing file /opt/airflow/dags/main.py for tasks to queue
[2026-05-03T16:23:00.534+0000] {logging_mixin.py:190} INFO - [2026-05-03T16:23:00.534+0000] {dagbag.py:588} INFO - Filling up the DagBag from /opt/airflow/dags/main.py
[2026-05-03T16:23:00.700+0000] {processor.py:925} INFO - DAG(s) 'orders_kafka_to_s3' retrieved from /opt/airflow/dags/main.py
[2026-05-03T16:23:00.735+0000] {logging_mixin.py:190} INFO - [2026-05-03T16:23:00.735+0000] {dag.py:3239} INFO - Sync 1 DAGs
[2026-05-03T16:23:00.954+0000] {logging_mixin.py:190} INFO - [2026-05-03T16:23:00.953+0000] {dag.py:4180} INFO - Setting next_dagrun for orders_kafka_to_s3 to 2026-05-03 00:00:00+00:00, run_after=2026-05-04 00:00:00+00:00
[2026-05-03T16:23:00.985+0000] {processor.py:208} INFO - Processing /opt/airflow/dags/main.py took 0.467 seconds
[2026-05-03T16:23:31.156+0000] {processor.py:186} INFO - Started process (PID=217) to work on /opt/airflow/dags/main.py
[2026-05-03T16:23:31.158+0000] {processor.py:914} INFO - Processing file /opt/airflow/dags/main.py for tasks to queue
[2026-05-03T16:23:31.162+0000] {logging_mixin.py:190} INFO - [2026-05-03T16:23:31.162+0000] {dagbag.py:588} INFO - Filling up the DagBag from /opt/airflow/dags/main.py
[2026-05-03T16:23:31.308+0000] {processor.py:925} INFO - DAG(s) 'orders_kafka_to_s3' retrieved from /opt/airflow/dags/main.py
[2026-05-03T16:23:31.339+0000] {logging_mixin.py:190} INFO - [2026-05-03T16:23:31.338+0000] {dag.py:3239} INFO - Sync 1 DAGs
[2026-05-03T16:23:31.541+0000] {logging_mixin.py:190} INFO - [2026-05-03T16:23:31.541+0000] {dag.py:4180} INFO - Setting next_dagrun for orders_kafka_to_s3 to 2026-05-03 00:00:00+00:00, run_after=2026-05-04 00:00:00+00:00
[2026-05-03T16:23:31.578+0000] {processor.py:208} INFO - Processing /opt/airflow/dags/main.py took 0.435 seconds
[2026-05-03T16:24:02.084+0000] {processor.py:186} INFO - Started process (PID=224) to work on /opt/airflow/dags/main.py
[2026-05-03T16:24:02.085+0000] {processor.py:914} INFO - Processing file /opt/airflow/dags/main.py for tasks to queue
[2026-05-03T16:24:02.088+0000] {logging_mixin.py:190} INFO - [2026-05-03T16:24:02.088+0000] {dagbag.py:588} INFO - Filling up the DagBag from /opt/airflow/dags/main.py
[2026-05-03T16:24:01.828+0000] {processor.py:925} INFO - DAG(s) 'orders_kafka_to_s3' retrieved from /opt/airflow/dags/main.py
[2026-05-03T16:24:02.031+0000] {logging_mixin.py:190} INFO - [2026-05-03T16:24:02.031+0000] {dag.py:3239} INFO - Sync 1 DAGs
[2026-05-03T16:24:02.059+0000] {logging_mixin.py:190} INFO - [2026-05-03T16:24:02.059+0000] {dag.py:4180} INFO - Setting next_dagrun for orders_kafka_to_s3 to 2026-05-03 00:00:00+00:00, run_after=2026-05-04 00:00:00+00:00
[2026-05-03T16:24:02.081+0000] {processor.py:208} INFO - Processing /opt/airflow/dags/main.py took 0.386 seconds
[2026-05-03T16:24:32.495+0000] {processor.py:186} INFO - Started process (PID=231) to work on /opt/airflow/dags/main.py
[2026-05-03T16:24:32.497+0000] {processor.py:914} INFO - Processing file /opt/airflow/dags/main.py for tasks to queue
[2026-05-03T16:24:32.502+0000] {logging_mixin.py:190} INFO - [2026-05-03T16:24:32.502+0000] {dagbag.py:588} INFO - Filling up the DagBag from /opt/airflow/dags/main.py
[2026-05-03T16:24:32.669+0000] {processor.py:925} INFO - DAG(s) 'orders_kafka_to_s3' retrieved from /opt/airflow/dags/main.py
[2026-05-03T16:24:33.650+0000] {logging_mixin.py:190} INFO - [2026-05-03T16:24:33.650+0000] {dag.py:3239} INFO - Sync 1 DAGs
[2026-05-03T16:24:33.696+0000] {logging_mixin.py:190} INFO - [2026-05-03T16:24:33.696+0000] {dag.py:4180} INFO - Setting next_dagrun for orders_kafka_to_s3 to 2026-05-03 00:00:00+00:00, run_after=2026-05-04 00:00:00+00:00
[2026-05-03T16:24:33.732+0000] {processor.py:208} INFO - Processing /opt/airflow/dags/main.py took 0.477 seconds
[2026-05-03T16:25:03.994+0000] {processor.py:186} INFO - Started process (PID=238) to work on /opt/airflow/dags/main.py
[2026-05-03T16:25:03.997+0000] {processor.py:914} INFO - Processing file /opt/airflow/dags/main.py for tasks to queue
[2026-05-03T16:25:04.001+0000] {logging_mixin.py:190} INFO - [2026-05-03T16:25:04.000+0000] {dagbag.py:588} INFO - Filling up the DagBag from /opt/airflow/dags/main.py
[2026-05-03T16:25:04.314+0000] {processor.py:925} INFO - DAG(s) 'orders_kafka_to_s3' retrieved from /opt/airflow/dags/main.py
[2026-05-03T16:25:04.363+0000] {logging_mixin.py:190} INFO - [2026-05-03T16:25:04.363+0000] {dag.py:3239} INFO - Sync 1 DAGs
[2026-05-03T16:25:04.406+0000] {logging_mixin.py:190} INFO - [2026-05-03T16:25:04.406+0000] {dag.py:4180} INFO - Setting next_dagrun for orders_kafka_to_s3 to 2026-05-03 00:00:00+00:00, run_after=2026-05-04 00:00:00+00:00
[2026-05-03T16:25:04.446+0000] {processor.py:208} INFO - Processing /opt/airflow/dags/main.py took 0.470 seconds
[2026-05-03T16:25:35.544+0000] {processor.py:186} INFO - Started process (PID=245) to work on /opt/airflow/dags/main.py
[2026-05-03T16:25:35.546+0000] {processor.py:914} INFO - Processing file /opt/airflow/dags/main.py for tasks to queue
[2026-05-03T16:25:35.551+0000] {logging_mixin.py:190} INFO - [2026-05-03T16:25:35.551+0000] {dagbag.py:588} INFO - Filling up the DagBag from /opt/airflow/dags/main.py
[2026-05-03T16:25:35.868+0000] {processor.py:925} INFO - DAG(s) 'orders_kafka_to_s3' retrieved from /opt/airflow/dags/main.py
[2026-05-03T16:25:35.902+0000] {logging_mixin.py:190} INFO - [2026-05-03T16:25:35.902+0000] {dag.py:3239} INFO - Sync 1 DAGs
[2026-05-03T16:25:35.938+0000] {logging_mixin.py:190} INFO - [2026-05-03T16:25:35.938+0000] {dag.py:4180} INFO - Setting next_dagrun for orders_kafka_to_s3 to 2026-05-03 00:00:00+00:00, run_after=2026-05-04 00:00:00+00:00
[2026-05-03T16:25:35.973+0000] {processor.py:208} INFO - Processing /opt/airflow/dags/main.py took 0.438 seconds
[2026-05-03T16:26:06.617+0000] {processor.py:186} INFO - Started process (PID=252) to work on /opt/airflow/dags/main.py
[2026-05-03T16:26:06.618+0000] {processor.py:914} INFO - Processing file /opt/airflow/dags/main.py for tasks to queue
[2026-05-03T16:26:06.622+0000] {logging_mixin.py:190} INFO - [2026-05-03T16:26:06.622+0000] {dagbag.py:588} INFO - Filling up the DagBag from /opt/airflow/dags/main.py
[2026-05-03T16:26:06.775+0000] {processor.py:925} INFO - DAG(s) 'orders_kafka_to_s3' retrieved from /opt/airflow/dags/main.py
[2026-05-03T16:26:06.818+0000] {logging_mixin.py:190} INFO - [2026-05-03T16:26:06.817+0000] {dag.py:3239} INFO - Sync 1 DAGs
[2026-05-03T16:26:07.520+0000] {logging_mixin.py:190} INFO - [2026-05-03T16:26:07.520+0000] {dag.py:4180} INFO - Setting next_dagrun for orders_kafka_to_s3 to 2026-05-03 00:00:00+00:00, run_after=2026-05-04 00:00:00+00:00
[2026-05-03T16:26:07.686+0000] {processor.py:208} INFO - Processing /opt/airflow/dags/main.py took 0.598 seconds
[2026-05-03T16:26:38.235+0000] {processor.py:186} INFO - Started process (PID=259) to work on /opt/airflow/dags/main.py
[2026-05-03T16:26:38.238+0000] {processor.py:914} INFO - Processing file /opt/airflow/dags/main.py for tasks to queue
[2026-05-03T16:26:38.246+0000] {logging_mixin.py:190} INFO - [2026-05-03T16:26:38.245+0000] {dagbag.py:588} INFO - Filling up the DagBag from /opt/airflow/dags/main.py
[2026-05-03T16:26:38.493+0000] {processor.py:925} INFO - DAG(s) 'orders_kafka_to_s3' retrieved from /opt/airflow/dags/main.py
[2026-05-03T16:26:38.526+0000] {logging_mixin.py:190} INFO - [2026-05-03T16:26:38.526+0000] {dag.py:3239} INFO - Sync 1 DAGs
[2026-05-03T16:26:39.012+0000] {logging_mixin.py:190} INFO - [2026-05-03T16:26:39.012+0000] {dag.py:4180} INFO - Setting next_dagrun for orders_kafka_to_s3 to 2026-05-03 00:00:00+00:00, run_after=2026-05-04 00:00:00+00:00
[2026-05-03T16:26:39.040+0000] {processor.py:208} INFO - Processing /opt/airflow/dags/main.py took 0.590 seconds
[2026-05-03T16:27:09.182+0000] {processor.py:186} INFO - Started process (PID=266) to work on /opt/airflow/dags/main.py
[2026-05-03T16:27:09.184+0000] {processor.py:914} INFO - Processing file /opt/airflow/dags/main.py for tasks to queue
[2026-05-03T16:27:09.189+0000] {logging_mixin.py:190} INFO - [2026-05-03T16:27:09.189+0000] {dagbag.py:588} INFO - Filling up the DagBag from /opt/airflow/dags/main.py
[2026-05-03T16:27:09.347+0000] {processor.py:925} INFO - DAG(s) 'orders_kafka_to_s3' retrieved from /opt/airflow/dags/main.py
[2026-05-03T16:27:09.555+0000] {logging_mixin.py:190} INFO - [2026-05-03T16:27:09.555+0000] {dag.py:3239} INFO - Sync 1 DAGs
[2026-05-03T16:27:09.595+0000] {logging_mixin.py:190} INFO - [2026-05-03T16:27:09.594+0000] {dag.py:4180} INFO - Setting next_dagrun for orders_kafka_to_s3 to 2026-05-03 00:00:00+00:00, run_after=2026-05-04 00:00:00+00:00
[2026-05-03T16:27:09.627+0000] {processor.py:208} INFO - Processing /opt/airflow/dags/main.py took 0.457 seconds
[2026-05-03T16:27:40.211+0000] {processor.py:186} INFO - Started process (PID=273) to work on /opt/airflow/dags/main.py
[2026-05-03T16:27:40.214+0000] {processor.py:914} INFO - Processing file /opt/airflow/dags/main.py for tasks to queue
[2026-05-03T16:27:40.222+0000] {logging_mixin.py:190} INFO - [2026-05-03T16:27:40.221+0000] {dagbag.py:588} INFO - Filling up the DagBag from /opt/airflow/dags/main.py
[2026-05-03T16:27:40.406+0000] {processor.py:925} INFO - DAG(s) 'orders_kafka_to_s3' retrieved from /opt/airflow/dags/main.py
[2026-05-03T16:27:40.614+0000] {logging_mixin.py:190} INFO - [2026-05-03T16:27:40.613+0000] {dag.py:3239} INFO - Sync 1 DAGs
[2026-05-03T16:27:40.643+0000] {logging_mixin.py:190} INFO - [2026-05-03T16:27:40.643+0000] {dag.py:4180} INFO - Setting next_dagrun for orders_kafka_to_s3 to 2026-05-03 00:00:00+00:00, run_after=2026-05-04 00:00:00+00:00
[2026-05-03T16:27:40.667+0000] {processor.py:208} INFO - Processing /opt/airflow/dags/main.py took 0.485 seconds
[2026-05-03T16:28:11.648+0000] {processor.py:186} INFO - Started process (PID=279) to work on /opt/airflow/dags/main.py
[2026-05-03T16:28:11.650+0000] {processor.py:914} INFO - Processing file /opt/airflow/dags/main.py for tasks to queue
[2026-05-03T16:28:11.656+0000] {logging_mixin.py:190} INFO - [2026-05-03T16:28:11.655+0000] {dagbag.py:588} INFO - Filling up the DagBag from /opt/airflow/dags/main.py
[2026-05-03T16:28:11.998+0000] {processor.py:925} INFO - DAG(s) 'orders_kafka_to_s3' retrieved from /opt/airflow/dags/main.py
[2026-05-03T16:28:12.033+0000] {logging_mixin.py:190} INFO - [2026-05-03T16:28:12.032+0000] {dag.py:3239} INFO - Sync 1 DAGs
[2026-05-03T16:28:12.064+0000] {logging_mixin.py:190} INFO - [2026-05-03T16:28:12.064+0000] {dag.py:4180} INFO - Setting next_dagrun for orders_kafka_to_s3 to 2026-05-03 00:00:00+00:00, run_after=2026-05-04 00:00:00+00:00
[2026-05-03T16:28:12.092+0000] {processor.py:208} INFO - Processing /opt/airflow/dags/main.py took 0.461 seconds
[2026-05-03T16:28:42.836+0000] {processor.py:186} INFO - Started process (PID=287) to work on /opt/airflow/dags/main.py
[2026-05-03T16:28:42.838+0000] {processor.py:914} INFO - Processing file /opt/airflow/dags/main.py for tasks to queue
[2026-05-03T16:28:42.843+0000] {logging_mixin.py:190} INFO - [2026-05-03T16:28:42.843+0000] {dagbag.py:588} INFO - Filling up the DagBag from /opt/airflow/dags/main.py
[2026-05-03T16:28:43.215+0000] {processor.py:925} INFO - DAG(s) 'orders_kafka_to_s3' retrieved from /opt/airflow/dags/main.py
[2026-05-03T16:28:43.246+0000] {logging_mixin.py:190} INFO - [2026-05-03T16:28:43.246+0000] {dag.py:3239} INFO - Sync 1 DAGs
[2026-05-03T16:28:43.280+0000] {logging_mixin.py:190} INFO - [2026-05-03T16:28:43.280+0000] {dag.py:4180} INFO - Setting next_dagrun for orders_kafka_to_s3 to 2026-05-03 00:00:00+00:00, run_after=2026-05-04 00:00:00+00:00
[2026-05-03T16:28:43.311+0000] {processor.py:208} INFO - Processing /opt/airflow/dags/main.py took 0.484 seconds
[2026-05-03T16:29:13.942+0000] {processor.py:186} INFO - Started process (PID=294) to work on /opt/airflow/dags/main.py
[2026-05-03T16:29:13.943+0000] {processor.py:914} INFO - Processing file /opt/airflow/dags/main.py for tasks to queue
[2026-05-03T16:29:13.947+0000] {logging_mixin.py:190} INFO - [2026-05-03T16:29:13.946+0000] {dagbag.py:588} INFO - Filling up the DagBag from /opt/airflow/dags/main.py
[2026-05-03T16:29:14.065+0000] {processor.py:925} INFO - DAG(s) 'orders_kafka_to_s3' retrieved from /opt/airflow/dags/main.py
[2026-05-03T16:29:14.092+0000] {logging_mixin.py:190} INFO - [2026-05-03T16:29:14.091+0000] {dag.py:3239} INFO - Sync 1 DAGs
[2026-05-03T16:29:14.514+0000] {logging_mixin.py:190} INFO - [2026-05-03T16:29:14.514+0000] {dag.py:4180} INFO - Setting next_dagrun for orders_kafka_to_s3 to 2026-05-03 00:00:00+00:00, run_after=2026-05-04 00:00:00+00:00
[2026-05-03T16:29:14.558+0000] {processor.py:208} INFO - Processing /opt/airflow/dags/main.py took 0.622 seconds
[2026-05-03T16:29:45.230+0000] {processor.py:186} INFO - Started process (PID=301) to work on /opt/airflow/dags/main.py
[2026-05-03T16:29:45.233+0000] {processor.py:914} INFO - Processing file /opt/airflow/dags/main.py for tasks to queue
[2026-05-03T16:29:45.239+0000] {logging_mixin.py:190} INFO - [2026-05-03T16:29:45.239+0000] {dagbag.py:588} INFO - Filling up the DagBag from /opt/airflow/dags/main.py
[2026-05-03T16:29:45.430+0000] {processor.py:925} INFO - DAG(s) 'orders_kafka_to_s3' retrieved from /opt/airflow/dags/main.py
[2026-05-03T16:29:45.459+0000] {logging_mixin.py:190} INFO - [2026-05-03T16:29:45.458+0000] {dag.py:3239} INFO - Sync 1 DAGs
[2026-05-03T16:29:45.717+0000] {logging_mixin.py:190} INFO - [2026-05-03T16:29:45.716+0000] {dag.py:4180} INFO - Setting next_dagrun for orders_kafka_to_s3 to 2026-05-03 00:00:00+00:00, run_after=2026-05-04 00:00:00+00:00
[2026-05-03T16:29:45.751+0000] {processor.py:208} INFO - Processing /opt/airflow/dags/main.py took 0.540 seconds
[2026-05-03T16:30:16.440+0000] {processor.py:186} INFO - Started process (PID=308) to work on /opt/airflow/dags/main.py
[2026-05-03T16:30:16.442+0000] {processor.py:914} INFO - Processing file /opt/airflow/dags/main.py for tasks to queue
[2026-05-03T16:30:16.449+0000] {logging_mixin.py:190} INFO - [2026-05-03T16:30:16.448+0000] {dagbag.py:588} INFO - Filling up the DagBag from /opt/airflow/dags/main.py
[2026-05-03T16:30:16.657+0000] {processor.py:925} INFO - DAG(s) 'orders_kafka_to_s3' retrieved from /opt/airflow/dags/main.py
[2026-05-03T16:30:16.877+0000] {logging_mixin.py:190} INFO - [2026-05-03T16:30:16.876+0000] {dag.py:3239} INFO - Sync 1 DAGs
[2026-05-03T16:30:16.914+0000] {logging_mixin.py:190} INFO - [2026-05-03T16:30:16.914+0000] {dag.py:4180} INFO - Setting next_dagrun for orders_kafka_to_s3 to 2026-05-03 00:00:00+00:00, run_after=2026-05-04 00:00:00+00:00
[2026-05-03T16:30:16.949+0000] {processor.py:208} INFO - Processing /opt/airflow/dags/main.py took 0.524 seconds
[2026-05-03T16:30:47.528+0000] {processor.py:186} INFO - Started process (PID=315) to work on /opt/airflow/dags/main.py
[2026-05-03T16:30:47.530+0000] {processor.py:914} INFO - Processing file /opt/airflow/dags/main.py for tasks to queue
[2026-05-03T16:30:47.536+0000] {logging_mixin.py:190} INFO - [2026-05-03T16:30:47.535+0000] {dagbag.py:588} INFO - Filling up the DagBag from /opt/airflow/dags/main.py
[2026-05-03T16:30:47.729+0000] {processor.py:925} INFO - DAG(s) 'orders_kafka_to_s3' retrieved from /opt/airflow/dags/main.py
[2026-05-03T16:30:47.925+0000] {logging_mixin.py:190} INFO - [2026-05-03T16:30:47.925+0000] {dag.py:3239} INFO - Sync 1 DAGs
[2026-05-03T16:30:47.951+0000] {logging_mixin.py:190} INFO - [2026-05-03T16:30:47.950+0000] {dag.py:4180} INFO - Setting next_dagrun for orders_kafka_to_s3 to 2026-05-03 00:00:00+00:00, run_after=2026-05-04 00:00:00+00:00
[2026-05-03T16:30:47.972+0000] {processor.py:208} INFO - Processing /opt/airflow/dags/main.py took 0.462 seconds
[2026-05-03T16:31:18.359+0000] {processor.py:186} INFO - Started process (PID=321) to work on /opt/airflow/dags/main.py
[2026-05-03T16:31:18.362+0000] {processor.py:914} INFO - Processing file /opt/airflow/dags/main.py for tasks to queue
[2026-05-03T16:31:18.368+0000] {logging_mixin.py:190} INFO - [2026-05-03T16:31:18.367+0000] {dagbag.py:588} INFO - Filling up the DagBag from /opt/airflow/dags/main.py
[2026-05-03T16:31:18.748+0000] {processor.py:925} INFO - DAG(s) 'orders_kafka_to_s3' retrieved from /opt/airflow/dags/main.py
[2026-05-03T16:31:18.797+0000] {logging_mixin.py:190} INFO - [2026-05-03T16:31:18.797+0000] {dag.py:3239} INFO - Sync 1 DAGs
[2026-05-03T16:31:18.833+0000] {logging_mixin.py:190} INFO - [2026-05-03T16:31:18.832+0000] {dag.py:4180} INFO - Setting next_dagrun for orders_kafka_to_s3 to 2026-05-03 00:00:00+00:00, run_after=2026-05-04 00:00:00+00:00
[2026-05-03T16:31:18.863+0000] {processor.py:208} INFO - Processing /opt/airflow/dags/main.py took 0.519 seconds
[2026-05-03T16:31:49.058+0000] {processor.py:186} INFO - Started process (PID=328) to work on /opt/airflow/dags/main.py
[2026-05-03T16:31:49.059+0000] {processor.py:914} INFO - Processing file /opt/airflow/dags/main.py for tasks to queue
[2026-05-03T16:31:49.062+0000] {logging_mixin.py:190} INFO - [2026-05-03T16:31:49.062+0000] {dagbag.py:588} INFO - Filling up the DagBag from /opt/airflow/dags/main.py
[2026-05-03T16:31:49.365+0000] {processor.py:925} INFO - DAG(s) 'orders_kafka_to_s3' retrieved from /opt/airflow/dags/main.py
[2026-05-03T16:31:49.392+0000] {logging_mixin.py:190} INFO - [2026-05-03T16:31:49.392+0000] {dag.py:3239} INFO - Sync 1 DAGs
[2026-05-03T16:31:49.420+0000] {logging_mixin.py:190} INFO - [2026-05-03T16:31:49.420+0000] {dag.py:4180} INFO - Setting next_dagrun for orders_kafka_to_s3 to 2026-05-03 00:00:00+00:00, run_after=2026-05-04 00:00:00+00:00
[2026-05-03T16:31:49.456+0000] {processor.py:208} INFO - Processing /opt/airflow/dags/main.py took 0.406 seconds
[2026-05-03T16:32:20.001+0000] {processor.py:186} INFO - Started process (PID=335) to work on /opt/airflow/dags/main.py
[2026-05-03T16:32:20.002+0000] {processor.py:914} INFO - Processing file /opt/airflow/dags/main.py for tasks to queue
[2026-05-03T16:32:20.005+0000] {logging_mixin.py:190} INFO - [2026-05-03T16:32:20.005+0000] {dagbag.py:588} INFO - Filling up the DagBag from /opt/airflow/dags/main.py
[2026-05-03T16:32:20.121+0000] {processor.py:925} INFO - DAG(s) 'orders_kafka_to_s3' retrieved from /opt/airflow/dags/main.py
[2026-05-03T16:32:20.150+0000] {logging_mixin.py:190} INFO - [2026-05-03T16:32:20.150+0000] {dag.py:3239} INFO - Sync 1 DAGs
[2026-05-03T16:32:20.357+0000] {logging_mixin.py:190} INFO - [2026-05-03T16:32:20.357+0000] {dag.py:4180} INFO - Setting next_dagrun for orders_kafka_to_s3 to 2026-05-03 00:00:00+00:00, run_after=2026-05-04 00:00:00+00:00
[2026-05-03T16:32:20.385+0000] {processor.py:208} INFO - Processing /opt/airflow/dags/main.py took 0.392 seconds
[2026-05-03T16:32:51.270+0000] {processor.py:186} INFO - Started process (PID=342) to work on /opt/airflow/dags/main.py
[2026-05-03T16:32:51.273+0000] {processor.py:914} INFO - Processing file /opt/airflow/dags/main.py for tasks to queue
[2026-05-03T16:32:51.278+0000] {logging_mixin.py:190} INFO - [2026-05-03T16:32:51.278+0000] {dagbag.py:588} INFO - Filling up the DagBag from /opt/airflow/dags/main.py
[2026-05-03T16:32:51.434+0000] {processor.py:925} INFO - DAG(s) 'orders_kafka_to_s3' retrieved from /opt/airflow/dags/main.py
[2026-05-03T16:32:51.470+0000] {logging_mixin.py:190} INFO - [2026-05-03T16:32:51.470+0000] {dag.py:3239} INFO - Sync 1 DAGs
[2026-05-03T16:32:51.693+0000] {logging_mixin.py:190} INFO - [2026-05-03T16:32:51.693+0000] {dag.py:4180} INFO - Setting next_dagrun for orders_kafka_to_s3 to 2026-05-03 00:00:00+00:00, run_after=2026-05-04 00:00:00+00:00
[2026-05-03T16:32:51.733+0000] {processor.py:208} INFO - Processing /opt/airflow/dags/main.py took 0.482 seconds
[2026-05-03T16:33:21.982+0000] {processor.py:186} INFO - Started process (PID=349) to work on /opt/airflow/dags/main.py
[2026-05-03T16:33:21.985+0000] {processor.py:914} INFO - Processing file /opt/airflow/dags/main.py for tasks to queue
[2026-05-03T16:33:21.990+0000] {logging_mixin.py:190} INFO - [2026-05-03T16:33:21.990+0000] {dagbag.py:588} INFO - Filling up the DagBag from /opt/airflow/dags/main.py
[2026-05-03T16:33:22.172+0000] {processor.py:925} INFO - DAG(s) 'orders_kafka_to_s3' retrieved from /opt/airflow/dags/main.py
[2026-05-03T16:33:22.382+0000] {logging_mixin.py:190} INFO - [2026-05-03T16:33:22.381+0000] {dag.py:3239} INFO - Sync 1 DAGs
[2026-05-03T16:33:22.416+0000] {logging_mixin.py:190} INFO - [2026-05-03T16:33:22.415+0000] {dag.py:4180} INFO - Setting next_dagrun for orders_kafka_to_s3 to 2026-05-03 00:00:00+00:00, run_after=2026-05-04 00:00:00+00:00
[2026-05-03T16:33:22.450+0000] {processor.py:208} INFO - Processing /opt/airflow/dags/main.py took 0.483 seconds
[2026-05-03T16:33:52.640+0000] {processor.py:186} INFO - Started process (PID=356) to work on /opt/airflow/dags/main.py
[2026-05-03T16:33:52.643+0000] {processor.py:914} INFO - Processing file /opt/airflow/dags/main.py for tasks to queue
[2026-05-03T16:33:52.647+0000] {logging_mixin.py:190} INFO - [2026-05-03T16:33:52.647+0000] {dagbag.py:588} INFO - Filling up the DagBag from /opt/airflow/dags/main.py
[2026-05-03T16:33:52.841+0000] {processor.py:925} INFO - DAG(s) 'orders_kafka_to_s3' retrieved from /opt/airflow/dags/main.py
[2026-05-03T16:33:53.041+0000] {logging_mixin.py:190} INFO - [2026-05-03T16:33:53.041+0000] {dag.py:3239} INFO - Sync 1 DAGs
[2026-05-03T16:33:53.078+0000] {logging_mixin.py:190} INFO - [2026-05-03T16:33:53.078+0000] {dag.py:4180} INFO - Setting next_dagrun for orders_kafka_to_s3 to 2026-05-03 00:00:00+00:00, run_after=2026-05-04 00:00:00+00:00
[2026-05-03T16:33:53.110+0000] {processor.py:208} INFO - Processing /opt/airflow/dags/main.py took 0.484 seconds
[2026-05-03T16:34:23.577+0000] {processor.py:186} INFO - Started process (PID=363) to work on /opt/airflow/dags/main.py
[2026-05-03T16:34:23.579+0000] {processor.py:914} INFO - Processing file /opt/airflow/dags/main.py for tasks to queue
[2026-05-03T16:34:23.583+0000] {logging_mixin.py:190} INFO - [2026-05-03T16:34:23.582+0000] {dagbag.py:588} INFO - Filling up the DagBag from /opt/airflow/dags/main.py
[2026-05-03T16:34:23.922+0000] {processor.py:925} INFO - DAG(s) 'orders_kafka_to_s3' retrieved from /opt/airflow/dags/main.py
[2026-05-03T16:34:23.947+0000] {logging_mixin.py:190} INFO - [2026-05-03T16:34:23.947+0000] {dag.py:3239} INFO - Sync 1 DAGs
[2026-05-03T16:34:23.973+0000] {logging_mixin.py:190} INFO - [2026-05-03T16:34:23.973+0000] {dag.py:4180} INFO - Setting next_dagrun for orders_kafka_to_s3 to 2026-05-03 00:00:00+00:00, run_after=2026-05-04 00:00:00+00:00
[2026-05-03T16:34:23.994+0000] {processor.py:208} INFO - Processing /opt/airflow/dags/main.py took 0.426 seconds
[2026-05-03T16:34:54.107+0000] {processor.py:186} INFO - Started process (PID=370) to work on /opt/airflow/dags/main.py
[2026-05-03T16:34:54.109+0000] {processor.py:914} INFO - Processing file /opt/airflow/dags/main.py for tasks to queue
[2026-05-03T16:34:54.112+0000] {logging_mixin.py:190} INFO - [2026-05-03T16:34:54.111+0000] {dagbag.py:588} INFO - Filling up the DagBag from /opt/airflow/dags/main.py
[2026-05-03T16:34:54.407+0000] {processor.py:925} INFO - DAG(s) 'orders_kafka_to_s3' retrieved from /opt/airflow/dags/main.py
[2026-05-03T16:34:54.432+0000] {logging_mixin.py:190} INFO - [2026-05-03T16:34:54.432+0000] {dag.py:3239} INFO - Sync 1 DAGs
[2026-05-03T16:34:54.454+0000] {logging_mixin.py:190} INFO - [2026-05-03T16:34:54.454+0000] {dag.py:4180} INFO - Setting next_dagrun for orders_kafka_to_s3 to 2026-05-03 00:00:00+00:00, run_after=2026-05-04 00:00:00+00:00
[2026-05-03T16:34:54.486+0000] {processor.py:208} INFO - Processing /opt/airflow/dags/main.py took 0.387 seconds
[2026-05-03T16:35:24.723+0000] {processor.py:186} INFO - Started process (PID=371) to work on /opt/airflow/dags/main.py
[2026-05-03T16:35:24.725+0000] {processor.py:914} INFO - Processing file /opt/airflow/dags/main.py for tasks to queue
[2026-05-03T16:35:24.728+0000] {logging_mixin.py:190} INFO - [2026-05-03T16:35:24.728+0000] {dagbag.py:588} INFO - Filling up the DagBag from /opt/airflow/dags/main.py
[2026-05-03T16:35:24.849+0000] {processor.py:925} INFO - DAG(s) 'orders_kafka_to_s3' retrieved from /opt/airflow/dags/main.py
[2026-05-03T16:35:24.876+0000] {logging_mixin.py:190} INFO - [2026-05-03T16:35:24.875+0000] {dag.py:3239} INFO - Sync 1 DAGs
[2026-05-03T16:35:25.076+0000] {logging_mixin.py:190} INFO - [2026-05-03T16:35:25.076+0000] {dag.py:4180} INFO - Setting next_dagrun for orders_kafka_to_s3 to 2026-05-03 00:00:00+00:00, run_after=2026-05-04 00:00:00+00:00
[2026-05-03T16:35:25.107+0000] {processor.py:208} INFO - Processing /opt/airflow/dags/main.py took 0.395 seconds
[2026-05-03T16:35:55.665+0000] {processor.py:186} INFO - Started process (PID=378) to work on /opt/airflow/dags/main.py
[2026-05-03T16:35:55.668+0000] {processor.py:914} INFO - Processing file /opt/airflow/dags/main.py for tasks to queue
[2026-05-03T16:35:55.672+0000] {logging_mixin.py:190} INFO - [2026-05-03T16:35:55.671+0000] {dagbag.py:588} INFO - Filling up the DagBag from /opt/airflow/dags/main.py
[2026-05-03T16:35:55.833+0000] {processor.py:925} INFO - DAG(s) 'orders_kafka_to_s3' retrieved from /opt/airflow/dags/main.py
[2026-05-03T16:35:55.875+0000] {logging_mixin.py:190} INFO - [2026-05-03T16:35:55.875+0000] {dag.py:3239} INFO - Sync 1 DAGs
[2026-05-03T16:35:56.099+0000] {logging_mixin.py:190} INFO - [2026-05-03T16:35:56.098+0000] {dag.py:4180} INFO - Setting next_dagrun for orders_kafka_to_s3 to 2026-05-03 00:00:00+00:00, run_after=2026-05-04 00:00:00+00:00
[2026-05-03T16:35:56.130+0000] {processor.py:208} INFO - Processing /opt/airflow/dags/main.py took 0.479 seconds
[2026-05-03T16:36:26.699+0000] {processor.py:186} INFO - Started process (PID=385) to work on /opt/airflow/dags/main.py
[2026-05-03T16:36:26.702+0000] {processor.py:914} INFO - Processing file /opt/airflow/dags/main.py for tasks to queue
[2026-05-03T16:36:26.709+0000] {logging_mixin.py:190} INFO - [2026-05-03T16:36:26.708+0000] {dagbag.py:588} INFO - Filling up the DagBag from /opt/airflow/dags/main.py
[2026-05-03T16:36:26.912+0000] {processor.py:925} INFO - DAG(s) 'orders_kafka_to_s3' retrieved from /opt/airflow/dags/main.py
[2026-05-03T16:36:27.117+0000] {logging_mixin.py:190} INFO - [2026-05-03T16:36:27.116+0000] {dag.py:3239} INFO - Sync 1 DAGs
[2026-05-03T16:36:27.149+0000] {logging_mixin.py:190} INFO - [2026-05-03T16:36:27.148+0000] {dag.py:4180} INFO - Setting next_dagrun for orders_kafka_to_s3 to 2026-05-03 00:00:00+00:00, run_after=2026-05-04 00:00:00+00:00
[2026-05-03T16:36:27.176+0000] {processor.py:208} INFO - Processing /opt/airflow/dags/main.py took 0.495 seconds
[2026-05-03T16:36:57.644+0000] {processor.py:186} INFO - Started process (PID=392) to work on /opt/airflow/dags/main.py
[2026-05-03T16:36:57.646+0000] {processor.py:914} INFO - Processing file /opt/airflow/dags/main.py for tasks to queue
[2026-05-03T16:36:57.651+0000] {logging_mixin.py:190} INFO - [2026-05-03T16:36:57.650+0000] {dagbag.py:588} INFO - Filling up the DagBag from /opt/airflow/dags/main.py
[2026-05-03T16:36:57.785+0000] {processor.py:925} INFO - DAG(s) 'orders_kafka_to_s3' retrieved from /opt/airflow/dags/main.py
[2026-05-03T16:36:57.985+0000] {logging_mixin.py:190} INFO - [2026-05-03T16:36:57.985+0000] {dag.py:3239} INFO - Sync 1 DAGs
[2026-05-03T16:36:58.013+0000] {logging_mixin.py:190} INFO - [2026-05-03T16:36:58.013+0000] {dag.py:4180} INFO - Setting next_dagrun for orders_kafka_to_s3 to 2026-05-03 00:00:00+00:00, run_after=2026-05-04 00:00:00+00:00
[2026-05-03T16:36:58.040+0000] {processor.py:208} INFO - Processing /opt/airflow/dags/main.py took 0.411 seconds
[2026-05-03T16:37:28.245+0000] {processor.py:186} INFO - Started process (PID=399) to work on /opt/airflow/dags/main.py
[2026-05-03T16:37:28.247+0000] {processor.py:914} INFO - Processing file /opt/airflow/dags/main.py for tasks to queue
[2026-05-03T16:37:28.250+0000] {logging_mixin.py:190} INFO - [2026-05-03T16:37:28.250+0000] {dagbag.py:588} INFO - Filling up the DagBag from /opt/airflow/dags/main.py
[2026-05-03T16:37:28.571+0000] {processor.py:925} INFO - DAG(s) 'orders_kafka_to_s3' retrieved from /opt/airflow/dags/main.py
[2026-05-03T16:37:28.599+0000] {logging_mixin.py:190} INFO - [2026-05-03T16:37:28.598+0000] {dag.py:3239} INFO - Sync 1 DAGs
[2026-05-03T16:37:28.624+0000] {logging_mixin.py:190} INFO - [2026-05-03T16:37:28.623+0000] {dag.py:4180} INFO - Setting next_dagrun for orders_kafka_to_s3 to 2026-05-03 00:00:00+00:00, run_after=2026-05-04 00:00:00+00:00
[2026-05-03T16:37:28.656+0000] {processor.py:208} INFO - Processing /opt/airflow/dags/main.py took 0.418 seconds
[2026-05-03T16:37:59.122+0000] {processor.py:186} INFO - Started process (PID=406) to work on /opt/airflow/dags/main.py
[2026-05-03T16:37:59.124+0000] {processor.py:914} INFO - Processing file /opt/airflow/dags/main.py for tasks to queue
[2026-05-03T16:37:59.131+0000] {logging_mixin.py:190} INFO - [2026-05-03T16:37:59.130+0000] {dagbag.py:588} INFO - Filling up the DagBag from /opt/airflow/dags/main.py
[2026-05-03T16:37:59.507+0000] {processor.py:925} INFO - DAG(s) 'orders_kafka_to_s3' retrieved from /opt/airflow/dags/main.py
[2026-05-03T16:37:59.544+0000] {logging_mixin.py:190} INFO - [2026-05-03T16:37:59.544+0000] {dag.py:3239} INFO - Sync 1 DAGs
[2026-05-03T16:37:59.569+0000] {logging_mixin.py:190} INFO - [2026-05-03T16:37:59.569+0000] {dag.py:4180} INFO - Setting next_dagrun for orders_kafka_to_s3 to 2026-05-03 00:00:00+00:00, run_after=2026-05-04 00:00:00+00:00
[2026-05-03T16:37:59.590+0000] {processor.py:208} INFO - Processing /opt/airflow/dags/main.py took 0.481 seconds
[2026-05-03T16:38:30.597+0000] {processor.py:186} INFO - Started process (PID=413) to work on /opt/airflow/dags/main.py
[2026-05-03T16:38:30.599+0000] {processor.py:914} INFO - Processing file /opt/airflow/dags/main.py for tasks to queue
[2026-05-03T16:38:30.604+0000] {logging_mixin.py:190} INFO - [2026-05-03T16:38:30.603+0000] {dagbag.py:588} INFO - Filling up the DagBag from /opt/airflow/dags/main.py
[2026-05-03T16:38:30.745+0000] {processor.py:925} INFO - DAG(s) 'orders_kafka_to_s3' retrieved from /opt/airflow/dags/main.py
[2026-05-03T16:38:30.773+0000] {logging_mixin.py:190} INFO - [2026-05-03T16:38:30.773+0000] {dag.py:3239} INFO - Sync 1 DAGs
[2026-05-03T16:38:30.973+0000] {logging_mixin.py:190} INFO - [2026-05-03T16:38:30.972+0000] {dag.py:4180} INFO - Setting next_dagrun for orders_kafka_to_s3 to 2026-05-03 00:00:00+00:00, run_after=2026-05-04 00:00:00+00:00
[2026-05-03T16:38:31.010+0000] {processor.py:208} INFO - Processing /opt/airflow/dags/main.py took 0.423 seconds
[2026-05-03T16:39:01.194+0000] {processor.py:186} INFO - Started process (PID=419) to work on /opt/airflow/dags/main.py
[2026-05-03T16:39:01.195+0000] {processor.py:914} INFO - Processing file /opt/airflow/dags/main.py for tasks to queue
[2026-05-03T16:39:01.198+0000] {logging_mixin.py:190} INFO - [2026-05-03T16:39:01.198+0000] {dagbag.py:588} INFO - Filling up the DagBag from /opt/airflow/dags/main.py
[2026-05-03T16:39:01.314+0000] {processor.py:925} INFO - DAG(s) 'orders_kafka_to_s3' retrieved from /opt/airflow/dags/main.py
[2026-05-03T16:39:01.345+0000] {logging_mixin.py:190} INFO - [2026-05-03T16:39:01.345+0000] {dag.py:3239} INFO - Sync 1 DAGs
[2026-05-03T16:39:01.537+0000] {logging_mixin.py:190} INFO - [2026-05-03T16:39:01.537+0000] {dag.py:4180} INFO - Setting next_dagrun for orders_kafka_to_s3 to 2026-05-03 00:00:00+00:00, run_after=2026-05-04 00:00:00+00:00
[2026-05-03T16:39:01.562+0000] {processor.py:208} INFO - Processing /opt/airflow/dags/main.py took 0.375 seconds
[2026-05-03T16:39:32.480+0000] {processor.py:186} INFO - Started process (PID=426) to work on /opt/airflow/dags/main.py
[2026-05-03T16:39:32.481+0000] {processor.py:914} INFO - Processing file /opt/airflow/dags/main.py for tasks to queue
[2026-05-03T16:39:32.485+0000] {logging_mixin.py:190} INFO - [2026-05-03T16:39:32.485+0000] {dagbag.py:588} INFO - Filling up the DagBag from /opt/airflow/dags/main.py
[2026-05-03T16:39:32.654+0000] {processor.py:925} INFO - DAG(s) 'orders_kafka_to_s3' retrieved from /opt/airflow/dags/main.py
[2026-05-03T16:39:32.871+0000] {logging_mixin.py:190} INFO - [2026-05-03T16:39:32.871+0000] {dag.py:3239} INFO - Sync 1 DAGs
[2026-05-03T16:39:32.916+0000] {logging_mixin.py:190} INFO - [2026-05-03T16:39:32.915+0000] {dag.py:4180} INFO - Setting next_dagrun for orders_kafka_to_s3 to 2026-05-03 00:00:00+00:00, run_after=2026-05-04 00:00:00+00:00
[2026-05-03T16:39:32.949+0000] {processor.py:208} INFO - Processing /opt/airflow/dags/main.py took 0.478 seconds
[2026-05-03T16:40:03.328+0000] {processor.py:186} INFO - Started process (PID=433) to work on /opt/airflow/dags/main.py
[2026-05-03T16:40:03.330+0000] {processor.py:914} INFO - Processing file /opt/airflow/dags/main.py for tasks to queue
[2026-05-03T16:40:03.339+0000] {logging_mixin.py:190} INFO - [2026-05-03T16:40:03.339+0000] {dagbag.py:588} INFO - Filling up the DagBag from /opt/airflow/dags/main.py
[2026-05-03T16:40:03.741+0000] {processor.py:925} INFO - DAG(s) 'orders_kafka_to_s3' retrieved from /opt/airflow/dags/main.py
[2026-05-03T16:40:03.783+0000] {logging_mixin.py:190} INFO - [2026-05-03T16:40:03.783+0000] {dag.py:3239} INFO - Sync 1 DAGs
[2026-05-03T16:40:03.818+0000] {logging_mixin.py:190} INFO - [2026-05-03T16:40:03.817+0000] {dag.py:4180} INFO - Setting next_dagrun for orders_kafka_to_s3 to 2026-05-03 00:00:00+00:00, run_after=2026-05-04 00:00:00+00:00
[2026-05-03T16:40:03.845+0000] {processor.py:208} INFO - Processing /opt/airflow/dags/main.py took 0.532 seconds
[2026-05-03T16:40:34.076+0000] {processor.py:186} INFO - Started process (PID=440) to work on /opt/airflow/dags/main.py
[2026-05-03T16:40:34.077+0000] {processor.py:914} INFO - Processing file /opt/airflow/dags/main.py for tasks to queue
[2026-05-03T16:40:34.082+0000] {logging_mixin.py:190} INFO - [2026-05-03T16:40:34.081+0000] {dagbag.py:588} INFO - Filling up the DagBag from /opt/airflow/dags/main.py
[2026-05-03T16:40:34.454+0000] {processor.py:925} INFO - DAG(s) 'orders_kafka_to_s3' retrieved from /opt/airflow/dags/main.py
[2026-05-03T16:40:34.499+0000] {logging_mixin.py:190} INFO - [2026-05-03T16:40:34.498+0000] {dag.py:3239} INFO - Sync 1 DAGs
[2026-05-03T16:40:34.522+0000] {logging_mixin.py:190} INFO - [2026-05-03T16:40:34.521+0000] {dag.py:4180} INFO - Setting next_dagrun for orders_kafka_to_s3 to 2026-05-03 00:00:00+00:00, run_after=2026-05-04 00:00:00+00:00
[2026-05-03T16:40:34.545+0000] {processor.py:208} INFO - Processing /opt/airflow/dags/main.py took 0.477 seconds
[2026-05-03T16:41:04.834+0000] {processor.py:186} INFO - Started process (PID=447) to work on /opt/airflow/dags/main.py
[2026-05-03T16:41:04.837+0000] {processor.py:914} INFO - Processing file /opt/airflow/dags/main.py for tasks to queue
[2026-05-03T16:41:04.843+0000] {logging_mixin.py:190} INFO - [2026-05-03T16:41:04.842+0000] {dagbag.py:588} INFO - Filling up the DagBag from /opt/airflow/dags/main.py
[2026-05-03T16:41:05.209+0000] {processor.py:925} INFO - DAG(s) 'orders_kafka_to_s3' retrieved from /opt/airflow/dags/main.py
[2026-05-03T16:41:05.258+0000] {logging_mixin.py:190} INFO - [2026-05-03T16:41:05.258+0000] {dag.py:3239} INFO - Sync 1 DAGs
[2026-05-03T16:41:05.300+0000] {logging_mixin.py:190} INFO - [2026-05-03T16:41:05.299+0000] {dag.py:4180} INFO - Setting next_dagrun for orders_kafka_to_s3 to 2026-05-03 00:00:00+00:00, run_after=2026-05-04 00:00:00+00:00
[2026-05-03T16:41:05.340+0000] {processor.py:208} INFO - Processing /opt/airflow/dags/main.py took 0.519 seconds
[2026-05-03T16:41:36.323+0000] {processor.py:186} INFO - Started process (PID=454) to work on /opt/airflow/dags/main.py
[2026-05-03T16:41:36.326+0000] {processor.py:914} INFO - Processing file /opt/airflow/dags/main.py for tasks to queue
[2026-05-03T16:41:36.331+0000] {logging_mixin.py:190} INFO - [2026-05-03T16:41:36.330+0000] {dagbag.py:588} INFO - Filling up the DagBag from /opt/airflow/dags/main.py
[2026-05-03T16:41:36.458+0000] {processor.py:925} INFO - DAG(s) 'orders_kafka_to_s3' retrieved from /opt/airflow/dags/main.py
[2026-05-03T16:41:36.485+0000] {logging_mixin.py:190} INFO - [2026-05-03T16:41:36.485+0000] {dag.py:3239} INFO - Sync 1 DAGs
[2026-05-03T16:41:36.699+0000] {logging_mixin.py:190} INFO - [2026-05-03T16:41:36.699+0000] {dag.py:4180} INFO - Setting next_dagrun for orders_kafka_to_s3 to 2026-05-03 00:00:00+00:00, run_after=2026-05-04 00:00:00+00:00
[2026-05-03T16:41:36.738+0000] {processor.py:208} INFO - Processing /opt/airflow/dags/main.py took 0.429 seconds
[2026-05-03T16:42:07.097+0000] {processor.py:186} INFO - Started process (PID=461) to work on /opt/airflow/dags/main.py
[2026-05-03T16:42:07.099+0000] {processor.py:914} INFO - Processing file /opt/airflow/dags/main.py for tasks to queue
[2026-05-03T16:42:07.104+0000] {logging_mixin.py:190} INFO - [2026-05-03T16:42:07.104+0000] {dagbag.py:588} INFO - Filling up the DagBag from /opt/airflow/dags/main.py
[2026-05-03T16:42:07.290+0000] {processor.py:925} INFO - DAG(s) 'orders_kafka_to_s3' retrieved from /opt/airflow/dags/main.py
[2026-05-03T16:42:07.328+0000] {logging_mixin.py:190} INFO - [2026-05-03T16:42:07.327+0000] {dag.py:3239} INFO - Sync 1 DAGs
[2026-05-03T16:42:07.534+0000] {logging_mixin.py:190} INFO - [2026-05-03T16:42:07.533+0000] {dag.py:4180} INFO - Setting next_dagrun for orders_kafka_to_s3 to 2026-05-03 00:00:00+00:00, run_after=2026-05-04 00:00:00+00:00
[2026-05-03T16:42:07.562+0000] {processor.py:208} INFO - Processing /opt/airflow/dags/main.py took 0.481 seconds
[2026-05-03T16:42:38.393+0000] {processor.py:186} INFO - Started process (PID=468) to work on /opt/airflow/dags/main.py
[2026-05-03T16:42:38.396+0000] {processor.py:914} INFO - Processing file /opt/airflow/dags/main.py for tasks to queue
[2026-05-03T16:42:38.400+0000] {logging_mixin.py:190} INFO - [2026-05-03T16:42:38.399+0000] {dagbag.py:588} INFO - Filling up the DagBag from /opt/airflow/dags/main.py
[2026-05-03T16:42:38.558+0000] {processor.py:925} INFO - DAG(s) 'orders_kafka_to_s3' retrieved from /opt/airflow/dags/main.py
[2026-05-03T16:42:38.776+0000] {logging_mixin.py:190} INFO - [2026-05-03T16:42:38.775+0000] {dag.py:3239} INFO - Sync 1 DAGs
[2026-05-03T16:42:38.820+0000] {logging_mixin.py:190} INFO - [2026-05-03T16:42:38.819+0000] {dag.py:4180} INFO - Setting next_dagrun for orders_kafka_to_s3 to 2026-05-03 00:00:00+00:00, run_after=2026-05-04 00:00:00+00:00
[2026-05-03T16:42:38.845+0000] {processor.py:208} INFO - Processing /opt/airflow/dags/main.py took 0.467 seconds
[2026-05-03T16:43:09.364+0000] {processor.py:186} INFO - Started process (PID=475) to work on /opt/airflow/dags/main.py
[2026-05-03T16:43:09.369+0000] {processor.py:914} INFO - Processing file /opt/airflow/dags/main.py for tasks to queue
[2026-05-03T16:43:09.379+0000] {logging_mixin.py:190} INFO - [2026-05-03T16:43:09.377+0000] {dagbag.py:588} INFO - Filling up the DagBag from /opt/airflow/dags/main.py
[2026-05-03T16:43:09.776+0000] {processor.py:925} INFO - DAG(s) 'orders_kafka_to_s3' retrieved from /opt/airflow/dags/main.py
[2026-05-03T16:43:09.805+0000] {logging_mixin.py:190} INFO - [2026-05-03T16:43:09.805+0000] {dag.py:3239} INFO - Sync 1 DAGs
[2026-05-03T16:43:09.834+0000] {logging_mixin.py:190} INFO - [2026-05-03T16:43:09.833+0000] {dag.py:4180} INFO - Setting next_dagrun for orders_kafka_to_s3 to 2026-05-03 00:00:00+00:00, run_after=2026-05-04 00:00:00+00:00
[2026-05-03T16:43:09.868+0000] {processor.py:208} INFO - Processing /opt/airflow/dags/main.py took 0.531 seconds
[2026-05-03T16:43:41.467+0000] {processor.py:186} INFO - Started process (PID=482) to work on /opt/airflow/dags/main.py
[2026-05-03T16:43:41.470+0000] {processor.py:914} INFO - Processing file /opt/airflow/dags/main.py for tasks to queue
[2026-05-03T16:43:41.476+0000] {logging_mixin.py:190} INFO - [2026-05-03T16:43:41.475+0000] {dagbag.py:588} INFO - Filling up the DagBag from /opt/airflow/dags/main.py
[2026-05-03T16:43:41.856+0000] {processor.py:925} INFO - DAG(s) 'orders_kafka_to_s3' retrieved from /opt/airflow/dags/main.py
[2026-05-03T16:43:41.898+0000] {logging_mixin.py:190} INFO - [2026-05-03T16:43:41.897+0000] {dag.py:3239} INFO - Sync 1 DAGs
[2026-05-03T16:43:41.926+0000] {logging_mixin.py:190} INFO - [2026-05-03T16:43:41.926+0000] {dag.py:4180} INFO - Setting next_dagrun for orders_kafka_to_s3 to 2026-05-03 00:00:00+00:00, run_after=2026-05-04 00:00:00+00:00
[2026-05-03T16:43:41.953+0000] {processor.py:208} INFO - Processing /opt/airflow/dags/main.py took 0.502 seconds
[2026-05-03T16:44:12.355+0000] {processor.py:186} INFO - Started process (PID=489) to work on /opt/airflow/dags/main.py
[2026-05-03T16:44:12.358+0000] {processor.py:914} INFO - Processing file /opt/airflow/dags/main.py for tasks to queue
[2026-05-03T16:44:12.364+0000] {logging_mixin.py:190} INFO - [2026-05-03T16:44:12.363+0000] {dagbag.py:588} INFO - Filling up the DagBag from /opt/airflow/dags/main.py
[2026-05-03T16:44:13.189+0000] {processor.py:925} INFO - DAG(s) 'orders_kafka_to_s3' retrieved from /opt/airflow/dags/main.py
[2026-05-03T16:44:13.240+0000] {logging_mixin.py:190} INFO - [2026-05-03T16:44:13.240+0000] {dag.py:3239} INFO - Sync 1 DAGs
[2026-05-03T16:44:13.276+0000] {logging_mixin.py:190} INFO - [2026-05-03T16:44:13.276+0000] {dag.py:4180} INFO - Setting next_dagrun for orders_kafka_to_s3 to 2026-05-03 00:00:00+00:00, run_after=2026-05-04 00:00:00+00:00
[2026-05-03T16:44:13.298+0000] {processor.py:208} INFO - Processing /opt/airflow/dags/main.py took 0.959 seconds
[2026-05-03T16:44:43.503+0000] {processor.py:186} INFO - Started process (PID=496) to work on /opt/airflow/dags/main.py
[2026-05-03T16:44:43.506+0000] {processor.py:914} INFO - Processing file /opt/airflow/dags/main.py for tasks to queue
[2026-05-03T16:44:43.511+0000] {logging_mixin.py:190} INFO - [2026-05-03T16:44:43.510+0000] {dagbag.py:588} INFO - Filling up the DagBag from /opt/airflow/dags/main.py
[2026-05-03T16:44:43.704+0000] {processor.py:925} INFO - DAG(s) 'orders_kafka_to_s3' retrieved from /opt/airflow/dags/main.py
[2026-05-03T16:44:43.733+0000] {logging_mixin.py:190} INFO - [2026-05-03T16:44:43.733+0000] {dag.py:3239} INFO - Sync 1 DAGs
[2026-05-03T16:44:44.011+0000] {logging_mixin.py:190} INFO - [2026-05-03T16:44:44.011+0000] {dag.py:4180} INFO - Setting next_dagrun for orders_kafka_to_s3 to 2026-05-03 00:00:00+00:00, run_after=2026-05-04 00:00:00+00:00
[2026-05-03T16:44:44.039+0000] {processor.py:208} INFO - Processing /opt/airflow/dags/main.py took 0.550 seconds
[2026-05-03T16:45:14.881+0000] {processor.py:186} INFO - Started process (PID=503) to work on /opt/airflow/dags/main.py
[2026-05-03T16:45:14.883+0000] {processor.py:914} INFO - Processing file /opt/airflow/dags/main.py for tasks to queue
[2026-05-03T16:45:14.888+0000] {logging_mixin.py:190} INFO - [2026-05-03T16:45:14.887+0000] {dagbag.py:588} INFO - Filling up the DagBag from /opt/airflow/dags/main.py
[2026-05-03T16:45:15.049+0000] {processor.py:925} INFO - DAG(s) 'orders_kafka_to_s3' retrieved from /opt/airflow/dags/main.py
[2026-05-03T16:45:15.076+0000] {logging_mixin.py:190} INFO - [2026-05-03T16:45:15.076+0000] {dag.py:3239} INFO - Sync 1 DAGs
[2026-05-03T16:45:15.273+0000] {logging_mixin.py:190} INFO - [2026-05-03T16:45:15.273+0000] {dag.py:4180} INFO - Setting next_dagrun for orders_kafka_to_s3 to 2026-05-03 00:00:00+00:00, run_after=2026-05-04 00:00:00+00:00
[2026-05-03T16:45:15.297+0000] {processor.py:208} INFO - Processing /opt/airflow/dags/main.py took 0.428 seconds
[2026-05-03T16:45:46.002+0000] {processor.py:186} INFO - Started process (PID=510) to work on /opt/airflow/dags/main.py
[2026-05-03T16:45:46.004+0000] {processor.py:914} INFO - Processing file /opt/airflow/dags/main.py for tasks to queue
[2026-05-03T16:45:46.010+0000] {logging_mixin.py:190} INFO - [2026-05-03T16:45:46.009+0000] {dagbag.py:588} INFO - Filling up the DagBag from /opt/airflow/dags/main.py
[2026-05-03T16:45:46.184+0000] {processor.py:925} INFO - DAG(s) 'orders_kafka_to_s3' retrieved from /opt/airflow/dags/main.py
[2026-05-03T16:45:46.378+0000] {logging_mixin.py:190} INFO - [2026-05-03T16:45:46.378+0000] {dag.py:3239} INFO - Sync 1 DAGs
[2026-05-03T16:45:46.421+0000] {logging_mixin.py:190} INFO - [2026-05-03T16:45:46.421+0000] {dag.py:4180} INFO - Setting next_dagrun for orders_kafka_to_s3 to 2026-05-03 00:00:00+00:00, run_after=2026-05-04 00:00:00+00:00
[2026-05-03T16:45:46.448+0000] {processor.py:208} INFO - Processing /opt/airflow/dags/main.py took 0.463 seconds
[2026-05-03T16:46:17.165+0000] {processor.py:186} INFO - Started process (PID=517) to work on /opt/airflow/dags/main.py
[2026-05-03T16:46:17.167+0000] {processor.py:914} INFO - Processing file /opt/airflow/dags/main.py for tasks to queue
[2026-05-03T16:46:17.170+0000] {logging_mixin.py:190} INFO - [2026-05-03T16:46:17.170+0000] {dagbag.py:588} INFO - Filling up the DagBag from /opt/airflow/dags/main.py
[2026-05-03T16:46:17.531+0000] {processor.py:925} INFO - DAG(s) 'orders_kafka_to_s3' retrieved from /opt/airflow/dags/main.py
[2026-05-03T16:46:17.558+0000] {logging_mixin.py:190} INFO - [2026-05-03T16:46:17.558+0000] {dag.py:3239} INFO - Sync 1 DAGs
[2026-05-03T16:46:17.582+0000] {logging_mixin.py:190} INFO - [2026-05-03T16:46:17.582+0000] {dag.py:4180} INFO - Setting next_dagrun for orders_kafka_to_s3 to 2026-05-03 00:00:00+00:00, run_after=2026-05-04 00:00:00+00:00
[2026-05-03T16:46:17.604+0000] {processor.py:208} INFO - Processing /opt/airflow/dags/main.py took 0.451 seconds
[2026-05-03T16:46:49.975+0000] {processor.py:186} INFO - Started process (PID=524) to work on /opt/airflow/dags/main.py
[2026-05-03T16:46:49.977+0000] {processor.py:914} INFO - Processing file /opt/airflow/dags/main.py for tasks to queue
[2026-05-03T16:46:49.982+0000] {logging_mixin.py:190} INFO - [2026-05-03T16:46:49.981+0000] {dagbag.py:588} INFO - Filling up the DagBag from /opt/airflow/dags/main.py
[2026-05-03T16:46:50.357+0000] {processor.py:925} INFO - DAG(s) 'orders_kafka_to_s3' retrieved from /opt/airflow/dags/main.py
[2026-05-03T16:46:50.401+0000] {logging_mixin.py:190} INFO - [2026-05-03T16:46:50.401+0000] {dag.py:3239} INFO - Sync 1 DAGs
[2026-05-03T16:46:50.448+0000] {logging_mixin.py:190} INFO - [2026-05-03T16:46:50.448+0000] {dag.py:4180} INFO - Setting next_dagrun for orders_kafka_to_s3 to 2026-05-03 00:00:00+00:00, run_after=2026-05-04 00:00:00+00:00
[2026-05-03T16:46:50.483+0000] {processor.py:208} INFO - Processing /opt/airflow/dags/main.py took 0.524 seconds
[2026-05-03T16:47:20.770+0000] {processor.py:186} INFO - Started process (PID=531) to work on /opt/airflow/dags/main.py
[2026-05-03T16:47:20.773+0000] {processor.py:914} INFO - Processing file /opt/airflow/dags/main.py for tasks to queue
[2026-05-03T16:47:20.778+0000] {logging_mixin.py:190} INFO - [2026-05-03T16:47:20.778+0000] {dagbag.py:588} INFO - Filling up the DagBag from /opt/airflow/dags/main.py
[2026-05-03T16:47:21.110+0000] {processor.py:925} INFO - DAG(s) 'orders_kafka_to_s3' retrieved from /opt/airflow/dags/main.py
[2026-05-03T16:47:21.138+0000] {logging_mixin.py:190} INFO - [2026-05-03T16:47:21.137+0000] {dag.py:3239} INFO - Sync 1 DAGs
[2026-05-03T16:47:21.163+0000] {logging_mixin.py:190} INFO - [2026-05-03T16:47:21.163+0000] {dag.py:4180} INFO - Setting next_dagrun for orders_kafka_to_s3 to 2026-05-03 00:00:00+00:00, run_after=2026-05-04 00:00:00+00:00
[2026-05-03T16:47:21.185+0000] {processor.py:208} INFO - Processing /opt/airflow/dags/main.py took 0.433 seconds
[2026-05-03T16:47:52.425+0000] {processor.py:186} INFO - Started process (PID=538) to work on /opt/airflow/dags/main.py
[2026-05-03T16:47:52.427+0000] {processor.py:914} INFO - Processing file /opt/airflow/dags/main.py for tasks to queue
[2026-05-03T16:47:52.432+0000] {logging_mixin.py:190} INFO - [2026-05-03T16:47:52.431+0000] {dagbag.py:588} INFO - Filling up the DagBag from /opt/airflow/dags/main.py
[2026-05-03T16:47:52.553+0000] {processor.py:925} INFO - DAG(s) 'orders_kafka_to_s3' retrieved from /opt/airflow/dags/main.py
[2026-05-03T16:47:52.607+0000] {logging_mixin.py:190} INFO - [2026-05-03T16:47:52.607+0000] {dag.py:3239} INFO - Sync 1 DAGs
[2026-05-03T16:47:52.834+0000] {logging_mixin.py:190} INFO - [2026-05-03T16:47:52.834+0000] {dag.py:4180} INFO - Setting next_dagrun for orders_kafka_to_s3 to 2026-05-03 00:00:00+00:00, run_after=2026-05-04 00:00:00+00:00
[2026-05-03T16:47:52.862+0000] {processor.py:208} INFO - Processing /opt/airflow/dags/main.py took 0.449 seconds
[2026-05-03T16:48:22.924+0000] {processor.py:186} INFO - Started process (PID=545) to work on /opt/airflow/dags/main.py
[2026-05-03T16:48:22.926+0000] {processor.py:914} INFO - Processing file /opt/airflow/dags/main.py for tasks to queue
[2026-05-03T16:48:22.930+0000] {logging_mixin.py:190} INFO - [2026-05-03T16:48:22.929+0000] {dagbag.py:588} INFO - Filling up the DagBag from /opt/airflow/dags/main.py
[2026-05-03T16:48:23.061+0000] {processor.py:925} INFO - DAG(s) 'orders_kafka_to_s3' retrieved from /opt/airflow/dags/main.py
[2026-05-03T16:48:23.288+0000] {logging_mixin.py:190} INFO - [2026-05-03T16:48:23.288+0000] {dag.py:3239} INFO - Sync 1 DAGs
[2026-05-03T16:48:23.318+0000] {logging_mixin.py:190} INFO - [2026-05-03T16:48:23.318+0000] {dag.py:4180} INFO - Setting next_dagrun for orders_kafka_to_s3 to 2026-05-03 00:00:00+00:00, run_after=2026-05-04 00:00:00+00:00
[2026-05-03T16:48:23.345+0000] {processor.py:208} INFO - Processing /opt/airflow/dags/main.py took 0.428 seconds
[2026-05-03T16:48:53.824+0000] {processor.py:186} INFO - Started process (PID=552) to work on /opt/airflow/dags/main.py
[2026-05-03T16:48:53.826+0000] {processor.py:914} INFO - Processing file /opt/airflow/dags/main.py for tasks to queue
[2026-05-03T16:48:53.833+0000] {logging_mixin.py:190} INFO - [2026-05-03T16:48:53.832+0000] {dagbag.py:588} INFO - Filling up the DagBag from /opt/airflow/dags/main.py
[2026-05-03T16:48:54.021+0000] {processor.py:925} INFO - DAG(s) 'orders_kafka_to_s3' retrieved from /opt/airflow/dags/main.py
[2026-05-03T16:48:54.224+0000] {logging_mixin.py:190} INFO - [2026-05-03T16:48:54.223+0000] {dag.py:3239} INFO - Sync 1 DAGs
[2026-05-03T16:48:54.251+0000] {logging_mixin.py:190} INFO - [2026-05-03T16:48:54.251+0000] {dag.py:4180} INFO - Setting next_dagrun for orders_kafka_to_s3 to 2026-05-03 00:00:00+00:00, run_after=2026-05-04 00:00:00+00:00
[2026-05-03T16:48:54.281+0000] {processor.py:208} INFO - Processing /opt/airflow/dags/main.py took 0.472 seconds
[2026-05-03T16:49:25.149+0000] {processor.py:186} INFO - Started process (PID=559) to work on /opt/airflow/dags/main.py
[2026-05-03T16:49:25.151+0000] {processor.py:914} INFO - Processing file /opt/airflow/dags/main.py for tasks to queue
[2026-05-03T16:49:25.157+0000] {logging_mixin.py:190} INFO - [2026-05-03T16:49:25.157+0000] {dagbag.py:588} INFO - Filling up the DagBag from /opt/airflow/dags/main.py
[2026-05-03T16:49:25.491+0000] {processor.py:925} INFO - DAG(s) 'orders_kafka_to_s3' retrieved from /opt/airflow/dags/main.py
[2026-05-03T16:49:25.521+0000] {logging_mixin.py:190} INFO - [2026-05-03T16:49:25.521+0000] {dag.py:3239} INFO - Sync 1 DAGs
[2026-05-03T16:49:25.545+0000] {logging_mixin.py:190} INFO - [2026-05-03T16:49:25.545+0000] {dag.py:4180} INFO - Setting next_dagrun for orders_kafka_to_s3 to 2026-05-03 00:00:00+00:00, run_after=2026-05-04 00:00:00+00:00
[2026-05-03T16:49:25.569+0000] {processor.py:208} INFO - Processing /opt/airflow/dags/main.py took 0.434 seconds
[2026-05-03T16:49:56.111+0000] {processor.py:186} INFO - Started process (PID=566) to work on /opt/airflow/dags/main.py
[2026-05-03T16:49:56.112+0000] {processor.py:914} INFO - Processing file /opt/airflow/dags/main.py for tasks to queue
[2026-05-03T16:49:56.114+0000] {logging_mixin.py:190} INFO - [2026-05-03T16:49:56.114+0000] {dagbag.py:588} INFO - Filling up the DagBag from /opt/airflow/dags/main.py
[2026-05-03T16:49:56.425+0000] {processor.py:925} INFO - DAG(s) 'orders_kafka_to_s3' retrieved from /opt/airflow/dags/main.py
[2026-05-03T16:49:56.451+0000] {logging_mixin.py:190} INFO - [2026-05-03T16:49:56.451+0000] {dag.py:3239} INFO - Sync 1 DAGs
[2026-05-03T16:49:56.477+0000] {logging_mixin.py:190} INFO - [2026-05-03T16:49:56.477+0000] {dag.py:4180} INFO - Setting next_dagrun for orders_kafka_to_s3 to 2026-05-03 00:00:00+00:00, run_after=2026-05-04 00:00:00+00:00
[2026-05-03T16:49:56.498+0000] {processor.py:208} INFO - Processing /opt/airflow/dags/main.py took 0.395 seconds
[2026-05-03T16:50:27.478+0000] {processor.py:186} INFO - Started process (PID=573) to work on /opt/airflow/dags/main.py
[2026-05-03T16:50:27.480+0000] {processor.py:914} INFO - Processing file /opt/airflow/dags/main.py for tasks to queue
[2026-05-03T16:50:27.484+0000] {logging_mixin.py:190} INFO - [2026-05-03T16:50:27.484+0000] {dagbag.py:588} INFO - Filling up the DagBag from /opt/airflow/dags/main.py
[2026-05-03T16:50:27.830+0000] {processor.py:925} INFO - DAG(s) 'orders_kafka_to_s3' retrieved from /opt/airflow/dags/main.py
[2026-05-03T16:50:27.877+0000] {logging_mixin.py:190} INFO - [2026-05-03T16:50:27.877+0000] {dag.py:3239} INFO - Sync 1 DAGs
[2026-05-03T16:50:27.924+0000] {logging_mixin.py:190} INFO - [2026-05-03T16:50:27.924+0000] {dag.py:4180} INFO - Setting next_dagrun for orders_kafka_to_s3 to 2026-05-03 00:00:00+00:00, run_after=2026-05-04 00:00:00+00:00
[2026-05-03T16:50:27.957+0000] {processor.py:208} INFO - Processing /opt/airflow/dags/main.py took 0.492 seconds
[2026-05-03T16:50:58.108+0000] {processor.py:186} INFO - Started process (PID=580) to work on /opt/airflow/dags/main.py
[2026-05-03T16:50:58.110+0000] {processor.py:914} INFO - Processing file /opt/airflow/dags/main.py for tasks to queue
[2026-05-03T16:50:58.116+0000] {logging_mixin.py:190} INFO - [2026-05-03T16:50:58.115+0000] {dagbag.py:588} INFO - Filling up the DagBag from /opt/airflow/dags/main.py
[2026-05-03T16:50:58.296+0000] {processor.py:925} INFO - DAG(s) 'orders_kafka_to_s3' retrieved from /opt/airflow/dags/main.py
[2026-05-03T16:50:58.323+0000] {logging_mixin.py:190} INFO - [2026-05-03T16:50:58.322+0000] {dag.py:3239} INFO - Sync 1 DAGs
[2026-05-03T16:50:58.512+0000] {logging_mixin.py:190} INFO - [2026-05-03T16:50:58.512+0000] {dag.py:4180} INFO - Setting next_dagrun for orders_kafka_to_s3 to 2026-05-03 00:00:00+00:00, run_after=2026-05-04 00:00:00+00:00
[2026-05-03T16:50:58.542+0000] {processor.py:208} INFO - Processing /opt/airflow/dags/main.py took 0.447 seconds
[2026-05-03T16:51:29.400+0000] {processor.py:186} INFO - Started process (PID=587) to work on /opt/airflow/dags/main.py
[2026-05-03T16:51:29.402+0000] {processor.py:914} INFO - Processing file /opt/airflow/dags/main.py for tasks to queue
[2026-05-03T16:51:29.406+0000] {logging_mixin.py:190} INFO - [2026-05-03T16:51:29.406+0000] {dagbag.py:588} INFO - Filling up the DagBag from /opt/airflow/dags/main.py
[2026-05-03T16:51:29.529+0000] {processor.py:925} INFO - DAG(s) 'orders_kafka_to_s3' retrieved from /opt/airflow/dags/main.py
[2026-05-03T16:51:29.755+0000] {logging_mixin.py:190} INFO - [2026-05-03T16:51:29.755+0000] {dag.py:3239} INFO - Sync 1 DAGs
[2026-05-03T16:51:29.789+0000] {logging_mixin.py:190} INFO - [2026-05-03T16:51:29.789+0000] {dag.py:4180} INFO - Setting next_dagrun for orders_kafka_to_s3 to 2026-05-03 00:00:00+00:00, run_after=2026-05-04 00:00:00+00:00
[2026-05-03T16:51:29.818+0000] {processor.py:208} INFO - Processing /opt/airflow/dags/main.py took 0.432 seconds
[2026-05-03T16:52:00.108+0000] {processor.py:186} INFO - Started process (PID=594) to work on /opt/airflow/dags/main.py
[2026-05-03T16:52:00.111+0000] {processor.py:914} INFO - Processing file /opt/airflow/dags/main.py for tasks to queue
[2026-05-03T16:52:00.117+0000] {logging_mixin.py:190} INFO - [2026-05-03T16:52:00.116+0000] {dagbag.py:588} INFO - Filling up the DagBag from /opt/airflow/dags/main.py
[2026-05-03T16:52:00.294+0000] {processor.py:925} INFO - DAG(s) 'orders_kafka_to_s3' retrieved from /opt/airflow/dags/main.py
[2026-05-03T16:52:00.508+0000] {logging_mixin.py:190} INFO - [2026-05-03T16:52:00.507+0000] {dag.py:3239} INFO - Sync 1 DAGs
[2026-05-03T16:52:00.542+0000] {logging_mixin.py:190} INFO - [2026-05-03T16:52:00.542+0000] {dag.py:4180} INFO - Setting next_dagrun for orders_kafka_to_s3 to 2026-05-03 00:00:00+00:00, run_after=2026-05-04 00:00:00+00:00
[2026-05-03T16:52:00.578+0000] {processor.py:208} INFO - Processing /opt/airflow/dags/main.py took 0.489 seconds
[2026-05-03T16:52:31.084+0000] {processor.py:186} INFO - Started process (PID=600) to work on /opt/airflow/dags/main.py
[2026-05-03T16:52:31.087+0000] {processor.py:914} INFO - Processing file /opt/airflow/dags/main.py for tasks to queue
[2026-05-03T16:52:31.093+0000] {logging_mixin.py:190} INFO - [2026-05-03T16:52:31.092+0000] {dagbag.py:588} INFO - Filling up the DagBag from /opt/airflow/dags/main.py
[2026-05-03T16:52:31.421+0000] {processor.py:925} INFO - DAG(s) 'orders_kafka_to_s3' retrieved from /opt/airflow/dags/main.py
[2026-05-03T16:52:31.455+0000] {logging_mixin.py:190} INFO - [2026-05-03T16:52:31.454+0000] {dag.py:3239} INFO - Sync 1 DAGs
[2026-05-03T16:52:31.502+0000] {logging_mixin.py:190} INFO - [2026-05-03T16:52:31.501+0000] {dag.py:4180} INFO - Setting next_dagrun for orders_kafka_to_s3 to 2026-05-03 00:00:00+00:00, run_after=2026-05-04 00:00:00+00:00
[2026-05-03T16:52:31.528+0000] {processor.py:208} INFO - Processing /opt/airflow/dags/main.py took 0.467 seconds
[2026-05-03T16:53:01.924+0000] {processor.py:186} INFO - Started process (PID=607) to work on /opt/airflow/dags/main.py
[2026-05-03T16:53:01.926+0000] {processor.py:914} INFO - Processing file /opt/airflow/dags/main.py for tasks to queue
[2026-05-03T16:53:01.930+0000] {logging_mixin.py:190} INFO - [2026-05-03T16:53:01.929+0000] {dagbag.py:588} INFO - Filling up the DagBag from /opt/airflow/dags/main.py
[2026-05-03T16:53:02.252+0000] {processor.py:925} INFO - DAG(s) 'orders_kafka_to_s3' retrieved from /opt/airflow/dags/main.py
[2026-05-03T16:53:02.292+0000] {logging_mixin.py:190} INFO - [2026-05-03T16:53:02.292+0000] {dag.py:3239} INFO - Sync 1 DAGs
[2026-05-03T16:53:02.332+0000] {logging_mixin.py:190} INFO - [2026-05-03T16:53:02.331+0000] {dag.py:4180} INFO - Setting next_dagrun for orders_kafka_to_s3 to 2026-05-03 00:00:00+00:00, run_after=2026-05-04 00:00:00+00:00
[2026-05-03T16:53:02.361+0000] {processor.py:208} INFO - Processing /opt/airflow/dags/main.py took 0.453 seconds
[2026-05-03T16:53:32.958+0000] {processor.py:186} INFO - Started process (PID=614) to work on /opt/airflow/dags/main.py
[2026-05-03T16:53:32.960+0000] {processor.py:914} INFO - Processing file /opt/airflow/dags/main.py for tasks to queue
[2026-05-03T16:53:32.964+0000] {logging_mixin.py:190} INFO - [2026-05-03T16:53:32.963+0000] {dagbag.py:588} INFO - Filling up the DagBag from /opt/airflow/dags/main.py
[2026-05-03T16:53:33.313+0000] {processor.py:925} INFO - DAG(s) 'orders_kafka_to_s3' retrieved from /opt/airflow/dags/main.py
[2026-05-03T16:53:33.356+0000] {logging_mixin.py:190} INFO - [2026-05-03T16:53:33.356+0000] {dag.py:3239} INFO - Sync 1 DAGs
[2026-05-03T16:53:33.389+0000] {logging_mixin.py:190} INFO - [2026-05-03T16:53:33.389+0000] {dag.py:4180} INFO - Setting next_dagrun for orders_kafka_to_s3 to 2026-05-03 00:00:00+00:00, run_after=2026-05-04 00:00:00+00:00
[2026-05-03T16:53:33.417+0000] {processor.py:208} INFO - Processing /opt/airflow/dags/main.py took 0.467 seconds
[2026-05-03T16:54:03.926+0000] {processor.py:186} INFO - Started process (PID=621) to work on /opt/airflow/dags/main.py
[2026-05-03T16:54:03.928+0000] {processor.py:914} INFO - Processing file /opt/airflow/dags/main.py for tasks to queue
[2026-05-03T16:54:03.931+0000] {logging_mixin.py:190} INFO - [2026-05-03T16:54:03.931+0000] {dagbag.py:588} INFO - Filling up the DagBag from /opt/airflow/dags/main.py
[2026-05-03T16:54:04.067+0000] {processor.py:925} INFO - DAG(s) 'orders_kafka_to_s3' retrieved from /opt/airflow/dags/main.py
[2026-05-03T16:54:04.120+0000] {logging_mixin.py:190} INFO - [2026-05-03T16:54:04.120+0000] {dag.py:3239} INFO - Sync 1 DAGs
[2026-05-03T16:54:04.325+0000] {logging_mixin.py:190} INFO - [2026-05-03T16:54:04.325+0000] {dag.py:4180} INFO - Setting next_dagrun for orders_kafka_to_s3 to 2026-05-03 00:00:00+00:00, run_after=2026-05-04 00:00:00+00:00
[2026-05-03T16:54:04.348+0000] {processor.py:208} INFO - Processing /opt/airflow/dags/main.py took 0.430 seconds
[2026-05-03T16:54:34.825+0000] {processor.py:186} INFO - Started process (PID=628) to work on /opt/airflow/dags/main.py
[2026-05-03T16:54:34.827+0000] {processor.py:914} INFO - Processing file /opt/airflow/dags/main.py for tasks to queue
[2026-05-03T16:54:34.831+0000] {logging_mixin.py:190} INFO - [2026-05-03T16:54:34.831+0000] {dagbag.py:588} INFO - Filling up the DagBag from /opt/airflow/dags/main.py
[2026-05-03T16:54:34.989+0000] {processor.py:925} INFO - DAG(s) 'orders_kafka_to_s3' retrieved from /opt/airflow/dags/main.py
[2026-05-03T16:54:35.229+0000] {logging_mixin.py:190} INFO - [2026-05-03T16:54:35.229+0000] {dag.py:3239} INFO - Sync 1 DAGs
[2026-05-03T16:54:35.268+0000] {logging_mixin.py:190} INFO - [2026-05-03T16:54:35.267+0000] {dag.py:4180} INFO - Setting next_dagrun for orders_kafka_to_s3 to 2026-05-03 00:00:00+00:00, run_after=2026-05-04 00:00:00+00:00
[2026-05-03T16:54:35.307+0000] {processor.py:208} INFO - Processing /opt/airflow/dags/main.py took 0.496 seconds
[2026-05-03T16:55:05.460+0000] {processor.py:186} INFO - Started process (PID=635) to work on /opt/airflow/dags/main.py
[2026-05-03T16:55:05.461+0000] {processor.py:914} INFO - Processing file /opt/airflow/dags/main.py for tasks to queue
[2026-05-03T16:55:05.464+0000] {logging_mixin.py:190} INFO - [2026-05-03T16:55:05.464+0000] {dagbag.py:588} INFO - Filling up the DagBag from /opt/airflow/dags/main.py
[2026-05-03T16:55:05.756+0000] {processor.py:925} INFO - DAG(s) 'orders_kafka_to_s3' retrieved from /opt/airflow/dags/main.py
[2026-05-03T16:55:05.786+0000] {logging_mixin.py:190} INFO - [2026-05-03T16:55:05.786+0000] {dag.py:3239} INFO - Sync 1 DAGs
[2026-05-03T16:55:05.810+0000] {logging_mixin.py:190} INFO - [2026-05-03T16:55:05.810+0000] {dag.py:4180} INFO - Setting next_dagrun for orders_kafka_to_s3 to 2026-05-03 00:00:00+00:00, run_after=2026-05-04 00:00:00+00:00
[2026-05-03T16:55:05.832+0000] {processor.py:208} INFO - Processing /opt/airflow/dags/main.py took 0.380 seconds
[2026-05-03T16:55:36.324+0000] {processor.py:186} INFO - Started process (PID=642) to work on /opt/airflow/dags/main.py
[2026-05-03T16:55:36.327+0000] {processor.py:914} INFO - Processing file /opt/airflow/dags/main.py for tasks to queue
[2026-05-03T16:55:36.333+0000] {logging_mixin.py:190} INFO - [2026-05-03T16:55:36.332+0000] {dagbag.py:588} INFO - Filling up the DagBag from /opt/airflow/dags/main.py
[2026-05-03T16:55:36.710+0000] {processor.py:925} INFO - DAG(s) 'orders_kafka_to_s3' retrieved from /opt/airflow/dags/main.py
[2026-05-03T16:55:36.738+0000] {logging_mixin.py:190} INFO - [2026-05-03T16:55:36.738+0000] {dag.py:3239} INFO - Sync 1 DAGs
[2026-05-03T16:55:36.763+0000] {logging_mixin.py:190} INFO - [2026-05-03T16:55:36.763+0000] {dag.py:4180} INFO - Setting next_dagrun for orders_kafka_to_s3 to 2026-05-03 00:00:00+00:00, run_after=2026-05-04 00:00:00+00:00
[2026-05-03T16:55:36.788+0000] {processor.py:208} INFO - Processing /opt/airflow/dags/main.py took 0.480 seconds
[2026-05-03T16:56:07.672+0000] {processor.py:186} INFO - Started process (PID=649) to work on /opt/airflow/dags/main.py
[2026-05-03T16:56:07.675+0000] {processor.py:914} INFO - Processing file /opt/airflow/dags/main.py for tasks to queue
[2026-05-03T16:56:07.681+0000] {logging_mixin.py:190} INFO - [2026-05-03T16:56:07.680+0000] {dagbag.py:588} INFO - Filling up the DagBag from /opt/airflow/dags/main.py
[2026-05-03T16:56:08.067+0000] {processor.py:925} INFO - DAG(s) 'orders_kafka_to_s3' retrieved from /opt/airflow/dags/main.py
[2026-05-03T16:56:08.113+0000] {logging_mixin.py:190} INFO - [2026-05-03T16:56:08.113+0000] {dag.py:3239} INFO - Sync 1 DAGs
[2026-05-03T16:56:08.151+0000] {logging_mixin.py:190} INFO - [2026-05-03T16:56:08.151+0000] {dag.py:4180} INFO - Setting next_dagrun for orders_kafka_to_s3 to 2026-05-03 00:00:00+00:00, run_after=2026-05-04 00:00:00+00:00
[2026-05-03T16:56:08.180+0000] {processor.py:208} INFO - Processing /opt/airflow/dags/main.py took 0.523 seconds
[2026-05-03T16:56:38.476+0000] {processor.py:186} INFO - Started process (PID=656) to work on /opt/airflow/dags/main.py
[2026-05-03T16:56:38.478+0000] {processor.py:914} INFO - Processing file /opt/airflow/dags/main.py for tasks to queue
[2026-05-03T16:56:38.482+0000] {logging_mixin.py:190} INFO - [2026-05-03T16:56:38.481+0000] {dagbag.py:588} INFO - Filling up the DagBag from /opt/airflow/dags/main.py
[2026-05-03T16:56:38.810+0000] {processor.py:925} INFO - DAG(s) 'orders_kafka_to_s3' retrieved from /opt/airflow/dags/main.py
[2026-05-03T16:56:38.835+0000] {logging_mixin.py:190} INFO - [2026-05-03T16:56:38.834+0000] {dag.py:3239} INFO - Sync 1 DAGs
[2026-05-03T16:56:38.859+0000] {logging_mixin.py:190} INFO - [2026-05-03T16:56:38.859+0000] {dag.py:4180} INFO - Setting next_dagrun for orders_kafka_to_s3 to 2026-05-03 00:00:00+00:00, run_after=2026-05-04 00:00:00+00:00
[2026-05-03T16:56:38.884+0000] {processor.py:208} INFO - Processing /opt/airflow/dags/main.py took 0.419 seconds
[2026-05-03T16:57:09.015+0000] {processor.py:186} INFO - Started process (PID=663) to work on /opt/airflow/dags/main.py
[2026-05-03T16:57:09.017+0000] {processor.py:914} INFO - Processing file /opt/airflow/dags/main.py for tasks to queue
[2026-05-03T16:57:09.021+0000] {logging_mixin.py:190} INFO - [2026-05-03T16:57:09.020+0000] {dagbag.py:588} INFO - Filling up the DagBag from /opt/airflow/dags/main.py
[2026-05-03T16:57:09.181+0000] {processor.py:925} INFO - DAG(s) 'orders_kafka_to_s3' retrieved from /opt/airflow/dags/main.py
[2026-05-03T16:57:09.213+0000] {logging_mixin.py:190} INFO - [2026-05-03T16:57:09.212+0000] {dag.py:3239} INFO - Sync 1 DAGs
[2026-05-03T16:57:09.428+0000] {logging_mixin.py:190} INFO - [2026-05-03T16:57:09.428+0000] {dag.py:4180} INFO - Setting next_dagrun for orders_kafka_to_s3 to 2026-05-03 00:00:00+00:00, run_after=2026-05-04 00:00:00+00:00
[2026-05-03T16:57:09.463+0000] {processor.py:208} INFO - Processing /opt/airflow/dags/main.py took 0.455 seconds
[2026-05-03T16:57:39.954+0000] {processor.py:186} INFO - Started process (PID=670) to work on /opt/airflow/dags/main.py
[2026-05-03T16:57:39.957+0000] {processor.py:914} INFO - Processing file /opt/airflow/dags/main.py for tasks to queue
[2026-05-03T16:57:39.964+0000] {logging_mixin.py:190} INFO - [2026-05-03T16:57:39.963+0000] {dagbag.py:588} INFO - Filling up the DagBag from /opt/airflow/dags/main.py
[2026-05-03T16:57:40.149+0000] {processor.py:925} INFO - DAG(s) 'orders_kafka_to_s3' retrieved from /opt/airflow/dags/main.py
[2026-05-03T16:57:40.379+0000] {logging_mixin.py:190} INFO - [2026-05-03T16:57:40.379+0000] {dag.py:3239} INFO - Sync 1 DAGs
[2026-05-03T16:57:40.424+0000] {logging_mixin.py:190} INFO - [2026-05-03T16:57:40.424+0000] {dag.py:4180} INFO - Setting next_dagrun for orders_kafka_to_s3 to 2026-05-03 00:00:00+00:00, run_after=2026-05-04 00:00:00+00:00
[2026-05-03T16:57:40.467+0000] {processor.py:208} INFO - Processing /opt/airflow/dags/main.py took 0.531 seconds
[2026-05-03T16:58:11.431+0000] {processor.py:186} INFO - Started process (PID=677) to work on /opt/airflow/dags/main.py
[2026-05-03T16:58:11.434+0000] {processor.py:914} INFO - Processing file /opt/airflow/dags/main.py for tasks to queue
[2026-05-03T16:58:11.441+0000] {logging_mixin.py:190} INFO - [2026-05-03T16:58:11.440+0000] {dagbag.py:588} INFO - Filling up the DagBag from /opt/airflow/dags/main.py
[2026-05-03T16:58:11.819+0000] {processor.py:925} INFO - DAG(s) 'orders_kafka_to_s3' retrieved from /opt/airflow/dags/main.py
[2026-05-03T16:58:11.866+0000] {logging_mixin.py:190} INFO - [2026-05-03T16:58:11.866+0000] {dag.py:3239} INFO - Sync 1 DAGs
[2026-05-03T16:58:11.897+0000] {logging_mixin.py:190} INFO - [2026-05-03T16:58:11.897+0000] {dag.py:4180} INFO - Setting next_dagrun for orders_kafka_to_s3 to 2026-05-03 00:00:00+00:00, run_after=2026-05-04 00:00:00+00:00
[2026-05-03T16:58:11.929+0000] {processor.py:208} INFO - Processing /opt/airflow/dags/main.py took 0.524 seconds
[2026-05-03T16:58:42.352+0000] {processor.py:186} INFO - Started process (PID=684) to work on /opt/airflow/dags/main.py
[2026-05-03T16:58:42.353+0000] {processor.py:914} INFO - Processing file /opt/airflow/dags/main.py for tasks to queue
[2026-05-03T16:58:42.358+0000] {logging_mixin.py:190} INFO - [2026-05-03T16:58:42.357+0000] {dagbag.py:588} INFO - Filling up the DagBag from /opt/airflow/dags/main.py
[2026-05-03T16:58:42.639+0000] {processor.py:925} INFO - DAG(s) 'orders_kafka_to_s3' retrieved from /opt/airflow/dags/main.py
[2026-05-03T16:58:42.663+0000] {logging_mixin.py:190} INFO - [2026-05-03T16:58:42.662+0000] {dag.py:3239} INFO - Sync 1 DAGs
[2026-05-03T16:58:42.685+0000] {logging_mixin.py:190} INFO - [2026-05-03T16:58:42.685+0000] {dag.py:4180} INFO - Setting next_dagrun for orders_kafka_to_s3 to 2026-05-03 00:00:00+00:00, run_after=2026-05-04 00:00:00+00:00
[2026-05-03T16:58:42.706+0000] {processor.py:208} INFO - Processing /opt/airflow/dags/main.py took 0.363 seconds
[2026-05-03T16:59:12.931+0000] {processor.py:186} INFO - Started process (PID=691) to work on /opt/airflow/dags/main.py
[2026-05-03T16:59:12.933+0000] {processor.py:914} INFO - Processing file /opt/airflow/dags/main.py for tasks to queue
[2026-05-03T16:59:12.937+0000] {logging_mixin.py:190} INFO - [2026-05-03T16:59:12.936+0000] {dagbag.py:588} INFO - Filling up the DagBag from /opt/airflow/dags/main.py
[2026-05-03T16:59:13.249+0000] {processor.py:925} INFO - DAG(s) 'orders_kafka_to_s3' retrieved from /opt/airflow/dags/main.py
[2026-05-03T16:59:13.285+0000] {logging_mixin.py:190} INFO - [2026-05-03T16:59:13.285+0000] {dag.py:3239} INFO - Sync 1 DAGs
[2026-05-03T16:59:13.310+0000] {logging_mixin.py:190} INFO - [2026-05-03T16:59:13.309+0000] {dag.py:4180} INFO - Setting next_dagrun for orders_kafka_to_s3 to 2026-05-03 00:00:00+00:00, run_after=2026-05-04 00:00:00+00:00
[2026-05-03T16:59:13.337+0000] {processor.py:208} INFO - Processing /opt/airflow/dags/main.py took 0.416 seconds
[2026-05-03T16:59:43.599+0000] {processor.py:186} INFO - Started process (PID=698) to work on /opt/airflow/dags/main.py
[2026-05-03T16:59:43.601+0000] {processor.py:914} INFO - Processing file /opt/airflow/dags/main.py for tasks to queue
[2026-05-03T16:59:43.605+0000] {logging_mixin.py:190} INFO - [2026-05-03T16:59:43.604+0000] {dagbag.py:588} INFO - Filling up the DagBag from /opt/airflow/dags/main.py
[2026-05-03T16:59:44.128+0000] {processor.py:925} INFO - DAG(s) 'orders_kafka_to_s3' retrieved from /opt/airflow/dags/main.py
[2026-05-03T16:59:44.235+0000] {logging_mixin.py:190} INFO - [2026-05-03T16:59:44.235+0000] {dag.py:3239} INFO - Sync 1 DAGs
[2026-05-03T16:59:44.292+0000] {logging_mixin.py:190} INFO - [2026-05-03T16:59:44.291+0000] {dag.py:4180} INFO - Setting next_dagrun for orders_kafka_to_s3 to 2026-05-03 00:00:00+00:00, run_after=2026-05-04 00:00:00+00:00
[2026-05-03T16:59:44.351+0000] {processor.py:208} INFO - Processing /opt/airflow/dags/main.py took 0.759 seconds
[2026-05-03T17:00:15.028+0000] {processor.py:186} INFO - Started process (PID=705) to work on /opt/airflow/dags/main.py
[2026-05-03T17:00:15.031+0000] {processor.py:914} INFO - Processing file /opt/airflow/dags/main.py for tasks to queue
[2026-05-03T17:00:15.037+0000] {logging_mixin.py:190} INFO - [2026-05-03T17:00:15.036+0000] {dagbag.py:588} INFO - Filling up the DagBag from /opt/airflow/dags/main.py
[2026-05-03T17:00:15.205+0000] {processor.py:925} INFO - DAG(s) 'orders_kafka_to_s3' retrieved from /opt/airflow/dags/main.py
[2026-05-03T17:00:15.234+0000] {logging_mixin.py:190} INFO - [2026-05-03T17:00:15.234+0000] {dag.py:3239} INFO - Sync 1 DAGs
[2026-05-03T17:00:15.560+0000] {logging_mixin.py:190} INFO - [2026-05-03T17:00:15.559+0000] {dag.py:4180} INFO - Setting next_dagrun for orders_kafka_to_s3 to 2026-05-03 00:00:00+00:00, run_after=2026-05-04 00:00:00+00:00
[2026-05-03T17:00:15.600+0000] {processor.py:208} INFO - Processing /opt/airflow/dags/main.py took 0.587 seconds
[2026-05-03T17:00:46.199+0000] {processor.py:186} INFO - Started process (PID=712) to work on /opt/airflow/dags/main.py
[2026-05-03T17:00:46.200+0000] {processor.py:914} INFO - Processing file /opt/airflow/dags/main.py for tasks to queue
[2026-05-03T17:00:46.204+0000] {logging_mixin.py:190} INFO - [2026-05-03T17:00:46.204+0000] {dagbag.py:588} INFO - Filling up the DagBag from /opt/airflow/dags/main.py
[2026-05-03T17:00:46.339+0000] {processor.py:925} INFO - DAG(s) 'orders_kafka_to_s3' retrieved from /opt/airflow/dags/main.py
[2026-05-03T17:00:46.558+0000] {logging_mixin.py:190} INFO - [2026-05-03T17:00:46.557+0000] {dag.py:3239} INFO - Sync 1 DAGs
[2026-05-03T17:00:46.595+0000] {logging_mixin.py:190} INFO - [2026-05-03T17:00:46.595+0000] {dag.py:4180} INFO - Setting next_dagrun for orders_kafka_to_s3 to 2026-05-03 00:00:00+00:00, run_after=2026-05-04 00:00:00+00:00
[2026-05-03T17:00:46.622+0000] {processor.py:208} INFO - Processing /opt/airflow/dags/main.py took 0.432 seconds
[2026-05-03T17:01:17.401+0000] {processor.py:186} INFO - Started process (PID=719) to work on /opt/airflow/dags/main.py
[2026-05-03T17:01:17.402+0000] {processor.py:914} INFO - Processing file /opt/airflow/dags/main.py for tasks to queue
[2026-05-03T17:01:17.407+0000] {logging_mixin.py:190} INFO - [2026-05-03T17:01:17.407+0000] {dagbag.py:588} INFO - Filling up the DagBag from /opt/airflow/dags/main.py
[2026-05-03T17:01:17.771+0000] {processor.py:925} INFO - DAG(s) 'orders_kafka_to_s3' retrieved from /opt/airflow/dags/main.py
[2026-05-03T17:01:17.803+0000] {logging_mixin.py:190} INFO - [2026-05-03T17:01:17.803+0000] {dag.py:3239} INFO - Sync 1 DAGs
[2026-05-03T17:01:17.828+0000] {logging_mixin.py:190} INFO - [2026-05-03T17:01:17.828+0000] {dag.py:4180} INFO - Setting next_dagrun for orders_kafka_to_s3 to 2026-05-03 00:00:00+00:00, run_after=2026-05-04 00:00:00+00:00
[2026-05-03T17:01:17.855+0000] {processor.py:208} INFO - Processing /opt/airflow/dags/main.py took 0.465 seconds
[2026-05-03T17:01:48.453+0000] {processor.py:186} INFO - Started process (PID=726) to work on /opt/airflow/dags/main.py
[2026-05-03T17:01:48.455+0000] {processor.py:914} INFO - Processing file /opt/airflow/dags/main.py for tasks to queue
[2026-05-03T17:01:48.462+0000] {logging_mixin.py:190} INFO - [2026-05-03T17:01:48.462+0000] {dagbag.py:588} INFO - Filling up the DagBag from /opt/airflow/dags/main.py
[2026-05-03T17:01:48.823+0000] {processor.py:925} INFO - DAG(s) 'orders_kafka_to_s3' retrieved from /opt/airflow/dags/main.py
[2026-05-03T17:01:48.851+0000] {logging_mixin.py:190} INFO - [2026-05-03T17:01:48.850+0000] {dag.py:3239} INFO - Sync 1 DAGs
[2026-05-03T17:01:48.876+0000] {logging_mixin.py:190} INFO - [2026-05-03T17:01:48.876+0000] {dag.py:4180} INFO - Setting next_dagrun for orders_kafka_to_s3 to 2026-05-03 00:00:00+00:00, run_after=2026-05-04 00:00:00+00:00
[2026-05-03T17:01:48.901+0000] {processor.py:208} INFO - Processing /opt/airflow/dags/main.py took 0.464 seconds
[2026-05-03T17:02:19.765+0000] {processor.py:186} INFO - Started process (PID=733) to work on /opt/airflow/dags/main.py
[2026-05-03T17:02:19.767+0000] {processor.py:914} INFO - Processing file /opt/airflow/dags/main.py for tasks to queue
[2026-05-03T17:02:19.773+0000] {logging_mixin.py:190} INFO - [2026-05-03T17:02:19.772+0000] {dagbag.py:588} INFO - Filling up the DagBag from /opt/airflow/dags/main.py
[2026-05-03T17:02:20.161+0000] {processor.py:925} INFO - DAG(s) 'orders_kafka_to_s3' retrieved from /opt/airflow/dags/main.py
[2026-05-03T17:02:20.195+0000] {logging_mixin.py:190} INFO - [2026-05-03T17:02:20.195+0000] {dag.py:3239} INFO - Sync 1 DAGs
[2026-05-03T17:02:20.233+0000] {logging_mixin.py:190} INFO - [2026-05-03T17:02:20.232+0000] {dag.py:4180} INFO - Setting next_dagrun for orders_kafka_to_s3 to 2026-05-03 00:00:00+00:00, run_after=2026-05-04 00:00:00+00:00
[2026-05-03T17:02:20.266+0000] {processor.py:208} INFO - Processing /opt/airflow/dags/main.py took 0.515 seconds
[2026-05-03T17:02:50.819+0000] {processor.py:186} INFO - Started process (PID=740) to work on /opt/airflow/dags/main.py
[2026-05-03T17:02:50.820+0000] {processor.py:914} INFO - Processing file /opt/airflow/dags/main.py for tasks to queue
[2026-05-03T17:02:50.823+0000] {logging_mixin.py:190} INFO - [2026-05-03T17:02:50.822+0000] {dagbag.py:588} INFO - Filling up the DagBag from /opt/airflow/dags/main.py
[2026-05-03T17:02:51.228+0000] {processor.py:925} INFO - DAG(s) 'orders_kafka_to_s3' retrieved from /opt/airflow/dags/main.py
[2026-05-03T17:02:51.256+0000] {logging_mixin.py:190} INFO - [2026-05-03T17:02:51.255+0000] {dag.py:3239} INFO - Sync 1 DAGs
[2026-05-03T17:02:51.282+0000] {logging_mixin.py:190} INFO - [2026-05-03T17:02:51.282+0000] {dag.py:4180} INFO - Setting next_dagrun for orders_kafka_to_s3 to 2026-05-03 00:00:00+00:00, run_after=2026-05-04 00:00:00+00:00
[2026-05-03T17:02:51.307+0000] {processor.py:208} INFO - Processing /opt/airflow/dags/main.py took 0.496 seconds
[2026-05-03T17:03:22.231+0000] {processor.py:186} INFO - Started process (PID=747) to work on /opt/airflow/dags/main.py
[2026-05-03T17:03:22.234+0000] {processor.py:914} INFO - Processing file /opt/airflow/dags/main.py for tasks to queue
[2026-05-03T17:03:22.240+0000] {logging_mixin.py:190} INFO - [2026-05-03T17:03:22.239+0000] {dagbag.py:588} INFO - Filling up the DagBag from /opt/airflow/dags/main.py
[2026-05-03T17:03:22.416+0000] {processor.py:925} INFO - DAG(s) 'orders_kafka_to_s3' retrieved from /opt/airflow/dags/main.py
[2026-05-03T17:03:22.446+0000] {logging_mixin.py:190} INFO - [2026-05-03T17:03:22.445+0000] {dag.py:3239} INFO - Sync 1 DAGs
[2026-05-03T17:03:22.653+0000] {logging_mixin.py:190} INFO - [2026-05-03T17:03:22.653+0000] {dag.py:4180} INFO - Setting next_dagrun for orders_kafka_to_s3 to 2026-05-03 00:00:00+00:00, run_after=2026-05-04 00:00:00+00:00
[2026-05-03T17:03:22.689+0000] {processor.py:208} INFO - Processing /opt/airflow/dags/main.py took 0.474 seconds
[2026-05-03T17:03:53.166+0000] {processor.py:186} INFO - Started process (PID=754) to work on /opt/airflow/dags/main.py
[2026-05-03T17:03:53.168+0000] {processor.py:914} INFO - Processing file /opt/airflow/dags/main.py for tasks to queue
[2026-05-03T17:03:53.174+0000] {logging_mixin.py:190} INFO - [2026-05-03T17:03:53.173+0000] {dagbag.py:588} INFO - Filling up the DagBag from /opt/airflow/dags/main.py
[2026-05-03T17:03:53.297+0000] {processor.py:925} INFO - DAG(s) 'orders_kafka_to_s3' retrieved from /opt/airflow/dags/main.py
[2026-05-03T17:03:53.533+0000] {logging_mixin.py:190} INFO - [2026-05-03T17:03:53.532+0000] {dag.py:3239} INFO - Sync 1 DAGs
[2026-05-03T17:03:53.577+0000] {logging_mixin.py:190} INFO - [2026-05-03T17:03:53.577+0000] {dag.py:4180} INFO - Setting next_dagrun for orders_kafka_to_s3 to 2026-05-03 00:00:00+00:00, run_after=2026-05-04 00:00:00+00:00
[2026-05-03T17:03:53.618+0000] {processor.py:208} INFO - Processing /opt/airflow/dags/main.py took 0.464 seconds
[2026-05-03T17:04:24.077+0000] {processor.py:186} INFO - Started process (PID=761) to work on /opt/airflow/dags/main.py
[2026-05-03T17:04:24.079+0000] {processor.py:914} INFO - Processing file /opt/airflow/dags/main.py for tasks to queue
[2026-05-03T17:04:24.085+0000] {logging_mixin.py:190} INFO - [2026-05-03T17:04:24.084+0000] {dagbag.py:588} INFO - Filling up the DagBag from /opt/airflow/dags/main.py
[2026-05-03T17:04:24.464+0000] {processor.py:925} INFO - DAG(s) 'orders_kafka_to_s3' retrieved from /opt/airflow/dags/main.py
[2026-05-03T17:04:24.491+0000] {logging_mixin.py:190} INFO - [2026-05-03T17:04:24.491+0000] {dag.py:3239} INFO - Sync 1 DAGs
[2026-05-03T17:04:24.517+0000] {logging_mixin.py:190} INFO - [2026-05-03T17:04:24.517+0000] {dag.py:4180} INFO - Setting next_dagrun for orders_kafka_to_s3 to 2026-05-03 00:00:00+00:00, run_after=2026-05-04 00:00:00+00:00
[2026-05-03T17:04:24.541+0000] {processor.py:208} INFO - Processing /opt/airflow/dags/main.py took 0.477 seconds
[2026-05-03T17:04:54.640+0000] {processor.py:186} INFO - Started process (PID=768) to work on /opt/airflow/dags/main.py
[2026-05-03T17:04:54.642+0000] {processor.py:914} INFO - Processing file /opt/airflow/dags/main.py for tasks to queue
[2026-05-03T17:04:54.644+0000] {logging_mixin.py:190} INFO - [2026-05-03T17:04:54.644+0000] {dagbag.py:588} INFO - Filling up the DagBag from /opt/airflow/dags/main.py
[2026-05-03T17:04:54.975+0000] {processor.py:925} INFO - DAG(s) 'orders_kafka_to_s3' retrieved from /opt/airflow/dags/main.py
[2026-05-03T17:04:55.001+0000] {logging_mixin.py:190} INFO - [2026-05-03T17:04:55.001+0000] {dag.py:3239} INFO - Sync 1 DAGs
[2026-05-03T17:04:55.024+0000] {logging_mixin.py:190} INFO - [2026-05-03T17:04:55.024+0000] {dag.py:4180} INFO - Setting next_dagrun for orders_kafka_to_s3 to 2026-05-03 00:00:00+00:00, run_after=2026-05-04 00:00:00+00:00
[2026-05-03T17:04:55.048+0000] {processor.py:208} INFO - Processing /opt/airflow/dags/main.py took 0.413 seconds
[2026-05-03T17:05:25.261+0000] {processor.py:186} INFO - Started process (PID=775) to work on /opt/airflow/dags/main.py
[2026-05-03T17:05:25.263+0000] {processor.py:914} INFO - Processing file /opt/airflow/dags/main.py for tasks to queue
[2026-05-03T17:05:25.268+0000] {logging_mixin.py:190} INFO - [2026-05-03T17:05:25.267+0000] {dagbag.py:588} INFO - Filling up the DagBag from /opt/airflow/dags/main.py
[2026-05-03T17:05:25.624+0000] {processor.py:925} INFO - DAG(s) 'orders_kafka_to_s3' retrieved from /opt/airflow/dags/main.py
[2026-05-03T17:05:25.651+0000] {logging_mixin.py:190} INFO - [2026-05-03T17:05:25.651+0000] {dag.py:3239} INFO - Sync 1 DAGs
[2026-05-03T17:05:25.684+0000] {logging_mixin.py:190} INFO - [2026-05-03T17:05:25.684+0000] {dag.py:4180} INFO - Setting next_dagrun for orders_kafka_to_s3 to 2026-05-03 00:00:00+00:00, run_after=2026-05-04 00:00:00+00:00
[2026-05-03T17:05:25.707+0000] {processor.py:208} INFO - Processing /opt/airflow/dags/main.py took 0.455 seconds
[2026-05-03T17:05:56.506+0000] {processor.py:186} INFO - Started process (PID=782) to work on /opt/airflow/dags/main.py
[2026-05-03T17:05:56.508+0000] {processor.py:914} INFO - Processing file /opt/airflow/dags/main.py for tasks to queue
[2026-05-03T17:05:56.514+0000] {logging_mixin.py:190} INFO - [2026-05-03T17:05:56.513+0000] {dagbag.py:588} INFO - Filling up the DagBag from /opt/airflow/dags/main.py
[2026-05-03T17:05:56.874+0000] {processor.py:925} INFO - DAG(s) 'orders_kafka_to_s3' retrieved from /opt/airflow/dags/main.py
[2026-05-03T17:05:56.901+0000] {logging_mixin.py:190} INFO - [2026-05-03T17:05:56.901+0000] {dag.py:3239} INFO - Sync 1 DAGs
[2026-05-03T17:05:56.926+0000] {logging_mixin.py:190} INFO - [2026-05-03T17:05:56.926+0000] {dag.py:4180} INFO - Setting next_dagrun for orders_kafka_to_s3 to 2026-05-03 00:00:00+00:00, run_after=2026-05-04 00:00:00+00:00
[2026-05-03T17:05:56.948+0000] {processor.py:208} INFO - Processing /opt/airflow/dags/main.py took 0.458 seconds
[2026-05-03T17:06:27.584+0000] {processor.py:186} INFO - Started process (PID=789) to work on /opt/airflow/dags/main.py
[2026-05-03T17:06:27.586+0000] {processor.py:914} INFO - Processing file /opt/airflow/dags/main.py for tasks to queue
[2026-05-03T17:06:27.589+0000] {logging_mixin.py:190} INFO - [2026-05-03T17:06:27.589+0000] {dagbag.py:588} INFO - Filling up the DagBag from /opt/airflow/dags/main.py
[2026-05-03T17:06:27.724+0000] {processor.py:925} INFO - DAG(s) 'orders_kafka_to_s3' retrieved from /opt/airflow/dags/main.py
[2026-05-03T17:06:27.754+0000] {logging_mixin.py:190} INFO - [2026-05-03T17:06:27.753+0000] {dag.py:3239} INFO - Sync 1 DAGs
[2026-05-03T17:06:27.947+0000] {logging_mixin.py:190} INFO - [2026-05-03T17:06:27.947+0000] {dag.py:4180} INFO - Setting next_dagrun for orders_kafka_to_s3 to 2026-05-03 00:00:00+00:00, run_after=2026-05-04 00:00:00+00:00
[2026-05-03T17:06:27.980+0000] {processor.py:208} INFO - Processing /opt/airflow/dags/main.py took 0.405 seconds
[2026-05-03T17:06:58.946+0000] {processor.py:186} INFO - Started process (PID=796) to work on /opt/airflow/dags/main.py
[2026-05-03T17:06:58.948+0000] {processor.py:914} INFO - Processing file /opt/airflow/dags/main.py for tasks to queue
[2026-05-03T17:06:58.951+0000] {logging_mixin.py:190} INFO - [2026-05-03T17:06:58.951+0000] {dagbag.py:588} INFO - Filling up the DagBag from /opt/airflow/dags/main.py
[2026-05-03T17:06:59.140+0000] {processor.py:925} INFO - DAG(s) 'orders_kafka_to_s3' retrieved from /opt/airflow/dags/main.py
[2026-05-03T17:06:59.388+0000] {logging_mixin.py:190} INFO - [2026-05-03T17:06:59.387+0000] {dag.py:3239} INFO - Sync 1 DAGs
[2026-05-03T17:06:59.422+0000] {logging_mixin.py:190} INFO - [2026-05-03T17:06:59.422+0000] {dag.py:4180} INFO - Setting next_dagrun for orders_kafka_to_s3 to 2026-05-03 00:00:00+00:00, run_after=2026-05-04 00:00:00+00:00
[2026-05-03T17:06:59.455+0000] {processor.py:208} INFO - Processing /opt/airflow/dags/main.py took 0.518 seconds
[2026-05-03T17:07:30.341+0000] {processor.py:186} INFO - Started process (PID=803) to work on /opt/airflow/dags/main.py
[2026-05-03T17:07:30.343+0000] {processor.py:914} INFO - Processing file /opt/airflow/dags/main.py for tasks to queue
[2026-05-03T17:07:30.347+0000] {logging_mixin.py:190} INFO - [2026-05-03T17:07:30.346+0000] {dagbag.py:588} INFO - Filling up the DagBag from /opt/airflow/dags/main.py
[2026-05-03T17:07:30.731+0000] {processor.py:925} INFO - DAG(s) 'orders_kafka_to_s3' retrieved from /opt/airflow/dags/main.py
[2026-05-03T17:07:30.831+0000] {logging_mixin.py:190} INFO - [2026-05-03T17:07:30.831+0000] {dag.py:3239} INFO - Sync 1 DAGs
[2026-05-03T17:07:30.879+0000] {logging_mixin.py:190} INFO - [2026-05-03T17:07:30.878+0000] {dag.py:4180} INFO - Setting next_dagrun for orders_kafka_to_s3 to 2026-05-03 00:00:00+00:00, run_after=2026-05-04 00:00:00+00:00
[2026-05-03T17:07:31.001+0000] {processor.py:208} INFO - Processing /opt/airflow/dags/main.py took 0.668 seconds
[2026-05-03T17:08:01.869+0000] {processor.py:186} INFO - Started process (PID=810) to work on /opt/airflow/dags/main.py
[2026-05-03T17:08:01.871+0000] {processor.py:914} INFO - Processing file /opt/airflow/dags/main.py for tasks to queue
[2026-05-03T17:08:01.874+0000] {logging_mixin.py:190} INFO - [2026-05-03T17:08:01.874+0000] {dagbag.py:588} INFO - Filling up the DagBag from /opt/airflow/dags/main.py
[2026-05-03T17:08:02.161+0000] {processor.py:925} INFO - DAG(s) 'orders_kafka_to_s3' retrieved from /opt/airflow/dags/main.py
[2026-05-03T17:08:02.191+0000] {logging_mixin.py:190} INFO - [2026-05-03T17:08:02.191+0000] {dag.py:3239} INFO - Sync 1 DAGs
[2026-05-03T17:08:02.217+0000] {logging_mixin.py:190} INFO - [2026-05-03T17:08:02.217+0000] {dag.py:4180} INFO - Setting next_dagrun for orders_kafka_to_s3 to 2026-05-03 00:00:00+00:00, run_after=2026-05-04 00:00:00+00:00
[2026-05-03T17:08:02.242+0000] {processor.py:208} INFO - Processing /opt/airflow/dags/main.py took 0.381 seconds
[2026-05-03T17:08:33.778+0000] {processor.py:186} INFO - Started process (PID=817) to work on /opt/airflow/dags/main.py
[2026-05-03T17:08:33.780+0000] {processor.py:914} INFO - Processing file /opt/airflow/dags/main.py for tasks to queue
[2026-05-03T17:08:33.784+0000] {logging_mixin.py:190} INFO - [2026-05-03T17:08:33.783+0000] {dagbag.py:588} INFO - Filling up the DagBag from /opt/airflow/dags/main.py
[2026-05-03T17:08:34.116+0000] {processor.py:925} INFO - DAG(s) 'orders_kafka_to_s3' retrieved from /opt/airflow/dags/main.py
[2026-05-03T17:08:34.141+0000] {logging_mixin.py:190} INFO - [2026-05-03T17:08:34.141+0000] {dag.py:3239} INFO - Sync 1 DAGs
[2026-05-03T17:08:34.166+0000] {logging_mixin.py:190} INFO - [2026-05-03T17:08:34.166+0000] {dag.py:4180} INFO - Setting next_dagrun for orders_kafka_to_s3 to 2026-05-03 00:00:00+00:00, run_after=2026-05-04 00:00:00+00:00
[2026-05-03T17:08:34.188+0000] {processor.py:208} INFO - Processing /opt/airflow/dags/main.py took 0.418 seconds
[2026-05-03T17:09:05.408+0000] {processor.py:186} INFO - Started process (PID=824) to work on /opt/airflow/dags/main.py
[2026-05-03T17:09:05.410+0000] {processor.py:914} INFO - Processing file /opt/airflow/dags/main.py for tasks to queue
[2026-05-03T17:09:05.416+0000] {logging_mixin.py:190} INFO - [2026-05-03T17:09:05.416+0000] {dagbag.py:588} INFO - Filling up the DagBag from /opt/airflow/dags/main.py
[2026-05-03T17:09:05.614+0000] {processor.py:925} INFO - DAG(s) 'orders_kafka_to_s3' retrieved from /opt/airflow/dags/main.py
[2026-05-03T17:09:05.641+0000] {logging_mixin.py:190} INFO - [2026-05-03T17:09:05.641+0000] {dag.py:3239} INFO - Sync 1 DAGs
[2026-05-03T17:09:05.850+0000] {logging_mixin.py:190} INFO - [2026-05-03T17:09:05.849+0000] {dag.py:4180} INFO - Setting next_dagrun for orders_kafka_to_s3 to 2026-05-03 00:00:00+00:00, run_after=2026-05-04 00:00:00+00:00
[2026-05-03T17:09:05.885+0000] {processor.py:208} INFO - Processing /opt/airflow/dags/main.py took 0.493 seconds
[2026-05-03T17:09:36.152+0000] {processor.py:186} INFO - Started process (PID=831) to work on /opt/airflow/dags/main.py
[2026-05-03T17:09:36.154+0000] {processor.py:914} INFO - Processing file /opt/airflow/dags/main.py for tasks to queue
[2026-05-03T17:09:36.159+0000] {logging_mixin.py:190} INFO - [2026-05-03T17:09:36.158+0000] {dagbag.py:588} INFO - Filling up the DagBag from /opt/airflow/dags/main.py
[2026-05-03T17:09:36.337+0000] {processor.py:925} INFO - DAG(s) 'orders_kafka_to_s3' retrieved from /opt/airflow/dags/main.py
[2026-05-03T17:09:36.559+0000] {logging_mixin.py:190} INFO - [2026-05-03T17:09:36.558+0000] {dag.py:3239} INFO - Sync 1 DAGs
[2026-05-03T17:09:36.599+0000] {logging_mixin.py:190} INFO - [2026-05-03T17:09:36.599+0000] {dag.py:4180} INFO - Setting next_dagrun for orders_kafka_to_s3 to 2026-05-03 00:00:00+00:00, run_after=2026-05-04 00:00:00+00:00
[2026-05-03T17:09:36.644+0000] {processor.py:208} INFO - Processing /opt/airflow/dags/main.py took 0.507 seconds
[2026-05-03T17:10:08.515+0000] {processor.py:186} INFO - Started process (PID=838) to work on /opt/airflow/dags/main.py
[2026-05-03T17:10:08.516+0000] {processor.py:914} INFO - Processing file /opt/airflow/dags/main.py for tasks to queue
[2026-05-03T17:10:08.524+0000] {logging_mixin.py:190} INFO - [2026-05-03T17:10:08.524+0000] {dagbag.py:588} INFO - Filling up the DagBag from /opt/airflow/dags/main.py
[2026-05-03T17:10:08.676+0000] {processor.py:925} INFO - DAG(s) 'orders_kafka_to_s3' retrieved from /opt/airflow/dags/main.py
[2026-05-03T17:10:09.127+0000] {logging_mixin.py:190} INFO - [2026-05-03T17:10:09.127+0000] {dag.py:3239} INFO - Sync 1 DAGs
[2026-05-03T17:10:09.162+0000] {logging_mixin.py:190} INFO - [2026-05-03T17:10:09.162+0000] {dag.py:4180} INFO - Setting next_dagrun for orders_kafka_to_s3 to 2026-05-03 00:00:00+00:00, run_after=2026-05-04 00:00:00+00:00
[2026-05-03T17:10:09.187+0000] {processor.py:208} INFO - Processing /opt/airflow/dags/main.py took 0.680 seconds
[2026-05-03T17:10:40.057+0000] {processor.py:186} INFO - Started process (PID=845) to work on /opt/airflow/dags/main.py
[2026-05-03T17:10:40.060+0000] {processor.py:914} INFO - Processing file /opt/airflow/dags/main.py for tasks to queue
[2026-05-03T17:10:40.064+0000] {logging_mixin.py:190} INFO - [2026-05-03T17:10:40.063+0000] {dagbag.py:588} INFO - Filling up the DagBag from /opt/airflow/dags/main.py
[2026-05-03T17:10:40.553+0000] {processor.py:925} INFO - DAG(s) 'orders_kafka_to_s3' retrieved from /opt/airflow/dags/main.py
[2026-05-03T17:10:40.582+0000] {logging_mixin.py:190} INFO - [2026-05-03T17:10:40.582+0000] {dag.py:3239} INFO - Sync 1 DAGs
[2026-05-03T17:10:40.607+0000] {logging_mixin.py:190} INFO - [2026-05-03T17:10:40.606+0000] {dag.py:4180} INFO - Setting next_dagrun for orders_kafka_to_s3 to 2026-05-03 00:00:00+00:00, run_after=2026-05-04 00:00:00+00:00
[2026-05-03T17:10:40.630+0000] {processor.py:208} INFO - Processing /opt/airflow/dags/main.py took 0.588 seconds
[2026-05-03T17:11:10.819+0000] {processor.py:186} INFO - Started process (PID=852) to work on /opt/airflow/dags/main.py
[2026-05-03T17:11:10.821+0000] {processor.py:914} INFO - Processing file /opt/airflow/dags/main.py for tasks to queue
[2026-05-03T17:11:10.825+0000] {logging_mixin.py:190} INFO - [2026-05-03T17:11:10.825+0000] {dagbag.py:588} INFO - Filling up the DagBag from /opt/airflow/dags/main.py
[2026-05-03T17:11:11.158+0000] {processor.py:925} INFO - DAG(s) 'orders_kafka_to_s3' retrieved from /opt/airflow/dags/main.py
[2026-05-03T17:11:11.188+0000] {logging_mixin.py:190} INFO - [2026-05-03T17:11:11.187+0000] {dag.py:3239} INFO - Sync 1 DAGs
[2026-05-03T17:11:11.213+0000] {logging_mixin.py:190} INFO - [2026-05-03T17:11:11.212+0000] {dag.py:4180} INFO - Setting next_dagrun for orders_kafka_to_s3 to 2026-05-03 00:00:00+00:00, run_after=2026-05-04 00:00:00+00:00
[2026-05-03T17:11:11.239+0000] {processor.py:208} INFO - Processing /opt/airflow/dags/main.py took 0.431 seconds
[2026-05-03T17:11:42.284+0000] {processor.py:186} INFO - Started process (PID=853) to work on /opt/airflow/dags/main.py
[2026-05-03T17:11:42.286+0000] {processor.py:914} INFO - Processing file /opt/airflow/dags/main.py for tasks to queue
[2026-05-03T17:11:42.291+0000] {logging_mixin.py:190} INFO - [2026-05-03T17:11:42.290+0000] {dagbag.py:588} INFO - Filling up the DagBag from /opt/airflow/dags/main.py
[2026-05-03T17:11:42.685+0000] {processor.py:925} INFO - DAG(s) 'orders_kafka_to_s3' retrieved from /opt/airflow/dags/main.py
[2026-05-03T17:11:42.711+0000] {logging_mixin.py:190} INFO - [2026-05-03T17:11:42.711+0000] {dag.py:3239} INFO - Sync 1 DAGs
[2026-05-03T17:11:42.740+0000] {logging_mixin.py:190} INFO - [2026-05-03T17:11:42.740+0000] {dag.py:4180} INFO - Setting next_dagrun for orders_kafka_to_s3 to 2026-05-03 00:00:00+00:00, run_after=2026-05-04 00:00:00+00:00
[2026-05-03T17:11:42.770+0000] {processor.py:208} INFO - Processing /opt/airflow/dags/main.py took 0.501 seconds
[2026-05-03T17:12:13.721+0000] {processor.py:186} INFO - Started process (PID=861) to work on /opt/airflow/dags/main.py
[2026-05-03T17:12:13.722+0000] {processor.py:914} INFO - Processing file /opt/airflow/dags/main.py for tasks to queue
[2026-05-03T17:12:13.726+0000] {logging_mixin.py:190} INFO - [2026-05-03T17:12:13.725+0000] {dagbag.py:588} INFO - Filling up the DagBag from /opt/airflow/dags/main.py
[2026-05-03T17:12:14.066+0000] {processor.py:925} INFO - DAG(s) 'orders_kafka_to_s3' retrieved from /opt/airflow/dags/main.py
[2026-05-03T17:12:14.095+0000] {logging_mixin.py:190} INFO - [2026-05-03T17:12:14.094+0000] {dag.py:3239} INFO - Sync 1 DAGs
[2026-05-03T17:12:14.125+0000] {logging_mixin.py:190} INFO - [2026-05-03T17:12:14.124+0000] {dag.py:4180} INFO - Setting next_dagrun for orders_kafka_to_s3 to 2026-05-03 00:00:00+00:00, run_after=2026-05-04 00:00:00+00:00
[2026-05-03T17:12:14.154+0000] {processor.py:208} INFO - Processing /opt/airflow/dags/main.py took 0.441 seconds
[2026-05-03T17:12:45.198+0000] {processor.py:186} INFO - Started process (PID=868) to work on /opt/airflow/dags/main.py
[2026-05-03T17:12:45.201+0000] {processor.py:914} INFO - Processing file /opt/airflow/dags/main.py for tasks to queue
[2026-05-03T17:12:45.206+0000] {logging_mixin.py:190} INFO - [2026-05-03T17:12:45.205+0000] {dagbag.py:588} INFO - Filling up the DagBag from /opt/airflow/dags/main.py
[2026-05-03T17:12:45.421+0000] {processor.py:925} INFO - DAG(s) 'orders_kafka_to_s3' retrieved from /opt/airflow/dags/main.py
[2026-05-03T17:12:45.645+0000] {logging_mixin.py:190} INFO - [2026-05-03T17:12:45.644+0000] {dag.py:3239} INFO - Sync 1 DAGs
[2026-05-03T17:12:45.674+0000] {logging_mixin.py:190} INFO - [2026-05-03T17:12:45.674+0000] {dag.py:4180} INFO - Setting next_dagrun for orders_kafka_to_s3 to 2026-05-03 00:00:00+00:00, run_after=2026-05-04 00:00:00+00:00
[2026-05-03T17:12:45.709+0000] {processor.py:208} INFO - Processing /opt/airflow/dags/main.py took 0.529 seconds
[2026-05-03T17:13:17.165+0000] {processor.py:186} INFO - Started process (PID=875) to work on /opt/airflow/dags/main.py
[2026-05-03T17:13:17.168+0000] {processor.py:914} INFO - Processing file /opt/airflow/dags/main.py for tasks to queue
[2026-05-03T17:13:17.173+0000] {logging_mixin.py:190} INFO - [2026-05-03T17:13:17.172+0000] {dagbag.py:588} INFO - Filling up the DagBag from /opt/airflow/dags/main.py
[2026-05-03T17:13:17.511+0000] {processor.py:925} INFO - DAG(s) 'orders_kafka_to_s3' retrieved from /opt/airflow/dags/main.py
[2026-05-03T17:13:17.545+0000] {logging_mixin.py:190} INFO - [2026-05-03T17:13:17.545+0000] {dag.py:3239} INFO - Sync 1 DAGs
[2026-05-03T17:13:17.581+0000] {logging_mixin.py:190} INFO - [2026-05-03T17:13:17.580+0000] {dag.py:4180} INFO - Setting next_dagrun for orders_kafka_to_s3 to 2026-05-03 00:00:00+00:00, run_after=2026-05-04 00:00:00+00:00
[2026-05-03T17:13:17.612+0000] {processor.py:208} INFO - Processing /opt/airflow/dags/main.py took 0.465 seconds
[2026-05-03T17:13:48.359+0000] {processor.py:186} INFO - Started process (PID=882) to work on /opt/airflow/dags/main.py
[2026-05-03T17:13:48.361+0000] {processor.py:914} INFO - Processing file /opt/airflow/dags/main.py for tasks to queue
[2026-05-03T17:13:48.365+0000] {logging_mixin.py:190} INFO - [2026-05-03T17:13:48.365+0000] {dagbag.py:588} INFO - Filling up the DagBag from /opt/airflow/dags/main.py
[2026-05-03T17:13:48.728+0000] {processor.py:925} INFO - DAG(s) 'orders_kafka_to_s3' retrieved from /opt/airflow/dags/main.py
[2026-05-03T17:13:48.761+0000] {logging_mixin.py:190} INFO - [2026-05-03T17:13:48.761+0000] {dag.py:3239} INFO - Sync 1 DAGs
[2026-05-03T17:13:48.793+0000] {logging_mixin.py:190} INFO - [2026-05-03T17:13:48.793+0000] {dag.py:4180} INFO - Setting next_dagrun for orders_kafka_to_s3 to 2026-05-03 00:00:00+00:00, run_after=2026-05-04 00:00:00+00:00
[2026-05-03T17:13:48.825+0000] {processor.py:208} INFO - Processing /opt/airflow/dags/main.py took 0.476 seconds
[2026-05-03T17:14:19.840+0000] {processor.py:186} INFO - Started process (PID=889) to work on /opt/airflow/dags/main.py
[2026-05-03T17:14:19.842+0000] {processor.py:914} INFO - Processing file /opt/airflow/dags/main.py for tasks to queue
[2026-05-03T17:14:19.845+0000] {logging_mixin.py:190} INFO - [2026-05-03T17:14:19.845+0000] {dagbag.py:588} INFO - Filling up the DagBag from /opt/airflow/dags/main.py
[2026-05-03T17:14:20.207+0000] {processor.py:925} INFO - DAG(s) 'orders_kafka_to_s3' retrieved from /opt/airflow/dags/main.py
[2026-05-03T17:14:20.236+0000] {logging_mixin.py:190} INFO - [2026-05-03T17:14:20.236+0000] {dag.py:3239} INFO - Sync 1 DAGs
[2026-05-03T17:14:20.266+0000] {logging_mixin.py:190} INFO - [2026-05-03T17:14:20.266+0000] {dag.py:4180} INFO - Setting next_dagrun for orders_kafka_to_s3 to 2026-05-03 00:00:00+00:00, run_after=2026-05-04 00:00:00+00:00
[2026-05-03T17:14:20.289+0000] {processor.py:208} INFO - Processing /opt/airflow/dags/main.py took 0.460 seconds
[2026-05-03T17:14:50.430+0000] {processor.py:186} INFO - Started process (PID=896) to work on /opt/airflow/dags/main.py
[2026-05-03T17:14:50.432+0000] {processor.py:914} INFO - Processing file /opt/airflow/dags/main.py for tasks to queue
[2026-05-03T17:14:50.437+0000] {logging_mixin.py:190} INFO - [2026-05-03T17:14:50.436+0000] {dagbag.py:588} INFO - Filling up the DagBag from /opt/airflow/dags/main.py
[2026-05-03T17:14:50.769+0000] {processor.py:925} INFO - DAG(s) 'orders_kafka_to_s3' retrieved from /opt/airflow/dags/main.py
[2026-05-03T17:14:50.796+0000] {logging_mixin.py:190} INFO - [2026-05-03T17:14:50.796+0000] {dag.py:3239} INFO - Sync 1 DAGs
[2026-05-03T17:14:50.822+0000] {logging_mixin.py:190} INFO - [2026-05-03T17:14:50.822+0000] {dag.py:4180} INFO - Setting next_dagrun for orders_kafka_to_s3 to 2026-05-03 00:00:00+00:00, run_after=2026-05-04 00:00:00+00:00
[2026-05-03T17:14:50.845+0000] {processor.py:208} INFO - Processing /opt/airflow/dags/main.py took 0.427 seconds
[2026-05-03T17:15:21.008+0000] {processor.py:186} INFO - Started process (PID=902) to work on /opt/airflow/dags/main.py
[2026-05-03T17:15:21.010+0000] {processor.py:914} INFO - Processing file /opt/airflow/dags/main.py for tasks to queue
[2026-05-03T17:15:21.013+0000] {logging_mixin.py:190} INFO - [2026-05-03T17:15:21.013+0000] {dagbag.py:588} INFO - Filling up the DagBag from /opt/airflow/dags/main.py
[2026-05-03T17:15:21.379+0000] {processor.py:925} INFO - DAG(s) 'orders_kafka_to_s3' retrieved from /opt/airflow/dags/main.py
[2026-05-03T17:15:21.214+0000] {logging_mixin.py:190} INFO - [2026-05-03T17:15:21.214+0000] {dag.py:3239} INFO - Sync 1 DAGs
[2026-05-03T17:15:21.329+0000] {logging_mixin.py:190} INFO - [2026-05-03T17:15:21.328+0000] {dag.py:4180} INFO - Setting next_dagrun for orders_kafka_to_s3 to 2026-05-03 00:00:00+00:00, run_after=2026-05-04 00:00:00+00:00
[2026-05-03T17:15:22.381+0000] {processor.py:208} INFO - Processing /opt/airflow/dags/main.py took 0.620 seconds
[2026-05-03T17:15:52.842+0000] {processor.py:186} INFO - Started process (PID=909) to work on /opt/airflow/dags/main.py
[2026-05-03T17:15:52.847+0000] {processor.py:914} INFO - Processing file /opt/airflow/dags/main.py for tasks to queue
[2026-05-03T17:15:52.859+0000] {logging_mixin.py:190} INFO - [2026-05-03T17:15:52.857+0000] {dagbag.py:588} INFO - Filling up the DagBag from /opt/airflow/dags/main.py
[2026-05-03T17:15:54.099+0000] {processor.py:925} INFO - DAG(s) 'orders_kafka_to_s3' retrieved from /opt/airflow/dags/main.py
[2026-05-03T17:15:54.369+0000] {logging_mixin.py:190} INFO - [2026-05-03T17:15:54.369+0000] {dag.py:3239} INFO - Sync 1 DAGs
[2026-05-03T17:15:54.405+0000] {logging_mixin.py:190} INFO - [2026-05-03T17:15:54.404+0000] {dag.py:4180} INFO - Setting next_dagrun for orders_kafka_to_s3 to 2026-05-03 00:00:00+00:00, run_after=2026-05-04 00:00:00+00:00
[2026-05-03T17:15:54.436+0000] {processor.py:208} INFO - Processing /opt/airflow/dags/main.py took 0.666 seconds
[2026-05-03T17:16:26.426+0000] {processor.py:186} INFO - Started process (PID=916) to work on /opt/airflow/dags/main.py
[2026-05-03T17:16:26.429+0000] {processor.py:914} INFO - Processing file /opt/airflow/dags/main.py for tasks to queue
[2026-05-03T17:16:26.438+0000] {logging_mixin.py:190} INFO - [2026-05-03T17:16:26.437+0000] {dagbag.py:588} INFO - Filling up the DagBag from /opt/airflow/dags/main.py
[2026-05-03T17:16:26.833+0000] {processor.py:925} INFO - DAG(s) 'orders_kafka_to_s3' retrieved from /opt/airflow/dags/main.py
[2026-05-03T17:16:26.868+0000] {logging_mixin.py:190} INFO - [2026-05-03T17:16:26.868+0000] {dag.py:3239} INFO - Sync 1 DAGs
[2026-05-03T17:16:26.902+0000] {logging_mixin.py:190} INFO - [2026-05-03T17:16:26.902+0000] {dag.py:4180} INFO - Setting next_dagrun for orders_kafka_to_s3 to 2026-05-03 00:00:00+00:00, run_after=2026-05-04 00:00:00+00:00
[2026-05-03T17:16:26.934+0000] {processor.py:208} INFO - Processing /opt/airflow/dags/main.py took 0.546 seconds
[2026-05-03T17:16:57.445+0000] {processor.py:186} INFO - Started process (PID=923) to work on /opt/airflow/dags/main.py
[2026-05-03T17:16:57.448+0000] {processor.py:914} INFO - Processing file /opt/airflow/dags/main.py for tasks to queue
[2026-05-03T17:16:57.454+0000] {logging_mixin.py:190} INFO - [2026-05-03T17:16:57.453+0000] {dagbag.py:588} INFO - Filling up the DagBag from /opt/airflow/dags/main.py
[2026-05-03T17:16:57.782+0000] {processor.py:925} INFO - DAG(s) 'orders_kafka_to_s3' retrieved from /opt/airflow/dags/main.py
[2026-05-03T17:16:57.810+0000] {logging_mixin.py:190} INFO - [2026-05-03T17:16:57.810+0000] {dag.py:3239} INFO - Sync 1 DAGs
[2026-05-03T17:16:57.843+0000] {logging_mixin.py:190} INFO - [2026-05-03T17:16:57.843+0000] {dag.py:4180} INFO - Setting next_dagrun for orders_kafka_to_s3 to 2026-05-03 00:00:00+00:00, run_after=2026-05-04 00:00:00+00:00
[2026-05-03T17:16:57.885+0000] {processor.py:208} INFO - Processing /opt/airflow/dags/main.py took 0.456 seconds
[2026-05-03T17:17:28.432+0000] {processor.py:186} INFO - Started process (PID=930) to work on /opt/airflow/dags/main.py
[2026-05-03T17:17:28.434+0000] {processor.py:914} INFO - Processing file /opt/airflow/dags/main.py for tasks to queue
[2026-05-03T17:17:28.438+0000] {logging_mixin.py:190} INFO - [2026-05-03T17:17:28.438+0000] {dagbag.py:588} INFO - Filling up the DagBag from /opt/airflow/dags/main.py
[2026-05-03T17:17:28.940+0000] {processor.py:925} INFO - DAG(s) 'orders_kafka_to_s3' retrieved from /opt/airflow/dags/main.py
[2026-05-03T17:17:28.997+0000] {logging_mixin.py:190} INFO - [2026-05-03T17:17:28.997+0000] {dag.py:3239} INFO - Sync 1 DAGs
[2026-05-03T17:17:29.035+0000] {logging_mixin.py:190} INFO - [2026-05-03T17:17:29.034+0000] {dag.py:4180} INFO - Setting next_dagrun for orders_kafka_to_s3 to 2026-05-03 00:00:00+00:00, run_after=2026-05-04 00:00:00+00:00
[2026-05-03T17:17:29.060+0000] {processor.py:208} INFO - Processing /opt/airflow/dags/main.py took 0.639 seconds
[2026-05-03T17:18:00.055+0000] {processor.py:186} INFO - Started process (PID=936) to work on /opt/airflow/dags/main.py
[2026-05-03T17:18:00.057+0000] {processor.py:914} INFO - Processing file /opt/airflow/dags/main.py for tasks to queue
[2026-05-03T17:18:00.063+0000] {logging_mixin.py:190} INFO - [2026-05-03T17:18:00.062+0000] {dagbag.py:588} INFO - Filling up the DagBag from /opt/airflow/dags/main.py
[2026-05-03T17:18:00.539+0000] {processor.py:925} INFO - DAG(s) 'orders_kafka_to_s3' retrieved from /opt/airflow/dags/main.py
[2026-05-03T17:18:00.569+0000] {logging_mixin.py:190} INFO - [2026-05-03T17:18:00.569+0000] {dag.py:3239} INFO - Sync 1 DAGs
[2026-05-03T17:18:00.598+0000] {logging_mixin.py:190} INFO - [2026-05-03T17:18:00.598+0000] {dag.py:4180} INFO - Setting next_dagrun for orders_kafka_to_s3 to 2026-05-03 00:00:00+00:00, run_after=2026-05-04 00:00:00+00:00
[2026-05-03T17:18:00.621+0000] {processor.py:208} INFO - Processing /opt/airflow/dags/main.py took 0.592 seconds
[2026-05-03T17:18:31.644+0000] {processor.py:186} INFO - Started process (PID=943) to work on /opt/airflow/dags/main.py
[2026-05-03T17:18:31.646+0000] {processor.py:914} INFO - Processing file /opt/airflow/dags/main.py for tasks to queue
[2026-05-03T17:18:31.652+0000] {logging_mixin.py:190} INFO - [2026-05-03T17:18:31.651+0000] {dagbag.py:588} INFO - Filling up the DagBag from /opt/airflow/dags/main.py
[2026-05-03T17:18:31.974+0000] {processor.py:925} INFO - DAG(s) 'orders_kafka_to_s3' retrieved from /opt/airflow/dags/main.py
[2026-05-03T17:18:32.000+0000] {logging_mixin.py:190} INFO - [2026-05-03T17:18:31.999+0000] {dag.py:3239} INFO - Sync 1 DAGs
[2026-05-03T17:18:32.023+0000] {logging_mixin.py:190} INFO - [2026-05-03T17:18:32.023+0000] {dag.py:4180} INFO - Setting next_dagrun for orders_kafka_to_s3 to 2026-05-03 00:00:00+00:00, run_after=2026-05-04 00:00:00+00:00
[2026-05-03T17:18:32.049+0000] {processor.py:208} INFO - Processing /opt/airflow/dags/main.py took 0.423 seconds
[2026-05-03T17:19:03.028+0000] {processor.py:186} INFO - Started process (PID=950) to work on /opt/airflow/dags/main.py
[2026-05-03T17:19:03.029+0000] {processor.py:914} INFO - Processing file /opt/airflow/dags/main.py for tasks to queue
[2026-05-03T17:19:03.033+0000] {logging_mixin.py:190} INFO - [2026-05-03T17:19:03.033+0000] {dagbag.py:588} INFO - Filling up the DagBag from /opt/airflow/dags/main.py
[2026-05-03T17:19:03.248+0000] {processor.py:925} INFO - DAG(s) 'orders_kafka_to_s3' retrieved from /opt/airflow/dags/main.py
[2026-05-03T17:19:03.605+0000] {logging_mixin.py:190} INFO - [2026-05-03T17:19:03.604+0000] {dag.py:3239} INFO - Sync 1 DAGs
[2026-05-03T17:19:03.639+0000] {logging_mixin.py:190} INFO - [2026-05-03T17:19:03.638+0000] {dag.py:4180} INFO - Setting next_dagrun for orders_kafka_to_s3 to 2026-05-03 00:00:00+00:00, run_after=2026-05-04 00:00:00+00:00
[2026-05-03T17:19:03.662+0000] {processor.py:208} INFO - Processing /opt/airflow/dags/main.py took 0.644 seconds
[2026-05-03T17:19:34.633+0000] {processor.py:186} INFO - Started process (PID=957) to work on /opt/airflow/dags/main.py
[2026-05-03T17:19:34.635+0000] {processor.py:914} INFO - Processing file /opt/airflow/dags/main.py for tasks to queue
[2026-05-03T17:19:34.640+0000] {logging_mixin.py:190} INFO - [2026-05-03T17:19:34.640+0000] {dagbag.py:588} INFO - Filling up the DagBag from /opt/airflow/dags/main.py
[2026-05-03T17:19:34.975+0000] {processor.py:925} INFO - DAG(s) 'orders_kafka_to_s3' retrieved from /opt/airflow/dags/main.py
[2026-05-03T17:19:35.004+0000] {logging_mixin.py:190} INFO - [2026-05-03T17:19:35.004+0000] {dag.py:3239} INFO - Sync 1 DAGs
[2026-05-03T17:19:35.031+0000] {logging_mixin.py:190} INFO - [2026-05-03T17:19:35.031+0000] {dag.py:4180} INFO - Setting next_dagrun for orders_kafka_to_s3 to 2026-05-03 00:00:00+00:00, run_after=2026-05-04 00:00:00+00:00
[2026-05-03T17:19:35.052+0000] {processor.py:208} INFO - Processing /opt/airflow/dags/main.py took 0.429 seconds
[2026-05-03T17:20:06.049+0000] {processor.py:186} INFO - Started process (PID=964) to work on /opt/airflow/dags/main.py
[2026-05-03T17:20:06.052+0000] {processor.py:914} INFO - Processing file /opt/airflow/dags/main.py for tasks to queue
[2026-05-03T17:20:06.058+0000] {logging_mixin.py:190} INFO - [2026-05-03T17:20:06.057+0000] {dagbag.py:588} INFO - Filling up the DagBag from /opt/airflow/dags/main.py
[2026-05-03T17:20:06.438+0000] {processor.py:925} INFO - DAG(s) 'orders_kafka_to_s3' retrieved from /opt/airflow/dags/main.py
[2026-05-03T17:20:06.465+0000] {logging_mixin.py:190} INFO - [2026-05-03T17:20:06.465+0000] {dag.py:3239} INFO - Sync 1 DAGs
[2026-05-03T17:20:06.501+0000] {logging_mixin.py:190} INFO - [2026-05-03T17:20:06.501+0000] {dag.py:4180} INFO - Setting next_dagrun for orders_kafka_to_s3 to 2026-05-03 00:00:00+00:00, run_after=2026-05-04 00:00:00+00:00
[2026-05-03T17:20:06.528+0000] {processor.py:208} INFO - Processing /opt/airflow/dags/main.py took 0.493 seconds
[2026-05-03T17:20:37.527+0000] {processor.py:186} INFO - Started process (PID=971) to work on /opt/airflow/dags/main.py
[2026-05-03T17:20:37.528+0000] {processor.py:914} INFO - Processing file /opt/airflow/dags/main.py for tasks to queue
[2026-05-03T17:20:37.531+0000] {logging_mixin.py:190} INFO - [2026-05-03T17:20:37.530+0000] {dagbag.py:588} INFO - Filling up the DagBag from /opt/airflow/dags/main.py
[2026-05-03T17:20:37.857+0000] {processor.py:925} INFO - DAG(s) 'orders_kafka_to_s3' retrieved from /opt/airflow/dags/main.py
[2026-05-03T17:20:37.888+0000] {logging_mixin.py:190} INFO - [2026-05-03T17:20:37.888+0000] {dag.py:3239} INFO - Sync 1 DAGs
[2026-05-03T17:20:37.918+0000] {logging_mixin.py:190} INFO - [2026-05-03T17:20:37.918+0000] {dag.py:4180} INFO - Setting next_dagrun for orders_kafka_to_s3 to 2026-05-03 00:00:00+00:00, run_after=2026-05-04 00:00:00+00:00
[2026-05-03T17:20:37.945+0000] {processor.py:208} INFO - Processing /opt/airflow/dags/main.py took 0.425 seconds
[2026-05-03T17:21:09.007+0000] {processor.py:186} INFO - Started process (PID=978) to work on /opt/airflow/dags/main.py
[2026-05-03T17:21:09.008+0000] {processor.py:914} INFO - Processing file /opt/airflow/dags/main.py for tasks to queue
[2026-05-03T17:21:09.012+0000] {logging_mixin.py:190} INFO - [2026-05-03T17:21:09.011+0000] {dagbag.py:588} INFO - Filling up the DagBag from /opt/airflow/dags/main.py
[2026-05-03T17:21:09.343+0000] {processor.py:925} INFO - DAG(s) 'orders_kafka_to_s3' retrieved from /opt/airflow/dags/main.py
[2026-05-03T17:21:09.371+0000] {logging_mixin.py:190} INFO - [2026-05-03T17:21:09.371+0000] {dag.py:3239} INFO - Sync 1 DAGs
[2026-05-03T17:21:09.396+0000] {logging_mixin.py:190} INFO - [2026-05-03T17:21:09.396+0000] {dag.py:4180} INFO - Setting next_dagrun for orders_kafka_to_s3 to 2026-05-03 00:00:00+00:00, run_after=2026-05-04 00:00:00+00:00
[2026-05-03T17:21:09.420+0000] {processor.py:208} INFO - Processing /opt/airflow/dags/main.py took 0.421 seconds
[2026-05-03T17:21:41.017+0000] {processor.py:186} INFO - Started process (PID=985) to work on /opt/airflow/dags/main.py
[2026-05-03T17:21:41.020+0000] {processor.py:914} INFO - Processing file /opt/airflow/dags/main.py for tasks to queue
[2026-05-03T17:21:41.027+0000] {logging_mixin.py:190} INFO - [2026-05-03T17:21:41.026+0000] {dagbag.py:588} INFO - Filling up the DagBag from /opt/airflow/dags/main.py
[2026-05-03T17:21:41.479+0000] {processor.py:925} INFO - DAG(s) 'orders_kafka_to_s3' retrieved from /opt/airflow/dags/main.py
[2026-05-03T17:21:41.512+0000] {logging_mixin.py:190} INFO - [2026-05-03T17:21:41.512+0000] {dag.py:3239} INFO - Sync 1 DAGs
[2026-05-03T17:21:41.542+0000] {logging_mixin.py:190} INFO - [2026-05-03T17:21:41.542+0000] {dag.py:4180} INFO - Setting next_dagrun for orders_kafka_to_s3 to 2026-05-03 00:00:00+00:00, run_after=2026-05-04 00:00:00+00:00
[2026-05-03T17:21:41.573+0000] {processor.py:208} INFO - Processing /opt/airflow/dags/main.py took 0.576 seconds
[2026-05-03T17:22:12.481+0000] {processor.py:186} INFO - Started process (PID=991) to work on /opt/airflow/dags/main.py
[2026-05-03T17:22:12.483+0000] {processor.py:914} INFO - Processing file /opt/airflow/dags/main.py for tasks to queue
[2026-05-03T17:22:12.490+0000] {logging_mixin.py:190} INFO - [2026-05-03T17:22:12.489+0000] {dagbag.py:588} INFO - Filling up the DagBag from /opt/airflow/dags/main.py
[2026-05-03T17:22:12.738+0000] {processor.py:925} INFO - DAG(s) 'orders_kafka_to_s3' retrieved from /opt/airflow/dags/main.py
[2026-05-03T17:22:13.020+0000] {logging_mixin.py:190} INFO - [2026-05-03T17:22:13.019+0000] {dag.py:3239} INFO - Sync 1 DAGs
[2026-05-03T17:22:13.049+0000] {logging_mixin.py:190} INFO - [2026-05-03T17:22:13.049+0000] {dag.py:4180} INFO - Setting next_dagrun for orders_kafka_to_s3 to 2026-05-03 00:00:00+00:00, run_after=2026-05-04 00:00:00+00:00
[2026-05-03T17:22:13.086+0000] {processor.py:208} INFO - Processing /opt/airflow/dags/main.py took 0.625 seconds
[2026-05-03T17:22:44.030+0000] {processor.py:186} INFO - Started process (PID=998) to work on /opt/airflow/dags/main.py
[2026-05-03T17:22:44.031+0000] {processor.py:914} INFO - Processing file /opt/airflow/dags/main.py for tasks to queue
[2026-05-03T17:22:44.035+0000] {logging_mixin.py:190} INFO - [2026-05-03T17:22:44.035+0000] {dagbag.py:588} INFO - Filling up the DagBag from /opt/airflow/dags/main.py
[2026-05-03T17:22:44.356+0000] {processor.py:925} INFO - DAG(s) 'orders_kafka_to_s3' retrieved from /opt/airflow/dags/main.py
[2026-05-03T17:22:44.391+0000] {logging_mixin.py:190} INFO - [2026-05-03T17:22:44.391+0000] {dag.py:3239} INFO - Sync 1 DAGs
[2026-05-03T17:22:44.419+0000] {logging_mixin.py:190} INFO - [2026-05-03T17:22:44.419+0000] {dag.py:4180} INFO - Setting next_dagrun for orders_kafka_to_s3 to 2026-05-03 00:00:00+00:00, run_after=2026-05-04 00:00:00+00:00
[2026-05-03T17:22:44.444+0000] {processor.py:208} INFO - Processing /opt/airflow/dags/main.py took 0.422 seconds
[2026-05-03T17:23:15.575+0000] {processor.py:186} INFO - Started process (PID=1004) to work on /opt/airflow/dags/main.py
[2026-05-03T17:23:15.577+0000] {processor.py:914} INFO - Processing file /opt/airflow/dags/main.py for tasks to queue
[2026-05-03T17:23:15.581+0000] {logging_mixin.py:190} INFO - [2026-05-03T17:23:15.580+0000] {dagbag.py:588} INFO - Filling up the DagBag from /opt/airflow/dags/main.py
[2026-05-03T17:23:15.960+0000] {processor.py:925} INFO - DAG(s) 'orders_kafka_to_s3' retrieved from /opt/airflow/dags/main.py
[2026-05-03T17:23:15.989+0000] {logging_mixin.py:190} INFO - [2026-05-03T17:23:15.989+0000] {dag.py:3239} INFO - Sync 1 DAGs
[2026-05-03T17:23:16.023+0000] {logging_mixin.py:190} INFO - [2026-05-03T17:23:16.022+0000] {dag.py:4180} INFO - Setting next_dagrun for orders_kafka_to_s3 to 2026-05-03 00:00:00+00:00, run_after=2026-05-04 00:00:00+00:00
[2026-05-03T17:23:16.049+0000] {processor.py:208} INFO - Processing /opt/airflow/dags/main.py took 0.483 seconds
[2026-05-03T17:23:46.930+0000] {processor.py:186} INFO - Started process (PID=1011) to work on /opt/airflow/dags/main.py
[2026-05-03T17:23:46.932+0000] {processor.py:914} INFO - Processing file /opt/airflow/dags/main.py for tasks to queue
[2026-05-03T17:23:46.937+0000] {logging_mixin.py:190} INFO - [2026-05-03T17:23:46.936+0000] {dagbag.py:588} INFO - Filling up the DagBag from /opt/airflow/dags/main.py
[2026-05-03T17:23:47.293+0000] {processor.py:925} INFO - DAG(s) 'orders_kafka_to_s3' retrieved from /opt/airflow/dags/main.py
[2026-05-03T17:23:47.320+0000] {logging_mixin.py:190} INFO - [2026-05-03T17:23:47.320+0000] {dag.py:3239} INFO - Sync 1 DAGs
[2026-05-03T17:23:47.347+0000] {logging_mixin.py:190} INFO - [2026-05-03T17:23:47.347+0000] {dag.py:4180} INFO - Setting next_dagrun for orders_kafka_to_s3 to 2026-05-03 00:00:00+00:00, run_after=2026-05-04 00:00:00+00:00
[2026-05-03T17:23:47.382+0000] {processor.py:208} INFO - Processing /opt/airflow/dags/main.py took 0.471 seconds
[2026-05-03T17:24:18.508+0000] {processor.py:186} INFO - Started process (PID=1018) to work on /opt/airflow/dags/main.py
[2026-05-03T17:24:18.509+0000] {processor.py:914} INFO - Processing file /opt/airflow/dags/main.py for tasks to queue
[2026-05-03T17:24:18.513+0000] {logging_mixin.py:190} INFO - [2026-05-03T17:24:18.513+0000] {dagbag.py:588} INFO - Filling up the DagBag from /opt/airflow/dags/main.py
[2026-05-03T17:24:18.851+0000] {processor.py:925} INFO - DAG(s) 'orders_kafka_to_s3' retrieved from /opt/airflow/dags/main.py
[2026-05-03T17:24:18.882+0000] {logging_mixin.py:190} INFO - [2026-05-03T17:24:18.881+0000] {dag.py:3239} INFO - Sync 1 DAGs
[2026-05-03T17:24:18.916+0000] {logging_mixin.py:190} INFO - [2026-05-03T17:24:18.916+0000] {dag.py:4180} INFO - Setting next_dagrun for orders_kafka_to_s3 to 2026-05-03 00:00:00+00:00, run_after=2026-05-04 00:00:00+00:00
[2026-05-03T17:24:18.941+0000] {processor.py:208} INFO - Processing /opt/airflow/dags/main.py took 0.440 seconds
[2026-05-03T17:24:49.456+0000] {processor.py:186} INFO - Started process (PID=1025) to work on /opt/airflow/dags/main.py
[2026-05-03T17:24:49.457+0000] {processor.py:914} INFO - Processing file /opt/airflow/dags/main.py for tasks to queue
[2026-05-03T17:24:49.461+0000] {logging_mixin.py:190} INFO - [2026-05-03T17:24:49.460+0000] {dagbag.py:588} INFO - Filling up the DagBag from /opt/airflow/dags/main.py
[2026-05-03T17:24:49.793+0000] {processor.py:925} INFO - DAG(s) 'orders_kafka_to_s3' retrieved from /opt/airflow/dags/main.py
[2026-05-03T17:24:49.821+0000] {logging_mixin.py:190} INFO - [2026-05-03T17:24:49.821+0000] {dag.py:3239} INFO - Sync 1 DAGs
[2026-05-03T17:24:49.854+0000] {logging_mixin.py:190} INFO - [2026-05-03T17:24:49.853+0000] {dag.py:4180} INFO - Setting next_dagrun for orders_kafka_to_s3 to 2026-05-03 00:00:00+00:00, run_after=2026-05-04 00:00:00+00:00
[2026-05-03T17:24:49.880+0000] {processor.py:208} INFO - Processing /opt/airflow/dags/main.py took 0.432 seconds
[2026-05-03T17:25:20.059+0000] {processor.py:186} INFO - Started process (PID=1032) to work on /opt/airflow/dags/main.py
[2026-05-03T17:25:20.061+0000] {processor.py:914} INFO - Processing file /opt/airflow/dags/main.py for tasks to queue
[2026-05-03T17:25:20.065+0000] {logging_mixin.py:190} INFO - [2026-05-03T17:25:20.065+0000] {dagbag.py:588} INFO - Filling up the DagBag from /opt/airflow/dags/main.py
[2026-05-03T17:25:20.198+0000] {processor.py:925} INFO - DAG(s) 'orders_kafka_to_s3' retrieved from /opt/airflow/dags/main.py
[2026-05-03T17:25:20.402+0000] {logging_mixin.py:190} INFO - [2026-05-03T17:25:20.401+0000] {dag.py:3239} INFO - Sync 1 DAGs
[2026-05-03T17:25:20.205+0000] {logging_mixin.py:190} INFO - [2026-05-03T17:25:20.205+0000] {dag.py:4180} INFO - Setting next_dagrun for orders_kafka_to_s3 to 2026-05-03 00:00:00+00:00, run_after=2026-05-04 00:00:00+00:00
[2026-05-03T17:25:20.240+0000] {processor.py:208} INFO - Processing /opt/airflow/dags/main.py took 0.425 seconds
[2026-05-03T17:25:50.436+0000] {processor.py:186} INFO - Started process (PID=1039) to work on /opt/airflow/dags/main.py
[2026-05-03T17:25:50.439+0000] {processor.py:914} INFO - Processing file /opt/airflow/dags/main.py for tasks to queue
[2026-05-03T17:25:50.446+0000] {logging_mixin.py:190} INFO - [2026-05-03T17:25:50.445+0000] {dagbag.py:588} INFO - Filling up the DagBag from /opt/airflow/dags/main.py
[2026-05-03T17:25:50.849+0000] {processor.py:925} INFO - DAG(s) 'orders_kafka_to_s3' retrieved from /opt/airflow/dags/main.py
[2026-05-03T17:25:50.891+0000] {logging_mixin.py:190} INFO - [2026-05-03T17:25:50.891+0000] {dag.py:3239} INFO - Sync 1 DAGs
[2026-05-03T17:25:50.928+0000] {logging_mixin.py:190} INFO - [2026-05-03T17:25:50.928+0000] {dag.py:4180} INFO - Setting next_dagrun for orders_kafka_to_s3 to 2026-05-03 00:00:00+00:00, run_after=2026-05-04 00:00:00+00:00
[2026-05-03T17:25:50.959+0000] {processor.py:208} INFO - Processing /opt/airflow/dags/main.py took 0.539 seconds
[2026-05-03T17:26:21.989+0000] {processor.py:186} INFO - Started process (PID=1046) to work on /opt/airflow/dags/main.py
[2026-05-03T17:26:21.991+0000] {processor.py:914} INFO - Processing file /opt/airflow/dags/main.py for tasks to queue
[2026-05-03T17:26:21.994+0000] {logging_mixin.py:190} INFO - [2026-05-03T17:26:21.994+0000] {dagbag.py:588} INFO - Filling up the DagBag from /opt/airflow/dags/main.py
[2026-05-03T17:26:22.361+0000] {processor.py:925} INFO - DAG(s) 'orders_kafka_to_s3' retrieved from /opt/airflow/dags/main.py
[2026-05-03T17:26:22.396+0000] {logging_mixin.py:190} INFO - [2026-05-03T17:26:22.396+0000] {dag.py:3239} INFO - Sync 1 DAGs
[2026-05-03T17:26:23.275+0000] {logging_mixin.py:190} INFO - [2026-05-03T17:26:23.274+0000] {dag.py:4180} INFO - Setting next_dagrun for orders_kafka_to_s3 to 2026-05-03 00:00:00+00:00, run_after=2026-05-04 00:00:00+00:00
[2026-05-03T17:26:23.301+0000] {processor.py:208} INFO - Processing /opt/airflow/dags/main.py took 0.491 seconds
[2026-05-03T17:26:53.696+0000] {processor.py:186} INFO - Started process (PID=1053) to work on /opt/airflow/dags/main.py
[2026-05-03T17:26:53.698+0000] {processor.py:914} INFO - Processing file /opt/airflow/dags/main.py for tasks to queue
[2026-05-03T17:26:53.704+0000] {logging_mixin.py:190} INFO - [2026-05-03T17:26:53.703+0000] {dagbag.py:588} INFO - Filling up the DagBag from /opt/airflow/dags/main.py
[2026-05-03T17:26:54.863+0000] {processor.py:925} INFO - DAG(s) 'orders_kafka_to_s3' retrieved from /opt/airflow/dags/main.py
[2026-05-03T17:26:54.889+0000] {logging_mixin.py:190} INFO - [2026-05-03T17:26:54.889+0000] {dag.py:3239} INFO - Sync 1 DAGs
[2026-05-03T17:26:54.920+0000] {logging_mixin.py:190} INFO - [2026-05-03T17:26:54.920+0000] {dag.py:4180} INFO - Setting next_dagrun for orders_kafka_to_s3 to 2026-05-03 00:00:00+00:00, run_after=2026-05-04 00:00:00+00:00
[2026-05-03T17:26:54.955+0000] {processor.py:208} INFO - Processing /opt/airflow/dags/main.py took 0.622 seconds
[2026-05-03T17:27:25.509+0000] {processor.py:186} INFO - Started process (PID=1060) to work on /opt/airflow/dags/main.py
[2026-05-03T17:27:25.511+0000] {processor.py:914} INFO - Processing file /opt/airflow/dags/main.py for tasks to queue
[2026-05-03T17:27:25.515+0000] {logging_mixin.py:190} INFO - [2026-05-03T17:27:25.515+0000] {dagbag.py:588} INFO - Filling up the DagBag from /opt/airflow/dags/main.py
[2026-05-03T17:27:25.814+0000] {processor.py:925} INFO - DAG(s) 'orders_kafka_to_s3' retrieved from /opt/airflow/dags/main.py
[2026-05-03T17:27:25.844+0000] {logging_mixin.py:190} INFO - [2026-05-03T17:27:25.843+0000] {dag.py:3239} INFO - Sync 1 DAGs
[2026-05-03T17:27:25.872+0000] {logging_mixin.py:190} INFO - [2026-05-03T17:27:25.871+0000] {dag.py:4180} INFO - Setting next_dagrun for orders_kafka_to_s3 to 2026-05-03 00:00:00+00:00, run_after=2026-05-04 00:00:00+00:00
[2026-05-03T17:27:25.903+0000] {processor.py:208} INFO - Processing /opt/airflow/dags/main.py took 0.408 seconds
[2026-05-03T17:27:56.497+0000] {processor.py:186} INFO - Started process (PID=1067) to work on /opt/airflow/dags/main.py
[2026-05-03T17:27:56.499+0000] {processor.py:914} INFO - Processing file /opt/airflow/dags/main.py for tasks to queue
[2026-05-03T17:27:56.502+0000] {logging_mixin.py:190} INFO - [2026-05-03T17:27:56.502+0000] {dagbag.py:588} INFO - Filling up the DagBag from /opt/airflow/dags/main.py
[2026-05-03T17:27:56.897+0000] {processor.py:925} INFO - DAG(s) 'orders_kafka_to_s3' retrieved from /opt/airflow/dags/main.py
[2026-05-03T17:27:56.933+0000] {logging_mixin.py:190} INFO - [2026-05-03T17:27:56.932+0000] {dag.py:3239} INFO - Sync 1 DAGs
[2026-05-03T17:27:56.968+0000] {logging_mixin.py:190} INFO - [2026-05-03T17:27:56.968+0000] {dag.py:4180} INFO - Setting next_dagrun for orders_kafka_to_s3 to 2026-05-03 00:00:00+00:00, run_after=2026-05-04 00:00:00+00:00
[2026-05-03T17:27:57.007+0000] {processor.py:208} INFO - Processing /opt/airflow/dags/main.py took 0.518 seconds
[2026-05-03T17:28:27.673+0000] {processor.py:186} INFO - Started process (PID=1074) to work on /opt/airflow/dags/main.py
[2026-05-03T17:28:27.675+0000] {processor.py:914} INFO - Processing file /opt/airflow/dags/main.py for tasks to queue
[2026-05-03T17:28:27.680+0000] {logging_mixin.py:190} INFO - [2026-05-03T17:28:27.679+0000] {dagbag.py:588} INFO - Filling up the DagBag from /opt/airflow/dags/main.py
[2026-05-03T17:28:27.846+0000] {processor.py:925} INFO - DAG(s) 'orders_kafka_to_s3' retrieved from /opt/airflow/dags/main.py
[2026-05-03T17:28:28.064+0000] {logging_mixin.py:190} INFO - [2026-05-03T17:28:28.064+0000] {dag.py:3239} INFO - Sync 1 DAGs
[2026-05-03T17:28:28.111+0000] {logging_mixin.py:190} INFO - [2026-05-03T17:28:28.110+0000] {dag.py:4180} INFO - Setting next_dagrun for orders_kafka_to_s3 to 2026-05-03 00:00:00+00:00, run_after=2026-05-04 00:00:00+00:00
[2026-05-03T17:28:28.144+0000] {processor.py:208} INFO - Processing /opt/airflow/dags/main.py took 0.488 seconds
[2026-05-03T17:28:58.820+0000] {processor.py:186} INFO - Started process (PID=1081) to work on /opt/airflow/dags/main.py
[2026-05-03T17:28:58.823+0000] {processor.py:914} INFO - Processing file /opt/airflow/dags/main.py for tasks to queue
[2026-05-03T17:28:58.828+0000] {logging_mixin.py:190} INFO - [2026-05-03T17:28:58.828+0000] {dagbag.py:588} INFO - Filling up the DagBag from /opt/airflow/dags/main.py
[2026-05-03T17:28:59.197+0000] {processor.py:925} INFO - DAG(s) 'orders_kafka_to_s3' retrieved from /opt/airflow/dags/main.py
[2026-05-03T17:28:59.231+0000] {logging_mixin.py:190} INFO - [2026-05-03T17:28:59.231+0000] {dag.py:3239} INFO - Sync 1 DAGs
[2026-05-03T17:28:59.261+0000] {logging_mixin.py:190} INFO - [2026-05-03T17:28:59.261+0000] {dag.py:4180} INFO - Setting next_dagrun for orders_kafka_to_s3 to 2026-05-03 00:00:00+00:00, run_after=2026-05-04 00:00:00+00:00
[2026-05-03T17:28:59.289+0000] {processor.py:208} INFO - Processing /opt/airflow/dags/main.py took 0.486 seconds
[2026-05-03T17:29:29.402+0000] {processor.py:186} INFO - Started process (PID=1088) to work on /opt/airflow/dags/main.py
[2026-05-03T17:29:29.405+0000] {processor.py:914} INFO - Processing file /opt/airflow/dags/main.py for tasks to queue
[2026-05-03T17:29:29.411+0000] {logging_mixin.py:190} INFO - [2026-05-03T17:29:29.410+0000] {dagbag.py:588} INFO - Filling up the DagBag from /opt/airflow/dags/main.py
[2026-05-03T17:29:29.823+0000] {processor.py:925} INFO - DAG(s) 'orders_kafka_to_s3' retrieved from /opt/airflow/dags/main.py
[2026-05-03T17:29:29.872+0000] {logging_mixin.py:190} INFO - [2026-05-03T17:29:29.871+0000] {dag.py:3239} INFO - Sync 1 DAGs
[2026-05-03T17:29:29.921+0000] {logging_mixin.py:190} INFO - [2026-05-03T17:29:29.921+0000] {dag.py:4180} INFO - Setting next_dagrun for orders_kafka_to_s3 to 2026-05-03 00:00:00+00:00, run_after=2026-05-04 00:00:00+00:00
[2026-05-03T17:29:29.957+0000] {processor.py:208} INFO - Processing /opt/airflow/dags/main.py took 0.571 seconds
[2026-05-03T17:30:00.232+0000] {processor.py:186} INFO - Started process (PID=1095) to work on /opt/airflow/dags/main.py
[2026-05-03T17:30:00.234+0000] {processor.py:914} INFO - Processing file /opt/airflow/dags/main.py for tasks to queue
[2026-05-03T17:30:00.239+0000] {logging_mixin.py:190} INFO - [2026-05-03T17:30:00.238+0000] {dagbag.py:588} INFO - Filling up the DagBag from /opt/airflow/dags/main.py
[2026-05-03T17:30:00.555+0000] {processor.py:925} INFO - DAG(s) 'orders_kafka_to_s3' retrieved from /opt/airflow/dags/main.py
[2026-05-03T17:30:00.605+0000] {logging_mixin.py:190} INFO - [2026-05-03T17:30:00.605+0000] {dag.py:3239} INFO - Sync 1 DAGs
[2026-05-03T17:30:00.646+0000] {logging_mixin.py:190} INFO - [2026-05-03T17:30:00.646+0000] {dag.py:4180} INFO - Setting next_dagrun for orders_kafka_to_s3 to 2026-05-03 00:00:00+00:00, run_after=2026-05-04 00:00:00+00:00
[2026-05-03T17:30:00.678+0000] {processor.py:208} INFO - Processing /opt/airflow/dags/main.py took 0.465 seconds
[2026-05-03T17:30:30.890+0000] {processor.py:186} INFO - Started process (PID=1102) to work on /opt/airflow/dags/main.py
[2026-05-03T17:30:30.891+0000] {processor.py:914} INFO - Processing file /opt/airflow/dags/main.py for tasks to queue
[2026-05-03T17:30:30.894+0000] {logging_mixin.py:190} INFO - [2026-05-03T17:30:30.894+0000] {dagbag.py:588} INFO - Filling up the DagBag from /opt/airflow/dags/main.py
[2026-05-03T17:30:31.227+0000] {processor.py:925} INFO - DAG(s) 'orders_kafka_to_s3' retrieved from /opt/airflow/dags/main.py
[2026-05-03T17:30:31.252+0000] {logging_mixin.py:190} INFO - [2026-05-03T17:30:31.251+0000] {dag.py:3239} INFO - Sync 1 DAGs
[2026-05-03T17:30:31.275+0000] {logging_mixin.py:190} INFO - [2026-05-03T17:30:31.275+0000] {dag.py:4180} INFO - Setting next_dagrun for orders_kafka_to_s3 to 2026-05-03 00:00:00+00:00, run_after=2026-05-04 00:00:00+00:00
[2026-05-03T17:30:31.295+0000] {processor.py:208} INFO - Processing /opt/airflow/dags/main.py took 0.413 seconds
[2026-05-03T17:31:01.520+0000] {processor.py:186} INFO - Started process (PID=1109) to work on /opt/airflow/dags/main.py
[2026-05-03T17:31:01.521+0000] {processor.py:914} INFO - Processing file /opt/airflow/dags/main.py for tasks to queue
[2026-05-03T17:31:01.524+0000] {logging_mixin.py:190} INFO - [2026-05-03T17:31:01.524+0000] {dagbag.py:588} INFO - Filling up the DagBag from /opt/airflow/dags/main.py
[2026-05-03T17:31:01.802+0000] {processor.py:925} INFO - DAG(s) 'orders_kafka_to_s3' retrieved from /opt/airflow/dags/main.py
[2026-05-03T17:31:01.825+0000] {logging_mixin.py:190} INFO - [2026-05-03T17:31:01.825+0000] {dag.py:3239} INFO - Sync 1 DAGs
[2026-05-03T17:31:01.844+0000] {logging_mixin.py:190} INFO - [2026-05-03T17:31:01.843+0000] {dag.py:4180} INFO - Setting next_dagrun for orders_kafka_to_s3 to 2026-05-03 00:00:00+00:00, run_after=2026-05-04 00:00:00+00:00
[2026-05-03T17:31:01.862+0000] {processor.py:208} INFO - Processing /opt/airflow/dags/main.py took 0.349 seconds
[2026-05-03T17:31:32.080+0000] {processor.py:186} INFO - Started process (PID=1116) to work on /opt/airflow/dags/main.py
[2026-05-03T17:31:32.083+0000] {processor.py:914} INFO - Processing file /opt/airflow/dags/main.py for tasks to queue
[2026-05-03T17:31:32.088+0000] {logging_mixin.py:190} INFO - [2026-05-03T17:31:32.088+0000] {dagbag.py:588} INFO - Filling up the DagBag from /opt/airflow/dags/main.py
[2026-05-03T17:31:32.283+0000] {processor.py:925} INFO - DAG(s) 'orders_kafka_to_s3' retrieved from /opt/airflow/dags/main.py
[2026-05-03T17:31:32.497+0000] {logging_mixin.py:190} INFO - [2026-05-03T17:31:32.496+0000] {dag.py:3239} INFO - Sync 1 DAGs
[2026-05-03T17:31:32.538+0000] {logging_mixin.py:190} INFO - [2026-05-03T17:31:32.538+0000] {dag.py:4180} INFO - Setting next_dagrun for orders_kafka_to_s3 to 2026-05-03 00:00:00+00:00, run_after=2026-05-04 00:00:00+00:00
[2026-05-03T17:31:32.580+0000] {processor.py:208} INFO - Processing /opt/airflow/dags/main.py took 0.518 seconds
[2026-05-03T17:32:02.938+0000] {processor.py:186} INFO - Started process (PID=1123) to work on /opt/airflow/dags/main.py
[2026-05-03T17:32:02.943+0000] {processor.py:914} INFO - Processing file /opt/airflow/dags/main.py for tasks to queue
[2026-05-03T17:32:02.949+0000] {logging_mixin.py:190} INFO - [2026-05-03T17:32:02.948+0000] {dagbag.py:588} INFO - Filling up the DagBag from /opt/airflow/dags/main.py
[2026-05-03T17:32:03.370+0000] {processor.py:925} INFO - DAG(s) 'orders_kafka_to_s3' retrieved from /opt/airflow/dags/main.py
[2026-05-03T17:32:03.396+0000] {logging_mixin.py:190} INFO - [2026-05-03T17:32:03.396+0000] {dag.py:3239} INFO - Sync 1 DAGs
[2026-05-03T17:32:03.421+0000] {logging_mixin.py:190} INFO - [2026-05-03T17:32:03.421+0000] {dag.py:4180} INFO - Setting next_dagrun for orders_kafka_to_s3 to 2026-05-03 00:00:00+00:00, run_after=2026-05-04 00:00:00+00:00
[2026-05-03T17:32:03.454+0000] {processor.py:208} INFO - Processing /opt/airflow/dags/main.py took 0.533 seconds
[2026-05-03T17:32:34.220+0000] {processor.py:186} INFO - Started process (PID=1130) to work on /opt/airflow/dags/main.py
[2026-05-03T17:32:34.222+0000] {processor.py:914} INFO - Processing file /opt/airflow/dags/main.py for tasks to queue
[2026-05-03T17:32:34.226+0000] {logging_mixin.py:190} INFO - [2026-05-03T17:32:34.226+0000] {dagbag.py:588} INFO - Filling up the DagBag from /opt/airflow/dags/main.py
[2026-05-03T17:32:34.572+0000] {processor.py:925} INFO - DAG(s) 'orders_kafka_to_s3' retrieved from /opt/airflow/dags/main.py
[2026-05-03T17:32:34.606+0000] {logging_mixin.py:190} INFO - [2026-05-03T17:32:34.605+0000] {dag.py:3239} INFO - Sync 1 DAGs
[2026-05-03T17:32:34.637+0000] {logging_mixin.py:190} INFO - [2026-05-03T17:32:34.636+0000] {dag.py:4180} INFO - Setting next_dagrun for orders_kafka_to_s3 to 2026-05-03 00:00:00+00:00, run_after=2026-05-04 00:00:00+00:00
[2026-05-03T17:32:34.664+0000] {processor.py:208} INFO - Processing /opt/airflow/dags/main.py took 0.460 seconds
[2026-05-03T17:33:05.270+0000] {processor.py:186} INFO - Started process (PID=1137) to work on /opt/airflow/dags/main.py
[2026-05-03T17:33:05.272+0000] {processor.py:914} INFO - Processing file /opt/airflow/dags/main.py for tasks to queue
[2026-05-03T17:33:05.276+0000] {logging_mixin.py:190} INFO - [2026-05-03T17:33:05.276+0000] {dagbag.py:588} INFO - Filling up the DagBag from /opt/airflow/dags/main.py
[2026-05-03T17:33:05.635+0000] {processor.py:925} INFO - DAG(s) 'orders_kafka_to_s3' retrieved from /opt/airflow/dags/main.py
[2026-05-03T17:33:05.686+0000] {logging_mixin.py:190} INFO - [2026-05-03T17:33:05.685+0000] {dag.py:3239} INFO - Sync 1 DAGs
[2026-05-03T17:33:05.724+0000] {logging_mixin.py:190} INFO - [2026-05-03T17:33:05.724+0000] {dag.py:4180} INFO - Setting next_dagrun for orders_kafka_to_s3 to 2026-05-03 00:00:00+00:00, run_after=2026-05-04 00:00:00+00:00
[2026-05-03T17:33:05.750+0000] {processor.py:208} INFO - Processing /opt/airflow/dags/main.py took 0.488 seconds
[2026-05-03T17:33:35.852+0000] {processor.py:186} INFO - Started process (PID=1144) to work on /opt/airflow/dags/main.py
[2026-05-03T17:33:35.854+0000] {processor.py:914} INFO - Processing file /opt/airflow/dags/main.py for tasks to queue
[2026-05-03T17:33:35.858+0000] {logging_mixin.py:190} INFO - [2026-05-03T17:33:35.858+0000] {dagbag.py:588} INFO - Filling up the DagBag from /opt/airflow/dags/main.py
[2026-05-03T17:33:36.248+0000] {processor.py:925} INFO - DAG(s) 'orders_kafka_to_s3' retrieved from /opt/airflow/dags/main.py
[2026-05-03T17:33:36.275+0000] {logging_mixin.py:190} INFO - [2026-05-03T17:33:36.275+0000] {dag.py:3239} INFO - Sync 1 DAGs
[2026-05-03T17:33:36.305+0000] {logging_mixin.py:190} INFO - [2026-05-03T17:33:36.304+0000] {dag.py:4180} INFO - Setting next_dagrun for orders_kafka_to_s3 to 2026-05-03 00:00:00+00:00, run_after=2026-05-04 00:00:00+00:00
[2026-05-03T17:33:36.334+0000] {processor.py:208} INFO - Processing /opt/airflow/dags/main.py took 0.498 seconds
[2026-05-03T17:34:06.439+0000] {processor.py:186} INFO - Started process (PID=1151) to work on /opt/airflow/dags/main.py
[2026-05-03T17:34:06.441+0000] {processor.py:914} INFO - Processing file /opt/airflow/dags/main.py for tasks to queue
[2026-05-03T17:34:06.445+0000] {logging_mixin.py:190} INFO - [2026-05-03T17:34:06.445+0000] {dagbag.py:588} INFO - Filling up the DagBag from /opt/airflow/dags/main.py
[2026-05-03T17:34:06.783+0000] {processor.py:925} INFO - DAG(s) 'orders_kafka_to_s3' retrieved from /opt/airflow/dags/main.py
[2026-05-03T17:34:06.810+0000] {logging_mixin.py:190} INFO - [2026-05-03T17:34:06.810+0000] {dag.py:3239} INFO - Sync 1 DAGs
[2026-05-03T17:34:06.835+0000] {logging_mixin.py:190} INFO - [2026-05-03T17:34:06.835+0000] {dag.py:4180} INFO - Setting next_dagrun for orders_kafka_to_s3 to 2026-05-03 00:00:00+00:00, run_after=2026-05-04 00:00:00+00:00
[2026-05-03T17:34:06.858+0000] {processor.py:208} INFO - Processing /opt/airflow/dags/main.py took 0.430 seconds
[2026-05-03T17:34:36.993+0000] {processor.py:186} INFO - Started process (PID=1158) to work on /opt/airflow/dags/main.py
[2026-05-03T17:34:36.994+0000] {processor.py:914} INFO - Processing file /opt/airflow/dags/main.py for tasks to queue
[2026-05-03T17:34:36.997+0000] {logging_mixin.py:190} INFO - [2026-05-03T17:34:36.997+0000] {dagbag.py:588} INFO - Filling up the DagBag from /opt/airflow/dags/main.py
[2026-05-03T17:34:38.134+0000] {processor.py:925} INFO - DAG(s) 'orders_kafka_to_s3' retrieved from /opt/airflow/dags/main.py
[2026-05-03T17:34:38.261+0000] {logging_mixin.py:190} INFO - [2026-05-03T17:34:38.261+0000] {dag.py:3239} INFO - Sync 1 DAGs
[2026-05-03T17:34:38.349+0000] {logging_mixin.py:190} INFO - [2026-05-03T17:34:38.348+0000] {dag.py:4180} INFO - Setting next_dagrun for orders_kafka_to_s3 to 2026-05-03 00:00:00+00:00, run_after=2026-05-04 00:00:00+00:00
[2026-05-03T17:34:38.388+0000] {processor.py:208} INFO - Processing /opt/airflow/dags/main.py took 1.404 seconds
[2026-05-03T17:35:08.569+0000] {processor.py:186} INFO - Started process (PID=1165) to work on /opt/airflow/dags/main.py
[2026-05-03T17:35:08.571+0000] {processor.py:914} INFO - Processing file /opt/airflow/dags/main.py for tasks to queue
[2026-05-03T17:35:08.576+0000] {logging_mixin.py:190} INFO - [2026-05-03T17:35:08.575+0000] {dagbag.py:588} INFO - Filling up the DagBag from /opt/airflow/dags/main.py
[2026-05-03T17:35:08.930+0000] {processor.py:925} INFO - DAG(s) 'orders_kafka_to_s3' retrieved from /opt/airflow/dags/main.py
[2026-05-03T17:35:08.961+0000] {logging_mixin.py:190} INFO - [2026-05-03T17:35:08.961+0000] {dag.py:3239} INFO - Sync 1 DAGs
[2026-05-03T17:35:08.991+0000] {logging_mixin.py:190} INFO - [2026-05-03T17:35:08.991+0000] {dag.py:4180} INFO - Setting next_dagrun for orders_kafka_to_s3 to 2026-05-03 00:00:00+00:00, run_after=2026-05-04 00:00:00+00:00
[2026-05-03T17:35:09.013+0000] {processor.py:208} INFO - Processing /opt/airflow/dags/main.py took 0.455 seconds
[2026-05-03T17:35:39.554+0000] {processor.py:186} INFO - Started process (PID=1172) to work on /opt/airflow/dags/main.py
[2026-05-03T17:35:39.556+0000] {processor.py:914} INFO - Processing file /opt/airflow/dags/main.py for tasks to queue
[2026-05-03T17:35:39.563+0000] {logging_mixin.py:190} INFO - [2026-05-03T17:35:39.562+0000] {dagbag.py:588} INFO - Filling up the DagBag from /opt/airflow/dags/main.py
[2026-05-03T17:35:39.903+0000] {processor.py:925} INFO - DAG(s) 'orders_kafka_to_s3' retrieved from /opt/airflow/dags/main.py
[2026-05-03T17:35:39.942+0000] {logging_mixin.py:190} INFO - [2026-05-03T17:35:39.942+0000] {dag.py:3239} INFO - Sync 1 DAGs
[2026-05-03T17:35:39.990+0000] {logging_mixin.py:190} INFO - [2026-05-03T17:35:39.990+0000] {dag.py:4180} INFO - Setting next_dagrun for orders_kafka_to_s3 to 2026-05-03 00:00:00+00:00, run_after=2026-05-04 00:00:00+00:00
[2026-05-03T17:35:40.030+0000] {processor.py:208} INFO - Processing /opt/airflow/dags/main.py took 0.501 seconds
[2026-05-03T17:36:10.297+0000] {processor.py:186} INFO - Started process (PID=1179) to work on /opt/airflow/dags/main.py
[2026-05-03T17:36:10.299+0000] {processor.py:914} INFO - Processing file /opt/airflow/dags/main.py for tasks to queue
[2026-05-03T17:36:10.303+0000] {logging_mixin.py:190} INFO - [2026-05-03T17:36:10.303+0000] {dagbag.py:588} INFO - Filling up the DagBag from /opt/airflow/dags/main.py
[2026-05-03T17:36:10.642+0000] {processor.py:925} INFO - DAG(s) 'orders_kafka_to_s3' retrieved from /opt/airflow/dags/main.py
[2026-05-03T17:36:10.670+0000] {logging_mixin.py:190} INFO - [2026-05-03T17:36:10.670+0000] {dag.py:3239} INFO - Sync 1 DAGs
[2026-05-03T17:36:10.703+0000] {logging_mixin.py:190} INFO - [2026-05-03T17:36:10.703+0000] {dag.py:4180} INFO - Setting next_dagrun for orders_kafka_to_s3 to 2026-05-03 00:00:00+00:00, run_after=2026-05-04 00:00:00+00:00
[2026-05-03T17:36:10.732+0000] {processor.py:208} INFO - Processing /opt/airflow/dags/main.py took 0.449 seconds
[2026-05-03T17:36:40.836+0000] {processor.py:186} INFO - Started process (PID=1186) to work on /opt/airflow/dags/main.py
[2026-05-03T17:36:40.837+0000] {processor.py:914} INFO - Processing file /opt/airflow/dags/main.py for tasks to queue
[2026-05-03T17:36:40.841+0000] {logging_mixin.py:190} INFO - [2026-05-03T17:36:40.841+0000] {dagbag.py:588} INFO - Filling up the DagBag from /opt/airflow/dags/main.py
[2026-05-03T17:36:41.176+0000] {processor.py:925} INFO - DAG(s) 'orders_kafka_to_s3' retrieved from /opt/airflow/dags/main.py
[2026-05-03T17:36:41.204+0000] {logging_mixin.py:190} INFO - [2026-05-03T17:36:41.203+0000] {dag.py:3239} INFO - Sync 1 DAGs
[2026-05-03T17:36:41.229+0000] {logging_mixin.py:190} INFO - [2026-05-03T17:36:41.229+0000] {dag.py:4180} INFO - Setting next_dagrun for orders_kafka_to_s3 to 2026-05-03 00:00:00+00:00, run_after=2026-05-04 00:00:00+00:00
[2026-05-03T17:36:41.269+0000] {processor.py:208} INFO - Processing /opt/airflow/dags/main.py took 0.441 seconds
[2026-05-03T17:37:11.440+0000] {processor.py:186} INFO - Started process (PID=1194) to work on /opt/airflow/dags/main.py
[2026-05-03T17:37:11.442+0000] {processor.py:914} INFO - Processing file /opt/airflow/dags/main.py for tasks to queue
[2026-05-03T17:37:11.447+0000] {logging_mixin.py:190} INFO - [2026-05-03T17:37:11.447+0000] {dagbag.py:588} INFO - Filling up the DagBag from /opt/airflow/dags/main.py
[2026-05-03T17:37:11.787+0000] {processor.py:925} INFO - DAG(s) 'orders_kafka_to_s3' retrieved from /opt/airflow/dags/main.py
[2026-05-03T17:37:11.814+0000] {logging_mixin.py:190} INFO - [2026-05-03T17:37:11.814+0000] {dag.py:3239} INFO - Sync 1 DAGs
[2026-05-03T17:37:11.838+0000] {logging_mixin.py:190} INFO - [2026-05-03T17:37:11.838+0000] {dag.py:4180} INFO - Setting next_dagrun for orders_kafka_to_s3 to 2026-05-03 00:00:00+00:00, run_after=2026-05-04 00:00:00+00:00
[2026-05-03T17:37:11.863+0000] {processor.py:208} INFO - Processing /opt/airflow/dags/main.py took 0.433 seconds
[2026-05-03T17:37:42.007+0000] {processor.py:186} INFO - Started process (PID=1201) to work on /opt/airflow/dags/main.py
[2026-05-03T17:37:42.009+0000] {processor.py:914} INFO - Processing file /opt/airflow/dags/main.py for tasks to queue
[2026-05-03T17:37:42.015+0000] {logging_mixin.py:190} INFO - [2026-05-03T17:37:42.014+0000] {dagbag.py:588} INFO - Filling up the DagBag from /opt/airflow/dags/main.py
[2026-05-03T17:37:42.332+0000] {processor.py:925} INFO - DAG(s) 'orders_kafka_to_s3' retrieved from /opt/airflow/dags/main.py
[2026-05-03T17:37:42.367+0000] {logging_mixin.py:190} INFO - [2026-05-03T17:37:42.367+0000] {dag.py:3239} INFO - Sync 1 DAGs
[2026-05-03T17:37:42.394+0000] {logging_mixin.py:190} INFO - [2026-05-03T17:37:42.394+0000] {dag.py:4180} INFO - Setting next_dagrun for orders_kafka_to_s3 to 2026-05-03 00:00:00+00:00, run_after=2026-05-04 00:00:00+00:00
[2026-05-03T17:37:42.421+0000] {processor.py:208} INFO - Processing /opt/airflow/dags/main.py took 0.430 seconds
[2026-05-03T17:38:12.926+0000] {processor.py:186} INFO - Started process (PID=1208) to work on /opt/airflow/dags/main.py
[2026-05-03T17:38:12.928+0000] {processor.py:914} INFO - Processing file /opt/airflow/dags/main.py for tasks to queue
[2026-05-03T17:38:12.933+0000] {logging_mixin.py:190} INFO - [2026-05-03T17:38:12.932+0000] {dagbag.py:588} INFO - Filling up the DagBag from /opt/airflow/dags/main.py
[2026-05-03T17:38:13.325+0000] {processor.py:925} INFO - DAG(s) 'orders_kafka_to_s3' retrieved from /opt/airflow/dags/main.py
[2026-05-03T17:38:13.361+0000] {logging_mixin.py:190} INFO - [2026-05-03T17:38:13.361+0000] {dag.py:3239} INFO - Sync 1 DAGs
[2026-05-03T17:38:13.391+0000] {logging_mixin.py:190} INFO - [2026-05-03T17:38:13.391+0000] {dag.py:4180} INFO - Setting next_dagrun for orders_kafka_to_s3 to 2026-05-03 00:00:00+00:00, run_after=2026-05-04 00:00:00+00:00
[2026-05-03T17:38:13.415+0000] {processor.py:208} INFO - Processing /opt/airflow/dags/main.py took 0.501 seconds
[2026-05-03T17:38:43.632+0000] {processor.py:186} INFO - Started process (PID=1215) to work on /opt/airflow/dags/main.py
[2026-05-03T17:38:43.636+0000] {processor.py:914} INFO - Processing file /opt/airflow/dags/main.py for tasks to queue
[2026-05-03T17:38:43.642+0000] {logging_mixin.py:190} INFO - [2026-05-03T17:38:43.641+0000] {dagbag.py:588} INFO - Filling up the DagBag from /opt/airflow/dags/main.py
[2026-05-03T17:38:44.119+0000] {processor.py:925} INFO - DAG(s) 'orders_kafka_to_s3' retrieved from /opt/airflow/dags/main.py
[2026-05-03T17:38:44.237+0000] {logging_mixin.py:190} INFO - [2026-05-03T17:38:44.237+0000] {dag.py:3239} INFO - Sync 1 DAGs
[2026-05-03T17:38:44.284+0000] {logging_mixin.py:190} INFO - [2026-05-03T17:38:44.284+0000] {dag.py:4180} INFO - Setting next_dagrun for orders_kafka_to_s3 to 2026-05-03 00:00:00+00:00, run_after=2026-05-04 00:00:00+00:00
[2026-05-03T17:38:44.311+0000] {processor.py:208} INFO - Processing /opt/airflow/dags/main.py took 0.698 seconds
[2026-05-03T17:39:14.374+0000] {processor.py:186} INFO - Started process (PID=1222) to work on /opt/airflow/dags/main.py
[2026-05-03T17:39:14.376+0000] {processor.py:914} INFO - Processing file /opt/airflow/dags/main.py for tasks to queue
[2026-05-03T17:39:14.390+0000] {logging_mixin.py:190} INFO - [2026-05-03T17:39:14.388+0000] {dagbag.py:588} INFO - Filling up the DagBag from /opt/airflow/dags/main.py
[2026-05-03T17:39:14.827+0000] {processor.py:925} INFO - DAG(s) 'orders_kafka_to_s3' retrieved from /opt/airflow/dags/main.py
[2026-05-03T17:39:14.864+0000] {logging_mixin.py:190} INFO - [2026-05-03T17:39:14.863+0000] {dag.py:3239} INFO - Sync 1 DAGs
[2026-05-03T17:39:14.895+0000] {logging_mixin.py:190} INFO - [2026-05-03T17:39:14.895+0000] {dag.py:4180} INFO - Setting next_dagrun for orders_kafka_to_s3 to 2026-05-03 00:00:00+00:00, run_after=2026-05-04 00:00:00+00:00
[2026-05-03T17:39:14.918+0000] {processor.py:208} INFO - Processing /opt/airflow/dags/main.py took 0.552 seconds
[2026-05-03T17:39:45.056+0000] {processor.py:186} INFO - Started process (PID=1229) to work on /opt/airflow/dags/main.py
[2026-05-03T17:39:45.058+0000] {processor.py:914} INFO - Processing file /opt/airflow/dags/main.py for tasks to queue
[2026-05-03T17:39:45.063+0000] {logging_mixin.py:190} INFO - [2026-05-03T17:39:45.063+0000] {dagbag.py:588} INFO - Filling up the DagBag from /opt/airflow/dags/main.py
[2026-05-03T17:39:45.445+0000] {processor.py:925} INFO - DAG(s) 'orders_kafka_to_s3' retrieved from /opt/airflow/dags/main.py
[2026-05-03T17:39:45.476+0000] {logging_mixin.py:190} INFO - [2026-05-03T17:39:45.475+0000] {dag.py:3239} INFO - Sync 1 DAGs
[2026-05-03T17:39:45.503+0000] {logging_mixin.py:190} INFO - [2026-05-03T17:39:45.503+0000] {dag.py:4180} INFO - Setting next_dagrun for orders_kafka_to_s3 to 2026-05-03 00:00:00+00:00, run_after=2026-05-04 00:00:00+00:00
[2026-05-03T17:39:45.526+0000] {processor.py:208} INFO - Processing /opt/airflow/dags/main.py took 0.483 seconds
[2026-05-03T17:40:15.678+0000] {processor.py:186} INFO - Started process (PID=1238) to work on /opt/airflow/dags/main.py
[2026-05-03T17:40:15.680+0000] {processor.py:914} INFO - Processing file /opt/airflow/dags/main.py for tasks to queue
[2026-05-03T17:40:15.684+0000] {logging_mixin.py:190} INFO - [2026-05-03T17:40:15.684+0000] {dagbag.py:588} INFO - Filling up the DagBag from /opt/airflow/dags/main.py
[2026-05-03T17:40:16.130+0000] {processor.py:925} INFO - DAG(s) 'orders_kafka_to_s3' retrieved from /opt/airflow/dags/main.py
[2026-05-03T17:40:16.171+0000] {logging_mixin.py:190} INFO - [2026-05-03T17:40:16.171+0000] {dag.py:3239} INFO - Sync 1 DAGs
[2026-05-03T17:40:16.197+0000] {logging_mixin.py:190} INFO - [2026-05-03T17:40:16.197+0000] {dag.py:4180} INFO - Setting next_dagrun for orders_kafka_to_s3 to 2026-05-03 00:00:00+00:00, run_after=2026-05-04 00:00:00+00:00
[2026-05-03T17:40:16.221+0000] {processor.py:208} INFO - Processing /opt/airflow/dags/main.py took 0.558 seconds
[2026-05-03T17:40:46.499+0000] {processor.py:186} INFO - Started process (PID=1245) to work on /opt/airflow/dags/main.py
[2026-05-03T17:40:46.501+0000] {processor.py:914} INFO - Processing file /opt/airflow/dags/main.py for tasks to queue
[2026-05-03T17:40:46.505+0000] {logging_mixin.py:190} INFO - [2026-05-03T17:40:46.505+0000] {dagbag.py:588} INFO - Filling up the DagBag from /opt/airflow/dags/main.py
[2026-05-03T17:40:46.861+0000] {processor.py:925} INFO - DAG(s) 'orders_kafka_to_s3' retrieved from /opt/airflow/dags/main.py
[2026-05-03T17:40:46.895+0000] {logging_mixin.py:190} INFO - [2026-05-03T17:40:46.895+0000] {dag.py:3239} INFO - Sync 1 DAGs
[2026-05-03T17:40:46.924+0000] {logging_mixin.py:190} INFO - [2026-05-03T17:40:46.923+0000] {dag.py:4180} INFO - Setting next_dagrun for orders_kafka_to_s3 to 2026-05-03 00:00:00+00:00, run_after=2026-05-04 00:00:00+00:00
[2026-05-03T17:40:46.948+0000] {processor.py:208} INFO - Processing /opt/airflow/dags/main.py took 0.464 seconds
[2026-05-03T17:41:17.636+0000] {processor.py:186} INFO - Started process (PID=1252) to work on /opt/airflow/dags/main.py
[2026-05-03T17:41:17.638+0000] {processor.py:914} INFO - Processing file /opt/airflow/dags/main.py for tasks to queue
[2026-05-03T17:41:17.643+0000] {logging_mixin.py:190} INFO - [2026-05-03T17:41:17.642+0000] {dagbag.py:588} INFO - Filling up the DagBag from /opt/airflow/dags/main.py
[2026-05-03T17:41:18.061+0000] {processor.py:925} INFO - DAG(s) 'orders_kafka_to_s3' retrieved from /opt/airflow/dags/main.py
[2026-05-03T17:41:18.100+0000] {logging_mixin.py:190} INFO - [2026-05-03T17:41:18.099+0000] {dag.py:3239} INFO - Sync 1 DAGs
[2026-05-03T17:41:18.146+0000] {logging_mixin.py:190} INFO - [2026-05-03T17:41:18.145+0000] {dag.py:4180} INFO - Setting next_dagrun for orders_kafka_to_s3 to 2026-05-03 00:00:00+00:00, run_after=2026-05-04 00:00:00+00:00
[2026-05-03T17:41:18.181+0000] {processor.py:208} INFO - Processing /opt/airflow/dags/main.py took 0.559 seconds
[2026-05-03T17:41:48.489+0000] {processor.py:186} INFO - Started process (PID=1259) to work on /opt/airflow/dags/main.py
[2026-05-03T17:41:48.491+0000] {processor.py:914} INFO - Processing file /opt/airflow/dags/main.py for tasks to queue
[2026-05-03T17:41:48.497+0000] {logging_mixin.py:190} INFO - [2026-05-03T17:41:48.496+0000] {dagbag.py:588} INFO - Filling up the DagBag from /opt/airflow/dags/main.py
[2026-05-03T17:41:48.871+0000] {processor.py:925} INFO - DAG(s) 'orders_kafka_to_s3' retrieved from /opt/airflow/dags/main.py
[2026-05-03T17:41:48.897+0000] {logging_mixin.py:190} INFO - [2026-05-03T17:41:48.897+0000] {dag.py:3239} INFO - Sync 1 DAGs
[2026-05-03T17:41:48.923+0000] {logging_mixin.py:190} INFO - [2026-05-03T17:41:48.923+0000] {dag.py:4180} INFO - Setting next_dagrun for orders_kafka_to_s3 to 2026-05-03 00:00:00+00:00, run_after=2026-05-04 00:00:00+00:00
[2026-05-03T17:41:48.953+0000] {processor.py:208} INFO - Processing /opt/airflow/dags/main.py took 0.480 seconds
[2026-05-03T17:42:19.232+0000] {processor.py:186} INFO - Started process (PID=1260) to work on /opt/airflow/dags/main.py
[2026-05-03T17:42:19.234+0000] {processor.py:914} INFO - Processing file /opt/airflow/dags/main.py for tasks to queue
[2026-05-03T17:42:19.239+0000] {logging_mixin.py:190} INFO - [2026-05-03T17:42:19.239+0000] {dagbag.py:588} INFO - Filling up the DagBag from /opt/airflow/dags/main.py
[2026-05-03T17:42:19.616+0000] {processor.py:925} INFO - DAG(s) 'orders_kafka_to_s3' retrieved from /opt/airflow/dags/main.py
[2026-05-03T17:42:19.648+0000] {logging_mixin.py:190} INFO - [2026-05-03T17:42:19.647+0000] {dag.py:3239} INFO - Sync 1 DAGs
[2026-05-03T17:42:19.686+0000] {logging_mixin.py:190} INFO - [2026-05-03T17:42:19.685+0000] {dag.py:4180} INFO - Setting next_dagrun for orders_kafka_to_s3 to 2026-05-03 00:00:00+00:00, run_after=2026-05-04 00:00:00+00:00
[2026-05-03T17:42:19.708+0000] {processor.py:208} INFO - Processing /opt/airflow/dags/main.py took 0.487 seconds
[2026-05-03T17:42:49.873+0000] {processor.py:186} INFO - Started process (PID=1267) to work on /opt/airflow/dags/main.py
[2026-05-03T17:42:49.875+0000] {processor.py:914} INFO - Processing file /opt/airflow/dags/main.py for tasks to queue
[2026-05-03T17:42:49.881+0000] {logging_mixin.py:190} INFO - [2026-05-03T17:42:49.880+0000] {dagbag.py:588} INFO - Filling up the DagBag from /opt/airflow/dags/main.py
[2026-05-03T17:42:50.262+0000] {processor.py:925} INFO - DAG(s) 'orders_kafka_to_s3' retrieved from /opt/airflow/dags/main.py
[2026-05-03T17:42:50.306+0000] {logging_mixin.py:190} INFO - [2026-05-03T17:42:50.306+0000] {dag.py:3239} INFO - Sync 1 DAGs
[2026-05-03T17:42:50.332+0000] {logging_mixin.py:190} INFO - [2026-05-03T17:42:50.331+0000] {dag.py:4180} INFO - Setting next_dagrun for orders_kafka_to_s3 to 2026-05-03 00:00:00+00:00, run_after=2026-05-04 00:00:00+00:00
[2026-05-03T17:42:50.358+0000] {processor.py:208} INFO - Processing /opt/airflow/dags/main.py took 0.499 seconds
[2026-05-03T17:43:20.473+0000] {processor.py:186} INFO - Started process (PID=1274) to work on /opt/airflow/dags/main.py
[2026-05-03T17:43:20.474+0000] {processor.py:914} INFO - Processing file /opt/airflow/dags/main.py for tasks to queue
[2026-05-03T17:43:20.479+0000] {logging_mixin.py:190} INFO - [2026-05-03T17:43:20.478+0000] {dagbag.py:588} INFO - Filling up the DagBag from /opt/airflow/dags/main.py
[2026-05-03T17:43:20.824+0000] {processor.py:925} INFO - DAG(s) 'orders_kafka_to_s3' retrieved from /opt/airflow/dags/main.py
[2026-05-03T17:43:20.870+0000] {logging_mixin.py:190} INFO - [2026-05-03T17:43:20.870+0000] {dag.py:3239} INFO - Sync 1 DAGs
[2026-05-03T17:43:20.900+0000] {logging_mixin.py:190} INFO - [2026-05-03T17:43:20.900+0000] {dag.py:4180} INFO - Setting next_dagrun for orders_kafka_to_s3 to 2026-05-03 00:00:00+00:00, run_after=2026-05-04 00:00:00+00:00
[2026-05-03T17:43:20.925+0000] {processor.py:208} INFO - Processing /opt/airflow/dags/main.py took 0.462 seconds
[2026-05-03T17:43:51.064+0000] {processor.py:186} INFO - Started process (PID=1280) to work on /opt/airflow/dags/main.py
[2026-05-03T17:43:51.065+0000] {processor.py:914} INFO - Processing file /opt/airflow/dags/main.py for tasks to queue
[2026-05-03T17:43:51.069+0000] {logging_mixin.py:190} INFO - [2026-05-03T17:43:51.069+0000] {dagbag.py:588} INFO - Filling up the DagBag from /opt/airflow/dags/main.py
[2026-05-03T17:43:51.396+0000] {processor.py:925} INFO - DAG(s) 'orders_kafka_to_s3' retrieved from /opt/airflow/dags/main.py
[2026-05-03T17:43:51.429+0000] {logging_mixin.py:190} INFO - [2026-05-03T17:43:51.429+0000] {dag.py:3239} INFO - Sync 1 DAGs
[2026-05-03T17:43:51.456+0000] {logging_mixin.py:190} INFO - [2026-05-03T17:43:51.456+0000] {dag.py:4180} INFO - Setting next_dagrun for orders_kafka_to_s3 to 2026-05-03 00:00:00+00:00, run_after=2026-05-04 00:00:00+00:00
[2026-05-03T17:43:51.479+0000] {processor.py:208} INFO - Processing /opt/airflow/dags/main.py took 0.424 seconds
[2026-05-03T17:44:22.140+0000] {processor.py:186} INFO - Started process (PID=1287) to work on /opt/airflow/dags/main.py
[2026-05-03T17:44:22.141+0000] {processor.py:914} INFO - Processing file /opt/airflow/dags/main.py for tasks to queue
[2026-05-03T17:44:22.146+0000] {logging_mixin.py:190} INFO - [2026-05-03T17:44:22.145+0000] {dagbag.py:588} INFO - Filling up the DagBag from /opt/airflow/dags/main.py
[2026-05-03T17:44:22.476+0000] {processor.py:925} INFO - DAG(s) 'orders_kafka_to_s3' retrieved from /opt/airflow/dags/main.py
[2026-05-03T17:44:22.511+0000] {logging_mixin.py:190} INFO - [2026-05-03T17:44:22.510+0000] {dag.py:3239} INFO - Sync 1 DAGs
[2026-05-03T17:44:22.539+0000] {logging_mixin.py:190} INFO - [2026-05-03T17:44:22.539+0000] {dag.py:4180} INFO - Setting next_dagrun for orders_kafka_to_s3 to 2026-05-03 00:00:00+00:00, run_after=2026-05-04 00:00:00+00:00
[2026-05-03T17:44:22.568+0000] {processor.py:208} INFO - Processing /opt/airflow/dags/main.py took 0.436 seconds
[2026-05-03T17:44:52.709+0000] {processor.py:186} INFO - Started process (PID=1293) to work on /opt/airflow/dags/main.py
[2026-05-03T17:44:52.711+0000] {processor.py:914} INFO - Processing file /opt/airflow/dags/main.py for tasks to queue
[2026-05-03T17:44:52.715+0000] {logging_mixin.py:190} INFO - [2026-05-03T17:44:52.715+0000] {dagbag.py:588} INFO - Filling up the DagBag from /opt/airflow/dags/main.py
[2026-05-03T17:44:53.049+0000] {processor.py:925} INFO - DAG(s) 'orders_kafka_to_s3' retrieved from /opt/airflow/dags/main.py
[2026-05-03T17:44:53.076+0000] {logging_mixin.py:190} INFO - [2026-05-03T17:44:53.076+0000] {dag.py:3239} INFO - Sync 1 DAGs
[2026-05-03T17:44:53.104+0000] {logging_mixin.py:190} INFO - [2026-05-03T17:44:53.104+0000] {dag.py:4180} INFO - Setting next_dagrun for orders_kafka_to_s3 to 2026-05-03 00:00:00+00:00, run_after=2026-05-04 00:00:00+00:00
[2026-05-03T17:44:53.128+0000] {processor.py:208} INFO - Processing /opt/airflow/dags/main.py took 0.430 seconds
[2026-05-03T17:45:23.868+0000] {processor.py:186} INFO - Started process (PID=1300) to work on /opt/airflow/dags/main.py
[2026-05-03T17:45:23.871+0000] {processor.py:914} INFO - Processing file /opt/airflow/dags/main.py for tasks to queue
[2026-05-03T17:45:23.877+0000] {logging_mixin.py:190} INFO - [2026-05-03T17:45:23.876+0000] {dagbag.py:588} INFO - Filling up the DagBag from /opt/airflow/dags/main.py
[2026-05-03T17:45:24.260+0000] {processor.py:925} INFO - DAG(s) 'orders_kafka_to_s3' retrieved from /opt/airflow/dags/main.py
[2026-05-03T17:45:24.285+0000] {logging_mixin.py:190} INFO - [2026-05-03T17:45:24.285+0000] {dag.py:3239} INFO - Sync 1 DAGs
[2026-05-03T17:45:24.313+0000] {logging_mixin.py:190} INFO - [2026-05-03T17:45:24.312+0000] {dag.py:4180} INFO - Setting next_dagrun for orders_kafka_to_s3 to 2026-05-03 00:00:00+00:00, run_after=2026-05-04 00:00:00+00:00
[2026-05-03T17:45:24.346+0000] {processor.py:208} INFO - Processing /opt/airflow/dags/main.py took 0.492 seconds
[2026-05-03T17:45:55.352+0000] {processor.py:186} INFO - Started process (PID=1307) to work on /opt/airflow/dags/main.py
[2026-05-03T17:45:55.354+0000] {processor.py:914} INFO - Processing file /opt/airflow/dags/main.py for tasks to queue
[2026-05-03T17:45:55.358+0000] {logging_mixin.py:190} INFO - [2026-05-03T17:45:55.358+0000] {dagbag.py:588} INFO - Filling up the DagBag from /opt/airflow/dags/main.py
[2026-05-03T17:45:55.741+0000] {processor.py:925} INFO - DAG(s) 'orders_kafka_to_s3' retrieved from /opt/airflow/dags/main.py
[2026-05-03T17:45:55.772+0000] {logging_mixin.py:190} INFO - [2026-05-03T17:45:55.772+0000] {dag.py:3239} INFO - Sync 1 DAGs
[2026-05-03T17:45:55.800+0000] {logging_mixin.py:190} INFO - [2026-05-03T17:45:55.799+0000] {dag.py:4180} INFO - Setting next_dagrun for orders_kafka_to_s3 to 2026-05-03 00:00:00+00:00, run_after=2026-05-04 00:00:00+00:00
[2026-05-03T17:45:55.828+0000] {processor.py:208} INFO - Processing /opt/airflow/dags/main.py took 0.483 seconds
[2026-05-03T17:46:27.040+0000] {processor.py:186} INFO - Started process (PID=1314) to work on /opt/airflow/dags/main.py
[2026-05-03T17:46:27.043+0000] {processor.py:914} INFO - Processing file /opt/airflow/dags/main.py for tasks to queue
[2026-05-03T17:46:27.048+0000] {logging_mixin.py:190} INFO - [2026-05-03T17:46:27.048+0000] {dagbag.py:588} INFO - Filling up the DagBag from /opt/airflow/dags/main.py
[2026-05-03T17:46:27.371+0000] {processor.py:925} INFO - DAG(s) 'orders_kafka_to_s3' retrieved from /opt/airflow/dags/main.py
[2026-05-03T17:46:27.398+0000] {logging_mixin.py:190} INFO - [2026-05-03T17:46:27.398+0000] {dag.py:3239} INFO - Sync 1 DAGs
[2026-05-03T17:46:27.425+0000] {logging_mixin.py:190} INFO - [2026-05-03T17:46:27.425+0000] {dag.py:4180} INFO - Setting next_dagrun for orders_kafka_to_s3 to 2026-05-03 00:00:00+00:00, run_after=2026-05-04 00:00:00+00:00
[2026-05-03T17:46:27.447+0000] {processor.py:208} INFO - Processing /opt/airflow/dags/main.py took 0.423 seconds
[2026-05-03T17:46:57.636+0000] {processor.py:186} INFO - Started process (PID=1321) to work on /opt/airflow/dags/main.py
[2026-05-03T17:46:57.637+0000] {processor.py:914} INFO - Processing file /opt/airflow/dags/main.py for tasks to queue
[2026-05-03T17:46:57.643+0000] {logging_mixin.py:190} INFO - [2026-05-03T17:46:57.642+0000] {dagbag.py:588} INFO - Filling up the DagBag from /opt/airflow/dags/main.py
[2026-05-03T17:46:57.983+0000] {processor.py:925} INFO - DAG(s) 'orders_kafka_to_s3' retrieved from /opt/airflow/dags/main.py
[2026-05-03T17:46:58.021+0000] {logging_mixin.py:190} INFO - [2026-05-03T17:46:58.021+0000] {dag.py:3239} INFO - Sync 1 DAGs
[2026-05-03T17:46:58.045+0000] {logging_mixin.py:190} INFO - [2026-05-03T17:46:58.045+0000] {dag.py:4180} INFO - Setting next_dagrun for orders_kafka_to_s3 to 2026-05-03 00:00:00+00:00, run_after=2026-05-04 00:00:00+00:00
[2026-05-03T17:46:58.067+0000] {processor.py:208} INFO - Processing /opt/airflow/dags/main.py took 0.447 seconds
[2026-05-03T17:47:28.405+0000] {processor.py:186} INFO - Started process (PID=1328) to work on /opt/airflow/dags/main.py
[2026-05-03T17:47:28.406+0000] {processor.py:914} INFO - Processing file /opt/airflow/dags/main.py for tasks to queue
[2026-05-03T17:47:28.409+0000] {logging_mixin.py:190} INFO - [2026-05-03T17:47:28.408+0000] {dagbag.py:588} INFO - Filling up the DagBag from /opt/airflow/dags/main.py
[2026-05-03T17:47:28.893+0000] {processor.py:925} INFO - DAG(s) 'orders_kafka_to_s3' retrieved from /opt/airflow/dags/main.py
[2026-05-03T17:47:28.960+0000] {logging_mixin.py:190} INFO - [2026-05-03T17:47:28.960+0000] {dag.py:3239} INFO - Sync 1 DAGs
[2026-05-03T17:47:29.002+0000] {logging_mixin.py:190} INFO - [2026-05-03T17:47:29.002+0000] {dag.py:4180} INFO - Setting next_dagrun for orders_kafka_to_s3 to 2026-05-03 00:00:00+00:00, run_after=2026-05-04 00:00:00+00:00
[2026-05-03T17:47:29.042+0000] {processor.py:208} INFO - Processing /opt/airflow/dags/main.py took 0.644 seconds
[2026-05-03T17:47:59.165+0000] {processor.py:186} INFO - Started process (PID=1335) to work on /opt/airflow/dags/main.py
[2026-05-03T17:47:59.167+0000] {processor.py:914} INFO - Processing file /opt/airflow/dags/main.py for tasks to queue
[2026-05-03T17:47:59.171+0000] {logging_mixin.py:190} INFO - [2026-05-03T17:47:59.170+0000] {dagbag.py:588} INFO - Filling up the DagBag from /opt/airflow/dags/main.py
[2026-05-03T17:47:59.688+0000] {processor.py:925} INFO - DAG(s) 'orders_kafka_to_s3' retrieved from /opt/airflow/dags/main.py
[2026-05-03T17:47:59.714+0000] {logging_mixin.py:190} INFO - [2026-05-03T17:47:59.714+0000] {dag.py:3239} INFO - Sync 1 DAGs
[2026-05-03T17:47:59.738+0000] {logging_mixin.py:190} INFO - [2026-05-03T17:47:59.738+0000] {dag.py:4180} INFO - Setting next_dagrun for orders_kafka_to_s3 to 2026-05-03 00:00:00+00:00, run_after=2026-05-04 00:00:00+00:00
[2026-05-03T17:47:59.765+0000] {processor.py:208} INFO - Processing /opt/airflow/dags/main.py took 0.608 seconds
[2026-05-03T17:48:30.099+0000] {processor.py:186} INFO - Started process (PID=1343) to work on /opt/airflow/dags/main.py
[2026-05-03T17:48:30.102+0000] {processor.py:914} INFO - Processing file /opt/airflow/dags/main.py for tasks to queue
[2026-05-03T17:48:30.106+0000] {logging_mixin.py:190} INFO - [2026-05-03T17:48:30.106+0000] {dagbag.py:588} INFO - Filling up the DagBag from /opt/airflow/dags/main.py
[2026-05-03T17:48:30.474+0000] {processor.py:925} INFO - DAG(s) 'orders_kafka_to_s3' retrieved from /opt/airflow/dags/main.py
[2026-05-03T17:48:30.520+0000] {logging_mixin.py:190} INFO - [2026-05-03T17:48:30.520+0000] {dag.py:3239} INFO - Sync 1 DAGs
[2026-05-03T17:48:30.547+0000] {logging_mixin.py:190} INFO - [2026-05-03T17:48:30.547+0000] {dag.py:4180} INFO - Setting next_dagrun for orders_kafka_to_s3 to 2026-05-03 00:00:00+00:00, run_after=2026-05-04 00:00:00+00:00
[2026-05-03T17:48:30.569+0000] {processor.py:208} INFO - Processing /opt/airflow/dags/main.py took 0.486 seconds
[2026-05-03T17:49:01.641+0000] {processor.py:186} INFO - Started process (PID=1350) to work on /opt/airflow/dags/main.py
[2026-05-03T17:49:01.643+0000] {processor.py:914} INFO - Processing file /opt/airflow/dags/main.py for tasks to queue
[2026-05-03T17:49:01.646+0000] {logging_mixin.py:190} INFO - [2026-05-03T17:49:01.646+0000] {dagbag.py:588} INFO - Filling up the DagBag from /opt/airflow/dags/main.py
[2026-05-03T17:49:02.006+0000] {processor.py:925} INFO - DAG(s) 'orders_kafka_to_s3' retrieved from /opt/airflow/dags/main.py
[2026-05-03T17:49:02.055+0000] {logging_mixin.py:190} INFO - [2026-05-03T17:49:02.055+0000] {dag.py:3239} INFO - Sync 1 DAGs
[2026-05-03T17:49:02.093+0000] {logging_mixin.py:190} INFO - [2026-05-03T17:49:02.093+0000] {dag.py:4180} INFO - Setting next_dagrun for orders_kafka_to_s3 to 2026-05-03 00:00:00+00:00, run_after=2026-05-04 00:00:00+00:00
[2026-05-03T17:49:02.133+0000] {processor.py:208} INFO - Processing /opt/airflow/dags/main.py took 0.501 seconds
[2026-05-03T20:49:28.125+0000] {processor.py:186} INFO - Started process (PID=1357) to work on /opt/airflow/dags/main.py
[2026-05-03T20:49:28.131+0000] {processor.py:914} INFO - Processing file /opt/airflow/dags/main.py for tasks to queue
[2026-05-03T20:49:28.145+0000] {logging_mixin.py:190} INFO - [2026-05-03T20:49:28.144+0000] {dagbag.py:588} INFO - Filling up the DagBag from /opt/airflow/dags/main.py
[2026-05-03T20:49:29.255+0000] {processor.py:925} INFO - DAG(s) 'orders_kafka_to_s3' retrieved from /opt/airflow/dags/main.py
[2026-05-03T20:49:29.334+0000] {logging_mixin.py:190} INFO - [2026-05-03T20:49:29.334+0000] {dag.py:3239} INFO - Sync 1 DAGs
[2026-05-03T20:49:29.468+0000] {logging_mixin.py:190} INFO - [2026-05-03T20:49:29.467+0000] {dag.py:4180} INFO - Setting next_dagrun for orders_kafka_to_s3 to 2026-05-03 00:00:00+00:00, run_after=2026-05-04 00:00:00+00:00
[2026-05-03T20:49:29.519+0000] {processor.py:208} INFO - Processing /opt/airflow/dags/main.py took 1.423 seconds
