[2026-05-02T08:49:48.519+0000] {processor.py:186} INFO - Started process (PID=68) to work on /opt/airflow/dags/main.py
[2026-05-02T08:49:48.527+0000] {processor.py:914} INFO - Processing file /opt/airflow/dags/main.py for tasks to queue
[2026-05-02T08:49:48.542+0000] {logging_mixin.py:190} INFO - [2026-05-02T08:49:48.541+0000] {dagbag.py:588} INFO - Filling up the DagBag from /opt/airflow/dags/main.py
[2026-05-02T08:49:49.802+0000] {processor.py:925} INFO - DAG(s) 'orders_kafka_to_s3' retrieved from /opt/airflow/dags/main.py
[2026-05-02T08:49:49.907+0000] {logging_mixin.py:190} INFO - [2026-05-02T08:49:49.906+0000] {dag.py:3239} INFO - Sync 1 DAGs
[2026-05-02T08:49:49.954+0000] {logging_mixin.py:190} INFO - [2026-05-02T08:49:49.954+0000] {dag.py:4180} INFO - Setting next_dagrun for orders_kafka_to_s3 to 2026-05-02 00:00:00+00:00, run_after=2026-05-03 00:00:00+00:00
[2026-05-02T08:49:49.990+0000] {processor.py:208} INFO - Processing /opt/airflow/dags/main.py took 1.509 seconds
[2026-05-02T08:50:20.381+0000] {processor.py:186} INFO - Started process (PID=74) to work on /opt/airflow/dags/main.py
[2026-05-02T08:50:20.383+0000] {processor.py:914} INFO - Processing file /opt/airflow/dags/main.py for tasks to queue
[2026-05-02T08:50:20.389+0000] {logging_mixin.py:190} INFO - [2026-05-02T08:50:20.387+0000] {dagbag.py:588} INFO - Filling up the DagBag from /opt/airflow/dags/main.py
[2026-05-02T08:50:20.624+0000] {processor.py:925} INFO - DAG(s) 'orders_kafka_to_s3' retrieved from /opt/airflow/dags/main.py
[2026-05-02T08:50:20.684+0000] {logging_mixin.py:190} INFO - [2026-05-02T08:50:20.684+0000] {dag.py:3239} INFO - Sync 1 DAGs
[2026-05-02T08:50:20.737+0000] {logging_mixin.py:190} INFO - [2026-05-02T08:50:20.736+0000] {dag.py:4180} INFO - Setting next_dagrun for orders_kafka_to_s3 to 2026-05-02 00:00:00+00:00, run_after=2026-05-03 00:00:00+00:00
[2026-05-02T08:50:20.770+0000] {processor.py:208} INFO - Processing /opt/airflow/dags/main.py took 0.400 seconds
[2026-05-02T08:50:51.319+0000] {processor.py:186} INFO - Started process (PID=81) to work on /opt/airflow/dags/main.py
[2026-05-02T08:50:51.325+0000] {processor.py:914} INFO - Processing file /opt/airflow/dags/main.py for tasks to queue
[2026-05-02T08:50:51.353+0000] {logging_mixin.py:190} INFO - [2026-05-02T08:50:51.352+0000] {dagbag.py:588} INFO - Filling up the DagBag from /opt/airflow/dags/main.py
[2026-05-02T08:50:51.811+0000] {processor.py:925} INFO - DAG(s) 'orders_kafka_to_s3' retrieved from /opt/airflow/dags/main.py
[2026-05-02T08:50:51.997+0000] {logging_mixin.py:190} INFO - [2026-05-02T08:50:51.996+0000] {dag.py:3239} INFO - Sync 1 DAGs
[2026-05-02T08:50:52.097+0000] {logging_mixin.py:190} INFO - [2026-05-02T08:50:52.096+0000] {dag.py:4180} INFO - Setting next_dagrun for orders_kafka_to_s3 to 2026-05-02 00:00:00+00:00, run_after=2026-05-03 00:00:00+00:00
[2026-05-02T08:50:52.201+0000] {processor.py:208} INFO - Processing /opt/airflow/dags/main.py took 0.927 seconds
[2026-05-02T08:51:22.704+0000] {processor.py:186} INFO - Started process (PID=88) to work on /opt/airflow/dags/main.py
[2026-05-02T08:51:22.706+0000] {processor.py:914} INFO - Processing file /opt/airflow/dags/main.py for tasks to queue
[2026-05-02T08:51:22.709+0000] {logging_mixin.py:190} INFO - [2026-05-02T08:51:22.709+0000] {dagbag.py:588} INFO - Filling up the DagBag from /opt/airflow/dags/main.py
[2026-05-02T08:51:22.894+0000] {processor.py:925} INFO - DAG(s) 'orders_kafka_to_s3' retrieved from /opt/airflow/dags/main.py
[2026-05-02T08:51:22.926+0000] {logging_mixin.py:190} INFO - [2026-05-02T08:51:22.926+0000] {dag.py:3239} INFO - Sync 1 DAGs
[2026-05-02T08:51:22.966+0000] {logging_mixin.py:190} INFO - [2026-05-02T08:51:22.966+0000] {dag.py:4180} INFO - Setting next_dagrun for orders_kafka_to_s3 to 2026-05-02 00:00:00+00:00, run_after=2026-05-03 00:00:00+00:00
[2026-05-02T08:51:23.007+0000] {processor.py:208} INFO - Processing /opt/airflow/dags/main.py took 0.314 seconds
[2026-05-02T08:51:53.129+0000] {processor.py:186} INFO - Started process (PID=95) to work on /opt/airflow/dags/main.py
[2026-05-02T08:51:53.131+0000] {processor.py:914} INFO - Processing file /opt/airflow/dags/main.py for tasks to queue
[2026-05-02T08:51:53.136+0000] {logging_mixin.py:190} INFO - [2026-05-02T08:51:53.135+0000] {dagbag.py:588} INFO - Filling up the DagBag from /opt/airflow/dags/main.py
[2026-05-02T08:51:53.333+0000] {processor.py:925} INFO - DAG(s) 'orders_kafka_to_s3' retrieved from /opt/airflow/dags/main.py
[2026-05-02T08:51:53.371+0000] {logging_mixin.py:190} INFO - [2026-05-02T08:51:53.371+0000] {dag.py:3239} INFO - Sync 1 DAGs
[2026-05-02T08:51:53.399+0000] {logging_mixin.py:190} INFO - [2026-05-02T08:51:53.399+0000] {dag.py:4180} INFO - Setting next_dagrun for orders_kafka_to_s3 to 2026-05-02 00:00:00+00:00, run_after=2026-05-03 00:00:00+00:00
[2026-05-02T08:51:53.424+0000] {processor.py:208} INFO - Processing /opt/airflow/dags/main.py took 0.303 seconds
[2026-05-02T08:52:23.653+0000] {processor.py:186} INFO - Started process (PID=102) to work on /opt/airflow/dags/main.py
[2026-05-02T08:52:23.658+0000] {processor.py:914} INFO - Processing file /opt/airflow/dags/main.py for tasks to queue
[2026-05-02T08:52:23.669+0000] {logging_mixin.py:190} INFO - [2026-05-02T08:52:23.667+0000] {dagbag.py:588} INFO - Filling up the DagBag from /opt/airflow/dags/main.py
[2026-05-02T08:52:23.899+0000] {processor.py:925} INFO - DAG(s) 'orders_kafka_to_s3' retrieved from /opt/airflow/dags/main.py
[2026-05-02T08:52:23.933+0000] {logging_mixin.py:190} INFO - [2026-05-02T08:52:23.932+0000] {dag.py:3239} INFO - Sync 1 DAGs
[2026-05-02T08:52:23.964+0000] {logging_mixin.py:190} INFO - [2026-05-02T08:52:23.963+0000] {dag.py:4180} INFO - Setting next_dagrun for orders_kafka_to_s3 to 2026-05-02 00:00:00+00:00, run_after=2026-05-03 00:00:00+00:00
[2026-05-02T08:52:23.992+0000] {processor.py:208} INFO - Processing /opt/airflow/dags/main.py took 0.368 seconds
[2026-05-02T08:52:54.347+0000] {processor.py:186} INFO - Started process (PID=109) to work on /opt/airflow/dags/main.py
[2026-05-02T08:52:54.349+0000] {processor.py:914} INFO - Processing file /opt/airflow/dags/main.py for tasks to queue
[2026-05-02T08:52:54.354+0000] {logging_mixin.py:190} INFO - [2026-05-02T08:52:54.353+0000] {dagbag.py:588} INFO - Filling up the DagBag from /opt/airflow/dags/main.py
[2026-05-02T08:52:54.559+0000] {processor.py:925} INFO - DAG(s) 'orders_kafka_to_s3' retrieved from /opt/airflow/dags/main.py
[2026-05-02T08:52:54.586+0000] {logging_mixin.py:190} INFO - [2026-05-02T08:52:54.586+0000] {dag.py:3239} INFO - Sync 1 DAGs
[2026-05-02T08:52:54.611+0000] {logging_mixin.py:190} INFO - [2026-05-02T08:52:54.611+0000] {dag.py:4180} INFO - Setting next_dagrun for orders_kafka_to_s3 to 2026-05-02 00:00:00+00:00, run_after=2026-05-03 00:00:00+00:00
[2026-05-02T08:52:54.634+0000] {processor.py:208} INFO - Processing /opt/airflow/dags/main.py took 0.296 seconds
[2026-05-02T08:53:24.935+0000] {processor.py:186} INFO - Started process (PID=116) to work on /opt/airflow/dags/main.py
[2026-05-02T08:53:24.937+0000] {processor.py:914} INFO - Processing file /opt/airflow/dags/main.py for tasks to queue
[2026-05-02T08:53:24.940+0000] {logging_mixin.py:190} INFO - [2026-05-02T08:53:24.940+0000] {dagbag.py:588} INFO - Filling up the DagBag from /opt/airflow/dags/main.py
[2026-05-02T08:53:25.077+0000] {processor.py:925} INFO - DAG(s) 'orders_kafka_to_s3' retrieved from /opt/airflow/dags/main.py
[2026-05-02T08:53:25.109+0000] {logging_mixin.py:190} INFO - [2026-05-02T08:53:25.108+0000] {dag.py:3239} INFO - Sync 1 DAGs
[2026-05-02T08:53:25.138+0000] {logging_mixin.py:190} INFO - [2026-05-02T08:53:25.138+0000] {dag.py:4180} INFO - Setting next_dagrun for orders_kafka_to_s3 to 2026-05-02 00:00:00+00:00, run_after=2026-05-03 00:00:00+00:00
[2026-05-02T08:53:25.166+0000] {processor.py:208} INFO - Processing /opt/airflow/dags/main.py took 0.239 seconds
[2026-05-02T08:53:55.598+0000] {processor.py:186} INFO - Started process (PID=122) to work on /opt/airflow/dags/main.py
[2026-05-02T08:53:55.601+0000] {processor.py:914} INFO - Processing file /opt/airflow/dags/main.py for tasks to queue
[2026-05-02T08:53:55.608+0000] {logging_mixin.py:190} INFO - [2026-05-02T08:53:55.608+0000] {dagbag.py:588} INFO - Filling up the DagBag from /opt/airflow/dags/main.py
[2026-05-02T08:53:55.840+0000] {processor.py:925} INFO - DAG(s) 'orders_kafka_to_s3' retrieved from /opt/airflow/dags/main.py
[2026-05-02T08:53:55.882+0000] {logging_mixin.py:190} INFO - [2026-05-02T08:53:55.882+0000] {dag.py:3239} INFO - Sync 1 DAGs
[2026-05-02T08:53:55.922+0000] {logging_mixin.py:190} INFO - [2026-05-02T08:53:55.922+0000] {dag.py:4180} INFO - Setting next_dagrun for orders_kafka_to_s3 to 2026-05-02 00:00:00+00:00, run_after=2026-05-03 00:00:00+00:00
[2026-05-02T08:53:56.601+0000] {processor.py:208} INFO - Processing /opt/airflow/dags/main.py took 1.015 seconds
[2026-05-02T08:54:27.095+0000] {processor.py:186} INFO - Started process (PID=129) to work on /opt/airflow/dags/main.py
[2026-05-02T08:54:27.097+0000] {processor.py:914} INFO - Processing file /opt/airflow/dags/main.py for tasks to queue
[2026-05-02T08:54:27.103+0000] {logging_mixin.py:190} INFO - [2026-05-02T08:54:27.102+0000] {dagbag.py:588} INFO - Filling up the DagBag from /opt/airflow/dags/main.py
[2026-05-02T08:54:27.300+0000] {processor.py:925} INFO - DAG(s) 'orders_kafka_to_s3' retrieved from /opt/airflow/dags/main.py
[2026-05-02T08:54:27.327+0000] {logging_mixin.py:190} INFO - [2026-05-02T08:54:27.326+0000] {dag.py:3239} INFO - Sync 1 DAGs
[2026-05-02T08:54:27.548+0000] {logging_mixin.py:190} INFO - [2026-05-02T08:54:27.547+0000] {dag.py:4180} INFO - Setting next_dagrun for orders_kafka_to_s3 to 2026-05-02 00:00:00+00:00, run_after=2026-05-03 00:00:00+00:00
[2026-05-02T08:54:27.589+0000] {processor.py:208} INFO - Processing /opt/airflow/dags/main.py took 0.502 seconds
[2026-05-02T08:54:58.141+0000] {processor.py:186} INFO - Started process (PID=136) to work on /opt/airflow/dags/main.py
[2026-05-02T08:54:58.144+0000] {processor.py:914} INFO - Processing file /opt/airflow/dags/main.py for tasks to queue
[2026-05-02T08:54:58.149+0000] {logging_mixin.py:190} INFO - [2026-05-02T08:54:58.149+0000] {dagbag.py:588} INFO - Filling up the DagBag from /opt/airflow/dags/main.py
[2026-05-02T08:54:58.307+0000] {processor.py:925} INFO - DAG(s) 'orders_kafka_to_s3' retrieved from /opt/airflow/dags/main.py
[2026-05-02T08:54:58.340+0000] {logging_mixin.py:190} INFO - [2026-05-02T08:54:58.340+0000] {dag.py:3239} INFO - Sync 1 DAGs
[2026-05-02T08:54:58.570+0000] {logging_mixin.py:190} INFO - [2026-05-02T08:54:58.569+0000] {dag.py:4180} INFO - Setting next_dagrun for orders_kafka_to_s3 to 2026-05-02 00:00:00+00:00, run_after=2026-05-03 00:00:00+00:00
[2026-05-02T08:54:58.593+0000] {processor.py:208} INFO - Processing /opt/airflow/dags/main.py took 0.463 seconds
[2026-05-02T08:55:29.130+0000] {processor.py:186} INFO - Started process (PID=143) to work on /opt/airflow/dags/main.py
[2026-05-02T08:55:29.132+0000] {processor.py:914} INFO - Processing file /opt/airflow/dags/main.py for tasks to queue
[2026-05-02T08:55:29.135+0000] {logging_mixin.py:190} INFO - [2026-05-02T08:55:29.135+0000] {dagbag.py:588} INFO - Filling up the DagBag from /opt/airflow/dags/main.py
[2026-05-02T08:55:29.280+0000] {processor.py:925} INFO - DAG(s) 'orders_kafka_to_s3' retrieved from /opt/airflow/dags/main.py
[2026-05-02T08:55:29.492+0000] {logging_mixin.py:190} INFO - [2026-05-02T08:55:29.491+0000] {dag.py:3239} INFO - Sync 1 DAGs
[2026-05-02T08:55:29.535+0000] {logging_mixin.py:190} INFO - [2026-05-02T08:55:29.534+0000] {dag.py:4180} INFO - Setting next_dagrun for orders_kafka_to_s3 to 2026-05-02 00:00:00+00:00, run_after=2026-05-03 00:00:00+00:00
[2026-05-02T08:55:29.578+0000] {processor.py:208} INFO - Processing /opt/airflow/dags/main.py took 0.457 seconds
[2026-05-02T08:55:59.700+0000] {processor.py:186} INFO - Started process (PID=150) to work on /opt/airflow/dags/main.py
[2026-05-02T08:55:59.702+0000] {processor.py:914} INFO - Processing file /opt/airflow/dags/main.py for tasks to queue
[2026-05-02T08:55:59.706+0000] {logging_mixin.py:190} INFO - [2026-05-02T08:55:59.706+0000] {dagbag.py:588} INFO - Filling up the DagBag from /opt/airflow/dags/main.py
[2026-05-02T08:56:00.062+0000] {processor.py:925} INFO - DAG(s) 'orders_kafka_to_s3' retrieved from /opt/airflow/dags/main.py
[2026-05-02T08:56:00.112+0000] {logging_mixin.py:190} INFO - [2026-05-02T08:56:00.112+0000] {dag.py:3239} INFO - Sync 1 DAGs
[2026-05-02T08:56:00.154+0000] {logging_mixin.py:190} INFO - [2026-05-02T08:56:00.154+0000] {dag.py:4180} INFO - Setting next_dagrun for orders_kafka_to_s3 to 2026-05-02 00:00:00+00:00, run_after=2026-05-03 00:00:00+00:00
[2026-05-02T08:56:00.192+0000] {processor.py:208} INFO - Processing /opt/airflow/dags/main.py took 0.503 seconds
[2026-05-02T08:56:30.667+0000] {processor.py:186} INFO - Started process (PID=157) to work on /opt/airflow/dags/main.py
[2026-05-02T08:56:30.668+0000] {processor.py:914} INFO - Processing file /opt/airflow/dags/main.py for tasks to queue
[2026-05-02T08:56:30.672+0000] {logging_mixin.py:190} INFO - [2026-05-02T08:56:30.671+0000] {dagbag.py:588} INFO - Filling up the DagBag from /opt/airflow/dags/main.py
[2026-05-02T08:56:31.033+0000] {processor.py:925} INFO - DAG(s) 'orders_kafka_to_s3' retrieved from /opt/airflow/dags/main.py
[2026-05-02T08:56:31.063+0000] {logging_mixin.py:190} INFO - [2026-05-02T08:56:31.063+0000] {dag.py:3239} INFO - Sync 1 DAGs
[2026-05-02T08:56:31.088+0000] {logging_mixin.py:190} INFO - [2026-05-02T08:56:31.088+0000] {dag.py:4180} INFO - Setting next_dagrun for orders_kafka_to_s3 to 2026-05-02 00:00:00+00:00, run_after=2026-05-03 00:00:00+00:00
[2026-05-02T08:56:31.120+0000] {processor.py:208} INFO - Processing /opt/airflow/dags/main.py took 0.462 seconds
[2026-05-02T08:57:01.545+0000] {processor.py:186} INFO - Started process (PID=165) to work on /opt/airflow/dags/main.py
[2026-05-02T08:57:01.547+0000] {processor.py:914} INFO - Processing file /opt/airflow/dags/main.py for tasks to queue
[2026-05-02T08:57:01.553+0000] {logging_mixin.py:190} INFO - [2026-05-02T08:57:01.553+0000] {dagbag.py:588} INFO - Filling up the DagBag from /opt/airflow/dags/main.py
[2026-05-02T08:57:01.745+0000] {processor.py:925} INFO - DAG(s) 'orders_kafka_to_s3' retrieved from /opt/airflow/dags/main.py
[2026-05-02T08:57:01.775+0000] {logging_mixin.py:190} INFO - [2026-05-02T08:57:01.775+0000] {dag.py:3239} INFO - Sync 1 DAGs
[2026-05-02T08:57:01.805+0000] {logging_mixin.py:190} INFO - [2026-05-02T08:57:01.805+0000] {dag.py:4180} INFO - Setting next_dagrun for orders_kafka_to_s3 to 2026-05-02 00:00:00+00:00, run_after=2026-05-03 00:00:00+00:00
[2026-05-02T08:57:02.000+0000] {processor.py:208} INFO - Processing /opt/airflow/dags/main.py took 0.465 seconds
[2026-05-02T08:57:32.506+0000] {processor.py:186} INFO - Started process (PID=172) to work on /opt/airflow/dags/main.py
[2026-05-02T08:57:32.507+0000] {processor.py:914} INFO - Processing file /opt/airflow/dags/main.py for tasks to queue
[2026-05-02T08:57:32.510+0000] {logging_mixin.py:190} INFO - [2026-05-02T08:57:32.510+0000] {dagbag.py:588} INFO - Filling up the DagBag from /opt/airflow/dags/main.py
[2026-05-02T08:57:32.647+0000] {processor.py:925} INFO - DAG(s) 'orders_kafka_to_s3' retrieved from /opt/airflow/dags/main.py
[2026-05-02T08:57:32.680+0000] {logging_mixin.py:190} INFO - [2026-05-02T08:57:32.680+0000] {dag.py:3239} INFO - Sync 1 DAGs
[2026-05-02T08:57:32.912+0000] {logging_mixin.py:190} INFO - [2026-05-02T08:57:32.912+0000] {dag.py:4180} INFO - Setting next_dagrun for orders_kafka_to_s3 to 2026-05-02 00:00:00+00:00, run_after=2026-05-03 00:00:00+00:00
[2026-05-02T08:57:32.941+0000] {processor.py:208} INFO - Processing /opt/airflow/dags/main.py took 0.443 seconds
[2026-05-02T08:58:03.165+0000] {processor.py:186} INFO - Started process (PID=179) to work on /opt/airflow/dags/main.py
[2026-05-02T08:58:03.167+0000] {processor.py:914} INFO - Processing file /opt/airflow/dags/main.py for tasks to queue
[2026-05-02T08:58:03.173+0000] {logging_mixin.py:190} INFO - [2026-05-02T08:58:03.173+0000] {dagbag.py:588} INFO - Filling up the DagBag from /opt/airflow/dags/main.py
[2026-05-02T08:58:03.410+0000] {processor.py:925} INFO - DAG(s) 'orders_kafka_to_s3' retrieved from /opt/airflow/dags/main.py
[2026-05-02T08:58:03.449+0000] {logging_mixin.py:190} INFO - [2026-05-02T08:58:03.449+0000] {dag.py:3239} INFO - Sync 1 DAGs
[2026-05-02T08:58:03.704+0000] {logging_mixin.py:190} INFO - [2026-05-02T08:58:03.704+0000] {dag.py:4180} INFO - Setting next_dagrun for orders_kafka_to_s3 to 2026-05-02 00:00:00+00:00, run_after=2026-05-03 00:00:00+00:00
[2026-05-02T08:58:03.745+0000] {processor.py:208} INFO - Processing /opt/airflow/dags/main.py took 0.598 seconds
[2026-05-02T08:58:34.050+0000] {processor.py:186} INFO - Started process (PID=186) to work on /opt/airflow/dags/main.py
[2026-05-02T08:58:34.052+0000] {processor.py:914} INFO - Processing file /opt/airflow/dags/main.py for tasks to queue
[2026-05-02T08:58:34.057+0000] {logging_mixin.py:190} INFO - [2026-05-02T08:58:34.057+0000] {dagbag.py:588} INFO - Filling up the DagBag from /opt/airflow/dags/main.py
[2026-05-02T08:58:34.297+0000] {processor.py:925} INFO - DAG(s) 'orders_kafka_to_s3' retrieved from /opt/airflow/dags/main.py
[2026-05-02T08:58:34.548+0000] {logging_mixin.py:190} INFO - [2026-05-02T08:58:34.548+0000] {dag.py:3239} INFO - Sync 1 DAGs
[2026-05-02T08:58:34.590+0000] {logging_mixin.py:190} INFO - [2026-05-02T08:58:34.589+0000] {dag.py:4180} INFO - Setting next_dagrun for orders_kafka_to_s3 to 2026-05-02 00:00:00+00:00, run_after=2026-05-03 00:00:00+00:00
[2026-05-02T08:58:34.626+0000] {processor.py:208} INFO - Processing /opt/airflow/dags/main.py took 0.588 seconds
[2026-05-02T08:59:04.761+0000] {processor.py:186} INFO - Started process (PID=193) to work on /opt/airflow/dags/main.py
[2026-05-02T08:59:04.763+0000] {processor.py:914} INFO - Processing file /opt/airflow/dags/main.py for tasks to queue
[2026-05-02T08:59:04.770+0000] {logging_mixin.py:190} INFO - [2026-05-02T08:59:04.769+0000] {dagbag.py:588} INFO - Filling up the DagBag from /opt/airflow/dags/main.py
[2026-05-02T08:59:05.131+0000] {processor.py:925} INFO - DAG(s) 'orders_kafka_to_s3' retrieved from /opt/airflow/dags/main.py
[2026-05-02T08:59:05.159+0000] {logging_mixin.py:190} INFO - [2026-05-02T08:59:05.159+0000] {dag.py:3239} INFO - Sync 1 DAGs
[2026-05-02T08:59:05.186+0000] {logging_mixin.py:190} INFO - [2026-05-02T08:59:05.186+0000] {dag.py:4180} INFO - Setting next_dagrun for orders_kafka_to_s3 to 2026-05-02 00:00:00+00:00, run_after=2026-05-03 00:00:00+00:00
[2026-05-02T08:59:05.213+0000] {processor.py:208} INFO - Processing /opt/airflow/dags/main.py took 0.466 seconds
[2026-05-02T08:59:35.457+0000] {processor.py:186} INFO - Started process (PID=201) to work on /opt/airflow/dags/main.py
[2026-05-02T08:59:35.459+0000] {processor.py:914} INFO - Processing file /opt/airflow/dags/main.py for tasks to queue
[2026-05-02T08:59:35.462+0000] {logging_mixin.py:190} INFO - [2026-05-02T08:59:35.462+0000] {dagbag.py:588} INFO - Filling up the DagBag from /opt/airflow/dags/main.py
[2026-05-02T08:59:35.844+0000] {processor.py:925} INFO - DAG(s) 'orders_kafka_to_s3' retrieved from /opt/airflow/dags/main.py
[2026-05-02T08:59:35.882+0000] {logging_mixin.py:190} INFO - [2026-05-02T08:59:35.882+0000] {dag.py:3239} INFO - Sync 1 DAGs
[2026-05-02T08:59:35.914+0000] {logging_mixin.py:190} INFO - [2026-05-02T08:59:35.913+0000] {dag.py:4180} INFO - Setting next_dagrun for orders_kafka_to_s3 to 2026-05-02 00:00:00+00:00, run_after=2026-05-03 00:00:00+00:00
[2026-05-02T08:59:35.943+0000] {processor.py:208} INFO - Processing /opt/airflow/dags/main.py took 0.495 seconds
[2026-05-02T09:00:06.222+0000] {processor.py:186} INFO - Started process (PID=208) to work on /opt/airflow/dags/main.py
[2026-05-02T09:00:06.224+0000] {processor.py:914} INFO - Processing file /opt/airflow/dags/main.py for tasks to queue
[2026-05-02T09:00:06.229+0000] {logging_mixin.py:190} INFO - [2026-05-02T09:00:06.228+0000] {dagbag.py:588} INFO - Filling up the DagBag from /opt/airflow/dags/main.py
[2026-05-02T09:00:06.369+0000] {processor.py:925} INFO - DAG(s) 'orders_kafka_to_s3' retrieved from /opt/airflow/dags/main.py
[2026-05-02T09:00:06.399+0000] {logging_mixin.py:190} INFO - [2026-05-02T09:00:06.399+0000] {dag.py:3239} INFO - Sync 1 DAGs
[2026-05-02T09:00:06.431+0000] {logging_mixin.py:190} INFO - [2026-05-02T09:00:06.431+0000] {dag.py:4180} INFO - Setting next_dagrun for orders_kafka_to_s3 to 2026-05-02 00:00:00+00:00, run_after=2026-05-03 00:00:00+00:00
[2026-05-02T09:00:06.675+0000] {processor.py:208} INFO - Processing /opt/airflow/dags/main.py took 0.465 seconds
[2026-05-02T09:00:36.782+0000] {processor.py:186} INFO - Started process (PID=215) to work on /opt/airflow/dags/main.py
[2026-05-02T09:00:36.784+0000] {processor.py:914} INFO - Processing file /opt/airflow/dags/main.py for tasks to queue
[2026-05-02T09:00:36.789+0000] {logging_mixin.py:190} INFO - [2026-05-02T09:00:36.789+0000] {dagbag.py:588} INFO - Filling up the DagBag from /opt/airflow/dags/main.py
[2026-05-02T09:00:36.964+0000] {processor.py:925} INFO - DAG(s) 'orders_kafka_to_s3' retrieved from /opt/airflow/dags/main.py
[2026-05-02T09:00:36.992+0000] {logging_mixin.py:190} INFO - [2026-05-02T09:00:36.992+0000] {dag.py:3239} INFO - Sync 1 DAGs
[2026-05-02T09:00:37.199+0000] {logging_mixin.py:190} INFO - [2026-05-02T09:00:37.199+0000] {dag.py:4180} INFO - Setting next_dagrun for orders_kafka_to_s3 to 2026-05-02 00:00:00+00:00, run_after=2026-05-03 00:00:00+00:00
[2026-05-02T09:00:37.233+0000] {processor.py:208} INFO - Processing /opt/airflow/dags/main.py took 0.467 seconds
[2026-05-02T09:01:07.488+0000] {processor.py:186} INFO - Started process (PID=222) to work on /opt/airflow/dags/main.py
[2026-05-02T09:01:07.489+0000] {processor.py:914} INFO - Processing file /opt/airflow/dags/main.py for tasks to queue
[2026-05-02T09:01:07.492+0000] {logging_mixin.py:190} INFO - [2026-05-02T09:01:07.492+0000] {dagbag.py:588} INFO - Filling up the DagBag from /opt/airflow/dags/main.py
[2026-05-02T09:01:07.636+0000] {processor.py:925} INFO - DAG(s) 'orders_kafka_to_s3' retrieved from /opt/airflow/dags/main.py
[2026-05-02T09:01:07.672+0000] {logging_mixin.py:190} INFO - [2026-05-02T09:01:07.671+0000] {dag.py:3239} INFO - Sync 1 DAGs
[2026-05-02T09:01:07.872+0000] {logging_mixin.py:190} INFO - [2026-05-02T09:01:07.871+0000] {dag.py:4180} INFO - Setting next_dagrun for orders_kafka_to_s3 to 2026-05-02 00:00:00+00:00, run_after=2026-05-03 00:00:00+00:00
[2026-05-02T09:01:07.902+0000] {processor.py:208} INFO - Processing /opt/airflow/dags/main.py took 0.422 seconds
[2026-05-02T09:01:38.141+0000] {processor.py:186} INFO - Started process (PID=230) to work on /opt/airflow/dags/main.py
[2026-05-02T09:01:38.143+0000] {processor.py:914} INFO - Processing file /opt/airflow/dags/main.py for tasks to queue
[2026-05-02T09:01:38.147+0000] {logging_mixin.py:190} INFO - [2026-05-02T09:01:38.147+0000] {dagbag.py:588} INFO - Filling up the DagBag from /opt/airflow/dags/main.py
[2026-05-02T09:01:38.409+0000] {processor.py:925} INFO - DAG(s) 'orders_kafka_to_s3' retrieved from /opt/airflow/dags/main.py
[2026-05-02T09:01:38.664+0000] {logging_mixin.py:190} INFO - [2026-05-02T09:01:38.664+0000] {dag.py:3239} INFO - Sync 1 DAGs
[2026-05-02T09:01:38.696+0000] {logging_mixin.py:190} INFO - [2026-05-02T09:01:38.695+0000] {dag.py:4180} INFO - Setting next_dagrun for orders_kafka_to_s3 to 2026-05-02 00:00:00+00:00, run_after=2026-05-03 00:00:00+00:00
[2026-05-02T09:01:38.723+0000] {processor.py:208} INFO - Processing /opt/airflow/dags/main.py took 0.598 seconds
[2026-05-02T09:02:09.463+0000] {processor.py:186} INFO - Started process (PID=237) to work on /opt/airflow/dags/main.py
[2026-05-02T09:02:09.465+0000] {processor.py:914} INFO - Processing file /opt/airflow/dags/main.py for tasks to queue
[2026-05-02T09:02:09.469+0000] {logging_mixin.py:190} INFO - [2026-05-02T09:02:09.469+0000] {dagbag.py:588} INFO - Filling up the DagBag from /opt/airflow/dags/main.py
[2026-05-02T09:02:09.843+0000] {processor.py:925} INFO - DAG(s) 'orders_kafka_to_s3' retrieved from /opt/airflow/dags/main.py
[2026-05-02T09:02:09.875+0000] {logging_mixin.py:190} INFO - [2026-05-02T09:02:09.875+0000] {dag.py:3239} INFO - Sync 1 DAGs
[2026-05-02T09:02:09.908+0000] {logging_mixin.py:190} INFO - [2026-05-02T09:02:09.908+0000] {dag.py:4180} INFO - Setting next_dagrun for orders_kafka_to_s3 to 2026-05-02 00:00:00+00:00, run_after=2026-05-03 00:00:00+00:00
[2026-05-02T09:02:09.950+0000] {processor.py:208} INFO - Processing /opt/airflow/dags/main.py took 0.497 seconds
[2026-05-02T09:02:40.270+0000] {processor.py:186} INFO - Started process (PID=243) to work on /opt/airflow/dags/main.py
[2026-05-02T09:02:40.274+0000] {processor.py:914} INFO - Processing file /opt/airflow/dags/main.py for tasks to queue
[2026-05-02T09:02:40.284+0000] {logging_mixin.py:190} INFO - [2026-05-02T09:02:40.283+0000] {dagbag.py:588} INFO - Filling up the DagBag from /opt/airflow/dags/main.py
[2026-05-02T09:02:40.718+0000] {processor.py:925} INFO - DAG(s) 'orders_kafka_to_s3' retrieved from /opt/airflow/dags/main.py
[2026-05-02T09:02:40.752+0000] {logging_mixin.py:190} INFO - [2026-05-02T09:02:40.751+0000] {dag.py:3239} INFO - Sync 1 DAGs
[2026-05-02T09:02:40.781+0000] {logging_mixin.py:190} INFO - [2026-05-02T09:02:40.780+0000] {dag.py:4180} INFO - Setting next_dagrun for orders_kafka_to_s3 to 2026-05-02 00:00:00+00:00, run_after=2026-05-03 00:00:00+00:00
[2026-05-02T09:02:40.823+0000] {processor.py:208} INFO - Processing /opt/airflow/dags/main.py took 0.581 seconds
[2026-05-02T09:03:10.946+0000] {processor.py:186} INFO - Started process (PID=250) to work on /opt/airflow/dags/main.py
[2026-05-02T09:03:10.948+0000] {processor.py:914} INFO - Processing file /opt/airflow/dags/main.py for tasks to queue
[2026-05-02T09:03:10.952+0000] {logging_mixin.py:190} INFO - [2026-05-02T09:03:10.952+0000] {dagbag.py:588} INFO - Filling up the DagBag from /opt/airflow/dags/main.py
[2026-05-02T09:03:11.133+0000] {processor.py:925} INFO - DAG(s) 'orders_kafka_to_s3' retrieved from /opt/airflow/dags/main.py
[2026-05-02T09:03:11.166+0000] {logging_mixin.py:190} INFO - [2026-05-02T09:03:11.166+0000] {dag.py:3239} INFO - Sync 1 DAGs
[2026-05-02T09:03:11.392+0000] {logging_mixin.py:190} INFO - [2026-05-02T09:03:11.392+0000] {dag.py:4180} INFO - Setting next_dagrun for orders_kafka_to_s3 to 2026-05-02 00:00:00+00:00, run_after=2026-05-03 00:00:00+00:00
[2026-05-02T09:03:11.420+0000] {processor.py:208} INFO - Processing /opt/airflow/dags/main.py took 0.484 seconds
[2026-05-02T09:03:42.039+0000] {processor.py:186} INFO - Started process (PID=256) to work on /opt/airflow/dags/main.py
[2026-05-02T09:03:42.040+0000] {processor.py:914} INFO - Processing file /opt/airflow/dags/main.py for tasks to queue
[2026-05-02T09:03:42.043+0000] {logging_mixin.py:190} INFO - [2026-05-02T09:03:42.042+0000] {dagbag.py:588} INFO - Filling up the DagBag from /opt/airflow/dags/main.py
[2026-05-02T09:03:42.178+0000] {processor.py:925} INFO - DAG(s) 'orders_kafka_to_s3' retrieved from /opt/airflow/dags/main.py
[2026-05-02T09:03:42.219+0000] {logging_mixin.py:190} INFO - [2026-05-02T09:03:42.218+0000] {dag.py:3239} INFO - Sync 1 DAGs
[2026-05-02T09:03:43.061+0000] {logging_mixin.py:190} INFO - [2026-05-02T09:03:43.060+0000] {dag.py:4180} INFO - Setting next_dagrun for orders_kafka_to_s3 to 2026-05-02 00:00:00+00:00, run_after=2026-05-03 00:00:00+00:00
[2026-05-02T09:03:43.122+0000] {processor.py:208} INFO - Processing /opt/airflow/dags/main.py took 1.090 seconds
[2026-05-02T09:04:13.619+0000] {processor.py:186} INFO - Started process (PID=263) to work on /opt/airflow/dags/main.py
[2026-05-02T09:04:13.623+0000] {processor.py:914} INFO - Processing file /opt/airflow/dags/main.py for tasks to queue
[2026-05-02T09:04:13.633+0000] {logging_mixin.py:190} INFO - [2026-05-02T09:04:13.632+0000] {dagbag.py:588} INFO - Filling up the DagBag from /opt/airflow/dags/main.py
[2026-05-02T09:04:13.932+0000] {processor.py:925} INFO - DAG(s) 'orders_kafka_to_s3' retrieved from /opt/airflow/dags/main.py
[2026-05-02T09:04:13.973+0000] {logging_mixin.py:190} INFO - [2026-05-02T09:04:13.973+0000] {dag.py:3239} INFO - Sync 1 DAGs
[2026-05-02T09:04:14.257+0000] {logging_mixin.py:190} INFO - [2026-05-02T09:04:14.257+0000] {dag.py:4180} INFO - Setting next_dagrun for orders_kafka_to_s3 to 2026-05-02 00:00:00+00:00, run_after=2026-05-03 00:00:00+00:00
[2026-05-02T09:04:14.286+0000] {processor.py:208} INFO - Processing /opt/airflow/dags/main.py took 0.701 seconds
[2026-05-02T09:04:44.910+0000] {processor.py:186} INFO - Started process (PID=271) to work on /opt/airflow/dags/main.py
[2026-05-02T09:04:44.911+0000] {processor.py:914} INFO - Processing file /opt/airflow/dags/main.py for tasks to queue
[2026-05-02T09:04:44.915+0000] {logging_mixin.py:190} INFO - [2026-05-02T09:04:44.914+0000] {dagbag.py:588} INFO - Filling up the DagBag from /opt/airflow/dags/main.py
[2026-05-02T09:04:45.120+0000] {processor.py:925} INFO - DAG(s) 'orders_kafka_to_s3' retrieved from /opt/airflow/dags/main.py
[2026-05-02T09:04:45.361+0000] {logging_mixin.py:190} INFO - [2026-05-02T09:04:45.360+0000] {dag.py:3239} INFO - Sync 1 DAGs
[2026-05-02T09:04:45.398+0000] {logging_mixin.py:190} INFO - [2026-05-02T09:04:45.398+0000] {dag.py:4180} INFO - Setting next_dagrun for orders_kafka_to_s3 to 2026-05-02 00:00:00+00:00, run_after=2026-05-03 00:00:00+00:00
[2026-05-02T09:04:45.429+0000] {processor.py:208} INFO - Processing /opt/airflow/dags/main.py took 0.529 seconds
[2026-05-02T09:05:15.687+0000] {processor.py:186} INFO - Started process (PID=283) to work on /opt/airflow/dags/main.py
[2026-05-02T09:05:15.689+0000] {processor.py:914} INFO - Processing file /opt/airflow/dags/main.py for tasks to queue
[2026-05-02T09:05:15.695+0000] {logging_mixin.py:190} INFO - [2026-05-02T09:05:15.695+0000] {dagbag.py:588} INFO - Filling up the DagBag from /opt/airflow/dags/main.py
[2026-05-02T09:05:16.233+0000] {processor.py:925} INFO - DAG(s) 'orders_kafka_to_s3' retrieved from /opt/airflow/dags/main.py
[2026-05-02T09:05:16.277+0000] {logging_mixin.py:190} INFO - [2026-05-02T09:05:16.277+0000] {dag.py:3239} INFO - Sync 1 DAGs
[2026-05-02T09:05:16.313+0000] {logging_mixin.py:190} INFO - [2026-05-02T09:05:16.313+0000] {dag.py:4180} INFO - Setting next_dagrun for orders_kafka_to_s3 to 2026-05-02 00:00:00+00:00, run_after=2026-05-03 00:00:00+00:00
[2026-05-02T09:05:16.347+0000] {processor.py:208} INFO - Processing /opt/airflow/dags/main.py took 0.670 seconds
[2026-05-02T09:05:46.461+0000] {processor.py:186} INFO - Started process (PID=290) to work on /opt/airflow/dags/main.py
[2026-05-02T09:05:46.463+0000] {processor.py:914} INFO - Processing file /opt/airflow/dags/main.py for tasks to queue
[2026-05-02T09:05:46.468+0000] {logging_mixin.py:190} INFO - [2026-05-02T09:05:46.467+0000] {dagbag.py:588} INFO - Filling up the DagBag from /opt/airflow/dags/main.py
[2026-05-02T09:05:46.862+0000] {processor.py:925} INFO - DAG(s) 'orders_kafka_to_s3' retrieved from /opt/airflow/dags/main.py
[2026-05-02T09:05:46.890+0000] {logging_mixin.py:190} INFO - [2026-05-02T09:05:46.890+0000] {dag.py:3239} INFO - Sync 1 DAGs
[2026-05-02T09:05:46.917+0000] {logging_mixin.py:190} INFO - [2026-05-02T09:05:46.917+0000] {dag.py:4180} INFO - Setting next_dagrun for orders_kafka_to_s3 to 2026-05-02 00:00:00+00:00, run_after=2026-05-03 00:00:00+00:00
[2026-05-02T09:05:46.950+0000] {processor.py:208} INFO - Processing /opt/airflow/dags/main.py took 0.499 seconds
[2026-05-02T09:06:17.466+0000] {processor.py:186} INFO - Started process (PID=296) to work on /opt/airflow/dags/main.py
[2026-05-02T09:06:17.468+0000] {processor.py:914} INFO - Processing file /opt/airflow/dags/main.py for tasks to queue
[2026-05-02T09:06:17.474+0000] {logging_mixin.py:190} INFO - [2026-05-02T09:06:17.473+0000] {dagbag.py:588} INFO - Filling up the DagBag from /opt/airflow/dags/main.py
[2026-05-02T09:06:17.649+0000] {processor.py:925} INFO - DAG(s) 'orders_kafka_to_s3' retrieved from /opt/airflow/dags/main.py
[2026-05-02T09:06:17.698+0000] {logging_mixin.py:190} INFO - [2026-05-02T09:06:17.697+0000] {dag.py:3239} INFO - Sync 1 DAGs
[2026-05-02T09:06:17.927+0000] {logging_mixin.py:190} INFO - [2026-05-02T09:06:17.927+0000] {dag.py:4180} INFO - Setting next_dagrun for orders_kafka_to_s3 to 2026-05-02 00:00:00+00:00, run_after=2026-05-03 00:00:00+00:00
[2026-05-02T09:06:17.959+0000] {processor.py:208} INFO - Processing /opt/airflow/dags/main.py took 0.509 seconds
[2026-05-02T09:06:48.133+0000] {processor.py:186} INFO - Started process (PID=304) to work on /opt/airflow/dags/main.py
[2026-05-02T09:06:48.135+0000] {processor.py:914} INFO - Processing file /opt/airflow/dags/main.py for tasks to queue
[2026-05-02T09:06:48.140+0000] {logging_mixin.py:190} INFO - [2026-05-02T09:06:48.139+0000] {dagbag.py:588} INFO - Filling up the DagBag from /opt/airflow/dags/main.py
[2026-05-02T09:06:48.320+0000] {processor.py:925} INFO - DAG(s) 'orders_kafka_to_s3' retrieved from /opt/airflow/dags/main.py
[2026-05-02T09:06:48.352+0000] {logging_mixin.py:190} INFO - [2026-05-02T09:06:48.352+0000] {dag.py:3239} INFO - Sync 1 DAGs
[2026-05-02T09:06:48.600+0000] {logging_mixin.py:190} INFO - [2026-05-02T09:06:48.599+0000] {dag.py:4180} INFO - Setting next_dagrun for orders_kafka_to_s3 to 2026-05-02 00:00:00+00:00, run_after=2026-05-03 00:00:00+00:00
[2026-05-02T09:06:48.628+0000] {processor.py:208} INFO - Processing /opt/airflow/dags/main.py took 0.507 seconds
[2026-05-02T09:07:19.071+0000] {processor.py:186} INFO - Started process (PID=311) to work on /opt/airflow/dags/main.py
[2026-05-02T09:07:19.072+0000] {processor.py:914} INFO - Processing file /opt/airflow/dags/main.py for tasks to queue
[2026-05-02T09:07:19.076+0000] {logging_mixin.py:190} INFO - [2026-05-02T09:07:19.075+0000] {dagbag.py:588} INFO - Filling up the DagBag from /opt/airflow/dags/main.py
[2026-05-02T09:07:19.221+0000] {processor.py:925} INFO - DAG(s) 'orders_kafka_to_s3' retrieved from /opt/airflow/dags/main.py
[2026-05-02T09:07:19.638+0000] {logging_mixin.py:190} INFO - [2026-05-02T09:07:19.637+0000] {dag.py:3239} INFO - Sync 1 DAGs
[2026-05-02T09:07:19.672+0000] {logging_mixin.py:190} INFO - [2026-05-02T09:07:19.672+0000] {dag.py:4180} INFO - Setting next_dagrun for orders_kafka_to_s3 to 2026-05-02 00:00:00+00:00, run_after=2026-05-03 00:00:00+00:00
[2026-05-02T09:07:19.706+0000] {processor.py:208} INFO - Processing /opt/airflow/dags/main.py took 0.643 seconds
[2026-05-02T09:07:50.392+0000] {processor.py:186} INFO - Started process (PID=319) to work on /opt/airflow/dags/main.py
[2026-05-02T09:07:50.395+0000] {processor.py:914} INFO - Processing file /opt/airflow/dags/main.py for tasks to queue
[2026-05-02T09:07:50.401+0000] {logging_mixin.py:190} INFO - [2026-05-02T09:07:50.400+0000] {dagbag.py:588} INFO - Filling up the DagBag from /opt/airflow/dags/main.py
[2026-05-02T09:07:50.691+0000] {processor.py:925} INFO - DAG(s) 'orders_kafka_to_s3' retrieved from /opt/airflow/dags/main.py
[2026-05-02T09:07:51.036+0000] {logging_mixin.py:190} INFO - [2026-05-02T09:07:51.036+0000] {dag.py:3239} INFO - Sync 1 DAGs
[2026-05-02T09:07:51.071+0000] {logging_mixin.py:190} INFO - [2026-05-02T09:07:51.070+0000] {dag.py:4180} INFO - Setting next_dagrun for orders_kafka_to_s3 to 2026-05-02 00:00:00+00:00, run_after=2026-05-03 00:00:00+00:00
[2026-05-02T09:07:51.101+0000] {processor.py:208} INFO - Processing /opt/airflow/dags/main.py took 0.737 seconds
[2026-05-02T09:08:21.221+0000] {processor.py:186} INFO - Started process (PID=326) to work on /opt/airflow/dags/main.py
[2026-05-02T09:08:21.223+0000] {processor.py:914} INFO - Processing file /opt/airflow/dags/main.py for tasks to queue
[2026-05-02T09:08:21.228+0000] {logging_mixin.py:190} INFO - [2026-05-02T09:08:21.227+0000] {dagbag.py:588} INFO - Filling up the DagBag from /opt/airflow/dags/main.py
[2026-05-02T09:08:21.704+0000] {processor.py:925} INFO - DAG(s) 'orders_kafka_to_s3' retrieved from /opt/airflow/dags/main.py
[2026-05-02T09:08:21.737+0000] {logging_mixin.py:190} INFO - [2026-05-02T09:08:21.737+0000] {dag.py:3239} INFO - Sync 1 DAGs
[2026-05-02T09:08:21.767+0000] {logging_mixin.py:190} INFO - [2026-05-02T09:08:21.767+0000] {dag.py:4180} INFO - Setting next_dagrun for orders_kafka_to_s3 to 2026-05-02 00:00:00+00:00, run_after=2026-05-03 00:00:00+00:00
[2026-05-02T09:08:21.808+0000] {processor.py:208} INFO - Processing /opt/airflow/dags/main.py took 0.600 seconds
[2026-05-02T09:08:52.258+0000] {processor.py:186} INFO - Started process (PID=332) to work on /opt/airflow/dags/main.py
[2026-05-02T09:08:52.260+0000] {processor.py:914} INFO - Processing file /opt/airflow/dags/main.py for tasks to queue
[2026-05-02T09:08:52.264+0000] {logging_mixin.py:190} INFO - [2026-05-02T09:08:52.264+0000] {dagbag.py:588} INFO - Filling up the DagBag from /opt/airflow/dags/main.py
[2026-05-02T09:08:52.891+0000] {processor.py:925} INFO - DAG(s) 'orders_kafka_to_s3' retrieved from /opt/airflow/dags/main.py
[2026-05-02T09:08:52.926+0000] {logging_mixin.py:190} INFO - [2026-05-02T09:08:52.926+0000] {dag.py:3239} INFO - Sync 1 DAGs
[2026-05-02T09:08:52.960+0000] {logging_mixin.py:190} INFO - [2026-05-02T09:08:52.960+0000] {dag.py:4180} INFO - Setting next_dagrun for orders_kafka_to_s3 to 2026-05-02 00:00:00+00:00, run_after=2026-05-03 00:00:00+00:00
[2026-05-02T09:08:52.991+0000] {processor.py:208} INFO - Processing /opt/airflow/dags/main.py took 0.747 seconds
[2026-05-02T09:09:23.647+0000] {processor.py:186} INFO - Started process (PID=339) to work on /opt/airflow/dags/main.py
[2026-05-02T09:09:23.649+0000] {processor.py:914} INFO - Processing file /opt/airflow/dags/main.py for tasks to queue
[2026-05-02T09:09:23.654+0000] {logging_mixin.py:190} INFO - [2026-05-02T09:09:23.654+0000] {dagbag.py:588} INFO - Filling up the DagBag from /opt/airflow/dags/main.py
[2026-05-02T09:09:23.852+0000] {processor.py:925} INFO - DAG(s) 'orders_kafka_to_s3' retrieved from /opt/airflow/dags/main.py
[2026-05-02T09:09:24.010+0000] {logging_mixin.py:190} INFO - [2026-05-02T09:09:24.009+0000] {dag.py:3239} INFO - Sync 1 DAGs
[2026-05-02T09:09:24.796+0000] {logging_mixin.py:190} INFO - [2026-05-02T09:09:24.796+0000] {dag.py:4180} INFO - Setting next_dagrun for orders_kafka_to_s3 to 2026-05-02 00:00:00+00:00, run_after=2026-05-03 00:00:00+00:00
[2026-05-02T09:09:24.829+0000] {processor.py:208} INFO - Processing /opt/airflow/dags/main.py took 1.195 seconds
[2026-05-02T09:09:55.555+0000] {processor.py:186} INFO - Started process (PID=345) to work on /opt/airflow/dags/main.py
[2026-05-02T09:09:55.557+0000] {processor.py:914} INFO - Processing file /opt/airflow/dags/main.py for tasks to queue
[2026-05-02T09:09:55.561+0000] {logging_mixin.py:190} INFO - [2026-05-02T09:09:55.561+0000] {dagbag.py:588} INFO - Filling up the DagBag from /opt/airflow/dags/main.py
[2026-05-02T09:09:55.733+0000] {processor.py:925} INFO - DAG(s) 'orders_kafka_to_s3' retrieved from /opt/airflow/dags/main.py
[2026-05-02T09:09:55.767+0000] {logging_mixin.py:190} INFO - [2026-05-02T09:09:55.767+0000] {dag.py:3239} INFO - Sync 1 DAGs
[2026-05-02T09:09:56.093+0000] {logging_mixin.py:190} INFO - [2026-05-02T09:09:56.093+0000] {dag.py:4180} INFO - Setting next_dagrun for orders_kafka_to_s3 to 2026-05-02 00:00:00+00:00, run_after=2026-05-03 00:00:00+00:00
[2026-05-02T09:09:56.119+0000] {processor.py:208} INFO - Processing /opt/airflow/dags/main.py took 0.574 seconds
[2026-05-02T09:10:26.768+0000] {processor.py:186} INFO - Started process (PID=352) to work on /opt/airflow/dags/main.py
[2026-05-02T09:10:26.770+0000] {processor.py:914} INFO - Processing file /opt/airflow/dags/main.py for tasks to queue
[2026-05-02T09:10:26.773+0000] {logging_mixin.py:190} INFO - [2026-05-02T09:10:26.773+0000] {dagbag.py:588} INFO - Filling up the DagBag from /opt/airflow/dags/main.py
[2026-05-02T09:10:26.981+0000] {processor.py:925} INFO - DAG(s) 'orders_kafka_to_s3' retrieved from /opt/airflow/dags/main.py
[2026-05-02T09:10:27.232+0000] {logging_mixin.py:190} INFO - [2026-05-02T09:10:27.232+0000] {dag.py:3239} INFO - Sync 1 DAGs
[2026-05-02T09:10:27.274+0000] {logging_mixin.py:190} INFO - [2026-05-02T09:10:27.273+0000] {dag.py:4180} INFO - Setting next_dagrun for orders_kafka_to_s3 to 2026-05-02 00:00:00+00:00, run_after=2026-05-03 00:00:00+00:00
[2026-05-02T09:10:27.317+0000] {processor.py:208} INFO - Processing /opt/airflow/dags/main.py took 0.557 seconds
[2026-05-02T09:10:57.953+0000] {processor.py:186} INFO - Started process (PID=358) to work on /opt/airflow/dags/main.py
[2026-05-02T09:10:57.956+0000] {processor.py:914} INFO - Processing file /opt/airflow/dags/main.py for tasks to queue
[2026-05-02T09:10:57.962+0000] {logging_mixin.py:190} INFO - [2026-05-02T09:10:57.962+0000] {dagbag.py:588} INFO - Filling up the DagBag from /opt/airflow/dags/main.py
[2026-05-02T09:10:58.381+0000] {processor.py:925} INFO - DAG(s) 'orders_kafka_to_s3' retrieved from /opt/airflow/dags/main.py
[2026-05-02T09:10:58.417+0000] {logging_mixin.py:190} INFO - [2026-05-02T09:10:58.416+0000] {dag.py:3239} INFO - Sync 1 DAGs
[2026-05-02T09:10:58.452+0000] {logging_mixin.py:190} INFO - [2026-05-02T09:10:58.452+0000] {dag.py:4180} INFO - Setting next_dagrun for orders_kafka_to_s3 to 2026-05-02 00:00:00+00:00, run_after=2026-05-03 00:00:00+00:00
[2026-05-02T09:10:58.477+0000] {processor.py:208} INFO - Processing /opt/airflow/dags/main.py took 0.540 seconds
[2026-05-02T09:11:30.513+0000] {processor.py:186} INFO - Started process (PID=365) to work on /opt/airflow/dags/main.py
[2026-05-02T09:11:30.514+0000] {processor.py:914} INFO - Processing file /opt/airflow/dags/main.py for tasks to queue
[2026-05-02T09:11:30.519+0000] {logging_mixin.py:190} INFO - [2026-05-02T09:11:30.517+0000] {dagbag.py:588} INFO - Filling up the DagBag from /opt/airflow/dags/main.py
[2026-05-02T09:11:30.930+0000] {processor.py:925} INFO - DAG(s) 'orders_kafka_to_s3' retrieved from /opt/airflow/dags/main.py
[2026-05-02T09:11:30.981+0000] {logging_mixin.py:190} INFO - [2026-05-02T09:11:30.980+0000] {dag.py:3239} INFO - Sync 1 DAGs
[2026-05-02T09:11:31.009+0000] {logging_mixin.py:190} INFO - [2026-05-02T09:11:31.009+0000] {dag.py:4180} INFO - Setting next_dagrun for orders_kafka_to_s3 to 2026-05-02 00:00:00+00:00, run_after=2026-05-03 00:00:00+00:00
[2026-05-02T09:11:31.036+0000] {processor.py:208} INFO - Processing /opt/airflow/dags/main.py took 0.533 seconds
[2026-05-02T09:12:01.498+0000] {processor.py:186} INFO - Started process (PID=372) to work on /opt/airflow/dags/main.py
[2026-05-02T09:12:01.500+0000] {processor.py:914} INFO - Processing file /opt/airflow/dags/main.py for tasks to queue
[2026-05-02T09:12:01.507+0000] {logging_mixin.py:190} INFO - [2026-05-02T09:12:01.506+0000] {dagbag.py:588} INFO - Filling up the DagBag from /opt/airflow/dags/main.py
[2026-05-02T09:12:01.705+0000] {processor.py:925} INFO - DAG(s) 'orders_kafka_to_s3' retrieved from /opt/airflow/dags/main.py
[2026-05-02T09:12:01.739+0000] {logging_mixin.py:190} INFO - [2026-05-02T09:12:01.738+0000] {dag.py:3239} INFO - Sync 1 DAGs
[2026-05-02T09:12:01.992+0000] {logging_mixin.py:190} INFO - [2026-05-02T09:12:01.992+0000] {dag.py:4180} INFO - Setting next_dagrun for orders_kafka_to_s3 to 2026-05-02 00:00:00+00:00, run_after=2026-05-03 00:00:00+00:00
[2026-05-02T09:12:02.028+0000] {processor.py:208} INFO - Processing /opt/airflow/dags/main.py took 0.544 seconds
[2026-05-02T09:12:32.577+0000] {processor.py:186} INFO - Started process (PID=379) to work on /opt/airflow/dags/main.py
[2026-05-02T09:12:32.579+0000] {processor.py:914} INFO - Processing file /opt/airflow/dags/main.py for tasks to queue
[2026-05-02T09:12:32.583+0000] {logging_mixin.py:190} INFO - [2026-05-02T09:12:32.582+0000] {dagbag.py:588} INFO - Filling up the DagBag from /opt/airflow/dags/main.py
[2026-05-02T09:12:32.786+0000] {processor.py:925} INFO - DAG(s) 'orders_kafka_to_s3' retrieved from /opt/airflow/dags/main.py
[2026-05-02T09:12:32.821+0000] {logging_mixin.py:190} INFO - [2026-05-02T09:12:32.821+0000] {dag.py:3239} INFO - Sync 1 DAGs
[2026-05-02T09:12:33.111+0000] {logging_mixin.py:190} INFO - [2026-05-02T09:12:33.111+0000] {dag.py:4180} INFO - Setting next_dagrun for orders_kafka_to_s3 to 2026-05-02 00:00:00+00:00, run_after=2026-05-03 00:00:00+00:00
[2026-05-02T09:12:33.143+0000] {processor.py:208} INFO - Processing /opt/airflow/dags/main.py took 0.577 seconds
[2026-05-02T09:13:03.476+0000] {processor.py:186} INFO - Started process (PID=387) to work on /opt/airflow/dags/main.py
[2026-05-02T09:13:03.479+0000] {processor.py:914} INFO - Processing file /opt/airflow/dags/main.py for tasks to queue
[2026-05-02T09:13:03.487+0000] {logging_mixin.py:190} INFO - [2026-05-02T09:13:03.486+0000] {dagbag.py:588} INFO - Filling up the DagBag from /opt/airflow/dags/main.py
[2026-05-02T09:13:03.735+0000] {processor.py:925} INFO - DAG(s) 'orders_kafka_to_s3' retrieved from /opt/airflow/dags/main.py
[2026-05-02T09:13:03.989+0000] {logging_mixin.py:190} INFO - [2026-05-02T09:13:03.988+0000] {dag.py:3239} INFO - Sync 1 DAGs
[2026-05-02T09:13:04.043+0000] {logging_mixin.py:190} INFO - [2026-05-02T09:13:04.043+0000] {dag.py:4180} INFO - Setting next_dagrun for orders_kafka_to_s3 to 2026-05-02 00:00:00+00:00, run_after=2026-05-03 00:00:00+00:00
[2026-05-02T09:13:04.075+0000] {processor.py:208} INFO - Processing /opt/airflow/dags/main.py took 0.625 seconds
[2026-05-02T09:13:34.483+0000] {processor.py:186} INFO - Started process (PID=394) to work on /opt/airflow/dags/main.py
[2026-05-02T09:13:34.485+0000] {processor.py:914} INFO - Processing file /opt/airflow/dags/main.py for tasks to queue
[2026-05-02T09:13:34.493+0000] {logging_mixin.py:190} INFO - [2026-05-02T09:13:34.493+0000] {dagbag.py:588} INFO - Filling up the DagBag from /opt/airflow/dags/main.py
[2026-05-02T09:13:34.710+0000] {processor.py:925} INFO - DAG(s) 'orders_kafka_to_s3' retrieved from /opt/airflow/dags/main.py
[2026-05-02T09:13:34.972+0000] {logging_mixin.py:190} INFO - [2026-05-02T09:13:34.971+0000] {dag.py:3239} INFO - Sync 1 DAGs
[2026-05-02T09:13:35.011+0000] {logging_mixin.py:190} INFO - [2026-05-02T09:13:35.011+0000] {dag.py:4180} INFO - Setting next_dagrun for orders_kafka_to_s3 to 2026-05-02 00:00:00+00:00, run_after=2026-05-03 00:00:00+00:00
[2026-05-02T09:13:35.052+0000] {processor.py:208} INFO - Processing /opt/airflow/dags/main.py took 0.588 seconds
[2026-05-02T09:14:05.275+0000] {processor.py:186} INFO - Started process (PID=400) to work on /opt/airflow/dags/main.py
[2026-05-02T09:14:05.277+0000] {processor.py:914} INFO - Processing file /opt/airflow/dags/main.py for tasks to queue
[2026-05-02T09:14:05.281+0000] {logging_mixin.py:190} INFO - [2026-05-02T09:14:05.281+0000] {dagbag.py:588} INFO - Filling up the DagBag from /opt/airflow/dags/main.py
[2026-05-02T09:14:05.652+0000] {processor.py:925} INFO - DAG(s) 'orders_kafka_to_s3' retrieved from /opt/airflow/dags/main.py
[2026-05-02T09:14:05.693+0000] {logging_mixin.py:190} INFO - [2026-05-02T09:14:05.693+0000] {dag.py:3239} INFO - Sync 1 DAGs
[2026-05-02T09:14:05.729+0000] {logging_mixin.py:190} INFO - [2026-05-02T09:14:05.729+0000] {dag.py:4180} INFO - Setting next_dagrun for orders_kafka_to_s3 to 2026-05-02 00:00:00+00:00, run_after=2026-05-03 00:00:00+00:00
[2026-05-02T09:14:05.758+0000] {processor.py:208} INFO - Processing /opt/airflow/dags/main.py took 0.491 seconds
[2026-05-02T09:14:36.163+0000] {processor.py:186} INFO - Started process (PID=407) to work on /opt/airflow/dags/main.py
[2026-05-02T09:14:36.165+0000] {processor.py:914} INFO - Processing file /opt/airflow/dags/main.py for tasks to queue
[2026-05-02T09:14:36.168+0000] {logging_mixin.py:190} INFO - [2026-05-02T09:14:36.168+0000] {dagbag.py:588} INFO - Filling up the DagBag from /opt/airflow/dags/main.py
[2026-05-02T09:14:36.748+0000] {processor.py:925} INFO - DAG(s) 'orders_kafka_to_s3' retrieved from /opt/airflow/dags/main.py
[2026-05-02T09:14:36.796+0000] {logging_mixin.py:190} INFO - [2026-05-02T09:14:36.795+0000] {dag.py:3239} INFO - Sync 1 DAGs
[2026-05-02T09:14:36.830+0000] {logging_mixin.py:190} INFO - [2026-05-02T09:14:36.830+0000] {dag.py:4180} INFO - Setting next_dagrun for orders_kafka_to_s3 to 2026-05-02 00:00:00+00:00, run_after=2026-05-03 00:00:00+00:00
[2026-05-02T09:14:36.861+0000] {processor.py:208} INFO - Processing /opt/airflow/dags/main.py took 0.707 seconds
[2026-05-02T09:15:07.731+0000] {processor.py:186} INFO - Started process (PID=414) to work on /opt/airflow/dags/main.py
[2026-05-02T09:15:07.734+0000] {processor.py:914} INFO - Processing file /opt/airflow/dags/main.py for tasks to queue
[2026-05-02T09:15:07.743+0000] {logging_mixin.py:190} INFO - [2026-05-02T09:15:07.742+0000] {dagbag.py:588} INFO - Filling up the DagBag from /opt/airflow/dags/main.py
[2026-05-02T09:15:07.941+0000] {processor.py:925} INFO - DAG(s) 'orders_kafka_to_s3' retrieved from /opt/airflow/dags/main.py
[2026-05-02T09:15:08.005+0000] {logging_mixin.py:190} INFO - [2026-05-02T09:15:08.004+0000] {dag.py:3239} INFO - Sync 1 DAGs
[2026-05-02T09:15:08.757+0000] {logging_mixin.py:190} INFO - [2026-05-02T09:15:08.756+0000] {dag.py:4180} INFO - Setting next_dagrun for orders_kafka_to_s3 to 2026-05-02 00:00:00+00:00, run_after=2026-05-03 00:00:00+00:00
[2026-05-02T09:15:08.785+0000] {processor.py:208} INFO - Processing /opt/airflow/dags/main.py took 1.081 seconds
[2026-05-02T09:15:39.080+0000] {processor.py:186} INFO - Started process (PID=422) to work on /opt/airflow/dags/main.py
[2026-05-02T09:15:39.081+0000] {processor.py:914} INFO - Processing file /opt/airflow/dags/main.py for tasks to queue
[2026-05-02T09:15:39.086+0000] {logging_mixin.py:190} INFO - [2026-05-02T09:15:39.085+0000] {dagbag.py:588} INFO - Filling up the DagBag from /opt/airflow/dags/main.py
[2026-05-02T09:15:39.288+0000] {processor.py:925} INFO - DAG(s) 'orders_kafka_to_s3' retrieved from /opt/airflow/dags/main.py
[2026-05-02T09:15:39.323+0000] {logging_mixin.py:190} INFO - [2026-05-02T09:15:39.323+0000] {dag.py:3239} INFO - Sync 1 DAGs
[2026-05-02T09:15:39.596+0000] {logging_mixin.py:190} INFO - [2026-05-02T09:15:39.596+0000] {dag.py:4180} INFO - Setting next_dagrun for orders_kafka_to_s3 to 2026-05-02 00:00:00+00:00, run_after=2026-05-03 00:00:00+00:00
[2026-05-02T09:15:39.623+0000] {processor.py:208} INFO - Processing /opt/airflow/dags/main.py took 0.553 seconds
[2026-05-02T09:16:09.819+0000] {processor.py:186} INFO - Started process (PID=429) to work on /opt/airflow/dags/main.py
[2026-05-02T09:16:09.820+0000] {processor.py:914} INFO - Processing file /opt/airflow/dags/main.py for tasks to queue
[2026-05-02T09:16:09.824+0000] {logging_mixin.py:190} INFO - [2026-05-02T09:16:09.824+0000] {dagbag.py:588} INFO - Filling up the DagBag from /opt/airflow/dags/main.py
[2026-05-02T09:16:09.979+0000] {processor.py:925} INFO - DAG(s) 'orders_kafka_to_s3' retrieved from /opt/airflow/dags/main.py
[2026-05-02T09:16:10.454+0000] {logging_mixin.py:190} INFO - [2026-05-02T09:16:10.453+0000] {dag.py:3239} INFO - Sync 1 DAGs
[2026-05-02T09:16:10.530+0000] {logging_mixin.py:190} INFO - [2026-05-02T09:16:10.529+0000] {dag.py:4180} INFO - Setting next_dagrun for orders_kafka_to_s3 to 2026-05-02 00:00:00+00:00, run_after=2026-05-03 00:00:00+00:00
[2026-05-02T09:16:10.577+0000] {processor.py:208} INFO - Processing /opt/airflow/dags/main.py took 0.767 seconds
[2026-05-02T09:16:34.969+0000] {processor.py:186} INFO - Started process (PID=435) to work on /opt/airflow/dags/main.py
[2026-05-02T09:16:34.977+0000] {processor.py:914} INFO - Processing file /opt/airflow/dags/main.py for tasks to queue
[2026-05-02T09:16:34.991+0000] {logging_mixin.py:190} INFO - [2026-05-02T09:16:34.988+0000] {dagbag.py:588} INFO - Filling up the DagBag from /opt/airflow/dags/main.py
[2026-05-02T09:16:35.429+0000] {processor.py:925} INFO - DAG(s) 'orders_kafka_to_s3' retrieved from /opt/airflow/dags/main.py
[2026-05-02T09:16:35.467+0000] {logging_mixin.py:190} INFO - [2026-05-02T09:16:35.466+0000] {dag.py:3239} INFO - Sync 1 DAGs
[2026-05-02T09:16:35.498+0000] {logging_mixin.py:190} INFO - [2026-05-02T09:16:35.498+0000] {dag.py:4180} INFO - Setting next_dagrun for orders_kafka_to_s3 to 2026-05-02 00:00:00+00:00, run_after=2026-05-03 00:00:00+00:00
[2026-05-02T09:16:35.530+0000] {processor.py:208} INFO - Processing /opt/airflow/dags/main.py took 0.598 seconds
[2026-05-02T09:17:05.975+0000] {processor.py:186} INFO - Started process (PID=442) to work on /opt/airflow/dags/main.py
[2026-05-02T09:17:05.981+0000] {processor.py:914} INFO - Processing file /opt/airflow/dags/main.py for tasks to queue
[2026-05-02T09:17:05.993+0000] {logging_mixin.py:190} INFO - [2026-05-02T09:17:05.991+0000] {dagbag.py:588} INFO - Filling up the DagBag from /opt/airflow/dags/main.py
[2026-05-02T09:17:06.512+0000] {processor.py:925} INFO - DAG(s) 'orders_kafka_to_s3' retrieved from /opt/airflow/dags/main.py
[2026-05-02T09:17:06.550+0000] {logging_mixin.py:190} INFO - [2026-05-02T09:17:06.550+0000] {dag.py:3239} INFO - Sync 1 DAGs
[2026-05-02T09:17:06.588+0000] {logging_mixin.py:190} INFO - [2026-05-02T09:17:06.588+0000] {dag.py:4180} INFO - Setting next_dagrun for orders_kafka_to_s3 to 2026-05-02 00:00:00+00:00, run_after=2026-05-03 00:00:00+00:00
[2026-05-02T09:17:06.627+0000] {processor.py:208} INFO - Processing /opt/airflow/dags/main.py took 0.693 seconds
[2026-05-02T09:17:37.173+0000] {processor.py:186} INFO - Started process (PID=449) to work on /opt/airflow/dags/main.py
[2026-05-02T09:17:37.175+0000] {processor.py:914} INFO - Processing file /opt/airflow/dags/main.py for tasks to queue
[2026-05-02T09:17:37.181+0000] {logging_mixin.py:190} INFO - [2026-05-02T09:17:37.180+0000] {dagbag.py:588} INFO - Filling up the DagBag from /opt/airflow/dags/main.py
[2026-05-02T09:17:37.589+0000] {processor.py:925} INFO - DAG(s) 'orders_kafka_to_s3' retrieved from /opt/airflow/dags/main.py
[2026-05-02T09:17:37.625+0000] {logging_mixin.py:190} INFO - [2026-05-02T09:17:37.625+0000] {dag.py:3239} INFO - Sync 1 DAGs
[2026-05-02T09:17:37.665+0000] {logging_mixin.py:190} INFO - [2026-05-02T09:17:37.665+0000] {dag.py:4180} INFO - Setting next_dagrun for orders_kafka_to_s3 to 2026-05-02 00:00:00+00:00, run_after=2026-05-03 00:00:00+00:00
[2026-05-02T09:17:37.697+0000] {processor.py:208} INFO - Processing /opt/airflow/dags/main.py took 0.538 seconds
[2026-05-02T09:18:08.509+0000] {processor.py:186} INFO - Started process (PID=456) to work on /opt/airflow/dags/main.py
[2026-05-02T09:18:08.514+0000] {processor.py:914} INFO - Processing file /opt/airflow/dags/main.py for tasks to queue
[2026-05-02T09:18:08.526+0000] {logging_mixin.py:190} INFO - [2026-05-02T09:18:08.524+0000] {dagbag.py:588} INFO - Filling up the DagBag from /opt/airflow/dags/main.py
[2026-05-02T09:18:08.822+0000] {processor.py:925} INFO - DAG(s) 'orders_kafka_to_s3' retrieved from /opt/airflow/dags/main.py
[2026-05-02T09:18:08.869+0000] {logging_mixin.py:190} INFO - [2026-05-02T09:18:08.869+0000] {dag.py:3239} INFO - Sync 1 DAGs
[2026-05-02T09:18:09.112+0000] {logging_mixin.py:190} INFO - [2026-05-02T09:18:09.111+0000] {dag.py:4180} INFO - Setting next_dagrun for orders_kafka_to_s3 to 2026-05-02 00:00:00+00:00, run_after=2026-05-03 00:00:00+00:00
[2026-05-02T09:18:09.142+0000] {processor.py:208} INFO - Processing /opt/airflow/dags/main.py took 0.666 seconds
[2026-05-02T09:18:39.838+0000] {processor.py:186} INFO - Started process (PID=462) to work on /opt/airflow/dags/main.py
[2026-05-02T09:18:39.840+0000] {processor.py:914} INFO - Processing file /opt/airflow/dags/main.py for tasks to queue
[2026-05-02T09:18:39.843+0000] {logging_mixin.py:190} INFO - [2026-05-02T09:18:39.842+0000] {dagbag.py:588} INFO - Filling up the DagBag from /opt/airflow/dags/main.py
[2026-05-02T09:18:40.019+0000] {processor.py:925} INFO - DAG(s) 'orders_kafka_to_s3' retrieved from /opt/airflow/dags/main.py
[2026-05-02T09:18:40.057+0000] {logging_mixin.py:190} INFO - [2026-05-02T09:18:40.057+0000] {dag.py:3239} INFO - Sync 1 DAGs
[2026-05-02T09:18:40.298+0000] {logging_mixin.py:190} INFO - [2026-05-02T09:18:40.298+0000] {dag.py:4180} INFO - Setting next_dagrun for orders_kafka_to_s3 to 2026-05-02 00:00:00+00:00, run_after=2026-05-03 00:00:00+00:00
[2026-05-02T09:18:40.333+0000] {processor.py:208} INFO - Processing /opt/airflow/dags/main.py took 0.503 seconds
[2026-05-02T09:19:10.920+0000] {processor.py:186} INFO - Started process (PID=468) to work on /opt/airflow/dags/main.py
[2026-05-02T09:19:10.923+0000] {processor.py:914} INFO - Processing file /opt/airflow/dags/main.py for tasks to queue
[2026-05-02T09:19:10.927+0000] {logging_mixin.py:190} INFO - [2026-05-02T09:19:10.926+0000] {dagbag.py:588} INFO - Filling up the DagBag from /opt/airflow/dags/main.py
[2026-05-02T09:19:11.086+0000] {processor.py:925} INFO - DAG(s) 'orders_kafka_to_s3' retrieved from /opt/airflow/dags/main.py
[2026-05-02T09:19:11.671+0000] {logging_mixin.py:190} INFO - [2026-05-02T09:19:11.671+0000] {dag.py:3239} INFO - Sync 1 DAGs
[2026-05-02T09:19:11.707+0000] {logging_mixin.py:190} INFO - [2026-05-02T09:19:11.706+0000] {dag.py:4180} INFO - Setting next_dagrun for orders_kafka_to_s3 to 2026-05-02 00:00:00+00:00, run_after=2026-05-03 00:00:00+00:00
[2026-05-02T09:19:11.746+0000] {processor.py:208} INFO - Processing /opt/airflow/dags/main.py took 0.838 seconds
[2026-05-02T09:19:42.067+0000] {processor.py:186} INFO - Started process (PID=474) to work on /opt/airflow/dags/main.py
[2026-05-02T09:19:42.068+0000] {processor.py:914} INFO - Processing file /opt/airflow/dags/main.py for tasks to queue
[2026-05-02T09:19:42.072+0000] {logging_mixin.py:190} INFO - [2026-05-02T09:19:42.072+0000] {dagbag.py:588} INFO - Filling up the DagBag from /opt/airflow/dags/main.py
[2026-05-02T09:19:42.462+0000] {processor.py:925} INFO - DAG(s) 'orders_kafka_to_s3' retrieved from /opt/airflow/dags/main.py
[2026-05-02T09:19:42.489+0000] {logging_mixin.py:190} INFO - [2026-05-02T09:19:42.489+0000] {dag.py:3239} INFO - Sync 1 DAGs
[2026-05-02T09:19:42.515+0000] {logging_mixin.py:190} INFO - [2026-05-02T09:19:42.514+0000] {dag.py:4180} INFO - Setting next_dagrun for orders_kafka_to_s3 to 2026-05-02 00:00:00+00:00, run_after=2026-05-03 00:00:00+00:00
[2026-05-02T09:19:42.555+0000] {processor.py:208} INFO - Processing /opt/airflow/dags/main.py took 0.496 seconds
[2026-05-02T09:20:12.912+0000] {processor.py:186} INFO - Started process (PID=481) to work on /opt/airflow/dags/main.py
[2026-05-02T09:20:12.917+0000] {processor.py:914} INFO - Processing file /opt/airflow/dags/main.py for tasks to queue
[2026-05-02T09:20:12.921+0000] {logging_mixin.py:190} INFO - [2026-05-02T09:20:12.920+0000] {dagbag.py:588} INFO - Filling up the DagBag from /opt/airflow/dags/main.py
[2026-05-02T09:20:13.318+0000] {processor.py:925} INFO - DAG(s) 'orders_kafka_to_s3' retrieved from /opt/airflow/dags/main.py
[2026-05-02T09:20:13.417+0000] {logging_mixin.py:190} INFO - [2026-05-02T09:20:13.416+0000] {dag.py:3239} INFO - Sync 1 DAGs
[2026-05-02T09:20:13.476+0000] {logging_mixin.py:190} INFO - [2026-05-02T09:20:13.475+0000] {dag.py:4180} INFO - Setting next_dagrun for orders_kafka_to_s3 to 2026-05-02 00:00:00+00:00, run_after=2026-05-03 00:00:00+00:00
[2026-05-02T09:20:13.501+0000] {processor.py:208} INFO - Processing /opt/airflow/dags/main.py took 0.603 seconds
[2026-05-02T09:20:43.924+0000] {processor.py:186} INFO - Started process (PID=487) to work on /opt/airflow/dags/main.py
[2026-05-02T09:20:43.925+0000] {processor.py:914} INFO - Processing file /opt/airflow/dags/main.py for tasks to queue
[2026-05-02T09:20:43.929+0000] {logging_mixin.py:190} INFO - [2026-05-02T09:20:43.928+0000] {dagbag.py:588} INFO - Filling up the DagBag from /opt/airflow/dags/main.py
[2026-05-02T09:20:44.342+0000] {processor.py:925} INFO - DAG(s) 'orders_kafka_to_s3' retrieved from /opt/airflow/dags/main.py
[2026-05-02T09:20:44.398+0000] {logging_mixin.py:190} INFO - [2026-05-02T09:20:44.398+0000] {dag.py:3239} INFO - Sync 1 DAGs
[2026-05-02T09:20:44.450+0000] {logging_mixin.py:190} INFO - [2026-05-02T09:20:44.449+0000] {dag.py:4180} INFO - Setting next_dagrun for orders_kafka_to_s3 to 2026-05-02 00:00:00+00:00, run_after=2026-05-03 00:00:00+00:00
[2026-05-02T09:20:44.486+0000] {processor.py:208} INFO - Processing /opt/airflow/dags/main.py took 0.570 seconds
[2026-05-02T09:21:15.016+0000] {processor.py:186} INFO - Started process (PID=494) to work on /opt/airflow/dags/main.py
[2026-05-02T09:21:15.023+0000] {processor.py:914} INFO - Processing file /opt/airflow/dags/main.py for tasks to queue
[2026-05-02T09:21:15.037+0000] {logging_mixin.py:190} INFO - [2026-05-02T09:21:15.034+0000] {dagbag.py:588} INFO - Filling up the DagBag from /opt/airflow/dags/main.py
[2026-05-02T09:21:15.299+0000] {processor.py:925} INFO - DAG(s) 'orders_kafka_to_s3' retrieved from /opt/airflow/dags/main.py
[2026-05-02T09:21:15.337+0000] {logging_mixin.py:190} INFO - [2026-05-02T09:21:15.337+0000] {dag.py:3239} INFO - Sync 1 DAGs
[2026-05-02T09:21:15.563+0000] {logging_mixin.py:190} INFO - [2026-05-02T09:21:15.563+0000] {dag.py:4180} INFO - Setting next_dagrun for orders_kafka_to_s3 to 2026-05-02 00:00:00+00:00, run_after=2026-05-03 00:00:00+00:00
[2026-05-02T09:21:15.592+0000] {processor.py:208} INFO - Processing /opt/airflow/dags/main.py took 0.608 seconds
[2026-05-02T09:21:46.056+0000] {processor.py:186} INFO - Started process (PID=501) to work on /opt/airflow/dags/main.py
[2026-05-02T09:21:46.061+0000] {processor.py:914} INFO - Processing file /opt/airflow/dags/main.py for tasks to queue
[2026-05-02T09:21:46.073+0000] {logging_mixin.py:190} INFO - [2026-05-02T09:21:46.071+0000] {dagbag.py:588} INFO - Filling up the DagBag from /opt/airflow/dags/main.py
[2026-05-02T09:21:46.406+0000] {processor.py:925} INFO - DAG(s) 'orders_kafka_to_s3' retrieved from /opt/airflow/dags/main.py
[2026-05-02T09:21:46.445+0000] {logging_mixin.py:190} INFO - [2026-05-02T09:21:46.445+0000] {dag.py:3239} INFO - Sync 1 DAGs
[2026-05-02T09:21:46.672+0000] {logging_mixin.py:190} INFO - [2026-05-02T09:21:46.672+0000] {dag.py:4180} INFO - Setting next_dagrun for orders_kafka_to_s3 to 2026-05-02 00:00:00+00:00, run_after=2026-05-03 00:00:00+00:00
[2026-05-02T09:21:46.705+0000] {processor.py:208} INFO - Processing /opt/airflow/dags/main.py took 0.684 seconds
[2026-05-02T09:22:16.998+0000] {processor.py:186} INFO - Started process (PID=508) to work on /opt/airflow/dags/main.py
[2026-05-02T09:22:17.001+0000] {processor.py:914} INFO - Processing file /opt/airflow/dags/main.py for tasks to queue
[2026-05-02T09:22:17.008+0000] {logging_mixin.py:190} INFO - [2026-05-02T09:22:17.007+0000] {dagbag.py:588} INFO - Filling up the DagBag from /opt/airflow/dags/main.py
[2026-05-02T09:22:17.260+0000] {processor.py:925} INFO - DAG(s) 'orders_kafka_to_s3' retrieved from /opt/airflow/dags/main.py
[2026-05-02T09:22:17.583+0000] {logging_mixin.py:190} INFO - [2026-05-02T09:22:17.582+0000] {dag.py:3239} INFO - Sync 1 DAGs
[2026-05-02T09:22:17.623+0000] {logging_mixin.py:190} INFO - [2026-05-02T09:22:17.623+0000] {dag.py:4180} INFO - Setting next_dagrun for orders_kafka_to_s3 to 2026-05-02 00:00:00+00:00, run_after=2026-05-03 00:00:00+00:00
[2026-05-02T09:22:17.657+0000] {processor.py:208} INFO - Processing /opt/airflow/dags/main.py took 0.678 seconds
[2026-05-02T09:22:48.283+0000] {processor.py:186} INFO - Started process (PID=515) to work on /opt/airflow/dags/main.py
[2026-05-02T09:22:48.284+0000] {processor.py:914} INFO - Processing file /opt/airflow/dags/main.py for tasks to queue
[2026-05-02T09:22:48.288+0000] {logging_mixin.py:190} INFO - [2026-05-02T09:22:48.288+0000] {dagbag.py:588} INFO - Filling up the DagBag from /opt/airflow/dags/main.py
[2026-05-02T09:22:48.660+0000] {processor.py:925} INFO - DAG(s) 'orders_kafka_to_s3' retrieved from /opt/airflow/dags/main.py
[2026-05-02T09:22:48.690+0000] {logging_mixin.py:190} INFO - [2026-05-02T09:22:48.690+0000] {dag.py:3239} INFO - Sync 1 DAGs
[2026-05-02T09:22:48.717+0000] {logging_mixin.py:190} INFO - [2026-05-02T09:22:48.717+0000] {dag.py:4180} INFO - Setting next_dagrun for orders_kafka_to_s3 to 2026-05-02 00:00:00+00:00, run_after=2026-05-03 00:00:00+00:00
[2026-05-02T09:22:48.751+0000] {processor.py:208} INFO - Processing /opt/airflow/dags/main.py took 0.478 seconds
[2026-05-02T09:23:19.253+0000] {processor.py:186} INFO - Started process (PID=522) to work on /opt/airflow/dags/main.py
[2026-05-02T09:23:19.255+0000] {processor.py:914} INFO - Processing file /opt/airflow/dags/main.py for tasks to queue
[2026-05-02T09:23:19.261+0000] {logging_mixin.py:190} INFO - [2026-05-02T09:23:19.260+0000] {dagbag.py:588} INFO - Filling up the DagBag from /opt/airflow/dags/main.py
[2026-05-02T09:23:19.643+0000] {processor.py:925} INFO - DAG(s) 'orders_kafka_to_s3' retrieved from /opt/airflow/dags/main.py
[2026-05-02T09:23:19.689+0000] {logging_mixin.py:190} INFO - [2026-05-02T09:23:19.689+0000] {dag.py:3239} INFO - Sync 1 DAGs
[2026-05-02T09:23:19.727+0000] {logging_mixin.py:190} INFO - [2026-05-02T09:23:19.726+0000] {dag.py:4180} INFO - Setting next_dagrun for orders_kafka_to_s3 to 2026-05-02 00:00:00+00:00, run_after=2026-05-03 00:00:00+00:00
[2026-05-02T09:23:19.753+0000] {processor.py:208} INFO - Processing /opt/airflow/dags/main.py took 0.512 seconds
[2026-05-02T09:23:49.959+0000] {processor.py:186} INFO - Started process (PID=529) to work on /opt/airflow/dags/main.py
[2026-05-02T09:23:49.961+0000] {processor.py:914} INFO - Processing file /opt/airflow/dags/main.py for tasks to queue
[2026-05-02T09:23:49.966+0000] {logging_mixin.py:190} INFO - [2026-05-02T09:23:49.965+0000] {dagbag.py:588} INFO - Filling up the DagBag from /opt/airflow/dags/main.py
[2026-05-02T09:23:50.398+0000] {processor.py:925} INFO - DAG(s) 'orders_kafka_to_s3' retrieved from /opt/airflow/dags/main.py
[2026-05-02T09:23:50.428+0000] {logging_mixin.py:190} INFO - [2026-05-02T09:23:50.427+0000] {dag.py:3239} INFO - Sync 1 DAGs
[2026-05-02T09:23:50.452+0000] {logging_mixin.py:190} INFO - [2026-05-02T09:23:50.452+0000] {dag.py:4180} INFO - Setting next_dagrun for orders_kafka_to_s3 to 2026-05-02 00:00:00+00:00, run_after=2026-05-03 00:00:00+00:00
[2026-05-02T09:23:50.476+0000] {processor.py:208} INFO - Processing /opt/airflow/dags/main.py took 0.526 seconds
[2026-05-02T09:24:20.723+0000] {processor.py:186} INFO - Started process (PID=536) to work on /opt/airflow/dags/main.py
[2026-05-02T09:24:20.724+0000] {processor.py:914} INFO - Processing file /opt/airflow/dags/main.py for tasks to queue
[2026-05-02T09:24:20.728+0000] {logging_mixin.py:190} INFO - [2026-05-02T09:24:20.728+0000] {dagbag.py:588} INFO - Filling up the DagBag from /opt/airflow/dags/main.py
[2026-05-02T09:24:20.862+0000] {processor.py:925} INFO - DAG(s) 'orders_kafka_to_s3' retrieved from /opt/airflow/dags/main.py
[2026-05-02T09:24:20.894+0000] {logging_mixin.py:190} INFO - [2026-05-02T09:24:20.894+0000] {dag.py:3239} INFO - Sync 1 DAGs
[2026-05-02T09:24:21.175+0000] {logging_mixin.py:190} INFO - [2026-05-02T09:24:21.175+0000] {dag.py:4180} INFO - Setting next_dagrun for orders_kafka_to_s3 to 2026-05-02 00:00:00+00:00, run_after=2026-05-03 00:00:00+00:00
[2026-05-02T09:24:21.201+0000] {processor.py:208} INFO - Processing /opt/airflow/dags/main.py took 0.487 seconds
[2026-05-02T09:24:51.503+0000] {processor.py:186} INFO - Started process (PID=543) to work on /opt/airflow/dags/main.py
[2026-05-02T09:24:51.505+0000] {processor.py:914} INFO - Processing file /opt/airflow/dags/main.py for tasks to queue
[2026-05-02T09:24:51.509+0000] {logging_mixin.py:190} INFO - [2026-05-02T09:24:51.508+0000] {dagbag.py:588} INFO - Filling up the DagBag from /opt/airflow/dags/main.py
[2026-05-02T09:24:51.662+0000] {processor.py:925} INFO - DAG(s) 'orders_kafka_to_s3' retrieved from /opt/airflow/dags/main.py
[2026-05-02T09:24:51.892+0000] {logging_mixin.py:190} INFO - [2026-05-02T09:24:51.892+0000] {dag.py:3239} INFO - Sync 1 DAGs
[2026-05-02T09:24:51.924+0000] {logging_mixin.py:190} INFO - [2026-05-02T09:24:51.924+0000] {dag.py:4180} INFO - Setting next_dagrun for orders_kafka_to_s3 to 2026-05-02 00:00:00+00:00, run_after=2026-05-03 00:00:00+00:00
[2026-05-02T09:24:51.948+0000] {processor.py:208} INFO - Processing /opt/airflow/dags/main.py took 0.454 seconds
[2026-05-02T09:25:22.351+0000] {processor.py:186} INFO - Started process (PID=550) to work on /opt/airflow/dags/main.py
[2026-05-02T09:25:22.353+0000] {processor.py:914} INFO - Processing file /opt/airflow/dags/main.py for tasks to queue
[2026-05-02T09:25:22.358+0000] {logging_mixin.py:190} INFO - [2026-05-02T09:25:22.357+0000] {dagbag.py:588} INFO - Filling up the DagBag from /opt/airflow/dags/main.py
[2026-05-02T09:25:22.531+0000] {processor.py:925} INFO - DAG(s) 'orders_kafka_to_s3' retrieved from /opt/airflow/dags/main.py
[2026-05-02T09:25:22.763+0000] {logging_mixin.py:190} INFO - [2026-05-02T09:25:22.763+0000] {dag.py:3239} INFO - Sync 1 DAGs
[2026-05-02T09:25:22.797+0000] {logging_mixin.py:190} INFO - [2026-05-02T09:25:22.796+0000] {dag.py:4180} INFO - Setting next_dagrun for orders_kafka_to_s3 to 2026-05-02 00:00:00+00:00, run_after=2026-05-03 00:00:00+00:00
[2026-05-02T09:25:22.824+0000] {processor.py:208} INFO - Processing /opt/airflow/dags/main.py took 0.491 seconds
[2026-05-02T09:25:52.943+0000] {processor.py:186} INFO - Started process (PID=558) to work on /opt/airflow/dags/main.py
[2026-05-02T09:25:52.944+0000] {processor.py:914} INFO - Processing file /opt/airflow/dags/main.py for tasks to queue
[2026-05-02T09:25:52.947+0000] {logging_mixin.py:190} INFO - [2026-05-02T09:25:52.947+0000] {dagbag.py:588} INFO - Filling up the DagBag from /opt/airflow/dags/main.py
[2026-05-02T09:25:53.403+0000] {processor.py:925} INFO - DAG(s) 'orders_kafka_to_s3' retrieved from /opt/airflow/dags/main.py
[2026-05-02T09:25:53.441+0000] {logging_mixin.py:190} INFO - [2026-05-02T09:25:53.441+0000] {dag.py:3239} INFO - Sync 1 DAGs
[2026-05-02T09:25:53.475+0000] {logging_mixin.py:190} INFO - [2026-05-02T09:25:53.475+0000] {dag.py:4180} INFO - Setting next_dagrun for orders_kafka_to_s3 to 2026-05-02 00:00:00+00:00, run_after=2026-05-03 00:00:00+00:00
[2026-05-02T09:25:53.504+0000] {processor.py:208} INFO - Processing /opt/airflow/dags/main.py took 0.569 seconds
[2026-05-02T09:26:23.981+0000] {processor.py:186} INFO - Started process (PID=565) to work on /opt/airflow/dags/main.py
[2026-05-02T09:26:23.983+0000] {processor.py:914} INFO - Processing file /opt/airflow/dags/main.py for tasks to queue
[2026-05-02T09:26:23.988+0000] {logging_mixin.py:190} INFO - [2026-05-02T09:26:23.987+0000] {dagbag.py:588} INFO - Filling up the DagBag from /opt/airflow/dags/main.py
[2026-05-02T09:26:24.409+0000] {processor.py:925} INFO - DAG(s) 'orders_kafka_to_s3' retrieved from /opt/airflow/dags/main.py
[2026-05-02T09:26:24.438+0000] {logging_mixin.py:190} INFO - [2026-05-02T09:26:24.437+0000] {dag.py:3239} INFO - Sync 1 DAGs
[2026-05-02T09:26:24.465+0000] {logging_mixin.py:190} INFO - [2026-05-02T09:26:24.464+0000] {dag.py:4180} INFO - Setting next_dagrun for orders_kafka_to_s3 to 2026-05-02 00:00:00+00:00, run_after=2026-05-03 00:00:00+00:00
[2026-05-02T09:26:24.499+0000] {processor.py:208} INFO - Processing /opt/airflow/dags/main.py took 0.534 seconds
[2026-05-02T09:26:54.655+0000] {processor.py:186} INFO - Started process (PID=572) to work on /opt/airflow/dags/main.py
[2026-05-02T09:26:54.657+0000] {processor.py:914} INFO - Processing file /opt/airflow/dags/main.py for tasks to queue
[2026-05-02T09:26:54.664+0000] {logging_mixin.py:190} INFO - [2026-05-02T09:26:54.663+0000] {dagbag.py:588} INFO - Filling up the DagBag from /opt/airflow/dags/main.py
[2026-05-02T09:26:55.116+0000] {processor.py:925} INFO - DAG(s) 'orders_kafka_to_s3' retrieved from /opt/airflow/dags/main.py
[2026-05-02T09:26:55.147+0000] {logging_mixin.py:190} INFO - [2026-05-02T09:26:55.147+0000] {dag.py:3239} INFO - Sync 1 DAGs
[2026-05-02T09:26:55.180+0000] {logging_mixin.py:190} INFO - [2026-05-02T09:26:55.180+0000] {dag.py:4180} INFO - Setting next_dagrun for orders_kafka_to_s3 to 2026-05-02 00:00:00+00:00, run_after=2026-05-03 00:00:00+00:00
[2026-05-02T09:26:55.212+0000] {processor.py:208} INFO - Processing /opt/airflow/dags/main.py took 0.570 seconds
[2026-05-02T09:27:25.734+0000] {processor.py:186} INFO - Started process (PID=579) to work on /opt/airflow/dags/main.py
[2026-05-02T09:27:25.740+0000] {processor.py:914} INFO - Processing file /opt/airflow/dags/main.py for tasks to queue
[2026-05-02T09:27:25.751+0000] {logging_mixin.py:190} INFO - [2026-05-02T09:27:25.749+0000] {dagbag.py:588} INFO - Filling up the DagBag from /opt/airflow/dags/main.py
[2026-05-02T09:27:26.013+0000] {processor.py:925} INFO - DAG(s) 'orders_kafka_to_s3' retrieved from /opt/airflow/dags/main.py
[2026-05-02T09:27:26.050+0000] {logging_mixin.py:190} INFO - [2026-05-02T09:27:26.050+0000] {dag.py:3239} INFO - Sync 1 DAGs
[2026-05-02T09:27:26.296+0000] {logging_mixin.py:190} INFO - [2026-05-02T09:27:26.296+0000] {dag.py:4180} INFO - Setting next_dagrun for orders_kafka_to_s3 to 2026-05-02 00:00:00+00:00, run_after=2026-05-03 00:00:00+00:00
[2026-05-02T09:27:26.330+0000] {processor.py:208} INFO - Processing /opt/airflow/dags/main.py took 0.633 seconds
[2026-05-02T09:27:56.942+0000] {processor.py:186} INFO - Started process (PID=586) to work on /opt/airflow/dags/main.py
[2026-05-02T09:27:56.944+0000] {processor.py:914} INFO - Processing file /opt/airflow/dags/main.py for tasks to queue
[2026-05-02T09:27:56.949+0000] {logging_mixin.py:190} INFO - [2026-05-02T09:27:56.949+0000] {dagbag.py:588} INFO - Filling up the DagBag from /opt/airflow/dags/main.py
[2026-05-02T09:27:57.112+0000] {processor.py:925} INFO - DAG(s) 'orders_kafka_to_s3' retrieved from /opt/airflow/dags/main.py
[2026-05-02T09:27:57.379+0000] {logging_mixin.py:190} INFO - [2026-05-02T09:27:57.379+0000] {dag.py:3239} INFO - Sync 1 DAGs
[2026-05-02T09:27:57.411+0000] {logging_mixin.py:190} INFO - [2026-05-02T09:27:57.411+0000] {dag.py:4180} INFO - Setting next_dagrun for orders_kafka_to_s3 to 2026-05-02 00:00:00+00:00, run_after=2026-05-03 00:00:00+00:00
[2026-05-02T09:27:57.437+0000] {processor.py:208} INFO - Processing /opt/airflow/dags/main.py took 0.511 seconds
[2026-05-02T09:28:27.895+0000] {processor.py:186} INFO - Started process (PID=593) to work on /opt/airflow/dags/main.py
[2026-05-02T09:28:27.898+0000] {processor.py:914} INFO - Processing file /opt/airflow/dags/main.py for tasks to queue
[2026-05-02T09:28:27.902+0000] {logging_mixin.py:190} INFO - [2026-05-02T09:28:27.902+0000] {dagbag.py:588} INFO - Filling up the DagBag from /opt/airflow/dags/main.py
[2026-05-02T09:28:28.273+0000] {processor.py:925} INFO - DAG(s) 'orders_kafka_to_s3' retrieved from /opt/airflow/dags/main.py
[2026-05-02T09:28:28.321+0000] {logging_mixin.py:190} INFO - [2026-05-02T09:28:28.321+0000] {dag.py:3239} INFO - Sync 1 DAGs
[2026-05-02T09:28:28.358+0000] {logging_mixin.py:190} INFO - [2026-05-02T09:28:28.358+0000] {dag.py:4180} INFO - Setting next_dagrun for orders_kafka_to_s3 to 2026-05-02 00:00:00+00:00, run_after=2026-05-03 00:00:00+00:00
[2026-05-02T09:28:28.400+0000] {processor.py:208} INFO - Processing /opt/airflow/dags/main.py took 0.519 seconds
[2026-05-02T09:28:59.111+0000] {processor.py:186} INFO - Started process (PID=600) to work on /opt/airflow/dags/main.py
[2026-05-02T09:28:59.113+0000] {processor.py:914} INFO - Processing file /opt/airflow/dags/main.py for tasks to queue
[2026-05-02T09:28:59.119+0000] {logging_mixin.py:190} INFO - [2026-05-02T09:28:59.119+0000] {dagbag.py:588} INFO - Filling up the DagBag from /opt/airflow/dags/main.py
[2026-05-02T09:28:59.469+0000] {processor.py:925} INFO - DAG(s) 'orders_kafka_to_s3' retrieved from /opt/airflow/dags/main.py
[2026-05-02T09:28:59.499+0000] {logging_mixin.py:190} INFO - [2026-05-02T09:28:59.499+0000] {dag.py:3239} INFO - Sync 1 DAGs
[2026-05-02T09:28:59.526+0000] {logging_mixin.py:190} INFO - [2026-05-02T09:28:59.525+0000] {dag.py:4180} INFO - Setting next_dagrun for orders_kafka_to_s3 to 2026-05-02 00:00:00+00:00, run_after=2026-05-03 00:00:00+00:00
[2026-05-02T09:28:59.553+0000] {processor.py:208} INFO - Processing /opt/airflow/dags/main.py took 0.459 seconds
[2026-05-02T09:29:30.045+0000] {processor.py:186} INFO - Started process (PID=608) to work on /opt/airflow/dags/main.py
[2026-05-02T09:29:30.048+0000] {processor.py:914} INFO - Processing file /opt/airflow/dags/main.py for tasks to queue
[2026-05-02T09:29:30.052+0000] {logging_mixin.py:190} INFO - [2026-05-02T09:29:30.051+0000] {dagbag.py:588} INFO - Filling up the DagBag from /opt/airflow/dags/main.py
[2026-05-02T09:29:30.416+0000] {processor.py:925} INFO - DAG(s) 'orders_kafka_to_s3' retrieved from /opt/airflow/dags/main.py
[2026-05-02T09:29:30.452+0000] {logging_mixin.py:190} INFO - [2026-05-02T09:29:30.452+0000] {dag.py:3239} INFO - Sync 1 DAGs
[2026-05-02T09:29:30.488+0000] {logging_mixin.py:190} INFO - [2026-05-02T09:29:30.487+0000] {dag.py:4180} INFO - Setting next_dagrun for orders_kafka_to_s3 to 2026-05-02 00:00:00+00:00, run_after=2026-05-03 00:00:00+00:00
[2026-05-02T09:29:30.529+0000] {processor.py:208} INFO - Processing /opt/airflow/dags/main.py took 0.500 seconds
[2026-05-02T09:30:00.824+0000] {processor.py:186} INFO - Started process (PID=615) to work on /opt/airflow/dags/main.py
[2026-05-02T09:30:00.825+0000] {processor.py:914} INFO - Processing file /opt/airflow/dags/main.py for tasks to queue
[2026-05-02T09:30:00.829+0000] {logging_mixin.py:190} INFO - [2026-05-02T09:30:00.828+0000] {dagbag.py:588} INFO - Filling up the DagBag from /opt/airflow/dags/main.py
[2026-05-02T09:30:00.998+0000] {processor.py:925} INFO - DAG(s) 'orders_kafka_to_s3' retrieved from /opt/airflow/dags/main.py
[2026-05-02T09:30:01.047+0000] {logging_mixin.py:190} INFO - [2026-05-02T09:30:01.046+0000] {dag.py:3239} INFO - Sync 1 DAGs
[2026-05-02T09:30:01.294+0000] {logging_mixin.py:190} INFO - [2026-05-02T09:30:01.294+0000] {dag.py:4180} INFO - Setting next_dagrun for orders_kafka_to_s3 to 2026-05-02 00:00:00+00:00, run_after=2026-05-03 00:00:00+00:00
[2026-05-02T09:30:01.327+0000] {processor.py:208} INFO - Processing /opt/airflow/dags/main.py took 0.514 seconds
[2026-05-02T09:30:31.801+0000] {processor.py:186} INFO - Started process (PID=623) to work on /opt/airflow/dags/main.py
[2026-05-02T09:30:31.803+0000] {processor.py:914} INFO - Processing file /opt/airflow/dags/main.py for tasks to queue
[2026-05-02T09:30:31.806+0000] {logging_mixin.py:190} INFO - [2026-05-02T09:30:31.806+0000] {dagbag.py:588} INFO - Filling up the DagBag from /opt/airflow/dags/main.py
[2026-05-02T09:30:31.958+0000] {processor.py:925} INFO - DAG(s) 'orders_kafka_to_s3' retrieved from /opt/airflow/dags/main.py
[2026-05-02T09:30:32.184+0000] {logging_mixin.py:190} INFO - [2026-05-02T09:30:32.183+0000] {dag.py:3239} INFO - Sync 1 DAGs
[2026-05-02T09:30:32.221+0000] {logging_mixin.py:190} INFO - [2026-05-02T09:30:32.220+0000] {dag.py:4180} INFO - Setting next_dagrun for orders_kafka_to_s3 to 2026-05-02 00:00:00+00:00, run_after=2026-05-03 00:00:00+00:00
[2026-05-02T09:30:32.259+0000] {processor.py:208} INFO - Processing /opt/airflow/dags/main.py took 0.467 seconds
[2026-05-02T09:31:02.441+0000] {processor.py:186} INFO - Started process (PID=630) to work on /opt/airflow/dags/main.py
[2026-05-02T09:31:02.443+0000] {processor.py:914} INFO - Processing file /opt/airflow/dags/main.py for tasks to queue
[2026-05-02T09:31:02.446+0000] {logging_mixin.py:190} INFO - [2026-05-02T09:31:02.446+0000] {dagbag.py:588} INFO - Filling up the DagBag from /opt/airflow/dags/main.py
[2026-05-02T09:31:02.586+0000] {processor.py:925} INFO - DAG(s) 'orders_kafka_to_s3' retrieved from /opt/airflow/dags/main.py
[2026-05-02T09:31:02.811+0000] {logging_mixin.py:190} INFO - [2026-05-02T09:31:02.811+0000] {dag.py:3239} INFO - Sync 1 DAGs
[2026-05-02T09:31:02.849+0000] {logging_mixin.py:190} INFO - [2026-05-02T09:31:02.849+0000] {dag.py:4180} INFO - Setting next_dagrun for orders_kafka_to_s3 to 2026-05-02 00:00:00+00:00, run_after=2026-05-03 00:00:00+00:00
[2026-05-02T09:31:02.890+0000] {processor.py:208} INFO - Processing /opt/airflow/dags/main.py took 0.457 seconds
[2026-05-02T09:31:33.430+0000] {processor.py:186} INFO - Started process (PID=637) to work on /opt/airflow/dags/main.py
[2026-05-02T09:31:33.433+0000] {processor.py:914} INFO - Processing file /opt/airflow/dags/main.py for tasks to queue
[2026-05-02T09:31:33.440+0000] {logging_mixin.py:190} INFO - [2026-05-02T09:31:33.439+0000] {dagbag.py:588} INFO - Filling up the DagBag from /opt/airflow/dags/main.py
[2026-05-02T09:31:33.874+0000] {processor.py:925} INFO - DAG(s) 'orders_kafka_to_s3' retrieved from /opt/airflow/dags/main.py
[2026-05-02T09:31:33.912+0000] {logging_mixin.py:190} INFO - [2026-05-02T09:31:33.911+0000] {dag.py:3239} INFO - Sync 1 DAGs
[2026-05-02T09:31:33.947+0000] {logging_mixin.py:190} INFO - [2026-05-02T09:31:33.947+0000] {dag.py:4180} INFO - Setting next_dagrun for orders_kafka_to_s3 to 2026-05-02 00:00:00+00:00, run_after=2026-05-03 00:00:00+00:00
[2026-05-02T09:31:33.972+0000] {processor.py:208} INFO - Processing /opt/airflow/dags/main.py took 0.557 seconds
[2026-05-02T09:32:04.567+0000] {processor.py:186} INFO - Started process (PID=644) to work on /opt/airflow/dags/main.py
[2026-05-02T09:32:04.569+0000] {processor.py:914} INFO - Processing file /opt/airflow/dags/main.py for tasks to queue
[2026-05-02T09:32:04.573+0000] {logging_mixin.py:190} INFO - [2026-05-02T09:32:04.573+0000] {dagbag.py:588} INFO - Filling up the DagBag from /opt/airflow/dags/main.py
[2026-05-02T09:32:05.417+0000] {processor.py:925} INFO - DAG(s) 'orders_kafka_to_s3' retrieved from /opt/airflow/dags/main.py
[2026-05-02T09:32:05.530+0000] {logging_mixin.py:190} INFO - [2026-05-02T09:32:05.530+0000] {dag.py:3239} INFO - Sync 1 DAGs
[2026-05-02T09:32:05.633+0000] {logging_mixin.py:190} INFO - [2026-05-02T09:32:05.632+0000] {dag.py:4180} INFO - Setting next_dagrun for orders_kafka_to_s3 to 2026-05-02 00:00:00+00:00, run_after=2026-05-03 00:00:00+00:00
[2026-05-02T09:32:05.682+0000] {processor.py:208} INFO - Processing /opt/airflow/dags/main.py took 1.123 seconds
[2026-05-02T09:32:36.127+0000] {processor.py:186} INFO - Started process (PID=658) to work on /opt/airflow/dags/main.py
[2026-05-02T09:32:36.129+0000] {processor.py:914} INFO - Processing file /opt/airflow/dags/main.py for tasks to queue
[2026-05-02T09:32:36.133+0000] {logging_mixin.py:190} INFO - [2026-05-02T09:32:36.132+0000] {dagbag.py:588} INFO - Filling up the DagBag from /opt/airflow/dags/main.py
[2026-05-02T09:32:36.509+0000] {processor.py:925} INFO - DAG(s) 'orders_kafka_to_s3' retrieved from /opt/airflow/dags/main.py
[2026-05-02T09:32:36.547+0000] {logging_mixin.py:190} INFO - [2026-05-02T09:32:36.547+0000] {dag.py:3239} INFO - Sync 1 DAGs
[2026-05-02T09:32:36.577+0000] {logging_mixin.py:190} INFO - [2026-05-02T09:32:36.577+0000] {dag.py:4180} INFO - Setting next_dagrun for orders_kafka_to_s3 to 2026-05-02 00:00:00+00:00, run_after=2026-05-03 00:00:00+00:00
[2026-05-02T09:32:36.600+0000] {processor.py:208} INFO - Processing /opt/airflow/dags/main.py took 0.483 seconds
[2026-05-02T09:33:06.793+0000] {processor.py:186} INFO - Started process (PID=665) to work on /opt/airflow/dags/main.py
[2026-05-02T09:33:06.795+0000] {processor.py:914} INFO - Processing file /opt/airflow/dags/main.py for tasks to queue
[2026-05-02T09:33:06.804+0000] {logging_mixin.py:190} INFO - [2026-05-02T09:33:06.803+0000] {dagbag.py:588} INFO - Filling up the DagBag from /opt/airflow/dags/main.py
[2026-05-02T09:33:06.964+0000] {processor.py:925} INFO - DAG(s) 'orders_kafka_to_s3' retrieved from /opt/airflow/dags/main.py
[2026-05-02T09:33:07.008+0000] {logging_mixin.py:190} INFO - [2026-05-02T09:33:07.008+0000] {dag.py:3239} INFO - Sync 1 DAGs
[2026-05-02T09:33:07.284+0000] {logging_mixin.py:190} INFO - [2026-05-02T09:33:07.284+0000] {dag.py:4180} INFO - Setting next_dagrun for orders_kafka_to_s3 to 2026-05-02 00:00:00+00:00, run_after=2026-05-03 00:00:00+00:00
[2026-05-02T09:33:07.319+0000] {processor.py:208} INFO - Processing /opt/airflow/dags/main.py took 0.538 seconds
[2026-05-02T09:33:37.657+0000] {processor.py:186} INFO - Started process (PID=672) to work on /opt/airflow/dags/main.py
[2026-05-02T09:33:37.658+0000] {processor.py:914} INFO - Processing file /opt/airflow/dags/main.py for tasks to queue
[2026-05-02T09:33:37.662+0000] {logging_mixin.py:190} INFO - [2026-05-02T09:33:37.661+0000] {dagbag.py:588} INFO - Filling up the DagBag from /opt/airflow/dags/main.py
[2026-05-02T09:33:37.833+0000] {processor.py:925} INFO - DAG(s) 'orders_kafka_to_s3' retrieved from /opt/airflow/dags/main.py
[2026-05-02T09:33:38.080+0000] {logging_mixin.py:190} INFO - [2026-05-02T09:33:38.080+0000] {dag.py:3239} INFO - Sync 1 DAGs
[2026-05-02T09:33:38.115+0000] {logging_mixin.py:190} INFO - [2026-05-02T09:33:38.115+0000] {dag.py:4180} INFO - Setting next_dagrun for orders_kafka_to_s3 to 2026-05-02 00:00:00+00:00, run_after=2026-05-03 00:00:00+00:00
[2026-05-02T09:33:38.151+0000] {processor.py:208} INFO - Processing /opt/airflow/dags/main.py took 0.504 seconds
[2026-05-02T09:34:08.437+0000] {processor.py:186} INFO - Started process (PID=679) to work on /opt/airflow/dags/main.py
[2026-05-02T09:34:08.439+0000] {processor.py:914} INFO - Processing file /opt/airflow/dags/main.py for tasks to queue
[2026-05-02T09:34:08.444+0000] {logging_mixin.py:190} INFO - [2026-05-02T09:34:08.444+0000] {dagbag.py:588} INFO - Filling up the DagBag from /opt/airflow/dags/main.py
[2026-05-02T09:34:08.633+0000] {processor.py:925} INFO - DAG(s) 'orders_kafka_to_s3' retrieved from /opt/airflow/dags/main.py
[2026-05-02T09:34:08.864+0000] {logging_mixin.py:190} INFO - [2026-05-02T09:34:08.863+0000] {dag.py:3239} INFO - Sync 1 DAGs
[2026-05-02T09:34:08.915+0000] {logging_mixin.py:190} INFO - [2026-05-02T09:34:08.914+0000] {dag.py:4180} INFO - Setting next_dagrun for orders_kafka_to_s3 to 2026-05-02 00:00:00+00:00, run_after=2026-05-03 00:00:00+00:00
[2026-05-02T09:34:08.951+0000] {processor.py:208} INFO - Processing /opt/airflow/dags/main.py took 0.527 seconds
[2026-05-02T09:34:39.315+0000] {processor.py:186} INFO - Started process (PID=685) to work on /opt/airflow/dags/main.py
[2026-05-02T09:34:39.318+0000] {processor.py:914} INFO - Processing file /opt/airflow/dags/main.py for tasks to queue
[2026-05-02T09:34:39.324+0000] {logging_mixin.py:190} INFO - [2026-05-02T09:34:39.324+0000] {dagbag.py:588} INFO - Filling up the DagBag from /opt/airflow/dags/main.py
[2026-05-02T09:34:39.725+0000] {processor.py:925} INFO - DAG(s) 'orders_kafka_to_s3' retrieved from /opt/airflow/dags/main.py
[2026-05-02T09:34:39.755+0000] {logging_mixin.py:190} INFO - [2026-05-02T09:34:39.755+0000] {dag.py:3239} INFO - Sync 1 DAGs
[2026-05-02T09:34:39.783+0000] {logging_mixin.py:190} INFO - [2026-05-02T09:34:39.783+0000] {dag.py:4180} INFO - Setting next_dagrun for orders_kafka_to_s3 to 2026-05-02 00:00:00+00:00, run_after=2026-05-03 00:00:00+00:00
[2026-05-02T09:34:39.807+0000] {processor.py:208} INFO - Processing /opt/airflow/dags/main.py took 0.508 seconds
[2026-05-02T09:35:10.157+0000] {processor.py:186} INFO - Started process (PID=692) to work on /opt/airflow/dags/main.py
[2026-05-02T09:35:10.160+0000] {processor.py:914} INFO - Processing file /opt/airflow/dags/main.py for tasks to queue
[2026-05-02T09:35:10.167+0000] {logging_mixin.py:190} INFO - [2026-05-02T09:35:10.167+0000] {dagbag.py:588} INFO - Filling up the DagBag from /opt/airflow/dags/main.py
[2026-05-02T09:35:10.580+0000] {processor.py:925} INFO - DAG(s) 'orders_kafka_to_s3' retrieved from /opt/airflow/dags/main.py
[2026-05-02T09:35:10.613+0000] {logging_mixin.py:190} INFO - [2026-05-02T09:35:10.612+0000] {dag.py:3239} INFO - Sync 1 DAGs
[2026-05-02T09:35:10.648+0000] {logging_mixin.py:190} INFO - [2026-05-02T09:35:10.647+0000] {dag.py:4180} INFO - Setting next_dagrun for orders_kafka_to_s3 to 2026-05-02 00:00:00+00:00, run_after=2026-05-03 00:00:00+00:00
[2026-05-02T09:35:10.677+0000] {processor.py:208} INFO - Processing /opt/airflow/dags/main.py took 0.546 seconds
[2026-05-02T09:35:40.920+0000] {processor.py:186} INFO - Started process (PID=699) to work on /opt/airflow/dags/main.py
[2026-05-02T09:35:40.922+0000] {processor.py:914} INFO - Processing file /opt/airflow/dags/main.py for tasks to queue
[2026-05-02T09:35:40.926+0000] {logging_mixin.py:190} INFO - [2026-05-02T09:35:40.925+0000] {dagbag.py:588} INFO - Filling up the DagBag from /opt/airflow/dags/main.py
[2026-05-02T09:35:41.313+0000] {processor.py:925} INFO - DAG(s) 'orders_kafka_to_s3' retrieved from /opt/airflow/dags/main.py
[2026-05-02T09:35:41.344+0000] {logging_mixin.py:190} INFO - [2026-05-02T09:35:41.344+0000] {dag.py:3239} INFO - Sync 1 DAGs
[2026-05-02T09:35:41.382+0000] {logging_mixin.py:190} INFO - [2026-05-02T09:35:41.382+0000] {dag.py:4180} INFO - Setting next_dagrun for orders_kafka_to_s3 to 2026-05-02 00:00:00+00:00, run_after=2026-05-03 00:00:00+00:00
[2026-05-02T09:35:41.414+0000] {processor.py:208} INFO - Processing /opt/airflow/dags/main.py took 0.505 seconds
[2026-05-02T09:36:11.923+0000] {processor.py:186} INFO - Started process (PID=706) to work on /opt/airflow/dags/main.py
[2026-05-02T09:36:11.927+0000] {processor.py:914} INFO - Processing file /opt/airflow/dags/main.py for tasks to queue
[2026-05-02T09:36:11.934+0000] {logging_mixin.py:190} INFO - [2026-05-02T09:36:11.933+0000] {dagbag.py:588} INFO - Filling up the DagBag from /opt/airflow/dags/main.py
[2026-05-02T09:36:12.093+0000] {processor.py:925} INFO - DAG(s) 'orders_kafka_to_s3' retrieved from /opt/airflow/dags/main.py
[2026-05-02T09:36:12.128+0000] {logging_mixin.py:190} INFO - [2026-05-02T09:36:12.128+0000] {dag.py:3239} INFO - Sync 1 DAGs
[2026-05-02T09:36:12.366+0000] {logging_mixin.py:190} INFO - [2026-05-02T09:36:12.366+0000] {dag.py:4180} INFO - Setting next_dagrun for orders_kafka_to_s3 to 2026-05-02 00:00:00+00:00, run_after=2026-05-03 00:00:00+00:00
[2026-05-02T09:36:12.394+0000] {processor.py:208} INFO - Processing /opt/airflow/dags/main.py took 0.494 seconds
[2026-05-02T09:36:42.522+0000] {processor.py:186} INFO - Started process (PID=713) to work on /opt/airflow/dags/main.py
[2026-05-02T09:36:42.524+0000] {processor.py:914} INFO - Processing file /opt/airflow/dags/main.py for tasks to queue
[2026-05-02T09:36:42.527+0000] {logging_mixin.py:190} INFO - [2026-05-02T09:36:42.526+0000] {dagbag.py:588} INFO - Filling up the DagBag from /opt/airflow/dags/main.py
[2026-05-02T09:36:42.711+0000] {processor.py:925} INFO - DAG(s) 'orders_kafka_to_s3' retrieved from /opt/airflow/dags/main.py
[2026-05-02T09:36:42.965+0000] {logging_mixin.py:190} INFO - [2026-05-02T09:36:42.965+0000] {dag.py:3239} INFO - Sync 1 DAGs
[2026-05-02T09:36:43.007+0000] {logging_mixin.py:190} INFO - [2026-05-02T09:36:43.007+0000] {dag.py:4180} INFO - Setting next_dagrun for orders_kafka_to_s3 to 2026-05-02 00:00:00+00:00, run_after=2026-05-03 00:00:00+00:00
[2026-05-02T09:36:43.041+0000] {processor.py:208} INFO - Processing /opt/airflow/dags/main.py took 0.530 seconds
[2026-05-02T09:37:13.513+0000] {processor.py:186} INFO - Started process (PID=720) to work on /opt/airflow/dags/main.py
[2026-05-02T09:37:13.516+0000] {processor.py:914} INFO - Processing file /opt/airflow/dags/main.py for tasks to queue
[2026-05-02T09:37:13.521+0000] {logging_mixin.py:190} INFO - [2026-05-02T09:37:13.521+0000] {dagbag.py:588} INFO - Filling up the DagBag from /opt/airflow/dags/main.py
[2026-05-02T09:37:14.003+0000] {processor.py:925} INFO - DAG(s) 'orders_kafka_to_s3' retrieved from /opt/airflow/dags/main.py
[2026-05-02T09:37:14.035+0000] {logging_mixin.py:190} INFO - [2026-05-02T09:37:14.035+0000] {dag.py:3239} INFO - Sync 1 DAGs
[2026-05-02T09:37:14.065+0000] {logging_mixin.py:190} INFO - [2026-05-02T09:37:14.065+0000] {dag.py:4180} INFO - Setting next_dagrun for orders_kafka_to_s3 to 2026-05-02 00:00:00+00:00, run_after=2026-05-03 00:00:00+00:00
[2026-05-02T09:37:14.092+0000] {processor.py:208} INFO - Processing /opt/airflow/dags/main.py took 0.613 seconds
[2026-05-02T09:37:44.224+0000] {processor.py:186} INFO - Started process (PID=727) to work on /opt/airflow/dags/main.py
[2026-05-02T09:37:44.226+0000] {processor.py:914} INFO - Processing file /opt/airflow/dags/main.py for tasks to queue
[2026-05-02T09:37:44.232+0000] {logging_mixin.py:190} INFO - [2026-05-02T09:37:44.231+0000] {dagbag.py:588} INFO - Filling up the DagBag from /opt/airflow/dags/main.py
[2026-05-02T09:37:44.765+0000] {processor.py:925} INFO - DAG(s) 'orders_kafka_to_s3' retrieved from /opt/airflow/dags/main.py
[2026-05-02T09:37:44.806+0000] {logging_mixin.py:190} INFO - [2026-05-02T09:37:44.805+0000] {dag.py:3239} INFO - Sync 1 DAGs
[2026-05-02T09:37:44.841+0000] {logging_mixin.py:190} INFO - [2026-05-02T09:37:44.841+0000] {dag.py:4180} INFO - Setting next_dagrun for orders_kafka_to_s3 to 2026-05-02 00:00:00+00:00, run_after=2026-05-03 00:00:00+00:00
[2026-05-02T09:37:44.870+0000] {processor.py:208} INFO - Processing /opt/airflow/dags/main.py took 0.690 seconds
[2026-05-02T09:38:15.136+0000] {processor.py:186} INFO - Started process (PID=734) to work on /opt/airflow/dags/main.py
[2026-05-02T09:38:15.137+0000] {processor.py:914} INFO - Processing file /opt/airflow/dags/main.py for tasks to queue
[2026-05-02T09:38:15.141+0000] {logging_mixin.py:190} INFO - [2026-05-02T09:38:15.141+0000] {dagbag.py:588} INFO - Filling up the DagBag from /opt/airflow/dags/main.py
[2026-05-02T09:38:15.685+0000] {processor.py:925} INFO - DAG(s) 'orders_kafka_to_s3' retrieved from /opt/airflow/dags/main.py
[2026-05-02T09:38:15.712+0000] {logging_mixin.py:190} INFO - [2026-05-02T09:38:15.711+0000] {dag.py:3239} INFO - Sync 1 DAGs
[2026-05-02T09:38:15.744+0000] {logging_mixin.py:190} INFO - [2026-05-02T09:38:15.743+0000] {dag.py:4180} INFO - Setting next_dagrun for orders_kafka_to_s3 to 2026-05-02 00:00:00+00:00, run_after=2026-05-03 00:00:00+00:00
[2026-05-02T09:38:15.768+0000] {processor.py:208} INFO - Processing /opt/airflow/dags/main.py took 0.640 seconds
[2026-05-02T09:38:46.017+0000] {processor.py:186} INFO - Started process (PID=741) to work on /opt/airflow/dags/main.py
[2026-05-02T09:38:46.022+0000] {processor.py:914} INFO - Processing file /opt/airflow/dags/main.py for tasks to queue
[2026-05-02T09:38:46.035+0000] {logging_mixin.py:190} INFO - [2026-05-02T09:38:46.033+0000] {dagbag.py:588} INFO - Filling up the DagBag from /opt/airflow/dags/main.py
[2026-05-02T09:38:46.594+0000] {processor.py:925} INFO - DAG(s) 'orders_kafka_to_s3' retrieved from /opt/airflow/dags/main.py
[2026-05-02T09:38:46.624+0000] {logging_mixin.py:190} INFO - [2026-05-02T09:38:46.623+0000] {dag.py:3239} INFO - Sync 1 DAGs
[2026-05-02T09:38:46.652+0000] {logging_mixin.py:190} INFO - [2026-05-02T09:38:46.652+0000] {dag.py:4180} INFO - Setting next_dagrun for orders_kafka_to_s3 to 2026-05-02 00:00:00+00:00, run_after=2026-05-03 00:00:00+00:00
[2026-05-02T09:38:46.678+0000] {processor.py:208} INFO - Processing /opt/airflow/dags/main.py took 0.694 seconds
[2026-05-02T09:39:17.329+0000] {processor.py:186} INFO - Started process (PID=748) to work on /opt/airflow/dags/main.py
[2026-05-02T09:39:17.332+0000] {processor.py:914} INFO - Processing file /opt/airflow/dags/main.py for tasks to queue
[2026-05-02T09:39:17.340+0000] {logging_mixin.py:190} INFO - [2026-05-02T09:39:17.339+0000] {dagbag.py:588} INFO - Filling up the DagBag from /opt/airflow/dags/main.py
[2026-05-02T09:39:17.517+0000] {processor.py:925} INFO - DAG(s) 'orders_kafka_to_s3' retrieved from /opt/airflow/dags/main.py
[2026-05-02T09:39:17.775+0000] {logging_mixin.py:190} INFO - [2026-05-02T09:39:17.774+0000] {dag.py:3239} INFO - Sync 1 DAGs
[2026-05-02T09:39:17.851+0000] {logging_mixin.py:190} INFO - [2026-05-02T09:39:17.850+0000] {dag.py:4180} INFO - Setting next_dagrun for orders_kafka_to_s3 to 2026-05-02 00:00:00+00:00, run_after=2026-05-03 00:00:00+00:00
[2026-05-02T09:39:17.893+0000] {processor.py:208} INFO - Processing /opt/airflow/dags/main.py took 0.580 seconds
[2026-05-02T09:39:48.488+0000] {processor.py:186} INFO - Started process (PID=755) to work on /opt/airflow/dags/main.py
[2026-05-02T09:39:48.490+0000] {processor.py:914} INFO - Processing file /opt/airflow/dags/main.py for tasks to queue
[2026-05-02T09:39:48.494+0000] {logging_mixin.py:190} INFO - [2026-05-02T09:39:48.494+0000] {dagbag.py:588} INFO - Filling up the DagBag from /opt/airflow/dags/main.py
[2026-05-02T09:39:48.657+0000] {processor.py:925} INFO - DAG(s) 'orders_kafka_to_s3' retrieved from /opt/airflow/dags/main.py
[2026-05-02T09:39:48.871+0000] {logging_mixin.py:190} INFO - [2026-05-02T09:39:48.870+0000] {dag.py:3239} INFO - Sync 1 DAGs
[2026-05-02T09:39:48.919+0000] {logging_mixin.py:190} INFO - [2026-05-02T09:39:48.918+0000] {dag.py:4180} INFO - Setting next_dagrun for orders_kafka_to_s3 to 2026-05-02 00:00:00+00:00, run_after=2026-05-03 00:00:00+00:00
[2026-05-02T09:39:48.958+0000] {processor.py:208} INFO - Processing /opt/airflow/dags/main.py took 0.479 seconds
[2026-05-02T09:40:19.377+0000] {processor.py:186} INFO - Started process (PID=762) to work on /opt/airflow/dags/main.py
[2026-05-02T09:40:19.379+0000] {processor.py:914} INFO - Processing file /opt/airflow/dags/main.py for tasks to queue
[2026-05-02T09:40:19.382+0000] {logging_mixin.py:190} INFO - [2026-05-02T09:40:19.381+0000] {dagbag.py:588} INFO - Filling up the DagBag from /opt/airflow/dags/main.py
[2026-05-02T09:40:19.761+0000] {processor.py:925} INFO - DAG(s) 'orders_kafka_to_s3' retrieved from /opt/airflow/dags/main.py
[2026-05-02T09:40:19.808+0000] {logging_mixin.py:190} INFO - [2026-05-02T09:40:19.808+0000] {dag.py:3239} INFO - Sync 1 DAGs
[2026-05-02T09:40:19.853+0000] {logging_mixin.py:190} INFO - [2026-05-02T09:40:19.852+0000] {dag.py:4180} INFO - Setting next_dagrun for orders_kafka_to_s3 to 2026-05-02 00:00:00+00:00, run_after=2026-05-03 00:00:00+00:00
[2026-05-02T09:40:19.876+0000] {processor.py:208} INFO - Processing /opt/airflow/dags/main.py took 0.507 seconds
[2026-05-02T09:40:50.061+0000] {processor.py:186} INFO - Started process (PID=769) to work on /opt/airflow/dags/main.py
[2026-05-02T09:40:50.064+0000] {processor.py:914} INFO - Processing file /opt/airflow/dags/main.py for tasks to queue
[2026-05-02T09:40:50.069+0000] {logging_mixin.py:190} INFO - [2026-05-02T09:40:50.068+0000] {dagbag.py:588} INFO - Filling up the DagBag from /opt/airflow/dags/main.py
[2026-05-02T09:40:50.476+0000] {processor.py:925} INFO - DAG(s) 'orders_kafka_to_s3' retrieved from /opt/airflow/dags/main.py
[2026-05-02T09:40:50.527+0000] {logging_mixin.py:190} INFO - [2026-05-02T09:40:50.526+0000] {dag.py:3239} INFO - Sync 1 DAGs
[2026-05-02T09:40:50.562+0000] {logging_mixin.py:190} INFO - [2026-05-02T09:40:50.562+0000] {dag.py:4180} INFO - Setting next_dagrun for orders_kafka_to_s3 to 2026-05-02 00:00:00+00:00, run_after=2026-05-03 00:00:00+00:00
[2026-05-02T09:40:50.589+0000] {processor.py:208} INFO - Processing /opt/airflow/dags/main.py took 0.538 seconds
[2026-05-02T09:41:20.909+0000] {processor.py:186} INFO - Started process (PID=776) to work on /opt/airflow/dags/main.py
[2026-05-02T09:41:20.912+0000] {processor.py:914} INFO - Processing file /opt/airflow/dags/main.py for tasks to queue
[2026-05-02T09:41:20.918+0000] {logging_mixin.py:190} INFO - [2026-05-02T09:41:20.917+0000] {dagbag.py:588} INFO - Filling up the DagBag from /opt/airflow/dags/main.py
[2026-05-02T09:41:23.459+0000] {processor.py:925} INFO - DAG(s) 'orders_kafka_to_s3' retrieved from /opt/airflow/dags/main.py
[2026-05-02T09:41:23.504+0000] {logging_mixin.py:190} INFO - [2026-05-02T09:41:23.504+0000] {dag.py:3239} INFO - Sync 1 DAGs
[2026-05-02T09:41:23.544+0000] {logging_mixin.py:190} INFO - [2026-05-02T09:41:23.544+0000] {dag.py:4180} INFO - Setting next_dagrun for orders_kafka_to_s3 to 2026-05-02 00:00:00+00:00, run_after=2026-05-03 00:00:00+00:00
[2026-05-02T09:41:23.576+0000] {processor.py:208} INFO - Processing /opt/airflow/dags/main.py took 0.584 seconds
[2026-05-02T09:41:54.274+0000] {processor.py:186} INFO - Started process (PID=783) to work on /opt/airflow/dags/main.py
[2026-05-02T09:41:54.276+0000] {processor.py:914} INFO - Processing file /opt/airflow/dags/main.py for tasks to queue
[2026-05-02T09:41:54.282+0000] {logging_mixin.py:190} INFO - [2026-05-02T09:41:54.281+0000] {dagbag.py:588} INFO - Filling up the DagBag from /opt/airflow/dags/main.py
[2026-05-02T09:41:54.431+0000] {processor.py:925} INFO - DAG(s) 'orders_kafka_to_s3' retrieved from /opt/airflow/dags/main.py
[2026-05-02T09:41:54.473+0000] {logging_mixin.py:190} INFO - [2026-05-02T09:41:54.473+0000] {dag.py:3239} INFO - Sync 1 DAGs
[2026-05-02T09:41:54.704+0000] {logging_mixin.py:190} INFO - [2026-05-02T09:41:54.703+0000] {dag.py:4180} INFO - Setting next_dagrun for orders_kafka_to_s3 to 2026-05-02 00:00:00+00:00, run_after=2026-05-03 00:00:00+00:00
[2026-05-02T09:41:54.732+0000] {processor.py:208} INFO - Processing /opt/airflow/dags/main.py took 0.467 seconds
[2026-05-02T09:42:25.256+0000] {processor.py:186} INFO - Started process (PID=790) to work on /opt/airflow/dags/main.py
[2026-05-02T09:42:25.258+0000] {processor.py:914} INFO - Processing file /opt/airflow/dags/main.py for tasks to queue
[2026-05-02T09:42:25.262+0000] {logging_mixin.py:190} INFO - [2026-05-02T09:42:25.262+0000] {dagbag.py:588} INFO - Filling up the DagBag from /opt/airflow/dags/main.py
[2026-05-02T09:42:25.432+0000] {processor.py:925} INFO - DAG(s) 'orders_kafka_to_s3' retrieved from /opt/airflow/dags/main.py
[2026-05-02T09:42:25.670+0000] {logging_mixin.py:190} INFO - [2026-05-02T09:42:25.669+0000] {dag.py:3239} INFO - Sync 1 DAGs
[2026-05-02T09:42:25.719+0000] {logging_mixin.py:190} INFO - [2026-05-02T09:42:25.719+0000] {dag.py:4180} INFO - Setting next_dagrun for orders_kafka_to_s3 to 2026-05-02 00:00:00+00:00, run_after=2026-05-03 00:00:00+00:00
[2026-05-02T09:42:25.751+0000] {processor.py:208} INFO - Processing /opt/airflow/dags/main.py took 0.504 seconds
[2026-05-02T09:42:56.064+0000] {processor.py:186} INFO - Started process (PID=797) to work on /opt/airflow/dags/main.py
[2026-05-02T09:42:56.066+0000] {processor.py:914} INFO - Processing file /opt/airflow/dags/main.py for tasks to queue
[2026-05-02T09:42:56.071+0000] {logging_mixin.py:190} INFO - [2026-05-02T09:42:56.071+0000] {dagbag.py:588} INFO - Filling up the DagBag from /opt/airflow/dags/main.py
[2026-05-02T09:42:56.482+0000] {processor.py:925} INFO - DAG(s) 'orders_kafka_to_s3' retrieved from /opt/airflow/dags/main.py
[2026-05-02T09:42:56.517+0000] {logging_mixin.py:190} INFO - [2026-05-02T09:42:56.516+0000] {dag.py:3239} INFO - Sync 1 DAGs
[2026-05-02T09:42:56.546+0000] {logging_mixin.py:190} INFO - [2026-05-02T09:42:56.545+0000] {dag.py:4180} INFO - Setting next_dagrun for orders_kafka_to_s3 to 2026-05-02 00:00:00+00:00, run_after=2026-05-03 00:00:00+00:00
[2026-05-02T09:42:56.583+0000] {processor.py:208} INFO - Processing /opt/airflow/dags/main.py took 0.536 seconds
[2026-05-02T09:43:26.722+0000] {processor.py:186} INFO - Started process (PID=803) to work on /opt/airflow/dags/main.py
[2026-05-02T09:43:26.724+0000] {processor.py:914} INFO - Processing file /opt/airflow/dags/main.py for tasks to queue
[2026-05-02T09:43:26.729+0000] {logging_mixin.py:190} INFO - [2026-05-02T09:43:26.728+0000] {dagbag.py:588} INFO - Filling up the DagBag from /opt/airflow/dags/main.py
[2026-05-02T09:43:27.075+0000] {processor.py:925} INFO - DAG(s) 'orders_kafka_to_s3' retrieved from /opt/airflow/dags/main.py
[2026-05-02T09:43:27.112+0000] {logging_mixin.py:190} INFO - [2026-05-02T09:43:27.111+0000] {dag.py:3239} INFO - Sync 1 DAGs
[2026-05-02T09:43:27.138+0000] {logging_mixin.py:190} INFO - [2026-05-02T09:43:27.137+0000] {dag.py:4180} INFO - Setting next_dagrun for orders_kafka_to_s3 to 2026-05-02 00:00:00+00:00, run_after=2026-05-03 00:00:00+00:00
[2026-05-02T09:43:27.161+0000] {processor.py:208} INFO - Processing /opt/airflow/dags/main.py took 0.450 seconds
[2026-05-02T09:43:57.384+0000] {processor.py:186} INFO - Started process (PID=810) to work on /opt/airflow/dags/main.py
[2026-05-02T09:43:57.386+0000] {processor.py:914} INFO - Processing file /opt/airflow/dags/main.py for tasks to queue
[2026-05-02T09:43:57.390+0000] {logging_mixin.py:190} INFO - [2026-05-02T09:43:57.389+0000] {dagbag.py:588} INFO - Filling up the DagBag from /opt/airflow/dags/main.py
[2026-05-02T09:43:57.721+0000] {processor.py:925} INFO - DAG(s) 'orders_kafka_to_s3' retrieved from /opt/airflow/dags/main.py
[2026-05-02T09:43:57.749+0000] {logging_mixin.py:190} INFO - [2026-05-02T09:43:57.749+0000] {dag.py:3239} INFO - Sync 1 DAGs
[2026-05-02T09:43:57.775+0000] {logging_mixin.py:190} INFO - [2026-05-02T09:43:57.775+0000] {dag.py:4180} INFO - Setting next_dagrun for orders_kafka_to_s3 to 2026-05-02 00:00:00+00:00, run_after=2026-05-03 00:00:00+00:00
[2026-05-02T09:43:57.801+0000] {processor.py:208} INFO - Processing /opt/airflow/dags/main.py took 0.426 seconds
[2026-05-02T09:44:28.113+0000] {processor.py:186} INFO - Started process (PID=817) to work on /opt/airflow/dags/main.py
[2026-05-02T09:44:28.115+0000] {processor.py:914} INFO - Processing file /opt/airflow/dags/main.py for tasks to queue
[2026-05-02T09:44:28.119+0000] {logging_mixin.py:190} INFO - [2026-05-02T09:44:28.119+0000] {dagbag.py:588} INFO - Filling up the DagBag from /opt/airflow/dags/main.py
[2026-05-02T09:44:28.548+0000] {processor.py:925} INFO - DAG(s) 'orders_kafka_to_s3' retrieved from /opt/airflow/dags/main.py
[2026-05-02T09:44:28.578+0000] {logging_mixin.py:190} INFO - [2026-05-02T09:44:28.578+0000] {dag.py:3239} INFO - Sync 1 DAGs
[2026-05-02T09:44:28.613+0000] {logging_mixin.py:190} INFO - [2026-05-02T09:44:28.613+0000] {dag.py:4180} INFO - Setting next_dagrun for orders_kafka_to_s3 to 2026-05-02 00:00:00+00:00, run_after=2026-05-03 00:00:00+00:00
[2026-05-02T09:44:28.649+0000] {processor.py:208} INFO - Processing /opt/airflow/dags/main.py took 0.545 seconds
[2026-05-02T09:44:58.880+0000] {processor.py:186} INFO - Started process (PID=824) to work on /opt/airflow/dags/main.py
[2026-05-02T09:44:58.883+0000] {processor.py:914} INFO - Processing file /opt/airflow/dags/main.py for tasks to queue
[2026-05-02T09:44:58.887+0000] {logging_mixin.py:190} INFO - [2026-05-02T09:44:58.887+0000] {dagbag.py:588} INFO - Filling up the DagBag from /opt/airflow/dags/main.py
[2026-05-02T09:44:59.086+0000] {processor.py:925} INFO - DAG(s) 'orders_kafka_to_s3' retrieved from /opt/airflow/dags/main.py
[2026-05-02T09:44:59.120+0000] {logging_mixin.py:190} INFO - [2026-05-02T09:44:59.120+0000] {dag.py:3239} INFO - Sync 1 DAGs
[2026-05-02T09:44:59.347+0000] {logging_mixin.py:190} INFO - [2026-05-02T09:44:59.347+0000] {dag.py:4180} INFO - Setting next_dagrun for orders_kafka_to_s3 to 2026-05-02 00:00:00+00:00, run_after=2026-05-03 00:00:00+00:00
[2026-05-02T09:44:59.379+0000] {processor.py:208} INFO - Processing /opt/airflow/dags/main.py took 0.520 seconds
[2026-05-02T09:45:29.665+0000] {processor.py:186} INFO - Started process (PID=831) to work on /opt/airflow/dags/main.py
[2026-05-02T09:45:29.669+0000] {processor.py:914} INFO - Processing file /opt/airflow/dags/main.py for tasks to queue
[2026-05-02T09:45:29.676+0000] {logging_mixin.py:190} INFO - [2026-05-02T09:45:29.675+0000] {dagbag.py:588} INFO - Filling up the DagBag from /opt/airflow/dags/main.py
[2026-05-02T09:45:29.885+0000] {processor.py:925} INFO - DAG(s) 'orders_kafka_to_s3' retrieved from /opt/airflow/dags/main.py
[2026-05-02T09:45:30.109+0000] {logging_mixin.py:190} INFO - [2026-05-02T09:45:30.108+0000] {dag.py:3239} INFO - Sync 1 DAGs
[2026-05-02T09:45:30.141+0000] {logging_mixin.py:190} INFO - [2026-05-02T09:45:30.141+0000] {dag.py:4180} INFO - Setting next_dagrun for orders_kafka_to_s3 to 2026-05-02 00:00:00+00:00, run_after=2026-05-03 00:00:00+00:00
[2026-05-02T09:45:30.168+0000] {processor.py:208} INFO - Processing /opt/airflow/dags/main.py took 0.520 seconds
[2026-05-02T09:46:00.414+0000] {processor.py:186} INFO - Started process (PID=838) to work on /opt/airflow/dags/main.py
[2026-05-02T09:46:00.417+0000] {processor.py:914} INFO - Processing file /opt/airflow/dags/main.py for tasks to queue
[2026-05-02T09:46:00.422+0000] {logging_mixin.py:190} INFO - [2026-05-02T09:46:00.421+0000] {dagbag.py:588} INFO - Filling up the DagBag from /opt/airflow/dags/main.py
[2026-05-02T09:46:00.800+0000] {processor.py:925} INFO - DAG(s) 'orders_kafka_to_s3' retrieved from /opt/airflow/dags/main.py
[2026-05-02T09:46:00.827+0000] {logging_mixin.py:190} INFO - [2026-05-02T09:46:00.827+0000] {dag.py:3239} INFO - Sync 1 DAGs
[2026-05-02T09:46:00.851+0000] {logging_mixin.py:190} INFO - [2026-05-02T09:46:00.851+0000] {dag.py:4180} INFO - Setting next_dagrun for orders_kafka_to_s3 to 2026-05-02 00:00:00+00:00, run_after=2026-05-03 00:00:00+00:00
[2026-05-02T09:46:00.875+0000] {processor.py:208} INFO - Processing /opt/airflow/dags/main.py took 0.476 seconds
[2026-05-02T09:46:31.069+0000] {processor.py:186} INFO - Started process (PID=845) to work on /opt/airflow/dags/main.py
[2026-05-02T09:46:31.071+0000] {processor.py:914} INFO - Processing file /opt/airflow/dags/main.py for tasks to queue
[2026-05-02T09:46:31.075+0000] {logging_mixin.py:190} INFO - [2026-05-02T09:46:31.075+0000] {dagbag.py:588} INFO - Filling up the DagBag from /opt/airflow/dags/main.py
[2026-05-02T09:46:31.818+0000] {processor.py:925} INFO - DAG(s) 'orders_kafka_to_s3' retrieved from /opt/airflow/dags/main.py
[2026-05-02T09:46:31.919+0000] {logging_mixin.py:190} INFO - [2026-05-02T09:46:31.919+0000] {dag.py:3239} INFO - Sync 1 DAGs
[2026-05-02T09:46:32.048+0000] {logging_mixin.py:190} INFO - [2026-05-02T09:46:32.047+0000] {dag.py:4180} INFO - Setting next_dagrun for orders_kafka_to_s3 to 2026-05-02 00:00:00+00:00, run_after=2026-05-03 00:00:00+00:00
[2026-05-02T09:46:32.129+0000] {processor.py:208} INFO - Processing /opt/airflow/dags/main.py took 1.071 seconds
[2026-05-02T09:47:02.560+0000] {processor.py:186} INFO - Started process (PID=852) to work on /opt/airflow/dags/main.py
[2026-05-02T09:47:02.564+0000] {processor.py:914} INFO - Processing file /opt/airflow/dags/main.py for tasks to queue
[2026-05-02T09:47:02.573+0000] {logging_mixin.py:190} INFO - [2026-05-02T09:47:02.572+0000] {dagbag.py:588} INFO - Filling up the DagBag from /opt/airflow/dags/main.py
[2026-05-02T09:47:03.152+0000] {processor.py:925} INFO - DAG(s) 'orders_kafka_to_s3' retrieved from /opt/airflow/dags/main.py
[2026-05-02T09:47:03.196+0000] {logging_mixin.py:190} INFO - [2026-05-02T09:47:03.195+0000] {dag.py:3239} INFO - Sync 1 DAGs
[2026-05-02T09:47:03.258+0000] {logging_mixin.py:190} INFO - [2026-05-02T09:47:03.257+0000] {dag.py:4180} INFO - Setting next_dagrun for orders_kafka_to_s3 to 2026-05-02 00:00:00+00:00, run_after=2026-05-03 00:00:00+00:00
[2026-05-02T09:47:03.300+0000] {processor.py:208} INFO - Processing /opt/airflow/dags/main.py took 0.751 seconds
[2026-05-02T09:47:33.813+0000] {processor.py:186} INFO - Started process (PID=860) to work on /opt/airflow/dags/main.py
[2026-05-02T09:47:33.815+0000] {processor.py:914} INFO - Processing file /opt/airflow/dags/main.py for tasks to queue
[2026-05-02T09:47:33.822+0000] {logging_mixin.py:190} INFO - [2026-05-02T09:47:33.821+0000] {dagbag.py:588} INFO - Filling up the DagBag from /opt/airflow/dags/main.py
[2026-05-02T09:47:34.387+0000] {processor.py:925} INFO - DAG(s) 'orders_kafka_to_s3' retrieved from /opt/airflow/dags/main.py
[2026-05-02T09:47:34.429+0000] {logging_mixin.py:190} INFO - [2026-05-02T09:47:34.429+0000] {dag.py:3239} INFO - Sync 1 DAGs
[2026-05-02T09:47:34.474+0000] {logging_mixin.py:190} INFO - [2026-05-02T09:47:34.473+0000] {dag.py:4180} INFO - Setting next_dagrun for orders_kafka_to_s3 to 2026-05-02 00:00:00+00:00, run_after=2026-05-03 00:00:00+00:00
[2026-05-02T09:47:34.538+0000] {processor.py:208} INFO - Processing /opt/airflow/dags/main.py took 0.740 seconds
[2026-05-02T09:48:05.055+0000] {processor.py:186} INFO - Started process (PID=867) to work on /opt/airflow/dags/main.py
[2026-05-02T09:48:05.057+0000] {processor.py:914} INFO - Processing file /opt/airflow/dags/main.py for tasks to queue
[2026-05-02T09:48:05.063+0000] {logging_mixin.py:190} INFO - [2026-05-02T09:48:05.062+0000] {dagbag.py:588} INFO - Filling up the DagBag from /opt/airflow/dags/main.py
[2026-05-02T09:48:05.228+0000] {processor.py:925} INFO - DAG(s) 'orders_kafka_to_s3' retrieved from /opt/airflow/dags/main.py
[2026-05-02T09:48:05.469+0000] {logging_mixin.py:190} INFO - [2026-05-02T09:48:05.469+0000] {dag.py:3239} INFO - Sync 1 DAGs
[2026-05-02T09:48:05.505+0000] {logging_mixin.py:190} INFO - [2026-05-02T09:48:05.504+0000] {dag.py:4180} INFO - Setting next_dagrun for orders_kafka_to_s3 to 2026-05-02 00:00:00+00:00, run_after=2026-05-03 00:00:00+00:00
[2026-05-02T09:48:05.531+0000] {processor.py:208} INFO - Processing /opt/airflow/dags/main.py took 0.491 seconds
[2026-05-02T09:48:35.952+0000] {processor.py:186} INFO - Started process (PID=874) to work on /opt/airflow/dags/main.py
[2026-05-02T09:48:35.953+0000] {processor.py:914} INFO - Processing file /opt/airflow/dags/main.py for tasks to queue
[2026-05-02T09:48:35.958+0000] {logging_mixin.py:190} INFO - [2026-05-02T09:48:35.957+0000] {dagbag.py:588} INFO - Filling up the DagBag from /opt/airflow/dags/main.py
[2026-05-02T09:48:36.137+0000] {processor.py:925} INFO - DAG(s) 'orders_kafka_to_s3' retrieved from /opt/airflow/dags/main.py
[2026-05-02T09:48:36.376+0000] {logging_mixin.py:190} INFO - [2026-05-02T09:48:36.376+0000] {dag.py:3239} INFO - Sync 1 DAGs
[2026-05-02T09:48:36.425+0000] {logging_mixin.py:190} INFO - [2026-05-02T09:48:36.424+0000] {dag.py:4180} INFO - Setting next_dagrun for orders_kafka_to_s3 to 2026-05-02 00:00:00+00:00, run_after=2026-05-03 00:00:00+00:00
[2026-05-02T09:48:36.461+0000] {processor.py:208} INFO - Processing /opt/airflow/dags/main.py took 0.519 seconds
[2026-05-02T09:49:06.616+0000] {processor.py:186} INFO - Started process (PID=881) to work on /opt/airflow/dags/main.py
[2026-05-02T09:49:06.618+0000] {processor.py:914} INFO - Processing file /opt/airflow/dags/main.py for tasks to queue
[2026-05-02T09:49:06.622+0000] {logging_mixin.py:190} INFO - [2026-05-02T09:49:06.622+0000] {dagbag.py:588} INFO - Filling up the DagBag from /opt/airflow/dags/main.py
[2026-05-02T09:49:07.050+0000] {processor.py:925} INFO - DAG(s) 'orders_kafka_to_s3' retrieved from /opt/airflow/dags/main.py
[2026-05-02T09:49:07.086+0000] {logging_mixin.py:190} INFO - [2026-05-02T09:49:07.086+0000] {dag.py:3239} INFO - Sync 1 DAGs
[2026-05-02T09:49:07.126+0000] {logging_mixin.py:190} INFO - [2026-05-02T09:49:07.125+0000] {dag.py:4180} INFO - Setting next_dagrun for orders_kafka_to_s3 to 2026-05-02 00:00:00+00:00, run_after=2026-05-03 00:00:00+00:00
[2026-05-02T09:49:07.150+0000] {processor.py:208} INFO - Processing /opt/airflow/dags/main.py took 0.546 seconds
[2026-05-02T09:49:38.095+0000] {processor.py:186} INFO - Started process (PID=888) to work on /opt/airflow/dags/main.py
[2026-05-02T09:49:38.096+0000] {processor.py:914} INFO - Processing file /opt/airflow/dags/main.py for tasks to queue
[2026-05-02T09:49:38.101+0000] {logging_mixin.py:190} INFO - [2026-05-02T09:49:38.101+0000] {dagbag.py:588} INFO - Filling up the DagBag from /opt/airflow/dags/main.py
[2026-05-02T09:49:38.528+0000] {processor.py:925} INFO - DAG(s) 'orders_kafka_to_s3' retrieved from /opt/airflow/dags/main.py
[2026-05-02T09:49:38.559+0000] {logging_mixin.py:190} INFO - [2026-05-02T09:49:38.558+0000] {dag.py:3239} INFO - Sync 1 DAGs
[2026-05-02T09:49:38.587+0000] {logging_mixin.py:190} INFO - [2026-05-02T09:49:38.587+0000] {dag.py:4180} INFO - Setting next_dagrun for orders_kafka_to_s3 to 2026-05-02 00:00:00+00:00, run_after=2026-05-03 00:00:00+00:00
[2026-05-02T09:49:38.611+0000] {processor.py:208} INFO - Processing /opt/airflow/dags/main.py took 0.526 seconds
[2026-05-02T09:50:08.865+0000] {processor.py:186} INFO - Started process (PID=895) to work on /opt/airflow/dags/main.py
[2026-05-02T09:50:08.867+0000] {processor.py:914} INFO - Processing file /opt/airflow/dags/main.py for tasks to queue
[2026-05-02T09:50:08.871+0000] {logging_mixin.py:190} INFO - [2026-05-02T09:50:08.871+0000] {dagbag.py:588} INFO - Filling up the DagBag from /opt/airflow/dags/main.py
[2026-05-02T09:50:09.220+0000] {processor.py:925} INFO - DAG(s) 'orders_kafka_to_s3' retrieved from /opt/airflow/dags/main.py
[2026-05-02T09:50:09.258+0000] {logging_mixin.py:190} INFO - [2026-05-02T09:50:09.258+0000] {dag.py:3239} INFO - Sync 1 DAGs
[2026-05-02T09:50:09.303+0000] {logging_mixin.py:190} INFO - [2026-05-02T09:50:09.303+0000] {dag.py:4180} INFO - Setting next_dagrun for orders_kafka_to_s3 to 2026-05-02 00:00:00+00:00, run_after=2026-05-03 00:00:00+00:00
[2026-05-02T09:50:09.335+0000] {processor.py:208} INFO - Processing /opt/airflow/dags/main.py took 0.484 seconds
[2026-05-02T09:50:39.637+0000] {processor.py:186} INFO - Started process (PID=902) to work on /opt/airflow/dags/main.py
[2026-05-02T09:50:39.638+0000] {processor.py:914} INFO - Processing file /opt/airflow/dags/main.py for tasks to queue
[2026-05-02T09:50:39.641+0000] {logging_mixin.py:190} INFO - [2026-05-02T09:50:39.641+0000] {dagbag.py:588} INFO - Filling up the DagBag from /opt/airflow/dags/main.py
[2026-05-02T09:50:40.012+0000] {processor.py:925} INFO - DAG(s) 'orders_kafka_to_s3' retrieved from /opt/airflow/dags/main.py
[2026-05-02T09:50:40.042+0000] {logging_mixin.py:190} INFO - [2026-05-02T09:50:40.042+0000] {dag.py:3239} INFO - Sync 1 DAGs
[2026-05-02T09:50:40.071+0000] {logging_mixin.py:190} INFO - [2026-05-02T09:50:40.070+0000] {dag.py:4180} INFO - Setting next_dagrun for orders_kafka_to_s3 to 2026-05-02 00:00:00+00:00, run_after=2026-05-03 00:00:00+00:00
[2026-05-02T09:50:40.096+0000] {processor.py:208} INFO - Processing /opt/airflow/dags/main.py took 0.467 seconds
[2026-05-02T09:51:11.025+0000] {processor.py:186} INFO - Started process (PID=909) to work on /opt/airflow/dags/main.py
[2026-05-02T09:51:11.027+0000] {processor.py:914} INFO - Processing file /opt/airflow/dags/main.py for tasks to queue
[2026-05-02T09:51:11.033+0000] {logging_mixin.py:190} INFO - [2026-05-02T09:51:11.033+0000] {dagbag.py:588} INFO - Filling up the DagBag from /opt/airflow/dags/main.py
[2026-05-02T09:51:11.244+0000] {processor.py:925} INFO - DAG(s) 'orders_kafka_to_s3' retrieved from /opt/airflow/dags/main.py
[2026-05-02T09:51:11.513+0000] {logging_mixin.py:190} INFO - [2026-05-02T09:51:11.513+0000] {dag.py:3239} INFO - Sync 1 DAGs
[2026-05-02T09:51:11.551+0000] {logging_mixin.py:190} INFO - [2026-05-02T09:51:11.551+0000] {dag.py:4180} INFO - Setting next_dagrun for orders_kafka_to_s3 to 2026-05-02 00:00:00+00:00, run_after=2026-05-03 00:00:00+00:00
[2026-05-02T09:51:11.589+0000] {processor.py:208} INFO - Processing /opt/airflow/dags/main.py took 0.580 seconds
[2026-05-02T09:51:41.783+0000] {processor.py:186} INFO - Started process (PID=916) to work on /opt/airflow/dags/main.py
[2026-05-02T09:51:41.786+0000] {processor.py:914} INFO - Processing file /opt/airflow/dags/main.py for tasks to queue
[2026-05-02T09:51:41.793+0000] {logging_mixin.py:190} INFO - [2026-05-02T09:51:41.792+0000] {dagbag.py:588} INFO - Filling up the DagBag from /opt/airflow/dags/main.py
[2026-05-02T09:51:43.059+0000] {processor.py:925} INFO - DAG(s) 'orders_kafka_to_s3' retrieved from /opt/airflow/dags/main.py
[2026-05-02T09:51:43.166+0000] {logging_mixin.py:190} INFO - [2026-05-02T09:51:43.166+0000] {dag.py:3239} INFO - Sync 1 DAGs
[2026-05-02T09:51:43.227+0000] {logging_mixin.py:190} INFO - [2026-05-02T09:51:43.227+0000] {dag.py:4180} INFO - Setting next_dagrun for orders_kafka_to_s3 to 2026-05-02 00:00:00+00:00, run_after=2026-05-03 00:00:00+00:00
[2026-05-02T09:51:43.258+0000] {processor.py:208} INFO - Processing /opt/airflow/dags/main.py took 1.499 seconds
[2026-05-02T09:52:13.942+0000] {processor.py:186} INFO - Started process (PID=929) to work on /opt/airflow/dags/main.py
[2026-05-02T09:52:13.944+0000] {processor.py:914} INFO - Processing file /opt/airflow/dags/main.py for tasks to queue
[2026-05-02T09:52:13.947+0000] {logging_mixin.py:190} INFO - [2026-05-02T09:52:13.947+0000] {dagbag.py:588} INFO - Filling up the DagBag from /opt/airflow/dags/main.py
[2026-05-02T09:52:14.331+0000] {processor.py:925} INFO - DAG(s) 'orders_kafka_to_s3' retrieved from /opt/airflow/dags/main.py
[2026-05-02T09:52:14.368+0000] {logging_mixin.py:190} INFO - [2026-05-02T09:52:14.368+0000] {dag.py:3239} INFO - Sync 1 DAGs
[2026-05-02T09:52:14.398+0000] {logging_mixin.py:190} INFO - [2026-05-02T09:52:14.398+0000] {dag.py:4180} INFO - Setting next_dagrun for orders_kafka_to_s3 to 2026-05-02 00:00:00+00:00, run_after=2026-05-03 00:00:00+00:00
[2026-05-02T09:52:14.423+0000] {processor.py:208} INFO - Processing /opt/airflow/dags/main.py took 0.489 seconds
[2026-05-02T09:52:45.056+0000] {processor.py:186} INFO - Started process (PID=937) to work on /opt/airflow/dags/main.py
[2026-05-02T09:52:45.058+0000] {processor.py:914} INFO - Processing file /opt/airflow/dags/main.py for tasks to queue
[2026-05-02T09:52:45.063+0000] {logging_mixin.py:190} INFO - [2026-05-02T09:52:45.062+0000] {dagbag.py:588} INFO - Filling up the DagBag from /opt/airflow/dags/main.py
[2026-05-02T09:52:45.529+0000] {processor.py:925} INFO - DAG(s) 'orders_kafka_to_s3' retrieved from /opt/airflow/dags/main.py
[2026-05-02T09:52:45.562+0000] {logging_mixin.py:190} INFO - [2026-05-02T09:52:45.562+0000] {dag.py:3239} INFO - Sync 1 DAGs
[2026-05-02T09:52:45.591+0000] {logging_mixin.py:190} INFO - [2026-05-02T09:52:45.590+0000] {dag.py:4180} INFO - Setting next_dagrun for orders_kafka_to_s3 to 2026-05-02 00:00:00+00:00, run_after=2026-05-03 00:00:00+00:00
[2026-05-02T09:52:45.614+0000] {processor.py:208} INFO - Processing /opt/airflow/dags/main.py took 0.570 seconds
[2026-05-02T09:53:15.989+0000] {processor.py:186} INFO - Started process (PID=944) to work on /opt/airflow/dags/main.py
[2026-05-02T09:53:15.990+0000] {processor.py:914} INFO - Processing file /opt/airflow/dags/main.py for tasks to queue
[2026-05-02T09:53:15.994+0000] {logging_mixin.py:190} INFO - [2026-05-02T09:53:15.994+0000] {dagbag.py:588} INFO - Filling up the DagBag from /opt/airflow/dags/main.py
[2026-05-02T09:53:16.469+0000] {processor.py:925} INFO - DAG(s) 'orders_kafka_to_s3' retrieved from /opt/airflow/dags/main.py
[2026-05-02T09:53:16.507+0000] {logging_mixin.py:190} INFO - [2026-05-02T09:53:16.507+0000] {dag.py:3239} INFO - Sync 1 DAGs
[2026-05-02T09:53:16.543+0000] {logging_mixin.py:190} INFO - [2026-05-02T09:53:16.543+0000] {dag.py:4180} INFO - Setting next_dagrun for orders_kafka_to_s3 to 2026-05-02 00:00:00+00:00, run_after=2026-05-03 00:00:00+00:00
[2026-05-02T09:53:16.573+0000] {processor.py:208} INFO - Processing /opt/airflow/dags/main.py took 0.599 seconds
[2026-05-02T09:53:47.139+0000] {processor.py:186} INFO - Started process (PID=950) to work on /opt/airflow/dags/main.py
[2026-05-02T09:53:47.141+0000] {processor.py:914} INFO - Processing file /opt/airflow/dags/main.py for tasks to queue
[2026-05-02T09:53:47.145+0000] {logging_mixin.py:190} INFO - [2026-05-02T09:53:47.145+0000] {dagbag.py:588} INFO - Filling up the DagBag from /opt/airflow/dags/main.py
[2026-05-02T09:53:47.527+0000] {processor.py:925} INFO - DAG(s) 'orders_kafka_to_s3' retrieved from /opt/airflow/dags/main.py
[2026-05-02T09:53:47.565+0000] {logging_mixin.py:190} INFO - [2026-05-02T09:53:47.565+0000] {dag.py:3239} INFO - Sync 1 DAGs
[2026-05-02T09:53:47.599+0000] {logging_mixin.py:190} INFO - [2026-05-02T09:53:47.599+0000] {dag.py:4180} INFO - Setting next_dagrun for orders_kafka_to_s3 to 2026-05-02 00:00:00+00:00, run_after=2026-05-03 00:00:00+00:00
[2026-05-02T09:53:47.630+0000] {processor.py:208} INFO - Processing /opt/airflow/dags/main.py took 0.501 seconds
[2026-05-02T09:54:18.137+0000] {processor.py:186} INFO - Started process (PID=957) to work on /opt/airflow/dags/main.py
[2026-05-02T09:54:18.139+0000] {processor.py:914} INFO - Processing file /opt/airflow/dags/main.py for tasks to queue
[2026-05-02T09:54:18.142+0000] {logging_mixin.py:190} INFO - [2026-05-02T09:54:18.142+0000] {dagbag.py:588} INFO - Filling up the DagBag from /opt/airflow/dags/main.py
[2026-05-02T09:54:18.311+0000] {processor.py:925} INFO - DAG(s) 'orders_kafka_to_s3' retrieved from /opt/airflow/dags/main.py
[2026-05-02T09:54:18.551+0000] {logging_mixin.py:190} INFO - [2026-05-02T09:54:18.551+0000] {dag.py:3239} INFO - Sync 1 DAGs
[2026-05-02T09:54:18.585+0000] {logging_mixin.py:190} INFO - [2026-05-02T09:54:18.584+0000] {dag.py:4180} INFO - Setting next_dagrun for orders_kafka_to_s3 to 2026-05-02 00:00:00+00:00, run_after=2026-05-03 00:00:00+00:00
[2026-05-02T09:54:18.618+0000] {processor.py:208} INFO - Processing /opt/airflow/dags/main.py took 0.463 seconds
[2026-05-02T09:54:49.185+0000] {processor.py:186} INFO - Started process (PID=964) to work on /opt/airflow/dags/main.py
[2026-05-02T09:54:49.186+0000] {processor.py:914} INFO - Processing file /opt/airflow/dags/main.py for tasks to queue
[2026-05-02T09:54:49.190+0000] {logging_mixin.py:190} INFO - [2026-05-02T09:54:49.189+0000] {dagbag.py:588} INFO - Filling up the DagBag from /opt/airflow/dags/main.py
[2026-05-02T09:54:49.575+0000] {processor.py:925} INFO - DAG(s) 'orders_kafka_to_s3' retrieved from /opt/airflow/dags/main.py
[2026-05-02T09:54:49.621+0000] {logging_mixin.py:190} INFO - [2026-05-02T09:54:49.620+0000] {dag.py:3239} INFO - Sync 1 DAGs
[2026-05-02T09:54:49.649+0000] {logging_mixin.py:190} INFO - [2026-05-02T09:54:49.648+0000] {dag.py:4180} INFO - Setting next_dagrun for orders_kafka_to_s3 to 2026-05-02 00:00:00+00:00, run_after=2026-05-03 00:00:00+00:00
[2026-05-02T09:54:49.671+0000] {processor.py:208} INFO - Processing /opt/airflow/dags/main.py took 0.494 seconds
[2026-05-02T09:55:20.204+0000] {processor.py:186} INFO - Started process (PID=971) to work on /opt/airflow/dags/main.py
[2026-05-02T09:55:20.205+0000] {processor.py:914} INFO - Processing file /opt/airflow/dags/main.py for tasks to queue
[2026-05-02T09:55:20.209+0000] {logging_mixin.py:190} INFO - [2026-05-02T09:55:20.208+0000] {dagbag.py:588} INFO - Filling up the DagBag from /opt/airflow/dags/main.py
[2026-05-02T09:55:20.609+0000] {processor.py:925} INFO - DAG(s) 'orders_kafka_to_s3' retrieved from /opt/airflow/dags/main.py
[2026-05-02T09:55:20.659+0000] {logging_mixin.py:190} INFO - [2026-05-02T09:55:20.659+0000] {dag.py:3239} INFO - Sync 1 DAGs
[2026-05-02T09:55:20.710+0000] {logging_mixin.py:190} INFO - [2026-05-02T09:55:20.709+0000] {dag.py:4180} INFO - Setting next_dagrun for orders_kafka_to_s3 to 2026-05-02 00:00:00+00:00, run_after=2026-05-03 00:00:00+00:00
[2026-05-02T09:55:20.757+0000] {processor.py:208} INFO - Processing /opt/airflow/dags/main.py took 0.562 seconds
[2026-05-02T09:55:51.299+0000] {processor.py:186} INFO - Started process (PID=977) to work on /opt/airflow/dags/main.py
[2026-05-02T09:55:51.301+0000] {processor.py:914} INFO - Processing file /opt/airflow/dags/main.py for tasks to queue
[2026-05-02T09:55:51.304+0000] {logging_mixin.py:190} INFO - [2026-05-02T09:55:51.304+0000] {dagbag.py:588} INFO - Filling up the DagBag from /opt/airflow/dags/main.py
[2026-05-02T09:55:51.682+0000] {processor.py:925} INFO - DAG(s) 'orders_kafka_to_s3' retrieved from /opt/airflow/dags/main.py
[2026-05-02T09:55:51.712+0000] {logging_mixin.py:190} INFO - [2026-05-02T09:55:51.712+0000] {dag.py:3239} INFO - Sync 1 DAGs
[2026-05-02T09:55:51.742+0000] {logging_mixin.py:190} INFO - [2026-05-02T09:55:51.742+0000] {dag.py:4180} INFO - Setting next_dagrun for orders_kafka_to_s3 to 2026-05-02 00:00:00+00:00, run_after=2026-05-03 00:00:00+00:00
[2026-05-02T09:55:51.765+0000] {processor.py:208} INFO - Processing /opt/airflow/dags/main.py took 0.475 seconds
[2026-05-02T09:56:22.184+0000] {processor.py:186} INFO - Started process (PID=984) to work on /opt/airflow/dags/main.py
[2026-05-02T09:56:22.187+0000] {processor.py:914} INFO - Processing file /opt/airflow/dags/main.py for tasks to queue
[2026-05-02T09:56:22.192+0000] {logging_mixin.py:190} INFO - [2026-05-02T09:56:22.192+0000] {dagbag.py:588} INFO - Filling up the DagBag from /opt/airflow/dags/main.py
[2026-05-02T09:56:22.604+0000] {processor.py:925} INFO - DAG(s) 'orders_kafka_to_s3' retrieved from /opt/airflow/dags/main.py
[2026-05-02T09:56:22.632+0000] {logging_mixin.py:190} INFO - [2026-05-02T09:56:22.632+0000] {dag.py:3239} INFO - Sync 1 DAGs
[2026-05-02T09:56:22.658+0000] {logging_mixin.py:190} INFO - [2026-05-02T09:56:22.658+0000] {dag.py:4180} INFO - Setting next_dagrun for orders_kafka_to_s3 to 2026-05-02 00:00:00+00:00, run_after=2026-05-03 00:00:00+00:00
[2026-05-02T09:56:22.681+0000] {processor.py:208} INFO - Processing /opt/airflow/dags/main.py took 0.514 seconds
[2026-05-02T09:56:52.884+0000] {processor.py:186} INFO - Started process (PID=991) to work on /opt/airflow/dags/main.py
[2026-05-02T09:56:52.886+0000] {processor.py:914} INFO - Processing file /opt/airflow/dags/main.py for tasks to queue
[2026-05-02T09:56:52.890+0000] {logging_mixin.py:190} INFO - [2026-05-02T09:56:52.890+0000] {dagbag.py:588} INFO - Filling up the DagBag from /opt/airflow/dags/main.py
[2026-05-02T09:56:53.026+0000] {processor.py:925} INFO - DAG(s) 'orders_kafka_to_s3' retrieved from /opt/airflow/dags/main.py
[2026-05-02T09:56:53.263+0000] {logging_mixin.py:190} INFO - [2026-05-02T09:56:53.263+0000] {dag.py:3239} INFO - Sync 1 DAGs
[2026-05-02T09:56:53.294+0000] {logging_mixin.py:190} INFO - [2026-05-02T09:56:53.293+0000] {dag.py:4180} INFO - Setting next_dagrun for orders_kafka_to_s3 to 2026-05-02 00:00:00+00:00, run_after=2026-05-03 00:00:00+00:00
[2026-05-02T09:56:53.321+0000] {processor.py:208} INFO - Processing /opt/airflow/dags/main.py took 0.445 seconds
[2026-05-02T09:57:23.759+0000] {processor.py:186} INFO - Started process (PID=998) to work on /opt/airflow/dags/main.py
[2026-05-02T09:57:23.761+0000] {processor.py:914} INFO - Processing file /opt/airflow/dags/main.py for tasks to queue
[2026-05-02T09:57:23.766+0000] {logging_mixin.py:190} INFO - [2026-05-02T09:57:23.765+0000] {dagbag.py:588} INFO - Filling up the DagBag from /opt/airflow/dags/main.py
[2026-05-02T09:57:24.134+0000] {processor.py:925} INFO - DAG(s) 'orders_kafka_to_s3' retrieved from /opt/airflow/dags/main.py
[2026-05-02T09:57:24.177+0000] {logging_mixin.py:190} INFO - [2026-05-02T09:57:24.176+0000] {dag.py:3239} INFO - Sync 1 DAGs
[2026-05-02T09:57:24.204+0000] {logging_mixin.py:190} INFO - [2026-05-02T09:57:24.204+0000] {dag.py:4180} INFO - Setting next_dagrun for orders_kafka_to_s3 to 2026-05-02 00:00:00+00:00, run_after=2026-05-03 00:00:00+00:00
[2026-05-02T09:57:24.239+0000] {processor.py:208} INFO - Processing /opt/airflow/dags/main.py took 0.490 seconds
[2026-05-02T09:57:54.787+0000] {processor.py:186} INFO - Started process (PID=1005) to work on /opt/airflow/dags/main.py
[2026-05-02T09:57:54.789+0000] {processor.py:914} INFO - Processing file /opt/airflow/dags/main.py for tasks to queue
[2026-05-02T09:57:54.798+0000] {logging_mixin.py:190} INFO - [2026-05-02T09:57:54.797+0000] {dagbag.py:588} INFO - Filling up the DagBag from /opt/airflow/dags/main.py
[2026-05-02T09:57:55.197+0000] {processor.py:925} INFO - DAG(s) 'orders_kafka_to_s3' retrieved from /opt/airflow/dags/main.py
[2026-05-02T09:57:55.224+0000] {logging_mixin.py:190} INFO - [2026-05-02T09:57:55.224+0000] {dag.py:3239} INFO - Sync 1 DAGs
[2026-05-02T09:57:55.254+0000] {logging_mixin.py:190} INFO - [2026-05-02T09:57:55.254+0000] {dag.py:4180} INFO - Setting next_dagrun for orders_kafka_to_s3 to 2026-05-02 00:00:00+00:00, run_after=2026-05-03 00:00:00+00:00
[2026-05-02T09:57:55.278+0000] {processor.py:208} INFO - Processing /opt/airflow/dags/main.py took 0.511 seconds
[2026-05-02T09:58:25.644+0000] {processor.py:186} INFO - Started process (PID=1012) to work on /opt/airflow/dags/main.py
[2026-05-02T09:58:25.646+0000] {processor.py:914} INFO - Processing file /opt/airflow/dags/main.py for tasks to queue
[2026-05-02T09:58:25.651+0000] {logging_mixin.py:190} INFO - [2026-05-02T09:58:25.650+0000] {dagbag.py:588} INFO - Filling up the DagBag from /opt/airflow/dags/main.py
[2026-05-02T09:58:26.057+0000] {processor.py:925} INFO - DAG(s) 'orders_kafka_to_s3' retrieved from /opt/airflow/dags/main.py
[2026-05-02T09:58:26.097+0000] {logging_mixin.py:190} INFO - [2026-05-02T09:58:26.097+0000] {dag.py:3239} INFO - Sync 1 DAGs
[2026-05-02T09:58:26.135+0000] {logging_mixin.py:190} INFO - [2026-05-02T09:58:26.134+0000] {dag.py:4180} INFO - Setting next_dagrun for orders_kafka_to_s3 to 2026-05-02 00:00:00+00:00, run_after=2026-05-03 00:00:00+00:00
[2026-05-02T09:58:26.169+0000] {processor.py:208} INFO - Processing /opt/airflow/dags/main.py took 0.535 seconds
[2026-05-02T09:58:56.745+0000] {processor.py:186} INFO - Started process (PID=1019) to work on /opt/airflow/dags/main.py
[2026-05-02T09:58:56.747+0000] {processor.py:914} INFO - Processing file /opt/airflow/dags/main.py for tasks to queue
[2026-05-02T09:58:56.751+0000] {logging_mixin.py:190} INFO - [2026-05-02T09:58:56.750+0000] {dagbag.py:588} INFO - Filling up the DagBag from /opt/airflow/dags/main.py
[2026-05-02T09:58:57.148+0000] {processor.py:925} INFO - DAG(s) 'orders_kafka_to_s3' retrieved from /opt/airflow/dags/main.py
[2026-05-02T09:58:57.174+0000] {logging_mixin.py:190} INFO - [2026-05-02T09:58:57.174+0000] {dag.py:3239} INFO - Sync 1 DAGs
[2026-05-02T09:58:57.202+0000] {logging_mixin.py:190} INFO - [2026-05-02T09:58:57.201+0000] {dag.py:4180} INFO - Setting next_dagrun for orders_kafka_to_s3 to 2026-05-02 00:00:00+00:00, run_after=2026-05-03 00:00:00+00:00
[2026-05-02T09:58:57.226+0000] {processor.py:208} INFO - Processing /opt/airflow/dags/main.py took 0.494 seconds
[2026-05-02T09:59:27.598+0000] {processor.py:186} INFO - Started process (PID=1026) to work on /opt/airflow/dags/main.py
[2026-05-02T09:59:27.600+0000] {processor.py:914} INFO - Processing file /opt/airflow/dags/main.py for tasks to queue
[2026-05-02T09:59:27.604+0000] {logging_mixin.py:190} INFO - [2026-05-02T09:59:27.603+0000] {dagbag.py:588} INFO - Filling up the DagBag from /opt/airflow/dags/main.py
[2026-05-02T09:59:27.999+0000] {processor.py:925} INFO - DAG(s) 'orders_kafka_to_s3' retrieved from /opt/airflow/dags/main.py
[2026-05-02T09:59:28.065+0000] {logging_mixin.py:190} INFO - [2026-05-02T09:59:28.064+0000] {dag.py:3239} INFO - Sync 1 DAGs
[2026-05-02T09:59:28.108+0000] {logging_mixin.py:190} INFO - [2026-05-02T09:59:28.107+0000] {dag.py:4180} INFO - Setting next_dagrun for orders_kafka_to_s3 to 2026-05-02 00:00:00+00:00, run_after=2026-05-03 00:00:00+00:00
[2026-05-02T09:59:28.143+0000] {processor.py:208} INFO - Processing /opt/airflow/dags/main.py took 0.556 seconds
[2026-05-02T09:59:58.545+0000] {processor.py:186} INFO - Started process (PID=1033) to work on /opt/airflow/dags/main.py
[2026-05-02T09:59:58.548+0000] {processor.py:914} INFO - Processing file /opt/airflow/dags/main.py for tasks to queue
[2026-05-02T09:59:58.552+0000] {logging_mixin.py:190} INFO - [2026-05-02T09:59:58.551+0000] {dagbag.py:588} INFO - Filling up the DagBag from /opt/airflow/dags/main.py
[2026-05-02T09:59:58.747+0000] {processor.py:925} INFO - DAG(s) 'orders_kafka_to_s3' retrieved from /opt/airflow/dags/main.py
[2026-05-02T09:59:59.075+0000] {logging_mixin.py:190} INFO - [2026-05-02T09:59:59.075+0000] {dag.py:3239} INFO - Sync 1 DAGs
[2026-05-02T09:59:59.120+0000] {logging_mixin.py:190} INFO - [2026-05-02T09:59:59.119+0000] {dag.py:4180} INFO - Setting next_dagrun for orders_kafka_to_s3 to 2026-05-02 00:00:00+00:00, run_after=2026-05-03 00:00:00+00:00
[2026-05-02T09:59:59.157+0000] {processor.py:208} INFO - Processing /opt/airflow/dags/main.py took 0.629 seconds
[2026-05-02T10:00:29.529+0000] {processor.py:186} INFO - Started process (PID=1040) to work on /opt/airflow/dags/main.py
[2026-05-02T10:00:29.533+0000] {processor.py:914} INFO - Processing file /opt/airflow/dags/main.py for tasks to queue
[2026-05-02T10:00:29.541+0000] {logging_mixin.py:190} INFO - [2026-05-02T10:00:29.539+0000] {dagbag.py:588} INFO - Filling up the DagBag from /opt/airflow/dags/main.py
[2026-05-02T10:00:30.018+0000] {processor.py:925} INFO - DAG(s) 'orders_kafka_to_s3' retrieved from /opt/airflow/dags/main.py
[2026-05-02T10:00:30.070+0000] {logging_mixin.py:190} INFO - [2026-05-02T10:00:30.070+0000] {dag.py:3239} INFO - Sync 1 DAGs
[2026-05-02T10:00:30.099+0000] {logging_mixin.py:190} INFO - [2026-05-02T10:00:30.098+0000] {dag.py:4180} INFO - Setting next_dagrun for orders_kafka_to_s3 to 2026-05-02 00:00:00+00:00, run_after=2026-05-03 00:00:00+00:00
[2026-05-02T10:00:30.123+0000] {processor.py:208} INFO - Processing /opt/airflow/dags/main.py took 0.616 seconds
[2026-05-02T10:01:00.677+0000] {processor.py:186} INFO - Started process (PID=1047) to work on /opt/airflow/dags/main.py
[2026-05-02T10:01:00.679+0000] {processor.py:914} INFO - Processing file /opt/airflow/dags/main.py for tasks to queue
[2026-05-02T10:01:00.687+0000] {logging_mixin.py:190} INFO - [2026-05-02T10:01:00.686+0000] {dagbag.py:588} INFO - Filling up the DagBag from /opt/airflow/dags/main.py
[2026-05-02T10:01:01.151+0000] {processor.py:925} INFO - DAG(s) 'orders_kafka_to_s3' retrieved from /opt/airflow/dags/main.py
[2026-05-02T10:01:01.186+0000] {logging_mixin.py:190} INFO - [2026-05-02T10:01:01.186+0000] {dag.py:3239} INFO - Sync 1 DAGs
[2026-05-02T10:01:01.215+0000] {logging_mixin.py:190} INFO - [2026-05-02T10:01:01.215+0000] {dag.py:4180} INFO - Setting next_dagrun for orders_kafka_to_s3 to 2026-05-02 00:00:00+00:00, run_after=2026-05-03 00:00:00+00:00
[2026-05-02T10:01:01.242+0000] {processor.py:208} INFO - Processing /opt/airflow/dags/main.py took 0.581 seconds
[2026-05-02T10:01:31.358+0000] {processor.py:186} INFO - Started process (PID=1054) to work on /opt/airflow/dags/main.py
[2026-05-02T10:01:31.360+0000] {processor.py:914} INFO - Processing file /opt/airflow/dags/main.py for tasks to queue
[2026-05-02T10:01:31.365+0000] {logging_mixin.py:190} INFO - [2026-05-02T10:01:31.364+0000] {dagbag.py:588} INFO - Filling up the DagBag from /opt/airflow/dags/main.py
[2026-05-02T10:01:31.753+0000] {processor.py:925} INFO - DAG(s) 'orders_kafka_to_s3' retrieved from /opt/airflow/dags/main.py
[2026-05-02T10:01:31.784+0000] {logging_mixin.py:190} INFO - [2026-05-02T10:01:31.783+0000] {dag.py:3239} INFO - Sync 1 DAGs
[2026-05-02T10:01:31.812+0000] {logging_mixin.py:190} INFO - [2026-05-02T10:01:31.811+0000] {dag.py:4180} INFO - Setting next_dagrun for orders_kafka_to_s3 to 2026-05-02 00:00:00+00:00, run_after=2026-05-03 00:00:00+00:00
[2026-05-02T10:01:31.833+0000] {processor.py:208} INFO - Processing /opt/airflow/dags/main.py took 0.484 seconds
[2026-05-02T10:02:02.323+0000] {processor.py:186} INFO - Started process (PID=1061) to work on /opt/airflow/dags/main.py
[2026-05-02T10:02:02.325+0000] {processor.py:914} INFO - Processing file /opt/airflow/dags/main.py for tasks to queue
[2026-05-02T10:02:02.329+0000] {logging_mixin.py:190} INFO - [2026-05-02T10:02:02.329+0000] {dagbag.py:588} INFO - Filling up the DagBag from /opt/airflow/dags/main.py
[2026-05-02T10:02:02.698+0000] {processor.py:925} INFO - DAG(s) 'orders_kafka_to_s3' retrieved from /opt/airflow/dags/main.py
[2026-05-02T10:02:02.743+0000] {logging_mixin.py:190} INFO - [2026-05-02T10:02:02.742+0000] {dag.py:3239} INFO - Sync 1 DAGs
[2026-05-02T10:02:02.790+0000] {logging_mixin.py:190} INFO - [2026-05-02T10:02:02.790+0000] {dag.py:4180} INFO - Setting next_dagrun for orders_kafka_to_s3 to 2026-05-02 00:00:00+00:00, run_after=2026-05-03 00:00:00+00:00
[2026-05-02T10:02:02.825+0000] {processor.py:208} INFO - Processing /opt/airflow/dags/main.py took 0.512 seconds
[2026-05-02T10:02:33.421+0000] {processor.py:186} INFO - Started process (PID=1068) to work on /opt/airflow/dags/main.py
[2026-05-02T10:02:33.423+0000] {processor.py:914} INFO - Processing file /opt/airflow/dags/main.py for tasks to queue
[2026-05-02T10:02:33.429+0000] {logging_mixin.py:190} INFO - [2026-05-02T10:02:33.428+0000] {dagbag.py:588} INFO - Filling up the DagBag from /opt/airflow/dags/main.py
[2026-05-02T10:02:33.881+0000] {processor.py:925} INFO - DAG(s) 'orders_kafka_to_s3' retrieved from /opt/airflow/dags/main.py
[2026-05-02T10:02:33.930+0000] {logging_mixin.py:190} INFO - [2026-05-02T10:02:33.929+0000] {dag.py:3239} INFO - Sync 1 DAGs
[2026-05-02T10:02:33.958+0000] {logging_mixin.py:190} INFO - [2026-05-02T10:02:33.958+0000] {dag.py:4180} INFO - Setting next_dagrun for orders_kafka_to_s3 to 2026-05-02 00:00:00+00:00, run_after=2026-05-03 00:00:00+00:00
[2026-05-02T10:02:33.990+0000] {processor.py:208} INFO - Processing /opt/airflow/dags/main.py took 0.587 seconds
[2026-05-02T10:03:04.505+0000] {processor.py:186} INFO - Started process (PID=1075) to work on /opt/airflow/dags/main.py
[2026-05-02T10:03:04.507+0000] {processor.py:914} INFO - Processing file /opt/airflow/dags/main.py for tasks to queue
[2026-05-02T10:03:04.512+0000] {logging_mixin.py:190} INFO - [2026-05-02T10:03:04.511+0000] {dagbag.py:588} INFO - Filling up the DagBag from /opt/airflow/dags/main.py
[2026-05-02T10:03:04.715+0000] {processor.py:925} INFO - DAG(s) 'orders_kafka_to_s3' retrieved from /opt/airflow/dags/main.py
[2026-05-02T10:03:04.946+0000] {logging_mixin.py:190} INFO - [2026-05-02T10:03:04.946+0000] {dag.py:3239} INFO - Sync 1 DAGs
[2026-05-02T10:03:04.997+0000] {logging_mixin.py:190} INFO - [2026-05-02T10:03:04.996+0000] {dag.py:4180} INFO - Setting next_dagrun for orders_kafka_to_s3 to 2026-05-02 00:00:00+00:00, run_after=2026-05-03 00:00:00+00:00
[2026-05-02T10:03:05.037+0000] {processor.py:208} INFO - Processing /opt/airflow/dags/main.py took 0.553 seconds
[2026-05-02T10:03:35.616+0000] {processor.py:186} INFO - Started process (PID=1082) to work on /opt/airflow/dags/main.py
[2026-05-02T10:03:35.617+0000] {processor.py:914} INFO - Processing file /opt/airflow/dags/main.py for tasks to queue
[2026-05-02T10:03:35.624+0000] {logging_mixin.py:190} INFO - [2026-05-02T10:03:35.624+0000] {dagbag.py:588} INFO - Filling up the DagBag from /opt/airflow/dags/main.py
[2026-05-02T10:03:36.019+0000] {processor.py:925} INFO - DAG(s) 'orders_kafka_to_s3' retrieved from /opt/airflow/dags/main.py
[2026-05-02T10:03:36.058+0000] {logging_mixin.py:190} INFO - [2026-05-02T10:03:36.058+0000] {dag.py:3239} INFO - Sync 1 DAGs
[2026-05-02T10:03:36.096+0000] {logging_mixin.py:190} INFO - [2026-05-02T10:03:36.096+0000] {dag.py:4180} INFO - Setting next_dagrun for orders_kafka_to_s3 to 2026-05-02 00:00:00+00:00, run_after=2026-05-03 00:00:00+00:00
[2026-05-02T10:03:36.120+0000] {processor.py:208} INFO - Processing /opt/airflow/dags/main.py took 0.514 seconds
[2026-05-02T10:04:06.623+0000] {processor.py:186} INFO - Started process (PID=1089) to work on /opt/airflow/dags/main.py
[2026-05-02T10:04:06.628+0000] {processor.py:914} INFO - Processing file /opt/airflow/dags/main.py for tasks to queue
[2026-05-02T10:04:06.633+0000] {logging_mixin.py:190} INFO - [2026-05-02T10:04:06.633+0000] {dagbag.py:588} INFO - Filling up the DagBag from /opt/airflow/dags/main.py
[2026-05-02T10:04:07.081+0000] {processor.py:925} INFO - DAG(s) 'orders_kafka_to_s3' retrieved from /opt/airflow/dags/main.py
[2026-05-02T10:04:07.119+0000] {logging_mixin.py:190} INFO - [2026-05-02T10:04:07.118+0000] {dag.py:3239} INFO - Sync 1 DAGs
[2026-05-02T10:04:07.155+0000] {logging_mixin.py:190} INFO - [2026-05-02T10:04:07.154+0000] {dag.py:4180} INFO - Setting next_dagrun for orders_kafka_to_s3 to 2026-05-02 00:00:00+00:00, run_after=2026-05-03 00:00:00+00:00
[2026-05-02T10:04:07.182+0000] {processor.py:208} INFO - Processing /opt/airflow/dags/main.py took 0.570 seconds
[2026-05-02T10:04:37.740+0000] {processor.py:186} INFO - Started process (PID=1096) to work on /opt/airflow/dags/main.py
[2026-05-02T10:04:37.744+0000] {processor.py:914} INFO - Processing file /opt/airflow/dags/main.py for tasks to queue
[2026-05-02T10:04:37.750+0000] {logging_mixin.py:190} INFO - [2026-05-02T10:04:37.749+0000] {dagbag.py:588} INFO - Filling up the DagBag from /opt/airflow/dags/main.py
[2026-05-02T10:04:38.219+0000] {processor.py:925} INFO - DAG(s) 'orders_kafka_to_s3' retrieved from /opt/airflow/dags/main.py
[2026-05-02T10:04:38.273+0000] {logging_mixin.py:190} INFO - [2026-05-02T10:04:38.272+0000] {dag.py:3239} INFO - Sync 1 DAGs
[2026-05-02T10:04:38.322+0000] {logging_mixin.py:190} INFO - [2026-05-02T10:04:38.322+0000] {dag.py:4180} INFO - Setting next_dagrun for orders_kafka_to_s3 to 2026-05-02 00:00:00+00:00, run_after=2026-05-03 00:00:00+00:00
[2026-05-02T10:04:38.346+0000] {processor.py:208} INFO - Processing /opt/airflow/dags/main.py took 0.626 seconds
[2026-05-02T10:05:08.560+0000] {processor.py:186} INFO - Started process (PID=1103) to work on /opt/airflow/dags/main.py
[2026-05-02T10:05:08.564+0000] {processor.py:914} INFO - Processing file /opt/airflow/dags/main.py for tasks to queue
[2026-05-02T10:05:08.569+0000] {logging_mixin.py:190} INFO - [2026-05-02T10:05:08.568+0000] {dagbag.py:588} INFO - Filling up the DagBag from /opt/airflow/dags/main.py
[2026-05-02T10:05:08.979+0000] {processor.py:925} INFO - DAG(s) 'orders_kafka_to_s3' retrieved from /opt/airflow/dags/main.py
[2026-05-02T10:05:09.011+0000] {logging_mixin.py:190} INFO - [2026-05-02T10:05:09.011+0000] {dag.py:3239} INFO - Sync 1 DAGs
[2026-05-02T10:05:09.057+0000] {logging_mixin.py:190} INFO - [2026-05-02T10:05:09.057+0000] {dag.py:4180} INFO - Setting next_dagrun for orders_kafka_to_s3 to 2026-05-02 00:00:00+00:00, run_after=2026-05-03 00:00:00+00:00
[2026-05-02T10:05:09.083+0000] {processor.py:208} INFO - Processing /opt/airflow/dags/main.py took 0.539 seconds
[2026-05-02T10:05:39.322+0000] {processor.py:186} INFO - Started process (PID=1110) to work on /opt/airflow/dags/main.py
[2026-05-02T10:05:39.325+0000] {processor.py:914} INFO - Processing file /opt/airflow/dags/main.py for tasks to queue
[2026-05-02T10:05:39.332+0000] {logging_mixin.py:190} INFO - [2026-05-02T10:05:39.331+0000] {dagbag.py:588} INFO - Filling up the DagBag from /opt/airflow/dags/main.py
[2026-05-02T10:05:39.808+0000] {processor.py:925} INFO - DAG(s) 'orders_kafka_to_s3' retrieved from /opt/airflow/dags/main.py
[2026-05-02T10:05:39.848+0000] {logging_mixin.py:190} INFO - [2026-05-02T10:05:39.848+0000] {dag.py:3239} INFO - Sync 1 DAGs
[2026-05-02T10:05:39.882+0000] {logging_mixin.py:190} INFO - [2026-05-02T10:05:39.881+0000] {dag.py:4180} INFO - Setting next_dagrun for orders_kafka_to_s3 to 2026-05-02 00:00:00+00:00, run_after=2026-05-03 00:00:00+00:00
[2026-05-02T10:05:39.924+0000] {processor.py:208} INFO - Processing /opt/airflow/dags/main.py took 0.629 seconds
[2026-05-02T10:06:10.152+0000] {processor.py:186} INFO - Started process (PID=1117) to work on /opt/airflow/dags/main.py
[2026-05-02T10:06:10.155+0000] {processor.py:914} INFO - Processing file /opt/airflow/dags/main.py for tasks to queue
[2026-05-02T10:06:10.162+0000] {logging_mixin.py:190} INFO - [2026-05-02T10:06:10.161+0000] {dagbag.py:588} INFO - Filling up the DagBag from /opt/airflow/dags/main.py
[2026-05-02T10:06:10.596+0000] {processor.py:925} INFO - DAG(s) 'orders_kafka_to_s3' retrieved from /opt/airflow/dags/main.py
[2026-05-02T10:06:10.651+0000] {logging_mixin.py:190} INFO - [2026-05-02T10:06:10.650+0000] {dag.py:3239} INFO - Sync 1 DAGs
[2026-05-02T10:06:10.683+0000] {logging_mixin.py:190} INFO - [2026-05-02T10:06:10.683+0000] {dag.py:4180} INFO - Setting next_dagrun for orders_kafka_to_s3 to 2026-05-02 00:00:00+00:00, run_after=2026-05-03 00:00:00+00:00
[2026-05-02T10:06:10.707+0000] {processor.py:208} INFO - Processing /opt/airflow/dags/main.py took 0.574 seconds
[2026-05-02T10:06:40.933+0000] {processor.py:186} INFO - Started process (PID=1124) to work on /opt/airflow/dags/main.py
[2026-05-02T10:06:40.936+0000] {processor.py:914} INFO - Processing file /opt/airflow/dags/main.py for tasks to queue
[2026-05-02T10:06:40.940+0000] {logging_mixin.py:190} INFO - [2026-05-02T10:06:40.940+0000] {dagbag.py:588} INFO - Filling up the DagBag from /opt/airflow/dags/main.py
[2026-05-02T10:06:41.364+0000] {processor.py:925} INFO - DAG(s) 'orders_kafka_to_s3' retrieved from /opt/airflow/dags/main.py
[2026-05-02T10:06:41.414+0000] {logging_mixin.py:190} INFO - [2026-05-02T10:06:41.414+0000] {dag.py:3239} INFO - Sync 1 DAGs
[2026-05-02T10:06:41.466+0000] {logging_mixin.py:190} INFO - [2026-05-02T10:06:41.466+0000] {dag.py:4180} INFO - Setting next_dagrun for orders_kafka_to_s3 to 2026-05-02 00:00:00+00:00, run_after=2026-05-03 00:00:00+00:00
[2026-05-02T10:06:41.509+0000] {processor.py:208} INFO - Processing /opt/airflow/dags/main.py took 0.592 seconds
[2026-05-02T10:07:11.629+0000] {processor.py:186} INFO - Started process (PID=1132) to work on /opt/airflow/dags/main.py
[2026-05-02T10:07:11.630+0000] {processor.py:914} INFO - Processing file /opt/airflow/dags/main.py for tasks to queue
[2026-05-02T10:07:11.633+0000] {logging_mixin.py:190} INFO - [2026-05-02T10:07:11.633+0000] {dagbag.py:588} INFO - Filling up the DagBag from /opt/airflow/dags/main.py
[2026-05-02T10:07:12.000+0000] {processor.py:925} INFO - DAG(s) 'orders_kafka_to_s3' retrieved from /opt/airflow/dags/main.py
[2026-05-02T10:07:12.031+0000] {logging_mixin.py:190} INFO - [2026-05-02T10:07:12.031+0000] {dag.py:3239} INFO - Sync 1 DAGs
[2026-05-02T10:07:12.059+0000] {logging_mixin.py:190} INFO - [2026-05-02T10:07:12.058+0000] {dag.py:4180} INFO - Setting next_dagrun for orders_kafka_to_s3 to 2026-05-02 00:00:00+00:00, run_after=2026-05-03 00:00:00+00:00
[2026-05-02T10:07:12.080+0000] {processor.py:208} INFO - Processing /opt/airflow/dags/main.py took 0.459 seconds
[2026-05-02T10:07:42.359+0000] {processor.py:186} INFO - Started process (PID=1139) to work on /opt/airflow/dags/main.py
[2026-05-02T10:07:42.360+0000] {processor.py:914} INFO - Processing file /opt/airflow/dags/main.py for tasks to queue
[2026-05-02T10:07:42.363+0000] {logging_mixin.py:190} INFO - [2026-05-02T10:07:42.363+0000] {dagbag.py:588} INFO - Filling up the DagBag from /opt/airflow/dags/main.py
[2026-05-02T10:07:42.658+0000] {processor.py:925} INFO - DAG(s) 'orders_kafka_to_s3' retrieved from /opt/airflow/dags/main.py
[2026-05-02T10:07:42.681+0000] {logging_mixin.py:190} INFO - [2026-05-02T10:07:42.681+0000] {dag.py:3239} INFO - Sync 1 DAGs
[2026-05-02T10:07:42.705+0000] {logging_mixin.py:190} INFO - [2026-05-02T10:07:42.704+0000] {dag.py:4180} INFO - Setting next_dagrun for orders_kafka_to_s3 to 2026-05-02 00:00:00+00:00, run_after=2026-05-03 00:00:00+00:00
[2026-05-02T10:07:42.727+0000] {processor.py:208} INFO - Processing /opt/airflow/dags/main.py took 0.375 seconds
[2026-05-02T10:08:13.160+0000] {processor.py:186} INFO - Started process (PID=1146) to work on /opt/airflow/dags/main.py
[2026-05-02T10:08:13.161+0000] {processor.py:914} INFO - Processing file /opt/airflow/dags/main.py for tasks to queue
[2026-05-02T10:08:13.164+0000] {logging_mixin.py:190} INFO - [2026-05-02T10:08:13.164+0000] {dagbag.py:588} INFO - Filling up the DagBag from /opt/airflow/dags/main.py
[2026-05-02T10:08:13.459+0000] {processor.py:925} INFO - DAG(s) 'orders_kafka_to_s3' retrieved from /opt/airflow/dags/main.py
[2026-05-02T10:08:13.483+0000] {logging_mixin.py:190} INFO - [2026-05-02T10:08:13.483+0000] {dag.py:3239} INFO - Sync 1 DAGs
[2026-05-02T10:08:13.503+0000] {logging_mixin.py:190} INFO - [2026-05-02T10:08:13.503+0000] {dag.py:4180} INFO - Setting next_dagrun for orders_kafka_to_s3 to 2026-05-02 00:00:00+00:00, run_after=2026-05-03 00:00:00+00:00
[2026-05-02T10:08:13.525+0000] {processor.py:208} INFO - Processing /opt/airflow/dags/main.py took 0.372 seconds
[2026-05-02T10:08:44.029+0000] {processor.py:186} INFO - Started process (PID=1153) to work on /opt/airflow/dags/main.py
[2026-05-02T10:08:44.031+0000] {processor.py:914} INFO - Processing file /opt/airflow/dags/main.py for tasks to queue
[2026-05-02T10:08:44.034+0000] {logging_mixin.py:190} INFO - [2026-05-02T10:08:44.034+0000] {dagbag.py:588} INFO - Filling up the DagBag from /opt/airflow/dags/main.py
[2026-05-02T10:08:44.156+0000] {processor.py:925} INFO - DAG(s) 'orders_kafka_to_s3' retrieved from /opt/airflow/dags/main.py
[2026-05-02T10:08:44.379+0000] {logging_mixin.py:190} INFO - [2026-05-02T10:08:44.379+0000] {dag.py:3239} INFO - Sync 1 DAGs
[2026-05-02T10:08:44.400+0000] {logging_mixin.py:190} INFO - [2026-05-02T10:08:44.400+0000] {dag.py:4180} INFO - Setting next_dagrun for orders_kafka_to_s3 to 2026-05-02 00:00:00+00:00, run_after=2026-05-03 00:00:00+00:00
[2026-05-02T10:08:44.422+0000] {processor.py:208} INFO - Processing /opt/airflow/dags/main.py took 0.399 seconds
[2026-05-02T10:09:14.663+0000] {processor.py:186} INFO - Started process (PID=1160) to work on /opt/airflow/dags/main.py
[2026-05-02T10:09:14.665+0000] {processor.py:914} INFO - Processing file /opt/airflow/dags/main.py for tasks to queue
[2026-05-02T10:09:14.669+0000] {logging_mixin.py:190} INFO - [2026-05-02T10:09:14.668+0000] {dagbag.py:588} INFO - Filling up the DagBag from /opt/airflow/dags/main.py
[2026-05-02T10:09:15.057+0000] {processor.py:925} INFO - DAG(s) 'orders_kafka_to_s3' retrieved from /opt/airflow/dags/main.py
[2026-05-02T10:09:15.086+0000] {logging_mixin.py:190} INFO - [2026-05-02T10:09:15.086+0000] {dag.py:3239} INFO - Sync 1 DAGs
[2026-05-02T10:09:15.140+0000] {logging_mixin.py:190} INFO - [2026-05-02T10:09:15.140+0000] {dag.py:4180} INFO - Setting next_dagrun for orders_kafka_to_s3 to 2026-05-02 00:00:00+00:00, run_after=2026-05-03 00:00:00+00:00
[2026-05-02T10:09:15.204+0000] {processor.py:208} INFO - Processing /opt/airflow/dags/main.py took 0.550 seconds
[2026-05-02T10:09:45.632+0000] {processor.py:186} INFO - Started process (PID=1167) to work on /opt/airflow/dags/main.py
[2026-05-02T10:09:45.633+0000] {processor.py:914} INFO - Processing file /opt/airflow/dags/main.py for tasks to queue
[2026-05-02T10:09:45.637+0000] {logging_mixin.py:190} INFO - [2026-05-02T10:09:45.636+0000] {dagbag.py:588} INFO - Filling up the DagBag from /opt/airflow/dags/main.py
[2026-05-02T10:09:45.937+0000] {processor.py:925} INFO - DAG(s) 'orders_kafka_to_s3' retrieved from /opt/airflow/dags/main.py
[2026-05-02T10:09:45.959+0000] {logging_mixin.py:190} INFO - [2026-05-02T10:09:45.959+0000] {dag.py:3239} INFO - Sync 1 DAGs
[2026-05-02T10:09:45.981+0000] {logging_mixin.py:190} INFO - [2026-05-02T10:09:45.980+0000] {dag.py:4180} INFO - Setting next_dagrun for orders_kafka_to_s3 to 2026-05-02 00:00:00+00:00, run_after=2026-05-03 00:00:00+00:00
[2026-05-02T10:09:46.001+0000] {processor.py:208} INFO - Processing /opt/airflow/dags/main.py took 0.375 seconds
[2026-05-02T10:10:16.543+0000] {processor.py:186} INFO - Started process (PID=1174) to work on /opt/airflow/dags/main.py
[2026-05-02T10:10:16.545+0000] {processor.py:914} INFO - Processing file /opt/airflow/dags/main.py for tasks to queue
[2026-05-02T10:10:16.548+0000] {logging_mixin.py:190} INFO - [2026-05-02T10:10:16.548+0000] {dagbag.py:588} INFO - Filling up the DagBag from /opt/airflow/dags/main.py
[2026-05-02T10:10:16.913+0000] {processor.py:925} INFO - DAG(s) 'orders_kafka_to_s3' retrieved from /opt/airflow/dags/main.py
[2026-05-02T10:10:16.935+0000] {logging_mixin.py:190} INFO - [2026-05-02T10:10:16.935+0000] {dag.py:3239} INFO - Sync 1 DAGs
[2026-05-02T10:10:16.959+0000] {logging_mixin.py:190} INFO - [2026-05-02T10:10:16.958+0000] {dag.py:4180} INFO - Setting next_dagrun for orders_kafka_to_s3 to 2026-05-02 00:00:00+00:00, run_after=2026-05-03 00:00:00+00:00
[2026-05-02T10:10:16.979+0000] {processor.py:208} INFO - Processing /opt/airflow/dags/main.py took 0.446 seconds
[2026-05-02T10:10:47.713+0000] {processor.py:186} INFO - Started process (PID=1181) to work on /opt/airflow/dags/main.py
[2026-05-02T10:10:47.715+0000] {processor.py:914} INFO - Processing file /opt/airflow/dags/main.py for tasks to queue
[2026-05-02T10:10:47.719+0000] {logging_mixin.py:190} INFO - [2026-05-02T10:10:47.718+0000] {dagbag.py:588} INFO - Filling up the DagBag from /opt/airflow/dags/main.py
[2026-05-02T10:10:48.108+0000] {processor.py:925} INFO - DAG(s) 'orders_kafka_to_s3' retrieved from /opt/airflow/dags/main.py
[2026-05-02T10:10:48.038+0000] {logging_mixin.py:190} INFO - [2026-05-02T10:10:48.038+0000] {dag.py:3239} INFO - Sync 1 DAGs
[2026-05-02T10:10:48.067+0000] {logging_mixin.py:190} INFO - [2026-05-02T10:10:48.067+0000] {dag.py:4180} INFO - Setting next_dagrun for orders_kafka_to_s3 to 2026-05-02 00:00:00+00:00, run_after=2026-05-03 00:00:00+00:00
[2026-05-02T10:10:48.089+0000] {processor.py:208} INFO - Processing /opt/airflow/dags/main.py took 0.482 seconds
[2026-05-02T10:11:18.388+0000] {processor.py:186} INFO - Started process (PID=1188) to work on /opt/airflow/dags/main.py
[2026-05-02T10:11:18.389+0000] {processor.py:914} INFO - Processing file /opt/airflow/dags/main.py for tasks to queue
[2026-05-02T10:11:18.392+0000] {logging_mixin.py:190} INFO - [2026-05-02T10:11:18.391+0000] {dagbag.py:588} INFO - Filling up the DagBag from /opt/airflow/dags/main.py
[2026-05-02T10:11:18.711+0000] {processor.py:925} INFO - DAG(s) 'orders_kafka_to_s3' retrieved from /opt/airflow/dags/main.py
[2026-05-02T10:11:18.738+0000] {logging_mixin.py:190} INFO - [2026-05-02T10:11:18.738+0000] {dag.py:3239} INFO - Sync 1 DAGs
[2026-05-02T10:11:18.767+0000] {logging_mixin.py:190} INFO - [2026-05-02T10:11:18.766+0000] {dag.py:4180} INFO - Setting next_dagrun for orders_kafka_to_s3 to 2026-05-02 00:00:00+00:00, run_after=2026-05-03 00:00:00+00:00
[2026-05-02T10:11:18.791+0000] {processor.py:208} INFO - Processing /opt/airflow/dags/main.py took 0.412 seconds
[2026-05-02T10:11:49.248+0000] {processor.py:186} INFO - Started process (PID=1201) to work on /opt/airflow/dags/main.py
[2026-05-02T10:11:49.249+0000] {processor.py:914} INFO - Processing file /opt/airflow/dags/main.py for tasks to queue
[2026-05-02T10:11:49.252+0000] {logging_mixin.py:190} INFO - [2026-05-02T10:11:49.252+0000] {dagbag.py:588} INFO - Filling up the DagBag from /opt/airflow/dags/main.py
[2026-05-02T10:11:49.611+0000] {processor.py:925} INFO - DAG(s) 'orders_kafka_to_s3' retrieved from /opt/airflow/dags/main.py
[2026-05-02T10:11:49.637+0000] {logging_mixin.py:190} INFO - [2026-05-02T10:11:49.637+0000] {dag.py:3239} INFO - Sync 1 DAGs
[2026-05-02T10:11:49.658+0000] {logging_mixin.py:190} INFO - [2026-05-02T10:11:49.658+0000] {dag.py:4180} INFO - Setting next_dagrun for orders_kafka_to_s3 to 2026-05-02 00:00:00+00:00, run_after=2026-05-03 00:00:00+00:00
[2026-05-02T10:11:49.677+0000] {processor.py:208} INFO - Processing /opt/airflow/dags/main.py took 0.436 seconds
[2026-05-02T10:12:20.143+0000] {processor.py:186} INFO - Started process (PID=1208) to work on /opt/airflow/dags/main.py
[2026-05-02T10:12:20.144+0000] {processor.py:914} INFO - Processing file /opt/airflow/dags/main.py for tasks to queue
[2026-05-02T10:12:20.147+0000] {logging_mixin.py:190} INFO - [2026-05-02T10:12:20.147+0000] {dagbag.py:588} INFO - Filling up the DagBag from /opt/airflow/dags/main.py
[2026-05-02T10:12:20.467+0000] {processor.py:925} INFO - DAG(s) 'orders_kafka_to_s3' retrieved from /opt/airflow/dags/main.py
[2026-05-02T10:12:20.493+0000] {logging_mixin.py:190} INFO - [2026-05-02T10:12:20.493+0000] {dag.py:3239} INFO - Sync 1 DAGs
[2026-05-02T10:12:20.515+0000] {logging_mixin.py:190} INFO - [2026-05-02T10:12:20.515+0000] {dag.py:4180} INFO - Setting next_dagrun for orders_kafka_to_s3 to 2026-05-02 00:00:00+00:00, run_after=2026-05-03 00:00:00+00:00
[2026-05-02T10:12:20.532+0000] {processor.py:208} INFO - Processing /opt/airflow/dags/main.py took 0.396 seconds
[2026-05-02T10:12:50.994+0000] {processor.py:186} INFO - Started process (PID=1215) to work on /opt/airflow/dags/main.py
[2026-05-02T10:12:50.996+0000] {processor.py:914} INFO - Processing file /opt/airflow/dags/main.py for tasks to queue
[2026-05-02T10:12:50.999+0000] {logging_mixin.py:190} INFO - [2026-05-02T10:12:50.998+0000] {dagbag.py:588} INFO - Filling up the DagBag from /opt/airflow/dags/main.py
[2026-05-02T10:12:51.297+0000] {processor.py:925} INFO - DAG(s) 'orders_kafka_to_s3' retrieved from /opt/airflow/dags/main.py
[2026-05-02T10:12:51.321+0000] {logging_mixin.py:190} INFO - [2026-05-02T10:12:51.321+0000] {dag.py:3239} INFO - Sync 1 DAGs
[2026-05-02T10:12:51.344+0000] {logging_mixin.py:190} INFO - [2026-05-02T10:12:51.344+0000] {dag.py:4180} INFO - Setting next_dagrun for orders_kafka_to_s3 to 2026-05-02 00:00:00+00:00, run_after=2026-05-03 00:00:00+00:00
[2026-05-02T10:12:51.369+0000] {processor.py:208} INFO - Processing /opt/airflow/dags/main.py took 0.381 seconds
[2026-05-02T10:13:21.676+0000] {processor.py:186} INFO - Started process (PID=1222) to work on /opt/airflow/dags/main.py
[2026-05-02T10:13:21.677+0000] {processor.py:914} INFO - Processing file /opt/airflow/dags/main.py for tasks to queue
[2026-05-02T10:13:21.680+0000] {logging_mixin.py:190} INFO - [2026-05-02T10:13:21.680+0000] {dagbag.py:588} INFO - Filling up the DagBag from /opt/airflow/dags/main.py
[2026-05-02T10:13:22.022+0000] {processor.py:925} INFO - DAG(s) 'orders_kafka_to_s3' retrieved from /opt/airflow/dags/main.py
[2026-05-02T10:13:22.049+0000] {logging_mixin.py:190} INFO - [2026-05-02T10:13:22.049+0000] {dag.py:3239} INFO - Sync 1 DAGs
[2026-05-02T10:13:22.075+0000] {logging_mixin.py:190} INFO - [2026-05-02T10:13:22.075+0000] {dag.py:4180} INFO - Setting next_dagrun for orders_kafka_to_s3 to 2026-05-02 00:00:00+00:00, run_after=2026-05-03 00:00:00+00:00
[2026-05-02T10:13:22.096+0000] {processor.py:208} INFO - Processing /opt/airflow/dags/main.py took 0.427 seconds
[2026-05-02T10:13:52.581+0000] {processor.py:186} INFO - Started process (PID=1229) to work on /opt/airflow/dags/main.py
[2026-05-02T10:13:52.582+0000] {processor.py:914} INFO - Processing file /opt/airflow/dags/main.py for tasks to queue
[2026-05-02T10:13:52.585+0000] {logging_mixin.py:190} INFO - [2026-05-02T10:13:52.585+0000] {dagbag.py:588} INFO - Filling up the DagBag from /opt/airflow/dags/main.py
[2026-05-02T10:13:52.870+0000] {processor.py:925} INFO - DAG(s) 'orders_kafka_to_s3' retrieved from /opt/airflow/dags/main.py
[2026-05-02T10:13:52.895+0000] {logging_mixin.py:190} INFO - [2026-05-02T10:13:52.895+0000] {dag.py:3239} INFO - Sync 1 DAGs
[2026-05-02T10:13:52.916+0000] {logging_mixin.py:190} INFO - [2026-05-02T10:13:52.916+0000] {dag.py:4180} INFO - Setting next_dagrun for orders_kafka_to_s3 to 2026-05-02 00:00:00+00:00, run_after=2026-05-03 00:00:00+00:00
[2026-05-02T10:13:52.938+0000] {processor.py:208} INFO - Processing /opt/airflow/dags/main.py took 0.364 seconds
[2026-05-02T10:14:23.359+0000] {processor.py:186} INFO - Started process (PID=1236) to work on /opt/airflow/dags/main.py
[2026-05-02T10:14:23.360+0000] {processor.py:914} INFO - Processing file /opt/airflow/dags/main.py for tasks to queue
[2026-05-02T10:14:23.363+0000] {logging_mixin.py:190} INFO - [2026-05-02T10:14:23.362+0000] {dagbag.py:588} INFO - Filling up the DagBag from /opt/airflow/dags/main.py
[2026-05-02T10:14:23.645+0000] {processor.py:925} INFO - DAG(s) 'orders_kafka_to_s3' retrieved from /opt/airflow/dags/main.py
[2026-05-02T10:14:23.672+0000] {logging_mixin.py:190} INFO - [2026-05-02T10:14:23.672+0000] {dag.py:3239} INFO - Sync 1 DAGs
[2026-05-02T10:14:23.693+0000] {logging_mixin.py:190} INFO - [2026-05-02T10:14:23.693+0000] {dag.py:4180} INFO - Setting next_dagrun for orders_kafka_to_s3 to 2026-05-02 00:00:00+00:00, run_after=2026-05-03 00:00:00+00:00
[2026-05-02T10:14:23.712+0000] {processor.py:208} INFO - Processing /opt/airflow/dags/main.py took 0.360 seconds
[2026-05-02T10:14:53.831+0000] {processor.py:186} INFO - Started process (PID=1244) to work on /opt/airflow/dags/main.py
[2026-05-02T10:14:53.832+0000] {processor.py:914} INFO - Processing file /opt/airflow/dags/main.py for tasks to queue
[2026-05-02T10:14:53.835+0000] {logging_mixin.py:190} INFO - [2026-05-02T10:14:53.834+0000] {dagbag.py:588} INFO - Filling up the DagBag from /opt/airflow/dags/main.py
[2026-05-02T10:14:54.134+0000] {processor.py:925} INFO - DAG(s) 'orders_kafka_to_s3' retrieved from /opt/airflow/dags/main.py
[2026-05-02T10:14:54.158+0000] {logging_mixin.py:190} INFO - [2026-05-02T10:14:54.157+0000] {dag.py:3239} INFO - Sync 1 DAGs
[2026-05-02T10:14:54.179+0000] {logging_mixin.py:190} INFO - [2026-05-02T10:14:54.178+0000] {dag.py:4180} INFO - Setting next_dagrun for orders_kafka_to_s3 to 2026-05-02 00:00:00+00:00, run_after=2026-05-03 00:00:00+00:00
[2026-05-02T10:14:54.197+0000] {processor.py:208} INFO - Processing /opt/airflow/dags/main.py took 0.375 seconds
[2026-05-02T10:15:24.441+0000] {processor.py:186} INFO - Started process (PID=1251) to work on /opt/airflow/dags/main.py
[2026-05-02T10:15:24.444+0000] {processor.py:914} INFO - Processing file /opt/airflow/dags/main.py for tasks to queue
[2026-05-02T10:15:24.449+0000] {logging_mixin.py:190} INFO - [2026-05-02T10:15:24.449+0000] {dagbag.py:588} INFO - Filling up the DagBag from /opt/airflow/dags/main.py
[2026-05-02T10:15:24.866+0000] {processor.py:925} INFO - DAG(s) 'orders_kafka_to_s3' retrieved from /opt/airflow/dags/main.py
[2026-05-02T10:15:24.898+0000] {logging_mixin.py:190} INFO - [2026-05-02T10:15:24.898+0000] {dag.py:3239} INFO - Sync 1 DAGs
[2026-05-02T10:15:24.933+0000] {logging_mixin.py:190} INFO - [2026-05-02T10:15:24.933+0000] {dag.py:4180} INFO - Setting next_dagrun for orders_kafka_to_s3 to 2026-05-02 00:00:00+00:00, run_after=2026-05-03 00:00:00+00:00
[2026-05-02T10:15:24.959+0000] {processor.py:208} INFO - Processing /opt/airflow/dags/main.py took 0.537 seconds
[2026-05-02T10:15:55.271+0000] {processor.py:186} INFO - Started process (PID=1258) to work on /opt/airflow/dags/main.py
[2026-05-02T10:15:55.273+0000] {processor.py:914} INFO - Processing file /opt/airflow/dags/main.py for tasks to queue
[2026-05-02T10:15:55.277+0000] {logging_mixin.py:190} INFO - [2026-05-02T10:15:55.277+0000] {dagbag.py:588} INFO - Filling up the DagBag from /opt/airflow/dags/main.py
[2026-05-02T10:15:55.659+0000] {processor.py:925} INFO - DAG(s) 'orders_kafka_to_s3' retrieved from /opt/airflow/dags/main.py
[2026-05-02T10:15:55.690+0000] {logging_mixin.py:190} INFO - [2026-05-02T10:15:55.690+0000] {dag.py:3239} INFO - Sync 1 DAGs
[2026-05-02T10:15:55.728+0000] {logging_mixin.py:190} INFO - [2026-05-02T10:15:55.728+0000] {dag.py:4180} INFO - Setting next_dagrun for orders_kafka_to_s3 to 2026-05-02 00:00:00+00:00, run_after=2026-05-03 00:00:00+00:00
[2026-05-02T10:15:55.757+0000] {processor.py:208} INFO - Processing /opt/airflow/dags/main.py took 0.496 seconds
[2026-05-02T10:16:26.014+0000] {processor.py:186} INFO - Started process (PID=1265) to work on /opt/airflow/dags/main.py
[2026-05-02T10:16:26.015+0000] {processor.py:914} INFO - Processing file /opt/airflow/dags/main.py for tasks to queue
[2026-05-02T10:16:26.020+0000] {logging_mixin.py:190} INFO - [2026-05-02T10:16:26.020+0000] {dagbag.py:588} INFO - Filling up the DagBag from /opt/airflow/dags/main.py
[2026-05-02T10:16:26.383+0000] {processor.py:925} INFO - DAG(s) 'orders_kafka_to_s3' retrieved from /opt/airflow/dags/main.py
[2026-05-02T10:16:26.412+0000] {logging_mixin.py:190} INFO - [2026-05-02T10:16:26.411+0000] {dag.py:3239} INFO - Sync 1 DAGs
[2026-05-02T10:16:26.451+0000] {logging_mixin.py:190} INFO - [2026-05-02T10:16:26.450+0000] {dag.py:4180} INFO - Setting next_dagrun for orders_kafka_to_s3 to 2026-05-02 00:00:00+00:00, run_after=2026-05-03 00:00:00+00:00
[2026-05-02T10:16:26.491+0000] {processor.py:208} INFO - Processing /opt/airflow/dags/main.py took 0.487 seconds
[2026-05-02T10:16:56.814+0000] {processor.py:186} INFO - Started process (PID=1272) to work on /opt/airflow/dags/main.py
[2026-05-02T10:16:56.816+0000] {processor.py:914} INFO - Processing file /opt/airflow/dags/main.py for tasks to queue
[2026-05-02T10:16:56.820+0000] {logging_mixin.py:190} INFO - [2026-05-02T10:16:56.820+0000] {dagbag.py:588} INFO - Filling up the DagBag from /opt/airflow/dags/main.py
[2026-05-02T10:16:57.301+0000] {processor.py:925} INFO - DAG(s) 'orders_kafka_to_s3' retrieved from /opt/airflow/dags/main.py
[2026-05-02T10:16:57.341+0000] {logging_mixin.py:190} INFO - [2026-05-02T10:16:57.341+0000] {dag.py:3239} INFO - Sync 1 DAGs
[2026-05-02T10:16:57.392+0000] {logging_mixin.py:190} INFO - [2026-05-02T10:16:57.392+0000] {dag.py:4180} INFO - Setting next_dagrun for orders_kafka_to_s3 to 2026-05-02 00:00:00+00:00, run_after=2026-05-03 00:00:00+00:00
[2026-05-02T10:16:57.453+0000] {processor.py:208} INFO - Processing /opt/airflow/dags/main.py took 0.649 seconds
[2026-05-02T10:17:27.611+0000] {processor.py:186} INFO - Started process (PID=1279) to work on /opt/airflow/dags/main.py
[2026-05-02T10:17:27.614+0000] {processor.py:914} INFO - Processing file /opt/airflow/dags/main.py for tasks to queue
[2026-05-02T10:17:27.621+0000] {logging_mixin.py:190} INFO - [2026-05-02T10:17:27.620+0000] {dagbag.py:588} INFO - Filling up the DagBag from /opt/airflow/dags/main.py
[2026-05-02T10:17:27.928+0000] {processor.py:925} INFO - DAG(s) 'orders_kafka_to_s3' retrieved from /opt/airflow/dags/main.py
[2026-05-02T10:17:28.226+0000] {logging_mixin.py:190} INFO - [2026-05-02T10:17:28.226+0000] {dag.py:3239} INFO - Sync 1 DAGs
[2026-05-02T10:17:28.278+0000] {logging_mixin.py:190} INFO - [2026-05-02T10:17:28.278+0000] {dag.py:4180} INFO - Setting next_dagrun for orders_kafka_to_s3 to 2026-05-02 00:00:00+00:00, run_after=2026-05-03 00:00:00+00:00
[2026-05-02T10:17:28.323+0000] {processor.py:208} INFO - Processing /opt/airflow/dags/main.py took 0.736 seconds
[2026-05-02T10:17:58.702+0000] {processor.py:186} INFO - Started process (PID=1286) to work on /opt/airflow/dags/main.py
[2026-05-02T10:17:58.704+0000] {processor.py:914} INFO - Processing file /opt/airflow/dags/main.py for tasks to queue
[2026-05-02T10:17:58.708+0000] {logging_mixin.py:190} INFO - [2026-05-02T10:17:58.708+0000] {dagbag.py:588} INFO - Filling up the DagBag from /opt/airflow/dags/main.py
[2026-05-02T10:17:59.099+0000] {processor.py:925} INFO - DAG(s) 'orders_kafka_to_s3' retrieved from /opt/airflow/dags/main.py
[2026-05-02T10:17:59.133+0000] {logging_mixin.py:190} INFO - [2026-05-02T10:17:59.133+0000] {dag.py:3239} INFO - Sync 1 DAGs
[2026-05-02T10:17:59.171+0000] {logging_mixin.py:190} INFO - [2026-05-02T10:17:59.170+0000] {dag.py:4180} INFO - Setting next_dagrun for orders_kafka_to_s3 to 2026-05-02 00:00:00+00:00, run_after=2026-05-03 00:00:00+00:00
[2026-05-02T10:17:59.203+0000] {processor.py:208} INFO - Processing /opt/airflow/dags/main.py took 0.512 seconds
[2026-05-02T10:18:29.382+0000] {processor.py:186} INFO - Started process (PID=1293) to work on /opt/airflow/dags/main.py
[2026-05-02T10:18:29.383+0000] {processor.py:914} INFO - Processing file /opt/airflow/dags/main.py for tasks to queue
[2026-05-02T10:18:29.387+0000] {logging_mixin.py:190} INFO - [2026-05-02T10:18:29.386+0000] {dagbag.py:588} INFO - Filling up the DagBag from /opt/airflow/dags/main.py
[2026-05-02T10:18:29.874+0000] {processor.py:925} INFO - DAG(s) 'orders_kafka_to_s3' retrieved from /opt/airflow/dags/main.py
[2026-05-02T10:18:29.913+0000] {logging_mixin.py:190} INFO - [2026-05-02T10:18:29.913+0000] {dag.py:3239} INFO - Sync 1 DAGs
[2026-05-02T10:18:29.959+0000] {logging_mixin.py:190} INFO - [2026-05-02T10:18:29.959+0000] {dag.py:4180} INFO - Setting next_dagrun for orders_kafka_to_s3 to 2026-05-02 00:00:00+00:00, run_after=2026-05-03 00:00:00+00:00
[2026-05-02T10:18:29.993+0000] {processor.py:208} INFO - Processing /opt/airflow/dags/main.py took 0.621 seconds
[2026-05-02T10:19:00.605+0000] {processor.py:186} INFO - Started process (PID=1300) to work on /opt/airflow/dags/main.py
[2026-05-02T10:19:00.606+0000] {processor.py:914} INFO - Processing file /opt/airflow/dags/main.py for tasks to queue
[2026-05-02T10:19:00.610+0000] {logging_mixin.py:190} INFO - [2026-05-02T10:19:00.610+0000] {dagbag.py:588} INFO - Filling up the DagBag from /opt/airflow/dags/main.py
[2026-05-02T10:19:00.983+0000] {processor.py:925} INFO - DAG(s) 'orders_kafka_to_s3' retrieved from /opt/airflow/dags/main.py
[2026-05-02T10:19:01.019+0000] {logging_mixin.py:190} INFO - [2026-05-02T10:19:01.019+0000] {dag.py:3239} INFO - Sync 1 DAGs
[2026-05-02T10:19:01.050+0000] {logging_mixin.py:190} INFO - [2026-05-02T10:19:01.050+0000] {dag.py:4180} INFO - Setting next_dagrun for orders_kafka_to_s3 to 2026-05-02 00:00:00+00:00, run_after=2026-05-03 00:00:00+00:00
[2026-05-02T10:19:01.078+0000] {processor.py:208} INFO - Processing /opt/airflow/dags/main.py took 0.484 seconds
[2026-05-02T10:19:31.373+0000] {processor.py:186} INFO - Started process (PID=1307) to work on /opt/airflow/dags/main.py
[2026-05-02T10:19:31.374+0000] {processor.py:914} INFO - Processing file /opt/airflow/dags/main.py for tasks to queue
[2026-05-02T10:19:31.380+0000] {logging_mixin.py:190} INFO - [2026-05-02T10:19:31.379+0000] {dagbag.py:588} INFO - Filling up the DagBag from /opt/airflow/dags/main.py
[2026-05-02T10:19:31.856+0000] {processor.py:925} INFO - DAG(s) 'orders_kafka_to_s3' retrieved from /opt/airflow/dags/main.py
[2026-05-02T10:19:31.905+0000] {logging_mixin.py:190} INFO - [2026-05-02T10:19:31.905+0000] {dag.py:3239} INFO - Sync 1 DAGs
[2026-05-02T10:19:31.952+0000] {logging_mixin.py:190} INFO - [2026-05-02T10:19:31.951+0000] {dag.py:4180} INFO - Setting next_dagrun for orders_kafka_to_s3 to 2026-05-02 00:00:00+00:00, run_after=2026-05-03 00:00:00+00:00
[2026-05-02T10:19:31.986+0000] {processor.py:208} INFO - Processing /opt/airflow/dags/main.py took 0.624 seconds
[2026-05-02T10:20:02.411+0000] {processor.py:186} INFO - Started process (PID=1314) to work on /opt/airflow/dags/main.py
[2026-05-02T10:20:02.414+0000] {processor.py:914} INFO - Processing file /opt/airflow/dags/main.py for tasks to queue
[2026-05-02T10:20:02.419+0000] {logging_mixin.py:190} INFO - [2026-05-02T10:20:02.418+0000] {dagbag.py:588} INFO - Filling up the DagBag from /opt/airflow/dags/main.py
[2026-05-02T10:20:02.900+0000] {processor.py:925} INFO - DAG(s) 'orders_kafka_to_s3' retrieved from /opt/airflow/dags/main.py
[2026-05-02T10:20:02.956+0000] {logging_mixin.py:190} INFO - [2026-05-02T10:20:02.956+0000] {dag.py:3239} INFO - Sync 1 DAGs
[2026-05-02T10:20:03.012+0000] {logging_mixin.py:190} INFO - [2026-05-02T10:20:03.011+0000] {dag.py:4180} INFO - Setting next_dagrun for orders_kafka_to_s3 to 2026-05-02 00:00:00+00:00, run_after=2026-05-03 00:00:00+00:00
[2026-05-02T10:20:03.053+0000] {processor.py:208} INFO - Processing /opt/airflow/dags/main.py took 0.653 seconds
[2026-05-02T10:20:33.337+0000] {processor.py:186} INFO - Started process (PID=1321) to work on /opt/airflow/dags/main.py
[2026-05-02T10:20:33.338+0000] {processor.py:914} INFO - Processing file /opt/airflow/dags/main.py for tasks to queue
[2026-05-02T10:20:33.341+0000] {logging_mixin.py:190} INFO - [2026-05-02T10:20:33.341+0000] {dagbag.py:588} INFO - Filling up the DagBag from /opt/airflow/dags/main.py
[2026-05-02T10:20:33.704+0000] {processor.py:925} INFO - DAG(s) 'orders_kafka_to_s3' retrieved from /opt/airflow/dags/main.py
[2026-05-02T10:20:33.736+0000] {logging_mixin.py:190} INFO - [2026-05-02T10:20:33.736+0000] {dag.py:3239} INFO - Sync 1 DAGs
[2026-05-02T10:20:33.770+0000] {logging_mixin.py:190} INFO - [2026-05-02T10:20:33.770+0000] {dag.py:4180} INFO - Setting next_dagrun for orders_kafka_to_s3 to 2026-05-02 00:00:00+00:00, run_after=2026-05-03 00:00:00+00:00
[2026-05-02T10:20:33.798+0000] {processor.py:208} INFO - Processing /opt/airflow/dags/main.py took 0.470 seconds
[2026-05-02T10:21:04.186+0000] {processor.py:186} INFO - Started process (PID=1328) to work on /opt/airflow/dags/main.py
[2026-05-02T10:21:04.187+0000] {processor.py:914} INFO - Processing file /opt/airflow/dags/main.py for tasks to queue
[2026-05-02T10:21:04.190+0000] {logging_mixin.py:190} INFO - [2026-05-02T10:21:04.190+0000] {dagbag.py:588} INFO - Filling up the DagBag from /opt/airflow/dags/main.py
[2026-05-02T10:21:04.542+0000] {processor.py:925} INFO - DAG(s) 'orders_kafka_to_s3' retrieved from /opt/airflow/dags/main.py
[2026-05-02T10:21:04.572+0000] {logging_mixin.py:190} INFO - [2026-05-02T10:21:04.572+0000] {dag.py:3239} INFO - Sync 1 DAGs
[2026-05-02T10:21:04.604+0000] {logging_mixin.py:190} INFO - [2026-05-02T10:21:04.604+0000] {dag.py:4180} INFO - Setting next_dagrun for orders_kafka_to_s3 to 2026-05-02 00:00:00+00:00, run_after=2026-05-03 00:00:00+00:00
[2026-05-02T10:21:04.632+0000] {processor.py:208} INFO - Processing /opt/airflow/dags/main.py took 0.455 seconds
[2026-05-02T10:21:34.955+0000] {processor.py:186} INFO - Started process (PID=1335) to work on /opt/airflow/dags/main.py
[2026-05-02T10:21:34.956+0000] {processor.py:914} INFO - Processing file /opt/airflow/dags/main.py for tasks to queue
[2026-05-02T10:21:34.960+0000] {logging_mixin.py:190} INFO - [2026-05-02T10:21:34.960+0000] {dagbag.py:588} INFO - Filling up the DagBag from /opt/airflow/dags/main.py
[2026-05-02T10:21:35.432+0000] {processor.py:925} INFO - DAG(s) 'orders_kafka_to_s3' retrieved from /opt/airflow/dags/main.py
[2026-05-02T10:21:35.484+0000] {logging_mixin.py:190} INFO - [2026-05-02T10:21:35.483+0000] {dag.py:3239} INFO - Sync 1 DAGs
[2026-05-02T10:21:35.554+0000] {logging_mixin.py:190} INFO - [2026-05-02T10:21:35.554+0000] {dag.py:4180} INFO - Setting next_dagrun for orders_kafka_to_s3 to 2026-05-02 00:00:00+00:00, run_after=2026-05-03 00:00:00+00:00
[2026-05-02T10:21:35.592+0000] {processor.py:208} INFO - Processing /opt/airflow/dags/main.py took 0.647 seconds
[2026-05-02T10:22:06.161+0000] {processor.py:186} INFO - Started process (PID=1342) to work on /opt/airflow/dags/main.py
[2026-05-02T10:22:06.162+0000] {processor.py:914} INFO - Processing file /opt/airflow/dags/main.py for tasks to queue
[2026-05-02T10:22:06.165+0000] {logging_mixin.py:190} INFO - [2026-05-02T10:22:06.164+0000] {dagbag.py:588} INFO - Filling up the DagBag from /opt/airflow/dags/main.py
[2026-05-02T10:22:06.492+0000] {processor.py:925} INFO - DAG(s) 'orders_kafka_to_s3' retrieved from /opt/airflow/dags/main.py
[2026-05-02T10:22:06.515+0000] {logging_mixin.py:190} INFO - [2026-05-02T10:22:06.515+0000] {dag.py:3239} INFO - Sync 1 DAGs
[2026-05-02T10:22:06.540+0000] {logging_mixin.py:190} INFO - [2026-05-02T10:22:06.540+0000] {dag.py:4180} INFO - Setting next_dagrun for orders_kafka_to_s3 to 2026-05-02 00:00:00+00:00, run_after=2026-05-03 00:00:00+00:00
[2026-05-02T10:22:06.561+0000] {processor.py:208} INFO - Processing /opt/airflow/dags/main.py took 0.407 seconds
[2026-05-02T10:22:36.852+0000] {processor.py:186} INFO - Started process (PID=1349) to work on /opt/airflow/dags/main.py
[2026-05-02T10:22:36.854+0000] {processor.py:914} INFO - Processing file /opt/airflow/dags/main.py for tasks to queue
[2026-05-02T10:22:36.857+0000] {logging_mixin.py:190} INFO - [2026-05-02T10:22:36.856+0000] {dagbag.py:588} INFO - Filling up the DagBag from /opt/airflow/dags/main.py
[2026-05-02T10:22:37.167+0000] {processor.py:925} INFO - DAG(s) 'orders_kafka_to_s3' retrieved from /opt/airflow/dags/main.py
[2026-05-02T10:22:37.190+0000] {logging_mixin.py:190} INFO - [2026-05-02T10:22:37.190+0000] {dag.py:3239} INFO - Sync 1 DAGs
[2026-05-02T10:22:37.210+0000] {logging_mixin.py:190} INFO - [2026-05-02T10:22:37.210+0000] {dag.py:4180} INFO - Setting next_dagrun for orders_kafka_to_s3 to 2026-05-02 00:00:00+00:00, run_after=2026-05-03 00:00:00+00:00
[2026-05-02T10:22:37.228+0000] {processor.py:208} INFO - Processing /opt/airflow/dags/main.py took 0.382 seconds
[2026-05-02T10:23:07.337+0000] {processor.py:186} INFO - Started process (PID=1356) to work on /opt/airflow/dags/main.py
[2026-05-02T10:23:07.339+0000] {processor.py:914} INFO - Processing file /opt/airflow/dags/main.py for tasks to queue
[2026-05-02T10:23:07.343+0000] {logging_mixin.py:190} INFO - [2026-05-02T10:23:07.343+0000] {dagbag.py:588} INFO - Filling up the DagBag from /opt/airflow/dags/main.py
[2026-05-02T10:23:07.701+0000] {processor.py:925} INFO - DAG(s) 'orders_kafka_to_s3' retrieved from /opt/airflow/dags/main.py
[2026-05-02T10:23:07.758+0000] {logging_mixin.py:190} INFO - [2026-05-02T10:23:07.758+0000] {dag.py:3239} INFO - Sync 1 DAGs
[2026-05-02T10:23:07.798+0000] {logging_mixin.py:190} INFO - [2026-05-02T10:23:07.798+0000] {dag.py:4180} INFO - Setting next_dagrun for orders_kafka_to_s3 to 2026-05-02 00:00:00+00:00, run_after=2026-05-03 00:00:00+00:00
[2026-05-02T10:23:07.828+0000] {processor.py:208} INFO - Processing /opt/airflow/dags/main.py took 0.502 seconds
[2026-05-02T10:23:38.117+0000] {processor.py:186} INFO - Started process (PID=1363) to work on /opt/airflow/dags/main.py
[2026-05-02T10:23:38.119+0000] {processor.py:914} INFO - Processing file /opt/airflow/dags/main.py for tasks to queue
[2026-05-02T10:23:38.125+0000] {logging_mixin.py:190} INFO - [2026-05-02T10:23:38.125+0000] {dagbag.py:588} INFO - Filling up the DagBag from /opt/airflow/dags/main.py
[2026-05-02T10:23:38.460+0000] {processor.py:925} INFO - DAG(s) 'orders_kafka_to_s3' retrieved from /opt/airflow/dags/main.py
[2026-05-02T10:23:38.484+0000] {logging_mixin.py:190} INFO - [2026-05-02T10:23:38.484+0000] {dag.py:3239} INFO - Sync 1 DAGs
[2026-05-02T10:23:38.506+0000] {logging_mixin.py:190} INFO - [2026-05-02T10:23:38.506+0000] {dag.py:4180} INFO - Setting next_dagrun for orders_kafka_to_s3 to 2026-05-02 00:00:00+00:00, run_after=2026-05-03 00:00:00+00:00
[2026-05-02T10:23:38.529+0000] {processor.py:208} INFO - Processing /opt/airflow/dags/main.py took 0.431 seconds
[2026-05-02T10:24:08.638+0000] {processor.py:186} INFO - Started process (PID=1370) to work on /opt/airflow/dags/main.py
[2026-05-02T10:24:08.640+0000] {processor.py:914} INFO - Processing file /opt/airflow/dags/main.py for tasks to queue
[2026-05-02T10:24:08.644+0000] {logging_mixin.py:190} INFO - [2026-05-02T10:24:08.643+0000] {dagbag.py:588} INFO - Filling up the DagBag from /opt/airflow/dags/main.py
[2026-05-02T10:24:09.043+0000] {processor.py:925} INFO - DAG(s) 'orders_kafka_to_s3' retrieved from /opt/airflow/dags/main.py
[2026-05-02T10:24:09.066+0000] {logging_mixin.py:190} INFO - [2026-05-02T10:24:09.066+0000] {dag.py:3239} INFO - Sync 1 DAGs
[2026-05-02T10:24:09.088+0000] {logging_mixin.py:190} INFO - [2026-05-02T10:24:09.087+0000] {dag.py:4180} INFO - Setting next_dagrun for orders_kafka_to_s3 to 2026-05-02 00:00:00+00:00, run_after=2026-05-03 00:00:00+00:00
[2026-05-02T10:24:09.113+0000] {processor.py:208} INFO - Processing /opt/airflow/dags/main.py took 0.481 seconds
[2026-05-02T10:24:39.361+0000] {processor.py:186} INFO - Started process (PID=1377) to work on /opt/airflow/dags/main.py
[2026-05-02T10:24:39.362+0000] {processor.py:914} INFO - Processing file /opt/airflow/dags/main.py for tasks to queue
[2026-05-02T10:24:39.366+0000] {logging_mixin.py:190} INFO - [2026-05-02T10:24:39.365+0000] {dagbag.py:588} INFO - Filling up the DagBag from /opt/airflow/dags/main.py
[2026-05-02T10:24:39.741+0000] {processor.py:925} INFO - DAG(s) 'orders_kafka_to_s3' retrieved from /opt/airflow/dags/main.py
[2026-05-02T10:24:39.764+0000] {logging_mixin.py:190} INFO - [2026-05-02T10:24:39.764+0000] {dag.py:3239} INFO - Sync 1 DAGs
[2026-05-02T10:24:39.788+0000] {logging_mixin.py:190} INFO - [2026-05-02T10:24:39.787+0000] {dag.py:4180} INFO - Setting next_dagrun for orders_kafka_to_s3 to 2026-05-02 00:00:00+00:00, run_after=2026-05-03 00:00:00+00:00
[2026-05-02T10:24:39.810+0000] {processor.py:208} INFO - Processing /opt/airflow/dags/main.py took 0.456 seconds
[2026-05-02T10:25:09.904+0000] {processor.py:186} INFO - Started process (PID=1384) to work on /opt/airflow/dags/main.py
[2026-05-02T10:25:09.906+0000] {processor.py:914} INFO - Processing file /opt/airflow/dags/main.py for tasks to queue
[2026-05-02T10:25:09.909+0000] {logging_mixin.py:190} INFO - [2026-05-02T10:25:09.909+0000] {dagbag.py:588} INFO - Filling up the DagBag from /opt/airflow/dags/main.py
[2026-05-02T10:25:10.374+0000] {processor.py:925} INFO - DAG(s) 'orders_kafka_to_s3' retrieved from /opt/airflow/dags/main.py
[2026-05-02T10:25:10.404+0000] {logging_mixin.py:190} INFO - [2026-05-02T10:25:10.403+0000] {dag.py:3239} INFO - Sync 1 DAGs
[2026-05-02T10:25:10.434+0000] {logging_mixin.py:190} INFO - [2026-05-02T10:25:10.434+0000] {dag.py:4180} INFO - Setting next_dagrun for orders_kafka_to_s3 to 2026-05-02 00:00:00+00:00, run_after=2026-05-03 00:00:00+00:00
[2026-05-02T10:25:10.456+0000] {processor.py:208} INFO - Processing /opt/airflow/dags/main.py took 0.561 seconds
[2026-05-02T10:25:40.537+0000] {processor.py:186} INFO - Started process (PID=1391) to work on /opt/airflow/dags/main.py
[2026-05-02T10:25:40.539+0000] {processor.py:914} INFO - Processing file /opt/airflow/dags/main.py for tasks to queue
[2026-05-02T10:25:40.541+0000] {logging_mixin.py:190} INFO - [2026-05-02T10:25:40.541+0000] {dagbag.py:588} INFO - Filling up the DagBag from /opt/airflow/dags/main.py
[2026-05-02T10:25:40.868+0000] {processor.py:925} INFO - DAG(s) 'orders_kafka_to_s3' retrieved from /opt/airflow/dags/main.py
[2026-05-02T10:25:40.892+0000] {logging_mixin.py:190} INFO - [2026-05-02T10:25:40.892+0000] {dag.py:3239} INFO - Sync 1 DAGs
[2026-05-02T10:25:40.915+0000] {logging_mixin.py:190} INFO - [2026-05-02T10:25:40.915+0000] {dag.py:4180} INFO - Setting next_dagrun for orders_kafka_to_s3 to 2026-05-02 00:00:00+00:00, run_after=2026-05-03 00:00:00+00:00
[2026-05-02T10:25:40.936+0000] {processor.py:208} INFO - Processing /opt/airflow/dags/main.py took 0.405 seconds
[2026-05-02T10:26:11.218+0000] {processor.py:186} INFO - Started process (PID=1398) to work on /opt/airflow/dags/main.py
[2026-05-02T10:26:11.219+0000] {processor.py:914} INFO - Processing file /opt/airflow/dags/main.py for tasks to queue
[2026-05-02T10:26:11.223+0000] {logging_mixin.py:190} INFO - [2026-05-02T10:26:11.222+0000] {dagbag.py:588} INFO - Filling up the DagBag from /opt/airflow/dags/main.py
[2026-05-02T10:26:11.561+0000] {processor.py:925} INFO - DAG(s) 'orders_kafka_to_s3' retrieved from /opt/airflow/dags/main.py
[2026-05-02T10:26:11.583+0000] {logging_mixin.py:190} INFO - [2026-05-02T10:26:11.583+0000] {dag.py:3239} INFO - Sync 1 DAGs
[2026-05-02T10:26:11.605+0000] {logging_mixin.py:190} INFO - [2026-05-02T10:26:11.605+0000] {dag.py:4180} INFO - Setting next_dagrun for orders_kafka_to_s3 to 2026-05-02 00:00:00+00:00, run_after=2026-05-03 00:00:00+00:00
[2026-05-02T10:26:11.626+0000] {processor.py:208} INFO - Processing /opt/airflow/dags/main.py took 0.414 seconds
[2026-05-02T10:26:42.037+0000] {processor.py:186} INFO - Started process (PID=1405) to work on /opt/airflow/dags/main.py
[2026-05-02T10:26:42.038+0000] {processor.py:914} INFO - Processing file /opt/airflow/dags/main.py for tasks to queue
[2026-05-02T10:26:42.041+0000] {logging_mixin.py:190} INFO - [2026-05-02T10:26:42.041+0000] {dagbag.py:588} INFO - Filling up the DagBag from /opt/airflow/dags/main.py
[2026-05-02T10:26:42.343+0000] {processor.py:925} INFO - DAG(s) 'orders_kafka_to_s3' retrieved from /opt/airflow/dags/main.py
[2026-05-02T10:26:42.368+0000] {logging_mixin.py:190} INFO - [2026-05-02T10:26:42.368+0000] {dag.py:3239} INFO - Sync 1 DAGs
[2026-05-02T10:26:42.391+0000] {logging_mixin.py:190} INFO - [2026-05-02T10:26:42.391+0000] {dag.py:4180} INFO - Setting next_dagrun for orders_kafka_to_s3 to 2026-05-02 00:00:00+00:00, run_after=2026-05-03 00:00:00+00:00
[2026-05-02T10:26:42.413+0000] {processor.py:208} INFO - Processing /opt/airflow/dags/main.py took 0.384 seconds
[2026-05-02T10:27:12.888+0000] {processor.py:186} INFO - Started process (PID=1412) to work on /opt/airflow/dags/main.py
[2026-05-02T10:27:12.890+0000] {processor.py:914} INFO - Processing file /opt/airflow/dags/main.py for tasks to queue
[2026-05-02T10:27:12.894+0000] {logging_mixin.py:190} INFO - [2026-05-02T10:27:12.893+0000] {dagbag.py:588} INFO - Filling up the DagBag from /opt/airflow/dags/main.py
[2026-05-02T10:27:13.197+0000] {processor.py:925} INFO - DAG(s) 'orders_kafka_to_s3' retrieved from /opt/airflow/dags/main.py
[2026-05-02T10:27:13.224+0000] {logging_mixin.py:190} INFO - [2026-05-02T10:27:13.223+0000] {dag.py:3239} INFO - Sync 1 DAGs
[2026-05-02T10:27:13.249+0000] {logging_mixin.py:190} INFO - [2026-05-02T10:27:13.249+0000] {dag.py:4180} INFO - Setting next_dagrun for orders_kafka_to_s3 to 2026-05-02 00:00:00+00:00, run_after=2026-05-03 00:00:00+00:00
[2026-05-02T10:27:13.273+0000] {processor.py:208} INFO - Processing /opt/airflow/dags/main.py took 0.393 seconds
[2026-05-02T10:27:43.721+0000] {processor.py:186} INFO - Started process (PID=1419) to work on /opt/airflow/dags/main.py
[2026-05-02T10:27:43.723+0000] {processor.py:914} INFO - Processing file /opt/airflow/dags/main.py for tasks to queue
[2026-05-02T10:27:43.728+0000] {logging_mixin.py:190} INFO - [2026-05-02T10:27:43.728+0000] {dagbag.py:588} INFO - Filling up the DagBag from /opt/airflow/dags/main.py
[2026-05-02T10:27:44.147+0000] {processor.py:925} INFO - DAG(s) 'orders_kafka_to_s3' retrieved from /opt/airflow/dags/main.py
[2026-05-02T10:27:44.184+0000] {logging_mixin.py:190} INFO - [2026-05-02T10:27:44.184+0000] {dag.py:3239} INFO - Sync 1 DAGs
[2026-05-02T10:27:44.223+0000] {logging_mixin.py:190} INFO - [2026-05-02T10:27:44.222+0000] {dag.py:4180} INFO - Setting next_dagrun for orders_kafka_to_s3 to 2026-05-02 00:00:00+00:00, run_after=2026-05-03 00:00:00+00:00
[2026-05-02T10:27:44.252+0000] {processor.py:208} INFO - Processing /opt/airflow/dags/main.py took 0.539 seconds
[2026-05-02T10:28:14.607+0000] {processor.py:186} INFO - Started process (PID=1426) to work on /opt/airflow/dags/main.py
[2026-05-02T10:28:14.608+0000] {processor.py:914} INFO - Processing file /opt/airflow/dags/main.py for tasks to queue
[2026-05-02T10:28:14.612+0000] {logging_mixin.py:190} INFO - [2026-05-02T10:28:14.611+0000] {dagbag.py:588} INFO - Filling up the DagBag from /opt/airflow/dags/main.py
[2026-05-02T10:28:14.936+0000] {processor.py:925} INFO - DAG(s) 'orders_kafka_to_s3' retrieved from /opt/airflow/dags/main.py
[2026-05-02T10:28:14.968+0000] {logging_mixin.py:190} INFO - [2026-05-02T10:28:14.968+0000] {dag.py:3239} INFO - Sync 1 DAGs
[2026-05-02T10:28:15.001+0000] {logging_mixin.py:190} INFO - [2026-05-02T10:28:15.000+0000] {dag.py:4180} INFO - Setting next_dagrun for orders_kafka_to_s3 to 2026-05-02 00:00:00+00:00, run_after=2026-05-03 00:00:00+00:00
[2026-05-02T10:28:15.029+0000] {processor.py:208} INFO - Processing /opt/airflow/dags/main.py took 0.428 seconds
[2026-05-02T10:28:45.512+0000] {processor.py:186} INFO - Started process (PID=1433) to work on /opt/airflow/dags/main.py
[2026-05-02T10:28:45.514+0000] {processor.py:914} INFO - Processing file /opt/airflow/dags/main.py for tasks to queue
[2026-05-02T10:28:45.517+0000] {logging_mixin.py:190} INFO - [2026-05-02T10:28:45.516+0000] {dagbag.py:588} INFO - Filling up the DagBag from /opt/airflow/dags/main.py
[2026-05-02T10:28:45.810+0000] {processor.py:925} INFO - DAG(s) 'orders_kafka_to_s3' retrieved from /opt/airflow/dags/main.py
[2026-05-02T10:28:45.835+0000] {logging_mixin.py:190} INFO - [2026-05-02T10:28:45.835+0000] {dag.py:3239} INFO - Sync 1 DAGs
[2026-05-02T10:28:45.856+0000] {logging_mixin.py:190} INFO - [2026-05-02T10:28:45.855+0000] {dag.py:4180} INFO - Setting next_dagrun for orders_kafka_to_s3 to 2026-05-02 00:00:00+00:00, run_after=2026-05-03 00:00:00+00:00
[2026-05-02T10:28:45.874+0000] {processor.py:208} INFO - Processing /opt/airflow/dags/main.py took 0.370 seconds
[2026-05-02T10:29:16.219+0000] {processor.py:186} INFO - Started process (PID=1440) to work on /opt/airflow/dags/main.py
[2026-05-02T10:29:16.221+0000] {processor.py:914} INFO - Processing file /opt/airflow/dags/main.py for tasks to queue
[2026-05-02T10:29:16.224+0000] {logging_mixin.py:190} INFO - [2026-05-02T10:29:16.224+0000] {dagbag.py:588} INFO - Filling up the DagBag from /opt/airflow/dags/main.py
[2026-05-02T10:29:16.603+0000] {processor.py:925} INFO - DAG(s) 'orders_kafka_to_s3' retrieved from /opt/airflow/dags/main.py
[2026-05-02T10:29:16.632+0000] {logging_mixin.py:190} INFO - [2026-05-02T10:29:16.631+0000] {dag.py:3239} INFO - Sync 1 DAGs
[2026-05-02T10:29:16.658+0000] {logging_mixin.py:190} INFO - [2026-05-02T10:29:16.658+0000] {dag.py:4180} INFO - Setting next_dagrun for orders_kafka_to_s3 to 2026-05-02 00:00:00+00:00, run_after=2026-05-03 00:00:00+00:00
[2026-05-02T10:29:16.679+0000] {processor.py:208} INFO - Processing /opt/airflow/dags/main.py took 0.468 seconds
[2026-05-02T10:29:47.154+0000] {processor.py:186} INFO - Started process (PID=1447) to work on /opt/airflow/dags/main.py
[2026-05-02T10:29:47.155+0000] {processor.py:914} INFO - Processing file /opt/airflow/dags/main.py for tasks to queue
[2026-05-02T10:29:47.158+0000] {logging_mixin.py:190} INFO - [2026-05-02T10:29:47.158+0000] {dagbag.py:588} INFO - Filling up the DagBag from /opt/airflow/dags/main.py
[2026-05-02T10:29:47.457+0000] {processor.py:925} INFO - DAG(s) 'orders_kafka_to_s3' retrieved from /opt/airflow/dags/main.py
[2026-05-02T10:29:47.480+0000] {logging_mixin.py:190} INFO - [2026-05-02T10:29:47.480+0000] {dag.py:3239} INFO - Sync 1 DAGs
[2026-05-02T10:29:47.501+0000] {logging_mixin.py:190} INFO - [2026-05-02T10:29:47.501+0000] {dag.py:4180} INFO - Setting next_dagrun for orders_kafka_to_s3 to 2026-05-02 00:00:00+00:00, run_after=2026-05-03 00:00:00+00:00
[2026-05-02T10:29:47.521+0000] {processor.py:208} INFO - Processing /opt/airflow/dags/main.py took 0.374 seconds
[2026-05-02T10:30:17.952+0000] {processor.py:186} INFO - Started process (PID=1454) to work on /opt/airflow/dags/main.py
[2026-05-02T10:30:17.953+0000] {processor.py:914} INFO - Processing file /opt/airflow/dags/main.py for tasks to queue
[2026-05-02T10:30:17.957+0000] {logging_mixin.py:190} INFO - [2026-05-02T10:30:17.957+0000] {dagbag.py:588} INFO - Filling up the DagBag from /opt/airflow/dags/main.py
[2026-05-02T10:30:18.399+0000] {processor.py:925} INFO - DAG(s) 'orders_kafka_to_s3' retrieved from /opt/airflow/dags/main.py
[2026-05-02T10:30:18.428+0000] {logging_mixin.py:190} INFO - [2026-05-02T10:30:18.427+0000] {dag.py:3239} INFO - Sync 1 DAGs
[2026-05-02T10:30:18.458+0000] {logging_mixin.py:190} INFO - [2026-05-02T10:30:18.457+0000] {dag.py:4180} INFO - Setting next_dagrun for orders_kafka_to_s3 to 2026-05-02 00:00:00+00:00, run_after=2026-05-03 00:00:00+00:00
[2026-05-02T10:30:18.481+0000] {processor.py:208} INFO - Processing /opt/airflow/dags/main.py took 0.536 seconds
[2026-05-02T10:30:48.998+0000] {processor.py:186} INFO - Started process (PID=1461) to work on /opt/airflow/dags/main.py
[2026-05-02T10:30:49.002+0000] {processor.py:914} INFO - Processing file /opt/airflow/dags/main.py for tasks to queue
[2026-05-02T10:30:49.005+0000] {logging_mixin.py:190} INFO - [2026-05-02T10:30:49.005+0000] {dagbag.py:588} INFO - Filling up the DagBag from /opt/airflow/dags/main.py
[2026-05-02T10:30:49.319+0000] {processor.py:925} INFO - DAG(s) 'orders_kafka_to_s3' retrieved from /opt/airflow/dags/main.py
[2026-05-02T10:30:49.391+0000] {logging_mixin.py:190} INFO - [2026-05-02T10:30:49.391+0000] {dag.py:3239} INFO - Sync 1 DAGs
[2026-05-02T10:30:49.414+0000] {logging_mixin.py:190} INFO - [2026-05-02T10:30:49.413+0000] {dag.py:4180} INFO - Setting next_dagrun for orders_kafka_to_s3 to 2026-05-02 00:00:00+00:00, run_after=2026-05-03 00:00:00+00:00
[2026-05-02T10:30:49.435+0000] {processor.py:208} INFO - Processing /opt/airflow/dags/main.py took 0.397 seconds
[2026-05-02T10:31:19.818+0000] {processor.py:186} INFO - Started process (PID=1468) to work on /opt/airflow/dags/main.py
[2026-05-02T10:31:19.820+0000] {processor.py:914} INFO - Processing file /opt/airflow/dags/main.py for tasks to queue
[2026-05-02T10:31:19.825+0000] {logging_mixin.py:190} INFO - [2026-05-02T10:31:19.825+0000] {dagbag.py:588} INFO - Filling up the DagBag from /opt/airflow/dags/main.py
[2026-05-02T10:31:20.187+0000] {processor.py:925} INFO - DAG(s) 'orders_kafka_to_s3' retrieved from /opt/airflow/dags/main.py
[2026-05-02T10:31:20.221+0000] {logging_mixin.py:190} INFO - [2026-05-02T10:31:20.221+0000] {dag.py:3239} INFO - Sync 1 DAGs
[2026-05-02T10:31:20.250+0000] {logging_mixin.py:190} INFO - [2026-05-02T10:31:20.250+0000] {dag.py:4180} INFO - Setting next_dagrun for orders_kafka_to_s3 to 2026-05-02 00:00:00+00:00, run_after=2026-05-03 00:00:00+00:00
[2026-05-02T10:31:20.275+0000] {processor.py:208} INFO - Processing /opt/airflow/dags/main.py took 0.475 seconds
[2026-05-02T10:31:50.699+0000] {processor.py:186} INFO - Started process (PID=1475) to work on /opt/airflow/dags/main.py
[2026-05-02T10:31:50.700+0000] {processor.py:914} INFO - Processing file /opt/airflow/dags/main.py for tasks to queue
[2026-05-02T10:31:50.704+0000] {logging_mixin.py:190} INFO - [2026-05-02T10:31:50.704+0000] {dagbag.py:588} INFO - Filling up the DagBag from /opt/airflow/dags/main.py
[2026-05-02T10:31:51.100+0000] {processor.py:925} INFO - DAG(s) 'orders_kafka_to_s3' retrieved from /opt/airflow/dags/main.py
[2026-05-02T10:31:51.131+0000] {logging_mixin.py:190} INFO - [2026-05-02T10:31:51.131+0000] {dag.py:3239} INFO - Sync 1 DAGs
[2026-05-02T10:31:51.156+0000] {logging_mixin.py:190} INFO - [2026-05-02T10:31:51.156+0000] {dag.py:4180} INFO - Setting next_dagrun for orders_kafka_to_s3 to 2026-05-02 00:00:00+00:00, run_after=2026-05-03 00:00:00+00:00
[2026-05-02T10:31:51.177+0000] {processor.py:208} INFO - Processing /opt/airflow/dags/main.py took 0.486 seconds
[2026-05-02T10:32:21.598+0000] {processor.py:186} INFO - Started process (PID=1482) to work on /opt/airflow/dags/main.py
[2026-05-02T10:32:21.600+0000] {processor.py:914} INFO - Processing file /opt/airflow/dags/main.py for tasks to queue
[2026-05-02T10:32:21.603+0000] {logging_mixin.py:190} INFO - [2026-05-02T10:32:21.602+0000] {dagbag.py:588} INFO - Filling up the DagBag from /opt/airflow/dags/main.py
[2026-05-02T10:32:21.945+0000] {processor.py:925} INFO - DAG(s) 'orders_kafka_to_s3' retrieved from /opt/airflow/dags/main.py
[2026-05-02T10:32:21.969+0000] {logging_mixin.py:190} INFO - [2026-05-02T10:32:21.969+0000] {dag.py:3239} INFO - Sync 1 DAGs
[2026-05-02T10:32:21.991+0000] {logging_mixin.py:190} INFO - [2026-05-02T10:32:21.991+0000] {dag.py:4180} INFO - Setting next_dagrun for orders_kafka_to_s3 to 2026-05-02 00:00:00+00:00, run_after=2026-05-03 00:00:00+00:00
[2026-05-02T10:32:22.011+0000] {processor.py:208} INFO - Processing /opt/airflow/dags/main.py took 0.420 seconds
[2026-05-02T10:32:52.521+0000] {processor.py:186} INFO - Started process (PID=1489) to work on /opt/airflow/dags/main.py
[2026-05-02T10:32:52.522+0000] {processor.py:914} INFO - Processing file /opt/airflow/dags/main.py for tasks to queue
[2026-05-02T10:32:52.525+0000] {logging_mixin.py:190} INFO - [2026-05-02T10:32:52.525+0000] {dagbag.py:588} INFO - Filling up the DagBag from /opt/airflow/dags/main.py
[2026-05-02T10:32:52.842+0000] {processor.py:925} INFO - DAG(s) 'orders_kafka_to_s3' retrieved from /opt/airflow/dags/main.py
[2026-05-02T10:32:52.868+0000] {logging_mixin.py:190} INFO - [2026-05-02T10:32:52.867+0000] {dag.py:3239} INFO - Sync 1 DAGs
[2026-05-02T10:32:52.890+0000] {logging_mixin.py:190} INFO - [2026-05-02T10:32:52.890+0000] {dag.py:4180} INFO - Setting next_dagrun for orders_kafka_to_s3 to 2026-05-02 00:00:00+00:00, run_after=2026-05-03 00:00:00+00:00
[2026-05-02T10:32:52.914+0000] {processor.py:208} INFO - Processing /opt/airflow/dags/main.py took 0.402 seconds
[2026-05-02T10:33:23.284+0000] {processor.py:186} INFO - Started process (PID=1496) to work on /opt/airflow/dags/main.py
[2026-05-02T10:33:23.285+0000] {processor.py:914} INFO - Processing file /opt/airflow/dags/main.py for tasks to queue
[2026-05-02T10:33:23.289+0000] {logging_mixin.py:190} INFO - [2026-05-02T10:33:23.288+0000] {dagbag.py:588} INFO - Filling up the DagBag from /opt/airflow/dags/main.py
[2026-05-02T10:33:23.621+0000] {processor.py:925} INFO - DAG(s) 'orders_kafka_to_s3' retrieved from /opt/airflow/dags/main.py
[2026-05-02T10:33:23.649+0000] {logging_mixin.py:190} INFO - [2026-05-02T10:33:23.648+0000] {dag.py:3239} INFO - Sync 1 DAGs
[2026-05-02T10:33:23.677+0000] {logging_mixin.py:190} INFO - [2026-05-02T10:33:23.676+0000] {dag.py:4180} INFO - Setting next_dagrun for orders_kafka_to_s3 to 2026-05-02 00:00:00+00:00, run_after=2026-05-03 00:00:00+00:00
[2026-05-02T10:33:23.699+0000] {processor.py:208} INFO - Processing /opt/airflow/dags/main.py took 0.425 seconds
[2026-05-02T10:33:54.214+0000] {processor.py:186} INFO - Started process (PID=1503) to work on /opt/airflow/dags/main.py
[2026-05-02T10:33:54.215+0000] {processor.py:914} INFO - Processing file /opt/airflow/dags/main.py for tasks to queue
[2026-05-02T10:33:54.220+0000] {logging_mixin.py:190} INFO - [2026-05-02T10:33:54.219+0000] {dagbag.py:588} INFO - Filling up the DagBag from /opt/airflow/dags/main.py
[2026-05-02T10:33:54.600+0000] {processor.py:925} INFO - DAG(s) 'orders_kafka_to_s3' retrieved from /opt/airflow/dags/main.py
[2026-05-02T10:33:54.632+0000] {logging_mixin.py:190} INFO - [2026-05-02T10:33:54.632+0000] {dag.py:3239} INFO - Sync 1 DAGs
[2026-05-02T10:33:54.660+0000] {logging_mixin.py:190} INFO - [2026-05-02T10:33:54.660+0000] {dag.py:4180} INFO - Setting next_dagrun for orders_kafka_to_s3 to 2026-05-02 00:00:00+00:00, run_after=2026-05-03 00:00:00+00:00
[2026-05-02T10:33:54.685+0000] {processor.py:208} INFO - Processing /opt/airflow/dags/main.py took 0.483 seconds
[2026-05-02T10:34:25.127+0000] {processor.py:186} INFO - Started process (PID=1516) to work on /opt/airflow/dags/main.py
[2026-05-02T10:34:25.128+0000] {processor.py:914} INFO - Processing file /opt/airflow/dags/main.py for tasks to queue
[2026-05-02T10:34:25.130+0000] {logging_mixin.py:190} INFO - [2026-05-02T10:34:25.130+0000] {dagbag.py:588} INFO - Filling up the DagBag from /opt/airflow/dags/main.py
[2026-05-02T10:34:25.470+0000] {processor.py:925} INFO - DAG(s) 'orders_kafka_to_s3' retrieved from /opt/airflow/dags/main.py
[2026-05-02T10:34:25.507+0000] {logging_mixin.py:190} INFO - [2026-05-02T10:34:25.507+0000] {dag.py:3239} INFO - Sync 1 DAGs
[2026-05-02T10:34:25.533+0000] {logging_mixin.py:190} INFO - [2026-05-02T10:34:25.532+0000] {dag.py:4180} INFO - Setting next_dagrun for orders_kafka_to_s3 to 2026-05-02 00:00:00+00:00, run_after=2026-05-03 00:00:00+00:00
[2026-05-02T10:34:25.553+0000] {processor.py:208} INFO - Processing /opt/airflow/dags/main.py took 0.432 seconds
[2026-05-02T10:34:55.872+0000] {processor.py:186} INFO - Started process (PID=1523) to work on /opt/airflow/dags/main.py
[2026-05-02T10:34:55.874+0000] {processor.py:914} INFO - Processing file /opt/airflow/dags/main.py for tasks to queue
[2026-05-02T10:34:55.877+0000] {logging_mixin.py:190} INFO - [2026-05-02T10:34:55.877+0000] {dagbag.py:588} INFO - Filling up the DagBag from /opt/airflow/dags/main.py
[2026-05-02T10:34:56.176+0000] {processor.py:925} INFO - DAG(s) 'orders_kafka_to_s3' retrieved from /opt/airflow/dags/main.py
[2026-05-02T10:34:56.207+0000] {logging_mixin.py:190} INFO - [2026-05-02T10:34:56.207+0000] {dag.py:3239} INFO - Sync 1 DAGs
[2026-05-02T10:34:56.230+0000] {logging_mixin.py:190} INFO - [2026-05-02T10:34:56.230+0000] {dag.py:4180} INFO - Setting next_dagrun for orders_kafka_to_s3 to 2026-05-02 00:00:00+00:00, run_after=2026-05-03 00:00:00+00:00
[2026-05-02T10:34:56.253+0000] {processor.py:208} INFO - Processing /opt/airflow/dags/main.py took 0.388 seconds
[2026-05-02T10:35:26.665+0000] {processor.py:186} INFO - Started process (PID=1530) to work on /opt/airflow/dags/main.py
[2026-05-02T10:35:26.667+0000] {processor.py:914} INFO - Processing file /opt/airflow/dags/main.py for tasks to queue
[2026-05-02T10:35:26.670+0000] {logging_mixin.py:190} INFO - [2026-05-02T10:35:26.670+0000] {dagbag.py:588} INFO - Filling up the DagBag from /opt/airflow/dags/main.py
[2026-05-02T10:35:27.023+0000] {processor.py:925} INFO - DAG(s) 'orders_kafka_to_s3' retrieved from /opt/airflow/dags/main.py
[2026-05-02T10:35:27.047+0000] {logging_mixin.py:190} INFO - [2026-05-02T10:35:27.047+0000] {dag.py:3239} INFO - Sync 1 DAGs
[2026-05-02T10:35:27.077+0000] {logging_mixin.py:190} INFO - [2026-05-02T10:35:27.077+0000] {dag.py:4180} INFO - Setting next_dagrun for orders_kafka_to_s3 to 2026-05-02 00:00:00+00:00, run_after=2026-05-03 00:00:00+00:00
[2026-05-02T10:35:27.104+0000] {processor.py:208} INFO - Processing /opt/airflow/dags/main.py took 0.446 seconds
[2026-05-02T10:35:57.771+0000] {processor.py:186} INFO - Started process (PID=1537) to work on /opt/airflow/dags/main.py
[2026-05-02T10:35:57.773+0000] {processor.py:914} INFO - Processing file /opt/airflow/dags/main.py for tasks to queue
[2026-05-02T10:35:57.775+0000] {logging_mixin.py:190} INFO - [2026-05-02T10:35:57.775+0000] {dagbag.py:588} INFO - Filling up the DagBag from /opt/airflow/dags/main.py
[2026-05-02T10:35:58.111+0000] {processor.py:925} INFO - DAG(s) 'orders_kafka_to_s3' retrieved from /opt/airflow/dags/main.py
[2026-05-02T10:35:58.152+0000] {logging_mixin.py:190} INFO - [2026-05-02T10:35:58.152+0000] {dag.py:3239} INFO - Sync 1 DAGs
[2026-05-02T10:35:58.184+0000] {logging_mixin.py:190} INFO - [2026-05-02T10:35:58.183+0000] {dag.py:4180} INFO - Setting next_dagrun for orders_kafka_to_s3 to 2026-05-02 00:00:00+00:00, run_after=2026-05-03 00:00:00+00:00
[2026-05-02T10:35:58.213+0000] {processor.py:208} INFO - Processing /opt/airflow/dags/main.py took 0.448 seconds
[2026-05-02T10:36:29.146+0000] {processor.py:186} INFO - Started process (PID=1544) to work on /opt/airflow/dags/main.py
[2026-05-02T10:36:29.147+0000] {processor.py:914} INFO - Processing file /opt/airflow/dags/main.py for tasks to queue
[2026-05-02T10:36:29.150+0000] {logging_mixin.py:190} INFO - [2026-05-02T10:36:29.150+0000] {dagbag.py:588} INFO - Filling up the DagBag from /opt/airflow/dags/main.py
[2026-05-02T10:36:29.448+0000] {processor.py:925} INFO - DAG(s) 'orders_kafka_to_s3' retrieved from /opt/airflow/dags/main.py
[2026-05-02T10:36:29.476+0000] {logging_mixin.py:190} INFO - [2026-05-02T10:36:29.475+0000] {dag.py:3239} INFO - Sync 1 DAGs
[2026-05-02T10:36:29.502+0000] {logging_mixin.py:190} INFO - [2026-05-02T10:36:29.502+0000] {dag.py:4180} INFO - Setting next_dagrun for orders_kafka_to_s3 to 2026-05-02 00:00:00+00:00, run_after=2026-05-03 00:00:00+00:00
[2026-05-02T10:36:29.528+0000] {processor.py:208} INFO - Processing /opt/airflow/dags/main.py took 0.390 seconds
[2026-05-02T10:36:59.682+0000] {processor.py:186} INFO - Started process (PID=1551) to work on /opt/airflow/dags/main.py
[2026-05-02T10:36:59.684+0000] {processor.py:914} INFO - Processing file /opt/airflow/dags/main.py for tasks to queue
[2026-05-02T10:36:59.686+0000] {logging_mixin.py:190} INFO - [2026-05-02T10:36:59.686+0000] {dagbag.py:588} INFO - Filling up the DagBag from /opt/airflow/dags/main.py
[2026-05-02T10:37:00.041+0000] {processor.py:925} INFO - DAG(s) 'orders_kafka_to_s3' retrieved from /opt/airflow/dags/main.py
[2026-05-02T10:37:00.067+0000] {logging_mixin.py:190} INFO - [2026-05-02T10:37:00.067+0000] {dag.py:3239} INFO - Sync 1 DAGs
[2026-05-02T10:37:00.089+0000] {logging_mixin.py:190} INFO - [2026-05-02T10:37:00.089+0000] {dag.py:4180} INFO - Setting next_dagrun for orders_kafka_to_s3 to 2026-05-02 00:00:00+00:00, run_after=2026-05-03 00:00:00+00:00
[2026-05-02T10:37:00.110+0000] {processor.py:208} INFO - Processing /opt/airflow/dags/main.py took 0.435 seconds
[2026-05-02T10:37:30.453+0000] {processor.py:186} INFO - Started process (PID=1558) to work on /opt/airflow/dags/main.py
[2026-05-02T10:37:30.454+0000] {processor.py:914} INFO - Processing file /opt/airflow/dags/main.py for tasks to queue
[2026-05-02T10:37:30.457+0000] {logging_mixin.py:190} INFO - [2026-05-02T10:37:30.456+0000] {dagbag.py:588} INFO - Filling up the DagBag from /opt/airflow/dags/main.py
[2026-05-02T10:37:30.902+0000] {processor.py:925} INFO - DAG(s) 'orders_kafka_to_s3' retrieved from /opt/airflow/dags/main.py
[2026-05-02T10:37:30.947+0000] {logging_mixin.py:190} INFO - [2026-05-02T10:37:30.947+0000] {dag.py:3239} INFO - Sync 1 DAGs
[2026-05-02T10:37:30.977+0000] {logging_mixin.py:190} INFO - [2026-05-02T10:37:30.976+0000] {dag.py:4180} INFO - Setting next_dagrun for orders_kafka_to_s3 to 2026-05-02 00:00:00+00:00, run_after=2026-05-03 00:00:00+00:00
[2026-05-02T10:37:30.999+0000] {processor.py:208} INFO - Processing /opt/airflow/dags/main.py took 0.553 seconds
[2026-05-02T10:38:01.456+0000] {processor.py:186} INFO - Started process (PID=1565) to work on /opt/airflow/dags/main.py
[2026-05-02T10:38:01.458+0000] {processor.py:914} INFO - Processing file /opt/airflow/dags/main.py for tasks to queue
[2026-05-02T10:38:01.462+0000] {logging_mixin.py:190} INFO - [2026-05-02T10:38:01.462+0000] {dagbag.py:588} INFO - Filling up the DagBag from /opt/airflow/dags/main.py
[2026-05-02T10:38:01.871+0000] {processor.py:925} INFO - DAG(s) 'orders_kafka_to_s3' retrieved from /opt/airflow/dags/main.py
[2026-05-02T10:38:01.905+0000] {logging_mixin.py:190} INFO - [2026-05-02T10:38:01.905+0000] {dag.py:3239} INFO - Sync 1 DAGs
[2026-05-02T10:38:01.938+0000] {logging_mixin.py:190} INFO - [2026-05-02T10:38:01.938+0000] {dag.py:4180} INFO - Setting next_dagrun for orders_kafka_to_s3 to 2026-05-02 00:00:00+00:00, run_after=2026-05-03 00:00:00+00:00
[2026-05-02T10:38:01.969+0000] {processor.py:208} INFO - Processing /opt/airflow/dags/main.py took 0.521 seconds
[2026-05-02T10:38:32.414+0000] {processor.py:186} INFO - Started process (PID=1572) to work on /opt/airflow/dags/main.py
[2026-05-02T10:38:32.415+0000] {processor.py:914} INFO - Processing file /opt/airflow/dags/main.py for tasks to queue
[2026-05-02T10:38:32.419+0000] {logging_mixin.py:190} INFO - [2026-05-02T10:38:32.419+0000] {dagbag.py:588} INFO - Filling up the DagBag from /opt/airflow/dags/main.py
[2026-05-02T10:38:32.724+0000] {processor.py:925} INFO - DAG(s) 'orders_kafka_to_s3' retrieved from /opt/airflow/dags/main.py
[2026-05-02T10:38:32.748+0000] {logging_mixin.py:190} INFO - [2026-05-02T10:38:32.748+0000] {dag.py:3239} INFO - Sync 1 DAGs
[2026-05-02T10:38:32.772+0000] {logging_mixin.py:190} INFO - [2026-05-02T10:38:32.772+0000] {dag.py:4180} INFO - Setting next_dagrun for orders_kafka_to_s3 to 2026-05-02 00:00:00+00:00, run_after=2026-05-03 00:00:00+00:00
[2026-05-02T10:38:32.792+0000] {processor.py:208} INFO - Processing /opt/airflow/dags/main.py took 0.383 seconds
[2026-05-02T10:39:03.251+0000] {processor.py:186} INFO - Started process (PID=1579) to work on /opt/airflow/dags/main.py
[2026-05-02T10:39:03.253+0000] {processor.py:914} INFO - Processing file /opt/airflow/dags/main.py for tasks to queue
[2026-05-02T10:39:03.258+0000] {logging_mixin.py:190} INFO - [2026-05-02T10:39:03.257+0000] {dagbag.py:588} INFO - Filling up the DagBag from /opt/airflow/dags/main.py
[2026-05-02T10:39:03.631+0000] {processor.py:925} INFO - DAG(s) 'orders_kafka_to_s3' retrieved from /opt/airflow/dags/main.py
[2026-05-02T10:39:03.659+0000] {logging_mixin.py:190} INFO - [2026-05-02T10:39:03.659+0000] {dag.py:3239} INFO - Sync 1 DAGs
[2026-05-02T10:39:03.686+0000] {logging_mixin.py:190} INFO - [2026-05-02T10:39:03.686+0000] {dag.py:4180} INFO - Setting next_dagrun for orders_kafka_to_s3 to 2026-05-02 00:00:00+00:00, run_after=2026-05-03 00:00:00+00:00
[2026-05-02T10:39:03.707+0000] {processor.py:208} INFO - Processing /opt/airflow/dags/main.py took 0.466 seconds
[2026-05-02T10:39:34.066+0000] {processor.py:186} INFO - Started process (PID=1586) to work on /opt/airflow/dags/main.py
[2026-05-02T10:39:34.067+0000] {processor.py:914} INFO - Processing file /opt/airflow/dags/main.py for tasks to queue
[2026-05-02T10:39:34.070+0000] {logging_mixin.py:190} INFO - [2026-05-02T10:39:34.070+0000] {dagbag.py:588} INFO - Filling up the DagBag from /opt/airflow/dags/main.py
[2026-05-02T10:39:34.363+0000] {processor.py:925} INFO - DAG(s) 'orders_kafka_to_s3' retrieved from /opt/airflow/dags/main.py
[2026-05-02T10:39:34.387+0000] {logging_mixin.py:190} INFO - [2026-05-02T10:39:34.387+0000] {dag.py:3239} INFO - Sync 1 DAGs
[2026-05-02T10:39:34.410+0000] {logging_mixin.py:190} INFO - [2026-05-02T10:39:34.410+0000] {dag.py:4180} INFO - Setting next_dagrun for orders_kafka_to_s3 to 2026-05-02 00:00:00+00:00, run_after=2026-05-03 00:00:00+00:00
[2026-05-02T10:39:34.432+0000] {processor.py:208} INFO - Processing /opt/airflow/dags/main.py took 0.374 seconds
[2026-05-02T10:40:04.877+0000] {processor.py:186} INFO - Started process (PID=1593) to work on /opt/airflow/dags/main.py
[2026-05-02T10:40:04.878+0000] {processor.py:914} INFO - Processing file /opt/airflow/dags/main.py for tasks to queue
[2026-05-02T10:40:04.881+0000] {logging_mixin.py:190} INFO - [2026-05-02T10:40:04.880+0000] {dagbag.py:588} INFO - Filling up the DagBag from /opt/airflow/dags/main.py
[2026-05-02T10:40:05.157+0000] {processor.py:925} INFO - DAG(s) 'orders_kafka_to_s3' retrieved from /opt/airflow/dags/main.py
[2026-05-02T10:40:05.184+0000] {logging_mixin.py:190} INFO - [2026-05-02T10:40:05.184+0000] {dag.py:3239} INFO - Sync 1 DAGs
[2026-05-02T10:40:05.210+0000] {logging_mixin.py:190} INFO - [2026-05-02T10:40:05.210+0000] {dag.py:4180} INFO - Setting next_dagrun for orders_kafka_to_s3 to 2026-05-02 00:00:00+00:00, run_after=2026-05-03 00:00:00+00:00
[2026-05-02T10:40:05.232+0000] {processor.py:208} INFO - Processing /opt/airflow/dags/main.py took 0.362 seconds
[2026-05-02T10:40:35.773+0000] {processor.py:186} INFO - Started process (PID=1600) to work on /opt/airflow/dags/main.py
[2026-05-02T10:40:35.774+0000] {processor.py:914} INFO - Processing file /opt/airflow/dags/main.py for tasks to queue
[2026-05-02T10:40:35.778+0000] {logging_mixin.py:190} INFO - [2026-05-02T10:40:35.778+0000] {dagbag.py:588} INFO - Filling up the DagBag from /opt/airflow/dags/main.py
[2026-05-02T10:40:36.155+0000] {processor.py:925} INFO - DAG(s) 'orders_kafka_to_s3' retrieved from /opt/airflow/dags/main.py
[2026-05-02T10:40:36.185+0000] {logging_mixin.py:190} INFO - [2026-05-02T10:40:36.185+0000] {dag.py:3239} INFO - Sync 1 DAGs
[2026-05-02T10:40:36.214+0000] {logging_mixin.py:190} INFO - [2026-05-02T10:40:36.214+0000] {dag.py:4180} INFO - Setting next_dagrun for orders_kafka_to_s3 to 2026-05-02 00:00:00+00:00, run_after=2026-05-03 00:00:00+00:00
[2026-05-02T10:40:36.244+0000] {processor.py:208} INFO - Processing /opt/airflow/dags/main.py took 0.482 seconds
[2026-05-02T10:41:06.600+0000] {processor.py:186} INFO - Started process (PID=1608) to work on /opt/airflow/dags/main.py
[2026-05-02T10:41:06.601+0000] {processor.py:914} INFO - Processing file /opt/airflow/dags/main.py for tasks to queue
[2026-05-02T10:41:06.604+0000] {logging_mixin.py:190} INFO - [2026-05-02T10:41:06.604+0000] {dagbag.py:588} INFO - Filling up the DagBag from /opt/airflow/dags/main.py
[2026-05-02T10:41:06.943+0000] {processor.py:925} INFO - DAG(s) 'orders_kafka_to_s3' retrieved from /opt/airflow/dags/main.py
[2026-05-02T10:41:06.970+0000] {logging_mixin.py:190} INFO - [2026-05-02T10:41:06.969+0000] {dag.py:3239} INFO - Sync 1 DAGs
[2026-05-02T10:41:06.996+0000] {logging_mixin.py:190} INFO - [2026-05-02T10:41:06.995+0000] {dag.py:4180} INFO - Setting next_dagrun for orders_kafka_to_s3 to 2026-05-02 00:00:00+00:00, run_after=2026-05-03 00:00:00+00:00
[2026-05-02T10:41:07.018+0000] {processor.py:208} INFO - Processing /opt/airflow/dags/main.py took 0.427 seconds
[2026-05-02T10:41:37.334+0000] {processor.py:186} INFO - Started process (PID=1615) to work on /opt/airflow/dags/main.py
[2026-05-02T10:41:37.335+0000] {processor.py:914} INFO - Processing file /opt/airflow/dags/main.py for tasks to queue
[2026-05-02T10:41:37.338+0000] {logging_mixin.py:190} INFO - [2026-05-02T10:41:37.338+0000] {dagbag.py:588} INFO - Filling up the DagBag from /opt/airflow/dags/main.py
[2026-05-02T10:41:37.638+0000] {processor.py:925} INFO - DAG(s) 'orders_kafka_to_s3' retrieved from /opt/airflow/dags/main.py
[2026-05-02T10:41:37.660+0000] {logging_mixin.py:190} INFO - [2026-05-02T10:41:37.660+0000] {dag.py:3239} INFO - Sync 1 DAGs
[2026-05-02T10:41:37.683+0000] {logging_mixin.py:190} INFO - [2026-05-02T10:41:37.683+0000] {dag.py:4180} INFO - Setting next_dagrun for orders_kafka_to_s3 to 2026-05-02 00:00:00+00:00, run_after=2026-05-03 00:00:00+00:00
[2026-05-02T10:41:37.704+0000] {processor.py:208} INFO - Processing /opt/airflow/dags/main.py took 0.379 seconds
[2026-05-02T10:42:08.135+0000] {processor.py:186} INFO - Started process (PID=1621) to work on /opt/airflow/dags/main.py
[2026-05-02T10:42:08.136+0000] {processor.py:914} INFO - Processing file /opt/airflow/dags/main.py for tasks to queue
[2026-05-02T10:42:08.139+0000] {logging_mixin.py:190} INFO - [2026-05-02T10:42:08.139+0000] {dagbag.py:588} INFO - Filling up the DagBag from /opt/airflow/dags/main.py
[2026-05-02T10:42:08.482+0000] {processor.py:925} INFO - DAG(s) 'orders_kafka_to_s3' retrieved from /opt/airflow/dags/main.py
[2026-05-02T10:42:08.519+0000] {logging_mixin.py:190} INFO - [2026-05-02T10:42:08.518+0000] {dag.py:3239} INFO - Sync 1 DAGs
[2026-05-02T10:42:08.545+0000] {logging_mixin.py:190} INFO - [2026-05-02T10:42:08.545+0000] {dag.py:4180} INFO - Setting next_dagrun for orders_kafka_to_s3 to 2026-05-02 00:00:00+00:00, run_after=2026-05-03 00:00:00+00:00
[2026-05-02T10:42:08.581+0000] {processor.py:208} INFO - Processing /opt/airflow/dags/main.py took 0.453 seconds
[2026-05-02T10:42:39.024+0000] {processor.py:186} INFO - Started process (PID=1628) to work on /opt/airflow/dags/main.py
[2026-05-02T10:42:39.025+0000] {processor.py:914} INFO - Processing file /opt/airflow/dags/main.py for tasks to queue
[2026-05-02T10:42:39.029+0000] {logging_mixin.py:190} INFO - [2026-05-02T10:42:39.028+0000] {dagbag.py:588} INFO - Filling up the DagBag from /opt/airflow/dags/main.py
[2026-05-02T10:42:39.399+0000] {processor.py:925} INFO - DAG(s) 'orders_kafka_to_s3' retrieved from /opt/airflow/dags/main.py
[2026-05-02T10:42:39.437+0000] {logging_mixin.py:190} INFO - [2026-05-02T10:42:39.437+0000] {dag.py:3239} INFO - Sync 1 DAGs
[2026-05-02T10:42:39.466+0000] {logging_mixin.py:190} INFO - [2026-05-02T10:42:39.466+0000] {dag.py:4180} INFO - Setting next_dagrun for orders_kafka_to_s3 to 2026-05-02 00:00:00+00:00, run_after=2026-05-03 00:00:00+00:00
[2026-05-02T10:42:39.493+0000] {processor.py:208} INFO - Processing /opt/airflow/dags/main.py took 0.475 seconds
[2026-05-02T10:43:09.869+0000] {processor.py:186} INFO - Started process (PID=1635) to work on /opt/airflow/dags/main.py
[2026-05-02T10:43:09.870+0000] {processor.py:914} INFO - Processing file /opt/airflow/dags/main.py for tasks to queue
[2026-05-02T10:43:09.874+0000] {logging_mixin.py:190} INFO - [2026-05-02T10:43:09.874+0000] {dagbag.py:588} INFO - Filling up the DagBag from /opt/airflow/dags/main.py
[2026-05-02T10:43:10.272+0000] {processor.py:925} INFO - DAG(s) 'orders_kafka_to_s3' retrieved from /opt/airflow/dags/main.py
[2026-05-02T10:43:10.300+0000] {logging_mixin.py:190} INFO - [2026-05-02T10:43:10.300+0000] {dag.py:3239} INFO - Sync 1 DAGs
[2026-05-02T10:43:10.328+0000] {logging_mixin.py:190} INFO - [2026-05-02T10:43:10.328+0000] {dag.py:4180} INFO - Setting next_dagrun for orders_kafka_to_s3 to 2026-05-02 00:00:00+00:00, run_after=2026-05-03 00:00:00+00:00
[2026-05-02T10:43:10.352+0000] {processor.py:208} INFO - Processing /opt/airflow/dags/main.py took 0.494 seconds
[2026-05-02T10:43:40.690+0000] {processor.py:186} INFO - Started process (PID=1642) to work on /opt/airflow/dags/main.py
[2026-05-02T10:43:40.691+0000] {processor.py:914} INFO - Processing file /opt/airflow/dags/main.py for tasks to queue
[2026-05-02T10:43:40.694+0000] {logging_mixin.py:190} INFO - [2026-05-02T10:43:40.694+0000] {dagbag.py:588} INFO - Filling up the DagBag from /opt/airflow/dags/main.py
[2026-05-02T10:43:41.043+0000] {processor.py:925} INFO - DAG(s) 'orders_kafka_to_s3' retrieved from /opt/airflow/dags/main.py
[2026-05-02T10:43:41.086+0000] {logging_mixin.py:190} INFO - [2026-05-02T10:43:41.086+0000] {dag.py:3239} INFO - Sync 1 DAGs
[2026-05-02T10:43:41.115+0000] {logging_mixin.py:190} INFO - [2026-05-02T10:43:41.115+0000] {dag.py:4180} INFO - Setting next_dagrun for orders_kafka_to_s3 to 2026-05-02 00:00:00+00:00, run_after=2026-05-03 00:00:00+00:00
[2026-05-02T10:43:41.141+0000] {processor.py:208} INFO - Processing /opt/airflow/dags/main.py took 0.458 seconds
[2026-05-02T10:44:11.543+0000] {processor.py:186} INFO - Started process (PID=1649) to work on /opt/airflow/dags/main.py
[2026-05-02T10:44:11.545+0000] {processor.py:914} INFO - Processing file /opt/airflow/dags/main.py for tasks to queue
[2026-05-02T10:44:11.548+0000] {logging_mixin.py:190} INFO - [2026-05-02T10:44:11.547+0000] {dagbag.py:588} INFO - Filling up the DagBag from /opt/airflow/dags/main.py
[2026-05-02T10:44:11.922+0000] {processor.py:925} INFO - DAG(s) 'orders_kafka_to_s3' retrieved from /opt/airflow/dags/main.py
[2026-05-02T10:44:11.948+0000] {logging_mixin.py:190} INFO - [2026-05-02T10:44:11.948+0000] {dag.py:3239} INFO - Sync 1 DAGs
[2026-05-02T10:44:11.971+0000] {logging_mixin.py:190} INFO - [2026-05-02T10:44:11.971+0000] {dag.py:4180} INFO - Setting next_dagrun for orders_kafka_to_s3 to 2026-05-02 00:00:00+00:00, run_after=2026-05-03 00:00:00+00:00
[2026-05-02T10:44:11.998+0000] {processor.py:208} INFO - Processing /opt/airflow/dags/main.py took 0.462 seconds
[2026-05-02T10:44:42.401+0000] {processor.py:186} INFO - Started process (PID=1656) to work on /opt/airflow/dags/main.py
[2026-05-02T10:44:42.402+0000] {processor.py:914} INFO - Processing file /opt/airflow/dags/main.py for tasks to queue
[2026-05-02T10:44:42.405+0000] {logging_mixin.py:190} INFO - [2026-05-02T10:44:42.405+0000] {dagbag.py:588} INFO - Filling up the DagBag from /opt/airflow/dags/main.py
[2026-05-02T10:44:42.762+0000] {processor.py:925} INFO - DAG(s) 'orders_kafka_to_s3' retrieved from /opt/airflow/dags/main.py
[2026-05-02T10:44:42.789+0000] {logging_mixin.py:190} INFO - [2026-05-02T10:44:42.788+0000] {dag.py:3239} INFO - Sync 1 DAGs
[2026-05-02T10:44:42.816+0000] {logging_mixin.py:190} INFO - [2026-05-02T10:44:42.816+0000] {dag.py:4180} INFO - Setting next_dagrun for orders_kafka_to_s3 to 2026-05-02 00:00:00+00:00, run_after=2026-05-03 00:00:00+00:00
[2026-05-02T10:44:42.842+0000] {processor.py:208} INFO - Processing /opt/airflow/dags/main.py took 0.448 seconds
[2026-05-02T10:45:13.324+0000] {processor.py:186} INFO - Started process (PID=1663) to work on /opt/airflow/dags/main.py
[2026-05-02T10:45:13.326+0000] {processor.py:914} INFO - Processing file /opt/airflow/dags/main.py for tasks to queue
[2026-05-02T10:45:13.330+0000] {logging_mixin.py:190} INFO - [2026-05-02T10:45:13.329+0000] {dagbag.py:588} INFO - Filling up the DagBag from /opt/airflow/dags/main.py
[2026-05-02T10:45:13.715+0000] {processor.py:925} INFO - DAG(s) 'orders_kafka_to_s3' retrieved from /opt/airflow/dags/main.py
[2026-05-02T10:45:13.746+0000] {logging_mixin.py:190} INFO - [2026-05-02T10:45:13.746+0000] {dag.py:3239} INFO - Sync 1 DAGs
[2026-05-02T10:45:13.775+0000] {logging_mixin.py:190} INFO - [2026-05-02T10:45:13.775+0000] {dag.py:4180} INFO - Setting next_dagrun for orders_kafka_to_s3 to 2026-05-02 00:00:00+00:00, run_after=2026-05-03 00:00:00+00:00
[2026-05-02T10:45:13.798+0000] {processor.py:208} INFO - Processing /opt/airflow/dags/main.py took 0.483 seconds
[2026-05-02T10:45:44.037+0000] {processor.py:186} INFO - Started process (PID=1670) to work on /opt/airflow/dags/main.py
[2026-05-02T10:45:44.039+0000] {processor.py:914} INFO - Processing file /opt/airflow/dags/main.py for tasks to queue
[2026-05-02T10:45:44.042+0000] {logging_mixin.py:190} INFO - [2026-05-02T10:45:44.042+0000] {dagbag.py:588} INFO - Filling up the DagBag from /opt/airflow/dags/main.py
[2026-05-02T10:45:44.359+0000] {processor.py:925} INFO - DAG(s) 'orders_kafka_to_s3' retrieved from /opt/airflow/dags/main.py
[2026-05-02T10:45:44.385+0000] {logging_mixin.py:190} INFO - [2026-05-02T10:45:44.384+0000] {dag.py:3239} INFO - Sync 1 DAGs
[2026-05-02T10:45:44.409+0000] {logging_mixin.py:190} INFO - [2026-05-02T10:45:44.409+0000] {dag.py:4180} INFO - Setting next_dagrun for orders_kafka_to_s3 to 2026-05-02 00:00:00+00:00, run_after=2026-05-03 00:00:00+00:00
[2026-05-02T10:45:44.430+0000] {processor.py:208} INFO - Processing /opt/airflow/dags/main.py took 0.400 seconds
[2026-05-02T10:46:14.561+0000] {processor.py:186} INFO - Started process (PID=1677) to work on /opt/airflow/dags/main.py
[2026-05-02T10:46:14.564+0000] {processor.py:914} INFO - Processing file /opt/airflow/dags/main.py for tasks to queue
[2026-05-02T10:46:14.570+0000] {logging_mixin.py:190} INFO - [2026-05-02T10:46:14.570+0000] {dagbag.py:588} INFO - Filling up the DagBag from /opt/airflow/dags/main.py
[2026-05-02T10:46:14.954+0000] {processor.py:925} INFO - DAG(s) 'orders_kafka_to_s3' retrieved from /opt/airflow/dags/main.py
[2026-05-02T10:46:15.010+0000] {logging_mixin.py:190} INFO - [2026-05-02T10:46:15.010+0000] {dag.py:3239} INFO - Sync 1 DAGs
[2026-05-02T10:46:15.046+0000] {logging_mixin.py:190} INFO - [2026-05-02T10:46:15.046+0000] {dag.py:4180} INFO - Setting next_dagrun for orders_kafka_to_s3 to 2026-05-02 00:00:00+00:00, run_after=2026-05-03 00:00:00+00:00
[2026-05-02T10:46:15.076+0000] {processor.py:208} INFO - Processing /opt/airflow/dags/main.py took 0.528 seconds
[2026-05-02T10:46:45.399+0000] {processor.py:186} INFO - Started process (PID=1683) to work on /opt/airflow/dags/main.py
[2026-05-02T10:46:45.403+0000] {processor.py:914} INFO - Processing file /opt/airflow/dags/main.py for tasks to queue
[2026-05-02T10:46:45.408+0000] {logging_mixin.py:190} INFO - [2026-05-02T10:46:45.407+0000] {dagbag.py:588} INFO - Filling up the DagBag from /opt/airflow/dags/main.py
[2026-05-02T10:46:45.904+0000] {processor.py:925} INFO - DAG(s) 'orders_kafka_to_s3' retrieved from /opt/airflow/dags/main.py
[2026-05-02T10:46:45.942+0000] {logging_mixin.py:190} INFO - [2026-05-02T10:46:45.941+0000] {dag.py:3239} INFO - Sync 1 DAGs
[2026-05-02T10:46:45.971+0000] {logging_mixin.py:190} INFO - [2026-05-02T10:46:45.971+0000] {dag.py:4180} INFO - Setting next_dagrun for orders_kafka_to_s3 to 2026-05-02 00:00:00+00:00, run_after=2026-05-03 00:00:00+00:00
[2026-05-02T10:46:45.996+0000] {processor.py:208} INFO - Processing /opt/airflow/dags/main.py took 0.622 seconds
[2026-05-02T10:47:16.373+0000] {processor.py:186} INFO - Started process (PID=1690) to work on /opt/airflow/dags/main.py
[2026-05-02T10:47:16.374+0000] {processor.py:914} INFO - Processing file /opt/airflow/dags/main.py for tasks to queue
[2026-05-02T10:47:16.378+0000] {logging_mixin.py:190} INFO - [2026-05-02T10:47:16.377+0000] {dagbag.py:588} INFO - Filling up the DagBag from /opt/airflow/dags/main.py
[2026-05-02T10:47:16.831+0000] {processor.py:925} INFO - DAG(s) 'orders_kafka_to_s3' retrieved from /opt/airflow/dags/main.py
[2026-05-02T10:47:16.867+0000] {logging_mixin.py:190} INFO - [2026-05-02T10:47:16.866+0000] {dag.py:3239} INFO - Sync 1 DAGs
[2026-05-02T10:47:16.898+0000] {logging_mixin.py:190} INFO - [2026-05-02T10:47:16.898+0000] {dag.py:4180} INFO - Setting next_dagrun for orders_kafka_to_s3 to 2026-05-02 00:00:00+00:00, run_after=2026-05-03 00:00:00+00:00
[2026-05-02T10:47:16.923+0000] {processor.py:208} INFO - Processing /opt/airflow/dags/main.py took 0.559 seconds
[2026-05-02T10:47:47.245+0000] {processor.py:186} INFO - Started process (PID=1697) to work on /opt/airflow/dags/main.py
[2026-05-02T10:47:47.246+0000] {processor.py:914} INFO - Processing file /opt/airflow/dags/main.py for tasks to queue
[2026-05-02T10:47:47.249+0000] {logging_mixin.py:190} INFO - [2026-05-02T10:47:47.249+0000] {dagbag.py:588} INFO - Filling up the DagBag from /opt/airflow/dags/main.py
[2026-05-02T10:47:47.662+0000] {processor.py:925} INFO - DAG(s) 'orders_kafka_to_s3' retrieved from /opt/airflow/dags/main.py
[2026-05-02T10:47:47.698+0000] {logging_mixin.py:190} INFO - [2026-05-02T10:47:47.697+0000] {dag.py:3239} INFO - Sync 1 DAGs
[2026-05-02T10:47:47.732+0000] {logging_mixin.py:190} INFO - [2026-05-02T10:47:47.732+0000] {dag.py:4180} INFO - Setting next_dagrun for orders_kafka_to_s3 to 2026-05-02 00:00:00+00:00, run_after=2026-05-03 00:00:00+00:00
[2026-05-02T10:47:47.756+0000] {processor.py:208} INFO - Processing /opt/airflow/dags/main.py took 0.518 seconds
[2026-05-02T10:48:18.247+0000] {processor.py:186} INFO - Started process (PID=1704) to work on /opt/airflow/dags/main.py
[2026-05-02T10:48:18.248+0000] {processor.py:914} INFO - Processing file /opt/airflow/dags/main.py for tasks to queue
[2026-05-02T10:48:18.251+0000] {logging_mixin.py:190} INFO - [2026-05-02T10:48:18.250+0000] {dagbag.py:588} INFO - Filling up the DagBag from /opt/airflow/dags/main.py
[2026-05-02T10:48:18.593+0000] {processor.py:925} INFO - DAG(s) 'orders_kafka_to_s3' retrieved from /opt/airflow/dags/main.py
[2026-05-02T10:48:18.629+0000] {logging_mixin.py:190} INFO - [2026-05-02T10:48:18.628+0000] {dag.py:3239} INFO - Sync 1 DAGs
[2026-05-02T10:48:18.664+0000] {logging_mixin.py:190} INFO - [2026-05-02T10:48:18.664+0000] {dag.py:4180} INFO - Setting next_dagrun for orders_kafka_to_s3 to 2026-05-02 00:00:00+00:00, run_after=2026-05-03 00:00:00+00:00
[2026-05-02T10:48:18.692+0000] {processor.py:208} INFO - Processing /opt/airflow/dags/main.py took 0.453 seconds
[2026-05-02T10:48:49.073+0000] {processor.py:186} INFO - Started process (PID=1712) to work on /opt/airflow/dags/main.py
[2026-05-02T10:48:49.074+0000] {processor.py:914} INFO - Processing file /opt/airflow/dags/main.py for tasks to queue
[2026-05-02T10:48:49.078+0000] {logging_mixin.py:190} INFO - [2026-05-02T10:48:49.077+0000] {dagbag.py:588} INFO - Filling up the DagBag from /opt/airflow/dags/main.py
[2026-05-02T10:48:49.408+0000] {processor.py:925} INFO - DAG(s) 'orders_kafka_to_s3' retrieved from /opt/airflow/dags/main.py
[2026-05-02T10:48:49.432+0000] {logging_mixin.py:190} INFO - [2026-05-02T10:48:49.432+0000] {dag.py:3239} INFO - Sync 1 DAGs
[2026-05-02T10:48:49.456+0000] {logging_mixin.py:190} INFO - [2026-05-02T10:48:49.456+0000] {dag.py:4180} INFO - Setting next_dagrun for orders_kafka_to_s3 to 2026-05-02 00:00:00+00:00, run_after=2026-05-03 00:00:00+00:00
[2026-05-02T10:48:49.477+0000] {processor.py:208} INFO - Processing /opt/airflow/dags/main.py took 0.419 seconds
[2026-05-02T10:49:19.971+0000] {processor.py:186} INFO - Started process (PID=1719) to work on /opt/airflow/dags/main.py
[2026-05-02T10:49:19.973+0000] {processor.py:914} INFO - Processing file /opt/airflow/dags/main.py for tasks to queue
[2026-05-02T10:49:19.979+0000] {logging_mixin.py:190} INFO - [2026-05-02T10:49:19.978+0000] {dagbag.py:588} INFO - Filling up the DagBag from /opt/airflow/dags/main.py
[2026-05-02T10:49:20.401+0000] {processor.py:925} INFO - DAG(s) 'orders_kafka_to_s3' retrieved from /opt/airflow/dags/main.py
[2026-05-02T10:49:20.436+0000] {logging_mixin.py:190} INFO - [2026-05-02T10:49:20.435+0000] {dag.py:3239} INFO - Sync 1 DAGs
[2026-05-02T10:49:20.470+0000] {logging_mixin.py:190} INFO - [2026-05-02T10:49:20.470+0000] {dag.py:4180} INFO - Setting next_dagrun for orders_kafka_to_s3 to 2026-05-02 00:00:00+00:00, run_after=2026-05-03 00:00:00+00:00
[2026-05-02T10:49:20.495+0000] {processor.py:208} INFO - Processing /opt/airflow/dags/main.py took 0.543 seconds
[2026-05-02T10:49:50.870+0000] {processor.py:186} INFO - Started process (PID=1726) to work on /opt/airflow/dags/main.py
[2026-05-02T10:49:50.872+0000] {processor.py:914} INFO - Processing file /opt/airflow/dags/main.py for tasks to queue
[2026-05-02T10:49:50.876+0000] {logging_mixin.py:190} INFO - [2026-05-02T10:49:50.875+0000] {dagbag.py:588} INFO - Filling up the DagBag from /opt/airflow/dags/main.py
[2026-05-02T10:49:51.218+0000] {processor.py:925} INFO - DAG(s) 'orders_kafka_to_s3' retrieved from /opt/airflow/dags/main.py
[2026-05-02T10:49:51.244+0000] {logging_mixin.py:190} INFO - [2026-05-02T10:49:51.244+0000] {dag.py:3239} INFO - Sync 1 DAGs
[2026-05-02T10:49:51.279+0000] {logging_mixin.py:190} INFO - [2026-05-02T10:49:51.278+0000] {dag.py:4180} INFO - Setting next_dagrun for orders_kafka_to_s3 to 2026-05-02 00:00:00+00:00, run_after=2026-05-03 00:00:00+00:00
[2026-05-02T10:49:51.329+0000] {processor.py:208} INFO - Processing /opt/airflow/dags/main.py took 0.467 seconds
[2026-05-02T10:50:21.880+0000] {processor.py:186} INFO - Started process (PID=1733) to work on /opt/airflow/dags/main.py
[2026-05-02T10:50:21.881+0000] {processor.py:914} INFO - Processing file /opt/airflow/dags/main.py for tasks to queue
[2026-05-02T10:50:21.885+0000] {logging_mixin.py:190} INFO - [2026-05-02T10:50:21.884+0000] {dagbag.py:588} INFO - Filling up the DagBag from /opt/airflow/dags/main.py
[2026-05-02T10:50:22.198+0000] {processor.py:925} INFO - DAG(s) 'orders_kafka_to_s3' retrieved from /opt/airflow/dags/main.py
[2026-05-02T10:50:22.236+0000] {logging_mixin.py:190} INFO - [2026-05-02T10:50:22.235+0000] {dag.py:3239} INFO - Sync 1 DAGs
[2026-05-02T10:50:22.270+0000] {logging_mixin.py:190} INFO - [2026-05-02T10:50:22.269+0000] {dag.py:4180} INFO - Setting next_dagrun for orders_kafka_to_s3 to 2026-05-02 00:00:00+00:00, run_after=2026-05-03 00:00:00+00:00
[2026-05-02T10:50:22.296+0000] {processor.py:208} INFO - Processing /opt/airflow/dags/main.py took 0.423 seconds
[2026-05-02T10:50:52.616+0000] {processor.py:186} INFO - Started process (PID=1740) to work on /opt/airflow/dags/main.py
[2026-05-02T10:50:52.618+0000] {processor.py:914} INFO - Processing file /opt/airflow/dags/main.py for tasks to queue
[2026-05-02T10:50:52.621+0000] {logging_mixin.py:190} INFO - [2026-05-02T10:50:52.620+0000] {dagbag.py:588} INFO - Filling up the DagBag from /opt/airflow/dags/main.py
[2026-05-02T10:50:52.918+0000] {processor.py:925} INFO - DAG(s) 'orders_kafka_to_s3' retrieved from /opt/airflow/dags/main.py
[2026-05-02T10:50:52.943+0000] {logging_mixin.py:190} INFO - [2026-05-02T10:50:52.942+0000] {dag.py:3239} INFO - Sync 1 DAGs
[2026-05-02T10:50:52.965+0000] {logging_mixin.py:190} INFO - [2026-05-02T10:50:52.965+0000] {dag.py:4180} INFO - Setting next_dagrun for orders_kafka_to_s3 to 2026-05-02 00:00:00+00:00, run_after=2026-05-03 00:00:00+00:00
[2026-05-02T10:50:52.989+0000] {processor.py:208} INFO - Processing /opt/airflow/dags/main.py took 0.380 seconds
[2026-05-02T10:51:23.328+0000] {processor.py:186} INFO - Started process (PID=1747) to work on /opt/airflow/dags/main.py
[2026-05-02T10:51:23.329+0000] {processor.py:914} INFO - Processing file /opt/airflow/dags/main.py for tasks to queue
[2026-05-02T10:51:23.333+0000] {logging_mixin.py:190} INFO - [2026-05-02T10:51:23.333+0000] {dagbag.py:588} INFO - Filling up the DagBag from /opt/airflow/dags/main.py
[2026-05-02T10:51:23.706+0000] {processor.py:925} INFO - DAG(s) 'orders_kafka_to_s3' retrieved from /opt/airflow/dags/main.py
[2026-05-02T10:51:23.739+0000] {logging_mixin.py:190} INFO - [2026-05-02T10:51:23.739+0000] {dag.py:3239} INFO - Sync 1 DAGs
[2026-05-02T10:51:23.770+0000] {logging_mixin.py:190} INFO - [2026-05-02T10:51:23.770+0000] {dag.py:4180} INFO - Setting next_dagrun for orders_kafka_to_s3 to 2026-05-02 00:00:00+00:00, run_after=2026-05-03 00:00:00+00:00
[2026-05-02T10:51:23.800+0000] {processor.py:208} INFO - Processing /opt/airflow/dags/main.py took 0.482 seconds
[2026-05-02T10:51:54.270+0000] {processor.py:186} INFO - Started process (PID=1755) to work on /opt/airflow/dags/main.py
[2026-05-02T10:51:54.272+0000] {processor.py:914} INFO - Processing file /opt/airflow/dags/main.py for tasks to queue
[2026-05-02T10:51:54.274+0000] {logging_mixin.py:190} INFO - [2026-05-02T10:51:54.274+0000] {dagbag.py:588} INFO - Filling up the DagBag from /opt/airflow/dags/main.py
[2026-05-02T10:51:54.612+0000] {processor.py:925} INFO - DAG(s) 'orders_kafka_to_s3' retrieved from /opt/airflow/dags/main.py
[2026-05-02T10:51:54.636+0000] {logging_mixin.py:190} INFO - [2026-05-02T10:51:54.636+0000] {dag.py:3239} INFO - Sync 1 DAGs
[2026-05-02T10:51:54.658+0000] {logging_mixin.py:190} INFO - [2026-05-02T10:51:54.658+0000] {dag.py:4180} INFO - Setting next_dagrun for orders_kafka_to_s3 to 2026-05-02 00:00:00+00:00, run_after=2026-05-03 00:00:00+00:00
[2026-05-02T10:51:54.679+0000] {processor.py:208} INFO - Processing /opt/airflow/dags/main.py took 0.416 seconds
[2026-05-02T10:52:25.103+0000] {processor.py:186} INFO - Started process (PID=1763) to work on /opt/airflow/dags/main.py
[2026-05-02T10:52:25.104+0000] {processor.py:914} INFO - Processing file /opt/airflow/dags/main.py for tasks to queue
[2026-05-02T10:52:25.113+0000] {logging_mixin.py:190} INFO - [2026-05-02T10:52:25.112+0000] {dagbag.py:588} INFO - Filling up the DagBag from /opt/airflow/dags/main.py
[2026-05-02T10:52:25.559+0000] {processor.py:925} INFO - DAG(s) 'orders_kafka_to_s3' retrieved from /opt/airflow/dags/main.py
[2026-05-02T10:52:25.615+0000] {logging_mixin.py:190} INFO - [2026-05-02T10:52:25.614+0000] {dag.py:3239} INFO - Sync 1 DAGs
[2026-05-02T10:52:25.640+0000] {logging_mixin.py:190} INFO - [2026-05-02T10:52:25.640+0000] {dag.py:4180} INFO - Setting next_dagrun for orders_kafka_to_s3 to 2026-05-02 00:00:00+00:00, run_after=2026-05-03 00:00:00+00:00
[2026-05-02T10:52:25.667+0000] {processor.py:208} INFO - Processing /opt/airflow/dags/main.py took 0.573 seconds
[2026-05-02T10:52:56.173+0000] {processor.py:186} INFO - Started process (PID=1770) to work on /opt/airflow/dags/main.py
[2026-05-02T10:52:56.175+0000] {processor.py:914} INFO - Processing file /opt/airflow/dags/main.py for tasks to queue
[2026-05-02T10:52:56.180+0000] {logging_mixin.py:190} INFO - [2026-05-02T10:52:56.179+0000] {dagbag.py:588} INFO - Filling up the DagBag from /opt/airflow/dags/main.py
[2026-05-02T10:52:56.596+0000] {processor.py:925} INFO - DAG(s) 'orders_kafka_to_s3' retrieved from /opt/airflow/dags/main.py
[2026-05-02T10:52:56.628+0000] {logging_mixin.py:190} INFO - [2026-05-02T10:52:56.628+0000] {dag.py:3239} INFO - Sync 1 DAGs
[2026-05-02T10:52:56.664+0000] {logging_mixin.py:190} INFO - [2026-05-02T10:52:56.663+0000] {dag.py:4180} INFO - Setting next_dagrun for orders_kafka_to_s3 to 2026-05-02 00:00:00+00:00, run_after=2026-05-03 00:00:00+00:00
[2026-05-02T10:52:56.699+0000] {processor.py:208} INFO - Processing /opt/airflow/dags/main.py took 0.541 seconds
[2026-05-02T10:53:26.865+0000] {processor.py:186} INFO - Started process (PID=1777) to work on /opt/airflow/dags/main.py
[2026-05-02T10:53:26.866+0000] {processor.py:914} INFO - Processing file /opt/airflow/dags/main.py for tasks to queue
[2026-05-02T10:53:26.870+0000] {logging_mixin.py:190} INFO - [2026-05-02T10:53:26.870+0000] {dagbag.py:588} INFO - Filling up the DagBag from /opt/airflow/dags/main.py
[2026-05-02T10:53:27.178+0000] {processor.py:925} INFO - DAG(s) 'orders_kafka_to_s3' retrieved from /opt/airflow/dags/main.py
[2026-05-02T10:53:27.207+0000] {logging_mixin.py:190} INFO - [2026-05-02T10:53:27.207+0000] {dag.py:3239} INFO - Sync 1 DAGs
[2026-05-02T10:53:27.233+0000] {logging_mixin.py:190} INFO - [2026-05-02T10:53:27.233+0000] {dag.py:4180} INFO - Setting next_dagrun for orders_kafka_to_s3 to 2026-05-02 00:00:00+00:00, run_after=2026-05-03 00:00:00+00:00
[2026-05-02T10:53:27.254+0000] {processor.py:208} INFO - Processing /opt/airflow/dags/main.py took 0.395 seconds
[2026-05-02T10:53:57.465+0000] {processor.py:186} INFO - Started process (PID=1784) to work on /opt/airflow/dags/main.py
[2026-05-02T10:53:57.466+0000] {processor.py:914} INFO - Processing file /opt/airflow/dags/main.py for tasks to queue
[2026-05-02T10:53:57.469+0000] {logging_mixin.py:190} INFO - [2026-05-02T10:53:57.469+0000] {dagbag.py:588} INFO - Filling up the DagBag from /opt/airflow/dags/main.py
[2026-05-02T10:53:57.772+0000] {processor.py:925} INFO - DAG(s) 'orders_kafka_to_s3' retrieved from /opt/airflow/dags/main.py
[2026-05-02T10:53:57.794+0000] {logging_mixin.py:190} INFO - [2026-05-02T10:53:57.794+0000] {dag.py:3239} INFO - Sync 1 DAGs
[2026-05-02T10:53:57.816+0000] {logging_mixin.py:190} INFO - [2026-05-02T10:53:57.815+0000] {dag.py:4180} INFO - Setting next_dagrun for orders_kafka_to_s3 to 2026-05-02 00:00:00+00:00, run_after=2026-05-03 00:00:00+00:00
[2026-05-02T10:53:57.839+0000] {processor.py:208} INFO - Processing /opt/airflow/dags/main.py took 0.382 seconds
[2026-05-02T10:54:28.134+0000] {processor.py:186} INFO - Started process (PID=1791) to work on /opt/airflow/dags/main.py
[2026-05-02T10:54:28.136+0000] {processor.py:914} INFO - Processing file /opt/airflow/dags/main.py for tasks to queue
[2026-05-02T10:54:28.139+0000] {logging_mixin.py:190} INFO - [2026-05-02T10:54:28.139+0000] {dagbag.py:588} INFO - Filling up the DagBag from /opt/airflow/dags/main.py
[2026-05-02T10:54:28.433+0000] {processor.py:925} INFO - DAG(s) 'orders_kafka_to_s3' retrieved from /opt/airflow/dags/main.py
[2026-05-02T10:54:28.458+0000] {logging_mixin.py:190} INFO - [2026-05-02T10:54:28.458+0000] {dag.py:3239} INFO - Sync 1 DAGs
[2026-05-02T10:54:28.480+0000] {logging_mixin.py:190} INFO - [2026-05-02T10:54:28.480+0000] {dag.py:4180} INFO - Setting next_dagrun for orders_kafka_to_s3 to 2026-05-02 00:00:00+00:00, run_after=2026-05-03 00:00:00+00:00
[2026-05-02T10:54:28.501+0000] {processor.py:208} INFO - Processing /opt/airflow/dags/main.py took 0.375 seconds
[2026-05-02T10:54:58.861+0000] {processor.py:186} INFO - Started process (PID=1798) to work on /opt/airflow/dags/main.py
[2026-05-02T10:54:58.863+0000] {processor.py:914} INFO - Processing file /opt/airflow/dags/main.py for tasks to queue
[2026-05-02T10:54:58.866+0000] {logging_mixin.py:190} INFO - [2026-05-02T10:54:58.866+0000] {dagbag.py:588} INFO - Filling up the DagBag from /opt/airflow/dags/main.py
[2026-05-02T10:54:59.167+0000] {processor.py:925} INFO - DAG(s) 'orders_kafka_to_s3' retrieved from /opt/airflow/dags/main.py
[2026-05-02T10:54:59.190+0000] {logging_mixin.py:190} INFO - [2026-05-02T10:54:59.190+0000] {dag.py:3239} INFO - Sync 1 DAGs
[2026-05-02T10:54:59.214+0000] {logging_mixin.py:190} INFO - [2026-05-02T10:54:59.214+0000] {dag.py:4180} INFO - Setting next_dagrun for orders_kafka_to_s3 to 2026-05-02 00:00:00+00:00, run_after=2026-05-03 00:00:00+00:00
[2026-05-02T10:54:59.233+0000] {processor.py:208} INFO - Processing /opt/airflow/dags/main.py took 0.380 seconds
[2026-05-02T10:55:29.551+0000] {processor.py:186} INFO - Started process (PID=1805) to work on /opt/airflow/dags/main.py
[2026-05-02T10:55:29.554+0000] {processor.py:914} INFO - Processing file /opt/airflow/dags/main.py for tasks to queue
[2026-05-02T10:55:29.558+0000] {logging_mixin.py:190} INFO - [2026-05-02T10:55:29.557+0000] {dagbag.py:588} INFO - Filling up the DagBag from /opt/airflow/dags/main.py
[2026-05-02T10:55:29.861+0000] {processor.py:925} INFO - DAG(s) 'orders_kafka_to_s3' retrieved from /opt/airflow/dags/main.py
[2026-05-02T10:55:29.885+0000] {logging_mixin.py:190} INFO - [2026-05-02T10:55:29.884+0000] {dag.py:3239} INFO - Sync 1 DAGs
[2026-05-02T10:55:29.907+0000] {logging_mixin.py:190} INFO - [2026-05-02T10:55:29.907+0000] {dag.py:4180} INFO - Setting next_dagrun for orders_kafka_to_s3 to 2026-05-02 00:00:00+00:00, run_after=2026-05-03 00:00:00+00:00
[2026-05-02T10:55:29.927+0000] {processor.py:208} INFO - Processing /opt/airflow/dags/main.py took 0.387 seconds
[2026-05-02T10:56:00.453+0000] {processor.py:186} INFO - Started process (PID=1812) to work on /opt/airflow/dags/main.py
[2026-05-02T10:56:00.454+0000] {processor.py:914} INFO - Processing file /opt/airflow/dags/main.py for tasks to queue
[2026-05-02T10:56:00.457+0000] {logging_mixin.py:190} INFO - [2026-05-02T10:56:00.457+0000] {dagbag.py:588} INFO - Filling up the DagBag from /opt/airflow/dags/main.py
[2026-05-02T10:56:00.818+0000] {processor.py:925} INFO - DAG(s) 'orders_kafka_to_s3' retrieved from /opt/airflow/dags/main.py
[2026-05-02T10:56:00.843+0000] {logging_mixin.py:190} INFO - [2026-05-02T10:56:00.842+0000] {dag.py:3239} INFO - Sync 1 DAGs
[2026-05-02T10:56:00.868+0000] {logging_mixin.py:190} INFO - [2026-05-02T10:56:00.868+0000] {dag.py:4180} INFO - Setting next_dagrun for orders_kafka_to_s3 to 2026-05-02 00:00:00+00:00, run_after=2026-05-03 00:00:00+00:00
[2026-05-02T10:56:00.889+0000] {processor.py:208} INFO - Processing /opt/airflow/dags/main.py took 0.443 seconds
[2026-05-02T10:56:31.239+0000] {processor.py:186} INFO - Started process (PID=1825) to work on /opt/airflow/dags/main.py
[2026-05-02T10:56:31.241+0000] {processor.py:914} INFO - Processing file /opt/airflow/dags/main.py for tasks to queue
[2026-05-02T10:56:31.244+0000] {logging_mixin.py:190} INFO - [2026-05-02T10:56:31.244+0000] {dagbag.py:588} INFO - Filling up the DagBag from /opt/airflow/dags/main.py
[2026-05-02T10:56:31.559+0000] {processor.py:925} INFO - DAG(s) 'orders_kafka_to_s3' retrieved from /opt/airflow/dags/main.py
[2026-05-02T10:56:31.583+0000] {logging_mixin.py:190} INFO - [2026-05-02T10:56:31.583+0000] {dag.py:3239} INFO - Sync 1 DAGs
[2026-05-02T10:56:31.610+0000] {logging_mixin.py:190} INFO - [2026-05-02T10:56:31.610+0000] {dag.py:4180} INFO - Setting next_dagrun for orders_kafka_to_s3 to 2026-05-02 00:00:00+00:00, run_after=2026-05-03 00:00:00+00:00
[2026-05-02T10:56:31.631+0000] {processor.py:208} INFO - Processing /opt/airflow/dags/main.py took 0.399 seconds
[2026-05-02T10:57:02.062+0000] {processor.py:186} INFO - Started process (PID=1832) to work on /opt/airflow/dags/main.py
[2026-05-02T10:57:02.064+0000] {processor.py:914} INFO - Processing file /opt/airflow/dags/main.py for tasks to queue
[2026-05-02T10:57:02.068+0000] {logging_mixin.py:190} INFO - [2026-05-02T10:57:02.068+0000] {dagbag.py:588} INFO - Filling up the DagBag from /opt/airflow/dags/main.py
[2026-05-02T10:57:02.403+0000] {processor.py:925} INFO - DAG(s) 'orders_kafka_to_s3' retrieved from /opt/airflow/dags/main.py
[2026-05-02T10:57:02.431+0000] {logging_mixin.py:190} INFO - [2026-05-02T10:57:02.431+0000] {dag.py:3239} INFO - Sync 1 DAGs
[2026-05-02T10:57:02.458+0000] {logging_mixin.py:190} INFO - [2026-05-02T10:57:02.457+0000] {dag.py:4180} INFO - Setting next_dagrun for orders_kafka_to_s3 to 2026-05-02 00:00:00+00:00, run_after=2026-05-03 00:00:00+00:00
[2026-05-02T10:57:02.486+0000] {processor.py:208} INFO - Processing /opt/airflow/dags/main.py took 0.434 seconds
[2026-05-02T10:57:32.805+0000] {processor.py:186} INFO - Started process (PID=1839) to work on /opt/airflow/dags/main.py
[2026-05-02T10:57:32.806+0000] {processor.py:914} INFO - Processing file /opt/airflow/dags/main.py for tasks to queue
[2026-05-02T10:57:32.809+0000] {logging_mixin.py:190} INFO - [2026-05-02T10:57:32.809+0000] {dagbag.py:588} INFO - Filling up the DagBag from /opt/airflow/dags/main.py
[2026-05-02T10:57:33.104+0000] {processor.py:925} INFO - DAG(s) 'orders_kafka_to_s3' retrieved from /opt/airflow/dags/main.py
[2026-05-02T10:57:33.129+0000] {logging_mixin.py:190} INFO - [2026-05-02T10:57:33.128+0000] {dag.py:3239} INFO - Sync 1 DAGs
[2026-05-02T10:57:33.155+0000] {logging_mixin.py:190} INFO - [2026-05-02T10:57:33.155+0000] {dag.py:4180} INFO - Setting next_dagrun for orders_kafka_to_s3 to 2026-05-02 00:00:00+00:00, run_after=2026-05-03 00:00:00+00:00
[2026-05-02T10:57:33.179+0000] {processor.py:208} INFO - Processing /opt/airflow/dags/main.py took 0.381 seconds
[2026-05-02T10:58:03.245+0000] {processor.py:186} INFO - Started process (PID=1846) to work on /opt/airflow/dags/main.py
[2026-05-02T10:58:03.246+0000] {processor.py:914} INFO - Processing file /opt/airflow/dags/main.py for tasks to queue
[2026-05-02T10:58:03.250+0000] {logging_mixin.py:190} INFO - [2026-05-02T10:58:03.250+0000] {dagbag.py:588} INFO - Filling up the DagBag from /opt/airflow/dags/main.py
[2026-05-02T10:58:03.564+0000] {processor.py:925} INFO - DAG(s) 'orders_kafka_to_s3' retrieved from /opt/airflow/dags/main.py
[2026-05-02T10:58:03.592+0000] {logging_mixin.py:190} INFO - [2026-05-02T10:58:03.591+0000] {dag.py:3239} INFO - Sync 1 DAGs
[2026-05-02T10:58:03.615+0000] {logging_mixin.py:190} INFO - [2026-05-02T10:58:03.614+0000] {dag.py:4180} INFO - Setting next_dagrun for orders_kafka_to_s3 to 2026-05-02 00:00:00+00:00, run_after=2026-05-03 00:00:00+00:00
[2026-05-02T10:58:03.635+0000] {processor.py:208} INFO - Processing /opt/airflow/dags/main.py took 0.400 seconds
[2026-05-02T10:58:34.071+0000] {processor.py:186} INFO - Started process (PID=1853) to work on /opt/airflow/dags/main.py
[2026-05-02T10:58:34.073+0000] {processor.py:914} INFO - Processing file /opt/airflow/dags/main.py for tasks to queue
[2026-05-02T10:58:34.077+0000] {logging_mixin.py:190} INFO - [2026-05-02T10:58:34.076+0000] {dagbag.py:588} INFO - Filling up the DagBag from /opt/airflow/dags/main.py
[2026-05-02T10:58:34.503+0000] {processor.py:925} INFO - DAG(s) 'orders_kafka_to_s3' retrieved from /opt/airflow/dags/main.py
[2026-05-02T10:58:34.546+0000] {logging_mixin.py:190} INFO - [2026-05-02T10:58:34.545+0000] {dag.py:3239} INFO - Sync 1 DAGs
[2026-05-02T10:58:34.581+0000] {logging_mixin.py:190} INFO - [2026-05-02T10:58:34.581+0000] {dag.py:4180} INFO - Setting next_dagrun for orders_kafka_to_s3 to 2026-05-02 00:00:00+00:00, run_after=2026-05-03 00:00:00+00:00
[2026-05-02T10:58:34.601+0000] {processor.py:208} INFO - Processing /opt/airflow/dags/main.py took 0.541 seconds
[2026-05-02T10:59:04.920+0000] {processor.py:186} INFO - Started process (PID=1860) to work on /opt/airflow/dags/main.py
[2026-05-02T10:59:04.922+0000] {processor.py:914} INFO - Processing file /opt/airflow/dags/main.py for tasks to queue
[2026-05-02T10:59:04.926+0000] {logging_mixin.py:190} INFO - [2026-05-02T10:59:04.926+0000] {dagbag.py:588} INFO - Filling up the DagBag from /opt/airflow/dags/main.py
[2026-05-02T10:59:05.420+0000] {processor.py:925} INFO - DAG(s) 'orders_kafka_to_s3' retrieved from /opt/airflow/dags/main.py
[2026-05-02T10:59:05.455+0000] {logging_mixin.py:190} INFO - [2026-05-02T10:59:05.454+0000] {dag.py:3239} INFO - Sync 1 DAGs
[2026-05-02T10:59:05.493+0000] {logging_mixin.py:190} INFO - [2026-05-02T10:59:05.492+0000] {dag.py:4180} INFO - Setting next_dagrun for orders_kafka_to_s3 to 2026-05-02 00:00:00+00:00, run_after=2026-05-03 00:00:00+00:00
[2026-05-02T10:59:05.527+0000] {processor.py:208} INFO - Processing /opt/airflow/dags/main.py took 0.618 seconds
[2026-05-02T10:59:35.680+0000] {processor.py:186} INFO - Started process (PID=1867) to work on /opt/airflow/dags/main.py
[2026-05-02T10:59:35.682+0000] {processor.py:914} INFO - Processing file /opt/airflow/dags/main.py for tasks to queue
[2026-05-02T10:59:35.685+0000] {logging_mixin.py:190} INFO - [2026-05-02T10:59:35.685+0000] {dagbag.py:588} INFO - Filling up the DagBag from /opt/airflow/dags/main.py
[2026-05-02T10:59:36.066+0000] {processor.py:925} INFO - DAG(s) 'orders_kafka_to_s3' retrieved from /opt/airflow/dags/main.py
[2026-05-02T10:59:36.098+0000] {logging_mixin.py:190} INFO - [2026-05-02T10:59:36.097+0000] {dag.py:3239} INFO - Sync 1 DAGs
[2026-05-02T10:59:36.128+0000] {logging_mixin.py:190} INFO - [2026-05-02T10:59:36.127+0000] {dag.py:4180} INFO - Setting next_dagrun for orders_kafka_to_s3 to 2026-05-02 00:00:00+00:00, run_after=2026-05-03 00:00:00+00:00
[2026-05-02T10:59:36.149+0000] {processor.py:208} INFO - Processing /opt/airflow/dags/main.py took 0.478 seconds
[2026-05-02T11:00:06.469+0000] {processor.py:186} INFO - Started process (PID=1874) to work on /opt/airflow/dags/main.py
[2026-05-02T11:00:06.470+0000] {processor.py:914} INFO - Processing file /opt/airflow/dags/main.py for tasks to queue
[2026-05-02T11:00:06.473+0000] {logging_mixin.py:190} INFO - [2026-05-02T11:00:06.473+0000] {dagbag.py:588} INFO - Filling up the DagBag from /opt/airflow/dags/main.py
[2026-05-02T11:00:06.836+0000] {processor.py:925} INFO - DAG(s) 'orders_kafka_to_s3' retrieved from /opt/airflow/dags/main.py
[2026-05-02T11:00:06.868+0000] {logging_mixin.py:190} INFO - [2026-05-02T11:00:06.868+0000] {dag.py:3239} INFO - Sync 1 DAGs
[2026-05-02T11:00:06.895+0000] {logging_mixin.py:190} INFO - [2026-05-02T11:00:06.895+0000] {dag.py:4180} INFO - Setting next_dagrun for orders_kafka_to_s3 to 2026-05-02 00:00:00+00:00, run_after=2026-05-03 00:00:00+00:00
[2026-05-02T11:00:06.917+0000] {processor.py:208} INFO - Processing /opt/airflow/dags/main.py took 0.454 seconds
[2026-05-02T11:00:37.030+0000] {processor.py:186} INFO - Started process (PID=1881) to work on /opt/airflow/dags/main.py
[2026-05-02T11:00:37.032+0000] {processor.py:914} INFO - Processing file /opt/airflow/dags/main.py for tasks to queue
[2026-05-02T11:00:37.036+0000] {logging_mixin.py:190} INFO - [2026-05-02T11:00:37.035+0000] {dagbag.py:588} INFO - Filling up the DagBag from /opt/airflow/dags/main.py
[2026-05-02T11:00:37.362+0000] {processor.py:925} INFO - DAG(s) 'orders_kafka_to_s3' retrieved from /opt/airflow/dags/main.py
[2026-05-02T11:00:37.386+0000] {logging_mixin.py:190} INFO - [2026-05-02T11:00:37.386+0000] {dag.py:3239} INFO - Sync 1 DAGs
[2026-05-02T11:00:37.407+0000] {logging_mixin.py:190} INFO - [2026-05-02T11:00:37.407+0000] {dag.py:4180} INFO - Setting next_dagrun for orders_kafka_to_s3 to 2026-05-02 00:00:00+00:00, run_after=2026-05-03 00:00:00+00:00
[2026-05-02T11:00:37.424+0000] {processor.py:208} INFO - Processing /opt/airflow/dags/main.py took 0.402 seconds
[2026-05-02T11:01:07.688+0000] {processor.py:186} INFO - Started process (PID=1888) to work on /opt/airflow/dags/main.py
[2026-05-02T11:01:07.690+0000] {processor.py:914} INFO - Processing file /opt/airflow/dags/main.py for tasks to queue
[2026-05-02T11:01:07.694+0000] {logging_mixin.py:190} INFO - [2026-05-02T11:01:07.693+0000] {dagbag.py:588} INFO - Filling up the DagBag from /opt/airflow/dags/main.py
[2026-05-02T11:01:08.067+0000] {processor.py:925} INFO - DAG(s) 'orders_kafka_to_s3' retrieved from /opt/airflow/dags/main.py
[2026-05-02T11:01:08.094+0000] {logging_mixin.py:190} INFO - [2026-05-02T11:01:08.094+0000] {dag.py:3239} INFO - Sync 1 DAGs
[2026-05-02T11:01:08.120+0000] {logging_mixin.py:190} INFO - [2026-05-02T11:01:08.120+0000] {dag.py:4180} INFO - Setting next_dagrun for orders_kafka_to_s3 to 2026-05-02 00:00:00+00:00, run_after=2026-05-03 00:00:00+00:00
[2026-05-02T11:01:08.143+0000] {processor.py:208} INFO - Processing /opt/airflow/dags/main.py took 0.463 seconds
[2026-05-02T11:01:38.552+0000] {processor.py:186} INFO - Started process (PID=1895) to work on /opt/airflow/dags/main.py
[2026-05-02T11:01:38.553+0000] {processor.py:914} INFO - Processing file /opt/airflow/dags/main.py for tasks to queue
[2026-05-02T11:01:38.557+0000] {logging_mixin.py:190} INFO - [2026-05-02T11:01:38.556+0000] {dagbag.py:588} INFO - Filling up the DagBag from /opt/airflow/dags/main.py
[2026-05-02T11:01:38.892+0000] {processor.py:925} INFO - DAG(s) 'orders_kafka_to_s3' retrieved from /opt/airflow/dags/main.py
[2026-05-02T11:01:38.916+0000] {logging_mixin.py:190} INFO - [2026-05-02T11:01:38.916+0000] {dag.py:3239} INFO - Sync 1 DAGs
[2026-05-02T11:01:38.940+0000] {logging_mixin.py:190} INFO - [2026-05-02T11:01:38.940+0000] {dag.py:4180} INFO - Setting next_dagrun for orders_kafka_to_s3 to 2026-05-02 00:00:00+00:00, run_after=2026-05-03 00:00:00+00:00
[2026-05-02T11:01:38.961+0000] {processor.py:208} INFO - Processing /opt/airflow/dags/main.py took 0.415 seconds
[2026-05-02T11:02:09.042+0000] {processor.py:186} INFO - Started process (PID=1902) to work on /opt/airflow/dags/main.py
[2026-05-02T11:02:09.043+0000] {processor.py:914} INFO - Processing file /opt/airflow/dags/main.py for tasks to queue
[2026-05-02T11:02:09.046+0000] {logging_mixin.py:190} INFO - [2026-05-02T11:02:09.046+0000] {dagbag.py:588} INFO - Filling up the DagBag from /opt/airflow/dags/main.py
[2026-05-02T11:02:09.372+0000] {processor.py:925} INFO - DAG(s) 'orders_kafka_to_s3' retrieved from /opt/airflow/dags/main.py
[2026-05-02T11:02:09.397+0000] {logging_mixin.py:190} INFO - [2026-05-02T11:02:09.397+0000] {dag.py:3239} INFO - Sync 1 DAGs
[2026-05-02T11:02:09.422+0000] {logging_mixin.py:190} INFO - [2026-05-02T11:02:09.422+0000] {dag.py:4180} INFO - Setting next_dagrun for orders_kafka_to_s3 to 2026-05-02 00:00:00+00:00, run_after=2026-05-03 00:00:00+00:00
[2026-05-02T11:02:09.441+0000] {processor.py:208} INFO - Processing /opt/airflow/dags/main.py took 0.409 seconds
[2026-05-02T11:02:39.864+0000] {processor.py:186} INFO - Started process (PID=1909) to work on /opt/airflow/dags/main.py
[2026-05-02T11:02:39.865+0000] {processor.py:914} INFO - Processing file /opt/airflow/dags/main.py for tasks to queue
[2026-05-02T11:02:39.870+0000] {logging_mixin.py:190} INFO - [2026-05-02T11:02:39.869+0000] {dagbag.py:588} INFO - Filling up the DagBag from /opt/airflow/dags/main.py
[2026-05-02T11:02:40.223+0000] {processor.py:925} INFO - DAG(s) 'orders_kafka_to_s3' retrieved from /opt/airflow/dags/main.py
[2026-05-02T11:02:40.259+0000] {logging_mixin.py:190} INFO - [2026-05-02T11:02:40.259+0000] {dag.py:3239} INFO - Sync 1 DAGs
[2026-05-02T11:02:40.297+0000] {logging_mixin.py:190} INFO - [2026-05-02T11:02:40.297+0000] {dag.py:4180} INFO - Setting next_dagrun for orders_kafka_to_s3 to 2026-05-02 00:00:00+00:00, run_after=2026-05-03 00:00:00+00:00
[2026-05-02T11:02:40.322+0000] {processor.py:208} INFO - Processing /opt/airflow/dags/main.py took 0.470 seconds
[2026-05-02T11:03:10.743+0000] {processor.py:186} INFO - Started process (PID=1916) to work on /opt/airflow/dags/main.py
[2026-05-02T11:03:10.745+0000] {processor.py:914} INFO - Processing file /opt/airflow/dags/main.py for tasks to queue
[2026-05-02T11:03:10.749+0000] {logging_mixin.py:190} INFO - [2026-05-02T11:03:10.748+0000] {dagbag.py:588} INFO - Filling up the DagBag from /opt/airflow/dags/main.py
[2026-05-02T11:03:11.252+0000] {processor.py:925} INFO - DAG(s) 'orders_kafka_to_s3' retrieved from /opt/airflow/dags/main.py
[2026-05-02T11:03:11.288+0000] {logging_mixin.py:190} INFO - [2026-05-02T11:03:11.287+0000] {dag.py:3239} INFO - Sync 1 DAGs
[2026-05-02T11:03:11.319+0000] {logging_mixin.py:190} INFO - [2026-05-02T11:03:11.319+0000] {dag.py:4180} INFO - Setting next_dagrun for orders_kafka_to_s3 to 2026-05-02 00:00:00+00:00, run_after=2026-05-03 00:00:00+00:00
[2026-05-02T11:03:11.349+0000] {processor.py:208} INFO - Processing /opt/airflow/dags/main.py took 0.619 seconds
[2026-05-02T11:03:41.669+0000] {processor.py:186} INFO - Started process (PID=1923) to work on /opt/airflow/dags/main.py
[2026-05-02T11:03:41.670+0000] {processor.py:914} INFO - Processing file /opt/airflow/dags/main.py for tasks to queue
[2026-05-02T11:03:41.673+0000] {logging_mixin.py:190} INFO - [2026-05-02T11:03:41.673+0000] {dagbag.py:588} INFO - Filling up the DagBag from /opt/airflow/dags/main.py
[2026-05-02T11:03:42.022+0000] {processor.py:925} INFO - DAG(s) 'orders_kafka_to_s3' retrieved from /opt/airflow/dags/main.py
[2026-05-02T11:03:42.060+0000] {logging_mixin.py:190} INFO - [2026-05-02T11:03:42.060+0000] {dag.py:3239} INFO - Sync 1 DAGs
[2026-05-02T11:03:42.092+0000] {logging_mixin.py:190} INFO - [2026-05-02T11:03:42.092+0000] {dag.py:4180} INFO - Setting next_dagrun for orders_kafka_to_s3 to 2026-05-02 00:00:00+00:00, run_after=2026-05-03 00:00:00+00:00
[2026-05-02T11:03:42.116+0000] {processor.py:208} INFO - Processing /opt/airflow/dags/main.py took 0.454 seconds
[2026-05-02T11:04:12.556+0000] {processor.py:186} INFO - Started process (PID=1930) to work on /opt/airflow/dags/main.py
[2026-05-02T11:04:12.557+0000] {processor.py:914} INFO - Processing file /opt/airflow/dags/main.py for tasks to queue
[2026-05-02T11:04:12.559+0000] {logging_mixin.py:190} INFO - [2026-05-02T11:04:12.559+0000] {dagbag.py:588} INFO - Filling up the DagBag from /opt/airflow/dags/main.py
[2026-05-02T11:04:12.862+0000] {processor.py:925} INFO - DAG(s) 'orders_kafka_to_s3' retrieved from /opt/airflow/dags/main.py
[2026-05-02T11:04:12.885+0000] {logging_mixin.py:190} INFO - [2026-05-02T11:04:12.885+0000] {dag.py:3239} INFO - Sync 1 DAGs
[2026-05-02T11:04:12.912+0000] {logging_mixin.py:190} INFO - [2026-05-02T11:04:12.911+0000] {dag.py:4180} INFO - Setting next_dagrun for orders_kafka_to_s3 to 2026-05-02 00:00:00+00:00, run_after=2026-05-03 00:00:00+00:00
[2026-05-02T11:04:12.934+0000] {processor.py:208} INFO - Processing /opt/airflow/dags/main.py took 0.385 seconds
[2026-05-02T11:04:43.493+0000] {processor.py:186} INFO - Started process (PID=1937) to work on /opt/airflow/dags/main.py
[2026-05-02T11:04:43.494+0000] {processor.py:914} INFO - Processing file /opt/airflow/dags/main.py for tasks to queue
[2026-05-02T11:04:43.498+0000] {logging_mixin.py:190} INFO - [2026-05-02T11:04:43.497+0000] {dagbag.py:588} INFO - Filling up the DagBag from /opt/airflow/dags/main.py
[2026-05-02T11:04:44.048+0000] {processor.py:925} INFO - DAG(s) 'orders_kafka_to_s3' retrieved from /opt/airflow/dags/main.py
[2026-05-02T11:04:44.071+0000] {logging_mixin.py:190} INFO - [2026-05-02T11:04:44.071+0000] {dag.py:3239} INFO - Sync 1 DAGs
[2026-05-02T11:04:44.099+0000] {logging_mixin.py:190} INFO - [2026-05-02T11:04:44.099+0000] {dag.py:4180} INFO - Setting next_dagrun for orders_kafka_to_s3 to 2026-05-02 00:00:00+00:00, run_after=2026-05-03 00:00:00+00:00
[2026-05-02T11:04:44.117+0000] {processor.py:208} INFO - Processing /opt/airflow/dags/main.py took 0.633 seconds
[2026-05-02T11:05:14.367+0000] {processor.py:186} INFO - Started process (PID=1944) to work on /opt/airflow/dags/main.py
[2026-05-02T11:05:14.369+0000] {processor.py:914} INFO - Processing file /opt/airflow/dags/main.py for tasks to queue
[2026-05-02T11:05:14.374+0000] {logging_mixin.py:190} INFO - [2026-05-02T11:05:14.373+0000] {dagbag.py:588} INFO - Filling up the DagBag from /opt/airflow/dags/main.py
[2026-05-02T11:05:14.821+0000] {processor.py:925} INFO - DAG(s) 'orders_kafka_to_s3' retrieved from /opt/airflow/dags/main.py
[2026-05-02T11:05:14.856+0000] {logging_mixin.py:190} INFO - [2026-05-02T11:05:14.855+0000] {dag.py:3239} INFO - Sync 1 DAGs
[2026-05-02T11:05:14.886+0000] {logging_mixin.py:190} INFO - [2026-05-02T11:05:14.886+0000] {dag.py:4180} INFO - Setting next_dagrun for orders_kafka_to_s3 to 2026-05-02 00:00:00+00:00, run_after=2026-05-03 00:00:00+00:00
[2026-05-02T11:05:14.909+0000] {processor.py:208} INFO - Processing /opt/airflow/dags/main.py took 0.556 seconds
[2026-05-02T11:05:45.366+0000] {processor.py:186} INFO - Started process (PID=1951) to work on /opt/airflow/dags/main.py
[2026-05-02T11:05:45.367+0000] {processor.py:914} INFO - Processing file /opt/airflow/dags/main.py for tasks to queue
[2026-05-02T11:05:45.370+0000] {logging_mixin.py:190} INFO - [2026-05-02T11:05:45.370+0000] {dagbag.py:588} INFO - Filling up the DagBag from /opt/airflow/dags/main.py
[2026-05-02T11:05:45.724+0000] {processor.py:925} INFO - DAG(s) 'orders_kafka_to_s3' retrieved from /opt/airflow/dags/main.py
[2026-05-02T11:05:45.750+0000] {logging_mixin.py:190} INFO - [2026-05-02T11:05:45.749+0000] {dag.py:3239} INFO - Sync 1 DAGs
[2026-05-02T11:05:45.772+0000] {logging_mixin.py:190} INFO - [2026-05-02T11:05:45.771+0000] {dag.py:4180} INFO - Setting next_dagrun for orders_kafka_to_s3 to 2026-05-02 00:00:00+00:00, run_after=2026-05-03 00:00:00+00:00
[2026-05-02T11:05:45.791+0000] {processor.py:208} INFO - Processing /opt/airflow/dags/main.py took 0.433 seconds
[2026-05-02T11:06:16.283+0000] {processor.py:186} INFO - Started process (PID=1958) to work on /opt/airflow/dags/main.py
[2026-05-02T11:06:16.284+0000] {processor.py:914} INFO - Processing file /opt/airflow/dags/main.py for tasks to queue
[2026-05-02T11:06:16.288+0000] {logging_mixin.py:190} INFO - [2026-05-02T11:06:16.287+0000] {dagbag.py:588} INFO - Filling up the DagBag from /opt/airflow/dags/main.py
[2026-05-02T11:06:16.605+0000] {processor.py:925} INFO - DAG(s) 'orders_kafka_to_s3' retrieved from /opt/airflow/dags/main.py
[2026-05-02T11:06:16.631+0000] {logging_mixin.py:190} INFO - [2026-05-02T11:06:16.631+0000] {dag.py:3239} INFO - Sync 1 DAGs
[2026-05-02T11:06:16.654+0000] {logging_mixin.py:190} INFO - [2026-05-02T11:06:16.653+0000] {dag.py:4180} INFO - Setting next_dagrun for orders_kafka_to_s3 to 2026-05-02 00:00:00+00:00, run_after=2026-05-03 00:00:00+00:00
[2026-05-02T11:06:16.673+0000] {processor.py:208} INFO - Processing /opt/airflow/dags/main.py took 0.397 seconds
[2026-05-02T11:06:46.735+0000] {processor.py:186} INFO - Started process (PID=1965) to work on /opt/airflow/dags/main.py
[2026-05-02T11:06:46.736+0000] {processor.py:914} INFO - Processing file /opt/airflow/dags/main.py for tasks to queue
[2026-05-02T11:06:46.739+0000] {logging_mixin.py:190} INFO - [2026-05-02T11:06:46.739+0000] {dagbag.py:588} INFO - Filling up the DagBag from /opt/airflow/dags/main.py
[2026-05-02T11:06:47.059+0000] {processor.py:925} INFO - DAG(s) 'orders_kafka_to_s3' retrieved from /opt/airflow/dags/main.py
[2026-05-02T11:06:47.083+0000] {logging_mixin.py:190} INFO - [2026-05-02T11:06:47.082+0000] {dag.py:3239} INFO - Sync 1 DAGs
[2026-05-02T11:06:47.103+0000] {logging_mixin.py:190} INFO - [2026-05-02T11:06:47.103+0000] {dag.py:4180} INFO - Setting next_dagrun for orders_kafka_to_s3 to 2026-05-02 00:00:00+00:00, run_after=2026-05-03 00:00:00+00:00
[2026-05-02T11:06:47.122+0000] {processor.py:208} INFO - Processing /opt/airflow/dags/main.py took 0.393 seconds
[2026-05-02T11:07:17.461+0000] {processor.py:186} INFO - Started process (PID=1972) to work on /opt/airflow/dags/main.py
[2026-05-02T11:07:17.463+0000] {processor.py:914} INFO - Processing file /opt/airflow/dags/main.py for tasks to queue
[2026-05-02T11:07:17.466+0000] {logging_mixin.py:190} INFO - [2026-05-02T11:07:17.466+0000] {dagbag.py:588} INFO - Filling up the DagBag from /opt/airflow/dags/main.py
[2026-05-02T11:07:17.921+0000] {processor.py:925} INFO - DAG(s) 'orders_kafka_to_s3' retrieved from /opt/airflow/dags/main.py
[2026-05-02T11:07:17.956+0000] {logging_mixin.py:190} INFO - [2026-05-02T11:07:17.956+0000] {dag.py:3239} INFO - Sync 1 DAGs
[2026-05-02T11:07:17.990+0000] {logging_mixin.py:190} INFO - [2026-05-02T11:07:17.990+0000] {dag.py:4180} INFO - Setting next_dagrun for orders_kafka_to_s3 to 2026-05-02 00:00:00+00:00, run_after=2026-05-03 00:00:00+00:00
[2026-05-02T11:07:18.026+0000] {processor.py:208} INFO - Processing /opt/airflow/dags/main.py took 0.573 seconds
[2026-05-02T11:07:48.475+0000] {processor.py:186} INFO - Started process (PID=1979) to work on /opt/airflow/dags/main.py
[2026-05-02T11:07:48.477+0000] {processor.py:914} INFO - Processing file /opt/airflow/dags/main.py for tasks to queue
[2026-05-02T11:07:48.479+0000] {logging_mixin.py:190} INFO - [2026-05-02T11:07:48.479+0000] {dagbag.py:588} INFO - Filling up the DagBag from /opt/airflow/dags/main.py
[2026-05-02T11:07:48.820+0000] {processor.py:925} INFO - DAG(s) 'orders_kafka_to_s3' retrieved from /opt/airflow/dags/main.py
[2026-05-02T11:07:48.855+0000] {logging_mixin.py:190} INFO - [2026-05-02T11:07:48.854+0000] {dag.py:3239} INFO - Sync 1 DAGs
[2026-05-02T11:07:48.881+0000] {logging_mixin.py:190} INFO - [2026-05-02T11:07:48.881+0000] {dag.py:4180} INFO - Setting next_dagrun for orders_kafka_to_s3 to 2026-05-02 00:00:00+00:00, run_after=2026-05-03 00:00:00+00:00
[2026-05-02T11:07:48.902+0000] {processor.py:208} INFO - Processing /opt/airflow/dags/main.py took 0.433 seconds
[2026-05-02T11:08:19.262+0000] {processor.py:186} INFO - Started process (PID=1986) to work on /opt/airflow/dags/main.py
[2026-05-02T11:08:19.264+0000] {processor.py:914} INFO - Processing file /opt/airflow/dags/main.py for tasks to queue
[2026-05-02T11:08:19.266+0000] {logging_mixin.py:190} INFO - [2026-05-02T11:08:19.266+0000] {dagbag.py:588} INFO - Filling up the DagBag from /opt/airflow/dags/main.py
[2026-05-02T11:08:19.591+0000] {processor.py:925} INFO - DAG(s) 'orders_kafka_to_s3' retrieved from /opt/airflow/dags/main.py
[2026-05-02T11:08:19.616+0000] {logging_mixin.py:190} INFO - [2026-05-02T11:08:19.615+0000] {dag.py:3239} INFO - Sync 1 DAGs
[2026-05-02T11:08:19.639+0000] {logging_mixin.py:190} INFO - [2026-05-02T11:08:19.639+0000] {dag.py:4180} INFO - Setting next_dagrun for orders_kafka_to_s3 to 2026-05-02 00:00:00+00:00, run_after=2026-05-03 00:00:00+00:00
[2026-05-02T11:08:19.662+0000] {processor.py:208} INFO - Processing /opt/airflow/dags/main.py took 0.406 seconds
[2026-05-02T11:08:50.145+0000] {processor.py:186} INFO - Started process (PID=1993) to work on /opt/airflow/dags/main.py
[2026-05-02T11:08:50.147+0000] {processor.py:914} INFO - Processing file /opt/airflow/dags/main.py for tasks to queue
[2026-05-02T11:08:50.152+0000] {logging_mixin.py:190} INFO - [2026-05-02T11:08:50.151+0000] {dagbag.py:588} INFO - Filling up the DagBag from /opt/airflow/dags/main.py
[2026-05-02T11:08:50.483+0000] {processor.py:925} INFO - DAG(s) 'orders_kafka_to_s3' retrieved from /opt/airflow/dags/main.py
[2026-05-02T11:08:50.509+0000] {logging_mixin.py:190} INFO - [2026-05-02T11:08:50.508+0000] {dag.py:3239} INFO - Sync 1 DAGs
[2026-05-02T11:08:50.530+0000] {logging_mixin.py:190} INFO - [2026-05-02T11:08:50.530+0000] {dag.py:4180} INFO - Setting next_dagrun for orders_kafka_to_s3 to 2026-05-02 00:00:00+00:00, run_after=2026-05-03 00:00:00+00:00
[2026-05-02T11:08:50.556+0000] {processor.py:208} INFO - Processing /opt/airflow/dags/main.py took 0.423 seconds
[2026-05-02T11:09:20.948+0000] {processor.py:186} INFO - Started process (PID=2000) to work on /opt/airflow/dags/main.py
[2026-05-02T11:09:20.949+0000] {processor.py:914} INFO - Processing file /opt/airflow/dags/main.py for tasks to queue
[2026-05-02T11:09:20.953+0000] {logging_mixin.py:190} INFO - [2026-05-02T11:09:20.953+0000] {dagbag.py:588} INFO - Filling up the DagBag from /opt/airflow/dags/main.py
[2026-05-02T11:09:21.340+0000] {processor.py:925} INFO - DAG(s) 'orders_kafka_to_s3' retrieved from /opt/airflow/dags/main.py
[2026-05-02T11:09:21.371+0000] {logging_mixin.py:190} INFO - [2026-05-02T11:09:21.371+0000] {dag.py:3239} INFO - Sync 1 DAGs
[2026-05-02T11:09:21.403+0000] {logging_mixin.py:190} INFO - [2026-05-02T11:09:21.403+0000] {dag.py:4180} INFO - Setting next_dagrun for orders_kafka_to_s3 to 2026-05-02 00:00:00+00:00, run_after=2026-05-03 00:00:00+00:00
[2026-05-02T11:09:21.428+0000] {processor.py:208} INFO - Processing /opt/airflow/dags/main.py took 0.489 seconds
[2026-05-02T11:09:51.845+0000] {processor.py:186} INFO - Started process (PID=2007) to work on /opt/airflow/dags/main.py
[2026-05-02T11:09:51.846+0000] {processor.py:914} INFO - Processing file /opt/airflow/dags/main.py for tasks to queue
[2026-05-02T11:09:51.849+0000] {logging_mixin.py:190} INFO - [2026-05-02T11:09:51.849+0000] {dagbag.py:588} INFO - Filling up the DagBag from /opt/airflow/dags/main.py
[2026-05-02T11:09:52.207+0000] {processor.py:925} INFO - DAG(s) 'orders_kafka_to_s3' retrieved from /opt/airflow/dags/main.py
[2026-05-02T11:09:52.234+0000] {logging_mixin.py:190} INFO - [2026-05-02T11:09:52.234+0000] {dag.py:3239} INFO - Sync 1 DAGs
[2026-05-02T11:09:52.256+0000] {logging_mixin.py:190} INFO - [2026-05-02T11:09:52.256+0000] {dag.py:4180} INFO - Setting next_dagrun for orders_kafka_to_s3 to 2026-05-02 00:00:00+00:00, run_after=2026-05-03 00:00:00+00:00
[2026-05-02T11:09:52.276+0000] {processor.py:208} INFO - Processing /opt/airflow/dags/main.py took 0.438 seconds
[2026-05-02T11:10:22.756+0000] {processor.py:186} INFO - Started process (PID=2014) to work on /opt/airflow/dags/main.py
[2026-05-02T11:10:22.758+0000] {processor.py:914} INFO - Processing file /opt/airflow/dags/main.py for tasks to queue
[2026-05-02T11:10:22.761+0000] {logging_mixin.py:190} INFO - [2026-05-02T11:10:22.761+0000] {dagbag.py:588} INFO - Filling up the DagBag from /opt/airflow/dags/main.py
[2026-05-02T11:10:23.094+0000] {processor.py:925} INFO - DAG(s) 'orders_kafka_to_s3' retrieved from /opt/airflow/dags/main.py
[2026-05-02T11:10:23.135+0000] {logging_mixin.py:190} INFO - [2026-05-02T11:10:23.135+0000] {dag.py:3239} INFO - Sync 1 DAGs
[2026-05-02T11:10:23.175+0000] {logging_mixin.py:190} INFO - [2026-05-02T11:10:23.175+0000] {dag.py:4180} INFO - Setting next_dagrun for orders_kafka_to_s3 to 2026-05-02 00:00:00+00:00, run_after=2026-05-03 00:00:00+00:00
[2026-05-02T11:10:23.198+0000] {processor.py:208} INFO - Processing /opt/airflow/dags/main.py took 0.451 seconds
[2026-05-02T11:10:53.715+0000] {processor.py:186} INFO - Started process (PID=2021) to work on /opt/airflow/dags/main.py
[2026-05-02T11:10:53.716+0000] {processor.py:914} INFO - Processing file /opt/airflow/dags/main.py for tasks to queue
[2026-05-02T11:10:53.719+0000] {logging_mixin.py:190} INFO - [2026-05-02T11:10:53.719+0000] {dagbag.py:588} INFO - Filling up the DagBag from /opt/airflow/dags/main.py
[2026-05-02T11:10:53.991+0000] {processor.py:925} INFO - DAG(s) 'orders_kafka_to_s3' retrieved from /opt/airflow/dags/main.py
[2026-05-02T11:10:54.014+0000] {logging_mixin.py:190} INFO - [2026-05-02T11:10:54.014+0000] {dag.py:3239} INFO - Sync 1 DAGs
[2026-05-02T11:10:54.035+0000] {logging_mixin.py:190} INFO - [2026-05-02T11:10:54.035+0000] {dag.py:4180} INFO - Setting next_dagrun for orders_kafka_to_s3 to 2026-05-02 00:00:00+00:00, run_after=2026-05-03 00:00:00+00:00
[2026-05-02T11:10:54.054+0000] {processor.py:208} INFO - Processing /opt/airflow/dags/main.py took 0.345 seconds
[2026-05-02T11:11:24.428+0000] {processor.py:186} INFO - Started process (PID=2028) to work on /opt/airflow/dags/main.py
[2026-05-02T11:11:24.430+0000] {processor.py:914} INFO - Processing file /opt/airflow/dags/main.py for tasks to queue
[2026-05-02T11:11:24.437+0000] {logging_mixin.py:190} INFO - [2026-05-02T11:11:24.436+0000] {dagbag.py:588} INFO - Filling up the DagBag from /opt/airflow/dags/main.py
[2026-05-02T11:11:24.830+0000] {processor.py:925} INFO - DAG(s) 'orders_kafka_to_s3' retrieved from /opt/airflow/dags/main.py
[2026-05-02T11:11:24.868+0000] {logging_mixin.py:190} INFO - [2026-05-02T11:11:24.868+0000] {dag.py:3239} INFO - Sync 1 DAGs
[2026-05-02T11:11:24.918+0000] {logging_mixin.py:190} INFO - [2026-05-02T11:11:24.918+0000] {dag.py:4180} INFO - Setting next_dagrun for orders_kafka_to_s3 to 2026-05-02 00:00:00+00:00, run_after=2026-05-03 00:00:00+00:00
[2026-05-02T11:11:24.956+0000] {processor.py:208} INFO - Processing /opt/airflow/dags/main.py took 0.543 seconds
[2026-05-02T11:11:55.501+0000] {processor.py:186} INFO - Started process (PID=2035) to work on /opt/airflow/dags/main.py
[2026-05-02T11:11:55.503+0000] {processor.py:914} INFO - Processing file /opt/airflow/dags/main.py for tasks to queue
[2026-05-02T11:11:55.506+0000] {logging_mixin.py:190} INFO - [2026-05-02T11:11:55.505+0000] {dagbag.py:588} INFO - Filling up the DagBag from /opt/airflow/dags/main.py
[2026-05-02T11:11:55.814+0000] {processor.py:925} INFO - DAG(s) 'orders_kafka_to_s3' retrieved from /opt/airflow/dags/main.py
[2026-05-02T11:11:55.839+0000] {logging_mixin.py:190} INFO - [2026-05-02T11:11:55.839+0000] {dag.py:3239} INFO - Sync 1 DAGs
[2026-05-02T11:11:55.861+0000] {logging_mixin.py:190} INFO - [2026-05-02T11:11:55.860+0000] {dag.py:4180} INFO - Setting next_dagrun for orders_kafka_to_s3 to 2026-05-02 00:00:00+00:00, run_after=2026-05-03 00:00:00+00:00
[2026-05-02T11:11:55.880+0000] {processor.py:208} INFO - Processing /opt/airflow/dags/main.py took 0.385 seconds
[2026-05-02T11:12:26.298+0000] {processor.py:186} INFO - Started process (PID=2042) to work on /opt/airflow/dags/main.py
[2026-05-02T11:12:26.299+0000] {processor.py:914} INFO - Processing file /opt/airflow/dags/main.py for tasks to queue
[2026-05-02T11:12:26.303+0000] {logging_mixin.py:190} INFO - [2026-05-02T11:12:26.303+0000] {dagbag.py:588} INFO - Filling up the DagBag from /opt/airflow/dags/main.py
[2026-05-02T11:12:26.596+0000] {processor.py:925} INFO - DAG(s) 'orders_kafka_to_s3' retrieved from /opt/airflow/dags/main.py
[2026-05-02T11:12:26.621+0000] {logging_mixin.py:190} INFO - [2026-05-02T11:12:26.620+0000] {dag.py:3239} INFO - Sync 1 DAGs
[2026-05-02T11:12:26.648+0000] {logging_mixin.py:190} INFO - [2026-05-02T11:12:26.648+0000] {dag.py:4180} INFO - Setting next_dagrun for orders_kafka_to_s3 to 2026-05-02 00:00:00+00:00, run_after=2026-05-03 00:00:00+00:00
[2026-05-02T11:12:26.668+0000] {processor.py:208} INFO - Processing /opt/airflow/dags/main.py took 0.376 seconds
[2026-05-02T11:12:57.127+0000] {processor.py:186} INFO - Started process (PID=2049) to work on /opt/airflow/dags/main.py
[2026-05-02T11:12:57.129+0000] {processor.py:914} INFO - Processing file /opt/airflow/dags/main.py for tasks to queue
[2026-05-02T11:12:57.132+0000] {logging_mixin.py:190} INFO - [2026-05-02T11:12:57.131+0000] {dagbag.py:588} INFO - Filling up the DagBag from /opt/airflow/dags/main.py
[2026-05-02T11:12:57.441+0000] {processor.py:925} INFO - DAG(s) 'orders_kafka_to_s3' retrieved from /opt/airflow/dags/main.py
[2026-05-02T11:12:57.468+0000] {logging_mixin.py:190} INFO - [2026-05-02T11:12:57.468+0000] {dag.py:3239} INFO - Sync 1 DAGs
[2026-05-02T11:12:57.496+0000] {logging_mixin.py:190} INFO - [2026-05-02T11:12:57.496+0000] {dag.py:4180} INFO - Setting next_dagrun for orders_kafka_to_s3 to 2026-05-02 00:00:00+00:00, run_after=2026-05-03 00:00:00+00:00
[2026-05-02T11:12:57.522+0000] {processor.py:208} INFO - Processing /opt/airflow/dags/main.py took 0.401 seconds
[2026-05-02T11:13:27.892+0000] {processor.py:186} INFO - Started process (PID=2056) to work on /opt/airflow/dags/main.py
[2026-05-02T11:13:27.894+0000] {processor.py:914} INFO - Processing file /opt/airflow/dags/main.py for tasks to queue
[2026-05-02T11:13:27.897+0000] {logging_mixin.py:190} INFO - [2026-05-02T11:13:27.896+0000] {dagbag.py:588} INFO - Filling up the DagBag from /opt/airflow/dags/main.py
[2026-05-02T11:13:28.210+0000] {processor.py:925} INFO - DAG(s) 'orders_kafka_to_s3' retrieved from /opt/airflow/dags/main.py
[2026-05-02T11:13:28.233+0000] {logging_mixin.py:190} INFO - [2026-05-02T11:13:28.233+0000] {dag.py:3239} INFO - Sync 1 DAGs
[2026-05-02T11:13:28.255+0000] {logging_mixin.py:190} INFO - [2026-05-02T11:13:28.255+0000] {dag.py:4180} INFO - Setting next_dagrun for orders_kafka_to_s3 to 2026-05-02 00:00:00+00:00, run_after=2026-05-03 00:00:00+00:00
[2026-05-02T11:13:28.273+0000] {processor.py:208} INFO - Processing /opt/airflow/dags/main.py took 0.387 seconds
[2026-05-02T11:13:58.366+0000] {processor.py:186} INFO - Started process (PID=2063) to work on /opt/airflow/dags/main.py
[2026-05-02T11:13:58.368+0000] {processor.py:914} INFO - Processing file /opt/airflow/dags/main.py for tasks to queue
[2026-05-02T11:13:58.370+0000] {logging_mixin.py:190} INFO - [2026-05-02T11:13:58.370+0000] {dagbag.py:588} INFO - Filling up the DagBag from /opt/airflow/dags/main.py
[2026-05-02T11:13:58.657+0000] {processor.py:925} INFO - DAG(s) 'orders_kafka_to_s3' retrieved from /opt/airflow/dags/main.py
[2026-05-02T11:13:58.682+0000] {logging_mixin.py:190} INFO - [2026-05-02T11:13:58.681+0000] {dag.py:3239} INFO - Sync 1 DAGs
[2026-05-02T11:13:58.704+0000] {logging_mixin.py:190} INFO - [2026-05-02T11:13:58.704+0000] {dag.py:4180} INFO - Setting next_dagrun for orders_kafka_to_s3 to 2026-05-02 00:00:00+00:00, run_after=2026-05-03 00:00:00+00:00
[2026-05-02T11:13:58.729+0000] {processor.py:208} INFO - Processing /opt/airflow/dags/main.py took 0.369 seconds
[2026-05-02T11:14:29.175+0000] {processor.py:186} INFO - Started process (PID=2070) to work on /opt/airflow/dags/main.py
[2026-05-02T11:14:29.176+0000] {processor.py:914} INFO - Processing file /opt/airflow/dags/main.py for tasks to queue
[2026-05-02T11:14:29.179+0000] {logging_mixin.py:190} INFO - [2026-05-02T11:14:29.179+0000] {dagbag.py:588} INFO - Filling up the DagBag from /opt/airflow/dags/main.py
[2026-05-02T11:14:29.521+0000] {processor.py:925} INFO - DAG(s) 'orders_kafka_to_s3' retrieved from /opt/airflow/dags/main.py
[2026-05-02T11:14:29.544+0000] {logging_mixin.py:190} INFO - [2026-05-02T11:14:29.544+0000] {dag.py:3239} INFO - Sync 1 DAGs
[2026-05-02T11:14:29.566+0000] {logging_mixin.py:190} INFO - [2026-05-02T11:14:29.566+0000] {dag.py:4180} INFO - Setting next_dagrun for orders_kafka_to_s3 to 2026-05-02 00:00:00+00:00, run_after=2026-05-03 00:00:00+00:00
[2026-05-02T11:14:29.588+0000] {processor.py:208} INFO - Processing /opt/airflow/dags/main.py took 0.419 seconds
[2026-05-02T11:14:59.740+0000] {processor.py:186} INFO - Started process (PID=2078) to work on /opt/airflow/dags/main.py
[2026-05-02T11:14:59.741+0000] {processor.py:914} INFO - Processing file /opt/airflow/dags/main.py for tasks to queue
[2026-05-02T11:14:59.745+0000] {logging_mixin.py:190} INFO - [2026-05-02T11:14:59.744+0000] {dagbag.py:588} INFO - Filling up the DagBag from /opt/airflow/dags/main.py
[2026-05-02T11:15:00.048+0000] {processor.py:925} INFO - DAG(s) 'orders_kafka_to_s3' retrieved from /opt/airflow/dags/main.py
[2026-05-02T11:15:00.073+0000] {logging_mixin.py:190} INFO - [2026-05-02T11:15:00.072+0000] {dag.py:3239} INFO - Sync 1 DAGs
[2026-05-02T11:15:00.094+0000] {logging_mixin.py:190} INFO - [2026-05-02T11:15:00.094+0000] {dag.py:4180} INFO - Setting next_dagrun for orders_kafka_to_s3 to 2026-05-02 00:00:00+00:00, run_after=2026-05-03 00:00:00+00:00
[2026-05-02T11:15:00.112+0000] {processor.py:208} INFO - Processing /opt/airflow/dags/main.py took 0.379 seconds
[2026-05-02T11:15:30.460+0000] {processor.py:186} INFO - Started process (PID=2085) to work on /opt/airflow/dags/main.py
[2026-05-02T11:15:30.462+0000] {processor.py:914} INFO - Processing file /opt/airflow/dags/main.py for tasks to queue
[2026-05-02T11:15:30.467+0000] {logging_mixin.py:190} INFO - [2026-05-02T11:15:30.466+0000] {dagbag.py:588} INFO - Filling up the DagBag from /opt/airflow/dags/main.py
[2026-05-02T11:15:31.007+0000] {processor.py:925} INFO - DAG(s) 'orders_kafka_to_s3' retrieved from /opt/airflow/dags/main.py
[2026-05-02T11:15:31.037+0000] {logging_mixin.py:190} INFO - [2026-05-02T11:15:31.037+0000] {dag.py:3239} INFO - Sync 1 DAGs
[2026-05-02T11:15:31.060+0000] {logging_mixin.py:190} INFO - [2026-05-02T11:15:31.060+0000] {dag.py:4180} INFO - Setting next_dagrun for orders_kafka_to_s3 to 2026-05-02 00:00:00+00:00, run_after=2026-05-03 00:00:00+00:00
[2026-05-02T11:15:31.084+0000] {processor.py:208} INFO - Processing /opt/airflow/dags/main.py took 0.636 seconds
[2026-05-02T11:16:01.536+0000] {processor.py:186} INFO - Started process (PID=2092) to work on /opt/airflow/dags/main.py
[2026-05-02T11:16:01.537+0000] {processor.py:914} INFO - Processing file /opt/airflow/dags/main.py for tasks to queue
[2026-05-02T11:16:01.540+0000] {logging_mixin.py:190} INFO - [2026-05-02T11:16:01.539+0000] {dagbag.py:588} INFO - Filling up the DagBag from /opt/airflow/dags/main.py
[2026-05-02T11:16:01.891+0000] {processor.py:925} INFO - DAG(s) 'orders_kafka_to_s3' retrieved from /opt/airflow/dags/main.py
[2026-05-02T11:16:01.918+0000] {logging_mixin.py:190} INFO - [2026-05-02T11:16:01.917+0000] {dag.py:3239} INFO - Sync 1 DAGs
[2026-05-02T11:16:01.942+0000] {logging_mixin.py:190} INFO - [2026-05-02T11:16:01.941+0000] {dag.py:4180} INFO - Setting next_dagrun for orders_kafka_to_s3 to 2026-05-02 00:00:00+00:00, run_after=2026-05-03 00:00:00+00:00
[2026-05-02T11:16:01.966+0000] {processor.py:208} INFO - Processing /opt/airflow/dags/main.py took 0.437 seconds
[2026-05-02T11:16:32.556+0000] {processor.py:186} INFO - Started process (PID=2099) to work on /opt/airflow/dags/main.py
[2026-05-02T11:16:32.557+0000] {processor.py:914} INFO - Processing file /opt/airflow/dags/main.py for tasks to queue
[2026-05-02T11:16:32.560+0000] {logging_mixin.py:190} INFO - [2026-05-02T11:16:32.560+0000] {dagbag.py:588} INFO - Filling up the DagBag from /opt/airflow/dags/main.py
[2026-05-02T11:16:32.873+0000] {processor.py:925} INFO - DAG(s) 'orders_kafka_to_s3' retrieved from /opt/airflow/dags/main.py
[2026-05-02T11:16:32.897+0000] {logging_mixin.py:190} INFO - [2026-05-02T11:16:32.896+0000] {dag.py:3239} INFO - Sync 1 DAGs
[2026-05-02T11:16:32.919+0000] {logging_mixin.py:190} INFO - [2026-05-02T11:16:32.919+0000] {dag.py:4180} INFO - Setting next_dagrun for orders_kafka_to_s3 to 2026-05-02 00:00:00+00:00, run_after=2026-05-03 00:00:00+00:00
[2026-05-02T11:16:32.936+0000] {processor.py:208} INFO - Processing /opt/airflow/dags/main.py took 0.386 seconds
[2026-05-02T11:17:03.267+0000] {processor.py:186} INFO - Started process (PID=2106) to work on /opt/airflow/dags/main.py
[2026-05-02T11:17:03.269+0000] {processor.py:914} INFO - Processing file /opt/airflow/dags/main.py for tasks to queue
[2026-05-02T11:17:03.272+0000] {logging_mixin.py:190} INFO - [2026-05-02T11:17:03.272+0000] {dagbag.py:588} INFO - Filling up the DagBag from /opt/airflow/dags/main.py
[2026-05-02T11:17:03.583+0000] {processor.py:925} INFO - DAG(s) 'orders_kafka_to_s3' retrieved from /opt/airflow/dags/main.py
[2026-05-02T11:17:03.611+0000] {logging_mixin.py:190} INFO - [2026-05-02T11:17:03.610+0000] {dag.py:3239} INFO - Sync 1 DAGs
[2026-05-02T11:17:03.637+0000] {logging_mixin.py:190} INFO - [2026-05-02T11:17:03.637+0000] {dag.py:4180} INFO - Setting next_dagrun for orders_kafka_to_s3 to 2026-05-02 00:00:00+00:00, run_after=2026-05-03 00:00:00+00:00
[2026-05-02T11:17:03.660+0000] {processor.py:208} INFO - Processing /opt/airflow/dags/main.py took 0.401 seconds
[2026-05-02T11:17:34.009+0000] {processor.py:186} INFO - Started process (PID=2112) to work on /opt/airflow/dags/main.py
[2026-05-02T11:17:34.011+0000] {processor.py:914} INFO - Processing file /opt/airflow/dags/main.py for tasks to queue
[2026-05-02T11:17:34.015+0000] {logging_mixin.py:190} INFO - [2026-05-02T11:17:34.015+0000] {dagbag.py:588} INFO - Filling up the DagBag from /opt/airflow/dags/main.py
[2026-05-02T11:17:34.606+0000] {processor.py:925} INFO - DAG(s) 'orders_kafka_to_s3' retrieved from /opt/airflow/dags/main.py
[2026-05-02T11:17:34.691+0000] {logging_mixin.py:190} INFO - [2026-05-02T11:17:34.691+0000] {dag.py:3239} INFO - Sync 1 DAGs
[2026-05-02T11:17:34.771+0000] {logging_mixin.py:190} INFO - [2026-05-02T11:17:34.770+0000] {dag.py:4180} INFO - Setting next_dagrun for orders_kafka_to_s3 to 2026-05-02 00:00:00+00:00, run_after=2026-05-03 00:00:00+00:00
[2026-05-02T11:17:34.806+0000] {processor.py:208} INFO - Processing /opt/airflow/dags/main.py took 0.810 seconds
[2026-05-02T11:18:05.088+0000] {processor.py:186} INFO - Started process (PID=2119) to work on /opt/airflow/dags/main.py
[2026-05-02T11:18:05.090+0000] {processor.py:914} INFO - Processing file /opt/airflow/dags/main.py for tasks to queue
[2026-05-02T11:18:05.093+0000] {logging_mixin.py:190} INFO - [2026-05-02T11:18:05.092+0000] {dagbag.py:588} INFO - Filling up the DagBag from /opt/airflow/dags/main.py
[2026-05-02T11:18:05.532+0000] {processor.py:925} INFO - DAG(s) 'orders_kafka_to_s3' retrieved from /opt/airflow/dags/main.py
[2026-05-02T11:18:05.575+0000] {logging_mixin.py:190} INFO - [2026-05-02T11:18:05.574+0000] {dag.py:3239} INFO - Sync 1 DAGs
[2026-05-02T11:18:05.625+0000] {logging_mixin.py:190} INFO - [2026-05-02T11:18:05.624+0000] {dag.py:4180} INFO - Setting next_dagrun for orders_kafka_to_s3 to 2026-05-02 00:00:00+00:00, run_after=2026-05-03 00:00:00+00:00
[2026-05-02T11:18:05.668+0000] {processor.py:208} INFO - Processing /opt/airflow/dags/main.py took 0.586 seconds
[2026-05-02T11:18:36.303+0000] {processor.py:186} INFO - Started process (PID=2132) to work on /opt/airflow/dags/main.py
[2026-05-02T11:18:36.304+0000] {processor.py:914} INFO - Processing file /opt/airflow/dags/main.py for tasks to queue
[2026-05-02T11:18:36.307+0000] {logging_mixin.py:190} INFO - [2026-05-02T11:18:36.307+0000] {dagbag.py:588} INFO - Filling up the DagBag from /opt/airflow/dags/main.py
[2026-05-02T11:18:36.628+0000] {processor.py:925} INFO - DAG(s) 'orders_kafka_to_s3' retrieved from /opt/airflow/dags/main.py
[2026-05-02T11:18:36.651+0000] {logging_mixin.py:190} INFO - [2026-05-02T11:18:36.651+0000] {dag.py:3239} INFO - Sync 1 DAGs
[2026-05-02T11:18:36.672+0000] {logging_mixin.py:190} INFO - [2026-05-02T11:18:36.672+0000] {dag.py:4180} INFO - Setting next_dagrun for orders_kafka_to_s3 to 2026-05-02 00:00:00+00:00, run_after=2026-05-03 00:00:00+00:00
[2026-05-02T11:18:36.696+0000] {processor.py:208} INFO - Processing /opt/airflow/dags/main.py took 0.403 seconds
[2026-05-02T11:19:07.132+0000] {processor.py:186} INFO - Started process (PID=2139) to work on /opt/airflow/dags/main.py
[2026-05-02T11:19:07.133+0000] {processor.py:914} INFO - Processing file /opt/airflow/dags/main.py for tasks to queue
[2026-05-02T11:19:07.137+0000] {logging_mixin.py:190} INFO - [2026-05-02T11:19:07.136+0000] {dagbag.py:588} INFO - Filling up the DagBag from /opt/airflow/dags/main.py
[2026-05-02T11:19:07.464+0000] {processor.py:925} INFO - DAG(s) 'orders_kafka_to_s3' retrieved from /opt/airflow/dags/main.py
[2026-05-02T11:19:07.502+0000] {logging_mixin.py:190} INFO - [2026-05-02T11:19:07.501+0000] {dag.py:3239} INFO - Sync 1 DAGs
[2026-05-02T11:19:07.530+0000] {logging_mixin.py:190} INFO - [2026-05-02T11:19:07.530+0000] {dag.py:4180} INFO - Setting next_dagrun for orders_kafka_to_s3 to 2026-05-02 00:00:00+00:00, run_after=2026-05-03 00:00:00+00:00
[2026-05-02T11:19:07.551+0000] {processor.py:208} INFO - Processing /opt/airflow/dags/main.py took 0.427 seconds
[2026-05-02T11:19:38.002+0000] {processor.py:186} INFO - Started process (PID=2146) to work on /opt/airflow/dags/main.py
[2026-05-02T11:19:38.004+0000] {processor.py:914} INFO - Processing file /opt/airflow/dags/main.py for tasks to queue
[2026-05-02T11:19:38.008+0000] {logging_mixin.py:190} INFO - [2026-05-02T11:19:38.007+0000] {dagbag.py:588} INFO - Filling up the DagBag from /opt/airflow/dags/main.py
[2026-05-02T11:19:38.508+0000] {processor.py:925} INFO - DAG(s) 'orders_kafka_to_s3' retrieved from /opt/airflow/dags/main.py
[2026-05-02T11:19:38.535+0000] {logging_mixin.py:190} INFO - [2026-05-02T11:19:38.535+0000] {dag.py:3239} INFO - Sync 1 DAGs
[2026-05-02T11:19:38.562+0000] {logging_mixin.py:190} INFO - [2026-05-02T11:19:38.562+0000] {dag.py:4180} INFO - Setting next_dagrun for orders_kafka_to_s3 to 2026-05-02 00:00:00+00:00, run_after=2026-05-03 00:00:00+00:00
[2026-05-02T11:19:38.586+0000] {processor.py:208} INFO - Processing /opt/airflow/dags/main.py took 0.592 seconds
[2026-05-02T11:20:08.960+0000] {processor.py:186} INFO - Started process (PID=2153) to work on /opt/airflow/dags/main.py
[2026-05-02T11:20:08.962+0000] {processor.py:914} INFO - Processing file /opt/airflow/dags/main.py for tasks to queue
[2026-05-02T11:20:08.965+0000] {logging_mixin.py:190} INFO - [2026-05-02T11:20:08.965+0000] {dagbag.py:588} INFO - Filling up the DagBag from /opt/airflow/dags/main.py
[2026-05-02T11:20:09.263+0000] {processor.py:925} INFO - DAG(s) 'orders_kafka_to_s3' retrieved from /opt/airflow/dags/main.py
[2026-05-02T11:20:09.290+0000] {logging_mixin.py:190} INFO - [2026-05-02T11:20:09.289+0000] {dag.py:3239} INFO - Sync 1 DAGs
[2026-05-02T11:20:09.318+0000] {logging_mixin.py:190} INFO - [2026-05-02T11:20:09.317+0000] {dag.py:4180} INFO - Setting next_dagrun for orders_kafka_to_s3 to 2026-05-02 00:00:00+00:00, run_after=2026-05-03 00:00:00+00:00
[2026-05-02T11:20:09.342+0000] {processor.py:208} INFO - Processing /opt/airflow/dags/main.py took 0.389 seconds
[2026-05-02T11:20:39.619+0000] {processor.py:186} INFO - Started process (PID=2160) to work on /opt/airflow/dags/main.py
[2026-05-02T11:20:39.620+0000] {processor.py:914} INFO - Processing file /opt/airflow/dags/main.py for tasks to queue
[2026-05-02T11:20:39.623+0000] {logging_mixin.py:190} INFO - [2026-05-02T11:20:39.623+0000] {dagbag.py:588} INFO - Filling up the DagBag from /opt/airflow/dags/main.py
[2026-05-02T11:20:39.917+0000] {processor.py:925} INFO - DAG(s) 'orders_kafka_to_s3' retrieved from /opt/airflow/dags/main.py
[2026-05-02T11:20:39.939+0000] {logging_mixin.py:190} INFO - [2026-05-02T11:20:39.939+0000] {dag.py:3239} INFO - Sync 1 DAGs
[2026-05-02T11:20:39.959+0000] {logging_mixin.py:190} INFO - [2026-05-02T11:20:39.959+0000] {dag.py:4180} INFO - Setting next_dagrun for orders_kafka_to_s3 to 2026-05-02 00:00:00+00:00, run_after=2026-05-03 00:00:00+00:00
[2026-05-02T11:20:39.978+0000] {processor.py:208} INFO - Processing /opt/airflow/dags/main.py took 0.365 seconds
[2026-05-02T11:21:10.186+0000] {processor.py:186} INFO - Started process (PID=2167) to work on /opt/airflow/dags/main.py
[2026-05-02T11:21:10.188+0000] {processor.py:914} INFO - Processing file /opt/airflow/dags/main.py for tasks to queue
[2026-05-02T11:21:10.191+0000] {logging_mixin.py:190} INFO - [2026-05-02T11:21:10.191+0000] {dagbag.py:588} INFO - Filling up the DagBag from /opt/airflow/dags/main.py
[2026-05-02T11:21:10.569+0000] {processor.py:925} INFO - DAG(s) 'orders_kafka_to_s3' retrieved from /opt/airflow/dags/main.py
[2026-05-02T11:21:10.621+0000] {logging_mixin.py:190} INFO - [2026-05-02T11:21:10.621+0000] {dag.py:3239} INFO - Sync 1 DAGs
[2026-05-02T11:21:10.674+0000] {logging_mixin.py:190} INFO - [2026-05-02T11:21:10.673+0000] {dag.py:4180} INFO - Setting next_dagrun for orders_kafka_to_s3 to 2026-05-02 00:00:00+00:00, run_after=2026-05-03 00:00:00+00:00
[2026-05-02T11:21:10.711+0000] {processor.py:208} INFO - Processing /opt/airflow/dags/main.py took 0.533 seconds
[2026-05-02T11:21:41.144+0000] {processor.py:186} INFO - Started process (PID=2174) to work on /opt/airflow/dags/main.py
[2026-05-02T11:21:41.146+0000] {processor.py:914} INFO - Processing file /opt/airflow/dags/main.py for tasks to queue
[2026-05-02T11:21:41.149+0000] {logging_mixin.py:190} INFO - [2026-05-02T11:21:41.148+0000] {dagbag.py:588} INFO - Filling up the DagBag from /opt/airflow/dags/main.py
[2026-05-02T11:21:41.470+0000] {processor.py:925} INFO - DAG(s) 'orders_kafka_to_s3' retrieved from /opt/airflow/dags/main.py
[2026-05-02T11:21:41.492+0000] {logging_mixin.py:190} INFO - [2026-05-02T11:21:41.492+0000] {dag.py:3239} INFO - Sync 1 DAGs
[2026-05-02T11:21:41.513+0000] {logging_mixin.py:190} INFO - [2026-05-02T11:21:41.513+0000] {dag.py:4180} INFO - Setting next_dagrun for orders_kafka_to_s3 to 2026-05-02 00:00:00+00:00, run_after=2026-05-03 00:00:00+00:00
[2026-05-02T11:21:41.534+0000] {processor.py:208} INFO - Processing /opt/airflow/dags/main.py took 0.398 seconds
[2026-05-02T11:22:12.025+0000] {processor.py:186} INFO - Started process (PID=2181) to work on /opt/airflow/dags/main.py
[2026-05-02T11:22:12.026+0000] {processor.py:914} INFO - Processing file /opt/airflow/dags/main.py for tasks to queue
[2026-05-02T11:22:12.028+0000] {logging_mixin.py:190} INFO - [2026-05-02T11:22:12.028+0000] {dagbag.py:588} INFO - Filling up the DagBag from /opt/airflow/dags/main.py
[2026-05-02T11:22:12.469+0000] {processor.py:925} INFO - DAG(s) 'orders_kafka_to_s3' retrieved from /opt/airflow/dags/main.py
[2026-05-02T11:22:12.499+0000] {logging_mixin.py:190} INFO - [2026-05-02T11:22:12.498+0000] {dag.py:3239} INFO - Sync 1 DAGs
[2026-05-02T11:22:12.534+0000] {logging_mixin.py:190} INFO - [2026-05-02T11:22:12.533+0000] {dag.py:4180} INFO - Setting next_dagrun for orders_kafka_to_s3 to 2026-05-02 00:00:00+00:00, run_after=2026-05-03 00:00:00+00:00
[2026-05-02T11:22:12.560+0000] {processor.py:208} INFO - Processing /opt/airflow/dags/main.py took 0.542 seconds
[2026-05-02T11:22:42.980+0000] {processor.py:186} INFO - Started process (PID=2188) to work on /opt/airflow/dags/main.py
[2026-05-02T11:22:42.982+0000] {processor.py:914} INFO - Processing file /opt/airflow/dags/main.py for tasks to queue
[2026-05-02T11:22:42.985+0000] {logging_mixin.py:190} INFO - [2026-05-02T11:22:42.984+0000] {dagbag.py:588} INFO - Filling up the DagBag from /opt/airflow/dags/main.py
[2026-05-02T11:22:43.340+0000] {processor.py:925} INFO - DAG(s) 'orders_kafka_to_s3' retrieved from /opt/airflow/dags/main.py
[2026-05-02T11:22:43.365+0000] {logging_mixin.py:190} INFO - [2026-05-02T11:22:43.364+0000] {dag.py:3239} INFO - Sync 1 DAGs
[2026-05-02T11:22:43.387+0000] {logging_mixin.py:190} INFO - [2026-05-02T11:22:43.386+0000] {dag.py:4180} INFO - Setting next_dagrun for orders_kafka_to_s3 to 2026-05-02 00:00:00+00:00, run_after=2026-05-03 00:00:00+00:00
[2026-05-02T11:22:43.405+0000] {processor.py:208} INFO - Processing /opt/airflow/dags/main.py took 0.435 seconds
[2026-05-02T11:23:13.634+0000] {processor.py:186} INFO - Started process (PID=2195) to work on /opt/airflow/dags/main.py
[2026-05-02T11:23:13.635+0000] {processor.py:914} INFO - Processing file /opt/airflow/dags/main.py for tasks to queue
[2026-05-02T11:23:13.638+0000] {logging_mixin.py:190} INFO - [2026-05-02T11:23:13.637+0000] {dagbag.py:588} INFO - Filling up the DagBag from /opt/airflow/dags/main.py
[2026-05-02T11:23:13.936+0000] {processor.py:925} INFO - DAG(s) 'orders_kafka_to_s3' retrieved from /opt/airflow/dags/main.py
[2026-05-02T11:23:13.963+0000] {logging_mixin.py:190} INFO - [2026-05-02T11:23:13.962+0000] {dag.py:3239} INFO - Sync 1 DAGs
[2026-05-02T11:23:13.989+0000] {logging_mixin.py:190} INFO - [2026-05-02T11:23:13.988+0000] {dag.py:4180} INFO - Setting next_dagrun for orders_kafka_to_s3 to 2026-05-02 00:00:00+00:00, run_after=2026-05-03 00:00:00+00:00
[2026-05-02T11:23:14.008+0000] {processor.py:208} INFO - Processing /opt/airflow/dags/main.py took 0.382 seconds
[2026-05-02T11:23:44.421+0000] {processor.py:186} INFO - Started process (PID=2202) to work on /opt/airflow/dags/main.py
[2026-05-02T11:23:44.423+0000] {processor.py:914} INFO - Processing file /opt/airflow/dags/main.py for tasks to queue
[2026-05-02T11:23:44.428+0000] {logging_mixin.py:190} INFO - [2026-05-02T11:23:44.427+0000] {dagbag.py:588} INFO - Filling up the DagBag from /opt/airflow/dags/main.py
[2026-05-02T11:23:45.036+0000] {processor.py:925} INFO - DAG(s) 'orders_kafka_to_s3' retrieved from /opt/airflow/dags/main.py
[2026-05-02T11:23:45.070+0000] {logging_mixin.py:190} INFO - [2026-05-02T11:23:45.070+0000] {dag.py:3239} INFO - Sync 1 DAGs
[2026-05-02T11:23:45.103+0000] {logging_mixin.py:190} INFO - [2026-05-02T11:23:45.102+0000] {dag.py:4180} INFO - Setting next_dagrun for orders_kafka_to_s3 to 2026-05-02 00:00:00+00:00, run_after=2026-05-03 00:00:00+00:00
[2026-05-02T11:23:45.154+0000] {processor.py:208} INFO - Processing /opt/airflow/dags/main.py took 0.743 seconds
[2026-05-02T11:24:15.481+0000] {processor.py:186} INFO - Started process (PID=2209) to work on /opt/airflow/dags/main.py
[2026-05-02T11:24:15.482+0000] {processor.py:914} INFO - Processing file /opt/airflow/dags/main.py for tasks to queue
[2026-05-02T11:24:15.486+0000] {logging_mixin.py:190} INFO - [2026-05-02T11:24:15.486+0000] {dagbag.py:588} INFO - Filling up the DagBag from /opt/airflow/dags/main.py
[2026-05-02T11:24:15.981+0000] {processor.py:925} INFO - DAG(s) 'orders_kafka_to_s3' retrieved from /opt/airflow/dags/main.py
[2026-05-02T11:24:16.008+0000] {logging_mixin.py:190} INFO - [2026-05-02T11:24:16.008+0000] {dag.py:3239} INFO - Sync 1 DAGs
[2026-05-02T11:24:16.032+0000] {logging_mixin.py:190} INFO - [2026-05-02T11:24:16.032+0000] {dag.py:4180} INFO - Setting next_dagrun for orders_kafka_to_s3 to 2026-05-02 00:00:00+00:00, run_after=2026-05-03 00:00:00+00:00
[2026-05-02T11:24:16.056+0000] {processor.py:208} INFO - Processing /opt/airflow/dags/main.py took 0.581 seconds
[2026-05-02T11:24:46.509+0000] {processor.py:186} INFO - Started process (PID=2216) to work on /opt/airflow/dags/main.py
[2026-05-02T11:24:46.511+0000] {processor.py:914} INFO - Processing file /opt/airflow/dags/main.py for tasks to queue
[2026-05-02T11:24:46.514+0000] {logging_mixin.py:190} INFO - [2026-05-02T11:24:46.513+0000] {dagbag.py:588} INFO - Filling up the DagBag from /opt/airflow/dags/main.py
[2026-05-02T11:24:46.858+0000] {processor.py:925} INFO - DAG(s) 'orders_kafka_to_s3' retrieved from /opt/airflow/dags/main.py
[2026-05-02T11:24:46.883+0000] {logging_mixin.py:190} INFO - [2026-05-02T11:24:46.883+0000] {dag.py:3239} INFO - Sync 1 DAGs
[2026-05-02T11:24:46.907+0000] {logging_mixin.py:190} INFO - [2026-05-02T11:24:46.907+0000] {dag.py:4180} INFO - Setting next_dagrun for orders_kafka_to_s3 to 2026-05-02 00:00:00+00:00, run_after=2026-05-03 00:00:00+00:00
[2026-05-02T11:24:46.927+0000] {processor.py:208} INFO - Processing /opt/airflow/dags/main.py took 0.424 seconds
[2026-05-02T11:25:17.325+0000] {processor.py:186} INFO - Started process (PID=2223) to work on /opt/airflow/dags/main.py
[2026-05-02T11:25:17.327+0000] {processor.py:914} INFO - Processing file /opt/airflow/dags/main.py for tasks to queue
[2026-05-02T11:25:17.330+0000] {logging_mixin.py:190} INFO - [2026-05-02T11:25:17.330+0000] {dagbag.py:588} INFO - Filling up the DagBag from /opt/airflow/dags/main.py
[2026-05-02T11:25:17.728+0000] {processor.py:925} INFO - DAG(s) 'orders_kafka_to_s3' retrieved from /opt/airflow/dags/main.py
[2026-05-02T11:25:17.758+0000] {logging_mixin.py:190} INFO - [2026-05-02T11:25:17.757+0000] {dag.py:3239} INFO - Sync 1 DAGs
[2026-05-02T11:25:17.789+0000] {logging_mixin.py:190} INFO - [2026-05-02T11:25:17.789+0000] {dag.py:4180} INFO - Setting next_dagrun for orders_kafka_to_s3 to 2026-05-02 00:00:00+00:00, run_after=2026-05-03 00:00:00+00:00
[2026-05-02T11:25:17.812+0000] {processor.py:208} INFO - Processing /opt/airflow/dags/main.py took 0.495 seconds
[2026-05-02T11:25:48.195+0000] {processor.py:186} INFO - Started process (PID=2230) to work on /opt/airflow/dags/main.py
[2026-05-02T11:25:48.196+0000] {processor.py:914} INFO - Processing file /opt/airflow/dags/main.py for tasks to queue
[2026-05-02T11:25:48.199+0000] {logging_mixin.py:190} INFO - [2026-05-02T11:25:48.199+0000] {dagbag.py:588} INFO - Filling up the DagBag from /opt/airflow/dags/main.py
[2026-05-02T11:25:48.515+0000] {processor.py:925} INFO - DAG(s) 'orders_kafka_to_s3' retrieved from /opt/airflow/dags/main.py
[2026-05-02T11:25:48.542+0000] {logging_mixin.py:190} INFO - [2026-05-02T11:25:48.541+0000] {dag.py:3239} INFO - Sync 1 DAGs
[2026-05-02T11:25:48.568+0000] {logging_mixin.py:190} INFO - [2026-05-02T11:25:48.567+0000] {dag.py:4180} INFO - Setting next_dagrun for orders_kafka_to_s3 to 2026-05-02 00:00:00+00:00, run_after=2026-05-03 00:00:00+00:00
[2026-05-02T11:25:48.590+0000] {processor.py:208} INFO - Processing /opt/airflow/dags/main.py took 0.402 seconds
[2026-05-02T11:26:19.209+0000] {processor.py:186} INFO - Started process (PID=2237) to work on /opt/airflow/dags/main.py
[2026-05-02T11:26:19.211+0000] {processor.py:914} INFO - Processing file /opt/airflow/dags/main.py for tasks to queue
[2026-05-02T11:26:19.214+0000] {logging_mixin.py:190} INFO - [2026-05-02T11:26:19.213+0000] {dagbag.py:588} INFO - Filling up the DagBag from /opt/airflow/dags/main.py
[2026-05-02T11:26:19.335+0000] {processor.py:925} INFO - DAG(s) 'orders_kafka_to_s3' retrieved from /opt/airflow/dags/main.py
[2026-05-02T11:26:19.368+0000] {logging_mixin.py:190} INFO - [2026-05-02T11:26:19.367+0000] {dag.py:3239} INFO - Sync 1 DAGs
[2026-05-02T11:26:19.402+0000] {logging_mixin.py:190} INFO - [2026-05-02T11:26:19.401+0000] {dag.py:4180} INFO - Setting next_dagrun for orders_kafka_to_s3 to 2026-05-02 00:00:00+00:00, run_after=2026-05-03 00:00:00+00:00
[2026-05-02T11:26:19.431+0000] {processor.py:208} INFO - Processing /opt/airflow/dags/main.py took 0.228 seconds
[2026-05-02T11:26:49.656+0000] {processor.py:186} INFO - Started process (PID=2244) to work on /opt/airflow/dags/main.py
[2026-05-02T11:26:49.658+0000] {processor.py:914} INFO - Processing file /opt/airflow/dags/main.py for tasks to queue
[2026-05-02T11:26:49.662+0000] {logging_mixin.py:190} INFO - [2026-05-02T11:26:49.661+0000] {dagbag.py:588} INFO - Filling up the DagBag from /opt/airflow/dags/main.py
[2026-05-02T11:26:49.778+0000] {processor.py:925} INFO - DAG(s) 'orders_kafka_to_s3' retrieved from /opt/airflow/dags/main.py
[2026-05-02T11:26:49.809+0000] {logging_mixin.py:190} INFO - [2026-05-02T11:26:49.809+0000] {dag.py:3239} INFO - Sync 1 DAGs
[2026-05-02T11:26:49.835+0000] {logging_mixin.py:190} INFO - [2026-05-02T11:26:49.835+0000] {dag.py:4180} INFO - Setting next_dagrun for orders_kafka_to_s3 to 2026-05-02 00:00:00+00:00, run_after=2026-05-03 00:00:00+00:00
[2026-05-02T11:26:49.858+0000] {processor.py:208} INFO - Processing /opt/airflow/dags/main.py took 0.209 seconds
[2026-05-02T11:27:20.021+0000] {processor.py:186} INFO - Started process (PID=2251) to work on /opt/airflow/dags/main.py
[2026-05-02T11:27:20.022+0000] {processor.py:914} INFO - Processing file /opt/airflow/dags/main.py for tasks to queue
[2026-05-02T11:27:20.026+0000] {logging_mixin.py:190} INFO - [2026-05-02T11:27:20.026+0000] {dagbag.py:588} INFO - Filling up the DagBag from /opt/airflow/dags/main.py
[2026-05-02T11:27:20.192+0000] {processor.py:925} INFO - DAG(s) 'orders_kafka_to_s3' retrieved from /opt/airflow/dags/main.py
[2026-05-02T11:27:20.240+0000] {logging_mixin.py:190} INFO - [2026-05-02T11:27:20.240+0000] {dag.py:3239} INFO - Sync 1 DAGs
[2026-05-02T11:27:20.286+0000] {logging_mixin.py:190} INFO - [2026-05-02T11:27:20.286+0000] {dag.py:4180} INFO - Setting next_dagrun for orders_kafka_to_s3 to 2026-05-02 00:00:00+00:00, run_after=2026-05-03 00:00:00+00:00
[2026-05-02T11:27:20.326+0000] {processor.py:208} INFO - Processing /opt/airflow/dags/main.py took 0.312 seconds
[2026-05-02T11:27:50.490+0000] {processor.py:186} INFO - Started process (PID=2258) to work on /opt/airflow/dags/main.py
[2026-05-02T11:27:50.491+0000] {processor.py:914} INFO - Processing file /opt/airflow/dags/main.py for tasks to queue
[2026-05-02T11:27:50.495+0000] {logging_mixin.py:190} INFO - [2026-05-02T11:27:50.494+0000] {dagbag.py:588} INFO - Filling up the DagBag from /opt/airflow/dags/main.py
[2026-05-02T11:27:50.632+0000] {processor.py:925} INFO - DAG(s) 'orders_kafka_to_s3' retrieved from /opt/airflow/dags/main.py
[2026-05-02T11:27:50.664+0000] {logging_mixin.py:190} INFO - [2026-05-02T11:27:50.663+0000] {dag.py:3239} INFO - Sync 1 DAGs
[2026-05-02T11:27:50.694+0000] {logging_mixin.py:190} INFO - [2026-05-02T11:27:50.694+0000] {dag.py:4180} INFO - Setting next_dagrun for orders_kafka_to_s3 to 2026-05-02 00:00:00+00:00, run_after=2026-05-03 00:00:00+00:00
[2026-05-02T11:27:50.720+0000] {processor.py:208} INFO - Processing /opt/airflow/dags/main.py took 0.238 seconds
[2026-05-02T11:28:20.890+0000] {processor.py:186} INFO - Started process (PID=2265) to work on /opt/airflow/dags/main.py
[2026-05-02T11:28:20.892+0000] {processor.py:914} INFO - Processing file /opt/airflow/dags/main.py for tasks to queue
[2026-05-02T11:28:20.895+0000] {logging_mixin.py:190} INFO - [2026-05-02T11:28:20.895+0000] {dagbag.py:588} INFO - Filling up the DagBag from /opt/airflow/dags/main.py
[2026-05-02T11:28:21.126+0000] {processor.py:925} INFO - DAG(s) 'orders_kafka_to_s3' retrieved from /opt/airflow/dags/main.py
[2026-05-02T11:28:21.201+0000] {logging_mixin.py:190} INFO - [2026-05-02T11:28:21.201+0000] {dag.py:3239} INFO - Sync 1 DAGs
[2026-05-02T11:28:21.261+0000] {logging_mixin.py:190} INFO - [2026-05-02T11:28:21.260+0000] {dag.py:4180} INFO - Setting next_dagrun for orders_kafka_to_s3 to 2026-05-02 00:00:00+00:00, run_after=2026-05-03 00:00:00+00:00
[2026-05-02T11:28:21.293+0000] {processor.py:208} INFO - Processing /opt/airflow/dags/main.py took 0.409 seconds
[2026-05-02T11:28:51.477+0000] {processor.py:186} INFO - Started process (PID=2272) to work on /opt/airflow/dags/main.py
[2026-05-02T11:28:51.479+0000] {processor.py:914} INFO - Processing file /opt/airflow/dags/main.py for tasks to queue
[2026-05-02T11:28:51.482+0000] {logging_mixin.py:190} INFO - [2026-05-02T11:28:51.482+0000] {dagbag.py:588} INFO - Filling up the DagBag from /opt/airflow/dags/main.py
[2026-05-02T11:28:51.620+0000] {processor.py:925} INFO - DAG(s) 'orders_kafka_to_s3' retrieved from /opt/airflow/dags/main.py
[2026-05-02T11:28:51.652+0000] {logging_mixin.py:190} INFO - [2026-05-02T11:28:51.652+0000] {dag.py:3239} INFO - Sync 1 DAGs
[2026-05-02T11:28:51.683+0000] {logging_mixin.py:190} INFO - [2026-05-02T11:28:51.682+0000] {dag.py:4180} INFO - Setting next_dagrun for orders_kafka_to_s3 to 2026-05-02 00:00:00+00:00, run_after=2026-05-03 00:00:00+00:00
[2026-05-02T11:28:51.708+0000] {processor.py:208} INFO - Processing /opt/airflow/dags/main.py took 0.239 seconds
[2026-05-02T11:29:21.968+0000] {processor.py:186} INFO - Started process (PID=2279) to work on /opt/airflow/dags/main.py
[2026-05-02T11:29:21.970+0000] {processor.py:914} INFO - Processing file /opt/airflow/dags/main.py for tasks to queue
[2026-05-02T11:29:21.974+0000] {logging_mixin.py:190} INFO - [2026-05-02T11:29:21.973+0000] {dagbag.py:588} INFO - Filling up the DagBag from /opt/airflow/dags/main.py
[2026-05-02T11:29:22.152+0000] {processor.py:925} INFO - DAG(s) 'orders_kafka_to_s3' retrieved from /opt/airflow/dags/main.py
[2026-05-02T11:29:22.189+0000] {logging_mixin.py:190} INFO - [2026-05-02T11:29:22.189+0000] {dag.py:3239} INFO - Sync 1 DAGs
[2026-05-02T11:29:22.225+0000] {logging_mixin.py:190} INFO - [2026-05-02T11:29:22.225+0000] {dag.py:4180} INFO - Setting next_dagrun for orders_kafka_to_s3 to 2026-05-02 00:00:00+00:00, run_after=2026-05-03 00:00:00+00:00
[2026-05-02T11:29:22.261+0000] {processor.py:208} INFO - Processing /opt/airflow/dags/main.py took 0.302 seconds
[2026-05-02T11:29:52.417+0000] {processor.py:186} INFO - Started process (PID=2286) to work on /opt/airflow/dags/main.py
[2026-05-02T11:29:52.418+0000] {processor.py:914} INFO - Processing file /opt/airflow/dags/main.py for tasks to queue
[2026-05-02T11:29:52.423+0000] {logging_mixin.py:190} INFO - [2026-05-02T11:29:52.422+0000] {dagbag.py:588} INFO - Filling up the DagBag from /opt/airflow/dags/main.py
[2026-05-02T11:29:52.575+0000] {processor.py:925} INFO - DAG(s) 'orders_kafka_to_s3' retrieved from /opt/airflow/dags/main.py
[2026-05-02T11:29:52.615+0000] {logging_mixin.py:190} INFO - [2026-05-02T11:29:52.615+0000] {dag.py:3239} INFO - Sync 1 DAGs
[2026-05-02T11:29:52.652+0000] {logging_mixin.py:190} INFO - [2026-05-02T11:29:52.652+0000] {dag.py:4180} INFO - Setting next_dagrun for orders_kafka_to_s3 to 2026-05-02 00:00:00+00:00, run_after=2026-05-03 00:00:00+00:00
[2026-05-02T11:29:52.686+0000] {processor.py:208} INFO - Processing /opt/airflow/dags/main.py took 0.280 seconds
[2026-05-02T11:30:23.121+0000] {processor.py:186} INFO - Started process (PID=2293) to work on /opt/airflow/dags/main.py
[2026-05-02T11:30:23.123+0000] {processor.py:914} INFO - Processing file /opt/airflow/dags/main.py for tasks to queue
[2026-05-02T11:30:23.126+0000] {logging_mixin.py:190} INFO - [2026-05-02T11:30:23.126+0000] {dagbag.py:588} INFO - Filling up the DagBag from /opt/airflow/dags/main.py
[2026-05-02T11:30:23.294+0000] {processor.py:925} INFO - DAG(s) 'orders_kafka_to_s3' retrieved from /opt/airflow/dags/main.py
[2026-05-02T11:30:23.325+0000] {logging_mixin.py:190} INFO - [2026-05-02T11:30:23.325+0000] {dag.py:3239} INFO - Sync 1 DAGs
[2026-05-02T11:30:23.356+0000] {logging_mixin.py:190} INFO - [2026-05-02T11:30:23.355+0000] {dag.py:4180} INFO - Setting next_dagrun for orders_kafka_to_s3 to 2026-05-02 00:00:00+00:00, run_after=2026-05-03 00:00:00+00:00
[2026-05-02T11:30:23.380+0000] {processor.py:208} INFO - Processing /opt/airflow/dags/main.py took 0.267 seconds
[2026-05-02T11:30:53.512+0000] {processor.py:186} INFO - Started process (PID=2300) to work on /opt/airflow/dags/main.py
[2026-05-02T11:30:53.514+0000] {processor.py:914} INFO - Processing file /opt/airflow/dags/main.py for tasks to queue
[2026-05-02T11:30:53.521+0000] {logging_mixin.py:190} INFO - [2026-05-02T11:30:53.521+0000] {dagbag.py:588} INFO - Filling up the DagBag from /opt/airflow/dags/main.py
[2026-05-02T11:30:53.666+0000] {processor.py:925} INFO - DAG(s) 'orders_kafka_to_s3' retrieved from /opt/airflow/dags/main.py
[2026-05-02T11:30:53.703+0000] {logging_mixin.py:190} INFO - [2026-05-02T11:30:53.702+0000] {dag.py:3239} INFO - Sync 1 DAGs
[2026-05-02T11:30:53.731+0000] {logging_mixin.py:190} INFO - [2026-05-02T11:30:53.731+0000] {dag.py:4180} INFO - Setting next_dagrun for orders_kafka_to_s3 to 2026-05-02 00:00:00+00:00, run_after=2026-05-03 00:00:00+00:00
[2026-05-02T11:30:53.752+0000] {processor.py:208} INFO - Processing /opt/airflow/dags/main.py took 0.250 seconds
[2026-05-02T11:31:24.065+0000] {processor.py:186} INFO - Started process (PID=2307) to work on /opt/airflow/dags/main.py
[2026-05-02T11:31:24.067+0000] {processor.py:914} INFO - Processing file /opt/airflow/dags/main.py for tasks to queue
[2026-05-02T11:31:24.072+0000] {logging_mixin.py:190} INFO - [2026-05-02T11:31:24.072+0000] {dagbag.py:588} INFO - Filling up the DagBag from /opt/airflow/dags/main.py
[2026-05-02T11:31:24.243+0000] {processor.py:925} INFO - DAG(s) 'orders_kafka_to_s3' retrieved from /opt/airflow/dags/main.py
[2026-05-02T11:31:24.286+0000] {logging_mixin.py:190} INFO - [2026-05-02T11:31:24.285+0000] {dag.py:3239} INFO - Sync 1 DAGs
[2026-05-02T11:31:24.319+0000] {logging_mixin.py:190} INFO - [2026-05-02T11:31:24.319+0000] {dag.py:4180} INFO - Setting next_dagrun for orders_kafka_to_s3 to 2026-05-02 00:00:00+00:00, run_after=2026-05-03 00:00:00+00:00
[2026-05-02T11:31:24.347+0000] {processor.py:208} INFO - Processing /opt/airflow/dags/main.py took 0.291 seconds
[2026-05-02T11:31:54.498+0000] {processor.py:186} INFO - Started process (PID=2314) to work on /opt/airflow/dags/main.py
[2026-05-02T11:31:54.499+0000] {processor.py:914} INFO - Processing file /opt/airflow/dags/main.py for tasks to queue
[2026-05-02T11:31:54.502+0000] {logging_mixin.py:190} INFO - [2026-05-02T11:31:54.502+0000] {dagbag.py:588} INFO - Filling up the DagBag from /opt/airflow/dags/main.py
[2026-05-02T11:31:54.613+0000] {processor.py:925} INFO - DAG(s) 'orders_kafka_to_s3' retrieved from /opt/airflow/dags/main.py
[2026-05-02T11:31:54.648+0000] {logging_mixin.py:190} INFO - [2026-05-02T11:31:54.647+0000] {dag.py:3239} INFO - Sync 1 DAGs
[2026-05-02T11:31:54.680+0000] {logging_mixin.py:190} INFO - [2026-05-02T11:31:54.680+0000] {dag.py:4180} INFO - Setting next_dagrun for orders_kafka_to_s3 to 2026-05-02 00:00:00+00:00, run_after=2026-05-03 00:00:00+00:00
[2026-05-02T11:31:54.703+0000] {processor.py:208} INFO - Processing /opt/airflow/dags/main.py took 0.212 seconds
[2026-05-02T11:32:24.908+0000] {processor.py:186} INFO - Started process (PID=2321) to work on /opt/airflow/dags/main.py
[2026-05-02T11:32:24.910+0000] {processor.py:914} INFO - Processing file /opt/airflow/dags/main.py for tasks to queue
[2026-05-02T11:32:24.914+0000] {logging_mixin.py:190} INFO - [2026-05-02T11:32:24.913+0000] {dagbag.py:588} INFO - Filling up the DagBag from /opt/airflow/dags/main.py
[2026-05-02T11:32:25.047+0000] {processor.py:925} INFO - DAG(s) 'orders_kafka_to_s3' retrieved from /opt/airflow/dags/main.py
[2026-05-02T11:32:25.081+0000] {logging_mixin.py:190} INFO - [2026-05-02T11:32:25.080+0000] {dag.py:3239} INFO - Sync 1 DAGs
[2026-05-02T11:32:25.108+0000] {logging_mixin.py:190} INFO - [2026-05-02T11:32:25.108+0000] {dag.py:4180} INFO - Setting next_dagrun for orders_kafka_to_s3 to 2026-05-02 00:00:00+00:00, run_after=2026-05-03 00:00:00+00:00
[2026-05-02T11:32:25.129+0000] {processor.py:208} INFO - Processing /opt/airflow/dags/main.py took 0.228 seconds
[2026-05-02T11:32:55.679+0000] {processor.py:186} INFO - Started process (PID=2328) to work on /opt/airflow/dags/main.py
[2026-05-02T11:32:55.680+0000] {processor.py:914} INFO - Processing file /opt/airflow/dags/main.py for tasks to queue
[2026-05-02T11:32:55.683+0000] {logging_mixin.py:190} INFO - [2026-05-02T11:32:55.683+0000] {dagbag.py:588} INFO - Filling up the DagBag from /opt/airflow/dags/main.py
[2026-05-02T11:32:55.812+0000] {processor.py:925} INFO - DAG(s) 'orders_kafka_to_s3' retrieved from /opt/airflow/dags/main.py
[2026-05-02T11:32:55.840+0000] {logging_mixin.py:190} INFO - [2026-05-02T11:32:55.839+0000] {dag.py:3239} INFO - Sync 1 DAGs
[2026-05-02T11:32:55.868+0000] {logging_mixin.py:190} INFO - [2026-05-02T11:32:55.868+0000] {dag.py:4180} INFO - Setting next_dagrun for orders_kafka_to_s3 to 2026-05-02 00:00:00+00:00, run_after=2026-05-03 00:00:00+00:00
[2026-05-02T11:32:55.895+0000] {processor.py:208} INFO - Processing /opt/airflow/dags/main.py took 0.223 seconds
[2026-05-02T11:33:26.052+0000] {processor.py:186} INFO - Started process (PID=2335) to work on /opt/airflow/dags/main.py
[2026-05-02T11:33:26.054+0000] {processor.py:914} INFO - Processing file /opt/airflow/dags/main.py for tasks to queue
[2026-05-02T11:33:26.059+0000] {logging_mixin.py:190} INFO - [2026-05-02T11:33:26.059+0000] {dagbag.py:588} INFO - Filling up the DagBag from /opt/airflow/dags/main.py
[2026-05-02T11:33:26.239+0000] {processor.py:925} INFO - DAG(s) 'orders_kafka_to_s3' retrieved from /opt/airflow/dags/main.py
[2026-05-02T11:33:26.286+0000] {logging_mixin.py:190} INFO - [2026-05-02T11:33:26.286+0000] {dag.py:3239} INFO - Sync 1 DAGs
[2026-05-02T11:33:26.328+0000] {logging_mixin.py:190} INFO - [2026-05-02T11:33:26.328+0000] {dag.py:4180} INFO - Setting next_dagrun for orders_kafka_to_s3 to 2026-05-02 00:00:00+00:00, run_after=2026-05-03 00:00:00+00:00
[2026-05-02T11:33:26.359+0000] {processor.py:208} INFO - Processing /opt/airflow/dags/main.py took 0.318 seconds
[2026-05-02T11:33:56.600+0000] {processor.py:186} INFO - Started process (PID=2342) to work on /opt/airflow/dags/main.py
[2026-05-02T11:33:56.601+0000] {processor.py:914} INFO - Processing file /opt/airflow/dags/main.py for tasks to queue
[2026-05-02T11:33:56.604+0000] {logging_mixin.py:190} INFO - [2026-05-02T11:33:56.604+0000] {dagbag.py:588} INFO - Filling up the DagBag from /opt/airflow/dags/main.py
[2026-05-02T11:33:56.750+0000] {processor.py:925} INFO - DAG(s) 'orders_kafka_to_s3' retrieved from /opt/airflow/dags/main.py
[2026-05-02T11:33:56.780+0000] {logging_mixin.py:190} INFO - [2026-05-02T11:33:56.780+0000] {dag.py:3239} INFO - Sync 1 DAGs
[2026-05-02T11:33:56.810+0000] {logging_mixin.py:190} INFO - [2026-05-02T11:33:56.810+0000] {dag.py:4180} INFO - Setting next_dagrun for orders_kafka_to_s3 to 2026-05-02 00:00:00+00:00, run_after=2026-05-03 00:00:00+00:00
[2026-05-02T11:33:56.836+0000] {processor.py:208} INFO - Processing /opt/airflow/dags/main.py took 0.244 seconds
[2026-05-02T11:34:27.028+0000] {processor.py:186} INFO - Started process (PID=2349) to work on /opt/airflow/dags/main.py
[2026-05-02T11:34:27.031+0000] {processor.py:914} INFO - Processing file /opt/airflow/dags/main.py for tasks to queue
[2026-05-02T11:34:27.034+0000] {logging_mixin.py:190} INFO - [2026-05-02T11:34:27.034+0000] {dagbag.py:588} INFO - Filling up the DagBag from /opt/airflow/dags/main.py
[2026-05-02T11:34:27.179+0000] {processor.py:925} INFO - DAG(s) 'orders_kafka_to_s3' retrieved from /opt/airflow/dags/main.py
[2026-05-02T11:34:27.228+0000] {logging_mixin.py:190} INFO - [2026-05-02T11:34:27.227+0000] {dag.py:3239} INFO - Sync 1 DAGs
[2026-05-02T11:34:27.261+0000] {logging_mixin.py:190} INFO - [2026-05-02T11:34:27.261+0000] {dag.py:4180} INFO - Setting next_dagrun for orders_kafka_to_s3 to 2026-05-02 00:00:00+00:00, run_after=2026-05-03 00:00:00+00:00
[2026-05-02T11:34:27.292+0000] {processor.py:208} INFO - Processing /opt/airflow/dags/main.py took 0.273 seconds
[2026-05-02T11:34:57.716+0000] {processor.py:186} INFO - Started process (PID=2356) to work on /opt/airflow/dags/main.py
[2026-05-02T11:34:57.718+0000] {processor.py:914} INFO - Processing file /opt/airflow/dags/main.py for tasks to queue
[2026-05-02T11:34:57.723+0000] {logging_mixin.py:190} INFO - [2026-05-02T11:34:57.722+0000] {dagbag.py:588} INFO - Filling up the DagBag from /opt/airflow/dags/main.py
[2026-05-02T11:34:57.908+0000] {processor.py:925} INFO - DAG(s) 'orders_kafka_to_s3' retrieved from /opt/airflow/dags/main.py
[2026-05-02T11:34:57.952+0000] {logging_mixin.py:190} INFO - [2026-05-02T11:34:57.952+0000] {dag.py:3239} INFO - Sync 1 DAGs
[2026-05-02T11:34:57.989+0000] {logging_mixin.py:190} INFO - [2026-05-02T11:34:57.989+0000] {dag.py:4180} INFO - Setting next_dagrun for orders_kafka_to_s3 to 2026-05-02 00:00:00+00:00, run_after=2026-05-03 00:00:00+00:00
[2026-05-02T11:34:58.018+0000] {processor.py:208} INFO - Processing /opt/airflow/dags/main.py took 0.310 seconds
[2026-05-02T11:35:28.237+0000] {processor.py:186} INFO - Started process (PID=2363) to work on /opt/airflow/dags/main.py
[2026-05-02T11:35:28.239+0000] {processor.py:914} INFO - Processing file /opt/airflow/dags/main.py for tasks to queue
[2026-05-02T11:35:28.245+0000] {logging_mixin.py:190} INFO - [2026-05-02T11:35:28.244+0000] {dagbag.py:588} INFO - Filling up the DagBag from /opt/airflow/dags/main.py
[2026-05-02T11:35:28.422+0000] {processor.py:925} INFO - DAG(s) 'orders_kafka_to_s3' retrieved from /opt/airflow/dags/main.py
[2026-05-02T11:35:28.465+0000] {logging_mixin.py:190} INFO - [2026-05-02T11:35:28.465+0000] {dag.py:3239} INFO - Sync 1 DAGs
[2026-05-02T11:35:28.502+0000] {logging_mixin.py:190} INFO - [2026-05-02T11:35:28.502+0000] {dag.py:4180} INFO - Setting next_dagrun for orders_kafka_to_s3 to 2026-05-02 00:00:00+00:00, run_after=2026-05-03 00:00:00+00:00
[2026-05-02T11:35:28.533+0000] {processor.py:208} INFO - Processing /opt/airflow/dags/main.py took 0.305 seconds
[2026-05-02T11:35:58.805+0000] {processor.py:186} INFO - Started process (PID=2370) to work on /opt/airflow/dags/main.py
[2026-05-02T11:35:58.807+0000] {processor.py:914} INFO - Processing file /opt/airflow/dags/main.py for tasks to queue
[2026-05-02T11:35:58.813+0000] {logging_mixin.py:190} INFO - [2026-05-02T11:35:58.813+0000] {dagbag.py:588} INFO - Filling up the DagBag from /opt/airflow/dags/main.py
[2026-05-02T11:35:58.966+0000] {processor.py:925} INFO - DAG(s) 'orders_kafka_to_s3' retrieved from /opt/airflow/dags/main.py
[2026-05-02T11:35:59.021+0000] {logging_mixin.py:190} INFO - [2026-05-02T11:35:59.020+0000] {dag.py:3239} INFO - Sync 1 DAGs
[2026-05-02T11:35:59.052+0000] {logging_mixin.py:190} INFO - [2026-05-02T11:35:59.051+0000] {dag.py:4180} INFO - Setting next_dagrun for orders_kafka_to_s3 to 2026-05-02 00:00:00+00:00, run_after=2026-05-03 00:00:00+00:00
[2026-05-02T11:35:59.075+0000] {processor.py:208} INFO - Processing /opt/airflow/dags/main.py took 0.287 seconds
[2026-05-02T11:36:29.570+0000] {processor.py:186} INFO - Started process (PID=2377) to work on /opt/airflow/dags/main.py
[2026-05-02T11:36:29.572+0000] {processor.py:914} INFO - Processing file /opt/airflow/dags/main.py for tasks to queue
[2026-05-02T11:36:29.578+0000] {logging_mixin.py:190} INFO - [2026-05-02T11:36:29.577+0000] {dagbag.py:588} INFO - Filling up the DagBag from /opt/airflow/dags/main.py
[2026-05-02T11:36:29.800+0000] {processor.py:925} INFO - DAG(s) 'orders_kafka_to_s3' retrieved from /opt/airflow/dags/main.py
[2026-05-02T11:36:29.829+0000] {logging_mixin.py:190} INFO - [2026-05-02T11:36:29.829+0000] {dag.py:3239} INFO - Sync 1 DAGs
[2026-05-02T11:36:29.872+0000] {logging_mixin.py:190} INFO - [2026-05-02T11:36:29.871+0000] {dag.py:4180} INFO - Setting next_dagrun for orders_kafka_to_s3 to 2026-05-02 00:00:00+00:00, run_after=2026-05-03 00:00:00+00:00
[2026-05-02T11:36:29.896+0000] {processor.py:208} INFO - Processing /opt/airflow/dags/main.py took 0.339 seconds
[2026-05-02T11:37:00.099+0000] {processor.py:186} INFO - Started process (PID=2384) to work on /opt/airflow/dags/main.py
[2026-05-02T11:37:00.101+0000] {processor.py:914} INFO - Processing file /opt/airflow/dags/main.py for tasks to queue
[2026-05-02T11:37:00.106+0000] {logging_mixin.py:190} INFO - [2026-05-02T11:37:00.106+0000] {dagbag.py:588} INFO - Filling up the DagBag from /opt/airflow/dags/main.py
[2026-05-02T11:37:00.292+0000] {processor.py:925} INFO - DAG(s) 'orders_kafka_to_s3' retrieved from /opt/airflow/dags/main.py
[2026-05-02T11:37:00.325+0000] {logging_mixin.py:190} INFO - [2026-05-02T11:37:00.325+0000] {dag.py:3239} INFO - Sync 1 DAGs
[2026-05-02T11:37:00.356+0000] {logging_mixin.py:190} INFO - [2026-05-02T11:37:00.356+0000] {dag.py:4180} INFO - Setting next_dagrun for orders_kafka_to_s3 to 2026-05-02 00:00:00+00:00, run_after=2026-05-03 00:00:00+00:00
[2026-05-02T11:37:00.395+0000] {processor.py:208} INFO - Processing /opt/airflow/dags/main.py took 0.306 seconds
[2026-05-02T11:37:30.933+0000] {processor.py:186} INFO - Started process (PID=2392) to work on /opt/airflow/dags/main.py
[2026-05-02T11:37:30.934+0000] {processor.py:914} INFO - Processing file /opt/airflow/dags/main.py for tasks to queue
[2026-05-02T11:37:30.938+0000] {logging_mixin.py:190} INFO - [2026-05-02T11:37:30.938+0000] {dagbag.py:588} INFO - Filling up the DagBag from /opt/airflow/dags/main.py
[2026-05-02T11:37:31.221+0000] {processor.py:925} INFO - DAG(s) 'orders_kafka_to_s3' retrieved from /opt/airflow/dags/main.py
[2026-05-02T11:37:31.272+0000] {logging_mixin.py:190} INFO - [2026-05-02T11:37:31.272+0000] {dag.py:3239} INFO - Sync 1 DAGs
[2026-05-02T11:37:31.376+0000] {logging_mixin.py:190} INFO - [2026-05-02T11:37:31.376+0000] {dag.py:4180} INFO - Setting next_dagrun for orders_kafka_to_s3 to 2026-05-02 00:00:00+00:00, run_after=2026-05-03 00:00:00+00:00
[2026-05-02T11:37:31.415+0000] {processor.py:208} INFO - Processing /opt/airflow/dags/main.py took 0.491 seconds
[2026-05-02T11:38:01.995+0000] {processor.py:186} INFO - Started process (PID=2399) to work on /opt/airflow/dags/main.py
[2026-05-02T11:38:01.996+0000] {processor.py:914} INFO - Processing file /opt/airflow/dags/main.py for tasks to queue
[2026-05-02T11:38:02.000+0000] {logging_mixin.py:190} INFO - [2026-05-02T11:38:01.999+0000] {dagbag.py:588} INFO - Filling up the DagBag from /opt/airflow/dags/main.py
[2026-05-02T11:38:02.132+0000] {processor.py:925} INFO - DAG(s) 'orders_kafka_to_s3' retrieved from /opt/airflow/dags/main.py
[2026-05-02T11:38:02.169+0000] {logging_mixin.py:190} INFO - [2026-05-02T11:38:02.168+0000] {dag.py:3239} INFO - Sync 1 DAGs
[2026-05-02T11:38:02.218+0000] {logging_mixin.py:190} INFO - [2026-05-02T11:38:02.217+0000] {dag.py:4180} INFO - Setting next_dagrun for orders_kafka_to_s3 to 2026-05-02 00:00:00+00:00, run_after=2026-05-03 00:00:00+00:00
[2026-05-02T11:38:02.264+0000] {processor.py:208} INFO - Processing /opt/airflow/dags/main.py took 0.277 seconds
[2026-05-02T11:38:32.588+0000] {processor.py:186} INFO - Started process (PID=2406) to work on /opt/airflow/dags/main.py
[2026-05-02T11:38:32.590+0000] {processor.py:914} INFO - Processing file /opt/airflow/dags/main.py for tasks to queue
[2026-05-02T11:38:32.598+0000] {logging_mixin.py:190} INFO - [2026-05-02T11:38:32.597+0000] {dagbag.py:588} INFO - Filling up the DagBag from /opt/airflow/dags/main.py
[2026-05-02T11:38:32.745+0000] {processor.py:925} INFO - DAG(s) 'orders_kafka_to_s3' retrieved from /opt/airflow/dags/main.py
[2026-05-02T11:38:32.778+0000] {logging_mixin.py:190} INFO - [2026-05-02T11:38:32.778+0000] {dag.py:3239} INFO - Sync 1 DAGs
[2026-05-02T11:38:32.817+0000] {logging_mixin.py:190} INFO - [2026-05-02T11:38:32.817+0000] {dag.py:4180} INFO - Setting next_dagrun for orders_kafka_to_s3 to 2026-05-02 00:00:00+00:00, run_after=2026-05-03 00:00:00+00:00
[2026-05-02T11:38:32.861+0000] {processor.py:208} INFO - Processing /opt/airflow/dags/main.py took 0.298 seconds
[2026-05-02T11:39:03.341+0000] {processor.py:186} INFO - Started process (PID=2413) to work on /opt/airflow/dags/main.py
[2026-05-02T11:39:03.343+0000] {processor.py:914} INFO - Processing file /opt/airflow/dags/main.py for tasks to queue
[2026-05-02T11:39:03.348+0000] {logging_mixin.py:190} INFO - [2026-05-02T11:39:03.348+0000] {dagbag.py:588} INFO - Filling up the DagBag from /opt/airflow/dags/main.py
[2026-05-02T11:39:03.599+0000] {processor.py:925} INFO - DAG(s) 'orders_kafka_to_s3' retrieved from /opt/airflow/dags/main.py
[2026-05-02T11:39:03.686+0000] {logging_mixin.py:190} INFO - [2026-05-02T11:39:03.685+0000] {dag.py:3239} INFO - Sync 1 DAGs
[2026-05-02T11:39:03.729+0000] {logging_mixin.py:190} INFO - [2026-05-02T11:39:03.728+0000] {dag.py:4180} INFO - Setting next_dagrun for orders_kafka_to_s3 to 2026-05-02 00:00:00+00:00, run_after=2026-05-03 00:00:00+00:00
[2026-05-02T11:39:03.766+0000] {processor.py:208} INFO - Processing /opt/airflow/dags/main.py took 0.438 seconds
[2026-05-02T11:39:34.228+0000] {processor.py:186} INFO - Started process (PID=2420) to work on /opt/airflow/dags/main.py
[2026-05-02T11:39:34.230+0000] {processor.py:914} INFO - Processing file /opt/airflow/dags/main.py for tasks to queue
[2026-05-02T11:39:34.235+0000] {logging_mixin.py:190} INFO - [2026-05-02T11:39:34.234+0000] {dagbag.py:588} INFO - Filling up the DagBag from /opt/airflow/dags/main.py
[2026-05-02T11:39:34.372+0000] {processor.py:925} INFO - DAG(s) 'orders_kafka_to_s3' retrieved from /opt/airflow/dags/main.py
[2026-05-02T11:39:34.400+0000] {logging_mixin.py:190} INFO - [2026-05-02T11:39:34.400+0000] {dag.py:3239} INFO - Sync 1 DAGs
[2026-05-02T11:39:34.426+0000] {logging_mixin.py:190} INFO - [2026-05-02T11:39:34.426+0000] {dag.py:4180} INFO - Setting next_dagrun for orders_kafka_to_s3 to 2026-05-02 00:00:00+00:00, run_after=2026-05-03 00:00:00+00:00
[2026-05-02T11:39:34.461+0000] {processor.py:208} INFO - Processing /opt/airflow/dags/main.py took 0.242 seconds
[2026-05-02T11:40:04.803+0000] {processor.py:186} INFO - Started process (PID=2427) to work on /opt/airflow/dags/main.py
[2026-05-02T11:40:04.807+0000] {processor.py:914} INFO - Processing file /opt/airflow/dags/main.py for tasks to queue
[2026-05-02T11:40:04.811+0000] {logging_mixin.py:190} INFO - [2026-05-02T11:40:04.811+0000] {dagbag.py:588} INFO - Filling up the DagBag from /opt/airflow/dags/main.py
[2026-05-02T11:40:04.939+0000] {processor.py:925} INFO - DAG(s) 'orders_kafka_to_s3' retrieved from /opt/airflow/dags/main.py
[2026-05-02T11:40:04.976+0000] {logging_mixin.py:190} INFO - [2026-05-02T11:40:04.975+0000] {dag.py:3239} INFO - Sync 1 DAGs
[2026-05-02T11:40:05.003+0000] {logging_mixin.py:190} INFO - [2026-05-02T11:40:05.002+0000] {dag.py:4180} INFO - Setting next_dagrun for orders_kafka_to_s3 to 2026-05-02 00:00:00+00:00, run_after=2026-05-03 00:00:00+00:00
[2026-05-02T11:40:05.050+0000] {processor.py:208} INFO - Processing /opt/airflow/dags/main.py took 0.264 seconds
[2026-05-02T11:40:35.474+0000] {processor.py:186} INFO - Started process (PID=2434) to work on /opt/airflow/dags/main.py
[2026-05-02T11:40:35.476+0000] {processor.py:914} INFO - Processing file /opt/airflow/dags/main.py for tasks to queue
[2026-05-02T11:40:35.480+0000] {logging_mixin.py:190} INFO - [2026-05-02T11:40:35.480+0000] {dagbag.py:588} INFO - Filling up the DagBag from /opt/airflow/dags/main.py
[2026-05-02T11:40:35.672+0000] {processor.py:925} INFO - DAG(s) 'orders_kafka_to_s3' retrieved from /opt/airflow/dags/main.py
[2026-05-02T11:40:35.718+0000] {logging_mixin.py:190} INFO - [2026-05-02T11:40:35.717+0000] {dag.py:3239} INFO - Sync 1 DAGs
[2026-05-02T11:40:35.749+0000] {logging_mixin.py:190} INFO - [2026-05-02T11:40:35.749+0000] {dag.py:4180} INFO - Setting next_dagrun for orders_kafka_to_s3 to 2026-05-02 00:00:00+00:00, run_after=2026-05-03 00:00:00+00:00
[2026-05-02T11:40:35.774+0000] {processor.py:208} INFO - Processing /opt/airflow/dags/main.py took 0.308 seconds
[2026-05-02T11:41:06.273+0000] {processor.py:186} INFO - Started process (PID=2441) to work on /opt/airflow/dags/main.py
[2026-05-02T11:41:06.275+0000] {processor.py:914} INFO - Processing file /opt/airflow/dags/main.py for tasks to queue
[2026-05-02T11:41:06.278+0000] {logging_mixin.py:190} INFO - [2026-05-02T11:41:06.278+0000] {dagbag.py:588} INFO - Filling up the DagBag from /opt/airflow/dags/main.py
[2026-05-02T11:41:06.438+0000] {processor.py:925} INFO - DAG(s) 'orders_kafka_to_s3' retrieved from /opt/airflow/dags/main.py
[2026-05-02T11:41:06.470+0000] {logging_mixin.py:190} INFO - [2026-05-02T11:41:06.469+0000] {dag.py:3239} INFO - Sync 1 DAGs
[2026-05-02T11:41:06.502+0000] {logging_mixin.py:190} INFO - [2026-05-02T11:41:06.502+0000] {dag.py:4180} INFO - Setting next_dagrun for orders_kafka_to_s3 to 2026-05-02 00:00:00+00:00, run_after=2026-05-03 00:00:00+00:00
[2026-05-02T11:41:06.529+0000] {processor.py:208} INFO - Processing /opt/airflow/dags/main.py took 0.265 seconds
[2026-05-02T11:41:36.835+0000] {processor.py:186} INFO - Started process (PID=2448) to work on /opt/airflow/dags/main.py
[2026-05-02T11:41:36.837+0000] {processor.py:914} INFO - Processing file /opt/airflow/dags/main.py for tasks to queue
[2026-05-02T11:41:36.841+0000] {logging_mixin.py:190} INFO - [2026-05-02T11:41:36.840+0000] {dagbag.py:588} INFO - Filling up the DagBag from /opt/airflow/dags/main.py
[2026-05-02T11:41:36.984+0000] {processor.py:925} INFO - DAG(s) 'orders_kafka_to_s3' retrieved from /opt/airflow/dags/main.py
[2026-05-02T11:41:37.013+0000] {logging_mixin.py:190} INFO - [2026-05-02T11:41:37.012+0000] {dag.py:3239} INFO - Sync 1 DAGs
[2026-05-02T11:41:37.040+0000] {logging_mixin.py:190} INFO - [2026-05-02T11:41:37.040+0000] {dag.py:4180} INFO - Setting next_dagrun for orders_kafka_to_s3 to 2026-05-02 00:00:00+00:00, run_after=2026-05-03 00:00:00+00:00
[2026-05-02T11:41:37.066+0000] {processor.py:208} INFO - Processing /opt/airflow/dags/main.py took 0.242 seconds
[2026-05-02T11:42:07.486+0000] {processor.py:186} INFO - Started process (PID=2455) to work on /opt/airflow/dags/main.py
[2026-05-02T11:42:07.487+0000] {processor.py:914} INFO - Processing file /opt/airflow/dags/main.py for tasks to queue
[2026-05-02T11:42:07.491+0000] {logging_mixin.py:190} INFO - [2026-05-02T11:42:07.491+0000] {dagbag.py:588} INFO - Filling up the DagBag from /opt/airflow/dags/main.py
[2026-05-02T11:42:07.628+0000] {processor.py:925} INFO - DAG(s) 'orders_kafka_to_s3' retrieved from /opt/airflow/dags/main.py
[2026-05-02T11:42:07.658+0000] {logging_mixin.py:190} INFO - [2026-05-02T11:42:07.658+0000] {dag.py:3239} INFO - Sync 1 DAGs
[2026-05-02T11:42:07.687+0000] {logging_mixin.py:190} INFO - [2026-05-02T11:42:07.686+0000] {dag.py:4180} INFO - Setting next_dagrun for orders_kafka_to_s3 to 2026-05-02 00:00:00+00:00, run_after=2026-05-03 00:00:00+00:00
[2026-05-02T11:42:07.710+0000] {processor.py:208} INFO - Processing /opt/airflow/dags/main.py took 0.231 seconds
[2026-05-02T11:42:38.030+0000] {processor.py:186} INFO - Started process (PID=2462) to work on /opt/airflow/dags/main.py
[2026-05-02T11:42:38.033+0000] {processor.py:914} INFO - Processing file /opt/airflow/dags/main.py for tasks to queue
[2026-05-02T11:42:38.040+0000] {logging_mixin.py:190} INFO - [2026-05-02T11:42:38.039+0000] {dagbag.py:588} INFO - Filling up the DagBag from /opt/airflow/dags/main.py
[2026-05-02T11:42:38.251+0000] {processor.py:925} INFO - DAG(s) 'orders_kafka_to_s3' retrieved from /opt/airflow/dags/main.py
[2026-05-02T11:42:38.309+0000] {logging_mixin.py:190} INFO - [2026-05-02T11:42:38.308+0000] {dag.py:3239} INFO - Sync 1 DAGs
[2026-05-02T11:42:38.342+0000] {logging_mixin.py:190} INFO - [2026-05-02T11:42:38.342+0000] {dag.py:4180} INFO - Setting next_dagrun for orders_kafka_to_s3 to 2026-05-02 00:00:00+00:00, run_after=2026-05-03 00:00:00+00:00
[2026-05-02T11:42:38.365+0000] {processor.py:208} INFO - Processing /opt/airflow/dags/main.py took 0.358 seconds
[2026-05-02T11:43:08.593+0000] {processor.py:186} INFO - Started process (PID=2468) to work on /opt/airflow/dags/main.py
[2026-05-02T11:43:08.595+0000] {processor.py:914} INFO - Processing file /opt/airflow/dags/main.py for tasks to queue
[2026-05-02T11:43:08.600+0000] {logging_mixin.py:190} INFO - [2026-05-02T11:43:08.599+0000] {dagbag.py:588} INFO - Filling up the DagBag from /opt/airflow/dags/main.py
[2026-05-02T11:43:08.796+0000] {processor.py:925} INFO - DAG(s) 'orders_kafka_to_s3' retrieved from /opt/airflow/dags/main.py
[2026-05-02T11:43:08.831+0000] {logging_mixin.py:190} INFO - [2026-05-02T11:43:08.831+0000] {dag.py:3239} INFO - Sync 1 DAGs
[2026-05-02T11:43:08.859+0000] {logging_mixin.py:190} INFO - [2026-05-02T11:43:08.859+0000] {dag.py:4180} INFO - Setting next_dagrun for orders_kafka_to_s3 to 2026-05-02 00:00:00+00:00, run_after=2026-05-03 00:00:00+00:00
[2026-05-02T11:43:08.884+0000] {processor.py:208} INFO - Processing /opt/airflow/dags/main.py took 0.300 seconds
[2026-05-02T11:43:39.385+0000] {processor.py:186} INFO - Started process (PID=2475) to work on /opt/airflow/dags/main.py
[2026-05-02T11:43:39.387+0000] {processor.py:914} INFO - Processing file /opt/airflow/dags/main.py for tasks to queue
[2026-05-02T11:43:39.396+0000] {logging_mixin.py:190} INFO - [2026-05-02T11:43:39.395+0000] {dagbag.py:588} INFO - Filling up the DagBag from /opt/airflow/dags/main.py
[2026-05-02T11:43:39.599+0000] {processor.py:925} INFO - DAG(s) 'orders_kafka_to_s3' retrieved from /opt/airflow/dags/main.py
[2026-05-02T11:43:39.668+0000] {logging_mixin.py:190} INFO - [2026-05-02T11:43:39.668+0000] {dag.py:3239} INFO - Sync 1 DAGs
[2026-05-02T11:43:39.722+0000] {logging_mixin.py:190} INFO - [2026-05-02T11:43:39.722+0000] {dag.py:4180} INFO - Setting next_dagrun for orders_kafka_to_s3 to 2026-05-02 00:00:00+00:00, run_after=2026-05-03 00:00:00+00:00
[2026-05-02T11:43:39.771+0000] {processor.py:208} INFO - Processing /opt/airflow/dags/main.py took 0.396 seconds
[2026-05-02T11:44:09.935+0000] {processor.py:186} INFO - Started process (PID=2482) to work on /opt/airflow/dags/main.py
[2026-05-02T11:44:09.937+0000] {processor.py:914} INFO - Processing file /opt/airflow/dags/main.py for tasks to queue
[2026-05-02T11:44:09.942+0000] {logging_mixin.py:190} INFO - [2026-05-02T11:44:09.941+0000] {dagbag.py:588} INFO - Filling up the DagBag from /opt/airflow/dags/main.py
[2026-05-02T11:44:10.079+0000] {processor.py:925} INFO - DAG(s) 'orders_kafka_to_s3' retrieved from /opt/airflow/dags/main.py
[2026-05-02T11:44:10.108+0000] {logging_mixin.py:190} INFO - [2026-05-02T11:44:10.107+0000] {dag.py:3239} INFO - Sync 1 DAGs
[2026-05-02T11:44:10.133+0000] {logging_mixin.py:190} INFO - [2026-05-02T11:44:10.133+0000] {dag.py:4180} INFO - Setting next_dagrun for orders_kafka_to_s3 to 2026-05-02 00:00:00+00:00, run_after=2026-05-03 00:00:00+00:00
[2026-05-02T11:44:10.156+0000] {processor.py:208} INFO - Processing /opt/airflow/dags/main.py took 0.230 seconds
[2026-05-02T11:44:40.449+0000] {processor.py:186} INFO - Started process (PID=2489) to work on /opt/airflow/dags/main.py
[2026-05-02T11:44:40.452+0000] {processor.py:914} INFO - Processing file /opt/airflow/dags/main.py for tasks to queue
[2026-05-02T11:44:40.458+0000] {logging_mixin.py:190} INFO - [2026-05-02T11:44:40.457+0000] {dagbag.py:588} INFO - Filling up the DagBag from /opt/airflow/dags/main.py
[2026-05-02T11:44:40.657+0000] {processor.py:925} INFO - DAG(s) 'orders_kafka_to_s3' retrieved from /opt/airflow/dags/main.py
[2026-05-02T11:44:40.694+0000] {logging_mixin.py:190} INFO - [2026-05-02T11:44:40.694+0000] {dag.py:3239} INFO - Sync 1 DAGs
[2026-05-02T11:44:40.732+0000] {logging_mixin.py:190} INFO - [2026-05-02T11:44:40.732+0000] {dag.py:4180} INFO - Setting next_dagrun for orders_kafka_to_s3 to 2026-05-02 00:00:00+00:00, run_after=2026-05-03 00:00:00+00:00
[2026-05-02T11:44:40.758+0000] {processor.py:208} INFO - Processing /opt/airflow/dags/main.py took 0.323 seconds
[2026-05-02T11:45:11.237+0000] {processor.py:186} INFO - Started process (PID=2497) to work on /opt/airflow/dags/main.py
[2026-05-02T11:45:11.239+0000] {processor.py:914} INFO - Processing file /opt/airflow/dags/main.py for tasks to queue
[2026-05-02T11:45:11.243+0000] {logging_mixin.py:190} INFO - [2026-05-02T11:45:11.243+0000] {dagbag.py:588} INFO - Filling up the DagBag from /opt/airflow/dags/main.py
[2026-05-02T11:45:11.401+0000] {processor.py:925} INFO - DAG(s) 'orders_kafka_to_s3' retrieved from /opt/airflow/dags/main.py
[2026-05-02T11:45:11.459+0000] {logging_mixin.py:190} INFO - [2026-05-02T11:45:11.459+0000] {dag.py:3239} INFO - Sync 1 DAGs
[2026-05-02T11:45:11.523+0000] {logging_mixin.py:190} INFO - [2026-05-02T11:45:11.522+0000] {dag.py:4180} INFO - Setting next_dagrun for orders_kafka_to_s3 to 2026-05-02 00:00:00+00:00, run_after=2026-05-03 00:00:00+00:00
[2026-05-02T11:45:11.560+0000] {processor.py:208} INFO - Processing /opt/airflow/dags/main.py took 0.334 seconds
[2026-05-02T11:45:41.766+0000] {processor.py:186} INFO - Started process (PID=2504) to work on /opt/airflow/dags/main.py
[2026-05-02T11:45:41.769+0000] {processor.py:914} INFO - Processing file /opt/airflow/dags/main.py for tasks to queue
[2026-05-02T11:45:41.775+0000] {logging_mixin.py:190} INFO - [2026-05-02T11:45:41.774+0000] {dagbag.py:588} INFO - Filling up the DagBag from /opt/airflow/dags/main.py
[2026-05-02T11:45:41.989+0000] {processor.py:925} INFO - DAG(s) 'orders_kafka_to_s3' retrieved from /opt/airflow/dags/main.py
[2026-05-02T11:45:42.052+0000] {logging_mixin.py:190} INFO - [2026-05-02T11:45:42.052+0000] {dag.py:3239} INFO - Sync 1 DAGs
[2026-05-02T11:45:42.102+0000] {logging_mixin.py:190} INFO - [2026-05-02T11:45:42.102+0000] {dag.py:4180} INFO - Setting next_dagrun for orders_kafka_to_s3 to 2026-05-02 00:00:00+00:00, run_after=2026-05-03 00:00:00+00:00
[2026-05-02T11:45:42.132+0000] {processor.py:208} INFO - Processing /opt/airflow/dags/main.py took 0.381 seconds
[2026-05-02T11:46:12.665+0000] {processor.py:186} INFO - Started process (PID=2511) to work on /opt/airflow/dags/main.py
[2026-05-02T11:46:12.666+0000] {processor.py:914} INFO - Processing file /opt/airflow/dags/main.py for tasks to queue
[2026-05-02T11:46:12.671+0000] {logging_mixin.py:190} INFO - [2026-05-02T11:46:12.671+0000] {dagbag.py:588} INFO - Filling up the DagBag from /opt/airflow/dags/main.py
[2026-05-02T11:46:12.827+0000] {processor.py:925} INFO - DAG(s) 'orders_kafka_to_s3' retrieved from /opt/airflow/dags/main.py
[2026-05-02T11:46:12.863+0000] {logging_mixin.py:190} INFO - [2026-05-02T11:46:12.863+0000] {dag.py:3239} INFO - Sync 1 DAGs
[2026-05-02T11:46:12.896+0000] {logging_mixin.py:190} INFO - [2026-05-02T11:46:12.895+0000] {dag.py:4180} INFO - Setting next_dagrun for orders_kafka_to_s3 to 2026-05-02 00:00:00+00:00, run_after=2026-05-03 00:00:00+00:00
[2026-05-02T11:46:12.924+0000] {processor.py:208} INFO - Processing /opt/airflow/dags/main.py took 0.271 seconds
[2026-05-02T11:46:43.240+0000] {processor.py:186} INFO - Started process (PID=2518) to work on /opt/airflow/dags/main.py
[2026-05-02T11:46:43.244+0000] {processor.py:914} INFO - Processing file /opt/airflow/dags/main.py for tasks to queue
[2026-05-02T11:46:43.252+0000] {logging_mixin.py:190} INFO - [2026-05-02T11:46:43.251+0000] {dagbag.py:588} INFO - Filling up the DagBag from /opt/airflow/dags/main.py
[2026-05-02T11:46:43.457+0000] {processor.py:925} INFO - DAG(s) 'orders_kafka_to_s3' retrieved from /opt/airflow/dags/main.py
[2026-05-02T11:46:43.490+0000] {logging_mixin.py:190} INFO - [2026-05-02T11:46:43.490+0000] {dag.py:3239} INFO - Sync 1 DAGs
[2026-05-02T11:46:43.531+0000] {logging_mixin.py:190} INFO - [2026-05-02T11:46:43.530+0000] {dag.py:4180} INFO - Setting next_dagrun for orders_kafka_to_s3 to 2026-05-02 00:00:00+00:00, run_after=2026-05-03 00:00:00+00:00
[2026-05-02T11:46:43.575+0000] {processor.py:208} INFO - Processing /opt/airflow/dags/main.py took 0.355 seconds
[2026-05-02T11:47:13.859+0000] {processor.py:186} INFO - Started process (PID=2525) to work on /opt/airflow/dags/main.py
[2026-05-02T11:47:13.862+0000] {processor.py:914} INFO - Processing file /opt/airflow/dags/main.py for tasks to queue
[2026-05-02T11:47:13.869+0000] {logging_mixin.py:190} INFO - [2026-05-02T11:47:13.868+0000] {dagbag.py:588} INFO - Filling up the DagBag from /opt/airflow/dags/main.py
[2026-05-02T11:47:14.091+0000] {processor.py:925} INFO - DAG(s) 'orders_kafka_to_s3' retrieved from /opt/airflow/dags/main.py
[2026-05-02T11:47:14.132+0000] {logging_mixin.py:190} INFO - [2026-05-02T11:47:14.132+0000] {dag.py:3239} INFO - Sync 1 DAGs
[2026-05-02T11:47:14.195+0000] {logging_mixin.py:190} INFO - [2026-05-02T11:47:14.194+0000] {dag.py:4180} INFO - Setting next_dagrun for orders_kafka_to_s3 to 2026-05-02 00:00:00+00:00, run_after=2026-05-03 00:00:00+00:00
[2026-05-02T11:47:14.223+0000] {processor.py:208} INFO - Processing /opt/airflow/dags/main.py took 0.383 seconds
[2026-05-02T11:47:44.515+0000] {processor.py:186} INFO - Started process (PID=2537) to work on /opt/airflow/dags/main.py
[2026-05-02T11:47:44.518+0000] {processor.py:914} INFO - Processing file /opt/airflow/dags/main.py for tasks to queue
[2026-05-02T11:47:44.556+0000] {logging_mixin.py:190} INFO - [2026-05-02T11:47:44.555+0000] {dagbag.py:588} INFO - Filling up the DagBag from /opt/airflow/dags/main.py
[2026-05-02T11:47:44.737+0000] {processor.py:925} INFO - DAG(s) 'orders_kafka_to_s3' retrieved from /opt/airflow/dags/main.py
[2026-05-02T11:47:44.777+0000] {logging_mixin.py:190} INFO - [2026-05-02T11:47:44.776+0000] {dag.py:3239} INFO - Sync 1 DAGs
[2026-05-02T11:47:44.815+0000] {logging_mixin.py:190} INFO - [2026-05-02T11:47:44.815+0000] {dag.py:4180} INFO - Setting next_dagrun for orders_kafka_to_s3 to 2026-05-02 00:00:00+00:00, run_after=2026-05-03 00:00:00+00:00
[2026-05-02T11:47:44.853+0000] {processor.py:208} INFO - Processing /opt/airflow/dags/main.py took 0.353 seconds
[2026-05-02T11:48:15.146+0000] {processor.py:186} INFO - Started process (PID=2544) to work on /opt/airflow/dags/main.py
[2026-05-02T11:48:15.148+0000] {processor.py:914} INFO - Processing file /opt/airflow/dags/main.py for tasks to queue
[2026-05-02T11:48:15.153+0000] {logging_mixin.py:190} INFO - [2026-05-02T11:48:15.152+0000] {dagbag.py:588} INFO - Filling up the DagBag from /opt/airflow/dags/main.py
[2026-05-02T11:48:15.297+0000] {processor.py:925} INFO - DAG(s) 'orders_kafka_to_s3' retrieved from /opt/airflow/dags/main.py
[2026-05-02T11:48:15.332+0000] {logging_mixin.py:190} INFO - [2026-05-02T11:48:15.331+0000] {dag.py:3239} INFO - Sync 1 DAGs
[2026-05-02T11:48:15.363+0000] {logging_mixin.py:190} INFO - [2026-05-02T11:48:15.362+0000] {dag.py:4180} INFO - Setting next_dagrun for orders_kafka_to_s3 to 2026-05-02 00:00:00+00:00, run_after=2026-05-03 00:00:00+00:00
[2026-05-02T11:48:15.386+0000] {processor.py:208} INFO - Processing /opt/airflow/dags/main.py took 0.249 seconds
[2026-05-02T11:48:45.978+0000] {processor.py:186} INFO - Started process (PID=2551) to work on /opt/airflow/dags/main.py
[2026-05-02T11:48:45.979+0000] {processor.py:914} INFO - Processing file /opt/airflow/dags/main.py for tasks to queue
[2026-05-02T11:48:45.986+0000] {logging_mixin.py:190} INFO - [2026-05-02T11:48:45.985+0000] {dagbag.py:588} INFO - Filling up the DagBag from /opt/airflow/dags/main.py
[2026-05-02T11:48:46.195+0000] {processor.py:925} INFO - DAG(s) 'orders_kafka_to_s3' retrieved from /opt/airflow/dags/main.py
[2026-05-02T11:48:46.228+0000] {logging_mixin.py:190} INFO - [2026-05-02T11:48:46.228+0000] {dag.py:3239} INFO - Sync 1 DAGs
[2026-05-02T11:48:46.260+0000] {logging_mixin.py:190} INFO - [2026-05-02T11:48:46.259+0000] {dag.py:4180} INFO - Setting next_dagrun for orders_kafka_to_s3 to 2026-05-02 00:00:00+00:00, run_after=2026-05-03 00:00:00+00:00
[2026-05-02T11:48:46.296+0000] {processor.py:208} INFO - Processing /opt/airflow/dags/main.py took 0.329 seconds
[2026-05-02T11:49:16.619+0000] {processor.py:186} INFO - Started process (PID=2558) to work on /opt/airflow/dags/main.py
[2026-05-02T11:49:16.620+0000] {processor.py:914} INFO - Processing file /opt/airflow/dags/main.py for tasks to queue
[2026-05-02T11:49:16.624+0000] {logging_mixin.py:190} INFO - [2026-05-02T11:49:16.624+0000] {dagbag.py:588} INFO - Filling up the DagBag from /opt/airflow/dags/main.py
[2026-05-02T11:49:16.787+0000] {processor.py:925} INFO - DAG(s) 'orders_kafka_to_s3' retrieved from /opt/airflow/dags/main.py
[2026-05-02T11:49:16.847+0000] {logging_mixin.py:190} INFO - [2026-05-02T11:49:16.847+0000] {dag.py:3239} INFO - Sync 1 DAGs
[2026-05-02T11:49:16.878+0000] {logging_mixin.py:190} INFO - [2026-05-02T11:49:16.878+0000] {dag.py:4180} INFO - Setting next_dagrun for orders_kafka_to_s3 to 2026-05-02 00:00:00+00:00, run_after=2026-05-03 00:00:00+00:00
[2026-05-02T11:49:16.911+0000] {processor.py:208} INFO - Processing /opt/airflow/dags/main.py took 0.306 seconds
[2026-05-02T11:49:47.292+0000] {processor.py:186} INFO - Started process (PID=2565) to work on /opt/airflow/dags/main.py
[2026-05-02T11:49:47.294+0000] {processor.py:914} INFO - Processing file /opt/airflow/dags/main.py for tasks to queue
[2026-05-02T11:49:47.299+0000] {logging_mixin.py:190} INFO - [2026-05-02T11:49:47.298+0000] {dagbag.py:588} INFO - Filling up the DagBag from /opt/airflow/dags/main.py
[2026-05-02T11:49:47.449+0000] {processor.py:925} INFO - DAG(s) 'orders_kafka_to_s3' retrieved from /opt/airflow/dags/main.py
[2026-05-02T11:49:47.510+0000] {logging_mixin.py:190} INFO - [2026-05-02T11:49:47.510+0000] {dag.py:3239} INFO - Sync 1 DAGs
[2026-05-02T11:49:47.550+0000] {logging_mixin.py:190} INFO - [2026-05-02T11:49:47.550+0000] {dag.py:4180} INFO - Setting next_dagrun for orders_kafka_to_s3 to 2026-05-02 00:00:00+00:00, run_after=2026-05-03 00:00:00+00:00
[2026-05-02T11:49:47.598+0000] {processor.py:208} INFO - Processing /opt/airflow/dags/main.py took 0.316 seconds
[2026-05-02T11:50:17.889+0000] {processor.py:186} INFO - Started process (PID=2572) to work on /opt/airflow/dags/main.py
[2026-05-02T11:50:17.892+0000] {processor.py:914} INFO - Processing file /opt/airflow/dags/main.py for tasks to queue
[2026-05-02T11:50:17.899+0000] {logging_mixin.py:190} INFO - [2026-05-02T11:50:17.898+0000] {dagbag.py:588} INFO - Filling up the DagBag from /opt/airflow/dags/main.py
[2026-05-02T11:50:18.095+0000] {processor.py:925} INFO - DAG(s) 'orders_kafka_to_s3' retrieved from /opt/airflow/dags/main.py
[2026-05-02T11:50:18.125+0000] {logging_mixin.py:190} INFO - [2026-05-02T11:50:18.124+0000] {dag.py:3239} INFO - Sync 1 DAGs
[2026-05-02T11:50:18.160+0000] {logging_mixin.py:190} INFO - [2026-05-02T11:50:18.160+0000] {dag.py:4180} INFO - Setting next_dagrun for orders_kafka_to_s3 to 2026-05-02 00:00:00+00:00, run_after=2026-05-03 00:00:00+00:00
[2026-05-02T11:50:18.208+0000] {processor.py:208} INFO - Processing /opt/airflow/dags/main.py took 0.348 seconds
[2026-05-02T11:50:48.619+0000] {processor.py:186} INFO - Started process (PID=2579) to work on /opt/airflow/dags/main.py
[2026-05-02T11:50:48.621+0000] {processor.py:914} INFO - Processing file /opt/airflow/dags/main.py for tasks to queue
[2026-05-02T11:50:48.655+0000] {logging_mixin.py:190} INFO - [2026-05-02T11:50:48.654+0000] {dagbag.py:588} INFO - Filling up the DagBag from /opt/airflow/dags/main.py
[2026-05-02T11:50:48.841+0000] {processor.py:925} INFO - DAG(s) 'orders_kafka_to_s3' retrieved from /opt/airflow/dags/main.py
[2026-05-02T11:50:48.892+0000] {logging_mixin.py:190} INFO - [2026-05-02T11:50:48.891+0000] {dag.py:3239} INFO - Sync 1 DAGs
[2026-05-02T11:50:48.941+0000] {logging_mixin.py:190} INFO - [2026-05-02T11:50:48.940+0000] {dag.py:4180} INFO - Setting next_dagrun for orders_kafka_to_s3 to 2026-05-02 00:00:00+00:00, run_after=2026-05-03 00:00:00+00:00
[2026-05-02T11:50:48.969+0000] {processor.py:208} INFO - Processing /opt/airflow/dags/main.py took 0.361 seconds
[2026-05-02T11:51:19.252+0000] {processor.py:186} INFO - Started process (PID=2585) to work on /opt/airflow/dags/main.py
[2026-05-02T11:51:19.254+0000] {processor.py:914} INFO - Processing file /opt/airflow/dags/main.py for tasks to queue
[2026-05-02T11:51:19.258+0000] {logging_mixin.py:190} INFO - [2026-05-02T11:51:19.257+0000] {dagbag.py:588} INFO - Filling up the DagBag from /opt/airflow/dags/main.py
[2026-05-02T11:51:19.448+0000] {processor.py:925} INFO - DAG(s) 'orders_kafka_to_s3' retrieved from /opt/airflow/dags/main.py
[2026-05-02T11:51:19.495+0000] {logging_mixin.py:190} INFO - [2026-05-02T11:51:19.495+0000] {dag.py:3239} INFO - Sync 1 DAGs
[2026-05-02T11:51:19.525+0000] {logging_mixin.py:190} INFO - [2026-05-02T11:51:19.525+0000] {dag.py:4180} INFO - Setting next_dagrun for orders_kafka_to_s3 to 2026-05-02 00:00:00+00:00, run_after=2026-05-03 00:00:00+00:00
[2026-05-02T11:51:19.557+0000] {processor.py:208} INFO - Processing /opt/airflow/dags/main.py took 0.316 seconds
[2026-05-02T11:51:50.090+0000] {processor.py:186} INFO - Started process (PID=2592) to work on /opt/airflow/dags/main.py
[2026-05-02T11:51:50.093+0000] {processor.py:914} INFO - Processing file /opt/airflow/dags/main.py for tasks to queue
[2026-05-02T11:51:50.099+0000] {logging_mixin.py:190} INFO - [2026-05-02T11:51:50.098+0000] {dagbag.py:588} INFO - Filling up the DagBag from /opt/airflow/dags/main.py
[2026-05-02T11:51:50.298+0000] {processor.py:925} INFO - DAG(s) 'orders_kafka_to_s3' retrieved from /opt/airflow/dags/main.py
[2026-05-02T11:51:50.351+0000] {logging_mixin.py:190} INFO - [2026-05-02T11:51:50.351+0000] {dag.py:3239} INFO - Sync 1 DAGs
[2026-05-02T11:51:50.398+0000] {logging_mixin.py:190} INFO - [2026-05-02T11:51:50.397+0000] {dag.py:4180} INFO - Setting next_dagrun for orders_kafka_to_s3 to 2026-05-02 00:00:00+00:00, run_after=2026-05-03 00:00:00+00:00
[2026-05-02T11:51:50.435+0000] {processor.py:208} INFO - Processing /opt/airflow/dags/main.py took 0.359 seconds
[2026-05-02T11:52:20.703+0000] {processor.py:186} INFO - Started process (PID=2599) to work on /opt/airflow/dags/main.py
[2026-05-02T11:52:20.705+0000] {processor.py:914} INFO - Processing file /opt/airflow/dags/main.py for tasks to queue
[2026-05-02T11:52:20.710+0000] {logging_mixin.py:190} INFO - [2026-05-02T11:52:20.710+0000] {dagbag.py:588} INFO - Filling up the DagBag from /opt/airflow/dags/main.py
[2026-05-02T11:52:20.877+0000] {processor.py:925} INFO - DAG(s) 'orders_kafka_to_s3' retrieved from /opt/airflow/dags/main.py
[2026-05-02T11:52:20.919+0000] {logging_mixin.py:190} INFO - [2026-05-02T11:52:20.919+0000] {dag.py:3239} INFO - Sync 1 DAGs
[2026-05-02T11:52:20.953+0000] {logging_mixin.py:190} INFO - [2026-05-02T11:52:20.953+0000] {dag.py:4180} INFO - Setting next_dagrun for orders_kafka_to_s3 to 2026-05-02 00:00:00+00:00, run_after=2026-05-03 00:00:00+00:00
[2026-05-02T11:52:20.985+0000] {processor.py:208} INFO - Processing /opt/airflow/dags/main.py took 0.296 seconds
[2026-05-02T11:52:51.985+0000] {processor.py:186} INFO - Started process (PID=2606) to work on /opt/airflow/dags/main.py
[2026-05-02T11:52:51.987+0000] {processor.py:914} INFO - Processing file /opt/airflow/dags/main.py for tasks to queue
[2026-05-02T11:52:51.991+0000] {logging_mixin.py:190} INFO - [2026-05-02T11:52:51.990+0000] {dagbag.py:588} INFO - Filling up the DagBag from /opt/airflow/dags/main.py
[2026-05-02T11:52:52.132+0000] {processor.py:925} INFO - DAG(s) 'orders_kafka_to_s3' retrieved from /opt/airflow/dags/main.py
[2026-05-02T11:52:52.161+0000] {logging_mixin.py:190} INFO - [2026-05-02T11:52:52.160+0000] {dag.py:3239} INFO - Sync 1 DAGs
[2026-05-02T11:52:52.191+0000] {logging_mixin.py:190} INFO - [2026-05-02T11:52:52.190+0000] {dag.py:4180} INFO - Setting next_dagrun for orders_kafka_to_s3 to 2026-05-02 00:00:00+00:00, run_after=2026-05-03 00:00:00+00:00
[2026-05-02T11:52:52.228+0000] {processor.py:208} INFO - Processing /opt/airflow/dags/main.py took 0.251 seconds
[2026-05-02T11:53:22.351+0000] {processor.py:186} INFO - Started process (PID=2613) to work on /opt/airflow/dags/main.py
[2026-05-02T11:53:22.360+0000] {processor.py:914} INFO - Processing file /opt/airflow/dags/main.py for tasks to queue
[2026-05-02T11:53:22.368+0000] {logging_mixin.py:190} INFO - [2026-05-02T11:53:22.367+0000] {dagbag.py:588} INFO - Filling up the DagBag from /opt/airflow/dags/main.py
[2026-05-02T11:53:22.570+0000] {processor.py:925} INFO - DAG(s) 'orders_kafka_to_s3' retrieved from /opt/airflow/dags/main.py
[2026-05-02T11:53:22.604+0000] {logging_mixin.py:190} INFO - [2026-05-02T11:53:22.604+0000] {dag.py:3239} INFO - Sync 1 DAGs
[2026-05-02T11:53:22.642+0000] {logging_mixin.py:190} INFO - [2026-05-02T11:53:22.642+0000] {dag.py:4180} INFO - Setting next_dagrun for orders_kafka_to_s3 to 2026-05-02 00:00:00+00:00, run_after=2026-05-03 00:00:00+00:00
[2026-05-02T11:53:22.667+0000] {processor.py:208} INFO - Processing /opt/airflow/dags/main.py took 0.326 seconds
[2026-05-02T11:53:53.039+0000] {processor.py:186} INFO - Started process (PID=2620) to work on /opt/airflow/dags/main.py
[2026-05-02T11:53:53.042+0000] {processor.py:914} INFO - Processing file /opt/airflow/dags/main.py for tasks to queue
[2026-05-02T11:53:53.048+0000] {logging_mixin.py:190} INFO - [2026-05-02T11:53:53.047+0000] {dagbag.py:588} INFO - Filling up the DagBag from /opt/airflow/dags/main.py
[2026-05-02T11:53:53.272+0000] {processor.py:925} INFO - DAG(s) 'orders_kafka_to_s3' retrieved from /opt/airflow/dags/main.py
[2026-05-02T11:53:53.308+0000] {logging_mixin.py:190} INFO - [2026-05-02T11:53:53.307+0000] {dag.py:3239} INFO - Sync 1 DAGs
[2026-05-02T11:53:53.341+0000] {logging_mixin.py:190} INFO - [2026-05-02T11:53:53.340+0000] {dag.py:4180} INFO - Setting next_dagrun for orders_kafka_to_s3 to 2026-05-02 00:00:00+00:00, run_after=2026-05-03 00:00:00+00:00
[2026-05-02T11:53:53.369+0000] {processor.py:208} INFO - Processing /opt/airflow/dags/main.py took 0.347 seconds
[2026-05-02T11:54:23.584+0000] {processor.py:186} INFO - Started process (PID=2627) to work on /opt/airflow/dags/main.py
[2026-05-02T11:54:23.588+0000] {processor.py:914} INFO - Processing file /opt/airflow/dags/main.py for tasks to queue
[2026-05-02T11:54:23.596+0000] {logging_mixin.py:190} INFO - [2026-05-02T11:54:23.595+0000] {dagbag.py:588} INFO - Filling up the DagBag from /opt/airflow/dags/main.py
[2026-05-02T11:54:23.759+0000] {processor.py:925} INFO - DAG(s) 'orders_kafka_to_s3' retrieved from /opt/airflow/dags/main.py
[2026-05-02T11:54:23.791+0000] {logging_mixin.py:190} INFO - [2026-05-02T11:54:23.791+0000] {dag.py:3239} INFO - Sync 1 DAGs
[2026-05-02T11:54:23.837+0000] {logging_mixin.py:190} INFO - [2026-05-02T11:54:23.837+0000] {dag.py:4180} INFO - Setting next_dagrun for orders_kafka_to_s3 to 2026-05-02 00:00:00+00:00, run_after=2026-05-03 00:00:00+00:00
[2026-05-02T11:54:23.864+0000] {processor.py:208} INFO - Processing /opt/airflow/dags/main.py took 0.292 seconds
[2026-05-02T11:54:54.158+0000] {processor.py:186} INFO - Started process (PID=2634) to work on /opt/airflow/dags/main.py
[2026-05-02T11:54:54.160+0000] {processor.py:914} INFO - Processing file /opt/airflow/dags/main.py for tasks to queue
[2026-05-02T11:54:54.164+0000] {logging_mixin.py:190} INFO - [2026-05-02T11:54:54.163+0000] {dagbag.py:588} INFO - Filling up the DagBag from /opt/airflow/dags/main.py
[2026-05-02T11:54:54.315+0000] {processor.py:925} INFO - DAG(s) 'orders_kafka_to_s3' retrieved from /opt/airflow/dags/main.py
[2026-05-02T11:54:54.371+0000] {logging_mixin.py:190} INFO - [2026-05-02T11:54:54.371+0000] {dag.py:3239} INFO - Sync 1 DAGs
[2026-05-02T11:54:54.454+0000] {logging_mixin.py:190} INFO - [2026-05-02T11:54:54.453+0000] {dag.py:4180} INFO - Setting next_dagrun for orders_kafka_to_s3 to 2026-05-02 00:00:00+00:00, run_after=2026-05-03 00:00:00+00:00
[2026-05-02T11:54:54.505+0000] {processor.py:208} INFO - Processing /opt/airflow/dags/main.py took 0.356 seconds
[2026-05-02T11:55:25.143+0000] {processor.py:186} INFO - Started process (PID=2641) to work on /opt/airflow/dags/main.py
[2026-05-02T11:55:25.144+0000] {processor.py:914} INFO - Processing file /opt/airflow/dags/main.py for tasks to queue
[2026-05-02T11:55:25.149+0000] {logging_mixin.py:190} INFO - [2026-05-02T11:55:25.148+0000] {dagbag.py:588} INFO - Filling up the DagBag from /opt/airflow/dags/main.py
[2026-05-02T11:55:25.306+0000] {processor.py:925} INFO - DAG(s) 'orders_kafka_to_s3' retrieved from /opt/airflow/dags/main.py
[2026-05-02T11:55:25.337+0000] {logging_mixin.py:190} INFO - [2026-05-02T11:55:25.337+0000] {dag.py:3239} INFO - Sync 1 DAGs
[2026-05-02T11:55:25.364+0000] {logging_mixin.py:190} INFO - [2026-05-02T11:55:25.364+0000] {dag.py:4180} INFO - Setting next_dagrun for orders_kafka_to_s3 to 2026-05-02 00:00:00+00:00, run_after=2026-05-03 00:00:00+00:00
[2026-05-02T11:55:25.401+0000] {processor.py:208} INFO - Processing /opt/airflow/dags/main.py took 0.266 seconds
[2026-05-02T11:55:55.689+0000] {processor.py:186} INFO - Started process (PID=2648) to work on /opt/airflow/dags/main.py
[2026-05-02T11:55:55.692+0000] {processor.py:914} INFO - Processing file /opt/airflow/dags/main.py for tasks to queue
[2026-05-02T11:55:55.700+0000] {logging_mixin.py:190} INFO - [2026-05-02T11:55:55.700+0000] {dagbag.py:588} INFO - Filling up the DagBag from /opt/airflow/dags/main.py
[2026-05-02T11:55:55.858+0000] {processor.py:925} INFO - DAG(s) 'orders_kafka_to_s3' retrieved from /opt/airflow/dags/main.py
[2026-05-02T11:55:55.906+0000] {logging_mixin.py:190} INFO - [2026-05-02T11:55:55.906+0000] {dag.py:3239} INFO - Sync 1 DAGs
[2026-05-02T11:55:55.934+0000] {logging_mixin.py:190} INFO - [2026-05-02T11:55:55.934+0000] {dag.py:4180} INFO - Setting next_dagrun for orders_kafka_to_s3 to 2026-05-02 00:00:00+00:00, run_after=2026-05-03 00:00:00+00:00
[2026-05-02T11:55:55.961+0000] {processor.py:208} INFO - Processing /opt/airflow/dags/main.py took 0.294 seconds
[2026-05-02T11:56:26.366+0000] {processor.py:186} INFO - Started process (PID=2655) to work on /opt/airflow/dags/main.py
[2026-05-02T11:56:26.370+0000] {processor.py:914} INFO - Processing file /opt/airflow/dags/main.py for tasks to queue
[2026-05-02T11:56:26.376+0000] {logging_mixin.py:190} INFO - [2026-05-02T11:56:26.375+0000] {dagbag.py:588} INFO - Filling up the DagBag from /opt/airflow/dags/main.py
[2026-05-02T11:56:26.601+0000] {processor.py:925} INFO - DAG(s) 'orders_kafka_to_s3' retrieved from /opt/airflow/dags/main.py
[2026-05-02T11:56:26.654+0000] {logging_mixin.py:190} INFO - [2026-05-02T11:56:26.654+0000] {dag.py:3239} INFO - Sync 1 DAGs
[2026-05-02T11:56:26.684+0000] {logging_mixin.py:190} INFO - [2026-05-02T11:56:26.684+0000] {dag.py:4180} INFO - Setting next_dagrun for orders_kafka_to_s3 to 2026-05-02 00:00:00+00:00, run_after=2026-05-03 00:00:00+00:00
[2026-05-02T11:56:26.711+0000] {processor.py:208} INFO - Processing /opt/airflow/dags/main.py took 0.361 seconds
[2026-05-02T11:56:57.005+0000] {processor.py:186} INFO - Started process (PID=2662) to work on /opt/airflow/dags/main.py
[2026-05-02T11:56:57.007+0000] {processor.py:914} INFO - Processing file /opt/airflow/dags/main.py for tasks to queue
[2026-05-02T11:56:57.012+0000] {logging_mixin.py:190} INFO - [2026-05-02T11:56:57.012+0000] {dagbag.py:588} INFO - Filling up the DagBag from /opt/airflow/dags/main.py
[2026-05-02T11:56:57.220+0000] {processor.py:925} INFO - DAG(s) 'orders_kafka_to_s3' retrieved from /opt/airflow/dags/main.py
[2026-05-02T11:56:57.252+0000] {logging_mixin.py:190} INFO - [2026-05-02T11:56:57.251+0000] {dag.py:3239} INFO - Sync 1 DAGs
[2026-05-02T11:56:57.283+0000] {logging_mixin.py:190} INFO - [2026-05-02T11:56:57.282+0000] {dag.py:4180} INFO - Setting next_dagrun for orders_kafka_to_s3 to 2026-05-02 00:00:00+00:00, run_after=2026-05-03 00:00:00+00:00
[2026-05-02T11:56:57.311+0000] {processor.py:208} INFO - Processing /opt/airflow/dags/main.py took 0.323 seconds
[2026-05-02T11:57:27.778+0000] {processor.py:186} INFO - Started process (PID=2669) to work on /opt/airflow/dags/main.py
[2026-05-02T11:57:27.780+0000] {processor.py:914} INFO - Processing file /opt/airflow/dags/main.py for tasks to queue
[2026-05-02T11:57:27.786+0000] {logging_mixin.py:190} INFO - [2026-05-02T11:57:27.786+0000] {dagbag.py:588} INFO - Filling up the DagBag from /opt/airflow/dags/main.py
[2026-05-02T11:57:28.000+0000] {processor.py:925} INFO - DAG(s) 'orders_kafka_to_s3' retrieved from /opt/airflow/dags/main.py
[2026-05-02T11:57:28.033+0000] {logging_mixin.py:190} INFO - [2026-05-02T11:57:28.033+0000] {dag.py:3239} INFO - Sync 1 DAGs
[2026-05-02T11:57:28.062+0000] {logging_mixin.py:190} INFO - [2026-05-02T11:57:28.061+0000] {dag.py:4180} INFO - Setting next_dagrun for orders_kafka_to_s3 to 2026-05-02 00:00:00+00:00, run_after=2026-05-03 00:00:00+00:00
[2026-05-02T11:57:28.088+0000] {processor.py:208} INFO - Processing /opt/airflow/dags/main.py took 0.326 seconds
[2026-05-02T11:57:58.379+0000] {processor.py:186} INFO - Started process (PID=2676) to work on /opt/airflow/dags/main.py
[2026-05-02T11:57:58.381+0000] {processor.py:914} INFO - Processing file /opt/airflow/dags/main.py for tasks to queue
[2026-05-02T11:57:58.386+0000] {logging_mixin.py:190} INFO - [2026-05-02T11:57:58.386+0000] {dagbag.py:588} INFO - Filling up the DagBag from /opt/airflow/dags/main.py
[2026-05-02T11:57:58.523+0000] {processor.py:925} INFO - DAG(s) 'orders_kafka_to_s3' retrieved from /opt/airflow/dags/main.py
[2026-05-02T11:57:58.560+0000] {logging_mixin.py:190} INFO - [2026-05-02T11:57:58.560+0000] {dag.py:3239} INFO - Sync 1 DAGs
[2026-05-02T11:57:58.603+0000] {logging_mixin.py:190} INFO - [2026-05-02T11:57:58.603+0000] {dag.py:4180} INFO - Setting next_dagrun for orders_kafka_to_s3 to 2026-05-02 00:00:00+00:00, run_after=2026-05-03 00:00:00+00:00
[2026-05-02T11:57:58.636+0000] {processor.py:208} INFO - Processing /opt/airflow/dags/main.py took 0.274 seconds
[2026-05-02T11:58:29.189+0000] {processor.py:186} INFO - Started process (PID=2683) to work on /opt/airflow/dags/main.py
[2026-05-02T11:58:29.191+0000] {processor.py:914} INFO - Processing file /opt/airflow/dags/main.py for tasks to queue
[2026-05-02T11:58:29.196+0000] {logging_mixin.py:190} INFO - [2026-05-02T11:58:29.195+0000] {dagbag.py:588} INFO - Filling up the DagBag from /opt/airflow/dags/main.py
[2026-05-02T11:58:29.324+0000] {processor.py:925} INFO - DAG(s) 'orders_kafka_to_s3' retrieved from /opt/airflow/dags/main.py
[2026-05-02T11:58:29.354+0000] {logging_mixin.py:190} INFO - [2026-05-02T11:58:29.354+0000] {dag.py:3239} INFO - Sync 1 DAGs
[2026-05-02T11:58:29.384+0000] {logging_mixin.py:190} INFO - [2026-05-02T11:58:29.384+0000] {dag.py:4180} INFO - Setting next_dagrun for orders_kafka_to_s3 to 2026-05-02 00:00:00+00:00, run_after=2026-05-03 00:00:00+00:00
[2026-05-02T11:58:29.410+0000] {processor.py:208} INFO - Processing /opt/airflow/dags/main.py took 0.230 seconds
[2026-05-02T11:58:59.796+0000] {processor.py:186} INFO - Started process (PID=2690) to work on /opt/airflow/dags/main.py
[2026-05-02T11:58:59.798+0000] {processor.py:914} INFO - Processing file /opt/airflow/dags/main.py for tasks to queue
[2026-05-02T11:58:59.806+0000] {logging_mixin.py:190} INFO - [2026-05-02T11:58:59.805+0000] {dagbag.py:588} INFO - Filling up the DagBag from /opt/airflow/dags/main.py
[2026-05-02T11:59:00.006+0000] {processor.py:925} INFO - DAG(s) 'orders_kafka_to_s3' retrieved from /opt/airflow/dags/main.py
[2026-05-02T11:59:00.039+0000] {logging_mixin.py:190} INFO - [2026-05-02T11:59:00.038+0000] {dag.py:3239} INFO - Sync 1 DAGs
[2026-05-02T11:59:00.073+0000] {logging_mixin.py:190} INFO - [2026-05-02T11:59:00.073+0000] {dag.py:4180} INFO - Setting next_dagrun for orders_kafka_to_s3 to 2026-05-02 00:00:00+00:00, run_after=2026-05-03 00:00:00+00:00
[2026-05-02T11:59:00.116+0000] {processor.py:208} INFO - Processing /opt/airflow/dags/main.py took 0.339 seconds
[2026-05-02T11:59:30.445+0000] {processor.py:186} INFO - Started process (PID=2697) to work on /opt/airflow/dags/main.py
[2026-05-02T11:59:30.447+0000] {processor.py:914} INFO - Processing file /opt/airflow/dags/main.py for tasks to queue
[2026-05-02T11:59:30.450+0000] {logging_mixin.py:190} INFO - [2026-05-02T11:59:30.450+0000] {dagbag.py:588} INFO - Filling up the DagBag from /opt/airflow/dags/main.py
[2026-05-02T11:59:30.580+0000] {processor.py:925} INFO - DAG(s) 'orders_kafka_to_s3' retrieved from /opt/airflow/dags/main.py
[2026-05-02T11:59:30.612+0000] {logging_mixin.py:190} INFO - [2026-05-02T11:59:30.612+0000] {dag.py:3239} INFO - Sync 1 DAGs
[2026-05-02T11:59:30.640+0000] {logging_mixin.py:190} INFO - [2026-05-02T11:59:30.640+0000] {dag.py:4180} INFO - Setting next_dagrun for orders_kafka_to_s3 to 2026-05-02 00:00:00+00:00, run_after=2026-05-03 00:00:00+00:00
[2026-05-02T11:59:30.677+0000] {processor.py:208} INFO - Processing /opt/airflow/dags/main.py took 0.241 seconds
[2026-05-02T12:00:01.249+0000] {processor.py:186} INFO - Started process (PID=2704) to work on /opt/airflow/dags/main.py
[2026-05-02T12:00:01.251+0000] {processor.py:914} INFO - Processing file /opt/airflow/dags/main.py for tasks to queue
[2026-05-02T12:00:01.256+0000] {logging_mixin.py:190} INFO - [2026-05-02T12:00:01.255+0000] {dagbag.py:588} INFO - Filling up the DagBag from /opt/airflow/dags/main.py
[2026-05-02T12:00:01.389+0000] {processor.py:925} INFO - DAG(s) 'orders_kafka_to_s3' retrieved from /opt/airflow/dags/main.py
[2026-05-02T12:00:01.417+0000] {logging_mixin.py:190} INFO - [2026-05-02T12:00:01.417+0000] {dag.py:3239} INFO - Sync 1 DAGs
[2026-05-02T12:00:01.445+0000] {logging_mixin.py:190} INFO - [2026-05-02T12:00:01.445+0000] {dag.py:4180} INFO - Setting next_dagrun for orders_kafka_to_s3 to 2026-05-02 00:00:00+00:00, run_after=2026-05-03 00:00:00+00:00
[2026-05-02T12:00:01.472+0000] {processor.py:208} INFO - Processing /opt/airflow/dags/main.py took 0.233 seconds
[2026-05-02T12:00:31.981+0000] {processor.py:186} INFO - Started process (PID=2711) to work on /opt/airflow/dags/main.py
[2026-05-02T12:00:31.984+0000] {processor.py:914} INFO - Processing file /opt/airflow/dags/main.py for tasks to queue
[2026-05-02T12:00:31.991+0000] {logging_mixin.py:190} INFO - [2026-05-02T12:00:31.991+0000] {dagbag.py:588} INFO - Filling up the DagBag from /opt/airflow/dags/main.py
[2026-05-02T12:00:32.191+0000] {processor.py:925} INFO - DAG(s) 'orders_kafka_to_s3' retrieved from /opt/airflow/dags/main.py
[2026-05-02T12:00:32.221+0000] {logging_mixin.py:190} INFO - [2026-05-02T12:00:32.221+0000] {dag.py:3239} INFO - Sync 1 DAGs
[2026-05-02T12:00:32.250+0000] {logging_mixin.py:190} INFO - [2026-05-02T12:00:32.250+0000] {dag.py:4180} INFO - Setting next_dagrun for orders_kafka_to_s3 to 2026-05-02 00:00:00+00:00, run_after=2026-05-03 00:00:00+00:00
[2026-05-02T12:00:32.281+0000] {processor.py:208} INFO - Processing /opt/airflow/dags/main.py took 0.324 seconds
[2026-05-02T12:01:02.666+0000] {processor.py:186} INFO - Started process (PID=2718) to work on /opt/airflow/dags/main.py
[2026-05-02T12:01:02.669+0000] {processor.py:914} INFO - Processing file /opt/airflow/dags/main.py for tasks to queue
[2026-05-02T12:01:02.676+0000] {logging_mixin.py:190} INFO - [2026-05-02T12:01:02.675+0000] {dagbag.py:588} INFO - Filling up the DagBag from /opt/airflow/dags/main.py
[2026-05-02T12:01:02.859+0000] {processor.py:925} INFO - DAG(s) 'orders_kafka_to_s3' retrieved from /opt/airflow/dags/main.py
[2026-05-02T12:01:02.922+0000] {logging_mixin.py:190} INFO - [2026-05-02T12:01:02.922+0000] {dag.py:3239} INFO - Sync 1 DAGs
[2026-05-02T12:01:02.954+0000] {logging_mixin.py:190} INFO - [2026-05-02T12:01:02.954+0000] {dag.py:4180} INFO - Setting next_dagrun for orders_kafka_to_s3 to 2026-05-02 00:00:00+00:00, run_after=2026-05-03 00:00:00+00:00
[2026-05-02T12:01:02.979+0000] {processor.py:208} INFO - Processing /opt/airflow/dags/main.py took 0.332 seconds
[2026-05-02T12:01:33.145+0000] {processor.py:186} INFO - Started process (PID=2725) to work on /opt/airflow/dags/main.py
[2026-05-02T12:01:33.147+0000] {processor.py:914} INFO - Processing file /opt/airflow/dags/main.py for tasks to queue
[2026-05-02T12:01:33.154+0000] {logging_mixin.py:190} INFO - [2026-05-02T12:01:33.153+0000] {dagbag.py:588} INFO - Filling up the DagBag from /opt/airflow/dags/main.py
[2026-05-02T12:01:33.352+0000] {processor.py:925} INFO - DAG(s) 'orders_kafka_to_s3' retrieved from /opt/airflow/dags/main.py
[2026-05-02T12:01:33.385+0000] {logging_mixin.py:190} INFO - [2026-05-02T12:01:33.385+0000] {dag.py:3239} INFO - Sync 1 DAGs
[2026-05-02T12:01:33.414+0000] {logging_mixin.py:190} INFO - [2026-05-02T12:01:33.414+0000] {dag.py:4180} INFO - Setting next_dagrun for orders_kafka_to_s3 to 2026-05-02 00:00:00+00:00, run_after=2026-05-03 00:00:00+00:00
[2026-05-02T12:01:33.447+0000] {processor.py:208} INFO - Processing /opt/airflow/dags/main.py took 0.322 seconds
[2026-05-02T12:02:03.679+0000] {processor.py:186} INFO - Started process (PID=2732) to work on /opt/airflow/dags/main.py
[2026-05-02T12:02:03.685+0000] {processor.py:914} INFO - Processing file /opt/airflow/dags/main.py for tasks to queue
[2026-05-02T12:02:03.699+0000] {logging_mixin.py:190} INFO - [2026-05-02T12:02:03.697+0000] {dagbag.py:588} INFO - Filling up the DagBag from /opt/airflow/dags/main.py
[2026-05-02T12:02:04.019+0000] {processor.py:925} INFO - DAG(s) 'orders_kafka_to_s3' retrieved from /opt/airflow/dags/main.py
[2026-05-02T12:02:04.051+0000] {logging_mixin.py:190} INFO - [2026-05-02T12:02:04.051+0000] {dag.py:3239} INFO - Sync 1 DAGs
[2026-05-02T12:02:04.083+0000] {logging_mixin.py:190} INFO - [2026-05-02T12:02:04.082+0000] {dag.py:4180} INFO - Setting next_dagrun for orders_kafka_to_s3 to 2026-05-02 00:00:00+00:00, run_after=2026-05-03 00:00:00+00:00
[2026-05-02T12:02:04.111+0000] {processor.py:208} INFO - Processing /opt/airflow/dags/main.py took 0.471 seconds
[2026-05-02T12:02:34.379+0000] {processor.py:186} INFO - Started process (PID=2739) to work on /opt/airflow/dags/main.py
[2026-05-02T12:02:34.380+0000] {processor.py:914} INFO - Processing file /opt/airflow/dags/main.py for tasks to queue
[2026-05-02T12:02:34.384+0000] {logging_mixin.py:190} INFO - [2026-05-02T12:02:34.384+0000] {dagbag.py:588} INFO - Filling up the DagBag from /opt/airflow/dags/main.py
[2026-05-02T12:02:34.535+0000] {processor.py:925} INFO - DAG(s) 'orders_kafka_to_s3' retrieved from /opt/airflow/dags/main.py
[2026-05-02T12:02:34.569+0000] {logging_mixin.py:190} INFO - [2026-05-02T12:02:34.569+0000] {dag.py:3239} INFO - Sync 1 DAGs
[2026-05-02T12:02:34.602+0000] {logging_mixin.py:190} INFO - [2026-05-02T12:02:34.602+0000] {dag.py:4180} INFO - Setting next_dagrun for orders_kafka_to_s3 to 2026-05-02 00:00:00+00:00, run_after=2026-05-03 00:00:00+00:00
[2026-05-02T12:02:34.634+0000] {processor.py:208} INFO - Processing /opt/airflow/dags/main.py took 0.264 seconds
[2026-05-02T12:03:05.010+0000] {processor.py:186} INFO - Started process (PID=2746) to work on /opt/airflow/dags/main.py
[2026-05-02T12:03:05.013+0000] {processor.py:914} INFO - Processing file /opt/airflow/dags/main.py for tasks to queue
[2026-05-02T12:03:05.019+0000] {logging_mixin.py:190} INFO - [2026-05-02T12:03:05.019+0000] {dagbag.py:588} INFO - Filling up the DagBag from /opt/airflow/dags/main.py
[2026-05-02T12:03:05.184+0000] {processor.py:925} INFO - DAG(s) 'orders_kafka_to_s3' retrieved from /opt/airflow/dags/main.py
[2026-05-02T12:03:05.226+0000] {logging_mixin.py:190} INFO - [2026-05-02T12:03:05.225+0000] {dag.py:3239} INFO - Sync 1 DAGs
[2026-05-02T12:03:05.274+0000] {logging_mixin.py:190} INFO - [2026-05-02T12:03:05.274+0000] {dag.py:4180} INFO - Setting next_dagrun for orders_kafka_to_s3 to 2026-05-02 00:00:00+00:00, run_after=2026-05-03 00:00:00+00:00
[2026-05-02T12:03:05.302+0000] {processor.py:208} INFO - Processing /opt/airflow/dags/main.py took 0.310 seconds
[2026-05-02T12:03:35.512+0000] {processor.py:186} INFO - Started process (PID=2753) to work on /opt/airflow/dags/main.py
[2026-05-02T12:03:35.514+0000] {processor.py:914} INFO - Processing file /opt/airflow/dags/main.py for tasks to queue
[2026-05-02T12:03:35.520+0000] {logging_mixin.py:190} INFO - [2026-05-02T12:03:35.519+0000] {dagbag.py:588} INFO - Filling up the DagBag from /opt/airflow/dags/main.py
[2026-05-02T12:03:35.743+0000] {processor.py:925} INFO - DAG(s) 'orders_kafka_to_s3' retrieved from /opt/airflow/dags/main.py
[2026-05-02T12:03:35.816+0000] {logging_mixin.py:190} INFO - [2026-05-02T12:03:35.815+0000] {dag.py:3239} INFO - Sync 1 DAGs
[2026-05-02T12:03:35.845+0000] {logging_mixin.py:190} INFO - [2026-05-02T12:03:35.845+0000] {dag.py:4180} INFO - Setting next_dagrun for orders_kafka_to_s3 to 2026-05-02 00:00:00+00:00, run_after=2026-05-03 00:00:00+00:00
[2026-05-02T12:03:35.886+0000] {processor.py:208} INFO - Processing /opt/airflow/dags/main.py took 0.387 seconds
[2026-05-02T12:04:06.382+0000] {processor.py:186} INFO - Started process (PID=2761) to work on /opt/airflow/dags/main.py
[2026-05-02T12:04:06.383+0000] {processor.py:914} INFO - Processing file /opt/airflow/dags/main.py for tasks to queue
[2026-05-02T12:04:06.388+0000] {logging_mixin.py:190} INFO - [2026-05-02T12:04:06.387+0000] {dagbag.py:588} INFO - Filling up the DagBag from /opt/airflow/dags/main.py
[2026-05-02T12:04:06.526+0000] {processor.py:925} INFO - DAG(s) 'orders_kafka_to_s3' retrieved from /opt/airflow/dags/main.py
[2026-05-02T12:04:06.555+0000] {logging_mixin.py:190} INFO - [2026-05-02T12:04:06.555+0000] {dag.py:3239} INFO - Sync 1 DAGs
[2026-05-02T12:04:06.581+0000] {logging_mixin.py:190} INFO - [2026-05-02T12:04:06.581+0000] {dag.py:4180} INFO - Setting next_dagrun for orders_kafka_to_s3 to 2026-05-02 00:00:00+00:00, run_after=2026-05-03 00:00:00+00:00
[2026-05-02T12:04:06.613+0000] {processor.py:208} INFO - Processing /opt/airflow/dags/main.py took 0.241 seconds
[2026-05-02T12:04:37.003+0000] {processor.py:186} INFO - Started process (PID=2768) to work on /opt/airflow/dags/main.py
[2026-05-02T12:04:37.006+0000] {processor.py:914} INFO - Processing file /opt/airflow/dags/main.py for tasks to queue
[2026-05-02T12:04:37.014+0000] {logging_mixin.py:190} INFO - [2026-05-02T12:04:37.013+0000] {dagbag.py:588} INFO - Filling up the DagBag from /opt/airflow/dags/main.py
[2026-05-02T12:04:37.202+0000] {processor.py:925} INFO - DAG(s) 'orders_kafka_to_s3' retrieved from /opt/airflow/dags/main.py
[2026-05-02T12:04:37.230+0000] {logging_mixin.py:190} INFO - [2026-05-02T12:04:37.229+0000] {dag.py:3239} INFO - Sync 1 DAGs
[2026-05-02T12:04:37.260+0000] {logging_mixin.py:190} INFO - [2026-05-02T12:04:37.260+0000] {dag.py:4180} INFO - Setting next_dagrun for orders_kafka_to_s3 to 2026-05-02 00:00:00+00:00, run_after=2026-05-03 00:00:00+00:00
[2026-05-02T12:04:37.292+0000] {processor.py:208} INFO - Processing /opt/airflow/dags/main.py took 0.307 seconds
[2026-05-02T12:05:07.882+0000] {processor.py:186} INFO - Started process (PID=2775) to work on /opt/airflow/dags/main.py
[2026-05-02T12:05:07.884+0000] {processor.py:914} INFO - Processing file /opt/airflow/dags/main.py for tasks to queue
[2026-05-02T12:05:07.888+0000] {logging_mixin.py:190} INFO - [2026-05-02T12:05:07.887+0000] {dagbag.py:588} INFO - Filling up the DagBag from /opt/airflow/dags/main.py
[2026-05-02T12:05:08.024+0000] {processor.py:925} INFO - DAG(s) 'orders_kafka_to_s3' retrieved from /opt/airflow/dags/main.py
[2026-05-02T12:05:08.055+0000] {logging_mixin.py:190} INFO - [2026-05-02T12:05:08.055+0000] {dag.py:3239} INFO - Sync 1 DAGs
[2026-05-02T12:05:08.084+0000] {logging_mixin.py:190} INFO - [2026-05-02T12:05:08.084+0000] {dag.py:4180} INFO - Setting next_dagrun for orders_kafka_to_s3 to 2026-05-02 00:00:00+00:00, run_after=2026-05-03 00:00:00+00:00
[2026-05-02T12:05:08.121+0000] {processor.py:208} INFO - Processing /opt/airflow/dags/main.py took 0.250 seconds
[2026-05-02T12:05:38.469+0000] {processor.py:186} INFO - Started process (PID=2782) to work on /opt/airflow/dags/main.py
[2026-05-02T12:05:38.471+0000] {processor.py:914} INFO - Processing file /opt/airflow/dags/main.py for tasks to queue
[2026-05-02T12:05:38.477+0000] {logging_mixin.py:190} INFO - [2026-05-02T12:05:38.477+0000] {dagbag.py:588} INFO - Filling up the DagBag from /opt/airflow/dags/main.py
[2026-05-02T12:05:38.615+0000] {processor.py:925} INFO - DAG(s) 'orders_kafka_to_s3' retrieved from /opt/airflow/dags/main.py
[2026-05-02T12:05:38.644+0000] {logging_mixin.py:190} INFO - [2026-05-02T12:05:38.643+0000] {dag.py:3239} INFO - Sync 1 DAGs
[2026-05-02T12:05:38.673+0000] {logging_mixin.py:190} INFO - [2026-05-02T12:05:38.673+0000] {dag.py:4180} INFO - Setting next_dagrun for orders_kafka_to_s3 to 2026-05-02 00:00:00+00:00, run_after=2026-05-03 00:00:00+00:00
[2026-05-02T12:05:38.698+0000] {processor.py:208} INFO - Processing /opt/airflow/dags/main.py took 0.251 seconds
[2026-05-02T12:06:09.121+0000] {processor.py:186} INFO - Started process (PID=2789) to work on /opt/airflow/dags/main.py
[2026-05-02T12:06:09.129+0000] {processor.py:914} INFO - Processing file /opt/airflow/dags/main.py for tasks to queue
[2026-05-02T12:06:09.148+0000] {logging_mixin.py:190} INFO - [2026-05-02T12:06:09.147+0000] {dagbag.py:588} INFO - Filling up the DagBag from /opt/airflow/dags/main.py
[2026-05-02T12:06:09.321+0000] {processor.py:925} INFO - DAG(s) 'orders_kafka_to_s3' retrieved from /opt/airflow/dags/main.py
[2026-05-02T12:06:09.348+0000] {logging_mixin.py:190} INFO - [2026-05-02T12:06:09.348+0000] {dag.py:3239} INFO - Sync 1 DAGs
[2026-05-02T12:06:09.384+0000] {logging_mixin.py:190} INFO - [2026-05-02T12:06:09.384+0000] {dag.py:4180} INFO - Setting next_dagrun for orders_kafka_to_s3 to 2026-05-02 00:00:00+00:00, run_after=2026-05-03 00:00:00+00:00
[2026-05-02T12:06:09.405+0000] {processor.py:208} INFO - Processing /opt/airflow/dags/main.py took 0.290 seconds
[2026-05-02T12:06:39.635+0000] {processor.py:186} INFO - Started process (PID=2796) to work on /opt/airflow/dags/main.py
[2026-05-02T12:06:39.637+0000] {processor.py:914} INFO - Processing file /opt/airflow/dags/main.py for tasks to queue
[2026-05-02T12:06:39.643+0000] {logging_mixin.py:190} INFO - [2026-05-02T12:06:39.642+0000] {dagbag.py:588} INFO - Filling up the DagBag from /opt/airflow/dags/main.py
[2026-05-02T12:06:39.843+0000] {processor.py:925} INFO - DAG(s) 'orders_kafka_to_s3' retrieved from /opt/airflow/dags/main.py
[2026-05-02T12:06:39.885+0000] {logging_mixin.py:190} INFO - [2026-05-02T12:06:39.885+0000] {dag.py:3239} INFO - Sync 1 DAGs
[2026-05-02T12:06:39.923+0000] {logging_mixin.py:190} INFO - [2026-05-02T12:06:39.923+0000] {dag.py:4180} INFO - Setting next_dagrun for orders_kafka_to_s3 to 2026-05-02 00:00:00+00:00, run_after=2026-05-03 00:00:00+00:00
[2026-05-02T12:06:39.956+0000] {processor.py:208} INFO - Processing /opt/airflow/dags/main.py took 0.338 seconds
[2026-05-02T12:07:10.285+0000] {processor.py:186} INFO - Started process (PID=2803) to work on /opt/airflow/dags/main.py
[2026-05-02T12:07:10.288+0000] {processor.py:914} INFO - Processing file /opt/airflow/dags/main.py for tasks to queue
[2026-05-02T12:07:10.293+0000] {logging_mixin.py:190} INFO - [2026-05-02T12:07:10.292+0000] {dagbag.py:588} INFO - Filling up the DagBag from /opt/airflow/dags/main.py
[2026-05-02T12:07:10.448+0000] {processor.py:925} INFO - DAG(s) 'orders_kafka_to_s3' retrieved from /opt/airflow/dags/main.py
[2026-05-02T12:07:10.484+0000] {logging_mixin.py:190} INFO - [2026-05-02T12:07:10.484+0000] {dag.py:3239} INFO - Sync 1 DAGs
[2026-05-02T12:07:10.516+0000] {logging_mixin.py:190} INFO - [2026-05-02T12:07:10.516+0000] {dag.py:4180} INFO - Setting next_dagrun for orders_kafka_to_s3 to 2026-05-02 00:00:00+00:00, run_after=2026-05-03 00:00:00+00:00
[2026-05-02T12:07:10.544+0000] {processor.py:208} INFO - Processing /opt/airflow/dags/main.py took 0.269 seconds
[2026-05-02T12:07:41.099+0000] {processor.py:186} INFO - Started process (PID=2810) to work on /opt/airflow/dags/main.py
[2026-05-02T12:07:41.101+0000] {processor.py:914} INFO - Processing file /opt/airflow/dags/main.py for tasks to queue
[2026-05-02T12:07:41.107+0000] {logging_mixin.py:190} INFO - [2026-05-02T12:07:41.106+0000] {dagbag.py:588} INFO - Filling up the DagBag from /opt/airflow/dags/main.py
[2026-05-02T12:07:41.258+0000] {processor.py:925} INFO - DAG(s) 'orders_kafka_to_s3' retrieved from /opt/airflow/dags/main.py
[2026-05-02T12:07:41.291+0000] {logging_mixin.py:190} INFO - [2026-05-02T12:07:41.291+0000] {dag.py:3239} INFO - Sync 1 DAGs
[2026-05-02T12:07:41.321+0000] {logging_mixin.py:190} INFO - [2026-05-02T12:07:41.321+0000] {dag.py:4180} INFO - Setting next_dagrun for orders_kafka_to_s3 to 2026-05-02 00:00:00+00:00, run_after=2026-05-03 00:00:00+00:00
[2026-05-02T12:07:41.355+0000] {processor.py:208} INFO - Processing /opt/airflow/dags/main.py took 0.266 seconds
[2026-05-02T12:08:11.611+0000] {processor.py:186} INFO - Started process (PID=2817) to work on /opt/airflow/dags/main.py
[2026-05-02T12:08:11.613+0000] {processor.py:914} INFO - Processing file /opt/airflow/dags/main.py for tasks to queue
[2026-05-02T12:08:11.620+0000] {logging_mixin.py:190} INFO - [2026-05-02T12:08:11.619+0000] {dagbag.py:588} INFO - Filling up the DagBag from /opt/airflow/dags/main.py
[2026-05-02T12:08:11.785+0000] {processor.py:925} INFO - DAG(s) 'orders_kafka_to_s3' retrieved from /opt/airflow/dags/main.py
[2026-05-02T12:08:11.834+0000] {logging_mixin.py:190} INFO - [2026-05-02T12:08:11.833+0000] {dag.py:3239} INFO - Sync 1 DAGs
[2026-05-02T12:08:11.871+0000] {logging_mixin.py:190} INFO - [2026-05-02T12:08:11.871+0000] {dag.py:4180} INFO - Setting next_dagrun for orders_kafka_to_s3 to 2026-05-02 00:00:00+00:00, run_after=2026-05-03 00:00:00+00:00
[2026-05-02T12:08:11.902+0000] {processor.py:208} INFO - Processing /opt/airflow/dags/main.py took 0.314 seconds
[2026-05-02T12:08:42.376+0000] {processor.py:186} INFO - Started process (PID=2824) to work on /opt/airflow/dags/main.py
[2026-05-02T12:08:42.378+0000] {processor.py:914} INFO - Processing file /opt/airflow/dags/main.py for tasks to queue
[2026-05-02T12:08:42.387+0000] {logging_mixin.py:190} INFO - [2026-05-02T12:08:42.386+0000] {dagbag.py:588} INFO - Filling up the DagBag from /opt/airflow/dags/main.py
[2026-05-02T12:08:42.644+0000] {processor.py:925} INFO - DAG(s) 'orders_kafka_to_s3' retrieved from /opt/airflow/dags/main.py
[2026-05-02T12:08:42.679+0000] {logging_mixin.py:190} INFO - [2026-05-02T12:08:42.679+0000] {dag.py:3239} INFO - Sync 1 DAGs
[2026-05-02T12:08:42.712+0000] {logging_mixin.py:190} INFO - [2026-05-02T12:08:42.712+0000] {dag.py:4180} INFO - Setting next_dagrun for orders_kafka_to_s3 to 2026-05-02 00:00:00+00:00, run_after=2026-05-03 00:00:00+00:00
[2026-05-02T12:08:42.741+0000] {processor.py:208} INFO - Processing /opt/airflow/dags/main.py took 0.382 seconds
[2026-05-02T12:09:12.890+0000] {processor.py:186} INFO - Started process (PID=2831) to work on /opt/airflow/dags/main.py
[2026-05-02T12:09:12.892+0000] {processor.py:914} INFO - Processing file /opt/airflow/dags/main.py for tasks to queue
[2026-05-02T12:09:12.897+0000] {logging_mixin.py:190} INFO - [2026-05-02T12:09:12.896+0000] {dagbag.py:588} INFO - Filling up the DagBag from /opt/airflow/dags/main.py
[2026-05-02T12:09:13.067+0000] {processor.py:925} INFO - DAG(s) 'orders_kafka_to_s3' retrieved from /opt/airflow/dags/main.py
[2026-05-02T12:09:13.121+0000] {logging_mixin.py:190} INFO - [2026-05-02T12:09:13.121+0000] {dag.py:3239} INFO - Sync 1 DAGs
[2026-05-02T12:09:13.161+0000] {logging_mixin.py:190} INFO - [2026-05-02T12:09:13.160+0000] {dag.py:4180} INFO - Setting next_dagrun for orders_kafka_to_s3 to 2026-05-02 00:00:00+00:00, run_after=2026-05-03 00:00:00+00:00
[2026-05-02T12:09:13.186+0000] {processor.py:208} INFO - Processing /opt/airflow/dags/main.py took 0.317 seconds
[2026-05-02T12:09:44.249+0000] {processor.py:186} INFO - Started process (PID=2838) to work on /opt/airflow/dags/main.py
[2026-05-02T12:09:44.252+0000] {processor.py:914} INFO - Processing file /opt/airflow/dags/main.py for tasks to queue
[2026-05-02T12:09:44.256+0000] {logging_mixin.py:190} INFO - [2026-05-02T12:09:44.255+0000] {dagbag.py:588} INFO - Filling up the DagBag from /opt/airflow/dags/main.py
[2026-05-02T12:09:44.473+0000] {processor.py:925} INFO - DAG(s) 'orders_kafka_to_s3' retrieved from /opt/airflow/dags/main.py
[2026-05-02T12:09:44.554+0000] {logging_mixin.py:190} INFO - [2026-05-02T12:09:44.553+0000] {dag.py:3239} INFO - Sync 1 DAGs
[2026-05-02T12:09:44.616+0000] {logging_mixin.py:190} INFO - [2026-05-02T12:09:44.616+0000] {dag.py:4180} INFO - Setting next_dagrun for orders_kafka_to_s3 to 2026-05-02 00:00:00+00:00, run_after=2026-05-03 00:00:00+00:00
[2026-05-02T12:09:44.644+0000] {processor.py:208} INFO - Processing /opt/airflow/dags/main.py took 0.898 seconds
[2026-05-02T12:10:15.808+0000] {processor.py:186} INFO - Started process (PID=2845) to work on /opt/airflow/dags/main.py
[2026-05-02T12:10:15.810+0000] {processor.py:914} INFO - Processing file /opt/airflow/dags/main.py for tasks to queue
[2026-05-02T12:10:15.815+0000] {logging_mixin.py:190} INFO - [2026-05-02T12:10:15.814+0000] {dagbag.py:588} INFO - Filling up the DagBag from /opt/airflow/dags/main.py
[2026-05-02T12:10:15.981+0000] {processor.py:925} INFO - DAG(s) 'orders_kafka_to_s3' retrieved from /opt/airflow/dags/main.py
[2026-05-02T12:10:16.044+0000] {logging_mixin.py:190} INFO - [2026-05-02T12:10:16.044+0000] {dag.py:3239} INFO - Sync 1 DAGs
[2026-05-02T12:10:16.107+0000] {logging_mixin.py:190} INFO - [2026-05-02T12:10:16.106+0000] {dag.py:4180} INFO - Setting next_dagrun for orders_kafka_to_s3 to 2026-05-02 00:00:00+00:00, run_after=2026-05-03 00:00:00+00:00
[2026-05-02T12:10:16.156+0000] {processor.py:208} INFO - Processing /opt/airflow/dags/main.py took 0.367 seconds
[2026-05-02T12:10:46.538+0000] {processor.py:186} INFO - Started process (PID=2852) to work on /opt/airflow/dags/main.py
[2026-05-02T12:10:46.539+0000] {processor.py:914} INFO - Processing file /opt/airflow/dags/main.py for tasks to queue
[2026-05-02T12:10:46.543+0000] {logging_mixin.py:190} INFO - [2026-05-02T12:10:46.543+0000] {dagbag.py:588} INFO - Filling up the DagBag from /opt/airflow/dags/main.py
[2026-05-02T12:10:46.740+0000] {processor.py:925} INFO - DAG(s) 'orders_kafka_to_s3' retrieved from /opt/airflow/dags/main.py
[2026-05-02T12:10:46.785+0000] {logging_mixin.py:190} INFO - [2026-05-02T12:10:46.785+0000] {dag.py:3239} INFO - Sync 1 DAGs
[2026-05-02T12:10:46.829+0000] {logging_mixin.py:190} INFO - [2026-05-02T12:10:46.829+0000] {dag.py:4180} INFO - Setting next_dagrun for orders_kafka_to_s3 to 2026-05-02 00:00:00+00:00, run_after=2026-05-03 00:00:00+00:00
[2026-05-02T12:10:46.866+0000] {processor.py:208} INFO - Processing /opt/airflow/dags/main.py took 0.337 seconds
[2026-05-02T12:11:17.028+0000] {processor.py:186} INFO - Started process (PID=2859) to work on /opt/airflow/dags/main.py
[2026-05-02T12:11:17.030+0000] {processor.py:914} INFO - Processing file /opt/airflow/dags/main.py for tasks to queue
[2026-05-02T12:11:17.035+0000] {logging_mixin.py:190} INFO - [2026-05-02T12:11:17.034+0000] {dagbag.py:588} INFO - Filling up the DagBag from /opt/airflow/dags/main.py
[2026-05-02T12:11:17.245+0000] {processor.py:925} INFO - DAG(s) 'orders_kafka_to_s3' retrieved from /opt/airflow/dags/main.py
[2026-05-02T12:11:17.279+0000] {logging_mixin.py:190} INFO - [2026-05-02T12:11:17.279+0000] {dag.py:3239} INFO - Sync 1 DAGs
[2026-05-02T12:11:17.309+0000] {logging_mixin.py:190} INFO - [2026-05-02T12:11:17.309+0000] {dag.py:4180} INFO - Setting next_dagrun for orders_kafka_to_s3 to 2026-05-02 00:00:00+00:00, run_after=2026-05-03 00:00:00+00:00
[2026-05-02T12:11:17.334+0000] {processor.py:208} INFO - Processing /opt/airflow/dags/main.py took 0.318 seconds
[2026-05-02T12:11:47.605+0000] {processor.py:186} INFO - Started process (PID=2866) to work on /opt/airflow/dags/main.py
[2026-05-02T12:11:47.606+0000] {processor.py:914} INFO - Processing file /opt/airflow/dags/main.py for tasks to queue
[2026-05-02T12:11:47.610+0000] {logging_mixin.py:190} INFO - [2026-05-02T12:11:47.610+0000] {dagbag.py:588} INFO - Filling up the DagBag from /opt/airflow/dags/main.py
[2026-05-02T12:11:47.760+0000] {processor.py:925} INFO - DAG(s) 'orders_kafka_to_s3' retrieved from /opt/airflow/dags/main.py
[2026-05-02T12:11:47.793+0000] {logging_mixin.py:190} INFO - [2026-05-02T12:11:47.793+0000] {dag.py:3239} INFO - Sync 1 DAGs
[2026-05-02T12:11:47.828+0000] {logging_mixin.py:190} INFO - [2026-05-02T12:11:47.828+0000] {dag.py:4180} INFO - Setting next_dagrun for orders_kafka_to_s3 to 2026-05-02 00:00:00+00:00, run_after=2026-05-03 00:00:00+00:00
[2026-05-02T12:11:47.855+0000] {processor.py:208} INFO - Processing /opt/airflow/dags/main.py took 0.259 seconds
[2026-05-02T12:12:18.380+0000] {processor.py:186} INFO - Started process (PID=2873) to work on /opt/airflow/dags/main.py
[2026-05-02T12:12:18.382+0000] {processor.py:914} INFO - Processing file /opt/airflow/dags/main.py for tasks to queue
[2026-05-02T12:12:18.387+0000] {logging_mixin.py:190} INFO - [2026-05-02T12:12:18.386+0000] {dagbag.py:588} INFO - Filling up the DagBag from /opt/airflow/dags/main.py
[2026-05-02T12:12:18.584+0000] {processor.py:925} INFO - DAG(s) 'orders_kafka_to_s3' retrieved from /opt/airflow/dags/main.py
[2026-05-02T12:12:18.629+0000] {logging_mixin.py:190} INFO - [2026-05-02T12:12:18.628+0000] {dag.py:3239} INFO - Sync 1 DAGs
[2026-05-02T12:12:18.666+0000] {logging_mixin.py:190} INFO - [2026-05-02T12:12:18.665+0000] {dag.py:4180} INFO - Setting next_dagrun for orders_kafka_to_s3 to 2026-05-02 00:00:00+00:00, run_after=2026-05-03 00:00:00+00:00
[2026-05-02T12:12:18.705+0000] {processor.py:208} INFO - Processing /opt/airflow/dags/main.py took 0.334 seconds
[2026-05-02T12:12:49.244+0000] {processor.py:186} INFO - Started process (PID=2880) to work on /opt/airflow/dags/main.py
[2026-05-02T12:12:49.246+0000] {processor.py:914} INFO - Processing file /opt/airflow/dags/main.py for tasks to queue
[2026-05-02T12:12:49.251+0000] {logging_mixin.py:190} INFO - [2026-05-02T12:12:49.251+0000] {dagbag.py:588} INFO - Filling up the DagBag from /opt/airflow/dags/main.py
[2026-05-02T12:12:49.427+0000] {processor.py:925} INFO - DAG(s) 'orders_kafka_to_s3' retrieved from /opt/airflow/dags/main.py
[2026-05-02T12:12:49.487+0000] {logging_mixin.py:190} INFO - [2026-05-02T12:12:49.487+0000] {dag.py:3239} INFO - Sync 1 DAGs
[2026-05-02T12:12:49.532+0000] {logging_mixin.py:190} INFO - [2026-05-02T12:12:49.532+0000] {dag.py:4180} INFO - Setting next_dagrun for orders_kafka_to_s3 to 2026-05-02 00:00:00+00:00, run_after=2026-05-03 00:00:00+00:00
[2026-05-02T12:12:49.569+0000] {processor.py:208} INFO - Processing /opt/airflow/dags/main.py took 0.335 seconds
[2026-05-02T12:13:20.148+0000] {processor.py:186} INFO - Started process (PID=2887) to work on /opt/airflow/dags/main.py
[2026-05-02T12:13:20.150+0000] {processor.py:914} INFO - Processing file /opt/airflow/dags/main.py for tasks to queue
[2026-05-02T12:13:20.154+0000] {logging_mixin.py:190} INFO - [2026-05-02T12:13:20.153+0000] {dagbag.py:588} INFO - Filling up the DagBag from /opt/airflow/dags/main.py
[2026-05-02T12:13:20.308+0000] {processor.py:925} INFO - DAG(s) 'orders_kafka_to_s3' retrieved from /opt/airflow/dags/main.py
[2026-05-02T12:13:20.341+0000] {logging_mixin.py:190} INFO - [2026-05-02T12:13:20.341+0000] {dag.py:3239} INFO - Sync 1 DAGs
[2026-05-02T12:13:20.375+0000] {logging_mixin.py:190} INFO - [2026-05-02T12:13:20.375+0000] {dag.py:4180} INFO - Setting next_dagrun for orders_kafka_to_s3 to 2026-05-02 00:00:00+00:00, run_after=2026-05-03 00:00:00+00:00
[2026-05-02T12:13:20.403+0000] {processor.py:208} INFO - Processing /opt/airflow/dags/main.py took 0.265 seconds
[2026-05-02T12:13:51.111+0000] {processor.py:186} INFO - Started process (PID=2894) to work on /opt/airflow/dags/main.py
[2026-05-02T12:13:51.114+0000] {processor.py:914} INFO - Processing file /opt/airflow/dags/main.py for tasks to queue
[2026-05-02T12:13:51.119+0000] {logging_mixin.py:190} INFO - [2026-05-02T12:13:51.118+0000] {dagbag.py:588} INFO - Filling up the DagBag from /opt/airflow/dags/main.py
[2026-05-02T12:13:51.313+0000] {processor.py:925} INFO - DAG(s) 'orders_kafka_to_s3' retrieved from /opt/airflow/dags/main.py
[2026-05-02T12:13:51.353+0000] {logging_mixin.py:190} INFO - [2026-05-02T12:13:51.353+0000] {dag.py:3239} INFO - Sync 1 DAGs
[2026-05-02T12:13:51.391+0000] {logging_mixin.py:190} INFO - [2026-05-02T12:13:51.391+0000] {dag.py:4180} INFO - Setting next_dagrun for orders_kafka_to_s3 to 2026-05-02 00:00:00+00:00, run_after=2026-05-03 00:00:00+00:00
[2026-05-02T12:13:51.420+0000] {processor.py:208} INFO - Processing /opt/airflow/dags/main.py took 0.328 seconds
[2026-05-02T12:14:21.662+0000] {processor.py:186} INFO - Started process (PID=2901) to work on /opt/airflow/dags/main.py
[2026-05-02T12:14:21.664+0000] {processor.py:914} INFO - Processing file /opt/airflow/dags/main.py for tasks to queue
[2026-05-02T12:14:21.668+0000] {logging_mixin.py:190} INFO - [2026-05-02T12:14:21.668+0000] {dagbag.py:588} INFO - Filling up the DagBag from /opt/airflow/dags/main.py
[2026-05-02T12:14:21.855+0000] {processor.py:925} INFO - DAG(s) 'orders_kafka_to_s3' retrieved from /opt/airflow/dags/main.py
[2026-05-02T12:14:21.912+0000] {logging_mixin.py:190} INFO - [2026-05-02T12:14:21.912+0000] {dag.py:3239} INFO - Sync 1 DAGs
[2026-05-02T12:14:21.949+0000] {logging_mixin.py:190} INFO - [2026-05-02T12:14:21.949+0000] {dag.py:4180} INFO - Setting next_dagrun for orders_kafka_to_s3 to 2026-05-02 00:00:00+00:00, run_after=2026-05-03 00:00:00+00:00
[2026-05-02T12:14:21.992+0000] {processor.py:208} INFO - Processing /opt/airflow/dags/main.py took 0.343 seconds
[2026-05-02T12:14:52.947+0000] {processor.py:186} INFO - Started process (PID=2908) to work on /opt/airflow/dags/main.py
[2026-05-02T12:14:52.950+0000] {processor.py:914} INFO - Processing file /opt/airflow/dags/main.py for tasks to queue
[2026-05-02T12:14:52.957+0000] {logging_mixin.py:190} INFO - [2026-05-02T12:14:52.955+0000] {dagbag.py:588} INFO - Filling up the DagBag from /opt/airflow/dags/main.py
[2026-05-02T12:14:53.178+0000] {processor.py:925} INFO - DAG(s) 'orders_kafka_to_s3' retrieved from /opt/airflow/dags/main.py
[2026-05-02T12:14:53.236+0000] {logging_mixin.py:190} INFO - [2026-05-02T12:14:53.236+0000] {dag.py:3239} INFO - Sync 1 DAGs
[2026-05-02T12:14:53.279+0000] {logging_mixin.py:190} INFO - [2026-05-02T12:14:53.279+0000] {dag.py:4180} INFO - Setting next_dagrun for orders_kafka_to_s3 to 2026-05-02 00:00:00+00:00, run_after=2026-05-03 00:00:00+00:00
[2026-05-02T12:14:53.319+0000] {processor.py:208} INFO - Processing /opt/airflow/dags/main.py took 0.389 seconds
[2026-05-02T12:15:23.852+0000] {processor.py:186} INFO - Started process (PID=2915) to work on /opt/airflow/dags/main.py
[2026-05-02T12:15:23.855+0000] {processor.py:914} INFO - Processing file /opt/airflow/dags/main.py for tasks to queue
[2026-05-02T12:15:23.862+0000] {logging_mixin.py:190} INFO - [2026-05-02T12:15:23.861+0000] {dagbag.py:588} INFO - Filling up the DagBag from /opt/airflow/dags/main.py
[2026-05-02T12:15:24.098+0000] {processor.py:925} INFO - DAG(s) 'orders_kafka_to_s3' retrieved from /opt/airflow/dags/main.py
[2026-05-02T12:15:24.148+0000] {logging_mixin.py:190} INFO - [2026-05-02T12:15:24.148+0000] {dag.py:3239} INFO - Sync 1 DAGs
[2026-05-02T12:15:24.199+0000] {logging_mixin.py:190} INFO - [2026-05-02T12:15:24.199+0000] {dag.py:4180} INFO - Setting next_dagrun for orders_kafka_to_s3 to 2026-05-02 00:00:00+00:00, run_after=2026-05-03 00:00:00+00:00
[2026-05-02T12:15:24.237+0000] {processor.py:208} INFO - Processing /opt/airflow/dags/main.py took 0.401 seconds
[2026-05-02T12:15:54.476+0000] {processor.py:186} INFO - Started process (PID=2922) to work on /opt/airflow/dags/main.py
[2026-05-02T12:15:54.479+0000] {processor.py:914} INFO - Processing file /opt/airflow/dags/main.py for tasks to queue
[2026-05-02T12:15:54.485+0000] {logging_mixin.py:190} INFO - [2026-05-02T12:15:54.484+0000] {dagbag.py:588} INFO - Filling up the DagBag from /opt/airflow/dags/main.py
[2026-05-02T12:15:54.671+0000] {processor.py:925} INFO - DAG(s) 'orders_kafka_to_s3' retrieved from /opt/airflow/dags/main.py
[2026-05-02T12:15:54.715+0000] {logging_mixin.py:190} INFO - [2026-05-02T12:15:54.714+0000] {dag.py:3239} INFO - Sync 1 DAGs
[2026-05-02T12:15:54.762+0000] {logging_mixin.py:190} INFO - [2026-05-02T12:15:54.762+0000] {dag.py:4180} INFO - Setting next_dagrun for orders_kafka_to_s3 to 2026-05-02 00:00:00+00:00, run_after=2026-05-03 00:00:00+00:00
[2026-05-02T12:15:54.796+0000] {processor.py:208} INFO - Processing /opt/airflow/dags/main.py took 0.337 seconds
[2026-05-02T12:16:25.211+0000] {processor.py:186} INFO - Started process (PID=2929) to work on /opt/airflow/dags/main.py
[2026-05-02T12:16:25.214+0000] {processor.py:914} INFO - Processing file /opt/airflow/dags/main.py for tasks to queue
[2026-05-02T12:16:25.227+0000] {logging_mixin.py:190} INFO - [2026-05-02T12:16:25.225+0000] {dagbag.py:588} INFO - Filling up the DagBag from /opt/airflow/dags/main.py
[2026-05-02T12:16:25.372+0000] {processor.py:925} INFO - DAG(s) 'orders_kafka_to_s3' retrieved from /opt/airflow/dags/main.py
[2026-05-02T12:16:25.403+0000] {logging_mixin.py:190} INFO - [2026-05-02T12:16:25.403+0000] {dag.py:3239} INFO - Sync 1 DAGs
[2026-05-02T12:16:25.431+0000] {logging_mixin.py:190} INFO - [2026-05-02T12:16:25.430+0000] {dag.py:4180} INFO - Setting next_dagrun for orders_kafka_to_s3 to 2026-05-02 00:00:00+00:00, run_after=2026-05-03 00:00:00+00:00
[2026-05-02T12:16:25.456+0000] {processor.py:208} INFO - Processing /opt/airflow/dags/main.py took 0.266 seconds
[2026-05-02T12:16:55.620+0000] {processor.py:186} INFO - Started process (PID=2936) to work on /opt/airflow/dags/main.py
[2026-05-02T12:16:55.623+0000] {processor.py:914} INFO - Processing file /opt/airflow/dags/main.py for tasks to queue
[2026-05-02T12:16:55.629+0000] {logging_mixin.py:190} INFO - [2026-05-02T12:16:55.628+0000] {dagbag.py:588} INFO - Filling up the DagBag from /opt/airflow/dags/main.py
[2026-05-02T12:16:55.841+0000] {processor.py:925} INFO - DAG(s) 'orders_kafka_to_s3' retrieved from /opt/airflow/dags/main.py
[2026-05-02T12:16:55.879+0000] {logging_mixin.py:190} INFO - [2026-05-02T12:16:55.879+0000] {dag.py:3239} INFO - Sync 1 DAGs
[2026-05-02T12:16:55.916+0000] {logging_mixin.py:190} INFO - [2026-05-02T12:16:55.916+0000] {dag.py:4180} INFO - Setting next_dagrun for orders_kafka_to_s3 to 2026-05-02 00:00:00+00:00, run_after=2026-05-03 00:00:00+00:00
[2026-05-02T12:16:55.953+0000] {processor.py:208} INFO - Processing /opt/airflow/dags/main.py took 0.350 seconds
[2026-05-02T12:17:26.178+0000] {processor.py:186} INFO - Started process (PID=2943) to work on /opt/airflow/dags/main.py
[2026-05-02T12:17:26.180+0000] {processor.py:914} INFO - Processing file /opt/airflow/dags/main.py for tasks to queue
[2026-05-02T12:17:26.184+0000] {logging_mixin.py:190} INFO - [2026-05-02T12:17:26.184+0000] {dagbag.py:588} INFO - Filling up the DagBag from /opt/airflow/dags/main.py
[2026-05-02T12:17:26.382+0000] {processor.py:925} INFO - DAG(s) 'orders_kafka_to_s3' retrieved from /opt/airflow/dags/main.py
[2026-05-02T12:17:26.415+0000] {logging_mixin.py:190} INFO - [2026-05-02T12:17:26.415+0000] {dag.py:3239} INFO - Sync 1 DAGs
[2026-05-02T12:17:26.447+0000] {logging_mixin.py:190} INFO - [2026-05-02T12:17:26.447+0000] {dag.py:4180} INFO - Setting next_dagrun for orders_kafka_to_s3 to 2026-05-02 00:00:00+00:00, run_after=2026-05-03 00:00:00+00:00
[2026-05-02T12:17:26.470+0000] {processor.py:208} INFO - Processing /opt/airflow/dags/main.py took 0.305 seconds
[2026-05-02T12:17:56.684+0000] {processor.py:186} INFO - Started process (PID=2950) to work on /opt/airflow/dags/main.py
[2026-05-02T12:17:56.686+0000] {processor.py:914} INFO - Processing file /opt/airflow/dags/main.py for tasks to queue
[2026-05-02T12:17:56.690+0000] {logging_mixin.py:190} INFO - [2026-05-02T12:17:56.690+0000] {dagbag.py:588} INFO - Filling up the DagBag from /opt/airflow/dags/main.py
[2026-05-02T12:17:56.829+0000] {processor.py:925} INFO - DAG(s) 'orders_kafka_to_s3' retrieved from /opt/airflow/dags/main.py
[2026-05-02T12:17:56.863+0000] {logging_mixin.py:190} INFO - [2026-05-02T12:17:56.863+0000] {dag.py:3239} INFO - Sync 1 DAGs
[2026-05-02T12:17:56.895+0000] {logging_mixin.py:190} INFO - [2026-05-02T12:17:56.894+0000] {dag.py:4180} INFO - Setting next_dagrun for orders_kafka_to_s3 to 2026-05-02 00:00:00+00:00, run_after=2026-05-03 00:00:00+00:00
[2026-05-02T12:17:56.933+0000] {processor.py:208} INFO - Processing /opt/airflow/dags/main.py took 0.258 seconds
[2026-05-02T12:18:27.556+0000] {processor.py:186} INFO - Started process (PID=2957) to work on /opt/airflow/dags/main.py
[2026-05-02T12:18:27.562+0000] {processor.py:914} INFO - Processing file /opt/airflow/dags/main.py for tasks to queue
[2026-05-02T12:18:27.580+0000] {logging_mixin.py:190} INFO - [2026-05-02T12:18:27.577+0000] {dagbag.py:588} INFO - Filling up the DagBag from /opt/airflow/dags/main.py
[2026-05-02T12:18:27.918+0000] {processor.py:925} INFO - DAG(s) 'orders_kafka_to_s3' retrieved from /opt/airflow/dags/main.py
[2026-05-02T12:18:27.961+0000] {logging_mixin.py:190} INFO - [2026-05-02T12:18:27.961+0000] {dag.py:3239} INFO - Sync 1 DAGs
[2026-05-02T12:18:27.994+0000] {logging_mixin.py:190} INFO - [2026-05-02T12:18:27.994+0000] {dag.py:4180} INFO - Setting next_dagrun for orders_kafka_to_s3 to 2026-05-02 00:00:00+00:00, run_after=2026-05-03 00:00:00+00:00
[2026-05-02T12:18:28.022+0000] {processor.py:208} INFO - Processing /opt/airflow/dags/main.py took 0.505 seconds
[2026-05-02T12:18:58.203+0000] {processor.py:186} INFO - Started process (PID=2964) to work on /opt/airflow/dags/main.py
[2026-05-02T12:18:58.206+0000] {processor.py:914} INFO - Processing file /opt/airflow/dags/main.py for tasks to queue
[2026-05-02T12:18:58.213+0000] {logging_mixin.py:190} INFO - [2026-05-02T12:18:58.212+0000] {dagbag.py:588} INFO - Filling up the DagBag from /opt/airflow/dags/main.py
[2026-05-02T12:18:58.429+0000] {processor.py:925} INFO - DAG(s) 'orders_kafka_to_s3' retrieved from /opt/airflow/dags/main.py
[2026-05-02T12:18:58.462+0000] {logging_mixin.py:190} INFO - [2026-05-02T12:18:58.462+0000] {dag.py:3239} INFO - Sync 1 DAGs
[2026-05-02T12:18:58.495+0000] {logging_mixin.py:190} INFO - [2026-05-02T12:18:58.494+0000] {dag.py:4180} INFO - Setting next_dagrun for orders_kafka_to_s3 to 2026-05-02 00:00:00+00:00, run_after=2026-05-03 00:00:00+00:00
[2026-05-02T12:18:58.522+0000] {processor.py:208} INFO - Processing /opt/airflow/dags/main.py took 0.335 seconds
[2026-05-02T12:19:29.106+0000] {processor.py:186} INFO - Started process (PID=2971) to work on /opt/airflow/dags/main.py
[2026-05-02T12:19:29.108+0000] {processor.py:914} INFO - Processing file /opt/airflow/dags/main.py for tasks to queue
[2026-05-02T12:19:29.113+0000] {logging_mixin.py:190} INFO - [2026-05-02T12:19:29.112+0000] {dagbag.py:588} INFO - Filling up the DagBag from /opt/airflow/dags/main.py
[2026-05-02T12:19:29.280+0000] {processor.py:925} INFO - DAG(s) 'orders_kafka_to_s3' retrieved from /opt/airflow/dags/main.py
[2026-05-02T12:19:29.310+0000] {logging_mixin.py:190} INFO - [2026-05-02T12:19:29.310+0000] {dag.py:3239} INFO - Sync 1 DAGs
[2026-05-02T12:19:29.340+0000] {logging_mixin.py:190} INFO - [2026-05-02T12:19:29.340+0000] {dag.py:4180} INFO - Setting next_dagrun for orders_kafka_to_s3 to 2026-05-02 00:00:00+00:00, run_after=2026-05-03 00:00:00+00:00
[2026-05-02T12:19:29.379+0000] {processor.py:208} INFO - Processing /opt/airflow/dags/main.py took 0.285 seconds
[2026-05-02T12:19:59.732+0000] {processor.py:186} INFO - Started process (PID=2978) to work on /opt/airflow/dags/main.py
[2026-05-02T12:19:59.734+0000] {processor.py:914} INFO - Processing file /opt/airflow/dags/main.py for tasks to queue
[2026-05-02T12:19:59.743+0000] {logging_mixin.py:190} INFO - [2026-05-02T12:19:59.742+0000] {dagbag.py:588} INFO - Filling up the DagBag from /opt/airflow/dags/main.py
[2026-05-02T12:19:59.920+0000] {processor.py:925} INFO - DAG(s) 'orders_kafka_to_s3' retrieved from /opt/airflow/dags/main.py
[2026-05-02T12:19:59.957+0000] {logging_mixin.py:190} INFO - [2026-05-02T12:19:59.956+0000] {dag.py:3239} INFO - Sync 1 DAGs
[2026-05-02T12:19:59.991+0000] {logging_mixin.py:190} INFO - [2026-05-02T12:19:59.991+0000] {dag.py:4180} INFO - Setting next_dagrun for orders_kafka_to_s3 to 2026-05-02 00:00:00+00:00, run_after=2026-05-03 00:00:00+00:00
[2026-05-02T12:20:00.020+0000] {processor.py:208} INFO - Processing /opt/airflow/dags/main.py took 0.298 seconds
[2026-05-02T12:20:30.521+0000] {processor.py:186} INFO - Started process (PID=2986) to work on /opt/airflow/dags/main.py
[2026-05-02T12:20:30.524+0000] {processor.py:914} INFO - Processing file /opt/airflow/dags/main.py for tasks to queue
[2026-05-02T12:20:30.529+0000] {logging_mixin.py:190} INFO - [2026-05-02T12:20:30.528+0000] {dagbag.py:588} INFO - Filling up the DagBag from /opt/airflow/dags/main.py
[2026-05-02T12:20:30.699+0000] {processor.py:925} INFO - DAG(s) 'orders_kafka_to_s3' retrieved from /opt/airflow/dags/main.py
[2026-05-02T12:20:30.740+0000] {logging_mixin.py:190} INFO - [2026-05-02T12:20:30.739+0000] {dag.py:3239} INFO - Sync 1 DAGs
[2026-05-02T12:20:30.782+0000] {logging_mixin.py:190} INFO - [2026-05-02T12:20:30.782+0000] {dag.py:4180} INFO - Setting next_dagrun for orders_kafka_to_s3 to 2026-05-02 00:00:00+00:00, run_after=2026-05-03 00:00:00+00:00
[2026-05-02T12:20:30.827+0000] {processor.py:208} INFO - Processing /opt/airflow/dags/main.py took 0.321 seconds
[2026-05-02T12:21:01.219+0000] {processor.py:186} INFO - Started process (PID=2993) to work on /opt/airflow/dags/main.py
[2026-05-02T12:21:01.221+0000] {processor.py:914} INFO - Processing file /opt/airflow/dags/main.py for tasks to queue
[2026-05-02T12:21:01.225+0000] {logging_mixin.py:190} INFO - [2026-05-02T12:21:01.224+0000] {dagbag.py:588} INFO - Filling up the DagBag from /opt/airflow/dags/main.py
[2026-05-02T12:21:01.371+0000] {processor.py:925} INFO - DAG(s) 'orders_kafka_to_s3' retrieved from /opt/airflow/dags/main.py
[2026-05-02T12:21:01.407+0000] {logging_mixin.py:190} INFO - [2026-05-02T12:21:01.407+0000] {dag.py:3239} INFO - Sync 1 DAGs
[2026-05-02T12:21:01.442+0000] {logging_mixin.py:190} INFO - [2026-05-02T12:21:01.442+0000] {dag.py:4180} INFO - Setting next_dagrun for orders_kafka_to_s3 to 2026-05-02 00:00:00+00:00, run_after=2026-05-03 00:00:00+00:00
[2026-05-02T12:21:01.475+0000] {processor.py:208} INFO - Processing /opt/airflow/dags/main.py took 0.269 seconds
[2026-05-02T12:21:32.036+0000] {processor.py:186} INFO - Started process (PID=3000) to work on /opt/airflow/dags/main.py
[2026-05-02T12:21:32.039+0000] {processor.py:914} INFO - Processing file /opt/airflow/dags/main.py for tasks to queue
[2026-05-02T12:21:32.043+0000] {logging_mixin.py:190} INFO - [2026-05-02T12:21:32.043+0000] {dagbag.py:588} INFO - Filling up the DagBag from /opt/airflow/dags/main.py
[2026-05-02T12:21:32.263+0000] {processor.py:925} INFO - DAG(s) 'orders_kafka_to_s3' retrieved from /opt/airflow/dags/main.py
[2026-05-02T12:21:32.306+0000] {logging_mixin.py:190} INFO - [2026-05-02T12:21:32.306+0000] {dag.py:3239} INFO - Sync 1 DAGs
[2026-05-02T12:21:32.341+0000] {logging_mixin.py:190} INFO - [2026-05-02T12:21:32.340+0000] {dag.py:4180} INFO - Setting next_dagrun for orders_kafka_to_s3 to 2026-05-02 00:00:00+00:00, run_after=2026-05-03 00:00:00+00:00
[2026-05-02T12:21:32.387+0000] {processor.py:208} INFO - Processing /opt/airflow/dags/main.py took 0.363 seconds
[2026-05-02T12:22:02.816+0000] {processor.py:186} INFO - Started process (PID=3007) to work on /opt/airflow/dags/main.py
[2026-05-02T12:22:02.818+0000] {processor.py:914} INFO - Processing file /opt/airflow/dags/main.py for tasks to queue
[2026-05-02T12:22:02.823+0000] {logging_mixin.py:190} INFO - [2026-05-02T12:22:02.822+0000] {dagbag.py:588} INFO - Filling up the DagBag from /opt/airflow/dags/main.py
[2026-05-02T12:22:02.987+0000] {processor.py:925} INFO - DAG(s) 'orders_kafka_to_s3' retrieved from /opt/airflow/dags/main.py
[2026-05-02T12:22:03.032+0000] {logging_mixin.py:190} INFO - [2026-05-02T12:22:03.031+0000] {dag.py:3239} INFO - Sync 1 DAGs
[2026-05-02T12:22:03.077+0000] {logging_mixin.py:190} INFO - [2026-05-02T12:22:03.077+0000] {dag.py:4180} INFO - Setting next_dagrun for orders_kafka_to_s3 to 2026-05-02 00:00:00+00:00, run_after=2026-05-03 00:00:00+00:00
[2026-05-02T12:22:03.113+0000] {processor.py:208} INFO - Processing /opt/airflow/dags/main.py took 0.309 seconds
[2026-05-02T12:22:33.522+0000] {processor.py:186} INFO - Started process (PID=3014) to work on /opt/airflow/dags/main.py
[2026-05-02T12:22:33.525+0000] {processor.py:914} INFO - Processing file /opt/airflow/dags/main.py for tasks to queue
[2026-05-02T12:22:33.530+0000] {logging_mixin.py:190} INFO - [2026-05-02T12:22:33.530+0000] {dagbag.py:588} INFO - Filling up the DagBag from /opt/airflow/dags/main.py
[2026-05-02T12:22:33.701+0000] {processor.py:925} INFO - DAG(s) 'orders_kafka_to_s3' retrieved from /opt/airflow/dags/main.py
[2026-05-02T12:22:33.749+0000] {logging_mixin.py:190} INFO - [2026-05-02T12:22:33.748+0000] {dag.py:3239} INFO - Sync 1 DAGs
[2026-05-02T12:22:33.809+0000] {logging_mixin.py:190} INFO - [2026-05-02T12:22:33.809+0000] {dag.py:4180} INFO - Setting next_dagrun for orders_kafka_to_s3 to 2026-05-02 00:00:00+00:00, run_after=2026-05-03 00:00:00+00:00
[2026-05-02T12:22:33.849+0000] {processor.py:208} INFO - Processing /opt/airflow/dags/main.py took 0.344 seconds
[2026-05-02T12:23:04.341+0000] {processor.py:186} INFO - Started process (PID=3021) to work on /opt/airflow/dags/main.py
[2026-05-02T12:23:04.343+0000] {processor.py:914} INFO - Processing file /opt/airflow/dags/main.py for tasks to queue
[2026-05-02T12:23:04.348+0000] {logging_mixin.py:190} INFO - [2026-05-02T12:23:04.348+0000] {dagbag.py:588} INFO - Filling up the DagBag from /opt/airflow/dags/main.py
[2026-05-02T12:23:04.528+0000] {processor.py:925} INFO - DAG(s) 'orders_kafka_to_s3' retrieved from /opt/airflow/dags/main.py
[2026-05-02T12:23:04.571+0000] {logging_mixin.py:190} INFO - [2026-05-02T12:23:04.571+0000] {dag.py:3239} INFO - Sync 1 DAGs
[2026-05-02T12:23:04.656+0000] {logging_mixin.py:190} INFO - [2026-05-02T12:23:04.655+0000] {dag.py:4180} INFO - Setting next_dagrun for orders_kafka_to_s3 to 2026-05-02 00:00:00+00:00, run_after=2026-05-03 00:00:00+00:00
[2026-05-02T12:23:04.739+0000] {processor.py:208} INFO - Processing /opt/airflow/dags/main.py took 0.408 seconds
[2026-05-02T12:23:34.969+0000] {processor.py:186} INFO - Started process (PID=3028) to work on /opt/airflow/dags/main.py
[2026-05-02T12:23:34.972+0000] {processor.py:914} INFO - Processing file /opt/airflow/dags/main.py for tasks to queue
[2026-05-02T12:23:35.006+0000] {logging_mixin.py:190} INFO - [2026-05-02T12:23:34.991+0000] {dagbag.py:588} INFO - Filling up the DagBag from /opt/airflow/dags/main.py
[2026-05-02T12:23:35.302+0000] {processor.py:925} INFO - DAG(s) 'orders_kafka_to_s3' retrieved from /opt/airflow/dags/main.py
[2026-05-02T12:23:35.352+0000] {logging_mixin.py:190} INFO - [2026-05-02T12:23:35.352+0000] {dag.py:3239} INFO - Sync 1 DAGs
[2026-05-02T12:23:35.396+0000] {logging_mixin.py:190} INFO - [2026-05-02T12:23:35.395+0000] {dag.py:4180} INFO - Setting next_dagrun for orders_kafka_to_s3 to 2026-05-02 00:00:00+00:00, run_after=2026-05-03 00:00:00+00:00
[2026-05-02T12:23:35.423+0000] {processor.py:208} INFO - Processing /opt/airflow/dags/main.py took 0.493 seconds
[2026-05-02T12:24:05.734+0000] {processor.py:186} INFO - Started process (PID=3035) to work on /opt/airflow/dags/main.py
[2026-05-02T12:24:05.736+0000] {processor.py:914} INFO - Processing file /opt/airflow/dags/main.py for tasks to queue
[2026-05-02T12:24:05.743+0000] {logging_mixin.py:190} INFO - [2026-05-02T12:24:05.743+0000] {dagbag.py:588} INFO - Filling up the DagBag from /opt/airflow/dags/main.py
[2026-05-02T12:24:05.970+0000] {processor.py:925} INFO - DAG(s) 'orders_kafka_to_s3' retrieved from /opt/airflow/dags/main.py
[2026-05-02T12:24:06.010+0000] {logging_mixin.py:190} INFO - [2026-05-02T12:24:06.009+0000] {dag.py:3239} INFO - Sync 1 DAGs
[2026-05-02T12:24:06.044+0000] {logging_mixin.py:190} INFO - [2026-05-02T12:24:06.043+0000] {dag.py:4180} INFO - Setting next_dagrun for orders_kafka_to_s3 to 2026-05-02 00:00:00+00:00, run_after=2026-05-03 00:00:00+00:00
[2026-05-02T12:24:06.087+0000] {processor.py:208} INFO - Processing /opt/airflow/dags/main.py took 0.368 seconds
[2026-05-02T12:24:36.388+0000] {processor.py:186} INFO - Started process (PID=3043) to work on /opt/airflow/dags/main.py
[2026-05-02T12:24:36.390+0000] {processor.py:914} INFO - Processing file /opt/airflow/dags/main.py for tasks to queue
[2026-05-02T12:24:36.395+0000] {logging_mixin.py:190} INFO - [2026-05-02T12:24:36.395+0000] {dagbag.py:588} INFO - Filling up the DagBag from /opt/airflow/dags/main.py
[2026-05-02T12:24:36.571+0000] {processor.py:925} INFO - DAG(s) 'orders_kafka_to_s3' retrieved from /opt/airflow/dags/main.py
[2026-05-02T12:24:36.629+0000] {logging_mixin.py:190} INFO - [2026-05-02T12:24:36.629+0000] {dag.py:3239} INFO - Sync 1 DAGs
[2026-05-02T12:24:36.697+0000] {logging_mixin.py:190} INFO - [2026-05-02T12:24:36.696+0000] {dag.py:4180} INFO - Setting next_dagrun for orders_kafka_to_s3 to 2026-05-02 00:00:00+00:00, run_after=2026-05-03 00:00:00+00:00
[2026-05-02T12:24:36.748+0000] {processor.py:208} INFO - Processing /opt/airflow/dags/main.py took 0.370 seconds
[2026-05-02T12:25:07.212+0000] {processor.py:186} INFO - Started process (PID=3050) to work on /opt/airflow/dags/main.py
[2026-05-02T12:25:07.214+0000] {processor.py:914} INFO - Processing file /opt/airflow/dags/main.py for tasks to queue
[2026-05-02T12:25:07.218+0000] {logging_mixin.py:190} INFO - [2026-05-02T12:25:07.218+0000] {dagbag.py:588} INFO - Filling up the DagBag from /opt/airflow/dags/main.py
[2026-05-02T12:25:07.372+0000] {processor.py:925} INFO - DAG(s) 'orders_kafka_to_s3' retrieved from /opt/airflow/dags/main.py
[2026-05-02T12:25:07.421+0000] {logging_mixin.py:190} INFO - [2026-05-02T12:25:07.421+0000] {dag.py:3239} INFO - Sync 1 DAGs
[2026-05-02T12:25:07.464+0000] {logging_mixin.py:190} INFO - [2026-05-02T12:25:07.463+0000] {dag.py:4180} INFO - Setting next_dagrun for orders_kafka_to_s3 to 2026-05-02 00:00:00+00:00, run_after=2026-05-03 00:00:00+00:00
[2026-05-02T12:25:07.492+0000] {processor.py:208} INFO - Processing /opt/airflow/dags/main.py took 0.293 seconds
[2026-05-02T12:25:37.737+0000] {processor.py:186} INFO - Started process (PID=3057) to work on /opt/airflow/dags/main.py
[2026-05-02T12:25:37.738+0000] {processor.py:914} INFO - Processing file /opt/airflow/dags/main.py for tasks to queue
[2026-05-02T12:25:37.742+0000] {logging_mixin.py:190} INFO - [2026-05-02T12:25:37.741+0000] {dagbag.py:588} INFO - Filling up the DagBag from /opt/airflow/dags/main.py
[2026-05-02T12:25:37.892+0000] {processor.py:925} INFO - DAG(s) 'orders_kafka_to_s3' retrieved from /opt/airflow/dags/main.py
[2026-05-02T12:25:37.928+0000] {logging_mixin.py:190} INFO - [2026-05-02T12:25:37.927+0000] {dag.py:3239} INFO - Sync 1 DAGs
[2026-05-02T12:25:37.964+0000] {logging_mixin.py:190} INFO - [2026-05-02T12:25:37.964+0000] {dag.py:4180} INFO - Setting next_dagrun for orders_kafka_to_s3 to 2026-05-02 00:00:00+00:00, run_after=2026-05-03 00:00:00+00:00
[2026-05-02T12:25:38.000+0000] {processor.py:208} INFO - Processing /opt/airflow/dags/main.py took 0.271 seconds
[2026-05-02T12:26:08.570+0000] {processor.py:186} INFO - Started process (PID=3064) to work on /opt/airflow/dags/main.py
[2026-05-02T12:26:08.571+0000] {processor.py:914} INFO - Processing file /opt/airflow/dags/main.py for tasks to queue
[2026-05-02T12:26:08.575+0000] {logging_mixin.py:190} INFO - [2026-05-02T12:26:08.575+0000] {dagbag.py:588} INFO - Filling up the DagBag from /opt/airflow/dags/main.py
[2026-05-02T12:26:08.715+0000] {processor.py:925} INFO - DAG(s) 'orders_kafka_to_s3' retrieved from /opt/airflow/dags/main.py
[2026-05-02T12:26:08.744+0000] {logging_mixin.py:190} INFO - [2026-05-02T12:26:08.744+0000] {dag.py:3239} INFO - Sync 1 DAGs
[2026-05-02T12:26:08.774+0000] {logging_mixin.py:190} INFO - [2026-05-02T12:26:08.774+0000] {dag.py:4180} INFO - Setting next_dagrun for orders_kafka_to_s3 to 2026-05-02 00:00:00+00:00, run_after=2026-05-03 00:00:00+00:00
[2026-05-02T12:26:08.797+0000] {processor.py:208} INFO - Processing /opt/airflow/dags/main.py took 0.236 seconds
[2026-05-02T12:26:39.143+0000] {processor.py:186} INFO - Started process (PID=3071) to work on /opt/airflow/dags/main.py
[2026-05-02T12:26:39.145+0000] {processor.py:914} INFO - Processing file /opt/airflow/dags/main.py for tasks to queue
[2026-05-02T12:26:39.150+0000] {logging_mixin.py:190} INFO - [2026-05-02T12:26:39.149+0000] {dagbag.py:588} INFO - Filling up the DagBag from /opt/airflow/dags/main.py
[2026-05-02T12:26:39.292+0000] {processor.py:925} INFO - DAG(s) 'orders_kafka_to_s3' retrieved from /opt/airflow/dags/main.py
[2026-05-02T12:26:39.351+0000] {logging_mixin.py:190} INFO - [2026-05-02T12:26:39.350+0000] {dag.py:3239} INFO - Sync 1 DAGs
[2026-05-02T12:26:39.393+0000] {logging_mixin.py:190} INFO - [2026-05-02T12:26:39.393+0000] {dag.py:4180} INFO - Setting next_dagrun for orders_kafka_to_s3 to 2026-05-02 00:00:00+00:00, run_after=2026-05-03 00:00:00+00:00
[2026-05-02T12:26:39.433+0000] {processor.py:208} INFO - Processing /opt/airflow/dags/main.py took 0.305 seconds
[2026-05-02T12:27:09.821+0000] {processor.py:186} INFO - Started process (PID=3078) to work on /opt/airflow/dags/main.py
[2026-05-02T12:27:09.822+0000] {processor.py:914} INFO - Processing file /opt/airflow/dags/main.py for tasks to queue
[2026-05-02T12:27:09.827+0000] {logging_mixin.py:190} INFO - [2026-05-02T12:27:09.827+0000] {dagbag.py:588} INFO - Filling up the DagBag from /opt/airflow/dags/main.py
[2026-05-02T12:27:09.967+0000] {processor.py:925} INFO - DAG(s) 'orders_kafka_to_s3' retrieved from /opt/airflow/dags/main.py
[2026-05-02T12:27:09.997+0000] {logging_mixin.py:190} INFO - [2026-05-02T12:27:09.997+0000] {dag.py:3239} INFO - Sync 1 DAGs
[2026-05-02T12:27:10.029+0000] {logging_mixin.py:190} INFO - [2026-05-02T12:27:10.029+0000] {dag.py:4180} INFO - Setting next_dagrun for orders_kafka_to_s3 to 2026-05-02 00:00:00+00:00, run_after=2026-05-03 00:00:00+00:00
[2026-05-02T12:27:10.063+0000] {processor.py:208} INFO - Processing /opt/airflow/dags/main.py took 0.255 seconds
[2026-05-02T12:27:40.508+0000] {processor.py:186} INFO - Started process (PID=3085) to work on /opt/airflow/dags/main.py
[2026-05-02T12:27:40.510+0000] {processor.py:914} INFO - Processing file /opt/airflow/dags/main.py for tasks to queue
[2026-05-02T12:27:40.515+0000] {logging_mixin.py:190} INFO - [2026-05-02T12:27:40.514+0000] {dagbag.py:588} INFO - Filling up the DagBag from /opt/airflow/dags/main.py
[2026-05-02T12:27:40.661+0000] {processor.py:925} INFO - DAG(s) 'orders_kafka_to_s3' retrieved from /opt/airflow/dags/main.py
[2026-05-02T12:27:40.692+0000] {logging_mixin.py:190} INFO - [2026-05-02T12:27:40.692+0000] {dag.py:3239} INFO - Sync 1 DAGs
[2026-05-02T12:27:40.724+0000] {logging_mixin.py:190} INFO - [2026-05-02T12:27:40.724+0000] {dag.py:4180} INFO - Setting next_dagrun for orders_kafka_to_s3 to 2026-05-02 00:00:00+00:00, run_after=2026-05-03 00:00:00+00:00
[2026-05-02T12:27:40.754+0000] {processor.py:208} INFO - Processing /opt/airflow/dags/main.py took 0.256 seconds
[2026-05-02T12:28:11.103+0000] {processor.py:186} INFO - Started process (PID=3092) to work on /opt/airflow/dags/main.py
[2026-05-02T12:28:11.105+0000] {processor.py:914} INFO - Processing file /opt/airflow/dags/main.py for tasks to queue
[2026-05-02T12:28:11.110+0000] {logging_mixin.py:190} INFO - [2026-05-02T12:28:11.109+0000] {dagbag.py:588} INFO - Filling up the DagBag from /opt/airflow/dags/main.py
[2026-05-02T12:28:11.245+0000] {processor.py:925} INFO - DAG(s) 'orders_kafka_to_s3' retrieved from /opt/airflow/dags/main.py
[2026-05-02T12:28:11.276+0000] {logging_mixin.py:190} INFO - [2026-05-02T12:28:11.275+0000] {dag.py:3239} INFO - Sync 1 DAGs
[2026-05-02T12:28:11.307+0000] {logging_mixin.py:190} INFO - [2026-05-02T12:28:11.307+0000] {dag.py:4180} INFO - Setting next_dagrun for orders_kafka_to_s3 to 2026-05-02 00:00:00+00:00, run_after=2026-05-03 00:00:00+00:00
[2026-05-02T12:28:11.336+0000] {processor.py:208} INFO - Processing /opt/airflow/dags/main.py took 0.243 seconds
[2026-05-02T12:28:41.514+0000] {processor.py:186} INFO - Started process (PID=3105) to work on /opt/airflow/dags/main.py
[2026-05-02T12:28:41.516+0000] {processor.py:914} INFO - Processing file /opt/airflow/dags/main.py for tasks to queue
[2026-05-02T12:28:41.520+0000] {logging_mixin.py:190} INFO - [2026-05-02T12:28:41.520+0000] {dagbag.py:588} INFO - Filling up the DagBag from /opt/airflow/dags/main.py
[2026-05-02T12:28:41.669+0000] {processor.py:925} INFO - DAG(s) 'orders_kafka_to_s3' retrieved from /opt/airflow/dags/main.py
[2026-05-02T12:28:41.728+0000] {logging_mixin.py:190} INFO - [2026-05-02T12:28:41.727+0000] {dag.py:3239} INFO - Sync 1 DAGs
[2026-05-02T12:28:41.784+0000] {logging_mixin.py:190} INFO - [2026-05-02T12:28:41.783+0000] {dag.py:4180} INFO - Setting next_dagrun for orders_kafka_to_s3 to 2026-05-02 00:00:00+00:00, run_after=2026-05-03 00:00:00+00:00
[2026-05-02T12:28:41.827+0000] {processor.py:208} INFO - Processing /opt/airflow/dags/main.py took 0.321 seconds
[2026-05-02T12:29:12.025+0000] {processor.py:186} INFO - Started process (PID=3112) to work on /opt/airflow/dags/main.py
[2026-05-02T12:29:12.027+0000] {processor.py:914} INFO - Processing file /opt/airflow/dags/main.py for tasks to queue
[2026-05-02T12:29:12.032+0000] {logging_mixin.py:190} INFO - [2026-05-02T12:29:12.031+0000] {dagbag.py:588} INFO - Filling up the DagBag from /opt/airflow/dags/main.py
[2026-05-02T12:29:12.232+0000] {processor.py:925} INFO - DAG(s) 'orders_kafka_to_s3' retrieved from /opt/airflow/dags/main.py
[2026-05-02T12:29:12.287+0000] {logging_mixin.py:190} INFO - [2026-05-02T12:29:12.287+0000] {dag.py:3239} INFO - Sync 1 DAGs
[2026-05-02T12:29:12.319+0000] {logging_mixin.py:190} INFO - [2026-05-02T12:29:12.318+0000] {dag.py:4180} INFO - Setting next_dagrun for orders_kafka_to_s3 to 2026-05-02 00:00:00+00:00, run_after=2026-05-03 00:00:00+00:00
[2026-05-02T12:29:12.362+0000] {processor.py:208} INFO - Processing /opt/airflow/dags/main.py took 0.356 seconds
[2026-05-02T12:29:42.732+0000] {processor.py:186} INFO - Started process (PID=3119) to work on /opt/airflow/dags/main.py
[2026-05-02T12:29:42.734+0000] {processor.py:914} INFO - Processing file /opt/airflow/dags/main.py for tasks to queue
[2026-05-02T12:29:42.739+0000] {logging_mixin.py:190} INFO - [2026-05-02T12:29:42.738+0000] {dagbag.py:588} INFO - Filling up the DagBag from /opt/airflow/dags/main.py
[2026-05-02T12:29:42.891+0000] {processor.py:925} INFO - DAG(s) 'orders_kafka_to_s3' retrieved from /opt/airflow/dags/main.py
[2026-05-02T12:29:42.945+0000] {logging_mixin.py:190} INFO - [2026-05-02T12:29:42.945+0000] {dag.py:3239} INFO - Sync 1 DAGs
[2026-05-02T12:29:43.004+0000] {logging_mixin.py:190} INFO - [2026-05-02T12:29:43.004+0000] {dag.py:4180} INFO - Setting next_dagrun for orders_kafka_to_s3 to 2026-05-02 00:00:00+00:00, run_after=2026-05-03 00:00:00+00:00
[2026-05-02T12:29:43.039+0000] {processor.py:208} INFO - Processing /opt/airflow/dags/main.py took 0.318 seconds
[2026-05-02T12:30:13.499+0000] {processor.py:186} INFO - Started process (PID=3126) to work on /opt/airflow/dags/main.py
[2026-05-02T12:30:13.501+0000] {processor.py:914} INFO - Processing file /opt/airflow/dags/main.py for tasks to queue
[2026-05-02T12:30:13.507+0000] {logging_mixin.py:190} INFO - [2026-05-02T12:30:13.506+0000] {dagbag.py:588} INFO - Filling up the DagBag from /opt/airflow/dags/main.py
[2026-05-02T12:30:13.646+0000] {processor.py:925} INFO - DAG(s) 'orders_kafka_to_s3' retrieved from /opt/airflow/dags/main.py
[2026-05-02T12:30:13.674+0000] {logging_mixin.py:190} INFO - [2026-05-02T12:30:13.674+0000] {dag.py:3239} INFO - Sync 1 DAGs
[2026-05-02T12:30:13.702+0000] {logging_mixin.py:190} INFO - [2026-05-02T12:30:13.701+0000] {dag.py:4180} INFO - Setting next_dagrun for orders_kafka_to_s3 to 2026-05-02 00:00:00+00:00, run_after=2026-05-03 00:00:00+00:00
[2026-05-02T12:30:13.725+0000] {processor.py:208} INFO - Processing /opt/airflow/dags/main.py took 0.236 seconds
[2026-05-02T12:30:44.117+0000] {processor.py:186} INFO - Started process (PID=3133) to work on /opt/airflow/dags/main.py
[2026-05-02T12:30:44.119+0000] {processor.py:914} INFO - Processing file /opt/airflow/dags/main.py for tasks to queue
[2026-05-02T12:30:44.125+0000] {logging_mixin.py:190} INFO - [2026-05-02T12:30:44.124+0000] {dagbag.py:588} INFO - Filling up the DagBag from /opt/airflow/dags/main.py
[2026-05-02T12:30:44.341+0000] {processor.py:925} INFO - DAG(s) 'orders_kafka_to_s3' retrieved from /opt/airflow/dags/main.py
[2026-05-02T12:30:44.374+0000] {logging_mixin.py:190} INFO - [2026-05-02T12:30:44.373+0000] {dag.py:3239} INFO - Sync 1 DAGs
[2026-05-02T12:30:44.412+0000] {logging_mixin.py:190} INFO - [2026-05-02T12:30:44.411+0000] {dag.py:4180} INFO - Setting next_dagrun for orders_kafka_to_s3 to 2026-05-02 00:00:00+00:00, run_after=2026-05-03 00:00:00+00:00
[2026-05-02T12:30:44.451+0000] {processor.py:208} INFO - Processing /opt/airflow/dags/main.py took 0.357 seconds
[2026-05-02T12:31:14.794+0000] {processor.py:186} INFO - Started process (PID=3140) to work on /opt/airflow/dags/main.py
[2026-05-02T12:31:14.797+0000] {processor.py:914} INFO - Processing file /opt/airflow/dags/main.py for tasks to queue
[2026-05-02T12:31:14.802+0000] {logging_mixin.py:190} INFO - [2026-05-02T12:31:14.801+0000] {dagbag.py:588} INFO - Filling up the DagBag from /opt/airflow/dags/main.py
[2026-05-02T12:31:15.012+0000] {processor.py:925} INFO - DAG(s) 'orders_kafka_to_s3' retrieved from /opt/airflow/dags/main.py
[2026-05-02T12:31:15.068+0000] {logging_mixin.py:190} INFO - [2026-05-02T12:31:15.067+0000] {dag.py:3239} INFO - Sync 1 DAGs
[2026-05-02T12:31:15.097+0000] {logging_mixin.py:190} INFO - [2026-05-02T12:31:15.096+0000] {dag.py:4180} INFO - Setting next_dagrun for orders_kafka_to_s3 to 2026-05-02 00:00:00+00:00, run_after=2026-05-03 00:00:00+00:00
[2026-05-02T12:31:15.120+0000] {processor.py:208} INFO - Processing /opt/airflow/dags/main.py took 0.341 seconds
[2026-05-02T12:31:45.430+0000] {processor.py:186} INFO - Started process (PID=3146) to work on /opt/airflow/dags/main.py
[2026-05-02T12:31:45.432+0000] {processor.py:914} INFO - Processing file /opt/airflow/dags/main.py for tasks to queue
[2026-05-02T12:31:45.436+0000] {logging_mixin.py:190} INFO - [2026-05-02T12:31:45.436+0000] {dagbag.py:588} INFO - Filling up the DagBag from /opt/airflow/dags/main.py
[2026-05-02T12:31:45.574+0000] {processor.py:925} INFO - DAG(s) 'orders_kafka_to_s3' retrieved from /opt/airflow/dags/main.py
[2026-05-02T12:31:45.610+0000] {logging_mixin.py:190} INFO - [2026-05-02T12:31:45.609+0000] {dag.py:3239} INFO - Sync 1 DAGs
[2026-05-02T12:31:45.642+0000] {logging_mixin.py:190} INFO - [2026-05-02T12:31:45.641+0000] {dag.py:4180} INFO - Setting next_dagrun for orders_kafka_to_s3 to 2026-05-02 00:00:00+00:00, run_after=2026-05-03 00:00:00+00:00
[2026-05-02T12:31:45.668+0000] {processor.py:208} INFO - Processing /opt/airflow/dags/main.py took 0.246 seconds
[2026-05-02T12:32:16.261+0000] {processor.py:186} INFO - Started process (PID=3153) to work on /opt/airflow/dags/main.py
[2026-05-02T12:32:16.262+0000] {processor.py:914} INFO - Processing file /opt/airflow/dags/main.py for tasks to queue
[2026-05-02T12:32:16.268+0000] {logging_mixin.py:190} INFO - [2026-05-02T12:32:16.267+0000] {dagbag.py:588} INFO - Filling up the DagBag from /opt/airflow/dags/main.py
[2026-05-02T12:32:16.442+0000] {processor.py:925} INFO - DAG(s) 'orders_kafka_to_s3' retrieved from /opt/airflow/dags/main.py
[2026-05-02T12:32:16.471+0000] {logging_mixin.py:190} INFO - [2026-05-02T12:32:16.471+0000] {dag.py:3239} INFO - Sync 1 DAGs
[2026-05-02T12:32:16.508+0000] {logging_mixin.py:190} INFO - [2026-05-02T12:32:16.508+0000] {dag.py:4180} INFO - Setting next_dagrun for orders_kafka_to_s3 to 2026-05-02 00:00:00+00:00, run_after=2026-05-03 00:00:00+00:00
[2026-05-02T12:32:16.552+0000] {processor.py:208} INFO - Processing /opt/airflow/dags/main.py took 0.300 seconds
[2026-05-02T12:32:46.777+0000] {processor.py:186} INFO - Started process (PID=3160) to work on /opt/airflow/dags/main.py
[2026-05-02T12:32:46.779+0000] {processor.py:914} INFO - Processing file /opt/airflow/dags/main.py for tasks to queue
[2026-05-02T12:32:46.783+0000] {logging_mixin.py:190} INFO - [2026-05-02T12:32:46.782+0000] {dagbag.py:588} INFO - Filling up the DagBag from /opt/airflow/dags/main.py
[2026-05-02T12:32:46.955+0000] {processor.py:925} INFO - DAG(s) 'orders_kafka_to_s3' retrieved from /opt/airflow/dags/main.py
[2026-05-02T12:32:46.989+0000] {logging_mixin.py:190} INFO - [2026-05-02T12:32:46.988+0000] {dag.py:3239} INFO - Sync 1 DAGs
[2026-05-02T12:32:47.020+0000] {logging_mixin.py:190} INFO - [2026-05-02T12:32:47.020+0000] {dag.py:4180} INFO - Setting next_dagrun for orders_kafka_to_s3 to 2026-05-02 00:00:00+00:00, run_after=2026-05-03 00:00:00+00:00
[2026-05-02T12:32:47.050+0000] {processor.py:208} INFO - Processing /opt/airflow/dags/main.py took 0.284 seconds
[2026-05-02T12:33:17.663+0000] {processor.py:186} INFO - Started process (PID=3167) to work on /opt/airflow/dags/main.py
[2026-05-02T12:33:17.664+0000] {processor.py:914} INFO - Processing file /opt/airflow/dags/main.py for tasks to queue
[2026-05-02T12:33:17.668+0000] {logging_mixin.py:190} INFO - [2026-05-02T12:33:17.667+0000] {dagbag.py:588} INFO - Filling up the DagBag from /opt/airflow/dags/main.py
[2026-05-02T12:33:17.832+0000] {processor.py:925} INFO - DAG(s) 'orders_kafka_to_s3' retrieved from /opt/airflow/dags/main.py
[2026-05-02T12:33:17.876+0000] {logging_mixin.py:190} INFO - [2026-05-02T12:33:17.875+0000] {dag.py:3239} INFO - Sync 1 DAGs
[2026-05-02T12:33:17.913+0000] {logging_mixin.py:190} INFO - [2026-05-02T12:33:17.913+0000] {dag.py:4180} INFO - Setting next_dagrun for orders_kafka_to_s3 to 2026-05-02 00:00:00+00:00, run_after=2026-05-03 00:00:00+00:00
[2026-05-02T12:33:17.949+0000] {processor.py:208} INFO - Processing /opt/airflow/dags/main.py took 0.298 seconds
[2026-05-02T12:33:48.139+0000] {processor.py:186} INFO - Started process (PID=3174) to work on /opt/airflow/dags/main.py
[2026-05-02T12:33:48.141+0000] {processor.py:914} INFO - Processing file /opt/airflow/dags/main.py for tasks to queue
[2026-05-02T12:33:48.145+0000] {logging_mixin.py:190} INFO - [2026-05-02T12:33:48.145+0000] {dagbag.py:588} INFO - Filling up the DagBag from /opt/airflow/dags/main.py
[2026-05-02T12:33:48.296+0000] {processor.py:925} INFO - DAG(s) 'orders_kafka_to_s3' retrieved from /opt/airflow/dags/main.py
[2026-05-02T12:33:48.330+0000] {logging_mixin.py:190} INFO - [2026-05-02T12:33:48.330+0000] {dag.py:3239} INFO - Sync 1 DAGs
[2026-05-02T12:33:48.360+0000] {logging_mixin.py:190} INFO - [2026-05-02T12:33:48.360+0000] {dag.py:4180} INFO - Setting next_dagrun for orders_kafka_to_s3 to 2026-05-02 00:00:00+00:00, run_after=2026-05-03 00:00:00+00:00
[2026-05-02T12:33:48.393+0000] {processor.py:208} INFO - Processing /opt/airflow/dags/main.py took 0.263 seconds
[2026-05-02T12:34:19.164+0000] {processor.py:186} INFO - Started process (PID=3181) to work on /opt/airflow/dags/main.py
[2026-05-02T12:34:19.167+0000] {processor.py:914} INFO - Processing file /opt/airflow/dags/main.py for tasks to queue
[2026-05-02T12:34:19.174+0000] {logging_mixin.py:190} INFO - [2026-05-02T12:34:19.173+0000] {dagbag.py:588} INFO - Filling up the DagBag from /opt/airflow/dags/main.py
[2026-05-02T12:34:19.379+0000] {processor.py:925} INFO - DAG(s) 'orders_kafka_to_s3' retrieved from /opt/airflow/dags/main.py
[2026-05-02T12:34:19.426+0000] {logging_mixin.py:190} INFO - [2026-05-02T12:34:19.426+0000] {dag.py:3239} INFO - Sync 1 DAGs
[2026-05-02T12:34:19.470+0000] {logging_mixin.py:190} INFO - [2026-05-02T12:34:19.470+0000] {dag.py:4180} INFO - Setting next_dagrun for orders_kafka_to_s3 to 2026-05-02 00:00:00+00:00, run_after=2026-05-03 00:00:00+00:00
[2026-05-02T12:34:19.519+0000] {processor.py:208} INFO - Processing /opt/airflow/dags/main.py took 0.377 seconds
[2026-05-02T12:34:49.697+0000] {processor.py:186} INFO - Started process (PID=3188) to work on /opt/airflow/dags/main.py
[2026-05-02T12:34:49.698+0000] {processor.py:914} INFO - Processing file /opt/airflow/dags/main.py for tasks to queue
[2026-05-02T12:34:49.702+0000] {logging_mixin.py:190} INFO - [2026-05-02T12:34:49.702+0000] {dagbag.py:588} INFO - Filling up the DagBag from /opt/airflow/dags/main.py
[2026-05-02T12:34:49.839+0000] {processor.py:925} INFO - DAG(s) 'orders_kafka_to_s3' retrieved from /opt/airflow/dags/main.py
[2026-05-02T12:34:49.877+0000] {logging_mixin.py:190} INFO - [2026-05-02T12:34:49.877+0000] {dag.py:3239} INFO - Sync 1 DAGs
[2026-05-02T12:34:49.978+0000] {logging_mixin.py:190} INFO - [2026-05-02T12:34:49.977+0000] {dag.py:4180} INFO - Setting next_dagrun for orders_kafka_to_s3 to 2026-05-02 00:00:00+00:00, run_after=2026-05-03 00:00:00+00:00
[2026-05-02T12:34:50.022+0000] {processor.py:208} INFO - Processing /opt/airflow/dags/main.py took 0.336 seconds
[2026-05-02T12:35:20.856+0000] {processor.py:186} INFO - Started process (PID=3195) to work on /opt/airflow/dags/main.py
[2026-05-02T12:35:20.862+0000] {processor.py:914} INFO - Processing file /opt/airflow/dags/main.py for tasks to queue
[2026-05-02T12:35:20.881+0000] {logging_mixin.py:190} INFO - [2026-05-02T12:35:20.879+0000] {dagbag.py:588} INFO - Filling up the DagBag from /opt/airflow/dags/main.py
[2026-05-02T12:35:21.121+0000] {processor.py:925} INFO - DAG(s) 'orders_kafka_to_s3' retrieved from /opt/airflow/dags/main.py
[2026-05-02T12:35:21.160+0000] {logging_mixin.py:190} INFO - [2026-05-02T12:35:21.160+0000] {dag.py:3239} INFO - Sync 1 DAGs
[2026-05-02T12:35:21.194+0000] {logging_mixin.py:190} INFO - [2026-05-02T12:35:21.193+0000] {dag.py:4180} INFO - Setting next_dagrun for orders_kafka_to_s3 to 2026-05-02 00:00:00+00:00, run_after=2026-05-03 00:00:00+00:00
[2026-05-02T12:35:21.224+0000] {processor.py:208} INFO - Processing /opt/airflow/dags/main.py took 0.407 seconds
[2026-05-02T12:35:51.623+0000] {processor.py:186} INFO - Started process (PID=3202) to work on /opt/airflow/dags/main.py
[2026-05-02T12:35:51.625+0000] {processor.py:914} INFO - Processing file /opt/airflow/dags/main.py for tasks to queue
[2026-05-02T12:35:51.629+0000] {logging_mixin.py:190} INFO - [2026-05-02T12:35:51.628+0000] {dagbag.py:588} INFO - Filling up the DagBag from /opt/airflow/dags/main.py
[2026-05-02T12:35:51.822+0000] {processor.py:925} INFO - DAG(s) 'orders_kafka_to_s3' retrieved from /opt/airflow/dags/main.py
[2026-05-02T12:35:51.865+0000] {logging_mixin.py:190} INFO - [2026-05-02T12:35:51.865+0000] {dag.py:3239} INFO - Sync 1 DAGs
[2026-05-02T12:35:51.906+0000] {logging_mixin.py:190} INFO - [2026-05-02T12:35:51.905+0000] {dag.py:4180} INFO - Setting next_dagrun for orders_kafka_to_s3 to 2026-05-02 00:00:00+00:00, run_after=2026-05-03 00:00:00+00:00
[2026-05-02T12:35:51.949+0000] {processor.py:208} INFO - Processing /opt/airflow/dags/main.py took 0.338 seconds
[2026-05-02T12:36:22.268+0000] {processor.py:186} INFO - Started process (PID=3208) to work on /opt/airflow/dags/main.py
[2026-05-02T12:36:22.270+0000] {processor.py:914} INFO - Processing file /opt/airflow/dags/main.py for tasks to queue
[2026-05-02T12:36:22.275+0000] {logging_mixin.py:190} INFO - [2026-05-02T12:36:22.274+0000] {dagbag.py:588} INFO - Filling up the DagBag from /opt/airflow/dags/main.py
[2026-05-02T12:36:22.414+0000] {processor.py:925} INFO - DAG(s) 'orders_kafka_to_s3' retrieved from /opt/airflow/dags/main.py
[2026-05-02T12:36:22.461+0000] {logging_mixin.py:190} INFO - [2026-05-02T12:36:22.460+0000] {dag.py:3239} INFO - Sync 1 DAGs
[2026-05-02T12:36:22.509+0000] {logging_mixin.py:190} INFO - [2026-05-02T12:36:22.509+0000] {dag.py:4180} INFO - Setting next_dagrun for orders_kafka_to_s3 to 2026-05-02 00:00:00+00:00, run_after=2026-05-03 00:00:00+00:00
[2026-05-02T12:36:22.544+0000] {processor.py:208} INFO - Processing /opt/airflow/dags/main.py took 0.291 seconds
[2026-05-02T12:36:53.000+0000] {processor.py:186} INFO - Started process (PID=3215) to work on /opt/airflow/dags/main.py
[2026-05-02T12:36:53.001+0000] {processor.py:914} INFO - Processing file /opt/airflow/dags/main.py for tasks to queue
[2026-05-02T12:36:53.005+0000] {logging_mixin.py:190} INFO - [2026-05-02T12:36:53.005+0000] {dagbag.py:588} INFO - Filling up the DagBag from /opt/airflow/dags/main.py
[2026-05-02T12:36:53.150+0000] {processor.py:925} INFO - DAG(s) 'orders_kafka_to_s3' retrieved from /opt/airflow/dags/main.py
[2026-05-02T12:36:53.184+0000] {logging_mixin.py:190} INFO - [2026-05-02T12:36:53.183+0000] {dag.py:3239} INFO - Sync 1 DAGs
[2026-05-02T12:36:53.217+0000] {logging_mixin.py:190} INFO - [2026-05-02T12:36:53.217+0000] {dag.py:4180} INFO - Setting next_dagrun for orders_kafka_to_s3 to 2026-05-02 00:00:00+00:00, run_after=2026-05-03 00:00:00+00:00
[2026-05-02T12:36:53.265+0000] {processor.py:208} INFO - Processing /opt/airflow/dags/main.py took 0.273 seconds
[2026-05-02T12:37:23.483+0000] {processor.py:186} INFO - Started process (PID=3222) to work on /opt/airflow/dags/main.py
[2026-05-02T12:37:23.484+0000] {processor.py:914} INFO - Processing file /opt/airflow/dags/main.py for tasks to queue
[2026-05-02T12:37:23.488+0000] {logging_mixin.py:190} INFO - [2026-05-02T12:37:23.488+0000] {dagbag.py:588} INFO - Filling up the DagBag from /opt/airflow/dags/main.py
[2026-05-02T12:37:23.695+0000] {processor.py:925} INFO - DAG(s) 'orders_kafka_to_s3' retrieved from /opt/airflow/dags/main.py
[2026-05-02T12:37:23.730+0000] {logging_mixin.py:190} INFO - [2026-05-02T12:37:23.730+0000] {dag.py:3239} INFO - Sync 1 DAGs
[2026-05-02T12:37:23.762+0000] {logging_mixin.py:190} INFO - [2026-05-02T12:37:23.762+0000] {dag.py:4180} INFO - Setting next_dagrun for orders_kafka_to_s3 to 2026-05-02 00:00:00+00:00, run_after=2026-05-03 00:00:00+00:00
[2026-05-02T12:37:23.792+0000] {processor.py:208} INFO - Processing /opt/airflow/dags/main.py took 0.317 seconds
[2026-05-02T12:37:54.015+0000] {processor.py:186} INFO - Started process (PID=3229) to work on /opt/airflow/dags/main.py
[2026-05-02T12:37:54.017+0000] {processor.py:914} INFO - Processing file /opt/airflow/dags/main.py for tasks to queue
[2026-05-02T12:37:54.024+0000] {logging_mixin.py:190} INFO - [2026-05-02T12:37:54.023+0000] {dagbag.py:588} INFO - Filling up the DagBag from /opt/airflow/dags/main.py
[2026-05-02T12:37:54.203+0000] {processor.py:925} INFO - DAG(s) 'orders_kafka_to_s3' retrieved from /opt/airflow/dags/main.py
[2026-05-02T12:37:54.242+0000] {logging_mixin.py:190} INFO - [2026-05-02T12:37:54.242+0000] {dag.py:3239} INFO - Sync 1 DAGs
[2026-05-02T12:37:54.278+0000] {logging_mixin.py:190} INFO - [2026-05-02T12:37:54.278+0000] {dag.py:4180} INFO - Setting next_dagrun for orders_kafka_to_s3 to 2026-05-02 00:00:00+00:00, run_after=2026-05-03 00:00:00+00:00
[2026-05-02T12:37:54.310+0000] {processor.py:208} INFO - Processing /opt/airflow/dags/main.py took 0.309 seconds
[2026-05-02T12:38:24.791+0000] {processor.py:186} INFO - Started process (PID=3236) to work on /opt/airflow/dags/main.py
[2026-05-02T12:38:24.793+0000] {processor.py:914} INFO - Processing file /opt/airflow/dags/main.py for tasks to queue
[2026-05-02T12:38:24.797+0000] {logging_mixin.py:190} INFO - [2026-05-02T12:38:24.796+0000] {dagbag.py:588} INFO - Filling up the DagBag from /opt/airflow/dags/main.py
[2026-05-02T12:38:24.991+0000] {processor.py:925} INFO - DAG(s) 'orders_kafka_to_s3' retrieved from /opt/airflow/dags/main.py
[2026-05-02T12:38:25.058+0000] {logging_mixin.py:190} INFO - [2026-05-02T12:38:25.057+0000] {dag.py:3239} INFO - Sync 1 DAGs
[2026-05-02T12:38:25.121+0000] {logging_mixin.py:190} INFO - [2026-05-02T12:38:25.120+0000] {dag.py:4180} INFO - Setting next_dagrun for orders_kafka_to_s3 to 2026-05-02 00:00:00+00:00, run_after=2026-05-03 00:00:00+00:00
[2026-05-02T12:38:25.167+0000] {processor.py:208} INFO - Processing /opt/airflow/dags/main.py took 0.385 seconds
[2026-05-02T12:38:55.472+0000] {processor.py:186} INFO - Started process (PID=3243) to work on /opt/airflow/dags/main.py
[2026-05-02T12:38:55.477+0000] {processor.py:914} INFO - Processing file /opt/airflow/dags/main.py for tasks to queue
[2026-05-02T12:38:55.494+0000] {logging_mixin.py:190} INFO - [2026-05-02T12:38:55.492+0000] {dagbag.py:588} INFO - Filling up the DagBag from /opt/airflow/dags/main.py
[2026-05-02T12:38:55.842+0000] {processor.py:925} INFO - DAG(s) 'orders_kafka_to_s3' retrieved from /opt/airflow/dags/main.py
[2026-05-02T12:38:55.895+0000] {logging_mixin.py:190} INFO - [2026-05-02T12:38:55.895+0000] {dag.py:3239} INFO - Sync 1 DAGs
[2026-05-02T12:38:55.958+0000] {logging_mixin.py:190} INFO - [2026-05-02T12:38:55.957+0000] {dag.py:4180} INFO - Setting next_dagrun for orders_kafka_to_s3 to 2026-05-02 00:00:00+00:00, run_after=2026-05-03 00:00:00+00:00
[2026-05-02T12:38:56.016+0000] {processor.py:208} INFO - Processing /opt/airflow/dags/main.py took 0.581 seconds
[2026-05-02T12:39:26.249+0000] {processor.py:186} INFO - Started process (PID=3250) to work on /opt/airflow/dags/main.py
[2026-05-02T12:39:26.251+0000] {processor.py:914} INFO - Processing file /opt/airflow/dags/main.py for tasks to queue
[2026-05-02T12:39:26.256+0000] {logging_mixin.py:190} INFO - [2026-05-02T12:39:26.256+0000] {dagbag.py:588} INFO - Filling up the DagBag from /opt/airflow/dags/main.py
[2026-05-02T12:39:26.447+0000] {processor.py:925} INFO - DAG(s) 'orders_kafka_to_s3' retrieved from /opt/airflow/dags/main.py
[2026-05-02T12:39:26.508+0000] {logging_mixin.py:190} INFO - [2026-05-02T12:39:26.508+0000] {dag.py:3239} INFO - Sync 1 DAGs
[2026-05-02T12:39:26.542+0000] {logging_mixin.py:190} INFO - [2026-05-02T12:39:26.542+0000] {dag.py:4180} INFO - Setting next_dagrun for orders_kafka_to_s3 to 2026-05-02 00:00:00+00:00, run_after=2026-05-03 00:00:00+00:00
[2026-05-02T12:39:26.573+0000] {processor.py:208} INFO - Processing /opt/airflow/dags/main.py took 0.333 seconds
[2026-05-02T12:39:57.084+0000] {processor.py:186} INFO - Started process (PID=3257) to work on /opt/airflow/dags/main.py
[2026-05-02T12:39:57.086+0000] {processor.py:914} INFO - Processing file /opt/airflow/dags/main.py for tasks to queue
[2026-05-02T12:39:57.091+0000] {logging_mixin.py:190} INFO - [2026-05-02T12:39:57.090+0000] {dagbag.py:588} INFO - Filling up the DagBag from /opt/airflow/dags/main.py
[2026-05-02T12:39:57.288+0000] {processor.py:925} INFO - DAG(s) 'orders_kafka_to_s3' retrieved from /opt/airflow/dags/main.py
[2026-05-02T12:39:57.363+0000] {logging_mixin.py:190} INFO - [2026-05-02T12:39:57.363+0000] {dag.py:3239} INFO - Sync 1 DAGs
[2026-05-02T12:39:57.420+0000] {logging_mixin.py:190} INFO - [2026-05-02T12:39:57.419+0000] {dag.py:4180} INFO - Setting next_dagrun for orders_kafka_to_s3 to 2026-05-02 00:00:00+00:00, run_after=2026-05-03 00:00:00+00:00
[2026-05-02T12:39:57.456+0000] {processor.py:208} INFO - Processing /opt/airflow/dags/main.py took 0.382 seconds
[2026-05-02T12:40:27.753+0000] {processor.py:186} INFO - Started process (PID=3264) to work on /opt/airflow/dags/main.py
[2026-05-02T12:40:27.756+0000] {processor.py:914} INFO - Processing file /opt/airflow/dags/main.py for tasks to queue
[2026-05-02T12:40:27.761+0000] {logging_mixin.py:190} INFO - [2026-05-02T12:40:27.760+0000] {dagbag.py:588} INFO - Filling up the DagBag from /opt/airflow/dags/main.py
[2026-05-02T12:40:28.049+0000] {processor.py:925} INFO - DAG(s) 'orders_kafka_to_s3' retrieved from /opt/airflow/dags/main.py
[2026-05-02T12:40:28.119+0000] {logging_mixin.py:190} INFO - [2026-05-02T12:40:28.118+0000] {dag.py:3239} INFO - Sync 1 DAGs
[2026-05-02T12:40:28.195+0000] {logging_mixin.py:190} INFO - [2026-05-02T12:40:28.195+0000] {dag.py:4180} INFO - Setting next_dagrun for orders_kafka_to_s3 to 2026-05-02 00:00:00+00:00, run_after=2026-05-03 00:00:00+00:00
[2026-05-02T12:40:28.250+0000] {processor.py:208} INFO - Processing /opt/airflow/dags/main.py took 0.513 seconds
[2026-05-02T12:40:58.920+0000] {processor.py:186} INFO - Started process (PID=3271) to work on /opt/airflow/dags/main.py
[2026-05-02T12:40:58.922+0000] {processor.py:914} INFO - Processing file /opt/airflow/dags/main.py for tasks to queue
[2026-05-02T12:40:58.930+0000] {logging_mixin.py:190} INFO - [2026-05-02T12:40:58.929+0000] {dagbag.py:588} INFO - Filling up the DagBag from /opt/airflow/dags/main.py
[2026-05-02T12:40:59.136+0000] {processor.py:925} INFO - DAG(s) 'orders_kafka_to_s3' retrieved from /opt/airflow/dags/main.py
[2026-05-02T12:40:59.171+0000] {logging_mixin.py:190} INFO - [2026-05-02T12:40:59.170+0000] {dag.py:3239} INFO - Sync 1 DAGs
[2026-05-02T12:40:59.206+0000] {logging_mixin.py:190} INFO - [2026-05-02T12:40:59.206+0000] {dag.py:4180} INFO - Setting next_dagrun for orders_kafka_to_s3 to 2026-05-02 00:00:00+00:00, run_after=2026-05-03 00:00:00+00:00
[2026-05-02T12:40:59.236+0000] {processor.py:208} INFO - Processing /opt/airflow/dags/main.py took 0.334 seconds
[2026-05-02T12:41:29.510+0000] {processor.py:186} INFO - Started process (PID=3279) to work on /opt/airflow/dags/main.py
[2026-05-02T12:41:29.512+0000] {processor.py:914} INFO - Processing file /opt/airflow/dags/main.py for tasks to queue
[2026-05-02T12:41:29.517+0000] {logging_mixin.py:190} INFO - [2026-05-02T12:41:29.516+0000] {dagbag.py:588} INFO - Filling up the DagBag from /opt/airflow/dags/main.py
[2026-05-02T12:41:29.714+0000] {processor.py:925} INFO - DAG(s) 'orders_kafka_to_s3' retrieved from /opt/airflow/dags/main.py
[2026-05-02T12:41:29.756+0000] {logging_mixin.py:190} INFO - [2026-05-02T12:41:29.756+0000] {dag.py:3239} INFO - Sync 1 DAGs
[2026-05-02T12:41:29.789+0000] {logging_mixin.py:190} INFO - [2026-05-02T12:41:29.789+0000] {dag.py:4180} INFO - Setting next_dagrun for orders_kafka_to_s3 to 2026-05-02 00:00:00+00:00, run_after=2026-05-03 00:00:00+00:00
[2026-05-02T12:41:29.828+0000] {processor.py:208} INFO - Processing /opt/airflow/dags/main.py took 0.328 seconds
[2026-05-02T12:42:00.120+0000] {processor.py:186} INFO - Started process (PID=3286) to work on /opt/airflow/dags/main.py
[2026-05-02T12:42:00.122+0000] {processor.py:914} INFO - Processing file /opt/airflow/dags/main.py for tasks to queue
[2026-05-02T12:42:00.126+0000] {logging_mixin.py:190} INFO - [2026-05-02T12:42:00.125+0000] {dagbag.py:588} INFO - Filling up the DagBag from /opt/airflow/dags/main.py
[2026-05-02T12:42:00.292+0000] {processor.py:925} INFO - DAG(s) 'orders_kafka_to_s3' retrieved from /opt/airflow/dags/main.py
[2026-05-02T12:42:00.327+0000] {logging_mixin.py:190} INFO - [2026-05-02T12:42:00.327+0000] {dag.py:3239} INFO - Sync 1 DAGs
[2026-05-02T12:42:00.358+0000] {logging_mixin.py:190} INFO - [2026-05-02T12:42:00.358+0000] {dag.py:4180} INFO - Setting next_dagrun for orders_kafka_to_s3 to 2026-05-02 00:00:00+00:00, run_after=2026-05-03 00:00:00+00:00
[2026-05-02T12:42:00.389+0000] {processor.py:208} INFO - Processing /opt/airflow/dags/main.py took 0.279 seconds
[2026-05-02T12:42:30.815+0000] {processor.py:186} INFO - Started process (PID=3293) to work on /opt/airflow/dags/main.py
[2026-05-02T12:42:30.817+0000] {processor.py:914} INFO - Processing file /opt/airflow/dags/main.py for tasks to queue
[2026-05-02T12:42:30.821+0000] {logging_mixin.py:190} INFO - [2026-05-02T12:42:30.821+0000] {dagbag.py:588} INFO - Filling up the DagBag from /opt/airflow/dags/main.py
[2026-05-02T12:42:31.008+0000] {processor.py:925} INFO - DAG(s) 'orders_kafka_to_s3' retrieved from /opt/airflow/dags/main.py
[2026-05-02T12:42:31.041+0000] {logging_mixin.py:190} INFO - [2026-05-02T12:42:31.041+0000] {dag.py:3239} INFO - Sync 1 DAGs
[2026-05-02T12:42:31.090+0000] {logging_mixin.py:190} INFO - [2026-05-02T12:42:31.089+0000] {dag.py:4180} INFO - Setting next_dagrun for orders_kafka_to_s3 to 2026-05-02 00:00:00+00:00, run_after=2026-05-03 00:00:00+00:00
[2026-05-02T12:42:31.144+0000] {processor.py:208} INFO - Processing /opt/airflow/dags/main.py took 0.338 seconds
[2026-05-02T12:43:01.296+0000] {processor.py:186} INFO - Started process (PID=3299) to work on /opt/airflow/dags/main.py
[2026-05-02T12:43:01.298+0000] {processor.py:914} INFO - Processing file /opt/airflow/dags/main.py for tasks to queue
[2026-05-02T12:43:01.301+0000] {logging_mixin.py:190} INFO - [2026-05-02T12:43:01.301+0000] {dagbag.py:588} INFO - Filling up the DagBag from /opt/airflow/dags/main.py
[2026-05-02T12:43:01.437+0000] {processor.py:925} INFO - DAG(s) 'orders_kafka_to_s3' retrieved from /opt/airflow/dags/main.py
[2026-05-02T12:43:01.468+0000] {logging_mixin.py:190} INFO - [2026-05-02T12:43:01.467+0000] {dag.py:3239} INFO - Sync 1 DAGs
[2026-05-02T12:43:01.499+0000] {logging_mixin.py:190} INFO - [2026-05-02T12:43:01.499+0000] {dag.py:4180} INFO - Setting next_dagrun for orders_kafka_to_s3 to 2026-05-02 00:00:00+00:00, run_after=2026-05-03 00:00:00+00:00
[2026-05-02T12:43:01.529+0000] {processor.py:208} INFO - Processing /opt/airflow/dags/main.py took 0.242 seconds
[2026-05-02T12:43:31.719+0000] {processor.py:186} INFO - Started process (PID=3306) to work on /opt/airflow/dags/main.py
[2026-05-02T12:43:31.722+0000] {processor.py:914} INFO - Processing file /opt/airflow/dags/main.py for tasks to queue
[2026-05-02T12:43:31.730+0000] {logging_mixin.py:190} INFO - [2026-05-02T12:43:31.730+0000] {dagbag.py:588} INFO - Filling up the DagBag from /opt/airflow/dags/main.py
[2026-05-02T12:43:31.911+0000] {processor.py:925} INFO - DAG(s) 'orders_kafka_to_s3' retrieved from /opt/airflow/dags/main.py
[2026-05-02T12:43:31.943+0000] {logging_mixin.py:190} INFO - [2026-05-02T12:43:31.943+0000] {dag.py:3239} INFO - Sync 1 DAGs
[2026-05-02T12:43:31.978+0000] {logging_mixin.py:190} INFO - [2026-05-02T12:43:31.977+0000] {dag.py:4180} INFO - Setting next_dagrun for orders_kafka_to_s3 to 2026-05-02 00:00:00+00:00, run_after=2026-05-03 00:00:00+00:00
[2026-05-02T12:43:32.004+0000] {processor.py:208} INFO - Processing /opt/airflow/dags/main.py took 0.297 seconds
[2026-05-02T12:44:02.659+0000] {processor.py:186} INFO - Started process (PID=3312) to work on /opt/airflow/dags/main.py
[2026-05-02T12:44:02.662+0000] {processor.py:914} INFO - Processing file /opt/airflow/dags/main.py for tasks to queue
[2026-05-02T12:44:02.666+0000] {logging_mixin.py:190} INFO - [2026-05-02T12:44:02.666+0000] {dagbag.py:588} INFO - Filling up the DagBag from /opt/airflow/dags/main.py
[2026-05-02T12:44:02.838+0000] {processor.py:925} INFO - DAG(s) 'orders_kafka_to_s3' retrieved from /opt/airflow/dags/main.py
[2026-05-02T12:44:02.874+0000] {logging_mixin.py:190} INFO - [2026-05-02T12:44:02.874+0000] {dag.py:3239} INFO - Sync 1 DAGs
[2026-05-02T12:44:02.905+0000] {logging_mixin.py:190} INFO - [2026-05-02T12:44:02.905+0000] {dag.py:4180} INFO - Setting next_dagrun for orders_kafka_to_s3 to 2026-05-02 00:00:00+00:00, run_after=2026-05-03 00:00:00+00:00
[2026-05-02T12:44:02.931+0000] {processor.py:208} INFO - Processing /opt/airflow/dags/main.py took 0.284 seconds
[2026-05-02T12:44:33.279+0000] {processor.py:186} INFO - Started process (PID=3319) to work on /opt/airflow/dags/main.py
[2026-05-02T12:44:33.280+0000] {processor.py:914} INFO - Processing file /opt/airflow/dags/main.py for tasks to queue
[2026-05-02T12:44:33.286+0000] {logging_mixin.py:190} INFO - [2026-05-02T12:44:33.285+0000] {dagbag.py:588} INFO - Filling up the DagBag from /opt/airflow/dags/main.py
[2026-05-02T12:44:33.457+0000] {processor.py:925} INFO - DAG(s) 'orders_kafka_to_s3' retrieved from /opt/airflow/dags/main.py
[2026-05-02T12:44:33.502+0000] {logging_mixin.py:190} INFO - [2026-05-02T12:44:33.502+0000] {dag.py:3239} INFO - Sync 1 DAGs
[2026-05-02T12:44:33.540+0000] {logging_mixin.py:190} INFO - [2026-05-02T12:44:33.540+0000] {dag.py:4180} INFO - Setting next_dagrun for orders_kafka_to_s3 to 2026-05-02 00:00:00+00:00, run_after=2026-05-03 00:00:00+00:00
[2026-05-02T12:44:33.569+0000] {processor.py:208} INFO - Processing /opt/airflow/dags/main.py took 0.302 seconds
[2026-05-02T12:45:04.130+0000] {processor.py:186} INFO - Started process (PID=3326) to work on /opt/airflow/dags/main.py
[2026-05-02T12:45:04.132+0000] {processor.py:914} INFO - Processing file /opt/airflow/dags/main.py for tasks to queue
[2026-05-02T12:45:04.137+0000] {logging_mixin.py:190} INFO - [2026-05-02T12:45:04.137+0000] {dagbag.py:588} INFO - Filling up the DagBag from /opt/airflow/dags/main.py
[2026-05-02T12:45:04.455+0000] {processor.py:925} INFO - DAG(s) 'orders_kafka_to_s3' retrieved from /opt/airflow/dags/main.py
[2026-05-02T12:45:04.544+0000] {logging_mixin.py:190} INFO - [2026-05-02T12:45:04.543+0000] {dag.py:3239} INFO - Sync 1 DAGs
[2026-05-02T12:45:04.653+0000] {logging_mixin.py:190} INFO - [2026-05-02T12:45:04.653+0000] {dag.py:4180} INFO - Setting next_dagrun for orders_kafka_to_s3 to 2026-05-02 00:00:00+00:00, run_after=2026-05-03 00:00:00+00:00
[2026-05-02T12:45:04.689+0000] {processor.py:208} INFO - Processing /opt/airflow/dags/main.py took 0.576 seconds
[2026-05-02T12:45:35.025+0000] {processor.py:186} INFO - Started process (PID=3333) to work on /opt/airflow/dags/main.py
[2026-05-02T12:45:35.027+0000] {processor.py:914} INFO - Processing file /opt/airflow/dags/main.py for tasks to queue
[2026-05-02T12:45:35.032+0000] {logging_mixin.py:190} INFO - [2026-05-02T12:45:35.031+0000] {dagbag.py:588} INFO - Filling up the DagBag from /opt/airflow/dags/main.py
[2026-05-02T12:45:35.254+0000] {processor.py:925} INFO - DAG(s) 'orders_kafka_to_s3' retrieved from /opt/airflow/dags/main.py
[2026-05-02T12:45:35.299+0000] {logging_mixin.py:190} INFO - [2026-05-02T12:45:35.299+0000] {dag.py:3239} INFO - Sync 1 DAGs
[2026-05-02T12:45:35.348+0000] {logging_mixin.py:190} INFO - [2026-05-02T12:45:35.347+0000] {dag.py:4180} INFO - Setting next_dagrun for orders_kafka_to_s3 to 2026-05-02 00:00:00+00:00, run_after=2026-05-03 00:00:00+00:00
[2026-05-02T12:45:35.376+0000] {processor.py:208} INFO - Processing /opt/airflow/dags/main.py took 0.369 seconds
[2026-05-02T12:46:05.823+0000] {processor.py:186} INFO - Started process (PID=3340) to work on /opt/airflow/dags/main.py
[2026-05-02T12:46:05.828+0000] {processor.py:914} INFO - Processing file /opt/airflow/dags/main.py for tasks to queue
[2026-05-02T12:46:05.844+0000] {logging_mixin.py:190} INFO - [2026-05-02T12:46:05.842+0000] {dagbag.py:588} INFO - Filling up the DagBag from /opt/airflow/dags/main.py
[2026-05-02T12:46:06.185+0000] {processor.py:925} INFO - DAG(s) 'orders_kafka_to_s3' retrieved from /opt/airflow/dags/main.py
[2026-05-02T12:46:06.223+0000] {logging_mixin.py:190} INFO - [2026-05-02T12:46:06.223+0000] {dag.py:3239} INFO - Sync 1 DAGs
[2026-05-02T12:46:06.255+0000] {logging_mixin.py:190} INFO - [2026-05-02T12:46:06.254+0000] {dag.py:4180} INFO - Setting next_dagrun for orders_kafka_to_s3 to 2026-05-02 00:00:00+00:00, run_after=2026-05-03 00:00:00+00:00
[2026-05-02T12:46:06.281+0000] {processor.py:208} INFO - Processing /opt/airflow/dags/main.py took 0.489 seconds
[2026-05-02T12:46:36.778+0000] {processor.py:186} INFO - Started process (PID=3346) to work on /opt/airflow/dags/main.py
[2026-05-02T12:46:36.780+0000] {processor.py:914} INFO - Processing file /opt/airflow/dags/main.py for tasks to queue
[2026-05-02T12:46:36.784+0000] {logging_mixin.py:190} INFO - [2026-05-02T12:46:36.783+0000] {dagbag.py:588} INFO - Filling up the DagBag from /opt/airflow/dags/main.py
[2026-05-02T12:46:36.936+0000] {processor.py:925} INFO - DAG(s) 'orders_kafka_to_s3' retrieved from /opt/airflow/dags/main.py
[2026-05-02T12:46:36.965+0000] {logging_mixin.py:190} INFO - [2026-05-02T12:46:36.965+0000] {dag.py:3239} INFO - Sync 1 DAGs
[2026-05-02T12:46:36.996+0000] {logging_mixin.py:190} INFO - [2026-05-02T12:46:36.996+0000] {dag.py:4180} INFO - Setting next_dagrun for orders_kafka_to_s3 to 2026-05-02 00:00:00+00:00, run_after=2026-05-03 00:00:00+00:00
[2026-05-02T12:46:37.021+0000] {processor.py:208} INFO - Processing /opt/airflow/dags/main.py took 0.253 seconds
[2026-05-02T12:47:07.293+0000] {processor.py:186} INFO - Started process (PID=3353) to work on /opt/airflow/dags/main.py
[2026-05-02T12:47:07.295+0000] {processor.py:914} INFO - Processing file /opt/airflow/dags/main.py for tasks to queue
[2026-05-02T12:47:07.304+0000] {logging_mixin.py:190} INFO - [2026-05-02T12:47:07.303+0000] {dagbag.py:588} INFO - Filling up the DagBag from /opt/airflow/dags/main.py
[2026-05-02T12:47:07.478+0000] {processor.py:925} INFO - DAG(s) 'orders_kafka_to_s3' retrieved from /opt/airflow/dags/main.py
[2026-05-02T12:47:07.515+0000] {logging_mixin.py:190} INFO - [2026-05-02T12:47:07.514+0000] {dag.py:3239} INFO - Sync 1 DAGs
[2026-05-02T12:47:07.550+0000] {logging_mixin.py:190} INFO - [2026-05-02T12:47:07.550+0000] {dag.py:4180} INFO - Setting next_dagrun for orders_kafka_to_s3 to 2026-05-02 00:00:00+00:00, run_after=2026-05-03 00:00:00+00:00
[2026-05-02T12:47:07.580+0000] {processor.py:208} INFO - Processing /opt/airflow/dags/main.py took 0.296 seconds
[2026-05-02T12:47:38.000+0000] {processor.py:186} INFO - Started process (PID=3360) to work on /opt/airflow/dags/main.py
[2026-05-02T12:47:38.002+0000] {processor.py:914} INFO - Processing file /opt/airflow/dags/main.py for tasks to queue
[2026-05-02T12:47:38.007+0000] {logging_mixin.py:190} INFO - [2026-05-02T12:47:38.006+0000] {dagbag.py:588} INFO - Filling up the DagBag from /opt/airflow/dags/main.py
[2026-05-02T12:47:38.146+0000] {processor.py:925} INFO - DAG(s) 'orders_kafka_to_s3' retrieved from /opt/airflow/dags/main.py
[2026-05-02T12:47:38.176+0000] {logging_mixin.py:190} INFO - [2026-05-02T12:47:38.176+0000] {dag.py:3239} INFO - Sync 1 DAGs
[2026-05-02T12:47:38.210+0000] {logging_mixin.py:190} INFO - [2026-05-02T12:47:38.210+0000] {dag.py:4180} INFO - Setting next_dagrun for orders_kafka_to_s3 to 2026-05-02 00:00:00+00:00, run_after=2026-05-03 00:00:00+00:00
[2026-05-02T12:47:38.242+0000] {processor.py:208} INFO - Processing /opt/airflow/dags/main.py took 0.250 seconds
[2026-05-02T12:48:08.582+0000] {processor.py:186} INFO - Started process (PID=3367) to work on /opt/airflow/dags/main.py
[2026-05-02T12:48:08.585+0000] {processor.py:914} INFO - Processing file /opt/airflow/dags/main.py for tasks to queue
[2026-05-02T12:48:08.592+0000] {logging_mixin.py:190} INFO - [2026-05-02T12:48:08.592+0000] {dagbag.py:588} INFO - Filling up the DagBag from /opt/airflow/dags/main.py
[2026-05-02T12:48:08.799+0000] {processor.py:925} INFO - DAG(s) 'orders_kafka_to_s3' retrieved from /opt/airflow/dags/main.py
[2026-05-02T12:48:08.839+0000] {logging_mixin.py:190} INFO - [2026-05-02T12:48:08.838+0000] {dag.py:3239} INFO - Sync 1 DAGs
[2026-05-02T12:48:08.869+0000] {logging_mixin.py:190} INFO - [2026-05-02T12:48:08.869+0000] {dag.py:4180} INFO - Setting next_dagrun for orders_kafka_to_s3 to 2026-05-02 00:00:00+00:00, run_after=2026-05-03 00:00:00+00:00
[2026-05-02T12:48:08.893+0000] {processor.py:208} INFO - Processing /opt/airflow/dags/main.py took 0.328 seconds
[2026-05-02T12:48:39.192+0000] {processor.py:186} INFO - Started process (PID=3375) to work on /opt/airflow/dags/main.py
[2026-05-02T12:48:39.193+0000] {processor.py:914} INFO - Processing file /opt/airflow/dags/main.py for tasks to queue
[2026-05-02T12:48:39.198+0000] {logging_mixin.py:190} INFO - [2026-05-02T12:48:39.197+0000] {dagbag.py:588} INFO - Filling up the DagBag from /opt/airflow/dags/main.py
[2026-05-02T12:48:39.388+0000] {processor.py:925} INFO - DAG(s) 'orders_kafka_to_s3' retrieved from /opt/airflow/dags/main.py
[2026-05-02T12:48:39.418+0000] {logging_mixin.py:190} INFO - [2026-05-02T12:48:39.418+0000] {dag.py:3239} INFO - Sync 1 DAGs
[2026-05-02T12:48:39.447+0000] {logging_mixin.py:190} INFO - [2026-05-02T12:48:39.447+0000] {dag.py:4180} INFO - Setting next_dagrun for orders_kafka_to_s3 to 2026-05-02 00:00:00+00:00, run_after=2026-05-03 00:00:00+00:00
[2026-05-02T12:48:39.477+0000] {processor.py:208} INFO - Processing /opt/airflow/dags/main.py took 0.298 seconds
[2026-05-02T12:49:09.948+0000] {processor.py:186} INFO - Started process (PID=3382) to work on /opt/airflow/dags/main.py
[2026-05-02T12:49:09.950+0000] {processor.py:914} INFO - Processing file /opt/airflow/dags/main.py for tasks to queue
[2026-05-02T12:49:09.953+0000] {logging_mixin.py:190} INFO - [2026-05-02T12:49:09.953+0000] {dagbag.py:588} INFO - Filling up the DagBag from /opt/airflow/dags/main.py
[2026-05-02T12:49:10.094+0000] {processor.py:925} INFO - DAG(s) 'orders_kafka_to_s3' retrieved from /opt/airflow/dags/main.py
[2026-05-02T12:49:10.124+0000] {logging_mixin.py:190} INFO - [2026-05-02T12:49:10.124+0000] {dag.py:3239} INFO - Sync 1 DAGs
[2026-05-02T12:49:10.157+0000] {logging_mixin.py:190} INFO - [2026-05-02T12:49:10.157+0000] {dag.py:4180} INFO - Setting next_dagrun for orders_kafka_to_s3 to 2026-05-02 00:00:00+00:00, run_after=2026-05-03 00:00:00+00:00
[2026-05-02T12:49:10.187+0000] {processor.py:208} INFO - Processing /opt/airflow/dags/main.py took 0.251 seconds
[2026-05-02T12:49:40.529+0000] {processor.py:186} INFO - Started process (PID=3389) to work on /opt/airflow/dags/main.py
[2026-05-02T12:49:40.532+0000] {processor.py:914} INFO - Processing file /opt/airflow/dags/main.py for tasks to queue
[2026-05-02T12:49:40.538+0000] {logging_mixin.py:190} INFO - [2026-05-02T12:49:40.537+0000] {dagbag.py:588} INFO - Filling up the DagBag from /opt/airflow/dags/main.py
[2026-05-02T12:49:40.711+0000] {processor.py:925} INFO - DAG(s) 'orders_kafka_to_s3' retrieved from /opt/airflow/dags/main.py
[2026-05-02T12:49:40.743+0000] {logging_mixin.py:190} INFO - [2026-05-02T12:49:40.742+0000] {dag.py:3239} INFO - Sync 1 DAGs
[2026-05-02T12:49:40.772+0000] {logging_mixin.py:190} INFO - [2026-05-02T12:49:40.772+0000] {dag.py:4180} INFO - Setting next_dagrun for orders_kafka_to_s3 to 2026-05-02 00:00:00+00:00, run_after=2026-05-03 00:00:00+00:00
[2026-05-02T12:49:40.797+0000] {processor.py:208} INFO - Processing /opt/airflow/dags/main.py took 0.285 seconds
[2026-05-02T12:50:11.372+0000] {processor.py:186} INFO - Started process (PID=3395) to work on /opt/airflow/dags/main.py
[2026-05-02T12:50:11.374+0000] {processor.py:914} INFO - Processing file /opt/airflow/dags/main.py for tasks to queue
[2026-05-02T12:50:11.379+0000] {logging_mixin.py:190} INFO - [2026-05-02T12:50:11.379+0000] {dagbag.py:588} INFO - Filling up the DagBag from /opt/airflow/dags/main.py
[2026-05-02T12:50:11.550+0000] {processor.py:925} INFO - DAG(s) 'orders_kafka_to_s3' retrieved from /opt/airflow/dags/main.py
[2026-05-02T12:50:11.608+0000] {logging_mixin.py:190} INFO - [2026-05-02T12:50:11.608+0000] {dag.py:3239} INFO - Sync 1 DAGs
[2026-05-02T12:50:11.639+0000] {logging_mixin.py:190} INFO - [2026-05-02T12:50:11.639+0000] {dag.py:4180} INFO - Setting next_dagrun for orders_kafka_to_s3 to 2026-05-02 00:00:00+00:00, run_after=2026-05-03 00:00:00+00:00
[2026-05-02T12:50:11.678+0000] {processor.py:208} INFO - Processing /opt/airflow/dags/main.py took 0.320 seconds
[2026-05-02T12:50:41.941+0000] {processor.py:186} INFO - Started process (PID=3401) to work on /opt/airflow/dags/main.py
[2026-05-02T12:50:41.943+0000] {processor.py:914} INFO - Processing file /opt/airflow/dags/main.py for tasks to queue
[2026-05-02T12:50:41.950+0000] {logging_mixin.py:190} INFO - [2026-05-02T12:50:41.949+0000] {dagbag.py:588} INFO - Filling up the DagBag from /opt/airflow/dags/main.py
[2026-05-02T12:50:42.118+0000] {processor.py:925} INFO - DAG(s) 'orders_kafka_to_s3' retrieved from /opt/airflow/dags/main.py
[2026-05-02T12:50:42.150+0000] {logging_mixin.py:190} INFO - [2026-05-02T12:50:42.150+0000] {dag.py:3239} INFO - Sync 1 DAGs
[2026-05-02T12:50:42.179+0000] {logging_mixin.py:190} INFO - [2026-05-02T12:50:42.178+0000] {dag.py:4180} INFO - Setting next_dagrun for orders_kafka_to_s3 to 2026-05-02 00:00:00+00:00, run_after=2026-05-03 00:00:00+00:00
[2026-05-02T12:50:42.207+0000] {processor.py:208} INFO - Processing /opt/airflow/dags/main.py took 0.281 seconds
[2026-05-02T12:51:12.723+0000] {processor.py:186} INFO - Started process (PID=3408) to work on /opt/airflow/dags/main.py
[2026-05-02T12:51:12.725+0000] {processor.py:914} INFO - Processing file /opt/airflow/dags/main.py for tasks to queue
[2026-05-02T12:51:12.730+0000] {logging_mixin.py:190} INFO - [2026-05-02T12:51:12.729+0000] {dagbag.py:588} INFO - Filling up the DagBag from /opt/airflow/dags/main.py
[2026-05-02T12:51:12.888+0000] {processor.py:925} INFO - DAG(s) 'orders_kafka_to_s3' retrieved from /opt/airflow/dags/main.py
[2026-05-02T12:51:12.950+0000] {logging_mixin.py:190} INFO - [2026-05-02T12:51:12.949+0000] {dag.py:3239} INFO - Sync 1 DAGs
[2026-05-02T12:51:13.001+0000] {logging_mixin.py:190} INFO - [2026-05-02T12:51:13.000+0000] {dag.py:4180} INFO - Setting next_dagrun for orders_kafka_to_s3 to 2026-05-02 00:00:00+00:00, run_after=2026-05-03 00:00:00+00:00
[2026-05-02T12:51:13.046+0000] {processor.py:208} INFO - Processing /opt/airflow/dags/main.py took 0.331 seconds
[2026-05-02T12:51:43.239+0000] {processor.py:186} INFO - Started process (PID=3415) to work on /opt/airflow/dags/main.py
[2026-05-02T12:51:43.240+0000] {processor.py:914} INFO - Processing file /opt/airflow/dags/main.py for tasks to queue
[2026-05-02T12:51:43.246+0000] {logging_mixin.py:190} INFO - [2026-05-02T12:51:43.246+0000] {dagbag.py:588} INFO - Filling up the DagBag from /opt/airflow/dags/main.py
[2026-05-02T12:51:43.440+0000] {processor.py:925} INFO - DAG(s) 'orders_kafka_to_s3' retrieved from /opt/airflow/dags/main.py
[2026-05-02T12:51:43.475+0000] {logging_mixin.py:190} INFO - [2026-05-02T12:51:43.475+0000] {dag.py:3239} INFO - Sync 1 DAGs
[2026-05-02T12:51:43.508+0000] {logging_mixin.py:190} INFO - [2026-05-02T12:51:43.508+0000] {dag.py:4180} INFO - Setting next_dagrun for orders_kafka_to_s3 to 2026-05-02 00:00:00+00:00, run_after=2026-05-03 00:00:00+00:00
[2026-05-02T12:51:43.535+0000] {processor.py:208} INFO - Processing /opt/airflow/dags/main.py took 0.306 seconds
[2026-05-02T12:52:14.090+0000] {processor.py:186} INFO - Started process (PID=3422) to work on /opt/airflow/dags/main.py
[2026-05-02T12:52:14.092+0000] {processor.py:914} INFO - Processing file /opt/airflow/dags/main.py for tasks to queue
[2026-05-02T12:52:14.097+0000] {logging_mixin.py:190} INFO - [2026-05-02T12:52:14.096+0000] {dagbag.py:588} INFO - Filling up the DagBag from /opt/airflow/dags/main.py
[2026-05-02T12:52:14.275+0000] {processor.py:925} INFO - DAG(s) 'orders_kafka_to_s3' retrieved from /opt/airflow/dags/main.py
[2026-05-02T12:52:14.307+0000] {logging_mixin.py:190} INFO - [2026-05-02T12:52:14.306+0000] {dag.py:3239} INFO - Sync 1 DAGs
[2026-05-02T12:52:14.341+0000] {logging_mixin.py:190} INFO - [2026-05-02T12:52:14.341+0000] {dag.py:4180} INFO - Setting next_dagrun for orders_kafka_to_s3 to 2026-05-02 00:00:00+00:00, run_after=2026-05-03 00:00:00+00:00
[2026-05-02T12:52:14.367+0000] {processor.py:208} INFO - Processing /opt/airflow/dags/main.py took 0.290 seconds
[2026-05-02T12:52:44.684+0000] {processor.py:186} INFO - Started process (PID=3429) to work on /opt/airflow/dags/main.py
[2026-05-02T12:52:44.686+0000] {processor.py:914} INFO - Processing file /opt/airflow/dags/main.py for tasks to queue
[2026-05-02T12:52:44.691+0000] {logging_mixin.py:190} INFO - [2026-05-02T12:52:44.690+0000] {dagbag.py:588} INFO - Filling up the DagBag from /opt/airflow/dags/main.py
[2026-05-02T12:52:44.832+0000] {processor.py:925} INFO - DAG(s) 'orders_kafka_to_s3' retrieved from /opt/airflow/dags/main.py
[2026-05-02T12:52:44.867+0000] {logging_mixin.py:190} INFO - [2026-05-02T12:52:44.866+0000] {dag.py:3239} INFO - Sync 1 DAGs
[2026-05-02T12:52:44.903+0000] {logging_mixin.py:190} INFO - [2026-05-02T12:52:44.903+0000] {dag.py:4180} INFO - Setting next_dagrun for orders_kafka_to_s3 to 2026-05-02 00:00:00+00:00, run_after=2026-05-03 00:00:00+00:00
[2026-05-02T12:52:44.933+0000] {processor.py:208} INFO - Processing /opt/airflow/dags/main.py took 0.262 seconds
[2026-05-02T12:53:15.463+0000] {processor.py:186} INFO - Started process (PID=3442) to work on /opt/airflow/dags/main.py
[2026-05-02T12:53:15.465+0000] {processor.py:914} INFO - Processing file /opt/airflow/dags/main.py for tasks to queue
[2026-05-02T12:53:15.471+0000] {logging_mixin.py:190} INFO - [2026-05-02T12:53:15.471+0000] {dagbag.py:588} INFO - Filling up the DagBag from /opt/airflow/dags/main.py
[2026-05-02T12:53:15.659+0000] {processor.py:925} INFO - DAG(s) 'orders_kafka_to_s3' retrieved from /opt/airflow/dags/main.py
[2026-05-02T12:53:15.693+0000] {logging_mixin.py:190} INFO - [2026-05-02T12:53:15.693+0000] {dag.py:3239} INFO - Sync 1 DAGs
[2026-05-02T12:53:15.725+0000] {logging_mixin.py:190} INFO - [2026-05-02T12:53:15.725+0000] {dag.py:4180} INFO - Setting next_dagrun for orders_kafka_to_s3 to 2026-05-02 00:00:00+00:00, run_after=2026-05-03 00:00:00+00:00
[2026-05-02T12:53:15.750+0000] {processor.py:208} INFO - Processing /opt/airflow/dags/main.py took 0.301 seconds
[2026-05-02T12:53:45.944+0000] {processor.py:186} INFO - Started process (PID=3449) to work on /opt/airflow/dags/main.py
[2026-05-02T12:53:45.946+0000] {processor.py:914} INFO - Processing file /opt/airflow/dags/main.py for tasks to queue
[2026-05-02T12:53:45.952+0000] {logging_mixin.py:190} INFO - [2026-05-02T12:53:45.951+0000] {dagbag.py:588} INFO - Filling up the DagBag from /opt/airflow/dags/main.py
[2026-05-02T12:53:46.127+0000] {processor.py:925} INFO - DAG(s) 'orders_kafka_to_s3' retrieved from /opt/airflow/dags/main.py
[2026-05-02T12:53:46.160+0000] {logging_mixin.py:190} INFO - [2026-05-02T12:53:46.160+0000] {dag.py:3239} INFO - Sync 1 DAGs
[2026-05-02T12:53:46.191+0000] {logging_mixin.py:190} INFO - [2026-05-02T12:53:46.191+0000] {dag.py:4180} INFO - Setting next_dagrun for orders_kafka_to_s3 to 2026-05-02 00:00:00+00:00, run_after=2026-05-03 00:00:00+00:00
[2026-05-02T12:53:46.225+0000] {processor.py:208} INFO - Processing /opt/airflow/dags/main.py took 0.304 seconds
[2026-05-02T12:54:16.772+0000] {processor.py:186} INFO - Started process (PID=3457) to work on /opt/airflow/dags/main.py
[2026-05-02T12:54:16.775+0000] {processor.py:914} INFO - Processing file /opt/airflow/dags/main.py for tasks to queue
[2026-05-02T12:54:16.785+0000] {logging_mixin.py:190} INFO - [2026-05-02T12:54:16.784+0000] {dagbag.py:588} INFO - Filling up the DagBag from /opt/airflow/dags/main.py
[2026-05-02T12:54:17.114+0000] {processor.py:925} INFO - DAG(s) 'orders_kafka_to_s3' retrieved from /opt/airflow/dags/main.py
[2026-05-02T12:54:17.170+0000] {logging_mixin.py:190} INFO - [2026-05-02T12:54:17.170+0000] {dag.py:3239} INFO - Sync 1 DAGs
[2026-05-02T12:54:17.206+0000] {logging_mixin.py:190} INFO - [2026-05-02T12:54:17.205+0000] {dag.py:4180} INFO - Setting next_dagrun for orders_kafka_to_s3 to 2026-05-02 00:00:00+00:00, run_after=2026-05-03 00:00:00+00:00
[2026-05-02T12:54:17.237+0000] {processor.py:208} INFO - Processing /opt/airflow/dags/main.py took 0.483 seconds
[2026-05-02T12:54:47.399+0000] {processor.py:186} INFO - Started process (PID=3464) to work on /opt/airflow/dags/main.py
[2026-05-02T12:54:47.401+0000] {processor.py:914} INFO - Processing file /opt/airflow/dags/main.py for tasks to queue
[2026-05-02T12:54:47.405+0000] {logging_mixin.py:190} INFO - [2026-05-02T12:54:47.405+0000] {dagbag.py:588} INFO - Filling up the DagBag from /opt/airflow/dags/main.py
[2026-05-02T12:54:47.590+0000] {processor.py:925} INFO - DAG(s) 'orders_kafka_to_s3' retrieved from /opt/airflow/dags/main.py
[2026-05-02T12:54:47.634+0000] {logging_mixin.py:190} INFO - [2026-05-02T12:54:47.633+0000] {dag.py:3239} INFO - Sync 1 DAGs
[2026-05-02T12:54:47.685+0000] {logging_mixin.py:190} INFO - [2026-05-02T12:54:47.685+0000] {dag.py:4180} INFO - Setting next_dagrun for orders_kafka_to_s3 to 2026-05-02 00:00:00+00:00, run_after=2026-05-03 00:00:00+00:00
[2026-05-02T12:54:47.720+0000] {processor.py:208} INFO - Processing /opt/airflow/dags/main.py took 0.332 seconds
[2026-05-02T12:55:18.026+0000] {processor.py:186} INFO - Started process (PID=3471) to work on /opt/airflow/dags/main.py
[2026-05-02T12:55:18.028+0000] {processor.py:914} INFO - Processing file /opt/airflow/dags/main.py for tasks to queue
[2026-05-02T12:55:18.034+0000] {logging_mixin.py:190} INFO - [2026-05-02T12:55:18.034+0000] {dagbag.py:588} INFO - Filling up the DagBag from /opt/airflow/dags/main.py
[2026-05-02T12:55:18.249+0000] {processor.py:925} INFO - DAG(s) 'orders_kafka_to_s3' retrieved from /opt/airflow/dags/main.py
[2026-05-02T12:55:18.307+0000] {logging_mixin.py:190} INFO - [2026-05-02T12:55:18.306+0000] {dag.py:3239} INFO - Sync 1 DAGs
[2026-05-02T12:55:18.463+0000] {logging_mixin.py:190} INFO - [2026-05-02T12:55:18.462+0000] {dag.py:4180} INFO - Setting next_dagrun for orders_kafka_to_s3 to 2026-05-02 00:00:00+00:00, run_after=2026-05-03 00:00:00+00:00
[2026-05-02T12:55:18.560+0000] {processor.py:208} INFO - Processing /opt/airflow/dags/main.py took 0.544 seconds
[2026-05-02T12:55:49.458+0000] {processor.py:186} INFO - Started process (PID=3478) to work on /opt/airflow/dags/main.py
[2026-05-02T12:55:49.461+0000] {processor.py:914} INFO - Processing file /opt/airflow/dags/main.py for tasks to queue
[2026-05-02T12:55:49.467+0000] {logging_mixin.py:190} INFO - [2026-05-02T12:55:49.466+0000] {dagbag.py:588} INFO - Filling up the DagBag from /opt/airflow/dags/main.py
[2026-05-02T12:55:49.642+0000] {processor.py:925} INFO - DAG(s) 'orders_kafka_to_s3' retrieved from /opt/airflow/dags/main.py
[2026-05-02T12:55:49.684+0000] {logging_mixin.py:190} INFO - [2026-05-02T12:55:49.684+0000] {dag.py:3239} INFO - Sync 1 DAGs
[2026-05-02T12:55:49.716+0000] {logging_mixin.py:190} INFO - [2026-05-02T12:55:49.716+0000] {dag.py:4180} INFO - Setting next_dagrun for orders_kafka_to_s3 to 2026-05-02 00:00:00+00:00, run_after=2026-05-03 00:00:00+00:00
[2026-05-02T12:55:49.742+0000] {processor.py:208} INFO - Processing /opt/airflow/dags/main.py took 0.305 seconds
[2026-05-02T12:56:20.012+0000] {processor.py:186} INFO - Started process (PID=3485) to work on /opt/airflow/dags/main.py
[2026-05-02T12:56:20.015+0000] {processor.py:914} INFO - Processing file /opt/airflow/dags/main.py for tasks to queue
[2026-05-02T12:56:20.021+0000] {logging_mixin.py:190} INFO - [2026-05-02T12:56:20.020+0000] {dagbag.py:588} INFO - Filling up the DagBag from /opt/airflow/dags/main.py
[2026-05-02T12:56:20.202+0000] {processor.py:925} INFO - DAG(s) 'orders_kafka_to_s3' retrieved from /opt/airflow/dags/main.py
[2026-05-02T12:56:20.238+0000] {logging_mixin.py:190} INFO - [2026-05-02T12:56:20.238+0000] {dag.py:3239} INFO - Sync 1 DAGs
[2026-05-02T12:56:20.269+0000] {logging_mixin.py:190} INFO - [2026-05-02T12:56:20.268+0000] {dag.py:4180} INFO - Setting next_dagrun for orders_kafka_to_s3 to 2026-05-02 00:00:00+00:00, run_after=2026-05-03 00:00:00+00:00
[2026-05-02T12:56:20.296+0000] {processor.py:208} INFO - Processing /opt/airflow/dags/main.py took 0.299 seconds
[2026-05-02T12:56:50.688+0000] {processor.py:186} INFO - Started process (PID=3492) to work on /opt/airflow/dags/main.py
[2026-05-02T12:56:50.690+0000] {processor.py:914} INFO - Processing file /opt/airflow/dags/main.py for tasks to queue
[2026-05-02T12:56:50.698+0000] {logging_mixin.py:190} INFO - [2026-05-02T12:56:50.697+0000] {dagbag.py:588} INFO - Filling up the DagBag from /opt/airflow/dags/main.py
[2026-05-02T12:56:50.957+0000] {processor.py:925} INFO - DAG(s) 'orders_kafka_to_s3' retrieved from /opt/airflow/dags/main.py
[2026-05-02T12:56:51.000+0000] {logging_mixin.py:190} INFO - [2026-05-02T12:56:50.999+0000] {dag.py:3239} INFO - Sync 1 DAGs
[2026-05-02T12:56:51.034+0000] {logging_mixin.py:190} INFO - [2026-05-02T12:56:51.033+0000] {dag.py:4180} INFO - Setting next_dagrun for orders_kafka_to_s3 to 2026-05-02 00:00:00+00:00, run_after=2026-05-03 00:00:00+00:00
[2026-05-02T12:56:51.064+0000] {processor.py:208} INFO - Processing /opt/airflow/dags/main.py took 0.398 seconds
[2026-05-02T12:57:21.669+0000] {processor.py:186} INFO - Started process (PID=3499) to work on /opt/airflow/dags/main.py
[2026-05-02T12:57:21.671+0000] {processor.py:914} INFO - Processing file /opt/airflow/dags/main.py for tasks to queue
[2026-05-02T12:57:21.675+0000] {logging_mixin.py:190} INFO - [2026-05-02T12:57:21.675+0000] {dagbag.py:588} INFO - Filling up the DagBag from /opt/airflow/dags/main.py
[2026-05-02T12:57:21.846+0000] {processor.py:925} INFO - DAG(s) 'orders_kafka_to_s3' retrieved from /opt/airflow/dags/main.py
[2026-05-02T12:57:21.880+0000] {logging_mixin.py:190} INFO - [2026-05-02T12:57:21.880+0000] {dag.py:3239} INFO - Sync 1 DAGs
[2026-05-02T12:57:21.915+0000] {logging_mixin.py:190} INFO - [2026-05-02T12:57:21.914+0000] {dag.py:4180} INFO - Setting next_dagrun for orders_kafka_to_s3 to 2026-05-02 00:00:00+00:00, run_after=2026-05-03 00:00:00+00:00
[2026-05-02T12:57:21.944+0000] {processor.py:208} INFO - Processing /opt/airflow/dags/main.py took 0.284 seconds
[2026-05-02T12:57:52.599+0000] {processor.py:186} INFO - Started process (PID=3506) to work on /opt/airflow/dags/main.py
[2026-05-02T12:57:52.601+0000] {processor.py:914} INFO - Processing file /opt/airflow/dags/main.py for tasks to queue
[2026-05-02T12:57:52.606+0000] {logging_mixin.py:190} INFO - [2026-05-02T12:57:52.605+0000] {dagbag.py:588} INFO - Filling up the DagBag from /opt/airflow/dags/main.py
[2026-05-02T12:57:52.760+0000] {processor.py:925} INFO - DAG(s) 'orders_kafka_to_s3' retrieved from /opt/airflow/dags/main.py
[2026-05-02T12:57:52.799+0000] {logging_mixin.py:190} INFO - [2026-05-02T12:57:52.799+0000] {dag.py:3239} INFO - Sync 1 DAGs
[2026-05-02T12:57:52.829+0000] {logging_mixin.py:190} INFO - [2026-05-02T12:57:52.829+0000] {dag.py:4180} INFO - Setting next_dagrun for orders_kafka_to_s3 to 2026-05-02 00:00:00+00:00, run_after=2026-05-03 00:00:00+00:00
[2026-05-02T12:57:52.854+0000] {processor.py:208} INFO - Processing /opt/airflow/dags/main.py took 0.267 seconds
[2026-05-02T12:58:23.199+0000] {processor.py:186} INFO - Started process (PID=3513) to work on /opt/airflow/dags/main.py
[2026-05-02T12:58:23.201+0000] {processor.py:914} INFO - Processing file /opt/airflow/dags/main.py for tasks to queue
[2026-05-02T12:58:23.205+0000] {logging_mixin.py:190} INFO - [2026-05-02T12:58:23.205+0000] {dagbag.py:588} INFO - Filling up the DagBag from /opt/airflow/dags/main.py
[2026-05-02T12:58:23.368+0000] {processor.py:925} INFO - DAG(s) 'orders_kafka_to_s3' retrieved from /opt/airflow/dags/main.py
[2026-05-02T12:58:23.411+0000] {logging_mixin.py:190} INFO - [2026-05-02T12:58:23.411+0000] {dag.py:3239} INFO - Sync 1 DAGs
[2026-05-02T12:58:23.447+0000] {logging_mixin.py:190} INFO - [2026-05-02T12:58:23.447+0000] {dag.py:4180} INFO - Setting next_dagrun for orders_kafka_to_s3 to 2026-05-02 00:00:00+00:00, run_after=2026-05-03 00:00:00+00:00
[2026-05-02T12:58:23.478+0000] {processor.py:208} INFO - Processing /opt/airflow/dags/main.py took 0.289 seconds
[2026-05-02T12:58:53.722+0000] {processor.py:186} INFO - Started process (PID=3520) to work on /opt/airflow/dags/main.py
[2026-05-02T12:58:53.725+0000] {processor.py:914} INFO - Processing file /opt/airflow/dags/main.py for tasks to queue
[2026-05-02T12:58:53.732+0000] {logging_mixin.py:190} INFO - [2026-05-02T12:58:53.732+0000] {dagbag.py:588} INFO - Filling up the DagBag from /opt/airflow/dags/main.py
[2026-05-02T12:58:53.938+0000] {processor.py:925} INFO - DAG(s) 'orders_kafka_to_s3' retrieved from /opt/airflow/dags/main.py
[2026-05-02T12:58:53.982+0000] {logging_mixin.py:190} INFO - [2026-05-02T12:58:53.981+0000] {dag.py:3239} INFO - Sync 1 DAGs
[2026-05-02T12:58:54.024+0000] {logging_mixin.py:190} INFO - [2026-05-02T12:58:54.024+0000] {dag.py:4180} INFO - Setting next_dagrun for orders_kafka_to_s3 to 2026-05-02 00:00:00+00:00, run_after=2026-05-03 00:00:00+00:00
[2026-05-02T12:58:54.063+0000] {processor.py:208} INFO - Processing /opt/airflow/dags/main.py took 0.357 seconds
[2026-05-02T12:59:24.280+0000] {processor.py:186} INFO - Started process (PID=3527) to work on /opt/airflow/dags/main.py
[2026-05-02T12:59:24.282+0000] {processor.py:914} INFO - Processing file /opt/airflow/dags/main.py for tasks to queue
[2026-05-02T12:59:24.287+0000] {logging_mixin.py:190} INFO - [2026-05-02T12:59:24.286+0000] {dagbag.py:588} INFO - Filling up the DagBag from /opt/airflow/dags/main.py
[2026-05-02T12:59:24.444+0000] {processor.py:925} INFO - DAG(s) 'orders_kafka_to_s3' retrieved from /opt/airflow/dags/main.py
[2026-05-02T12:59:24.490+0000] {logging_mixin.py:190} INFO - [2026-05-02T12:59:24.490+0000] {dag.py:3239} INFO - Sync 1 DAGs
[2026-05-02T12:59:24.519+0000] {logging_mixin.py:190} INFO - [2026-05-02T12:59:24.519+0000] {dag.py:4180} INFO - Setting next_dagrun for orders_kafka_to_s3 to 2026-05-02 00:00:00+00:00, run_after=2026-05-03 00:00:00+00:00
[2026-05-02T12:59:24.544+0000] {processor.py:208} INFO - Processing /opt/airflow/dags/main.py took 0.279 seconds
[2026-05-02T12:59:55.080+0000] {processor.py:186} INFO - Started process (PID=3534) to work on /opt/airflow/dags/main.py
[2026-05-02T12:59:55.081+0000] {processor.py:914} INFO - Processing file /opt/airflow/dags/main.py for tasks to queue
[2026-05-02T12:59:55.086+0000] {logging_mixin.py:190} INFO - [2026-05-02T12:59:55.085+0000] {dagbag.py:588} INFO - Filling up the DagBag from /opt/airflow/dags/main.py
[2026-05-02T12:59:55.245+0000] {processor.py:925} INFO - DAG(s) 'orders_kafka_to_s3' retrieved from /opt/airflow/dags/main.py
[2026-05-02T12:59:55.276+0000] {logging_mixin.py:190} INFO - [2026-05-02T12:59:55.275+0000] {dag.py:3239} INFO - Sync 1 DAGs
[2026-05-02T12:59:55.306+0000] {logging_mixin.py:190} INFO - [2026-05-02T12:59:55.306+0000] {dag.py:4180} INFO - Setting next_dagrun for orders_kafka_to_s3 to 2026-05-02 00:00:00+00:00, run_after=2026-05-03 00:00:00+00:00
[2026-05-02T12:59:55.332+0000] {processor.py:208} INFO - Processing /opt/airflow/dags/main.py took 0.261 seconds
[2026-05-02T13:00:25.819+0000] {processor.py:186} INFO - Started process (PID=3541) to work on /opt/airflow/dags/main.py
[2026-05-02T13:00:25.822+0000] {processor.py:914} INFO - Processing file /opt/airflow/dags/main.py for tasks to queue
[2026-05-02T13:00:25.831+0000] {logging_mixin.py:190} INFO - [2026-05-02T13:00:25.830+0000] {dagbag.py:588} INFO - Filling up the DagBag from /opt/airflow/dags/main.py
[2026-05-02T13:00:26.050+0000] {processor.py:925} INFO - DAG(s) 'orders_kafka_to_s3' retrieved from /opt/airflow/dags/main.py
[2026-05-02T13:00:26.083+0000] {logging_mixin.py:190} INFO - [2026-05-02T13:00:26.083+0000] {dag.py:3239} INFO - Sync 1 DAGs
[2026-05-02T13:00:26.120+0000] {logging_mixin.py:190} INFO - [2026-05-02T13:00:26.119+0000] {dag.py:4180} INFO - Setting next_dagrun for orders_kafka_to_s3 to 2026-05-02 00:00:00+00:00, run_after=2026-05-03 00:00:00+00:00
[2026-05-02T13:00:26.158+0000] {processor.py:208} INFO - Processing /opt/airflow/dags/main.py took 0.356 seconds
[2026-05-02T13:00:56.446+0000] {processor.py:186} INFO - Started process (PID=3548) to work on /opt/airflow/dags/main.py
[2026-05-02T13:00:56.448+0000] {processor.py:914} INFO - Processing file /opt/airflow/dags/main.py for tasks to queue
[2026-05-02T13:00:56.453+0000] {logging_mixin.py:190} INFO - [2026-05-02T13:00:56.452+0000] {dagbag.py:588} INFO - Filling up the DagBag from /opt/airflow/dags/main.py
[2026-05-02T13:00:56.597+0000] {processor.py:925} INFO - DAG(s) 'orders_kafka_to_s3' retrieved from /opt/airflow/dags/main.py
[2026-05-02T13:00:56.639+0000] {logging_mixin.py:190} INFO - [2026-05-02T13:00:56.639+0000] {dag.py:3239} INFO - Sync 1 DAGs
[2026-05-02T13:00:56.670+0000] {logging_mixin.py:190} INFO - [2026-05-02T13:00:56.670+0000] {dag.py:4180} INFO - Setting next_dagrun for orders_kafka_to_s3 to 2026-05-02 00:00:00+00:00, run_after=2026-05-03 00:00:00+00:00
[2026-05-02T13:00:56.694+0000] {processor.py:208} INFO - Processing /opt/airflow/dags/main.py took 0.257 seconds
[2026-05-02T13:01:27.093+0000] {processor.py:186} INFO - Started process (PID=3555) to work on /opt/airflow/dags/main.py
[2026-05-02T13:01:27.095+0000] {processor.py:914} INFO - Processing file /opt/airflow/dags/main.py for tasks to queue
[2026-05-02T13:01:27.100+0000] {logging_mixin.py:190} INFO - [2026-05-02T13:01:27.099+0000] {dagbag.py:588} INFO - Filling up the DagBag from /opt/airflow/dags/main.py
[2026-05-02T13:01:27.272+0000] {processor.py:925} INFO - DAG(s) 'orders_kafka_to_s3' retrieved from /opt/airflow/dags/main.py
[2026-05-02T13:01:27.303+0000] {logging_mixin.py:190} INFO - [2026-05-02T13:01:27.302+0000] {dag.py:3239} INFO - Sync 1 DAGs
[2026-05-02T13:01:27.339+0000] {logging_mixin.py:190} INFO - [2026-05-02T13:01:27.339+0000] {dag.py:4180} INFO - Setting next_dagrun for orders_kafka_to_s3 to 2026-05-02 00:00:00+00:00, run_after=2026-05-03 00:00:00+00:00
[2026-05-02T13:01:27.366+0000] {processor.py:208} INFO - Processing /opt/airflow/dags/main.py took 0.282 seconds
[2026-05-02T13:01:57.648+0000] {processor.py:186} INFO - Started process (PID=3562) to work on /opt/airflow/dags/main.py
[2026-05-02T13:01:57.649+0000] {processor.py:914} INFO - Processing file /opt/airflow/dags/main.py for tasks to queue
[2026-05-02T13:01:57.654+0000] {logging_mixin.py:190} INFO - [2026-05-02T13:01:57.653+0000] {dagbag.py:588} INFO - Filling up the DagBag from /opt/airflow/dags/main.py
[2026-05-02T13:01:57.808+0000] {processor.py:925} INFO - DAG(s) 'orders_kafka_to_s3' retrieved from /opt/airflow/dags/main.py
[2026-05-02T13:01:57.843+0000] {logging_mixin.py:190} INFO - [2026-05-02T13:01:57.843+0000] {dag.py:3239} INFO - Sync 1 DAGs
[2026-05-02T13:01:57.870+0000] {logging_mixin.py:190} INFO - [2026-05-02T13:01:57.870+0000] {dag.py:4180} INFO - Setting next_dagrun for orders_kafka_to_s3 to 2026-05-02 00:00:00+00:00, run_after=2026-05-03 00:00:00+00:00
[2026-05-02T13:01:57.908+0000] {processor.py:208} INFO - Processing /opt/airflow/dags/main.py took 0.270 seconds
[2026-05-02T13:02:28.344+0000] {processor.py:186} INFO - Started process (PID=3569) to work on /opt/airflow/dags/main.py
[2026-05-02T13:02:28.346+0000] {processor.py:914} INFO - Processing file /opt/airflow/dags/main.py for tasks to queue
[2026-05-02T13:02:28.350+0000] {logging_mixin.py:190} INFO - [2026-05-02T13:02:28.350+0000] {dagbag.py:588} INFO - Filling up the DagBag from /opt/airflow/dags/main.py
[2026-05-02T13:02:28.555+0000] {processor.py:925} INFO - DAG(s) 'orders_kafka_to_s3' retrieved from /opt/airflow/dags/main.py
[2026-05-02T13:02:28.619+0000] {logging_mixin.py:190} INFO - [2026-05-02T13:02:28.619+0000] {dag.py:3239} INFO - Sync 1 DAGs
[2026-05-02T13:02:28.683+0000] {logging_mixin.py:190} INFO - [2026-05-02T13:02:28.683+0000] {dag.py:4180} INFO - Setting next_dagrun for orders_kafka_to_s3 to 2026-05-02 00:00:00+00:00, run_after=2026-05-03 00:00:00+00:00
[2026-05-02T13:02:28.738+0000] {processor.py:208} INFO - Processing /opt/airflow/dags/main.py took 0.405 seconds
[2026-05-02T13:02:58.879+0000] {processor.py:186} INFO - Started process (PID=3576) to work on /opt/airflow/dags/main.py
[2026-05-02T13:02:58.881+0000] {processor.py:914} INFO - Processing file /opt/airflow/dags/main.py for tasks to queue
[2026-05-02T13:02:58.885+0000] {logging_mixin.py:190} INFO - [2026-05-02T13:02:58.884+0000] {dagbag.py:588} INFO - Filling up the DagBag from /opt/airflow/dags/main.py
[2026-05-02T13:02:59.122+0000] {processor.py:925} INFO - DAG(s) 'orders_kafka_to_s3' retrieved from /opt/airflow/dags/main.py
[2026-05-02T13:02:59.163+0000] {logging_mixin.py:190} INFO - [2026-05-02T13:02:59.162+0000] {dag.py:3239} INFO - Sync 1 DAGs
[2026-05-02T13:02:59.205+0000] {logging_mixin.py:190} INFO - [2026-05-02T13:02:59.204+0000] {dag.py:4180} INFO - Setting next_dagrun for orders_kafka_to_s3 to 2026-05-02 00:00:00+00:00, run_after=2026-05-03 00:00:00+00:00
[2026-05-02T13:02:59.243+0000] {processor.py:208} INFO - Processing /opt/airflow/dags/main.py took 0.375 seconds
[2026-05-02T13:03:29.788+0000] {processor.py:186} INFO - Started process (PID=3583) to work on /opt/airflow/dags/main.py
[2026-05-02T13:03:29.790+0000] {processor.py:914} INFO - Processing file /opt/airflow/dags/main.py for tasks to queue
[2026-05-02T13:03:29.795+0000] {logging_mixin.py:190} INFO - [2026-05-02T13:03:29.794+0000] {dagbag.py:588} INFO - Filling up the DagBag from /opt/airflow/dags/main.py
[2026-05-02T13:03:29.948+0000] {processor.py:925} INFO - DAG(s) 'orders_kafka_to_s3' retrieved from /opt/airflow/dags/main.py
[2026-05-02T13:03:29.980+0000] {logging_mixin.py:190} INFO - [2026-05-02T13:03:29.980+0000] {dag.py:3239} INFO - Sync 1 DAGs
[2026-05-02T13:03:30.012+0000] {logging_mixin.py:190} INFO - [2026-05-02T13:03:30.012+0000] {dag.py:4180} INFO - Setting next_dagrun for orders_kafka_to_s3 to 2026-05-02 00:00:00+00:00, run_after=2026-05-03 00:00:00+00:00
[2026-05-02T13:03:30.041+0000] {processor.py:208} INFO - Processing /opt/airflow/dags/main.py took 0.265 seconds
[2026-05-02T13:04:00.319+0000] {processor.py:186} INFO - Started process (PID=3590) to work on /opt/airflow/dags/main.py
[2026-05-02T13:04:00.321+0000] {processor.py:914} INFO - Processing file /opt/airflow/dags/main.py for tasks to queue
[2026-05-02T13:04:00.328+0000] {logging_mixin.py:190} INFO - [2026-05-02T13:04:00.328+0000] {dagbag.py:588} INFO - Filling up the DagBag from /opt/airflow/dags/main.py
[2026-05-02T13:04:00.504+0000] {processor.py:925} INFO - DAG(s) 'orders_kafka_to_s3' retrieved from /opt/airflow/dags/main.py
[2026-05-02T13:04:00.539+0000] {logging_mixin.py:190} INFO - [2026-05-02T13:04:00.538+0000] {dag.py:3239} INFO - Sync 1 DAGs
[2026-05-02T13:04:00.579+0000] {logging_mixin.py:190} INFO - [2026-05-02T13:04:00.579+0000] {dag.py:4180} INFO - Setting next_dagrun for orders_kafka_to_s3 to 2026-05-02 00:00:00+00:00, run_after=2026-05-03 00:00:00+00:00
[2026-05-02T13:04:00.609+0000] {processor.py:208} INFO - Processing /opt/airflow/dags/main.py took 0.304 seconds
[2026-05-02T13:04:30.930+0000] {processor.py:186} INFO - Started process (PID=3597) to work on /opt/airflow/dags/main.py
[2026-05-02T13:04:30.932+0000] {processor.py:914} INFO - Processing file /opt/airflow/dags/main.py for tasks to queue
[2026-05-02T13:04:30.936+0000] {logging_mixin.py:190} INFO - [2026-05-02T13:04:30.936+0000] {dagbag.py:588} INFO - Filling up the DagBag from /opt/airflow/dags/main.py
[2026-05-02T13:04:31.086+0000] {processor.py:925} INFO - DAG(s) 'orders_kafka_to_s3' retrieved from /opt/airflow/dags/main.py
[2026-05-02T13:04:31.120+0000] {logging_mixin.py:190} INFO - [2026-05-02T13:04:31.120+0000] {dag.py:3239} INFO - Sync 1 DAGs
[2026-05-02T13:04:31.152+0000] {logging_mixin.py:190} INFO - [2026-05-02T13:04:31.152+0000] {dag.py:4180} INFO - Setting next_dagrun for orders_kafka_to_s3 to 2026-05-02 00:00:00+00:00, run_after=2026-05-03 00:00:00+00:00
[2026-05-02T13:04:31.178+0000] {processor.py:208} INFO - Processing /opt/airflow/dags/main.py took 0.256 seconds
[2026-05-02T13:05:01.634+0000] {processor.py:186} INFO - Started process (PID=3604) to work on /opt/airflow/dags/main.py
[2026-05-02T13:05:01.636+0000] {processor.py:914} INFO - Processing file /opt/airflow/dags/main.py for tasks to queue
[2026-05-02T13:05:01.643+0000] {logging_mixin.py:190} INFO - [2026-05-02T13:05:01.642+0000] {dagbag.py:588} INFO - Filling up the DagBag from /opt/airflow/dags/main.py
[2026-05-02T13:05:01.813+0000] {processor.py:925} INFO - DAG(s) 'orders_kafka_to_s3' retrieved from /opt/airflow/dags/main.py
[2026-05-02T13:05:01.861+0000] {logging_mixin.py:190} INFO - [2026-05-02T13:05:01.861+0000] {dag.py:3239} INFO - Sync 1 DAGs
[2026-05-02T13:05:01.907+0000] {logging_mixin.py:190} INFO - [2026-05-02T13:05:01.907+0000] {dag.py:4180} INFO - Setting next_dagrun for orders_kafka_to_s3 to 2026-05-02 00:00:00+00:00, run_after=2026-05-03 00:00:00+00:00
[2026-05-02T13:05:01.943+0000] {processor.py:208} INFO - Processing /opt/airflow/dags/main.py took 0.321 seconds
[2026-05-02T13:05:32.203+0000] {processor.py:186} INFO - Started process (PID=3611) to work on /opt/airflow/dags/main.py
[2026-05-02T13:05:32.205+0000] {processor.py:914} INFO - Processing file /opt/airflow/dags/main.py for tasks to queue
[2026-05-02T13:05:32.209+0000] {logging_mixin.py:190} INFO - [2026-05-02T13:05:32.208+0000] {dagbag.py:588} INFO - Filling up the DagBag from /opt/airflow/dags/main.py
[2026-05-02T13:05:32.363+0000] {processor.py:925} INFO - DAG(s) 'orders_kafka_to_s3' retrieved from /opt/airflow/dags/main.py
[2026-05-02T13:05:32.415+0000] {logging_mixin.py:190} INFO - [2026-05-02T13:05:32.414+0000] {dag.py:3239} INFO - Sync 1 DAGs
[2026-05-02T13:05:32.454+0000] {logging_mixin.py:190} INFO - [2026-05-02T13:05:32.454+0000] {dag.py:4180} INFO - Setting next_dagrun for orders_kafka_to_s3 to 2026-05-02 00:00:00+00:00, run_after=2026-05-03 00:00:00+00:00
[2026-05-02T13:05:32.487+0000] {processor.py:208} INFO - Processing /opt/airflow/dags/main.py took 0.292 seconds
[2026-05-02T13:06:02.985+0000] {processor.py:186} INFO - Started process (PID=3618) to work on /opt/airflow/dags/main.py
[2026-05-02T13:06:02.987+0000] {processor.py:914} INFO - Processing file /opt/airflow/dags/main.py for tasks to queue
[2026-05-02T13:06:02.992+0000] {logging_mixin.py:190} INFO - [2026-05-02T13:06:02.991+0000] {dagbag.py:588} INFO - Filling up the DagBag from /opt/airflow/dags/main.py
[2026-05-02T13:06:03.139+0000] {processor.py:925} INFO - DAG(s) 'orders_kafka_to_s3' retrieved from /opt/airflow/dags/main.py
[2026-05-02T13:06:03.175+0000] {logging_mixin.py:190} INFO - [2026-05-02T13:06:03.174+0000] {dag.py:3239} INFO - Sync 1 DAGs
[2026-05-02T13:06:03.211+0000] {logging_mixin.py:190} INFO - [2026-05-02T13:06:03.211+0000] {dag.py:4180} INFO - Setting next_dagrun for orders_kafka_to_s3 to 2026-05-02 00:00:00+00:00, run_after=2026-05-03 00:00:00+00:00
[2026-05-02T13:06:03.236+0000] {processor.py:208} INFO - Processing /opt/airflow/dags/main.py took 0.261 seconds
[2026-05-02T13:06:33.491+0000] {processor.py:186} INFO - Started process (PID=3625) to work on /opt/airflow/dags/main.py
[2026-05-02T13:06:33.493+0000] {processor.py:914} INFO - Processing file /opt/airflow/dags/main.py for tasks to queue
[2026-05-02T13:06:33.499+0000] {logging_mixin.py:190} INFO - [2026-05-02T13:06:33.498+0000] {dagbag.py:588} INFO - Filling up the DagBag from /opt/airflow/dags/main.py
[2026-05-02T13:06:33.697+0000] {processor.py:925} INFO - DAG(s) 'orders_kafka_to_s3' retrieved from /opt/airflow/dags/main.py
[2026-05-02T13:06:33.742+0000] {logging_mixin.py:190} INFO - [2026-05-02T13:06:33.742+0000] {dag.py:3239} INFO - Sync 1 DAGs
[2026-05-02T13:06:33.789+0000] {logging_mixin.py:190} INFO - [2026-05-02T13:06:33.789+0000] {dag.py:4180} INFO - Setting next_dagrun for orders_kafka_to_s3 to 2026-05-02 00:00:00+00:00, run_after=2026-05-03 00:00:00+00:00
[2026-05-02T13:06:33.830+0000] {processor.py:208} INFO - Processing /opt/airflow/dags/main.py took 0.350 seconds
[2026-05-02T13:07:04.314+0000] {processor.py:186} INFO - Started process (PID=3632) to work on /opt/airflow/dags/main.py
[2026-05-02T13:07:04.316+0000] {processor.py:914} INFO - Processing file /opt/airflow/dags/main.py for tasks to queue
[2026-05-02T13:07:04.321+0000] {logging_mixin.py:190} INFO - [2026-05-02T13:07:04.320+0000] {dagbag.py:588} INFO - Filling up the DagBag from /opt/airflow/dags/main.py
[2026-05-02T13:07:04.470+0000] {processor.py:925} INFO - DAG(s) 'orders_kafka_to_s3' retrieved from /opt/airflow/dags/main.py
[2026-05-02T13:07:04.503+0000] {logging_mixin.py:190} INFO - [2026-05-02T13:07:04.503+0000] {dag.py:3239} INFO - Sync 1 DAGs
[2026-05-02T13:07:04.533+0000] {logging_mixin.py:190} INFO - [2026-05-02T13:07:04.533+0000] {dag.py:4180} INFO - Setting next_dagrun for orders_kafka_to_s3 to 2026-05-02 00:00:00+00:00, run_after=2026-05-03 00:00:00+00:00
[2026-05-02T13:07:04.563+0000] {processor.py:208} INFO - Processing /opt/airflow/dags/main.py took 0.262 seconds
[2026-05-02T13:07:34.856+0000] {processor.py:186} INFO - Started process (PID=3639) to work on /opt/airflow/dags/main.py
[2026-05-02T13:07:34.858+0000] {processor.py:914} INFO - Processing file /opt/airflow/dags/main.py for tasks to queue
[2026-05-02T13:07:34.863+0000] {logging_mixin.py:190} INFO - [2026-05-02T13:07:34.863+0000] {dagbag.py:588} INFO - Filling up the DagBag from /opt/airflow/dags/main.py
[2026-05-02T13:07:35.068+0000] {processor.py:925} INFO - DAG(s) 'orders_kafka_to_s3' retrieved from /opt/airflow/dags/main.py
[2026-05-02T13:07:35.104+0000] {logging_mixin.py:190} INFO - [2026-05-02T13:07:35.104+0000] {dag.py:3239} INFO - Sync 1 DAGs
[2026-05-02T13:07:35.145+0000] {logging_mixin.py:190} INFO - [2026-05-02T13:07:35.145+0000] {dag.py:4180} INFO - Setting next_dagrun for orders_kafka_to_s3 to 2026-05-02 00:00:00+00:00, run_after=2026-05-03 00:00:00+00:00
[2026-05-02T13:07:35.173+0000] {processor.py:208} INFO - Processing /opt/airflow/dags/main.py took 0.327 seconds
[2026-05-02T13:08:05.491+0000] {processor.py:186} INFO - Started process (PID=3646) to work on /opt/airflow/dags/main.py
[2026-05-02T13:08:05.493+0000] {processor.py:914} INFO - Processing file /opt/airflow/dags/main.py for tasks to queue
[2026-05-02T13:08:05.499+0000] {logging_mixin.py:190} INFO - [2026-05-02T13:08:05.498+0000] {dagbag.py:588} INFO - Filling up the DagBag from /opt/airflow/dags/main.py
[2026-05-02T13:08:05.654+0000] {processor.py:925} INFO - DAG(s) 'orders_kafka_to_s3' retrieved from /opt/airflow/dags/main.py
[2026-05-02T13:08:05.698+0000] {logging_mixin.py:190} INFO - [2026-05-02T13:08:05.697+0000] {dag.py:3239} INFO - Sync 1 DAGs
[2026-05-02T13:08:05.738+0000] {logging_mixin.py:190} INFO - [2026-05-02T13:08:05.737+0000] {dag.py:4180} INFO - Setting next_dagrun for orders_kafka_to_s3 to 2026-05-02 00:00:00+00:00, run_after=2026-05-03 00:00:00+00:00
[2026-05-02T13:08:05.779+0000] {processor.py:208} INFO - Processing /opt/airflow/dags/main.py took 0.309 seconds
[2026-05-02T13:08:36.133+0000] {processor.py:186} INFO - Started process (PID=3653) to work on /opt/airflow/dags/main.py
[2026-05-02T13:08:36.135+0000] {processor.py:914} INFO - Processing file /opt/airflow/dags/main.py for tasks to queue
[2026-05-02T13:08:36.145+0000] {logging_mixin.py:190} INFO - [2026-05-02T13:08:36.144+0000] {dagbag.py:588} INFO - Filling up the DagBag from /opt/airflow/dags/main.py
[2026-05-02T13:08:36.341+0000] {processor.py:925} INFO - DAG(s) 'orders_kafka_to_s3' retrieved from /opt/airflow/dags/main.py
[2026-05-02T13:08:36.380+0000] {logging_mixin.py:190} INFO - [2026-05-02T13:08:36.380+0000] {dag.py:3239} INFO - Sync 1 DAGs
[2026-05-02T13:08:36.413+0000] {logging_mixin.py:190} INFO - [2026-05-02T13:08:36.413+0000] {dag.py:4180} INFO - Setting next_dagrun for orders_kafka_to_s3 to 2026-05-02 00:00:00+00:00, run_after=2026-05-03 00:00:00+00:00
[2026-05-02T13:08:36.442+0000] {processor.py:208} INFO - Processing /opt/airflow/dags/main.py took 0.324 seconds
[2026-05-02T13:09:06.832+0000] {processor.py:186} INFO - Started process (PID=3660) to work on /opt/airflow/dags/main.py
[2026-05-02T13:09:06.836+0000] {processor.py:914} INFO - Processing file /opt/airflow/dags/main.py for tasks to queue
[2026-05-02T13:09:06.843+0000] {logging_mixin.py:190} INFO - [2026-05-02T13:09:06.842+0000] {dagbag.py:588} INFO - Filling up the DagBag from /opt/airflow/dags/main.py
[2026-05-02T13:09:07.025+0000] {processor.py:925} INFO - DAG(s) 'orders_kafka_to_s3' retrieved from /opt/airflow/dags/main.py
[2026-05-02T13:09:07.054+0000] {logging_mixin.py:190} INFO - [2026-05-02T13:09:07.054+0000] {dag.py:3239} INFO - Sync 1 DAGs
[2026-05-02T13:09:07.081+0000] {logging_mixin.py:190} INFO - [2026-05-02T13:09:07.081+0000] {dag.py:4180} INFO - Setting next_dagrun for orders_kafka_to_s3 to 2026-05-02 00:00:00+00:00, run_after=2026-05-03 00:00:00+00:00
[2026-05-02T13:09:07.104+0000] {processor.py:208} INFO - Processing /opt/airflow/dags/main.py took 0.293 seconds
[2026-05-02T13:09:37.403+0000] {processor.py:186} INFO - Started process (PID=3667) to work on /opt/airflow/dags/main.py
[2026-05-02T13:09:37.404+0000] {processor.py:914} INFO - Processing file /opt/airflow/dags/main.py for tasks to queue
[2026-05-02T13:09:37.407+0000] {logging_mixin.py:190} INFO - [2026-05-02T13:09:37.407+0000] {dagbag.py:588} INFO - Filling up the DagBag from /opt/airflow/dags/main.py
[2026-05-02T13:09:37.574+0000] {processor.py:925} INFO - DAG(s) 'orders_kafka_to_s3' retrieved from /opt/airflow/dags/main.py
[2026-05-02T13:09:37.600+0000] {logging_mixin.py:190} INFO - [2026-05-02T13:09:37.600+0000] {dag.py:3239} INFO - Sync 1 DAGs
[2026-05-02T13:09:37.630+0000] {logging_mixin.py:190} INFO - [2026-05-02T13:09:37.630+0000] {dag.py:4180} INFO - Setting next_dagrun for orders_kafka_to_s3 to 2026-05-02 00:00:00+00:00, run_after=2026-05-03 00:00:00+00:00
[2026-05-02T13:09:37.660+0000] {processor.py:208} INFO - Processing /opt/airflow/dags/main.py took 0.269 seconds
[2026-05-02T13:10:08.040+0000] {processor.py:186} INFO - Started process (PID=3674) to work on /opt/airflow/dags/main.py
[2026-05-02T13:10:08.043+0000] {processor.py:914} INFO - Processing file /opt/airflow/dags/main.py for tasks to queue
[2026-05-02T13:10:08.047+0000] {logging_mixin.py:190} INFO - [2026-05-02T13:10:08.046+0000] {dagbag.py:588} INFO - Filling up the DagBag from /opt/airflow/dags/main.py
[2026-05-02T13:10:08.213+0000] {processor.py:925} INFO - DAG(s) 'orders_kafka_to_s3' retrieved from /opt/airflow/dags/main.py
[2026-05-02T13:10:08.248+0000] {logging_mixin.py:190} INFO - [2026-05-02T13:10:08.248+0000] {dag.py:3239} INFO - Sync 1 DAGs
[2026-05-02T13:10:08.280+0000] {logging_mixin.py:190} INFO - [2026-05-02T13:10:08.279+0000] {dag.py:4180} INFO - Setting next_dagrun for orders_kafka_to_s3 to 2026-05-02 00:00:00+00:00, run_after=2026-05-03 00:00:00+00:00
[2026-05-02T13:10:08.309+0000] {processor.py:208} INFO - Processing /opt/airflow/dags/main.py took 0.280 seconds
[2026-05-02T13:10:38.531+0000] {processor.py:186} INFO - Started process (PID=3681) to work on /opt/airflow/dags/main.py
[2026-05-02T13:10:38.532+0000] {processor.py:914} INFO - Processing file /opt/airflow/dags/main.py for tasks to queue
[2026-05-02T13:10:38.536+0000] {logging_mixin.py:190} INFO - [2026-05-02T13:10:38.536+0000] {dagbag.py:588} INFO - Filling up the DagBag from /opt/airflow/dags/main.py
[2026-05-02T13:10:38.753+0000] {processor.py:925} INFO - DAG(s) 'orders_kafka_to_s3' retrieved from /opt/airflow/dags/main.py
[2026-05-02T13:10:38.791+0000] {logging_mixin.py:190} INFO - [2026-05-02T13:10:38.790+0000] {dag.py:3239} INFO - Sync 1 DAGs
[2026-05-02T13:10:38.821+0000] {logging_mixin.py:190} INFO - [2026-05-02T13:10:38.820+0000] {dag.py:4180} INFO - Setting next_dagrun for orders_kafka_to_s3 to 2026-05-02 00:00:00+00:00, run_after=2026-05-03 00:00:00+00:00
[2026-05-02T13:10:38.861+0000] {processor.py:208} INFO - Processing /opt/airflow/dags/main.py took 0.340 seconds
[2026-05-02T13:11:09.407+0000] {processor.py:186} INFO - Started process (PID=3688) to work on /opt/airflow/dags/main.py
[2026-05-02T13:11:09.409+0000] {processor.py:914} INFO - Processing file /opt/airflow/dags/main.py for tasks to queue
[2026-05-02T13:11:09.415+0000] {logging_mixin.py:190} INFO - [2026-05-02T13:11:09.415+0000] {dagbag.py:588} INFO - Filling up the DagBag from /opt/airflow/dags/main.py
[2026-05-02T13:11:09.558+0000] {processor.py:925} INFO - DAG(s) 'orders_kafka_to_s3' retrieved from /opt/airflow/dags/main.py
[2026-05-02T13:11:09.590+0000] {logging_mixin.py:190} INFO - [2026-05-02T13:11:09.590+0000] {dag.py:3239} INFO - Sync 1 DAGs
[2026-05-02T13:11:09.630+0000] {logging_mixin.py:190} INFO - [2026-05-02T13:11:09.630+0000] {dag.py:4180} INFO - Setting next_dagrun for orders_kafka_to_s3 to 2026-05-02 00:00:00+00:00, run_after=2026-05-03 00:00:00+00:00
[2026-05-02T13:11:09.674+0000] {processor.py:208} INFO - Processing /opt/airflow/dags/main.py took 0.282 seconds
[2026-05-02T13:11:39.943+0000] {processor.py:186} INFO - Started process (PID=3695) to work on /opt/airflow/dags/main.py
[2026-05-02T13:11:39.946+0000] {processor.py:914} INFO - Processing file /opt/airflow/dags/main.py for tasks to queue
[2026-05-02T13:11:39.954+0000] {logging_mixin.py:190} INFO - [2026-05-02T13:11:39.953+0000] {dagbag.py:588} INFO - Filling up the DagBag from /opt/airflow/dags/main.py
[2026-05-02T13:11:40.148+0000] {processor.py:925} INFO - DAG(s) 'orders_kafka_to_s3' retrieved from /opt/airflow/dags/main.py
[2026-05-02T13:11:40.182+0000] {logging_mixin.py:190} INFO - [2026-05-02T13:11:40.181+0000] {dag.py:3239} INFO - Sync 1 DAGs
[2026-05-02T13:11:40.215+0000] {logging_mixin.py:190} INFO - [2026-05-02T13:11:40.215+0000] {dag.py:4180} INFO - Setting next_dagrun for orders_kafka_to_s3 to 2026-05-02 00:00:00+00:00, run_after=2026-05-03 00:00:00+00:00
[2026-05-02T13:11:40.243+0000] {processor.py:208} INFO - Processing /opt/airflow/dags/main.py took 0.318 seconds
[2026-05-02T13:12:10.759+0000] {processor.py:186} INFO - Started process (PID=3701) to work on /opt/airflow/dags/main.py
[2026-05-02T13:12:10.761+0000] {processor.py:914} INFO - Processing file /opt/airflow/dags/main.py for tasks to queue
[2026-05-02T13:12:10.768+0000] {logging_mixin.py:190} INFO - [2026-05-02T13:12:10.767+0000] {dagbag.py:588} INFO - Filling up the DagBag from /opt/airflow/dags/main.py
[2026-05-02T13:12:10.922+0000] {processor.py:925} INFO - DAG(s) 'orders_kafka_to_s3' retrieved from /opt/airflow/dags/main.py
[2026-05-02T13:12:10.966+0000] {logging_mixin.py:190} INFO - [2026-05-02T13:12:10.965+0000] {dag.py:3239} INFO - Sync 1 DAGs
[2026-05-02T13:12:10.999+0000] {logging_mixin.py:190} INFO - [2026-05-02T13:12:10.998+0000] {dag.py:4180} INFO - Setting next_dagrun for orders_kafka_to_s3 to 2026-05-02 00:00:00+00:00, run_after=2026-05-03 00:00:00+00:00
[2026-05-02T13:12:11.031+0000] {processor.py:208} INFO - Processing /opt/airflow/dags/main.py took 0.285 seconds
[2026-05-02T13:12:41.251+0000] {processor.py:186} INFO - Started process (PID=3708) to work on /opt/airflow/dags/main.py
[2026-05-02T13:12:41.254+0000] {processor.py:914} INFO - Processing file /opt/airflow/dags/main.py for tasks to queue
[2026-05-02T13:12:41.262+0000] {logging_mixin.py:190} INFO - [2026-05-02T13:12:41.261+0000] {dagbag.py:588} INFO - Filling up the DagBag from /opt/airflow/dags/main.py
[2026-05-02T13:12:41.473+0000] {processor.py:925} INFO - DAG(s) 'orders_kafka_to_s3' retrieved from /opt/airflow/dags/main.py
[2026-05-02T13:12:41.521+0000] {logging_mixin.py:190} INFO - [2026-05-02T13:12:41.521+0000] {dag.py:3239} INFO - Sync 1 DAGs
[2026-05-02T13:12:41.564+0000] {logging_mixin.py:190} INFO - [2026-05-02T13:12:41.564+0000] {dag.py:4180} INFO - Setting next_dagrun for orders_kafka_to_s3 to 2026-05-02 00:00:00+00:00, run_after=2026-05-03 00:00:00+00:00
[2026-05-02T13:12:41.600+0000] {processor.py:208} INFO - Processing /opt/airflow/dags/main.py took 0.363 seconds
[2026-05-02T13:13:12.099+0000] {processor.py:186} INFO - Started process (PID=3715) to work on /opt/airflow/dags/main.py
[2026-05-02T13:13:12.101+0000] {processor.py:914} INFO - Processing file /opt/airflow/dags/main.py for tasks to queue
[2026-05-02T13:13:12.104+0000] {logging_mixin.py:190} INFO - [2026-05-02T13:13:12.104+0000] {dagbag.py:588} INFO - Filling up the DagBag from /opt/airflow/dags/main.py
[2026-05-02T13:13:12.246+0000] {processor.py:925} INFO - DAG(s) 'orders_kafka_to_s3' retrieved from /opt/airflow/dags/main.py
[2026-05-02T13:13:12.278+0000] {logging_mixin.py:190} INFO - [2026-05-02T13:13:12.278+0000] {dag.py:3239} INFO - Sync 1 DAGs
[2026-05-02T13:13:12.306+0000] {logging_mixin.py:190} INFO - [2026-05-02T13:13:12.306+0000] {dag.py:4180} INFO - Setting next_dagrun for orders_kafka_to_s3 to 2026-05-02 00:00:00+00:00, run_after=2026-05-03 00:00:00+00:00
[2026-05-02T13:13:12.335+0000] {processor.py:208} INFO - Processing /opt/airflow/dags/main.py took 0.246 seconds
[2026-05-02T13:13:42.735+0000] {processor.py:186} INFO - Started process (PID=3723) to work on /opt/airflow/dags/main.py
[2026-05-02T13:13:42.739+0000] {processor.py:914} INFO - Processing file /opt/airflow/dags/main.py for tasks to queue
[2026-05-02T13:13:42.747+0000] {logging_mixin.py:190} INFO - [2026-05-02T13:13:42.746+0000] {dagbag.py:588} INFO - Filling up the DagBag from /opt/airflow/dags/main.py
[2026-05-02T13:13:42.980+0000] {processor.py:925} INFO - DAG(s) 'orders_kafka_to_s3' retrieved from /opt/airflow/dags/main.py
[2026-05-02T13:13:43.034+0000] {logging_mixin.py:190} INFO - [2026-05-02T13:13:43.034+0000] {dag.py:3239} INFO - Sync 1 DAGs
[2026-05-02T13:13:43.063+0000] {logging_mixin.py:190} INFO - [2026-05-02T13:13:43.063+0000] {dag.py:4180} INFO - Setting next_dagrun for orders_kafka_to_s3 to 2026-05-02 00:00:00+00:00, run_after=2026-05-03 00:00:00+00:00
[2026-05-02T13:13:43.087+0000] {processor.py:208} INFO - Processing /opt/airflow/dags/main.py took 0.376 seconds
[2026-05-02T13:14:13.472+0000] {processor.py:186} INFO - Started process (PID=3730) to work on /opt/airflow/dags/main.py
[2026-05-02T13:14:13.473+0000] {processor.py:914} INFO - Processing file /opt/airflow/dags/main.py for tasks to queue
[2026-05-02T13:14:13.477+0000] {logging_mixin.py:190} INFO - [2026-05-02T13:14:13.477+0000] {dagbag.py:588} INFO - Filling up the DagBag from /opt/airflow/dags/main.py
[2026-05-02T13:14:13.626+0000] {processor.py:925} INFO - DAG(s) 'orders_kafka_to_s3' retrieved from /opt/airflow/dags/main.py
[2026-05-02T13:14:13.656+0000] {logging_mixin.py:190} INFO - [2026-05-02T13:14:13.656+0000] {dag.py:3239} INFO - Sync 1 DAGs
[2026-05-02T13:14:13.683+0000] {logging_mixin.py:190} INFO - [2026-05-02T13:14:13.682+0000] {dag.py:4180} INFO - Setting next_dagrun for orders_kafka_to_s3 to 2026-05-02 00:00:00+00:00, run_after=2026-05-03 00:00:00+00:00
[2026-05-02T13:14:13.718+0000] {processor.py:208} INFO - Processing /opt/airflow/dags/main.py took 0.255 seconds
[2026-05-02T13:14:44.201+0000] {processor.py:186} INFO - Started process (PID=3737) to work on /opt/airflow/dags/main.py
[2026-05-02T13:14:44.203+0000] {processor.py:914} INFO - Processing file /opt/airflow/dags/main.py for tasks to queue
[2026-05-02T13:14:44.210+0000] {logging_mixin.py:190} INFO - [2026-05-02T13:14:44.209+0000] {dagbag.py:588} INFO - Filling up the DagBag from /opt/airflow/dags/main.py
[2026-05-02T13:14:44.422+0000] {processor.py:925} INFO - DAG(s) 'orders_kafka_to_s3' retrieved from /opt/airflow/dags/main.py
[2026-05-02T13:14:44.459+0000] {logging_mixin.py:190} INFO - [2026-05-02T13:14:44.459+0000] {dag.py:3239} INFO - Sync 1 DAGs
[2026-05-02T13:14:44.508+0000] {logging_mixin.py:190} INFO - [2026-05-02T13:14:44.508+0000] {dag.py:4180} INFO - Setting next_dagrun for orders_kafka_to_s3 to 2026-05-02 00:00:00+00:00, run_after=2026-05-03 00:00:00+00:00
[2026-05-02T13:14:44.544+0000] {processor.py:208} INFO - Processing /opt/airflow/dags/main.py took 0.360 seconds
[2026-05-02T13:15:14.898+0000] {processor.py:186} INFO - Started process (PID=3744) to work on /opt/airflow/dags/main.py
[2026-05-02T13:15:14.900+0000] {processor.py:914} INFO - Processing file /opt/airflow/dags/main.py for tasks to queue
[2026-05-02T13:15:14.904+0000] {logging_mixin.py:190} INFO - [2026-05-02T13:15:14.904+0000] {dagbag.py:588} INFO - Filling up the DagBag from /opt/airflow/dags/main.py
[2026-05-02T13:15:15.048+0000] {processor.py:925} INFO - DAG(s) 'orders_kafka_to_s3' retrieved from /opt/airflow/dags/main.py
[2026-05-02T13:15:15.078+0000] {logging_mixin.py:190} INFO - [2026-05-02T13:15:15.078+0000] {dag.py:3239} INFO - Sync 1 DAGs
[2026-05-02T13:15:15.106+0000] {logging_mixin.py:190} INFO - [2026-05-02T13:15:15.106+0000] {dag.py:4180} INFO - Setting next_dagrun for orders_kafka_to_s3 to 2026-05-02 00:00:00+00:00, run_after=2026-05-03 00:00:00+00:00
[2026-05-02T13:15:15.133+0000] {processor.py:208} INFO - Processing /opt/airflow/dags/main.py took 0.246 seconds
[2026-05-02T13:15:45.532+0000] {processor.py:186} INFO - Started process (PID=3751) to work on /opt/airflow/dags/main.py
[2026-05-02T13:15:45.534+0000] {processor.py:914} INFO - Processing file /opt/airflow/dags/main.py for tasks to queue
[2026-05-02T13:15:45.538+0000] {logging_mixin.py:190} INFO - [2026-05-02T13:15:45.538+0000] {dagbag.py:588} INFO - Filling up the DagBag from /opt/airflow/dags/main.py
[2026-05-02T13:15:45.685+0000] {processor.py:925} INFO - DAG(s) 'orders_kafka_to_s3' retrieved from /opt/airflow/dags/main.py
[2026-05-02T13:15:45.713+0000] {logging_mixin.py:190} INFO - [2026-05-02T13:15:45.713+0000] {dag.py:3239} INFO - Sync 1 DAGs
[2026-05-02T13:15:45.743+0000] {logging_mixin.py:190} INFO - [2026-05-02T13:15:45.743+0000] {dag.py:4180} INFO - Setting next_dagrun for orders_kafka_to_s3 to 2026-05-02 00:00:00+00:00, run_after=2026-05-03 00:00:00+00:00
[2026-05-02T13:15:45.776+0000] {processor.py:208} INFO - Processing /opt/airflow/dags/main.py took 0.254 seconds
[2026-05-02T13:16:16.243+0000] {processor.py:186} INFO - Started process (PID=3758) to work on /opt/airflow/dags/main.py
[2026-05-02T13:16:16.246+0000] {processor.py:914} INFO - Processing file /opt/airflow/dags/main.py for tasks to queue
[2026-05-02T13:16:16.256+0000] {logging_mixin.py:190} INFO - [2026-05-02T13:16:16.255+0000] {dagbag.py:588} INFO - Filling up the DagBag from /opt/airflow/dags/main.py
[2026-05-02T13:16:16.393+0000] {processor.py:925} INFO - DAG(s) 'orders_kafka_to_s3' retrieved from /opt/airflow/dags/main.py
[2026-05-02T13:16:16.427+0000] {logging_mixin.py:190} INFO - [2026-05-02T13:16:16.426+0000] {dag.py:3239} INFO - Sync 1 DAGs
[2026-05-02T13:16:16.453+0000] {logging_mixin.py:190} INFO - [2026-05-02T13:16:16.453+0000] {dag.py:4180} INFO - Setting next_dagrun for orders_kafka_to_s3 to 2026-05-02 00:00:00+00:00, run_after=2026-05-03 00:00:00+00:00
[2026-05-02T13:16:16.486+0000] {processor.py:208} INFO - Processing /opt/airflow/dags/main.py took 0.261 seconds
[2026-05-02T13:16:46.975+0000] {processor.py:186} INFO - Started process (PID=3765) to work on /opt/airflow/dags/main.py
[2026-05-02T13:16:46.977+0000] {processor.py:914} INFO - Processing file /opt/airflow/dags/main.py for tasks to queue
[2026-05-02T13:16:46.982+0000] {logging_mixin.py:190} INFO - [2026-05-02T13:16:46.981+0000] {dagbag.py:588} INFO - Filling up the DagBag from /opt/airflow/dags/main.py
[2026-05-02T13:16:47.123+0000] {processor.py:925} INFO - DAG(s) 'orders_kafka_to_s3' retrieved from /opt/airflow/dags/main.py
[2026-05-02T13:16:47.151+0000] {logging_mixin.py:190} INFO - [2026-05-02T13:16:47.151+0000] {dag.py:3239} INFO - Sync 1 DAGs
[2026-05-02T13:16:47.177+0000] {logging_mixin.py:190} INFO - [2026-05-02T13:16:47.176+0000] {dag.py:4180} INFO - Setting next_dagrun for orders_kafka_to_s3 to 2026-05-02 00:00:00+00:00, run_after=2026-05-03 00:00:00+00:00
[2026-05-02T13:16:47.199+0000] {processor.py:208} INFO - Processing /opt/airflow/dags/main.py took 0.240 seconds
[2026-05-02T13:17:17.780+0000] {processor.py:186} INFO - Started process (PID=3772) to work on /opt/airflow/dags/main.py
[2026-05-02T13:17:17.782+0000] {processor.py:914} INFO - Processing file /opt/airflow/dags/main.py for tasks to queue
[2026-05-02T13:17:17.785+0000] {logging_mixin.py:190} INFO - [2026-05-02T13:17:17.785+0000] {dagbag.py:588} INFO - Filling up the DagBag from /opt/airflow/dags/main.py
[2026-05-02T13:17:17.964+0000] {processor.py:925} INFO - DAG(s) 'orders_kafka_to_s3' retrieved from /opt/airflow/dags/main.py
[2026-05-02T13:17:18.026+0000] {logging_mixin.py:190} INFO - [2026-05-02T13:17:18.025+0000] {dag.py:3239} INFO - Sync 1 DAGs
[2026-05-02T13:17:18.063+0000] {logging_mixin.py:190} INFO - [2026-05-02T13:17:18.063+0000] {dag.py:4180} INFO - Setting next_dagrun for orders_kafka_to_s3 to 2026-05-02 00:00:00+00:00, run_after=2026-05-03 00:00:00+00:00
[2026-05-02T13:17:18.096+0000] {processor.py:208} INFO - Processing /opt/airflow/dags/main.py took 0.326 seconds
[2026-05-02T13:17:48.436+0000] {processor.py:186} INFO - Started process (PID=3779) to work on /opt/airflow/dags/main.py
[2026-05-02T13:17:48.438+0000] {processor.py:914} INFO - Processing file /opt/airflow/dags/main.py for tasks to queue
[2026-05-02T13:17:48.442+0000] {logging_mixin.py:190} INFO - [2026-05-02T13:17:48.441+0000] {dagbag.py:588} INFO - Filling up the DagBag from /opt/airflow/dags/main.py
[2026-05-02T13:17:48.596+0000] {processor.py:925} INFO - DAG(s) 'orders_kafka_to_s3' retrieved from /opt/airflow/dags/main.py
[2026-05-02T13:17:48.637+0000] {logging_mixin.py:190} INFO - [2026-05-02T13:17:48.636+0000] {dag.py:3239} INFO - Sync 1 DAGs
[2026-05-02T13:17:48.666+0000] {logging_mixin.py:190} INFO - [2026-05-02T13:17:48.666+0000] {dag.py:4180} INFO - Setting next_dagrun for orders_kafka_to_s3 to 2026-05-02 00:00:00+00:00, run_after=2026-05-03 00:00:00+00:00
[2026-05-02T13:17:48.688+0000] {processor.py:208} INFO - Processing /opt/airflow/dags/main.py took 0.262 seconds
[2026-05-02T13:18:19.057+0000] {processor.py:186} INFO - Started process (PID=3786) to work on /opt/airflow/dags/main.py
[2026-05-02T13:18:19.060+0000] {processor.py:914} INFO - Processing file /opt/airflow/dags/main.py for tasks to queue
[2026-05-02T13:18:19.064+0000] {logging_mixin.py:190} INFO - [2026-05-02T13:18:19.063+0000] {dagbag.py:588} INFO - Filling up the DagBag from /opt/airflow/dags/main.py
[2026-05-02T13:18:19.344+0000] {processor.py:925} INFO - DAG(s) 'orders_kafka_to_s3' retrieved from /opt/airflow/dags/main.py
[2026-05-02T13:18:19.377+0000] {logging_mixin.py:190} INFO - [2026-05-02T13:18:19.377+0000] {dag.py:3239} INFO - Sync 1 DAGs
[2026-05-02T13:18:19.408+0000] {logging_mixin.py:190} INFO - [2026-05-02T13:18:19.408+0000] {dag.py:4180} INFO - Setting next_dagrun for orders_kafka_to_s3 to 2026-05-02 00:00:00+00:00, run_after=2026-05-03 00:00:00+00:00
[2026-05-02T13:18:19.454+0000] {processor.py:208} INFO - Processing /opt/airflow/dags/main.py took 0.408 seconds
[2026-05-02T13:18:49.777+0000] {processor.py:186} INFO - Started process (PID=3793) to work on /opt/airflow/dags/main.py
[2026-05-02T13:18:49.778+0000] {processor.py:914} INFO - Processing file /opt/airflow/dags/main.py for tasks to queue
[2026-05-02T13:18:49.782+0000] {logging_mixin.py:190} INFO - [2026-05-02T13:18:49.781+0000] {dagbag.py:588} INFO - Filling up the DagBag from /opt/airflow/dags/main.py
[2026-05-02T13:18:49.902+0000] {processor.py:925} INFO - DAG(s) 'orders_kafka_to_s3' retrieved from /opt/airflow/dags/main.py
[2026-05-02T13:18:49.935+0000] {logging_mixin.py:190} INFO - [2026-05-02T13:18:49.935+0000] {dag.py:3239} INFO - Sync 1 DAGs
[2026-05-02T13:18:49.964+0000] {logging_mixin.py:190} INFO - [2026-05-02T13:18:49.964+0000] {dag.py:4180} INFO - Setting next_dagrun for orders_kafka_to_s3 to 2026-05-02 00:00:00+00:00, run_after=2026-05-03 00:00:00+00:00
[2026-05-02T13:18:49.989+0000] {processor.py:208} INFO - Processing /opt/airflow/dags/main.py took 0.219 seconds
[2026-05-02T13:19:20.575+0000] {processor.py:186} INFO - Started process (PID=3800) to work on /opt/airflow/dags/main.py
[2026-05-02T13:19:20.577+0000] {processor.py:914} INFO - Processing file /opt/airflow/dags/main.py for tasks to queue
[2026-05-02T13:19:20.581+0000] {logging_mixin.py:190} INFO - [2026-05-02T13:19:20.581+0000] {dagbag.py:588} INFO - Filling up the DagBag from /opt/airflow/dags/main.py
[2026-05-02T13:19:20.715+0000] {processor.py:925} INFO - DAG(s) 'orders_kafka_to_s3' retrieved from /opt/airflow/dags/main.py
[2026-05-02T13:19:20.747+0000] {logging_mixin.py:190} INFO - [2026-05-02T13:19:20.747+0000] {dag.py:3239} INFO - Sync 1 DAGs
[2026-05-02T13:19:20.780+0000] {logging_mixin.py:190} INFO - [2026-05-02T13:19:20.779+0000] {dag.py:4180} INFO - Setting next_dagrun for orders_kafka_to_s3 to 2026-05-02 00:00:00+00:00, run_after=2026-05-03 00:00:00+00:00
[2026-05-02T13:19:20.811+0000] {processor.py:208} INFO - Processing /opt/airflow/dags/main.py took 0.245 seconds
[2026-05-02T13:19:51.220+0000] {processor.py:186} INFO - Started process (PID=3807) to work on /opt/airflow/dags/main.py
[2026-05-02T13:19:51.223+0000] {processor.py:914} INFO - Processing file /opt/airflow/dags/main.py for tasks to queue
[2026-05-02T13:19:51.232+0000] {logging_mixin.py:190} INFO - [2026-05-02T13:19:51.231+0000] {dagbag.py:588} INFO - Filling up the DagBag from /opt/airflow/dags/main.py
[2026-05-02T13:19:51.413+0000] {processor.py:925} INFO - DAG(s) 'orders_kafka_to_s3' retrieved from /opt/airflow/dags/main.py
[2026-05-02T13:19:51.446+0000] {logging_mixin.py:190} INFO - [2026-05-02T13:19:51.445+0000] {dag.py:3239} INFO - Sync 1 DAGs
[2026-05-02T13:19:51.477+0000] {logging_mixin.py:190} INFO - [2026-05-02T13:19:51.477+0000] {dag.py:4180} INFO - Setting next_dagrun for orders_kafka_to_s3 to 2026-05-02 00:00:00+00:00, run_after=2026-05-03 00:00:00+00:00
[2026-05-02T13:19:51.503+0000] {processor.py:208} INFO - Processing /opt/airflow/dags/main.py took 0.305 seconds
[2026-05-02T13:20:21.880+0000] {processor.py:186} INFO - Started process (PID=3814) to work on /opt/airflow/dags/main.py
[2026-05-02T13:20:21.885+0000] {processor.py:914} INFO - Processing file /opt/airflow/dags/main.py for tasks to queue
[2026-05-02T13:20:21.891+0000] {logging_mixin.py:190} INFO - [2026-05-02T13:20:21.890+0000] {dagbag.py:588} INFO - Filling up the DagBag from /opt/airflow/dags/main.py
[2026-05-02T13:20:22.066+0000] {processor.py:925} INFO - DAG(s) 'orders_kafka_to_s3' retrieved from /opt/airflow/dags/main.py
[2026-05-02T13:20:22.099+0000] {logging_mixin.py:190} INFO - [2026-05-02T13:20:22.099+0000] {dag.py:3239} INFO - Sync 1 DAGs
[2026-05-02T13:20:22.130+0000] {logging_mixin.py:190} INFO - [2026-05-02T13:20:22.130+0000] {dag.py:4180} INFO - Setting next_dagrun for orders_kafka_to_s3 to 2026-05-02 00:00:00+00:00, run_after=2026-05-03 00:00:00+00:00
[2026-05-02T13:20:22.155+0000] {processor.py:208} INFO - Processing /opt/airflow/dags/main.py took 0.291 seconds
[2026-05-02T13:20:52.642+0000] {processor.py:186} INFO - Started process (PID=3821) to work on /opt/airflow/dags/main.py
[2026-05-02T13:20:52.643+0000] {processor.py:914} INFO - Processing file /opt/airflow/dags/main.py for tasks to queue
[2026-05-02T13:20:52.647+0000] {logging_mixin.py:190} INFO - [2026-05-02T13:20:52.647+0000] {dagbag.py:588} INFO - Filling up the DagBag from /opt/airflow/dags/main.py
[2026-05-02T13:20:52.786+0000] {processor.py:925} INFO - DAG(s) 'orders_kafka_to_s3' retrieved from /opt/airflow/dags/main.py
[2026-05-02T13:20:52.818+0000] {logging_mixin.py:190} INFO - [2026-05-02T13:20:52.817+0000] {dag.py:3239} INFO - Sync 1 DAGs
[2026-05-02T13:20:52.853+0000] {logging_mixin.py:190} INFO - [2026-05-02T13:20:52.852+0000] {dag.py:4180} INFO - Setting next_dagrun for orders_kafka_to_s3 to 2026-05-02 00:00:00+00:00, run_after=2026-05-03 00:00:00+00:00
[2026-05-02T13:20:52.887+0000] {processor.py:208} INFO - Processing /opt/airflow/dags/main.py took 0.256 seconds
[2026-05-02T13:21:23.395+0000] {processor.py:186} INFO - Started process (PID=3828) to work on /opt/airflow/dags/main.py
[2026-05-02T13:21:23.397+0000] {processor.py:914} INFO - Processing file /opt/airflow/dags/main.py for tasks to queue
[2026-05-02T13:21:23.404+0000] {logging_mixin.py:190} INFO - [2026-05-02T13:21:23.403+0000] {dagbag.py:588} INFO - Filling up the DagBag from /opt/airflow/dags/main.py
[2026-05-02T13:21:23.585+0000] {processor.py:925} INFO - DAG(s) 'orders_kafka_to_s3' retrieved from /opt/airflow/dags/main.py
[2026-05-02T13:21:23.616+0000] {logging_mixin.py:190} INFO - [2026-05-02T13:21:23.616+0000] {dag.py:3239} INFO - Sync 1 DAGs
[2026-05-02T13:21:23.645+0000] {logging_mixin.py:190} INFO - [2026-05-02T13:21:23.645+0000] {dag.py:4180} INFO - Setting next_dagrun for orders_kafka_to_s3 to 2026-05-02 00:00:00+00:00, run_after=2026-05-03 00:00:00+00:00
[2026-05-02T13:21:23.673+0000] {processor.py:208} INFO - Processing /opt/airflow/dags/main.py took 0.297 seconds
[2026-05-02T13:21:54.168+0000] {processor.py:186} INFO - Started process (PID=3835) to work on /opt/airflow/dags/main.py
[2026-05-02T13:21:54.170+0000] {processor.py:914} INFO - Processing file /opt/airflow/dags/main.py for tasks to queue
[2026-05-02T13:21:54.176+0000] {logging_mixin.py:190} INFO - [2026-05-02T13:21:54.175+0000] {dagbag.py:588} INFO - Filling up the DagBag from /opt/airflow/dags/main.py
[2026-05-02T13:21:54.374+0000] {processor.py:925} INFO - DAG(s) 'orders_kafka_to_s3' retrieved from /opt/airflow/dags/main.py
[2026-05-02T13:21:54.404+0000] {logging_mixin.py:190} INFO - [2026-05-02T13:21:54.404+0000] {dag.py:3239} INFO - Sync 1 DAGs
[2026-05-02T13:21:54.439+0000] {logging_mixin.py:190} INFO - [2026-05-02T13:21:54.438+0000] {dag.py:4180} INFO - Setting next_dagrun for orders_kafka_to_s3 to 2026-05-02 00:00:00+00:00, run_after=2026-05-03 00:00:00+00:00
[2026-05-02T13:21:54.470+0000] {processor.py:208} INFO - Processing /opt/airflow/dags/main.py took 0.316 seconds
[2026-05-02T13:22:24.736+0000] {processor.py:186} INFO - Started process (PID=3842) to work on /opt/airflow/dags/main.py
[2026-05-02T13:22:24.739+0000] {processor.py:914} INFO - Processing file /opt/airflow/dags/main.py for tasks to queue
[2026-05-02T13:22:24.745+0000] {logging_mixin.py:190} INFO - [2026-05-02T13:22:24.744+0000] {dagbag.py:588} INFO - Filling up the DagBag from /opt/airflow/dags/main.py
[2026-05-02T13:22:24.950+0000] {processor.py:925} INFO - DAG(s) 'orders_kafka_to_s3' retrieved from /opt/airflow/dags/main.py
[2026-05-02T13:22:24.981+0000] {logging_mixin.py:190} INFO - [2026-05-02T13:22:24.980+0000] {dag.py:3239} INFO - Sync 1 DAGs
[2026-05-02T13:22:25.008+0000] {logging_mixin.py:190} INFO - [2026-05-02T13:22:25.008+0000] {dag.py:4180} INFO - Setting next_dagrun for orders_kafka_to_s3 to 2026-05-02 00:00:00+00:00, run_after=2026-05-03 00:00:00+00:00
[2026-05-02T13:22:25.033+0000] {processor.py:208} INFO - Processing /opt/airflow/dags/main.py took 0.311 seconds
[2026-05-02T13:22:55.563+0000] {processor.py:186} INFO - Started process (PID=3849) to work on /opt/airflow/dags/main.py
[2026-05-02T13:22:55.565+0000] {processor.py:914} INFO - Processing file /opt/airflow/dags/main.py for tasks to queue
[2026-05-02T13:22:55.571+0000] {logging_mixin.py:190} INFO - [2026-05-02T13:22:55.571+0000] {dagbag.py:588} INFO - Filling up the DagBag from /opt/airflow/dags/main.py
[2026-05-02T13:22:55.705+0000] {processor.py:925} INFO - DAG(s) 'orders_kafka_to_s3' retrieved from /opt/airflow/dags/main.py
[2026-05-02T13:22:55.734+0000] {logging_mixin.py:190} INFO - [2026-05-02T13:22:55.733+0000] {dag.py:3239} INFO - Sync 1 DAGs
[2026-05-02T13:22:55.757+0000] {logging_mixin.py:190} INFO - [2026-05-02T13:22:55.757+0000] {dag.py:4180} INFO - Setting next_dagrun for orders_kafka_to_s3 to 2026-05-02 00:00:00+00:00, run_after=2026-05-03 00:00:00+00:00
[2026-05-02T13:22:55.782+0000] {processor.py:208} INFO - Processing /opt/airflow/dags/main.py took 0.235 seconds
[2026-05-02T13:23:26.179+0000] {processor.py:186} INFO - Started process (PID=3857) to work on /opt/airflow/dags/main.py
[2026-05-02T13:23:26.181+0000] {processor.py:914} INFO - Processing file /opt/airflow/dags/main.py for tasks to queue
[2026-05-02T13:23:26.189+0000] {logging_mixin.py:190} INFO - [2026-05-02T13:23:26.189+0000] {dagbag.py:588} INFO - Filling up the DagBag from /opt/airflow/dags/main.py
[2026-05-02T13:23:26.380+0000] {processor.py:925} INFO - DAG(s) 'orders_kafka_to_s3' retrieved from /opt/airflow/dags/main.py
[2026-05-02T13:23:26.416+0000] {logging_mixin.py:190} INFO - [2026-05-02T13:23:26.416+0000] {dag.py:3239} INFO - Sync 1 DAGs
[2026-05-02T13:23:26.466+0000] {logging_mixin.py:190} INFO - [2026-05-02T13:23:26.465+0000] {dag.py:4180} INFO - Setting next_dagrun for orders_kafka_to_s3 to 2026-05-02 00:00:00+00:00, run_after=2026-05-03 00:00:00+00:00
[2026-05-02T13:23:26.494+0000] {processor.py:208} INFO - Processing /opt/airflow/dags/main.py took 0.337 seconds
[2026-05-02T13:23:56.836+0000] {processor.py:186} INFO - Started process (PID=3863) to work on /opt/airflow/dags/main.py
[2026-05-02T13:23:56.837+0000] {processor.py:914} INFO - Processing file /opt/airflow/dags/main.py for tasks to queue
[2026-05-02T13:23:56.842+0000] {logging_mixin.py:190} INFO - [2026-05-02T13:23:56.842+0000] {dagbag.py:588} INFO - Filling up the DagBag from /opt/airflow/dags/main.py
[2026-05-02T13:23:57.077+0000] {processor.py:925} INFO - DAG(s) 'orders_kafka_to_s3' retrieved from /opt/airflow/dags/main.py
[2026-05-02T13:23:57.123+0000] {logging_mixin.py:190} INFO - [2026-05-02T13:23:57.122+0000] {dag.py:3239} INFO - Sync 1 DAGs
[2026-05-02T13:23:57.167+0000] {logging_mixin.py:190} INFO - [2026-05-02T13:23:57.167+0000] {dag.py:4180} INFO - Setting next_dagrun for orders_kafka_to_s3 to 2026-05-02 00:00:00+00:00, run_after=2026-05-03 00:00:00+00:00
[2026-05-02T13:23:57.199+0000] {processor.py:208} INFO - Processing /opt/airflow/dags/main.py took 0.373 seconds
[2026-05-02T13:24:27.603+0000] {processor.py:186} INFO - Started process (PID=3875) to work on /opt/airflow/dags/main.py
[2026-05-02T13:24:27.605+0000] {processor.py:914} INFO - Processing file /opt/airflow/dags/main.py for tasks to queue
[2026-05-02T13:24:27.609+0000] {logging_mixin.py:190} INFO - [2026-05-02T13:24:27.609+0000] {dagbag.py:588} INFO - Filling up the DagBag from /opt/airflow/dags/main.py
[2026-05-02T13:24:27.773+0000] {processor.py:925} INFO - DAG(s) 'orders_kafka_to_s3' retrieved from /opt/airflow/dags/main.py
[2026-05-02T13:24:27.804+0000] {logging_mixin.py:190} INFO - [2026-05-02T13:24:27.804+0000] {dag.py:3239} INFO - Sync 1 DAGs
[2026-05-02T13:24:27.832+0000] {logging_mixin.py:190} INFO - [2026-05-02T13:24:27.832+0000] {dag.py:4180} INFO - Setting next_dagrun for orders_kafka_to_s3 to 2026-05-02 00:00:00+00:00, run_after=2026-05-03 00:00:00+00:00
[2026-05-02T13:24:27.861+0000] {processor.py:208} INFO - Processing /opt/airflow/dags/main.py took 0.266 seconds
[2026-05-02T13:24:58.291+0000] {processor.py:186} INFO - Started process (PID=3882) to work on /opt/airflow/dags/main.py
[2026-05-02T13:24:58.293+0000] {processor.py:914} INFO - Processing file /opt/airflow/dags/main.py for tasks to queue
[2026-05-02T13:24:58.297+0000] {logging_mixin.py:190} INFO - [2026-05-02T13:24:58.297+0000] {dagbag.py:588} INFO - Filling up the DagBag from /opt/airflow/dags/main.py
[2026-05-02T13:24:58.440+0000] {processor.py:925} INFO - DAG(s) 'orders_kafka_to_s3' retrieved from /opt/airflow/dags/main.py
[2026-05-02T13:24:58.473+0000] {logging_mixin.py:190} INFO - [2026-05-02T13:24:58.473+0000] {dag.py:3239} INFO - Sync 1 DAGs
[2026-05-02T13:24:58.512+0000] {logging_mixin.py:190} INFO - [2026-05-02T13:24:58.511+0000] {dag.py:4180} INFO - Setting next_dagrun for orders_kafka_to_s3 to 2026-05-02 00:00:00+00:00, run_after=2026-05-03 00:00:00+00:00
[2026-05-02T13:24:58.537+0000] {processor.py:208} INFO - Processing /opt/airflow/dags/main.py took 0.256 seconds
[2026-05-02T13:25:29.044+0000] {processor.py:186} INFO - Started process (PID=3889) to work on /opt/airflow/dags/main.py
[2026-05-02T13:25:29.047+0000] {processor.py:914} INFO - Processing file /opt/airflow/dags/main.py for tasks to queue
[2026-05-02T13:25:29.053+0000] {logging_mixin.py:190} INFO - [2026-05-02T13:25:29.052+0000] {dagbag.py:588} INFO - Filling up the DagBag from /opt/airflow/dags/main.py
[2026-05-02T13:25:29.270+0000] {processor.py:925} INFO - DAG(s) 'orders_kafka_to_s3' retrieved from /opt/airflow/dags/main.py
[2026-05-02T13:25:29.302+0000] {logging_mixin.py:190} INFO - [2026-05-02T13:25:29.301+0000] {dag.py:3239} INFO - Sync 1 DAGs
[2026-05-02T13:25:29.335+0000] {logging_mixin.py:190} INFO - [2026-05-02T13:25:29.334+0000] {dag.py:4180} INFO - Setting next_dagrun for orders_kafka_to_s3 to 2026-05-02 00:00:00+00:00, run_after=2026-05-03 00:00:00+00:00
[2026-05-02T13:25:29.360+0000] {processor.py:208} INFO - Processing /opt/airflow/dags/main.py took 0.332 seconds
[2026-05-02T13:25:59.706+0000] {processor.py:186} INFO - Started process (PID=3896) to work on /opt/airflow/dags/main.py
[2026-05-02T13:25:59.708+0000] {processor.py:914} INFO - Processing file /opt/airflow/dags/main.py for tasks to queue
[2026-05-02T13:25:59.716+0000] {logging_mixin.py:190} INFO - [2026-05-02T13:25:59.715+0000] {dagbag.py:588} INFO - Filling up the DagBag from /opt/airflow/dags/main.py
[2026-05-02T13:25:59.886+0000] {processor.py:925} INFO - DAG(s) 'orders_kafka_to_s3' retrieved from /opt/airflow/dags/main.py
[2026-05-02T13:25:59.918+0000] {logging_mixin.py:190} INFO - [2026-05-02T13:25:59.917+0000] {dag.py:3239} INFO - Sync 1 DAGs
[2026-05-02T13:25:59.959+0000] {logging_mixin.py:190} INFO - [2026-05-02T13:25:59.958+0000] {dag.py:4180} INFO - Setting next_dagrun for orders_kafka_to_s3 to 2026-05-02 00:00:00+00:00, run_after=2026-05-03 00:00:00+00:00
[2026-05-02T13:26:00.003+0000] {processor.py:208} INFO - Processing /opt/airflow/dags/main.py took 0.320 seconds
[2026-05-02T13:26:30.306+0000] {processor.py:186} INFO - Started process (PID=3903) to work on /opt/airflow/dags/main.py
[2026-05-02T13:26:30.308+0000] {processor.py:914} INFO - Processing file /opt/airflow/dags/main.py for tasks to queue
[2026-05-02T13:26:30.313+0000] {logging_mixin.py:190} INFO - [2026-05-02T13:26:30.312+0000] {dagbag.py:588} INFO - Filling up the DagBag from /opt/airflow/dags/main.py
[2026-05-02T13:26:30.436+0000] {processor.py:925} INFO - DAG(s) 'orders_kafka_to_s3' retrieved from /opt/airflow/dags/main.py
[2026-05-02T13:26:30.463+0000] {logging_mixin.py:190} INFO - [2026-05-02T13:26:30.463+0000] {dag.py:3239} INFO - Sync 1 DAGs
[2026-05-02T13:26:30.489+0000] {logging_mixin.py:190} INFO - [2026-05-02T13:26:30.489+0000] {dag.py:4180} INFO - Setting next_dagrun for orders_kafka_to_s3 to 2026-05-02 00:00:00+00:00, run_after=2026-05-03 00:00:00+00:00
[2026-05-02T13:26:30.511+0000] {processor.py:208} INFO - Processing /opt/airflow/dags/main.py took 0.219 seconds
[2026-05-02T13:27:01.058+0000] {processor.py:186} INFO - Started process (PID=3910) to work on /opt/airflow/dags/main.py
[2026-05-02T13:27:01.060+0000] {processor.py:914} INFO - Processing file /opt/airflow/dags/main.py for tasks to queue
[2026-05-02T13:27:01.066+0000] {logging_mixin.py:190} INFO - [2026-05-02T13:27:01.065+0000] {dagbag.py:588} INFO - Filling up the DagBag from /opt/airflow/dags/main.py
[2026-05-02T13:27:01.201+0000] {processor.py:925} INFO - DAG(s) 'orders_kafka_to_s3' retrieved from /opt/airflow/dags/main.py
[2026-05-02T13:27:01.230+0000] {logging_mixin.py:190} INFO - [2026-05-02T13:27:01.230+0000] {dag.py:3239} INFO - Sync 1 DAGs
[2026-05-02T13:27:01.268+0000] {logging_mixin.py:190} INFO - [2026-05-02T13:27:01.268+0000] {dag.py:4180} INFO - Setting next_dagrun for orders_kafka_to_s3 to 2026-05-02 00:00:00+00:00, run_after=2026-05-03 00:00:00+00:00
[2026-05-02T13:27:01.305+0000] {processor.py:208} INFO - Processing /opt/airflow/dags/main.py took 0.259 seconds
[2026-05-02T13:27:32.143+0000] {processor.py:186} INFO - Started process (PID=3917) to work on /opt/airflow/dags/main.py
[2026-05-02T13:27:32.145+0000] {processor.py:914} INFO - Processing file /opt/airflow/dags/main.py for tasks to queue
[2026-05-02T13:27:32.153+0000] {logging_mixin.py:190} INFO - [2026-05-02T13:27:32.152+0000] {dagbag.py:588} INFO - Filling up the DagBag from /opt/airflow/dags/main.py
[2026-05-02T13:27:32.319+0000] {processor.py:925} INFO - DAG(s) 'orders_kafka_to_s3' retrieved from /opt/airflow/dags/main.py
[2026-05-02T13:27:32.354+0000] {logging_mixin.py:190} INFO - [2026-05-02T13:27:32.354+0000] {dag.py:3239} INFO - Sync 1 DAGs
[2026-05-02T13:27:32.400+0000] {logging_mixin.py:190} INFO - [2026-05-02T13:27:32.400+0000] {dag.py:4180} INFO - Setting next_dagrun for orders_kafka_to_s3 to 2026-05-02 00:00:00+00:00, run_after=2026-05-03 00:00:00+00:00
[2026-05-02T13:27:32.428+0000] {processor.py:208} INFO - Processing /opt/airflow/dags/main.py took 0.295 seconds
[2026-05-02T13:28:02.574+0000] {processor.py:186} INFO - Started process (PID=3924) to work on /opt/airflow/dags/main.py
[2026-05-02T13:28:02.576+0000] {processor.py:914} INFO - Processing file /opt/airflow/dags/main.py for tasks to queue
[2026-05-02T13:28:02.582+0000] {logging_mixin.py:190} INFO - [2026-05-02T13:28:02.582+0000] {dagbag.py:588} INFO - Filling up the DagBag from /opt/airflow/dags/main.py
[2026-05-02T13:28:02.724+0000] {processor.py:925} INFO - DAG(s) 'orders_kafka_to_s3' retrieved from /opt/airflow/dags/main.py
[2026-05-02T13:28:02.776+0000] {logging_mixin.py:190} INFO - [2026-05-02T13:28:02.776+0000] {dag.py:3239} INFO - Sync 1 DAGs
[2026-05-02T13:28:02.813+0000] {logging_mixin.py:190} INFO - [2026-05-02T13:28:02.812+0000] {dag.py:4180} INFO - Setting next_dagrun for orders_kafka_to_s3 to 2026-05-02 00:00:00+00:00, run_after=2026-05-03 00:00:00+00:00
[2026-05-02T13:28:02.846+0000] {processor.py:208} INFO - Processing /opt/airflow/dags/main.py took 0.293 seconds
[2026-05-02T13:28:33.285+0000] {processor.py:186} INFO - Started process (PID=3931) to work on /opt/airflow/dags/main.py
[2026-05-02T13:28:33.287+0000] {processor.py:914} INFO - Processing file /opt/airflow/dags/main.py for tasks to queue
[2026-05-02T13:28:33.291+0000] {logging_mixin.py:190} INFO - [2026-05-02T13:28:33.291+0000] {dagbag.py:588} INFO - Filling up the DagBag from /opt/airflow/dags/main.py
[2026-05-02T13:28:33.466+0000] {processor.py:925} INFO - DAG(s) 'orders_kafka_to_s3' retrieved from /opt/airflow/dags/main.py
[2026-05-02T13:28:33.512+0000] {logging_mixin.py:190} INFO - [2026-05-02T13:28:33.511+0000] {dag.py:3239} INFO - Sync 1 DAGs
[2026-05-02T13:28:33.558+0000] {logging_mixin.py:190} INFO - [2026-05-02T13:28:33.557+0000] {dag.py:4180} INFO - Setting next_dagrun for orders_kafka_to_s3 to 2026-05-02 00:00:00+00:00, run_after=2026-05-03 00:00:00+00:00
[2026-05-02T13:28:33.593+0000] {processor.py:208} INFO - Processing /opt/airflow/dags/main.py took 0.317 seconds
[2026-05-02T13:29:04.269+0000] {processor.py:186} INFO - Started process (PID=3938) to work on /opt/airflow/dags/main.py
[2026-05-02T13:29:04.272+0000] {processor.py:914} INFO - Processing file /opt/airflow/dags/main.py for tasks to queue
[2026-05-02T13:29:04.279+0000] {logging_mixin.py:190} INFO - [2026-05-02T13:29:04.278+0000] {dagbag.py:588} INFO - Filling up the DagBag from /opt/airflow/dags/main.py
[2026-05-02T13:29:04.480+0000] {processor.py:925} INFO - DAG(s) 'orders_kafka_to_s3' retrieved from /opt/airflow/dags/main.py
[2026-05-02T13:29:04.516+0000] {logging_mixin.py:190} INFO - [2026-05-02T13:29:04.516+0000] {dag.py:3239} INFO - Sync 1 DAGs
[2026-05-02T13:29:04.569+0000] {logging_mixin.py:190} INFO - [2026-05-02T13:29:04.569+0000] {dag.py:4180} INFO - Setting next_dagrun for orders_kafka_to_s3 to 2026-05-02 00:00:00+00:00, run_after=2026-05-03 00:00:00+00:00
[2026-05-02T13:29:04.606+0000] {processor.py:208} INFO - Processing /opt/airflow/dags/main.py took 0.352 seconds
[2026-05-02T13:29:34.877+0000] {processor.py:186} INFO - Started process (PID=3945) to work on /opt/airflow/dags/main.py
[2026-05-02T13:29:34.880+0000] {processor.py:914} INFO - Processing file /opt/airflow/dags/main.py for tasks to queue
[2026-05-02T13:29:34.888+0000] {logging_mixin.py:190} INFO - [2026-05-02T13:29:34.887+0000] {dagbag.py:588} INFO - Filling up the DagBag from /opt/airflow/dags/main.py
[2026-05-02T13:29:35.050+0000] {processor.py:925} INFO - DAG(s) 'orders_kafka_to_s3' retrieved from /opt/airflow/dags/main.py
[2026-05-02T13:29:35.114+0000] {logging_mixin.py:190} INFO - [2026-05-02T13:29:35.114+0000] {dag.py:3239} INFO - Sync 1 DAGs
[2026-05-02T13:29:35.146+0000] {logging_mixin.py:190} INFO - [2026-05-02T13:29:35.146+0000] {dag.py:4180} INFO - Setting next_dagrun for orders_kafka_to_s3 to 2026-05-02 00:00:00+00:00, run_after=2026-05-03 00:00:00+00:00
[2026-05-02T13:29:35.173+0000] {processor.py:208} INFO - Processing /opt/airflow/dags/main.py took 0.312 seconds
[2026-05-02T13:30:05.799+0000] {processor.py:186} INFO - Started process (PID=3952) to work on /opt/airflow/dags/main.py
[2026-05-02T13:30:05.801+0000] {processor.py:914} INFO - Processing file /opt/airflow/dags/main.py for tasks to queue
[2026-05-02T13:30:05.805+0000] {logging_mixin.py:190} INFO - [2026-05-02T13:30:05.805+0000] {dagbag.py:588} INFO - Filling up the DagBag from /opt/airflow/dags/main.py
[2026-05-02T13:30:05.941+0000] {processor.py:925} INFO - DAG(s) 'orders_kafka_to_s3' retrieved from /opt/airflow/dags/main.py
[2026-05-02T13:30:05.977+0000] {logging_mixin.py:190} INFO - [2026-05-02T13:30:05.977+0000] {dag.py:3239} INFO - Sync 1 DAGs
[2026-05-02T13:30:06.027+0000] {logging_mixin.py:190} INFO - [2026-05-02T13:30:06.026+0000] {dag.py:4180} INFO - Setting next_dagrun for orders_kafka_to_s3 to 2026-05-02 00:00:00+00:00, run_after=2026-05-03 00:00:00+00:00
[2026-05-02T13:30:06.072+0000] {processor.py:208} INFO - Processing /opt/airflow/dags/main.py took 0.288 seconds
[2026-05-02T13:30:36.216+0000] {processor.py:186} INFO - Started process (PID=3953) to work on /opt/airflow/dags/main.py
[2026-05-02T13:30:36.218+0000] {processor.py:914} INFO - Processing file /opt/airflow/dags/main.py for tasks to queue
[2026-05-02T13:30:36.222+0000] {logging_mixin.py:190} INFO - [2026-05-02T13:30:36.221+0000] {dagbag.py:588} INFO - Filling up the DagBag from /opt/airflow/dags/main.py
[2026-05-02T13:30:36.370+0000] {processor.py:925} INFO - DAG(s) 'orders_kafka_to_s3' retrieved from /opt/airflow/dags/main.py
[2026-05-02T13:30:36.428+0000] {logging_mixin.py:190} INFO - [2026-05-02T13:30:36.428+0000] {dag.py:3239} INFO - Sync 1 DAGs
[2026-05-02T13:30:36.486+0000] {logging_mixin.py:190} INFO - [2026-05-02T13:30:36.486+0000] {dag.py:4180} INFO - Setting next_dagrun for orders_kafka_to_s3 to 2026-05-02 00:00:00+00:00, run_after=2026-05-03 00:00:00+00:00
[2026-05-02T13:30:36.532+0000] {processor.py:208} INFO - Processing /opt/airflow/dags/main.py took 0.329 seconds
[2026-05-02T13:31:07.178+0000] {processor.py:186} INFO - Started process (PID=3966) to work on /opt/airflow/dags/main.py
[2026-05-02T13:31:07.180+0000] {processor.py:914} INFO - Processing file /opt/airflow/dags/main.py for tasks to queue
[2026-05-02T13:31:07.183+0000] {logging_mixin.py:190} INFO - [2026-05-02T13:31:07.183+0000] {dagbag.py:588} INFO - Filling up the DagBag from /opt/airflow/dags/main.py
[2026-05-02T13:31:07.321+0000] {processor.py:925} INFO - DAG(s) 'orders_kafka_to_s3' retrieved from /opt/airflow/dags/main.py
[2026-05-02T13:31:07.351+0000] {logging_mixin.py:190} INFO - [2026-05-02T13:31:07.350+0000] {dag.py:3239} INFO - Sync 1 DAGs
[2026-05-02T13:31:07.378+0000] {logging_mixin.py:190} INFO - [2026-05-02T13:31:07.378+0000] {dag.py:4180} INFO - Setting next_dagrun for orders_kafka_to_s3 to 2026-05-02 00:00:00+00:00, run_after=2026-05-03 00:00:00+00:00
[2026-05-02T13:31:07.408+0000] {processor.py:208} INFO - Processing /opt/airflow/dags/main.py took 0.236 seconds
[2026-05-02T13:31:38.022+0000] {processor.py:186} INFO - Started process (PID=3973) to work on /opt/airflow/dags/main.py
[2026-05-02T13:31:38.024+0000] {processor.py:914} INFO - Processing file /opt/airflow/dags/main.py for tasks to queue
[2026-05-02T13:31:38.029+0000] {logging_mixin.py:190} INFO - [2026-05-02T13:31:38.029+0000] {dagbag.py:588} INFO - Filling up the DagBag from /opt/airflow/dags/main.py
[2026-05-02T13:31:38.199+0000] {processor.py:925} INFO - DAG(s) 'orders_kafka_to_s3' retrieved from /opt/airflow/dags/main.py
[2026-05-02T13:31:38.230+0000] {logging_mixin.py:190} INFO - [2026-05-02T13:31:38.230+0000] {dag.py:3239} INFO - Sync 1 DAGs
[2026-05-02T13:31:38.259+0000] {logging_mixin.py:190} INFO - [2026-05-02T13:31:38.258+0000] {dag.py:4180} INFO - Setting next_dagrun for orders_kafka_to_s3 to 2026-05-02 00:00:00+00:00, run_after=2026-05-03 00:00:00+00:00
[2026-05-02T13:31:38.280+0000] {processor.py:208} INFO - Processing /opt/airflow/dags/main.py took 0.268 seconds
[2026-05-02T13:32:08.469+0000] {processor.py:186} INFO - Started process (PID=3980) to work on /opt/airflow/dags/main.py
[2026-05-02T13:32:08.470+0000] {processor.py:914} INFO - Processing file /opt/airflow/dags/main.py for tasks to queue
[2026-05-02T13:32:08.477+0000] {logging_mixin.py:190} INFO - [2026-05-02T13:32:08.476+0000] {dagbag.py:588} INFO - Filling up the DagBag from /opt/airflow/dags/main.py
[2026-05-02T13:32:08.653+0000] {processor.py:925} INFO - DAG(s) 'orders_kafka_to_s3' retrieved from /opt/airflow/dags/main.py
[2026-05-02T13:32:08.682+0000] {logging_mixin.py:190} INFO - [2026-05-02T13:32:08.682+0000] {dag.py:3239} INFO - Sync 1 DAGs
[2026-05-02T13:32:08.709+0000] {logging_mixin.py:190} INFO - [2026-05-02T13:32:08.709+0000] {dag.py:4180} INFO - Setting next_dagrun for orders_kafka_to_s3 to 2026-05-02 00:00:00+00:00, run_after=2026-05-03 00:00:00+00:00
[2026-05-02T13:32:08.739+0000] {processor.py:208} INFO - Processing /opt/airflow/dags/main.py took 0.281 seconds
[2026-05-02T13:32:38.841+0000] {processor.py:186} INFO - Started process (PID=3987) to work on /opt/airflow/dags/main.py
[2026-05-02T13:32:38.843+0000] {processor.py:914} INFO - Processing file /opt/airflow/dags/main.py for tasks to queue
[2026-05-02T13:32:38.846+0000] {logging_mixin.py:190} INFO - [2026-05-02T13:32:38.846+0000] {dagbag.py:588} INFO - Filling up the DagBag from /opt/airflow/dags/main.py
[2026-05-02T13:32:38.995+0000] {processor.py:925} INFO - DAG(s) 'orders_kafka_to_s3' retrieved from /opt/airflow/dags/main.py
[2026-05-02T13:32:39.024+0000] {logging_mixin.py:190} INFO - [2026-05-02T13:32:39.024+0000] {dag.py:3239} INFO - Sync 1 DAGs
[2026-05-02T13:32:39.052+0000] {logging_mixin.py:190} INFO - [2026-05-02T13:32:39.052+0000] {dag.py:4180} INFO - Setting next_dagrun for orders_kafka_to_s3 to 2026-05-02 00:00:00+00:00, run_after=2026-05-03 00:00:00+00:00
[2026-05-02T13:32:39.085+0000] {processor.py:208} INFO - Processing /opt/airflow/dags/main.py took 0.252 seconds
[2026-05-02T13:33:09.598+0000] {processor.py:186} INFO - Started process (PID=3995) to work on /opt/airflow/dags/main.py
[2026-05-02T13:33:09.600+0000] {processor.py:914} INFO - Processing file /opt/airflow/dags/main.py for tasks to queue
[2026-05-02T13:33:09.606+0000] {logging_mixin.py:190} INFO - [2026-05-02T13:33:09.605+0000] {dagbag.py:588} INFO - Filling up the DagBag from /opt/airflow/dags/main.py
[2026-05-02T13:33:09.746+0000] {processor.py:925} INFO - DAG(s) 'orders_kafka_to_s3' retrieved from /opt/airflow/dags/main.py
[2026-05-02T13:33:09.781+0000] {logging_mixin.py:190} INFO - [2026-05-02T13:33:09.780+0000] {dag.py:3239} INFO - Sync 1 DAGs
[2026-05-02T13:33:09.807+0000] {logging_mixin.py:190} INFO - [2026-05-02T13:33:09.807+0000] {dag.py:4180} INFO - Setting next_dagrun for orders_kafka_to_s3 to 2026-05-02 00:00:00+00:00, run_after=2026-05-03 00:00:00+00:00
[2026-05-02T13:33:09.830+0000] {processor.py:208} INFO - Processing /opt/airflow/dags/main.py took 0.246 seconds
[2026-05-02T13:33:40.062+0000] {processor.py:186} INFO - Started process (PID=4001) to work on /opt/airflow/dags/main.py
[2026-05-02T13:33:40.065+0000] {processor.py:914} INFO - Processing file /opt/airflow/dags/main.py for tasks to queue
[2026-05-02T13:33:40.070+0000] {logging_mixin.py:190} INFO - [2026-05-02T13:33:40.069+0000] {dagbag.py:588} INFO - Filling up the DagBag from /opt/airflow/dags/main.py
[2026-05-02T13:33:40.306+0000] {processor.py:925} INFO - DAG(s) 'orders_kafka_to_s3' retrieved from /opt/airflow/dags/main.py
[2026-05-02T13:33:40.342+0000] {logging_mixin.py:190} INFO - [2026-05-02T13:33:40.342+0000] {dag.py:3239} INFO - Sync 1 DAGs
[2026-05-02T13:33:40.377+0000] {logging_mixin.py:190} INFO - [2026-05-02T13:33:40.377+0000] {dag.py:4180} INFO - Setting next_dagrun for orders_kafka_to_s3 to 2026-05-02 00:00:00+00:00, run_after=2026-05-03 00:00:00+00:00
[2026-05-02T13:33:40.408+0000] {processor.py:208} INFO - Processing /opt/airflow/dags/main.py took 0.360 seconds
[2026-05-02T13:34:10.556+0000] {processor.py:186} INFO - Started process (PID=4008) to work on /opt/airflow/dags/main.py
[2026-05-02T13:34:10.559+0000] {processor.py:914} INFO - Processing file /opt/airflow/dags/main.py for tasks to queue
[2026-05-02T13:34:10.567+0000] {logging_mixin.py:190} INFO - [2026-05-02T13:34:10.566+0000] {dagbag.py:588} INFO - Filling up the DagBag from /opt/airflow/dags/main.py
[2026-05-02T13:34:10.739+0000] {processor.py:925} INFO - DAG(s) 'orders_kafka_to_s3' retrieved from /opt/airflow/dags/main.py
[2026-05-02T13:34:10.773+0000] {logging_mixin.py:190} INFO - [2026-05-02T13:34:10.773+0000] {dag.py:3239} INFO - Sync 1 DAGs
[2026-05-02T13:34:10.800+0000] {logging_mixin.py:190} INFO - [2026-05-02T13:34:10.799+0000] {dag.py:4180} INFO - Setting next_dagrun for orders_kafka_to_s3 to 2026-05-02 00:00:00+00:00, run_after=2026-05-03 00:00:00+00:00
[2026-05-02T13:34:10.822+0000] {processor.py:208} INFO - Processing /opt/airflow/dags/main.py took 0.284 seconds
[2026-05-02T13:34:41.365+0000] {processor.py:186} INFO - Started process (PID=4015) to work on /opt/airflow/dags/main.py
[2026-05-02T13:34:41.367+0000] {processor.py:914} INFO - Processing file /opt/airflow/dags/main.py for tasks to queue
[2026-05-02T13:34:41.372+0000] {logging_mixin.py:190} INFO - [2026-05-02T13:34:41.372+0000] {dagbag.py:588} INFO - Filling up the DagBag from /opt/airflow/dags/main.py
[2026-05-02T13:34:41.514+0000] {processor.py:925} INFO - DAG(s) 'orders_kafka_to_s3' retrieved from /opt/airflow/dags/main.py
[2026-05-02T13:34:41.543+0000] {logging_mixin.py:190} INFO - [2026-05-02T13:34:41.542+0000] {dag.py:3239} INFO - Sync 1 DAGs
[2026-05-02T13:34:41.568+0000] {logging_mixin.py:190} INFO - [2026-05-02T13:34:41.568+0000] {dag.py:4180} INFO - Setting next_dagrun for orders_kafka_to_s3 to 2026-05-02 00:00:00+00:00, run_after=2026-05-03 00:00:00+00:00
[2026-05-02T13:34:41.593+0000] {processor.py:208} INFO - Processing /opt/airflow/dags/main.py took 0.236 seconds
[2026-05-02T13:35:11.959+0000] {processor.py:186} INFO - Started process (PID=4022) to work on /opt/airflow/dags/main.py
[2026-05-02T13:35:11.962+0000] {processor.py:914} INFO - Processing file /opt/airflow/dags/main.py for tasks to queue
[2026-05-02T13:35:11.967+0000] {logging_mixin.py:190} INFO - [2026-05-02T13:35:11.966+0000] {dagbag.py:588} INFO - Filling up the DagBag from /opt/airflow/dags/main.py
[2026-05-02T13:35:12.132+0000] {processor.py:925} INFO - DAG(s) 'orders_kafka_to_s3' retrieved from /opt/airflow/dags/main.py
[2026-05-02T13:35:12.159+0000] {logging_mixin.py:190} INFO - [2026-05-02T13:35:12.158+0000] {dag.py:3239} INFO - Sync 1 DAGs
[2026-05-02T13:35:12.184+0000] {logging_mixin.py:190} INFO - [2026-05-02T13:35:12.184+0000] {dag.py:4180} INFO - Setting next_dagrun for orders_kafka_to_s3 to 2026-05-02 00:00:00+00:00, run_after=2026-05-03 00:00:00+00:00
[2026-05-02T13:35:12.206+0000] {processor.py:208} INFO - Processing /opt/airflow/dags/main.py took 0.266 seconds
[2026-05-02T13:35:42.636+0000] {processor.py:186} INFO - Started process (PID=4029) to work on /opt/airflow/dags/main.py
[2026-05-02T13:35:42.638+0000] {processor.py:914} INFO - Processing file /opt/airflow/dags/main.py for tasks to queue
[2026-05-02T13:35:42.643+0000] {logging_mixin.py:190} INFO - [2026-05-02T13:35:42.643+0000] {dagbag.py:588} INFO - Filling up the DagBag from /opt/airflow/dags/main.py
[2026-05-02T13:35:42.786+0000] {processor.py:925} INFO - DAG(s) 'orders_kafka_to_s3' retrieved from /opt/airflow/dags/main.py
[2026-05-02T13:35:42.813+0000] {logging_mixin.py:190} INFO - [2026-05-02T13:35:42.813+0000] {dag.py:3239} INFO - Sync 1 DAGs
[2026-05-02T13:35:42.841+0000] {logging_mixin.py:190} INFO - [2026-05-02T13:35:42.841+0000] {dag.py:4180} INFO - Setting next_dagrun for orders_kafka_to_s3 to 2026-05-02 00:00:00+00:00, run_after=2026-05-03 00:00:00+00:00
[2026-05-02T13:35:42.866+0000] {processor.py:208} INFO - Processing /opt/airflow/dags/main.py took 0.249 seconds
[2026-05-02T13:36:13.202+0000] {processor.py:186} INFO - Started process (PID=4036) to work on /opt/airflow/dags/main.py
[2026-05-02T13:36:13.203+0000] {processor.py:914} INFO - Processing file /opt/airflow/dags/main.py for tasks to queue
[2026-05-02T13:36:13.207+0000] {logging_mixin.py:190} INFO - [2026-05-02T13:36:13.207+0000] {dagbag.py:588} INFO - Filling up the DagBag from /opt/airflow/dags/main.py
[2026-05-02T13:36:13.347+0000] {processor.py:925} INFO - DAG(s) 'orders_kafka_to_s3' retrieved from /opt/airflow/dags/main.py
[2026-05-02T13:36:13.387+0000] {logging_mixin.py:190} INFO - [2026-05-02T13:36:13.387+0000] {dag.py:3239} INFO - Sync 1 DAGs
[2026-05-02T13:36:13.423+0000] {logging_mixin.py:190} INFO - [2026-05-02T13:36:13.423+0000] {dag.py:4180} INFO - Setting next_dagrun for orders_kafka_to_s3 to 2026-05-02 00:00:00+00:00, run_after=2026-05-03 00:00:00+00:00
[2026-05-02T13:36:13.453+0000] {processor.py:208} INFO - Processing /opt/airflow/dags/main.py took 0.261 seconds
[2026-05-02T13:36:43.928+0000] {processor.py:186} INFO - Started process (PID=4043) to work on /opt/airflow/dags/main.py
[2026-05-02T13:36:43.930+0000] {processor.py:914} INFO - Processing file /opt/airflow/dags/main.py for tasks to queue
[2026-05-02T13:36:43.934+0000] {logging_mixin.py:190} INFO - [2026-05-02T13:36:43.933+0000] {dagbag.py:588} INFO - Filling up the DagBag from /opt/airflow/dags/main.py
[2026-05-02T13:36:44.078+0000] {processor.py:925} INFO - DAG(s) 'orders_kafka_to_s3' retrieved from /opt/airflow/dags/main.py
[2026-05-02T13:36:44.108+0000] {logging_mixin.py:190} INFO - [2026-05-02T13:36:44.108+0000] {dag.py:3239} INFO - Sync 1 DAGs
[2026-05-02T13:36:44.135+0000] {logging_mixin.py:190} INFO - [2026-05-02T13:36:44.135+0000] {dag.py:4180} INFO - Setting next_dagrun for orders_kafka_to_s3 to 2026-05-02 00:00:00+00:00, run_after=2026-05-03 00:00:00+00:00
[2026-05-02T13:36:44.167+0000] {processor.py:208} INFO - Processing /opt/airflow/dags/main.py took 0.248 seconds
[2026-05-02T13:37:14.469+0000] {processor.py:186} INFO - Started process (PID=4050) to work on /opt/airflow/dags/main.py
[2026-05-02T13:37:14.471+0000] {processor.py:914} INFO - Processing file /opt/airflow/dags/main.py for tasks to queue
[2026-05-02T13:37:14.477+0000] {logging_mixin.py:190} INFO - [2026-05-02T13:37:14.475+0000] {dagbag.py:588} INFO - Filling up the DagBag from /opt/airflow/dags/main.py
[2026-05-02T13:37:14.637+0000] {processor.py:925} INFO - DAG(s) 'orders_kafka_to_s3' retrieved from /opt/airflow/dags/main.py
[2026-05-02T13:37:14.665+0000] {logging_mixin.py:190} INFO - [2026-05-02T13:37:14.665+0000] {dag.py:3239} INFO - Sync 1 DAGs
[2026-05-02T13:37:14.690+0000] {logging_mixin.py:190} INFO - [2026-05-02T13:37:14.690+0000] {dag.py:4180} INFO - Setting next_dagrun for orders_kafka_to_s3 to 2026-05-02 00:00:00+00:00, run_after=2026-05-03 00:00:00+00:00
[2026-05-02T13:37:14.717+0000] {processor.py:208} INFO - Processing /opt/airflow/dags/main.py took 0.265 seconds
[2026-05-02T13:37:45.151+0000] {processor.py:186} INFO - Started process (PID=4057) to work on /opt/airflow/dags/main.py
[2026-05-02T13:37:45.153+0000] {processor.py:914} INFO - Processing file /opt/airflow/dags/main.py for tasks to queue
[2026-05-02T13:37:45.157+0000] {logging_mixin.py:190} INFO - [2026-05-02T13:37:45.157+0000] {dagbag.py:588} INFO - Filling up the DagBag from /opt/airflow/dags/main.py
[2026-05-02T13:37:45.273+0000] {processor.py:925} INFO - DAG(s) 'orders_kafka_to_s3' retrieved from /opt/airflow/dags/main.py
[2026-05-02T13:37:45.303+0000] {logging_mixin.py:190} INFO - [2026-05-02T13:37:45.303+0000] {dag.py:3239} INFO - Sync 1 DAGs
[2026-05-02T13:37:45.335+0000] {logging_mixin.py:190} INFO - [2026-05-02T13:37:45.335+0000] {dag.py:4180} INFO - Setting next_dagrun for orders_kafka_to_s3 to 2026-05-02 00:00:00+00:00, run_after=2026-05-03 00:00:00+00:00
[2026-05-02T13:37:45.362+0000] {processor.py:208} INFO - Processing /opt/airflow/dags/main.py took 0.222 seconds
[2026-05-02T13:38:15.683+0000] {processor.py:186} INFO - Started process (PID=4064) to work on /opt/airflow/dags/main.py
[2026-05-02T13:38:15.685+0000] {processor.py:914} INFO - Processing file /opt/airflow/dags/main.py for tasks to queue
[2026-05-02T13:38:15.689+0000] {logging_mixin.py:190} INFO - [2026-05-02T13:38:15.689+0000] {dagbag.py:588} INFO - Filling up the DagBag from /opt/airflow/dags/main.py
[2026-05-02T13:38:15.821+0000] {processor.py:925} INFO - DAG(s) 'orders_kafka_to_s3' retrieved from /opt/airflow/dags/main.py
[2026-05-02T13:38:15.868+0000] {logging_mixin.py:190} INFO - [2026-05-02T13:38:15.868+0000] {dag.py:3239} INFO - Sync 1 DAGs
[2026-05-02T13:38:15.916+0000] {logging_mixin.py:190} INFO - [2026-05-02T13:38:15.916+0000] {dag.py:4180} INFO - Setting next_dagrun for orders_kafka_to_s3 to 2026-05-02 00:00:00+00:00, run_after=2026-05-03 00:00:00+00:00
[2026-05-02T13:38:15.958+0000] {processor.py:208} INFO - Processing /opt/airflow/dags/main.py took 0.282 seconds
[2026-05-02T13:38:46.330+0000] {processor.py:186} INFO - Started process (PID=4071) to work on /opt/airflow/dags/main.py
[2026-05-02T13:38:46.332+0000] {processor.py:914} INFO - Processing file /opt/airflow/dags/main.py for tasks to queue
[2026-05-02T13:38:46.338+0000] {logging_mixin.py:190} INFO - [2026-05-02T13:38:46.337+0000] {dagbag.py:588} INFO - Filling up the DagBag from /opt/airflow/dags/main.py
[2026-05-02T13:38:46.478+0000] {processor.py:925} INFO - DAG(s) 'orders_kafka_to_s3' retrieved from /opt/airflow/dags/main.py
[2026-05-02T13:38:46.507+0000] {logging_mixin.py:190} INFO - [2026-05-02T13:38:46.507+0000] {dag.py:3239} INFO - Sync 1 DAGs
[2026-05-02T13:38:46.541+0000] {logging_mixin.py:190} INFO - [2026-05-02T13:38:46.541+0000] {dag.py:4180} INFO - Setting next_dagrun for orders_kafka_to_s3 to 2026-05-02 00:00:00+00:00, run_after=2026-05-03 00:00:00+00:00
[2026-05-02T13:38:46.581+0000] {processor.py:208} INFO - Processing /opt/airflow/dags/main.py took 0.261 seconds
[2026-05-02T13:39:17.039+0000] {processor.py:186} INFO - Started process (PID=4078) to work on /opt/airflow/dags/main.py
[2026-05-02T13:39:17.042+0000] {processor.py:914} INFO - Processing file /opt/airflow/dags/main.py for tasks to queue
[2026-05-02T13:39:17.046+0000] {logging_mixin.py:190} INFO - [2026-05-02T13:39:17.045+0000] {dagbag.py:588} INFO - Filling up the DagBag from /opt/airflow/dags/main.py
[2026-05-02T13:39:17.173+0000] {processor.py:925} INFO - DAG(s) 'orders_kafka_to_s3' retrieved from /opt/airflow/dags/main.py
[2026-05-02T13:39:17.203+0000] {logging_mixin.py:190} INFO - [2026-05-02T13:39:17.203+0000] {dag.py:3239} INFO - Sync 1 DAGs
[2026-05-02T13:39:17.237+0000] {logging_mixin.py:190} INFO - [2026-05-02T13:39:17.236+0000] {dag.py:4180} INFO - Setting next_dagrun for orders_kafka_to_s3 to 2026-05-02 00:00:00+00:00, run_after=2026-05-03 00:00:00+00:00
[2026-05-02T13:39:17.262+0000] {processor.py:208} INFO - Processing /opt/airflow/dags/main.py took 0.238 seconds
[2026-05-02T13:39:47.682+0000] {processor.py:186} INFO - Started process (PID=4085) to work on /opt/airflow/dags/main.py
[2026-05-02T13:39:47.685+0000] {processor.py:914} INFO - Processing file /opt/airflow/dags/main.py for tasks to queue
[2026-05-02T13:39:47.692+0000] {logging_mixin.py:190} INFO - [2026-05-02T13:39:47.691+0000] {dagbag.py:588} INFO - Filling up the DagBag from /opt/airflow/dags/main.py
[2026-05-02T13:39:47.925+0000] {processor.py:925} INFO - DAG(s) 'orders_kafka_to_s3' retrieved from /opt/airflow/dags/main.py
[2026-05-02T13:39:47.955+0000] {logging_mixin.py:190} INFO - [2026-05-02T13:39:47.955+0000] {dag.py:3239} INFO - Sync 1 DAGs
[2026-05-02T13:39:47.987+0000] {logging_mixin.py:190} INFO - [2026-05-02T13:39:47.986+0000] {dag.py:4180} INFO - Setting next_dagrun for orders_kafka_to_s3 to 2026-05-02 00:00:00+00:00, run_after=2026-05-03 00:00:00+00:00
[2026-05-02T13:39:48.026+0000] {processor.py:208} INFO - Processing /opt/airflow/dags/main.py took 0.363 seconds
[2026-05-02T13:40:18.465+0000] {processor.py:186} INFO - Started process (PID=4092) to work on /opt/airflow/dags/main.py
[2026-05-02T13:40:18.468+0000] {processor.py:914} INFO - Processing file /opt/airflow/dags/main.py for tasks to queue
[2026-05-02T13:40:18.476+0000] {logging_mixin.py:190} INFO - [2026-05-02T13:40:18.475+0000] {dagbag.py:588} INFO - Filling up the DagBag from /opt/airflow/dags/main.py
[2026-05-02T13:40:18.693+0000] {processor.py:925} INFO - DAG(s) 'orders_kafka_to_s3' retrieved from /opt/airflow/dags/main.py
[2026-05-02T13:40:18.724+0000] {logging_mixin.py:190} INFO - [2026-05-02T13:40:18.724+0000] {dag.py:3239} INFO - Sync 1 DAGs
[2026-05-02T13:40:18.753+0000] {logging_mixin.py:190} INFO - [2026-05-02T13:40:18.753+0000] {dag.py:4180} INFO - Setting next_dagrun for orders_kafka_to_s3 to 2026-05-02 00:00:00+00:00, run_after=2026-05-03 00:00:00+00:00
[2026-05-02T13:40:18.785+0000] {processor.py:208} INFO - Processing /opt/airflow/dags/main.py took 0.352 seconds
[2026-05-02T13:40:49.017+0000] {processor.py:186} INFO - Started process (PID=4100) to work on /opt/airflow/dags/main.py
[2026-05-02T13:40:49.020+0000] {processor.py:914} INFO - Processing file /opt/airflow/dags/main.py for tasks to queue
[2026-05-02T13:40:49.027+0000] {logging_mixin.py:190} INFO - [2026-05-02T13:40:49.026+0000] {dagbag.py:588} INFO - Filling up the DagBag from /opt/airflow/dags/main.py
[2026-05-02T13:40:49.242+0000] {processor.py:925} INFO - DAG(s) 'orders_kafka_to_s3' retrieved from /opt/airflow/dags/main.py
[2026-05-02T13:40:49.275+0000] {logging_mixin.py:190} INFO - [2026-05-02T13:40:49.274+0000] {dag.py:3239} INFO - Sync 1 DAGs
[2026-05-02T13:40:49.306+0000] {logging_mixin.py:190} INFO - [2026-05-02T13:40:49.305+0000] {dag.py:4180} INFO - Setting next_dagrun for orders_kafka_to_s3 to 2026-05-02 00:00:00+00:00, run_after=2026-05-03 00:00:00+00:00
[2026-05-02T13:40:49.344+0000] {processor.py:208} INFO - Processing /opt/airflow/dags/main.py took 0.348 seconds
[2026-05-02T13:41:19.862+0000] {processor.py:186} INFO - Started process (PID=4107) to work on /opt/airflow/dags/main.py
[2026-05-02T13:41:19.866+0000] {processor.py:914} INFO - Processing file /opt/airflow/dags/main.py for tasks to queue
[2026-05-02T13:41:19.874+0000] {logging_mixin.py:190} INFO - [2026-05-02T13:41:19.873+0000] {dagbag.py:588} INFO - Filling up the DagBag from /opt/airflow/dags/main.py
[2026-05-02T13:41:20.174+0000] {processor.py:925} INFO - DAG(s) 'orders_kafka_to_s3' retrieved from /opt/airflow/dags/main.py
[2026-05-02T13:41:20.232+0000] {logging_mixin.py:190} INFO - [2026-05-02T13:41:20.232+0000] {dag.py:3239} INFO - Sync 1 DAGs
[2026-05-02T13:41:20.282+0000] {logging_mixin.py:190} INFO - [2026-05-02T13:41:20.282+0000] {dag.py:4180} INFO - Setting next_dagrun for orders_kafka_to_s3 to 2026-05-02 00:00:00+00:00, run_after=2026-05-03 00:00:00+00:00
[2026-05-02T13:41:20.310+0000] {processor.py:208} INFO - Processing /opt/airflow/dags/main.py took 0.468 seconds
[2026-05-02T13:41:50.799+0000] {processor.py:186} INFO - Started process (PID=4114) to work on /opt/airflow/dags/main.py
[2026-05-02T13:41:50.802+0000] {processor.py:914} INFO - Processing file /opt/airflow/dags/main.py for tasks to queue
[2026-05-02T13:41:50.806+0000] {logging_mixin.py:190} INFO - [2026-05-02T13:41:50.806+0000] {dagbag.py:588} INFO - Filling up the DagBag from /opt/airflow/dags/main.py
[2026-05-02T13:41:50.947+0000] {processor.py:925} INFO - DAG(s) 'orders_kafka_to_s3' retrieved from /opt/airflow/dags/main.py
[2026-05-02T13:41:50.978+0000] {logging_mixin.py:190} INFO - [2026-05-02T13:41:50.977+0000] {dag.py:3239} INFO - Sync 1 DAGs
[2026-05-02T13:41:51.010+0000] {logging_mixin.py:190} INFO - [2026-05-02T13:41:51.010+0000] {dag.py:4180} INFO - Setting next_dagrun for orders_kafka_to_s3 to 2026-05-02 00:00:00+00:00, run_after=2026-05-03 00:00:00+00:00
[2026-05-02T13:41:51.050+0000] {processor.py:208} INFO - Processing /opt/airflow/dags/main.py took 0.260 seconds
[2026-05-02T13:42:21.360+0000] {processor.py:186} INFO - Started process (PID=4121) to work on /opt/airflow/dags/main.py
[2026-05-02T13:42:21.363+0000] {processor.py:914} INFO - Processing file /opt/airflow/dags/main.py for tasks to queue
[2026-05-02T13:42:21.371+0000] {logging_mixin.py:190} INFO - [2026-05-02T13:42:21.370+0000] {dagbag.py:588} INFO - Filling up the DagBag from /opt/airflow/dags/main.py
[2026-05-02T13:42:21.508+0000] {processor.py:925} INFO - DAG(s) 'orders_kafka_to_s3' retrieved from /opt/airflow/dags/main.py
[2026-05-02T13:42:21.546+0000] {logging_mixin.py:190} INFO - [2026-05-02T13:42:21.546+0000] {dag.py:3239} INFO - Sync 1 DAGs
[2026-05-02T13:42:21.570+0000] {logging_mixin.py:190} INFO - [2026-05-02T13:42:21.570+0000] {dag.py:4180} INFO - Setting next_dagrun for orders_kafka_to_s3 to 2026-05-02 00:00:00+00:00, run_after=2026-05-03 00:00:00+00:00
[2026-05-02T13:42:21.595+0000] {processor.py:208} INFO - Processing /opt/airflow/dags/main.py took 0.252 seconds
[2026-05-02T13:42:51.670+0000] {processor.py:186} INFO - Started process (PID=4128) to work on /opt/airflow/dags/main.py
[2026-05-02T13:42:51.672+0000] {processor.py:914} INFO - Processing file /opt/airflow/dags/main.py for tasks to queue
[2026-05-02T13:42:51.676+0000] {logging_mixin.py:190} INFO - [2026-05-02T13:42:51.676+0000] {dagbag.py:588} INFO - Filling up the DagBag from /opt/airflow/dags/main.py
[2026-05-02T13:42:51.818+0000] {processor.py:925} INFO - DAG(s) 'orders_kafka_to_s3' retrieved from /opt/airflow/dags/main.py
[2026-05-02T13:42:51.856+0000] {logging_mixin.py:190} INFO - [2026-05-02T13:42:51.856+0000] {dag.py:3239} INFO - Sync 1 DAGs
[2026-05-02T13:42:51.885+0000] {logging_mixin.py:190} INFO - [2026-05-02T13:42:51.885+0000] {dag.py:4180} INFO - Setting next_dagrun for orders_kafka_to_s3 to 2026-05-02 00:00:00+00:00, run_after=2026-05-03 00:00:00+00:00
[2026-05-02T13:42:51.910+0000] {processor.py:208} INFO - Processing /opt/airflow/dags/main.py took 0.253 seconds
[2026-05-02T13:43:22.564+0000] {processor.py:186} INFO - Started process (PID=4135) to work on /opt/airflow/dags/main.py
[2026-05-02T13:43:22.567+0000] {processor.py:914} INFO - Processing file /opt/airflow/dags/main.py for tasks to queue
[2026-05-02T13:43:22.574+0000] {logging_mixin.py:190} INFO - [2026-05-02T13:43:22.573+0000] {dagbag.py:588} INFO - Filling up the DagBag from /opt/airflow/dags/main.py
[2026-05-02T13:43:22.790+0000] {processor.py:925} INFO - DAG(s) 'orders_kafka_to_s3' retrieved from /opt/airflow/dags/main.py
[2026-05-02T13:43:22.829+0000] {logging_mixin.py:190} INFO - [2026-05-02T13:43:22.829+0000] {dag.py:3239} INFO - Sync 1 DAGs
[2026-05-02T13:43:22.856+0000] {logging_mixin.py:190} INFO - [2026-05-02T13:43:22.855+0000] {dag.py:4180} INFO - Setting next_dagrun for orders_kafka_to_s3 to 2026-05-02 00:00:00+00:00, run_after=2026-05-03 00:00:00+00:00
[2026-05-02T13:43:22.888+0000] {processor.py:208} INFO - Processing /opt/airflow/dags/main.py took 0.342 seconds
[2026-05-02T13:43:53.214+0000] {processor.py:186} INFO - Started process (PID=4142) to work on /opt/airflow/dags/main.py
[2026-05-02T13:43:53.216+0000] {processor.py:914} INFO - Processing file /opt/airflow/dags/main.py for tasks to queue
[2026-05-02T13:43:53.221+0000] {logging_mixin.py:190} INFO - [2026-05-02T13:43:53.220+0000] {dagbag.py:588} INFO - Filling up the DagBag from /opt/airflow/dags/main.py
[2026-05-02T13:43:53.361+0000] {processor.py:925} INFO - DAG(s) 'orders_kafka_to_s3' retrieved from /opt/airflow/dags/main.py
[2026-05-02T13:43:53.388+0000] {logging_mixin.py:190} INFO - [2026-05-02T13:43:53.388+0000] {dag.py:3239} INFO - Sync 1 DAGs
[2026-05-02T13:43:53.417+0000] {logging_mixin.py:190} INFO - [2026-05-02T13:43:53.417+0000] {dag.py:4180} INFO - Setting next_dagrun for orders_kafka_to_s3 to 2026-05-02 00:00:00+00:00, run_after=2026-05-03 00:00:00+00:00
[2026-05-02T13:43:53.440+0000] {processor.py:208} INFO - Processing /opt/airflow/dags/main.py took 0.245 seconds
[2026-05-02T13:44:23.775+0000] {processor.py:186} INFO - Started process (PID=4149) to work on /opt/airflow/dags/main.py
[2026-05-02T13:44:23.778+0000] {processor.py:914} INFO - Processing file /opt/airflow/dags/main.py for tasks to queue
[2026-05-02T13:44:23.784+0000] {logging_mixin.py:190} INFO - [2026-05-02T13:44:23.783+0000] {dagbag.py:588} INFO - Filling up the DagBag from /opt/airflow/dags/main.py
[2026-05-02T13:44:23.977+0000] {processor.py:925} INFO - DAG(s) 'orders_kafka_to_s3' retrieved from /opt/airflow/dags/main.py
[2026-05-02T13:44:24.020+0000] {logging_mixin.py:190} INFO - [2026-05-02T13:44:24.020+0000] {dag.py:3239} INFO - Sync 1 DAGs
[2026-05-02T13:44:24.062+0000] {logging_mixin.py:190} INFO - [2026-05-02T13:44:24.062+0000] {dag.py:4180} INFO - Setting next_dagrun for orders_kafka_to_s3 to 2026-05-02 00:00:00+00:00, run_after=2026-05-03 00:00:00+00:00
[2026-05-02T13:44:24.100+0000] {processor.py:208} INFO - Processing /opt/airflow/dags/main.py took 0.342 seconds
[2026-05-02T13:44:54.493+0000] {processor.py:186} INFO - Started process (PID=4156) to work on /opt/airflow/dags/main.py
[2026-05-02T13:44:54.495+0000] {processor.py:914} INFO - Processing file /opt/airflow/dags/main.py for tasks to queue
[2026-05-02T13:44:54.499+0000] {logging_mixin.py:190} INFO - [2026-05-02T13:44:54.499+0000] {dagbag.py:588} INFO - Filling up the DagBag from /opt/airflow/dags/main.py
[2026-05-02T13:44:54.629+0000] {processor.py:925} INFO - DAG(s) 'orders_kafka_to_s3' retrieved from /opt/airflow/dags/main.py
[2026-05-02T13:44:54.660+0000] {logging_mixin.py:190} INFO - [2026-05-02T13:44:54.660+0000] {dag.py:3239} INFO - Sync 1 DAGs
[2026-05-02T13:44:54.687+0000] {logging_mixin.py:190} INFO - [2026-05-02T13:44:54.687+0000] {dag.py:4180} INFO - Setting next_dagrun for orders_kafka_to_s3 to 2026-05-02 00:00:00+00:00, run_after=2026-05-03 00:00:00+00:00
[2026-05-02T13:44:54.717+0000] {processor.py:208} INFO - Processing /opt/airflow/dags/main.py took 0.233 seconds
[2026-05-02T13:45:25.103+0000] {processor.py:186} INFO - Started process (PID=4164) to work on /opt/airflow/dags/main.py
[2026-05-02T13:45:25.105+0000] {processor.py:914} INFO - Processing file /opt/airflow/dags/main.py for tasks to queue
[2026-05-02T13:45:25.108+0000] {logging_mixin.py:190} INFO - [2026-05-02T13:45:25.108+0000] {dagbag.py:588} INFO - Filling up the DagBag from /opt/airflow/dags/main.py
[2026-05-02T13:45:25.251+0000] {processor.py:925} INFO - DAG(s) 'orders_kafka_to_s3' retrieved from /opt/airflow/dags/main.py
[2026-05-02T13:45:25.310+0000] {logging_mixin.py:190} INFO - [2026-05-02T13:45:25.310+0000] {dag.py:3239} INFO - Sync 1 DAGs
[2026-05-02T13:45:25.341+0000] {logging_mixin.py:190} INFO - [2026-05-02T13:45:25.341+0000] {dag.py:4180} INFO - Setting next_dagrun for orders_kafka_to_s3 to 2026-05-02 00:00:00+00:00, run_after=2026-05-03 00:00:00+00:00
[2026-05-02T13:45:25.370+0000] {processor.py:208} INFO - Processing /opt/airflow/dags/main.py took 0.276 seconds
[2026-05-02T13:45:55.782+0000] {processor.py:186} INFO - Started process (PID=4171) to work on /opt/airflow/dags/main.py
[2026-05-02T13:45:55.784+0000] {processor.py:914} INFO - Processing file /opt/airflow/dags/main.py for tasks to queue
[2026-05-02T13:45:55.789+0000] {logging_mixin.py:190} INFO - [2026-05-02T13:45:55.789+0000] {dagbag.py:588} INFO - Filling up the DagBag from /opt/airflow/dags/main.py
[2026-05-02T13:45:55.935+0000] {processor.py:925} INFO - DAG(s) 'orders_kafka_to_s3' retrieved from /opt/airflow/dags/main.py
[2026-05-02T13:45:55.969+0000] {logging_mixin.py:190} INFO - [2026-05-02T13:45:55.968+0000] {dag.py:3239} INFO - Sync 1 DAGs
[2026-05-02T13:45:56.005+0000] {logging_mixin.py:190} INFO - [2026-05-02T13:45:56.005+0000] {dag.py:4180} INFO - Setting next_dagrun for orders_kafka_to_s3 to 2026-05-02 00:00:00+00:00, run_after=2026-05-03 00:00:00+00:00
[2026-05-02T13:45:56.041+0000] {processor.py:208} INFO - Processing /opt/airflow/dags/main.py took 0.267 seconds
[2026-05-02T13:46:26.443+0000] {processor.py:186} INFO - Started process (PID=4178) to work on /opt/airflow/dags/main.py
[2026-05-02T13:46:26.446+0000] {processor.py:914} INFO - Processing file /opt/airflow/dags/main.py for tasks to queue
[2026-05-02T13:46:26.455+0000] {logging_mixin.py:190} INFO - [2026-05-02T13:46:26.454+0000] {dagbag.py:588} INFO - Filling up the DagBag from /opt/airflow/dags/main.py
[2026-05-02T13:46:26.674+0000] {processor.py:925} INFO - DAG(s) 'orders_kafka_to_s3' retrieved from /opt/airflow/dags/main.py
[2026-05-02T13:46:26.706+0000] {logging_mixin.py:190} INFO - [2026-05-02T13:46:26.705+0000] {dag.py:3239} INFO - Sync 1 DAGs
[2026-05-02T13:46:26.735+0000] {logging_mixin.py:190} INFO - [2026-05-02T13:46:26.735+0000] {dag.py:4180} INFO - Setting next_dagrun for orders_kafka_to_s3 to 2026-05-02 00:00:00+00:00, run_after=2026-05-03 00:00:00+00:00
[2026-05-02T13:46:26.770+0000] {processor.py:208} INFO - Processing /opt/airflow/dags/main.py took 0.344 seconds
[2026-05-02T13:46:57.134+0000] {processor.py:186} INFO - Started process (PID=4185) to work on /opt/airflow/dags/main.py
[2026-05-02T13:46:57.138+0000] {processor.py:914} INFO - Processing file /opt/airflow/dags/main.py for tasks to queue
[2026-05-02T13:46:57.145+0000] {logging_mixin.py:190} INFO - [2026-05-02T13:46:57.144+0000] {dagbag.py:588} INFO - Filling up the DagBag from /opt/airflow/dags/main.py
[2026-05-02T13:46:57.322+0000] {processor.py:925} INFO - DAG(s) 'orders_kafka_to_s3' retrieved from /opt/airflow/dags/main.py
[2026-05-02T13:46:57.360+0000] {logging_mixin.py:190} INFO - [2026-05-02T13:46:57.359+0000] {dag.py:3239} INFO - Sync 1 DAGs
[2026-05-02T13:46:57.399+0000] {logging_mixin.py:190} INFO - [2026-05-02T13:46:57.398+0000] {dag.py:4180} INFO - Setting next_dagrun for orders_kafka_to_s3 to 2026-05-02 00:00:00+00:00, run_after=2026-05-03 00:00:00+00:00
[2026-05-02T13:46:57.431+0000] {processor.py:208} INFO - Processing /opt/airflow/dags/main.py took 0.308 seconds
[2026-05-02T13:47:27.861+0000] {processor.py:186} INFO - Started process (PID=4192) to work on /opt/airflow/dags/main.py
[2026-05-02T13:47:27.863+0000] {processor.py:914} INFO - Processing file /opt/airflow/dags/main.py for tasks to queue
[2026-05-02T13:47:27.867+0000] {logging_mixin.py:190} INFO - [2026-05-02T13:47:27.867+0000] {dagbag.py:588} INFO - Filling up the DagBag from /opt/airflow/dags/main.py
[2026-05-02T13:47:28.050+0000] {processor.py:925} INFO - DAG(s) 'orders_kafka_to_s3' retrieved from /opt/airflow/dags/main.py
[2026-05-02T13:47:28.085+0000] {logging_mixin.py:190} INFO - [2026-05-02T13:47:28.085+0000] {dag.py:3239} INFO - Sync 1 DAGs
[2026-05-02T13:47:28.117+0000] {logging_mixin.py:190} INFO - [2026-05-02T13:47:28.116+0000] {dag.py:4180} INFO - Setting next_dagrun for orders_kafka_to_s3 to 2026-05-02 00:00:00+00:00, run_after=2026-05-03 00:00:00+00:00
[2026-05-02T13:47:28.150+0000] {processor.py:208} INFO - Processing /opt/airflow/dags/main.py took 0.299 seconds
[2026-05-02T13:47:58.379+0000] {processor.py:186} INFO - Started process (PID=4199) to work on /opt/airflow/dags/main.py
[2026-05-02T13:47:58.382+0000] {processor.py:914} INFO - Processing file /opt/airflow/dags/main.py for tasks to queue
[2026-05-02T13:47:58.387+0000] {logging_mixin.py:190} INFO - [2026-05-02T13:47:58.386+0000] {dagbag.py:588} INFO - Filling up the DagBag from /opt/airflow/dags/main.py
[2026-05-02T13:47:58.554+0000] {processor.py:925} INFO - DAG(s) 'orders_kafka_to_s3' retrieved from /opt/airflow/dags/main.py
[2026-05-02T13:47:58.591+0000] {logging_mixin.py:190} INFO - [2026-05-02T13:47:58.591+0000] {dag.py:3239} INFO - Sync 1 DAGs
[2026-05-02T13:47:58.627+0000] {logging_mixin.py:190} INFO - [2026-05-02T13:47:58.627+0000] {dag.py:4180} INFO - Setting next_dagrun for orders_kafka_to_s3 to 2026-05-02 00:00:00+00:00, run_after=2026-05-03 00:00:00+00:00
[2026-05-02T13:47:58.665+0000] {processor.py:208} INFO - Processing /opt/airflow/dags/main.py took 0.308 seconds
[2026-05-02T13:48:29.218+0000] {processor.py:186} INFO - Started process (PID=4205) to work on /opt/airflow/dags/main.py
[2026-05-02T13:48:29.220+0000] {processor.py:914} INFO - Processing file /opt/airflow/dags/main.py for tasks to queue
[2026-05-02T13:48:29.226+0000] {logging_mixin.py:190} INFO - [2026-05-02T13:48:29.225+0000] {dagbag.py:588} INFO - Filling up the DagBag from /opt/airflow/dags/main.py
[2026-05-02T13:48:29.385+0000] {processor.py:925} INFO - DAG(s) 'orders_kafka_to_s3' retrieved from /opt/airflow/dags/main.py
[2026-05-02T13:48:29.423+0000] {logging_mixin.py:190} INFO - [2026-05-02T13:48:29.423+0000] {dag.py:3239} INFO - Sync 1 DAGs
[2026-05-02T13:48:29.462+0000] {logging_mixin.py:190} INFO - [2026-05-02T13:48:29.462+0000] {dag.py:4180} INFO - Setting next_dagrun for orders_kafka_to_s3 to 2026-05-02 00:00:00+00:00, run_after=2026-05-03 00:00:00+00:00
[2026-05-02T13:48:29.499+0000] {processor.py:208} INFO - Processing /opt/airflow/dags/main.py took 0.297 seconds
[2026-05-02T13:48:59.581+0000] {processor.py:186} INFO - Started process (PID=4212) to work on /opt/airflow/dags/main.py
[2026-05-02T13:48:59.583+0000] {processor.py:914} INFO - Processing file /opt/airflow/dags/main.py for tasks to queue
[2026-05-02T13:48:59.587+0000] {logging_mixin.py:190} INFO - [2026-05-02T13:48:59.587+0000] {dagbag.py:588} INFO - Filling up the DagBag from /opt/airflow/dags/main.py
[2026-05-02T13:48:59.744+0000] {processor.py:925} INFO - DAG(s) 'orders_kafka_to_s3' retrieved from /opt/airflow/dags/main.py
[2026-05-02T13:48:59.792+0000] {logging_mixin.py:190} INFO - [2026-05-02T13:48:59.792+0000] {dag.py:3239} INFO - Sync 1 DAGs
[2026-05-02T13:48:59.833+0000] {logging_mixin.py:190} INFO - [2026-05-02T13:48:59.833+0000] {dag.py:4180} INFO - Setting next_dagrun for orders_kafka_to_s3 to 2026-05-02 00:00:00+00:00, run_after=2026-05-03 00:00:00+00:00
[2026-05-02T13:48:59.861+0000] {processor.py:208} INFO - Processing /opt/airflow/dags/main.py took 0.291 seconds
[2026-05-02T13:49:30.148+0000] {processor.py:186} INFO - Started process (PID=4219) to work on /opt/airflow/dags/main.py
[2026-05-02T13:49:30.149+0000] {processor.py:914} INFO - Processing file /opt/airflow/dags/main.py for tasks to queue
[2026-05-02T13:49:30.153+0000] {logging_mixin.py:190} INFO - [2026-05-02T13:49:30.152+0000] {dagbag.py:588} INFO - Filling up the DagBag from /opt/airflow/dags/main.py
[2026-05-02T13:49:30.321+0000] {processor.py:925} INFO - DAG(s) 'orders_kafka_to_s3' retrieved from /opt/airflow/dags/main.py
[2026-05-02T13:49:30.356+0000] {logging_mixin.py:190} INFO - [2026-05-02T13:49:30.356+0000] {dag.py:3239} INFO - Sync 1 DAGs
[2026-05-02T13:49:30.402+0000] {logging_mixin.py:190} INFO - [2026-05-02T13:49:30.402+0000] {dag.py:4180} INFO - Setting next_dagrun for orders_kafka_to_s3 to 2026-05-02 00:00:00+00:00, run_after=2026-05-03 00:00:00+00:00
[2026-05-02T13:49:30.447+0000] {processor.py:208} INFO - Processing /opt/airflow/dags/main.py took 0.309 seconds
[2026-05-02T13:50:00.705+0000] {processor.py:186} INFO - Started process (PID=4226) to work on /opt/airflow/dags/main.py
[2026-05-02T13:50:00.707+0000] {processor.py:914} INFO - Processing file /opt/airflow/dags/main.py for tasks to queue
[2026-05-02T13:50:00.711+0000] {logging_mixin.py:190} INFO - [2026-05-02T13:50:00.711+0000] {dagbag.py:588} INFO - Filling up the DagBag from /opt/airflow/dags/main.py
[2026-05-02T13:50:00.877+0000] {processor.py:925} INFO - DAG(s) 'orders_kafka_to_s3' retrieved from /opt/airflow/dags/main.py
[2026-05-02T13:50:00.917+0000] {logging_mixin.py:190} INFO - [2026-05-02T13:50:00.917+0000] {dag.py:3239} INFO - Sync 1 DAGs
[2026-05-02T13:50:00.964+0000] {logging_mixin.py:190} INFO - [2026-05-02T13:50:00.964+0000] {dag.py:4180} INFO - Setting next_dagrun for orders_kafka_to_s3 to 2026-05-02 00:00:00+00:00, run_after=2026-05-03 00:00:00+00:00
[2026-05-02T13:50:00.986+0000] {processor.py:208} INFO - Processing /opt/airflow/dags/main.py took 0.291 seconds
[2026-05-02T13:50:31.152+0000] {processor.py:186} INFO - Started process (PID=4233) to work on /opt/airflow/dags/main.py
[2026-05-02T13:50:31.182+0000] {processor.py:914} INFO - Processing file /opt/airflow/dags/main.py for tasks to queue
[2026-05-02T13:50:31.301+0000] {logging_mixin.py:190} INFO - [2026-05-02T13:50:31.295+0000] {dagbag.py:588} INFO - Filling up the DagBag from /opt/airflow/dags/main.py
[2026-05-02T13:50:31.648+0000] {processor.py:925} INFO - DAG(s) 'orders_kafka_to_s3' retrieved from /opt/airflow/dags/main.py
[2026-05-02T13:50:31.698+0000] {logging_mixin.py:190} INFO - [2026-05-02T13:50:31.698+0000] {dag.py:3239} INFO - Sync 1 DAGs
[2026-05-02T13:50:31.752+0000] {logging_mixin.py:190} INFO - [2026-05-02T13:50:31.751+0000] {dag.py:4180} INFO - Setting next_dagrun for orders_kafka_to_s3 to 2026-05-02 00:00:00+00:00, run_after=2026-05-03 00:00:00+00:00
[2026-05-02T13:50:31.824+0000] {processor.py:208} INFO - Processing /opt/airflow/dags/main.py took 0.710 seconds
[2026-05-02T13:51:02.245+0000] {processor.py:186} INFO - Started process (PID=4240) to work on /opt/airflow/dags/main.py
[2026-05-02T13:51:02.248+0000] {processor.py:914} INFO - Processing file /opt/airflow/dags/main.py for tasks to queue
[2026-05-02T13:51:02.255+0000] {logging_mixin.py:190} INFO - [2026-05-02T13:51:02.253+0000] {dagbag.py:588} INFO - Filling up the DagBag from /opt/airflow/dags/main.py
[2026-05-02T13:51:02.504+0000] {processor.py:925} INFO - DAG(s) 'orders_kafka_to_s3' retrieved from /opt/airflow/dags/main.py
[2026-05-02T13:51:02.555+0000] {logging_mixin.py:190} INFO - [2026-05-02T13:51:02.555+0000] {dag.py:3239} INFO - Sync 1 DAGs
[2026-05-02T13:51:02.604+0000] {logging_mixin.py:190} INFO - [2026-05-02T13:51:02.603+0000] {dag.py:4180} INFO - Setting next_dagrun for orders_kafka_to_s3 to 2026-05-02 00:00:00+00:00, run_after=2026-05-03 00:00:00+00:00
[2026-05-02T13:51:02.652+0000] {processor.py:208} INFO - Processing /opt/airflow/dags/main.py took 0.425 seconds
[2026-05-02T13:51:33.097+0000] {processor.py:186} INFO - Started process (PID=4247) to work on /opt/airflow/dags/main.py
[2026-05-02T13:51:33.098+0000] {processor.py:914} INFO - Processing file /opt/airflow/dags/main.py for tasks to queue
[2026-05-02T13:51:33.102+0000] {logging_mixin.py:190} INFO - [2026-05-02T13:51:33.101+0000] {dagbag.py:588} INFO - Filling up the DagBag from /opt/airflow/dags/main.py
[2026-05-02T13:51:33.228+0000] {processor.py:925} INFO - DAG(s) 'orders_kafka_to_s3' retrieved from /opt/airflow/dags/main.py
[2026-05-02T13:51:33.259+0000] {logging_mixin.py:190} INFO - [2026-05-02T13:51:33.259+0000] {dag.py:3239} INFO - Sync 1 DAGs
[2026-05-02T13:51:33.291+0000] {logging_mixin.py:190} INFO - [2026-05-02T13:51:33.291+0000] {dag.py:4180} INFO - Setting next_dagrun for orders_kafka_to_s3 to 2026-05-02 00:00:00+00:00, run_after=2026-05-03 00:00:00+00:00
[2026-05-02T13:51:33.318+0000] {processor.py:208} INFO - Processing /opt/airflow/dags/main.py took 0.229 seconds
[2026-05-02T13:52:03.467+0000] {processor.py:186} INFO - Started process (PID=4254) to work on /opt/airflow/dags/main.py
[2026-05-02T13:52:03.469+0000] {processor.py:914} INFO - Processing file /opt/airflow/dags/main.py for tasks to queue
[2026-05-02T13:52:03.475+0000] {logging_mixin.py:190} INFO - [2026-05-02T13:52:03.474+0000] {dagbag.py:588} INFO - Filling up the DagBag from /opt/airflow/dags/main.py
[2026-05-02T13:52:03.692+0000] {processor.py:925} INFO - DAG(s) 'orders_kafka_to_s3' retrieved from /opt/airflow/dags/main.py
[2026-05-02T13:52:03.745+0000] {logging_mixin.py:190} INFO - [2026-05-02T13:52:03.744+0000] {dag.py:3239} INFO - Sync 1 DAGs
[2026-05-02T13:52:03.790+0000] {logging_mixin.py:190} INFO - [2026-05-02T13:52:03.790+0000] {dag.py:4180} INFO - Setting next_dagrun for orders_kafka_to_s3 to 2026-05-02 00:00:00+00:00, run_after=2026-05-03 00:00:00+00:00
[2026-05-02T13:52:03.828+0000] {processor.py:208} INFO - Processing /opt/airflow/dags/main.py took 0.372 seconds
[2026-05-02T13:52:34.003+0000] {processor.py:186} INFO - Started process (PID=4261) to work on /opt/airflow/dags/main.py
[2026-05-02T13:52:34.004+0000] {processor.py:914} INFO - Processing file /opt/airflow/dags/main.py for tasks to queue
[2026-05-02T13:52:34.007+0000] {logging_mixin.py:190} INFO - [2026-05-02T13:52:34.007+0000] {dagbag.py:588} INFO - Filling up the DagBag from /opt/airflow/dags/main.py
[2026-05-02T13:52:34.141+0000] {processor.py:925} INFO - DAG(s) 'orders_kafka_to_s3' retrieved from /opt/airflow/dags/main.py
[2026-05-02T13:52:34.169+0000] {logging_mixin.py:190} INFO - [2026-05-02T13:52:34.169+0000] {dag.py:3239} INFO - Sync 1 DAGs
[2026-05-02T13:52:34.198+0000] {logging_mixin.py:190} INFO - [2026-05-02T13:52:34.197+0000] {dag.py:4180} INFO - Setting next_dagrun for orders_kafka_to_s3 to 2026-05-02 00:00:00+00:00, run_after=2026-05-03 00:00:00+00:00
[2026-05-02T13:52:34.223+0000] {processor.py:208} INFO - Processing /opt/airflow/dags/main.py took 0.227 seconds
[2026-05-02T13:53:04.529+0000] {processor.py:186} INFO - Started process (PID=4269) to work on /opt/airflow/dags/main.py
[2026-05-02T13:53:04.530+0000] {processor.py:914} INFO - Processing file /opt/airflow/dags/main.py for tasks to queue
[2026-05-02T13:53:04.534+0000] {logging_mixin.py:190} INFO - [2026-05-02T13:53:04.533+0000] {dagbag.py:588} INFO - Filling up the DagBag from /opt/airflow/dags/main.py
[2026-05-02T13:53:04.686+0000] {processor.py:925} INFO - DAG(s) 'orders_kafka_to_s3' retrieved from /opt/airflow/dags/main.py
[2026-05-02T13:53:04.714+0000] {logging_mixin.py:190} INFO - [2026-05-02T13:53:04.714+0000] {dag.py:3239} INFO - Sync 1 DAGs
[2026-05-02T13:53:04.741+0000] {logging_mixin.py:190} INFO - [2026-05-02T13:53:04.741+0000] {dag.py:4180} INFO - Setting next_dagrun for orders_kafka_to_s3 to 2026-05-02 00:00:00+00:00, run_after=2026-05-03 00:00:00+00:00
[2026-05-02T13:53:04.762+0000] {processor.py:208} INFO - Processing /opt/airflow/dags/main.py took 0.240 seconds
[2026-05-02T13:53:34.910+0000] {processor.py:186} INFO - Started process (PID=4276) to work on /opt/airflow/dags/main.py
[2026-05-02T13:53:34.911+0000] {processor.py:914} INFO - Processing file /opt/airflow/dags/main.py for tasks to queue
[2026-05-02T13:53:34.914+0000] {logging_mixin.py:190} INFO - [2026-05-02T13:53:34.914+0000] {dagbag.py:588} INFO - Filling up the DagBag from /opt/airflow/dags/main.py
[2026-05-02T13:53:35.048+0000] {processor.py:925} INFO - DAG(s) 'orders_kafka_to_s3' retrieved from /opt/airflow/dags/main.py
[2026-05-02T13:53:35.077+0000] {logging_mixin.py:190} INFO - [2026-05-02T13:53:35.076+0000] {dag.py:3239} INFO - Sync 1 DAGs
[2026-05-02T13:53:35.100+0000] {logging_mixin.py:190} INFO - [2026-05-02T13:53:35.100+0000] {dag.py:4180} INFO - Setting next_dagrun for orders_kafka_to_s3 to 2026-05-02 00:00:00+00:00, run_after=2026-05-03 00:00:00+00:00
[2026-05-02T13:53:35.123+0000] {processor.py:208} INFO - Processing /opt/airflow/dags/main.py took 0.220 seconds
[2026-05-02T13:54:05.209+0000] {processor.py:186} INFO - Started process (PID=4283) to work on /opt/airflow/dags/main.py
[2026-05-02T13:54:05.211+0000] {processor.py:914} INFO - Processing file /opt/airflow/dags/main.py for tasks to queue
[2026-05-02T13:54:05.215+0000] {logging_mixin.py:190} INFO - [2026-05-02T13:54:05.215+0000] {dagbag.py:588} INFO - Filling up the DagBag from /opt/airflow/dags/main.py
[2026-05-02T13:54:05.370+0000] {processor.py:925} INFO - DAG(s) 'orders_kafka_to_s3' retrieved from /opt/airflow/dags/main.py
[2026-05-02T13:54:05.404+0000] {logging_mixin.py:190} INFO - [2026-05-02T13:54:05.404+0000] {dag.py:3239} INFO - Sync 1 DAGs
[2026-05-02T13:54:05.435+0000] {logging_mixin.py:190} INFO - [2026-05-02T13:54:05.435+0000] {dag.py:4180} INFO - Setting next_dagrun for orders_kafka_to_s3 to 2026-05-02 00:00:00+00:00, run_after=2026-05-03 00:00:00+00:00
[2026-05-02T13:54:05.469+0000] {processor.py:208} INFO - Processing /opt/airflow/dags/main.py took 0.269 seconds
[2026-05-02T13:54:35.767+0000] {processor.py:186} INFO - Started process (PID=4290) to work on /opt/airflow/dags/main.py
[2026-05-02T13:54:35.768+0000] {processor.py:914} INFO - Processing file /opt/airflow/dags/main.py for tasks to queue
[2026-05-02T13:54:35.772+0000] {logging_mixin.py:190} INFO - [2026-05-02T13:54:35.772+0000] {dagbag.py:588} INFO - Filling up the DagBag from /opt/airflow/dags/main.py
[2026-05-02T13:54:35.908+0000] {processor.py:925} INFO - DAG(s) 'orders_kafka_to_s3' retrieved from /opt/airflow/dags/main.py
[2026-05-02T13:54:35.937+0000] {logging_mixin.py:190} INFO - [2026-05-02T13:54:35.937+0000] {dag.py:3239} INFO - Sync 1 DAGs
[2026-05-02T13:54:35.962+0000] {logging_mixin.py:190} INFO - [2026-05-02T13:54:35.962+0000] {dag.py:4180} INFO - Setting next_dagrun for orders_kafka_to_s3 to 2026-05-02 00:00:00+00:00, run_after=2026-05-03 00:00:00+00:00
[2026-05-02T13:54:35.983+0000] {processor.py:208} INFO - Processing /opt/airflow/dags/main.py took 0.226 seconds
[2026-05-02T13:55:06.258+0000] {processor.py:186} INFO - Started process (PID=4297) to work on /opt/airflow/dags/main.py
[2026-05-02T13:55:06.259+0000] {processor.py:914} INFO - Processing file /opt/airflow/dags/main.py for tasks to queue
[2026-05-02T13:55:06.263+0000] {logging_mixin.py:190} INFO - [2026-05-02T13:55:06.263+0000] {dagbag.py:588} INFO - Filling up the DagBag from /opt/airflow/dags/main.py
[2026-05-02T13:55:06.398+0000] {processor.py:925} INFO - DAG(s) 'orders_kafka_to_s3' retrieved from /opt/airflow/dags/main.py
[2026-05-02T13:55:06.430+0000] {logging_mixin.py:190} INFO - [2026-05-02T13:55:06.430+0000] {dag.py:3239} INFO - Sync 1 DAGs
[2026-05-02T13:55:06.460+0000] {logging_mixin.py:190} INFO - [2026-05-02T13:55:06.460+0000] {dag.py:4180} INFO - Setting next_dagrun for orders_kafka_to_s3 to 2026-05-02 00:00:00+00:00, run_after=2026-05-03 00:00:00+00:00
[2026-05-02T13:55:06.482+0000] {processor.py:208} INFO - Processing /opt/airflow/dags/main.py took 0.232 seconds
[2026-05-02T13:55:36.777+0000] {processor.py:186} INFO - Started process (PID=4304) to work on /opt/airflow/dags/main.py
[2026-05-02T13:55:36.778+0000] {processor.py:914} INFO - Processing file /opt/airflow/dags/main.py for tasks to queue
[2026-05-02T13:55:36.782+0000] {logging_mixin.py:190} INFO - [2026-05-02T13:55:36.781+0000] {dagbag.py:588} INFO - Filling up the DagBag from /opt/airflow/dags/main.py
[2026-05-02T13:55:36.915+0000] {processor.py:925} INFO - DAG(s) 'orders_kafka_to_s3' retrieved from /opt/airflow/dags/main.py
[2026-05-02T13:55:36.949+0000] {logging_mixin.py:190} INFO - [2026-05-02T13:55:36.949+0000] {dag.py:3239} INFO - Sync 1 DAGs
[2026-05-02T13:55:36.985+0000] {logging_mixin.py:190} INFO - [2026-05-02T13:55:36.985+0000] {dag.py:4180} INFO - Setting next_dagrun for orders_kafka_to_s3 to 2026-05-02 00:00:00+00:00, run_after=2026-05-03 00:00:00+00:00
[2026-05-02T13:55:37.011+0000] {processor.py:208} INFO - Processing /opt/airflow/dags/main.py took 0.243 seconds
[2026-05-02T13:56:07.188+0000] {processor.py:186} INFO - Started process (PID=4311) to work on /opt/airflow/dags/main.py
[2026-05-02T13:56:07.189+0000] {processor.py:914} INFO - Processing file /opt/airflow/dags/main.py for tasks to queue
[2026-05-02T13:56:07.192+0000] {logging_mixin.py:190} INFO - [2026-05-02T13:56:07.192+0000] {dagbag.py:588} INFO - Filling up the DagBag from /opt/airflow/dags/main.py
[2026-05-02T13:56:07.316+0000] {processor.py:925} INFO - DAG(s) 'orders_kafka_to_s3' retrieved from /opt/airflow/dags/main.py
[2026-05-02T13:56:07.351+0000] {logging_mixin.py:190} INFO - [2026-05-02T13:56:07.351+0000] {dag.py:3239} INFO - Sync 1 DAGs
[2026-05-02T13:56:07.379+0000] {logging_mixin.py:190} INFO - [2026-05-02T13:56:07.378+0000] {dag.py:4180} INFO - Setting next_dagrun for orders_kafka_to_s3 to 2026-05-02 00:00:00+00:00, run_after=2026-05-03 00:00:00+00:00
[2026-05-02T13:56:07.400+0000] {processor.py:208} INFO - Processing /opt/airflow/dags/main.py took 0.220 seconds
[2026-05-02T13:56:37.793+0000] {processor.py:186} INFO - Started process (PID=4318) to work on /opt/airflow/dags/main.py
[2026-05-02T13:56:37.794+0000] {processor.py:914} INFO - Processing file /opt/airflow/dags/main.py for tasks to queue
[2026-05-02T13:56:37.797+0000] {logging_mixin.py:190} INFO - [2026-05-02T13:56:37.797+0000] {dagbag.py:588} INFO - Filling up the DagBag from /opt/airflow/dags/main.py
[2026-05-02T13:56:37.917+0000] {processor.py:925} INFO - DAG(s) 'orders_kafka_to_s3' retrieved from /opt/airflow/dags/main.py
[2026-05-02T13:56:37.944+0000] {logging_mixin.py:190} INFO - [2026-05-02T13:56:37.944+0000] {dag.py:3239} INFO - Sync 1 DAGs
[2026-05-02T13:56:37.968+0000] {logging_mixin.py:190} INFO - [2026-05-02T13:56:37.968+0000] {dag.py:4180} INFO - Setting next_dagrun for orders_kafka_to_s3 to 2026-05-02 00:00:00+00:00, run_after=2026-05-03 00:00:00+00:00
[2026-05-02T13:56:37.989+0000] {processor.py:208} INFO - Processing /opt/airflow/dags/main.py took 0.204 seconds
[2026-05-02T13:57:08.194+0000] {processor.py:186} INFO - Started process (PID=4325) to work on /opt/airflow/dags/main.py
[2026-05-02T13:57:08.197+0000] {processor.py:914} INFO - Processing file /opt/airflow/dags/main.py for tasks to queue
[2026-05-02T13:57:08.200+0000] {logging_mixin.py:190} INFO - [2026-05-02T13:57:08.200+0000] {dagbag.py:588} INFO - Filling up the DagBag from /opt/airflow/dags/main.py
[2026-05-02T13:57:08.333+0000] {processor.py:925} INFO - DAG(s) 'orders_kafka_to_s3' retrieved from /opt/airflow/dags/main.py
[2026-05-02T13:57:08.362+0000] {logging_mixin.py:190} INFO - [2026-05-02T13:57:08.361+0000] {dag.py:3239} INFO - Sync 1 DAGs
[2026-05-02T13:57:08.390+0000] {logging_mixin.py:190} INFO - [2026-05-02T13:57:08.390+0000] {dag.py:4180} INFO - Setting next_dagrun for orders_kafka_to_s3 to 2026-05-02 00:00:00+00:00, run_after=2026-05-03 00:00:00+00:00
[2026-05-02T13:57:08.425+0000] {processor.py:208} INFO - Processing /opt/airflow/dags/main.py took 0.241 seconds
[2026-05-02T13:57:39.280+0000] {processor.py:186} INFO - Started process (PID=4331) to work on /opt/airflow/dags/main.py
[2026-05-02T13:57:39.281+0000] {processor.py:914} INFO - Processing file /opt/airflow/dags/main.py for tasks to queue
[2026-05-02T13:57:39.284+0000] {logging_mixin.py:190} INFO - [2026-05-02T13:57:39.284+0000] {dagbag.py:588} INFO - Filling up the DagBag from /opt/airflow/dags/main.py
[2026-05-02T13:57:39.471+0000] {processor.py:925} INFO - DAG(s) 'orders_kafka_to_s3' retrieved from /opt/airflow/dags/main.py
[2026-05-02T13:57:39.510+0000] {logging_mixin.py:190} INFO - [2026-05-02T13:57:39.509+0000] {dag.py:3239} INFO - Sync 1 DAGs
[2026-05-02T13:57:39.544+0000] {logging_mixin.py:190} INFO - [2026-05-02T13:57:39.543+0000] {dag.py:4180} INFO - Setting next_dagrun for orders_kafka_to_s3 to 2026-05-02 00:00:00+00:00, run_after=2026-05-03 00:00:00+00:00
[2026-05-02T13:57:39.584+0000] {processor.py:208} INFO - Processing /opt/airflow/dags/main.py took 0.311 seconds
[2026-05-02T13:58:09.988+0000] {processor.py:186} INFO - Started process (PID=4338) to work on /opt/airflow/dags/main.py
[2026-05-02T13:58:09.989+0000] {processor.py:914} INFO - Processing file /opt/airflow/dags/main.py for tasks to queue
[2026-05-02T13:58:09.993+0000] {logging_mixin.py:190} INFO - [2026-05-02T13:58:09.993+0000] {dagbag.py:588} INFO - Filling up the DagBag from /opt/airflow/dags/main.py
[2026-05-02T13:58:10.113+0000] {processor.py:925} INFO - DAG(s) 'orders_kafka_to_s3' retrieved from /opt/airflow/dags/main.py
[2026-05-02T13:58:10.141+0000] {logging_mixin.py:190} INFO - [2026-05-02T13:58:10.140+0000] {dag.py:3239} INFO - Sync 1 DAGs
[2026-05-02T13:58:10.166+0000] {logging_mixin.py:190} INFO - [2026-05-02T13:58:10.166+0000] {dag.py:4180} INFO - Setting next_dagrun for orders_kafka_to_s3 to 2026-05-02 00:00:00+00:00, run_after=2026-05-03 00:00:00+00:00
[2026-05-02T13:58:10.186+0000] {processor.py:208} INFO - Processing /opt/airflow/dags/main.py took 0.205 seconds
[2026-05-02T13:58:40.276+0000] {processor.py:186} INFO - Started process (PID=4345) to work on /opt/airflow/dags/main.py
[2026-05-02T13:58:40.278+0000] {processor.py:914} INFO - Processing file /opt/airflow/dags/main.py for tasks to queue
[2026-05-02T13:58:40.282+0000] {logging_mixin.py:190} INFO - [2026-05-02T13:58:40.281+0000] {dagbag.py:588} INFO - Filling up the DagBag from /opt/airflow/dags/main.py
[2026-05-02T13:58:40.426+0000] {processor.py:925} INFO - DAG(s) 'orders_kafka_to_s3' retrieved from /opt/airflow/dags/main.py
[2026-05-02T13:58:40.462+0000] {logging_mixin.py:190} INFO - [2026-05-02T13:58:40.462+0000] {dag.py:3239} INFO - Sync 1 DAGs
[2026-05-02T13:58:40.496+0000] {logging_mixin.py:190} INFO - [2026-05-02T13:58:40.496+0000] {dag.py:4180} INFO - Setting next_dagrun for orders_kafka_to_s3 to 2026-05-02 00:00:00+00:00, run_after=2026-05-03 00:00:00+00:00
[2026-05-02T13:58:40.522+0000] {processor.py:208} INFO - Processing /opt/airflow/dags/main.py took 0.258 seconds
[2026-05-02T13:59:10.866+0000] {processor.py:186} INFO - Started process (PID=4352) to work on /opt/airflow/dags/main.py
[2026-05-02T13:59:10.870+0000] {processor.py:914} INFO - Processing file /opt/airflow/dags/main.py for tasks to queue
[2026-05-02T13:59:10.873+0000] {logging_mixin.py:190} INFO - [2026-05-02T13:59:10.873+0000] {dagbag.py:588} INFO - Filling up the DagBag from /opt/airflow/dags/main.py
[2026-05-02T13:59:11.169+0000] {processor.py:925} INFO - DAG(s) 'orders_kafka_to_s3' retrieved from /opt/airflow/dags/main.py
[2026-05-02T13:59:11.255+0000] {logging_mixin.py:190} INFO - [2026-05-02T13:59:11.255+0000] {dag.py:3239} INFO - Sync 1 DAGs
[2026-05-02T13:59:11.296+0000] {logging_mixin.py:190} INFO - [2026-05-02T13:59:11.295+0000] {dag.py:4180} INFO - Setting next_dagrun for orders_kafka_to_s3 to 2026-05-02 00:00:00+00:00, run_after=2026-05-03 00:00:00+00:00
[2026-05-02T13:59:11.327+0000] {processor.py:208} INFO - Processing /opt/airflow/dags/main.py took 0.469 seconds
[2026-05-02T13:59:41.694+0000] {processor.py:186} INFO - Started process (PID=4359) to work on /opt/airflow/dags/main.py
[2026-05-02T13:59:41.696+0000] {processor.py:914} INFO - Processing file /opt/airflow/dags/main.py for tasks to queue
[2026-05-02T13:59:41.699+0000] {logging_mixin.py:190} INFO - [2026-05-02T13:59:41.699+0000] {dagbag.py:588} INFO - Filling up the DagBag from /opt/airflow/dags/main.py
[2026-05-02T13:59:41.858+0000] {processor.py:925} INFO - DAG(s) 'orders_kafka_to_s3' retrieved from /opt/airflow/dags/main.py
[2026-05-02T13:59:41.890+0000] {logging_mixin.py:190} INFO - [2026-05-02T13:59:41.890+0000] {dag.py:3239} INFO - Sync 1 DAGs
[2026-05-02T13:59:41.920+0000] {logging_mixin.py:190} INFO - [2026-05-02T13:59:41.920+0000] {dag.py:4180} INFO - Setting next_dagrun for orders_kafka_to_s3 to 2026-05-02 00:00:00+00:00, run_after=2026-05-03 00:00:00+00:00
[2026-05-02T13:59:41.947+0000] {processor.py:208} INFO - Processing /opt/airflow/dags/main.py took 0.262 seconds
[2026-05-02T14:00:12.016+0000] {processor.py:186} INFO - Started process (PID=4366) to work on /opt/airflow/dags/main.py
[2026-05-02T14:00:12.018+0000] {processor.py:914} INFO - Processing file /opt/airflow/dags/main.py for tasks to queue
[2026-05-02T14:00:12.024+0000] {logging_mixin.py:190} INFO - [2026-05-02T14:00:12.023+0000] {dagbag.py:588} INFO - Filling up the DagBag from /opt/airflow/dags/main.py
[2026-05-02T14:00:12.221+0000] {processor.py:925} INFO - DAG(s) 'orders_kafka_to_s3' retrieved from /opt/airflow/dags/main.py
[2026-05-02T14:00:12.275+0000] {logging_mixin.py:190} INFO - [2026-05-02T14:00:12.275+0000] {dag.py:3239} INFO - Sync 1 DAGs
[2026-05-02T14:00:12.311+0000] {logging_mixin.py:190} INFO - [2026-05-02T14:00:12.310+0000] {dag.py:4180} INFO - Setting next_dagrun for orders_kafka_to_s3 to 2026-05-02 00:00:00+00:00, run_after=2026-05-03 00:00:00+00:00
[2026-05-02T14:00:12.335+0000] {processor.py:208} INFO - Processing /opt/airflow/dags/main.py took 0.329 seconds
[2026-05-02T14:00:42.693+0000] {processor.py:186} INFO - Started process (PID=4373) to work on /opt/airflow/dags/main.py
[2026-05-02T14:00:42.694+0000] {processor.py:914} INFO - Processing file /opt/airflow/dags/main.py for tasks to queue
[2026-05-02T14:00:42.697+0000] {logging_mixin.py:190} INFO - [2026-05-02T14:00:42.697+0000] {dagbag.py:588} INFO - Filling up the DagBag from /opt/airflow/dags/main.py
[2026-05-02T14:00:42.832+0000] {processor.py:925} INFO - DAG(s) 'orders_kafka_to_s3' retrieved from /opt/airflow/dags/main.py
[2026-05-02T14:00:42.858+0000] {logging_mixin.py:190} INFO - [2026-05-02T14:00:42.858+0000] {dag.py:3239} INFO - Sync 1 DAGs
[2026-05-02T14:00:42.883+0000] {logging_mixin.py:190} INFO - [2026-05-02T14:00:42.883+0000] {dag.py:4180} INFO - Setting next_dagrun for orders_kafka_to_s3 to 2026-05-02 00:00:00+00:00, run_after=2026-05-03 00:00:00+00:00
[2026-05-02T14:00:42.904+0000] {processor.py:208} INFO - Processing /opt/airflow/dags/main.py took 0.218 seconds
[2026-05-02T14:01:13.080+0000] {processor.py:186} INFO - Started process (PID=4379) to work on /opt/airflow/dags/main.py
[2026-05-02T14:01:13.082+0000] {processor.py:914} INFO - Processing file /opt/airflow/dags/main.py for tasks to queue
[2026-05-02T14:01:13.086+0000] {logging_mixin.py:190} INFO - [2026-05-02T14:01:13.085+0000] {dagbag.py:588} INFO - Filling up the DagBag from /opt/airflow/dags/main.py
[2026-05-02T14:01:13.232+0000] {processor.py:925} INFO - DAG(s) 'orders_kafka_to_s3' retrieved from /opt/airflow/dags/main.py
[2026-05-02T14:01:13.260+0000] {logging_mixin.py:190} INFO - [2026-05-02T14:01:13.260+0000] {dag.py:3239} INFO - Sync 1 DAGs
[2026-05-02T14:01:13.287+0000] {logging_mixin.py:190} INFO - [2026-05-02T14:01:13.287+0000] {dag.py:4180} INFO - Setting next_dagrun for orders_kafka_to_s3 to 2026-05-02 00:00:00+00:00, run_after=2026-05-03 00:00:00+00:00
[2026-05-02T14:01:13.314+0000] {processor.py:208} INFO - Processing /opt/airflow/dags/main.py took 0.242 seconds
[2026-05-02T14:01:43.724+0000] {processor.py:186} INFO - Started process (PID=4386) to work on /opt/airflow/dags/main.py
[2026-05-02T14:01:43.725+0000] {processor.py:914} INFO - Processing file /opt/airflow/dags/main.py for tasks to queue
[2026-05-02T14:01:43.731+0000] {logging_mixin.py:190} INFO - [2026-05-02T14:01:43.730+0000] {dagbag.py:588} INFO - Filling up the DagBag from /opt/airflow/dags/main.py
[2026-05-02T14:01:43.865+0000] {processor.py:925} INFO - DAG(s) 'orders_kafka_to_s3' retrieved from /opt/airflow/dags/main.py
[2026-05-02T14:01:43.892+0000] {logging_mixin.py:190} INFO - [2026-05-02T14:01:43.891+0000] {dag.py:3239} INFO - Sync 1 DAGs
[2026-05-02T14:01:43.919+0000] {logging_mixin.py:190} INFO - [2026-05-02T14:01:43.919+0000] {dag.py:4180} INFO - Setting next_dagrun for orders_kafka_to_s3 to 2026-05-02 00:00:00+00:00, run_after=2026-05-03 00:00:00+00:00
[2026-05-02T14:01:43.939+0000] {processor.py:208} INFO - Processing /opt/airflow/dags/main.py took 0.222 seconds
[2026-05-02T14:02:14.164+0000] {processor.py:186} INFO - Started process (PID=4393) to work on /opt/airflow/dags/main.py
[2026-05-02T14:02:14.166+0000] {processor.py:914} INFO - Processing file /opt/airflow/dags/main.py for tasks to queue
[2026-05-02T14:02:14.171+0000] {logging_mixin.py:190} INFO - [2026-05-02T14:02:14.170+0000] {dagbag.py:588} INFO - Filling up the DagBag from /opt/airflow/dags/main.py
[2026-05-02T14:02:14.332+0000] {processor.py:925} INFO - DAG(s) 'orders_kafka_to_s3' retrieved from /opt/airflow/dags/main.py
[2026-05-02T14:02:14.361+0000] {logging_mixin.py:190} INFO - [2026-05-02T14:02:14.361+0000] {dag.py:3239} INFO - Sync 1 DAGs
[2026-05-02T14:02:14.386+0000] {logging_mixin.py:190} INFO - [2026-05-02T14:02:14.386+0000] {dag.py:4180} INFO - Setting next_dagrun for orders_kafka_to_s3 to 2026-05-02 00:00:00+00:00, run_after=2026-05-03 00:00:00+00:00
[2026-05-02T14:02:14.408+0000] {processor.py:208} INFO - Processing /opt/airflow/dags/main.py took 0.252 seconds
[2026-05-02T14:02:44.669+0000] {processor.py:186} INFO - Started process (PID=4400) to work on /opt/airflow/dags/main.py
[2026-05-02T14:02:44.670+0000] {processor.py:914} INFO - Processing file /opt/airflow/dags/main.py for tasks to queue
[2026-05-02T14:02:44.675+0000] {logging_mixin.py:190} INFO - [2026-05-02T14:02:44.674+0000] {dagbag.py:588} INFO - Filling up the DagBag from /opt/airflow/dags/main.py
[2026-05-02T14:02:44.808+0000] {processor.py:925} INFO - DAG(s) 'orders_kafka_to_s3' retrieved from /opt/airflow/dags/main.py
[2026-05-02T14:02:44.845+0000] {logging_mixin.py:190} INFO - [2026-05-02T14:02:44.845+0000] {dag.py:3239} INFO - Sync 1 DAGs
[2026-05-02T14:02:44.878+0000] {logging_mixin.py:190} INFO - [2026-05-02T14:02:44.877+0000] {dag.py:4180} INFO - Setting next_dagrun for orders_kafka_to_s3 to 2026-05-02 00:00:00+00:00, run_after=2026-05-03 00:00:00+00:00
[2026-05-02T14:02:44.904+0000] {processor.py:208} INFO - Processing /opt/airflow/dags/main.py took 0.242 seconds
[2026-05-02T14:03:15.170+0000] {processor.py:186} INFO - Started process (PID=4407) to work on /opt/airflow/dags/main.py
[2026-05-02T14:03:15.171+0000] {processor.py:914} INFO - Processing file /opt/airflow/dags/main.py for tasks to queue
[2026-05-02T14:03:15.174+0000] {logging_mixin.py:190} INFO - [2026-05-02T14:03:15.174+0000] {dagbag.py:588} INFO - Filling up the DagBag from /opt/airflow/dags/main.py
[2026-05-02T14:03:15.298+0000] {processor.py:925} INFO - DAG(s) 'orders_kafka_to_s3' retrieved from /opt/airflow/dags/main.py
[2026-05-02T14:03:15.326+0000] {logging_mixin.py:190} INFO - [2026-05-02T14:03:15.326+0000] {dag.py:3239} INFO - Sync 1 DAGs
[2026-05-02T14:03:15.354+0000] {logging_mixin.py:190} INFO - [2026-05-02T14:03:15.353+0000] {dag.py:4180} INFO - Setting next_dagrun for orders_kafka_to_s3 to 2026-05-02 00:00:00+00:00, run_after=2026-05-03 00:00:00+00:00
[2026-05-02T14:03:15.376+0000] {processor.py:208} INFO - Processing /opt/airflow/dags/main.py took 0.217 seconds
[2026-05-02T14:03:45.732+0000] {processor.py:186} INFO - Started process (PID=4414) to work on /opt/airflow/dags/main.py
[2026-05-02T14:03:45.734+0000] {processor.py:914} INFO - Processing file /opt/airflow/dags/main.py for tasks to queue
[2026-05-02T14:03:45.737+0000] {logging_mixin.py:190} INFO - [2026-05-02T14:03:45.737+0000] {dagbag.py:588} INFO - Filling up the DagBag from /opt/airflow/dags/main.py
[2026-05-02T14:03:45.865+0000] {processor.py:925} INFO - DAG(s) 'orders_kafka_to_s3' retrieved from /opt/airflow/dags/main.py
[2026-05-02T14:03:45.894+0000] {logging_mixin.py:190} INFO - [2026-05-02T14:03:45.894+0000] {dag.py:3239} INFO - Sync 1 DAGs
[2026-05-02T14:03:45.923+0000] {logging_mixin.py:190} INFO - [2026-05-02T14:03:45.923+0000] {dag.py:4180} INFO - Setting next_dagrun for orders_kafka_to_s3 to 2026-05-02 00:00:00+00:00, run_after=2026-05-03 00:00:00+00:00
[2026-05-02T14:03:45.946+0000] {processor.py:208} INFO - Processing /opt/airflow/dags/main.py took 0.223 seconds
[2026-05-02T14:04:16.118+0000] {processor.py:186} INFO - Started process (PID=4420) to work on /opt/airflow/dags/main.py
[2026-05-02T14:04:16.119+0000] {processor.py:914} INFO - Processing file /opt/airflow/dags/main.py for tasks to queue
[2026-05-02T14:04:16.123+0000] {logging_mixin.py:190} INFO - [2026-05-02T14:04:16.122+0000] {dagbag.py:588} INFO - Filling up the DagBag from /opt/airflow/dags/main.py
[2026-05-02T14:04:16.261+0000] {processor.py:925} INFO - DAG(s) 'orders_kafka_to_s3' retrieved from /opt/airflow/dags/main.py
[2026-05-02T14:04:16.294+0000] {logging_mixin.py:190} INFO - [2026-05-02T14:04:16.294+0000] {dag.py:3239} INFO - Sync 1 DAGs
[2026-05-02T14:04:16.328+0000] {logging_mixin.py:190} INFO - [2026-05-02T14:04:16.327+0000] {dag.py:4180} INFO - Setting next_dagrun for orders_kafka_to_s3 to 2026-05-02 00:00:00+00:00, run_after=2026-05-03 00:00:00+00:00
[2026-05-02T14:04:16.351+0000] {processor.py:208} INFO - Processing /opt/airflow/dags/main.py took 0.241 seconds
[2026-05-02T14:04:46.664+0000] {processor.py:186} INFO - Started process (PID=4427) to work on /opt/airflow/dags/main.py
[2026-05-02T14:04:46.665+0000] {processor.py:914} INFO - Processing file /opt/airflow/dags/main.py for tasks to queue
[2026-05-02T14:04:46.669+0000] {logging_mixin.py:190} INFO - [2026-05-02T14:04:46.668+0000] {dagbag.py:588} INFO - Filling up the DagBag from /opt/airflow/dags/main.py
[2026-05-02T14:04:46.812+0000] {processor.py:925} INFO - DAG(s) 'orders_kafka_to_s3' retrieved from /opt/airflow/dags/main.py
[2026-05-02T14:04:46.849+0000] {logging_mixin.py:190} INFO - [2026-05-02T14:04:46.849+0000] {dag.py:3239} INFO - Sync 1 DAGs
[2026-05-02T14:04:46.880+0000] {logging_mixin.py:190} INFO - [2026-05-02T14:04:46.879+0000] {dag.py:4180} INFO - Setting next_dagrun for orders_kafka_to_s3 to 2026-05-02 00:00:00+00:00, run_after=2026-05-03 00:00:00+00:00
[2026-05-02T14:04:46.904+0000] {processor.py:208} INFO - Processing /opt/airflow/dags/main.py took 0.247 seconds
[2026-05-02T14:05:17.170+0000] {processor.py:186} INFO - Started process (PID=4434) to work on /opt/airflow/dags/main.py
[2026-05-02T14:05:17.172+0000] {processor.py:914} INFO - Processing file /opt/airflow/dags/main.py for tasks to queue
[2026-05-02T14:05:17.182+0000] {logging_mixin.py:190} INFO - [2026-05-02T14:05:17.182+0000] {dagbag.py:588} INFO - Filling up the DagBag from /opt/airflow/dags/main.py
[2026-05-02T14:05:17.353+0000] {processor.py:925} INFO - DAG(s) 'orders_kafka_to_s3' retrieved from /opt/airflow/dags/main.py
[2026-05-02T14:05:17.402+0000] {logging_mixin.py:190} INFO - [2026-05-02T14:05:17.402+0000] {dag.py:3239} INFO - Sync 1 DAGs
[2026-05-02T14:05:17.456+0000] {logging_mixin.py:190} INFO - [2026-05-02T14:05:17.455+0000] {dag.py:4180} INFO - Setting next_dagrun for orders_kafka_to_s3 to 2026-05-02 00:00:00+00:00, run_after=2026-05-03 00:00:00+00:00
[2026-05-02T14:05:17.489+0000] {processor.py:208} INFO - Processing /opt/airflow/dags/main.py took 0.337 seconds
[2026-05-02T14:05:47.672+0000] {processor.py:186} INFO - Started process (PID=4447) to work on /opt/airflow/dags/main.py
[2026-05-02T14:05:47.673+0000] {processor.py:914} INFO - Processing file /opt/airflow/dags/main.py for tasks to queue
[2026-05-02T14:05:47.678+0000] {logging_mixin.py:190} INFO - [2026-05-02T14:05:47.678+0000] {dagbag.py:588} INFO - Filling up the DagBag from /opt/airflow/dags/main.py
[2026-05-02T14:05:47.822+0000] {processor.py:925} INFO - DAG(s) 'orders_kafka_to_s3' retrieved from /opt/airflow/dags/main.py
[2026-05-02T14:05:47.852+0000] {logging_mixin.py:190} INFO - [2026-05-02T14:05:47.852+0000] {dag.py:3239} INFO - Sync 1 DAGs
[2026-05-02T14:05:47.877+0000] {logging_mixin.py:190} INFO - [2026-05-02T14:05:47.877+0000] {dag.py:4180} INFO - Setting next_dagrun for orders_kafka_to_s3 to 2026-05-02 00:00:00+00:00, run_after=2026-05-03 00:00:00+00:00
[2026-05-02T14:05:47.898+0000] {processor.py:208} INFO - Processing /opt/airflow/dags/main.py took 0.235 seconds
[2026-05-02T14:06:18.279+0000] {processor.py:186} INFO - Started process (PID=4454) to work on /opt/airflow/dags/main.py
[2026-05-02T14:06:18.281+0000] {processor.py:914} INFO - Processing file /opt/airflow/dags/main.py for tasks to queue
[2026-05-02T14:06:18.285+0000] {logging_mixin.py:190} INFO - [2026-05-02T14:06:18.284+0000] {dagbag.py:588} INFO - Filling up the DagBag from /opt/airflow/dags/main.py
[2026-05-02T14:06:18.426+0000] {processor.py:925} INFO - DAG(s) 'orders_kafka_to_s3' retrieved from /opt/airflow/dags/main.py
[2026-05-02T14:06:18.455+0000] {logging_mixin.py:190} INFO - [2026-05-02T14:06:18.455+0000] {dag.py:3239} INFO - Sync 1 DAGs
[2026-05-02T14:06:18.481+0000] {logging_mixin.py:190} INFO - [2026-05-02T14:06:18.481+0000] {dag.py:4180} INFO - Setting next_dagrun for orders_kafka_to_s3 to 2026-05-02 00:00:00+00:00, run_after=2026-05-03 00:00:00+00:00
[2026-05-02T14:06:18.507+0000] {processor.py:208} INFO - Processing /opt/airflow/dags/main.py took 0.235 seconds
[2026-05-02T14:06:48.680+0000] {processor.py:186} INFO - Started process (PID=4461) to work on /opt/airflow/dags/main.py
[2026-05-02T14:06:48.681+0000] {processor.py:914} INFO - Processing file /opt/airflow/dags/main.py for tasks to queue
[2026-05-02T14:06:48.684+0000] {logging_mixin.py:190} INFO - [2026-05-02T14:06:48.684+0000] {dagbag.py:588} INFO - Filling up the DagBag from /opt/airflow/dags/main.py
[2026-05-02T14:06:48.808+0000] {processor.py:925} INFO - DAG(s) 'orders_kafka_to_s3' retrieved from /opt/airflow/dags/main.py
[2026-05-02T14:06:48.836+0000] {logging_mixin.py:190} INFO - [2026-05-02T14:06:48.836+0000] {dag.py:3239} INFO - Sync 1 DAGs
[2026-05-02T14:06:48.865+0000] {logging_mixin.py:190} INFO - [2026-05-02T14:06:48.865+0000] {dag.py:4180} INFO - Setting next_dagrun for orders_kafka_to_s3 to 2026-05-02 00:00:00+00:00, run_after=2026-05-03 00:00:00+00:00
[2026-05-02T14:06:48.889+0000] {processor.py:208} INFO - Processing /opt/airflow/dags/main.py took 0.218 seconds
[2026-05-02T14:07:19.156+0000] {processor.py:186} INFO - Started process (PID=4468) to work on /opt/airflow/dags/main.py
[2026-05-02T14:07:19.158+0000] {processor.py:914} INFO - Processing file /opt/airflow/dags/main.py for tasks to queue
[2026-05-02T14:07:19.161+0000] {logging_mixin.py:190} INFO - [2026-05-02T14:07:19.160+0000] {dagbag.py:588} INFO - Filling up the DagBag from /opt/airflow/dags/main.py
[2026-05-02T14:07:19.343+0000] {processor.py:925} INFO - DAG(s) 'orders_kafka_to_s3' retrieved from /opt/airflow/dags/main.py
[2026-05-02T14:07:19.379+0000] {logging_mixin.py:190} INFO - [2026-05-02T14:07:19.378+0000] {dag.py:3239} INFO - Sync 1 DAGs
[2026-05-02T14:07:19.415+0000] {logging_mixin.py:190} INFO - [2026-05-02T14:07:19.415+0000] {dag.py:4180} INFO - Setting next_dagrun for orders_kafka_to_s3 to 2026-05-02 00:00:00+00:00, run_after=2026-05-03 00:00:00+00:00
[2026-05-02T14:07:19.442+0000] {processor.py:208} INFO - Processing /opt/airflow/dags/main.py took 0.294 seconds
[2026-05-02T14:07:49.714+0000] {processor.py:186} INFO - Started process (PID=4475) to work on /opt/airflow/dags/main.py
[2026-05-02T14:07:49.716+0000] {processor.py:914} INFO - Processing file /opt/airflow/dags/main.py for tasks to queue
[2026-05-02T14:07:49.720+0000] {logging_mixin.py:190} INFO - [2026-05-02T14:07:49.719+0000] {dagbag.py:588} INFO - Filling up the DagBag from /opt/airflow/dags/main.py
[2026-05-02T14:07:49.865+0000] {processor.py:925} INFO - DAG(s) 'orders_kafka_to_s3' retrieved from /opt/airflow/dags/main.py
[2026-05-02T14:07:49.895+0000] {logging_mixin.py:190} INFO - [2026-05-02T14:07:49.895+0000] {dag.py:3239} INFO - Sync 1 DAGs
[2026-05-02T14:07:49.921+0000] {logging_mixin.py:190} INFO - [2026-05-02T14:07:49.921+0000] {dag.py:4180} INFO - Setting next_dagrun for orders_kafka_to_s3 to 2026-05-02 00:00:00+00:00, run_after=2026-05-03 00:00:00+00:00
[2026-05-02T14:07:49.944+0000] {processor.py:208} INFO - Processing /opt/airflow/dags/main.py took 0.246 seconds
[2026-05-02T14:08:20.259+0000] {processor.py:186} INFO - Started process (PID=4482) to work on /opt/airflow/dags/main.py
[2026-05-02T14:08:20.260+0000] {processor.py:914} INFO - Processing file /opt/airflow/dags/main.py for tasks to queue
[2026-05-02T14:08:20.264+0000] {logging_mixin.py:190} INFO - [2026-05-02T14:08:20.263+0000] {dagbag.py:588} INFO - Filling up the DagBag from /opt/airflow/dags/main.py
[2026-05-02T14:08:20.395+0000] {processor.py:925} INFO - DAG(s) 'orders_kafka_to_s3' retrieved from /opt/airflow/dags/main.py
[2026-05-02T14:08:20.426+0000] {logging_mixin.py:190} INFO - [2026-05-02T14:08:20.426+0000] {dag.py:3239} INFO - Sync 1 DAGs
[2026-05-02T14:08:20.456+0000] {logging_mixin.py:190} INFO - [2026-05-02T14:08:20.455+0000] {dag.py:4180} INFO - Setting next_dagrun for orders_kafka_to_s3 to 2026-05-02 00:00:00+00:00, run_after=2026-05-03 00:00:00+00:00
[2026-05-02T14:08:20.480+0000] {processor.py:208} INFO - Processing /opt/airflow/dags/main.py took 0.228 seconds
[2026-05-02T14:08:50.732+0000] {processor.py:186} INFO - Started process (PID=4489) to work on /opt/airflow/dags/main.py
[2026-05-02T14:08:50.734+0000] {processor.py:914} INFO - Processing file /opt/airflow/dags/main.py for tasks to queue
[2026-05-02T14:08:50.737+0000] {logging_mixin.py:190} INFO - [2026-05-02T14:08:50.736+0000] {dagbag.py:588} INFO - Filling up the DagBag from /opt/airflow/dags/main.py
[2026-05-02T14:08:50.859+0000] {processor.py:925} INFO - DAG(s) 'orders_kafka_to_s3' retrieved from /opt/airflow/dags/main.py
[2026-05-02T14:08:50.888+0000] {logging_mixin.py:190} INFO - [2026-05-02T14:08:50.888+0000] {dag.py:3239} INFO - Sync 1 DAGs
[2026-05-02T14:08:50.917+0000] {logging_mixin.py:190} INFO - [2026-05-02T14:08:50.917+0000] {dag.py:4180} INFO - Setting next_dagrun for orders_kafka_to_s3 to 2026-05-02 00:00:00+00:00, run_after=2026-05-03 00:00:00+00:00
[2026-05-02T14:08:50.938+0000] {processor.py:208} INFO - Processing /opt/airflow/dags/main.py took 0.213 seconds
[2026-05-02T14:09:21.284+0000] {processor.py:186} INFO - Started process (PID=4496) to work on /opt/airflow/dags/main.py
[2026-05-02T14:09:21.285+0000] {processor.py:914} INFO - Processing file /opt/airflow/dags/main.py for tasks to queue
[2026-05-02T14:09:21.289+0000] {logging_mixin.py:190} INFO - [2026-05-02T14:09:21.289+0000] {dagbag.py:588} INFO - Filling up the DagBag from /opt/airflow/dags/main.py
[2026-05-02T14:09:21.462+0000] {processor.py:925} INFO - DAG(s) 'orders_kafka_to_s3' retrieved from /opt/airflow/dags/main.py
[2026-05-02T14:09:21.507+0000] {logging_mixin.py:190} INFO - [2026-05-02T14:09:21.507+0000] {dag.py:3239} INFO - Sync 1 DAGs
[2026-05-02T14:09:21.550+0000] {logging_mixin.py:190} INFO - [2026-05-02T14:09:21.550+0000] {dag.py:4180} INFO - Setting next_dagrun for orders_kafka_to_s3 to 2026-05-02 00:00:00+00:00, run_after=2026-05-03 00:00:00+00:00
[2026-05-02T14:09:21.578+0000] {processor.py:208} INFO - Processing /opt/airflow/dags/main.py took 0.303 seconds
[2026-05-02T14:09:52.071+0000] {processor.py:186} INFO - Started process (PID=4503) to work on /opt/airflow/dags/main.py
[2026-05-02T14:09:52.072+0000] {processor.py:914} INFO - Processing file /opt/airflow/dags/main.py for tasks to queue
[2026-05-02T14:09:52.076+0000] {logging_mixin.py:190} INFO - [2026-05-02T14:09:52.075+0000] {dagbag.py:588} INFO - Filling up the DagBag from /opt/airflow/dags/main.py
[2026-05-02T14:09:52.235+0000] {processor.py:925} INFO - DAG(s) 'orders_kafka_to_s3' retrieved from /opt/airflow/dags/main.py
[2026-05-02T14:09:52.266+0000] {logging_mixin.py:190} INFO - [2026-05-02T14:09:52.266+0000] {dag.py:3239} INFO - Sync 1 DAGs
[2026-05-02T14:09:52.294+0000] {logging_mixin.py:190} INFO - [2026-05-02T14:09:52.294+0000] {dag.py:4180} INFO - Setting next_dagrun for orders_kafka_to_s3 to 2026-05-02 00:00:00+00:00, run_after=2026-05-03 00:00:00+00:00
[2026-05-02T14:09:52.314+0000] {processor.py:208} INFO - Processing /opt/airflow/dags/main.py took 0.253 seconds
[2026-05-02T14:10:22.600+0000] {processor.py:186} INFO - Started process (PID=4509) to work on /opt/airflow/dags/main.py
[2026-05-02T14:10:22.601+0000] {processor.py:914} INFO - Processing file /opt/airflow/dags/main.py for tasks to queue
[2026-05-02T14:10:22.604+0000] {logging_mixin.py:190} INFO - [2026-05-02T14:10:22.604+0000] {dagbag.py:588} INFO - Filling up the DagBag from /opt/airflow/dags/main.py
[2026-05-02T14:10:22.731+0000] {processor.py:925} INFO - DAG(s) 'orders_kafka_to_s3' retrieved from /opt/airflow/dags/main.py
[2026-05-02T14:10:22.759+0000] {logging_mixin.py:190} INFO - [2026-05-02T14:10:22.759+0000] {dag.py:3239} INFO - Sync 1 DAGs
[2026-05-02T14:10:22.793+0000] {logging_mixin.py:190} INFO - [2026-05-02T14:10:22.793+0000] {dag.py:4180} INFO - Setting next_dagrun for orders_kafka_to_s3 to 2026-05-02 00:00:00+00:00, run_after=2026-05-03 00:00:00+00:00
[2026-05-02T14:10:22.813+0000] {processor.py:208} INFO - Processing /opt/airflow/dags/main.py took 0.221 seconds
[2026-05-02T14:10:53.015+0000] {processor.py:186} INFO - Started process (PID=4516) to work on /opt/airflow/dags/main.py
[2026-05-02T14:10:53.017+0000] {processor.py:914} INFO - Processing file /opt/airflow/dags/main.py for tasks to queue
[2026-05-02T14:10:53.022+0000] {logging_mixin.py:190} INFO - [2026-05-02T14:10:53.021+0000] {dagbag.py:588} INFO - Filling up the DagBag from /opt/airflow/dags/main.py
[2026-05-02T14:10:53.176+0000] {processor.py:925} INFO - DAG(s) 'orders_kafka_to_s3' retrieved from /opt/airflow/dags/main.py
[2026-05-02T14:10:53.211+0000] {logging_mixin.py:190} INFO - [2026-05-02T14:10:53.211+0000] {dag.py:3239} INFO - Sync 1 DAGs
[2026-05-02T14:10:53.245+0000] {logging_mixin.py:190} INFO - [2026-05-02T14:10:53.244+0000] {dag.py:4180} INFO - Setting next_dagrun for orders_kafka_to_s3 to 2026-05-02 00:00:00+00:00, run_after=2026-05-03 00:00:00+00:00
[2026-05-02T14:10:53.267+0000] {processor.py:208} INFO - Processing /opt/airflow/dags/main.py took 0.267 seconds
[2026-05-02T14:11:23.560+0000] {processor.py:186} INFO - Started process (PID=4523) to work on /opt/airflow/dags/main.py
[2026-05-02T14:11:23.562+0000] {processor.py:914} INFO - Processing file /opt/airflow/dags/main.py for tasks to queue
[2026-05-02T14:11:23.566+0000] {logging_mixin.py:190} INFO - [2026-05-02T14:11:23.565+0000] {dagbag.py:588} INFO - Filling up the DagBag from /opt/airflow/dags/main.py
[2026-05-02T14:11:23.751+0000] {processor.py:925} INFO - DAG(s) 'orders_kafka_to_s3' retrieved from /opt/airflow/dags/main.py
[2026-05-02T14:11:23.790+0000] {logging_mixin.py:190} INFO - [2026-05-02T14:11:23.790+0000] {dag.py:3239} INFO - Sync 1 DAGs
[2026-05-02T14:11:23.833+0000] {logging_mixin.py:190} INFO - [2026-05-02T14:11:23.833+0000] {dag.py:4180} INFO - Setting next_dagrun for orders_kafka_to_s3 to 2026-05-02 00:00:00+00:00, run_after=2026-05-03 00:00:00+00:00
[2026-05-02T14:11:23.865+0000] {processor.py:208} INFO - Processing /opt/airflow/dags/main.py took 0.322 seconds
[2026-05-02T14:11:53.979+0000] {processor.py:186} INFO - Started process (PID=4530) to work on /opt/airflow/dags/main.py
[2026-05-02T14:11:53.980+0000] {processor.py:914} INFO - Processing file /opt/airflow/dags/main.py for tasks to queue
[2026-05-02T14:11:53.983+0000] {logging_mixin.py:190} INFO - [2026-05-02T14:11:53.983+0000] {dagbag.py:588} INFO - Filling up the DagBag from /opt/airflow/dags/main.py
[2026-05-02T14:11:54.115+0000] {processor.py:925} INFO - DAG(s) 'orders_kafka_to_s3' retrieved from /opt/airflow/dags/main.py
[2026-05-02T14:11:54.146+0000] {logging_mixin.py:190} INFO - [2026-05-02T14:11:54.146+0000] {dag.py:3239} INFO - Sync 1 DAGs
[2026-05-02T14:11:54.174+0000] {logging_mixin.py:190} INFO - [2026-05-02T14:11:54.174+0000] {dag.py:4180} INFO - Setting next_dagrun for orders_kafka_to_s3 to 2026-05-02 00:00:00+00:00, run_after=2026-05-03 00:00:00+00:00
[2026-05-02T14:11:54.197+0000] {processor.py:208} INFO - Processing /opt/airflow/dags/main.py took 0.226 seconds
[2026-05-02T14:12:24.601+0000] {processor.py:186} INFO - Started process (PID=4537) to work on /opt/airflow/dags/main.py
[2026-05-02T14:12:24.606+0000] {processor.py:914} INFO - Processing file /opt/airflow/dags/main.py for tasks to queue
[2026-05-02T14:12:24.617+0000] {logging_mixin.py:190} INFO - [2026-05-02T14:12:24.616+0000] {dagbag.py:588} INFO - Filling up the DagBag from /opt/airflow/dags/main.py
[2026-05-02T14:12:24.823+0000] {processor.py:925} INFO - DAG(s) 'orders_kafka_to_s3' retrieved from /opt/airflow/dags/main.py
[2026-05-02T14:12:24.871+0000] {logging_mixin.py:190} INFO - [2026-05-02T14:12:24.870+0000] {dag.py:3239} INFO - Sync 1 DAGs
[2026-05-02T14:12:24.920+0000] {logging_mixin.py:190} INFO - [2026-05-02T14:12:24.920+0000] {dag.py:4180} INFO - Setting next_dagrun for orders_kafka_to_s3 to 2026-05-02 00:00:00+00:00, run_after=2026-05-03 00:00:00+00:00
[2026-05-02T14:12:24.948+0000] {processor.py:208} INFO - Processing /opt/airflow/dags/main.py took 0.372 seconds
[2026-05-02T14:12:55.462+0000] {processor.py:186} INFO - Started process (PID=4544) to work on /opt/airflow/dags/main.py
[2026-05-02T14:12:55.465+0000] {processor.py:914} INFO - Processing file /opt/airflow/dags/main.py for tasks to queue
[2026-05-02T14:12:55.471+0000] {logging_mixin.py:190} INFO - [2026-05-02T14:12:55.470+0000] {dagbag.py:588} INFO - Filling up the DagBag from /opt/airflow/dags/main.py
[2026-05-02T14:12:55.623+0000] {processor.py:925} INFO - DAG(s) 'orders_kafka_to_s3' retrieved from /opt/airflow/dags/main.py
[2026-05-02T14:12:55.671+0000] {logging_mixin.py:190} INFO - [2026-05-02T14:12:55.670+0000] {dag.py:3239} INFO - Sync 1 DAGs
[2026-05-02T14:12:55.729+0000] {logging_mixin.py:190} INFO - [2026-05-02T14:12:55.729+0000] {dag.py:4180} INFO - Setting next_dagrun for orders_kafka_to_s3 to 2026-05-02 00:00:00+00:00, run_after=2026-05-03 00:00:00+00:00
[2026-05-02T14:12:55.777+0000] {processor.py:208} INFO - Processing /opt/airflow/dags/main.py took 0.331 seconds
[2026-05-02T14:13:26.206+0000] {processor.py:186} INFO - Started process (PID=4551) to work on /opt/airflow/dags/main.py
[2026-05-02T14:13:26.208+0000] {processor.py:914} INFO - Processing file /opt/airflow/dags/main.py for tasks to queue
[2026-05-02T14:13:26.212+0000] {logging_mixin.py:190} INFO - [2026-05-02T14:13:26.212+0000] {dagbag.py:588} INFO - Filling up the DagBag from /opt/airflow/dags/main.py
[2026-05-02T14:13:26.361+0000] {processor.py:925} INFO - DAG(s) 'orders_kafka_to_s3' retrieved from /opt/airflow/dags/main.py
[2026-05-02T14:13:26.399+0000] {logging_mixin.py:190} INFO - [2026-05-02T14:13:26.399+0000] {dag.py:3239} INFO - Sync 1 DAGs
[2026-05-02T14:13:26.430+0000] {logging_mixin.py:190} INFO - [2026-05-02T14:13:26.429+0000] {dag.py:4180} INFO - Setting next_dagrun for orders_kafka_to_s3 to 2026-05-02 00:00:00+00:00, run_after=2026-05-03 00:00:00+00:00
[2026-05-02T14:13:26.455+0000] {processor.py:208} INFO - Processing /opt/airflow/dags/main.py took 0.259 seconds
[2026-05-02T14:13:56.989+0000] {processor.py:186} INFO - Started process (PID=4558) to work on /opt/airflow/dags/main.py
[2026-05-02T14:13:56.990+0000] {processor.py:914} INFO - Processing file /opt/airflow/dags/main.py for tasks to queue
[2026-05-02T14:13:56.994+0000] {logging_mixin.py:190} INFO - [2026-05-02T14:13:56.994+0000] {dagbag.py:588} INFO - Filling up the DagBag from /opt/airflow/dags/main.py
[2026-05-02T14:13:57.139+0000] {processor.py:925} INFO - DAG(s) 'orders_kafka_to_s3' retrieved from /opt/airflow/dags/main.py
[2026-05-02T14:13:57.172+0000] {logging_mixin.py:190} INFO - [2026-05-02T14:13:57.172+0000] {dag.py:3239} INFO - Sync 1 DAGs
[2026-05-02T14:13:57.203+0000] {logging_mixin.py:190} INFO - [2026-05-02T14:13:57.202+0000] {dag.py:4180} INFO - Setting next_dagrun for orders_kafka_to_s3 to 2026-05-02 00:00:00+00:00, run_after=2026-05-03 00:00:00+00:00
[2026-05-02T14:13:57.228+0000] {processor.py:208} INFO - Processing /opt/airflow/dags/main.py took 0.248 seconds
[2026-05-02T14:14:27.586+0000] {processor.py:186} INFO - Started process (PID=4565) to work on /opt/airflow/dags/main.py
[2026-05-02T14:14:27.587+0000] {processor.py:914} INFO - Processing file /opt/airflow/dags/main.py for tasks to queue
[2026-05-02T14:14:27.592+0000] {logging_mixin.py:190} INFO - [2026-05-02T14:14:27.592+0000] {dagbag.py:588} INFO - Filling up the DagBag from /opt/airflow/dags/main.py
[2026-05-02T14:14:27.746+0000] {processor.py:925} INFO - DAG(s) 'orders_kafka_to_s3' retrieved from /opt/airflow/dags/main.py
[2026-05-02T14:14:27.805+0000] {logging_mixin.py:190} INFO - [2026-05-02T14:14:27.805+0000] {dag.py:3239} INFO - Sync 1 DAGs
[2026-05-02T14:14:27.846+0000] {logging_mixin.py:190} INFO - [2026-05-02T14:14:27.845+0000] {dag.py:4180} INFO - Setting next_dagrun for orders_kafka_to_s3 to 2026-05-02 00:00:00+00:00, run_after=2026-05-03 00:00:00+00:00
[2026-05-02T14:14:27.876+0000] {processor.py:208} INFO - Processing /opt/airflow/dags/main.py took 0.300 seconds
[2026-05-02T14:14:58.401+0000] {processor.py:186} INFO - Started process (PID=4572) to work on /opt/airflow/dags/main.py
[2026-05-02T14:14:58.403+0000] {processor.py:914} INFO - Processing file /opt/airflow/dags/main.py for tasks to queue
[2026-05-02T14:14:58.408+0000] {logging_mixin.py:190} INFO - [2026-05-02T14:14:58.408+0000] {dagbag.py:588} INFO - Filling up the DagBag from /opt/airflow/dags/main.py
[2026-05-02T14:14:58.586+0000] {processor.py:925} INFO - DAG(s) 'orders_kafka_to_s3' retrieved from /opt/airflow/dags/main.py
[2026-05-02T14:14:58.621+0000] {logging_mixin.py:190} INFO - [2026-05-02T14:14:58.621+0000] {dag.py:3239} INFO - Sync 1 DAGs
[2026-05-02T14:14:58.673+0000] {logging_mixin.py:190} INFO - [2026-05-02T14:14:58.673+0000] {dag.py:4180} INFO - Setting next_dagrun for orders_kafka_to_s3 to 2026-05-02 00:00:00+00:00, run_after=2026-05-03 00:00:00+00:00
[2026-05-02T14:14:58.711+0000] {processor.py:208} INFO - Processing /opt/airflow/dags/main.py took 0.328 seconds
[2026-05-02T14:15:29.168+0000] {processor.py:186} INFO - Started process (PID=4578) to work on /opt/airflow/dags/main.py
[2026-05-02T14:15:29.170+0000] {processor.py:914} INFO - Processing file /opt/airflow/dags/main.py for tasks to queue
[2026-05-02T14:15:29.174+0000] {logging_mixin.py:190} INFO - [2026-05-02T14:15:29.173+0000] {dagbag.py:588} INFO - Filling up the DagBag from /opt/airflow/dags/main.py
[2026-05-02T14:15:29.342+0000] {processor.py:925} INFO - DAG(s) 'orders_kafka_to_s3' retrieved from /opt/airflow/dags/main.py
[2026-05-02T14:15:29.398+0000] {logging_mixin.py:190} INFO - [2026-05-02T14:15:29.398+0000] {dag.py:3239} INFO - Sync 1 DAGs
[2026-05-02T14:15:29.432+0000] {logging_mixin.py:190} INFO - [2026-05-02T14:15:29.432+0000] {dag.py:4180} INFO - Setting next_dagrun for orders_kafka_to_s3 to 2026-05-02 00:00:00+00:00, run_after=2026-05-03 00:00:00+00:00
[2026-05-02T14:15:29.468+0000] {processor.py:208} INFO - Processing /opt/airflow/dags/main.py took 0.313 seconds
[2026-05-02T14:15:59.938+0000] {processor.py:186} INFO - Started process (PID=4585) to work on /opt/airflow/dags/main.py
[2026-05-02T14:15:59.941+0000] {processor.py:914} INFO - Processing file /opt/airflow/dags/main.py for tasks to queue
[2026-05-02T14:15:59.947+0000] {logging_mixin.py:190} INFO - [2026-05-02T14:15:59.946+0000] {dagbag.py:588} INFO - Filling up the DagBag from /opt/airflow/dags/main.py
[2026-05-02T14:16:00.107+0000] {processor.py:925} INFO - DAG(s) 'orders_kafka_to_s3' retrieved from /opt/airflow/dags/main.py
[2026-05-02T14:16:00.143+0000] {logging_mixin.py:190} INFO - [2026-05-02T14:16:00.143+0000] {dag.py:3239} INFO - Sync 1 DAGs
[2026-05-02T14:16:00.179+0000] {logging_mixin.py:190} INFO - [2026-05-02T14:16:00.179+0000] {dag.py:4180} INFO - Setting next_dagrun for orders_kafka_to_s3 to 2026-05-02 00:00:00+00:00, run_after=2026-05-03 00:00:00+00:00
[2026-05-02T14:16:00.207+0000] {processor.py:208} INFO - Processing /opt/airflow/dags/main.py took 0.281 seconds
[2026-05-02T14:16:30.693+0000] {processor.py:186} INFO - Started process (PID=4591) to work on /opt/airflow/dags/main.py
[2026-05-02T14:16:30.694+0000] {processor.py:914} INFO - Processing file /opt/airflow/dags/main.py for tasks to queue
[2026-05-02T14:16:30.699+0000] {logging_mixin.py:190} INFO - [2026-05-02T14:16:30.699+0000] {dagbag.py:588} INFO - Filling up the DagBag from /opt/airflow/dags/main.py
[2026-05-02T14:16:30.904+0000] {processor.py:925} INFO - DAG(s) 'orders_kafka_to_s3' retrieved from /opt/airflow/dags/main.py
[2026-05-02T14:16:30.937+0000] {logging_mixin.py:190} INFO - [2026-05-02T14:16:30.937+0000] {dag.py:3239} INFO - Sync 1 DAGs
[2026-05-02T14:16:30.969+0000] {logging_mixin.py:190} INFO - [2026-05-02T14:16:30.969+0000] {dag.py:4180} INFO - Setting next_dagrun for orders_kafka_to_s3 to 2026-05-02 00:00:00+00:00, run_after=2026-05-03 00:00:00+00:00
[2026-05-02T14:16:30.993+0000] {processor.py:208} INFO - Processing /opt/airflow/dags/main.py took 0.309 seconds
[2026-05-02T14:17:01.379+0000] {processor.py:186} INFO - Started process (PID=4598) to work on /opt/airflow/dags/main.py
[2026-05-02T14:17:01.381+0000] {processor.py:914} INFO - Processing file /opt/airflow/dags/main.py for tasks to queue
[2026-05-02T14:17:01.387+0000] {logging_mixin.py:190} INFO - [2026-05-02T14:17:01.386+0000] {dagbag.py:588} INFO - Filling up the DagBag from /opt/airflow/dags/main.py
[2026-05-02T14:17:01.580+0000] {processor.py:925} INFO - DAG(s) 'orders_kafka_to_s3' retrieved from /opt/airflow/dags/main.py
[2026-05-02T14:17:01.620+0000] {logging_mixin.py:190} INFO - [2026-05-02T14:17:01.619+0000] {dag.py:3239} INFO - Sync 1 DAGs
[2026-05-02T14:17:01.657+0000] {logging_mixin.py:190} INFO - [2026-05-02T14:17:01.656+0000] {dag.py:4180} INFO - Setting next_dagrun for orders_kafka_to_s3 to 2026-05-02 00:00:00+00:00, run_after=2026-05-03 00:00:00+00:00
[2026-05-02T14:17:01.690+0000] {processor.py:208} INFO - Processing /opt/airflow/dags/main.py took 0.324 seconds
[2026-05-02T14:17:32.124+0000] {processor.py:186} INFO - Started process (PID=4605) to work on /opt/airflow/dags/main.py
[2026-05-02T14:17:32.126+0000] {processor.py:914} INFO - Processing file /opt/airflow/dags/main.py for tasks to queue
[2026-05-02T14:17:32.130+0000] {logging_mixin.py:190} INFO - [2026-05-02T14:17:32.129+0000] {dagbag.py:588} INFO - Filling up the DagBag from /opt/airflow/dags/main.py
[2026-05-02T14:17:32.318+0000] {processor.py:925} INFO - DAG(s) 'orders_kafka_to_s3' retrieved from /opt/airflow/dags/main.py
[2026-05-02T14:17:32.361+0000] {logging_mixin.py:190} INFO - [2026-05-02T14:17:32.360+0000] {dag.py:3239} INFO - Sync 1 DAGs
[2026-05-02T14:17:32.415+0000] {logging_mixin.py:190} INFO - [2026-05-02T14:17:32.415+0000] {dag.py:4180} INFO - Setting next_dagrun for orders_kafka_to_s3 to 2026-05-02 00:00:00+00:00, run_after=2026-05-03 00:00:00+00:00
[2026-05-02T14:17:32.460+0000] {processor.py:208} INFO - Processing /opt/airflow/dags/main.py took 0.346 seconds
[2026-05-02T14:18:02.938+0000] {processor.py:186} INFO - Started process (PID=4612) to work on /opt/airflow/dags/main.py
[2026-05-02T14:18:02.941+0000] {processor.py:914} INFO - Processing file /opt/airflow/dags/main.py for tasks to queue
[2026-05-02T14:18:02.952+0000] {logging_mixin.py:190} INFO - [2026-05-02T14:18:02.951+0000] {dagbag.py:588} INFO - Filling up the DagBag from /opt/airflow/dags/main.py
[2026-05-02T14:18:03.242+0000] {processor.py:925} INFO - DAG(s) 'orders_kafka_to_s3' retrieved from /opt/airflow/dags/main.py
[2026-05-02T14:18:03.283+0000] {logging_mixin.py:190} INFO - [2026-05-02T14:18:03.283+0000] {dag.py:3239} INFO - Sync 1 DAGs
[2026-05-02T14:18:03.323+0000] {logging_mixin.py:190} INFO - [2026-05-02T14:18:03.322+0000] {dag.py:4180} INFO - Setting next_dagrun for orders_kafka_to_s3 to 2026-05-02 00:00:00+00:00, run_after=2026-05-03 00:00:00+00:00
[2026-05-02T14:18:03.353+0000] {processor.py:208} INFO - Processing /opt/airflow/dags/main.py took 0.434 seconds
[2026-05-02T14:18:33.747+0000] {processor.py:186} INFO - Started process (PID=4619) to work on /opt/airflow/dags/main.py
[2026-05-02T14:18:33.749+0000] {processor.py:914} INFO - Processing file /opt/airflow/dags/main.py for tasks to queue
[2026-05-02T14:18:33.754+0000] {logging_mixin.py:190} INFO - [2026-05-02T14:18:33.753+0000] {dagbag.py:588} INFO - Filling up the DagBag from /opt/airflow/dags/main.py
[2026-05-02T14:18:33.919+0000] {processor.py:925} INFO - DAG(s) 'orders_kafka_to_s3' retrieved from /opt/airflow/dags/main.py
[2026-05-02T14:18:33.958+0000] {logging_mixin.py:190} INFO - [2026-05-02T14:18:33.958+0000] {dag.py:3239} INFO - Sync 1 DAGs
[2026-05-02T14:18:33.992+0000] {logging_mixin.py:190} INFO - [2026-05-02T14:18:33.991+0000] {dag.py:4180} INFO - Setting next_dagrun for orders_kafka_to_s3 to 2026-05-02 00:00:00+00:00, run_after=2026-05-03 00:00:00+00:00
[2026-05-02T14:18:34.017+0000] {processor.py:208} INFO - Processing /opt/airflow/dags/main.py took 0.279 seconds
[2026-05-02T14:19:04.607+0000] {processor.py:186} INFO - Started process (PID=4627) to work on /opt/airflow/dags/main.py
[2026-05-02T14:19:04.609+0000] {processor.py:914} INFO - Processing file /opt/airflow/dags/main.py for tasks to queue
[2026-05-02T14:19:04.615+0000] {logging_mixin.py:190} INFO - [2026-05-02T14:19:04.615+0000] {dagbag.py:588} INFO - Filling up the DagBag from /opt/airflow/dags/main.py
[2026-05-02T14:19:04.802+0000] {processor.py:925} INFO - DAG(s) 'orders_kafka_to_s3' retrieved from /opt/airflow/dags/main.py
[2026-05-02T14:19:04.851+0000] {logging_mixin.py:190} INFO - [2026-05-02T14:19:04.850+0000] {dag.py:3239} INFO - Sync 1 DAGs
[2026-05-02T14:19:04.905+0000] {logging_mixin.py:190} INFO - [2026-05-02T14:19:04.904+0000] {dag.py:4180} INFO - Setting next_dagrun for orders_kafka_to_s3 to 2026-05-02 00:00:00+00:00, run_after=2026-05-03 00:00:00+00:00
[2026-05-02T14:19:04.945+0000] {processor.py:208} INFO - Processing /opt/airflow/dags/main.py took 0.352 seconds
[2026-05-02T14:19:35.227+0000] {processor.py:186} INFO - Started process (PID=4634) to work on /opt/airflow/dags/main.py
[2026-05-02T14:19:35.229+0000] {processor.py:914} INFO - Processing file /opt/airflow/dags/main.py for tasks to queue
[2026-05-02T14:19:35.234+0000] {logging_mixin.py:190} INFO - [2026-05-02T14:19:35.233+0000] {dagbag.py:588} INFO - Filling up the DagBag from /opt/airflow/dags/main.py
[2026-05-02T14:19:35.389+0000] {processor.py:925} INFO - DAG(s) 'orders_kafka_to_s3' retrieved from /opt/airflow/dags/main.py
[2026-05-02T14:19:35.425+0000] {logging_mixin.py:190} INFO - [2026-05-02T14:19:35.424+0000] {dag.py:3239} INFO - Sync 1 DAGs
[2026-05-02T14:19:35.459+0000] {logging_mixin.py:190} INFO - [2026-05-02T14:19:35.459+0000] {dag.py:4180} INFO - Setting next_dagrun for orders_kafka_to_s3 to 2026-05-02 00:00:00+00:00, run_after=2026-05-03 00:00:00+00:00
[2026-05-02T14:19:35.492+0000] {processor.py:208} INFO - Processing /opt/airflow/dags/main.py took 0.279 seconds
[2026-05-02T14:20:06.033+0000] {processor.py:186} INFO - Started process (PID=4641) to work on /opt/airflow/dags/main.py
[2026-05-02T14:20:06.035+0000] {processor.py:914} INFO - Processing file /opt/airflow/dags/main.py for tasks to queue
[2026-05-02T14:20:06.040+0000] {logging_mixin.py:190} INFO - [2026-05-02T14:20:06.039+0000] {dagbag.py:588} INFO - Filling up the DagBag from /opt/airflow/dags/main.py
[2026-05-02T14:20:06.194+0000] {processor.py:925} INFO - DAG(s) 'orders_kafka_to_s3' retrieved from /opt/airflow/dags/main.py
[2026-05-02T14:20:06.233+0000] {logging_mixin.py:190} INFO - [2026-05-02T14:20:06.232+0000] {dag.py:3239} INFO - Sync 1 DAGs
[2026-05-02T14:20:06.272+0000] {logging_mixin.py:190} INFO - [2026-05-02T14:20:06.272+0000] {dag.py:4180} INFO - Setting next_dagrun for orders_kafka_to_s3 to 2026-05-02 00:00:00+00:00, run_after=2026-05-03 00:00:00+00:00
[2026-05-02T14:20:06.304+0000] {processor.py:208} INFO - Processing /opt/airflow/dags/main.py took 0.289 seconds
[2026-05-02T14:20:36.757+0000] {processor.py:186} INFO - Started process (PID=4648) to work on /opt/airflow/dags/main.py
[2026-05-02T14:20:36.759+0000] {processor.py:914} INFO - Processing file /opt/airflow/dags/main.py for tasks to queue
[2026-05-02T14:20:36.764+0000] {logging_mixin.py:190} INFO - [2026-05-02T14:20:36.763+0000] {dagbag.py:588} INFO - Filling up the DagBag from /opt/airflow/dags/main.py
[2026-05-02T14:20:36.918+0000] {processor.py:925} INFO - DAG(s) 'orders_kafka_to_s3' retrieved from /opt/airflow/dags/main.py
[2026-05-02T14:20:36.951+0000] {logging_mixin.py:190} INFO - [2026-05-02T14:20:36.950+0000] {dag.py:3239} INFO - Sync 1 DAGs
[2026-05-02T14:20:36.982+0000] {logging_mixin.py:190} INFO - [2026-05-02T14:20:36.982+0000] {dag.py:4180} INFO - Setting next_dagrun for orders_kafka_to_s3 to 2026-05-02 00:00:00+00:00, run_after=2026-05-03 00:00:00+00:00
[2026-05-02T14:20:37.028+0000] {processor.py:208} INFO - Processing /opt/airflow/dags/main.py took 0.281 seconds
[2026-05-02T14:21:07.447+0000] {processor.py:186} INFO - Started process (PID=4655) to work on /opt/airflow/dags/main.py
[2026-05-02T14:21:07.449+0000] {processor.py:914} INFO - Processing file /opt/airflow/dags/main.py for tasks to queue
[2026-05-02T14:21:07.453+0000] {logging_mixin.py:190} INFO - [2026-05-02T14:21:07.452+0000] {dagbag.py:588} INFO - Filling up the DagBag from /opt/airflow/dags/main.py
[2026-05-02T14:21:07.619+0000] {processor.py:925} INFO - DAG(s) 'orders_kafka_to_s3' retrieved from /opt/airflow/dags/main.py
[2026-05-02T14:21:07.659+0000] {logging_mixin.py:190} INFO - [2026-05-02T14:21:07.659+0000] {dag.py:3239} INFO - Sync 1 DAGs
[2026-05-02T14:21:07.696+0000] {logging_mixin.py:190} INFO - [2026-05-02T14:21:07.696+0000] {dag.py:4180} INFO - Setting next_dagrun for orders_kafka_to_s3 to 2026-05-02 00:00:00+00:00, run_after=2026-05-03 00:00:00+00:00
[2026-05-02T14:21:07.724+0000] {processor.py:208} INFO - Processing /opt/airflow/dags/main.py took 0.288 seconds
[2026-05-02T14:21:38.297+0000] {processor.py:186} INFO - Started process (PID=4662) to work on /opt/airflow/dags/main.py
[2026-05-02T14:21:38.299+0000] {processor.py:914} INFO - Processing file /opt/airflow/dags/main.py for tasks to queue
[2026-05-02T14:21:38.307+0000] {logging_mixin.py:190} INFO - [2026-05-02T14:21:38.306+0000] {dagbag.py:588} INFO - Filling up the DagBag from /opt/airflow/dags/main.py
[2026-05-02T14:21:38.608+0000] {processor.py:925} INFO - DAG(s) 'orders_kafka_to_s3' retrieved from /opt/airflow/dags/main.py
[2026-05-02T14:21:38.650+0000] {logging_mixin.py:190} INFO - [2026-05-02T14:21:38.649+0000] {dag.py:3239} INFO - Sync 1 DAGs
[2026-05-02T14:21:38.683+0000] {logging_mixin.py:190} INFO - [2026-05-02T14:21:38.683+0000] {dag.py:4180} INFO - Setting next_dagrun for orders_kafka_to_s3 to 2026-05-02 00:00:00+00:00, run_after=2026-05-03 00:00:00+00:00
[2026-05-02T14:21:38.712+0000] {processor.py:208} INFO - Processing /opt/airflow/dags/main.py took 0.429 seconds
[2026-05-02T14:22:09.034+0000] {processor.py:186} INFO - Started process (PID=4669) to work on /opt/airflow/dags/main.py
[2026-05-02T14:22:09.037+0000] {processor.py:914} INFO - Processing file /opt/airflow/dags/main.py for tasks to queue
[2026-05-02T14:22:09.045+0000] {logging_mixin.py:190} INFO - [2026-05-02T14:22:09.044+0000] {dagbag.py:588} INFO - Filling up the DagBag from /opt/airflow/dags/main.py
[2026-05-02T14:22:09.250+0000] {processor.py:925} INFO - DAG(s) 'orders_kafka_to_s3' retrieved from /opt/airflow/dags/main.py
[2026-05-02T14:22:09.291+0000] {logging_mixin.py:190} INFO - [2026-05-02T14:22:09.291+0000] {dag.py:3239} INFO - Sync 1 DAGs
[2026-05-02T14:22:09.328+0000] {logging_mixin.py:190} INFO - [2026-05-02T14:22:09.328+0000] {dag.py:4180} INFO - Setting next_dagrun for orders_kafka_to_s3 to 2026-05-02 00:00:00+00:00, run_after=2026-05-03 00:00:00+00:00
[2026-05-02T14:22:09.370+0000] {processor.py:208} INFO - Processing /opt/airflow/dags/main.py took 0.358 seconds
[2026-05-02T14:22:39.712+0000] {processor.py:186} INFO - Started process (PID=4676) to work on /opt/airflow/dags/main.py
[2026-05-02T14:22:39.714+0000] {processor.py:914} INFO - Processing file /opt/airflow/dags/main.py for tasks to queue
[2026-05-02T14:22:39.720+0000] {logging_mixin.py:190} INFO - [2026-05-02T14:22:39.719+0000] {dagbag.py:588} INFO - Filling up the DagBag from /opt/airflow/dags/main.py
[2026-05-02T14:22:39.904+0000] {processor.py:925} INFO - DAG(s) 'orders_kafka_to_s3' retrieved from /opt/airflow/dags/main.py
[2026-05-02T14:22:39.951+0000] {logging_mixin.py:190} INFO - [2026-05-02T14:22:39.951+0000] {dag.py:3239} INFO - Sync 1 DAGs
[2026-05-02T14:22:39.990+0000] {logging_mixin.py:190} INFO - [2026-05-02T14:22:39.989+0000] {dag.py:4180} INFO - Setting next_dagrun for orders_kafka_to_s3 to 2026-05-02 00:00:00+00:00, run_after=2026-05-03 00:00:00+00:00
[2026-05-02T14:22:40.029+0000] {processor.py:208} INFO - Processing /opt/airflow/dags/main.py took 0.326 seconds
[2026-05-02T14:23:10.593+0000] {processor.py:186} INFO - Started process (PID=4683) to work on /opt/airflow/dags/main.py
[2026-05-02T14:23:10.606+0000] {processor.py:914} INFO - Processing file /opt/airflow/dags/main.py for tasks to queue
[2026-05-02T14:23:10.615+0000] {logging_mixin.py:190} INFO - [2026-05-02T14:23:10.614+0000] {dagbag.py:588} INFO - Filling up the DagBag from /opt/airflow/dags/main.py
[2026-05-02T14:23:10.878+0000] {processor.py:925} INFO - DAG(s) 'orders_kafka_to_s3' retrieved from /opt/airflow/dags/main.py
[2026-05-02T14:23:10.913+0000] {logging_mixin.py:190} INFO - [2026-05-02T14:23:10.912+0000] {dag.py:3239} INFO - Sync 1 DAGs
[2026-05-02T14:23:10.950+0000] {logging_mixin.py:190} INFO - [2026-05-02T14:23:10.950+0000] {dag.py:4180} INFO - Setting next_dagrun for orders_kafka_to_s3 to 2026-05-02 00:00:00+00:00, run_after=2026-05-03 00:00:00+00:00
[2026-05-02T14:23:10.978+0000] {processor.py:208} INFO - Processing /opt/airflow/dags/main.py took 0.428 seconds
[2026-05-02T14:23:41.248+0000] {processor.py:186} INFO - Started process (PID=4690) to work on /opt/airflow/dags/main.py
[2026-05-02T14:23:41.250+0000] {processor.py:914} INFO - Processing file /opt/airflow/dags/main.py for tasks to queue
[2026-05-02T14:23:41.254+0000] {logging_mixin.py:190} INFO - [2026-05-02T14:23:41.254+0000] {dagbag.py:588} INFO - Filling up the DagBag from /opt/airflow/dags/main.py
[2026-05-02T14:23:41.395+0000] {processor.py:925} INFO - DAG(s) 'orders_kafka_to_s3' retrieved from /opt/airflow/dags/main.py
[2026-05-02T14:23:41.427+0000] {logging_mixin.py:190} INFO - [2026-05-02T14:23:41.426+0000] {dag.py:3239} INFO - Sync 1 DAGs
[2026-05-02T14:23:41.454+0000] {logging_mixin.py:190} INFO - [2026-05-02T14:23:41.454+0000] {dag.py:4180} INFO - Setting next_dagrun for orders_kafka_to_s3 to 2026-05-02 00:00:00+00:00, run_after=2026-05-03 00:00:00+00:00
[2026-05-02T14:23:41.484+0000] {processor.py:208} INFO - Processing /opt/airflow/dags/main.py took 0.247 seconds
[2026-05-02T14:24:11.910+0000] {processor.py:186} INFO - Started process (PID=4697) to work on /opt/airflow/dags/main.py
[2026-05-02T14:24:11.913+0000] {processor.py:914} INFO - Processing file /opt/airflow/dags/main.py for tasks to queue
[2026-05-02T14:24:11.918+0000] {logging_mixin.py:190} INFO - [2026-05-02T14:24:11.917+0000] {dagbag.py:588} INFO - Filling up the DagBag from /opt/airflow/dags/main.py
[2026-05-02T14:24:12.065+0000] {processor.py:925} INFO - DAG(s) 'orders_kafka_to_s3' retrieved from /opt/airflow/dags/main.py
[2026-05-02T14:24:12.096+0000] {logging_mixin.py:190} INFO - [2026-05-02T14:24:12.095+0000] {dag.py:3239} INFO - Sync 1 DAGs
[2026-05-02T14:24:12.129+0000] {logging_mixin.py:190} INFO - [2026-05-02T14:24:12.129+0000] {dag.py:4180} INFO - Setting next_dagrun for orders_kafka_to_s3 to 2026-05-02 00:00:00+00:00, run_after=2026-05-03 00:00:00+00:00
[2026-05-02T14:24:12.156+0000] {processor.py:208} INFO - Processing /opt/airflow/dags/main.py took 0.261 seconds
[2026-05-02T14:24:42.638+0000] {processor.py:186} INFO - Started process (PID=4704) to work on /opt/airflow/dags/main.py
[2026-05-02T14:24:42.640+0000] {processor.py:914} INFO - Processing file /opt/airflow/dags/main.py for tasks to queue
[2026-05-02T14:24:42.645+0000] {logging_mixin.py:190} INFO - [2026-05-02T14:24:42.644+0000] {dagbag.py:588} INFO - Filling up the DagBag from /opt/airflow/dags/main.py
[2026-05-02T14:24:42.828+0000] {processor.py:925} INFO - DAG(s) 'orders_kafka_to_s3' retrieved from /opt/airflow/dags/main.py
[2026-05-02T14:24:42.889+0000] {logging_mixin.py:190} INFO - [2026-05-02T14:24:42.889+0000] {dag.py:3239} INFO - Sync 1 DAGs
[2026-05-02T14:24:42.947+0000] {logging_mixin.py:190} INFO - [2026-05-02T14:24:42.947+0000] {dag.py:4180} INFO - Setting next_dagrun for orders_kafka_to_s3 to 2026-05-02 00:00:00+00:00, run_after=2026-05-03 00:00:00+00:00
[2026-05-02T14:24:42.995+0000] {processor.py:208} INFO - Processing /opt/airflow/dags/main.py took 0.371 seconds
[2026-05-02T14:25:13.521+0000] {processor.py:186} INFO - Started process (PID=4710) to work on /opt/airflow/dags/main.py
[2026-05-02T14:25:13.524+0000] {processor.py:914} INFO - Processing file /opt/airflow/dags/main.py for tasks to queue
[2026-05-02T14:25:13.531+0000] {logging_mixin.py:190} INFO - [2026-05-02T14:25:13.530+0000] {dagbag.py:588} INFO - Filling up the DagBag from /opt/airflow/dags/main.py
[2026-05-02T14:25:13.733+0000] {processor.py:925} INFO - DAG(s) 'orders_kafka_to_s3' retrieved from /opt/airflow/dags/main.py
[2026-05-02T14:25:13.765+0000] {logging_mixin.py:190} INFO - [2026-05-02T14:25:13.765+0000] {dag.py:3239} INFO - Sync 1 DAGs
[2026-05-02T14:25:13.800+0000] {logging_mixin.py:190} INFO - [2026-05-02T14:25:13.800+0000] {dag.py:4180} INFO - Setting next_dagrun for orders_kafka_to_s3 to 2026-05-02 00:00:00+00:00, run_after=2026-05-03 00:00:00+00:00
[2026-05-02T14:25:13.835+0000] {processor.py:208} INFO - Processing /opt/airflow/dags/main.py took 0.333 seconds
[2026-05-02T14:25:44.258+0000] {processor.py:186} INFO - Started process (PID=4717) to work on /opt/airflow/dags/main.py
[2026-05-02T14:25:44.260+0000] {processor.py:914} INFO - Processing file /opt/airflow/dags/main.py for tasks to queue
[2026-05-02T14:25:44.265+0000] {logging_mixin.py:190} INFO - [2026-05-02T14:25:44.265+0000] {dagbag.py:588} INFO - Filling up the DagBag from /opt/airflow/dags/main.py
[2026-05-02T14:25:44.420+0000] {processor.py:925} INFO - DAG(s) 'orders_kafka_to_s3' retrieved from /opt/airflow/dags/main.py
[2026-05-02T14:25:44.467+0000] {logging_mixin.py:190} INFO - [2026-05-02T14:25:44.467+0000] {dag.py:3239} INFO - Sync 1 DAGs
[2026-05-02T14:25:44.499+0000] {logging_mixin.py:190} INFO - [2026-05-02T14:25:44.499+0000] {dag.py:4180} INFO - Setting next_dagrun for orders_kafka_to_s3 to 2026-05-02 00:00:00+00:00, run_after=2026-05-03 00:00:00+00:00
[2026-05-02T14:25:44.537+0000] {processor.py:208} INFO - Processing /opt/airflow/dags/main.py took 0.289 seconds
[2026-05-02T14:26:15.073+0000] {processor.py:186} INFO - Started process (PID=4723) to work on /opt/airflow/dags/main.py
[2026-05-02T14:26:15.075+0000] {processor.py:914} INFO - Processing file /opt/airflow/dags/main.py for tasks to queue
[2026-05-02T14:26:15.084+0000] {logging_mixin.py:190} INFO - [2026-05-02T14:26:15.083+0000] {dagbag.py:588} INFO - Filling up the DagBag from /opt/airflow/dags/main.py
[2026-05-02T14:26:15.280+0000] {processor.py:925} INFO - DAG(s) 'orders_kafka_to_s3' retrieved from /opt/airflow/dags/main.py
[2026-05-02T14:26:15.315+0000] {logging_mixin.py:190} INFO - [2026-05-02T14:26:15.315+0000] {dag.py:3239} INFO - Sync 1 DAGs
[2026-05-02T14:26:15.351+0000] {logging_mixin.py:190} INFO - [2026-05-02T14:26:15.350+0000] {dag.py:4180} INFO - Setting next_dagrun for orders_kafka_to_s3 to 2026-05-02 00:00:00+00:00, run_after=2026-05-03 00:00:00+00:00
[2026-05-02T14:26:15.379+0000] {processor.py:208} INFO - Processing /opt/airflow/dags/main.py took 0.334 seconds
[2026-05-02T14:26:45.812+0000] {processor.py:186} INFO - Started process (PID=4730) to work on /opt/airflow/dags/main.py
[2026-05-02T14:26:45.814+0000] {processor.py:914} INFO - Processing file /opt/airflow/dags/main.py for tasks to queue
[2026-05-02T14:26:45.821+0000] {logging_mixin.py:190} INFO - [2026-05-02T14:26:45.820+0000] {dagbag.py:588} INFO - Filling up the DagBag from /opt/airflow/dags/main.py
[2026-05-02T14:26:45.979+0000] {processor.py:925} INFO - DAG(s) 'orders_kafka_to_s3' retrieved from /opt/airflow/dags/main.py
[2026-05-02T14:26:46.010+0000] {logging_mixin.py:190} INFO - [2026-05-02T14:26:46.009+0000] {dag.py:3239} INFO - Sync 1 DAGs
[2026-05-02T14:26:46.040+0000] {logging_mixin.py:190} INFO - [2026-05-02T14:26:46.039+0000] {dag.py:4180} INFO - Setting next_dagrun for orders_kafka_to_s3 to 2026-05-02 00:00:00+00:00, run_after=2026-05-03 00:00:00+00:00
[2026-05-02T14:26:46.072+0000] {processor.py:208} INFO - Processing /opt/airflow/dags/main.py took 0.279 seconds
[2026-05-02T14:27:16.577+0000] {processor.py:186} INFO - Started process (PID=4737) to work on /opt/airflow/dags/main.py
[2026-05-02T14:27:16.579+0000] {processor.py:914} INFO - Processing file /opt/airflow/dags/main.py for tasks to queue
[2026-05-02T14:27:16.583+0000] {logging_mixin.py:190} INFO - [2026-05-02T14:27:16.583+0000] {dagbag.py:588} INFO - Filling up the DagBag from /opt/airflow/dags/main.py
[2026-05-02T14:27:16.734+0000] {processor.py:925} INFO - DAG(s) 'orders_kafka_to_s3' retrieved from /opt/airflow/dags/main.py
[2026-05-02T14:27:16.766+0000] {logging_mixin.py:190} INFO - [2026-05-02T14:27:16.766+0000] {dag.py:3239} INFO - Sync 1 DAGs
[2026-05-02T14:27:16.798+0000] {logging_mixin.py:190} INFO - [2026-05-02T14:27:16.798+0000] {dag.py:4180} INFO - Setting next_dagrun for orders_kafka_to_s3 to 2026-05-02 00:00:00+00:00, run_after=2026-05-03 00:00:00+00:00
[2026-05-02T14:27:16.825+0000] {processor.py:208} INFO - Processing /opt/airflow/dags/main.py took 0.264 seconds
[2026-05-02T14:27:47.669+0000] {processor.py:186} INFO - Started process (PID=4744) to work on /opt/airflow/dags/main.py
[2026-05-02T14:27:47.670+0000] {processor.py:914} INFO - Processing file /opt/airflow/dags/main.py for tasks to queue
[2026-05-02T14:27:47.674+0000] {logging_mixin.py:190} INFO - [2026-05-02T14:27:47.674+0000] {dagbag.py:588} INFO - Filling up the DagBag from /opt/airflow/dags/main.py
[2026-05-02T14:27:47.823+0000] {processor.py:925} INFO - DAG(s) 'orders_kafka_to_s3' retrieved from /opt/airflow/dags/main.py
[2026-05-02T14:27:47.862+0000] {logging_mixin.py:190} INFO - [2026-05-02T14:27:47.861+0000] {dag.py:3239} INFO - Sync 1 DAGs
[2026-05-02T14:27:47.890+0000] {logging_mixin.py:190} INFO - [2026-05-02T14:27:47.890+0000] {dag.py:4180} INFO - Setting next_dagrun for orders_kafka_to_s3 to 2026-05-02 00:00:00+00:00, run_after=2026-05-03 00:00:00+00:00
[2026-05-02T14:27:47.933+0000] {processor.py:208} INFO - Processing /opt/airflow/dags/main.py took 0.274 seconds
[2026-05-02T14:28:18.750+0000] {processor.py:186} INFO - Started process (PID=4751) to work on /opt/airflow/dags/main.py
[2026-05-02T14:28:18.751+0000] {processor.py:914} INFO - Processing file /opt/airflow/dags/main.py for tasks to queue
[2026-05-02T14:28:18.755+0000] {logging_mixin.py:190} INFO - [2026-05-02T14:28:18.754+0000] {dagbag.py:588} INFO - Filling up the DagBag from /opt/airflow/dags/main.py
[2026-05-02T14:28:18.894+0000] {processor.py:925} INFO - DAG(s) 'orders_kafka_to_s3' retrieved from /opt/airflow/dags/main.py
[2026-05-02T14:28:18.932+0000] {logging_mixin.py:190} INFO - [2026-05-02T14:28:18.932+0000] {dag.py:3239} INFO - Sync 1 DAGs
[2026-05-02T14:28:18.965+0000] {logging_mixin.py:190} INFO - [2026-05-02T14:28:18.965+0000] {dag.py:4180} INFO - Setting next_dagrun for orders_kafka_to_s3 to 2026-05-02 00:00:00+00:00, run_after=2026-05-03 00:00:00+00:00
[2026-05-02T14:28:19.004+0000] {processor.py:208} INFO - Processing /opt/airflow/dags/main.py took 0.261 seconds
[2026-05-02T14:28:49.417+0000] {processor.py:186} INFO - Started process (PID=4758) to work on /opt/airflow/dags/main.py
[2026-05-02T14:28:49.419+0000] {processor.py:914} INFO - Processing file /opt/airflow/dags/main.py for tasks to queue
[2026-05-02T14:28:49.424+0000] {logging_mixin.py:190} INFO - [2026-05-02T14:28:49.423+0000] {dagbag.py:588} INFO - Filling up the DagBag from /opt/airflow/dags/main.py
[2026-05-02T14:28:49.562+0000] {processor.py:925} INFO - DAG(s) 'orders_kafka_to_s3' retrieved from /opt/airflow/dags/main.py
[2026-05-02T14:28:49.596+0000] {logging_mixin.py:190} INFO - [2026-05-02T14:28:49.595+0000] {dag.py:3239} INFO - Sync 1 DAGs
[2026-05-02T14:28:49.625+0000] {logging_mixin.py:190} INFO - [2026-05-02T14:28:49.625+0000] {dag.py:4180} INFO - Setting next_dagrun for orders_kafka_to_s3 to 2026-05-02 00:00:00+00:00, run_after=2026-05-03 00:00:00+00:00
[2026-05-02T14:28:49.650+0000] {processor.py:208} INFO - Processing /opt/airflow/dags/main.py took 0.244 seconds
[2026-05-02T14:29:20.068+0000] {processor.py:186} INFO - Started process (PID=4765) to work on /opt/airflow/dags/main.py
[2026-05-02T14:29:20.069+0000] {processor.py:914} INFO - Processing file /opt/airflow/dags/main.py for tasks to queue
[2026-05-02T14:29:20.073+0000] {logging_mixin.py:190} INFO - [2026-05-02T14:29:20.073+0000] {dagbag.py:588} INFO - Filling up the DagBag from /opt/airflow/dags/main.py
[2026-05-02T14:29:20.201+0000] {processor.py:925} INFO - DAG(s) 'orders_kafka_to_s3' retrieved from /opt/airflow/dags/main.py
[2026-05-02T14:29:20.229+0000] {logging_mixin.py:190} INFO - [2026-05-02T14:29:20.229+0000] {dag.py:3239} INFO - Sync 1 DAGs
[2026-05-02T14:29:20.255+0000] {logging_mixin.py:190} INFO - [2026-05-02T14:29:20.255+0000] {dag.py:4180} INFO - Setting next_dagrun for orders_kafka_to_s3 to 2026-05-02 00:00:00+00:00, run_after=2026-05-03 00:00:00+00:00
[2026-05-02T14:29:20.278+0000] {processor.py:208} INFO - Processing /opt/airflow/dags/main.py took 0.219 seconds
[2026-05-02T14:29:50.435+0000] {processor.py:186} INFO - Started process (PID=4773) to work on /opt/airflow/dags/main.py
[2026-05-02T14:29:50.437+0000] {processor.py:914} INFO - Processing file /opt/airflow/dags/main.py for tasks to queue
[2026-05-02T14:29:50.444+0000] {logging_mixin.py:190} INFO - [2026-05-02T14:29:50.443+0000] {dagbag.py:588} INFO - Filling up the DagBag from /opt/airflow/dags/main.py
[2026-05-02T14:29:50.657+0000] {processor.py:925} INFO - DAG(s) 'orders_kafka_to_s3' retrieved from /opt/airflow/dags/main.py
[2026-05-02T14:29:50.689+0000] {logging_mixin.py:190} INFO - [2026-05-02T14:29:50.688+0000] {dag.py:3239} INFO - Sync 1 DAGs
[2026-05-02T14:29:50.722+0000] {logging_mixin.py:190} INFO - [2026-05-02T14:29:50.722+0000] {dag.py:4180} INFO - Setting next_dagrun for orders_kafka_to_s3 to 2026-05-02 00:00:00+00:00, run_after=2026-05-03 00:00:00+00:00
[2026-05-02T14:29:50.753+0000] {processor.py:208} INFO - Processing /opt/airflow/dags/main.py took 0.331 seconds
[2026-05-02T14:30:21.075+0000] {processor.py:186} INFO - Started process (PID=4780) to work on /opt/airflow/dags/main.py
[2026-05-02T14:30:21.079+0000] {processor.py:914} INFO - Processing file /opt/airflow/dags/main.py for tasks to queue
[2026-05-02T14:30:21.100+0000] {logging_mixin.py:190} INFO - [2026-05-02T14:30:21.097+0000] {dagbag.py:588} INFO - Filling up the DagBag from /opt/airflow/dags/main.py
[2026-05-02T14:30:21.497+0000] {processor.py:925} INFO - DAG(s) 'orders_kafka_to_s3' retrieved from /opt/airflow/dags/main.py
[2026-05-02T14:30:21.572+0000] {logging_mixin.py:190} INFO - [2026-05-02T14:30:21.572+0000] {dag.py:3239} INFO - Sync 1 DAGs
[2026-05-02T14:30:21.649+0000] {logging_mixin.py:190} INFO - [2026-05-02T14:30:21.648+0000] {dag.py:4180} INFO - Setting next_dagrun for orders_kafka_to_s3 to 2026-05-02 00:00:00+00:00, run_after=2026-05-03 00:00:00+00:00
[2026-05-02T14:30:21.702+0000] {processor.py:208} INFO - Processing /opt/airflow/dags/main.py took 0.660 seconds
[2026-05-02T14:30:52.547+0000] {processor.py:186} INFO - Started process (PID=4787) to work on /opt/airflow/dags/main.py
[2026-05-02T14:30:52.549+0000] {processor.py:914} INFO - Processing file /opt/airflow/dags/main.py for tasks to queue
[2026-05-02T14:30:52.554+0000] {logging_mixin.py:190} INFO - [2026-05-02T14:30:52.553+0000] {dagbag.py:588} INFO - Filling up the DagBag from /opt/airflow/dags/main.py
[2026-05-02T14:30:52.722+0000] {processor.py:925} INFO - DAG(s) 'orders_kafka_to_s3' retrieved from /opt/airflow/dags/main.py
[2026-05-02T14:30:52.763+0000] {logging_mixin.py:190} INFO - [2026-05-02T14:30:52.762+0000] {dag.py:3239} INFO - Sync 1 DAGs
[2026-05-02T14:30:52.797+0000] {logging_mixin.py:190} INFO - [2026-05-02T14:30:52.797+0000] {dag.py:4180} INFO - Setting next_dagrun for orders_kafka_to_s3 to 2026-05-02 00:00:00+00:00, run_after=2026-05-03 00:00:00+00:00
[2026-05-02T14:30:52.827+0000] {processor.py:208} INFO - Processing /opt/airflow/dags/main.py took 0.290 seconds
[2026-05-02T14:31:23.195+0000] {processor.py:186} INFO - Started process (PID=4794) to work on /opt/airflow/dags/main.py
[2026-05-02T14:31:23.197+0000] {processor.py:914} INFO - Processing file /opt/airflow/dags/main.py for tasks to queue
[2026-05-02T14:31:23.201+0000] {logging_mixin.py:190} INFO - [2026-05-02T14:31:23.201+0000] {dagbag.py:588} INFO - Filling up the DagBag from /opt/airflow/dags/main.py
[2026-05-02T14:31:23.393+0000] {processor.py:925} INFO - DAG(s) 'orders_kafka_to_s3' retrieved from /opt/airflow/dags/main.py
[2026-05-02T14:31:23.432+0000] {logging_mixin.py:190} INFO - [2026-05-02T14:31:23.431+0000] {dag.py:3239} INFO - Sync 1 DAGs
[2026-05-02T14:31:23.462+0000] {logging_mixin.py:190} INFO - [2026-05-02T14:31:23.461+0000] {dag.py:4180} INFO - Setting next_dagrun for orders_kafka_to_s3 to 2026-05-02 00:00:00+00:00, run_after=2026-05-03 00:00:00+00:00
[2026-05-02T14:31:23.490+0000] {processor.py:208} INFO - Processing /opt/airflow/dags/main.py took 0.315 seconds
[2026-05-02T14:31:54.041+0000] {processor.py:186} INFO - Started process (PID=4801) to work on /opt/airflow/dags/main.py
[2026-05-02T14:31:54.043+0000] {processor.py:914} INFO - Processing file /opt/airflow/dags/main.py for tasks to queue
[2026-05-02T14:31:54.046+0000] {logging_mixin.py:190} INFO - [2026-05-02T14:31:54.046+0000] {dagbag.py:588} INFO - Filling up the DagBag from /opt/airflow/dags/main.py
[2026-05-02T14:31:54.232+0000] {processor.py:925} INFO - DAG(s) 'orders_kafka_to_s3' retrieved from /opt/airflow/dags/main.py
[2026-05-02T14:31:54.284+0000] {logging_mixin.py:190} INFO - [2026-05-02T14:31:54.283+0000] {dag.py:3239} INFO - Sync 1 DAGs
[2026-05-02T14:31:54.314+0000] {logging_mixin.py:190} INFO - [2026-05-02T14:31:54.313+0000] {dag.py:4180} INFO - Setting next_dagrun for orders_kafka_to_s3 to 2026-05-02 00:00:00+00:00, run_after=2026-05-03 00:00:00+00:00
[2026-05-02T14:31:54.341+0000] {processor.py:208} INFO - Processing /opt/airflow/dags/main.py took 0.310 seconds
[2026-05-02T14:32:24.623+0000] {processor.py:186} INFO - Started process (PID=4808) to work on /opt/airflow/dags/main.py
[2026-05-02T14:32:24.625+0000] {processor.py:914} INFO - Processing file /opt/airflow/dags/main.py for tasks to queue
[2026-05-02T14:32:24.630+0000] {logging_mixin.py:190} INFO - [2026-05-02T14:32:24.629+0000] {dagbag.py:588} INFO - Filling up the DagBag from /opt/airflow/dags/main.py
[2026-05-02T14:32:24.769+0000] {processor.py:925} INFO - DAG(s) 'orders_kafka_to_s3' retrieved from /opt/airflow/dags/main.py
[2026-05-02T14:32:24.806+0000] {logging_mixin.py:190} INFO - [2026-05-02T14:32:24.806+0000] {dag.py:3239} INFO - Sync 1 DAGs
[2026-05-02T14:32:24.842+0000] {logging_mixin.py:190} INFO - [2026-05-02T14:32:24.842+0000] {dag.py:4180} INFO - Setting next_dagrun for orders_kafka_to_s3 to 2026-05-02 00:00:00+00:00, run_after=2026-05-03 00:00:00+00:00
[2026-05-02T14:32:24.876+0000] {processor.py:208} INFO - Processing /opt/airflow/dags/main.py took 0.265 seconds
[2026-05-02T14:32:55.286+0000] {processor.py:186} INFO - Started process (PID=4815) to work on /opt/airflow/dags/main.py
[2026-05-02T14:32:55.288+0000] {processor.py:914} INFO - Processing file /opt/airflow/dags/main.py for tasks to queue
[2026-05-02T14:32:55.294+0000] {logging_mixin.py:190} INFO - [2026-05-02T14:32:55.294+0000] {dagbag.py:588} INFO - Filling up the DagBag from /opt/airflow/dags/main.py
[2026-05-02T14:32:55.462+0000] {processor.py:925} INFO - DAG(s) 'orders_kafka_to_s3' retrieved from /opt/airflow/dags/main.py
[2026-05-02T14:32:55.508+0000] {logging_mixin.py:190} INFO - [2026-05-02T14:32:55.508+0000] {dag.py:3239} INFO - Sync 1 DAGs
[2026-05-02T14:32:55.554+0000] {logging_mixin.py:190} INFO - [2026-05-02T14:32:55.553+0000] {dag.py:4180} INFO - Setting next_dagrun for orders_kafka_to_s3 to 2026-05-02 00:00:00+00:00, run_after=2026-05-03 00:00:00+00:00
[2026-05-02T14:32:55.592+0000] {processor.py:208} INFO - Processing /opt/airflow/dags/main.py took 0.322 seconds
[2026-05-02T14:33:26.048+0000] {processor.py:186} INFO - Started process (PID=4822) to work on /opt/airflow/dags/main.py
[2026-05-02T14:33:26.050+0000] {processor.py:914} INFO - Processing file /opt/airflow/dags/main.py for tasks to queue
[2026-05-02T14:33:26.054+0000] {logging_mixin.py:190} INFO - [2026-05-02T14:33:26.053+0000] {dagbag.py:588} INFO - Filling up the DagBag from /opt/airflow/dags/main.py
[2026-05-02T14:33:26.240+0000] {processor.py:925} INFO - DAG(s) 'orders_kafka_to_s3' retrieved from /opt/airflow/dags/main.py
[2026-05-02T14:33:26.272+0000] {logging_mixin.py:190} INFO - [2026-05-02T14:33:26.272+0000] {dag.py:3239} INFO - Sync 1 DAGs
[2026-05-02T14:33:26.308+0000] {logging_mixin.py:190} INFO - [2026-05-02T14:33:26.308+0000] {dag.py:4180} INFO - Setting next_dagrun for orders_kafka_to_s3 to 2026-05-02 00:00:00+00:00, run_after=2026-05-03 00:00:00+00:00
[2026-05-02T14:33:26.338+0000] {processor.py:208} INFO - Processing /opt/airflow/dags/main.py took 0.302 seconds
[2026-05-02T14:33:56.659+0000] {processor.py:186} INFO - Started process (PID=4829) to work on /opt/airflow/dags/main.py
[2026-05-02T14:33:56.661+0000] {processor.py:914} INFO - Processing file /opt/airflow/dags/main.py for tasks to queue
[2026-05-02T14:33:56.665+0000] {logging_mixin.py:190} INFO - [2026-05-02T14:33:56.665+0000] {dagbag.py:588} INFO - Filling up the DagBag from /opt/airflow/dags/main.py
[2026-05-02T14:33:56.815+0000] {processor.py:925} INFO - DAG(s) 'orders_kafka_to_s3' retrieved from /opt/airflow/dags/main.py
[2026-05-02T14:33:56.859+0000] {logging_mixin.py:190} INFO - [2026-05-02T14:33:56.859+0000] {dag.py:3239} INFO - Sync 1 DAGs
[2026-05-02T14:33:56.890+0000] {logging_mixin.py:190} INFO - [2026-05-02T14:33:56.890+0000] {dag.py:4180} INFO - Setting next_dagrun for orders_kafka_to_s3 to 2026-05-02 00:00:00+00:00, run_after=2026-05-03 00:00:00+00:00
[2026-05-02T14:33:56.930+0000] {processor.py:208} INFO - Processing /opt/airflow/dags/main.py took 0.281 seconds
[2026-05-02T14:34:27.871+0000] {processor.py:186} INFO - Started process (PID=4836) to work on /opt/airflow/dags/main.py
[2026-05-02T14:34:27.872+0000] {processor.py:914} INFO - Processing file /opt/airflow/dags/main.py for tasks to queue
[2026-05-02T14:34:27.877+0000] {logging_mixin.py:190} INFO - [2026-05-02T14:34:27.877+0000] {dagbag.py:588} INFO - Filling up the DagBag from /opt/airflow/dags/main.py
[2026-05-02T14:34:28.033+0000] {processor.py:925} INFO - DAG(s) 'orders_kafka_to_s3' retrieved from /opt/airflow/dags/main.py
[2026-05-02T14:34:28.089+0000] {logging_mixin.py:190} INFO - [2026-05-02T14:34:28.089+0000] {dag.py:3239} INFO - Sync 1 DAGs
[2026-05-02T14:34:28.118+0000] {logging_mixin.py:190} INFO - [2026-05-02T14:34:28.118+0000] {dag.py:4180} INFO - Setting next_dagrun for orders_kafka_to_s3 to 2026-05-02 00:00:00+00:00, run_after=2026-05-03 00:00:00+00:00
[2026-05-02T14:34:28.143+0000] {processor.py:208} INFO - Processing /opt/airflow/dags/main.py took 0.281 seconds
[2026-05-02T14:34:58.586+0000] {processor.py:186} INFO - Started process (PID=4849) to work on /opt/airflow/dags/main.py
[2026-05-02T14:34:58.587+0000] {processor.py:914} INFO - Processing file /opt/airflow/dags/main.py for tasks to queue
[2026-05-02T14:34:58.593+0000] {logging_mixin.py:190} INFO - [2026-05-02T14:34:58.592+0000] {dagbag.py:588} INFO - Filling up the DagBag from /opt/airflow/dags/main.py
[2026-05-02T14:34:58.751+0000] {processor.py:925} INFO - DAG(s) 'orders_kafka_to_s3' retrieved from /opt/airflow/dags/main.py
[2026-05-02T14:34:58.798+0000] {logging_mixin.py:190} INFO - [2026-05-02T14:34:58.798+0000] {dag.py:3239} INFO - Sync 1 DAGs
[2026-05-02T14:34:58.851+0000] {logging_mixin.py:190} INFO - [2026-05-02T14:34:58.850+0000] {dag.py:4180} INFO - Setting next_dagrun for orders_kafka_to_s3 to 2026-05-02 00:00:00+00:00, run_after=2026-05-03 00:00:00+00:00
[2026-05-02T14:34:58.889+0000] {processor.py:208} INFO - Processing /opt/airflow/dags/main.py took 0.312 seconds
[2026-05-02T14:35:29.628+0000] {processor.py:186} INFO - Started process (PID=4856) to work on /opt/airflow/dags/main.py
[2026-05-02T14:35:29.630+0000] {processor.py:914} INFO - Processing file /opt/airflow/dags/main.py for tasks to queue
[2026-05-02T14:35:29.635+0000] {logging_mixin.py:190} INFO - [2026-05-02T14:35:29.634+0000] {dagbag.py:588} INFO - Filling up the DagBag from /opt/airflow/dags/main.py
[2026-05-02T14:35:29.805+0000] {processor.py:925} INFO - DAG(s) 'orders_kafka_to_s3' retrieved from /opt/airflow/dags/main.py
[2026-05-02T14:35:29.837+0000] {logging_mixin.py:190} INFO - [2026-05-02T14:35:29.837+0000] {dag.py:3239} INFO - Sync 1 DAGs
[2026-05-02T14:35:29.872+0000] {logging_mixin.py:190} INFO - [2026-05-02T14:35:29.872+0000] {dag.py:4180} INFO - Setting next_dagrun for orders_kafka_to_s3 to 2026-05-02 00:00:00+00:00, run_after=2026-05-03 00:00:00+00:00
[2026-05-02T14:35:29.899+0000] {processor.py:208} INFO - Processing /opt/airflow/dags/main.py took 0.282 seconds
[2026-05-02T14:36:00.139+0000] {processor.py:186} INFO - Started process (PID=4863) to work on /opt/airflow/dags/main.py
[2026-05-02T14:36:00.141+0000] {processor.py:914} INFO - Processing file /opt/airflow/dags/main.py for tasks to queue
[2026-05-02T14:36:00.145+0000] {logging_mixin.py:190} INFO - [2026-05-02T14:36:00.145+0000] {dagbag.py:588} INFO - Filling up the DagBag from /opt/airflow/dags/main.py
[2026-05-02T14:36:00.307+0000] {processor.py:925} INFO - DAG(s) 'orders_kafka_to_s3' retrieved from /opt/airflow/dags/main.py
[2026-05-02T14:36:00.341+0000] {logging_mixin.py:190} INFO - [2026-05-02T14:36:00.341+0000] {dag.py:3239} INFO - Sync 1 DAGs
[2026-05-02T14:36:00.375+0000] {logging_mixin.py:190} INFO - [2026-05-02T14:36:00.375+0000] {dag.py:4180} INFO - Setting next_dagrun for orders_kafka_to_s3 to 2026-05-02 00:00:00+00:00, run_after=2026-05-03 00:00:00+00:00
[2026-05-02T14:36:00.402+0000] {processor.py:208} INFO - Processing /opt/airflow/dags/main.py took 0.274 seconds
[2026-05-02T14:36:30.989+0000] {processor.py:186} INFO - Started process (PID=4870) to work on /opt/airflow/dags/main.py
[2026-05-02T14:36:30.991+0000] {processor.py:914} INFO - Processing file /opt/airflow/dags/main.py for tasks to queue
[2026-05-02T14:36:30.995+0000] {logging_mixin.py:190} INFO - [2026-05-02T14:36:30.994+0000] {dagbag.py:588} INFO - Filling up the DagBag from /opt/airflow/dags/main.py
[2026-05-02T14:36:31.170+0000] {processor.py:925} INFO - DAG(s) 'orders_kafka_to_s3' retrieved from /opt/airflow/dags/main.py
[2026-05-02T14:36:31.206+0000] {logging_mixin.py:190} INFO - [2026-05-02T14:36:31.205+0000] {dag.py:3239} INFO - Sync 1 DAGs
[2026-05-02T14:36:31.238+0000] {logging_mixin.py:190} INFO - [2026-05-02T14:36:31.238+0000] {dag.py:4180} INFO - Setting next_dagrun for orders_kafka_to_s3 to 2026-05-02 00:00:00+00:00, run_after=2026-05-03 00:00:00+00:00
[2026-05-02T14:36:31.265+0000] {processor.py:208} INFO - Processing /opt/airflow/dags/main.py took 0.285 seconds
[2026-05-02T14:37:01.584+0000] {processor.py:186} INFO - Started process (PID=4877) to work on /opt/airflow/dags/main.py
[2026-05-02T14:37:01.588+0000] {processor.py:914} INFO - Processing file /opt/airflow/dags/main.py for tasks to queue
[2026-05-02T14:37:01.598+0000] {logging_mixin.py:190} INFO - [2026-05-02T14:37:01.597+0000] {dagbag.py:588} INFO - Filling up the DagBag from /opt/airflow/dags/main.py
[2026-05-02T14:37:01.829+0000] {processor.py:925} INFO - DAG(s) 'orders_kafka_to_s3' retrieved from /opt/airflow/dags/main.py
[2026-05-02T14:37:01.859+0000] {logging_mixin.py:190} INFO - [2026-05-02T14:37:01.859+0000] {dag.py:3239} INFO - Sync 1 DAGs
[2026-05-02T14:37:01.895+0000] {logging_mixin.py:190} INFO - [2026-05-02T14:37:01.894+0000] {dag.py:4180} INFO - Setting next_dagrun for orders_kafka_to_s3 to 2026-05-02 00:00:00+00:00, run_after=2026-05-03 00:00:00+00:00
[2026-05-02T14:37:01.924+0000] {processor.py:208} INFO - Processing /opt/airflow/dags/main.py took 0.369 seconds
[2026-05-02T14:37:32.239+0000] {processor.py:186} INFO - Started process (PID=4884) to work on /opt/airflow/dags/main.py
[2026-05-02T14:37:32.240+0000] {processor.py:914} INFO - Processing file /opt/airflow/dags/main.py for tasks to queue
[2026-05-02T14:37:32.245+0000] {logging_mixin.py:190} INFO - [2026-05-02T14:37:32.245+0000] {dagbag.py:588} INFO - Filling up the DagBag from /opt/airflow/dags/main.py
[2026-05-02T14:37:32.414+0000] {processor.py:925} INFO - DAG(s) 'orders_kafka_to_s3' retrieved from /opt/airflow/dags/main.py
[2026-05-02T14:37:32.443+0000] {logging_mixin.py:190} INFO - [2026-05-02T14:37:32.443+0000] {dag.py:3239} INFO - Sync 1 DAGs
[2026-05-02T14:37:32.469+0000] {logging_mixin.py:190} INFO - [2026-05-02T14:37:32.469+0000] {dag.py:4180} INFO - Setting next_dagrun for orders_kafka_to_s3 to 2026-05-02 00:00:00+00:00, run_after=2026-05-03 00:00:00+00:00
[2026-05-02T14:37:32.493+0000] {processor.py:208} INFO - Processing /opt/airflow/dags/main.py took 0.264 seconds
[2026-05-02T14:38:02.717+0000] {processor.py:186} INFO - Started process (PID=4891) to work on /opt/airflow/dags/main.py
[2026-05-02T14:38:02.718+0000] {processor.py:914} INFO - Processing file /opt/airflow/dags/main.py for tasks to queue
[2026-05-02T14:38:02.723+0000] {logging_mixin.py:190} INFO - [2026-05-02T14:38:02.722+0000] {dagbag.py:588} INFO - Filling up the DagBag from /opt/airflow/dags/main.py
[2026-05-02T14:38:02.848+0000] {processor.py:925} INFO - DAG(s) 'orders_kafka_to_s3' retrieved from /opt/airflow/dags/main.py
[2026-05-02T14:38:02.878+0000] {logging_mixin.py:190} INFO - [2026-05-02T14:38:02.878+0000] {dag.py:3239} INFO - Sync 1 DAGs
[2026-05-02T14:38:02.905+0000] {logging_mixin.py:190} INFO - [2026-05-02T14:38:02.905+0000] {dag.py:4180} INFO - Setting next_dagrun for orders_kafka_to_s3 to 2026-05-02 00:00:00+00:00, run_after=2026-05-03 00:00:00+00:00
[2026-05-02T14:38:02.926+0000] {processor.py:208} INFO - Processing /opt/airflow/dags/main.py took 0.216 seconds
[2026-05-02T14:38:33.314+0000] {processor.py:186} INFO - Started process (PID=4898) to work on /opt/airflow/dags/main.py
[2026-05-02T14:38:33.316+0000] {processor.py:914} INFO - Processing file /opt/airflow/dags/main.py for tasks to queue
[2026-05-02T14:38:33.319+0000] {logging_mixin.py:190} INFO - [2026-05-02T14:38:33.319+0000] {dagbag.py:588} INFO - Filling up the DagBag from /opt/airflow/dags/main.py
[2026-05-02T14:38:33.454+0000] {processor.py:925} INFO - DAG(s) 'orders_kafka_to_s3' retrieved from /opt/airflow/dags/main.py
[2026-05-02T14:38:33.487+0000] {logging_mixin.py:190} INFO - [2026-05-02T14:38:33.487+0000] {dag.py:3239} INFO - Sync 1 DAGs
[2026-05-02T14:38:33.515+0000] {logging_mixin.py:190} INFO - [2026-05-02T14:38:33.514+0000] {dag.py:4180} INFO - Setting next_dagrun for orders_kafka_to_s3 to 2026-05-02 00:00:00+00:00, run_after=2026-05-03 00:00:00+00:00
[2026-05-02T14:38:33.535+0000] {processor.py:208} INFO - Processing /opt/airflow/dags/main.py took 0.227 seconds
[2026-05-02T14:39:03.717+0000] {processor.py:186} INFO - Started process (PID=4905) to work on /opt/airflow/dags/main.py
[2026-05-02T14:39:03.719+0000] {processor.py:914} INFO - Processing file /opt/airflow/dags/main.py for tasks to queue
[2026-05-02T14:39:03.722+0000] {logging_mixin.py:190} INFO - [2026-05-02T14:39:03.722+0000] {dagbag.py:588} INFO - Filling up the DagBag from /opt/airflow/dags/main.py
[2026-05-02T14:39:03.860+0000] {processor.py:925} INFO - DAG(s) 'orders_kafka_to_s3' retrieved from /opt/airflow/dags/main.py
[2026-05-02T14:39:03.903+0000] {logging_mixin.py:190} INFO - [2026-05-02T14:39:03.903+0000] {dag.py:3239} INFO - Sync 1 DAGs
[2026-05-02T14:39:03.931+0000] {logging_mixin.py:190} INFO - [2026-05-02T14:39:03.931+0000] {dag.py:4180} INFO - Setting next_dagrun for orders_kafka_to_s3 to 2026-05-02 00:00:00+00:00, run_after=2026-05-03 00:00:00+00:00
[2026-05-02T14:39:03.955+0000] {processor.py:208} INFO - Processing /opt/airflow/dags/main.py took 0.245 seconds
[2026-05-02T14:39:34.254+0000] {processor.py:186} INFO - Started process (PID=4912) to work on /opt/airflow/dags/main.py
[2026-05-02T14:39:34.256+0000] {processor.py:914} INFO - Processing file /opt/airflow/dags/main.py for tasks to queue
[2026-05-02T14:39:34.260+0000] {logging_mixin.py:190} INFO - [2026-05-02T14:39:34.259+0000] {dagbag.py:588} INFO - Filling up the DagBag from /opt/airflow/dags/main.py
[2026-05-02T14:39:34.442+0000] {processor.py:925} INFO - DAG(s) 'orders_kafka_to_s3' retrieved from /opt/airflow/dags/main.py
[2026-05-02T14:39:34.485+0000] {logging_mixin.py:190} INFO - [2026-05-02T14:39:34.485+0000] {dag.py:3239} INFO - Sync 1 DAGs
[2026-05-02T14:39:34.530+0000] {logging_mixin.py:190} INFO - [2026-05-02T14:39:34.530+0000] {dag.py:4180} INFO - Setting next_dagrun for orders_kafka_to_s3 to 2026-05-02 00:00:00+00:00, run_after=2026-05-03 00:00:00+00:00
[2026-05-02T14:39:34.565+0000] {processor.py:208} INFO - Processing /opt/airflow/dags/main.py took 0.322 seconds
[2026-05-02T14:40:04.903+0000] {processor.py:186} INFO - Started process (PID=4919) to work on /opt/airflow/dags/main.py
[2026-05-02T14:40:04.905+0000] {processor.py:914} INFO - Processing file /opt/airflow/dags/main.py for tasks to queue
[2026-05-02T14:40:04.908+0000] {logging_mixin.py:190} INFO - [2026-05-02T14:40:04.907+0000] {dagbag.py:588} INFO - Filling up the DagBag from /opt/airflow/dags/main.py
[2026-05-02T14:40:05.053+0000] {processor.py:925} INFO - DAG(s) 'orders_kafka_to_s3' retrieved from /opt/airflow/dags/main.py
[2026-05-02T14:40:05.096+0000] {logging_mixin.py:190} INFO - [2026-05-02T14:40:05.095+0000] {dag.py:3239} INFO - Sync 1 DAGs
[2026-05-02T14:40:05.125+0000] {logging_mixin.py:190} INFO - [2026-05-02T14:40:05.125+0000] {dag.py:4180} INFO - Setting next_dagrun for orders_kafka_to_s3 to 2026-05-02 00:00:00+00:00, run_after=2026-05-03 00:00:00+00:00
[2026-05-02T14:40:05.147+0000] {processor.py:208} INFO - Processing /opt/airflow/dags/main.py took 0.251 seconds
[2026-05-02T14:40:35.465+0000] {processor.py:186} INFO - Started process (PID=4926) to work on /opt/airflow/dags/main.py
[2026-05-02T14:40:35.467+0000] {processor.py:914} INFO - Processing file /opt/airflow/dags/main.py for tasks to queue
[2026-05-02T14:40:35.470+0000] {logging_mixin.py:190} INFO - [2026-05-02T14:40:35.470+0000] {dagbag.py:588} INFO - Filling up the DagBag from /opt/airflow/dags/main.py
[2026-05-02T14:40:35.610+0000] {processor.py:925} INFO - DAG(s) 'orders_kafka_to_s3' retrieved from /opt/airflow/dags/main.py
[2026-05-02T14:40:35.638+0000] {logging_mixin.py:190} INFO - [2026-05-02T14:40:35.638+0000] {dag.py:3239} INFO - Sync 1 DAGs
[2026-05-02T14:40:35.664+0000] {logging_mixin.py:190} INFO - [2026-05-02T14:40:35.664+0000] {dag.py:4180} INFO - Setting next_dagrun for orders_kafka_to_s3 to 2026-05-02 00:00:00+00:00, run_after=2026-05-03 00:00:00+00:00
[2026-05-02T14:40:35.686+0000] {processor.py:208} INFO - Processing /opt/airflow/dags/main.py took 0.227 seconds
[2026-05-02T14:41:05.802+0000] {processor.py:186} INFO - Started process (PID=4933) to work on /opt/airflow/dags/main.py
[2026-05-02T14:41:05.804+0000] {processor.py:914} INFO - Processing file /opt/airflow/dags/main.py for tasks to queue
[2026-05-02T14:41:05.809+0000] {logging_mixin.py:190} INFO - [2026-05-02T14:41:05.808+0000] {dagbag.py:588} INFO - Filling up the DagBag from /opt/airflow/dags/main.py
[2026-05-02T14:41:05.969+0000] {processor.py:925} INFO - DAG(s) 'orders_kafka_to_s3' retrieved from /opt/airflow/dags/main.py
[2026-05-02T14:41:06.010+0000] {logging_mixin.py:190} INFO - [2026-05-02T14:41:06.010+0000] {dag.py:3239} INFO - Sync 1 DAGs
[2026-05-02T14:41:06.060+0000] {logging_mixin.py:190} INFO - [2026-05-02T14:41:06.059+0000] {dag.py:4180} INFO - Setting next_dagrun for orders_kafka_to_s3 to 2026-05-02 00:00:00+00:00, run_after=2026-05-03 00:00:00+00:00
[2026-05-02T14:41:06.091+0000] {processor.py:208} INFO - Processing /opt/airflow/dags/main.py took 0.305 seconds
[2026-05-02T14:41:36.459+0000] {processor.py:186} INFO - Started process (PID=4940) to work on /opt/airflow/dags/main.py
[2026-05-02T14:41:36.461+0000] {processor.py:914} INFO - Processing file /opt/airflow/dags/main.py for tasks to queue
[2026-05-02T14:41:36.467+0000] {logging_mixin.py:190} INFO - [2026-05-02T14:41:36.467+0000] {dagbag.py:588} INFO - Filling up the DagBag from /opt/airflow/dags/main.py
[2026-05-02T14:41:36.624+0000] {processor.py:925} INFO - DAG(s) 'orders_kafka_to_s3' retrieved from /opt/airflow/dags/main.py
[2026-05-02T14:41:36.662+0000] {logging_mixin.py:190} INFO - [2026-05-02T14:41:36.662+0000] {dag.py:3239} INFO - Sync 1 DAGs
[2026-05-02T14:41:36.697+0000] {logging_mixin.py:190} INFO - [2026-05-02T14:41:36.696+0000] {dag.py:4180} INFO - Setting next_dagrun for orders_kafka_to_s3 to 2026-05-02 00:00:00+00:00, run_after=2026-05-03 00:00:00+00:00
[2026-05-02T14:41:36.723+0000] {processor.py:208} INFO - Processing /opt/airflow/dags/main.py took 0.273 seconds
[2026-05-02T14:42:07.464+0000] {processor.py:186} INFO - Started process (PID=4947) to work on /opt/airflow/dags/main.py
[2026-05-02T14:42:07.467+0000] {processor.py:914} INFO - Processing file /opt/airflow/dags/main.py for tasks to queue
[2026-05-02T14:42:07.476+0000] {logging_mixin.py:190} INFO - [2026-05-02T14:42:07.475+0000] {dagbag.py:588} INFO - Filling up the DagBag from /opt/airflow/dags/main.py
[2026-05-02T14:42:07.752+0000] {processor.py:925} INFO - DAG(s) 'orders_kafka_to_s3' retrieved from /opt/airflow/dags/main.py
[2026-05-02T14:42:07.793+0000] {logging_mixin.py:190} INFO - [2026-05-02T14:42:07.793+0000] {dag.py:3239} INFO - Sync 1 DAGs
[2026-05-02T14:42:07.842+0000] {logging_mixin.py:190} INFO - [2026-05-02T14:42:07.842+0000] {dag.py:4180} INFO - Setting next_dagrun for orders_kafka_to_s3 to 2026-05-02 00:00:00+00:00, run_after=2026-05-03 00:00:00+00:00
[2026-05-02T14:42:07.874+0000] {processor.py:208} INFO - Processing /opt/airflow/dags/main.py took 0.429 seconds
[2026-05-02T14:42:38.505+0000] {processor.py:186} INFO - Started process (PID=4954) to work on /opt/airflow/dags/main.py
[2026-05-02T14:42:38.507+0000] {processor.py:914} INFO - Processing file /opt/airflow/dags/main.py for tasks to queue
[2026-05-02T14:42:38.510+0000] {logging_mixin.py:190} INFO - [2026-05-02T14:42:38.510+0000] {dagbag.py:588} INFO - Filling up the DagBag from /opt/airflow/dags/main.py
[2026-05-02T14:42:38.642+0000] {processor.py:925} INFO - DAG(s) 'orders_kafka_to_s3' retrieved from /opt/airflow/dags/main.py
[2026-05-02T14:42:38.670+0000] {logging_mixin.py:190} INFO - [2026-05-02T14:42:38.670+0000] {dag.py:3239} INFO - Sync 1 DAGs
[2026-05-02T14:42:38.699+0000] {logging_mixin.py:190} INFO - [2026-05-02T14:42:38.698+0000] {dag.py:4180} INFO - Setting next_dagrun for orders_kafka_to_s3 to 2026-05-02 00:00:00+00:00, run_after=2026-05-03 00:00:00+00:00
[2026-05-02T14:42:38.721+0000] {processor.py:208} INFO - Processing /opt/airflow/dags/main.py took 0.223 seconds
[2026-05-02T14:43:08.782+0000] {processor.py:186} INFO - Started process (PID=4961) to work on /opt/airflow/dags/main.py
[2026-05-02T14:43:08.783+0000] {processor.py:914} INFO - Processing file /opt/airflow/dags/main.py for tasks to queue
[2026-05-02T14:43:08.787+0000] {logging_mixin.py:190} INFO - [2026-05-02T14:43:08.787+0000] {dagbag.py:588} INFO - Filling up the DagBag from /opt/airflow/dags/main.py
[2026-05-02T14:43:08.928+0000] {processor.py:925} INFO - DAG(s) 'orders_kafka_to_s3' retrieved from /opt/airflow/dags/main.py
[2026-05-02T14:43:08.962+0000] {logging_mixin.py:190} INFO - [2026-05-02T14:43:08.962+0000] {dag.py:3239} INFO - Sync 1 DAGs
[2026-05-02T14:43:08.995+0000] {logging_mixin.py:190} INFO - [2026-05-02T14:43:08.995+0000] {dag.py:4180} INFO - Setting next_dagrun for orders_kafka_to_s3 to 2026-05-02 00:00:00+00:00, run_after=2026-05-03 00:00:00+00:00
[2026-05-02T14:43:09.019+0000] {processor.py:208} INFO - Processing /opt/airflow/dags/main.py took 0.246 seconds
[2026-05-02T14:43:39.432+0000] {processor.py:186} INFO - Started process (PID=4968) to work on /opt/airflow/dags/main.py
[2026-05-02T14:43:39.433+0000] {processor.py:914} INFO - Processing file /opt/airflow/dags/main.py for tasks to queue
[2026-05-02T14:43:39.437+0000] {logging_mixin.py:190} INFO - [2026-05-02T14:43:39.437+0000] {dagbag.py:588} INFO - Filling up the DagBag from /opt/airflow/dags/main.py
[2026-05-02T14:43:39.560+0000] {processor.py:925} INFO - DAG(s) 'orders_kafka_to_s3' retrieved from /opt/airflow/dags/main.py
[2026-05-02T14:43:39.590+0000] {logging_mixin.py:190} INFO - [2026-05-02T14:43:39.590+0000] {dag.py:3239} INFO - Sync 1 DAGs
[2026-05-02T14:43:39.620+0000] {logging_mixin.py:190} INFO - [2026-05-02T14:43:39.620+0000] {dag.py:4180} INFO - Setting next_dagrun for orders_kafka_to_s3 to 2026-05-02 00:00:00+00:00, run_after=2026-05-03 00:00:00+00:00
[2026-05-02T14:43:39.648+0000] {processor.py:208} INFO - Processing /opt/airflow/dags/main.py took 0.229 seconds
[2026-05-02T14:44:10.110+0000] {processor.py:186} INFO - Started process (PID=4975) to work on /opt/airflow/dags/main.py
[2026-05-02T14:44:10.111+0000] {processor.py:914} INFO - Processing file /opt/airflow/dags/main.py for tasks to queue
[2026-05-02T14:44:10.114+0000] {logging_mixin.py:190} INFO - [2026-05-02T14:44:10.114+0000] {dagbag.py:588} INFO - Filling up the DagBag from /opt/airflow/dags/main.py
[2026-05-02T14:44:10.258+0000] {processor.py:925} INFO - DAG(s) 'orders_kafka_to_s3' retrieved from /opt/airflow/dags/main.py
[2026-05-02T14:44:10.290+0000] {logging_mixin.py:190} INFO - [2026-05-02T14:44:10.290+0000] {dag.py:3239} INFO - Sync 1 DAGs
[2026-05-02T14:44:10.319+0000] {logging_mixin.py:190} INFO - [2026-05-02T14:44:10.318+0000] {dag.py:4180} INFO - Setting next_dagrun for orders_kafka_to_s3 to 2026-05-02 00:00:00+00:00, run_after=2026-05-03 00:00:00+00:00
[2026-05-02T14:44:10.342+0000] {processor.py:208} INFO - Processing /opt/airflow/dags/main.py took 0.239 seconds
[2026-05-02T14:44:40.691+0000] {processor.py:186} INFO - Started process (PID=4981) to work on /opt/airflow/dags/main.py
[2026-05-02T14:44:40.693+0000] {processor.py:914} INFO - Processing file /opt/airflow/dags/main.py for tasks to queue
[2026-05-02T14:44:40.696+0000] {logging_mixin.py:190} INFO - [2026-05-02T14:44:40.696+0000] {dagbag.py:588} INFO - Filling up the DagBag from /opt/airflow/dags/main.py
[2026-05-02T14:44:40.828+0000] {processor.py:925} INFO - DAG(s) 'orders_kafka_to_s3' retrieved from /opt/airflow/dags/main.py
[2026-05-02T14:44:40.860+0000] {logging_mixin.py:190} INFO - [2026-05-02T14:44:40.860+0000] {dag.py:3239} INFO - Sync 1 DAGs
[2026-05-02T14:44:40.890+0000] {logging_mixin.py:190} INFO - [2026-05-02T14:44:40.890+0000] {dag.py:4180} INFO - Setting next_dagrun for orders_kafka_to_s3 to 2026-05-02 00:00:00+00:00, run_after=2026-05-03 00:00:00+00:00
[2026-05-02T14:44:40.917+0000] {processor.py:208} INFO - Processing /opt/airflow/dags/main.py took 0.233 seconds
[2026-05-02T14:45:11.211+0000] {processor.py:186} INFO - Started process (PID=4988) to work on /opt/airflow/dags/main.py
[2026-05-02T14:45:11.213+0000] {processor.py:914} INFO - Processing file /opt/airflow/dags/main.py for tasks to queue
[2026-05-02T14:45:11.219+0000] {logging_mixin.py:190} INFO - [2026-05-02T14:45:11.218+0000] {dagbag.py:588} INFO - Filling up the DagBag from /opt/airflow/dags/main.py
[2026-05-02T14:45:11.480+0000] {processor.py:925} INFO - DAG(s) 'orders_kafka_to_s3' retrieved from /opt/airflow/dags/main.py
[2026-05-02T14:45:11.563+0000] {logging_mixin.py:190} INFO - [2026-05-02T14:45:11.563+0000] {dag.py:3239} INFO - Sync 1 DAGs
[2026-05-02T14:45:11.604+0000] {logging_mixin.py:190} INFO - [2026-05-02T14:45:11.604+0000] {dag.py:4180} INFO - Setting next_dagrun for orders_kafka_to_s3 to 2026-05-02 00:00:00+00:00, run_after=2026-05-03 00:00:00+00:00
[2026-05-02T14:45:11.629+0000] {processor.py:208} INFO - Processing /opt/airflow/dags/main.py took 0.426 seconds
[2026-05-02T14:45:41.960+0000] {processor.py:186} INFO - Started process (PID=4994) to work on /opt/airflow/dags/main.py
[2026-05-02T14:45:41.962+0000] {processor.py:914} INFO - Processing file /opt/airflow/dags/main.py for tasks to queue
[2026-05-02T14:45:41.965+0000] {logging_mixin.py:190} INFO - [2026-05-02T14:45:41.964+0000] {dagbag.py:588} INFO - Filling up the DagBag from /opt/airflow/dags/main.py
[2026-05-02T14:45:42.092+0000] {processor.py:925} INFO - DAG(s) 'orders_kafka_to_s3' retrieved from /opt/airflow/dags/main.py
[2026-05-02T14:45:42.127+0000] {logging_mixin.py:190} INFO - [2026-05-02T14:45:42.126+0000] {dag.py:3239} INFO - Sync 1 DAGs
[2026-05-02T14:45:42.158+0000] {logging_mixin.py:190} INFO - [2026-05-02T14:45:42.157+0000] {dag.py:4180} INFO - Setting next_dagrun for orders_kafka_to_s3 to 2026-05-02 00:00:00+00:00, run_after=2026-05-03 00:00:00+00:00
[2026-05-02T14:45:42.180+0000] {processor.py:208} INFO - Processing /opt/airflow/dags/main.py took 0.228 seconds
[2026-05-02T14:46:12.272+0000] {processor.py:186} INFO - Started process (PID=5001) to work on /opt/airflow/dags/main.py
[2026-05-02T14:46:12.273+0000] {processor.py:914} INFO - Processing file /opt/airflow/dags/main.py for tasks to queue
[2026-05-02T14:46:12.277+0000] {logging_mixin.py:190} INFO - [2026-05-02T14:46:12.276+0000] {dagbag.py:588} INFO - Filling up the DagBag from /opt/airflow/dags/main.py
[2026-05-02T14:46:12.393+0000] {processor.py:925} INFO - DAG(s) 'orders_kafka_to_s3' retrieved from /opt/airflow/dags/main.py
[2026-05-02T14:46:12.420+0000] {logging_mixin.py:190} INFO - [2026-05-02T14:46:12.420+0000] {dag.py:3239} INFO - Sync 1 DAGs
[2026-05-02T14:46:12.449+0000] {logging_mixin.py:190} INFO - [2026-05-02T14:46:12.449+0000] {dag.py:4180} INFO - Setting next_dagrun for orders_kafka_to_s3 to 2026-05-02 00:00:00+00:00, run_after=2026-05-03 00:00:00+00:00
[2026-05-02T14:46:12.474+0000] {processor.py:208} INFO - Processing /opt/airflow/dags/main.py took 0.210 seconds
[2026-05-02T14:46:42.584+0000] {processor.py:186} INFO - Started process (PID=5008) to work on /opt/airflow/dags/main.py
[2026-05-02T14:46:42.585+0000] {processor.py:914} INFO - Processing file /opt/airflow/dags/main.py for tasks to queue
[2026-05-02T14:46:42.588+0000] {logging_mixin.py:190} INFO - [2026-05-02T14:46:42.587+0000] {dagbag.py:588} INFO - Filling up the DagBag from /opt/airflow/dags/main.py
[2026-05-02T14:46:42.706+0000] {processor.py:925} INFO - DAG(s) 'orders_kafka_to_s3' retrieved from /opt/airflow/dags/main.py
[2026-05-02T14:46:42.732+0000] {logging_mixin.py:190} INFO - [2026-05-02T14:46:42.732+0000] {dag.py:3239} INFO - Sync 1 DAGs
[2026-05-02T14:46:42.755+0000] {logging_mixin.py:190} INFO - [2026-05-02T14:46:42.755+0000] {dag.py:4180} INFO - Setting next_dagrun for orders_kafka_to_s3 to 2026-05-02 00:00:00+00:00, run_after=2026-05-03 00:00:00+00:00
[2026-05-02T14:46:42.779+0000] {processor.py:208} INFO - Processing /opt/airflow/dags/main.py took 0.204 seconds
[2026-05-02T14:47:12.993+0000] {processor.py:186} INFO - Started process (PID=5014) to work on /opt/airflow/dags/main.py
[2026-05-02T14:47:12.995+0000] {processor.py:914} INFO - Processing file /opt/airflow/dags/main.py for tasks to queue
[2026-05-02T14:47:13.000+0000] {logging_mixin.py:190} INFO - [2026-05-02T14:47:12.999+0000] {dagbag.py:588} INFO - Filling up the DagBag from /opt/airflow/dags/main.py
[2026-05-02T14:47:13.138+0000] {processor.py:925} INFO - DAG(s) 'orders_kafka_to_s3' retrieved from /opt/airflow/dags/main.py
[2026-05-02T14:47:13.170+0000] {logging_mixin.py:190} INFO - [2026-05-02T14:47:13.170+0000] {dag.py:3239} INFO - Sync 1 DAGs
[2026-05-02T14:47:13.201+0000] {logging_mixin.py:190} INFO - [2026-05-02T14:47:13.201+0000] {dag.py:4180} INFO - Setting next_dagrun for orders_kafka_to_s3 to 2026-05-02 00:00:00+00:00, run_after=2026-05-03 00:00:00+00:00
[2026-05-02T14:47:13.230+0000] {processor.py:208} INFO - Processing /opt/airflow/dags/main.py took 0.255 seconds
[2026-05-02T14:47:43.562+0000] {processor.py:186} INFO - Started process (PID=5021) to work on /opt/airflow/dags/main.py
[2026-05-02T14:47:43.563+0000] {processor.py:914} INFO - Processing file /opt/airflow/dags/main.py for tasks to queue
[2026-05-02T14:47:43.568+0000] {logging_mixin.py:190} INFO - [2026-05-02T14:47:43.567+0000] {dagbag.py:588} INFO - Filling up the DagBag from /opt/airflow/dags/main.py
[2026-05-02T14:47:43.795+0000] {processor.py:925} INFO - DAG(s) 'orders_kafka_to_s3' retrieved from /opt/airflow/dags/main.py
[2026-05-02T14:47:43.837+0000] {logging_mixin.py:190} INFO - [2026-05-02T14:47:43.837+0000] {dag.py:3239} INFO - Sync 1 DAGs
[2026-05-02T14:47:43.881+0000] {logging_mixin.py:190} INFO - [2026-05-02T14:47:43.881+0000] {dag.py:4180} INFO - Setting next_dagrun for orders_kafka_to_s3 to 2026-05-02 00:00:00+00:00, run_after=2026-05-03 00:00:00+00:00
[2026-05-02T14:47:43.912+0000] {processor.py:208} INFO - Processing /opt/airflow/dags/main.py took 0.361 seconds
[2026-05-02T14:48:14.513+0000] {processor.py:186} INFO - Started process (PID=5028) to work on /opt/airflow/dags/main.py
[2026-05-02T14:48:14.514+0000] {processor.py:914} INFO - Processing file /opt/airflow/dags/main.py for tasks to queue
[2026-05-02T14:48:14.518+0000] {logging_mixin.py:190} INFO - [2026-05-02T14:48:14.518+0000] {dagbag.py:588} INFO - Filling up the DagBag from /opt/airflow/dags/main.py
[2026-05-02T14:48:14.643+0000] {processor.py:925} INFO - DAG(s) 'orders_kafka_to_s3' retrieved from /opt/airflow/dags/main.py
[2026-05-02T14:48:14.674+0000] {logging_mixin.py:190} INFO - [2026-05-02T14:48:14.674+0000] {dag.py:3239} INFO - Sync 1 DAGs
[2026-05-02T14:48:14.700+0000] {logging_mixin.py:190} INFO - [2026-05-02T14:48:14.700+0000] {dag.py:4180} INFO - Setting next_dagrun for orders_kafka_to_s3 to 2026-05-02 00:00:00+00:00, run_after=2026-05-03 00:00:00+00:00
[2026-05-02T14:48:14.722+0000] {processor.py:208} INFO - Processing /opt/airflow/dags/main.py took 0.217 seconds
[2026-05-02T14:48:45.626+0000] {processor.py:186} INFO - Started process (PID=5035) to work on /opt/airflow/dags/main.py
[2026-05-02T14:48:45.627+0000] {processor.py:914} INFO - Processing file /opt/airflow/dags/main.py for tasks to queue
[2026-05-02T14:48:45.631+0000] {logging_mixin.py:190} INFO - [2026-05-02T14:48:45.631+0000] {dagbag.py:588} INFO - Filling up the DagBag from /opt/airflow/dags/main.py
[2026-05-02T14:48:45.764+0000] {processor.py:925} INFO - DAG(s) 'orders_kafka_to_s3' retrieved from /opt/airflow/dags/main.py
[2026-05-02T14:48:45.794+0000] {logging_mixin.py:190} INFO - [2026-05-02T14:48:45.794+0000] {dag.py:3239} INFO - Sync 1 DAGs
[2026-05-02T14:48:45.824+0000] {logging_mixin.py:190} INFO - [2026-05-02T14:48:45.823+0000] {dag.py:4180} INFO - Setting next_dagrun for orders_kafka_to_s3 to 2026-05-02 00:00:00+00:00, run_after=2026-05-03 00:00:00+00:00
[2026-05-02T14:48:45.849+0000] {processor.py:208} INFO - Processing /opt/airflow/dags/main.py took 0.231 seconds
[2026-05-02T14:49:16.025+0000] {processor.py:186} INFO - Started process (PID=5042) to work on /opt/airflow/dags/main.py
[2026-05-02T14:49:16.028+0000] {processor.py:914} INFO - Processing file /opt/airflow/dags/main.py for tasks to queue
[2026-05-02T14:49:16.033+0000] {logging_mixin.py:190} INFO - [2026-05-02T14:49:16.033+0000] {dagbag.py:588} INFO - Filling up the DagBag from /opt/airflow/dags/main.py
[2026-05-02T14:49:16.180+0000] {processor.py:925} INFO - DAG(s) 'orders_kafka_to_s3' retrieved from /opt/airflow/dags/main.py
[2026-05-02T14:49:16.219+0000] {logging_mixin.py:190} INFO - [2026-05-02T14:49:16.218+0000] {dag.py:3239} INFO - Sync 1 DAGs
[2026-05-02T14:49:16.257+0000] {logging_mixin.py:190} INFO - [2026-05-02T14:49:16.257+0000] {dag.py:4180} INFO - Setting next_dagrun for orders_kafka_to_s3 to 2026-05-02 00:00:00+00:00, run_after=2026-05-03 00:00:00+00:00
[2026-05-02T14:49:16.285+0000] {processor.py:208} INFO - Processing /opt/airflow/dags/main.py took 0.273 seconds
[2026-05-02T14:49:46.615+0000] {processor.py:186} INFO - Started process (PID=5049) to work on /opt/airflow/dags/main.py
[2026-05-02T14:49:46.616+0000] {processor.py:914} INFO - Processing file /opt/airflow/dags/main.py for tasks to queue
[2026-05-02T14:49:46.619+0000] {logging_mixin.py:190} INFO - [2026-05-02T14:49:46.619+0000] {dagbag.py:588} INFO - Filling up the DagBag from /opt/airflow/dags/main.py
[2026-05-02T14:49:46.753+0000] {processor.py:925} INFO - DAG(s) 'orders_kafka_to_s3' retrieved from /opt/airflow/dags/main.py
[2026-05-02T14:49:46.783+0000] {logging_mixin.py:190} INFO - [2026-05-02T14:49:46.783+0000] {dag.py:3239} INFO - Sync 1 DAGs
[2026-05-02T14:49:46.811+0000] {logging_mixin.py:190} INFO - [2026-05-02T14:49:46.811+0000] {dag.py:4180} INFO - Setting next_dagrun for orders_kafka_to_s3 to 2026-05-02 00:00:00+00:00, run_after=2026-05-03 00:00:00+00:00
[2026-05-02T14:49:46.836+0000] {processor.py:208} INFO - Processing /opt/airflow/dags/main.py took 0.229 seconds
[2026-05-02T14:50:17.758+0000] {processor.py:186} INFO - Started process (PID=5056) to work on /opt/airflow/dags/main.py
[2026-05-02T14:50:17.760+0000] {processor.py:914} INFO - Processing file /opt/airflow/dags/main.py for tasks to queue
[2026-05-02T14:50:17.763+0000] {logging_mixin.py:190} INFO - [2026-05-02T14:50:17.762+0000] {dagbag.py:588} INFO - Filling up the DagBag from /opt/airflow/dags/main.py
[2026-05-02T14:50:17.889+0000] {processor.py:925} INFO - DAG(s) 'orders_kafka_to_s3' retrieved from /opt/airflow/dags/main.py
[2026-05-02T14:50:17.923+0000] {logging_mixin.py:190} INFO - [2026-05-02T14:50:17.922+0000] {dag.py:3239} INFO - Sync 1 DAGs
[2026-05-02T14:50:17.950+0000] {logging_mixin.py:190} INFO - [2026-05-02T14:50:17.950+0000] {dag.py:4180} INFO - Setting next_dagrun for orders_kafka_to_s3 to 2026-05-02 00:00:00+00:00, run_after=2026-05-03 00:00:00+00:00
[2026-05-02T14:50:17.977+0000] {processor.py:208} INFO - Processing /opt/airflow/dags/main.py took 0.226 seconds
[2026-05-02T14:50:48.363+0000] {processor.py:186} INFO - Started process (PID=5063) to work on /opt/airflow/dags/main.py
[2026-05-02T14:50:48.364+0000] {processor.py:914} INFO - Processing file /opt/airflow/dags/main.py for tasks to queue
[2026-05-02T14:50:48.367+0000] {logging_mixin.py:190} INFO - [2026-05-02T14:50:48.367+0000] {dagbag.py:588} INFO - Filling up the DagBag from /opt/airflow/dags/main.py
[2026-05-02T14:50:48.491+0000] {processor.py:925} INFO - DAG(s) 'orders_kafka_to_s3' retrieved from /opt/airflow/dags/main.py
[2026-05-02T14:50:48.519+0000] {logging_mixin.py:190} INFO - [2026-05-02T14:50:48.519+0000] {dag.py:3239} INFO - Sync 1 DAGs
[2026-05-02T14:50:48.541+0000] {logging_mixin.py:190} INFO - [2026-05-02T14:50:48.541+0000] {dag.py:4180} INFO - Setting next_dagrun for orders_kafka_to_s3 to 2026-05-02 00:00:00+00:00, run_after=2026-05-03 00:00:00+00:00
[2026-05-02T14:50:48.560+0000] {processor.py:208} INFO - Processing /opt/airflow/dags/main.py took 0.203 seconds
[2026-05-02T14:51:18.621+0000] {processor.py:186} INFO - Started process (PID=5070) to work on /opt/airflow/dags/main.py
[2026-05-02T14:51:18.623+0000] {processor.py:914} INFO - Processing file /opt/airflow/dags/main.py for tasks to queue
[2026-05-02T14:51:18.628+0000] {logging_mixin.py:190} INFO - [2026-05-02T14:51:18.627+0000] {dagbag.py:588} INFO - Filling up the DagBag from /opt/airflow/dags/main.py
[2026-05-02T14:51:18.780+0000] {processor.py:925} INFO - DAG(s) 'orders_kafka_to_s3' retrieved from /opt/airflow/dags/main.py
[2026-05-02T14:51:18.816+0000] {logging_mixin.py:190} INFO - [2026-05-02T14:51:18.816+0000] {dag.py:3239} INFO - Sync 1 DAGs
[2026-05-02T14:51:18.847+0000] {logging_mixin.py:190} INFO - [2026-05-02T14:51:18.847+0000] {dag.py:4180} INFO - Setting next_dagrun for orders_kafka_to_s3 to 2026-05-02 00:00:00+00:00, run_after=2026-05-03 00:00:00+00:00
[2026-05-02T14:51:18.871+0000] {processor.py:208} INFO - Processing /opt/airflow/dags/main.py took 0.259 seconds
[2026-05-02T14:51:49.271+0000] {processor.py:186} INFO - Started process (PID=5077) to work on /opt/airflow/dags/main.py
[2026-05-02T14:51:49.272+0000] {processor.py:914} INFO - Processing file /opt/airflow/dags/main.py for tasks to queue
[2026-05-02T14:51:49.276+0000] {logging_mixin.py:190} INFO - [2026-05-02T14:51:49.275+0000] {dagbag.py:588} INFO - Filling up the DagBag from /opt/airflow/dags/main.py
[2026-05-02T14:51:49.395+0000] {processor.py:925} INFO - DAG(s) 'orders_kafka_to_s3' retrieved from /opt/airflow/dags/main.py
[2026-05-02T14:51:49.422+0000] {logging_mixin.py:190} INFO - [2026-05-02T14:51:49.422+0000] {dag.py:3239} INFO - Sync 1 DAGs
[2026-05-02T14:51:49.449+0000] {logging_mixin.py:190} INFO - [2026-05-02T14:51:49.449+0000] {dag.py:4180} INFO - Setting next_dagrun for orders_kafka_to_s3 to 2026-05-02 00:00:00+00:00, run_after=2026-05-03 00:00:00+00:00
[2026-05-02T14:51:49.470+0000] {processor.py:208} INFO - Processing /opt/airflow/dags/main.py took 0.206 seconds
[2026-05-02T14:52:19.689+0000] {processor.py:186} INFO - Started process (PID=5084) to work on /opt/airflow/dags/main.py
[2026-05-02T14:52:19.691+0000] {processor.py:914} INFO - Processing file /opt/airflow/dags/main.py for tasks to queue
[2026-05-02T14:52:19.694+0000] {logging_mixin.py:190} INFO - [2026-05-02T14:52:19.694+0000] {dagbag.py:588} INFO - Filling up the DagBag from /opt/airflow/dags/main.py
[2026-05-02T14:52:19.815+0000] {processor.py:925} INFO - DAG(s) 'orders_kafka_to_s3' retrieved from /opt/airflow/dags/main.py
[2026-05-02T14:52:19.843+0000] {logging_mixin.py:190} INFO - [2026-05-02T14:52:19.843+0000] {dag.py:3239} INFO - Sync 1 DAGs
[2026-05-02T14:52:19.868+0000] {logging_mixin.py:190} INFO - [2026-05-02T14:52:19.868+0000] {dag.py:4180} INFO - Setting next_dagrun for orders_kafka_to_s3 to 2026-05-02 00:00:00+00:00, run_after=2026-05-03 00:00:00+00:00
[2026-05-02T14:52:19.898+0000] {processor.py:208} INFO - Processing /opt/airflow/dags/main.py took 0.216 seconds
[2026-05-02T14:52:50.086+0000] {processor.py:186} INFO - Started process (PID=5091) to work on /opt/airflow/dags/main.py
[2026-05-02T14:52:50.089+0000] {processor.py:914} INFO - Processing file /opt/airflow/dags/main.py for tasks to queue
[2026-05-02T14:52:50.091+0000] {logging_mixin.py:190} INFO - [2026-05-02T14:52:50.091+0000] {dagbag.py:588} INFO - Filling up the DagBag from /opt/airflow/dags/main.py
[2026-05-02T14:52:50.207+0000] {processor.py:925} INFO - DAG(s) 'orders_kafka_to_s3' retrieved from /opt/airflow/dags/main.py
[2026-05-02T14:52:50.234+0000] {logging_mixin.py:190} INFO - [2026-05-02T14:52:50.234+0000] {dag.py:3239} INFO - Sync 1 DAGs
[2026-05-02T14:52:50.260+0000] {logging_mixin.py:190} INFO - [2026-05-02T14:52:50.260+0000] {dag.py:4180} INFO - Setting next_dagrun for orders_kafka_to_s3 to 2026-05-02 00:00:00+00:00, run_after=2026-05-03 00:00:00+00:00
[2026-05-02T14:52:50.279+0000] {processor.py:208} INFO - Processing /opt/airflow/dags/main.py took 0.200 seconds
[2026-05-02T14:53:20.439+0000] {processor.py:186} INFO - Started process (PID=5098) to work on /opt/airflow/dags/main.py
[2026-05-02T14:53:20.441+0000] {processor.py:914} INFO - Processing file /opt/airflow/dags/main.py for tasks to queue
[2026-05-02T14:53:20.445+0000] {logging_mixin.py:190} INFO - [2026-05-02T14:53:20.444+0000] {dagbag.py:588} INFO - Filling up the DagBag from /opt/airflow/dags/main.py
[2026-05-02T14:53:20.632+0000] {processor.py:925} INFO - DAG(s) 'orders_kafka_to_s3' retrieved from /opt/airflow/dags/main.py
[2026-05-02T14:53:20.679+0000] {logging_mixin.py:190} INFO - [2026-05-02T14:53:20.678+0000] {dag.py:3239} INFO - Sync 1 DAGs
[2026-05-02T14:53:20.716+0000] {logging_mixin.py:190} INFO - [2026-05-02T14:53:20.715+0000] {dag.py:4180} INFO - Setting next_dagrun for orders_kafka_to_s3 to 2026-05-02 00:00:00+00:00, run_after=2026-05-03 00:00:00+00:00
[2026-05-02T14:53:20.742+0000] {processor.py:208} INFO - Processing /opt/airflow/dags/main.py took 0.315 seconds
[2026-05-02T14:53:51.424+0000] {processor.py:186} INFO - Started process (PID=5105) to work on /opt/airflow/dags/main.py
[2026-05-02T14:53:51.427+0000] {processor.py:914} INFO - Processing file /opt/airflow/dags/main.py for tasks to queue
[2026-05-02T14:53:51.435+0000] {logging_mixin.py:190} INFO - [2026-05-02T14:53:51.434+0000] {dagbag.py:588} INFO - Filling up the DagBag from /opt/airflow/dags/main.py
[2026-05-02T14:53:51.696+0000] {processor.py:925} INFO - DAG(s) 'orders_kafka_to_s3' retrieved from /opt/airflow/dags/main.py
[2026-05-02T14:53:51.739+0000] {logging_mixin.py:190} INFO - [2026-05-02T14:53:51.739+0000] {dag.py:3239} INFO - Sync 1 DAGs
[2026-05-02T14:53:51.774+0000] {logging_mixin.py:190} INFO - [2026-05-02T14:53:51.774+0000] {dag.py:4180} INFO - Setting next_dagrun for orders_kafka_to_s3 to 2026-05-02 00:00:00+00:00, run_after=2026-05-03 00:00:00+00:00
[2026-05-02T14:53:51.799+0000] {processor.py:208} INFO - Processing /opt/airflow/dags/main.py took 0.398 seconds
[2026-05-02T14:54:22.003+0000] {processor.py:186} INFO - Started process (PID=5112) to work on /opt/airflow/dags/main.py
[2026-05-02T14:54:22.004+0000] {processor.py:914} INFO - Processing file /opt/airflow/dags/main.py for tasks to queue
[2026-05-02T14:54:22.008+0000] {logging_mixin.py:190} INFO - [2026-05-02T14:54:22.008+0000] {dagbag.py:588} INFO - Filling up the DagBag from /opt/airflow/dags/main.py
[2026-05-02T14:54:22.143+0000] {processor.py:925} INFO - DAG(s) 'orders_kafka_to_s3' retrieved from /opt/airflow/dags/main.py
[2026-05-02T14:54:22.172+0000] {logging_mixin.py:190} INFO - [2026-05-02T14:54:22.172+0000] {dag.py:3239} INFO - Sync 1 DAGs
[2026-05-02T14:54:22.196+0000] {logging_mixin.py:190} INFO - [2026-05-02T14:54:22.195+0000] {dag.py:4180} INFO - Setting next_dagrun for orders_kafka_to_s3 to 2026-05-02 00:00:00+00:00, run_after=2026-05-03 00:00:00+00:00
[2026-05-02T14:54:22.218+0000] {processor.py:208} INFO - Processing /opt/airflow/dags/main.py took 0.223 seconds
[2026-05-02T14:54:52.481+0000] {processor.py:186} INFO - Started process (PID=5119) to work on /opt/airflow/dags/main.py
[2026-05-02T14:54:52.482+0000] {processor.py:914} INFO - Processing file /opt/airflow/dags/main.py for tasks to queue
[2026-05-02T14:54:52.485+0000] {logging_mixin.py:190} INFO - [2026-05-02T14:54:52.485+0000] {dagbag.py:588} INFO - Filling up the DagBag from /opt/airflow/dags/main.py
[2026-05-02T14:54:52.609+0000] {processor.py:925} INFO - DAG(s) 'orders_kafka_to_s3' retrieved from /opt/airflow/dags/main.py
[2026-05-02T14:54:52.636+0000] {logging_mixin.py:190} INFO - [2026-05-02T14:54:52.636+0000] {dag.py:3239} INFO - Sync 1 DAGs
[2026-05-02T14:54:52.660+0000] {logging_mixin.py:190} INFO - [2026-05-02T14:54:52.659+0000] {dag.py:4180} INFO - Setting next_dagrun for orders_kafka_to_s3 to 2026-05-02 00:00:00+00:00, run_after=2026-05-03 00:00:00+00:00
[2026-05-02T14:54:52.679+0000] {processor.py:208} INFO - Processing /opt/airflow/dags/main.py took 0.205 seconds
[2026-05-02T14:55:22.976+0000] {processor.py:186} INFO - Started process (PID=5126) to work on /opt/airflow/dags/main.py
[2026-05-02T14:55:22.978+0000] {processor.py:914} INFO - Processing file /opt/airflow/dags/main.py for tasks to queue
[2026-05-02T14:55:22.982+0000] {logging_mixin.py:190} INFO - [2026-05-02T14:55:22.982+0000] {dagbag.py:588} INFO - Filling up the DagBag from /opt/airflow/dags/main.py
[2026-05-02T14:55:23.122+0000] {processor.py:925} INFO - DAG(s) 'orders_kafka_to_s3' retrieved from /opt/airflow/dags/main.py
[2026-05-02T14:55:23.154+0000] {logging_mixin.py:190} INFO - [2026-05-02T14:55:23.154+0000] {dag.py:3239} INFO - Sync 1 DAGs
[2026-05-02T14:55:23.186+0000] {logging_mixin.py:190} INFO - [2026-05-02T14:55:23.186+0000] {dag.py:4180} INFO - Setting next_dagrun for orders_kafka_to_s3 to 2026-05-02 00:00:00+00:00, run_after=2026-05-03 00:00:00+00:00
[2026-05-02T14:55:23.211+0000] {processor.py:208} INFO - Processing /opt/airflow/dags/main.py took 0.242 seconds
[2026-05-02T14:55:53.327+0000] {processor.py:186} INFO - Started process (PID=5132) to work on /opt/airflow/dags/main.py
[2026-05-02T14:55:53.328+0000] {processor.py:914} INFO - Processing file /opt/airflow/dags/main.py for tasks to queue
[2026-05-02T14:55:53.332+0000] {logging_mixin.py:190} INFO - [2026-05-02T14:55:53.332+0000] {dagbag.py:588} INFO - Filling up the DagBag from /opt/airflow/dags/main.py
[2026-05-02T14:55:53.454+0000] {processor.py:925} INFO - DAG(s) 'orders_kafka_to_s3' retrieved from /opt/airflow/dags/main.py
[2026-05-02T14:55:53.483+0000] {logging_mixin.py:190} INFO - [2026-05-02T14:55:53.483+0000] {dag.py:3239} INFO - Sync 1 DAGs
[2026-05-02T14:55:53.510+0000] {logging_mixin.py:190} INFO - [2026-05-02T14:55:53.509+0000] {dag.py:4180} INFO - Setting next_dagrun for orders_kafka_to_s3 to 2026-05-02 00:00:00+00:00, run_after=2026-05-03 00:00:00+00:00
[2026-05-02T14:55:53.531+0000] {processor.py:208} INFO - Processing /opt/airflow/dags/main.py took 0.211 seconds
[2026-05-02T14:56:23.721+0000] {processor.py:186} INFO - Started process (PID=5139) to work on /opt/airflow/dags/main.py
[2026-05-02T14:56:23.724+0000] {processor.py:914} INFO - Processing file /opt/airflow/dags/main.py for tasks to queue
[2026-05-02T14:56:23.726+0000] {logging_mixin.py:190} INFO - [2026-05-02T14:56:23.726+0000] {dagbag.py:588} INFO - Filling up the DagBag from /opt/airflow/dags/main.py
[2026-05-02T14:56:23.850+0000] {processor.py:925} INFO - DAG(s) 'orders_kafka_to_s3' retrieved from /opt/airflow/dags/main.py
[2026-05-02T14:56:23.881+0000] {logging_mixin.py:190} INFO - [2026-05-02T14:56:23.880+0000] {dag.py:3239} INFO - Sync 1 DAGs
[2026-05-02T14:56:23.909+0000] {logging_mixin.py:190} INFO - [2026-05-02T14:56:23.909+0000] {dag.py:4180} INFO - Setting next_dagrun for orders_kafka_to_s3 to 2026-05-02 00:00:00+00:00, run_after=2026-05-03 00:00:00+00:00
[2026-05-02T14:56:23.940+0000] {processor.py:208} INFO - Processing /opt/airflow/dags/main.py took 0.225 seconds
[2026-05-02T14:56:54.354+0000] {processor.py:186} INFO - Started process (PID=5146) to work on /opt/airflow/dags/main.py
[2026-05-02T14:56:54.358+0000] {processor.py:914} INFO - Processing file /opt/airflow/dags/main.py for tasks to queue
[2026-05-02T14:56:54.363+0000] {logging_mixin.py:190} INFO - [2026-05-02T14:56:54.362+0000] {dagbag.py:588} INFO - Filling up the DagBag from /opt/airflow/dags/main.py
[2026-05-02T14:56:54.545+0000] {processor.py:925} INFO - DAG(s) 'orders_kafka_to_s3' retrieved from /opt/airflow/dags/main.py
[2026-05-02T14:56:54.577+0000] {logging_mixin.py:190} INFO - [2026-05-02T14:56:54.576+0000] {dag.py:3239} INFO - Sync 1 DAGs
[2026-05-02T14:56:54.610+0000] {logging_mixin.py:190} INFO - [2026-05-02T14:56:54.610+0000] {dag.py:4180} INFO - Setting next_dagrun for orders_kafka_to_s3 to 2026-05-02 00:00:00+00:00, run_after=2026-05-03 00:00:00+00:00
[2026-05-02T14:56:54.654+0000] {processor.py:208} INFO - Processing /opt/airflow/dags/main.py took 0.308 seconds
[2026-05-02T14:57:24.890+0000] {processor.py:186} INFO - Started process (PID=5153) to work on /opt/airflow/dags/main.py
[2026-05-02T14:57:24.893+0000] {processor.py:914} INFO - Processing file /opt/airflow/dags/main.py for tasks to queue
[2026-05-02T14:57:24.898+0000] {logging_mixin.py:190} INFO - [2026-05-02T14:57:24.897+0000] {dagbag.py:588} INFO - Filling up the DagBag from /opt/airflow/dags/main.py
[2026-05-02T14:57:25.031+0000] {processor.py:925} INFO - DAG(s) 'orders_kafka_to_s3' retrieved from /opt/airflow/dags/main.py
[2026-05-02T14:57:25.068+0000] {logging_mixin.py:190} INFO - [2026-05-02T14:57:25.068+0000] {dag.py:3239} INFO - Sync 1 DAGs
[2026-05-02T14:57:25.099+0000] {logging_mixin.py:190} INFO - [2026-05-02T14:57:25.099+0000] {dag.py:4180} INFO - Setting next_dagrun for orders_kafka_to_s3 to 2026-05-02 00:00:00+00:00, run_after=2026-05-03 00:00:00+00:00
[2026-05-02T14:57:25.123+0000] {processor.py:208} INFO - Processing /opt/airflow/dags/main.py took 0.252 seconds
[2026-05-02T14:57:55.649+0000] {processor.py:186} INFO - Started process (PID=5160) to work on /opt/airflow/dags/main.py
[2026-05-02T14:57:55.651+0000] {processor.py:914} INFO - Processing file /opt/airflow/dags/main.py for tasks to queue
[2026-05-02T14:57:55.655+0000] {logging_mixin.py:190} INFO - [2026-05-02T14:57:55.655+0000] {dagbag.py:588} INFO - Filling up the DagBag from /opt/airflow/dags/main.py
[2026-05-02T14:57:55.829+0000] {processor.py:925} INFO - DAG(s) 'orders_kafka_to_s3' retrieved from /opt/airflow/dags/main.py
[2026-05-02T14:57:55.891+0000] {logging_mixin.py:190} INFO - [2026-05-02T14:57:55.891+0000] {dag.py:3239} INFO - Sync 1 DAGs
[2026-05-02T14:57:55.926+0000] {logging_mixin.py:190} INFO - [2026-05-02T14:57:55.926+0000] {dag.py:4180} INFO - Setting next_dagrun for orders_kafka_to_s3 to 2026-05-02 00:00:00+00:00, run_after=2026-05-03 00:00:00+00:00
[2026-05-02T14:57:55.958+0000] {processor.py:208} INFO - Processing /opt/airflow/dags/main.py took 0.318 seconds
[2026-05-02T14:58:26.214+0000] {processor.py:186} INFO - Started process (PID=5167) to work on /opt/airflow/dags/main.py
[2026-05-02T14:58:26.216+0000] {processor.py:914} INFO - Processing file /opt/airflow/dags/main.py for tasks to queue
[2026-05-02T14:58:26.223+0000] {logging_mixin.py:190} INFO - [2026-05-02T14:58:26.222+0000] {dagbag.py:588} INFO - Filling up the DagBag from /opt/airflow/dags/main.py
[2026-05-02T14:58:26.363+0000] {processor.py:925} INFO - DAG(s) 'orders_kafka_to_s3' retrieved from /opt/airflow/dags/main.py
[2026-05-02T14:58:26.402+0000] {logging_mixin.py:190} INFO - [2026-05-02T14:58:26.401+0000] {dag.py:3239} INFO - Sync 1 DAGs
[2026-05-02T14:58:26.440+0000] {logging_mixin.py:190} INFO - [2026-05-02T14:58:26.439+0000] {dag.py:4180} INFO - Setting next_dagrun for orders_kafka_to_s3 to 2026-05-02 00:00:00+00:00, run_after=2026-05-03 00:00:00+00:00
[2026-05-02T14:58:26.467+0000] {processor.py:208} INFO - Processing /opt/airflow/dags/main.py took 0.267 seconds
[2026-05-02T14:58:57.092+0000] {processor.py:186} INFO - Started process (PID=5175) to work on /opt/airflow/dags/main.py
[2026-05-02T14:58:57.094+0000] {processor.py:914} INFO - Processing file /opt/airflow/dags/main.py for tasks to queue
[2026-05-02T14:58:57.098+0000] {logging_mixin.py:190} INFO - [2026-05-02T14:58:57.097+0000] {dagbag.py:588} INFO - Filling up the DagBag from /opt/airflow/dags/main.py
[2026-05-02T14:58:57.237+0000] {processor.py:925} INFO - DAG(s) 'orders_kafka_to_s3' retrieved from /opt/airflow/dags/main.py
[2026-05-02T14:58:57.265+0000] {logging_mixin.py:190} INFO - [2026-05-02T14:58:57.265+0000] {dag.py:3239} INFO - Sync 1 DAGs
[2026-05-02T14:58:57.294+0000] {logging_mixin.py:190} INFO - [2026-05-02T14:58:57.294+0000] {dag.py:4180} INFO - Setting next_dagrun for orders_kafka_to_s3 to 2026-05-02 00:00:00+00:00, run_after=2026-05-03 00:00:00+00:00
[2026-05-02T14:58:57.319+0000] {processor.py:208} INFO - Processing /opt/airflow/dags/main.py took 0.246 seconds
[2026-05-02T14:59:27.535+0000] {processor.py:186} INFO - Started process (PID=5183) to work on /opt/airflow/dags/main.py
[2026-05-02T14:59:27.537+0000] {processor.py:914} INFO - Processing file /opt/airflow/dags/main.py for tasks to queue
[2026-05-02T14:59:27.541+0000] {logging_mixin.py:190} INFO - [2026-05-02T14:59:27.541+0000] {dagbag.py:588} INFO - Filling up the DagBag from /opt/airflow/dags/main.py
[2026-05-02T14:59:27.699+0000] {processor.py:925} INFO - DAG(s) 'orders_kafka_to_s3' retrieved from /opt/airflow/dags/main.py
[2026-05-02T14:59:27.736+0000] {logging_mixin.py:190} INFO - [2026-05-02T14:59:27.736+0000] {dag.py:3239} INFO - Sync 1 DAGs
[2026-05-02T14:59:27.772+0000] {logging_mixin.py:190} INFO - [2026-05-02T14:59:27.772+0000] {dag.py:4180} INFO - Setting next_dagrun for orders_kafka_to_s3 to 2026-05-02 00:00:00+00:00, run_after=2026-05-03 00:00:00+00:00
[2026-05-02T14:59:27.820+0000] {processor.py:208} INFO - Processing /opt/airflow/dags/main.py took 0.294 seconds
[2026-05-02T14:59:58.228+0000] {processor.py:186} INFO - Started process (PID=5190) to work on /opt/airflow/dags/main.py
[2026-05-02T14:59:58.230+0000] {processor.py:914} INFO - Processing file /opt/airflow/dags/main.py for tasks to queue
[2026-05-02T14:59:58.235+0000] {logging_mixin.py:190} INFO - [2026-05-02T14:59:58.234+0000] {dagbag.py:588} INFO - Filling up the DagBag from /opt/airflow/dags/main.py
[2026-05-02T14:59:58.397+0000] {processor.py:925} INFO - DAG(s) 'orders_kafka_to_s3' retrieved from /opt/airflow/dags/main.py
[2026-05-02T14:59:58.432+0000] {logging_mixin.py:190} INFO - [2026-05-02T14:59:58.432+0000] {dag.py:3239} INFO - Sync 1 DAGs
[2026-05-02T14:59:58.465+0000] {logging_mixin.py:190} INFO - [2026-05-02T14:59:58.464+0000] {dag.py:4180} INFO - Setting next_dagrun for orders_kafka_to_s3 to 2026-05-02 00:00:00+00:00, run_after=2026-05-03 00:00:00+00:00
[2026-05-02T14:59:58.502+0000] {processor.py:208} INFO - Processing /opt/airflow/dags/main.py took 0.287 seconds
[2026-05-02T15:00:28.889+0000] {processor.py:186} INFO - Started process (PID=5203) to work on /opt/airflow/dags/main.py
[2026-05-02T15:00:28.891+0000] {processor.py:914} INFO - Processing file /opt/airflow/dags/main.py for tasks to queue
[2026-05-02T15:00:28.896+0000] {logging_mixin.py:190} INFO - [2026-05-02T15:00:28.895+0000] {dagbag.py:588} INFO - Filling up the DagBag from /opt/airflow/dags/main.py
[2026-05-02T15:00:29.061+0000] {processor.py:925} INFO - DAG(s) 'orders_kafka_to_s3' retrieved from /opt/airflow/dags/main.py
[2026-05-02T15:00:29.097+0000] {logging_mixin.py:190} INFO - [2026-05-02T15:00:29.097+0000] {dag.py:3239} INFO - Sync 1 DAGs
[2026-05-02T15:00:29.130+0000] {logging_mixin.py:190} INFO - [2026-05-02T15:00:29.129+0000] {dag.py:4180} INFO - Setting next_dagrun for orders_kafka_to_s3 to 2026-05-02 00:00:00+00:00, run_after=2026-05-03 00:00:00+00:00
[2026-05-02T15:00:29.174+0000] {processor.py:208} INFO - Processing /opt/airflow/dags/main.py took 0.297 seconds
[2026-05-02T15:00:59.429+0000] {processor.py:186} INFO - Started process (PID=5209) to work on /opt/airflow/dags/main.py
[2026-05-02T15:00:59.431+0000] {processor.py:914} INFO - Processing file /opt/airflow/dags/main.py for tasks to queue
[2026-05-02T15:00:59.435+0000] {logging_mixin.py:190} INFO - [2026-05-02T15:00:59.435+0000] {dagbag.py:588} INFO - Filling up the DagBag from /opt/airflow/dags/main.py
[2026-05-02T15:00:59.569+0000] {processor.py:925} INFO - DAG(s) 'orders_kafka_to_s3' retrieved from /opt/airflow/dags/main.py
[2026-05-02T15:00:59.630+0000] {logging_mixin.py:190} INFO - [2026-05-02T15:00:59.629+0000] {dag.py:3239} INFO - Sync 1 DAGs
[2026-05-02T15:00:59.660+0000] {logging_mixin.py:190} INFO - [2026-05-02T15:00:59.659+0000] {dag.py:4180} INFO - Setting next_dagrun for orders_kafka_to_s3 to 2026-05-02 00:00:00+00:00, run_after=2026-05-03 00:00:00+00:00
[2026-05-02T15:00:59.686+0000] {processor.py:208} INFO - Processing /opt/airflow/dags/main.py took 0.269 seconds
[2026-05-02T15:01:30.265+0000] {processor.py:186} INFO - Started process (PID=5217) to work on /opt/airflow/dags/main.py
[2026-05-02T15:01:30.267+0000] {processor.py:914} INFO - Processing file /opt/airflow/dags/main.py for tasks to queue
[2026-05-02T15:01:30.271+0000] {logging_mixin.py:190} INFO - [2026-05-02T15:01:30.270+0000] {dagbag.py:588} INFO - Filling up the DagBag from /opt/airflow/dags/main.py
[2026-05-02T15:01:30.407+0000] {processor.py:925} INFO - DAG(s) 'orders_kafka_to_s3' retrieved from /opt/airflow/dags/main.py
[2026-05-02T15:01:30.435+0000] {logging_mixin.py:190} INFO - [2026-05-02T15:01:30.435+0000] {dag.py:3239} INFO - Sync 1 DAGs
[2026-05-02T15:01:30.462+0000] {logging_mixin.py:190} INFO - [2026-05-02T15:01:30.462+0000] {dag.py:4180} INFO - Setting next_dagrun for orders_kafka_to_s3 to 2026-05-02 00:00:00+00:00, run_after=2026-05-03 00:00:00+00:00
[2026-05-02T15:01:30.491+0000] {processor.py:208} INFO - Processing /opt/airflow/dags/main.py took 0.237 seconds
[2026-05-02T15:02:00.811+0000] {processor.py:186} INFO - Started process (PID=5224) to work on /opt/airflow/dags/main.py
[2026-05-02T15:02:00.814+0000] {processor.py:914} INFO - Processing file /opt/airflow/dags/main.py for tasks to queue
[2026-05-02T15:02:00.822+0000] {logging_mixin.py:190} INFO - [2026-05-02T15:02:00.821+0000] {dagbag.py:588} INFO - Filling up the DagBag from /opt/airflow/dags/main.py
[2026-05-02T15:02:01.009+0000] {processor.py:925} INFO - DAG(s) 'orders_kafka_to_s3' retrieved from /opt/airflow/dags/main.py
[2026-05-02T15:02:01.042+0000] {logging_mixin.py:190} INFO - [2026-05-02T15:02:01.042+0000] {dag.py:3239} INFO - Sync 1 DAGs
[2026-05-02T15:02:01.078+0000] {logging_mixin.py:190} INFO - [2026-05-02T15:02:01.078+0000] {dag.py:4180} INFO - Setting next_dagrun for orders_kafka_to_s3 to 2026-05-02 00:00:00+00:00, run_after=2026-05-03 00:00:00+00:00
[2026-05-02T15:02:01.110+0000] {processor.py:208} INFO - Processing /opt/airflow/dags/main.py took 0.316 seconds
[2026-05-02T15:02:31.637+0000] {processor.py:186} INFO - Started process (PID=5231) to work on /opt/airflow/dags/main.py
[2026-05-02T15:02:31.639+0000] {processor.py:914} INFO - Processing file /opt/airflow/dags/main.py for tasks to queue
[2026-05-02T15:02:31.643+0000] {logging_mixin.py:190} INFO - [2026-05-02T15:02:31.643+0000] {dagbag.py:588} INFO - Filling up the DagBag from /opt/airflow/dags/main.py
[2026-05-02T15:02:31.871+0000] {processor.py:925} INFO - DAG(s) 'orders_kafka_to_s3' retrieved from /opt/airflow/dags/main.py
[2026-05-02T15:02:31.903+0000] {logging_mixin.py:190} INFO - [2026-05-02T15:02:31.903+0000] {dag.py:3239} INFO - Sync 1 DAGs
[2026-05-02T15:02:31.932+0000] {logging_mixin.py:190} INFO - [2026-05-02T15:02:31.932+0000] {dag.py:4180} INFO - Setting next_dagrun for orders_kafka_to_s3 to 2026-05-02 00:00:00+00:00, run_after=2026-05-03 00:00:00+00:00
[2026-05-02T15:02:31.957+0000] {processor.py:208} INFO - Processing /opt/airflow/dags/main.py took 0.332 seconds
[2026-05-02T15:03:02.200+0000] {processor.py:186} INFO - Started process (PID=5238) to work on /opt/airflow/dags/main.py
[2026-05-02T15:03:02.202+0000] {processor.py:914} INFO - Processing file /opt/airflow/dags/main.py for tasks to queue
[2026-05-02T15:03:02.208+0000] {logging_mixin.py:190} INFO - [2026-05-02T15:03:02.207+0000] {dagbag.py:588} INFO - Filling up the DagBag from /opt/airflow/dags/main.py
[2026-05-02T15:03:02.367+0000] {processor.py:925} INFO - DAG(s) 'orders_kafka_to_s3' retrieved from /opt/airflow/dags/main.py
[2026-05-02T15:03:02.405+0000] {logging_mixin.py:190} INFO - [2026-05-02T15:03:02.405+0000] {dag.py:3239} INFO - Sync 1 DAGs
[2026-05-02T15:03:02.434+0000] {logging_mixin.py:190} INFO - [2026-05-02T15:03:02.434+0000] {dag.py:4180} INFO - Setting next_dagrun for orders_kafka_to_s3 to 2026-05-02 00:00:00+00:00, run_after=2026-05-03 00:00:00+00:00
[2026-05-02T15:03:02.467+0000] {processor.py:208} INFO - Processing /opt/airflow/dags/main.py took 0.281 seconds
[2026-05-02T15:03:32.961+0000] {processor.py:186} INFO - Started process (PID=5245) to work on /opt/airflow/dags/main.py
[2026-05-02T15:03:32.963+0000] {processor.py:914} INFO - Processing file /opt/airflow/dags/main.py for tasks to queue
[2026-05-02T15:03:32.967+0000] {logging_mixin.py:190} INFO - [2026-05-02T15:03:32.967+0000] {dagbag.py:588} INFO - Filling up the DagBag from /opt/airflow/dags/main.py
[2026-05-02T15:03:33.100+0000] {processor.py:925} INFO - DAG(s) 'orders_kafka_to_s3' retrieved from /opt/airflow/dags/main.py
[2026-05-02T15:03:33.129+0000] {logging_mixin.py:190} INFO - [2026-05-02T15:03:33.129+0000] {dag.py:3239} INFO - Sync 1 DAGs
[2026-05-02T15:03:33.154+0000] {logging_mixin.py:190} INFO - [2026-05-02T15:03:33.154+0000] {dag.py:4180} INFO - Setting next_dagrun for orders_kafka_to_s3 to 2026-05-02 00:00:00+00:00, run_after=2026-05-03 00:00:00+00:00
[2026-05-02T15:03:33.188+0000] {processor.py:208} INFO - Processing /opt/airflow/dags/main.py took 0.235 seconds
[2026-05-02T15:04:03.461+0000] {processor.py:186} INFO - Started process (PID=5252) to work on /opt/airflow/dags/main.py
[2026-05-02T15:04:03.463+0000] {processor.py:914} INFO - Processing file /opt/airflow/dags/main.py for tasks to queue
[2026-05-02T15:04:03.470+0000] {logging_mixin.py:190} INFO - [2026-05-02T15:04:03.470+0000] {dagbag.py:588} INFO - Filling up the DagBag from /opt/airflow/dags/main.py
[2026-05-02T15:04:03.654+0000] {processor.py:925} INFO - DAG(s) 'orders_kafka_to_s3' retrieved from /opt/airflow/dags/main.py
[2026-05-02T15:04:03.686+0000] {logging_mixin.py:190} INFO - [2026-05-02T15:04:03.685+0000] {dag.py:3239} INFO - Sync 1 DAGs
[2026-05-02T15:04:03.714+0000] {logging_mixin.py:190} INFO - [2026-05-02T15:04:03.713+0000] {dag.py:4180} INFO - Setting next_dagrun for orders_kafka_to_s3 to 2026-05-02 00:00:00+00:00, run_after=2026-05-03 00:00:00+00:00
[2026-05-02T15:04:03.754+0000] {processor.py:208} INFO - Processing /opt/airflow/dags/main.py took 0.310 seconds
[2026-05-02T15:04:34.253+0000] {processor.py:186} INFO - Started process (PID=5259) to work on /opt/airflow/dags/main.py
[2026-05-02T15:04:34.259+0000] {processor.py:914} INFO - Processing file /opt/airflow/dags/main.py for tasks to queue
[2026-05-02T15:04:34.269+0000] {logging_mixin.py:190} INFO - [2026-05-02T15:04:34.268+0000] {dagbag.py:588} INFO - Filling up the DagBag from /opt/airflow/dags/main.py
[2026-05-02T15:04:34.502+0000] {processor.py:925} INFO - DAG(s) 'orders_kafka_to_s3' retrieved from /opt/airflow/dags/main.py
[2026-05-02T15:04:34.541+0000] {logging_mixin.py:190} INFO - [2026-05-02T15:04:34.541+0000] {dag.py:3239} INFO - Sync 1 DAGs
[2026-05-02T15:04:34.575+0000] {logging_mixin.py:190} INFO - [2026-05-02T15:04:34.575+0000] {dag.py:4180} INFO - Setting next_dagrun for orders_kafka_to_s3 to 2026-05-02 00:00:00+00:00, run_after=2026-05-03 00:00:00+00:00
[2026-05-02T15:04:34.605+0000] {processor.py:208} INFO - Processing /opt/airflow/dags/main.py took 0.373 seconds
[2026-05-02T15:05:04.817+0000] {processor.py:186} INFO - Started process (PID=5265) to work on /opt/airflow/dags/main.py
[2026-05-02T15:05:04.821+0000] {processor.py:914} INFO - Processing file /opt/airflow/dags/main.py for tasks to queue
[2026-05-02T15:05:04.825+0000] {logging_mixin.py:190} INFO - [2026-05-02T15:05:04.825+0000] {dagbag.py:588} INFO - Filling up the DagBag from /opt/airflow/dags/main.py
[2026-05-02T15:05:04.994+0000] {processor.py:925} INFO - DAG(s) 'orders_kafka_to_s3' retrieved from /opt/airflow/dags/main.py
[2026-05-02T15:05:05.029+0000] {logging_mixin.py:190} INFO - [2026-05-02T15:05:05.029+0000] {dag.py:3239} INFO - Sync 1 DAGs
[2026-05-02T15:05:05.057+0000] {logging_mixin.py:190} INFO - [2026-05-02T15:05:05.056+0000] {dag.py:4180} INFO - Setting next_dagrun for orders_kafka_to_s3 to 2026-05-02 00:00:00+00:00, run_after=2026-05-03 00:00:00+00:00
[2026-05-02T15:05:05.094+0000] {processor.py:208} INFO - Processing /opt/airflow/dags/main.py took 0.288 seconds
[2026-05-02T15:05:35.487+0000] {processor.py:186} INFO - Started process (PID=5271) to work on /opt/airflow/dags/main.py
[2026-05-02T15:05:35.489+0000] {processor.py:914} INFO - Processing file /opt/airflow/dags/main.py for tasks to queue
[2026-05-02T15:05:35.494+0000] {logging_mixin.py:190} INFO - [2026-05-02T15:05:35.493+0000] {dagbag.py:588} INFO - Filling up the DagBag from /opt/airflow/dags/main.py
[2026-05-02T15:05:35.649+0000] {processor.py:925} INFO - DAG(s) 'orders_kafka_to_s3' retrieved from /opt/airflow/dags/main.py
[2026-05-02T15:05:35.692+0000] {logging_mixin.py:190} INFO - [2026-05-02T15:05:35.692+0000] {dag.py:3239} INFO - Sync 1 DAGs
[2026-05-02T15:05:35.727+0000] {logging_mixin.py:190} INFO - [2026-05-02T15:05:35.726+0000] {dag.py:4180} INFO - Setting next_dagrun for orders_kafka_to_s3 to 2026-05-02 00:00:00+00:00, run_after=2026-05-03 00:00:00+00:00
[2026-05-02T15:05:35.758+0000] {processor.py:208} INFO - Processing /opt/airflow/dags/main.py took 0.282 seconds
[2026-05-02T15:06:06.253+0000] {processor.py:186} INFO - Started process (PID=5278) to work on /opt/airflow/dags/main.py
[2026-05-02T15:06:06.255+0000] {processor.py:914} INFO - Processing file /opt/airflow/dags/main.py for tasks to queue
[2026-05-02T15:06:06.259+0000] {logging_mixin.py:190} INFO - [2026-05-02T15:06:06.258+0000] {dagbag.py:588} INFO - Filling up the DagBag from /opt/airflow/dags/main.py
[2026-05-02T15:06:06.457+0000] {processor.py:925} INFO - DAG(s) 'orders_kafka_to_s3' retrieved from /opt/airflow/dags/main.py
[2026-05-02T15:06:06.490+0000] {logging_mixin.py:190} INFO - [2026-05-02T15:06:06.489+0000] {dag.py:3239} INFO - Sync 1 DAGs
[2026-05-02T15:06:06.525+0000] {logging_mixin.py:190} INFO - [2026-05-02T15:06:06.525+0000] {dag.py:4180} INFO - Setting next_dagrun for orders_kafka_to_s3 to 2026-05-02 00:00:00+00:00, run_after=2026-05-03 00:00:00+00:00
[2026-05-02T15:06:06.553+0000] {processor.py:208} INFO - Processing /opt/airflow/dags/main.py took 0.318 seconds
[2026-05-02T15:06:36.898+0000] {processor.py:186} INFO - Started process (PID=5285) to work on /opt/airflow/dags/main.py
[2026-05-02T15:06:36.900+0000] {processor.py:914} INFO - Processing file /opt/airflow/dags/main.py for tasks to queue
[2026-05-02T15:06:36.907+0000] {logging_mixin.py:190} INFO - [2026-05-02T15:06:36.906+0000] {dagbag.py:588} INFO - Filling up the DagBag from /opt/airflow/dags/main.py
[2026-05-02T15:06:37.127+0000] {processor.py:925} INFO - DAG(s) 'orders_kafka_to_s3' retrieved from /opt/airflow/dags/main.py
[2026-05-02T15:06:37.159+0000] {logging_mixin.py:190} INFO - [2026-05-02T15:06:37.159+0000] {dag.py:3239} INFO - Sync 1 DAGs
[2026-05-02T15:06:37.190+0000] {logging_mixin.py:190} INFO - [2026-05-02T15:06:37.189+0000] {dag.py:4180} INFO - Setting next_dagrun for orders_kafka_to_s3 to 2026-05-02 00:00:00+00:00, run_after=2026-05-03 00:00:00+00:00
[2026-05-02T15:06:37.218+0000] {processor.py:208} INFO - Processing /opt/airflow/dags/main.py took 0.345 seconds
[2026-05-02T15:07:07.332+0000] {processor.py:186} INFO - Started process (PID=5292) to work on /opt/airflow/dags/main.py
[2026-05-02T15:07:07.334+0000] {processor.py:914} INFO - Processing file /opt/airflow/dags/main.py for tasks to queue
[2026-05-02T15:07:07.341+0000] {logging_mixin.py:190} INFO - [2026-05-02T15:07:07.339+0000] {dagbag.py:588} INFO - Filling up the DagBag from /opt/airflow/dags/main.py
[2026-05-02T15:07:07.519+0000] {processor.py:925} INFO - DAG(s) 'orders_kafka_to_s3' retrieved from /opt/airflow/dags/main.py
[2026-05-02T15:07:07.547+0000] {logging_mixin.py:190} INFO - [2026-05-02T15:07:07.547+0000] {dag.py:3239} INFO - Sync 1 DAGs
[2026-05-02T15:07:07.578+0000] {logging_mixin.py:190} INFO - [2026-05-02T15:07:07.578+0000] {dag.py:4180} INFO - Setting next_dagrun for orders_kafka_to_s3 to 2026-05-02 00:00:00+00:00, run_after=2026-05-03 00:00:00+00:00
[2026-05-02T15:07:07.610+0000] {processor.py:208} INFO - Processing /opt/airflow/dags/main.py took 0.295 seconds
[2026-05-02T15:07:37.930+0000] {processor.py:186} INFO - Started process (PID=5299) to work on /opt/airflow/dags/main.py
[2026-05-02T15:07:37.932+0000] {processor.py:914} INFO - Processing file /opt/airflow/dags/main.py for tasks to queue
[2026-05-02T15:07:37.939+0000] {logging_mixin.py:190} INFO - [2026-05-02T15:07:37.938+0000] {dagbag.py:588} INFO - Filling up the DagBag from /opt/airflow/dags/main.py
[2026-05-02T15:07:38.083+0000] {processor.py:925} INFO - DAG(s) 'orders_kafka_to_s3' retrieved from /opt/airflow/dags/main.py
[2026-05-02T15:07:38.120+0000] {logging_mixin.py:190} INFO - [2026-05-02T15:07:38.120+0000] {dag.py:3239} INFO - Sync 1 DAGs
[2026-05-02T15:07:38.150+0000] {logging_mixin.py:190} INFO - [2026-05-02T15:07:38.150+0000] {dag.py:4180} INFO - Setting next_dagrun for orders_kafka_to_s3 to 2026-05-02 00:00:00+00:00, run_after=2026-05-03 00:00:00+00:00
[2026-05-02T15:07:38.176+0000] {processor.py:208} INFO - Processing /opt/airflow/dags/main.py took 0.255 seconds
[2026-05-02T15:08:08.756+0000] {processor.py:186} INFO - Started process (PID=5306) to work on /opt/airflow/dags/main.py
[2026-05-02T15:08:08.758+0000] {processor.py:914} INFO - Processing file /opt/airflow/dags/main.py for tasks to queue
[2026-05-02T15:08:08.765+0000] {logging_mixin.py:190} INFO - [2026-05-02T15:08:08.764+0000] {dagbag.py:588} INFO - Filling up the DagBag from /opt/airflow/dags/main.py
[2026-05-02T15:08:08.958+0000] {processor.py:925} INFO - DAG(s) 'orders_kafka_to_s3' retrieved from /opt/airflow/dags/main.py
[2026-05-02T15:08:08.986+0000] {logging_mixin.py:190} INFO - [2026-05-02T15:08:08.986+0000] {dag.py:3239} INFO - Sync 1 DAGs
[2026-05-02T15:08:09.013+0000] {logging_mixin.py:190} INFO - [2026-05-02T15:08:09.013+0000] {dag.py:4180} INFO - Setting next_dagrun for orders_kafka_to_s3 to 2026-05-02 00:00:00+00:00, run_after=2026-05-03 00:00:00+00:00
[2026-05-02T15:08:09.043+0000] {processor.py:208} INFO - Processing /opt/airflow/dags/main.py took 0.304 seconds
[2026-05-02T15:08:39.294+0000] {processor.py:186} INFO - Started process (PID=5313) to work on /opt/airflow/dags/main.py
[2026-05-02T15:08:39.296+0000] {processor.py:914} INFO - Processing file /opt/airflow/dags/main.py for tasks to queue
[2026-05-02T15:08:39.306+0000] {logging_mixin.py:190} INFO - [2026-05-02T15:08:39.305+0000] {dagbag.py:588} INFO - Filling up the DagBag from /opt/airflow/dags/main.py
[2026-05-02T15:08:39.512+0000] {processor.py:925} INFO - DAG(s) 'orders_kafka_to_s3' retrieved from /opt/airflow/dags/main.py
[2026-05-02T15:08:39.545+0000] {logging_mixin.py:190} INFO - [2026-05-02T15:08:39.544+0000] {dag.py:3239} INFO - Sync 1 DAGs
[2026-05-02T15:08:39.571+0000] {logging_mixin.py:190} INFO - [2026-05-02T15:08:39.570+0000] {dag.py:4180} INFO - Setting next_dagrun for orders_kafka_to_s3 to 2026-05-02 00:00:00+00:00, run_after=2026-05-03 00:00:00+00:00
[2026-05-02T15:08:39.594+0000] {processor.py:208} INFO - Processing /opt/airflow/dags/main.py took 0.310 seconds
[2026-05-02T15:09:14.763+0000] {processor.py:186} INFO - Started process (PID=5320) to work on /opt/airflow/dags/main.py
[2026-05-02T15:09:14.765+0000] {processor.py:914} INFO - Processing file /opt/airflow/dags/main.py for tasks to queue
[2026-05-02T15:09:14.771+0000] {logging_mixin.py:190} INFO - [2026-05-02T15:09:14.770+0000] {dagbag.py:588} INFO - Filling up the DagBag from /opt/airflow/dags/main.py
[2026-05-02T15:09:14.955+0000] {processor.py:925} INFO - DAG(s) 'orders_kafka_to_s3' retrieved from /opt/airflow/dags/main.py
[2026-05-02T15:09:15.012+0000] {logging_mixin.py:190} INFO - [2026-05-02T15:09:15.012+0000] {dag.py:3239} INFO - Sync 1 DAGs
[2026-05-02T15:09:15.050+0000] {logging_mixin.py:190} INFO - [2026-05-02T15:09:15.050+0000] {dag.py:4180} INFO - Setting next_dagrun for orders_kafka_to_s3 to 2026-05-02 00:00:00+00:00, run_after=2026-05-03 00:00:00+00:00
[2026-05-02T15:09:15.078+0000] {processor.py:208} INFO - Processing /opt/airflow/dags/main.py took 0.328 seconds
[2026-05-02T15:09:45.924+0000] {processor.py:186} INFO - Started process (PID=5327) to work on /opt/airflow/dags/main.py
[2026-05-02T15:09:45.927+0000] {processor.py:914} INFO - Processing file /opt/airflow/dags/main.py for tasks to queue
[2026-05-02T15:09:45.932+0000] {logging_mixin.py:190} INFO - [2026-05-02T15:09:45.931+0000] {dagbag.py:588} INFO - Filling up the DagBag from /opt/airflow/dags/main.py
[2026-05-02T15:09:46.117+0000] {processor.py:925} INFO - DAG(s) 'orders_kafka_to_s3' retrieved from /opt/airflow/dags/main.py
[2026-05-02T15:09:46.149+0000] {logging_mixin.py:190} INFO - [2026-05-02T15:09:46.149+0000] {dag.py:3239} INFO - Sync 1 DAGs
[2026-05-02T15:09:46.178+0000] {logging_mixin.py:190} INFO - [2026-05-02T15:09:46.178+0000] {dag.py:4180} INFO - Setting next_dagrun for orders_kafka_to_s3 to 2026-05-02 00:00:00+00:00, run_after=2026-05-03 00:00:00+00:00
[2026-05-02T15:09:46.203+0000] {processor.py:208} INFO - Processing /opt/airflow/dags/main.py took 0.297 seconds
[2026-05-02T15:10:16.825+0000] {processor.py:186} INFO - Started process (PID=5334) to work on /opt/airflow/dags/main.py
[2026-05-02T15:10:16.827+0000] {processor.py:914} INFO - Processing file /opt/airflow/dags/main.py for tasks to queue
[2026-05-02T15:10:16.831+0000] {logging_mixin.py:190} INFO - [2026-05-02T15:10:16.831+0000] {dagbag.py:588} INFO - Filling up the DagBag from /opt/airflow/dags/main.py
[2026-05-02T15:10:17.032+0000] {processor.py:925} INFO - DAG(s) 'orders_kafka_to_s3' retrieved from /opt/airflow/dags/main.py
[2026-05-02T15:10:17.090+0000] {logging_mixin.py:190} INFO - [2026-05-02T15:10:17.089+0000] {dag.py:3239} INFO - Sync 1 DAGs
[2026-05-02T15:10:17.151+0000] {logging_mixin.py:190} INFO - [2026-05-02T15:10:17.150+0000] {dag.py:4180} INFO - Setting next_dagrun for orders_kafka_to_s3 to 2026-05-02 00:00:00+00:00, run_after=2026-05-03 00:00:00+00:00
[2026-05-02T15:10:17.197+0000] {processor.py:208} INFO - Processing /opt/airflow/dags/main.py took 0.380 seconds
[2026-05-02T15:10:47.477+0000] {processor.py:186} INFO - Started process (PID=5341) to work on /opt/airflow/dags/main.py
[2026-05-02T15:10:47.478+0000] {processor.py:914} INFO - Processing file /opt/airflow/dags/main.py for tasks to queue
[2026-05-02T15:10:47.483+0000] {logging_mixin.py:190} INFO - [2026-05-02T15:10:47.483+0000] {dagbag.py:588} INFO - Filling up the DagBag from /opt/airflow/dags/main.py
[2026-05-02T15:10:47.660+0000] {processor.py:925} INFO - DAG(s) 'orders_kafka_to_s3' retrieved from /opt/airflow/dags/main.py
[2026-05-02T15:10:47.690+0000] {logging_mixin.py:190} INFO - [2026-05-02T15:10:47.690+0000] {dag.py:3239} INFO - Sync 1 DAGs
[2026-05-02T15:10:47.719+0000] {logging_mixin.py:190} INFO - [2026-05-02T15:10:47.719+0000] {dag.py:4180} INFO - Setting next_dagrun for orders_kafka_to_s3 to 2026-05-02 00:00:00+00:00, run_after=2026-05-03 00:00:00+00:00
[2026-05-02T15:10:47.757+0000] {processor.py:208} INFO - Processing /opt/airflow/dags/main.py took 0.290 seconds
[2026-05-02T15:11:18.184+0000] {processor.py:186} INFO - Started process (PID=5348) to work on /opt/airflow/dags/main.py
[2026-05-02T15:11:18.187+0000] {processor.py:914} INFO - Processing file /opt/airflow/dags/main.py for tasks to queue
[2026-05-02T15:11:18.191+0000] {logging_mixin.py:190} INFO - [2026-05-02T15:11:18.191+0000] {dagbag.py:588} INFO - Filling up the DagBag from /opt/airflow/dags/main.py
[2026-05-02T15:11:18.326+0000] {processor.py:925} INFO - DAG(s) 'orders_kafka_to_s3' retrieved from /opt/airflow/dags/main.py
[2026-05-02T15:11:18.365+0000] {logging_mixin.py:190} INFO - [2026-05-02T15:11:18.365+0000] {dag.py:3239} INFO - Sync 1 DAGs
[2026-05-02T15:11:18.399+0000] {logging_mixin.py:190} INFO - [2026-05-02T15:11:18.399+0000] {dag.py:4180} INFO - Setting next_dagrun for orders_kafka_to_s3 to 2026-05-02 00:00:00+00:00, run_after=2026-05-03 00:00:00+00:00
[2026-05-02T15:11:18.429+0000] {processor.py:208} INFO - Processing /opt/airflow/dags/main.py took 0.259 seconds
[2026-05-02T15:11:49.042+0000] {processor.py:186} INFO - Started process (PID=5355) to work on /opt/airflow/dags/main.py
[2026-05-02T15:11:49.044+0000] {processor.py:914} INFO - Processing file /opt/airflow/dags/main.py for tasks to queue
[2026-05-02T15:11:49.052+0000] {logging_mixin.py:190} INFO - [2026-05-02T15:11:49.051+0000] {dagbag.py:588} INFO - Filling up the DagBag from /opt/airflow/dags/main.py
[2026-05-02T15:11:49.270+0000] {processor.py:925} INFO - DAG(s) 'orders_kafka_to_s3' retrieved from /opt/airflow/dags/main.py
[2026-05-02T15:11:49.316+0000] {logging_mixin.py:190} INFO - [2026-05-02T15:11:49.316+0000] {dag.py:3239} INFO - Sync 1 DAGs
[2026-05-02T15:11:49.363+0000] {logging_mixin.py:190} INFO - [2026-05-02T15:11:49.363+0000] {dag.py:4180} INFO - Setting next_dagrun for orders_kafka_to_s3 to 2026-05-02 00:00:00+00:00, run_after=2026-05-03 00:00:00+00:00
[2026-05-02T15:11:49.407+0000] {processor.py:208} INFO - Processing /opt/airflow/dags/main.py took 0.374 seconds
[2026-05-02T15:12:19.733+0000] {processor.py:186} INFO - Started process (PID=5362) to work on /opt/airflow/dags/main.py
[2026-05-02T15:12:19.736+0000] {processor.py:914} INFO - Processing file /opt/airflow/dags/main.py for tasks to queue
[2026-05-02T15:12:19.742+0000] {logging_mixin.py:190} INFO - [2026-05-02T15:12:19.741+0000] {dagbag.py:588} INFO - Filling up the DagBag from /opt/airflow/dags/main.py
[2026-05-02T15:12:19.933+0000] {processor.py:925} INFO - DAG(s) 'orders_kafka_to_s3' retrieved from /opt/airflow/dags/main.py
[2026-05-02T15:12:19.962+0000] {logging_mixin.py:190} INFO - [2026-05-02T15:12:19.962+0000] {dag.py:3239} INFO - Sync 1 DAGs
[2026-05-02T15:12:19.988+0000] {logging_mixin.py:190} INFO - [2026-05-02T15:12:19.988+0000] {dag.py:4180} INFO - Setting next_dagrun for orders_kafka_to_s3 to 2026-05-02 00:00:00+00:00, run_after=2026-05-03 00:00:00+00:00
[2026-05-02T15:12:20.016+0000] {processor.py:208} INFO - Processing /opt/airflow/dags/main.py took 0.302 seconds
[2026-05-02T15:12:50.557+0000] {processor.py:186} INFO - Started process (PID=5369) to work on /opt/airflow/dags/main.py
[2026-05-02T15:12:50.559+0000] {processor.py:914} INFO - Processing file /opt/airflow/dags/main.py for tasks to queue
[2026-05-02T15:12:50.563+0000] {logging_mixin.py:190} INFO - [2026-05-02T15:12:50.562+0000] {dagbag.py:588} INFO - Filling up the DagBag from /opt/airflow/dags/main.py
[2026-05-02T15:12:50.738+0000] {processor.py:925} INFO - DAG(s) 'orders_kafka_to_s3' retrieved from /opt/airflow/dags/main.py
[2026-05-02T15:12:50.859+0000] {logging_mixin.py:190} INFO - [2026-05-02T15:12:50.858+0000] {dag.py:3239} INFO - Sync 1 DAGs
[2026-05-02T15:12:51.141+0000] {logging_mixin.py:190} INFO - [2026-05-02T15:12:51.140+0000] {dag.py:4180} INFO - Setting next_dagrun for orders_kafka_to_s3 to 2026-05-02 00:00:00+00:00, run_after=2026-05-03 00:00:00+00:00
[2026-05-02T15:12:51.274+0000] {processor.py:208} INFO - Processing /opt/airflow/dags/main.py took 0.725 seconds
[2026-05-02T15:13:21.914+0000] {processor.py:186} INFO - Started process (PID=5376) to work on /opt/airflow/dags/main.py
[2026-05-02T15:13:21.919+0000] {processor.py:914} INFO - Processing file /opt/airflow/dags/main.py for tasks to queue
[2026-05-02T15:13:21.928+0000] {logging_mixin.py:190} INFO - [2026-05-02T15:13:21.927+0000] {dagbag.py:588} INFO - Filling up the DagBag from /opt/airflow/dags/main.py
[2026-05-02T15:13:22.075+0000] {processor.py:925} INFO - DAG(s) 'orders_kafka_to_s3' retrieved from /opt/airflow/dags/main.py
[2026-05-02T15:13:22.117+0000] {logging_mixin.py:190} INFO - [2026-05-02T15:13:22.117+0000] {dag.py:3239} INFO - Sync 1 DAGs
[2026-05-02T15:13:22.149+0000] {logging_mixin.py:190} INFO - [2026-05-02T15:13:22.149+0000] {dag.py:4180} INFO - Setting next_dagrun for orders_kafka_to_s3 to 2026-05-02 00:00:00+00:00, run_after=2026-05-03 00:00:00+00:00
[2026-05-02T15:13:22.181+0000] {processor.py:208} INFO - Processing /opt/airflow/dags/main.py took 0.282 seconds
[2026-05-02T15:13:52.577+0000] {processor.py:186} INFO - Started process (PID=5383) to work on /opt/airflow/dags/main.py
[2026-05-02T15:13:52.579+0000] {processor.py:914} INFO - Processing file /opt/airflow/dags/main.py for tasks to queue
[2026-05-02T15:13:52.585+0000] {logging_mixin.py:190} INFO - [2026-05-02T15:13:52.584+0000] {dagbag.py:588} INFO - Filling up the DagBag from /opt/airflow/dags/main.py
[2026-05-02T15:13:52.788+0000] {processor.py:925} INFO - DAG(s) 'orders_kafka_to_s3' retrieved from /opt/airflow/dags/main.py
[2026-05-02T15:13:52.823+0000] {logging_mixin.py:190} INFO - [2026-05-02T15:13:52.823+0000] {dag.py:3239} INFO - Sync 1 DAGs
[2026-05-02T15:13:52.855+0000] {logging_mixin.py:190} INFO - [2026-05-02T15:13:52.855+0000] {dag.py:4180} INFO - Setting next_dagrun for orders_kafka_to_s3 to 2026-05-02 00:00:00+00:00, run_after=2026-05-03 00:00:00+00:00
[2026-05-02T15:13:52.892+0000] {processor.py:208} INFO - Processing /opt/airflow/dags/main.py took 0.332 seconds
[2026-05-02T15:14:23.202+0000] {processor.py:186} INFO - Started process (PID=5390) to work on /opt/airflow/dags/main.py
[2026-05-02T15:14:23.204+0000] {processor.py:914} INFO - Processing file /opt/airflow/dags/main.py for tasks to queue
[2026-05-02T15:14:23.208+0000] {logging_mixin.py:190} INFO - [2026-05-02T15:14:23.207+0000] {dagbag.py:588} INFO - Filling up the DagBag from /opt/airflow/dags/main.py
[2026-05-02T15:14:23.359+0000] {processor.py:925} INFO - DAG(s) 'orders_kafka_to_s3' retrieved from /opt/airflow/dags/main.py
[2026-05-02T15:14:23.412+0000] {logging_mixin.py:190} INFO - [2026-05-02T15:14:23.411+0000] {dag.py:3239} INFO - Sync 1 DAGs
[2026-05-02T15:14:23.448+0000] {logging_mixin.py:190} INFO - [2026-05-02T15:14:23.448+0000] {dag.py:4180} INFO - Setting next_dagrun for orders_kafka_to_s3 to 2026-05-02 00:00:00+00:00, run_after=2026-05-03 00:00:00+00:00
[2026-05-02T15:14:23.489+0000] {processor.py:208} INFO - Processing /opt/airflow/dags/main.py took 0.295 seconds
[2026-05-02T15:14:54.226+0000] {processor.py:186} INFO - Started process (PID=5397) to work on /opt/airflow/dags/main.py
[2026-05-02T15:14:54.228+0000] {processor.py:914} INFO - Processing file /opt/airflow/dags/main.py for tasks to queue
[2026-05-02T15:14:54.233+0000] {logging_mixin.py:190} INFO - [2026-05-02T15:14:54.232+0000] {dagbag.py:588} INFO - Filling up the DagBag from /opt/airflow/dags/main.py
[2026-05-02T15:14:54.359+0000] {processor.py:925} INFO - DAG(s) 'orders_kafka_to_s3' retrieved from /opt/airflow/dags/main.py
[2026-05-02T15:14:54.395+0000] {logging_mixin.py:190} INFO - [2026-05-02T15:14:54.395+0000] {dag.py:3239} INFO - Sync 1 DAGs
[2026-05-02T15:14:54.421+0000] {logging_mixin.py:190} INFO - [2026-05-02T15:14:54.421+0000] {dag.py:4180} INFO - Setting next_dagrun for orders_kafka_to_s3 to 2026-05-02 00:00:00+00:00, run_after=2026-05-03 00:00:00+00:00
[2026-05-02T15:14:54.445+0000] {processor.py:208} INFO - Processing /opt/airflow/dags/main.py took 0.236 seconds
[2026-05-02T15:15:24.946+0000] {processor.py:186} INFO - Started process (PID=5404) to work on /opt/airflow/dags/main.py
[2026-05-02T15:15:24.949+0000] {processor.py:914} INFO - Processing file /opt/airflow/dags/main.py for tasks to queue
[2026-05-02T15:15:24.955+0000] {logging_mixin.py:190} INFO - [2026-05-02T15:15:24.954+0000] {dagbag.py:588} INFO - Filling up the DagBag from /opt/airflow/dags/main.py
[2026-05-02T15:15:25.150+0000] {processor.py:925} INFO - DAG(s) 'orders_kafka_to_s3' retrieved from /opt/airflow/dags/main.py
[2026-05-02T15:15:25.195+0000] {logging_mixin.py:190} INFO - [2026-05-02T15:15:25.195+0000] {dag.py:3239} INFO - Sync 1 DAGs
[2026-05-02T15:15:25.222+0000] {logging_mixin.py:190} INFO - [2026-05-02T15:15:25.221+0000] {dag.py:4180} INFO - Setting next_dagrun for orders_kafka_to_s3 to 2026-05-02 00:00:00+00:00, run_after=2026-05-03 00:00:00+00:00
[2026-05-02T15:15:25.261+0000] {processor.py:208} INFO - Processing /opt/airflow/dags/main.py took 0.326 seconds
[2026-05-02T15:15:55.543+0000] {processor.py:186} INFO - Started process (PID=5411) to work on /opt/airflow/dags/main.py
[2026-05-02T15:15:55.545+0000] {processor.py:914} INFO - Processing file /opt/airflow/dags/main.py for tasks to queue
[2026-05-02T15:15:55.553+0000] {logging_mixin.py:190} INFO - [2026-05-02T15:15:55.552+0000] {dagbag.py:588} INFO - Filling up the DagBag from /opt/airflow/dags/main.py
[2026-05-02T15:15:55.724+0000] {processor.py:925} INFO - DAG(s) 'orders_kafka_to_s3' retrieved from /opt/airflow/dags/main.py
[2026-05-02T15:15:55.770+0000] {logging_mixin.py:190} INFO - [2026-05-02T15:15:55.770+0000] {dag.py:3239} INFO - Sync 1 DAGs
[2026-05-02T15:15:55.824+0000] {logging_mixin.py:190} INFO - [2026-05-02T15:15:55.824+0000] {dag.py:4180} INFO - Setting next_dagrun for orders_kafka_to_s3 to 2026-05-02 00:00:00+00:00, run_after=2026-05-03 00:00:00+00:00
[2026-05-02T15:15:55.864+0000] {processor.py:208} INFO - Processing /opt/airflow/dags/main.py took 0.339 seconds
[2026-05-02T15:16:26.234+0000] {processor.py:186} INFO - Started process (PID=5418) to work on /opt/airflow/dags/main.py
[2026-05-02T15:16:26.236+0000] {processor.py:914} INFO - Processing file /opt/airflow/dags/main.py for tasks to queue
[2026-05-02T15:16:26.244+0000] {logging_mixin.py:190} INFO - [2026-05-02T15:16:26.243+0000] {dagbag.py:588} INFO - Filling up the DagBag from /opt/airflow/dags/main.py
[2026-05-02T15:16:26.453+0000] {processor.py:925} INFO - DAG(s) 'orders_kafka_to_s3' retrieved from /opt/airflow/dags/main.py
[2026-05-02T15:16:26.488+0000] {logging_mixin.py:190} INFO - [2026-05-02T15:16:26.487+0000] {dag.py:3239} INFO - Sync 1 DAGs
[2026-05-02T15:16:26.541+0000] {logging_mixin.py:190} INFO - [2026-05-02T15:16:26.541+0000] {dag.py:4180} INFO - Setting next_dagrun for orders_kafka_to_s3 to 2026-05-02 00:00:00+00:00, run_after=2026-05-03 00:00:00+00:00
[2026-05-02T15:16:26.571+0000] {processor.py:208} INFO - Processing /opt/airflow/dags/main.py took 0.354 seconds
[2026-05-02T15:16:56.933+0000] {processor.py:186} INFO - Started process (PID=5425) to work on /opt/airflow/dags/main.py
[2026-05-02T15:16:56.935+0000] {processor.py:914} INFO - Processing file /opt/airflow/dags/main.py for tasks to queue
[2026-05-02T15:16:56.941+0000] {logging_mixin.py:190} INFO - [2026-05-02T15:16:56.940+0000] {dagbag.py:588} INFO - Filling up the DagBag from /opt/airflow/dags/main.py
[2026-05-02T15:16:57.079+0000] {processor.py:925} INFO - DAG(s) 'orders_kafka_to_s3' retrieved from /opt/airflow/dags/main.py
[2026-05-02T15:16:57.112+0000] {logging_mixin.py:190} INFO - [2026-05-02T15:16:57.112+0000] {dag.py:3239} INFO - Sync 1 DAGs
[2026-05-02T15:16:57.140+0000] {logging_mixin.py:190} INFO - [2026-05-02T15:16:57.140+0000] {dag.py:4180} INFO - Setting next_dagrun for orders_kafka_to_s3 to 2026-05-02 00:00:00+00:00, run_after=2026-05-03 00:00:00+00:00
[2026-05-02T15:16:57.165+0000] {processor.py:208} INFO - Processing /opt/airflow/dags/main.py took 0.248 seconds
[2026-05-02T15:17:27.330+0000] {processor.py:186} INFO - Started process (PID=5432) to work on /opt/airflow/dags/main.py
[2026-05-02T15:17:27.332+0000] {processor.py:914} INFO - Processing file /opt/airflow/dags/main.py for tasks to queue
[2026-05-02T15:17:27.336+0000] {logging_mixin.py:190} INFO - [2026-05-02T15:17:27.336+0000] {dagbag.py:588} INFO - Filling up the DagBag from /opt/airflow/dags/main.py
[2026-05-02T15:17:27.465+0000] {processor.py:925} INFO - DAG(s) 'orders_kafka_to_s3' retrieved from /opt/airflow/dags/main.py
[2026-05-02T15:17:27.515+0000] {logging_mixin.py:190} INFO - [2026-05-02T15:17:27.514+0000] {dag.py:3239} INFO - Sync 1 DAGs
[2026-05-02T15:17:27.542+0000] {logging_mixin.py:190} INFO - [2026-05-02T15:17:27.542+0000] {dag.py:4180} INFO - Setting next_dagrun for orders_kafka_to_s3 to 2026-05-02 00:00:00+00:00, run_after=2026-05-03 00:00:00+00:00
[2026-05-02T15:17:27.570+0000] {processor.py:208} INFO - Processing /opt/airflow/dags/main.py took 0.250 seconds
[2026-05-02T15:17:57.953+0000] {processor.py:186} INFO - Started process (PID=5439) to work on /opt/airflow/dags/main.py
[2026-05-02T15:17:57.954+0000] {processor.py:914} INFO - Processing file /opt/airflow/dags/main.py for tasks to queue
[2026-05-02T15:17:57.957+0000] {logging_mixin.py:190} INFO - [2026-05-02T15:17:57.957+0000] {dagbag.py:588} INFO - Filling up the DagBag from /opt/airflow/dags/main.py
[2026-05-02T15:17:58.086+0000] {processor.py:925} INFO - DAG(s) 'orders_kafka_to_s3' retrieved from /opt/airflow/dags/main.py
[2026-05-02T15:17:58.120+0000] {logging_mixin.py:190} INFO - [2026-05-02T15:17:58.120+0000] {dag.py:3239} INFO - Sync 1 DAGs
[2026-05-02T15:17:58.151+0000] {logging_mixin.py:190} INFO - [2026-05-02T15:17:58.150+0000] {dag.py:4180} INFO - Setting next_dagrun for orders_kafka_to_s3 to 2026-05-02 00:00:00+00:00, run_after=2026-05-03 00:00:00+00:00
[2026-05-02T15:17:58.176+0000] {processor.py:208} INFO - Processing /opt/airflow/dags/main.py took 0.235 seconds
[2026-05-02T15:18:28.412+0000] {processor.py:186} INFO - Started process (PID=5446) to work on /opt/airflow/dags/main.py
[2026-05-02T15:18:28.413+0000] {processor.py:914} INFO - Processing file /opt/airflow/dags/main.py for tasks to queue
[2026-05-02T15:18:28.416+0000] {logging_mixin.py:190} INFO - [2026-05-02T15:18:28.416+0000] {dagbag.py:588} INFO - Filling up the DagBag from /opt/airflow/dags/main.py
[2026-05-02T15:18:28.548+0000] {processor.py:925} INFO - DAG(s) 'orders_kafka_to_s3' retrieved from /opt/airflow/dags/main.py
[2026-05-02T15:18:28.577+0000] {logging_mixin.py:190} INFO - [2026-05-02T15:18:28.577+0000] {dag.py:3239} INFO - Sync 1 DAGs
[2026-05-02T15:18:28.605+0000] {logging_mixin.py:190} INFO - [2026-05-02T15:18:28.605+0000] {dag.py:4180} INFO - Setting next_dagrun for orders_kafka_to_s3 to 2026-05-02 00:00:00+00:00, run_after=2026-05-03 00:00:00+00:00
[2026-05-02T15:18:28.631+0000] {processor.py:208} INFO - Processing /opt/airflow/dags/main.py took 0.227 seconds
[2026-05-02T15:18:58.923+0000] {processor.py:186} INFO - Started process (PID=5453) to work on /opt/airflow/dags/main.py
[2026-05-02T15:18:58.925+0000] {processor.py:914} INFO - Processing file /opt/airflow/dags/main.py for tasks to queue
[2026-05-02T15:18:58.932+0000] {logging_mixin.py:190} INFO - [2026-05-02T15:18:58.931+0000] {dagbag.py:588} INFO - Filling up the DagBag from /opt/airflow/dags/main.py
[2026-05-02T15:18:59.140+0000] {processor.py:925} INFO - DAG(s) 'orders_kafka_to_s3' retrieved from /opt/airflow/dags/main.py
[2026-05-02T15:18:59.168+0000] {logging_mixin.py:190} INFO - [2026-05-02T15:18:59.168+0000] {dag.py:3239} INFO - Sync 1 DAGs
[2026-05-02T15:18:59.197+0000] {logging_mixin.py:190} INFO - [2026-05-02T15:18:59.197+0000] {dag.py:4180} INFO - Setting next_dagrun for orders_kafka_to_s3 to 2026-05-02 00:00:00+00:00, run_after=2026-05-03 00:00:00+00:00
[2026-05-02T15:18:59.232+0000] {processor.py:208} INFO - Processing /opt/airflow/dags/main.py took 0.323 seconds
[2026-05-02T15:19:29.653+0000] {processor.py:186} INFO - Started process (PID=5460) to work on /opt/airflow/dags/main.py
[2026-05-02T15:19:29.656+0000] {processor.py:914} INFO - Processing file /opt/airflow/dags/main.py for tasks to queue
[2026-05-02T15:19:29.665+0000] {logging_mixin.py:190} INFO - [2026-05-02T15:19:29.664+0000] {dagbag.py:588} INFO - Filling up the DagBag from /opt/airflow/dags/main.py
[2026-05-02T15:19:29.840+0000] {processor.py:925} INFO - DAG(s) 'orders_kafka_to_s3' retrieved from /opt/airflow/dags/main.py
[2026-05-02T15:19:29.885+0000] {logging_mixin.py:190} INFO - [2026-05-02T15:19:29.885+0000] {dag.py:3239} INFO - Sync 1 DAGs
[2026-05-02T15:19:29.917+0000] {logging_mixin.py:190} INFO - [2026-05-02T15:19:29.917+0000] {dag.py:4180} INFO - Setting next_dagrun for orders_kafka_to_s3 to 2026-05-02 00:00:00+00:00, run_after=2026-05-03 00:00:00+00:00
[2026-05-02T15:19:29.952+0000] {processor.py:208} INFO - Processing /opt/airflow/dags/main.py took 0.316 seconds
[2026-05-02T15:20:00.251+0000] {processor.py:186} INFO - Started process (PID=5467) to work on /opt/airflow/dags/main.py
[2026-05-02T15:20:00.253+0000] {processor.py:914} INFO - Processing file /opt/airflow/dags/main.py for tasks to queue
[2026-05-02T15:20:00.257+0000] {logging_mixin.py:190} INFO - [2026-05-02T15:20:00.257+0000] {dagbag.py:588} INFO - Filling up the DagBag from /opt/airflow/dags/main.py
[2026-05-02T15:20:00.422+0000] {processor.py:925} INFO - DAG(s) 'orders_kafka_to_s3' retrieved from /opt/airflow/dags/main.py
[2026-05-02T15:20:00.461+0000] {logging_mixin.py:190} INFO - [2026-05-02T15:20:00.460+0000] {dag.py:3239} INFO - Sync 1 DAGs
[2026-05-02T15:20:00.494+0000] {logging_mixin.py:190} INFO - [2026-05-02T15:20:00.493+0000] {dag.py:4180} INFO - Setting next_dagrun for orders_kafka_to_s3 to 2026-05-02 00:00:00+00:00, run_after=2026-05-03 00:00:00+00:00
[2026-05-02T15:20:00.527+0000] {processor.py:208} INFO - Processing /opt/airflow/dags/main.py took 0.285 seconds
[2026-05-02T15:20:30.845+0000] {processor.py:186} INFO - Started process (PID=5475) to work on /opt/airflow/dags/main.py
[2026-05-02T15:20:30.847+0000] {processor.py:914} INFO - Processing file /opt/airflow/dags/main.py for tasks to queue
[2026-05-02T15:20:30.853+0000] {logging_mixin.py:190} INFO - [2026-05-02T15:20:30.852+0000] {dagbag.py:588} INFO - Filling up the DagBag from /opt/airflow/dags/main.py
[2026-05-02T15:20:31.047+0000] {processor.py:925} INFO - DAG(s) 'orders_kafka_to_s3' retrieved from /opt/airflow/dags/main.py
[2026-05-02T15:20:31.079+0000] {logging_mixin.py:190} INFO - [2026-05-02T15:20:31.078+0000] {dag.py:3239} INFO - Sync 1 DAGs
[2026-05-02T15:20:31.106+0000] {logging_mixin.py:190} INFO - [2026-05-02T15:20:31.106+0000] {dag.py:4180} INFO - Setting next_dagrun for orders_kafka_to_s3 to 2026-05-02 00:00:00+00:00, run_after=2026-05-03 00:00:00+00:00
[2026-05-02T15:20:31.130+0000] {processor.py:208} INFO - Processing /opt/airflow/dags/main.py took 0.301 seconds
[2026-05-02T15:21:01.553+0000] {processor.py:186} INFO - Started process (PID=5482) to work on /opt/airflow/dags/main.py
[2026-05-02T15:21:01.557+0000] {processor.py:914} INFO - Processing file /opt/airflow/dags/main.py for tasks to queue
[2026-05-02T15:21:01.564+0000] {logging_mixin.py:190} INFO - [2026-05-02T15:21:01.563+0000] {dagbag.py:588} INFO - Filling up the DagBag from /opt/airflow/dags/main.py
[2026-05-02T15:21:01.727+0000] {processor.py:925} INFO - DAG(s) 'orders_kafka_to_s3' retrieved from /opt/airflow/dags/main.py
[2026-05-02T15:21:01.763+0000] {logging_mixin.py:190} INFO - [2026-05-02T15:21:01.763+0000] {dag.py:3239} INFO - Sync 1 DAGs
[2026-05-02T15:21:01.792+0000] {logging_mixin.py:190} INFO - [2026-05-02T15:21:01.792+0000] {dag.py:4180} INFO - Setting next_dagrun for orders_kafka_to_s3 to 2026-05-02 00:00:00+00:00, run_after=2026-05-03 00:00:00+00:00
[2026-05-02T15:21:01.817+0000] {processor.py:208} INFO - Processing /opt/airflow/dags/main.py took 0.282 seconds
[2026-05-02T15:21:32.198+0000] {processor.py:186} INFO - Started process (PID=5489) to work on /opt/airflow/dags/main.py
[2026-05-02T15:21:32.200+0000] {processor.py:914} INFO - Processing file /opt/airflow/dags/main.py for tasks to queue
[2026-05-02T15:21:32.204+0000] {logging_mixin.py:190} INFO - [2026-05-02T15:21:32.204+0000] {dagbag.py:588} INFO - Filling up the DagBag from /opt/airflow/dags/main.py
[2026-05-02T15:21:32.472+0000] {processor.py:925} INFO - DAG(s) 'orders_kafka_to_s3' retrieved from /opt/airflow/dags/main.py
[2026-05-02T15:21:32.503+0000] {logging_mixin.py:190} INFO - [2026-05-02T15:21:32.502+0000] {dag.py:3239} INFO - Sync 1 DAGs
[2026-05-02T15:21:32.535+0000] {logging_mixin.py:190} INFO - [2026-05-02T15:21:32.535+0000] {dag.py:4180} INFO - Setting next_dagrun for orders_kafka_to_s3 to 2026-05-02 00:00:00+00:00, run_after=2026-05-03 00:00:00+00:00
[2026-05-02T15:21:32.562+0000] {processor.py:208} INFO - Processing /opt/airflow/dags/main.py took 0.335 seconds
[2026-05-02T15:22:02.927+0000] {processor.py:186} INFO - Started process (PID=5496) to work on /opt/airflow/dags/main.py
[2026-05-02T15:22:02.929+0000] {processor.py:914} INFO - Processing file /opt/airflow/dags/main.py for tasks to queue
[2026-05-02T15:22:02.934+0000] {logging_mixin.py:190} INFO - [2026-05-02T15:22:02.933+0000] {dagbag.py:588} INFO - Filling up the DagBag from /opt/airflow/dags/main.py
[2026-05-02T15:22:03.167+0000] {processor.py:925} INFO - DAG(s) 'orders_kafka_to_s3' retrieved from /opt/airflow/dags/main.py
[2026-05-02T15:22:03.199+0000] {logging_mixin.py:190} INFO - [2026-05-02T15:22:03.198+0000] {dag.py:3239} INFO - Sync 1 DAGs
[2026-05-02T15:22:03.249+0000] {logging_mixin.py:190} INFO - [2026-05-02T15:22:03.249+0000] {dag.py:4180} INFO - Setting next_dagrun for orders_kafka_to_s3 to 2026-05-02 00:00:00+00:00, run_after=2026-05-03 00:00:00+00:00
[2026-05-02T15:22:03.277+0000] {processor.py:208} INFO - Processing /opt/airflow/dags/main.py took 0.366 seconds
[2026-05-02T15:22:33.595+0000] {processor.py:186} INFO - Started process (PID=5503) to work on /opt/airflow/dags/main.py
[2026-05-02T15:22:33.597+0000] {processor.py:914} INFO - Processing file /opt/airflow/dags/main.py for tasks to queue
[2026-05-02T15:22:33.602+0000] {logging_mixin.py:190} INFO - [2026-05-02T15:22:33.601+0000] {dagbag.py:588} INFO - Filling up the DagBag from /opt/airflow/dags/main.py
[2026-05-02T15:22:33.796+0000] {processor.py:925} INFO - DAG(s) 'orders_kafka_to_s3' retrieved from /opt/airflow/dags/main.py
[2026-05-02T15:22:33.836+0000] {logging_mixin.py:190} INFO - [2026-05-02T15:22:33.835+0000] {dag.py:3239} INFO - Sync 1 DAGs
[2026-05-02T15:22:33.883+0000] {logging_mixin.py:190} INFO - [2026-05-02T15:22:33.882+0000] {dag.py:4180} INFO - Setting next_dagrun for orders_kafka_to_s3 to 2026-05-02 00:00:00+00:00, run_after=2026-05-03 00:00:00+00:00
[2026-05-02T15:22:33.926+0000] {processor.py:208} INFO - Processing /opt/airflow/dags/main.py took 0.348 seconds
[2026-05-02T15:23:04.333+0000] {processor.py:186} INFO - Started process (PID=5510) to work on /opt/airflow/dags/main.py
[2026-05-02T15:23:04.335+0000] {processor.py:914} INFO - Processing file /opt/airflow/dags/main.py for tasks to queue
[2026-05-02T15:23:04.342+0000] {logging_mixin.py:190} INFO - [2026-05-02T15:23:04.342+0000] {dagbag.py:588} INFO - Filling up the DagBag from /opt/airflow/dags/main.py
[2026-05-02T15:23:04.539+0000] {processor.py:925} INFO - DAG(s) 'orders_kafka_to_s3' retrieved from /opt/airflow/dags/main.py
[2026-05-02T15:23:04.572+0000] {logging_mixin.py:190} INFO - [2026-05-02T15:23:04.572+0000] {dag.py:3239} INFO - Sync 1 DAGs
[2026-05-02T15:23:04.601+0000] {logging_mixin.py:190} INFO - [2026-05-02T15:23:04.601+0000] {dag.py:4180} INFO - Setting next_dagrun for orders_kafka_to_s3 to 2026-05-02 00:00:00+00:00, run_after=2026-05-03 00:00:00+00:00
[2026-05-02T15:23:04.631+0000] {processor.py:208} INFO - Processing /opt/airflow/dags/main.py took 0.312 seconds
[2026-05-02T15:23:35.018+0000] {processor.py:186} INFO - Started process (PID=5517) to work on /opt/airflow/dags/main.py
[2026-05-02T15:23:35.020+0000] {processor.py:914} INFO - Processing file /opt/airflow/dags/main.py for tasks to queue
[2026-05-02T15:23:35.028+0000] {logging_mixin.py:190} INFO - [2026-05-02T15:23:35.027+0000] {dagbag.py:588} INFO - Filling up the DagBag from /opt/airflow/dags/main.py
[2026-05-02T15:23:35.216+0000] {processor.py:925} INFO - DAG(s) 'orders_kafka_to_s3' retrieved from /opt/airflow/dags/main.py
[2026-05-02T15:23:35.249+0000] {logging_mixin.py:190} INFO - [2026-05-02T15:23:35.249+0000] {dag.py:3239} INFO - Sync 1 DAGs
[2026-05-02T15:23:35.280+0000] {logging_mixin.py:190} INFO - [2026-05-02T15:23:35.280+0000] {dag.py:4180} INFO - Setting next_dagrun for orders_kafka_to_s3 to 2026-05-02 00:00:00+00:00, run_after=2026-05-03 00:00:00+00:00
[2026-05-02T15:23:35.311+0000] {processor.py:208} INFO - Processing /opt/airflow/dags/main.py took 0.305 seconds
[2026-05-02T15:24:05.677+0000] {processor.py:186} INFO - Started process (PID=5524) to work on /opt/airflow/dags/main.py
[2026-05-02T15:24:05.680+0000] {processor.py:914} INFO - Processing file /opt/airflow/dags/main.py for tasks to queue
[2026-05-02T15:24:05.696+0000] {logging_mixin.py:190} INFO - [2026-05-02T15:24:05.686+0000] {dagbag.py:588} INFO - Filling up the DagBag from /opt/airflow/dags/main.py
[2026-05-02T15:24:06.063+0000] {processor.py:925} INFO - DAG(s) 'orders_kafka_to_s3' retrieved from /opt/airflow/dags/main.py
[2026-05-02T15:24:06.162+0000] {logging_mixin.py:190} INFO - [2026-05-02T15:24:06.161+0000] {dag.py:3239} INFO - Sync 1 DAGs
[2026-05-02T15:24:06.497+0000] {logging_mixin.py:190} INFO - [2026-05-02T15:24:06.497+0000] {dag.py:4180} INFO - Setting next_dagrun for orders_kafka_to_s3 to 2026-05-02 00:00:00+00:00, run_after=2026-05-03 00:00:00+00:00
[2026-05-02T15:24:06.585+0000] {processor.py:208} INFO - Processing /opt/airflow/dags/main.py took 0.926 seconds
