[2026-05-04T06:54:43.015+0000] {processor.py:186} INFO - Started process (PID=1358) to work on /opt/airflow/dags/main.py
[2026-05-04T06:54:43.098+0000] {processor.py:914} INFO - Processing file /opt/airflow/dags/main.py for tasks to queue
[2026-05-04T06:54:43.235+0000] {logging_mixin.py:190} INFO - [2026-05-04T06:54:43.217+0000] {dagbag.py:588} INFO - Filling up the DagBag from /opt/airflow/dags/main.py
[2026-05-04T06:54:56.037+0000] {processor.py:925} INFO - DAG(s) 'orders_kafka_to_s3' retrieved from /opt/airflow/dags/main.py
[2026-05-04T06:54:56.689+0000] {logging_mixin.py:190} INFO - [2026-05-04T06:54:56.689+0000] {dag.py:3239} INFO - Sync 1 DAGs
[2026-05-04T06:54:57.608+0000] {logging_mixin.py:190} INFO - [2026-05-04T06:54:57.582+0000] {dag.py:4180} INFO - Setting next_dagrun for orders_kafka_to_s3 to 2026-05-04 00:00:00+00:00, run_after=2026-05-05 00:00:00+00:00
[2026-05-04T06:55:01.510+0000] {processor.py:208} INFO - Processing /opt/airflow/dags/main.py took 15.939 seconds
[2026-05-04T06:55:33.939+0000] {processor.py:186} INFO - Started process (PID=1371) to work on /opt/airflow/dags/main.py
[2026-05-04T06:55:33.972+0000] {processor.py:914} INFO - Processing file /opt/airflow/dags/main.py for tasks to queue
[2026-05-04T06:55:34.124+0000] {logging_mixin.py:190} INFO - [2026-05-04T06:55:34.108+0000] {dagbag.py:588} INFO - Filling up the DagBag from /opt/airflow/dags/main.py
[2026-05-04T06:55:44.084+0000] {processor.py:925} INFO - DAG(s) 'orders_kafka_to_s3' retrieved from /opt/airflow/dags/main.py
[2026-05-04T06:55:44.710+0000] {logging_mixin.py:190} INFO - [2026-05-04T06:55:44.699+0000] {dag.py:3239} INFO - Sync 1 DAGs
[2026-05-04T06:55:45.389+0000] {logging_mixin.py:190} INFO - [2026-05-04T06:55:45.388+0000] {dag.py:4180} INFO - Setting next_dagrun for orders_kafka_to_s3 to 2026-05-04 00:00:00+00:00, run_after=2026-05-05 00:00:00+00:00
[2026-05-04T06:55:45.755+0000] {processor.py:208} INFO - Processing /opt/airflow/dags/main.py took 9.238 seconds
[2026-05-04T06:56:16.864+0000] {processor.py:186} INFO - Started process (PID=1378) to work on /opt/airflow/dags/main.py
[2026-05-04T06:56:16.866+0000] {processor.py:914} INFO - Processing file /opt/airflow/dags/main.py for tasks to queue
[2026-05-04T06:56:16.871+0000] {logging_mixin.py:190} INFO - [2026-05-04T06:56:16.870+0000] {dagbag.py:588} INFO - Filling up the DagBag from /opt/airflow/dags/main.py
[2026-05-04T06:56:17.398+0000] {processor.py:925} INFO - DAG(s) 'orders_kafka_to_s3' retrieved from /opt/airflow/dags/main.py
[2026-05-04T06:56:17.441+0000] {logging_mixin.py:190} INFO - [2026-05-04T06:56:17.441+0000] {dag.py:3239} INFO - Sync 1 DAGs
[2026-05-04T06:56:17.473+0000] {logging_mixin.py:190} INFO - [2026-05-04T06:56:17.473+0000] {dag.py:4180} INFO - Setting next_dagrun for orders_kafka_to_s3 to 2026-05-04 00:00:00+00:00, run_after=2026-05-05 00:00:00+00:00
[2026-05-04T06:56:17.501+0000] {processor.py:208} INFO - Processing /opt/airflow/dags/main.py took 0.647 seconds
[2026-05-04T06:56:48.167+0000] {processor.py:186} INFO - Started process (PID=1385) to work on /opt/airflow/dags/main.py
[2026-05-04T06:56:48.169+0000] {processor.py:914} INFO - Processing file /opt/airflow/dags/main.py for tasks to queue
[2026-05-04T06:56:48.173+0000] {logging_mixin.py:190} INFO - [2026-05-04T06:56:48.172+0000] {dagbag.py:588} INFO - Filling up the DagBag from /opt/airflow/dags/main.py
[2026-05-04T06:56:48.497+0000] {processor.py:925} INFO - DAG(s) 'orders_kafka_to_s3' retrieved from /opt/airflow/dags/main.py
[2026-05-04T06:56:48.523+0000] {logging_mixin.py:190} INFO - [2026-05-04T06:56:48.523+0000] {dag.py:3239} INFO - Sync 1 DAGs
[2026-05-04T06:56:48.547+0000] {logging_mixin.py:190} INFO - [2026-05-04T06:56:48.546+0000] {dag.py:4180} INFO - Setting next_dagrun for orders_kafka_to_s3 to 2026-05-04 00:00:00+00:00, run_after=2026-05-05 00:00:00+00:00
[2026-05-04T06:56:48.569+0000] {processor.py:208} INFO - Processing /opt/airflow/dags/main.py took 0.410 seconds
[2026-05-04T06:57:18.825+0000] {processor.py:186} INFO - Started process (PID=1392) to work on /opt/airflow/dags/main.py
[2026-05-04T06:57:18.828+0000] {processor.py:914} INFO - Processing file /opt/airflow/dags/main.py for tasks to queue
[2026-05-04T06:57:18.832+0000] {logging_mixin.py:190} INFO - [2026-05-04T06:57:18.832+0000] {dagbag.py:588} INFO - Filling up the DagBag from /opt/airflow/dags/main.py
[2026-05-04T06:57:19.213+0000] {processor.py:925} INFO - DAG(s) 'orders_kafka_to_s3' retrieved from /opt/airflow/dags/main.py
[2026-05-04T06:57:19.246+0000] {logging_mixin.py:190} INFO - [2026-05-04T06:57:19.246+0000] {dag.py:3239} INFO - Sync 1 DAGs
[2026-05-04T06:57:19.282+0000] {logging_mixin.py:190} INFO - [2026-05-04T06:57:19.282+0000] {dag.py:4180} INFO - Setting next_dagrun for orders_kafka_to_s3 to 2026-05-04 00:00:00+00:00, run_after=2026-05-05 00:00:00+00:00
[2026-05-04T06:57:19.315+0000] {processor.py:208} INFO - Processing /opt/airflow/dags/main.py took 0.504 seconds
[2026-05-04T06:57:49.578+0000] {processor.py:186} INFO - Started process (PID=1399) to work on /opt/airflow/dags/main.py
[2026-05-04T06:57:49.580+0000] {processor.py:914} INFO - Processing file /opt/airflow/dags/main.py for tasks to queue
[2026-05-04T06:57:49.585+0000] {logging_mixin.py:190} INFO - [2026-05-04T06:57:49.584+0000] {dagbag.py:588} INFO - Filling up the DagBag from /opt/airflow/dags/main.py
[2026-05-04T06:57:50.129+0000] {processor.py:925} INFO - DAG(s) 'orders_kafka_to_s3' retrieved from /opt/airflow/dags/main.py
[2026-05-04T06:57:50.184+0000] {logging_mixin.py:190} INFO - [2026-05-04T06:57:50.184+0000] {dag.py:3239} INFO - Sync 1 DAGs
[2026-05-04T06:57:50.222+0000] {logging_mixin.py:190} INFO - [2026-05-04T06:57:50.221+0000] {dag.py:4180} INFO - Setting next_dagrun for orders_kafka_to_s3 to 2026-05-04 00:00:00+00:00, run_after=2026-05-05 00:00:00+00:00
[2026-05-04T06:57:50.247+0000] {processor.py:208} INFO - Processing /opt/airflow/dags/main.py took 0.681 seconds
[2026-05-04T06:58:20.535+0000] {processor.py:186} INFO - Started process (PID=1405) to work on /opt/airflow/dags/main.py
[2026-05-04T06:58:20.537+0000] {processor.py:914} INFO - Processing file /opt/airflow/dags/main.py for tasks to queue
[2026-05-04T06:58:20.540+0000] {logging_mixin.py:190} INFO - [2026-05-04T06:58:20.540+0000] {dagbag.py:588} INFO - Filling up the DagBag from /opt/airflow/dags/main.py
[2026-05-04T06:58:20.911+0000] {processor.py:925} INFO - DAG(s) 'orders_kafka_to_s3' retrieved from /opt/airflow/dags/main.py
[2026-05-04T06:58:20.947+0000] {logging_mixin.py:190} INFO - [2026-05-04T06:58:20.946+0000] {dag.py:3239} INFO - Sync 1 DAGs
[2026-05-04T06:58:20.978+0000] {logging_mixin.py:190} INFO - [2026-05-04T06:58:20.978+0000] {dag.py:4180} INFO - Setting next_dagrun for orders_kafka_to_s3 to 2026-05-04 00:00:00+00:00, run_after=2026-05-05 00:00:00+00:00
[2026-05-04T06:58:21.001+0000] {processor.py:208} INFO - Processing /opt/airflow/dags/main.py took 0.474 seconds
[2026-05-04T06:58:51.140+0000] {processor.py:186} INFO - Started process (PID=1412) to work on /opt/airflow/dags/main.py
[2026-05-04T06:58:51.142+0000] {processor.py:914} INFO - Processing file /opt/airflow/dags/main.py for tasks to queue
[2026-05-04T06:58:51.146+0000] {logging_mixin.py:190} INFO - [2026-05-04T06:58:51.146+0000] {dagbag.py:588} INFO - Filling up the DagBag from /opt/airflow/dags/main.py
[2026-05-04T06:58:51.556+0000] {processor.py:925} INFO - DAG(s) 'orders_kafka_to_s3' retrieved from /opt/airflow/dags/main.py
[2026-05-04T06:58:51.588+0000] {logging_mixin.py:190} INFO - [2026-05-04T06:58:51.588+0000] {dag.py:3239} INFO - Sync 1 DAGs
[2026-05-04T06:58:51.623+0000] {logging_mixin.py:190} INFO - [2026-05-04T06:58:51.623+0000] {dag.py:4180} INFO - Setting next_dagrun for orders_kafka_to_s3 to 2026-05-04 00:00:00+00:00, run_after=2026-05-05 00:00:00+00:00
[2026-05-04T06:58:51.654+0000] {processor.py:208} INFO - Processing /opt/airflow/dags/main.py took 0.526 seconds
[2026-05-04T06:59:22.129+0000] {processor.py:186} INFO - Started process (PID=1419) to work on /opt/airflow/dags/main.py
[2026-05-04T06:59:22.132+0000] {processor.py:914} INFO - Processing file /opt/airflow/dags/main.py for tasks to queue
[2026-05-04T06:59:22.142+0000] {logging_mixin.py:190} INFO - [2026-05-04T06:59:22.139+0000] {dagbag.py:588} INFO - Filling up the DagBag from /opt/airflow/dags/main.py
[2026-05-04T06:59:22.679+0000] {processor.py:925} INFO - DAG(s) 'orders_kafka_to_s3' retrieved from /opt/airflow/dags/main.py
[2026-05-04T06:59:22.732+0000] {logging_mixin.py:190} INFO - [2026-05-04T06:59:22.732+0000] {dag.py:3239} INFO - Sync 1 DAGs
[2026-05-04T06:59:22.788+0000] {logging_mixin.py:190} INFO - [2026-05-04T06:59:22.787+0000] {dag.py:4180} INFO - Setting next_dagrun for orders_kafka_to_s3 to 2026-05-04 00:00:00+00:00, run_after=2026-05-05 00:00:00+00:00
[2026-05-04T06:59:22.833+0000] {processor.py:208} INFO - Processing /opt/airflow/dags/main.py took 0.723 seconds
[2026-05-04T06:59:53.448+0000] {processor.py:186} INFO - Started process (PID=1426) to work on /opt/airflow/dags/main.py
[2026-05-04T06:59:53.450+0000] {processor.py:914} INFO - Processing file /opt/airflow/dags/main.py for tasks to queue
[2026-05-04T06:59:53.454+0000] {logging_mixin.py:190} INFO - [2026-05-04T06:59:53.453+0000] {dagbag.py:588} INFO - Filling up the DagBag from /opt/airflow/dags/main.py
[2026-05-04T06:59:53.898+0000] {processor.py:925} INFO - DAG(s) 'orders_kafka_to_s3' retrieved from /opt/airflow/dags/main.py
[2026-05-04T06:59:53.947+0000] {logging_mixin.py:190} INFO - [2026-05-04T06:59:53.947+0000] {dag.py:3239} INFO - Sync 1 DAGs
[2026-05-04T06:59:53.975+0000] {logging_mixin.py:190} INFO - [2026-05-04T06:59:53.974+0000] {dag.py:4180} INFO - Setting next_dagrun for orders_kafka_to_s3 to 2026-05-04 00:00:00+00:00, run_after=2026-05-05 00:00:00+00:00
[2026-05-04T06:59:53.998+0000] {processor.py:208} INFO - Processing /opt/airflow/dags/main.py took 0.559 seconds
[2026-05-04T07:00:24.217+0000] {processor.py:186} INFO - Started process (PID=1433) to work on /opt/airflow/dags/main.py
[2026-05-04T07:00:24.218+0000] {processor.py:914} INFO - Processing file /opt/airflow/dags/main.py for tasks to queue
[2026-05-04T07:00:24.221+0000] {logging_mixin.py:190} INFO - [2026-05-04T07:00:24.221+0000] {dagbag.py:588} INFO - Filling up the DagBag from /opt/airflow/dags/main.py
[2026-05-04T07:00:24.605+0000] {processor.py:925} INFO - DAG(s) 'orders_kafka_to_s3' retrieved from /opt/airflow/dags/main.py
[2026-05-04T07:00:24.642+0000] {logging_mixin.py:190} INFO - [2026-05-04T07:00:24.642+0000] {dag.py:3239} INFO - Sync 1 DAGs
[2026-05-04T07:00:24.683+0000] {logging_mixin.py:190} INFO - [2026-05-04T07:00:24.683+0000] {dag.py:4180} INFO - Setting next_dagrun for orders_kafka_to_s3 to 2026-05-04 00:00:00+00:00, run_after=2026-05-05 00:00:00+00:00
[2026-05-04T07:00:24.716+0000] {processor.py:208} INFO - Processing /opt/airflow/dags/main.py took 0.507 seconds
[2026-05-04T07:00:55.593+0000] {processor.py:186} INFO - Started process (PID=1440) to work on /opt/airflow/dags/main.py
[2026-05-04T07:00:55.596+0000] {processor.py:914} INFO - Processing file /opt/airflow/dags/main.py for tasks to queue
[2026-05-04T07:00:55.602+0000] {logging_mixin.py:190} INFO - [2026-05-04T07:00:55.602+0000] {dagbag.py:588} INFO - Filling up the DagBag from /opt/airflow/dags/main.py
[2026-05-04T07:00:55.993+0000] {processor.py:925} INFO - DAG(s) 'orders_kafka_to_s3' retrieved from /opt/airflow/dags/main.py
[2026-05-04T07:00:56.019+0000] {logging_mixin.py:190} INFO - [2026-05-04T07:00:56.019+0000] {dag.py:3239} INFO - Sync 1 DAGs
[2026-05-04T07:00:56.042+0000] {logging_mixin.py:190} INFO - [2026-05-04T07:00:56.041+0000] {dag.py:4180} INFO - Setting next_dagrun for orders_kafka_to_s3 to 2026-05-04 00:00:00+00:00, run_after=2026-05-05 00:00:00+00:00
[2026-05-04T07:00:56.064+0000] {processor.py:208} INFO - Processing /opt/airflow/dags/main.py took 0.496 seconds
[2026-05-04T07:01:26.445+0000] {processor.py:186} INFO - Started process (PID=1447) to work on /opt/airflow/dags/main.py
[2026-05-04T07:01:26.447+0000] {processor.py:914} INFO - Processing file /opt/airflow/dags/main.py for tasks to queue
[2026-05-04T07:01:26.451+0000] {logging_mixin.py:190} INFO - [2026-05-04T07:01:26.451+0000] {dagbag.py:588} INFO - Filling up the DagBag from /opt/airflow/dags/main.py
[2026-05-04T07:01:26.837+0000] {processor.py:925} INFO - DAG(s) 'orders_kafka_to_s3' retrieved from /opt/airflow/dags/main.py
[2026-05-04T07:01:26.863+0000] {logging_mixin.py:190} INFO - [2026-05-04T07:01:26.862+0000] {dag.py:3239} INFO - Sync 1 DAGs
[2026-05-04T07:01:26.916+0000] {logging_mixin.py:190} INFO - [2026-05-04T07:01:26.915+0000] {dag.py:4180} INFO - Setting next_dagrun for orders_kafka_to_s3 to 2026-05-04 00:00:00+00:00, run_after=2026-05-05 00:00:00+00:00
[2026-05-04T07:01:26.953+0000] {processor.py:208} INFO - Processing /opt/airflow/dags/main.py took 0.524 seconds
[2026-05-04T07:01:57.675+0000] {processor.py:186} INFO - Started process (PID=1454) to work on /opt/airflow/dags/main.py
[2026-05-04T07:01:57.677+0000] {processor.py:914} INFO - Processing file /opt/airflow/dags/main.py for tasks to queue
[2026-05-04T07:01:57.681+0000] {logging_mixin.py:190} INFO - [2026-05-04T07:01:57.680+0000] {dagbag.py:588} INFO - Filling up the DagBag from /opt/airflow/dags/main.py
[2026-05-04T07:01:59.176+0000] {processor.py:925} INFO - DAG(s) 'orders_kafka_to_s3' retrieved from /opt/airflow/dags/main.py
[2026-05-04T07:01:59.209+0000] {logging_mixin.py:190} INFO - [2026-05-04T07:01:59.209+0000] {dag.py:3239} INFO - Sync 1 DAGs
[2026-05-04T07:01:59.239+0000] {logging_mixin.py:190} INFO - [2026-05-04T07:01:59.238+0000] {dag.py:4180} INFO - Setting next_dagrun for orders_kafka_to_s3 to 2026-05-04 00:00:00+00:00, run_after=2026-05-05 00:00:00+00:00
[2026-05-04T07:01:59.264+0000] {processor.py:208} INFO - Processing /opt/airflow/dags/main.py took 1.599 seconds
[2026-05-04T07:02:29.708+0000] {processor.py:186} INFO - Started process (PID=1461) to work on /opt/airflow/dags/main.py
[2026-05-04T07:02:29.710+0000] {processor.py:914} INFO - Processing file /opt/airflow/dags/main.py for tasks to queue
[2026-05-04T07:02:29.714+0000] {logging_mixin.py:190} INFO - [2026-05-04T07:02:29.713+0000] {dagbag.py:588} INFO - Filling up the DagBag from /opt/airflow/dags/main.py
[2026-05-04T07:02:30.124+0000] {processor.py:925} INFO - DAG(s) 'orders_kafka_to_s3' retrieved from /opt/airflow/dags/main.py
[2026-05-04T07:02:30.156+0000] {logging_mixin.py:190} INFO - [2026-05-04T07:02:30.156+0000] {dag.py:3239} INFO - Sync 1 DAGs
[2026-05-04T07:02:30.187+0000] {logging_mixin.py:190} INFO - [2026-05-04T07:02:30.187+0000] {dag.py:4180} INFO - Setting next_dagrun for orders_kafka_to_s3 to 2026-05-04 00:00:00+00:00, run_after=2026-05-05 00:00:00+00:00
[2026-05-04T07:02:30.211+0000] {processor.py:208} INFO - Processing /opt/airflow/dags/main.py took 0.512 seconds
[2026-05-04T07:03:01.067+0000] {processor.py:186} INFO - Started process (PID=1468) to work on /opt/airflow/dags/main.py
[2026-05-04T07:03:01.072+0000] {processor.py:914} INFO - Processing file /opt/airflow/dags/main.py for tasks to queue
[2026-05-04T07:03:01.083+0000] {logging_mixin.py:190} INFO - [2026-05-04T07:03:01.083+0000] {dagbag.py:588} INFO - Filling up the DagBag from /opt/airflow/dags/main.py
[2026-05-04T07:03:01.496+0000] {processor.py:925} INFO - DAG(s) 'orders_kafka_to_s3' retrieved from /opt/airflow/dags/main.py
[2026-05-04T07:03:01.556+0000] {logging_mixin.py:190} INFO - [2026-05-04T07:03:01.556+0000] {dag.py:3239} INFO - Sync 1 DAGs
[2026-05-04T07:03:01.624+0000] {logging_mixin.py:190} INFO - [2026-05-04T07:03:01.623+0000] {dag.py:4180} INFO - Setting next_dagrun for orders_kafka_to_s3 to 2026-05-04 00:00:00+00:00, run_after=2026-05-05 00:00:00+00:00
[2026-05-04T07:03:01.674+0000] {processor.py:208} INFO - Processing /opt/airflow/dags/main.py took 0.652 seconds
[2026-05-04T07:03:32.095+0000] {processor.py:186} INFO - Started process (PID=1475) to work on /opt/airflow/dags/main.py
[2026-05-04T07:03:32.097+0000] {processor.py:914} INFO - Processing file /opt/airflow/dags/main.py for tasks to queue
[2026-05-04T07:03:32.101+0000] {logging_mixin.py:190} INFO - [2026-05-04T07:03:32.101+0000] {dagbag.py:588} INFO - Filling up the DagBag from /opt/airflow/dags/main.py
[2026-05-04T07:03:32.440+0000] {processor.py:925} INFO - DAG(s) 'orders_kafka_to_s3' retrieved from /opt/airflow/dags/main.py
[2026-05-04T07:03:32.474+0000] {logging_mixin.py:190} INFO - [2026-05-04T07:03:32.474+0000] {dag.py:3239} INFO - Sync 1 DAGs
[2026-05-04T07:03:32.504+0000] {logging_mixin.py:190} INFO - [2026-05-04T07:03:32.504+0000] {dag.py:4180} INFO - Setting next_dagrun for orders_kafka_to_s3 to 2026-05-04 00:00:00+00:00, run_after=2026-05-05 00:00:00+00:00
[2026-05-04T07:03:32.526+0000] {processor.py:208} INFO - Processing /opt/airflow/dags/main.py took 0.439 seconds
[2026-05-04T07:04:02.890+0000] {processor.py:186} INFO - Started process (PID=1482) to work on /opt/airflow/dags/main.py
[2026-05-04T07:04:02.892+0000] {processor.py:914} INFO - Processing file /opt/airflow/dags/main.py for tasks to queue
[2026-05-04T07:04:02.899+0000] {logging_mixin.py:190} INFO - [2026-05-04T07:04:02.898+0000] {dagbag.py:588} INFO - Filling up the DagBag from /opt/airflow/dags/main.py
[2026-05-04T07:04:03.318+0000] {processor.py:925} INFO - DAG(s) 'orders_kafka_to_s3' retrieved from /opt/airflow/dags/main.py
[2026-05-04T07:04:03.351+0000] {logging_mixin.py:190} INFO - [2026-05-04T07:04:03.350+0000] {dag.py:3239} INFO - Sync 1 DAGs
[2026-05-04T07:04:03.383+0000] {logging_mixin.py:190} INFO - [2026-05-04T07:04:03.382+0000] {dag.py:4180} INFO - Setting next_dagrun for orders_kafka_to_s3 to 2026-05-04 00:00:00+00:00, run_after=2026-05-05 00:00:00+00:00
[2026-05-04T07:04:03.412+0000] {processor.py:208} INFO - Processing /opt/airflow/dags/main.py took 0.535 seconds
[2026-05-04T07:04:34.219+0000] {processor.py:186} INFO - Started process (PID=1489) to work on /opt/airflow/dags/main.py
[2026-05-04T07:04:34.223+0000] {processor.py:914} INFO - Processing file /opt/airflow/dags/main.py for tasks to queue
[2026-05-04T07:04:34.236+0000] {logging_mixin.py:190} INFO - [2026-05-04T07:04:34.235+0000] {dagbag.py:588} INFO - Filling up the DagBag from /opt/airflow/dags/main.py
[2026-05-04T07:04:34.724+0000] {processor.py:925} INFO - DAG(s) 'orders_kafka_to_s3' retrieved from /opt/airflow/dags/main.py
[2026-05-04T07:04:34.748+0000] {logging_mixin.py:190} INFO - [2026-05-04T07:04:34.748+0000] {dag.py:3239} INFO - Sync 1 DAGs
[2026-05-04T07:04:34.773+0000] {logging_mixin.py:190} INFO - [2026-05-04T07:04:34.772+0000] {dag.py:4180} INFO - Setting next_dagrun for orders_kafka_to_s3 to 2026-05-04 00:00:00+00:00, run_after=2026-05-05 00:00:00+00:00
[2026-05-04T07:04:34.797+0000] {processor.py:208} INFO - Processing /opt/airflow/dags/main.py took 0.609 seconds
[2026-05-04T07:05:04.943+0000] {processor.py:186} INFO - Started process (PID=1496) to work on /opt/airflow/dags/main.py
[2026-05-04T07:05:04.946+0000] {processor.py:914} INFO - Processing file /opt/airflow/dags/main.py for tasks to queue
[2026-05-04T07:05:04.950+0000] {logging_mixin.py:190} INFO - [2026-05-04T07:05:04.950+0000] {dagbag.py:588} INFO - Filling up the DagBag from /opt/airflow/dags/main.py
[2026-05-04T07:05:05.325+0000] {processor.py:925} INFO - DAG(s) 'orders_kafka_to_s3' retrieved from /opt/airflow/dags/main.py
[2026-05-04T07:05:05.354+0000] {logging_mixin.py:190} INFO - [2026-05-04T07:05:05.353+0000] {dag.py:3239} INFO - Sync 1 DAGs
[2026-05-04T07:05:05.381+0000] {logging_mixin.py:190} INFO - [2026-05-04T07:05:05.380+0000] {dag.py:4180} INFO - Setting next_dagrun for orders_kafka_to_s3 to 2026-05-04 00:00:00+00:00, run_after=2026-05-05 00:00:00+00:00
[2026-05-04T07:05:05.407+0000] {processor.py:208} INFO - Processing /opt/airflow/dags/main.py took 0.479 seconds
[2026-05-04T07:05:35.890+0000] {processor.py:186} INFO - Started process (PID=1503) to work on /opt/airflow/dags/main.py
[2026-05-04T07:05:35.892+0000] {processor.py:914} INFO - Processing file /opt/airflow/dags/main.py for tasks to queue
[2026-05-04T07:05:35.899+0000] {logging_mixin.py:190} INFO - [2026-05-04T07:05:35.898+0000] {dagbag.py:588} INFO - Filling up the DagBag from /opt/airflow/dags/main.py
[2026-05-04T07:05:36.294+0000] {processor.py:925} INFO - DAG(s) 'orders_kafka_to_s3' retrieved from /opt/airflow/dags/main.py
[2026-05-04T07:05:36.329+0000] {logging_mixin.py:190} INFO - [2026-05-04T07:05:36.329+0000] {dag.py:3239} INFO - Sync 1 DAGs
[2026-05-04T07:05:36.359+0000] {logging_mixin.py:190} INFO - [2026-05-04T07:05:36.359+0000] {dag.py:4180} INFO - Setting next_dagrun for orders_kafka_to_s3 to 2026-05-04 00:00:00+00:00, run_after=2026-05-05 00:00:00+00:00
[2026-05-04T07:05:36.394+0000] {processor.py:208} INFO - Processing /opt/airflow/dags/main.py took 0.522 seconds
[2026-05-04T07:06:06.897+0000] {processor.py:186} INFO - Started process (PID=1510) to work on /opt/airflow/dags/main.py
[2026-05-04T07:06:06.899+0000] {processor.py:914} INFO - Processing file /opt/airflow/dags/main.py for tasks to queue
[2026-05-04T07:06:06.903+0000] {logging_mixin.py:190} INFO - [2026-05-04T07:06:06.903+0000] {dagbag.py:588} INFO - Filling up the DagBag from /opt/airflow/dags/main.py
[2026-05-04T07:06:07.250+0000] {processor.py:925} INFO - DAG(s) 'orders_kafka_to_s3' retrieved from /opt/airflow/dags/main.py
[2026-05-04T07:06:07.277+0000] {logging_mixin.py:190} INFO - [2026-05-04T07:06:07.277+0000] {dag.py:3239} INFO - Sync 1 DAGs
[2026-05-04T07:06:07.306+0000] {logging_mixin.py:190} INFO - [2026-05-04T07:06:07.306+0000] {dag.py:4180} INFO - Setting next_dagrun for orders_kafka_to_s3 to 2026-05-04 00:00:00+00:00, run_after=2026-05-05 00:00:00+00:00
[2026-05-04T07:06:07.330+0000] {processor.py:208} INFO - Processing /opt/airflow/dags/main.py took 0.448 seconds
[2026-05-04T07:06:38.022+0000] {processor.py:186} INFO - Started process (PID=1517) to work on /opt/airflow/dags/main.py
[2026-05-04T07:06:38.024+0000] {processor.py:914} INFO - Processing file /opt/airflow/dags/main.py for tasks to queue
[2026-05-04T07:06:38.028+0000] {logging_mixin.py:190} INFO - [2026-05-04T07:06:38.028+0000] {dagbag.py:588} INFO - Filling up the DagBag from /opt/airflow/dags/main.py
[2026-05-04T07:06:38.376+0000] {processor.py:925} INFO - DAG(s) 'orders_kafka_to_s3' retrieved from /opt/airflow/dags/main.py
[2026-05-04T07:06:38.404+0000] {logging_mixin.py:190} INFO - [2026-05-04T07:06:38.404+0000] {dag.py:3239} INFO - Sync 1 DAGs
[2026-05-04T07:06:38.428+0000] {logging_mixin.py:190} INFO - [2026-05-04T07:06:38.428+0000] {dag.py:4180} INFO - Setting next_dagrun for orders_kafka_to_s3 to 2026-05-04 00:00:00+00:00, run_after=2026-05-05 00:00:00+00:00
[2026-05-04T07:06:38.452+0000] {processor.py:208} INFO - Processing /opt/airflow/dags/main.py took 0.441 seconds
[2026-05-04T07:07:08.527+0000] {processor.py:186} INFO - Started process (PID=1524) to work on /opt/airflow/dags/main.py
[2026-05-04T07:07:08.529+0000] {processor.py:914} INFO - Processing file /opt/airflow/dags/main.py for tasks to queue
[2026-05-04T07:07:08.534+0000] {logging_mixin.py:190} INFO - [2026-05-04T07:07:08.533+0000] {dagbag.py:588} INFO - Filling up the DagBag from /opt/airflow/dags/main.py
[2026-05-04T07:07:08.891+0000] {processor.py:925} INFO - DAG(s) 'orders_kafka_to_s3' retrieved from /opt/airflow/dags/main.py
[2026-05-04T07:07:08.917+0000] {logging_mixin.py:190} INFO - [2026-05-04T07:07:08.917+0000] {dag.py:3239} INFO - Sync 1 DAGs
[2026-05-04T07:07:08.944+0000] {logging_mixin.py:190} INFO - [2026-05-04T07:07:08.944+0000] {dag.py:4180} INFO - Setting next_dagrun for orders_kafka_to_s3 to 2026-05-04 00:00:00+00:00, run_after=2026-05-05 00:00:00+00:00
[2026-05-04T07:07:08.967+0000] {processor.py:208} INFO - Processing /opt/airflow/dags/main.py took 0.452 seconds
[2026-05-04T07:07:39.357+0000] {processor.py:186} INFO - Started process (PID=1532) to work on /opt/airflow/dags/main.py
[2026-05-04T07:07:39.359+0000] {processor.py:914} INFO - Processing file /opt/airflow/dags/main.py for tasks to queue
[2026-05-04T07:07:39.364+0000] {logging_mixin.py:190} INFO - [2026-05-04T07:07:39.363+0000] {dagbag.py:588} INFO - Filling up the DagBag from /opt/airflow/dags/main.py
[2026-05-04T07:07:39.734+0000] {processor.py:925} INFO - DAG(s) 'orders_kafka_to_s3' retrieved from /opt/airflow/dags/main.py
[2026-05-04T07:07:39.771+0000] {logging_mixin.py:190} INFO - [2026-05-04T07:07:39.771+0000] {dag.py:3239} INFO - Sync 1 DAGs
[2026-05-04T07:07:39.800+0000] {logging_mixin.py:190} INFO - [2026-05-04T07:07:39.800+0000] {dag.py:4180} INFO - Setting next_dagrun for orders_kafka_to_s3 to 2026-05-04 00:00:00+00:00, run_after=2026-05-05 00:00:00+00:00
[2026-05-04T07:07:39.823+0000] {processor.py:208} INFO - Processing /opt/airflow/dags/main.py took 0.478 seconds
[2026-05-04T07:08:10.547+0000] {processor.py:186} INFO - Started process (PID=1539) to work on /opt/airflow/dags/main.py
[2026-05-04T07:08:10.548+0000] {processor.py:914} INFO - Processing file /opt/airflow/dags/main.py for tasks to queue
[2026-05-04T07:08:10.552+0000] {logging_mixin.py:190} INFO - [2026-05-04T07:08:10.551+0000] {dagbag.py:588} INFO - Filling up the DagBag from /opt/airflow/dags/main.py
[2026-05-04T07:08:10.972+0000] {processor.py:925} INFO - DAG(s) 'orders_kafka_to_s3' retrieved from /opt/airflow/dags/main.py
[2026-05-04T07:08:11.019+0000] {logging_mixin.py:190} INFO - [2026-05-04T07:08:11.019+0000] {dag.py:3239} INFO - Sync 1 DAGs
[2026-05-04T07:08:11.054+0000] {logging_mixin.py:190} INFO - [2026-05-04T07:08:11.054+0000] {dag.py:4180} INFO - Setting next_dagrun for orders_kafka_to_s3 to 2026-05-04 00:00:00+00:00, run_after=2026-05-05 00:00:00+00:00
[2026-05-04T07:08:11.081+0000] {processor.py:208} INFO - Processing /opt/airflow/dags/main.py took 0.542 seconds
[2026-05-04T07:08:41.796+0000] {processor.py:186} INFO - Started process (PID=1546) to work on /opt/airflow/dags/main.py
[2026-05-04T07:08:41.799+0000] {processor.py:914} INFO - Processing file /opt/airflow/dags/main.py for tasks to queue
[2026-05-04T07:08:41.805+0000] {logging_mixin.py:190} INFO - [2026-05-04T07:08:41.805+0000] {dagbag.py:588} INFO - Filling up the DagBag from /opt/airflow/dags/main.py
[2026-05-04T07:08:42.175+0000] {processor.py:925} INFO - DAG(s) 'orders_kafka_to_s3' retrieved from /opt/airflow/dags/main.py
[2026-05-04T07:08:42.202+0000] {logging_mixin.py:190} INFO - [2026-05-04T07:08:42.202+0000] {dag.py:3239} INFO - Sync 1 DAGs
[2026-05-04T07:08:42.232+0000] {logging_mixin.py:190} INFO - [2026-05-04T07:08:42.231+0000] {dag.py:4180} INFO - Setting next_dagrun for orders_kafka_to_s3 to 2026-05-04 00:00:00+00:00, run_after=2026-05-05 00:00:00+00:00
[2026-05-04T07:08:42.260+0000] {processor.py:208} INFO - Processing /opt/airflow/dags/main.py took 0.495 seconds
[2026-05-04T07:09:12.765+0000] {processor.py:186} INFO - Started process (PID=1553) to work on /opt/airflow/dags/main.py
[2026-05-04T07:09:12.767+0000] {processor.py:914} INFO - Processing file /opt/airflow/dags/main.py for tasks to queue
[2026-05-04T07:09:12.773+0000] {logging_mixin.py:190} INFO - [2026-05-04T07:09:12.772+0000] {dagbag.py:588} INFO - Filling up the DagBag from /opt/airflow/dags/main.py
[2026-05-04T07:09:13.147+0000] {processor.py:925} INFO - DAG(s) 'orders_kafka_to_s3' retrieved from /opt/airflow/dags/main.py
[2026-05-04T07:09:13.175+0000] {logging_mixin.py:190} INFO - [2026-05-04T07:09:13.175+0000] {dag.py:3239} INFO - Sync 1 DAGs
[2026-05-04T07:09:13.201+0000] {logging_mixin.py:190} INFO - [2026-05-04T07:09:13.201+0000] {dag.py:4180} INFO - Setting next_dagrun for orders_kafka_to_s3 to 2026-05-04 00:00:00+00:00, run_after=2026-05-05 00:00:00+00:00
[2026-05-04T07:09:13.224+0000] {processor.py:208} INFO - Processing /opt/airflow/dags/main.py took 0.474 seconds
[2026-05-04T07:09:43.648+0000] {processor.py:186} INFO - Started process (PID=1560) to work on /opt/airflow/dags/main.py
[2026-05-04T07:09:43.650+0000] {processor.py:914} INFO - Processing file /opt/airflow/dags/main.py for tasks to queue
[2026-05-04T07:09:43.653+0000] {logging_mixin.py:190} INFO - [2026-05-04T07:09:43.653+0000] {dagbag.py:588} INFO - Filling up the DagBag from /opt/airflow/dags/main.py
[2026-05-04T07:09:44.024+0000] {processor.py:925} INFO - DAG(s) 'orders_kafka_to_s3' retrieved from /opt/airflow/dags/main.py
[2026-05-04T07:09:44.062+0000] {logging_mixin.py:190} INFO - [2026-05-04T07:09:44.061+0000] {dag.py:3239} INFO - Sync 1 DAGs
[2026-05-04T07:09:44.097+0000] {logging_mixin.py:190} INFO - [2026-05-04T07:09:44.097+0000] {dag.py:4180} INFO - Setting next_dagrun for orders_kafka_to_s3 to 2026-05-04 00:00:00+00:00, run_after=2026-05-05 00:00:00+00:00
[2026-05-04T07:09:44.121+0000] {processor.py:208} INFO - Processing /opt/airflow/dags/main.py took 0.482 seconds
[2026-05-04T07:10:14.409+0000] {processor.py:186} INFO - Started process (PID=1567) to work on /opt/airflow/dags/main.py
[2026-05-04T07:10:14.410+0000] {processor.py:914} INFO - Processing file /opt/airflow/dags/main.py for tasks to queue
[2026-05-04T07:10:14.413+0000] {logging_mixin.py:190} INFO - [2026-05-04T07:10:14.413+0000] {dagbag.py:588} INFO - Filling up the DagBag from /opt/airflow/dags/main.py
[2026-05-04T07:10:14.865+0000] {processor.py:925} INFO - DAG(s) 'orders_kafka_to_s3' retrieved from /opt/airflow/dags/main.py
[2026-05-04T07:10:14.912+0000] {logging_mixin.py:190} INFO - [2026-05-04T07:10:14.912+0000] {dag.py:3239} INFO - Sync 1 DAGs
[2026-05-04T07:10:14.938+0000] {logging_mixin.py:190} INFO - [2026-05-04T07:10:14.938+0000] {dag.py:4180} INFO - Setting next_dagrun for orders_kafka_to_s3 to 2026-05-04 00:00:00+00:00, run_after=2026-05-05 00:00:00+00:00
[2026-05-04T07:10:14.963+0000] {processor.py:208} INFO - Processing /opt/airflow/dags/main.py took 0.562 seconds
[2026-05-04T07:10:45.301+0000] {processor.py:186} INFO - Started process (PID=1574) to work on /opt/airflow/dags/main.py
[2026-05-04T07:10:45.304+0000] {processor.py:914} INFO - Processing file /opt/airflow/dags/main.py for tasks to queue
[2026-05-04T07:10:45.309+0000] {logging_mixin.py:190} INFO - [2026-05-04T07:10:45.308+0000] {dagbag.py:588} INFO - Filling up the DagBag from /opt/airflow/dags/main.py
[2026-05-04T07:10:45.713+0000] {processor.py:925} INFO - DAG(s) 'orders_kafka_to_s3' retrieved from /opt/airflow/dags/main.py
[2026-05-04T07:10:45.747+0000] {logging_mixin.py:190} INFO - [2026-05-04T07:10:45.746+0000] {dag.py:3239} INFO - Sync 1 DAGs
[2026-05-04T07:10:45.776+0000] {logging_mixin.py:190} INFO - [2026-05-04T07:10:45.776+0000] {dag.py:4180} INFO - Setting next_dagrun for orders_kafka_to_s3 to 2026-05-04 00:00:00+00:00, run_after=2026-05-05 00:00:00+00:00
[2026-05-04T07:10:45.808+0000] {processor.py:208} INFO - Processing /opt/airflow/dags/main.py took 0.524 seconds
[2026-05-04T07:11:16.089+0000] {processor.py:186} INFO - Started process (PID=1581) to work on /opt/airflow/dags/main.py
[2026-05-04T07:11:16.091+0000] {processor.py:914} INFO - Processing file /opt/airflow/dags/main.py for tasks to queue
[2026-05-04T07:11:16.097+0000] {logging_mixin.py:190} INFO - [2026-05-04T07:11:16.096+0000] {dagbag.py:588} INFO - Filling up the DagBag from /opt/airflow/dags/main.py
[2026-05-04T07:11:16.500+0000] {processor.py:925} INFO - DAG(s) 'orders_kafka_to_s3' retrieved from /opt/airflow/dags/main.py
[2026-05-04T07:11:16.546+0000] {logging_mixin.py:190} INFO - [2026-05-04T07:11:16.546+0000] {dag.py:3239} INFO - Sync 1 DAGs
[2026-05-04T07:11:16.589+0000] {logging_mixin.py:190} INFO - [2026-05-04T07:11:16.589+0000] {dag.py:4180} INFO - Setting next_dagrun for orders_kafka_to_s3 to 2026-05-04 00:00:00+00:00, run_after=2026-05-05 00:00:00+00:00
[2026-05-04T07:11:16.633+0000] {processor.py:208} INFO - Processing /opt/airflow/dags/main.py took 0.553 seconds
[2026-05-04T07:11:47.019+0000] {processor.py:186} INFO - Started process (PID=1588) to work on /opt/airflow/dags/main.py
[2026-05-04T07:11:47.021+0000] {processor.py:914} INFO - Processing file /opt/airflow/dags/main.py for tasks to queue
[2026-05-04T07:11:47.028+0000] {logging_mixin.py:190} INFO - [2026-05-04T07:11:47.027+0000] {dagbag.py:588} INFO - Filling up the DagBag from /opt/airflow/dags/main.py
[2026-05-04T07:11:47.459+0000] {processor.py:925} INFO - DAG(s) 'orders_kafka_to_s3' retrieved from /opt/airflow/dags/main.py
[2026-05-04T07:11:47.496+0000] {logging_mixin.py:190} INFO - [2026-05-04T07:11:47.496+0000] {dag.py:3239} INFO - Sync 1 DAGs
[2026-05-04T07:11:47.528+0000] {logging_mixin.py:190} INFO - [2026-05-04T07:11:47.528+0000] {dag.py:4180} INFO - Setting next_dagrun for orders_kafka_to_s3 to 2026-05-04 00:00:00+00:00, run_after=2026-05-05 00:00:00+00:00
[2026-05-04T07:11:47.555+0000] {processor.py:208} INFO - Processing /opt/airflow/dags/main.py took 0.551 seconds
[2026-05-04T07:12:17.856+0000] {processor.py:186} INFO - Started process (PID=1595) to work on /opt/airflow/dags/main.py
[2026-05-04T07:12:17.859+0000] {processor.py:914} INFO - Processing file /opt/airflow/dags/main.py for tasks to queue
[2026-05-04T07:12:17.864+0000] {logging_mixin.py:190} INFO - [2026-05-04T07:12:17.863+0000] {dagbag.py:588} INFO - Filling up the DagBag from /opt/airflow/dags/main.py
[2026-05-04T07:12:18.224+0000] {processor.py:925} INFO - DAG(s) 'orders_kafka_to_s3' retrieved from /opt/airflow/dags/main.py
[2026-05-04T07:12:18.258+0000] {logging_mixin.py:190} INFO - [2026-05-04T07:12:18.257+0000] {dag.py:3239} INFO - Sync 1 DAGs
[2026-05-04T07:12:18.289+0000] {logging_mixin.py:190} INFO - [2026-05-04T07:12:18.289+0000] {dag.py:4180} INFO - Setting next_dagrun for orders_kafka_to_s3 to 2026-05-04 00:00:00+00:00, run_after=2026-05-05 00:00:00+00:00
[2026-05-04T07:12:18.314+0000] {processor.py:208} INFO - Processing /opt/airflow/dags/main.py took 0.471 seconds
[2026-05-04T07:12:48.572+0000] {processor.py:186} INFO - Started process (PID=1602) to work on /opt/airflow/dags/main.py
[2026-05-04T07:12:48.573+0000] {processor.py:914} INFO - Processing file /opt/airflow/dags/main.py for tasks to queue
[2026-05-04T07:12:48.578+0000] {logging_mixin.py:190} INFO - [2026-05-04T07:12:48.577+0000] {dagbag.py:588} INFO - Filling up the DagBag from /opt/airflow/dags/main.py
[2026-05-04T07:12:48.997+0000] {processor.py:925} INFO - DAG(s) 'orders_kafka_to_s3' retrieved from /opt/airflow/dags/main.py
[2026-05-04T07:12:49.026+0000] {logging_mixin.py:190} INFO - [2026-05-04T07:12:49.025+0000] {dag.py:3239} INFO - Sync 1 DAGs
[2026-05-04T07:12:49.054+0000] {logging_mixin.py:190} INFO - [2026-05-04T07:12:49.054+0000] {dag.py:4180} INFO - Setting next_dagrun for orders_kafka_to_s3 to 2026-05-04 00:00:00+00:00, run_after=2026-05-05 00:00:00+00:00
[2026-05-04T07:12:49.084+0000] {processor.py:208} INFO - Processing /opt/airflow/dags/main.py took 0.522 seconds
[2026-05-04T07:13:19.902+0000] {processor.py:186} INFO - Started process (PID=1609) to work on /opt/airflow/dags/main.py
[2026-05-04T07:13:19.904+0000] {processor.py:914} INFO - Processing file /opt/airflow/dags/main.py for tasks to queue
[2026-05-04T07:13:19.910+0000] {logging_mixin.py:190} INFO - [2026-05-04T07:13:19.909+0000] {dagbag.py:588} INFO - Filling up the DagBag from /opt/airflow/dags/main.py
[2026-05-04T07:13:20.374+0000] {processor.py:925} INFO - DAG(s) 'orders_kafka_to_s3' retrieved from /opt/airflow/dags/main.py
[2026-05-04T07:13:20.403+0000] {logging_mixin.py:190} INFO - [2026-05-04T07:13:20.402+0000] {dag.py:3239} INFO - Sync 1 DAGs
[2026-05-04T07:13:20.433+0000] {logging_mixin.py:190} INFO - [2026-05-04T07:13:20.432+0000] {dag.py:4180} INFO - Setting next_dagrun for orders_kafka_to_s3 to 2026-05-04 00:00:00+00:00, run_after=2026-05-05 00:00:00+00:00
[2026-05-04T07:13:20.472+0000] {processor.py:208} INFO - Processing /opt/airflow/dags/main.py took 0.587 seconds
[2026-05-04T07:13:51.137+0000] {processor.py:186} INFO - Started process (PID=1622) to work on /opt/airflow/dags/main.py
[2026-05-04T07:13:51.139+0000] {processor.py:914} INFO - Processing file /opt/airflow/dags/main.py for tasks to queue
[2026-05-04T07:13:51.144+0000] {logging_mixin.py:190} INFO - [2026-05-04T07:13:51.143+0000] {dagbag.py:588} INFO - Filling up the DagBag from /opt/airflow/dags/main.py
[2026-05-04T07:13:51.631+0000] {processor.py:925} INFO - DAG(s) 'orders_kafka_to_s3' retrieved from /opt/airflow/dags/main.py
[2026-05-04T07:13:51.666+0000] {logging_mixin.py:190} INFO - [2026-05-04T07:13:51.665+0000] {dag.py:3239} INFO - Sync 1 DAGs
[2026-05-04T07:13:51.711+0000] {logging_mixin.py:190} INFO - [2026-05-04T07:13:51.711+0000] {dag.py:4180} INFO - Setting next_dagrun for orders_kafka_to_s3 to 2026-05-04 00:00:00+00:00, run_after=2026-05-05 00:00:00+00:00
[2026-05-04T07:13:51.744+0000] {processor.py:208} INFO - Processing /opt/airflow/dags/main.py took 0.616 seconds
[2026-05-04T07:14:21.832+0000] {processor.py:186} INFO - Started process (PID=1629) to work on /opt/airflow/dags/main.py
[2026-05-04T07:14:21.836+0000] {processor.py:914} INFO - Processing file /opt/airflow/dags/main.py for tasks to queue
[2026-05-04T07:14:21.840+0000] {logging_mixin.py:190} INFO - [2026-05-04T07:14:21.839+0000] {dagbag.py:588} INFO - Filling up the DagBag from /opt/airflow/dags/main.py
[2026-05-04T07:14:22.206+0000] {processor.py:925} INFO - DAG(s) 'orders_kafka_to_s3' retrieved from /opt/airflow/dags/main.py
[2026-05-04T07:14:22.251+0000] {logging_mixin.py:190} INFO - [2026-05-04T07:14:22.251+0000] {dag.py:3239} INFO - Sync 1 DAGs
[2026-05-04T07:14:22.298+0000] {logging_mixin.py:190} INFO - [2026-05-04T07:14:22.298+0000] {dag.py:4180} INFO - Setting next_dagrun for orders_kafka_to_s3 to 2026-05-04 00:00:00+00:00, run_after=2026-05-05 00:00:00+00:00
[2026-05-04T07:14:22.335+0000] {processor.py:208} INFO - Processing /opt/airflow/dags/main.py took 0.514 seconds
[2026-05-04T07:14:52.889+0000] {processor.py:186} INFO - Started process (PID=1636) to work on /opt/airflow/dags/main.py
[2026-05-04T07:14:52.895+0000] {processor.py:914} INFO - Processing file /opt/airflow/dags/main.py for tasks to queue
[2026-05-04T07:14:52.912+0000] {logging_mixin.py:190} INFO - [2026-05-04T07:14:52.909+0000] {dagbag.py:588} INFO - Filling up the DagBag from /opt/airflow/dags/main.py
[2026-05-04T07:14:53.351+0000] {processor.py:925} INFO - DAG(s) 'orders_kafka_to_s3' retrieved from /opt/airflow/dags/main.py
[2026-05-04T07:14:53.389+0000] {logging_mixin.py:190} INFO - [2026-05-04T07:14:53.389+0000] {dag.py:3239} INFO - Sync 1 DAGs
[2026-05-04T07:14:53.418+0000] {logging_mixin.py:190} INFO - [2026-05-04T07:14:53.418+0000] {dag.py:4180} INFO - Setting next_dagrun for orders_kafka_to_s3 to 2026-05-04 00:00:00+00:00, run_after=2026-05-05 00:00:00+00:00
[2026-05-04T07:14:53.446+0000] {processor.py:208} INFO - Processing /opt/airflow/dags/main.py took 0.609 seconds
[2026-05-04T07:15:23.954+0000] {processor.py:186} INFO - Started process (PID=1643) to work on /opt/airflow/dags/main.py
[2026-05-04T07:15:23.957+0000] {processor.py:914} INFO - Processing file /opt/airflow/dags/main.py for tasks to queue
[2026-05-04T07:15:23.962+0000] {logging_mixin.py:190} INFO - [2026-05-04T07:15:23.962+0000] {dagbag.py:588} INFO - Filling up the DagBag from /opt/airflow/dags/main.py
[2026-05-04T07:15:24.399+0000] {processor.py:925} INFO - DAG(s) 'orders_kafka_to_s3' retrieved from /opt/airflow/dags/main.py
[2026-05-04T07:15:24.427+0000] {logging_mixin.py:190} INFO - [2026-05-04T07:15:24.427+0000] {dag.py:3239} INFO - Sync 1 DAGs
[2026-05-04T07:15:24.453+0000] {logging_mixin.py:190} INFO - [2026-05-04T07:15:24.453+0000] {dag.py:4180} INFO - Setting next_dagrun for orders_kafka_to_s3 to 2026-05-04 00:00:00+00:00, run_after=2026-05-05 00:00:00+00:00
[2026-05-04T07:15:24.489+0000] {processor.py:208} INFO - Processing /opt/airflow/dags/main.py took 0.548 seconds
[2026-05-04T07:15:54.666+0000] {processor.py:186} INFO - Started process (PID=1649) to work on /opt/airflow/dags/main.py
[2026-05-04T07:15:54.669+0000] {processor.py:914} INFO - Processing file /opt/airflow/dags/main.py for tasks to queue
[2026-05-04T07:15:54.673+0000] {logging_mixin.py:190} INFO - [2026-05-04T07:15:54.673+0000] {dagbag.py:588} INFO - Filling up the DagBag from /opt/airflow/dags/main.py
[2026-05-04T07:15:55.026+0000] {processor.py:925} INFO - DAG(s) 'orders_kafka_to_s3' retrieved from /opt/airflow/dags/main.py
[2026-05-04T07:15:55.054+0000] {logging_mixin.py:190} INFO - [2026-05-04T07:15:55.054+0000] {dag.py:3239} INFO - Sync 1 DAGs
[2026-05-04T07:15:55.082+0000] {logging_mixin.py:190} INFO - [2026-05-04T07:15:55.082+0000] {dag.py:4180} INFO - Setting next_dagrun for orders_kafka_to_s3 to 2026-05-04 00:00:00+00:00, run_after=2026-05-05 00:00:00+00:00
[2026-05-04T07:15:55.109+0000] {processor.py:208} INFO - Processing /opt/airflow/dags/main.py took 0.452 seconds
[2026-05-04T07:16:25.310+0000] {processor.py:186} INFO - Started process (PID=1656) to work on /opt/airflow/dags/main.py
[2026-05-04T07:16:25.311+0000] {processor.py:914} INFO - Processing file /opt/airflow/dags/main.py for tasks to queue
[2026-05-04T07:16:25.315+0000] {logging_mixin.py:190} INFO - [2026-05-04T07:16:25.314+0000] {dagbag.py:588} INFO - Filling up the DagBag from /opt/airflow/dags/main.py
[2026-05-04T07:16:25.703+0000] {processor.py:925} INFO - DAG(s) 'orders_kafka_to_s3' retrieved from /opt/airflow/dags/main.py
[2026-05-04T07:16:25.741+0000] {logging_mixin.py:190} INFO - [2026-05-04T07:16:25.741+0000] {dag.py:3239} INFO - Sync 1 DAGs
[2026-05-04T07:16:25.775+0000] {logging_mixin.py:190} INFO - [2026-05-04T07:16:25.775+0000] {dag.py:4180} INFO - Setting next_dagrun for orders_kafka_to_s3 to 2026-05-04 00:00:00+00:00, run_after=2026-05-05 00:00:00+00:00
[2026-05-04T07:16:25.807+0000] {processor.py:208} INFO - Processing /opt/airflow/dags/main.py took 0.506 seconds
[2026-05-04T07:16:55.952+0000] {processor.py:186} INFO - Started process (PID=1663) to work on /opt/airflow/dags/main.py
[2026-05-04T07:16:55.954+0000] {processor.py:914} INFO - Processing file /opt/airflow/dags/main.py for tasks to queue
[2026-05-04T07:16:55.958+0000] {logging_mixin.py:190} INFO - [2026-05-04T07:16:55.957+0000] {dagbag.py:588} INFO - Filling up the DagBag from /opt/airflow/dags/main.py
[2026-05-04T07:16:56.294+0000] {processor.py:925} INFO - DAG(s) 'orders_kafka_to_s3' retrieved from /opt/airflow/dags/main.py
[2026-05-04T07:16:56.334+0000] {logging_mixin.py:190} INFO - [2026-05-04T07:16:56.333+0000] {dag.py:3239} INFO - Sync 1 DAGs
[2026-05-04T07:16:56.365+0000] {logging_mixin.py:190} INFO - [2026-05-04T07:16:56.365+0000] {dag.py:4180} INFO - Setting next_dagrun for orders_kafka_to_s3 to 2026-05-04 00:00:00+00:00, run_after=2026-05-05 00:00:00+00:00
[2026-05-04T07:16:56.391+0000] {processor.py:208} INFO - Processing /opt/airflow/dags/main.py took 0.447 seconds
[2026-05-04T07:17:26.748+0000] {processor.py:186} INFO - Started process (PID=1670) to work on /opt/airflow/dags/main.py
[2026-05-04T07:17:26.750+0000] {processor.py:914} INFO - Processing file /opt/airflow/dags/main.py for tasks to queue
[2026-05-04T07:17:26.755+0000] {logging_mixin.py:190} INFO - [2026-05-04T07:17:26.755+0000] {dagbag.py:588} INFO - Filling up the DagBag from /opt/airflow/dags/main.py
[2026-05-04T07:17:27.124+0000] {processor.py:925} INFO - DAG(s) 'orders_kafka_to_s3' retrieved from /opt/airflow/dags/main.py
[2026-05-04T07:17:27.151+0000] {logging_mixin.py:190} INFO - [2026-05-04T07:17:27.151+0000] {dag.py:3239} INFO - Sync 1 DAGs
[2026-05-04T07:17:27.183+0000] {logging_mixin.py:190} INFO - [2026-05-04T07:17:27.183+0000] {dag.py:4180} INFO - Setting next_dagrun for orders_kafka_to_s3 to 2026-05-04 00:00:00+00:00, run_after=2026-05-05 00:00:00+00:00
[2026-05-04T07:17:27.216+0000] {processor.py:208} INFO - Processing /opt/airflow/dags/main.py took 0.481 seconds
[2026-05-04T07:17:57.731+0000] {processor.py:186} INFO - Started process (PID=1678) to work on /opt/airflow/dags/main.py
[2026-05-04T07:17:57.734+0000] {processor.py:914} INFO - Processing file /opt/airflow/dags/main.py for tasks to queue
[2026-05-04T07:17:57.737+0000] {logging_mixin.py:190} INFO - [2026-05-04T07:17:57.737+0000] {dagbag.py:588} INFO - Filling up the DagBag from /opt/airflow/dags/main.py
[2026-05-04T07:17:58.178+0000] {processor.py:925} INFO - DAG(s) 'orders_kafka_to_s3' retrieved from /opt/airflow/dags/main.py
[2026-05-04T07:17:58.209+0000] {logging_mixin.py:190} INFO - [2026-05-04T07:17:58.209+0000] {dag.py:3239} INFO - Sync 1 DAGs
[2026-05-04T07:17:58.237+0000] {logging_mixin.py:190} INFO - [2026-05-04T07:17:58.237+0000] {dag.py:4180} INFO - Setting next_dagrun for orders_kafka_to_s3 to 2026-05-04 00:00:00+00:00, run_after=2026-05-05 00:00:00+00:00
[2026-05-04T07:17:58.265+0000] {processor.py:208} INFO - Processing /opt/airflow/dags/main.py took 0.547 seconds
[2026-05-04T07:18:28.753+0000] {processor.py:186} INFO - Started process (PID=1685) to work on /opt/airflow/dags/main.py
[2026-05-04T07:18:28.755+0000] {processor.py:914} INFO - Processing file /opt/airflow/dags/main.py for tasks to queue
[2026-05-04T07:18:28.759+0000] {logging_mixin.py:190} INFO - [2026-05-04T07:18:28.758+0000] {dagbag.py:588} INFO - Filling up the DagBag from /opt/airflow/dags/main.py
[2026-05-04T07:18:29.112+0000] {processor.py:925} INFO - DAG(s) 'orders_kafka_to_s3' retrieved from /opt/airflow/dags/main.py
[2026-05-04T07:18:29.144+0000] {logging_mixin.py:190} INFO - [2026-05-04T07:18:29.144+0000] {dag.py:3239} INFO - Sync 1 DAGs
[2026-05-04T07:18:29.174+0000] {logging_mixin.py:190} INFO - [2026-05-04T07:18:29.174+0000] {dag.py:4180} INFO - Setting next_dagrun for orders_kafka_to_s3 to 2026-05-04 00:00:00+00:00, run_after=2026-05-05 00:00:00+00:00
[2026-05-04T07:18:29.206+0000] {processor.py:208} INFO - Processing /opt/airflow/dags/main.py took 0.463 seconds
[2026-05-04T07:18:59.734+0000] {processor.py:186} INFO - Started process (PID=1692) to work on /opt/airflow/dags/main.py
[2026-05-04T07:18:59.736+0000] {processor.py:914} INFO - Processing file /opt/airflow/dags/main.py for tasks to queue
[2026-05-04T07:18:59.740+0000] {logging_mixin.py:190} INFO - [2026-05-04T07:18:59.739+0000] {dagbag.py:588} INFO - Filling up the DagBag from /opt/airflow/dags/main.py
[2026-05-04T07:19:00.173+0000] {processor.py:925} INFO - DAG(s) 'orders_kafka_to_s3' retrieved from /opt/airflow/dags/main.py
[2026-05-04T07:19:00.204+0000] {logging_mixin.py:190} INFO - [2026-05-04T07:19:00.204+0000] {dag.py:3239} INFO - Sync 1 DAGs
[2026-05-04T07:19:00.232+0000] {logging_mixin.py:190} INFO - [2026-05-04T07:19:00.232+0000] {dag.py:4180} INFO - Setting next_dagrun for orders_kafka_to_s3 to 2026-05-04 00:00:00+00:00, run_after=2026-05-05 00:00:00+00:00
[2026-05-04T07:19:00.257+0000] {processor.py:208} INFO - Processing /opt/airflow/dags/main.py took 0.532 seconds
[2026-05-04T07:19:30.674+0000] {processor.py:186} INFO - Started process (PID=1699) to work on /opt/airflow/dags/main.py
[2026-05-04T07:19:30.676+0000] {processor.py:914} INFO - Processing file /opt/airflow/dags/main.py for tasks to queue
[2026-05-04T07:19:30.681+0000] {logging_mixin.py:190} INFO - [2026-05-04T07:19:30.680+0000] {dagbag.py:588} INFO - Filling up the DagBag from /opt/airflow/dags/main.py
[2026-05-04T07:19:31.092+0000] {processor.py:925} INFO - DAG(s) 'orders_kafka_to_s3' retrieved from /opt/airflow/dags/main.py
[2026-05-04T07:19:31.120+0000] {logging_mixin.py:190} INFO - [2026-05-04T07:19:31.120+0000] {dag.py:3239} INFO - Sync 1 DAGs
[2026-05-04T07:19:31.147+0000] {logging_mixin.py:190} INFO - [2026-05-04T07:19:31.147+0000] {dag.py:4180} INFO - Setting next_dagrun for orders_kafka_to_s3 to 2026-05-04 00:00:00+00:00, run_after=2026-05-05 00:00:00+00:00
[2026-05-04T07:19:31.172+0000] {processor.py:208} INFO - Processing /opt/airflow/dags/main.py took 0.515 seconds
[2026-05-04T07:20:01.767+0000] {processor.py:186} INFO - Started process (PID=1706) to work on /opt/airflow/dags/main.py
[2026-05-04T07:20:01.772+0000] {processor.py:914} INFO - Processing file /opt/airflow/dags/main.py for tasks to queue
[2026-05-04T07:20:01.786+0000] {logging_mixin.py:190} INFO - [2026-05-04T07:20:01.784+0000] {dagbag.py:588} INFO - Filling up the DagBag from /opt/airflow/dags/main.py
[2026-05-04T07:20:02.438+0000] {processor.py:925} INFO - DAG(s) 'orders_kafka_to_s3' retrieved from /opt/airflow/dags/main.py
[2026-05-04T07:20:02.480+0000] {logging_mixin.py:190} INFO - [2026-05-04T07:20:02.479+0000] {dag.py:3239} INFO - Sync 1 DAGs
[2026-05-04T07:20:02.515+0000] {logging_mixin.py:190} INFO - [2026-05-04T07:20:02.515+0000] {dag.py:4180} INFO - Setting next_dagrun for orders_kafka_to_s3 to 2026-05-04 00:00:00+00:00, run_after=2026-05-05 00:00:00+00:00
[2026-05-04T07:20:02.540+0000] {processor.py:208} INFO - Processing /opt/airflow/dags/main.py took 0.804 seconds
[2026-05-04T07:20:32.701+0000] {processor.py:186} INFO - Started process (PID=1713) to work on /opt/airflow/dags/main.py
[2026-05-04T07:20:32.706+0000] {processor.py:914} INFO - Processing file /opt/airflow/dags/main.py for tasks to queue
[2026-05-04T07:20:32.716+0000] {logging_mixin.py:190} INFO - [2026-05-04T07:20:32.715+0000] {dagbag.py:588} INFO - Filling up the DagBag from /opt/airflow/dags/main.py
[2026-05-04T07:20:33.461+0000] {processor.py:925} INFO - DAG(s) 'orders_kafka_to_s3' retrieved from /opt/airflow/dags/main.py
[2026-05-04T07:20:33.498+0000] {logging_mixin.py:190} INFO - [2026-05-04T07:20:33.497+0000] {dag.py:3239} INFO - Sync 1 DAGs
[2026-05-04T07:20:33.536+0000] {logging_mixin.py:190} INFO - [2026-05-04T07:20:33.536+0000] {dag.py:4180} INFO - Setting next_dagrun for orders_kafka_to_s3 to 2026-05-04 00:00:00+00:00, run_after=2026-05-05 00:00:00+00:00
[2026-05-04T07:20:33.562+0000] {processor.py:208} INFO - Processing /opt/airflow/dags/main.py took 0.883 seconds
[2026-05-04T07:21:04.120+0000] {processor.py:186} INFO - Started process (PID=1720) to work on /opt/airflow/dags/main.py
[2026-05-04T07:21:04.122+0000] {processor.py:914} INFO - Processing file /opt/airflow/dags/main.py for tasks to queue
[2026-05-04T07:21:04.128+0000] {logging_mixin.py:190} INFO - [2026-05-04T07:21:04.127+0000] {dagbag.py:588} INFO - Filling up the DagBag from /opt/airflow/dags/main.py
[2026-05-04T07:21:04.621+0000] {processor.py:925} INFO - DAG(s) 'orders_kafka_to_s3' retrieved from /opt/airflow/dags/main.py
[2026-05-04T07:21:04.651+0000] {logging_mixin.py:190} INFO - [2026-05-04T07:21:04.651+0000] {dag.py:3239} INFO - Sync 1 DAGs
[2026-05-04T07:21:04.683+0000] {logging_mixin.py:190} INFO - [2026-05-04T07:21:04.682+0000] {dag.py:4180} INFO - Setting next_dagrun for orders_kafka_to_s3 to 2026-05-04 00:00:00+00:00, run_after=2026-05-05 00:00:00+00:00
[2026-05-04T07:21:04.726+0000] {processor.py:208} INFO - Processing /opt/airflow/dags/main.py took 0.619 seconds
[2026-05-04T07:21:35.038+0000] {processor.py:186} INFO - Started process (PID=1727) to work on /opt/airflow/dags/main.py
[2026-05-04T07:21:35.041+0000] {processor.py:914} INFO - Processing file /opt/airflow/dags/main.py for tasks to queue
[2026-05-04T07:21:35.048+0000] {logging_mixin.py:190} INFO - [2026-05-04T07:21:35.047+0000] {dagbag.py:588} INFO - Filling up the DagBag from /opt/airflow/dags/main.py
[2026-05-04T07:21:35.519+0000] {processor.py:925} INFO - DAG(s) 'orders_kafka_to_s3' retrieved from /opt/airflow/dags/main.py
[2026-05-04T07:21:35.547+0000] {logging_mixin.py:190} INFO - [2026-05-04T07:21:35.546+0000] {dag.py:3239} INFO - Sync 1 DAGs
[2026-05-04T07:21:35.575+0000] {logging_mixin.py:190} INFO - [2026-05-04T07:21:35.575+0000] {dag.py:4180} INFO - Setting next_dagrun for orders_kafka_to_s3 to 2026-05-04 00:00:00+00:00, run_after=2026-05-05 00:00:00+00:00
[2026-05-04T07:21:35.603+0000] {processor.py:208} INFO - Processing /opt/airflow/dags/main.py took 0.593 seconds
[2026-05-04T07:22:05.765+0000] {processor.py:186} INFO - Started process (PID=1734) to work on /opt/airflow/dags/main.py
[2026-05-04T07:22:05.767+0000] {processor.py:914} INFO - Processing file /opt/airflow/dags/main.py for tasks to queue
[2026-05-04T07:22:05.770+0000] {logging_mixin.py:190} INFO - [2026-05-04T07:22:05.769+0000] {dagbag.py:588} INFO - Filling up the DagBag from /opt/airflow/dags/main.py
[2026-05-04T07:22:06.136+0000] {processor.py:925} INFO - DAG(s) 'orders_kafka_to_s3' retrieved from /opt/airflow/dags/main.py
[2026-05-04T07:22:06.180+0000] {logging_mixin.py:190} INFO - [2026-05-04T07:22:06.179+0000] {dag.py:3239} INFO - Sync 1 DAGs
[2026-05-04T07:22:06.206+0000] {logging_mixin.py:190} INFO - [2026-05-04T07:22:06.206+0000] {dag.py:4180} INFO - Setting next_dagrun for orders_kafka_to_s3 to 2026-05-04 00:00:00+00:00, run_after=2026-05-05 00:00:00+00:00
[2026-05-04T07:22:06.232+0000] {processor.py:208} INFO - Processing /opt/airflow/dags/main.py took 0.477 seconds
[2026-05-04T07:22:36.706+0000] {processor.py:186} INFO - Started process (PID=1741) to work on /opt/airflow/dags/main.py
[2026-05-04T07:22:36.709+0000] {processor.py:914} INFO - Processing file /opt/airflow/dags/main.py for tasks to queue
[2026-05-04T07:22:36.715+0000] {logging_mixin.py:190} INFO - [2026-05-04T07:22:36.714+0000] {dagbag.py:588} INFO - Filling up the DagBag from /opt/airflow/dags/main.py
[2026-05-04T07:22:37.134+0000] {processor.py:925} INFO - DAG(s) 'orders_kafka_to_s3' retrieved from /opt/airflow/dags/main.py
[2026-05-04T07:22:37.183+0000] {logging_mixin.py:190} INFO - [2026-05-04T07:22:37.183+0000] {dag.py:3239} INFO - Sync 1 DAGs
[2026-05-04T07:22:37.218+0000] {logging_mixin.py:190} INFO - [2026-05-04T07:22:37.218+0000] {dag.py:4180} INFO - Setting next_dagrun for orders_kafka_to_s3 to 2026-05-04 00:00:00+00:00, run_after=2026-05-05 00:00:00+00:00
[2026-05-04T07:22:37.253+0000] {processor.py:208} INFO - Processing /opt/airflow/dags/main.py took 0.564 seconds
[2026-05-04T07:23:07.771+0000] {processor.py:186} INFO - Started process (PID=1748) to work on /opt/airflow/dags/main.py
[2026-05-04T07:23:07.774+0000] {processor.py:914} INFO - Processing file /opt/airflow/dags/main.py for tasks to queue
[2026-05-04T07:23:07.779+0000] {logging_mixin.py:190} INFO - [2026-05-04T07:23:07.778+0000] {dagbag.py:588} INFO - Filling up the DagBag from /opt/airflow/dags/main.py
[2026-05-04T07:23:08.142+0000] {processor.py:925} INFO - DAG(s) 'orders_kafka_to_s3' retrieved from /opt/airflow/dags/main.py
[2026-05-04T07:23:08.172+0000] {logging_mixin.py:190} INFO - [2026-05-04T07:23:08.172+0000] {dag.py:3239} INFO - Sync 1 DAGs
[2026-05-04T07:23:08.199+0000] {logging_mixin.py:190} INFO - [2026-05-04T07:23:08.199+0000] {dag.py:4180} INFO - Setting next_dagrun for orders_kafka_to_s3 to 2026-05-04 00:00:00+00:00, run_after=2026-05-05 00:00:00+00:00
[2026-05-04T07:23:08.224+0000] {processor.py:208} INFO - Processing /opt/airflow/dags/main.py took 0.472 seconds
[2026-05-04T07:23:38.746+0000] {processor.py:186} INFO - Started process (PID=1755) to work on /opt/airflow/dags/main.py
[2026-05-04T07:23:38.748+0000] {processor.py:914} INFO - Processing file /opt/airflow/dags/main.py for tasks to queue
[2026-05-04T07:23:38.752+0000] {logging_mixin.py:190} INFO - [2026-05-04T07:23:38.751+0000] {dagbag.py:588} INFO - Filling up the DagBag from /opt/airflow/dags/main.py
[2026-05-04T07:23:39.107+0000] {processor.py:925} INFO - DAG(s) 'orders_kafka_to_s3' retrieved from /opt/airflow/dags/main.py
[2026-05-04T07:23:39.141+0000] {logging_mixin.py:190} INFO - [2026-05-04T07:23:39.141+0000] {dag.py:3239} INFO - Sync 1 DAGs
[2026-05-04T07:23:39.173+0000] {logging_mixin.py:190} INFO - [2026-05-04T07:23:39.172+0000] {dag.py:4180} INFO - Setting next_dagrun for orders_kafka_to_s3 to 2026-05-04 00:00:00+00:00, run_after=2026-05-05 00:00:00+00:00
[2026-05-04T07:23:39.208+0000] {processor.py:208} INFO - Processing /opt/airflow/dags/main.py took 0.471 seconds
[2026-05-04T07:24:09.600+0000] {processor.py:186} INFO - Started process (PID=1762) to work on /opt/airflow/dags/main.py
[2026-05-04T07:24:09.602+0000] {processor.py:914} INFO - Processing file /opt/airflow/dags/main.py for tasks to queue
[2026-05-04T07:24:09.607+0000] {logging_mixin.py:190} INFO - [2026-05-04T07:24:09.607+0000] {dagbag.py:588} INFO - Filling up the DagBag from /opt/airflow/dags/main.py
[2026-05-04T07:24:09.998+0000] {processor.py:925} INFO - DAG(s) 'orders_kafka_to_s3' retrieved from /opt/airflow/dags/main.py
[2026-05-04T07:24:10.056+0000] {logging_mixin.py:190} INFO - [2026-05-04T07:24:10.056+0000] {dag.py:3239} INFO - Sync 1 DAGs
[2026-05-04T07:24:10.087+0000] {logging_mixin.py:190} INFO - [2026-05-04T07:24:10.087+0000] {dag.py:4180} INFO - Setting next_dagrun for orders_kafka_to_s3 to 2026-05-04 00:00:00+00:00, run_after=2026-05-05 00:00:00+00:00
[2026-05-04T07:24:10.112+0000] {processor.py:208} INFO - Processing /opt/airflow/dags/main.py took 0.526 seconds
[2026-05-04T07:24:40.206+0000] {processor.py:186} INFO - Started process (PID=1769) to work on /opt/airflow/dags/main.py
[2026-05-04T07:24:40.209+0000] {processor.py:914} INFO - Processing file /opt/airflow/dags/main.py for tasks to queue
[2026-05-04T07:24:40.214+0000] {logging_mixin.py:190} INFO - [2026-05-04T07:24:40.213+0000] {dagbag.py:588} INFO - Filling up the DagBag from /opt/airflow/dags/main.py
[2026-05-04T07:24:40.654+0000] {processor.py:925} INFO - DAG(s) 'orders_kafka_to_s3' retrieved from /opt/airflow/dags/main.py
[2026-05-04T07:24:40.685+0000] {logging_mixin.py:190} INFO - [2026-05-04T07:24:40.685+0000] {dag.py:3239} INFO - Sync 1 DAGs
[2026-05-04T07:24:40.711+0000] {logging_mixin.py:190} INFO - [2026-05-04T07:24:40.710+0000] {dag.py:4180} INFO - Setting next_dagrun for orders_kafka_to_s3 to 2026-05-04 00:00:00+00:00, run_after=2026-05-05 00:00:00+00:00
[2026-05-04T07:24:40.735+0000] {processor.py:208} INFO - Processing /opt/airflow/dags/main.py took 0.543 seconds
[2026-05-04T07:25:11.072+0000] {processor.py:186} INFO - Started process (PID=1776) to work on /opt/airflow/dags/main.py
[2026-05-04T07:25:11.073+0000] {processor.py:914} INFO - Processing file /opt/airflow/dags/main.py for tasks to queue
[2026-05-04T07:25:11.076+0000] {logging_mixin.py:190} INFO - [2026-05-04T07:25:11.076+0000] {dagbag.py:588} INFO - Filling up the DagBag from /opt/airflow/dags/main.py
[2026-05-04T07:25:11.467+0000] {processor.py:925} INFO - DAG(s) 'orders_kafka_to_s3' retrieved from /opt/airflow/dags/main.py
[2026-05-04T07:25:11.495+0000] {logging_mixin.py:190} INFO - [2026-05-04T07:25:11.495+0000] {dag.py:3239} INFO - Sync 1 DAGs
[2026-05-04T07:25:11.522+0000] {logging_mixin.py:190} INFO - [2026-05-04T07:25:11.522+0000] {dag.py:4180} INFO - Setting next_dagrun for orders_kafka_to_s3 to 2026-05-04 00:00:00+00:00, run_after=2026-05-05 00:00:00+00:00
[2026-05-04T07:25:11.550+0000] {processor.py:208} INFO - Processing /opt/airflow/dags/main.py took 0.487 seconds
[2026-05-04T07:25:41.698+0000] {processor.py:186} INFO - Started process (PID=1783) to work on /opt/airflow/dags/main.py
[2026-05-04T07:25:41.701+0000] {processor.py:914} INFO - Processing file /opt/airflow/dags/main.py for tasks to queue
[2026-05-04T07:25:41.706+0000] {logging_mixin.py:190} INFO - [2026-05-04T07:25:41.705+0000] {dagbag.py:588} INFO - Filling up the DagBag from /opt/airflow/dags/main.py
[2026-05-04T07:25:42.120+0000] {processor.py:925} INFO - DAG(s) 'orders_kafka_to_s3' retrieved from /opt/airflow/dags/main.py
[2026-05-04T07:25:42.149+0000] {logging_mixin.py:190} INFO - [2026-05-04T07:25:42.149+0000] {dag.py:3239} INFO - Sync 1 DAGs
[2026-05-04T07:25:42.179+0000] {logging_mixin.py:190} INFO - [2026-05-04T07:25:42.179+0000] {dag.py:4180} INFO - Setting next_dagrun for orders_kafka_to_s3 to 2026-05-04 00:00:00+00:00, run_after=2026-05-05 00:00:00+00:00
[2026-05-04T07:25:42.214+0000] {processor.py:208} INFO - Processing /opt/airflow/dags/main.py took 0.527 seconds
[2026-05-04T07:26:12.557+0000] {processor.py:186} INFO - Started process (PID=1790) to work on /opt/airflow/dags/main.py
[2026-05-04T07:26:12.559+0000] {processor.py:914} INFO - Processing file /opt/airflow/dags/main.py for tasks to queue
[2026-05-04T07:26:12.564+0000] {logging_mixin.py:190} INFO - [2026-05-04T07:26:12.563+0000] {dagbag.py:588} INFO - Filling up the DagBag from /opt/airflow/dags/main.py
[2026-05-04T07:26:12.971+0000] {processor.py:925} INFO - DAG(s) 'orders_kafka_to_s3' retrieved from /opt/airflow/dags/main.py
[2026-05-04T07:26:13.005+0000] {logging_mixin.py:190} INFO - [2026-05-04T07:26:13.005+0000] {dag.py:3239} INFO - Sync 1 DAGs
[2026-05-04T07:26:13.039+0000] {logging_mixin.py:190} INFO - [2026-05-04T07:26:13.038+0000] {dag.py:4180} INFO - Setting next_dagrun for orders_kafka_to_s3 to 2026-05-04 00:00:00+00:00, run_after=2026-05-05 00:00:00+00:00
[2026-05-04T07:26:13.073+0000] {processor.py:208} INFO - Processing /opt/airflow/dags/main.py took 0.529 seconds
[2026-05-04T07:26:43.193+0000] {processor.py:186} INFO - Started process (PID=1797) to work on /opt/airflow/dags/main.py
[2026-05-04T07:26:43.195+0000] {processor.py:914} INFO - Processing file /opt/airflow/dags/main.py for tasks to queue
[2026-05-04T07:26:43.199+0000] {logging_mixin.py:190} INFO - [2026-05-04T07:26:43.198+0000] {dagbag.py:588} INFO - Filling up the DagBag from /opt/airflow/dags/main.py
[2026-05-04T07:26:43.588+0000] {processor.py:925} INFO - DAG(s) 'orders_kafka_to_s3' retrieved from /opt/airflow/dags/main.py
[2026-05-04T07:26:43.629+0000] {logging_mixin.py:190} INFO - [2026-05-04T07:26:43.629+0000] {dag.py:3239} INFO - Sync 1 DAGs
[2026-05-04T07:26:43.656+0000] {logging_mixin.py:190} INFO - [2026-05-04T07:26:43.655+0000] {dag.py:4180} INFO - Setting next_dagrun for orders_kafka_to_s3 to 2026-05-04 00:00:00+00:00, run_after=2026-05-05 00:00:00+00:00
[2026-05-04T07:26:43.681+0000] {processor.py:208} INFO - Processing /opt/airflow/dags/main.py took 0.497 seconds
[2026-05-04T07:27:14.241+0000] {processor.py:186} INFO - Started process (PID=1804) to work on /opt/airflow/dags/main.py
[2026-05-04T07:27:14.243+0000] {processor.py:914} INFO - Processing file /opt/airflow/dags/main.py for tasks to queue
[2026-05-04T07:27:14.248+0000] {logging_mixin.py:190} INFO - [2026-05-04T07:27:14.247+0000] {dagbag.py:588} INFO - Filling up the DagBag from /opt/airflow/dags/main.py
[2026-05-04T07:27:14.733+0000] {processor.py:925} INFO - DAG(s) 'orders_kafka_to_s3' retrieved from /opt/airflow/dags/main.py
[2026-05-04T07:27:14.767+0000] {logging_mixin.py:190} INFO - [2026-05-04T07:27:14.766+0000] {dag.py:3239} INFO - Sync 1 DAGs
[2026-05-04T07:27:14.794+0000] {logging_mixin.py:190} INFO - [2026-05-04T07:27:14.794+0000] {dag.py:4180} INFO - Setting next_dagrun for orders_kafka_to_s3 to 2026-05-04 00:00:00+00:00, run_after=2026-05-05 00:00:00+00:00
[2026-05-04T07:27:14.860+0000] {processor.py:208} INFO - Processing /opt/airflow/dags/main.py took 0.632 seconds
[2026-05-04T07:27:45.478+0000] {processor.py:186} INFO - Started process (PID=1811) to work on /opt/airflow/dags/main.py
[2026-05-04T07:27:45.480+0000] {processor.py:914} INFO - Processing file /opt/airflow/dags/main.py for tasks to queue
[2026-05-04T07:27:45.485+0000] {logging_mixin.py:190} INFO - [2026-05-04T07:27:45.484+0000] {dagbag.py:588} INFO - Filling up the DagBag from /opt/airflow/dags/main.py
[2026-05-04T07:27:45.853+0000] {processor.py:925} INFO - DAG(s) 'orders_kafka_to_s3' retrieved from /opt/airflow/dags/main.py
[2026-05-04T07:27:45.883+0000] {logging_mixin.py:190} INFO - [2026-05-04T07:27:45.882+0000] {dag.py:3239} INFO - Sync 1 DAGs
[2026-05-04T07:27:45.911+0000] {logging_mixin.py:190} INFO - [2026-05-04T07:27:45.911+0000] {dag.py:4180} INFO - Setting next_dagrun for orders_kafka_to_s3 to 2026-05-04 00:00:00+00:00, run_after=2026-05-05 00:00:00+00:00
[2026-05-04T07:27:45.939+0000] {processor.py:208} INFO - Processing /opt/airflow/dags/main.py took 0.470 seconds
[2026-05-04T07:28:16.228+0000] {processor.py:186} INFO - Started process (PID=1819) to work on /opt/airflow/dags/main.py
[2026-05-04T07:28:16.231+0000] {processor.py:914} INFO - Processing file /opt/airflow/dags/main.py for tasks to queue
[2026-05-04T07:28:16.236+0000] {logging_mixin.py:190} INFO - [2026-05-04T07:28:16.236+0000] {dagbag.py:588} INFO - Filling up the DagBag from /opt/airflow/dags/main.py
[2026-05-04T07:28:16.616+0000] {processor.py:925} INFO - DAG(s) 'orders_kafka_to_s3' retrieved from /opt/airflow/dags/main.py
[2026-05-04T07:28:16.646+0000] {logging_mixin.py:190} INFO - [2026-05-04T07:28:16.645+0000] {dag.py:3239} INFO - Sync 1 DAGs
[2026-05-04T07:28:16.675+0000] {logging_mixin.py:190} INFO - [2026-05-04T07:28:16.675+0000] {dag.py:4180} INFO - Setting next_dagrun for orders_kafka_to_s3 to 2026-05-04 00:00:00+00:00, run_after=2026-05-05 00:00:00+00:00
[2026-05-04T07:28:16.700+0000] {processor.py:208} INFO - Processing /opt/airflow/dags/main.py took 0.494 seconds
[2026-05-04T07:28:46.939+0000] {processor.py:186} INFO - Started process (PID=1826) to work on /opt/airflow/dags/main.py
[2026-05-04T07:28:46.940+0000] {processor.py:914} INFO - Processing file /opt/airflow/dags/main.py for tasks to queue
[2026-05-04T07:28:46.945+0000] {logging_mixin.py:190} INFO - [2026-05-04T07:28:46.944+0000] {dagbag.py:588} INFO - Filling up the DagBag from /opt/airflow/dags/main.py
[2026-05-04T07:28:47.310+0000] {processor.py:925} INFO - DAG(s) 'orders_kafka_to_s3' retrieved from /opt/airflow/dags/main.py
[2026-05-04T07:28:47.343+0000] {logging_mixin.py:190} INFO - [2026-05-04T07:28:47.343+0000] {dag.py:3239} INFO - Sync 1 DAGs
[2026-05-04T07:28:47.375+0000] {logging_mixin.py:190} INFO - [2026-05-04T07:28:47.375+0000] {dag.py:4180} INFO - Setting next_dagrun for orders_kafka_to_s3 to 2026-05-04 00:00:00+00:00, run_after=2026-05-05 00:00:00+00:00
[2026-05-04T07:28:47.407+0000] {processor.py:208} INFO - Processing /opt/airflow/dags/main.py took 0.479 seconds
[2026-05-04T07:29:17.725+0000] {processor.py:186} INFO - Started process (PID=1833) to work on /opt/airflow/dags/main.py
[2026-05-04T07:29:17.727+0000] {processor.py:914} INFO - Processing file /opt/airflow/dags/main.py for tasks to queue
[2026-05-04T07:29:17.731+0000] {logging_mixin.py:190} INFO - [2026-05-04T07:29:17.730+0000] {dagbag.py:588} INFO - Filling up the DagBag from /opt/airflow/dags/main.py
[2026-05-04T07:29:18.094+0000] {processor.py:925} INFO - DAG(s) 'orders_kafka_to_s3' retrieved from /opt/airflow/dags/main.py
[2026-05-04T07:29:18.124+0000] {logging_mixin.py:190} INFO - [2026-05-04T07:29:18.124+0000] {dag.py:3239} INFO - Sync 1 DAGs
[2026-05-04T07:29:18.153+0000] {logging_mixin.py:190} INFO - [2026-05-04T07:29:18.153+0000] {dag.py:4180} INFO - Setting next_dagrun for orders_kafka_to_s3 to 2026-05-04 00:00:00+00:00, run_after=2026-05-05 00:00:00+00:00
[2026-05-04T07:29:18.186+0000] {processor.py:208} INFO - Processing /opt/airflow/dags/main.py took 0.475 seconds
[2026-05-04T07:29:48.511+0000] {processor.py:186} INFO - Started process (PID=1840) to work on /opt/airflow/dags/main.py
[2026-05-04T07:29:48.513+0000] {processor.py:914} INFO - Processing file /opt/airflow/dags/main.py for tasks to queue
[2026-05-04T07:29:48.519+0000] {logging_mixin.py:190} INFO - [2026-05-04T07:29:48.518+0000] {dagbag.py:588} INFO - Filling up the DagBag from /opt/airflow/dags/main.py
[2026-05-04T07:29:48.916+0000] {processor.py:925} INFO - DAG(s) 'orders_kafka_to_s3' retrieved from /opt/airflow/dags/main.py
[2026-05-04T07:29:48.971+0000] {logging_mixin.py:190} INFO - [2026-05-04T07:29:48.970+0000] {dag.py:3239} INFO - Sync 1 DAGs
[2026-05-04T07:29:49.021+0000] {logging_mixin.py:190} INFO - [2026-05-04T07:29:49.021+0000] {dag.py:4180} INFO - Setting next_dagrun for orders_kafka_to_s3 to 2026-05-04 00:00:00+00:00, run_after=2026-05-05 00:00:00+00:00
[2026-05-04T07:29:49.048+0000] {processor.py:208} INFO - Processing /opt/airflow/dags/main.py took 0.550 seconds
[2026-05-04T07:30:19.352+0000] {processor.py:186} INFO - Started process (PID=1847) to work on /opt/airflow/dags/main.py
[2026-05-04T07:30:19.354+0000] {processor.py:914} INFO - Processing file /opt/airflow/dags/main.py for tasks to queue
[2026-05-04T07:30:19.361+0000] {logging_mixin.py:190} INFO - [2026-05-04T07:30:19.360+0000] {dagbag.py:588} INFO - Filling up the DagBag from /opt/airflow/dags/main.py
[2026-05-04T07:30:19.742+0000] {processor.py:925} INFO - DAG(s) 'orders_kafka_to_s3' retrieved from /opt/airflow/dags/main.py
[2026-05-04T07:30:19.792+0000] {logging_mixin.py:190} INFO - [2026-05-04T07:30:19.792+0000] {dag.py:3239} INFO - Sync 1 DAGs
[2026-05-04T07:30:19.819+0000] {logging_mixin.py:190} INFO - [2026-05-04T07:30:19.819+0000] {dag.py:4180} INFO - Setting next_dagrun for orders_kafka_to_s3 to 2026-05-04 00:00:00+00:00, run_after=2026-05-05 00:00:00+00:00
[2026-05-04T07:30:19.849+0000] {processor.py:208} INFO - Processing /opt/airflow/dags/main.py took 0.516 seconds
[2026-05-04T07:30:50.120+0000] {processor.py:186} INFO - Started process (PID=1854) to work on /opt/airflow/dags/main.py
[2026-05-04T07:30:50.122+0000] {processor.py:914} INFO - Processing file /opt/airflow/dags/main.py for tasks to queue
[2026-05-04T07:30:50.129+0000] {logging_mixin.py:190} INFO - [2026-05-04T07:30:50.128+0000] {dagbag.py:588} INFO - Filling up the DagBag from /opt/airflow/dags/main.py
[2026-05-04T07:30:50.574+0000] {processor.py:925} INFO - DAG(s) 'orders_kafka_to_s3' retrieved from /opt/airflow/dags/main.py
[2026-05-04T07:30:50.608+0000] {logging_mixin.py:190} INFO - [2026-05-04T07:30:50.608+0000] {dag.py:3239} INFO - Sync 1 DAGs
[2026-05-04T07:30:50.651+0000] {logging_mixin.py:190} INFO - [2026-05-04T07:30:50.650+0000] {dag.py:4180} INFO - Setting next_dagrun for orders_kafka_to_s3 to 2026-05-04 00:00:00+00:00, run_after=2026-05-05 00:00:00+00:00
[2026-05-04T07:30:50.686+0000] {processor.py:208} INFO - Processing /opt/airflow/dags/main.py took 0.578 seconds
[2026-05-04T07:31:21.093+0000] {processor.py:186} INFO - Started process (PID=1861) to work on /opt/airflow/dags/main.py
[2026-05-04T07:31:21.095+0000] {processor.py:914} INFO - Processing file /opt/airflow/dags/main.py for tasks to queue
[2026-05-04T07:31:21.102+0000] {logging_mixin.py:190} INFO - [2026-05-04T07:31:21.101+0000] {dagbag.py:588} INFO - Filling up the DagBag from /opt/airflow/dags/main.py
[2026-05-04T07:31:21.503+0000] {processor.py:925} INFO - DAG(s) 'orders_kafka_to_s3' retrieved from /opt/airflow/dags/main.py
[2026-05-04T07:31:21.531+0000] {logging_mixin.py:190} INFO - [2026-05-04T07:31:21.531+0000] {dag.py:3239} INFO - Sync 1 DAGs
[2026-05-04T07:31:21.558+0000] {logging_mixin.py:190} INFO - [2026-05-04T07:31:21.558+0000] {dag.py:4180} INFO - Setting next_dagrun for orders_kafka_to_s3 to 2026-05-04 00:00:00+00:00, run_after=2026-05-05 00:00:00+00:00
[2026-05-04T07:31:21.585+0000] {processor.py:208} INFO - Processing /opt/airflow/dags/main.py took 0.499 seconds
[2026-05-04T07:31:52.059+0000] {processor.py:186} INFO - Started process (PID=1868) to work on /opt/airflow/dags/main.py
[2026-05-04T07:31:52.061+0000] {processor.py:914} INFO - Processing file /opt/airflow/dags/main.py for tasks to queue
[2026-05-04T07:31:52.066+0000] {logging_mixin.py:190} INFO - [2026-05-04T07:31:52.066+0000] {dagbag.py:588} INFO - Filling up the DagBag from /opt/airflow/dags/main.py
[2026-05-04T07:31:52.482+0000] {processor.py:925} INFO - DAG(s) 'orders_kafka_to_s3' retrieved from /opt/airflow/dags/main.py
[2026-05-04T07:31:52.518+0000] {logging_mixin.py:190} INFO - [2026-05-04T07:31:52.518+0000] {dag.py:3239} INFO - Sync 1 DAGs
[2026-05-04T07:31:52.565+0000] {logging_mixin.py:190} INFO - [2026-05-04T07:31:52.565+0000] {dag.py:4180} INFO - Setting next_dagrun for orders_kafka_to_s3 to 2026-05-04 00:00:00+00:00, run_after=2026-05-05 00:00:00+00:00
[2026-05-04T07:31:52.599+0000] {processor.py:208} INFO - Processing /opt/airflow/dags/main.py took 0.554 seconds
[2026-05-04T07:32:22.881+0000] {processor.py:186} INFO - Started process (PID=1875) to work on /opt/airflow/dags/main.py
[2026-05-04T07:32:22.884+0000] {processor.py:914} INFO - Processing file /opt/airflow/dags/main.py for tasks to queue
[2026-05-04T07:32:22.889+0000] {logging_mixin.py:190} INFO - [2026-05-04T07:32:22.889+0000] {dagbag.py:588} INFO - Filling up the DagBag from /opt/airflow/dags/main.py
[2026-05-04T07:32:23.304+0000] {processor.py:925} INFO - DAG(s) 'orders_kafka_to_s3' retrieved from /opt/airflow/dags/main.py
[2026-05-04T07:32:23.339+0000] {logging_mixin.py:190} INFO - [2026-05-04T07:32:23.339+0000] {dag.py:3239} INFO - Sync 1 DAGs
[2026-05-04T07:32:23.373+0000] {logging_mixin.py:190} INFO - [2026-05-04T07:32:23.373+0000] {dag.py:4180} INFO - Setting next_dagrun for orders_kafka_to_s3 to 2026-05-04 00:00:00+00:00, run_after=2026-05-05 00:00:00+00:00
[2026-05-04T07:32:23.403+0000] {processor.py:208} INFO - Processing /opt/airflow/dags/main.py took 0.544 seconds
[2026-05-04T07:32:53.912+0000] {processor.py:186} INFO - Started process (PID=1882) to work on /opt/airflow/dags/main.py
[2026-05-04T07:32:53.915+0000] {processor.py:914} INFO - Processing file /opt/airflow/dags/main.py for tasks to queue
[2026-05-04T07:32:53.922+0000] {logging_mixin.py:190} INFO - [2026-05-04T07:32:53.921+0000] {dagbag.py:588} INFO - Filling up the DagBag from /opt/airflow/dags/main.py
[2026-05-04T07:32:54.396+0000] {processor.py:925} INFO - DAG(s) 'orders_kafka_to_s3' retrieved from /opt/airflow/dags/main.py
[2026-05-04T07:32:54.449+0000] {logging_mixin.py:190} INFO - [2026-05-04T07:32:54.448+0000] {dag.py:3239} INFO - Sync 1 DAGs
[2026-05-04T07:32:54.480+0000] {logging_mixin.py:190} INFO - [2026-05-04T07:32:54.480+0000] {dag.py:4180} INFO - Setting next_dagrun for orders_kafka_to_s3 to 2026-05-04 00:00:00+00:00, run_after=2026-05-05 00:00:00+00:00
[2026-05-04T07:32:54.506+0000] {processor.py:208} INFO - Processing /opt/airflow/dags/main.py took 0.616 seconds
[2026-05-04T07:33:24.906+0000] {processor.py:186} INFO - Started process (PID=1888) to work on /opt/airflow/dags/main.py
[2026-05-04T07:33:24.907+0000] {processor.py:914} INFO - Processing file /opt/airflow/dags/main.py for tasks to queue
[2026-05-04T07:33:24.913+0000] {logging_mixin.py:190} INFO - [2026-05-04T07:33:24.912+0000] {dagbag.py:588} INFO - Filling up the DagBag from /opt/airflow/dags/main.py
[2026-05-04T07:33:25.293+0000] {processor.py:925} INFO - DAG(s) 'orders_kafka_to_s3' retrieved from /opt/airflow/dags/main.py
[2026-05-04T07:33:25.338+0000] {logging_mixin.py:190} INFO - [2026-05-04T07:33:25.337+0000] {dag.py:3239} INFO - Sync 1 DAGs
[2026-05-04T07:33:25.370+0000] {logging_mixin.py:190} INFO - [2026-05-04T07:33:25.369+0000] {dag.py:4180} INFO - Setting next_dagrun for orders_kafka_to_s3 to 2026-05-04 00:00:00+00:00, run_after=2026-05-05 00:00:00+00:00
[2026-05-04T07:33:25.404+0000] {processor.py:208} INFO - Processing /opt/airflow/dags/main.py took 0.508 seconds
[2026-05-04T07:33:55.773+0000] {processor.py:186} INFO - Started process (PID=1895) to work on /opt/airflow/dags/main.py
[2026-05-04T07:33:55.775+0000] {processor.py:914} INFO - Processing file /opt/airflow/dags/main.py for tasks to queue
[2026-05-04T07:33:55.778+0000] {logging_mixin.py:190} INFO - [2026-05-04T07:33:55.778+0000] {dagbag.py:588} INFO - Filling up the DagBag from /opt/airflow/dags/main.py
[2026-05-04T07:33:56.223+0000] {logging_mixin.py:190} INFO - [2026-05-04T07:33:56.209+0000] {dagbag.py:387} ERROR - Failed to import: /opt/airflow/dags/main.py
Traceback (most recent call last):
  File "/home/airflow/.local/lib/python3.12/site-packages/airflow/models/dagbag.py", line 383, in parse
    loader.exec_module(new_module)
  File "<frozen importlib._bootstrap_external>", line 999, in exec_module
  File "<frozen importlib._bootstrap>", line 488, in _call_with_frames_removed
  File "/opt/airflow/dags/main.py", line 26, in <module>
    from services.consumer import consume_orders
ImportError: cannot import name 'consume_orders' from 'services.consumer' (/opt/airflow/services/consumer.py)
[2026-05-04T07:33:56.226+0000] {processor.py:927} WARNING - No viable dags retrieved from /opt/airflow/dags/main.py
[2026-05-04T07:33:56.259+0000] {processor.py:208} INFO - Processing /opt/airflow/dags/main.py took 0.497 seconds
[2026-05-04T07:34:26.460+0000] {processor.py:186} INFO - Started process (PID=1902) to work on /opt/airflow/dags/main.py
[2026-05-04T07:34:26.463+0000] {processor.py:914} INFO - Processing file /opt/airflow/dags/main.py for tasks to queue
[2026-05-04T07:34:26.470+0000] {logging_mixin.py:190} INFO - [2026-05-04T07:34:26.469+0000] {dagbag.py:588} INFO - Filling up the DagBag from /opt/airflow/dags/main.py
[2026-05-04T07:34:26.948+0000] {logging_mixin.py:190} INFO - [2026-05-04T07:34:26.940+0000] {dagbag.py:387} ERROR - Failed to import: /opt/airflow/dags/main.py
Traceback (most recent call last):
  File "/home/airflow/.local/lib/python3.12/site-packages/airflow/models/dagbag.py", line 383, in parse
    loader.exec_module(new_module)
  File "<frozen importlib._bootstrap_external>", line 999, in exec_module
  File "<frozen importlib._bootstrap>", line 488, in _call_with_frames_removed
  File "/opt/airflow/dags/main.py", line 26, in <module>
    from services.consumer import consume_orders
ImportError: cannot import name 'consume_orders' from 'services.consumer' (/opt/airflow/services/consumer.py)
[2026-05-04T07:34:26.951+0000] {processor.py:927} WARNING - No viable dags retrieved from /opt/airflow/dags/main.py
[2026-05-04T07:34:26.976+0000] {processor.py:208} INFO - Processing /opt/airflow/dags/main.py took 0.535 seconds
[2026-05-04T07:34:57.849+0000] {processor.py:186} INFO - Started process (PID=1909) to work on /opt/airflow/dags/main.py
[2026-05-04T07:34:57.851+0000] {processor.py:914} INFO - Processing file /opt/airflow/dags/main.py for tasks to queue
[2026-05-04T07:34:57.854+0000] {logging_mixin.py:190} INFO - [2026-05-04T07:34:57.853+0000] {dagbag.py:588} INFO - Filling up the DagBag from /opt/airflow/dags/main.py
[2026-05-04T07:34:58.249+0000] {logging_mixin.py:190} INFO - [2026-05-04T07:34:58.242+0000] {dagbag.py:387} ERROR - Failed to import: /opt/airflow/dags/main.py
Traceback (most recent call last):
  File "/home/airflow/.local/lib/python3.12/site-packages/airflow/models/dagbag.py", line 383, in parse
    loader.exec_module(new_module)
  File "<frozen importlib._bootstrap_external>", line 999, in exec_module
  File "<frozen importlib._bootstrap>", line 488, in _call_with_frames_removed
  File "/opt/airflow/dags/main.py", line 26, in <module>
    from services.consumer import consume_orders
ImportError: cannot import name 'consume_orders' from 'services.consumer' (/opt/airflow/services/consumer.py)
[2026-05-04T07:34:58.252+0000] {processor.py:927} WARNING - No viable dags retrieved from /opt/airflow/dags/main.py
[2026-05-04T07:34:58.277+0000] {processor.py:208} INFO - Processing /opt/airflow/dags/main.py took 0.439 seconds
[2026-05-04T07:35:28.369+0000] {processor.py:186} INFO - Started process (PID=1916) to work on /opt/airflow/dags/main.py
[2026-05-04T07:35:28.372+0000] {processor.py:914} INFO - Processing file /opt/airflow/dags/main.py for tasks to queue
[2026-05-04T07:35:28.374+0000] {logging_mixin.py:190} INFO - [2026-05-04T07:35:28.373+0000] {dagbag.py:588} INFO - Filling up the DagBag from /opt/airflow/dags/main.py
[2026-05-04T07:35:28.732+0000] {logging_mixin.py:190} INFO - [2026-05-04T07:35:28.725+0000] {dagbag.py:387} ERROR - Failed to import: /opt/airflow/dags/main.py
Traceback (most recent call last):
  File "/home/airflow/.local/lib/python3.12/site-packages/airflow/models/dagbag.py", line 383, in parse
    loader.exec_module(new_module)
  File "<frozen importlib._bootstrap_external>", line 999, in exec_module
  File "<frozen importlib._bootstrap>", line 488, in _call_with_frames_removed
  File "/opt/airflow/dags/main.py", line 26, in <module>
    from services.consumer import consume_orders
ImportError: cannot import name 'consume_orders' from 'services.consumer' (/opt/airflow/services/consumer.py)
[2026-05-04T07:35:28.735+0000] {processor.py:927} WARNING - No viable dags retrieved from /opt/airflow/dags/main.py
[2026-05-04T07:35:28.758+0000] {processor.py:208} INFO - Processing /opt/airflow/dags/main.py took 0.398 seconds
[2026-05-04T07:35:58.869+0000] {processor.py:186} INFO - Started process (PID=1923) to work on /opt/airflow/dags/main.py
[2026-05-04T07:35:58.872+0000] {processor.py:914} INFO - Processing file /opt/airflow/dags/main.py for tasks to queue
[2026-05-04T07:35:58.876+0000] {logging_mixin.py:190} INFO - [2026-05-04T07:35:58.875+0000] {dagbag.py:588} INFO - Filling up the DagBag from /opt/airflow/dags/main.py
[2026-05-04T07:35:59.301+0000] {logging_mixin.py:190} INFO - [2026-05-04T07:35:59.294+0000] {dagbag.py:387} ERROR - Failed to import: /opt/airflow/dags/main.py
Traceback (most recent call last):
  File "/home/airflow/.local/lib/python3.12/site-packages/airflow/models/dagbag.py", line 383, in parse
    loader.exec_module(new_module)
  File "<frozen importlib._bootstrap_external>", line 999, in exec_module
  File "<frozen importlib._bootstrap>", line 488, in _call_with_frames_removed
  File "/opt/airflow/dags/main.py", line 26, in <module>
    from services.consumer import consume_orders
ImportError: cannot import name 'consume_orders' from 'services.consumer' (/opt/airflow/services/consumer.py)
[2026-05-04T07:35:59.304+0000] {processor.py:927} WARNING - No viable dags retrieved from /opt/airflow/dags/main.py
[2026-05-04T07:35:59.332+0000] {processor.py:208} INFO - Processing /opt/airflow/dags/main.py took 0.478 seconds
[2026-05-04T07:36:03.470+0000] {processor.py:186} INFO - Started process (PID=1930) to work on /opt/airflow/dags/main.py
[2026-05-04T07:36:03.471+0000] {processor.py:914} INFO - Processing file /opt/airflow/dags/main.py for tasks to queue
[2026-05-04T07:36:03.473+0000] {logging_mixin.py:190} INFO - [2026-05-04T07:36:03.473+0000] {dagbag.py:588} INFO - Filling up the DagBag from /opt/airflow/dags/main.py
[2026-05-04T07:36:04.067+0000] {processor.py:925} INFO - DAG(s) 'orders_kafka_to_s3' retrieved from /opt/airflow/dags/main.py
[2026-05-04T07:36:05.355+0000] {logging_mixin.py:190} INFO - [2026-05-04T07:36:05.355+0000] {dag.py:3239} INFO - Sync 1 DAGs
[2026-05-04T07:36:05.402+0000] {logging_mixin.py:190} INFO - [2026-05-04T07:36:05.402+0000] {dag.py:4180} INFO - Setting next_dagrun for orders_kafka_to_s3 to 2026-05-04 00:00:00+00:00, run_after=2026-05-05 00:00:00+00:00
[2026-05-04T07:36:05.452+0000] {processor.py:208} INFO - Processing /opt/airflow/dags/main.py took 1.979 seconds
[2026-05-04T07:36:36.200+0000] {processor.py:186} INFO - Started process (PID=1937) to work on /opt/airflow/dags/main.py
[2026-05-04T07:36:36.209+0000] {processor.py:914} INFO - Processing file /opt/airflow/dags/main.py for tasks to queue
[2026-05-04T07:36:36.219+0000] {logging_mixin.py:190} INFO - [2026-05-04T07:36:36.215+0000] {dagbag.py:588} INFO - Filling up the DagBag from /opt/airflow/dags/main.py
[2026-05-04T07:36:38.751+0000] {processor.py:925} INFO - DAG(s) 'orders_kafka_to_s3' retrieved from /opt/airflow/dags/main.py
[2026-05-04T07:36:38.797+0000] {logging_mixin.py:190} INFO - [2026-05-04T07:36:38.797+0000] {dag.py:3239} INFO - Sync 1 DAGs
[2026-05-04T07:36:38.844+0000] {logging_mixin.py:190} INFO - [2026-05-04T07:36:38.844+0000] {dag.py:4180} INFO - Setting next_dagrun for orders_kafka_to_s3 to 2026-05-04 00:00:00+00:00, run_after=2026-05-05 00:00:00+00:00
[2026-05-04T07:36:38.877+0000] {processor.py:208} INFO - Processing /opt/airflow/dags/main.py took 2.792 seconds
[2026-05-04T07:37:09.456+0000] {processor.py:186} INFO - Started process (PID=1944) to work on /opt/airflow/dags/main.py
[2026-05-04T07:37:09.460+0000] {processor.py:914} INFO - Processing file /opt/airflow/dags/main.py for tasks to queue
[2026-05-04T07:37:09.467+0000] {logging_mixin.py:190} INFO - [2026-05-04T07:37:09.466+0000] {dagbag.py:588} INFO - Filling up the DagBag from /opt/airflow/dags/main.py
[2026-05-04T07:37:10.052+0000] {processor.py:925} INFO - DAG(s) 'orders_kafka_to_s3' retrieved from /opt/airflow/dags/main.py
[2026-05-04T07:37:10.084+0000] {logging_mixin.py:190} INFO - [2026-05-04T07:37:10.084+0000] {dag.py:3239} INFO - Sync 1 DAGs
[2026-05-04T07:37:10.116+0000] {logging_mixin.py:190} INFO - [2026-05-04T07:37:10.115+0000] {dag.py:4180} INFO - Setting next_dagrun for orders_kafka_to_s3 to 2026-05-04 00:00:00+00:00, run_after=2026-05-05 00:00:00+00:00
[2026-05-04T07:37:10.143+0000] {processor.py:208} INFO - Processing /opt/airflow/dags/main.py took 0.720 seconds
[2026-05-04T07:37:40.415+0000] {processor.py:186} INFO - Started process (PID=1950) to work on /opt/airflow/dags/main.py
[2026-05-04T07:37:40.417+0000] {processor.py:914} INFO - Processing file /opt/airflow/dags/main.py for tasks to queue
[2026-05-04T07:37:40.419+0000] {logging_mixin.py:190} INFO - [2026-05-04T07:37:40.419+0000] {dagbag.py:588} INFO - Filling up the DagBag from /opt/airflow/dags/main.py
[2026-05-04T07:37:40.809+0000] {processor.py:925} INFO - DAG(s) 'orders_kafka_to_s3' retrieved from /opt/airflow/dags/main.py
[2026-05-04T07:37:40.837+0000] {logging_mixin.py:190} INFO - [2026-05-04T07:37:40.836+0000] {dag.py:3239} INFO - Sync 1 DAGs
[2026-05-04T07:37:40.871+0000] {logging_mixin.py:190} INFO - [2026-05-04T07:37:40.870+0000] {dag.py:4180} INFO - Setting next_dagrun for orders_kafka_to_s3 to 2026-05-04 00:00:00+00:00, run_after=2026-05-05 00:00:00+00:00
[2026-05-04T07:37:40.911+0000] {processor.py:208} INFO - Processing /opt/airflow/dags/main.py took 0.508 seconds
[2026-05-04T07:38:11.220+0000] {processor.py:186} INFO - Started process (PID=1957) to work on /opt/airflow/dags/main.py
[2026-05-04T07:38:11.221+0000] {processor.py:914} INFO - Processing file /opt/airflow/dags/main.py for tasks to queue
[2026-05-04T07:38:11.224+0000] {logging_mixin.py:190} INFO - [2026-05-04T07:38:11.224+0000] {dagbag.py:588} INFO - Filling up the DagBag from /opt/airflow/dags/main.py
[2026-05-04T07:38:11.577+0000] {processor.py:925} INFO - DAG(s) 'orders_kafka_to_s3' retrieved from /opt/airflow/dags/main.py
[2026-05-04T07:38:11.612+0000] {logging_mixin.py:190} INFO - [2026-05-04T07:38:11.611+0000] {dag.py:3239} INFO - Sync 1 DAGs
[2026-05-04T07:38:11.640+0000] {logging_mixin.py:190} INFO - [2026-05-04T07:38:11.639+0000] {dag.py:4180} INFO - Setting next_dagrun for orders_kafka_to_s3 to 2026-05-04 00:00:00+00:00, run_after=2026-05-05 00:00:00+00:00
[2026-05-04T07:38:11.667+0000] {processor.py:208} INFO - Processing /opt/airflow/dags/main.py took 0.457 seconds
[2026-05-04T07:38:41.970+0000] {processor.py:186} INFO - Started process (PID=1963) to work on /opt/airflow/dags/main.py
[2026-05-04T07:38:41.972+0000] {processor.py:914} INFO - Processing file /opt/airflow/dags/main.py for tasks to queue
[2026-05-04T07:38:41.974+0000] {logging_mixin.py:190} INFO - [2026-05-04T07:38:41.974+0000] {dagbag.py:588} INFO - Filling up the DagBag from /opt/airflow/dags/main.py
[2026-05-04T07:38:42.333+0000] {processor.py:925} INFO - DAG(s) 'orders_kafka_to_s3' retrieved from /opt/airflow/dags/main.py
[2026-05-04T07:38:42.361+0000] {logging_mixin.py:190} INFO - [2026-05-04T07:38:42.361+0000] {dag.py:3239} INFO - Sync 1 DAGs
[2026-05-04T07:38:42.388+0000] {logging_mixin.py:190} INFO - [2026-05-04T07:38:42.388+0000] {dag.py:4180} INFO - Setting next_dagrun for orders_kafka_to_s3 to 2026-05-04 00:00:00+00:00, run_after=2026-05-05 00:00:00+00:00
[2026-05-04T07:38:42.416+0000] {processor.py:208} INFO - Processing /opt/airflow/dags/main.py took 0.456 seconds
[2026-05-04T07:39:12.926+0000] {processor.py:186} INFO - Started process (PID=1970) to work on /opt/airflow/dags/main.py
[2026-05-04T07:39:12.928+0000] {processor.py:914} INFO - Processing file /opt/airflow/dags/main.py for tasks to queue
[2026-05-04T07:39:12.930+0000] {logging_mixin.py:190} INFO - [2026-05-04T07:39:12.930+0000] {dagbag.py:588} INFO - Filling up the DagBag from /opt/airflow/dags/main.py
[2026-05-04T07:39:13.374+0000] {processor.py:925} INFO - DAG(s) 'orders_kafka_to_s3' retrieved from /opt/airflow/dags/main.py
[2026-05-04T07:39:13.402+0000] {logging_mixin.py:190} INFO - [2026-05-04T07:39:13.402+0000] {dag.py:3239} INFO - Sync 1 DAGs
[2026-05-04T07:39:13.430+0000] {logging_mixin.py:190} INFO - [2026-05-04T07:39:13.430+0000] {dag.py:4180} INFO - Setting next_dagrun for orders_kafka_to_s3 to 2026-05-04 00:00:00+00:00, run_after=2026-05-05 00:00:00+00:00
[2026-05-04T07:39:13.454+0000] {processor.py:208} INFO - Processing /opt/airflow/dags/main.py took 0.541 seconds
[2026-05-04T07:39:43.930+0000] {processor.py:186} INFO - Started process (PID=1977) to work on /opt/airflow/dags/main.py
[2026-05-04T07:39:43.932+0000] {processor.py:914} INFO - Processing file /opt/airflow/dags/main.py for tasks to queue
[2026-05-04T07:39:43.935+0000] {logging_mixin.py:190} INFO - [2026-05-04T07:39:43.935+0000] {dagbag.py:588} INFO - Filling up the DagBag from /opt/airflow/dags/main.py
[2026-05-04T07:39:44.409+0000] {processor.py:925} INFO - DAG(s) 'orders_kafka_to_s3' retrieved from /opt/airflow/dags/main.py
[2026-05-04T07:39:44.438+0000] {logging_mixin.py:190} INFO - [2026-05-04T07:39:44.438+0000] {dag.py:3239} INFO - Sync 1 DAGs
[2026-05-04T07:39:44.467+0000] {logging_mixin.py:190} INFO - [2026-05-04T07:39:44.467+0000] {dag.py:4180} INFO - Setting next_dagrun for orders_kafka_to_s3 to 2026-05-04 00:00:00+00:00, run_after=2026-05-05 00:00:00+00:00
[2026-05-04T07:39:44.492+0000] {processor.py:208} INFO - Processing /opt/airflow/dags/main.py took 0.574 seconds
[2026-05-04T07:40:14.656+0000] {processor.py:186} INFO - Started process (PID=1984) to work on /opt/airflow/dags/main.py
[2026-05-04T07:40:14.657+0000] {processor.py:914} INFO - Processing file /opt/airflow/dags/main.py for tasks to queue
[2026-05-04T07:40:14.659+0000] {logging_mixin.py:190} INFO - [2026-05-04T07:40:14.659+0000] {dagbag.py:588} INFO - Filling up the DagBag from /opt/airflow/dags/main.py
[2026-05-04T07:40:15.119+0000] {processor.py:925} INFO - DAG(s) 'orders_kafka_to_s3' retrieved from /opt/airflow/dags/main.py
[2026-05-04T07:40:15.164+0000] {logging_mixin.py:190} INFO - [2026-05-04T07:40:15.164+0000] {dag.py:3239} INFO - Sync 1 DAGs
[2026-05-04T07:40:15.190+0000] {logging_mixin.py:190} INFO - [2026-05-04T07:40:15.190+0000] {dag.py:4180} INFO - Setting next_dagrun for orders_kafka_to_s3 to 2026-05-04 00:00:00+00:00, run_after=2026-05-05 00:00:00+00:00
[2026-05-04T07:40:15.216+0000] {processor.py:208} INFO - Processing /opt/airflow/dags/main.py took 0.568 seconds
[2026-05-04T07:40:46.030+0000] {processor.py:186} INFO - Started process (PID=1992) to work on /opt/airflow/dags/main.py
[2026-05-04T07:40:46.032+0000] {processor.py:914} INFO - Processing file /opt/airflow/dags/main.py for tasks to queue
[2026-05-04T07:40:46.034+0000] {logging_mixin.py:190} INFO - [2026-05-04T07:40:46.033+0000] {dagbag.py:588} INFO - Filling up the DagBag from /opt/airflow/dags/main.py
[2026-05-04T07:40:46.422+0000] {processor.py:925} INFO - DAG(s) 'orders_kafka_to_s3' retrieved from /opt/airflow/dags/main.py
[2026-05-04T07:40:46.451+0000] {logging_mixin.py:190} INFO - [2026-05-04T07:40:46.451+0000] {dag.py:3239} INFO - Sync 1 DAGs
[2026-05-04T07:40:46.478+0000] {logging_mixin.py:190} INFO - [2026-05-04T07:40:46.477+0000] {dag.py:4180} INFO - Setting next_dagrun for orders_kafka_to_s3 to 2026-05-04 00:00:00+00:00, run_after=2026-05-05 00:00:00+00:00
[2026-05-04T07:40:46.511+0000] {processor.py:208} INFO - Processing /opt/airflow/dags/main.py took 0.489 seconds
[2026-05-04T07:41:16.772+0000] {processor.py:186} INFO - Started process (PID=1999) to work on /opt/airflow/dags/main.py
[2026-05-04T07:41:16.773+0000] {processor.py:914} INFO - Processing file /opt/airflow/dags/main.py for tasks to queue
[2026-05-04T07:41:16.775+0000] {logging_mixin.py:190} INFO - [2026-05-04T07:41:16.774+0000] {dagbag.py:588} INFO - Filling up the DagBag from /opt/airflow/dags/main.py
[2026-05-04T07:41:17.111+0000] {processor.py:925} INFO - DAG(s) 'orders_kafka_to_s3' retrieved from /opt/airflow/dags/main.py
[2026-05-04T07:41:17.140+0000] {logging_mixin.py:190} INFO - [2026-05-04T07:41:17.140+0000] {dag.py:3239} INFO - Sync 1 DAGs
[2026-05-04T07:41:17.178+0000] {logging_mixin.py:190} INFO - [2026-05-04T07:41:17.178+0000] {dag.py:4180} INFO - Setting next_dagrun for orders_kafka_to_s3 to 2026-05-04 00:00:00+00:00, run_after=2026-05-05 00:00:00+00:00
[2026-05-04T07:41:17.222+0000] {processor.py:208} INFO - Processing /opt/airflow/dags/main.py took 0.458 seconds
[2026-05-04T07:41:47.658+0000] {processor.py:186} INFO - Started process (PID=2006) to work on /opt/airflow/dags/main.py
[2026-05-04T07:41:47.663+0000] {processor.py:914} INFO - Processing file /opt/airflow/dags/main.py for tasks to queue
[2026-05-04T07:41:47.669+0000] {logging_mixin.py:190} INFO - [2026-05-04T07:41:47.667+0000] {dagbag.py:588} INFO - Filling up the DagBag from /opt/airflow/dags/main.py
[2026-05-04T07:41:48.077+0000] {processor.py:925} INFO - DAG(s) 'orders_kafka_to_s3' retrieved from /opt/airflow/dags/main.py
[2026-05-04T07:41:48.108+0000] {logging_mixin.py:190} INFO - [2026-05-04T07:41:48.107+0000] {dag.py:3239} INFO - Sync 1 DAGs
[2026-05-04T07:41:48.133+0000] {logging_mixin.py:190} INFO - [2026-05-04T07:41:48.133+0000] {dag.py:4180} INFO - Setting next_dagrun for orders_kafka_to_s3 to 2026-05-04 00:00:00+00:00, run_after=2026-05-05 00:00:00+00:00
[2026-05-04T07:41:48.157+0000] {processor.py:208} INFO - Processing /opt/airflow/dags/main.py took 0.530 seconds
[2026-05-04T07:42:18.251+0000] {processor.py:186} INFO - Started process (PID=2013) to work on /opt/airflow/dags/main.py
[2026-05-04T07:42:18.253+0000] {processor.py:914} INFO - Processing file /opt/airflow/dags/main.py for tasks to queue
[2026-05-04T07:42:18.256+0000] {logging_mixin.py:190} INFO - [2026-05-04T07:42:18.255+0000] {dagbag.py:588} INFO - Filling up the DagBag from /opt/airflow/dags/main.py
[2026-05-04T07:42:18.652+0000] {processor.py:925} INFO - DAG(s) 'orders_kafka_to_s3' retrieved from /opt/airflow/dags/main.py
[2026-05-04T07:42:18.686+0000] {logging_mixin.py:190} INFO - [2026-05-04T07:42:18.686+0000] {dag.py:3239} INFO - Sync 1 DAGs
[2026-05-04T07:42:18.726+0000] {logging_mixin.py:190} INFO - [2026-05-04T07:42:18.725+0000] {dag.py:4180} INFO - Setting next_dagrun for orders_kafka_to_s3 to 2026-05-04 00:00:00+00:00, run_after=2026-05-05 00:00:00+00:00
[2026-05-04T07:42:18.761+0000] {processor.py:208} INFO - Processing /opt/airflow/dags/main.py took 0.518 seconds
[2026-05-04T07:42:49.171+0000] {processor.py:186} INFO - Started process (PID=2020) to work on /opt/airflow/dags/main.py
[2026-05-04T07:42:49.173+0000] {processor.py:914} INFO - Processing file /opt/airflow/dags/main.py for tasks to queue
[2026-05-04T07:42:49.175+0000] {logging_mixin.py:190} INFO - [2026-05-04T07:42:49.174+0000] {dagbag.py:588} INFO - Filling up the DagBag from /opt/airflow/dags/main.py
[2026-05-04T07:42:49.564+0000] {processor.py:925} INFO - DAG(s) 'orders_kafka_to_s3' retrieved from /opt/airflow/dags/main.py
[2026-05-04T07:42:49.590+0000] {logging_mixin.py:190} INFO - [2026-05-04T07:42:49.590+0000] {dag.py:3239} INFO - Sync 1 DAGs
[2026-05-04T07:42:49.620+0000] {logging_mixin.py:190} INFO - [2026-05-04T07:42:49.620+0000] {dag.py:4180} INFO - Setting next_dagrun for orders_kafka_to_s3 to 2026-05-04 00:00:00+00:00, run_after=2026-05-05 00:00:00+00:00
[2026-05-04T07:42:49.645+0000] {processor.py:208} INFO - Processing /opt/airflow/dags/main.py took 0.485 seconds
[2026-05-04T07:43:19.728+0000] {processor.py:186} INFO - Started process (PID=2027) to work on /opt/airflow/dags/main.py
[2026-05-04T07:43:19.732+0000] {processor.py:914} INFO - Processing file /opt/airflow/dags/main.py for tasks to queue
[2026-05-04T07:43:19.736+0000] {logging_mixin.py:190} INFO - [2026-05-04T07:43:19.735+0000] {dagbag.py:588} INFO - Filling up the DagBag from /opt/airflow/dags/main.py
[2026-05-04T07:43:20.204+0000] {processor.py:925} INFO - DAG(s) 'orders_kafka_to_s3' retrieved from /opt/airflow/dags/main.py
[2026-05-04T07:43:20.230+0000] {logging_mixin.py:190} INFO - [2026-05-04T07:43:20.230+0000] {dag.py:3239} INFO - Sync 1 DAGs
[2026-05-04T07:43:20.256+0000] {logging_mixin.py:190} INFO - [2026-05-04T07:43:20.256+0000] {dag.py:4180} INFO - Setting next_dagrun for orders_kafka_to_s3 to 2026-05-04 00:00:00+00:00, run_after=2026-05-05 00:00:00+00:00
[2026-05-04T07:43:20.289+0000] {processor.py:208} INFO - Processing /opt/airflow/dags/main.py took 0.576 seconds
[2026-05-04T07:43:50.597+0000] {processor.py:186} INFO - Started process (PID=2034) to work on /opt/airflow/dags/main.py
[2026-05-04T07:43:50.600+0000] {processor.py:914} INFO - Processing file /opt/airflow/dags/main.py for tasks to queue
[2026-05-04T07:43:50.604+0000] {logging_mixin.py:190} INFO - [2026-05-04T07:43:50.603+0000] {dagbag.py:588} INFO - Filling up the DagBag from /opt/airflow/dags/main.py
[2026-05-04T07:43:51.036+0000] {processor.py:925} INFO - DAG(s) 'orders_kafka_to_s3' retrieved from /opt/airflow/dags/main.py
[2026-05-04T07:43:51.068+0000] {logging_mixin.py:190} INFO - [2026-05-04T07:43:51.068+0000] {dag.py:3239} INFO - Sync 1 DAGs
[2026-05-04T07:43:51.107+0000] {logging_mixin.py:190} INFO - [2026-05-04T07:43:51.106+0000] {dag.py:4180} INFO - Setting next_dagrun for orders_kafka_to_s3 to 2026-05-04 00:00:00+00:00, run_after=2026-05-05 00:00:00+00:00
[2026-05-04T07:43:51.142+0000] {processor.py:208} INFO - Processing /opt/airflow/dags/main.py took 0.562 seconds
[2026-05-04T07:44:21.649+0000] {processor.py:186} INFO - Started process (PID=2041) to work on /opt/airflow/dags/main.py
[2026-05-04T07:44:21.651+0000] {processor.py:914} INFO - Processing file /opt/airflow/dags/main.py for tasks to queue
[2026-05-04T07:44:21.653+0000] {logging_mixin.py:190} INFO - [2026-05-04T07:44:21.653+0000] {dagbag.py:588} INFO - Filling up the DagBag from /opt/airflow/dags/main.py
[2026-05-04T07:44:22.042+0000] {processor.py:925} INFO - DAG(s) 'orders_kafka_to_s3' retrieved from /opt/airflow/dags/main.py
[2026-05-04T07:44:22.071+0000] {logging_mixin.py:190} INFO - [2026-05-04T07:44:22.070+0000] {dag.py:3239} INFO - Sync 1 DAGs
[2026-05-04T07:44:22.096+0000] {logging_mixin.py:190} INFO - [2026-05-04T07:44:22.096+0000] {dag.py:4180} INFO - Setting next_dagrun for orders_kafka_to_s3 to 2026-05-04 00:00:00+00:00, run_after=2026-05-05 00:00:00+00:00
[2026-05-04T07:44:22.122+0000] {processor.py:208} INFO - Processing /opt/airflow/dags/main.py took 0.484 seconds
[2026-05-04T07:44:52.521+0000] {processor.py:186} INFO - Started process (PID=2048) to work on /opt/airflow/dags/main.py
[2026-05-04T07:44:52.523+0000] {processor.py:914} INFO - Processing file /opt/airflow/dags/main.py for tasks to queue
[2026-05-04T07:44:52.525+0000] {logging_mixin.py:190} INFO - [2026-05-04T07:44:52.525+0000] {dagbag.py:588} INFO - Filling up the DagBag from /opt/airflow/dags/main.py
[2026-05-04T07:44:52.991+0000] {processor.py:925} INFO - DAG(s) 'orders_kafka_to_s3' retrieved from /opt/airflow/dags/main.py
[2026-05-04T07:44:53.019+0000] {logging_mixin.py:190} INFO - [2026-05-04T07:44:53.019+0000] {dag.py:3239} INFO - Sync 1 DAGs
[2026-05-04T07:44:53.043+0000] {logging_mixin.py:190} INFO - [2026-05-04T07:44:53.043+0000] {dag.py:4180} INFO - Setting next_dagrun for orders_kafka_to_s3 to 2026-05-04 00:00:00+00:00, run_after=2026-05-05 00:00:00+00:00
[2026-05-04T07:44:53.072+0000] {processor.py:208} INFO - Processing /opt/airflow/dags/main.py took 0.561 seconds
[2026-05-04T07:45:23.188+0000] {processor.py:186} INFO - Started process (PID=2055) to work on /opt/airflow/dags/main.py
[2026-05-04T07:45:23.190+0000] {processor.py:914} INFO - Processing file /opt/airflow/dags/main.py for tasks to queue
[2026-05-04T07:45:23.192+0000] {logging_mixin.py:190} INFO - [2026-05-04T07:45:23.191+0000] {dagbag.py:588} INFO - Filling up the DagBag from /opt/airflow/dags/main.py
[2026-05-04T07:45:23.567+0000] {processor.py:925} INFO - DAG(s) 'orders_kafka_to_s3' retrieved from /opt/airflow/dags/main.py
[2026-05-04T07:45:23.597+0000] {logging_mixin.py:190} INFO - [2026-05-04T07:45:23.597+0000] {dag.py:3239} INFO - Sync 1 DAGs
[2026-05-04T07:45:23.624+0000] {logging_mixin.py:190} INFO - [2026-05-04T07:45:23.624+0000] {dag.py:4180} INFO - Setting next_dagrun for orders_kafka_to_s3 to 2026-05-04 00:00:00+00:00, run_after=2026-05-05 00:00:00+00:00
[2026-05-04T07:45:23.648+0000] {processor.py:208} INFO - Processing /opt/airflow/dags/main.py took 0.468 seconds
[2026-05-04T07:45:54.512+0000] {processor.py:186} INFO - Started process (PID=2062) to work on /opt/airflow/dags/main.py
[2026-05-04T07:45:54.517+0000] {processor.py:914} INFO - Processing file /opt/airflow/dags/main.py for tasks to queue
[2026-05-04T07:45:54.524+0000] {logging_mixin.py:190} INFO - [2026-05-04T07:45:54.522+0000] {dagbag.py:588} INFO - Filling up the DagBag from /opt/airflow/dags/main.py
[2026-05-04T07:45:55.059+0000] {processor.py:925} INFO - DAG(s) 'orders_kafka_to_s3' retrieved from /opt/airflow/dags/main.py
[2026-05-04T07:45:55.088+0000] {logging_mixin.py:190} INFO - [2026-05-04T07:45:55.088+0000] {dag.py:3239} INFO - Sync 1 DAGs
[2026-05-04T07:45:55.127+0000] {logging_mixin.py:190} INFO - [2026-05-04T07:45:55.127+0000] {dag.py:4180} INFO - Setting next_dagrun for orders_kafka_to_s3 to 2026-05-04 00:00:00+00:00, run_after=2026-05-05 00:00:00+00:00
[2026-05-04T07:45:55.165+0000] {processor.py:208} INFO - Processing /opt/airflow/dags/main.py took 0.686 seconds
[2026-05-04T07:46:25.427+0000] {processor.py:186} INFO - Started process (PID=2069) to work on /opt/airflow/dags/main.py
[2026-05-04T07:46:25.428+0000] {processor.py:914} INFO - Processing file /opt/airflow/dags/main.py for tasks to queue
[2026-05-04T07:46:25.430+0000] {logging_mixin.py:190} INFO - [2026-05-04T07:46:25.430+0000] {dagbag.py:588} INFO - Filling up the DagBag from /opt/airflow/dags/main.py
[2026-05-04T07:46:25.770+0000] {processor.py:925} INFO - DAG(s) 'orders_kafka_to_s3' retrieved from /opt/airflow/dags/main.py
[2026-05-04T07:46:25.796+0000] {logging_mixin.py:190} INFO - [2026-05-04T07:46:25.796+0000] {dag.py:3239} INFO - Sync 1 DAGs
[2026-05-04T07:46:25.822+0000] {logging_mixin.py:190} INFO - [2026-05-04T07:46:25.822+0000] {dag.py:4180} INFO - Setting next_dagrun for orders_kafka_to_s3 to 2026-05-04 00:00:00+00:00, run_after=2026-05-05 00:00:00+00:00
[2026-05-04T07:46:25.846+0000] {processor.py:208} INFO - Processing /opt/airflow/dags/main.py took 0.431 seconds
[2026-05-04T07:46:56.051+0000] {processor.py:186} INFO - Started process (PID=2076) to work on /opt/airflow/dags/main.py
[2026-05-04T07:46:56.054+0000] {processor.py:914} INFO - Processing file /opt/airflow/dags/main.py for tasks to queue
[2026-05-04T07:46:56.058+0000] {logging_mixin.py:190} INFO - [2026-05-04T07:46:56.057+0000] {dagbag.py:588} INFO - Filling up the DagBag from /opt/airflow/dags/main.py
[2026-05-04T07:46:56.475+0000] {processor.py:925} INFO - DAG(s) 'orders_kafka_to_s3' retrieved from /opt/airflow/dags/main.py
[2026-05-04T07:46:56.506+0000] {logging_mixin.py:190} INFO - [2026-05-04T07:46:56.506+0000] {dag.py:3239} INFO - Sync 1 DAGs
[2026-05-04T07:46:56.538+0000] {logging_mixin.py:190} INFO - [2026-05-04T07:46:56.538+0000] {dag.py:4180} INFO - Setting next_dagrun for orders_kafka_to_s3 to 2026-05-04 00:00:00+00:00, run_after=2026-05-05 00:00:00+00:00
[2026-05-04T07:46:56.559+0000] {processor.py:208} INFO - Processing /opt/airflow/dags/main.py took 0.525 seconds
[2026-05-04T07:47:26.673+0000] {processor.py:186} INFO - Started process (PID=2083) to work on /opt/airflow/dags/main.py
[2026-05-04T07:47:26.676+0000] {processor.py:914} INFO - Processing file /opt/airflow/dags/main.py for tasks to queue
[2026-05-04T07:47:26.679+0000] {logging_mixin.py:190} INFO - [2026-05-04T07:47:26.678+0000] {dagbag.py:588} INFO - Filling up the DagBag from /opt/airflow/dags/main.py
[2026-05-04T07:47:27.085+0000] {processor.py:925} INFO - DAG(s) 'orders_kafka_to_s3' retrieved from /opt/airflow/dags/main.py
[2026-05-04T07:47:27.120+0000] {logging_mixin.py:190} INFO - [2026-05-04T07:47:27.119+0000] {dag.py:3239} INFO - Sync 1 DAGs
[2026-05-04T07:47:27.151+0000] {logging_mixin.py:190} INFO - [2026-05-04T07:47:27.150+0000] {dag.py:4180} INFO - Setting next_dagrun for orders_kafka_to_s3 to 2026-05-04 00:00:00+00:00, run_after=2026-05-05 00:00:00+00:00
[2026-05-04T07:47:27.175+0000] {processor.py:208} INFO - Processing /opt/airflow/dags/main.py took 0.519 seconds
[2026-05-04T07:47:57.398+0000] {processor.py:186} INFO - Started process (PID=2090) to work on /opt/airflow/dags/main.py
[2026-05-04T07:47:57.400+0000] {processor.py:914} INFO - Processing file /opt/airflow/dags/main.py for tasks to queue
[2026-05-04T07:47:57.403+0000] {logging_mixin.py:190} INFO - [2026-05-04T07:47:57.402+0000] {dagbag.py:588} INFO - Filling up the DagBag from /opt/airflow/dags/main.py
[2026-05-04T07:47:57.878+0000] {processor.py:925} INFO - DAG(s) 'orders_kafka_to_s3' retrieved from /opt/airflow/dags/main.py
[2026-05-04T07:47:57.914+0000] {logging_mixin.py:190} INFO - [2026-05-04T07:47:57.913+0000] {dag.py:3239} INFO - Sync 1 DAGs
[2026-05-04T07:47:57.950+0000] {logging_mixin.py:190} INFO - [2026-05-04T07:47:57.949+0000] {dag.py:4180} INFO - Setting next_dagrun for orders_kafka_to_s3 to 2026-05-04 00:00:00+00:00, run_after=2026-05-05 00:00:00+00:00
[2026-05-04T07:47:57.979+0000] {processor.py:208} INFO - Processing /opt/airflow/dags/main.py took 0.593 seconds
[2026-05-04T07:48:28.117+0000] {processor.py:186} INFO - Started process (PID=2097) to work on /opt/airflow/dags/main.py
[2026-05-04T07:48:28.119+0000] {processor.py:914} INFO - Processing file /opt/airflow/dags/main.py for tasks to queue
[2026-05-04T07:48:28.121+0000] {logging_mixin.py:190} INFO - [2026-05-04T07:48:28.120+0000] {dagbag.py:588} INFO - Filling up the DagBag from /opt/airflow/dags/main.py
[2026-05-04T07:48:28.527+0000] {processor.py:925} INFO - DAG(s) 'orders_kafka_to_s3' retrieved from /opt/airflow/dags/main.py
[2026-05-04T07:48:28.557+0000] {logging_mixin.py:190} INFO - [2026-05-04T07:48:28.557+0000] {dag.py:3239} INFO - Sync 1 DAGs
[2026-05-04T07:48:28.583+0000] {logging_mixin.py:190} INFO - [2026-05-04T07:48:28.583+0000] {dag.py:4180} INFO - Setting next_dagrun for orders_kafka_to_s3 to 2026-05-04 00:00:00+00:00, run_after=2026-05-05 00:00:00+00:00
[2026-05-04T07:48:28.609+0000] {processor.py:208} INFO - Processing /opt/airflow/dags/main.py took 0.501 seconds
[2026-05-04T07:48:59.164+0000] {processor.py:186} INFO - Started process (PID=2104) to work on /opt/airflow/dags/main.py
[2026-05-04T07:48:59.167+0000] {processor.py:914} INFO - Processing file /opt/airflow/dags/main.py for tasks to queue
[2026-05-04T07:48:59.169+0000] {logging_mixin.py:190} INFO - [2026-05-04T07:48:59.168+0000] {dagbag.py:588} INFO - Filling up the DagBag from /opt/airflow/dags/main.py
[2026-05-04T07:48:59.558+0000] {processor.py:925} INFO - DAG(s) 'orders_kafka_to_s3' retrieved from /opt/airflow/dags/main.py
[2026-05-04T07:48:59.594+0000] {logging_mixin.py:190} INFO - [2026-05-04T07:48:59.594+0000] {dag.py:3239} INFO - Sync 1 DAGs
[2026-05-04T07:48:59.626+0000] {logging_mixin.py:190} INFO - [2026-05-04T07:48:59.626+0000] {dag.py:4180} INFO - Setting next_dagrun for orders_kafka_to_s3 to 2026-05-04 00:00:00+00:00, run_after=2026-05-05 00:00:00+00:00
[2026-05-04T07:48:59.651+0000] {processor.py:208} INFO - Processing /opt/airflow/dags/main.py took 0.502 seconds
[2026-05-04T07:49:30.086+0000] {processor.py:186} INFO - Started process (PID=2111) to work on /opt/airflow/dags/main.py
[2026-05-04T07:49:30.088+0000] {processor.py:914} INFO - Processing file /opt/airflow/dags/main.py for tasks to queue
[2026-05-04T07:49:30.092+0000] {logging_mixin.py:190} INFO - [2026-05-04T07:49:30.091+0000] {dagbag.py:588} INFO - Filling up the DagBag from /opt/airflow/dags/main.py
[2026-05-04T07:49:30.619+0000] {processor.py:925} INFO - DAG(s) 'orders_kafka_to_s3' retrieved from /opt/airflow/dags/main.py
[2026-05-04T07:49:30.646+0000] {logging_mixin.py:190} INFO - [2026-05-04T07:49:30.646+0000] {dag.py:3239} INFO - Sync 1 DAGs
[2026-05-04T07:49:30.672+0000] {logging_mixin.py:190} INFO - [2026-05-04T07:49:30.671+0000] {dag.py:4180} INFO - Setting next_dagrun for orders_kafka_to_s3 to 2026-05-04 00:00:00+00:00, run_after=2026-05-05 00:00:00+00:00
[2026-05-04T07:49:30.698+0000] {processor.py:208} INFO - Processing /opt/airflow/dags/main.py took 0.627 seconds
[2026-05-04T07:50:01.653+0000] {processor.py:186} INFO - Started process (PID=2118) to work on /opt/airflow/dags/main.py
[2026-05-04T07:50:01.655+0000] {processor.py:914} INFO - Processing file /opt/airflow/dags/main.py for tasks to queue
[2026-05-04T07:50:01.658+0000] {logging_mixin.py:190} INFO - [2026-05-04T07:50:01.657+0000] {dagbag.py:588} INFO - Filling up the DagBag from /opt/airflow/dags/main.py
[2026-05-04T07:50:01.844+0000] {processor.py:925} INFO - DAG(s) 'orders_kafka_to_s3' retrieved from /opt/airflow/dags/main.py
[2026-05-04T07:50:01.882+0000] {logging_mixin.py:190} INFO - [2026-05-04T07:50:01.882+0000] {dag.py:3239} INFO - Sync 1 DAGs
[2026-05-04T07:50:01.916+0000] {logging_mixin.py:190} INFO - [2026-05-04T07:50:01.915+0000] {dag.py:4180} INFO - Setting next_dagrun for orders_kafka_to_s3 to 2026-05-04 00:00:00+00:00, run_after=2026-05-05 00:00:00+00:00
[2026-05-04T07:50:01.945+0000] {processor.py:208} INFO - Processing /opt/airflow/dags/main.py took 0.307 seconds
[2026-05-04T07:50:32.090+0000] {processor.py:186} INFO - Started process (PID=2125) to work on /opt/airflow/dags/main.py
[2026-05-04T07:50:32.093+0000] {processor.py:914} INFO - Processing file /opt/airflow/dags/main.py for tasks to queue
[2026-05-04T07:50:32.095+0000] {logging_mixin.py:190} INFO - [2026-05-04T07:50:32.095+0000] {dagbag.py:588} INFO - Filling up the DagBag from /opt/airflow/dags/main.py
[2026-05-04T07:50:32.247+0000] {processor.py:925} INFO - DAG(s) 'orders_kafka_to_s3' retrieved from /opt/airflow/dags/main.py
[2026-05-04T07:50:32.280+0000] {logging_mixin.py:190} INFO - [2026-05-04T07:50:32.280+0000] {dag.py:3239} INFO - Sync 1 DAGs
[2026-05-04T07:50:32.312+0000] {logging_mixin.py:190} INFO - [2026-05-04T07:50:32.311+0000] {dag.py:4180} INFO - Setting next_dagrun for orders_kafka_to_s3 to 2026-05-04 00:00:00+00:00, run_after=2026-05-05 00:00:00+00:00
[2026-05-04T07:50:32.343+0000] {processor.py:208} INFO - Processing /opt/airflow/dags/main.py took 0.270 seconds
[2026-05-04T07:51:02.787+0000] {processor.py:186} INFO - Started process (PID=2132) to work on /opt/airflow/dags/main.py
[2026-05-04T07:51:02.789+0000] {processor.py:914} INFO - Processing file /opt/airflow/dags/main.py for tasks to queue
[2026-05-04T07:51:02.791+0000] {logging_mixin.py:190} INFO - [2026-05-04T07:51:02.791+0000] {dagbag.py:588} INFO - Filling up the DagBag from /opt/airflow/dags/main.py
[2026-05-04T07:51:02.980+0000] {processor.py:925} INFO - DAG(s) 'orders_kafka_to_s3' retrieved from /opt/airflow/dags/main.py
[2026-05-04T07:51:03.025+0000] {logging_mixin.py:190} INFO - [2026-05-04T07:51:03.025+0000] {dag.py:3239} INFO - Sync 1 DAGs
[2026-05-04T07:51:03.067+0000] {logging_mixin.py:190} INFO - [2026-05-04T07:51:03.067+0000] {dag.py:4180} INFO - Setting next_dagrun for orders_kafka_to_s3 to 2026-05-04 00:00:00+00:00, run_after=2026-05-05 00:00:00+00:00
[2026-05-04T07:51:03.095+0000] {processor.py:208} INFO - Processing /opt/airflow/dags/main.py took 0.316 seconds
[2026-05-04T07:51:33.230+0000] {processor.py:186} INFO - Started process (PID=2139) to work on /opt/airflow/dags/main.py
[2026-05-04T07:51:33.233+0000] {processor.py:914} INFO - Processing file /opt/airflow/dags/main.py for tasks to queue
[2026-05-04T07:51:33.235+0000] {logging_mixin.py:190} INFO - [2026-05-04T07:51:33.235+0000] {dagbag.py:588} INFO - Filling up the DagBag from /opt/airflow/dags/main.py
[2026-05-04T07:51:33.375+0000] {processor.py:925} INFO - DAG(s) 'orders_kafka_to_s3' retrieved from /opt/airflow/dags/main.py
[2026-05-04T07:51:33.413+0000] {logging_mixin.py:190} INFO - [2026-05-04T07:51:33.413+0000] {dag.py:3239} INFO - Sync 1 DAGs
[2026-05-04T07:51:33.447+0000] {logging_mixin.py:190} INFO - [2026-05-04T07:51:33.446+0000] {dag.py:4180} INFO - Setting next_dagrun for orders_kafka_to_s3 to 2026-05-04 00:00:00+00:00, run_after=2026-05-05 00:00:00+00:00
[2026-05-04T07:51:33.484+0000] {processor.py:208} INFO - Processing /opt/airflow/dags/main.py took 0.266 seconds
[2026-05-04T07:52:03.712+0000] {processor.py:186} INFO - Started process (PID=2146) to work on /opt/airflow/dags/main.py
[2026-05-04T07:52:03.716+0000] {processor.py:914} INFO - Processing file /opt/airflow/dags/main.py for tasks to queue
[2026-05-04T07:52:03.720+0000] {logging_mixin.py:190} INFO - [2026-05-04T07:52:03.719+0000] {dagbag.py:588} INFO - Filling up the DagBag from /opt/airflow/dags/main.py
[2026-05-04T07:52:03.920+0000] {processor.py:925} INFO - DAG(s) 'orders_kafka_to_s3' retrieved from /opt/airflow/dags/main.py
[2026-05-04T07:52:03.963+0000] {logging_mixin.py:190} INFO - [2026-05-04T07:52:03.963+0000] {dag.py:3239} INFO - Sync 1 DAGs
[2026-05-04T07:52:04.001+0000] {logging_mixin.py:190} INFO - [2026-05-04T07:52:04.001+0000] {dag.py:4180} INFO - Setting next_dagrun for orders_kafka_to_s3 to 2026-05-04 00:00:00+00:00, run_after=2026-05-05 00:00:00+00:00
[2026-05-04T07:52:04.034+0000] {processor.py:208} INFO - Processing /opt/airflow/dags/main.py took 0.335 seconds
[2026-05-04T07:52:34.376+0000] {processor.py:186} INFO - Started process (PID=2153) to work on /opt/airflow/dags/main.py
[2026-05-04T07:52:34.378+0000] {processor.py:914} INFO - Processing file /opt/airflow/dags/main.py for tasks to queue
[2026-05-04T07:52:34.381+0000] {logging_mixin.py:190} INFO - [2026-05-04T07:52:34.380+0000] {dagbag.py:588} INFO - Filling up the DagBag from /opt/airflow/dags/main.py
[2026-05-04T07:52:34.606+0000] {processor.py:925} INFO - DAG(s) 'orders_kafka_to_s3' retrieved from /opt/airflow/dags/main.py
[2026-05-04T07:52:34.639+0000] {logging_mixin.py:190} INFO - [2026-05-04T07:52:34.639+0000] {dag.py:3239} INFO - Sync 1 DAGs
[2026-05-04T07:52:34.683+0000] {logging_mixin.py:190} INFO - [2026-05-04T07:52:34.683+0000] {dag.py:4180} INFO - Setting next_dagrun for orders_kafka_to_s3 to 2026-05-04 00:00:00+00:00, run_after=2026-05-05 00:00:00+00:00
[2026-05-04T07:52:34.716+0000] {processor.py:208} INFO - Processing /opt/airflow/dags/main.py took 0.353 seconds
[2026-05-04T07:53:05.041+0000] {processor.py:186} INFO - Started process (PID=2160) to work on /opt/airflow/dags/main.py
[2026-05-04T07:53:05.043+0000] {processor.py:914} INFO - Processing file /opt/airflow/dags/main.py for tasks to queue
[2026-05-04T07:53:05.047+0000] {logging_mixin.py:190} INFO - [2026-05-04T07:53:05.046+0000] {dagbag.py:588} INFO - Filling up the DagBag from /opt/airflow/dags/main.py
[2026-05-04T07:53:05.212+0000] {processor.py:925} INFO - DAG(s) 'orders_kafka_to_s3' retrieved from /opt/airflow/dags/main.py
[2026-05-04T07:53:05.249+0000] {logging_mixin.py:190} INFO - [2026-05-04T07:53:05.249+0000] {dag.py:3239} INFO - Sync 1 DAGs
[2026-05-04T07:53:05.281+0000] {logging_mixin.py:190} INFO - [2026-05-04T07:53:05.281+0000] {dag.py:4180} INFO - Setting next_dagrun for orders_kafka_to_s3 to 2026-05-04 00:00:00+00:00, run_after=2026-05-05 00:00:00+00:00
[2026-05-04T07:53:05.306+0000] {processor.py:208} INFO - Processing /opt/airflow/dags/main.py took 0.277 seconds
[2026-05-04T07:53:35.654+0000] {processor.py:186} INFO - Started process (PID=2167) to work on /opt/airflow/dags/main.py
[2026-05-04T07:53:35.656+0000] {processor.py:914} INFO - Processing file /opt/airflow/dags/main.py for tasks to queue
[2026-05-04T07:53:35.658+0000] {logging_mixin.py:190} INFO - [2026-05-04T07:53:35.657+0000] {dagbag.py:588} INFO - Filling up the DagBag from /opt/airflow/dags/main.py
[2026-05-04T07:53:35.789+0000] {processor.py:925} INFO - DAG(s) 'orders_kafka_to_s3' retrieved from /opt/airflow/dags/main.py
[2026-05-04T07:53:35.822+0000] {logging_mixin.py:190} INFO - [2026-05-04T07:53:35.821+0000] {dag.py:3239} INFO - Sync 1 DAGs
[2026-05-04T07:53:35.865+0000] {logging_mixin.py:190} INFO - [2026-05-04T07:53:35.865+0000] {dag.py:4180} INFO - Setting next_dagrun for orders_kafka_to_s3 to 2026-05-04 00:00:00+00:00, run_after=2026-05-05 00:00:00+00:00
[2026-05-04T07:53:35.919+0000] {processor.py:208} INFO - Processing /opt/airflow/dags/main.py took 0.276 seconds
[2026-05-04T07:54:06.120+0000] {processor.py:186} INFO - Started process (PID=2174) to work on /opt/airflow/dags/main.py
[2026-05-04T07:54:06.123+0000] {processor.py:914} INFO - Processing file /opt/airflow/dags/main.py for tasks to queue
[2026-05-04T07:54:06.127+0000] {logging_mixin.py:190} INFO - [2026-05-04T07:54:06.126+0000] {dagbag.py:588} INFO - Filling up the DagBag from /opt/airflow/dags/main.py
[2026-05-04T07:54:06.374+0000] {processor.py:925} INFO - DAG(s) 'orders_kafka_to_s3' retrieved from /opt/airflow/dags/main.py
[2026-05-04T07:54:06.411+0000] {logging_mixin.py:190} INFO - [2026-05-04T07:54:06.410+0000] {dag.py:3239} INFO - Sync 1 DAGs
[2026-05-04T07:54:06.448+0000] {logging_mixin.py:190} INFO - [2026-05-04T07:54:06.448+0000] {dag.py:4180} INFO - Setting next_dagrun for orders_kafka_to_s3 to 2026-05-04 00:00:00+00:00, run_after=2026-05-05 00:00:00+00:00
[2026-05-04T07:54:06.478+0000] {processor.py:208} INFO - Processing /opt/airflow/dags/main.py took 0.377 seconds
[2026-05-04T07:54:36.908+0000] {processor.py:186} INFO - Started process (PID=2181) to work on /opt/airflow/dags/main.py
[2026-05-04T07:54:36.911+0000] {processor.py:914} INFO - Processing file /opt/airflow/dags/main.py for tasks to queue
[2026-05-04T07:54:36.914+0000] {logging_mixin.py:190} INFO - [2026-05-04T07:54:36.913+0000] {dagbag.py:588} INFO - Filling up the DagBag from /opt/airflow/dags/main.py
[2026-05-04T07:54:37.081+0000] {processor.py:925} INFO - DAG(s) 'orders_kafka_to_s3' retrieved from /opt/airflow/dags/main.py
[2026-05-04T07:54:37.143+0000] {logging_mixin.py:190} INFO - [2026-05-04T07:54:37.143+0000] {dag.py:3239} INFO - Sync 1 DAGs
[2026-05-04T07:54:37.182+0000] {logging_mixin.py:190} INFO - [2026-05-04T07:54:37.182+0000] {dag.py:4180} INFO - Setting next_dagrun for orders_kafka_to_s3 to 2026-05-04 00:00:00+00:00, run_after=2026-05-05 00:00:00+00:00
[2026-05-04T07:54:37.211+0000] {processor.py:208} INFO - Processing /opt/airflow/dags/main.py took 0.324 seconds
[2026-05-04T07:55:07.421+0000] {processor.py:186} INFO - Started process (PID=2188) to work on /opt/airflow/dags/main.py
[2026-05-04T07:55:07.423+0000] {processor.py:914} INFO - Processing file /opt/airflow/dags/main.py for tasks to queue
[2026-05-04T07:55:07.426+0000] {logging_mixin.py:190} INFO - [2026-05-04T07:55:07.425+0000] {dagbag.py:588} INFO - Filling up the DagBag from /opt/airflow/dags/main.py
[2026-05-04T07:55:07.608+0000] {processor.py:925} INFO - DAG(s) 'orders_kafka_to_s3' retrieved from /opt/airflow/dags/main.py
[2026-05-04T07:55:07.649+0000] {logging_mixin.py:190} INFO - [2026-05-04T07:55:07.649+0000] {dag.py:3239} INFO - Sync 1 DAGs
[2026-05-04T07:55:07.696+0000] {logging_mixin.py:190} INFO - [2026-05-04T07:55:07.695+0000] {dag.py:4180} INFO - Setting next_dagrun for orders_kafka_to_s3 to 2026-05-04 00:00:00+00:00, run_after=2026-05-05 00:00:00+00:00
[2026-05-04T07:55:07.729+0000] {processor.py:208} INFO - Processing /opt/airflow/dags/main.py took 0.318 seconds
[2026-05-04T07:55:38.145+0000] {processor.py:186} INFO - Started process (PID=2195) to work on /opt/airflow/dags/main.py
[2026-05-04T07:55:38.148+0000] {processor.py:914} INFO - Processing file /opt/airflow/dags/main.py for tasks to queue
[2026-05-04T07:55:38.152+0000] {logging_mixin.py:190} INFO - [2026-05-04T07:55:38.151+0000] {dagbag.py:588} INFO - Filling up the DagBag from /opt/airflow/dags/main.py
[2026-05-04T07:55:38.336+0000] {processor.py:925} INFO - DAG(s) 'orders_kafka_to_s3' retrieved from /opt/airflow/dags/main.py
[2026-05-04T07:55:38.374+0000] {logging_mixin.py:190} INFO - [2026-05-04T07:55:38.374+0000] {dag.py:3239} INFO - Sync 1 DAGs
[2026-05-04T07:55:38.404+0000] {logging_mixin.py:190} INFO - [2026-05-04T07:55:38.404+0000] {dag.py:4180} INFO - Setting next_dagrun for orders_kafka_to_s3 to 2026-05-04 00:00:00+00:00, run_after=2026-05-05 00:00:00+00:00
[2026-05-04T07:55:38.429+0000] {processor.py:208} INFO - Processing /opt/airflow/dags/main.py took 0.301 seconds
[2026-05-04T07:56:08.660+0000] {processor.py:186} INFO - Started process (PID=2201) to work on /opt/airflow/dags/main.py
[2026-05-04T07:56:08.662+0000] {processor.py:914} INFO - Processing file /opt/airflow/dags/main.py for tasks to queue
[2026-05-04T07:56:08.664+0000] {logging_mixin.py:190} INFO - [2026-05-04T07:56:08.663+0000] {dagbag.py:588} INFO - Filling up the DagBag from /opt/airflow/dags/main.py
[2026-05-04T07:56:08.825+0000] {processor.py:925} INFO - DAG(s) 'orders_kafka_to_s3' retrieved from /opt/airflow/dags/main.py
[2026-05-04T07:56:08.870+0000] {logging_mixin.py:190} INFO - [2026-05-04T07:56:08.870+0000] {dag.py:3239} INFO - Sync 1 DAGs
[2026-05-04T07:56:08.901+0000] {logging_mixin.py:190} INFO - [2026-05-04T07:56:08.901+0000] {dag.py:4180} INFO - Setting next_dagrun for orders_kafka_to_s3 to 2026-05-04 00:00:00+00:00, run_after=2026-05-05 00:00:00+00:00
[2026-05-04T07:56:08.929+0000] {processor.py:208} INFO - Processing /opt/airflow/dags/main.py took 0.282 seconds
[2026-05-04T07:56:39.270+0000] {processor.py:186} INFO - Started process (PID=2208) to work on /opt/airflow/dags/main.py
[2026-05-04T07:56:39.272+0000] {processor.py:914} INFO - Processing file /opt/airflow/dags/main.py for tasks to queue
[2026-05-04T07:56:39.275+0000] {logging_mixin.py:190} INFO - [2026-05-04T07:56:39.273+0000] {dagbag.py:588} INFO - Filling up the DagBag from /opt/airflow/dags/main.py
[2026-05-04T07:56:39.415+0000] {processor.py:925} INFO - DAG(s) 'orders_kafka_to_s3' retrieved from /opt/airflow/dags/main.py
[2026-05-04T07:56:39.444+0000] {logging_mixin.py:190} INFO - [2026-05-04T07:56:39.444+0000] {dag.py:3239} INFO - Sync 1 DAGs
[2026-05-04T07:56:39.474+0000] {logging_mixin.py:190} INFO - [2026-05-04T07:56:39.473+0000] {dag.py:4180} INFO - Setting next_dagrun for orders_kafka_to_s3 to 2026-05-04 00:00:00+00:00, run_after=2026-05-05 00:00:00+00:00
[2026-05-04T07:56:39.500+0000] {processor.py:208} INFO - Processing /opt/airflow/dags/main.py took 0.239 seconds
[2026-05-04T07:57:09.881+0000] {processor.py:186} INFO - Started process (PID=2215) to work on /opt/airflow/dags/main.py
[2026-05-04T07:57:09.884+0000] {processor.py:914} INFO - Processing file /opt/airflow/dags/main.py for tasks to queue
[2026-05-04T07:57:09.889+0000] {logging_mixin.py:190} INFO - [2026-05-04T07:57:09.888+0000] {dagbag.py:588} INFO - Filling up the DagBag from /opt/airflow/dags/main.py
[2026-05-04T07:57:10.080+0000] {processor.py:925} INFO - DAG(s) 'orders_kafka_to_s3' retrieved from /opt/airflow/dags/main.py
[2026-05-04T07:57:10.109+0000] {logging_mixin.py:190} INFO - [2026-05-04T07:57:10.108+0000] {dag.py:3239} INFO - Sync 1 DAGs
[2026-05-04T07:57:10.139+0000] {logging_mixin.py:190} INFO - [2026-05-04T07:57:10.139+0000] {dag.py:4180} INFO - Setting next_dagrun for orders_kafka_to_s3 to 2026-05-04 00:00:00+00:00, run_after=2026-05-05 00:00:00+00:00
[2026-05-04T07:57:10.163+0000] {processor.py:208} INFO - Processing /opt/airflow/dags/main.py took 0.306 seconds
[2026-05-04T07:57:40.400+0000] {processor.py:186} INFO - Started process (PID=2229) to work on /opt/airflow/dags/main.py
[2026-05-04T07:57:40.403+0000] {processor.py:914} INFO - Processing file /opt/airflow/dags/main.py for tasks to queue
[2026-05-04T07:57:40.406+0000] {logging_mixin.py:190} INFO - [2026-05-04T07:57:40.406+0000] {dagbag.py:588} INFO - Filling up the DagBag from /opt/airflow/dags/main.py
[2026-05-04T07:57:40.625+0000] {processor.py:925} INFO - DAG(s) 'orders_kafka_to_s3' retrieved from /opt/airflow/dags/main.py
[2026-05-04T07:57:40.665+0000] {logging_mixin.py:190} INFO - [2026-05-04T07:57:40.664+0000] {dag.py:3239} INFO - Sync 1 DAGs
[2026-05-04T07:57:40.706+0000] {logging_mixin.py:190} INFO - [2026-05-04T07:57:40.706+0000] {dag.py:4180} INFO - Setting next_dagrun for orders_kafka_to_s3 to 2026-05-04 00:00:00+00:00, run_after=2026-05-05 00:00:00+00:00
[2026-05-04T07:57:40.732+0000] {processor.py:208} INFO - Processing /opt/airflow/dags/main.py took 0.351 seconds
[2026-05-04T07:58:11.049+0000] {processor.py:186} INFO - Started process (PID=2236) to work on /opt/airflow/dags/main.py
[2026-05-04T07:58:11.051+0000] {processor.py:914} INFO - Processing file /opt/airflow/dags/main.py for tasks to queue
[2026-05-04T07:58:11.054+0000] {logging_mixin.py:190} INFO - [2026-05-04T07:58:11.053+0000] {dagbag.py:588} INFO - Filling up the DagBag from /opt/airflow/dags/main.py
[2026-05-04T07:58:11.274+0000] {processor.py:925} INFO - DAG(s) 'orders_kafka_to_s3' retrieved from /opt/airflow/dags/main.py
[2026-05-04T07:58:11.322+0000] {logging_mixin.py:190} INFO - [2026-05-04T07:58:11.322+0000] {dag.py:3239} INFO - Sync 1 DAGs
[2026-05-04T07:58:11.365+0000] {logging_mixin.py:190} INFO - [2026-05-04T07:58:11.364+0000] {dag.py:4180} INFO - Setting next_dagrun for orders_kafka_to_s3 to 2026-05-04 00:00:00+00:00, run_after=2026-05-05 00:00:00+00:00
[2026-05-04T07:58:11.403+0000] {processor.py:208} INFO - Processing /opt/airflow/dags/main.py took 0.370 seconds
[2026-05-04T07:58:36.792+0000] {processor.py:186} INFO - Started process (PID=2237) to work on /opt/airflow/dags/main.py
[2026-05-04T07:58:36.798+0000] {processor.py:914} INFO - Processing file /opt/airflow/dags/main.py for tasks to queue
[2026-05-04T07:58:36.807+0000] {logging_mixin.py:190} INFO - [2026-05-04T07:58:36.805+0000] {dagbag.py:588} INFO - Filling up the DagBag from /opt/airflow/dags/main.py
[2026-05-04T07:58:37.100+0000] {processor.py:925} INFO - DAG(s) 'kafka_to_s3' retrieved from /opt/airflow/dags/main.py
[2026-05-04T07:58:37.352+0000] {logging_mixin.py:190} INFO - [2026-05-04T07:58:37.351+0000] {override.py:1912} INFO - Created Permission View: can edit on DAG:kafka_to_s3
[2026-05-04T07:58:37.364+0000] {logging_mixin.py:190} INFO - [2026-05-04T07:58:37.364+0000] {override.py:1912} INFO - Created Permission View: can read on DAG:kafka_to_s3
[2026-05-04T07:58:37.374+0000] {logging_mixin.py:190} INFO - [2026-05-04T07:58:37.374+0000] {override.py:1912} INFO - Created Permission View: can delete on DAG:kafka_to_s3
[2026-05-04T07:58:37.385+0000] {logging_mixin.py:190} INFO - [2026-05-04T07:58:37.384+0000] {override.py:1912} INFO - Created Permission View: menu access on DAG Run:kafka_to_s3
[2026-05-04T07:58:37.395+0000] {logging_mixin.py:190} INFO - [2026-05-04T07:58:37.395+0000] {override.py:1912} INFO - Created Permission View: can read on DAG Run:kafka_to_s3
[2026-05-04T07:58:37.405+0000] {logging_mixin.py:190} INFO - [2026-05-04T07:58:37.405+0000] {override.py:1912} INFO - Created Permission View: can create on DAG Run:kafka_to_s3
[2026-05-04T07:58:37.415+0000] {logging_mixin.py:190} INFO - [2026-05-04T07:58:37.415+0000] {override.py:1912} INFO - Created Permission View: can delete on DAG Run:kafka_to_s3
[2026-05-04T07:58:37.417+0000] {logging_mixin.py:190} INFO - [2026-05-04T07:58:37.416+0000] {dag.py:3239} INFO - Sync 1 DAGs
[2026-05-04T07:58:37.453+0000] {logging_mixin.py:190} INFO - [2026-05-04T07:58:37.453+0000] {dag.py:3262} INFO - Creating ORM DAG for kafka_to_s3
[2026-05-04T07:58:37.512+0000] {logging_mixin.py:190} INFO - [2026-05-04T07:58:37.512+0000] {dag.py:4180} INFO - Setting next_dagrun for kafka_to_s3 to 2026-05-03 00:00:00+00:00, run_after=2026-05-04 00:00:00+00:00
[2026-05-04T07:58:37.650+0000] {processor.py:208} INFO - Processing /opt/airflow/dags/main.py took 0.901 seconds
[2026-05-04T07:59:08.144+0000] {processor.py:186} INFO - Started process (PID=2244) to work on /opt/airflow/dags/main.py
[2026-05-04T07:59:08.146+0000] {processor.py:914} INFO - Processing file /opt/airflow/dags/main.py for tasks to queue
[2026-05-04T07:59:08.148+0000] {logging_mixin.py:190} INFO - [2026-05-04T07:59:08.147+0000] {dagbag.py:588} INFO - Filling up the DagBag from /opt/airflow/dags/main.py
[2026-05-04T07:59:08.338+0000] {processor.py:925} INFO - DAG(s) 'kafka_to_s3' retrieved from /opt/airflow/dags/main.py
[2026-05-04T07:59:08.386+0000] {logging_mixin.py:190} INFO - [2026-05-04T07:59:08.386+0000] {dag.py:3239} INFO - Sync 1 DAGs
[2026-05-04T07:59:08.425+0000] {logging_mixin.py:190} INFO - [2026-05-04T07:59:08.424+0000] {dag.py:4180} INFO - Setting next_dagrun for kafka_to_s3 to 2026-05-03 00:00:00+00:00, run_after=2026-05-04 00:00:00+00:00
[2026-05-04T07:59:08.457+0000] {processor.py:208} INFO - Processing /opt/airflow/dags/main.py took 0.328 seconds
[2026-05-04T07:59:38.571+0000] {processor.py:186} INFO - Started process (PID=2251) to work on /opt/airflow/dags/main.py
[2026-05-04T07:59:38.573+0000] {processor.py:914} INFO - Processing file /opt/airflow/dags/main.py for tasks to queue
[2026-05-04T07:59:38.575+0000] {logging_mixin.py:190} INFO - [2026-05-04T07:59:38.574+0000] {dagbag.py:588} INFO - Filling up the DagBag from /opt/airflow/dags/main.py
[2026-05-04T07:59:38.726+0000] {processor.py:925} INFO - DAG(s) 'kafka_to_s3' retrieved from /opt/airflow/dags/main.py
[2026-05-04T07:59:38.766+0000] {logging_mixin.py:190} INFO - [2026-05-04T07:59:38.765+0000] {dag.py:3239} INFO - Sync 1 DAGs
[2026-05-04T07:59:38.800+0000] {logging_mixin.py:190} INFO - [2026-05-04T07:59:38.800+0000] {dag.py:4180} INFO - Setting next_dagrun for kafka_to_s3 to 2026-05-03 00:00:00+00:00, run_after=2026-05-04 00:00:00+00:00
[2026-05-04T07:59:38.830+0000] {processor.py:208} INFO - Processing /opt/airflow/dags/main.py took 0.269 seconds
[2026-05-04T08:00:09.440+0000] {processor.py:186} INFO - Started process (PID=2262) to work on /opt/airflow/dags/main.py
[2026-05-04T08:00:09.442+0000] {processor.py:914} INFO - Processing file /opt/airflow/dags/main.py for tasks to queue
[2026-05-04T08:00:09.446+0000] {logging_mixin.py:190} INFO - [2026-05-04T08:00:09.445+0000] {dagbag.py:588} INFO - Filling up the DagBag from /opt/airflow/dags/main.py
[2026-05-04T08:00:09.692+0000] {processor.py:925} INFO - DAG(s) 'kafka_to_s3' retrieved from /opt/airflow/dags/main.py
[2026-05-04T08:00:09.735+0000] {logging_mixin.py:190} INFO - [2026-05-04T08:00:09.735+0000] {dag.py:3239} INFO - Sync 1 DAGs
[2026-05-04T08:00:09.792+0000] {logging_mixin.py:190} INFO - [2026-05-04T08:00:09.792+0000] {dag.py:4180} INFO - Setting next_dagrun for kafka_to_s3 to 2026-05-04 00:00:00+00:00, run_after=2026-05-05 00:00:00+00:00
[2026-05-04T08:00:09.836+0000] {processor.py:208} INFO - Processing /opt/airflow/dags/main.py took 0.408 seconds
[2026-05-04T08:00:40.386+0000] {processor.py:186} INFO - Started process (PID=2268) to work on /opt/airflow/dags/main.py
[2026-05-04T08:00:40.389+0000] {processor.py:914} INFO - Processing file /opt/airflow/dags/main.py for tasks to queue
[2026-05-04T08:00:40.391+0000] {logging_mixin.py:190} INFO - [2026-05-04T08:00:40.391+0000] {dagbag.py:588} INFO - Filling up the DagBag from /opt/airflow/dags/main.py
[2026-05-04T08:00:40.586+0000] {processor.py:925} INFO - DAG(s) 'kafka_to_s3' retrieved from /opt/airflow/dags/main.py
[2026-05-04T08:00:40.642+0000] {logging_mixin.py:190} INFO - [2026-05-04T08:00:40.642+0000] {dag.py:3239} INFO - Sync 1 DAGs
[2026-05-04T08:00:40.725+0000] {logging_mixin.py:190} INFO - [2026-05-04T08:00:40.724+0000] {dag.py:4180} INFO - Setting next_dagrun for kafka_to_s3 to 2026-05-04 00:00:00+00:00, run_after=2026-05-05 00:00:00+00:00
[2026-05-04T08:00:40.772+0000] {processor.py:208} INFO - Processing /opt/airflow/dags/main.py took 0.406 seconds
[2026-05-04T08:01:11.291+0000] {processor.py:186} INFO - Started process (PID=2281) to work on /opt/airflow/dags/main.py
[2026-05-04T08:01:11.293+0000] {processor.py:914} INFO - Processing file /opt/airflow/dags/main.py for tasks to queue
[2026-05-04T08:01:11.295+0000] {logging_mixin.py:190} INFO - [2026-05-04T08:01:11.295+0000] {dagbag.py:588} INFO - Filling up the DagBag from /opt/airflow/dags/main.py
[2026-05-04T08:01:11.474+0000] {processor.py:925} INFO - DAG(s) 'kafka_to_s3' retrieved from /opt/airflow/dags/main.py
[2026-05-04T08:01:11.530+0000] {logging_mixin.py:190} INFO - [2026-05-04T08:01:11.529+0000] {dag.py:3239} INFO - Sync 1 DAGs
[2026-05-04T08:01:11.563+0000] {logging_mixin.py:190} INFO - [2026-05-04T08:01:11.563+0000] {dag.py:4180} INFO - Setting next_dagrun for kafka_to_s3 to 2026-05-04 00:00:00+00:00, run_after=2026-05-05 00:00:00+00:00
[2026-05-04T08:01:11.591+0000] {processor.py:208} INFO - Processing /opt/airflow/dags/main.py took 0.310 seconds
[2026-05-04T08:01:41.833+0000] {processor.py:186} INFO - Started process (PID=2287) to work on /opt/airflow/dags/main.py
[2026-05-04T08:01:41.835+0000] {processor.py:914} INFO - Processing file /opt/airflow/dags/main.py for tasks to queue
[2026-05-04T08:01:41.838+0000] {logging_mixin.py:190} INFO - [2026-05-04T08:01:41.836+0000] {dagbag.py:588} INFO - Filling up the DagBag from /opt/airflow/dags/main.py
[2026-05-04T08:01:42.016+0000] {processor.py:925} INFO - DAG(s) 'kafka_to_s3' retrieved from /opt/airflow/dags/main.py
[2026-05-04T08:01:42.059+0000] {logging_mixin.py:190} INFO - [2026-05-04T08:01:42.058+0000] {dag.py:3239} INFO - Sync 1 DAGs
[2026-05-04T08:01:42.099+0000] {logging_mixin.py:190} INFO - [2026-05-04T08:01:42.099+0000] {dag.py:4180} INFO - Setting next_dagrun for kafka_to_s3 to 2026-05-04 00:00:00+00:00, run_after=2026-05-05 00:00:00+00:00
[2026-05-04T08:01:42.129+0000] {processor.py:208} INFO - Processing /opt/airflow/dags/main.py took 0.308 seconds
[2026-05-04T08:02:12.566+0000] {processor.py:186} INFO - Started process (PID=2294) to work on /opt/airflow/dags/main.py
[2026-05-04T08:02:12.567+0000] {processor.py:914} INFO - Processing file /opt/airflow/dags/main.py for tasks to queue
[2026-05-04T08:02:12.570+0000] {logging_mixin.py:190} INFO - [2026-05-04T08:02:12.570+0000] {dagbag.py:588} INFO - Filling up the DagBag from /opt/airflow/dags/main.py
[2026-05-04T08:02:12.725+0000] {processor.py:925} INFO - DAG(s) 'kafka_to_s3' retrieved from /opt/airflow/dags/main.py
[2026-05-04T08:02:12.755+0000] {logging_mixin.py:190} INFO - [2026-05-04T08:02:12.755+0000] {dag.py:3239} INFO - Sync 1 DAGs
[2026-05-04T08:02:12.787+0000] {logging_mixin.py:190} INFO - [2026-05-04T08:02:12.787+0000] {dag.py:4180} INFO - Setting next_dagrun for kafka_to_s3 to 2026-05-04 00:00:00+00:00, run_after=2026-05-05 00:00:00+00:00
[2026-05-04T08:02:12.813+0000] {processor.py:208} INFO - Processing /opt/airflow/dags/main.py took 0.257 seconds
[2026-05-04T08:02:43.137+0000] {processor.py:186} INFO - Started process (PID=2301) to work on /opt/airflow/dags/main.py
[2026-05-04T08:02:43.141+0000] {processor.py:914} INFO - Processing file /opt/airflow/dags/main.py for tasks to queue
[2026-05-04T08:02:43.145+0000] {logging_mixin.py:190} INFO - [2026-05-04T08:02:43.144+0000] {dagbag.py:588} INFO - Filling up the DagBag from /opt/airflow/dags/main.py
[2026-05-04T08:02:43.346+0000] {processor.py:925} INFO - DAG(s) 'kafka_to_s3' retrieved from /opt/airflow/dags/main.py
[2026-05-04T08:02:43.380+0000] {logging_mixin.py:190} INFO - [2026-05-04T08:02:43.380+0000] {dag.py:3239} INFO - Sync 1 DAGs
[2026-05-04T08:02:43.412+0000] {logging_mixin.py:190} INFO - [2026-05-04T08:02:43.412+0000] {dag.py:4180} INFO - Setting next_dagrun for kafka_to_s3 to 2026-05-04 00:00:00+00:00, run_after=2026-05-05 00:00:00+00:00
[2026-05-04T08:02:43.452+0000] {processor.py:208} INFO - Processing /opt/airflow/dags/main.py took 0.337 seconds
[2026-05-04T08:03:13.611+0000] {processor.py:186} INFO - Started process (PID=2308) to work on /opt/airflow/dags/main.py
[2026-05-04T08:03:13.615+0000] {processor.py:914} INFO - Processing file /opt/airflow/dags/main.py for tasks to queue
[2026-05-04T08:03:13.619+0000] {logging_mixin.py:190} INFO - [2026-05-04T08:03:13.618+0000] {dagbag.py:588} INFO - Filling up the DagBag from /opt/airflow/dags/main.py
[2026-05-04T08:03:13.837+0000] {processor.py:925} INFO - DAG(s) 'kafka_to_s3' retrieved from /opt/airflow/dags/main.py
[2026-05-04T08:03:13.880+0000] {logging_mixin.py:190} INFO - [2026-05-04T08:03:13.880+0000] {dag.py:3239} INFO - Sync 1 DAGs
[2026-05-04T08:03:13.930+0000] {logging_mixin.py:190} INFO - [2026-05-04T08:03:13.930+0000] {dag.py:4180} INFO - Setting next_dagrun for kafka_to_s3 to 2026-05-04 00:00:00+00:00, run_after=2026-05-05 00:00:00+00:00
[2026-05-04T08:03:13.964+0000] {processor.py:208} INFO - Processing /opt/airflow/dags/main.py took 0.374 seconds
[2026-05-04T08:03:44.155+0000] {processor.py:186} INFO - Started process (PID=2315) to work on /opt/airflow/dags/main.py
[2026-05-04T08:03:44.157+0000] {processor.py:914} INFO - Processing file /opt/airflow/dags/main.py for tasks to queue
[2026-05-04T08:03:44.159+0000] {logging_mixin.py:190} INFO - [2026-05-04T08:03:44.159+0000] {dagbag.py:588} INFO - Filling up the DagBag from /opt/airflow/dags/main.py
[2026-05-04T08:03:44.398+0000] {processor.py:925} INFO - DAG(s) 'kafka_to_s3' retrieved from /opt/airflow/dags/main.py
[2026-05-04T08:03:44.432+0000] {logging_mixin.py:190} INFO - [2026-05-04T08:03:44.432+0000] {dag.py:3239} INFO - Sync 1 DAGs
[2026-05-04T08:03:44.464+0000] {logging_mixin.py:190} INFO - [2026-05-04T08:03:44.464+0000] {dag.py:4180} INFO - Setting next_dagrun for kafka_to_s3 to 2026-05-04 00:00:00+00:00, run_after=2026-05-05 00:00:00+00:00
[2026-05-04T08:03:44.488+0000] {processor.py:208} INFO - Processing /opt/airflow/dags/main.py took 0.344 seconds
[2026-05-04T08:04:14.576+0000] {processor.py:186} INFO - Started process (PID=2322) to work on /opt/airflow/dags/main.py
[2026-05-04T08:04:14.578+0000] {processor.py:914} INFO - Processing file /opt/airflow/dags/main.py for tasks to queue
[2026-05-04T08:04:14.581+0000] {logging_mixin.py:190} INFO - [2026-05-04T08:04:14.580+0000] {dagbag.py:588} INFO - Filling up the DagBag from /opt/airflow/dags/main.py
[2026-05-04T08:04:14.826+0000] {processor.py:925} INFO - DAG(s) 'kafka_to_s3' retrieved from /opt/airflow/dags/main.py
[2026-05-04T08:04:14.866+0000] {logging_mixin.py:190} INFO - [2026-05-04T08:04:14.866+0000] {dag.py:3239} INFO - Sync 1 DAGs
[2026-05-04T08:04:14.905+0000] {logging_mixin.py:190} INFO - [2026-05-04T08:04:14.905+0000] {dag.py:4180} INFO - Setting next_dagrun for kafka_to_s3 to 2026-05-04 00:00:00+00:00, run_after=2026-05-05 00:00:00+00:00
[2026-05-04T08:04:14.934+0000] {processor.py:208} INFO - Processing /opt/airflow/dags/main.py took 0.370 seconds
[2026-05-04T08:04:45.481+0000] {processor.py:186} INFO - Started process (PID=2329) to work on /opt/airflow/dags/main.py
[2026-05-04T08:04:45.484+0000] {processor.py:914} INFO - Processing file /opt/airflow/dags/main.py for tasks to queue
[2026-05-04T08:04:45.488+0000] {logging_mixin.py:190} INFO - [2026-05-04T08:04:45.487+0000] {dagbag.py:588} INFO - Filling up the DagBag from /opt/airflow/dags/main.py
[2026-05-04T08:04:45.726+0000] {processor.py:925} INFO - DAG(s) 'kafka_to_s3' retrieved from /opt/airflow/dags/main.py
[2026-05-04T08:04:45.764+0000] {logging_mixin.py:190} INFO - [2026-05-04T08:04:45.764+0000] {dag.py:3239} INFO - Sync 1 DAGs
[2026-05-04T08:04:45.798+0000] {logging_mixin.py:190} INFO - [2026-05-04T08:04:45.798+0000] {dag.py:4180} INFO - Setting next_dagrun for kafka_to_s3 to 2026-05-04 00:00:00+00:00, run_after=2026-05-05 00:00:00+00:00
[2026-05-04T08:04:45.829+0000] {processor.py:208} INFO - Processing /opt/airflow/dags/main.py took 0.363 seconds
[2026-05-04T08:05:15.889+0000] {processor.py:186} INFO - Started process (PID=2336) to work on /opt/airflow/dags/main.py
[2026-05-04T08:05:15.891+0000] {processor.py:914} INFO - Processing file /opt/airflow/dags/main.py for tasks to queue
[2026-05-04T08:05:15.893+0000] {logging_mixin.py:190} INFO - [2026-05-04T08:05:15.893+0000] {dagbag.py:588} INFO - Filling up the DagBag from /opt/airflow/dags/main.py
[2026-05-04T08:05:16.043+0000] {processor.py:925} INFO - DAG(s) 'kafka_to_s3' retrieved from /opt/airflow/dags/main.py
[2026-05-04T08:05:16.083+0000] {logging_mixin.py:190} INFO - [2026-05-04T08:05:16.082+0000] {dag.py:3239} INFO - Sync 1 DAGs
[2026-05-04T08:05:16.127+0000] {logging_mixin.py:190} INFO - [2026-05-04T08:05:16.126+0000] {dag.py:4180} INFO - Setting next_dagrun for kafka_to_s3 to 2026-05-04 00:00:00+00:00, run_after=2026-05-05 00:00:00+00:00
[2026-05-04T08:05:16.158+0000] {processor.py:208} INFO - Processing /opt/airflow/dags/main.py took 0.278 seconds
[2026-05-04T08:05:46.456+0000] {processor.py:186} INFO - Started process (PID=2343) to work on /opt/airflow/dags/main.py
[2026-05-04T08:05:46.458+0000] {processor.py:914} INFO - Processing file /opt/airflow/dags/main.py for tasks to queue
[2026-05-04T08:05:46.460+0000] {logging_mixin.py:190} INFO - [2026-05-04T08:05:46.459+0000] {dagbag.py:588} INFO - Filling up the DagBag from /opt/airflow/dags/main.py
[2026-05-04T08:05:46.658+0000] {processor.py:925} INFO - DAG(s) 'kafka_to_s3' retrieved from /opt/airflow/dags/main.py
[2026-05-04T08:05:46.690+0000] {logging_mixin.py:190} INFO - [2026-05-04T08:05:46.690+0000] {dag.py:3239} INFO - Sync 1 DAGs
[2026-05-04T08:05:46.717+0000] {logging_mixin.py:190} INFO - [2026-05-04T08:05:46.717+0000] {dag.py:4180} INFO - Setting next_dagrun for kafka_to_s3 to 2026-05-04 00:00:00+00:00, run_after=2026-05-05 00:00:00+00:00
[2026-05-04T08:05:46.740+0000] {processor.py:208} INFO - Processing /opt/airflow/dags/main.py took 0.297 seconds
[2026-05-04T08:06:17.090+0000] {processor.py:186} INFO - Started process (PID=2350) to work on /opt/airflow/dags/main.py
[2026-05-04T08:06:17.091+0000] {processor.py:914} INFO - Processing file /opt/airflow/dags/main.py for tasks to queue
[2026-05-04T08:06:17.093+0000] {logging_mixin.py:190} INFO - [2026-05-04T08:06:17.093+0000] {dagbag.py:588} INFO - Filling up the DagBag from /opt/airflow/dags/main.py
[2026-05-04T08:06:17.222+0000] {processor.py:925} INFO - DAG(s) 'kafka_to_s3' retrieved from /opt/airflow/dags/main.py
[2026-05-04T08:06:17.253+0000] {logging_mixin.py:190} INFO - [2026-05-04T08:06:17.253+0000] {dag.py:3239} INFO - Sync 1 DAGs
[2026-05-04T08:06:17.285+0000] {logging_mixin.py:190} INFO - [2026-05-04T08:06:17.284+0000] {dag.py:4180} INFO - Setting next_dagrun for kafka_to_s3 to 2026-05-04 00:00:00+00:00, run_after=2026-05-05 00:00:00+00:00
[2026-05-04T08:06:17.307+0000] {processor.py:208} INFO - Processing /opt/airflow/dags/main.py took 0.224 seconds
[2026-05-04T08:06:47.420+0000] {processor.py:186} INFO - Started process (PID=2357) to work on /opt/airflow/dags/main.py
[2026-05-04T08:06:47.423+0000] {processor.py:914} INFO - Processing file /opt/airflow/dags/main.py for tasks to queue
[2026-05-04T08:06:47.425+0000] {logging_mixin.py:190} INFO - [2026-05-04T08:06:47.424+0000] {dagbag.py:588} INFO - Filling up the DagBag from /opt/airflow/dags/main.py
[2026-05-04T08:06:47.635+0000] {processor.py:925} INFO - DAG(s) 'kafka_to_s3' retrieved from /opt/airflow/dags/main.py
[2026-05-04T08:06:47.679+0000] {logging_mixin.py:190} INFO - [2026-05-04T08:06:47.678+0000] {dag.py:3239} INFO - Sync 1 DAGs
[2026-05-04T08:06:47.715+0000] {logging_mixin.py:190} INFO - [2026-05-04T08:06:47.715+0000] {dag.py:4180} INFO - Setting next_dagrun for kafka_to_s3 to 2026-05-04 00:00:00+00:00, run_after=2026-05-05 00:00:00+00:00
[2026-05-04T08:06:47.740+0000] {processor.py:208} INFO - Processing /opt/airflow/dags/main.py took 0.330 seconds
[2026-05-04T08:07:17.884+0000] {processor.py:186} INFO - Started process (PID=2364) to work on /opt/airflow/dags/main.py
[2026-05-04T08:07:17.886+0000] {processor.py:914} INFO - Processing file /opt/airflow/dags/main.py for tasks to queue
[2026-05-04T08:07:17.889+0000] {logging_mixin.py:190} INFO - [2026-05-04T08:07:17.888+0000] {dagbag.py:588} INFO - Filling up the DagBag from /opt/airflow/dags/main.py
[2026-05-04T08:07:18.074+0000] {processor.py:925} INFO - DAG(s) 'kafka_to_s3' retrieved from /opt/airflow/dags/main.py
[2026-05-04T08:07:18.131+0000] {logging_mixin.py:190} INFO - [2026-05-04T08:07:18.131+0000] {dag.py:3239} INFO - Sync 1 DAGs
[2026-05-04T08:07:18.175+0000] {logging_mixin.py:190} INFO - [2026-05-04T08:07:18.174+0000] {dag.py:4180} INFO - Setting next_dagrun for kafka_to_s3 to 2026-05-04 00:00:00+00:00, run_after=2026-05-05 00:00:00+00:00
[2026-05-04T08:07:18.203+0000] {processor.py:208} INFO - Processing /opt/airflow/dags/main.py took 0.340 seconds
[2026-05-04T08:07:48.371+0000] {processor.py:186} INFO - Started process (PID=2371) to work on /opt/airflow/dags/main.py
[2026-05-04T08:07:48.372+0000] {processor.py:914} INFO - Processing file /opt/airflow/dags/main.py for tasks to queue
[2026-05-04T08:07:48.373+0000] {logging_mixin.py:190} INFO - [2026-05-04T08:07:48.373+0000] {dagbag.py:588} INFO - Filling up the DagBag from /opt/airflow/dags/main.py
[2026-05-04T08:07:48.501+0000] {processor.py:925} INFO - DAG(s) 'kafka_to_s3' retrieved from /opt/airflow/dags/main.py
[2026-05-04T08:07:48.534+0000] {logging_mixin.py:190} INFO - [2026-05-04T08:07:48.534+0000] {dag.py:3239} INFO - Sync 1 DAGs
[2026-05-04T08:07:48.562+0000] {logging_mixin.py:190} INFO - [2026-05-04T08:07:48.561+0000] {dag.py:4180} INFO - Setting next_dagrun for kafka_to_s3 to 2026-05-04 00:00:00+00:00, run_after=2026-05-05 00:00:00+00:00
[2026-05-04T08:07:48.585+0000] {processor.py:208} INFO - Processing /opt/airflow/dags/main.py took 0.222 seconds
[2026-05-04T08:08:18.807+0000] {processor.py:186} INFO - Started process (PID=2378) to work on /opt/airflow/dags/main.py
[2026-05-04T08:08:18.810+0000] {processor.py:914} INFO - Processing file /opt/airflow/dags/main.py for tasks to queue
[2026-05-04T08:08:18.813+0000] {logging_mixin.py:190} INFO - [2026-05-04T08:08:18.812+0000] {dagbag.py:588} INFO - Filling up the DagBag from /opt/airflow/dags/main.py
[2026-05-04T08:08:19.189+0000] {processor.py:925} INFO - DAG(s) 'kafka_to_s3' retrieved from /opt/airflow/dags/main.py
[2026-05-04T08:08:19.272+0000] {logging_mixin.py:190} INFO - [2026-05-04T08:08:19.271+0000] {dag.py:3239} INFO - Sync 1 DAGs
[2026-05-04T08:08:19.323+0000] {logging_mixin.py:190} INFO - [2026-05-04T08:08:19.323+0000] {dag.py:4180} INFO - Setting next_dagrun for kafka_to_s3 to 2026-05-04 00:00:00+00:00, run_after=2026-05-05 00:00:00+00:00
[2026-05-04T08:08:19.381+0000] {processor.py:208} INFO - Processing /opt/airflow/dags/main.py took 0.585 seconds
[2026-05-04T08:08:49.709+0000] {processor.py:186} INFO - Started process (PID=2385) to work on /opt/airflow/dags/main.py
[2026-05-04T08:08:49.711+0000] {processor.py:914} INFO - Processing file /opt/airflow/dags/main.py for tasks to queue
[2026-05-04T08:08:49.713+0000] {logging_mixin.py:190} INFO - [2026-05-04T08:08:49.712+0000] {dagbag.py:588} INFO - Filling up the DagBag from /opt/airflow/dags/main.py
[2026-05-04T08:08:49.916+0000] {processor.py:925} INFO - DAG(s) 'kafka_to_s3' retrieved from /opt/airflow/dags/main.py
[2026-05-04T08:08:49.957+0000] {logging_mixin.py:190} INFO - [2026-05-04T08:08:49.957+0000] {dag.py:3239} INFO - Sync 1 DAGs
[2026-05-04T08:08:49.990+0000] {logging_mixin.py:190} INFO - [2026-05-04T08:08:49.989+0000] {dag.py:4180} INFO - Setting next_dagrun for kafka_to_s3 to 2026-05-04 00:00:00+00:00, run_after=2026-05-05 00:00:00+00:00
[2026-05-04T08:08:50.013+0000] {processor.py:208} INFO - Processing /opt/airflow/dags/main.py took 0.313 seconds
[2026-05-04T08:09:20.365+0000] {processor.py:186} INFO - Started process (PID=2392) to work on /opt/airflow/dags/main.py
[2026-05-04T08:09:20.368+0000] {processor.py:914} INFO - Processing file /opt/airflow/dags/main.py for tasks to queue
[2026-05-04T08:09:20.372+0000] {logging_mixin.py:190} INFO - [2026-05-04T08:09:20.371+0000] {dagbag.py:588} INFO - Filling up the DagBag from /opt/airflow/dags/main.py
[2026-05-04T08:09:20.625+0000] {processor.py:925} INFO - DAG(s) 'kafka_to_s3' retrieved from /opt/airflow/dags/main.py
[2026-05-04T08:09:20.669+0000] {logging_mixin.py:190} INFO - [2026-05-04T08:09:20.669+0000] {dag.py:3239} INFO - Sync 1 DAGs
[2026-05-04T08:09:20.723+0000] {logging_mixin.py:190} INFO - [2026-05-04T08:09:20.723+0000] {dag.py:4180} INFO - Setting next_dagrun for kafka_to_s3 to 2026-05-04 00:00:00+00:00, run_after=2026-05-05 00:00:00+00:00
[2026-05-04T08:09:20.770+0000] {processor.py:208} INFO - Processing /opt/airflow/dags/main.py took 0.429 seconds
[2026-05-04T08:09:51.120+0000] {processor.py:186} INFO - Started process (PID=2399) to work on /opt/airflow/dags/main.py
[2026-05-04T08:09:51.122+0000] {processor.py:914} INFO - Processing file /opt/airflow/dags/main.py for tasks to queue
[2026-05-04T08:09:51.126+0000] {logging_mixin.py:190} INFO - [2026-05-04T08:09:51.124+0000] {dagbag.py:588} INFO - Filling up the DagBag from /opt/airflow/dags/main.py
[2026-05-04T08:09:51.286+0000] {processor.py:925} INFO - DAG(s) 'kafka_to_s3' retrieved from /opt/airflow/dags/main.py
[2026-05-04T08:09:51.321+0000] {logging_mixin.py:190} INFO - [2026-05-04T08:09:51.321+0000] {dag.py:3239} INFO - Sync 1 DAGs
[2026-05-04T08:09:51.349+0000] {logging_mixin.py:190} INFO - [2026-05-04T08:09:51.349+0000] {dag.py:4180} INFO - Setting next_dagrun for kafka_to_s3 to 2026-05-04 00:00:00+00:00, run_after=2026-05-05 00:00:00+00:00
[2026-05-04T08:09:51.372+0000] {processor.py:208} INFO - Processing /opt/airflow/dags/main.py took 0.260 seconds
[2026-05-04T08:10:21.856+0000] {processor.py:186} INFO - Started process (PID=2406) to work on /opt/airflow/dags/main.py
[2026-05-04T08:10:21.858+0000] {processor.py:914} INFO - Processing file /opt/airflow/dags/main.py for tasks to queue
[2026-05-04T08:10:21.861+0000] {logging_mixin.py:190} INFO - [2026-05-04T08:10:21.860+0000] {dagbag.py:588} INFO - Filling up the DagBag from /opt/airflow/dags/main.py
[2026-05-04T08:10:21.989+0000] {processor.py:925} INFO - DAG(s) 'kafka_to_s3' retrieved from /opt/airflow/dags/main.py
[2026-05-04T08:10:22.018+0000] {logging_mixin.py:190} INFO - [2026-05-04T08:10:22.018+0000] {dag.py:3239} INFO - Sync 1 DAGs
[2026-05-04T08:10:22.049+0000] {logging_mixin.py:190} INFO - [2026-05-04T08:10:22.049+0000] {dag.py:4180} INFO - Setting next_dagrun for kafka_to_s3 to 2026-05-04 00:00:00+00:00, run_after=2026-05-05 00:00:00+00:00
[2026-05-04T08:10:22.078+0000] {processor.py:208} INFO - Processing /opt/airflow/dags/main.py took 0.231 seconds
[2026-05-04T08:10:52.204+0000] {processor.py:186} INFO - Started process (PID=2413) to work on /opt/airflow/dags/main.py
[2026-05-04T08:10:52.205+0000] {processor.py:914} INFO - Processing file /opt/airflow/dags/main.py for tasks to queue
[2026-05-04T08:10:52.208+0000] {logging_mixin.py:190} INFO - [2026-05-04T08:10:52.207+0000] {dagbag.py:588} INFO - Filling up the DagBag from /opt/airflow/dags/main.py
[2026-05-04T08:10:52.378+0000] {processor.py:925} INFO - DAG(s) 'kafka_to_s3' retrieved from /opt/airflow/dags/main.py
[2026-05-04T08:10:52.422+0000] {logging_mixin.py:190} INFO - [2026-05-04T08:10:52.422+0000] {dag.py:3239} INFO - Sync 1 DAGs
[2026-05-04T08:10:52.461+0000] {logging_mixin.py:190} INFO - [2026-05-04T08:10:52.461+0000] {dag.py:4180} INFO - Setting next_dagrun for kafka_to_s3 to 2026-05-04 00:00:00+00:00, run_after=2026-05-05 00:00:00+00:00
[2026-05-04T08:10:52.571+0000] {processor.py:208} INFO - Processing /opt/airflow/dags/main.py took 0.379 seconds
[2026-05-04T08:11:22.762+0000] {processor.py:186} INFO - Started process (PID=2420) to work on /opt/airflow/dags/main.py
[2026-05-04T08:11:22.764+0000] {processor.py:914} INFO - Processing file /opt/airflow/dags/main.py for tasks to queue
[2026-05-04T08:11:22.769+0000] {logging_mixin.py:190} INFO - [2026-05-04T08:11:22.768+0000] {dagbag.py:588} INFO - Filling up the DagBag from /opt/airflow/dags/main.py
[2026-05-04T08:11:22.991+0000] {processor.py:925} INFO - DAG(s) 'kafka_to_s3' retrieved from /opt/airflow/dags/main.py
[2026-05-04T08:11:23.043+0000] {logging_mixin.py:190} INFO - [2026-05-04T08:11:23.043+0000] {dag.py:3239} INFO - Sync 1 DAGs
[2026-05-04T08:11:23.096+0000] {logging_mixin.py:190} INFO - [2026-05-04T08:11:23.096+0000] {dag.py:4180} INFO - Setting next_dagrun for kafka_to_s3 to 2026-05-04 00:00:00+00:00, run_after=2026-05-05 00:00:00+00:00
[2026-05-04T08:11:23.138+0000] {processor.py:208} INFO - Processing /opt/airflow/dags/main.py took 0.396 seconds
[2026-05-04T08:11:53.225+0000] {processor.py:186} INFO - Started process (PID=2427) to work on /opt/airflow/dags/main.py
[2026-05-04T08:11:53.227+0000] {processor.py:914} INFO - Processing file /opt/airflow/dags/main.py for tasks to queue
[2026-05-04T08:11:53.229+0000] {logging_mixin.py:190} INFO - [2026-05-04T08:11:53.228+0000] {dagbag.py:588} INFO - Filling up the DagBag from /opt/airflow/dags/main.py
[2026-05-04T08:11:53.360+0000] {processor.py:925} INFO - DAG(s) 'kafka_to_s3' retrieved from /opt/airflow/dags/main.py
[2026-05-04T08:11:53.438+0000] {logging_mixin.py:190} INFO - [2026-05-04T08:11:53.437+0000] {dag.py:3239} INFO - Sync 1 DAGs
[2026-05-04T08:11:53.486+0000] {logging_mixin.py:190} INFO - [2026-05-04T08:11:53.486+0000] {dag.py:4180} INFO - Setting next_dagrun for kafka_to_s3 to 2026-05-04 00:00:00+00:00, run_after=2026-05-05 00:00:00+00:00
[2026-05-04T08:11:53.524+0000] {processor.py:208} INFO - Processing /opt/airflow/dags/main.py took 0.306 seconds
[2026-05-04T08:12:23.882+0000] {processor.py:186} INFO - Started process (PID=2434) to work on /opt/airflow/dags/main.py
[2026-05-04T08:12:23.885+0000] {processor.py:914} INFO - Processing file /opt/airflow/dags/main.py for tasks to queue
[2026-05-04T08:12:23.887+0000] {logging_mixin.py:190} INFO - [2026-05-04T08:12:23.886+0000] {dagbag.py:588} INFO - Filling up the DagBag from /opt/airflow/dags/main.py
[2026-05-04T08:12:24.023+0000] {processor.py:925} INFO - DAG(s) 'kafka_to_s3' retrieved from /opt/airflow/dags/main.py
[2026-05-04T08:12:24.052+0000] {logging_mixin.py:190} INFO - [2026-05-04T08:12:24.052+0000] {dag.py:3239} INFO - Sync 1 DAGs
[2026-05-04T08:12:24.081+0000] {logging_mixin.py:190} INFO - [2026-05-04T08:12:24.080+0000] {dag.py:4180} INFO - Setting next_dagrun for kafka_to_s3 to 2026-05-04 00:00:00+00:00, run_after=2026-05-05 00:00:00+00:00
[2026-05-04T08:12:24.102+0000] {processor.py:208} INFO - Processing /opt/airflow/dags/main.py took 0.227 seconds
[2026-05-04T08:12:54.320+0000] {processor.py:186} INFO - Started process (PID=2441) to work on /opt/airflow/dags/main.py
[2026-05-04T08:12:54.322+0000] {processor.py:914} INFO - Processing file /opt/airflow/dags/main.py for tasks to queue
[2026-05-04T08:12:54.323+0000] {logging_mixin.py:190} INFO - [2026-05-04T08:12:54.323+0000] {dagbag.py:588} INFO - Filling up the DagBag from /opt/airflow/dags/main.py
[2026-05-04T08:12:54.439+0000] {processor.py:925} INFO - DAG(s) 'kafka_to_s3' retrieved from /opt/airflow/dags/main.py
[2026-05-04T08:12:54.471+0000] {logging_mixin.py:190} INFO - [2026-05-04T08:12:54.471+0000] {dag.py:3239} INFO - Sync 1 DAGs
[2026-05-04T08:12:54.498+0000] {logging_mixin.py:190} INFO - [2026-05-04T08:12:54.498+0000] {dag.py:4180} INFO - Setting next_dagrun for kafka_to_s3 to 2026-05-04 00:00:00+00:00, run_after=2026-05-05 00:00:00+00:00
[2026-05-04T08:12:54.527+0000] {processor.py:208} INFO - Processing /opt/airflow/dags/main.py took 0.215 seconds
[2026-05-04T08:13:24.772+0000] {processor.py:186} INFO - Started process (PID=2448) to work on /opt/airflow/dags/main.py
[2026-05-04T08:13:24.775+0000] {processor.py:914} INFO - Processing file /opt/airflow/dags/main.py for tasks to queue
[2026-05-04T08:13:24.779+0000] {logging_mixin.py:190} INFO - [2026-05-04T08:13:24.778+0000] {dagbag.py:588} INFO - Filling up the DagBag from /opt/airflow/dags/main.py
[2026-05-04T08:13:24.991+0000] {processor.py:925} INFO - DAG(s) 'kafka_to_s3' retrieved from /opt/airflow/dags/main.py
[2026-05-04T08:13:25.030+0000] {logging_mixin.py:190} INFO - [2026-05-04T08:13:25.030+0000] {dag.py:3239} INFO - Sync 1 DAGs
[2026-05-04T08:13:25.060+0000] {logging_mixin.py:190} INFO - [2026-05-04T08:13:25.060+0000] {dag.py:4180} INFO - Setting next_dagrun for kafka_to_s3 to 2026-05-04 00:00:00+00:00, run_after=2026-05-05 00:00:00+00:00
[2026-05-04T08:13:25.093+0000] {processor.py:208} INFO - Processing /opt/airflow/dags/main.py took 0.338 seconds
[2026-05-04T08:13:55.236+0000] {processor.py:186} INFO - Started process (PID=2455) to work on /opt/airflow/dags/main.py
[2026-05-04T08:13:55.237+0000] {processor.py:914} INFO - Processing file /opt/airflow/dags/main.py for tasks to queue
[2026-05-04T08:13:55.239+0000] {logging_mixin.py:190} INFO - [2026-05-04T08:13:55.238+0000] {dagbag.py:588} INFO - Filling up the DagBag from /opt/airflow/dags/main.py
[2026-05-04T08:13:55.359+0000] {processor.py:925} INFO - DAG(s) 'kafka_to_s3' retrieved from /opt/airflow/dags/main.py
[2026-05-04T08:13:55.389+0000] {logging_mixin.py:190} INFO - [2026-05-04T08:13:55.389+0000] {dag.py:3239} INFO - Sync 1 DAGs
[2026-05-04T08:13:55.417+0000] {logging_mixin.py:190} INFO - [2026-05-04T08:13:55.416+0000] {dag.py:4180} INFO - Setting next_dagrun for kafka_to_s3 to 2026-05-04 00:00:00+00:00, run_after=2026-05-05 00:00:00+00:00
[2026-05-04T08:13:55.445+0000] {processor.py:208} INFO - Processing /opt/airflow/dags/main.py took 0.217 seconds
[2026-05-04T08:14:25.599+0000] {processor.py:186} INFO - Started process (PID=2462) to work on /opt/airflow/dags/main.py
[2026-05-04T08:14:25.601+0000] {processor.py:914} INFO - Processing file /opt/airflow/dags/main.py for tasks to queue
[2026-05-04T08:14:25.604+0000] {logging_mixin.py:190} INFO - [2026-05-04T08:14:25.603+0000] {dagbag.py:588} INFO - Filling up the DagBag from /opt/airflow/dags/main.py
[2026-05-04T08:14:25.758+0000] {processor.py:925} INFO - DAG(s) 'kafka_to_s3' retrieved from /opt/airflow/dags/main.py
[2026-05-04T08:14:25.791+0000] {logging_mixin.py:190} INFO - [2026-05-04T08:14:25.791+0000] {dag.py:3239} INFO - Sync 1 DAGs
[2026-05-04T08:14:25.822+0000] {logging_mixin.py:190} INFO - [2026-05-04T08:14:25.822+0000] {dag.py:4180} INFO - Setting next_dagrun for kafka_to_s3 to 2026-05-04 00:00:00+00:00, run_after=2026-05-05 00:00:00+00:00
[2026-05-04T08:14:25.846+0000] {processor.py:208} INFO - Processing /opt/airflow/dags/main.py took 0.255 seconds
[2026-05-04T08:14:56.235+0000] {processor.py:186} INFO - Started process (PID=2469) to work on /opt/airflow/dags/main.py
[2026-05-04T08:14:56.236+0000] {processor.py:914} INFO - Processing file /opt/airflow/dags/main.py for tasks to queue
[2026-05-04T08:14:56.238+0000] {logging_mixin.py:190} INFO - [2026-05-04T08:14:56.238+0000] {dagbag.py:588} INFO - Filling up the DagBag from /opt/airflow/dags/main.py
[2026-05-04T08:14:56.355+0000] {processor.py:925} INFO - DAG(s) 'kafka_to_s3' retrieved from /opt/airflow/dags/main.py
[2026-05-04T08:14:56.383+0000] {logging_mixin.py:190} INFO - [2026-05-04T08:14:56.382+0000] {dag.py:3239} INFO - Sync 1 DAGs
[2026-05-04T08:14:56.413+0000] {logging_mixin.py:190} INFO - [2026-05-04T08:14:56.412+0000] {dag.py:4180} INFO - Setting next_dagrun for kafka_to_s3 to 2026-05-04 00:00:00+00:00, run_after=2026-05-05 00:00:00+00:00
[2026-05-04T08:14:56.436+0000] {processor.py:208} INFO - Processing /opt/airflow/dags/main.py took 0.209 seconds
[2026-05-04T08:15:26.527+0000] {processor.py:186} INFO - Started process (PID=2476) to work on /opt/airflow/dags/main.py
[2026-05-04T08:15:26.529+0000] {processor.py:914} INFO - Processing file /opt/airflow/dags/main.py for tasks to queue
[2026-05-04T08:15:26.531+0000] {logging_mixin.py:190} INFO - [2026-05-04T08:15:26.531+0000] {dagbag.py:588} INFO - Filling up the DagBag from /opt/airflow/dags/main.py
[2026-05-04T08:15:26.707+0000] {processor.py:925} INFO - DAG(s) 'kafka_to_s3' retrieved from /opt/airflow/dags/main.py
[2026-05-04T08:15:26.744+0000] {logging_mixin.py:190} INFO - [2026-05-04T08:15:26.744+0000] {dag.py:3239} INFO - Sync 1 DAGs
[2026-05-04T08:15:26.779+0000] {logging_mixin.py:190} INFO - [2026-05-04T08:15:26.779+0000] {dag.py:4180} INFO - Setting next_dagrun for kafka_to_s3 to 2026-05-04 00:00:00+00:00, run_after=2026-05-05 00:00:00+00:00
[2026-05-04T08:15:26.806+0000] {processor.py:208} INFO - Processing /opt/airflow/dags/main.py took 0.291 seconds
[2026-05-04T08:15:57.019+0000] {processor.py:186} INFO - Started process (PID=2483) to work on /opt/airflow/dags/main.py
[2026-05-04T08:15:57.021+0000] {processor.py:914} INFO - Processing file /opt/airflow/dags/main.py for tasks to queue
[2026-05-04T08:15:57.023+0000] {logging_mixin.py:190} INFO - [2026-05-04T08:15:57.022+0000] {dagbag.py:588} INFO - Filling up the DagBag from /opt/airflow/dags/main.py
[2026-05-04T08:15:57.183+0000] {processor.py:925} INFO - DAG(s) 'kafka_to_s3' retrieved from /opt/airflow/dags/main.py
[2026-05-04T08:15:57.213+0000] {logging_mixin.py:190} INFO - [2026-05-04T08:15:57.213+0000] {dag.py:3239} INFO - Sync 1 DAGs
[2026-05-04T08:15:57.245+0000] {logging_mixin.py:190} INFO - [2026-05-04T08:15:57.244+0000] {dag.py:4180} INFO - Setting next_dagrun for kafka_to_s3 to 2026-05-04 00:00:00+00:00, run_after=2026-05-05 00:00:00+00:00
[2026-05-04T08:15:57.269+0000] {processor.py:208} INFO - Processing /opt/airflow/dags/main.py took 0.260 seconds
[2026-05-04T08:16:27.572+0000] {processor.py:186} INFO - Started process (PID=2490) to work on /opt/airflow/dags/main.py
[2026-05-04T08:16:27.574+0000] {processor.py:914} INFO - Processing file /opt/airflow/dags/main.py for tasks to queue
[2026-05-04T08:16:27.577+0000] {logging_mixin.py:190} INFO - [2026-05-04T08:16:27.576+0000] {dagbag.py:588} INFO - Filling up the DagBag from /opt/airflow/dags/main.py
[2026-05-04T08:16:27.764+0000] {processor.py:925} INFO - DAG(s) 'kafka_to_s3' retrieved from /opt/airflow/dags/main.py
[2026-05-04T08:16:27.792+0000] {logging_mixin.py:190} INFO - [2026-05-04T08:16:27.792+0000] {dag.py:3239} INFO - Sync 1 DAGs
[2026-05-04T08:16:27.817+0000] {logging_mixin.py:190} INFO - [2026-05-04T08:16:27.817+0000] {dag.py:4180} INFO - Setting next_dagrun for kafka_to_s3 to 2026-05-04 00:00:00+00:00, run_after=2026-05-05 00:00:00+00:00
[2026-05-04T08:16:27.839+0000] {processor.py:208} INFO - Processing /opt/airflow/dags/main.py took 0.276 seconds
[2026-05-04T08:16:57.918+0000] {processor.py:186} INFO - Started process (PID=2497) to work on /opt/airflow/dags/main.py
[2026-05-04T08:16:57.922+0000] {processor.py:914} INFO - Processing file /opt/airflow/dags/main.py for tasks to queue
[2026-05-04T08:16:57.927+0000] {logging_mixin.py:190} INFO - [2026-05-04T08:16:57.927+0000] {dagbag.py:588} INFO - Filling up the DagBag from /opt/airflow/dags/main.py
[2026-05-04T08:16:58.118+0000] {processor.py:925} INFO - DAG(s) 'kafka_to_s3' retrieved from /opt/airflow/dags/main.py
[2026-05-04T08:16:58.168+0000] {logging_mixin.py:190} INFO - [2026-05-04T08:16:58.168+0000] {dag.py:3239} INFO - Sync 1 DAGs
[2026-05-04T08:16:58.208+0000] {logging_mixin.py:190} INFO - [2026-05-04T08:16:58.208+0000] {dag.py:4180} INFO - Setting next_dagrun for kafka_to_s3 to 2026-05-04 00:00:00+00:00, run_after=2026-05-05 00:00:00+00:00
[2026-05-04T08:16:58.235+0000] {processor.py:208} INFO - Processing /opt/airflow/dags/main.py took 0.325 seconds
[2026-05-04T08:17:28.549+0000] {processor.py:186} INFO - Started process (PID=2504) to work on /opt/airflow/dags/main.py
[2026-05-04T08:17:28.550+0000] {processor.py:914} INFO - Processing file /opt/airflow/dags/main.py for tasks to queue
[2026-05-04T08:17:28.552+0000] {logging_mixin.py:190} INFO - [2026-05-04T08:17:28.551+0000] {dagbag.py:588} INFO - Filling up the DagBag from /opt/airflow/dags/main.py
[2026-05-04T08:17:28.676+0000] {processor.py:925} INFO - DAG(s) 'kafka_to_s3' retrieved from /opt/airflow/dags/main.py
[2026-05-04T08:17:28.709+0000] {logging_mixin.py:190} INFO - [2026-05-04T08:17:28.708+0000] {dag.py:3239} INFO - Sync 1 DAGs
[2026-05-04T08:17:28.740+0000] {logging_mixin.py:190} INFO - [2026-05-04T08:17:28.740+0000] {dag.py:4180} INFO - Setting next_dagrun for kafka_to_s3 to 2026-05-04 00:00:00+00:00, run_after=2026-05-05 00:00:00+00:00
[2026-05-04T08:17:28.763+0000] {processor.py:208} INFO - Processing /opt/airflow/dags/main.py took 0.221 seconds
[2026-05-04T08:17:58.976+0000] {processor.py:186} INFO - Started process (PID=2511) to work on /opt/airflow/dags/main.py
[2026-05-04T08:17:58.978+0000] {processor.py:914} INFO - Processing file /opt/airflow/dags/main.py for tasks to queue
[2026-05-04T08:17:58.980+0000] {logging_mixin.py:190} INFO - [2026-05-04T08:17:58.979+0000] {dagbag.py:588} INFO - Filling up the DagBag from /opt/airflow/dags/main.py
[2026-05-04T08:17:59.123+0000] {processor.py:925} INFO - DAG(s) 'kafka_to_s3' retrieved from /opt/airflow/dags/main.py
[2026-05-04T08:17:59.154+0000] {logging_mixin.py:190} INFO - [2026-05-04T08:17:59.154+0000] {dag.py:3239} INFO - Sync 1 DAGs
[2026-05-04T08:17:59.186+0000] {logging_mixin.py:190} INFO - [2026-05-04T08:17:59.186+0000] {dag.py:4180} INFO - Setting next_dagrun for kafka_to_s3 to 2026-05-04 00:00:00+00:00, run_after=2026-05-05 00:00:00+00:00
[2026-05-04T08:17:59.212+0000] {processor.py:208} INFO - Processing /opt/airflow/dags/main.py took 0.245 seconds
[2026-05-04T08:18:29.541+0000] {processor.py:186} INFO - Started process (PID=2518) to work on /opt/airflow/dags/main.py
[2026-05-04T08:18:29.543+0000] {processor.py:914} INFO - Processing file /opt/airflow/dags/main.py for tasks to queue
[2026-05-04T08:18:29.545+0000] {logging_mixin.py:190} INFO - [2026-05-04T08:18:29.544+0000] {dagbag.py:588} INFO - Filling up the DagBag from /opt/airflow/dags/main.py
[2026-05-04T08:18:29.814+0000] {processor.py:925} INFO - DAG(s) 'kafka_to_s3' retrieved from /opt/airflow/dags/main.py
[2026-05-04T08:18:29.862+0000] {logging_mixin.py:190} INFO - [2026-05-04T08:18:29.862+0000] {dag.py:3239} INFO - Sync 1 DAGs
[2026-05-04T08:18:29.900+0000] {logging_mixin.py:190} INFO - [2026-05-04T08:18:29.899+0000] {dag.py:4180} INFO - Setting next_dagrun for kafka_to_s3 to 2026-05-04 00:00:00+00:00, run_after=2026-05-05 00:00:00+00:00
[2026-05-04T08:18:29.925+0000] {processor.py:208} INFO - Processing /opt/airflow/dags/main.py took 0.402 seconds
[2026-05-04T08:19:00.330+0000] {processor.py:186} INFO - Started process (PID=2525) to work on /opt/airflow/dags/main.py
[2026-05-04T08:19:00.331+0000] {processor.py:914} INFO - Processing file /opt/airflow/dags/main.py for tasks to queue
[2026-05-04T08:19:00.334+0000] {logging_mixin.py:190} INFO - [2026-05-04T08:19:00.334+0000] {dagbag.py:588} INFO - Filling up the DagBag from /opt/airflow/dags/main.py
[2026-05-04T08:19:00.465+0000] {processor.py:925} INFO - DAG(s) 'kafka_to_s3' retrieved from /opt/airflow/dags/main.py
[2026-05-04T08:19:00.494+0000] {logging_mixin.py:190} INFO - [2026-05-04T08:19:00.494+0000] {dag.py:3239} INFO - Sync 1 DAGs
[2026-05-04T08:19:00.523+0000] {logging_mixin.py:190} INFO - [2026-05-04T08:19:00.523+0000] {dag.py:4180} INFO - Setting next_dagrun for kafka_to_s3 to 2026-05-04 00:00:00+00:00, run_after=2026-05-05 00:00:00+00:00
[2026-05-04T08:19:00.547+0000] {processor.py:208} INFO - Processing /opt/airflow/dags/main.py took 0.225 seconds
[2026-05-04T08:19:30.737+0000] {processor.py:186} INFO - Started process (PID=2532) to work on /opt/airflow/dags/main.py
[2026-05-04T08:19:30.740+0000] {processor.py:914} INFO - Processing file /opt/airflow/dags/main.py for tasks to queue
[2026-05-04T08:19:30.742+0000] {logging_mixin.py:190} INFO - [2026-05-04T08:19:30.742+0000] {dagbag.py:588} INFO - Filling up the DagBag from /opt/airflow/dags/main.py
[2026-05-04T08:19:30.859+0000] {processor.py:925} INFO - DAG(s) 'kafka_to_s3' retrieved from /opt/airflow/dags/main.py
[2026-05-04T08:19:30.888+0000] {logging_mixin.py:190} INFO - [2026-05-04T08:19:30.887+0000] {dag.py:3239} INFO - Sync 1 DAGs
[2026-05-04T08:19:30.915+0000] {logging_mixin.py:190} INFO - [2026-05-04T08:19:30.915+0000] {dag.py:4180} INFO - Setting next_dagrun for kafka_to_s3 to 2026-05-04 00:00:00+00:00, run_after=2026-05-05 00:00:00+00:00
[2026-05-04T08:19:30.936+0000] {processor.py:208} INFO - Processing /opt/airflow/dags/main.py took 0.208 seconds
[2026-05-04T08:20:01.393+0000] {processor.py:186} INFO - Started process (PID=2539) to work on /opt/airflow/dags/main.py
[2026-05-04T08:20:01.394+0000] {processor.py:914} INFO - Processing file /opt/airflow/dags/main.py for tasks to queue
[2026-05-04T08:20:01.396+0000] {logging_mixin.py:190} INFO - [2026-05-04T08:20:01.396+0000] {dagbag.py:588} INFO - Filling up the DagBag from /opt/airflow/dags/main.py
[2026-05-04T08:20:01.550+0000] {processor.py:925} INFO - DAG(s) 'kafka_to_s3' retrieved from /opt/airflow/dags/main.py
[2026-05-04T08:20:01.585+0000] {logging_mixin.py:190} INFO - [2026-05-04T08:20:01.585+0000] {dag.py:3239} INFO - Sync 1 DAGs
[2026-05-04T08:20:01.621+0000] {logging_mixin.py:190} INFO - [2026-05-04T08:20:01.621+0000] {dag.py:4180} INFO - Setting next_dagrun for kafka_to_s3 to 2026-05-04 00:00:00+00:00, run_after=2026-05-05 00:00:00+00:00
[2026-05-04T08:20:01.651+0000] {processor.py:208} INFO - Processing /opt/airflow/dags/main.py took 0.268 seconds
[2026-05-04T08:20:31.928+0000] {processor.py:186} INFO - Started process (PID=2547) to work on /opt/airflow/dags/main.py
[2026-05-04T08:20:31.930+0000] {processor.py:914} INFO - Processing file /opt/airflow/dags/main.py for tasks to queue
[2026-05-04T08:20:31.933+0000] {logging_mixin.py:190} INFO - [2026-05-04T08:20:31.932+0000] {dagbag.py:588} INFO - Filling up the DagBag from /opt/airflow/dags/main.py
[2026-05-04T08:20:32.112+0000] {processor.py:925} INFO - DAG(s) 'kafka_to_s3' retrieved from /opt/airflow/dags/main.py
[2026-05-04T08:20:32.141+0000] {logging_mixin.py:190} INFO - [2026-05-04T08:20:32.141+0000] {dag.py:3239} INFO - Sync 1 DAGs
[2026-05-04T08:20:32.170+0000] {logging_mixin.py:190} INFO - [2026-05-04T08:20:32.170+0000] {dag.py:4180} INFO - Setting next_dagrun for kafka_to_s3 to 2026-05-04 00:00:00+00:00, run_after=2026-05-05 00:00:00+00:00
[2026-05-04T08:20:32.197+0000] {processor.py:208} INFO - Processing /opt/airflow/dags/main.py took 0.283 seconds
[2026-05-04T08:21:02.542+0000] {processor.py:186} INFO - Started process (PID=2554) to work on /opt/airflow/dags/main.py
[2026-05-04T08:21:02.544+0000] {processor.py:914} INFO - Processing file /opt/airflow/dags/main.py for tasks to queue
[2026-05-04T08:21:02.546+0000] {logging_mixin.py:190} INFO - [2026-05-04T08:21:02.545+0000] {dagbag.py:588} INFO - Filling up the DagBag from /opt/airflow/dags/main.py
[2026-05-04T08:21:02.727+0000] {processor.py:925} INFO - DAG(s) 'kafka_to_s3' retrieved from /opt/airflow/dags/main.py
[2026-05-04T08:21:02.774+0000] {logging_mixin.py:190} INFO - [2026-05-04T08:21:02.774+0000] {dag.py:3239} INFO - Sync 1 DAGs
[2026-05-04T08:21:02.822+0000] {logging_mixin.py:190} INFO - [2026-05-04T08:21:02.822+0000] {dag.py:4180} INFO - Setting next_dagrun for kafka_to_s3 to 2026-05-04 00:00:00+00:00, run_after=2026-05-05 00:00:00+00:00
[2026-05-04T08:21:02.855+0000] {processor.py:208} INFO - Processing /opt/airflow/dags/main.py took 0.322 seconds
[2026-05-04T08:21:32.966+0000] {processor.py:186} INFO - Started process (PID=2561) to work on /opt/airflow/dags/main.py
[2026-05-04T08:21:32.967+0000] {processor.py:914} INFO - Processing file /opt/airflow/dags/main.py for tasks to queue
[2026-05-04T08:21:32.969+0000] {logging_mixin.py:190} INFO - [2026-05-04T08:21:32.968+0000] {dagbag.py:588} INFO - Filling up the DagBag from /opt/airflow/dags/main.py
[2026-05-04T08:21:33.126+0000] {processor.py:925} INFO - DAG(s) 'kafka_to_s3' retrieved from /opt/airflow/dags/main.py
[2026-05-04T08:21:33.168+0000] {logging_mixin.py:190} INFO - [2026-05-04T08:21:33.168+0000] {dag.py:3239} INFO - Sync 1 DAGs
[2026-05-04T08:21:33.203+0000] {logging_mixin.py:190} INFO - [2026-05-04T08:21:33.203+0000] {dag.py:4180} INFO - Setting next_dagrun for kafka_to_s3 to 2026-05-04 00:00:00+00:00, run_after=2026-05-05 00:00:00+00:00
[2026-05-04T08:21:33.231+0000] {processor.py:208} INFO - Processing /opt/airflow/dags/main.py took 0.274 seconds
[2026-05-04T08:22:03.352+0000] {processor.py:186} INFO - Started process (PID=2568) to work on /opt/airflow/dags/main.py
[2026-05-04T08:22:03.354+0000] {processor.py:914} INFO - Processing file /opt/airflow/dags/main.py for tasks to queue
[2026-05-04T08:22:03.357+0000] {logging_mixin.py:190} INFO - [2026-05-04T08:22:03.356+0000] {dagbag.py:588} INFO - Filling up the DagBag from /opt/airflow/dags/main.py
[2026-05-04T08:22:03.556+0000] {processor.py:925} INFO - DAG(s) 'kafka_to_s3' retrieved from /opt/airflow/dags/main.py
[2026-05-04T08:22:03.609+0000] {logging_mixin.py:190} INFO - [2026-05-04T08:22:03.608+0000] {dag.py:3239} INFO - Sync 1 DAGs
[2026-05-04T08:22:03.668+0000] {logging_mixin.py:190} INFO - [2026-05-04T08:22:03.668+0000] {dag.py:4180} INFO - Setting next_dagrun for kafka_to_s3 to 2026-05-04 00:00:00+00:00, run_after=2026-05-05 00:00:00+00:00
[2026-05-04T08:22:03.704+0000] {processor.py:208} INFO - Processing /opt/airflow/dags/main.py took 0.365 seconds
[2026-05-04T08:22:33.920+0000] {processor.py:186} INFO - Started process (PID=2575) to work on /opt/airflow/dags/main.py
[2026-05-04T08:22:33.922+0000] {processor.py:914} INFO - Processing file /opt/airflow/dags/main.py for tasks to queue
[2026-05-04T08:22:33.924+0000] {logging_mixin.py:190} INFO - [2026-05-04T08:22:33.924+0000] {dagbag.py:588} INFO - Filling up the DagBag from /opt/airflow/dags/main.py
[2026-05-04T08:22:34.051+0000] {processor.py:925} INFO - DAG(s) 'kafka_to_s3' retrieved from /opt/airflow/dags/main.py
[2026-05-04T08:22:34.084+0000] {logging_mixin.py:190} INFO - [2026-05-04T08:22:34.084+0000] {dag.py:3239} INFO - Sync 1 DAGs
[2026-05-04T08:22:34.117+0000] {logging_mixin.py:190} INFO - [2026-05-04T08:22:34.117+0000] {dag.py:4180} INFO - Setting next_dagrun for kafka_to_s3 to 2026-05-04 00:00:00+00:00, run_after=2026-05-05 00:00:00+00:00
[2026-05-04T08:22:34.139+0000] {processor.py:208} INFO - Processing /opt/airflow/dags/main.py took 0.228 seconds
[2026-05-04T08:23:04.387+0000] {processor.py:186} INFO - Started process (PID=2582) to work on /opt/airflow/dags/main.py
[2026-05-04T08:23:04.388+0000] {processor.py:914} INFO - Processing file /opt/airflow/dags/main.py for tasks to queue
[2026-05-04T08:23:04.390+0000] {logging_mixin.py:190} INFO - [2026-05-04T08:23:04.390+0000] {dagbag.py:588} INFO - Filling up the DagBag from /opt/airflow/dags/main.py
[2026-05-04T08:23:04.508+0000] {processor.py:925} INFO - DAG(s) 'kafka_to_s3' retrieved from /opt/airflow/dags/main.py
[2026-05-04T08:23:04.536+0000] {logging_mixin.py:190} INFO - [2026-05-04T08:23:04.536+0000] {dag.py:3239} INFO - Sync 1 DAGs
[2026-05-04T08:23:04.563+0000] {logging_mixin.py:190} INFO - [2026-05-04T08:23:04.563+0000] {dag.py:4180} INFO - Setting next_dagrun for kafka_to_s3 to 2026-05-04 00:00:00+00:00, run_after=2026-05-05 00:00:00+00:00
[2026-05-04T08:23:04.585+0000] {processor.py:208} INFO - Processing /opt/airflow/dags/main.py took 0.205 seconds
[2026-05-04T08:23:34.933+0000] {processor.py:186} INFO - Started process (PID=2589) to work on /opt/airflow/dags/main.py
[2026-05-04T08:23:34.934+0000] {processor.py:914} INFO - Processing file /opt/airflow/dags/main.py for tasks to queue
[2026-05-04T08:23:34.936+0000] {logging_mixin.py:190} INFO - [2026-05-04T08:23:34.935+0000] {dagbag.py:588} INFO - Filling up the DagBag from /opt/airflow/dags/main.py
[2026-05-04T08:23:35.120+0000] {processor.py:925} INFO - DAG(s) 'kafka_to_s3' retrieved from /opt/airflow/dags/main.py
[2026-05-04T08:23:35.163+0000] {logging_mixin.py:190} INFO - [2026-05-04T08:23:35.162+0000] {dag.py:3239} INFO - Sync 1 DAGs
[2026-05-04T08:23:35.230+0000] {logging_mixin.py:190} INFO - [2026-05-04T08:23:35.230+0000] {dag.py:4180} INFO - Setting next_dagrun for kafka_to_s3 to 2026-05-04 00:00:00+00:00, run_after=2026-05-05 00:00:00+00:00
[2026-05-04T08:23:35.263+0000] {processor.py:208} INFO - Processing /opt/airflow/dags/main.py took 0.337 seconds
[2026-05-04T08:24:05.331+0000] {processor.py:186} INFO - Started process (PID=2596) to work on /opt/airflow/dags/main.py
[2026-05-04T08:24:05.333+0000] {processor.py:914} INFO - Processing file /opt/airflow/dags/main.py for tasks to queue
[2026-05-04T08:24:05.336+0000] {logging_mixin.py:190} INFO - [2026-05-04T08:24:05.335+0000] {dagbag.py:588} INFO - Filling up the DagBag from /opt/airflow/dags/main.py
[2026-05-04T08:24:05.474+0000] {processor.py:925} INFO - DAG(s) 'kafka_to_s3' retrieved from /opt/airflow/dags/main.py
[2026-05-04T08:24:05.502+0000] {logging_mixin.py:190} INFO - [2026-05-04T08:24:05.502+0000] {dag.py:3239} INFO - Sync 1 DAGs
[2026-05-04T08:24:05.536+0000] {logging_mixin.py:190} INFO - [2026-05-04T08:24:05.536+0000] {dag.py:4180} INFO - Setting next_dagrun for kafka_to_s3 to 2026-05-04 00:00:00+00:00, run_after=2026-05-05 00:00:00+00:00
[2026-05-04T08:24:05.562+0000] {processor.py:208} INFO - Processing /opt/airflow/dags/main.py took 0.243 seconds
[2026-05-04T08:24:35.672+0000] {processor.py:186} INFO - Started process (PID=2603) to work on /opt/airflow/dags/main.py
[2026-05-04T08:24:35.674+0000] {processor.py:914} INFO - Processing file /opt/airflow/dags/main.py for tasks to queue
[2026-05-04T08:24:35.675+0000] {logging_mixin.py:190} INFO - [2026-05-04T08:24:35.675+0000] {dagbag.py:588} INFO - Filling up the DagBag from /opt/airflow/dags/main.py
[2026-05-04T08:24:35.803+0000] {processor.py:925} INFO - DAG(s) 'kafka_to_s3' retrieved from /opt/airflow/dags/main.py
[2026-05-04T08:24:35.834+0000] {logging_mixin.py:190} INFO - [2026-05-04T08:24:35.834+0000] {dag.py:3239} INFO - Sync 1 DAGs
[2026-05-04T08:24:35.862+0000] {logging_mixin.py:190} INFO - [2026-05-04T08:24:35.862+0000] {dag.py:4180} INFO - Setting next_dagrun for kafka_to_s3 to 2026-05-04 00:00:00+00:00, run_after=2026-05-05 00:00:00+00:00
[2026-05-04T08:24:35.887+0000] {processor.py:208} INFO - Processing /opt/airflow/dags/main.py took 0.223 seconds
[2026-05-04T08:25:06.059+0000] {processor.py:186} INFO - Started process (PID=2610) to work on /opt/airflow/dags/main.py
[2026-05-04T08:25:06.061+0000] {processor.py:914} INFO - Processing file /opt/airflow/dags/main.py for tasks to queue
[2026-05-04T08:25:06.063+0000] {logging_mixin.py:190} INFO - [2026-05-04T08:25:06.062+0000] {dagbag.py:588} INFO - Filling up the DagBag from /opt/airflow/dags/main.py
[2026-05-04T08:25:06.219+0000] {processor.py:925} INFO - DAG(s) 'kafka_to_s3' retrieved from /opt/airflow/dags/main.py
[2026-05-04T08:25:06.259+0000] {logging_mixin.py:190} INFO - [2026-05-04T08:25:06.259+0000] {dag.py:3239} INFO - Sync 1 DAGs
[2026-05-04T08:25:06.293+0000] {logging_mixin.py:190} INFO - [2026-05-04T08:25:06.293+0000] {dag.py:4180} INFO - Setting next_dagrun for kafka_to_s3 to 2026-05-04 00:00:00+00:00, run_after=2026-05-05 00:00:00+00:00
[2026-05-04T08:25:06.322+0000] {processor.py:208} INFO - Processing /opt/airflow/dags/main.py took 0.272 seconds
[2026-05-04T08:25:36.405+0000] {processor.py:186} INFO - Started process (PID=2617) to work on /opt/airflow/dags/main.py
[2026-05-04T08:25:36.406+0000] {processor.py:914} INFO - Processing file /opt/airflow/dags/main.py for tasks to queue
[2026-05-04T08:25:36.408+0000] {logging_mixin.py:190} INFO - [2026-05-04T08:25:36.407+0000] {dagbag.py:588} INFO - Filling up the DagBag from /opt/airflow/dags/main.py
[2026-05-04T08:25:36.567+0000] {processor.py:925} INFO - DAG(s) 'kafka_to_s3' retrieved from /opt/airflow/dags/main.py
[2026-05-04T08:25:36.599+0000] {logging_mixin.py:190} INFO - [2026-05-04T08:25:36.599+0000] {dag.py:3239} INFO - Sync 1 DAGs
[2026-05-04T08:25:36.630+0000] {logging_mixin.py:190} INFO - [2026-05-04T08:25:36.630+0000] {dag.py:4180} INFO - Setting next_dagrun for kafka_to_s3 to 2026-05-04 00:00:00+00:00, run_after=2026-05-05 00:00:00+00:00
[2026-05-04T08:25:36.654+0000] {processor.py:208} INFO - Processing /opt/airflow/dags/main.py took 0.256 seconds
[2026-05-04T08:26:06.870+0000] {processor.py:186} INFO - Started process (PID=2624) to work on /opt/airflow/dags/main.py
[2026-05-04T08:26:06.872+0000] {processor.py:914} INFO - Processing file /opt/airflow/dags/main.py for tasks to queue
[2026-05-04T08:26:06.875+0000] {logging_mixin.py:190} INFO - [2026-05-04T08:26:06.874+0000] {dagbag.py:588} INFO - Filling up the DagBag from /opt/airflow/dags/main.py
[2026-05-04T08:26:07.030+0000] {processor.py:925} INFO - DAG(s) 'kafka_to_s3' retrieved from /opt/airflow/dags/main.py
[2026-05-04T08:26:07.067+0000] {logging_mixin.py:190} INFO - [2026-05-04T08:26:07.067+0000] {dag.py:3239} INFO - Sync 1 DAGs
[2026-05-04T08:26:07.109+0000] {logging_mixin.py:190} INFO - [2026-05-04T08:26:07.108+0000] {dag.py:4180} INFO - Setting next_dagrun for kafka_to_s3 to 2026-05-04 00:00:00+00:00, run_after=2026-05-05 00:00:00+00:00
[2026-05-04T08:26:07.138+0000] {processor.py:208} INFO - Processing /opt/airflow/dags/main.py took 0.275 seconds
[2026-05-04T08:26:37.408+0000] {processor.py:186} INFO - Started process (PID=2632) to work on /opt/airflow/dags/main.py
[2026-05-04T08:26:37.410+0000] {processor.py:914} INFO - Processing file /opt/airflow/dags/main.py for tasks to queue
[2026-05-04T08:26:37.412+0000] {logging_mixin.py:190} INFO - [2026-05-04T08:26:37.411+0000] {dagbag.py:588} INFO - Filling up the DagBag from /opt/airflow/dags/main.py
[2026-05-04T08:26:37.610+0000] {processor.py:925} INFO - DAG(s) 'kafka_to_s3' retrieved from /opt/airflow/dags/main.py
[2026-05-04T08:26:37.665+0000] {logging_mixin.py:190} INFO - [2026-05-04T08:26:37.665+0000] {dag.py:3239} INFO - Sync 1 DAGs
[2026-05-04T08:26:37.703+0000] {logging_mixin.py:190} INFO - [2026-05-04T08:26:37.703+0000] {dag.py:4180} INFO - Setting next_dagrun for kafka_to_s3 to 2026-05-04 00:00:00+00:00, run_after=2026-05-05 00:00:00+00:00
[2026-05-04T08:26:37.725+0000] {processor.py:208} INFO - Processing /opt/airflow/dags/main.py took 0.327 seconds
[2026-05-04T08:27:07.913+0000] {processor.py:186} INFO - Started process (PID=2638) to work on /opt/airflow/dags/main.py
[2026-05-04T08:27:07.915+0000] {processor.py:914} INFO - Processing file /opt/airflow/dags/main.py for tasks to queue
[2026-05-04T08:27:07.919+0000] {logging_mixin.py:190} INFO - [2026-05-04T08:27:07.918+0000] {dagbag.py:588} INFO - Filling up the DagBag from /opt/airflow/dags/main.py
[2026-05-04T08:27:08.091+0000] {processor.py:925} INFO - DAG(s) 'kafka_to_s3' retrieved from /opt/airflow/dags/main.py
[2026-05-04T08:27:08.132+0000] {logging_mixin.py:190} INFO - [2026-05-04T08:27:08.131+0000] {dag.py:3239} INFO - Sync 1 DAGs
[2026-05-04T08:27:08.172+0000] {logging_mixin.py:190} INFO - [2026-05-04T08:27:08.171+0000] {dag.py:4180} INFO - Setting next_dagrun for kafka_to_s3 to 2026-05-04 00:00:00+00:00, run_after=2026-05-05 00:00:00+00:00
[2026-05-04T08:27:08.203+0000] {processor.py:208} INFO - Processing /opt/airflow/dags/main.py took 0.303 seconds
[2026-05-04T08:27:38.361+0000] {processor.py:186} INFO - Started process (PID=2644) to work on /opt/airflow/dags/main.py
[2026-05-04T08:27:38.363+0000] {processor.py:914} INFO - Processing file /opt/airflow/dags/main.py for tasks to queue
[2026-05-04T08:27:38.368+0000] {logging_mixin.py:190} INFO - [2026-05-04T08:27:38.367+0000] {dagbag.py:588} INFO - Filling up the DagBag from /opt/airflow/dags/main.py
[2026-05-04T08:27:38.514+0000] {processor.py:925} INFO - DAG(s) 'kafka_to_s3' retrieved from /opt/airflow/dags/main.py
[2026-05-04T08:27:38.550+0000] {logging_mixin.py:190} INFO - [2026-05-04T08:27:38.549+0000] {dag.py:3239} INFO - Sync 1 DAGs
[2026-05-04T08:27:38.583+0000] {logging_mixin.py:190} INFO - [2026-05-04T08:27:38.583+0000] {dag.py:4180} INFO - Setting next_dagrun for kafka_to_s3 to 2026-05-04 00:00:00+00:00, run_after=2026-05-05 00:00:00+00:00
[2026-05-04T08:27:38.608+0000] {processor.py:208} INFO - Processing /opt/airflow/dags/main.py took 0.261 seconds
[2026-05-04T08:28:08.892+0000] {processor.py:186} INFO - Started process (PID=2651) to work on /opt/airflow/dags/main.py
[2026-05-04T08:28:08.894+0000] {processor.py:914} INFO - Processing file /opt/airflow/dags/main.py for tasks to queue
[2026-05-04T08:28:08.895+0000] {logging_mixin.py:190} INFO - [2026-05-04T08:28:08.895+0000] {dagbag.py:588} INFO - Filling up the DagBag from /opt/airflow/dags/main.py
[2026-05-04T08:28:09.021+0000] {processor.py:925} INFO - DAG(s) 'kafka_to_s3' retrieved from /opt/airflow/dags/main.py
[2026-05-04T08:28:09.052+0000] {logging_mixin.py:190} INFO - [2026-05-04T08:28:09.052+0000] {dag.py:3239} INFO - Sync 1 DAGs
[2026-05-04T08:28:09.081+0000] {logging_mixin.py:190} INFO - [2026-05-04T08:28:09.080+0000] {dag.py:4180} INFO - Setting next_dagrun for kafka_to_s3 to 2026-05-04 00:00:00+00:00, run_after=2026-05-05 00:00:00+00:00
[2026-05-04T08:28:09.102+0000] {processor.py:208} INFO - Processing /opt/airflow/dags/main.py took 0.218 seconds
[2026-05-04T08:28:40.002+0000] {processor.py:186} INFO - Started process (PID=2658) to work on /opt/airflow/dags/main.py
[2026-05-04T08:28:40.003+0000] {processor.py:914} INFO - Processing file /opt/airflow/dags/main.py for tasks to queue
[2026-05-04T08:28:40.005+0000] {logging_mixin.py:190} INFO - [2026-05-04T08:28:40.004+0000] {dagbag.py:588} INFO - Filling up the DagBag from /opt/airflow/dags/main.py
[2026-05-04T08:28:40.139+0000] {processor.py:925} INFO - DAG(s) 'kafka_to_s3' retrieved from /opt/airflow/dags/main.py
[2026-05-04T08:28:40.170+0000] {logging_mixin.py:190} INFO - [2026-05-04T08:28:40.170+0000] {dag.py:3239} INFO - Sync 1 DAGs
[2026-05-04T08:28:40.200+0000] {logging_mixin.py:190} INFO - [2026-05-04T08:28:40.200+0000] {dag.py:4180} INFO - Setting next_dagrun for kafka_to_s3 to 2026-05-04 00:00:00+00:00, run_after=2026-05-05 00:00:00+00:00
[2026-05-04T08:28:40.224+0000] {processor.py:208} INFO - Processing /opt/airflow/dags/main.py took 0.230 seconds
[2026-05-04T08:29:10.582+0000] {processor.py:186} INFO - Started process (PID=2665) to work on /opt/airflow/dags/main.py
[2026-05-04T08:29:10.584+0000] {processor.py:914} INFO - Processing file /opt/airflow/dags/main.py for tasks to queue
[2026-05-04T08:29:10.586+0000] {logging_mixin.py:190} INFO - [2026-05-04T08:29:10.586+0000] {dagbag.py:588} INFO - Filling up the DagBag from /opt/airflow/dags/main.py
[2026-05-04T08:29:10.719+0000] {processor.py:925} INFO - DAG(s) 'kafka_to_s3' retrieved from /opt/airflow/dags/main.py
[2026-05-04T08:29:10.752+0000] {logging_mixin.py:190} INFO - [2026-05-04T08:29:10.751+0000] {dag.py:3239} INFO - Sync 1 DAGs
[2026-05-04T08:29:10.790+0000] {logging_mixin.py:190} INFO - [2026-05-04T08:29:10.789+0000] {dag.py:4180} INFO - Setting next_dagrun for kafka_to_s3 to 2026-05-04 00:00:00+00:00, run_after=2026-05-05 00:00:00+00:00
[2026-05-04T08:29:10.821+0000] {processor.py:208} INFO - Processing /opt/airflow/dags/main.py took 0.260 seconds
[2026-05-04T08:29:41.085+0000] {processor.py:186} INFO - Started process (PID=2672) to work on /opt/airflow/dags/main.py
[2026-05-04T08:29:41.087+0000] {processor.py:914} INFO - Processing file /opt/airflow/dags/main.py for tasks to queue
[2026-05-04T08:29:41.088+0000] {logging_mixin.py:190} INFO - [2026-05-04T08:29:41.088+0000] {dagbag.py:588} INFO - Filling up the DagBag from /opt/airflow/dags/main.py
[2026-05-04T08:29:41.204+0000] {processor.py:925} INFO - DAG(s) 'kafka_to_s3' retrieved from /opt/airflow/dags/main.py
[2026-05-04T08:29:41.229+0000] {logging_mixin.py:190} INFO - [2026-05-04T08:29:41.229+0000] {dag.py:3239} INFO - Sync 1 DAGs
[2026-05-04T08:29:41.264+0000] {logging_mixin.py:190} INFO - [2026-05-04T08:29:41.263+0000] {dag.py:4180} INFO - Setting next_dagrun for kafka_to_s3 to 2026-05-04 00:00:00+00:00, run_after=2026-05-05 00:00:00+00:00
[2026-05-04T08:29:41.288+0000] {processor.py:208} INFO - Processing /opt/airflow/dags/main.py took 0.210 seconds
[2026-05-04T08:30:11.624+0000] {processor.py:186} INFO - Started process (PID=2679) to work on /opt/airflow/dags/main.py
[2026-05-04T08:30:11.625+0000] {processor.py:914} INFO - Processing file /opt/airflow/dags/main.py for tasks to queue
[2026-05-04T08:30:11.627+0000] {logging_mixin.py:190} INFO - [2026-05-04T08:30:11.627+0000] {dagbag.py:588} INFO - Filling up the DagBag from /opt/airflow/dags/main.py
[2026-05-04T08:30:11.771+0000] {processor.py:925} INFO - DAG(s) 'kafka_to_s3' retrieved from /opt/airflow/dags/main.py
[2026-05-04T08:30:11.805+0000] {logging_mixin.py:190} INFO - [2026-05-04T08:30:11.804+0000] {dag.py:3239} INFO - Sync 1 DAGs
[2026-05-04T08:30:11.836+0000] {logging_mixin.py:190} INFO - [2026-05-04T08:30:11.836+0000] {dag.py:4180} INFO - Setting next_dagrun for kafka_to_s3 to 2026-05-04 00:00:00+00:00, run_after=2026-05-05 00:00:00+00:00
[2026-05-04T08:30:11.859+0000] {processor.py:208} INFO - Processing /opt/airflow/dags/main.py took 0.243 seconds
[2026-05-04T08:30:42.289+0000] {processor.py:186} INFO - Started process (PID=2686) to work on /opt/airflow/dags/main.py
[2026-05-04T08:30:42.291+0000] {processor.py:914} INFO - Processing file /opt/airflow/dags/main.py for tasks to queue
[2026-05-04T08:30:42.293+0000] {logging_mixin.py:190} INFO - [2026-05-04T08:30:42.293+0000] {dagbag.py:588} INFO - Filling up the DagBag from /opt/airflow/dags/main.py
[2026-05-04T08:30:42.468+0000] {processor.py:925} INFO - DAG(s) 'kafka_to_s3' retrieved from /opt/airflow/dags/main.py
[2026-05-04T08:30:42.505+0000] {logging_mixin.py:190} INFO - [2026-05-04T08:30:42.505+0000] {dag.py:3239} INFO - Sync 1 DAGs
[2026-05-04T08:30:42.539+0000] {logging_mixin.py:190} INFO - [2026-05-04T08:30:42.538+0000] {dag.py:4180} INFO - Setting next_dagrun for kafka_to_s3 to 2026-05-04 00:00:00+00:00, run_after=2026-05-05 00:00:00+00:00
[2026-05-04T08:30:42.569+0000] {processor.py:208} INFO - Processing /opt/airflow/dags/main.py took 0.287 seconds
[2026-05-04T08:31:13.454+0000] {processor.py:186} INFO - Started process (PID=2693) to work on /opt/airflow/dags/main.py
[2026-05-04T08:31:13.455+0000] {processor.py:914} INFO - Processing file /opt/airflow/dags/main.py for tasks to queue
[2026-05-04T08:31:13.457+0000] {logging_mixin.py:190} INFO - [2026-05-04T08:31:13.456+0000] {dagbag.py:588} INFO - Filling up the DagBag from /opt/airflow/dags/main.py
[2026-05-04T08:31:13.571+0000] {processor.py:925} INFO - DAG(s) 'kafka_to_s3' retrieved from /opt/airflow/dags/main.py
[2026-05-04T08:31:13.595+0000] {logging_mixin.py:190} INFO - [2026-05-04T08:31:13.595+0000] {dag.py:3239} INFO - Sync 1 DAGs
[2026-05-04T08:31:13.621+0000] {logging_mixin.py:190} INFO - [2026-05-04T08:31:13.621+0000] {dag.py:4180} INFO - Setting next_dagrun for kafka_to_s3 to 2026-05-04 00:00:00+00:00, run_after=2026-05-05 00:00:00+00:00
[2026-05-04T08:31:13.640+0000] {processor.py:208} INFO - Processing /opt/airflow/dags/main.py took 0.194 seconds
[2026-05-04T08:31:43.896+0000] {processor.py:186} INFO - Started process (PID=2700) to work on /opt/airflow/dags/main.py
[2026-05-04T08:31:43.897+0000] {processor.py:914} INFO - Processing file /opt/airflow/dags/main.py for tasks to queue
[2026-05-04T08:31:43.899+0000] {logging_mixin.py:190} INFO - [2026-05-04T08:31:43.898+0000] {dagbag.py:588} INFO - Filling up the DagBag from /opt/airflow/dags/main.py
[2026-05-04T08:31:44.013+0000] {processor.py:925} INFO - DAG(s) 'kafka_to_s3' retrieved from /opt/airflow/dags/main.py
[2026-05-04T08:31:44.043+0000] {logging_mixin.py:190} INFO - [2026-05-04T08:31:44.042+0000] {dag.py:3239} INFO - Sync 1 DAGs
[2026-05-04T08:31:44.081+0000] {logging_mixin.py:190} INFO - [2026-05-04T08:31:44.080+0000] {dag.py:4180} INFO - Setting next_dagrun for kafka_to_s3 to 2026-05-04 00:00:00+00:00, run_after=2026-05-05 00:00:00+00:00
[2026-05-04T08:31:44.114+0000] {processor.py:208} INFO - Processing /opt/airflow/dags/main.py took 0.227 seconds
[2026-05-04T08:32:14.371+0000] {processor.py:186} INFO - Started process (PID=2707) to work on /opt/airflow/dags/main.py
[2026-05-04T08:32:14.374+0000] {processor.py:914} INFO - Processing file /opt/airflow/dags/main.py for tasks to queue
[2026-05-04T08:32:14.377+0000] {logging_mixin.py:190} INFO - [2026-05-04T08:32:14.376+0000] {dagbag.py:588} INFO - Filling up the DagBag from /opt/airflow/dags/main.py
[2026-05-04T08:32:14.579+0000] {processor.py:925} INFO - DAG(s) 'kafka_to_s3' retrieved from /opt/airflow/dags/main.py
[2026-05-04T08:32:14.621+0000] {logging_mixin.py:190} INFO - [2026-05-04T08:32:14.620+0000] {dag.py:3239} INFO - Sync 1 DAGs
[2026-05-04T08:32:14.663+0000] {logging_mixin.py:190} INFO - [2026-05-04T08:32:14.663+0000] {dag.py:4180} INFO - Setting next_dagrun for kafka_to_s3 to 2026-05-04 00:00:00+00:00, run_after=2026-05-05 00:00:00+00:00
[2026-05-04T08:32:14.692+0000] {processor.py:208} INFO - Processing /opt/airflow/dags/main.py took 0.335 seconds
[2026-05-04T08:32:44.788+0000] {processor.py:186} INFO - Started process (PID=2714) to work on /opt/airflow/dags/main.py
[2026-05-04T08:32:44.790+0000] {processor.py:914} INFO - Processing file /opt/airflow/dags/main.py for tasks to queue
[2026-05-04T08:32:44.791+0000] {logging_mixin.py:190} INFO - [2026-05-04T08:32:44.791+0000] {dagbag.py:588} INFO - Filling up the DagBag from /opt/airflow/dags/main.py
[2026-05-04T08:32:44.905+0000] {processor.py:925} INFO - DAG(s) 'kafka_to_s3' retrieved from /opt/airflow/dags/main.py
[2026-05-04T08:32:44.936+0000] {logging_mixin.py:190} INFO - [2026-05-04T08:32:44.936+0000] {dag.py:3239} INFO - Sync 1 DAGs
[2026-05-04T08:32:44.971+0000] {logging_mixin.py:190} INFO - [2026-05-04T08:32:44.970+0000] {dag.py:4180} INFO - Setting next_dagrun for kafka_to_s3 to 2026-05-04 00:00:00+00:00, run_after=2026-05-05 00:00:00+00:00
[2026-05-04T08:32:44.998+0000] {processor.py:208} INFO - Processing /opt/airflow/dags/main.py took 0.218 seconds
[2026-05-04T08:33:15.340+0000] {processor.py:186} INFO - Started process (PID=2721) to work on /opt/airflow/dags/main.py
[2026-05-04T08:33:15.342+0000] {processor.py:914} INFO - Processing file /opt/airflow/dags/main.py for tasks to queue
[2026-05-04T08:33:15.343+0000] {logging_mixin.py:190} INFO - [2026-05-04T08:33:15.343+0000] {dagbag.py:588} INFO - Filling up the DagBag from /opt/airflow/dags/main.py
[2026-05-04T08:33:15.478+0000] {processor.py:925} INFO - DAG(s) 'kafka_to_s3' retrieved from /opt/airflow/dags/main.py
[2026-05-04T08:33:15.522+0000] {logging_mixin.py:190} INFO - [2026-05-04T08:33:15.522+0000] {dag.py:3239} INFO - Sync 1 DAGs
[2026-05-04T08:33:15.560+0000] {logging_mixin.py:190} INFO - [2026-05-04T08:33:15.560+0000] {dag.py:4180} INFO - Setting next_dagrun for kafka_to_s3 to 2026-05-04 00:00:00+00:00, run_after=2026-05-05 00:00:00+00:00
[2026-05-04T08:33:15.587+0000] {processor.py:208} INFO - Processing /opt/airflow/dags/main.py took 0.254 seconds
[2026-05-04T08:33:46.045+0000] {processor.py:186} INFO - Started process (PID=2728) to work on /opt/airflow/dags/main.py
[2026-05-04T08:33:46.046+0000] {processor.py:914} INFO - Processing file /opt/airflow/dags/main.py for tasks to queue
[2026-05-04T08:33:46.048+0000] {logging_mixin.py:190} INFO - [2026-05-04T08:33:46.047+0000] {dagbag.py:588} INFO - Filling up the DagBag from /opt/airflow/dags/main.py
[2026-05-04T08:33:46.164+0000] {processor.py:925} INFO - DAG(s) 'kafka_to_s3' retrieved from /opt/airflow/dags/main.py
[2026-05-04T08:33:46.192+0000] {logging_mixin.py:190} INFO - [2026-05-04T08:33:46.192+0000] {dag.py:3239} INFO - Sync 1 DAGs
[2026-05-04T08:33:46.221+0000] {logging_mixin.py:190} INFO - [2026-05-04T08:33:46.221+0000] {dag.py:4180} INFO - Setting next_dagrun for kafka_to_s3 to 2026-05-04 00:00:00+00:00, run_after=2026-05-05 00:00:00+00:00
[2026-05-04T08:33:46.244+0000] {processor.py:208} INFO - Processing /opt/airflow/dags/main.py took 0.210 seconds
[2026-05-04T08:34:16.574+0000] {processor.py:186} INFO - Started process (PID=2735) to work on /opt/airflow/dags/main.py
[2026-05-04T08:34:16.576+0000] {processor.py:914} INFO - Processing file /opt/airflow/dags/main.py for tasks to queue
[2026-05-04T08:34:16.582+0000] {logging_mixin.py:190} INFO - [2026-05-04T08:34:16.580+0000] {dagbag.py:588} INFO - Filling up the DagBag from /opt/airflow/dags/main.py
[2026-05-04T08:34:16.830+0000] {processor.py:925} INFO - DAG(s) 'kafka_to_s3' retrieved from /opt/airflow/dags/main.py
[2026-05-04T08:34:16.879+0000] {logging_mixin.py:190} INFO - [2026-05-04T08:34:16.878+0000] {dag.py:3239} INFO - Sync 1 DAGs
[2026-05-04T08:34:16.930+0000] {logging_mixin.py:190} INFO - [2026-05-04T08:34:16.930+0000] {dag.py:4180} INFO - Setting next_dagrun for kafka_to_s3 to 2026-05-04 00:00:00+00:00, run_after=2026-05-05 00:00:00+00:00
[2026-05-04T08:34:16.960+0000] {processor.py:208} INFO - Processing /opt/airflow/dags/main.py took 0.404 seconds
[2026-05-04T08:34:47.406+0000] {processor.py:186} INFO - Started process (PID=2741) to work on /opt/airflow/dags/main.py
[2026-05-04T08:34:47.408+0000] {processor.py:914} INFO - Processing file /opt/airflow/dags/main.py for tasks to queue
[2026-05-04T08:34:47.412+0000] {logging_mixin.py:190} INFO - [2026-05-04T08:34:47.411+0000] {dagbag.py:588} INFO - Filling up the DagBag from /opt/airflow/dags/main.py
[2026-05-04T08:34:47.606+0000] {processor.py:925} INFO - DAG(s) 'kafka_to_s3' retrieved from /opt/airflow/dags/main.py
[2026-05-04T08:34:47.639+0000] {logging_mixin.py:190} INFO - [2026-05-04T08:34:47.639+0000] {dag.py:3239} INFO - Sync 1 DAGs
[2026-05-04T08:34:47.671+0000] {logging_mixin.py:190} INFO - [2026-05-04T08:34:47.670+0000] {dag.py:4180} INFO - Setting next_dagrun for kafka_to_s3 to 2026-05-04 00:00:00+00:00, run_after=2026-05-05 00:00:00+00:00
[2026-05-04T08:34:47.694+0000] {processor.py:208} INFO - Processing /opt/airflow/dags/main.py took 0.329 seconds
[2026-05-04T08:35:18.058+0000] {processor.py:186} INFO - Started process (PID=2748) to work on /opt/airflow/dags/main.py
[2026-05-04T08:35:18.060+0000] {processor.py:914} INFO - Processing file /opt/airflow/dags/main.py for tasks to queue
[2026-05-04T08:35:18.064+0000] {logging_mixin.py:190} INFO - [2026-05-04T08:35:18.063+0000] {dagbag.py:588} INFO - Filling up the DagBag from /opt/airflow/dags/main.py
[2026-05-04T08:35:18.323+0000] {processor.py:925} INFO - DAG(s) 'kafka_to_s3' retrieved from /opt/airflow/dags/main.py
[2026-05-04T08:35:18.363+0000] {logging_mixin.py:190} INFO - [2026-05-04T08:35:18.363+0000] {dag.py:3239} INFO - Sync 1 DAGs
[2026-05-04T08:35:18.403+0000] {logging_mixin.py:190} INFO - [2026-05-04T08:35:18.403+0000] {dag.py:4180} INFO - Setting next_dagrun for kafka_to_s3 to 2026-05-04 00:00:00+00:00, run_after=2026-05-05 00:00:00+00:00
[2026-05-04T08:35:18.439+0000] {processor.py:208} INFO - Processing /opt/airflow/dags/main.py took 0.400 seconds
[2026-05-04T08:35:48.914+0000] {processor.py:186} INFO - Started process (PID=2755) to work on /opt/airflow/dags/main.py
[2026-05-04T08:35:48.915+0000] {processor.py:914} INFO - Processing file /opt/airflow/dags/main.py for tasks to queue
[2026-05-04T08:35:48.917+0000] {logging_mixin.py:190} INFO - [2026-05-04T08:35:48.916+0000] {dagbag.py:588} INFO - Filling up the DagBag from /opt/airflow/dags/main.py
[2026-05-04T08:35:49.051+0000] {processor.py:925} INFO - DAG(s) 'kafka_to_s3' retrieved from /opt/airflow/dags/main.py
[2026-05-04T08:35:49.080+0000] {logging_mixin.py:190} INFO - [2026-05-04T08:35:49.079+0000] {dag.py:3239} INFO - Sync 1 DAGs
[2026-05-04T08:35:49.106+0000] {logging_mixin.py:190} INFO - [2026-05-04T08:35:49.105+0000] {dag.py:4180} INFO - Setting next_dagrun for kafka_to_s3 to 2026-05-04 00:00:00+00:00, run_after=2026-05-05 00:00:00+00:00
[2026-05-04T08:35:49.125+0000] {processor.py:208} INFO - Processing /opt/airflow/dags/main.py took 0.218 seconds
[2026-05-04T08:36:19.232+0000] {processor.py:186} INFO - Started process (PID=2762) to work on /opt/airflow/dags/main.py
[2026-05-04T08:36:19.233+0000] {processor.py:914} INFO - Processing file /opt/airflow/dags/main.py for tasks to queue
[2026-05-04T08:36:19.235+0000] {logging_mixin.py:190} INFO - [2026-05-04T08:36:19.235+0000] {dagbag.py:588} INFO - Filling up the DagBag from /opt/airflow/dags/main.py
[2026-05-04T08:36:19.420+0000] {processor.py:925} INFO - DAG(s) 'kafka_to_s3' retrieved from /opt/airflow/dags/main.py
[2026-05-04T08:36:19.473+0000] {logging_mixin.py:190} INFO - [2026-05-04T08:36:19.473+0000] {dag.py:3239} INFO - Sync 1 DAGs
[2026-05-04T08:36:19.532+0000] {logging_mixin.py:190} INFO - [2026-05-04T08:36:19.531+0000] {dag.py:4180} INFO - Setting next_dagrun for kafka_to_s3 to 2026-05-04 00:00:00+00:00, run_after=2026-05-05 00:00:00+00:00
[2026-05-04T08:36:19.568+0000] {processor.py:208} INFO - Processing /opt/airflow/dags/main.py took 0.347 seconds
[2026-05-04T08:36:49.775+0000] {processor.py:186} INFO - Started process (PID=2769) to work on /opt/airflow/dags/main.py
[2026-05-04T08:36:49.776+0000] {processor.py:914} INFO - Processing file /opt/airflow/dags/main.py for tasks to queue
[2026-05-04T08:36:49.778+0000] {logging_mixin.py:190} INFO - [2026-05-04T08:36:49.778+0000] {dagbag.py:588} INFO - Filling up the DagBag from /opt/airflow/dags/main.py
[2026-05-04T08:36:49.928+0000] {processor.py:925} INFO - DAG(s) 'kafka_to_s3' retrieved from /opt/airflow/dags/main.py
[2026-05-04T08:36:49.958+0000] {logging_mixin.py:190} INFO - [2026-05-04T08:36:49.958+0000] {dag.py:3239} INFO - Sync 1 DAGs
[2026-05-04T08:36:49.987+0000] {logging_mixin.py:190} INFO - [2026-05-04T08:36:49.987+0000] {dag.py:4180} INFO - Setting next_dagrun for kafka_to_s3 to 2026-05-04 00:00:00+00:00, run_after=2026-05-05 00:00:00+00:00
[2026-05-04T08:36:50.010+0000] {processor.py:208} INFO - Processing /opt/airflow/dags/main.py took 0.242 seconds
[2026-05-04T08:37:20.237+0000] {processor.py:186} INFO - Started process (PID=2782) to work on /opt/airflow/dags/main.py
[2026-05-04T08:37:20.239+0000] {processor.py:914} INFO - Processing file /opt/airflow/dags/main.py for tasks to queue
[2026-05-04T08:37:20.242+0000] {logging_mixin.py:190} INFO - [2026-05-04T08:37:20.241+0000] {dagbag.py:588} INFO - Filling up the DagBag from /opt/airflow/dags/main.py
[2026-05-04T08:37:20.449+0000] {processor.py:925} INFO - DAG(s) 'kafka_to_s3' retrieved from /opt/airflow/dags/main.py
[2026-05-04T08:37:20.498+0000] {logging_mixin.py:190} INFO - [2026-05-04T08:37:20.498+0000] {dag.py:3239} INFO - Sync 1 DAGs
[2026-05-04T08:37:20.544+0000] {logging_mixin.py:190} INFO - [2026-05-04T08:37:20.544+0000] {dag.py:4180} INFO - Setting next_dagrun for kafka_to_s3 to 2026-05-04 00:00:00+00:00, run_after=2026-05-05 00:00:00+00:00
[2026-05-04T08:37:20.576+0000] {processor.py:208} INFO - Processing /opt/airflow/dags/main.py took 0.353 seconds
[2026-05-04T08:37:50.761+0000] {processor.py:186} INFO - Started process (PID=2789) to work on /opt/airflow/dags/main.py
[2026-05-04T08:37:50.763+0000] {processor.py:914} INFO - Processing file /opt/airflow/dags/main.py for tasks to queue
[2026-05-04T08:37:50.764+0000] {logging_mixin.py:190} INFO - [2026-05-04T08:37:50.764+0000] {dagbag.py:588} INFO - Filling up the DagBag from /opt/airflow/dags/main.py
[2026-05-04T08:37:50.913+0000] {processor.py:925} INFO - DAG(s) 'kafka_to_s3' retrieved from /opt/airflow/dags/main.py
[2026-05-04T08:37:50.958+0000] {logging_mixin.py:190} INFO - [2026-05-04T08:37:50.958+0000] {dag.py:3239} INFO - Sync 1 DAGs
[2026-05-04T08:37:51.004+0000] {logging_mixin.py:190} INFO - [2026-05-04T08:37:51.003+0000] {dag.py:4180} INFO - Setting next_dagrun for kafka_to_s3 to 2026-05-04 00:00:00+00:00, run_after=2026-05-05 00:00:00+00:00
[2026-05-04T08:37:51.028+0000] {processor.py:208} INFO - Processing /opt/airflow/dags/main.py took 0.275 seconds
[2026-05-04T08:38:21.254+0000] {processor.py:186} INFO - Started process (PID=2796) to work on /opt/airflow/dags/main.py
[2026-05-04T08:38:21.256+0000] {processor.py:914} INFO - Processing file /opt/airflow/dags/main.py for tasks to queue
[2026-05-04T08:38:21.258+0000] {logging_mixin.py:190} INFO - [2026-05-04T08:38:21.257+0000] {dagbag.py:588} INFO - Filling up the DagBag from /opt/airflow/dags/main.py
[2026-05-04T08:38:21.444+0000] {processor.py:925} INFO - DAG(s) 'kafka_to_s3' retrieved from /opt/airflow/dags/main.py
[2026-05-04T08:38:21.483+0000] {logging_mixin.py:190} INFO - [2026-05-04T08:38:21.483+0000] {dag.py:3239} INFO - Sync 1 DAGs
[2026-05-04T08:38:21.523+0000] {logging_mixin.py:190} INFO - [2026-05-04T08:38:21.522+0000] {dag.py:4180} INFO - Setting next_dagrun for kafka_to_s3 to 2026-05-04 00:00:00+00:00, run_after=2026-05-05 00:00:00+00:00
[2026-05-04T08:38:21.551+0000] {processor.py:208} INFO - Processing /opt/airflow/dags/main.py took 0.306 seconds
[2026-05-04T08:38:51.634+0000] {processor.py:186} INFO - Started process (PID=2803) to work on /opt/airflow/dags/main.py
[2026-05-04T08:38:51.636+0000] {processor.py:914} INFO - Processing file /opt/airflow/dags/main.py for tasks to queue
[2026-05-04T08:38:51.638+0000] {logging_mixin.py:190} INFO - [2026-05-04T08:38:51.638+0000] {dagbag.py:588} INFO - Filling up the DagBag from /opt/airflow/dags/main.py
[2026-05-04T08:38:51.768+0000] {processor.py:925} INFO - DAG(s) 'kafka_to_s3' retrieved from /opt/airflow/dags/main.py
[2026-05-04T08:38:51.819+0000] {logging_mixin.py:190} INFO - [2026-05-04T08:38:51.818+0000] {dag.py:3239} INFO - Sync 1 DAGs
[2026-05-04T08:38:51.878+0000] {logging_mixin.py:190} INFO - [2026-05-04T08:38:51.877+0000] {dag.py:4180} INFO - Setting next_dagrun for kafka_to_s3 to 2026-05-04 00:00:00+00:00, run_after=2026-05-05 00:00:00+00:00
[2026-05-04T08:38:51.921+0000] {processor.py:208} INFO - Processing /opt/airflow/dags/main.py took 0.294 seconds
[2026-05-04T08:39:22.242+0000] {processor.py:186} INFO - Started process (PID=2810) to work on /opt/airflow/dags/main.py
[2026-05-04T08:39:22.243+0000] {processor.py:914} INFO - Processing file /opt/airflow/dags/main.py for tasks to queue
[2026-05-04T08:39:22.245+0000] {logging_mixin.py:190} INFO - [2026-05-04T08:39:22.245+0000] {dagbag.py:588} INFO - Filling up the DagBag from /opt/airflow/dags/main.py
[2026-05-04T08:39:22.437+0000] {processor.py:925} INFO - DAG(s) 'kafka_to_s3' retrieved from /opt/airflow/dags/main.py
[2026-05-04T08:39:22.469+0000] {logging_mixin.py:190} INFO - [2026-05-04T08:39:22.469+0000] {dag.py:3239} INFO - Sync 1 DAGs
[2026-05-04T08:39:22.500+0000] {logging_mixin.py:190} INFO - [2026-05-04T08:39:22.499+0000] {dag.py:4180} INFO - Setting next_dagrun for kafka_to_s3 to 2026-05-04 00:00:00+00:00, run_after=2026-05-05 00:00:00+00:00
[2026-05-04T08:39:22.536+0000] {processor.py:208} INFO - Processing /opt/airflow/dags/main.py took 0.301 seconds
[2026-05-04T08:39:52.608+0000] {processor.py:186} INFO - Started process (PID=2817) to work on /opt/airflow/dags/main.py
[2026-05-04T08:39:52.610+0000] {processor.py:914} INFO - Processing file /opt/airflow/dags/main.py for tasks to queue
[2026-05-04T08:39:52.611+0000] {logging_mixin.py:190} INFO - [2026-05-04T08:39:52.611+0000] {dagbag.py:588} INFO - Filling up the DagBag from /opt/airflow/dags/main.py
[2026-05-04T08:39:52.761+0000] {processor.py:925} INFO - DAG(s) 'kafka_to_s3' retrieved from /opt/airflow/dags/main.py
[2026-05-04T08:39:52.792+0000] {logging_mixin.py:190} INFO - [2026-05-04T08:39:52.792+0000] {dag.py:3239} INFO - Sync 1 DAGs
[2026-05-04T08:39:52.822+0000] {logging_mixin.py:190} INFO - [2026-05-04T08:39:52.822+0000] {dag.py:4180} INFO - Setting next_dagrun for kafka_to_s3 to 2026-05-04 00:00:00+00:00, run_after=2026-05-05 00:00:00+00:00
[2026-05-04T08:39:52.853+0000] {processor.py:208} INFO - Processing /opt/airflow/dags/main.py took 0.253 seconds
[2026-05-04T08:40:23.194+0000] {processor.py:186} INFO - Started process (PID=2824) to work on /opt/airflow/dags/main.py
[2026-05-04T08:40:23.196+0000] {processor.py:914} INFO - Processing file /opt/airflow/dags/main.py for tasks to queue
[2026-05-04T08:40:23.198+0000] {logging_mixin.py:190} INFO - [2026-05-04T08:40:23.197+0000] {dagbag.py:588} INFO - Filling up the DagBag from /opt/airflow/dags/main.py
[2026-05-04T08:40:23.365+0000] {processor.py:925} INFO - DAG(s) 'kafka_to_s3' retrieved from /opt/airflow/dags/main.py
[2026-05-04T08:40:23.402+0000] {logging_mixin.py:190} INFO - [2026-05-04T08:40:23.401+0000] {dag.py:3239} INFO - Sync 1 DAGs
[2026-05-04T08:40:23.441+0000] {logging_mixin.py:190} INFO - [2026-05-04T08:40:23.440+0000] {dag.py:4180} INFO - Setting next_dagrun for kafka_to_s3 to 2026-05-04 00:00:00+00:00, run_after=2026-05-05 00:00:00+00:00
[2026-05-04T08:40:23.469+0000] {processor.py:208} INFO - Processing /opt/airflow/dags/main.py took 0.285 seconds
[2026-05-04T08:40:53.796+0000] {processor.py:186} INFO - Started process (PID=2830) to work on /opt/airflow/dags/main.py
[2026-05-04T08:40:53.798+0000] {processor.py:914} INFO - Processing file /opt/airflow/dags/main.py for tasks to queue
[2026-05-04T08:40:53.800+0000] {logging_mixin.py:190} INFO - [2026-05-04T08:40:53.799+0000] {dagbag.py:588} INFO - Filling up the DagBag from /opt/airflow/dags/main.py
[2026-05-04T08:40:53.960+0000] {processor.py:925} INFO - DAG(s) 'kafka_to_s3' retrieved from /opt/airflow/dags/main.py
[2026-05-04T08:40:53.989+0000] {logging_mixin.py:190} INFO - [2026-05-04T08:40:53.989+0000] {dag.py:3239} INFO - Sync 1 DAGs
[2026-05-04T08:40:54.016+0000] {logging_mixin.py:190} INFO - [2026-05-04T08:40:54.015+0000] {dag.py:4180} INFO - Setting next_dagrun for kafka_to_s3 to 2026-05-04 00:00:00+00:00, run_after=2026-05-05 00:00:00+00:00
[2026-05-04T08:40:54.037+0000] {processor.py:208} INFO - Processing /opt/airflow/dags/main.py took 0.250 seconds
[2026-05-04T08:41:24.124+0000] {processor.py:186} INFO - Started process (PID=2837) to work on /opt/airflow/dags/main.py
[2026-05-04T08:41:24.126+0000] {processor.py:914} INFO - Processing file /opt/airflow/dags/main.py for tasks to queue
[2026-05-04T08:41:24.128+0000] {logging_mixin.py:190} INFO - [2026-05-04T08:41:24.127+0000] {dagbag.py:588} INFO - Filling up the DagBag from /opt/airflow/dags/main.py
[2026-05-04T08:41:24.270+0000] {processor.py:925} INFO - DAG(s) 'kafka_to_s3' retrieved from /opt/airflow/dags/main.py
[2026-05-04T08:41:24.314+0000] {logging_mixin.py:190} INFO - [2026-05-04T08:41:24.314+0000] {dag.py:3239} INFO - Sync 1 DAGs
[2026-05-04T08:41:24.352+0000] {logging_mixin.py:190} INFO - [2026-05-04T08:41:24.351+0000] {dag.py:4180} INFO - Setting next_dagrun for kafka_to_s3 to 2026-05-04 00:00:00+00:00, run_after=2026-05-05 00:00:00+00:00
[2026-05-04T08:41:24.382+0000] {processor.py:208} INFO - Processing /opt/airflow/dags/main.py took 0.266 seconds
[2026-05-04T08:41:54.786+0000] {processor.py:186} INFO - Started process (PID=2844) to work on /opt/airflow/dags/main.py
[2026-05-04T08:41:54.797+0000] {processor.py:914} INFO - Processing file /opt/airflow/dags/main.py for tasks to queue
[2026-05-04T08:41:54.814+0000] {logging_mixin.py:190} INFO - [2026-05-04T08:41:54.808+0000] {dagbag.py:588} INFO - Filling up the DagBag from /opt/airflow/dags/main.py
[2026-05-04T08:41:55.115+0000] {processor.py:925} INFO - DAG(s) 'kafka_to_s3' retrieved from /opt/airflow/dags/main.py
[2026-05-04T08:41:55.276+0000] {logging_mixin.py:190} INFO - [2026-05-04T08:41:55.275+0000] {dag.py:3239} INFO - Sync 1 DAGs
[2026-05-04T08:41:55.613+0000] {logging_mixin.py:190} INFO - [2026-05-04T08:41:55.612+0000] {dag.py:4180} INFO - Setting next_dagrun for kafka_to_s3 to 2026-05-04 00:00:00+00:00, run_after=2026-05-05 00:00:00+00:00
[2026-05-04T08:41:55.689+0000] {processor.py:208} INFO - Processing /opt/airflow/dags/main.py took 0.927 seconds
[2026-05-04T08:42:26.106+0000] {processor.py:186} INFO - Started process (PID=2851) to work on /opt/airflow/dags/main.py
[2026-05-04T08:42:26.110+0000] {processor.py:914} INFO - Processing file /opt/airflow/dags/main.py for tasks to queue
[2026-05-04T08:42:26.118+0000] {logging_mixin.py:190} INFO - [2026-05-04T08:42:26.116+0000] {dagbag.py:588} INFO - Filling up the DagBag from /opt/airflow/dags/main.py
[2026-05-04T08:42:26.438+0000] {processor.py:925} INFO - DAG(s) 'kafka_to_s3' retrieved from /opt/airflow/dags/main.py
[2026-05-04T08:42:26.478+0000] {logging_mixin.py:190} INFO - [2026-05-04T08:42:26.477+0000] {dag.py:3239} INFO - Sync 1 DAGs
[2026-05-04T08:42:26.518+0000] {logging_mixin.py:190} INFO - [2026-05-04T08:42:26.517+0000] {dag.py:4180} INFO - Setting next_dagrun for kafka_to_s3 to 2026-05-04 00:00:00+00:00, run_after=2026-05-05 00:00:00+00:00
[2026-05-04T08:42:26.543+0000] {processor.py:208} INFO - Processing /opt/airflow/dags/main.py took 0.456 seconds
[2026-05-04T08:42:56.917+0000] {processor.py:186} INFO - Started process (PID=2858) to work on /opt/airflow/dags/main.py
[2026-05-04T08:42:56.920+0000] {processor.py:914} INFO - Processing file /opt/airflow/dags/main.py for tasks to queue
[2026-05-04T08:42:56.924+0000] {logging_mixin.py:190} INFO - [2026-05-04T08:42:56.923+0000] {dagbag.py:588} INFO - Filling up the DagBag from /opt/airflow/dags/main.py
[2026-05-04T08:42:57.114+0000] {processor.py:925} INFO - DAG(s) 'kafka_to_s3' retrieved from /opt/airflow/dags/main.py
[2026-05-04T08:42:57.149+0000] {logging_mixin.py:190} INFO - [2026-05-04T08:42:57.148+0000] {dag.py:3239} INFO - Sync 1 DAGs
[2026-05-04T08:42:57.191+0000] {logging_mixin.py:190} INFO - [2026-05-04T08:42:57.191+0000] {dag.py:4180} INFO - Setting next_dagrun for kafka_to_s3 to 2026-05-04 00:00:00+00:00, run_after=2026-05-05 00:00:00+00:00
[2026-05-04T08:42:57.229+0000] {processor.py:208} INFO - Processing /opt/airflow/dags/main.py took 0.333 seconds
[2026-05-04T08:43:27.703+0000] {processor.py:186} INFO - Started process (PID=2865) to work on /opt/airflow/dags/main.py
[2026-05-04T08:43:27.705+0000] {processor.py:914} INFO - Processing file /opt/airflow/dags/main.py for tasks to queue
[2026-05-04T08:43:27.707+0000] {logging_mixin.py:190} INFO - [2026-05-04T08:43:27.707+0000] {dagbag.py:588} INFO - Filling up the DagBag from /opt/airflow/dags/main.py
[2026-05-04T08:43:27.888+0000] {processor.py:925} INFO - DAG(s) 'kafka_to_s3' retrieved from /opt/airflow/dags/main.py
[2026-05-04T08:43:27.930+0000] {logging_mixin.py:190} INFO - [2026-05-04T08:43:27.930+0000] {dag.py:3239} INFO - Sync 1 DAGs
[2026-05-04T08:43:27.971+0000] {logging_mixin.py:190} INFO - [2026-05-04T08:43:27.971+0000] {dag.py:4180} INFO - Setting next_dagrun for kafka_to_s3 to 2026-05-04 00:00:00+00:00, run_after=2026-05-05 00:00:00+00:00
[2026-05-04T08:43:28.009+0000] {processor.py:208} INFO - Processing /opt/airflow/dags/main.py took 0.318 seconds
[2026-05-04T08:43:58.799+0000] {processor.py:186} INFO - Started process (PID=2872) to work on /opt/airflow/dags/main.py
[2026-05-04T08:43:58.809+0000] {processor.py:914} INFO - Processing file /opt/airflow/dags/main.py for tasks to queue
[2026-05-04T08:43:58.815+0000] {logging_mixin.py:190} INFO - [2026-05-04T08:43:58.813+0000] {dagbag.py:588} INFO - Filling up the DagBag from /opt/airflow/dags/main.py
[2026-05-04T08:43:59.432+0000] {processor.py:925} INFO - DAG(s) 'kafka_to_s3' retrieved from /opt/airflow/dags/main.py
[2026-05-04T08:43:59.724+0000] {logging_mixin.py:190} INFO - [2026-05-04T08:43:59.723+0000] {dag.py:3239} INFO - Sync 1 DAGs
[2026-05-04T08:43:59.859+0000] {logging_mixin.py:190} INFO - [2026-05-04T08:43:59.859+0000] {dag.py:4180} INFO - Setting next_dagrun for kafka_to_s3 to 2026-05-04 00:00:00+00:00, run_after=2026-05-05 00:00:00+00:00
[2026-05-04T08:43:59.940+0000] {processor.py:208} INFO - Processing /opt/airflow/dags/main.py took 1.221 seconds
[2026-05-04T08:44:30.203+0000] {processor.py:186} INFO - Started process (PID=2879) to work on /opt/airflow/dags/main.py
[2026-05-04T08:44:30.207+0000] {processor.py:914} INFO - Processing file /opt/airflow/dags/main.py for tasks to queue
[2026-05-04T08:44:30.215+0000] {logging_mixin.py:190} INFO - [2026-05-04T08:44:30.212+0000] {dagbag.py:588} INFO - Filling up the DagBag from /opt/airflow/dags/main.py
[2026-05-04T08:44:30.709+0000] {processor.py:925} INFO - DAG(s) 'kafka_to_s3' retrieved from /opt/airflow/dags/main.py
[2026-05-04T08:44:30.808+0000] {logging_mixin.py:190} INFO - [2026-05-04T08:44:30.807+0000] {dag.py:3239} INFO - Sync 1 DAGs
[2026-05-04T08:44:30.914+0000] {logging_mixin.py:190} INFO - [2026-05-04T08:44:30.914+0000] {dag.py:4180} INFO - Setting next_dagrun for kafka_to_s3 to 2026-05-04 00:00:00+00:00, run_after=2026-05-05 00:00:00+00:00
[2026-05-04T08:44:30.980+0000] {processor.py:208} INFO - Processing /opt/airflow/dags/main.py took 0.802 seconds
[2026-05-04T08:45:01.376+0000] {processor.py:186} INFO - Started process (PID=2885) to work on /opt/airflow/dags/main.py
[2026-05-04T08:45:01.379+0000] {processor.py:914} INFO - Processing file /opt/airflow/dags/main.py for tasks to queue
[2026-05-04T08:45:01.382+0000] {logging_mixin.py:190} INFO - [2026-05-04T08:45:01.381+0000] {dagbag.py:588} INFO - Filling up the DagBag from /opt/airflow/dags/main.py
[2026-05-04T08:45:01.593+0000] {processor.py:925} INFO - DAG(s) 'kafka_to_s3' retrieved from /opt/airflow/dags/main.py
[2026-05-04T08:45:01.645+0000] {logging_mixin.py:190} INFO - [2026-05-04T08:45:01.645+0000] {dag.py:3239} INFO - Sync 1 DAGs
[2026-05-04T08:45:01.690+0000] {logging_mixin.py:190} INFO - [2026-05-04T08:45:01.690+0000] {dag.py:4180} INFO - Setting next_dagrun for kafka_to_s3 to 2026-05-04 00:00:00+00:00, run_after=2026-05-05 00:00:00+00:00
[2026-05-04T08:45:01.725+0000] {processor.py:208} INFO - Processing /opt/airflow/dags/main.py took 0.365 seconds
[2026-05-04T08:45:32.077+0000] {processor.py:186} INFO - Started process (PID=2892) to work on /opt/airflow/dags/main.py
[2026-05-04T08:45:32.080+0000] {processor.py:914} INFO - Processing file /opt/airflow/dags/main.py for tasks to queue
[2026-05-04T08:45:32.082+0000] {logging_mixin.py:190} INFO - [2026-05-04T08:45:32.081+0000] {dagbag.py:588} INFO - Filling up the DagBag from /opt/airflow/dags/main.py
[2026-05-04T08:45:32.241+0000] {processor.py:925} INFO - DAG(s) 'kafka_to_s3' retrieved from /opt/airflow/dags/main.py
[2026-05-04T08:45:32.278+0000] {logging_mixin.py:190} INFO - [2026-05-04T08:45:32.278+0000] {dag.py:3239} INFO - Sync 1 DAGs
[2026-05-04T08:45:32.312+0000] {logging_mixin.py:190} INFO - [2026-05-04T08:45:32.312+0000] {dag.py:4180} INFO - Setting next_dagrun for kafka_to_s3 to 2026-05-04 00:00:00+00:00, run_after=2026-05-05 00:00:00+00:00
[2026-05-04T08:45:32.340+0000] {processor.py:208} INFO - Processing /opt/airflow/dags/main.py took 0.274 seconds
[2026-05-04T08:46:02.696+0000] {processor.py:186} INFO - Started process (PID=2900) to work on /opt/airflow/dags/main.py
[2026-05-04T08:46:02.698+0000] {processor.py:914} INFO - Processing file /opt/airflow/dags/main.py for tasks to queue
[2026-05-04T08:46:02.700+0000] {logging_mixin.py:190} INFO - [2026-05-04T08:46:02.699+0000] {dagbag.py:588} INFO - Filling up the DagBag from /opt/airflow/dags/main.py
[2026-05-04T08:46:02.890+0000] {processor.py:925} INFO - DAG(s) 'kafka_to_s3' retrieved from /opt/airflow/dags/main.py
[2026-05-04T08:46:02.928+0000] {logging_mixin.py:190} INFO - [2026-05-04T08:46:02.928+0000] {dag.py:3239} INFO - Sync 1 DAGs
[2026-05-04T08:46:02.964+0000] {logging_mixin.py:190} INFO - [2026-05-04T08:46:02.963+0000] {dag.py:4180} INFO - Setting next_dagrun for kafka_to_s3 to 2026-05-04 00:00:00+00:00, run_after=2026-05-05 00:00:00+00:00
[2026-05-04T08:46:02.992+0000] {processor.py:208} INFO - Processing /opt/airflow/dags/main.py took 0.305 seconds
[2026-05-04T08:46:33.660+0000] {processor.py:186} INFO - Started process (PID=2906) to work on /opt/airflow/dags/main.py
[2026-05-04T08:46:33.662+0000] {processor.py:914} INFO - Processing file /opt/airflow/dags/main.py for tasks to queue
[2026-05-04T08:46:33.665+0000] {logging_mixin.py:190} INFO - [2026-05-04T08:46:33.664+0000] {dagbag.py:588} INFO - Filling up the DagBag from /opt/airflow/dags/main.py
[2026-05-04T08:46:33.800+0000] {processor.py:925} INFO - DAG(s) 'kafka_to_s3' retrieved from /opt/airflow/dags/main.py
[2026-05-04T08:46:33.832+0000] {logging_mixin.py:190} INFO - [2026-05-04T08:46:33.832+0000] {dag.py:3239} INFO - Sync 1 DAGs
[2026-05-04T08:46:33.867+0000] {logging_mixin.py:190} INFO - [2026-05-04T08:46:33.867+0000] {dag.py:4180} INFO - Setting next_dagrun for kafka_to_s3 to 2026-05-04 00:00:00+00:00, run_after=2026-05-05 00:00:00+00:00
[2026-05-04T08:46:33.896+0000] {processor.py:208} INFO - Processing /opt/airflow/dags/main.py took 0.244 seconds
[2026-05-04T08:47:04.051+0000] {processor.py:186} INFO - Started process (PID=2913) to work on /opt/airflow/dags/main.py
[2026-05-04T08:47:04.053+0000] {processor.py:914} INFO - Processing file /opt/airflow/dags/main.py for tasks to queue
[2026-05-04T08:47:04.054+0000] {logging_mixin.py:190} INFO - [2026-05-04T08:47:04.054+0000] {dagbag.py:588} INFO - Filling up the DagBag from /opt/airflow/dags/main.py
[2026-05-04T08:47:04.183+0000] {processor.py:925} INFO - DAG(s) 'kafka_to_s3' retrieved from /opt/airflow/dags/main.py
[2026-05-04T08:47:04.212+0000] {logging_mixin.py:190} INFO - [2026-05-04T08:47:04.212+0000] {dag.py:3239} INFO - Sync 1 DAGs
[2026-05-04T08:47:04.242+0000] {logging_mixin.py:190} INFO - [2026-05-04T08:47:04.242+0000] {dag.py:4180} INFO - Setting next_dagrun for kafka_to_s3 to 2026-05-04 00:00:00+00:00, run_after=2026-05-05 00:00:00+00:00
[2026-05-04T08:47:04.267+0000] {processor.py:208} INFO - Processing /opt/airflow/dags/main.py took 0.224 seconds
[2026-05-04T08:47:34.629+0000] {processor.py:186} INFO - Started process (PID=2920) to work on /opt/airflow/dags/main.py
[2026-05-04T08:47:34.631+0000] {processor.py:914} INFO - Processing file /opt/airflow/dags/main.py for tasks to queue
[2026-05-04T08:47:34.633+0000] {logging_mixin.py:190} INFO - [2026-05-04T08:47:34.632+0000] {dagbag.py:588} INFO - Filling up the DagBag from /opt/airflow/dags/main.py
[2026-05-04T08:47:34.806+0000] {processor.py:925} INFO - DAG(s) 'kafka_to_s3' retrieved from /opt/airflow/dags/main.py
[2026-05-04T08:47:34.852+0000] {logging_mixin.py:190} INFO - [2026-05-04T08:47:34.851+0000] {dag.py:3239} INFO - Sync 1 DAGs
[2026-05-04T08:47:34.890+0000] {logging_mixin.py:190} INFO - [2026-05-04T08:47:34.890+0000] {dag.py:4180} INFO - Setting next_dagrun for kafka_to_s3 to 2026-05-04 00:00:00+00:00, run_after=2026-05-05 00:00:00+00:00
[2026-05-04T08:47:34.918+0000] {processor.py:208} INFO - Processing /opt/airflow/dags/main.py took 0.296 seconds
[2026-05-04T08:48:05.052+0000] {processor.py:186} INFO - Started process (PID=2928) to work on /opt/airflow/dags/main.py
[2026-05-04T08:48:05.054+0000] {processor.py:914} INFO - Processing file /opt/airflow/dags/main.py for tasks to queue
[2026-05-04T08:48:05.056+0000] {logging_mixin.py:190} INFO - [2026-05-04T08:48:05.056+0000] {dagbag.py:588} INFO - Filling up the DagBag from /opt/airflow/dags/main.py
[2026-05-04T08:48:05.223+0000] {processor.py:925} INFO - DAG(s) 'kafka_to_s3' retrieved from /opt/airflow/dags/main.py
[2026-05-04T08:48:05.262+0000] {logging_mixin.py:190} INFO - [2026-05-04T08:48:05.262+0000] {dag.py:3239} INFO - Sync 1 DAGs
[2026-05-04T08:48:05.298+0000] {logging_mixin.py:190} INFO - [2026-05-04T08:48:05.298+0000] {dag.py:4180} INFO - Setting next_dagrun for kafka_to_s3 to 2026-05-04 00:00:00+00:00, run_after=2026-05-05 00:00:00+00:00
[2026-05-04T08:48:05.325+0000] {processor.py:208} INFO - Processing /opt/airflow/dags/main.py took 0.286 seconds
[2026-05-04T08:48:35.580+0000] {processor.py:186} INFO - Started process (PID=2935) to work on /opt/airflow/dags/main.py
[2026-05-04T08:48:35.582+0000] {processor.py:914} INFO - Processing file /opt/airflow/dags/main.py for tasks to queue
[2026-05-04T08:48:35.585+0000] {logging_mixin.py:190} INFO - [2026-05-04T08:48:35.585+0000] {dagbag.py:588} INFO - Filling up the DagBag from /opt/airflow/dags/main.py
[2026-05-04T08:48:35.761+0000] {processor.py:925} INFO - DAG(s) 'kafka_to_s3' retrieved from /opt/airflow/dags/main.py
[2026-05-04T08:48:35.808+0000] {logging_mixin.py:190} INFO - [2026-05-04T08:48:35.807+0000] {dag.py:3239} INFO - Sync 1 DAGs
[2026-05-04T08:48:35.847+0000] {logging_mixin.py:190} INFO - [2026-05-04T08:48:35.846+0000] {dag.py:4180} INFO - Setting next_dagrun for kafka_to_s3 to 2026-05-04 00:00:00+00:00, run_after=2026-05-05 00:00:00+00:00
[2026-05-04T08:48:35.876+0000] {processor.py:208} INFO - Processing /opt/airflow/dags/main.py took 0.309 seconds
[2026-05-04T08:49:06.059+0000] {processor.py:186} INFO - Started process (PID=2942) to work on /opt/airflow/dags/main.py
[2026-05-04T08:49:06.060+0000] {processor.py:914} INFO - Processing file /opt/airflow/dags/main.py for tasks to queue
[2026-05-04T08:49:06.062+0000] {logging_mixin.py:190} INFO - [2026-05-04T08:49:06.062+0000] {dagbag.py:588} INFO - Filling up the DagBag from /opt/airflow/dags/main.py
[2026-05-04T08:49:06.187+0000] {processor.py:925} INFO - DAG(s) 'kafka_to_s3' retrieved from /opt/airflow/dags/main.py
[2026-05-04T08:49:06.232+0000] {logging_mixin.py:190} INFO - [2026-05-04T08:49:06.232+0000] {dag.py:3239} INFO - Sync 1 DAGs
[2026-05-04T08:49:06.274+0000] {logging_mixin.py:190} INFO - [2026-05-04T08:49:06.274+0000] {dag.py:4180} INFO - Setting next_dagrun for kafka_to_s3 to 2026-05-04 00:00:00+00:00, run_after=2026-05-05 00:00:00+00:00
[2026-05-04T08:49:06.314+0000] {processor.py:208} INFO - Processing /opt/airflow/dags/main.py took 0.263 seconds
[2026-05-04T08:49:36.822+0000] {processor.py:186} INFO - Started process (PID=2949) to work on /opt/airflow/dags/main.py
[2026-05-04T08:49:36.823+0000] {processor.py:914} INFO - Processing file /opt/airflow/dags/main.py for tasks to queue
[2026-05-04T08:49:36.824+0000] {logging_mixin.py:190} INFO - [2026-05-04T08:49:36.824+0000] {dagbag.py:588} INFO - Filling up the DagBag from /opt/airflow/dags/main.py
[2026-05-04T08:49:36.947+0000] {processor.py:925} INFO - DAG(s) 'kafka_to_s3' retrieved from /opt/airflow/dags/main.py
[2026-05-04T08:49:36.975+0000] {logging_mixin.py:190} INFO - [2026-05-04T08:49:36.975+0000] {dag.py:3239} INFO - Sync 1 DAGs
[2026-05-04T08:49:37.003+0000] {logging_mixin.py:190} INFO - [2026-05-04T08:49:37.003+0000] {dag.py:4180} INFO - Setting next_dagrun for kafka_to_s3 to 2026-05-04 00:00:00+00:00, run_after=2026-05-05 00:00:00+00:00
[2026-05-04T08:49:37.024+0000] {processor.py:208} INFO - Processing /opt/airflow/dags/main.py took 0.208 seconds
[2026-05-04T08:50:07.247+0000] {processor.py:186} INFO - Started process (PID=2956) to work on /opt/airflow/dags/main.py
[2026-05-04T08:50:07.248+0000] {processor.py:914} INFO - Processing file /opt/airflow/dags/main.py for tasks to queue
[2026-05-04T08:50:07.252+0000] {logging_mixin.py:190} INFO - [2026-05-04T08:50:07.250+0000] {dagbag.py:588} INFO - Filling up the DagBag from /opt/airflow/dags/main.py
[2026-05-04T08:50:07.401+0000] {processor.py:925} INFO - DAG(s) 'kafka_to_s3' retrieved from /opt/airflow/dags/main.py
[2026-05-04T08:50:07.444+0000] {logging_mixin.py:190} INFO - [2026-05-04T08:50:07.443+0000] {dag.py:3239} INFO - Sync 1 DAGs
[2026-05-04T08:50:07.484+0000] {logging_mixin.py:190} INFO - [2026-05-04T08:50:07.484+0000] {dag.py:4180} INFO - Setting next_dagrun for kafka_to_s3 to 2026-05-04 00:00:00+00:00, run_after=2026-05-05 00:00:00+00:00
[2026-05-04T08:50:07.526+0000] {processor.py:208} INFO - Processing /opt/airflow/dags/main.py took 0.289 seconds
[2026-05-04T08:50:37.615+0000] {processor.py:186} INFO - Started process (PID=2963) to work on /opt/airflow/dags/main.py
[2026-05-04T08:50:37.616+0000] {processor.py:914} INFO - Processing file /opt/airflow/dags/main.py for tasks to queue
[2026-05-04T08:50:37.619+0000] {logging_mixin.py:190} INFO - [2026-05-04T08:50:37.619+0000] {dagbag.py:588} INFO - Filling up the DagBag from /opt/airflow/dags/main.py
[2026-05-04T08:50:37.760+0000] {processor.py:925} INFO - DAG(s) 'kafka_to_s3' retrieved from /opt/airflow/dags/main.py
[2026-05-04T08:50:37.798+0000] {logging_mixin.py:190} INFO - [2026-05-04T08:50:37.798+0000] {dag.py:3239} INFO - Sync 1 DAGs
[2026-05-04T08:50:37.830+0000] {logging_mixin.py:190} INFO - [2026-05-04T08:50:37.830+0000] {dag.py:4180} INFO - Setting next_dagrun for kafka_to_s3 to 2026-05-04 00:00:00+00:00, run_after=2026-05-05 00:00:00+00:00
[2026-05-04T08:50:37.865+0000] {processor.py:208} INFO - Processing /opt/airflow/dags/main.py took 0.257 seconds
[2026-05-04T08:51:08.266+0000] {processor.py:186} INFO - Started process (PID=2970) to work on /opt/airflow/dags/main.py
[2026-05-04T08:51:08.268+0000] {processor.py:914} INFO - Processing file /opt/airflow/dags/main.py for tasks to queue
[2026-05-04T08:51:08.271+0000] {logging_mixin.py:190} INFO - [2026-05-04T08:51:08.270+0000] {dagbag.py:588} INFO - Filling up the DagBag from /opt/airflow/dags/main.py
[2026-05-04T08:51:08.424+0000] {processor.py:925} INFO - DAG(s) 'kafka_to_s3' retrieved from /opt/airflow/dags/main.py
[2026-05-04T08:51:08.474+0000] {logging_mixin.py:190} INFO - [2026-05-04T08:51:08.474+0000] {dag.py:3239} INFO - Sync 1 DAGs
[2026-05-04T08:51:08.559+0000] {logging_mixin.py:190} INFO - [2026-05-04T08:51:08.559+0000] {dag.py:4180} INFO - Setting next_dagrun for kafka_to_s3 to 2026-05-04 00:00:00+00:00, run_after=2026-05-05 00:00:00+00:00
[2026-05-04T08:51:08.589+0000] {processor.py:208} INFO - Processing /opt/airflow/dags/main.py took 0.333 seconds
[2026-05-04T08:51:38.648+0000] {processor.py:186} INFO - Started process (PID=2977) to work on /opt/airflow/dags/main.py
[2026-05-04T08:51:38.649+0000] {processor.py:914} INFO - Processing file /opt/airflow/dags/main.py for tasks to queue
[2026-05-04T08:51:38.651+0000] {logging_mixin.py:190} INFO - [2026-05-04T08:51:38.650+0000] {dagbag.py:588} INFO - Filling up the DagBag from /opt/airflow/dags/main.py
[2026-05-04T08:51:38.806+0000] {processor.py:925} INFO - DAG(s) 'kafka_to_s3' retrieved from /opt/airflow/dags/main.py
[2026-05-04T08:51:38.841+0000] {logging_mixin.py:190} INFO - [2026-05-04T08:51:38.841+0000] {dag.py:3239} INFO - Sync 1 DAGs
[2026-05-04T08:51:38.878+0000] {logging_mixin.py:190} INFO - [2026-05-04T08:51:38.878+0000] {dag.py:4180} INFO - Setting next_dagrun for kafka_to_s3 to 2026-05-04 00:00:00+00:00, run_after=2026-05-05 00:00:00+00:00
[2026-05-04T08:51:38.905+0000] {processor.py:208} INFO - Processing /opt/airflow/dags/main.py took 0.267 seconds
[2026-05-04T08:52:08.994+0000] {processor.py:186} INFO - Started process (PID=2984) to work on /opt/airflow/dags/main.py
[2026-05-04T08:52:08.996+0000] {processor.py:914} INFO - Processing file /opt/airflow/dags/main.py for tasks to queue
[2026-05-04T08:52:08.998+0000] {logging_mixin.py:190} INFO - [2026-05-04T08:52:08.998+0000] {dagbag.py:588} INFO - Filling up the DagBag from /opt/airflow/dags/main.py
[2026-05-04T08:52:09.157+0000] {processor.py:925} INFO - DAG(s) 'kafka_to_s3' retrieved from /opt/airflow/dags/main.py
[2026-05-04T08:52:09.199+0000] {logging_mixin.py:190} INFO - [2026-05-04T08:52:09.199+0000] {dag.py:3239} INFO - Sync 1 DAGs
[2026-05-04T08:52:09.256+0000] {logging_mixin.py:190} INFO - [2026-05-04T08:52:09.256+0000] {dag.py:4180} INFO - Setting next_dagrun for kafka_to_s3 to 2026-05-04 00:00:00+00:00, run_after=2026-05-05 00:00:00+00:00
[2026-05-04T08:52:09.293+0000] {processor.py:208} INFO - Processing /opt/airflow/dags/main.py took 0.308 seconds
[2026-05-04T08:52:39.577+0000] {processor.py:186} INFO - Started process (PID=2991) to work on /opt/airflow/dags/main.py
[2026-05-04T08:52:39.579+0000] {processor.py:914} INFO - Processing file /opt/airflow/dags/main.py for tasks to queue
[2026-05-04T08:52:39.582+0000] {logging_mixin.py:190} INFO - [2026-05-04T08:52:39.581+0000] {dagbag.py:588} INFO - Filling up the DagBag from /opt/airflow/dags/main.py
[2026-05-04T08:52:39.729+0000] {processor.py:925} INFO - DAG(s) 'kafka_to_s3' retrieved from /opt/airflow/dags/main.py
[2026-05-04T08:52:39.759+0000] {logging_mixin.py:190} INFO - [2026-05-04T08:52:39.759+0000] {dag.py:3239} INFO - Sync 1 DAGs
[2026-05-04T08:52:39.792+0000] {logging_mixin.py:190} INFO - [2026-05-04T08:52:39.791+0000] {dag.py:4180} INFO - Setting next_dagrun for kafka_to_s3 to 2026-05-04 00:00:00+00:00, run_after=2026-05-05 00:00:00+00:00
[2026-05-04T08:52:39.819+0000] {processor.py:208} INFO - Processing /opt/airflow/dags/main.py took 0.248 seconds
[2026-05-04T08:53:09.908+0000] {processor.py:186} INFO - Started process (PID=2998) to work on /opt/airflow/dags/main.py
[2026-05-04T08:53:09.910+0000] {processor.py:914} INFO - Processing file /opt/airflow/dags/main.py for tasks to queue
[2026-05-04T08:53:09.913+0000] {logging_mixin.py:190} INFO - [2026-05-04T08:53:09.912+0000] {dagbag.py:588} INFO - Filling up the DagBag from /opt/airflow/dags/main.py
[2026-05-04T08:53:10.165+0000] {processor.py:925} INFO - DAG(s) 'kafka_to_s3' retrieved from /opt/airflow/dags/main.py
[2026-05-04T08:53:10.205+0000] {logging_mixin.py:190} INFO - [2026-05-04T08:53:10.205+0000] {dag.py:3239} INFO - Sync 1 DAGs
[2026-05-04T08:53:10.243+0000] {logging_mixin.py:190} INFO - [2026-05-04T08:53:10.243+0000] {dag.py:4180} INFO - Setting next_dagrun for kafka_to_s3 to 2026-05-04 00:00:00+00:00, run_after=2026-05-05 00:00:00+00:00
[2026-05-04T08:53:10.269+0000] {processor.py:208} INFO - Processing /opt/airflow/dags/main.py took 0.375 seconds
[2026-05-04T08:53:40.508+0000] {processor.py:186} INFO - Started process (PID=3005) to work on /opt/airflow/dags/main.py
[2026-05-04T08:53:40.509+0000] {processor.py:914} INFO - Processing file /opt/airflow/dags/main.py for tasks to queue
[2026-05-04T08:53:40.511+0000] {logging_mixin.py:190} INFO - [2026-05-04T08:53:40.510+0000] {dagbag.py:588} INFO - Filling up the DagBag from /opt/airflow/dags/main.py
[2026-05-04T08:53:40.664+0000] {processor.py:925} INFO - DAG(s) 'kafka_to_s3' retrieved from /opt/airflow/dags/main.py
[2026-05-04T08:53:40.699+0000] {logging_mixin.py:190} INFO - [2026-05-04T08:53:40.698+0000] {dag.py:3239} INFO - Sync 1 DAGs
[2026-05-04T08:53:40.730+0000] {logging_mixin.py:190} INFO - [2026-05-04T08:53:40.729+0000] {dag.py:4180} INFO - Setting next_dagrun for kafka_to_s3 to 2026-05-04 00:00:00+00:00, run_after=2026-05-05 00:00:00+00:00
[2026-05-04T08:53:40.766+0000] {processor.py:208} INFO - Processing /opt/airflow/dags/main.py took 0.267 seconds
[2026-05-04T08:54:10.957+0000] {processor.py:186} INFO - Started process (PID=3012) to work on /opt/airflow/dags/main.py
[2026-05-04T08:54:10.959+0000] {processor.py:914} INFO - Processing file /opt/airflow/dags/main.py for tasks to queue
[2026-05-04T08:54:10.962+0000] {logging_mixin.py:190} INFO - [2026-05-04T08:54:10.961+0000] {dagbag.py:588} INFO - Filling up the DagBag from /opt/airflow/dags/main.py
[2026-05-04T08:54:11.166+0000] {processor.py:925} INFO - DAG(s) 'kafka_to_s3' retrieved from /opt/airflow/dags/main.py
[2026-05-04T08:54:11.210+0000] {logging_mixin.py:190} INFO - [2026-05-04T08:54:11.209+0000] {dag.py:3239} INFO - Sync 1 DAGs
[2026-05-04T08:54:11.257+0000] {logging_mixin.py:190} INFO - [2026-05-04T08:54:11.256+0000] {dag.py:4180} INFO - Setting next_dagrun for kafka_to_s3 to 2026-05-04 00:00:00+00:00, run_after=2026-05-05 00:00:00+00:00
[2026-05-04T08:54:11.285+0000] {processor.py:208} INFO - Processing /opt/airflow/dags/main.py took 0.341 seconds
[2026-05-04T08:54:41.435+0000] {processor.py:186} INFO - Started process (PID=3019) to work on /opt/airflow/dags/main.py
[2026-05-04T08:54:41.437+0000] {processor.py:914} INFO - Processing file /opt/airflow/dags/main.py for tasks to queue
[2026-05-04T08:54:41.439+0000] {logging_mixin.py:190} INFO - [2026-05-04T08:54:41.438+0000] {dagbag.py:588} INFO - Filling up the DagBag from /opt/airflow/dags/main.py
[2026-05-04T08:54:41.638+0000] {processor.py:925} INFO - DAG(s) 'kafka_to_s3' retrieved from /opt/airflow/dags/main.py
[2026-05-04T08:54:41.697+0000] {logging_mixin.py:190} INFO - [2026-05-04T08:54:41.697+0000] {dag.py:3239} INFO - Sync 1 DAGs
[2026-05-04T08:54:41.743+0000] {logging_mixin.py:190} INFO - [2026-05-04T08:54:41.742+0000] {dag.py:4180} INFO - Setting next_dagrun for kafka_to_s3 to 2026-05-04 00:00:00+00:00, run_after=2026-05-05 00:00:00+00:00
[2026-05-04T08:54:41.768+0000] {processor.py:208} INFO - Processing /opt/airflow/dags/main.py took 0.340 seconds
[2026-05-04T08:55:11.996+0000] {processor.py:186} INFO - Started process (PID=3026) to work on /opt/airflow/dags/main.py
[2026-05-04T08:55:11.997+0000] {processor.py:914} INFO - Processing file /opt/airflow/dags/main.py for tasks to queue
[2026-05-04T08:55:11.999+0000] {logging_mixin.py:190} INFO - [2026-05-04T08:55:11.998+0000] {dagbag.py:588} INFO - Filling up the DagBag from /opt/airflow/dags/main.py
[2026-05-04T08:55:12.136+0000] {processor.py:925} INFO - DAG(s) 'kafka_to_s3' retrieved from /opt/airflow/dags/main.py
[2026-05-04T08:55:12.170+0000] {logging_mixin.py:190} INFO - [2026-05-04T08:55:12.169+0000] {dag.py:3239} INFO - Sync 1 DAGs
[2026-05-04T08:55:12.215+0000] {logging_mixin.py:190} INFO - [2026-05-04T08:55:12.214+0000] {dag.py:4180} INFO - Setting next_dagrun for kafka_to_s3 to 2026-05-04 00:00:00+00:00, run_after=2026-05-05 00:00:00+00:00
[2026-05-04T08:55:12.252+0000] {processor.py:208} INFO - Processing /opt/airflow/dags/main.py took 0.266 seconds
[2026-05-04T08:55:42.478+0000] {processor.py:186} INFO - Started process (PID=3033) to work on /opt/airflow/dags/main.py
[2026-05-04T08:55:42.480+0000] {processor.py:914} INFO - Processing file /opt/airflow/dags/main.py for tasks to queue
[2026-05-04T08:55:42.481+0000] {logging_mixin.py:190} INFO - [2026-05-04T08:55:42.481+0000] {dagbag.py:588} INFO - Filling up the DagBag from /opt/airflow/dags/main.py
[2026-05-04T08:55:42.631+0000] {processor.py:925} INFO - DAG(s) 'kafka_to_s3' retrieved from /opt/airflow/dags/main.py
[2026-05-04T08:55:42.661+0000] {logging_mixin.py:190} INFO - [2026-05-04T08:55:42.661+0000] {dag.py:3239} INFO - Sync 1 DAGs
[2026-05-04T08:55:42.691+0000] {logging_mixin.py:190} INFO - [2026-05-04T08:55:42.691+0000] {dag.py:4180} INFO - Setting next_dagrun for kafka_to_s3 to 2026-05-04 00:00:00+00:00, run_after=2026-05-05 00:00:00+00:00
[2026-05-04T08:55:42.718+0000] {processor.py:208} INFO - Processing /opt/airflow/dags/main.py took 0.248 seconds
[2026-05-04T08:56:12.919+0000] {processor.py:186} INFO - Started process (PID=3040) to work on /opt/airflow/dags/main.py
[2026-05-04T08:56:12.924+0000] {processor.py:914} INFO - Processing file /opt/airflow/dags/main.py for tasks to queue
[2026-05-04T08:56:12.928+0000] {logging_mixin.py:190} INFO - [2026-05-04T08:56:12.927+0000] {dagbag.py:588} INFO - Filling up the DagBag from /opt/airflow/dags/main.py
[2026-05-04T08:56:13.123+0000] {processor.py:925} INFO - DAG(s) 'kafka_to_s3' retrieved from /opt/airflow/dags/main.py
[2026-05-04T08:56:13.163+0000] {logging_mixin.py:190} INFO - [2026-05-04T08:56:13.163+0000] {dag.py:3239} INFO - Sync 1 DAGs
[2026-05-04T08:56:13.202+0000] {logging_mixin.py:190} INFO - [2026-05-04T08:56:13.202+0000] {dag.py:4180} INFO - Setting next_dagrun for kafka_to_s3 to 2026-05-04 00:00:00+00:00, run_after=2026-05-05 00:00:00+00:00
[2026-05-04T08:56:13.236+0000] {processor.py:208} INFO - Processing /opt/airflow/dags/main.py took 0.350 seconds
[2026-05-04T08:56:43.332+0000] {processor.py:186} INFO - Started process (PID=3047) to work on /opt/airflow/dags/main.py
[2026-05-04T08:56:43.334+0000] {processor.py:914} INFO - Processing file /opt/airflow/dags/main.py for tasks to queue
[2026-05-04T08:56:43.337+0000] {logging_mixin.py:190} INFO - [2026-05-04T08:56:43.336+0000] {dagbag.py:588} INFO - Filling up the DagBag from /opt/airflow/dags/main.py
[2026-05-04T08:56:43.475+0000] {processor.py:925} INFO - DAG(s) 'kafka_to_s3' retrieved from /opt/airflow/dags/main.py
[2026-05-04T08:56:43.516+0000] {logging_mixin.py:190} INFO - [2026-05-04T08:56:43.515+0000] {dag.py:3239} INFO - Sync 1 DAGs
[2026-05-04T08:56:43.552+0000] {logging_mixin.py:190} INFO - [2026-05-04T08:56:43.551+0000] {dag.py:4180} INFO - Setting next_dagrun for kafka_to_s3 to 2026-05-04 00:00:00+00:00, run_after=2026-05-05 00:00:00+00:00
[2026-05-04T08:56:43.578+0000] {processor.py:208} INFO - Processing /opt/airflow/dags/main.py took 0.252 seconds
[2026-05-04T08:57:14.563+0000] {processor.py:186} INFO - Started process (PID=3054) to work on /opt/airflow/dags/main.py
[2026-05-04T08:57:14.565+0000] {processor.py:914} INFO - Processing file /opt/airflow/dags/main.py for tasks to queue
[2026-05-04T08:57:14.567+0000] {logging_mixin.py:190} INFO - [2026-05-04T08:57:14.567+0000] {dagbag.py:588} INFO - Filling up the DagBag from /opt/airflow/dags/main.py
[2026-05-04T08:57:14.702+0000] {processor.py:925} INFO - DAG(s) 'kafka_to_s3' retrieved from /opt/airflow/dags/main.py
[2026-05-04T08:57:14.738+0000] {logging_mixin.py:190} INFO - [2026-05-04T08:57:14.737+0000] {dag.py:3239} INFO - Sync 1 DAGs
[2026-05-04T08:57:14.773+0000] {logging_mixin.py:190} INFO - [2026-05-04T08:57:14.772+0000] {dag.py:4180} INFO - Setting next_dagrun for kafka_to_s3 to 2026-05-04 00:00:00+00:00, run_after=2026-05-05 00:00:00+00:00
[2026-05-04T08:57:14.798+0000] {processor.py:208} INFO - Processing /opt/airflow/dags/main.py took 0.241 seconds
[2026-05-04T08:57:45.413+0000] {processor.py:186} INFO - Started process (PID=3061) to work on /opt/airflow/dags/main.py
[2026-05-04T08:57:45.425+0000] {processor.py:914} INFO - Processing file /opt/airflow/dags/main.py for tasks to queue
[2026-05-04T08:57:45.427+0000] {logging_mixin.py:190} INFO - [2026-05-04T08:57:45.427+0000] {dagbag.py:588} INFO - Filling up the DagBag from /opt/airflow/dags/main.py
[2026-05-04T08:57:45.612+0000] {processor.py:925} INFO - DAG(s) 'kafka_to_s3' retrieved from /opt/airflow/dags/main.py
[2026-05-04T08:57:45.662+0000] {logging_mixin.py:190} INFO - [2026-05-04T08:57:45.661+0000] {dag.py:3239} INFO - Sync 1 DAGs
[2026-05-04T08:57:45.721+0000] {logging_mixin.py:190} INFO - [2026-05-04T08:57:45.721+0000] {dag.py:4180} INFO - Setting next_dagrun for kafka_to_s3 to 2026-05-04 00:00:00+00:00, run_after=2026-05-05 00:00:00+00:00
[2026-05-04T08:57:45.753+0000] {processor.py:208} INFO - Processing /opt/airflow/dags/main.py took 0.350 seconds
[2026-05-04T08:58:16.421+0000] {processor.py:186} INFO - Started process (PID=3068) to work on /opt/airflow/dags/main.py
[2026-05-04T08:58:16.426+0000] {processor.py:914} INFO - Processing file /opt/airflow/dags/main.py for tasks to queue
[2026-05-04T08:58:16.435+0000] {logging_mixin.py:190} INFO - [2026-05-04T08:58:16.430+0000] {dagbag.py:588} INFO - Filling up the DagBag from /opt/airflow/dags/main.py
[2026-05-04T08:58:17.354+0000] {processor.py:925} INFO - DAG(s) 'kafka_to_s3' retrieved from /opt/airflow/dags/main.py
[2026-05-04T08:58:17.509+0000] {logging_mixin.py:190} INFO - [2026-05-04T08:58:17.509+0000] {dag.py:3239} INFO - Sync 1 DAGs
[2026-05-04T08:58:17.657+0000] {logging_mixin.py:190} INFO - [2026-05-04T08:58:17.656+0000] {dag.py:4180} INFO - Setting next_dagrun for kafka_to_s3 to 2026-05-04 00:00:00+00:00, run_after=2026-05-05 00:00:00+00:00
[2026-05-04T08:58:17.763+0000] {processor.py:208} INFO - Processing /opt/airflow/dags/main.py took 1.384 seconds
[2026-05-04T08:58:47.953+0000] {processor.py:186} INFO - Started process (PID=3075) to work on /opt/airflow/dags/main.py
[2026-05-04T08:58:47.955+0000] {processor.py:914} INFO - Processing file /opt/airflow/dags/main.py for tasks to queue
[2026-05-04T08:58:47.958+0000] {logging_mixin.py:190} INFO - [2026-05-04T08:58:47.957+0000] {dagbag.py:588} INFO - Filling up the DagBag from /opt/airflow/dags/main.py
[2026-05-04T08:58:48.120+0000] {processor.py:925} INFO - DAG(s) 'kafka_to_s3' retrieved from /opt/airflow/dags/main.py
[2026-05-04T08:58:48.156+0000] {logging_mixin.py:190} INFO - [2026-05-04T08:58:48.156+0000] {dag.py:3239} INFO - Sync 1 DAGs
[2026-05-04T08:58:48.190+0000] {logging_mixin.py:190} INFO - [2026-05-04T08:58:48.190+0000] {dag.py:4180} INFO - Setting next_dagrun for kafka_to_s3 to 2026-05-04 00:00:00+00:00, run_after=2026-05-05 00:00:00+00:00
[2026-05-04T08:58:48.218+0000] {processor.py:208} INFO - Processing /opt/airflow/dags/main.py took 0.284 seconds
[2026-05-04T08:59:18.531+0000] {processor.py:186} INFO - Started process (PID=3082) to work on /opt/airflow/dags/main.py
[2026-05-04T08:59:18.532+0000] {processor.py:914} INFO - Processing file /opt/airflow/dags/main.py for tasks to queue
[2026-05-04T08:59:18.534+0000] {logging_mixin.py:190} INFO - [2026-05-04T08:59:18.534+0000] {dagbag.py:588} INFO - Filling up the DagBag from /opt/airflow/dags/main.py
[2026-05-04T08:59:18.683+0000] {processor.py:925} INFO - DAG(s) 'kafka_to_s3' retrieved from /opt/airflow/dags/main.py
[2026-05-04T08:59:18.721+0000] {logging_mixin.py:190} INFO - [2026-05-04T08:59:18.721+0000] {dag.py:3239} INFO - Sync 1 DAGs
[2026-05-04T08:59:18.758+0000] {logging_mixin.py:190} INFO - [2026-05-04T08:59:18.757+0000] {dag.py:4180} INFO - Setting next_dagrun for kafka_to_s3 to 2026-05-04 00:00:00+00:00, run_after=2026-05-05 00:00:00+00:00
[2026-05-04T08:59:18.788+0000] {processor.py:208} INFO - Processing /opt/airflow/dags/main.py took 0.268 seconds
[2026-05-04T08:59:49.130+0000] {processor.py:186} INFO - Started process (PID=3089) to work on /opt/airflow/dags/main.py
[2026-05-04T08:59:49.131+0000] {processor.py:914} INFO - Processing file /opt/airflow/dags/main.py for tasks to queue
[2026-05-04T08:59:49.134+0000] {logging_mixin.py:190} INFO - [2026-05-04T08:59:49.133+0000] {dagbag.py:588} INFO - Filling up the DagBag from /opt/airflow/dags/main.py
[2026-05-04T08:59:49.299+0000] {processor.py:925} INFO - DAG(s) 'kafka_to_s3' retrieved from /opt/airflow/dags/main.py
[2026-05-04T08:59:49.330+0000] {logging_mixin.py:190} INFO - [2026-05-04T08:59:49.330+0000] {dag.py:3239} INFO - Sync 1 DAGs
[2026-05-04T08:59:49.360+0000] {logging_mixin.py:190} INFO - [2026-05-04T08:59:49.359+0000] {dag.py:4180} INFO - Setting next_dagrun for kafka_to_s3 to 2026-05-04 00:00:00+00:00, run_after=2026-05-05 00:00:00+00:00
[2026-05-04T08:59:49.387+0000] {processor.py:208} INFO - Processing /opt/airflow/dags/main.py took 0.267 seconds
[2026-05-04T09:00:19.608+0000] {processor.py:186} INFO - Started process (PID=3096) to work on /opt/airflow/dags/main.py
[2026-05-04T09:00:19.609+0000] {processor.py:914} INFO - Processing file /opt/airflow/dags/main.py for tasks to queue
[2026-05-04T09:00:19.611+0000] {logging_mixin.py:190} INFO - [2026-05-04T09:00:19.611+0000] {dagbag.py:588} INFO - Filling up the DagBag from /opt/airflow/dags/main.py
[2026-05-04T09:00:19.804+0000] {processor.py:925} INFO - DAG(s) 'kafka_to_s3' retrieved from /opt/airflow/dags/main.py
[2026-05-04T09:00:19.858+0000] {logging_mixin.py:190} INFO - [2026-05-04T09:00:19.858+0000] {dag.py:3239} INFO - Sync 1 DAGs
[2026-05-04T09:00:19.896+0000] {logging_mixin.py:190} INFO - [2026-05-04T09:00:19.896+0000] {dag.py:4180} INFO - Setting next_dagrun for kafka_to_s3 to 2026-05-04 00:00:00+00:00, run_after=2026-05-05 00:00:00+00:00
[2026-05-04T09:00:19.925+0000] {processor.py:208} INFO - Processing /opt/airflow/dags/main.py took 0.328 seconds
[2026-05-04T09:00:50.261+0000] {processor.py:186} INFO - Started process (PID=3103) to work on /opt/airflow/dags/main.py
[2026-05-04T09:00:50.262+0000] {processor.py:914} INFO - Processing file /opt/airflow/dags/main.py for tasks to queue
[2026-05-04T09:00:50.264+0000] {logging_mixin.py:190} INFO - [2026-05-04T09:00:50.263+0000] {dagbag.py:588} INFO - Filling up the DagBag from /opt/airflow/dags/main.py
[2026-05-04T09:00:50.403+0000] {processor.py:925} INFO - DAG(s) 'kafka_to_s3' retrieved from /opt/airflow/dags/main.py
[2026-05-04T09:00:50.438+0000] {logging_mixin.py:190} INFO - [2026-05-04T09:00:50.438+0000] {dag.py:3239} INFO - Sync 1 DAGs
[2026-05-04T09:00:50.476+0000] {logging_mixin.py:190} INFO - [2026-05-04T09:00:50.476+0000] {dag.py:4180} INFO - Setting next_dagrun for kafka_to_s3 to 2026-05-04 00:00:00+00:00, run_after=2026-05-05 00:00:00+00:00
[2026-05-04T09:00:50.502+0000] {processor.py:208} INFO - Processing /opt/airflow/dags/main.py took 0.249 seconds
[2026-05-04T09:01:20.602+0000] {processor.py:186} INFO - Started process (PID=3110) to work on /opt/airflow/dags/main.py
[2026-05-04T09:01:20.603+0000] {processor.py:914} INFO - Processing file /opt/airflow/dags/main.py for tasks to queue
[2026-05-04T09:01:20.606+0000] {logging_mixin.py:190} INFO - [2026-05-04T09:01:20.605+0000] {dagbag.py:588} INFO - Filling up the DagBag from /opt/airflow/dags/main.py
[2026-05-04T09:01:20.769+0000] {processor.py:925} INFO - DAG(s) 'kafka_to_s3' retrieved from /opt/airflow/dags/main.py
[2026-05-04T09:01:20.808+0000] {logging_mixin.py:190} INFO - [2026-05-04T09:01:20.807+0000] {dag.py:3239} INFO - Sync 1 DAGs
[2026-05-04T09:01:20.844+0000] {logging_mixin.py:190} INFO - [2026-05-04T09:01:20.844+0000] {dag.py:4180} INFO - Setting next_dagrun for kafka_to_s3 to 2026-05-04 00:00:00+00:00, run_after=2026-05-05 00:00:00+00:00
[2026-05-04T09:01:20.869+0000] {processor.py:208} INFO - Processing /opt/airflow/dags/main.py took 0.275 seconds
[2026-05-04T09:01:51.218+0000] {processor.py:186} INFO - Started process (PID=3118) to work on /opt/airflow/dags/main.py
[2026-05-04T09:01:51.219+0000] {processor.py:914} INFO - Processing file /opt/airflow/dags/main.py for tasks to queue
[2026-05-04T09:01:51.222+0000] {logging_mixin.py:190} INFO - [2026-05-04T09:01:51.221+0000] {dagbag.py:588} INFO - Filling up the DagBag from /opt/airflow/dags/main.py
[2026-05-04T09:01:51.350+0000] {processor.py:925} INFO - DAG(s) 'kafka_to_s3' retrieved from /opt/airflow/dags/main.py
[2026-05-04T09:01:51.381+0000] {logging_mixin.py:190} INFO - [2026-05-04T09:01:51.381+0000] {dag.py:3239} INFO - Sync 1 DAGs
[2026-05-04T09:01:51.413+0000] {logging_mixin.py:190} INFO - [2026-05-04T09:01:51.412+0000] {dag.py:4180} INFO - Setting next_dagrun for kafka_to_s3 to 2026-05-04 00:00:00+00:00, run_after=2026-05-05 00:00:00+00:00
[2026-05-04T09:01:51.435+0000] {processor.py:208} INFO - Processing /opt/airflow/dags/main.py took 0.223 seconds
[2026-05-04T09:02:21.948+0000] {processor.py:186} INFO - Started process (PID=3125) to work on /opt/airflow/dags/main.py
[2026-05-04T09:02:21.949+0000] {processor.py:914} INFO - Processing file /opt/airflow/dags/main.py for tasks to queue
[2026-05-04T09:02:21.951+0000] {logging_mixin.py:190} INFO - [2026-05-04T09:02:21.950+0000] {dagbag.py:588} INFO - Filling up the DagBag from /opt/airflow/dags/main.py
[2026-05-04T09:02:22.109+0000] {processor.py:925} INFO - DAG(s) 'kafka_to_s3' retrieved from /opt/airflow/dags/main.py
[2026-05-04T09:02:22.155+0000] {logging_mixin.py:190} INFO - [2026-05-04T09:02:22.155+0000] {dag.py:3239} INFO - Sync 1 DAGs
[2026-05-04T09:02:22.192+0000] {logging_mixin.py:190} INFO - [2026-05-04T09:02:22.192+0000] {dag.py:4180} INFO - Setting next_dagrun for kafka_to_s3 to 2026-05-04 00:00:00+00:00, run_after=2026-05-05 00:00:00+00:00
[2026-05-04T09:02:22.221+0000] {processor.py:208} INFO - Processing /opt/airflow/dags/main.py took 0.285 seconds
[2026-05-04T09:02:52.495+0000] {processor.py:186} INFO - Started process (PID=3132) to work on /opt/airflow/dags/main.py
[2026-05-04T09:02:52.497+0000] {processor.py:914} INFO - Processing file /opt/airflow/dags/main.py for tasks to queue
[2026-05-04T09:02:52.499+0000] {logging_mixin.py:190} INFO - [2026-05-04T09:02:52.498+0000] {dagbag.py:588} INFO - Filling up the DagBag from /opt/airflow/dags/main.py
[2026-05-04T09:02:52.678+0000] {processor.py:925} INFO - DAG(s) 'kafka_to_s3' retrieved from /opt/airflow/dags/main.py
[2026-05-04T09:02:52.756+0000] {logging_mixin.py:190} INFO - [2026-05-04T09:02:52.755+0000] {dag.py:3239} INFO - Sync 1 DAGs
[2026-05-04T09:02:52.830+0000] {logging_mixin.py:190} INFO - [2026-05-04T09:02:52.829+0000] {dag.py:4180} INFO - Setting next_dagrun for kafka_to_s3 to 2026-05-04 00:00:00+00:00, run_after=2026-05-05 00:00:00+00:00
[2026-05-04T09:02:52.875+0000] {processor.py:208} INFO - Processing /opt/airflow/dags/main.py took 0.391 seconds
[2026-05-04T09:03:23.650+0000] {processor.py:186} INFO - Started process (PID=3139) to work on /opt/airflow/dags/main.py
[2026-05-04T09:03:23.651+0000] {processor.py:914} INFO - Processing file /opt/airflow/dags/main.py for tasks to queue
[2026-05-04T09:03:23.653+0000] {logging_mixin.py:190} INFO - [2026-05-04T09:03:23.653+0000] {dagbag.py:588} INFO - Filling up the DagBag from /opt/airflow/dags/main.py
[2026-05-04T09:03:23.783+0000] {processor.py:925} INFO - DAG(s) 'kafka_to_s3' retrieved from /opt/airflow/dags/main.py
[2026-05-04T09:03:23.813+0000] {logging_mixin.py:190} INFO - [2026-05-04T09:03:23.812+0000] {dag.py:3239} INFO - Sync 1 DAGs
[2026-05-04T09:03:23.841+0000] {logging_mixin.py:190} INFO - [2026-05-04T09:03:23.840+0000] {dag.py:4180} INFO - Setting next_dagrun for kafka_to_s3 to 2026-05-04 00:00:00+00:00, run_after=2026-05-05 00:00:00+00:00
[2026-05-04T09:03:23.862+0000] {processor.py:208} INFO - Processing /opt/airflow/dags/main.py took 0.221 seconds
[2026-05-04T09:03:54.073+0000] {processor.py:186} INFO - Started process (PID=3146) to work on /opt/airflow/dags/main.py
[2026-05-04T09:03:54.074+0000] {processor.py:914} INFO - Processing file /opt/airflow/dags/main.py for tasks to queue
[2026-05-04T09:03:54.076+0000] {logging_mixin.py:190} INFO - [2026-05-04T09:03:54.076+0000] {dagbag.py:588} INFO - Filling up the DagBag from /opt/airflow/dags/main.py
[2026-05-04T09:03:54.229+0000] {processor.py:925} INFO - DAG(s) 'kafka_to_s3' retrieved from /opt/airflow/dags/main.py
[2026-05-04T09:03:54.269+0000] {logging_mixin.py:190} INFO - [2026-05-04T09:03:54.268+0000] {dag.py:3239} INFO - Sync 1 DAGs
[2026-05-04T09:03:54.307+0000] {logging_mixin.py:190} INFO - [2026-05-04T09:03:54.307+0000] {dag.py:4180} INFO - Setting next_dagrun for kafka_to_s3 to 2026-05-04 00:00:00+00:00, run_after=2026-05-05 00:00:00+00:00
[2026-05-04T09:03:54.334+0000] {processor.py:208} INFO - Processing /opt/airflow/dags/main.py took 0.271 seconds
[2026-05-04T09:04:24.590+0000] {processor.py:186} INFO - Started process (PID=3153) to work on /opt/airflow/dags/main.py
[2026-05-04T09:04:24.592+0000] {processor.py:914} INFO - Processing file /opt/airflow/dags/main.py for tasks to queue
[2026-05-04T09:04:24.594+0000] {logging_mixin.py:190} INFO - [2026-05-04T09:04:24.594+0000] {dagbag.py:588} INFO - Filling up the DagBag from /opt/airflow/dags/main.py
[2026-05-04T09:04:24.743+0000] {processor.py:925} INFO - DAG(s) 'kafka_to_s3' retrieved from /opt/airflow/dags/main.py
[2026-05-04T09:04:24.779+0000] {logging_mixin.py:190} INFO - [2026-05-04T09:04:24.779+0000] {dag.py:3239} INFO - Sync 1 DAGs
[2026-05-04T09:04:24.810+0000] {logging_mixin.py:190} INFO - [2026-05-04T09:04:24.810+0000] {dag.py:4180} INFO - Setting next_dagrun for kafka_to_s3 to 2026-05-04 00:00:00+00:00, run_after=2026-05-05 00:00:00+00:00
[2026-05-04T09:04:24.836+0000] {processor.py:208} INFO - Processing /opt/airflow/dags/main.py took 0.255 seconds
[2026-05-04T09:04:54.974+0000] {processor.py:186} INFO - Started process (PID=3165) to work on /opt/airflow/dags/main.py
[2026-05-04T09:04:54.976+0000] {processor.py:914} INFO - Processing file /opt/airflow/dags/main.py for tasks to queue
[2026-05-04T09:04:54.979+0000] {logging_mixin.py:190} INFO - [2026-05-04T09:04:54.978+0000] {dagbag.py:588} INFO - Filling up the DagBag from /opt/airflow/dags/main.py
[2026-05-04T09:04:55.113+0000] {processor.py:925} INFO - DAG(s) 'kafka_to_s3' retrieved from /opt/airflow/dags/main.py
[2026-05-04T09:04:55.143+0000] {logging_mixin.py:190} INFO - [2026-05-04T09:04:55.143+0000] {dag.py:3239} INFO - Sync 1 DAGs
[2026-05-04T09:04:55.171+0000] {logging_mixin.py:190} INFO - [2026-05-04T09:04:55.171+0000] {dag.py:4180} INFO - Setting next_dagrun for kafka_to_s3 to 2026-05-04 00:00:00+00:00, run_after=2026-05-05 00:00:00+00:00
[2026-05-04T09:04:55.198+0000] {processor.py:208} INFO - Processing /opt/airflow/dags/main.py took 0.232 seconds
[2026-05-04T09:05:25.566+0000] {processor.py:186} INFO - Started process (PID=3172) to work on /opt/airflow/dags/main.py
[2026-05-04T09:05:25.567+0000] {processor.py:914} INFO - Processing file /opt/airflow/dags/main.py for tasks to queue
[2026-05-04T09:05:25.569+0000] {logging_mixin.py:190} INFO - [2026-05-04T09:05:25.568+0000] {dagbag.py:588} INFO - Filling up the DagBag from /opt/airflow/dags/main.py
[2026-05-04T09:05:25.705+0000] {processor.py:925} INFO - DAG(s) 'kafka_to_s3' retrieved from /opt/airflow/dags/main.py
[2026-05-04T09:05:25.733+0000] {logging_mixin.py:190} INFO - [2026-05-04T09:05:25.733+0000] {dag.py:3239} INFO - Sync 1 DAGs
[2026-05-04T09:05:25.763+0000] {logging_mixin.py:190} INFO - [2026-05-04T09:05:25.762+0000] {dag.py:4180} INFO - Setting next_dagrun for kafka_to_s3 to 2026-05-04 00:00:00+00:00, run_after=2026-05-05 00:00:00+00:00
[2026-05-04T09:05:25.787+0000] {processor.py:208} INFO - Processing /opt/airflow/dags/main.py took 0.229 seconds
[2026-05-04T09:05:36.735+0000] {processor.py:186} INFO - Started process (PID=3173) to work on /opt/airflow/dags/main.py
[2026-05-04T09:05:36.738+0000] {processor.py:914} INFO - Processing file /opt/airflow/dags/main.py for tasks to queue
[2026-05-04T09:05:36.740+0000] {logging_mixin.py:190} INFO - [2026-05-04T09:05:36.740+0000] {dagbag.py:588} INFO - Filling up the DagBag from /opt/airflow/dags/main.py
[2026-05-04T09:05:37.192+0000] {processor.py:925} INFO - DAG(s) 'kafka_to_s3' retrieved from /opt/airflow/dags/main.py
[2026-05-04T09:05:37.267+0000] {logging_mixin.py:190} INFO - [2026-05-04T09:05:37.266+0000] {dag.py:3239} INFO - Sync 1 DAGs
[2026-05-04T09:05:37.322+0000] {logging_mixin.py:190} INFO - [2026-05-04T09:05:37.322+0000] {dag.py:4180} INFO - Setting next_dagrun for kafka_to_s3 to 2026-05-04 00:00:00+00:00, run_after=2026-05-05 00:00:00+00:00
[2026-05-04T09:05:37.381+0000] {processor.py:208} INFO - Processing /opt/airflow/dags/main.py took 0.660 seconds
[2026-05-04T09:06:07.906+0000] {processor.py:186} INFO - Started process (PID=3180) to work on /opt/airflow/dags/main.py
[2026-05-04T09:06:07.909+0000] {processor.py:914} INFO - Processing file /opt/airflow/dags/main.py for tasks to queue
[2026-05-04T09:06:07.911+0000] {logging_mixin.py:190} INFO - [2026-05-04T09:06:07.911+0000] {dagbag.py:588} INFO - Filling up the DagBag from /opt/airflow/dags/main.py
[2026-05-04T09:06:08.068+0000] {processor.py:925} INFO - DAG(s) 'kafka_to_s3' retrieved from /opt/airflow/dags/main.py
[2026-05-04T09:06:08.103+0000] {logging_mixin.py:190} INFO - [2026-05-04T09:06:08.103+0000] {dag.py:3239} INFO - Sync 1 DAGs
[2026-05-04T09:06:08.138+0000] {logging_mixin.py:190} INFO - [2026-05-04T09:06:08.137+0000] {dag.py:4180} INFO - Setting next_dagrun for kafka_to_s3 to 2026-05-04 00:00:00+00:00, run_after=2026-05-05 00:00:00+00:00
[2026-05-04T09:06:08.169+0000] {processor.py:208} INFO - Processing /opt/airflow/dags/main.py took 0.273 seconds
[2026-05-04T09:06:38.391+0000] {processor.py:186} INFO - Started process (PID=3187) to work on /opt/airflow/dags/main.py
[2026-05-04T09:06:38.393+0000] {processor.py:914} INFO - Processing file /opt/airflow/dags/main.py for tasks to queue
[2026-05-04T09:06:38.396+0000] {logging_mixin.py:190} INFO - [2026-05-04T09:06:38.396+0000] {dagbag.py:588} INFO - Filling up the DagBag from /opt/airflow/dags/main.py
[2026-05-04T09:06:38.568+0000] {processor.py:925} INFO - DAG(s) 'kafka_to_s3' retrieved from /opt/airflow/dags/main.py
[2026-05-04T09:06:38.606+0000] {logging_mixin.py:190} INFO - [2026-05-04T09:06:38.606+0000] {dag.py:3239} INFO - Sync 1 DAGs
[2026-05-04T09:06:38.656+0000] {logging_mixin.py:190} INFO - [2026-05-04T09:06:38.656+0000] {dag.py:4180} INFO - Setting next_dagrun for kafka_to_s3 to 2026-05-04 00:00:00+00:00, run_after=2026-05-05 00:00:00+00:00
[2026-05-04T09:06:38.687+0000] {processor.py:208} INFO - Processing /opt/airflow/dags/main.py took 0.306 seconds
[2026-05-04T09:07:08.890+0000] {processor.py:186} INFO - Started process (PID=3193) to work on /opt/airflow/dags/main.py
[2026-05-04T09:07:08.891+0000] {processor.py:914} INFO - Processing file /opt/airflow/dags/main.py for tasks to queue
[2026-05-04T09:07:08.893+0000] {logging_mixin.py:190} INFO - [2026-05-04T09:07:08.893+0000] {dagbag.py:588} INFO - Filling up the DagBag from /opt/airflow/dags/main.py
[2026-05-04T09:07:09.037+0000] {processor.py:925} INFO - DAG(s) 'kafka_to_s3' retrieved from /opt/airflow/dags/main.py
[2026-05-04T09:07:09.067+0000] {logging_mixin.py:190} INFO - [2026-05-04T09:07:09.067+0000] {dag.py:3239} INFO - Sync 1 DAGs
[2026-05-04T09:07:09.099+0000] {logging_mixin.py:190} INFO - [2026-05-04T09:07:09.099+0000] {dag.py:4180} INFO - Setting next_dagrun for kafka_to_s3 to 2026-05-04 00:00:00+00:00, run_after=2026-05-05 00:00:00+00:00
[2026-05-04T09:07:09.127+0000] {processor.py:208} INFO - Processing /opt/airflow/dags/main.py took 0.248 seconds
[2026-05-04T09:07:39.600+0000] {processor.py:186} INFO - Started process (PID=3200) to work on /opt/airflow/dags/main.py
[2026-05-04T09:07:39.602+0000] {processor.py:914} INFO - Processing file /opt/airflow/dags/main.py for tasks to queue
[2026-05-04T09:07:39.604+0000] {logging_mixin.py:190} INFO - [2026-05-04T09:07:39.603+0000] {dagbag.py:588} INFO - Filling up the DagBag from /opt/airflow/dags/main.py
[2026-05-04T09:07:39.749+0000] {processor.py:925} INFO - DAG(s) 'kafka_to_s3' retrieved from /opt/airflow/dags/main.py
[2026-05-04T09:07:39.780+0000] {logging_mixin.py:190} INFO - [2026-05-04T09:07:39.780+0000] {dag.py:3239} INFO - Sync 1 DAGs
[2026-05-04T09:07:39.808+0000] {logging_mixin.py:190} INFO - [2026-05-04T09:07:39.808+0000] {dag.py:4180} INFO - Setting next_dagrun for kafka_to_s3 to 2026-05-04 00:00:00+00:00, run_after=2026-05-05 00:00:00+00:00
[2026-05-04T09:07:39.833+0000] {processor.py:208} INFO - Processing /opt/airflow/dags/main.py took 0.259 seconds
[2026-05-04T09:08:10.010+0000] {processor.py:186} INFO - Started process (PID=3207) to work on /opt/airflow/dags/main.py
[2026-05-04T09:08:10.012+0000] {processor.py:914} INFO - Processing file /opt/airflow/dags/main.py for tasks to queue
[2026-05-04T09:08:10.014+0000] {logging_mixin.py:190} INFO - [2026-05-04T09:08:10.013+0000] {dagbag.py:588} INFO - Filling up the DagBag from /opt/airflow/dags/main.py
[2026-05-04T09:08:10.198+0000] {processor.py:925} INFO - DAG(s) 'kafka_to_s3' retrieved from /opt/airflow/dags/main.py
[2026-05-04T09:08:10.233+0000] {logging_mixin.py:190} INFO - [2026-05-04T09:08:10.233+0000] {dag.py:3239} INFO - Sync 1 DAGs
[2026-05-04T09:08:10.268+0000] {logging_mixin.py:190} INFO - [2026-05-04T09:08:10.267+0000] {dag.py:4180} INFO - Setting next_dagrun for kafka_to_s3 to 2026-05-04 00:00:00+00:00, run_after=2026-05-05 00:00:00+00:00
[2026-05-04T09:08:10.298+0000] {processor.py:208} INFO - Processing /opt/airflow/dags/main.py took 0.301 seconds
[2026-05-04T09:08:26.345+0000] {processor.py:186} INFO - Started process (PID=3214) to work on /opt/airflow/dags/main.py
[2026-05-04T09:08:26.348+0000] {processor.py:914} INFO - Processing file /opt/airflow/dags/main.py for tasks to queue
[2026-05-04T09:08:26.355+0000] {logging_mixin.py:190} INFO - [2026-05-04T09:08:26.354+0000] {dagbag.py:588} INFO - Filling up the DagBag from /opt/airflow/dags/main.py
[2026-05-04T09:08:26.657+0000] {processor.py:925} INFO - DAG(s) 'kafka_to_s3' retrieved from /opt/airflow/dags/main.py
[2026-05-04T09:08:26.707+0000] {logging_mixin.py:190} INFO - [2026-05-04T09:08:26.706+0000] {dag.py:3239} INFO - Sync 1 DAGs
[2026-05-04T09:08:26.775+0000] {logging_mixin.py:190} INFO - [2026-05-04T09:08:26.774+0000] {dag.py:4180} INFO - Setting next_dagrun for kafka_to_s3 to 2026-05-04 00:00:00+00:00, run_after=2026-05-05 00:00:00+00:00
[2026-05-04T09:08:26.817+0000] {processor.py:208} INFO - Processing /opt/airflow/dags/main.py took 0.491 seconds
[2026-05-04T09:08:57.202+0000] {processor.py:186} INFO - Started process (PID=3221) to work on /opt/airflow/dags/main.py
[2026-05-04T09:08:57.206+0000] {processor.py:914} INFO - Processing file /opt/airflow/dags/main.py for tasks to queue
[2026-05-04T09:08:57.209+0000] {logging_mixin.py:190} INFO - [2026-05-04T09:08:57.208+0000] {dagbag.py:588} INFO - Filling up the DagBag from /opt/airflow/dags/main.py
[2026-05-04T09:08:57.439+0000] {processor.py:925} INFO - DAG(s) 'kafka_to_s3' retrieved from /opt/airflow/dags/main.py
[2026-05-04T09:08:57.480+0000] {logging_mixin.py:190} INFO - [2026-05-04T09:08:57.480+0000] {dag.py:3239} INFO - Sync 1 DAGs
[2026-05-04T09:08:57.514+0000] {logging_mixin.py:190} INFO - [2026-05-04T09:08:57.514+0000] {dag.py:4180} INFO - Setting next_dagrun for kafka_to_s3 to 2026-05-04 00:00:00+00:00, run_after=2026-05-05 00:00:00+00:00
[2026-05-04T09:08:57.538+0000] {processor.py:208} INFO - Processing /opt/airflow/dags/main.py took 0.349 seconds
[2026-05-04T09:09:27.914+0000] {processor.py:186} INFO - Started process (PID=3228) to work on /opt/airflow/dags/main.py
[2026-05-04T09:09:27.916+0000] {processor.py:914} INFO - Processing file /opt/airflow/dags/main.py for tasks to queue
[2026-05-04T09:09:27.918+0000] {logging_mixin.py:190} INFO - [2026-05-04T09:09:27.918+0000] {dagbag.py:588} INFO - Filling up the DagBag from /opt/airflow/dags/main.py
[2026-05-04T09:09:28.085+0000] {processor.py:925} INFO - DAG(s) 'kafka_to_s3' retrieved from /opt/airflow/dags/main.py
[2026-05-04T09:09:28.121+0000] {logging_mixin.py:190} INFO - [2026-05-04T09:09:28.120+0000] {dag.py:3239} INFO - Sync 1 DAGs
[2026-05-04T09:09:28.153+0000] {logging_mixin.py:190} INFO - [2026-05-04T09:09:28.153+0000] {dag.py:4180} INFO - Setting next_dagrun for kafka_to_s3 to 2026-05-04 00:00:00+00:00, run_after=2026-05-05 00:00:00+00:00
[2026-05-04T09:09:28.177+0000] {processor.py:208} INFO - Processing /opt/airflow/dags/main.py took 0.271 seconds
[2026-05-04T09:09:58.252+0000] {processor.py:186} INFO - Started process (PID=3235) to work on /opt/airflow/dags/main.py
[2026-05-04T09:09:58.254+0000] {processor.py:914} INFO - Processing file /opt/airflow/dags/main.py for tasks to queue
[2026-05-04T09:09:58.256+0000] {logging_mixin.py:190} INFO - [2026-05-04T09:09:58.255+0000] {dagbag.py:588} INFO - Filling up the DagBag from /opt/airflow/dags/main.py
[2026-05-04T09:09:58.403+0000] {processor.py:925} INFO - DAG(s) 'kafka_to_s3' retrieved from /opt/airflow/dags/main.py
[2026-05-04T09:09:58.436+0000] {logging_mixin.py:190} INFO - [2026-05-04T09:09:58.435+0000] {dag.py:3239} INFO - Sync 1 DAGs
[2026-05-04T09:09:58.467+0000] {logging_mixin.py:190} INFO - [2026-05-04T09:09:58.467+0000] {dag.py:4180} INFO - Setting next_dagrun for kafka_to_s3 to 2026-05-04 00:00:00+00:00, run_after=2026-05-05 00:00:00+00:00
[2026-05-04T09:09:58.488+0000] {processor.py:208} INFO - Processing /opt/airflow/dags/main.py took 0.243 seconds
[2026-05-04T09:10:28.781+0000] {processor.py:186} INFO - Started process (PID=3242) to work on /opt/airflow/dags/main.py
[2026-05-04T09:10:28.782+0000] {processor.py:914} INFO - Processing file /opt/airflow/dags/main.py for tasks to queue
[2026-05-04T09:10:28.784+0000] {logging_mixin.py:190} INFO - [2026-05-04T09:10:28.784+0000] {dagbag.py:588} INFO - Filling up the DagBag from /opt/airflow/dags/main.py
[2026-05-04T09:10:28.973+0000] {processor.py:925} INFO - DAG(s) 'kafka_to_s3' retrieved from /opt/airflow/dags/main.py
[2026-05-04T09:10:29.030+0000] {logging_mixin.py:190} INFO - [2026-05-04T09:10:29.029+0000] {dag.py:3239} INFO - Sync 1 DAGs
[2026-05-04T09:10:29.087+0000] {logging_mixin.py:190} INFO - [2026-05-04T09:10:29.087+0000] {dag.py:4180} INFO - Setting next_dagrun for kafka_to_s3 to 2026-05-04 00:00:00+00:00, run_after=2026-05-05 00:00:00+00:00
[2026-05-04T09:10:29.126+0000] {processor.py:208} INFO - Processing /opt/airflow/dags/main.py took 0.354 seconds
[2026-05-04T09:10:59.627+0000] {processor.py:186} INFO - Started process (PID=3249) to work on /opt/airflow/dags/main.py
[2026-05-04T09:10:59.630+0000] {processor.py:914} INFO - Processing file /opt/airflow/dags/main.py for tasks to queue
[2026-05-04T09:10:59.634+0000] {logging_mixin.py:190} INFO - [2026-05-04T09:10:59.633+0000] {dagbag.py:588} INFO - Filling up the DagBag from /opt/airflow/dags/main.py
[2026-05-04T09:10:59.850+0000] {processor.py:925} INFO - DAG(s) 'kafka_to_s3' retrieved from /opt/airflow/dags/main.py
[2026-05-04T09:10:59.886+0000] {logging_mixin.py:190} INFO - [2026-05-04T09:10:59.886+0000] {dag.py:3239} INFO - Sync 1 DAGs
[2026-05-04T09:10:59.929+0000] {logging_mixin.py:190} INFO - [2026-05-04T09:10:59.928+0000] {dag.py:4180} INFO - Setting next_dagrun for kafka_to_s3 to 2026-05-04 00:00:00+00:00, run_after=2026-05-05 00:00:00+00:00
[2026-05-04T09:10:59.958+0000] {processor.py:208} INFO - Processing /opt/airflow/dags/main.py took 0.350 seconds
[2026-05-04T09:11:30.160+0000] {processor.py:186} INFO - Started process (PID=3256) to work on /opt/airflow/dags/main.py
[2026-05-04T09:11:30.162+0000] {processor.py:914} INFO - Processing file /opt/airflow/dags/main.py for tasks to queue
[2026-05-04T09:11:30.165+0000] {logging_mixin.py:190} INFO - [2026-05-04T09:11:30.164+0000] {dagbag.py:588} INFO - Filling up the DagBag from /opt/airflow/dags/main.py
[2026-05-04T09:11:30.322+0000] {processor.py:925} INFO - DAG(s) 'kafka_to_s3' retrieved from /opt/airflow/dags/main.py
[2026-05-04T09:11:30.354+0000] {logging_mixin.py:190} INFO - [2026-05-04T09:11:30.353+0000] {dag.py:3239} INFO - Sync 1 DAGs
[2026-05-04T09:11:30.383+0000] {logging_mixin.py:190} INFO - [2026-05-04T09:11:30.383+0000] {dag.py:4180} INFO - Setting next_dagrun for kafka_to_s3 to 2026-05-04 00:00:00+00:00, run_after=2026-05-05 00:00:00+00:00
[2026-05-04T09:11:30.414+0000] {processor.py:208} INFO - Processing /opt/airflow/dags/main.py took 0.267 seconds
[2026-05-04T09:12:00.925+0000] {processor.py:186} INFO - Started process (PID=3263) to work on /opt/airflow/dags/main.py
[2026-05-04T09:12:00.926+0000] {processor.py:914} INFO - Processing file /opt/airflow/dags/main.py for tasks to queue
[2026-05-04T09:12:00.929+0000] {logging_mixin.py:190} INFO - [2026-05-04T09:12:00.928+0000] {dagbag.py:588} INFO - Filling up the DagBag from /opt/airflow/dags/main.py
[2026-05-04T09:12:01.083+0000] {processor.py:925} INFO - DAG(s) 'kafka_to_s3' retrieved from /opt/airflow/dags/main.py
[2026-05-04T09:12:01.116+0000] {logging_mixin.py:190} INFO - [2026-05-04T09:12:01.116+0000] {dag.py:3239} INFO - Sync 1 DAGs
[2026-05-04T09:12:01.151+0000] {logging_mixin.py:190} INFO - [2026-05-04T09:12:01.150+0000] {dag.py:4180} INFO - Setting next_dagrun for kafka_to_s3 to 2026-05-04 00:00:00+00:00, run_after=2026-05-05 00:00:00+00:00
[2026-05-04T09:12:01.183+0000] {processor.py:208} INFO - Processing /opt/airflow/dags/main.py took 0.266 seconds
[2026-05-04T09:12:31.417+0000] {processor.py:186} INFO - Started process (PID=3270) to work on /opt/airflow/dags/main.py
[2026-05-04T09:12:31.419+0000] {processor.py:914} INFO - Processing file /opt/airflow/dags/main.py for tasks to queue
[2026-05-04T09:12:31.421+0000] {logging_mixin.py:190} INFO - [2026-05-04T09:12:31.421+0000] {dagbag.py:588} INFO - Filling up the DagBag from /opt/airflow/dags/main.py
[2026-05-04T09:12:31.636+0000] {processor.py:925} INFO - DAG(s) 'kafka_to_s3' retrieved from /opt/airflow/dags/main.py
[2026-05-04T09:12:31.665+0000] {logging_mixin.py:190} INFO - [2026-05-04T09:12:31.665+0000] {dag.py:3239} INFO - Sync 1 DAGs
[2026-05-04T09:12:31.696+0000] {logging_mixin.py:190} INFO - [2026-05-04T09:12:31.696+0000] {dag.py:4180} INFO - Setting next_dagrun for kafka_to_s3 to 2026-05-04 00:00:00+00:00, run_after=2026-05-05 00:00:00+00:00
[2026-05-04T09:12:31.725+0000] {processor.py:208} INFO - Processing /opt/airflow/dags/main.py took 0.320 seconds
[2026-05-04T09:13:02.188+0000] {processor.py:186} INFO - Started process (PID=3277) to work on /opt/airflow/dags/main.py
[2026-05-04T09:13:02.190+0000] {processor.py:914} INFO - Processing file /opt/airflow/dags/main.py for tasks to queue
[2026-05-04T09:13:02.192+0000] {logging_mixin.py:190} INFO - [2026-05-04T09:13:02.191+0000] {dagbag.py:588} INFO - Filling up the DagBag from /opt/airflow/dags/main.py
[2026-05-04T09:13:02.335+0000] {processor.py:925} INFO - DAG(s) 'kafka_to_s3' retrieved from /opt/airflow/dags/main.py
[2026-05-04T09:13:02.366+0000] {logging_mixin.py:190} INFO - [2026-05-04T09:13:02.366+0000] {dag.py:3239} INFO - Sync 1 DAGs
[2026-05-04T09:13:02.397+0000] {logging_mixin.py:190} INFO - [2026-05-04T09:13:02.397+0000] {dag.py:4180} INFO - Setting next_dagrun for kafka_to_s3 to 2026-05-04 00:00:00+00:00, run_after=2026-05-05 00:00:00+00:00
[2026-05-04T09:13:02.424+0000] {processor.py:208} INFO - Processing /opt/airflow/dags/main.py took 0.245 seconds
[2026-05-04T09:13:32.800+0000] {processor.py:186} INFO - Started process (PID=3284) to work on /opt/airflow/dags/main.py
[2026-05-04T09:13:32.803+0000] {processor.py:914} INFO - Processing file /opt/airflow/dags/main.py for tasks to queue
[2026-05-04T09:13:32.807+0000] {logging_mixin.py:190} INFO - [2026-05-04T09:13:32.806+0000] {dagbag.py:588} INFO - Filling up the DagBag from /opt/airflow/dags/main.py
[2026-05-04T09:13:32.986+0000] {processor.py:925} INFO - DAG(s) 'kafka_to_s3' retrieved from /opt/airflow/dags/main.py
[2026-05-04T09:13:33.019+0000] {logging_mixin.py:190} INFO - [2026-05-04T09:13:33.018+0000] {dag.py:3239} INFO - Sync 1 DAGs
[2026-05-04T09:13:33.049+0000] {logging_mixin.py:190} INFO - [2026-05-04T09:13:33.049+0000] {dag.py:4180} INFO - Setting next_dagrun for kafka_to_s3 to 2026-05-04 00:00:00+00:00, run_after=2026-05-05 00:00:00+00:00
[2026-05-04T09:13:33.074+0000] {processor.py:208} INFO - Processing /opt/airflow/dags/main.py took 0.291 seconds
[2026-05-04T09:14:03.308+0000] {processor.py:186} INFO - Started process (PID=3291) to work on /opt/airflow/dags/main.py
[2026-05-04T09:14:03.311+0000] {processor.py:914} INFO - Processing file /opt/airflow/dags/main.py for tasks to queue
[2026-05-04T09:14:03.315+0000] {logging_mixin.py:190} INFO - [2026-05-04T09:14:03.314+0000] {dagbag.py:588} INFO - Filling up the DagBag from /opt/airflow/dags/main.py
[2026-05-04T09:14:03.533+0000] {processor.py:925} INFO - DAG(s) 'kafka_to_s3' retrieved from /opt/airflow/dags/main.py
[2026-05-04T09:14:03.581+0000] {logging_mixin.py:190} INFO - [2026-05-04T09:14:03.581+0000] {dag.py:3239} INFO - Sync 1 DAGs
[2026-05-04T09:14:03.623+0000] {logging_mixin.py:190} INFO - [2026-05-04T09:14:03.623+0000] {dag.py:4180} INFO - Setting next_dagrun for kafka_to_s3 to 2026-05-04 00:00:00+00:00, run_after=2026-05-05 00:00:00+00:00
[2026-05-04T09:14:03.652+0000] {processor.py:208} INFO - Processing /opt/airflow/dags/main.py took 0.362 seconds
[2026-05-04T09:14:33.968+0000] {processor.py:186} INFO - Started process (PID=3298) to work on /opt/airflow/dags/main.py
[2026-05-04T09:14:33.971+0000] {processor.py:914} INFO - Processing file /opt/airflow/dags/main.py for tasks to queue
[2026-05-04T09:14:33.974+0000] {logging_mixin.py:190} INFO - [2026-05-04T09:14:33.973+0000] {dagbag.py:588} INFO - Filling up the DagBag from /opt/airflow/dags/main.py
[2026-05-04T09:14:34.133+0000] {processor.py:925} INFO - DAG(s) 'kafka_to_s3' retrieved from /opt/airflow/dags/main.py
[2026-05-04T09:14:34.165+0000] {logging_mixin.py:190} INFO - [2026-05-04T09:14:34.164+0000] {dag.py:3239} INFO - Sync 1 DAGs
[2026-05-04T09:14:34.195+0000] {logging_mixin.py:190} INFO - [2026-05-04T09:14:34.195+0000] {dag.py:4180} INFO - Setting next_dagrun for kafka_to_s3 to 2026-05-04 00:00:00+00:00, run_after=2026-05-05 00:00:00+00:00
[2026-05-04T09:14:34.231+0000] {processor.py:208} INFO - Processing /opt/airflow/dags/main.py took 0.273 seconds
[2026-05-04T09:15:05.074+0000] {processor.py:186} INFO - Started process (PID=3305) to work on /opt/airflow/dags/main.py
[2026-05-04T09:15:05.077+0000] {processor.py:914} INFO - Processing file /opt/airflow/dags/main.py for tasks to queue
[2026-05-04T09:15:05.080+0000] {logging_mixin.py:190} INFO - [2026-05-04T09:15:05.079+0000] {dagbag.py:588} INFO - Filling up the DagBag from /opt/airflow/dags/main.py
[2026-05-04T09:15:05.253+0000] {processor.py:925} INFO - DAG(s) 'kafka_to_s3' retrieved from /opt/airflow/dags/main.py
[2026-05-04T09:15:05.285+0000] {logging_mixin.py:190} INFO - [2026-05-04T09:15:05.285+0000] {dag.py:3239} INFO - Sync 1 DAGs
[2026-05-04T09:15:05.316+0000] {logging_mixin.py:190} INFO - [2026-05-04T09:15:05.316+0000] {dag.py:4180} INFO - Setting next_dagrun for kafka_to_s3 to 2026-05-04 00:00:00+00:00, run_after=2026-05-05 00:00:00+00:00
[2026-05-04T09:15:05.341+0000] {processor.py:208} INFO - Processing /opt/airflow/dags/main.py took 0.281 seconds
[2026-05-04T09:15:36.158+0000] {processor.py:186} INFO - Started process (PID=3312) to work on /opt/airflow/dags/main.py
[2026-05-04T09:15:36.160+0000] {processor.py:914} INFO - Processing file /opt/airflow/dags/main.py for tasks to queue
[2026-05-04T09:15:36.162+0000] {logging_mixin.py:190} INFO - [2026-05-04T09:15:36.161+0000] {dagbag.py:588} INFO - Filling up the DagBag from /opt/airflow/dags/main.py
[2026-05-04T09:15:36.322+0000] {processor.py:925} INFO - DAG(s) 'kafka_to_s3' retrieved from /opt/airflow/dags/main.py
[2026-05-04T09:15:36.359+0000] {logging_mixin.py:190} INFO - [2026-05-04T09:15:36.359+0000] {dag.py:3239} INFO - Sync 1 DAGs
[2026-05-04T09:15:36.390+0000] {logging_mixin.py:190} INFO - [2026-05-04T09:15:36.390+0000] {dag.py:4180} INFO - Setting next_dagrun for kafka_to_s3 to 2026-05-04 00:00:00+00:00, run_after=2026-05-05 00:00:00+00:00
[2026-05-04T09:15:36.416+0000] {processor.py:208} INFO - Processing /opt/airflow/dags/main.py took 0.269 seconds
[2026-05-04T09:16:06.705+0000] {processor.py:186} INFO - Started process (PID=3319) to work on /opt/airflow/dags/main.py
[2026-05-04T09:16:06.708+0000] {processor.py:914} INFO - Processing file /opt/airflow/dags/main.py for tasks to queue
[2026-05-04T09:16:06.711+0000] {logging_mixin.py:190} INFO - [2026-05-04T09:16:06.710+0000] {dagbag.py:588} INFO - Filling up the DagBag from /opt/airflow/dags/main.py
[2026-05-04T09:16:06.899+0000] {processor.py:925} INFO - DAG(s) 'kafka_to_s3' retrieved from /opt/airflow/dags/main.py
[2026-05-04T09:16:06.935+0000] {logging_mixin.py:190} INFO - [2026-05-04T09:16:06.935+0000] {dag.py:3239} INFO - Sync 1 DAGs
[2026-05-04T09:16:06.966+0000] {logging_mixin.py:190} INFO - [2026-05-04T09:16:06.966+0000] {dag.py:4180} INFO - Setting next_dagrun for kafka_to_s3 to 2026-05-04 00:00:00+00:00, run_after=2026-05-05 00:00:00+00:00
[2026-05-04T09:16:06.992+0000] {processor.py:208} INFO - Processing /opt/airflow/dags/main.py took 0.302 seconds
[2026-05-04T09:16:37.284+0000] {processor.py:186} INFO - Started process (PID=3326) to work on /opt/airflow/dags/main.py
[2026-05-04T09:16:37.285+0000] {processor.py:914} INFO - Processing file /opt/airflow/dags/main.py for tasks to queue
[2026-05-04T09:16:37.287+0000] {logging_mixin.py:190} INFO - [2026-05-04T09:16:37.287+0000] {dagbag.py:588} INFO - Filling up the DagBag from /opt/airflow/dags/main.py
[2026-05-04T09:16:37.501+0000] {processor.py:925} INFO - DAG(s) 'kafka_to_s3' retrieved from /opt/airflow/dags/main.py
[2026-05-04T09:16:37.540+0000] {logging_mixin.py:190} INFO - [2026-05-04T09:16:37.540+0000] {dag.py:3239} INFO - Sync 1 DAGs
[2026-05-04T09:16:37.573+0000] {logging_mixin.py:190} INFO - [2026-05-04T09:16:37.573+0000] {dag.py:4180} INFO - Setting next_dagrun for kafka_to_s3 to 2026-05-04 00:00:00+00:00, run_after=2026-05-05 00:00:00+00:00
[2026-05-04T09:16:37.601+0000] {processor.py:208} INFO - Processing /opt/airflow/dags/main.py took 0.329 seconds
[2026-05-04T09:17:07.913+0000] {processor.py:186} INFO - Started process (PID=3333) to work on /opt/airflow/dags/main.py
[2026-05-04T09:17:07.917+0000] {processor.py:914} INFO - Processing file /opt/airflow/dags/main.py for tasks to queue
[2026-05-04T09:17:07.919+0000] {logging_mixin.py:190} INFO - [2026-05-04T09:17:07.918+0000] {dagbag.py:588} INFO - Filling up the DagBag from /opt/airflow/dags/main.py
[2026-05-04T09:17:08.101+0000] {processor.py:925} INFO - DAG(s) 'kafka_to_s3' retrieved from /opt/airflow/dags/main.py
[2026-05-04T09:17:08.141+0000] {logging_mixin.py:190} INFO - [2026-05-04T09:17:08.141+0000] {dag.py:3239} INFO - Sync 1 DAGs
[2026-05-04T09:17:08.191+0000] {logging_mixin.py:190} INFO - [2026-05-04T09:17:08.191+0000] {dag.py:4180} INFO - Setting next_dagrun for kafka_to_s3 to 2026-05-04 00:00:00+00:00, run_after=2026-05-05 00:00:00+00:00
[2026-05-04T09:17:08.237+0000] {processor.py:208} INFO - Processing /opt/airflow/dags/main.py took 0.334 seconds
[2026-05-04T09:17:38.566+0000] {processor.py:186} INFO - Started process (PID=3340) to work on /opt/airflow/dags/main.py
[2026-05-04T09:17:38.569+0000] {processor.py:914} INFO - Processing file /opt/airflow/dags/main.py for tasks to queue
[2026-05-04T09:17:38.575+0000] {logging_mixin.py:190} INFO - [2026-05-04T09:17:38.574+0000] {dagbag.py:588} INFO - Filling up the DagBag from /opt/airflow/dags/main.py
[2026-05-04T09:17:38.843+0000] {processor.py:925} INFO - DAG(s) 'kafka_to_s3' retrieved from /opt/airflow/dags/main.py
[2026-05-04T09:17:38.925+0000] {logging_mixin.py:190} INFO - [2026-05-04T09:17:38.924+0000] {dag.py:3239} INFO - Sync 1 DAGs
[2026-05-04T09:17:39.016+0000] {logging_mixin.py:190} INFO - [2026-05-04T09:17:39.013+0000] {dag.py:4180} INFO - Setting next_dagrun for kafka_to_s3 to 2026-05-04 00:00:00+00:00, run_after=2026-05-05 00:00:00+00:00
[2026-05-04T09:17:39.087+0000] {processor.py:208} INFO - Processing /opt/airflow/dags/main.py took 0.538 seconds
[2026-05-04T09:18:09.488+0000] {processor.py:186} INFO - Started process (PID=3347) to work on /opt/airflow/dags/main.py
[2026-05-04T09:18:09.489+0000] {processor.py:914} INFO - Processing file /opt/airflow/dags/main.py for tasks to queue
[2026-05-04T09:18:09.491+0000] {logging_mixin.py:190} INFO - [2026-05-04T09:18:09.491+0000] {dagbag.py:588} INFO - Filling up the DagBag from /opt/airflow/dags/main.py
[2026-05-04T09:18:09.653+0000] {processor.py:925} INFO - DAG(s) 'kafka_to_s3' retrieved from /opt/airflow/dags/main.py
[2026-05-04T09:18:09.685+0000] {logging_mixin.py:190} INFO - [2026-05-04T09:18:09.685+0000] {dag.py:3239} INFO - Sync 1 DAGs
[2026-05-04T09:18:09.713+0000] {logging_mixin.py:190} INFO - [2026-05-04T09:18:09.713+0000] {dag.py:4180} INFO - Setting next_dagrun for kafka_to_s3 to 2026-05-04 00:00:00+00:00, run_after=2026-05-05 00:00:00+00:00
[2026-05-04T09:18:09.748+0000] {processor.py:208} INFO - Processing /opt/airflow/dags/main.py took 0.269 seconds
[2026-05-04T09:18:39.874+0000] {processor.py:186} INFO - Started process (PID=3354) to work on /opt/airflow/dags/main.py
[2026-05-04T09:18:39.881+0000] {processor.py:914} INFO - Processing file /opt/airflow/dags/main.py for tasks to queue
[2026-05-04T09:18:39.883+0000] {logging_mixin.py:190} INFO - [2026-05-04T09:18:39.882+0000] {dagbag.py:588} INFO - Filling up the DagBag from /opt/airflow/dags/main.py
[2026-05-04T09:18:40.083+0000] {processor.py:925} INFO - DAG(s) 'kafka_to_s3' retrieved from /opt/airflow/dags/main.py
[2026-05-04T09:18:40.121+0000] {logging_mixin.py:190} INFO - [2026-05-04T09:18:40.121+0000] {dag.py:3239} INFO - Sync 1 DAGs
[2026-05-04T09:18:40.157+0000] {logging_mixin.py:190} INFO - [2026-05-04T09:18:40.156+0000] {dag.py:4180} INFO - Setting next_dagrun for kafka_to_s3 to 2026-05-04 00:00:00+00:00, run_after=2026-05-05 00:00:00+00:00
[2026-05-04T09:18:40.183+0000] {processor.py:208} INFO - Processing /opt/airflow/dags/main.py took 0.318 seconds
[2026-05-04T09:19:10.623+0000] {processor.py:186} INFO - Started process (PID=3360) to work on /opt/airflow/dags/main.py
[2026-05-04T09:19:10.624+0000] {processor.py:914} INFO - Processing file /opt/airflow/dags/main.py for tasks to queue
[2026-05-04T09:19:10.626+0000] {logging_mixin.py:190} INFO - [2026-05-04T09:19:10.626+0000] {dagbag.py:588} INFO - Filling up the DagBag from /opt/airflow/dags/main.py
[2026-05-04T09:19:10.807+0000] {processor.py:925} INFO - DAG(s) 'kafka_to_s3' retrieved from /opt/airflow/dags/main.py
[2026-05-04T09:19:10.845+0000] {logging_mixin.py:190} INFO - [2026-05-04T09:19:10.845+0000] {dag.py:3239} INFO - Sync 1 DAGs
[2026-05-04T09:19:10.887+0000] {logging_mixin.py:190} INFO - [2026-05-04T09:19:10.886+0000] {dag.py:4180} INFO - Setting next_dagrun for kafka_to_s3 to 2026-05-04 00:00:00+00:00, run_after=2026-05-05 00:00:00+00:00
[2026-05-04T09:19:10.916+0000] {processor.py:208} INFO - Processing /opt/airflow/dags/main.py took 0.301 seconds
[2026-05-04T09:19:41.287+0000] {processor.py:186} INFO - Started process (PID=3367) to work on /opt/airflow/dags/main.py
[2026-05-04T09:19:41.289+0000] {processor.py:914} INFO - Processing file /opt/airflow/dags/main.py for tasks to queue
[2026-05-04T09:19:41.291+0000] {logging_mixin.py:190} INFO - [2026-05-04T09:19:41.291+0000] {dagbag.py:588} INFO - Filling up the DagBag from /opt/airflow/dags/main.py
[2026-05-04T09:19:41.431+0000] {processor.py:925} INFO - DAG(s) 'kafka_to_s3' retrieved from /opt/airflow/dags/main.py
[2026-05-04T09:19:41.461+0000] {logging_mixin.py:190} INFO - [2026-05-04T09:19:41.461+0000] {dag.py:3239} INFO - Sync 1 DAGs
[2026-05-04T09:19:41.492+0000] {logging_mixin.py:190} INFO - [2026-05-04T09:19:41.492+0000] {dag.py:4180} INFO - Setting next_dagrun for kafka_to_s3 to 2026-05-04 00:00:00+00:00, run_after=2026-05-05 00:00:00+00:00
[2026-05-04T09:19:41.518+0000] {processor.py:208} INFO - Processing /opt/airflow/dags/main.py took 0.240 seconds
[2026-05-04T09:20:11.875+0000] {processor.py:186} INFO - Started process (PID=3374) to work on /opt/airflow/dags/main.py
[2026-05-04T09:20:11.877+0000] {processor.py:914} INFO - Processing file /opt/airflow/dags/main.py for tasks to queue
[2026-05-04T09:20:11.880+0000] {logging_mixin.py:190} INFO - [2026-05-04T09:20:11.879+0000] {dagbag.py:588} INFO - Filling up the DagBag from /opt/airflow/dags/main.py
[2026-05-04T09:20:12.073+0000] {processor.py:925} INFO - DAG(s) 'kafka_to_s3' retrieved from /opt/airflow/dags/main.py
[2026-05-04T09:20:12.132+0000] {logging_mixin.py:190} INFO - [2026-05-04T09:20:12.132+0000] {dag.py:3239} INFO - Sync 1 DAGs
[2026-05-04T09:20:12.162+0000] {logging_mixin.py:190} INFO - [2026-05-04T09:20:12.162+0000] {dag.py:4180} INFO - Setting next_dagrun for kafka_to_s3 to 2026-05-04 00:00:00+00:00, run_after=2026-05-05 00:00:00+00:00
[2026-05-04T09:20:12.188+0000] {processor.py:208} INFO - Processing /opt/airflow/dags/main.py took 0.325 seconds
[2026-05-04T09:20:43.852+0000] {processor.py:186} INFO - Started process (PID=3381) to work on /opt/airflow/dags/main.py
[2026-05-04T09:20:43.854+0000] {processor.py:914} INFO - Processing file /opt/airflow/dags/main.py for tasks to queue
[2026-05-04T09:20:43.857+0000] {logging_mixin.py:190} INFO - [2026-05-04T09:20:43.856+0000] {dagbag.py:588} INFO - Filling up the DagBag from /opt/airflow/dags/main.py
[2026-05-04T09:20:44.054+0000] {processor.py:925} INFO - DAG(s) 'kafka_to_s3' retrieved from /opt/airflow/dags/main.py
[2026-05-04T09:20:44.094+0000] {logging_mixin.py:190} INFO - [2026-05-04T09:20:44.094+0000] {dag.py:3239} INFO - Sync 1 DAGs
[2026-05-04T09:20:44.135+0000] {logging_mixin.py:190} INFO - [2026-05-04T09:20:44.135+0000] {dag.py:4180} INFO - Setting next_dagrun for kafka_to_s3 to 2026-05-04 00:00:00+00:00, run_after=2026-05-05 00:00:00+00:00
[2026-05-04T09:20:44.169+0000] {processor.py:208} INFO - Processing /opt/airflow/dags/main.py took 0.328 seconds
[2026-05-04T09:21:15.128+0000] {processor.py:186} INFO - Started process (PID=3388) to work on /opt/airflow/dags/main.py
[2026-05-04T09:21:15.131+0000] {processor.py:914} INFO - Processing file /opt/airflow/dags/main.py for tasks to queue
[2026-05-04T09:21:15.133+0000] {logging_mixin.py:190} INFO - [2026-05-04T09:21:15.133+0000] {dagbag.py:588} INFO - Filling up the DagBag from /opt/airflow/dags/main.py
[2026-05-04T09:21:15.393+0000] {processor.py:925} INFO - DAG(s) 'kafka_to_s3' retrieved from /opt/airflow/dags/main.py
[2026-05-04T09:21:15.434+0000] {logging_mixin.py:190} INFO - [2026-05-04T09:21:15.433+0000] {dag.py:3239} INFO - Sync 1 DAGs
[2026-05-04T09:21:15.474+0000] {logging_mixin.py:190} INFO - [2026-05-04T09:21:15.474+0000] {dag.py:4180} INFO - Setting next_dagrun for kafka_to_s3 to 2026-05-04 00:00:00+00:00, run_after=2026-05-05 00:00:00+00:00
[2026-05-04T09:21:15.509+0000] {processor.py:208} INFO - Processing /opt/airflow/dags/main.py took 0.396 seconds
[2026-05-04T09:21:45.679+0000] {processor.py:186} INFO - Started process (PID=3395) to work on /opt/airflow/dags/main.py
[2026-05-04T09:21:45.681+0000] {processor.py:914} INFO - Processing file /opt/airflow/dags/main.py for tasks to queue
[2026-05-04T09:21:45.683+0000] {logging_mixin.py:190} INFO - [2026-05-04T09:21:45.682+0000] {dagbag.py:588} INFO - Filling up the DagBag from /opt/airflow/dags/main.py
[2026-05-04T09:21:45.846+0000] {processor.py:925} INFO - DAG(s) 'kafka_to_s3' retrieved from /opt/airflow/dags/main.py
[2026-05-04T09:21:45.885+0000] {logging_mixin.py:190} INFO - [2026-05-04T09:21:45.884+0000] {dag.py:3239} INFO - Sync 1 DAGs
[2026-05-04T09:21:45.914+0000] {logging_mixin.py:190} INFO - [2026-05-04T09:21:45.913+0000] {dag.py:4180} INFO - Setting next_dagrun for kafka_to_s3 to 2026-05-04 00:00:00+00:00, run_after=2026-05-05 00:00:00+00:00
[2026-05-04T09:21:45.943+0000] {processor.py:208} INFO - Processing /opt/airflow/dags/main.py took 0.274 seconds
[2026-05-04T09:22:16.277+0000] {processor.py:186} INFO - Started process (PID=3402) to work on /opt/airflow/dags/main.py
[2026-05-04T09:22:16.279+0000] {processor.py:914} INFO - Processing file /opt/airflow/dags/main.py for tasks to queue
[2026-05-04T09:22:16.282+0000] {logging_mixin.py:190} INFO - [2026-05-04T09:22:16.281+0000] {dagbag.py:588} INFO - Filling up the DagBag from /opt/airflow/dags/main.py
[2026-05-04T09:22:16.450+0000] {processor.py:925} INFO - DAG(s) 'kafka_to_s3' retrieved from /opt/airflow/dags/main.py
[2026-05-04T09:22:16.491+0000] {logging_mixin.py:190} INFO - [2026-05-04T09:22:16.490+0000] {dag.py:3239} INFO - Sync 1 DAGs
[2026-05-04T09:22:16.522+0000] {logging_mixin.py:190} INFO - [2026-05-04T09:22:16.521+0000] {dag.py:4180} INFO - Setting next_dagrun for kafka_to_s3 to 2026-05-04 00:00:00+00:00, run_after=2026-05-05 00:00:00+00:00
[2026-05-04T09:22:16.550+0000] {processor.py:208} INFO - Processing /opt/airflow/dags/main.py took 0.290 seconds
[2026-05-04T09:22:47.130+0000] {processor.py:186} INFO - Started process (PID=3409) to work on /opt/airflow/dags/main.py
[2026-05-04T09:22:47.136+0000] {processor.py:914} INFO - Processing file /opt/airflow/dags/main.py for tasks to queue
[2026-05-04T09:22:47.143+0000] {logging_mixin.py:190} INFO - [2026-05-04T09:22:47.141+0000] {dagbag.py:588} INFO - Filling up the DagBag from /opt/airflow/dags/main.py
[2026-05-04T09:22:47.472+0000] {processor.py:925} INFO - DAG(s) 'kafka_to_s3' retrieved from /opt/airflow/dags/main.py
[2026-05-04T09:22:47.513+0000] {logging_mixin.py:190} INFO - [2026-05-04T09:22:47.513+0000] {dag.py:3239} INFO - Sync 1 DAGs
[2026-05-04T09:22:47.547+0000] {logging_mixin.py:190} INFO - [2026-05-04T09:22:47.546+0000] {dag.py:4180} INFO - Setting next_dagrun for kafka_to_s3 to 2026-05-04 00:00:00+00:00, run_after=2026-05-05 00:00:00+00:00
[2026-05-04T09:22:47.579+0000] {processor.py:208} INFO - Processing /opt/airflow/dags/main.py took 0.484 seconds
[2026-05-04T09:23:18.295+0000] {processor.py:186} INFO - Started process (PID=3416) to work on /opt/airflow/dags/main.py
[2026-05-04T09:23:18.300+0000] {processor.py:914} INFO - Processing file /opt/airflow/dags/main.py for tasks to queue
[2026-05-04T09:23:18.309+0000] {logging_mixin.py:190} INFO - [2026-05-04T09:23:18.307+0000] {dagbag.py:588} INFO - Filling up the DagBag from /opt/airflow/dags/main.py
[2026-05-04T09:23:18.583+0000] {processor.py:925} INFO - DAG(s) 'kafka_to_s3' retrieved from /opt/airflow/dags/main.py
[2026-05-04T09:23:18.615+0000] {logging_mixin.py:190} INFO - [2026-05-04T09:23:18.615+0000] {dag.py:3239} INFO - Sync 1 DAGs
[2026-05-04T09:23:18.655+0000] {logging_mixin.py:190} INFO - [2026-05-04T09:23:18.655+0000] {dag.py:4180} INFO - Setting next_dagrun for kafka_to_s3 to 2026-05-04 00:00:00+00:00, run_after=2026-05-05 00:00:00+00:00
[2026-05-04T09:23:18.692+0000] {processor.py:208} INFO - Processing /opt/airflow/dags/main.py took 0.428 seconds
[2026-05-04T09:23:49.313+0000] {processor.py:186} INFO - Started process (PID=3423) to work on /opt/airflow/dags/main.py
[2026-05-04T09:23:49.317+0000] {processor.py:914} INFO - Processing file /opt/airflow/dags/main.py for tasks to queue
[2026-05-04T09:23:49.326+0000] {logging_mixin.py:190} INFO - [2026-05-04T09:23:49.323+0000] {dagbag.py:588} INFO - Filling up the DagBag from /opt/airflow/dags/main.py
[2026-05-04T09:23:49.709+0000] {processor.py:925} INFO - DAG(s) 'kafka_to_s3' retrieved from /opt/airflow/dags/main.py
[2026-05-04T09:23:49.754+0000] {logging_mixin.py:190} INFO - [2026-05-04T09:23:49.754+0000] {dag.py:3239} INFO - Sync 1 DAGs
[2026-05-04T09:23:49.791+0000] {logging_mixin.py:190} INFO - [2026-05-04T09:23:49.791+0000] {dag.py:4180} INFO - Setting next_dagrun for kafka_to_s3 to 2026-05-04 00:00:00+00:00, run_after=2026-05-05 00:00:00+00:00
[2026-05-04T09:23:49.820+0000] {processor.py:208} INFO - Processing /opt/airflow/dags/main.py took 0.554 seconds
[2026-05-04T09:24:20.400+0000] {processor.py:186} INFO - Started process (PID=3430) to work on /opt/airflow/dags/main.py
[2026-05-04T09:24:20.403+0000] {processor.py:914} INFO - Processing file /opt/airflow/dags/main.py for tasks to queue
[2026-05-04T09:24:20.405+0000] {logging_mixin.py:190} INFO - [2026-05-04T09:24:20.405+0000] {dagbag.py:588} INFO - Filling up the DagBag from /opt/airflow/dags/main.py
[2026-05-04T09:24:20.584+0000] {processor.py:925} INFO - DAG(s) 'kafka_to_s3' retrieved from /opt/airflow/dags/main.py
[2026-05-04T09:24:20.634+0000] {logging_mixin.py:190} INFO - [2026-05-04T09:24:20.634+0000] {dag.py:3239} INFO - Sync 1 DAGs
[2026-05-04T09:24:20.681+0000] {logging_mixin.py:190} INFO - [2026-05-04T09:24:20.681+0000] {dag.py:4180} INFO - Setting next_dagrun for kafka_to_s3 to 2026-05-04 00:00:00+00:00, run_after=2026-05-05 00:00:00+00:00
[2026-05-04T09:24:20.719+0000] {processor.py:208} INFO - Processing /opt/airflow/dags/main.py took 0.329 seconds
[2026-05-04T09:24:51.120+0000] {processor.py:186} INFO - Started process (PID=3437) to work on /opt/airflow/dags/main.py
[2026-05-04T09:24:51.122+0000] {processor.py:914} INFO - Processing file /opt/airflow/dags/main.py for tasks to queue
[2026-05-04T09:24:51.126+0000] {logging_mixin.py:190} INFO - [2026-05-04T09:24:51.125+0000] {dagbag.py:588} INFO - Filling up the DagBag from /opt/airflow/dags/main.py
[2026-05-04T09:24:51.286+0000] {processor.py:925} INFO - DAG(s) 'kafka_to_s3' retrieved from /opt/airflow/dags/main.py
[2026-05-04T09:24:51.327+0000] {logging_mixin.py:190} INFO - [2026-05-04T09:24:51.327+0000] {dag.py:3239} INFO - Sync 1 DAGs
[2026-05-04T09:24:51.361+0000] {logging_mixin.py:190} INFO - [2026-05-04T09:24:51.361+0000] {dag.py:4180} INFO - Setting next_dagrun for kafka_to_s3 to 2026-05-04 00:00:00+00:00, run_after=2026-05-05 00:00:00+00:00
[2026-05-04T09:24:51.387+0000] {processor.py:208} INFO - Processing /opt/airflow/dags/main.py took 0.278 seconds
[2026-05-04T09:25:21.745+0000] {processor.py:186} INFO - Started process (PID=3444) to work on /opt/airflow/dags/main.py
[2026-05-04T09:25:21.747+0000] {processor.py:914} INFO - Processing file /opt/airflow/dags/main.py for tasks to queue
[2026-05-04T09:25:21.749+0000] {logging_mixin.py:190} INFO - [2026-05-04T09:25:21.748+0000] {dagbag.py:588} INFO - Filling up the DagBag from /opt/airflow/dags/main.py
[2026-05-04T09:25:21.918+0000] {processor.py:925} INFO - DAG(s) 'kafka_to_s3' retrieved from /opt/airflow/dags/main.py
[2026-05-04T09:25:21.955+0000] {logging_mixin.py:190} INFO - [2026-05-04T09:25:21.954+0000] {dag.py:3239} INFO - Sync 1 DAGs
[2026-05-04T09:25:21.990+0000] {logging_mixin.py:190} INFO - [2026-05-04T09:25:21.989+0000] {dag.py:4180} INFO - Setting next_dagrun for kafka_to_s3 to 2026-05-04 00:00:00+00:00, run_after=2026-05-05 00:00:00+00:00
[2026-05-04T09:25:22.018+0000] {processor.py:208} INFO - Processing /opt/airflow/dags/main.py took 0.286 seconds
[2026-05-04T09:25:52.360+0000] {processor.py:186} INFO - Started process (PID=3451) to work on /opt/airflow/dags/main.py
[2026-05-04T09:25:52.362+0000] {processor.py:914} INFO - Processing file /opt/airflow/dags/main.py for tasks to queue
[2026-05-04T09:25:52.364+0000] {logging_mixin.py:190} INFO - [2026-05-04T09:25:52.363+0000] {dagbag.py:588} INFO - Filling up the DagBag from /opt/airflow/dags/main.py
[2026-05-04T09:25:52.531+0000] {processor.py:925} INFO - DAG(s) 'kafka_to_s3' retrieved from /opt/airflow/dags/main.py
[2026-05-04T09:25:52.565+0000] {logging_mixin.py:190} INFO - [2026-05-04T09:25:52.565+0000] {dag.py:3239} INFO - Sync 1 DAGs
[2026-05-04T09:25:52.599+0000] {logging_mixin.py:190} INFO - [2026-05-04T09:25:52.599+0000] {dag.py:4180} INFO - Setting next_dagrun for kafka_to_s3 to 2026-05-04 00:00:00+00:00, run_after=2026-05-05 00:00:00+00:00
[2026-05-04T09:25:52.648+0000] {processor.py:208} INFO - Processing /opt/airflow/dags/main.py took 0.300 seconds
[2026-05-04T09:26:22.757+0000] {processor.py:186} INFO - Started process (PID=3458) to work on /opt/airflow/dags/main.py
[2026-05-04T09:26:22.759+0000] {processor.py:914} INFO - Processing file /opt/airflow/dags/main.py for tasks to queue
[2026-05-04T09:26:22.762+0000] {logging_mixin.py:190} INFO - [2026-05-04T09:26:22.761+0000] {dagbag.py:588} INFO - Filling up the DagBag from /opt/airflow/dags/main.py
[2026-05-04T09:26:22.990+0000] {processor.py:925} INFO - DAG(s) 'kafka_to_s3' retrieved from /opt/airflow/dags/main.py
[2026-05-04T09:26:23.055+0000] {logging_mixin.py:190} INFO - [2026-05-04T09:26:23.054+0000] {dag.py:3239} INFO - Sync 1 DAGs
[2026-05-04T09:26:23.092+0000] {logging_mixin.py:190} INFO - [2026-05-04T09:26:23.091+0000] {dag.py:4180} INFO - Setting next_dagrun for kafka_to_s3 to 2026-05-04 00:00:00+00:00, run_after=2026-05-05 00:00:00+00:00
[2026-05-04T09:26:23.142+0000] {processor.py:208} INFO - Processing /opt/airflow/dags/main.py took 0.397 seconds
[2026-05-04T09:26:53.669+0000] {processor.py:186} INFO - Started process (PID=3465) to work on /opt/airflow/dags/main.py
[2026-05-04T09:26:53.671+0000] {processor.py:914} INFO - Processing file /opt/airflow/dags/main.py for tasks to queue
[2026-05-04T09:26:53.674+0000] {logging_mixin.py:190} INFO - [2026-05-04T09:26:53.673+0000] {dagbag.py:588} INFO - Filling up the DagBag from /opt/airflow/dags/main.py
[2026-05-04T09:26:53.844+0000] {processor.py:925} INFO - DAG(s) 'kafka_to_s3' retrieved from /opt/airflow/dags/main.py
[2026-05-04T09:26:53.880+0000] {logging_mixin.py:190} INFO - [2026-05-04T09:26:53.880+0000] {dag.py:3239} INFO - Sync 1 DAGs
[2026-05-04T09:26:53.912+0000] {logging_mixin.py:190} INFO - [2026-05-04T09:26:53.911+0000] {dag.py:4180} INFO - Setting next_dagrun for kafka_to_s3 to 2026-05-04 00:00:00+00:00, run_after=2026-05-05 00:00:00+00:00
[2026-05-04T09:26:53.944+0000] {processor.py:208} INFO - Processing /opt/airflow/dags/main.py took 0.285 seconds
[2026-05-04T09:27:24.228+0000] {processor.py:186} INFO - Started process (PID=3472) to work on /opt/airflow/dags/main.py
[2026-05-04T09:27:24.230+0000] {processor.py:914} INFO - Processing file /opt/airflow/dags/main.py for tasks to queue
[2026-05-04T09:27:24.232+0000] {logging_mixin.py:190} INFO - [2026-05-04T09:27:24.232+0000] {dagbag.py:588} INFO - Filling up the DagBag from /opt/airflow/dags/main.py
[2026-05-04T09:27:24.407+0000] {processor.py:925} INFO - DAG(s) 'kafka_to_s3' retrieved from /opt/airflow/dags/main.py
[2026-05-04T09:27:24.441+0000] {logging_mixin.py:190} INFO - [2026-05-04T09:27:24.441+0000] {dag.py:3239} INFO - Sync 1 DAGs
[2026-05-04T09:27:24.491+0000] {logging_mixin.py:190} INFO - [2026-05-04T09:27:24.491+0000] {dag.py:4180} INFO - Setting next_dagrun for kafka_to_s3 to 2026-05-04 00:00:00+00:00, run_after=2026-05-05 00:00:00+00:00
[2026-05-04T09:27:24.522+0000] {processor.py:208} INFO - Processing /opt/airflow/dags/main.py took 0.305 seconds
[2026-05-04T09:27:55.050+0000] {processor.py:186} INFO - Started process (PID=3479) to work on /opt/airflow/dags/main.py
[2026-05-04T09:27:55.051+0000] {processor.py:914} INFO - Processing file /opt/airflow/dags/main.py for tasks to queue
[2026-05-04T09:27:55.053+0000] {logging_mixin.py:190} INFO - [2026-05-04T09:27:55.053+0000] {dagbag.py:588} INFO - Filling up the DagBag from /opt/airflow/dags/main.py
[2026-05-04T09:27:55.228+0000] {processor.py:925} INFO - DAG(s) 'kafka_to_s3' retrieved from /opt/airflow/dags/main.py
[2026-05-04T09:27:55.282+0000] {logging_mixin.py:190} INFO - [2026-05-04T09:27:55.282+0000] {dag.py:3239} INFO - Sync 1 DAGs
[2026-05-04T09:27:55.335+0000] {logging_mixin.py:190} INFO - [2026-05-04T09:27:55.335+0000] {dag.py:4180} INFO - Setting next_dagrun for kafka_to_s3 to 2026-05-04 00:00:00+00:00, run_after=2026-05-05 00:00:00+00:00
[2026-05-04T09:27:55.374+0000] {processor.py:208} INFO - Processing /opt/airflow/dags/main.py took 0.334 seconds
[2026-05-04T09:28:25.591+0000] {processor.py:186} INFO - Started process (PID=3486) to work on /opt/airflow/dags/main.py
[2026-05-04T09:28:25.593+0000] {processor.py:914} INFO - Processing file /opt/airflow/dags/main.py for tasks to queue
[2026-05-04T09:28:25.596+0000] {logging_mixin.py:190} INFO - [2026-05-04T09:28:25.595+0000] {dagbag.py:588} INFO - Filling up the DagBag from /opt/airflow/dags/main.py
[2026-05-04T09:28:25.842+0000] {processor.py:925} INFO - DAG(s) 'kafka_to_s3' retrieved from /opt/airflow/dags/main.py
[2026-05-04T09:28:25.882+0000] {logging_mixin.py:190} INFO - [2026-05-04T09:28:25.882+0000] {dag.py:3239} INFO - Sync 1 DAGs
[2026-05-04T09:28:25.925+0000] {logging_mixin.py:190} INFO - [2026-05-04T09:28:25.925+0000] {dag.py:4180} INFO - Setting next_dagrun for kafka_to_s3 to 2026-05-04 00:00:00+00:00, run_after=2026-05-05 00:00:00+00:00
[2026-05-04T09:28:25.963+0000] {processor.py:208} INFO - Processing /opt/airflow/dags/main.py took 0.381 seconds
[2026-05-04T09:28:56.382+0000] {processor.py:186} INFO - Started process (PID=3493) to work on /opt/airflow/dags/main.py
[2026-05-04T09:28:56.383+0000] {processor.py:914} INFO - Processing file /opt/airflow/dags/main.py for tasks to queue
[2026-05-04T09:28:56.386+0000] {logging_mixin.py:190} INFO - [2026-05-04T09:28:56.385+0000] {dagbag.py:588} INFO - Filling up the DagBag from /opt/airflow/dags/main.py
[2026-05-04T09:28:56.577+0000] {processor.py:925} INFO - DAG(s) 'kafka_to_s3' retrieved from /opt/airflow/dags/main.py
[2026-05-04T09:28:56.616+0000] {logging_mixin.py:190} INFO - [2026-05-04T09:28:56.615+0000] {dag.py:3239} INFO - Sync 1 DAGs
[2026-05-04T09:28:56.652+0000] {logging_mixin.py:190} INFO - [2026-05-04T09:28:56.651+0000] {dag.py:4180} INFO - Setting next_dagrun for kafka_to_s3 to 2026-05-04 00:00:00+00:00, run_after=2026-05-05 00:00:00+00:00
[2026-05-04T09:28:56.682+0000] {processor.py:208} INFO - Processing /opt/airflow/dags/main.py took 0.311 seconds
[2026-05-04T09:29:27.098+0000] {processor.py:186} INFO - Started process (PID=3500) to work on /opt/airflow/dags/main.py
[2026-05-04T09:29:27.101+0000] {processor.py:914} INFO - Processing file /opt/airflow/dags/main.py for tasks to queue
[2026-05-04T09:29:27.106+0000] {logging_mixin.py:190} INFO - [2026-05-04T09:29:27.104+0000] {dagbag.py:588} INFO - Filling up the DagBag from /opt/airflow/dags/main.py
[2026-05-04T09:29:27.375+0000] {processor.py:925} INFO - DAG(s) 'kafka_to_s3' retrieved from /opt/airflow/dags/main.py
[2026-05-04T09:29:27.414+0000] {logging_mixin.py:190} INFO - [2026-05-04T09:29:27.414+0000] {dag.py:3239} INFO - Sync 1 DAGs
[2026-05-04T09:29:27.451+0000] {logging_mixin.py:190} INFO - [2026-05-04T09:29:27.450+0000] {dag.py:4180} INFO - Setting next_dagrun for kafka_to_s3 to 2026-05-04 00:00:00+00:00, run_after=2026-05-05 00:00:00+00:00
[2026-05-04T09:29:27.484+0000] {processor.py:208} INFO - Processing /opt/airflow/dags/main.py took 0.405 seconds
[2026-05-04T09:29:57.999+0000] {processor.py:186} INFO - Started process (PID=3507) to work on /opt/airflow/dags/main.py
[2026-05-04T09:29:58.001+0000] {processor.py:914} INFO - Processing file /opt/airflow/dags/main.py for tasks to queue
[2026-05-04T09:29:58.004+0000] {logging_mixin.py:190} INFO - [2026-05-04T09:29:58.003+0000] {dagbag.py:588} INFO - Filling up the DagBag from /opt/airflow/dags/main.py
[2026-05-04T09:29:58.330+0000] {processor.py:925} INFO - DAG(s) 'kafka_to_s3' retrieved from /opt/airflow/dags/main.py
[2026-05-04T09:29:58.375+0000] {logging_mixin.py:190} INFO - [2026-05-04T09:29:58.375+0000] {dag.py:3239} INFO - Sync 1 DAGs
[2026-05-04T09:29:58.437+0000] {logging_mixin.py:190} INFO - [2026-05-04T09:29:58.436+0000] {dag.py:4180} INFO - Setting next_dagrun for kafka_to_s3 to 2026-05-04 00:00:00+00:00, run_after=2026-05-05 00:00:00+00:00
[2026-05-04T09:29:58.472+0000] {processor.py:208} INFO - Processing /opt/airflow/dags/main.py took 0.489 seconds
[2026-05-04T09:30:28.855+0000] {processor.py:186} INFO - Started process (PID=3514) to work on /opt/airflow/dags/main.py
[2026-05-04T09:30:28.858+0000] {processor.py:914} INFO - Processing file /opt/airflow/dags/main.py for tasks to queue
[2026-05-04T09:30:28.861+0000] {logging_mixin.py:190} INFO - [2026-05-04T09:30:28.860+0000] {dagbag.py:588} INFO - Filling up the DagBag from /opt/airflow/dags/main.py
[2026-05-04T09:30:29.047+0000] {processor.py:925} INFO - DAG(s) 'kafka_to_s3' retrieved from /opt/airflow/dags/main.py
[2026-05-04T09:30:29.087+0000] {logging_mixin.py:190} INFO - [2026-05-04T09:30:29.087+0000] {dag.py:3239} INFO - Sync 1 DAGs
[2026-05-04T09:30:29.121+0000] {logging_mixin.py:190} INFO - [2026-05-04T09:30:29.120+0000] {dag.py:4180} INFO - Setting next_dagrun for kafka_to_s3 to 2026-05-04 00:00:00+00:00, run_after=2026-05-05 00:00:00+00:00
[2026-05-04T09:30:29.149+0000] {processor.py:208} INFO - Processing /opt/airflow/dags/main.py took 0.315 seconds
[2026-05-04T09:30:59.503+0000] {processor.py:186} INFO - Started process (PID=3521) to work on /opt/airflow/dags/main.py
[2026-05-04T09:30:59.505+0000] {processor.py:914} INFO - Processing file /opt/airflow/dags/main.py for tasks to queue
[2026-05-04T09:30:59.508+0000] {logging_mixin.py:190} INFO - [2026-05-04T09:30:59.507+0000] {dagbag.py:588} INFO - Filling up the DagBag from /opt/airflow/dags/main.py
[2026-05-04T09:30:59.721+0000] {processor.py:925} INFO - DAG(s) 'kafka_to_s3' retrieved from /opt/airflow/dags/main.py
[2026-05-04T09:30:59.763+0000] {logging_mixin.py:190} INFO - [2026-05-04T09:30:59.763+0000] {dag.py:3239} INFO - Sync 1 DAGs
[2026-05-04T09:30:59.800+0000] {logging_mixin.py:190} INFO - [2026-05-04T09:30:59.800+0000] {dag.py:4180} INFO - Setting next_dagrun for kafka_to_s3 to 2026-05-04 00:00:00+00:00, run_after=2026-05-05 00:00:00+00:00
[2026-05-04T09:30:59.834+0000] {processor.py:208} INFO - Processing /opt/airflow/dags/main.py took 0.347 seconds
[2026-05-04T09:31:30.252+0000] {processor.py:186} INFO - Started process (PID=3528) to work on /opt/airflow/dags/main.py
[2026-05-04T09:31:30.254+0000] {processor.py:914} INFO - Processing file /opt/airflow/dags/main.py for tasks to queue
[2026-05-04T09:31:30.258+0000] {logging_mixin.py:190} INFO - [2026-05-04T09:31:30.257+0000] {dagbag.py:588} INFO - Filling up the DagBag from /opt/airflow/dags/main.py
[2026-05-04T09:31:30.488+0000] {processor.py:925} INFO - DAG(s) 'kafka_to_s3' retrieved from /opt/airflow/dags/main.py
[2026-05-04T09:31:30.523+0000] {logging_mixin.py:190} INFO - [2026-05-04T09:31:30.522+0000] {dag.py:3239} INFO - Sync 1 DAGs
[2026-05-04T09:31:30.601+0000] {logging_mixin.py:190} INFO - [2026-05-04T09:31:30.600+0000] {dag.py:4180} INFO - Setting next_dagrun for kafka_to_s3 to 2026-05-04 00:00:00+00:00, run_after=2026-05-05 00:00:00+00:00
[2026-05-04T09:31:30.639+0000] {processor.py:208} INFO - Processing /opt/airflow/dags/main.py took 0.409 seconds
[2026-05-04T09:32:00.973+0000] {processor.py:186} INFO - Started process (PID=3534) to work on /opt/airflow/dags/main.py
[2026-05-04T09:32:00.975+0000] {processor.py:914} INFO - Processing file /opt/airflow/dags/main.py for tasks to queue
[2026-05-04T09:32:00.978+0000] {logging_mixin.py:190} INFO - [2026-05-04T09:32:00.977+0000] {dagbag.py:588} INFO - Filling up the DagBag from /opt/airflow/dags/main.py
[2026-05-04T09:32:01.151+0000] {processor.py:925} INFO - DAG(s) 'kafka_to_s3' retrieved from /opt/airflow/dags/main.py
[2026-05-04T09:32:01.186+0000] {logging_mixin.py:190} INFO - [2026-05-04T09:32:01.185+0000] {dag.py:3239} INFO - Sync 1 DAGs
[2026-05-04T09:32:01.219+0000] {logging_mixin.py:190} INFO - [2026-05-04T09:32:01.219+0000] {dag.py:4180} INFO - Setting next_dagrun for kafka_to_s3 to 2026-05-04 00:00:00+00:00, run_after=2026-05-05 00:00:00+00:00
[2026-05-04T09:32:01.259+0000] {processor.py:208} INFO - Processing /opt/airflow/dags/main.py took 0.295 seconds
[2026-05-04T09:32:31.637+0000] {processor.py:186} INFO - Started process (PID=3541) to work on /opt/airflow/dags/main.py
[2026-05-04T09:32:31.638+0000] {processor.py:914} INFO - Processing file /opt/airflow/dags/main.py for tasks to queue
[2026-05-04T09:32:31.640+0000] {logging_mixin.py:190} INFO - [2026-05-04T09:32:31.640+0000] {dagbag.py:588} INFO - Filling up the DagBag from /opt/airflow/dags/main.py
[2026-05-04T09:32:32.169+0000] {processor.py:925} INFO - DAG(s) 'kafka_to_s3' retrieved from /opt/airflow/dags/main.py
[2026-05-04T09:32:32.227+0000] {logging_mixin.py:190} INFO - [2026-05-04T09:32:32.225+0000] {dag.py:3239} INFO - Sync 1 DAGs
[2026-05-04T09:32:32.276+0000] {logging_mixin.py:190} INFO - [2026-05-04T09:32:32.276+0000] {dag.py:4180} INFO - Setting next_dagrun for kafka_to_s3 to 2026-05-04 00:00:00+00:00, run_after=2026-05-05 00:00:00+00:00
[2026-05-04T09:32:32.307+0000] {processor.py:208} INFO - Processing /opt/airflow/dags/main.py took 0.681 seconds
[2026-05-04T09:33:02.934+0000] {processor.py:186} INFO - Started process (PID=3548) to work on /opt/airflow/dags/main.py
[2026-05-04T09:33:02.936+0000] {processor.py:914} INFO - Processing file /opt/airflow/dags/main.py for tasks to queue
[2026-05-04T09:33:02.937+0000] {logging_mixin.py:190} INFO - [2026-05-04T09:33:02.937+0000] {dagbag.py:588} INFO - Filling up the DagBag from /opt/airflow/dags/main.py
[2026-05-04T09:33:03.117+0000] {processor.py:925} INFO - DAG(s) 'kafka_to_s3' retrieved from /opt/airflow/dags/main.py
[2026-05-04T09:33:03.157+0000] {logging_mixin.py:190} INFO - [2026-05-04T09:33:03.157+0000] {dag.py:3239} INFO - Sync 1 DAGs
[2026-05-04T09:33:03.190+0000] {logging_mixin.py:190} INFO - [2026-05-04T09:33:03.190+0000] {dag.py:4180} INFO - Setting next_dagrun for kafka_to_s3 to 2026-05-04 00:00:00+00:00, run_after=2026-05-05 00:00:00+00:00
[2026-05-04T09:33:03.216+0000] {processor.py:208} INFO - Processing /opt/airflow/dags/main.py took 0.292 seconds
[2026-05-04T09:33:33.494+0000] {processor.py:186} INFO - Started process (PID=3555) to work on /opt/airflow/dags/main.py
[2026-05-04T09:33:33.496+0000] {processor.py:914} INFO - Processing file /opt/airflow/dags/main.py for tasks to queue
[2026-05-04T09:33:33.499+0000] {logging_mixin.py:190} INFO - [2026-05-04T09:33:33.499+0000] {dagbag.py:588} INFO - Filling up the DagBag from /opt/airflow/dags/main.py
[2026-05-04T09:33:33.701+0000] {processor.py:925} INFO - DAG(s) 'kafka_to_s3' retrieved from /opt/airflow/dags/main.py
[2026-05-04T09:33:33.736+0000] {logging_mixin.py:190} INFO - [2026-05-04T09:33:33.735+0000] {dag.py:3239} INFO - Sync 1 DAGs
[2026-05-04T09:33:33.769+0000] {logging_mixin.py:190} INFO - [2026-05-04T09:33:33.769+0000] {dag.py:4180} INFO - Setting next_dagrun for kafka_to_s3 to 2026-05-04 00:00:00+00:00, run_after=2026-05-05 00:00:00+00:00
[2026-05-04T09:33:33.795+0000] {processor.py:208} INFO - Processing /opt/airflow/dags/main.py took 0.311 seconds
[2026-05-04T09:34:04.373+0000] {processor.py:186} INFO - Started process (PID=3562) to work on /opt/airflow/dags/main.py
[2026-05-04T09:34:04.375+0000] {processor.py:914} INFO - Processing file /opt/airflow/dags/main.py for tasks to queue
[2026-05-04T09:34:04.377+0000] {logging_mixin.py:190} INFO - [2026-05-04T09:34:04.377+0000] {dagbag.py:588} INFO - Filling up the DagBag from /opt/airflow/dags/main.py
[2026-05-04T09:34:04.543+0000] {processor.py:925} INFO - DAG(s) 'kafka_to_s3' retrieved from /opt/airflow/dags/main.py
[2026-05-04T09:34:04.575+0000] {logging_mixin.py:190} INFO - [2026-05-04T09:34:04.575+0000] {dag.py:3239} INFO - Sync 1 DAGs
[2026-05-04T09:34:04.609+0000] {logging_mixin.py:190} INFO - [2026-05-04T09:34:04.608+0000] {dag.py:4180} INFO - Setting next_dagrun for kafka_to_s3 to 2026-05-04 00:00:00+00:00, run_after=2026-05-05 00:00:00+00:00
[2026-05-04T09:34:04.639+0000] {processor.py:208} INFO - Processing /opt/airflow/dags/main.py took 0.275 seconds
[2026-05-04T09:34:34.978+0000] {processor.py:186} INFO - Started process (PID=3569) to work on /opt/airflow/dags/main.py
[2026-05-04T09:34:34.980+0000] {processor.py:914} INFO - Processing file /opt/airflow/dags/main.py for tasks to queue
[2026-05-04T09:34:34.982+0000] {logging_mixin.py:190} INFO - [2026-05-04T09:34:34.981+0000] {dagbag.py:588} INFO - Filling up the DagBag from /opt/airflow/dags/main.py
[2026-05-04T09:34:35.172+0000] {processor.py:925} INFO - DAG(s) 'kafka_to_s3' retrieved from /opt/airflow/dags/main.py
[2026-05-04T09:34:35.211+0000] {logging_mixin.py:190} INFO - [2026-05-04T09:34:35.210+0000] {dag.py:3239} INFO - Sync 1 DAGs
[2026-05-04T09:34:35.241+0000] {logging_mixin.py:190} INFO - [2026-05-04T09:34:35.241+0000] {dag.py:4180} INFO - Setting next_dagrun for kafka_to_s3 to 2026-05-04 00:00:00+00:00, run_after=2026-05-05 00:00:00+00:00
[2026-05-04T09:34:35.266+0000] {processor.py:208} INFO - Processing /opt/airflow/dags/main.py took 0.299 seconds
[2026-05-04T09:35:05.788+0000] {processor.py:186} INFO - Started process (PID=3582) to work on /opt/airflow/dags/main.py
[2026-05-04T09:35:05.790+0000] {processor.py:914} INFO - Processing file /opt/airflow/dags/main.py for tasks to queue
[2026-05-04T09:35:05.792+0000] {logging_mixin.py:190} INFO - [2026-05-04T09:35:05.792+0000] {dagbag.py:588} INFO - Filling up the DagBag from /opt/airflow/dags/main.py
[2026-05-04T09:35:05.976+0000] {processor.py:925} INFO - DAG(s) 'kafka_to_s3' retrieved from /opt/airflow/dags/main.py
[2026-05-04T09:35:06.014+0000] {logging_mixin.py:190} INFO - [2026-05-04T09:35:06.014+0000] {dag.py:3239} INFO - Sync 1 DAGs
[2026-05-04T09:35:06.054+0000] {logging_mixin.py:190} INFO - [2026-05-04T09:35:06.053+0000] {dag.py:4180} INFO - Setting next_dagrun for kafka_to_s3 to 2026-05-04 00:00:00+00:00, run_after=2026-05-05 00:00:00+00:00
[2026-05-04T09:35:06.086+0000] {processor.py:208} INFO - Processing /opt/airflow/dags/main.py took 0.309 seconds
[2026-05-04T09:35:36.411+0000] {processor.py:186} INFO - Started process (PID=3588) to work on /opt/airflow/dags/main.py
[2026-05-04T09:35:36.413+0000] {processor.py:914} INFO - Processing file /opt/airflow/dags/main.py for tasks to queue
[2026-05-04T09:35:36.415+0000] {logging_mixin.py:190} INFO - [2026-05-04T09:35:36.414+0000] {dagbag.py:588} INFO - Filling up the DagBag from /opt/airflow/dags/main.py
[2026-05-04T09:35:36.714+0000] {processor.py:925} INFO - DAG(s) 'kafka_to_s3' retrieved from /opt/airflow/dags/main.py
[2026-05-04T09:35:36.769+0000] {logging_mixin.py:190} INFO - [2026-05-04T09:35:36.769+0000] {dag.py:3239} INFO - Sync 1 DAGs
[2026-05-04T09:35:36.838+0000] {logging_mixin.py:190} INFO - [2026-05-04T09:35:36.837+0000] {dag.py:4180} INFO - Setting next_dagrun for kafka_to_s3 to 2026-05-04 00:00:00+00:00, run_after=2026-05-05 00:00:00+00:00
[2026-05-04T09:35:36.886+0000] {processor.py:208} INFO - Processing /opt/airflow/dags/main.py took 0.488 seconds
[2026-05-04T09:36:07.158+0000] {processor.py:186} INFO - Started process (PID=3595) to work on /opt/airflow/dags/main.py
[2026-05-04T09:36:07.160+0000] {processor.py:914} INFO - Processing file /opt/airflow/dags/main.py for tasks to queue
[2026-05-04T09:36:07.162+0000] {logging_mixin.py:190} INFO - [2026-05-04T09:36:07.162+0000] {dagbag.py:588} INFO - Filling up the DagBag from /opt/airflow/dags/main.py
[2026-05-04T09:36:07.323+0000] {processor.py:925} INFO - DAG(s) 'kafka_to_s3' retrieved from /opt/airflow/dags/main.py
[2026-05-04T09:36:07.357+0000] {logging_mixin.py:190} INFO - [2026-05-04T09:36:07.357+0000] {dag.py:3239} INFO - Sync 1 DAGs
[2026-05-04T09:36:07.401+0000] {logging_mixin.py:190} INFO - [2026-05-04T09:36:07.400+0000] {dag.py:4180} INFO - Setting next_dagrun for kafka_to_s3 to 2026-05-04 00:00:00+00:00, run_after=2026-05-05 00:00:00+00:00
[2026-05-04T09:36:07.430+0000] {processor.py:208} INFO - Processing /opt/airflow/dags/main.py took 0.290 seconds
[2026-05-04T09:36:37.946+0000] {processor.py:186} INFO - Started process (PID=3602) to work on /opt/airflow/dags/main.py
[2026-05-04T09:36:37.948+0000] {processor.py:914} INFO - Processing file /opt/airflow/dags/main.py for tasks to queue
[2026-05-04T09:36:37.950+0000] {logging_mixin.py:190} INFO - [2026-05-04T09:36:37.950+0000] {dagbag.py:588} INFO - Filling up the DagBag from /opt/airflow/dags/main.py
[2026-05-04T09:36:38.114+0000] {processor.py:925} INFO - DAG(s) 'kafka_to_s3' retrieved from /opt/airflow/dags/main.py
[2026-05-04T09:36:38.151+0000] {logging_mixin.py:190} INFO - [2026-05-04T09:36:38.151+0000] {dag.py:3239} INFO - Sync 1 DAGs
[2026-05-04T09:36:38.187+0000] {logging_mixin.py:190} INFO - [2026-05-04T09:36:38.187+0000] {dag.py:4180} INFO - Setting next_dagrun for kafka_to_s3 to 2026-05-04 00:00:00+00:00, run_after=2026-05-05 00:00:00+00:00
[2026-05-04T09:36:38.215+0000] {processor.py:208} INFO - Processing /opt/airflow/dags/main.py took 0.279 seconds
[2026-05-04T09:37:08.545+0000] {processor.py:186} INFO - Started process (PID=3609) to work on /opt/airflow/dags/main.py
[2026-05-04T09:37:08.548+0000] {processor.py:914} INFO - Processing file /opt/airflow/dags/main.py for tasks to queue
[2026-05-04T09:37:08.553+0000] {logging_mixin.py:190} INFO - [2026-05-04T09:37:08.551+0000] {dagbag.py:588} INFO - Filling up the DagBag from /opt/airflow/dags/main.py
[2026-05-04T09:37:08.792+0000] {processor.py:925} INFO - DAG(s) 'kafka_to_s3' retrieved from /opt/airflow/dags/main.py
[2026-05-04T09:37:08.831+0000] {logging_mixin.py:190} INFO - [2026-05-04T09:37:08.830+0000] {dag.py:3239} INFO - Sync 1 DAGs
[2026-05-04T09:37:08.865+0000] {logging_mixin.py:190} INFO - [2026-05-04T09:37:08.865+0000] {dag.py:4180} INFO - Setting next_dagrun for kafka_to_s3 to 2026-05-04 00:00:00+00:00, run_after=2026-05-05 00:00:00+00:00
[2026-05-04T09:37:08.894+0000] {processor.py:208} INFO - Processing /opt/airflow/dags/main.py took 0.359 seconds
[2026-05-04T09:37:39.178+0000] {processor.py:186} INFO - Started process (PID=3615) to work on /opt/airflow/dags/main.py
[2026-05-04T09:37:39.180+0000] {processor.py:914} INFO - Processing file /opt/airflow/dags/main.py for tasks to queue
[2026-05-04T09:37:39.183+0000] {logging_mixin.py:190} INFO - [2026-05-04T09:37:39.182+0000] {dagbag.py:588} INFO - Filling up the DagBag from /opt/airflow/dags/main.py
[2026-05-04T09:37:39.367+0000] {processor.py:925} INFO - DAG(s) 'kafka_to_s3' retrieved from /opt/airflow/dags/main.py
[2026-05-04T09:37:39.408+0000] {logging_mixin.py:190} INFO - [2026-05-04T09:37:39.408+0000] {dag.py:3239} INFO - Sync 1 DAGs
[2026-05-04T09:37:39.453+0000] {logging_mixin.py:190} INFO - [2026-05-04T09:37:39.453+0000] {dag.py:4180} INFO - Setting next_dagrun for kafka_to_s3 to 2026-05-04 00:00:00+00:00, run_after=2026-05-05 00:00:00+00:00
[2026-05-04T09:37:39.486+0000] {processor.py:208} INFO - Processing /opt/airflow/dags/main.py took 0.322 seconds
[2026-05-04T09:38:09.801+0000] {processor.py:186} INFO - Started process (PID=3622) to work on /opt/airflow/dags/main.py
[2026-05-04T09:38:09.802+0000] {processor.py:914} INFO - Processing file /opt/airflow/dags/main.py for tasks to queue
[2026-05-04T09:38:09.804+0000] {logging_mixin.py:190} INFO - [2026-05-04T09:38:09.804+0000] {dagbag.py:588} INFO - Filling up the DagBag from /opt/airflow/dags/main.py
[2026-05-04T09:38:09.956+0000] {processor.py:925} INFO - DAG(s) 'kafka_to_s3' retrieved from /opt/airflow/dags/main.py
[2026-05-04T09:38:09.999+0000] {logging_mixin.py:190} INFO - [2026-05-04T09:38:09.998+0000] {dag.py:3239} INFO - Sync 1 DAGs
[2026-05-04T09:38:10.035+0000] {logging_mixin.py:190} INFO - [2026-05-04T09:38:10.035+0000] {dag.py:4180} INFO - Setting next_dagrun for kafka_to_s3 to 2026-05-04 00:00:00+00:00, run_after=2026-05-05 00:00:00+00:00
[2026-05-04T09:38:10.062+0000] {processor.py:208} INFO - Processing /opt/airflow/dags/main.py took 0.272 seconds
[2026-05-04T09:38:40.246+0000] {processor.py:186} INFO - Started process (PID=3629) to work on /opt/airflow/dags/main.py
[2026-05-04T09:38:40.249+0000] {processor.py:914} INFO - Processing file /opt/airflow/dags/main.py for tasks to queue
[2026-05-04T09:38:40.252+0000] {logging_mixin.py:190} INFO - [2026-05-04T09:38:40.251+0000] {dagbag.py:588} INFO - Filling up the DagBag from /opt/airflow/dags/main.py
[2026-05-04T09:38:40.455+0000] {processor.py:925} INFO - DAG(s) 'kafka_to_s3' retrieved from /opt/airflow/dags/main.py
[2026-05-04T09:38:40.491+0000] {logging_mixin.py:190} INFO - [2026-05-04T09:38:40.491+0000] {dag.py:3239} INFO - Sync 1 DAGs
[2026-05-04T09:38:40.526+0000] {logging_mixin.py:190} INFO - [2026-05-04T09:38:40.526+0000] {dag.py:4180} INFO - Setting next_dagrun for kafka_to_s3 to 2026-05-04 00:00:00+00:00, run_after=2026-05-05 00:00:00+00:00
[2026-05-04T09:38:40.552+0000] {processor.py:208} INFO - Processing /opt/airflow/dags/main.py took 0.321 seconds
[2026-05-04T09:39:10.996+0000] {processor.py:186} INFO - Started process (PID=3636) to work on /opt/airflow/dags/main.py
[2026-05-04T09:39:10.997+0000] {processor.py:914} INFO - Processing file /opt/airflow/dags/main.py for tasks to queue
[2026-05-04T09:39:10.999+0000] {logging_mixin.py:190} INFO - [2026-05-04T09:39:10.999+0000] {dagbag.py:588} INFO - Filling up the DagBag from /opt/airflow/dags/main.py
[2026-05-04T09:39:11.173+0000] {processor.py:925} INFO - DAG(s) 'kafka_to_s3' retrieved from /opt/airflow/dags/main.py
[2026-05-04T09:39:11.209+0000] {logging_mixin.py:190} INFO - [2026-05-04T09:39:11.208+0000] {dag.py:3239} INFO - Sync 1 DAGs
[2026-05-04T09:39:11.241+0000] {logging_mixin.py:190} INFO - [2026-05-04T09:39:11.240+0000] {dag.py:4180} INFO - Setting next_dagrun for kafka_to_s3 to 2026-05-04 00:00:00+00:00, run_after=2026-05-05 00:00:00+00:00
[2026-05-04T09:39:11.272+0000] {processor.py:208} INFO - Processing /opt/airflow/dags/main.py took 0.286 seconds
[2026-05-04T09:39:41.476+0000] {processor.py:186} INFO - Started process (PID=3643) to work on /opt/airflow/dags/main.py
[2026-05-04T09:39:41.477+0000] {processor.py:914} INFO - Processing file /opt/airflow/dags/main.py for tasks to queue
[2026-05-04T09:39:41.480+0000] {logging_mixin.py:190} INFO - [2026-05-04T09:39:41.479+0000] {dagbag.py:588} INFO - Filling up the DagBag from /opt/airflow/dags/main.py
[2026-05-04T09:39:41.650+0000] {processor.py:925} INFO - DAG(s) 'kafka_to_s3' retrieved from /opt/airflow/dags/main.py
[2026-05-04T09:39:41.684+0000] {logging_mixin.py:190} INFO - [2026-05-04T09:39:41.684+0000] {dag.py:3239} INFO - Sync 1 DAGs
[2026-05-04T09:39:41.736+0000] {logging_mixin.py:190} INFO - [2026-05-04T09:39:41.735+0000] {dag.py:4180} INFO - Setting next_dagrun for kafka_to_s3 to 2026-05-04 00:00:00+00:00, run_after=2026-05-05 00:00:00+00:00
[2026-05-04T09:39:41.802+0000] {processor.py:208} INFO - Processing /opt/airflow/dags/main.py took 0.336 seconds
[2026-05-04T09:40:12.471+0000] {processor.py:186} INFO - Started process (PID=3650) to work on /opt/airflow/dags/main.py
[2026-05-04T09:40:12.478+0000] {processor.py:914} INFO - Processing file /opt/airflow/dags/main.py for tasks to queue
[2026-05-04T09:40:12.487+0000] {logging_mixin.py:190} INFO - [2026-05-04T09:40:12.485+0000] {dagbag.py:588} INFO - Filling up the DagBag from /opt/airflow/dags/main.py
[2026-05-04T09:40:12.775+0000] {processor.py:925} INFO - DAG(s) 'kafka_to_s3' retrieved from /opt/airflow/dags/main.py
[2026-05-04T09:40:12.809+0000] {logging_mixin.py:190} INFO - [2026-05-04T09:40:12.809+0000] {dag.py:3239} INFO - Sync 1 DAGs
[2026-05-04T09:40:12.853+0000] {logging_mixin.py:190} INFO - [2026-05-04T09:40:12.853+0000] {dag.py:4180} INFO - Setting next_dagrun for kafka_to_s3 to 2026-05-04 00:00:00+00:00, run_after=2026-05-05 00:00:00+00:00
[2026-05-04T09:40:12.908+0000] {processor.py:208} INFO - Processing /opt/airflow/dags/main.py took 0.471 seconds
[2026-05-04T09:40:43.457+0000] {processor.py:186} INFO - Started process (PID=3657) to work on /opt/airflow/dags/main.py
[2026-05-04T09:40:43.460+0000] {processor.py:914} INFO - Processing file /opt/airflow/dags/main.py for tasks to queue
[2026-05-04T09:40:43.466+0000] {logging_mixin.py:190} INFO - [2026-05-04T09:40:43.463+0000] {dagbag.py:588} INFO - Filling up the DagBag from /opt/airflow/dags/main.py
[2026-05-04T09:40:43.652+0000] {processor.py:925} INFO - DAG(s) 'kafka_to_s3' retrieved from /opt/airflow/dags/main.py
[2026-05-04T09:40:43.694+0000] {logging_mixin.py:190} INFO - [2026-05-04T09:40:43.694+0000] {dag.py:3239} INFO - Sync 1 DAGs
[2026-05-04T09:40:43.732+0000] {logging_mixin.py:190} INFO - [2026-05-04T09:40:43.732+0000] {dag.py:4180} INFO - Setting next_dagrun for kafka_to_s3 to 2026-05-04 00:00:00+00:00, run_after=2026-05-05 00:00:00+00:00
[2026-05-04T09:40:43.761+0000] {processor.py:208} INFO - Processing /opt/airflow/dags/main.py took 0.317 seconds
[2026-05-04T09:41:13.980+0000] {processor.py:186} INFO - Started process (PID=3664) to work on /opt/airflow/dags/main.py
[2026-05-04T09:41:13.982+0000] {processor.py:914} INFO - Processing file /opt/airflow/dags/main.py for tasks to queue
[2026-05-04T09:41:13.985+0000] {logging_mixin.py:190} INFO - [2026-05-04T09:41:13.985+0000] {dagbag.py:588} INFO - Filling up the DagBag from /opt/airflow/dags/main.py
[2026-05-04T09:41:14.174+0000] {processor.py:925} INFO - DAG(s) 'kafka_to_s3' retrieved from /opt/airflow/dags/main.py
[2026-05-04T09:41:14.229+0000] {logging_mixin.py:190} INFO - [2026-05-04T09:41:14.228+0000] {dag.py:3239} INFO - Sync 1 DAGs
[2026-05-04T09:41:14.263+0000] {logging_mixin.py:190} INFO - [2026-05-04T09:41:14.262+0000] {dag.py:4180} INFO - Setting next_dagrun for kafka_to_s3 to 2026-05-04 00:00:00+00:00, run_after=2026-05-05 00:00:00+00:00
[2026-05-04T09:41:14.290+0000] {processor.py:208} INFO - Processing /opt/airflow/dags/main.py took 0.321 seconds
[2026-05-04T09:41:45.041+0000] {processor.py:186} INFO - Started process (PID=3671) to work on /opt/airflow/dags/main.py
[2026-05-04T09:41:45.047+0000] {processor.py:914} INFO - Processing file /opt/airflow/dags/main.py for tasks to queue
[2026-05-04T09:41:45.056+0000] {logging_mixin.py:190} INFO - [2026-05-04T09:41:45.054+0000] {dagbag.py:588} INFO - Filling up the DagBag from /opt/airflow/dags/main.py
[2026-05-04T09:41:45.478+0000] {processor.py:925} INFO - DAG(s) 'kafka_to_s3' retrieved from /opt/airflow/dags/main.py
[2026-05-04T09:41:45.525+0000] {logging_mixin.py:190} INFO - [2026-05-04T09:41:45.524+0000] {dag.py:3239} INFO - Sync 1 DAGs
[2026-05-04T09:41:45.568+0000] {logging_mixin.py:190} INFO - [2026-05-04T09:41:45.568+0000] {dag.py:4180} INFO - Setting next_dagrun for kafka_to_s3 to 2026-05-04 00:00:00+00:00, run_after=2026-05-05 00:00:00+00:00
[2026-05-04T09:41:45.607+0000] {processor.py:208} INFO - Processing /opt/airflow/dags/main.py took 0.614 seconds
[2026-05-04T10:17:06.447+0000] {processor.py:186} INFO - Started process (PID=68) to work on /opt/airflow/dags/main.py
[2026-05-04T10:17:06.452+0000] {processor.py:914} INFO - Processing file /opt/airflow/dags/main.py for tasks to queue
[2026-05-04T10:17:06.460+0000] {logging_mixin.py:190} INFO - [2026-05-04T10:17:06.460+0000] {dagbag.py:588} INFO - Filling up the DagBag from /opt/airflow/dags/main.py
[2026-05-04T10:17:07.956+0000] {processor.py:925} INFO - DAG(s) 'kafka_to_s3' retrieved from /opt/airflow/dags/main.py
[2026-05-04T10:17:08.146+0000] {logging_mixin.py:190} INFO - [2026-05-04T10:17:08.141+0000] {dag.py:3239} INFO - Sync 1 DAGs
[2026-05-04T10:17:08.299+0000] {logging_mixin.py:190} INFO - [2026-05-04T10:17:08.299+0000] {dag.py:4180} INFO - Setting next_dagrun for kafka_to_s3 to 2026-05-04 00:00:00+00:00, run_after=2026-05-05 00:00:00+00:00
[2026-05-04T10:17:08.361+0000] {processor.py:208} INFO - Processing /opt/airflow/dags/main.py took 1.942 seconds
[2026-05-04T10:17:38.847+0000] {processor.py:186} INFO - Started process (PID=75) to work on /opt/airflow/dags/main.py
[2026-05-04T10:17:38.850+0000] {processor.py:914} INFO - Processing file /opt/airflow/dags/main.py for tasks to queue
[2026-05-04T10:17:38.859+0000] {logging_mixin.py:190} INFO - [2026-05-04T10:17:38.859+0000] {dagbag.py:588} INFO - Filling up the DagBag from /opt/airflow/dags/main.py
[2026-05-04T10:17:39.068+0000] {processor.py:925} INFO - DAG(s) 'kafka_to_s3' retrieved from /opt/airflow/dags/main.py
[2026-05-04T10:17:39.125+0000] {logging_mixin.py:190} INFO - [2026-05-04T10:17:39.125+0000] {dag.py:3239} INFO - Sync 1 DAGs
[2026-05-04T10:17:39.178+0000] {logging_mixin.py:190} INFO - [2026-05-04T10:17:39.177+0000] {dag.py:4180} INFO - Setting next_dagrun for kafka_to_s3 to 2026-05-04 00:00:00+00:00, run_after=2026-05-05 00:00:00+00:00
[2026-05-04T10:17:39.210+0000] {processor.py:208} INFO - Processing /opt/airflow/dags/main.py took 0.390 seconds
[2026-05-04T10:18:09.421+0000] {processor.py:186} INFO - Started process (PID=81) to work on /opt/airflow/dags/main.py
[2026-05-04T10:18:09.436+0000] {processor.py:914} INFO - Processing file /opt/airflow/dags/main.py for tasks to queue
[2026-05-04T10:18:09.446+0000] {logging_mixin.py:190} INFO - [2026-05-04T10:18:09.445+0000] {dagbag.py:588} INFO - Filling up the DagBag from /opt/airflow/dags/main.py
[2026-05-04T10:18:09.768+0000] {processor.py:925} INFO - DAG(s) 'kafka_to_s3' retrieved from /opt/airflow/dags/main.py
[2026-05-04T10:18:09.815+0000] {logging_mixin.py:190} INFO - [2026-05-04T10:18:09.815+0000] {dag.py:3239} INFO - Sync 1 DAGs
[2026-05-04T10:18:09.884+0000] {logging_mixin.py:190} INFO - [2026-05-04T10:18:09.884+0000] {dag.py:4180} INFO - Setting next_dagrun for kafka_to_s3 to 2026-05-04 00:00:00+00:00, run_after=2026-05-05 00:00:00+00:00
[2026-05-04T10:18:09.913+0000] {processor.py:208} INFO - Processing /opt/airflow/dags/main.py took 0.546 seconds
[2026-05-04T10:18:40.211+0000] {processor.py:186} INFO - Started process (PID=88) to work on /opt/airflow/dags/main.py
[2026-05-04T10:18:40.213+0000] {processor.py:914} INFO - Processing file /opt/airflow/dags/main.py for tasks to queue
[2026-05-04T10:18:40.217+0000] {logging_mixin.py:190} INFO - [2026-05-04T10:18:40.217+0000] {dagbag.py:588} INFO - Filling up the DagBag from /opt/airflow/dags/main.py
[2026-05-04T10:18:40.452+0000] {processor.py:925} INFO - DAG(s) 'kafka_to_s3' retrieved from /opt/airflow/dags/main.py
[2026-05-04T10:18:40.498+0000] {logging_mixin.py:190} INFO - [2026-05-04T10:18:40.497+0000] {dag.py:3239} INFO - Sync 1 DAGs
[2026-05-04T10:18:40.538+0000] {logging_mixin.py:190} INFO - [2026-05-04T10:18:40.538+0000] {dag.py:4180} INFO - Setting next_dagrun for kafka_to_s3 to 2026-05-04 00:00:00+00:00, run_after=2026-05-05 00:00:00+00:00
[2026-05-04T10:18:40.584+0000] {processor.py:208} INFO - Processing /opt/airflow/dags/main.py took 0.387 seconds
[2026-05-04T10:19:11.026+0000] {processor.py:186} INFO - Started process (PID=94) to work on /opt/airflow/dags/main.py
[2026-05-04T10:19:11.029+0000] {processor.py:914} INFO - Processing file /opt/airflow/dags/main.py for tasks to queue
[2026-05-04T10:19:11.035+0000] {logging_mixin.py:190} INFO - [2026-05-04T10:19:11.035+0000] {dagbag.py:588} INFO - Filling up the DagBag from /opt/airflow/dags/main.py
[2026-05-04T10:19:11.279+0000] {processor.py:925} INFO - DAG(s) 'kafka_to_s3' retrieved from /opt/airflow/dags/main.py
[2026-05-04T10:19:11.325+0000] {logging_mixin.py:190} INFO - [2026-05-04T10:19:11.325+0000] {dag.py:3239} INFO - Sync 1 DAGs
[2026-05-04T10:19:11.369+0000] {logging_mixin.py:190} INFO - [2026-05-04T10:19:11.369+0000] {dag.py:4180} INFO - Setting next_dagrun for kafka_to_s3 to 2026-05-04 00:00:00+00:00, run_after=2026-05-05 00:00:00+00:00
[2026-05-04T10:19:11.403+0000] {processor.py:208} INFO - Processing /opt/airflow/dags/main.py took 0.394 seconds
[2026-05-04T10:19:41.909+0000] {processor.py:186} INFO - Started process (PID=101) to work on /opt/airflow/dags/main.py
[2026-05-04T10:19:41.911+0000] {processor.py:914} INFO - Processing file /opt/airflow/dags/main.py for tasks to queue
[2026-05-04T10:19:41.916+0000] {logging_mixin.py:190} INFO - [2026-05-04T10:19:41.915+0000] {dagbag.py:588} INFO - Filling up the DagBag from /opt/airflow/dags/main.py
[2026-05-04T10:19:42.126+0000] {processor.py:925} INFO - DAG(s) 'kafka_to_s3' retrieved from /opt/airflow/dags/main.py
[2026-05-04T10:19:42.167+0000] {logging_mixin.py:190} INFO - [2026-05-04T10:19:42.166+0000] {dag.py:3239} INFO - Sync 1 DAGs
[2026-05-04T10:19:42.232+0000] {logging_mixin.py:190} INFO - [2026-05-04T10:19:42.231+0000] {dag.py:4180} INFO - Setting next_dagrun for kafka_to_s3 to 2026-05-04 00:00:00+00:00, run_after=2026-05-05 00:00:00+00:00
[2026-05-04T10:19:42.272+0000] {processor.py:208} INFO - Processing /opt/airflow/dags/main.py took 0.380 seconds
[2026-05-04T10:20:12.840+0000] {processor.py:186} INFO - Started process (PID=107) to work on /opt/airflow/dags/main.py
[2026-05-04T10:20:12.844+0000] {processor.py:914} INFO - Processing file /opt/airflow/dags/main.py for tasks to queue
[2026-05-04T10:20:12.856+0000] {logging_mixin.py:190} INFO - [2026-05-04T10:20:12.855+0000] {dagbag.py:588} INFO - Filling up the DagBag from /opt/airflow/dags/main.py
[2026-05-04T10:20:13.318+0000] {processor.py:925} INFO - DAG(s) 'kafka_to_s3' retrieved from /opt/airflow/dags/main.py
[2026-05-04T10:20:13.367+0000] {logging_mixin.py:190} INFO - [2026-05-04T10:20:13.367+0000] {dag.py:3239} INFO - Sync 1 DAGs
[2026-05-04T10:20:13.420+0000] {logging_mixin.py:190} INFO - [2026-05-04T10:20:13.420+0000] {dag.py:4180} INFO - Setting next_dagrun for kafka_to_s3 to 2026-05-04 00:00:00+00:00, run_after=2026-05-05 00:00:00+00:00
[2026-05-04T10:20:13.456+0000] {processor.py:208} INFO - Processing /opt/airflow/dags/main.py took 0.647 seconds
[2026-05-04T10:20:43.617+0000] {processor.py:186} INFO - Started process (PID=114) to work on /opt/airflow/dags/main.py
[2026-05-04T10:20:43.620+0000] {processor.py:914} INFO - Processing file /opt/airflow/dags/main.py for tasks to queue
[2026-05-04T10:20:43.625+0000] {logging_mixin.py:190} INFO - [2026-05-04T10:20:43.624+0000] {dagbag.py:588} INFO - Filling up the DagBag from /opt/airflow/dags/main.py
[2026-05-04T10:20:43.800+0000] {processor.py:925} INFO - DAG(s) 'kafka_to_s3' retrieved from /opt/airflow/dags/main.py
[2026-05-04T10:20:43.838+0000] {logging_mixin.py:190} INFO - [2026-05-04T10:20:43.838+0000] {dag.py:3239} INFO - Sync 1 DAGs
[2026-05-04T10:20:43.870+0000] {logging_mixin.py:190} INFO - [2026-05-04T10:20:43.869+0000] {dag.py:4180} INFO - Setting next_dagrun for kafka_to_s3 to 2026-05-04 00:00:00+00:00, run_after=2026-05-05 00:00:00+00:00
[2026-05-04T10:20:44.234+0000] {processor.py:208} INFO - Processing /opt/airflow/dags/main.py took 0.637 seconds
[2026-05-04T10:21:14.678+0000] {processor.py:186} INFO - Started process (PID=120) to work on /opt/airflow/dags/main.py
[2026-05-04T10:21:14.698+0000] {processor.py:914} INFO - Processing file /opt/airflow/dags/main.py for tasks to queue
[2026-05-04T10:21:14.717+0000] {logging_mixin.py:190} INFO - [2026-05-04T10:21:14.716+0000] {dagbag.py:588} INFO - Filling up the DagBag from /opt/airflow/dags/main.py
[2026-05-04T10:21:15.138+0000] {processor.py:925} INFO - DAG(s) 'kafka_to_s3' retrieved from /opt/airflow/dags/main.py
[2026-05-04T10:21:15.211+0000] {logging_mixin.py:190} INFO - [2026-05-04T10:21:15.211+0000] {dag.py:3239} INFO - Sync 1 DAGs
[2026-05-04T10:21:15.561+0000] {logging_mixin.py:190} INFO - [2026-05-04T10:21:15.560+0000] {dag.py:4180} INFO - Setting next_dagrun for kafka_to_s3 to 2026-05-04 00:00:00+00:00, run_after=2026-05-05 00:00:00+00:00
[2026-05-04T10:21:15.590+0000] {processor.py:208} INFO - Processing /opt/airflow/dags/main.py took 0.933 seconds
[2026-05-04T10:21:46.165+0000] {processor.py:186} INFO - Started process (PID=127) to work on /opt/airflow/dags/main.py
[2026-05-04T10:21:46.167+0000] {processor.py:914} INFO - Processing file /opt/airflow/dags/main.py for tasks to queue
[2026-05-04T10:21:46.171+0000] {logging_mixin.py:190} INFO - [2026-05-04T10:21:46.171+0000] {dagbag.py:588} INFO - Filling up the DagBag from /opt/airflow/dags/main.py
[2026-05-04T10:21:46.378+0000] {processor.py:925} INFO - DAG(s) 'kafka_to_s3' retrieved from /opt/airflow/dags/main.py
[2026-05-04T10:21:46.416+0000] {logging_mixin.py:190} INFO - [2026-05-04T10:21:46.416+0000] {dag.py:3239} INFO - Sync 1 DAGs
[2026-05-04T10:21:46.734+0000] {logging_mixin.py:190} INFO - [2026-05-04T10:21:46.733+0000] {dag.py:4180} INFO - Setting next_dagrun for kafka_to_s3 to 2026-05-04 00:00:00+00:00, run_after=2026-05-05 00:00:00+00:00
[2026-05-04T10:21:46.764+0000] {processor.py:208} INFO - Processing /opt/airflow/dags/main.py took 0.610 seconds
[2026-05-04T10:22:17.345+0000] {processor.py:186} INFO - Started process (PID=134) to work on /opt/airflow/dags/main.py
[2026-05-04T10:22:17.347+0000] {processor.py:914} INFO - Processing file /opt/airflow/dags/main.py for tasks to queue
[2026-05-04T10:22:17.355+0000] {logging_mixin.py:190} INFO - [2026-05-04T10:22:17.354+0000] {dagbag.py:588} INFO - Filling up the DagBag from /opt/airflow/dags/main.py
[2026-05-04T10:22:17.603+0000] {processor.py:925} INFO - DAG(s) 'kafka_to_s3' retrieved from /opt/airflow/dags/main.py
[2026-05-04T10:22:17.860+0000] {logging_mixin.py:190} INFO - [2026-05-04T10:22:17.859+0000] {dag.py:3239} INFO - Sync 1 DAGs
[2026-05-04T10:22:17.892+0000] {logging_mixin.py:190} INFO - [2026-05-04T10:22:17.892+0000] {dag.py:4180} INFO - Setting next_dagrun for kafka_to_s3 to 2026-05-04 00:00:00+00:00, run_after=2026-05-05 00:00:00+00:00
[2026-05-04T10:22:17.922+0000] {processor.py:208} INFO - Processing /opt/airflow/dags/main.py took 0.593 seconds
[2026-05-04T10:22:48.375+0000] {processor.py:186} INFO - Started process (PID=141) to work on /opt/airflow/dags/main.py
[2026-05-04T10:22:48.378+0000] {processor.py:914} INFO - Processing file /opt/airflow/dags/main.py for tasks to queue
[2026-05-04T10:22:48.382+0000] {logging_mixin.py:190} INFO - [2026-05-04T10:22:48.382+0000] {dagbag.py:588} INFO - Filling up the DagBag from /opt/airflow/dags/main.py
[2026-05-04T10:22:48.608+0000] {processor.py:925} INFO - DAG(s) 'kafka_to_s3' retrieved from /opt/airflow/dags/main.py
[2026-05-04T10:22:48.926+0000] {logging_mixin.py:190} INFO - [2026-05-04T10:22:48.926+0000] {dag.py:3239} INFO - Sync 1 DAGs
[2026-05-04T10:22:48.967+0000] {logging_mixin.py:190} INFO - [2026-05-04T10:22:48.966+0000] {dag.py:4180} INFO - Setting next_dagrun for kafka_to_s3 to 2026-05-04 00:00:00+00:00, run_after=2026-05-05 00:00:00+00:00
[2026-05-04T10:22:49.011+0000] {processor.py:208} INFO - Processing /opt/airflow/dags/main.py took 0.684 seconds
[2026-05-04T10:23:19.520+0000] {processor.py:186} INFO - Started process (PID=148) to work on /opt/airflow/dags/main.py
[2026-05-04T10:23:19.523+0000] {processor.py:914} INFO - Processing file /opt/airflow/dags/main.py for tasks to queue
[2026-05-04T10:23:19.528+0000] {logging_mixin.py:190} INFO - [2026-05-04T10:23:19.528+0000] {dagbag.py:588} INFO - Filling up the DagBag from /opt/airflow/dags/main.py
[2026-05-04T10:23:19.924+0000] {processor.py:925} INFO - DAG(s) 'kafka_to_s3' retrieved from /opt/airflow/dags/main.py
[2026-05-04T10:23:19.967+0000] {logging_mixin.py:190} INFO - [2026-05-04T10:23:19.967+0000] {dag.py:3239} INFO - Sync 1 DAGs
[2026-05-04T10:23:20.010+0000] {logging_mixin.py:190} INFO - [2026-05-04T10:23:20.010+0000] {dag.py:4180} INFO - Setting next_dagrun for kafka_to_s3 to 2026-05-04 00:00:00+00:00, run_after=2026-05-05 00:00:00+00:00
[2026-05-04T10:23:20.045+0000] {processor.py:208} INFO - Processing /opt/airflow/dags/main.py took 0.541 seconds
[2026-05-04T10:23:50.612+0000] {processor.py:186} INFO - Started process (PID=155) to work on /opt/airflow/dags/main.py
[2026-05-04T10:23:50.615+0000] {processor.py:914} INFO - Processing file /opt/airflow/dags/main.py for tasks to queue
[2026-05-04T10:23:50.618+0000] {logging_mixin.py:190} INFO - [2026-05-04T10:23:50.618+0000] {dagbag.py:588} INFO - Filling up the DagBag from /opt/airflow/dags/main.py
[2026-05-04T10:23:50.798+0000] {processor.py:925} INFO - DAG(s) 'kafka_to_s3' retrieved from /opt/airflow/dags/main.py
[2026-05-04T10:23:50.837+0000] {logging_mixin.py:190} INFO - [2026-05-04T10:23:50.837+0000] {dag.py:3239} INFO - Sync 1 DAGs
[2026-05-04T10:23:50.889+0000] {logging_mixin.py:190} INFO - [2026-05-04T10:23:50.888+0000] {dag.py:4180} INFO - Setting next_dagrun for kafka_to_s3 to 2026-05-04 00:00:00+00:00, run_after=2026-05-05 00:00:00+00:00
[2026-05-04T10:23:54.023+0000] {processor.py:208} INFO - Processing /opt/airflow/dags/main.py took 1.783 seconds
[2026-05-04T10:24:24.463+0000] {processor.py:186} INFO - Started process (PID=162) to work on /opt/airflow/dags/main.py
[2026-05-04T10:24:24.465+0000] {processor.py:914} INFO - Processing file /opt/airflow/dags/main.py for tasks to queue
[2026-05-04T10:24:24.474+0000] {logging_mixin.py:190} INFO - [2026-05-04T10:24:24.473+0000] {dagbag.py:588} INFO - Filling up the DagBag from /opt/airflow/dags/main.py
[2026-05-04T10:24:24.648+0000] {processor.py:925} INFO - DAG(s) 'kafka_to_s3' retrieved from /opt/airflow/dags/main.py
[2026-05-04T10:24:24.685+0000] {logging_mixin.py:190} INFO - [2026-05-04T10:24:24.685+0000] {dag.py:3239} INFO - Sync 1 DAGs
[2026-05-04T10:24:24.932+0000] {logging_mixin.py:190} INFO - [2026-05-04T10:24:24.931+0000] {dag.py:4180} INFO - Setting next_dagrun for kafka_to_s3 to 2026-05-04 00:00:00+00:00, run_after=2026-05-05 00:00:00+00:00
[2026-05-04T10:24:24.962+0000] {processor.py:208} INFO - Processing /opt/airflow/dags/main.py took 0.508 seconds
[2026-05-04T10:24:55.245+0000] {processor.py:186} INFO - Started process (PID=169) to work on /opt/airflow/dags/main.py
[2026-05-04T10:24:55.247+0000] {processor.py:914} INFO - Processing file /opt/airflow/dags/main.py for tasks to queue
[2026-05-04T10:24:55.252+0000] {logging_mixin.py:190} INFO - [2026-05-04T10:24:55.251+0000] {dagbag.py:588} INFO - Filling up the DagBag from /opt/airflow/dags/main.py
[2026-05-04T10:24:55.440+0000] {processor.py:925} INFO - DAG(s) 'kafka_to_s3' retrieved from /opt/airflow/dags/main.py
[2026-05-04T10:24:55.490+0000] {logging_mixin.py:190} INFO - [2026-05-04T10:24:55.490+0000] {dag.py:3239} INFO - Sync 1 DAGs
[2026-05-04T10:24:55.714+0000] {logging_mixin.py:190} INFO - [2026-05-04T10:24:55.713+0000] {dag.py:4180} INFO - Setting next_dagrun for kafka_to_s3 to 2026-05-04 00:00:00+00:00, run_after=2026-05-05 00:00:00+00:00
[2026-05-04T10:24:55.740+0000] {processor.py:208} INFO - Processing /opt/airflow/dags/main.py took 0.504 seconds
[2026-05-04T10:25:26.284+0000] {processor.py:186} INFO - Started process (PID=176) to work on /opt/airflow/dags/main.py
[2026-05-04T10:25:26.286+0000] {processor.py:914} INFO - Processing file /opt/airflow/dags/main.py for tasks to queue
[2026-05-04T10:25:26.290+0000] {logging_mixin.py:190} INFO - [2026-05-04T10:25:26.290+0000] {dagbag.py:588} INFO - Filling up the DagBag from /opt/airflow/dags/main.py
[2026-05-04T10:25:26.474+0000] {processor.py:925} INFO - DAG(s) 'kafka_to_s3' retrieved from /opt/airflow/dags/main.py
[2026-05-04T10:25:26.678+0000] {logging_mixin.py:190} INFO - [2026-05-04T10:25:26.678+0000] {dag.py:3239} INFO - Sync 1 DAGs
[2026-05-04T10:25:26.712+0000] {logging_mixin.py:190} INFO - [2026-05-04T10:25:26.711+0000] {dag.py:4180} INFO - Setting next_dagrun for kafka_to_s3 to 2026-05-04 00:00:00+00:00, run_after=2026-05-05 00:00:00+00:00
[2026-05-04T10:25:26.738+0000] {processor.py:208} INFO - Processing /opt/airflow/dags/main.py took 0.463 seconds
[2026-05-04T10:25:57.976+0000] {processor.py:186} INFO - Started process (PID=183) to work on /opt/airflow/dags/main.py
[2026-05-04T10:25:57.978+0000] {processor.py:914} INFO - Processing file /opt/airflow/dags/main.py for tasks to queue
[2026-05-04T10:25:57.985+0000] {logging_mixin.py:190} INFO - [2026-05-04T10:25:57.984+0000] {dagbag.py:588} INFO - Filling up the DagBag from /opt/airflow/dags/main.py
[2026-05-04T10:25:58.231+0000] {processor.py:925} INFO - DAG(s) 'kafka_to_s3' retrieved from /opt/airflow/dags/main.py
[2026-05-04T10:25:58.470+0000] {logging_mixin.py:190} INFO - [2026-05-04T10:25:58.470+0000] {dag.py:3239} INFO - Sync 1 DAGs
[2026-05-04T10:25:58.503+0000] {logging_mixin.py:190} INFO - [2026-05-04T10:25:58.502+0000] {dag.py:4180} INFO - Setting next_dagrun for kafka_to_s3 to 2026-05-04 00:00:00+00:00, run_after=2026-05-05 00:00:00+00:00
[2026-05-04T10:25:58.529+0000] {processor.py:208} INFO - Processing /opt/airflow/dags/main.py took 0.570 seconds
[2026-05-04T10:26:29.142+0000] {processor.py:186} INFO - Started process (PID=190) to work on /opt/airflow/dags/main.py
[2026-05-04T10:26:29.144+0000] {processor.py:914} INFO - Processing file /opt/airflow/dags/main.py for tasks to queue
[2026-05-04T10:26:29.150+0000] {logging_mixin.py:190} INFO - [2026-05-04T10:26:29.150+0000] {dagbag.py:588} INFO - Filling up the DagBag from /opt/airflow/dags/main.py
[2026-05-04T10:26:29.538+0000] {processor.py:925} INFO - DAG(s) 'kafka_to_s3' retrieved from /opt/airflow/dags/main.py
[2026-05-04T10:26:29.570+0000] {logging_mixin.py:190} INFO - [2026-05-04T10:26:29.570+0000] {dag.py:3239} INFO - Sync 1 DAGs
[2026-05-04T10:26:29.595+0000] {logging_mixin.py:190} INFO - [2026-05-04T10:26:29.594+0000] {dag.py:4180} INFO - Setting next_dagrun for kafka_to_s3 to 2026-05-04 00:00:00+00:00, run_after=2026-05-05 00:00:00+00:00
[2026-05-04T10:26:29.625+0000] {processor.py:208} INFO - Processing /opt/airflow/dags/main.py took 0.495 seconds
[2026-05-04T10:26:59.791+0000] {processor.py:186} INFO - Started process (PID=197) to work on /opt/airflow/dags/main.py
[2026-05-04T10:26:59.792+0000] {processor.py:914} INFO - Processing file /opt/airflow/dags/main.py for tasks to queue
[2026-05-04T10:26:59.796+0000] {logging_mixin.py:190} INFO - [2026-05-04T10:26:59.796+0000] {dagbag.py:588} INFO - Filling up the DagBag from /opt/airflow/dags/main.py
[2026-05-04T10:27:00.161+0000] {processor.py:925} INFO - DAG(s) 'kafka_to_s3' retrieved from /opt/airflow/dags/main.py
[2026-05-04T10:27:00.195+0000] {logging_mixin.py:190} INFO - [2026-05-04T10:27:00.195+0000] {dag.py:3239} INFO - Sync 1 DAGs
[2026-05-04T10:27:00.231+0000] {logging_mixin.py:190} INFO - [2026-05-04T10:27:00.231+0000] {dag.py:4180} INFO - Setting next_dagrun for kafka_to_s3 to 2026-05-04 00:00:00+00:00, run_after=2026-05-05 00:00:00+00:00
[2026-05-04T10:27:00.262+0000] {processor.py:208} INFO - Processing /opt/airflow/dags/main.py took 0.479 seconds
[2026-05-04T10:27:30.620+0000] {processor.py:186} INFO - Started process (PID=204) to work on /opt/airflow/dags/main.py
[2026-05-04T10:27:30.622+0000] {processor.py:914} INFO - Processing file /opt/airflow/dags/main.py for tasks to queue
[2026-05-04T10:27:30.630+0000] {logging_mixin.py:190} INFO - [2026-05-04T10:27:30.629+0000] {dagbag.py:588} INFO - Filling up the DagBag from /opt/airflow/dags/main.py
[2026-05-04T10:27:30.856+0000] {processor.py:925} INFO - DAG(s) 'kafka_to_s3' retrieved from /opt/airflow/dags/main.py
[2026-05-04T10:27:30.898+0000] {logging_mixin.py:190} INFO - [2026-05-04T10:27:30.897+0000] {dag.py:3239} INFO - Sync 1 DAGs
[2026-05-04T10:27:31.126+0000] {logging_mixin.py:190} INFO - [2026-05-04T10:27:31.125+0000] {dag.py:4180} INFO - Setting next_dagrun for kafka_to_s3 to 2026-05-04 00:00:00+00:00, run_after=2026-05-05 00:00:00+00:00
[2026-05-04T10:27:31.165+0000] {processor.py:208} INFO - Processing /opt/airflow/dags/main.py took 0.562 seconds
[2026-05-04T10:28:01.278+0000] {processor.py:186} INFO - Started process (PID=211) to work on /opt/airflow/dags/main.py
[2026-05-04T10:28:01.281+0000] {processor.py:914} INFO - Processing file /opt/airflow/dags/main.py for tasks to queue
[2026-05-04T10:28:01.288+0000] {logging_mixin.py:190} INFO - [2026-05-04T10:28:01.287+0000] {dagbag.py:588} INFO - Filling up the DagBag from /opt/airflow/dags/main.py
[2026-05-04T10:28:01.510+0000] {processor.py:925} INFO - DAG(s) 'kafka_to_s3' retrieved from /opt/airflow/dags/main.py
[2026-05-04T10:28:01.556+0000] {logging_mixin.py:190} INFO - [2026-05-04T10:28:01.556+0000] {dag.py:3239} INFO - Sync 1 DAGs
[2026-05-04T10:28:01.803+0000] {logging_mixin.py:190} INFO - [2026-05-04T10:28:01.802+0000] {dag.py:4180} INFO - Setting next_dagrun for kafka_to_s3 to 2026-05-04 00:00:00+00:00, run_after=2026-05-05 00:00:00+00:00
[2026-05-04T10:28:01.845+0000] {processor.py:208} INFO - Processing /opt/airflow/dags/main.py took 0.580 seconds
[2026-05-04T10:28:32.397+0000] {processor.py:186} INFO - Started process (PID=218) to work on /opt/airflow/dags/main.py
[2026-05-04T10:28:32.399+0000] {processor.py:914} INFO - Processing file /opt/airflow/dags/main.py for tasks to queue
[2026-05-04T10:28:32.403+0000] {logging_mixin.py:190} INFO - [2026-05-04T10:28:32.402+0000] {dagbag.py:588} INFO - Filling up the DagBag from /opt/airflow/dags/main.py
[2026-05-04T10:28:32.565+0000] {processor.py:925} INFO - DAG(s) 'kafka_to_s3' retrieved from /opt/airflow/dags/main.py
[2026-05-04T10:28:32.831+0000] {logging_mixin.py:190} INFO - [2026-05-04T10:28:32.831+0000] {dag.py:3239} INFO - Sync 1 DAGs
[2026-05-04T10:28:32.864+0000] {logging_mixin.py:190} INFO - [2026-05-04T10:28:32.864+0000] {dag.py:4180} INFO - Setting next_dagrun for kafka_to_s3 to 2026-05-04 00:00:00+00:00, run_after=2026-05-05 00:00:00+00:00
[2026-05-04T10:28:32.891+0000] {processor.py:208} INFO - Processing /opt/airflow/dags/main.py took 0.502 seconds
[2026-05-04T10:29:03.445+0000] {processor.py:186} INFO - Started process (PID=225) to work on /opt/airflow/dags/main.py
[2026-05-04T10:29:03.449+0000] {processor.py:914} INFO - Processing file /opt/airflow/dags/main.py for tasks to queue
[2026-05-04T10:29:03.461+0000] {logging_mixin.py:190} INFO - [2026-05-04T10:29:03.460+0000] {dagbag.py:588} INFO - Filling up the DagBag from /opt/airflow/dags/main.py
[2026-05-04T10:29:03.705+0000] {processor.py:925} INFO - DAG(s) 'kafka_to_s3' retrieved from /opt/airflow/dags/main.py
[2026-05-04T10:29:04.008+0000] {logging_mixin.py:190} INFO - [2026-05-04T10:29:04.008+0000] {dag.py:3239} INFO - Sync 1 DAGs
[2026-05-04T10:29:04.038+0000] {logging_mixin.py:190} INFO - [2026-05-04T10:29:04.038+0000] {dag.py:4180} INFO - Setting next_dagrun for kafka_to_s3 to 2026-05-04 00:00:00+00:00, run_after=2026-05-05 00:00:00+00:00
[2026-05-04T10:29:04.066+0000] {processor.py:208} INFO - Processing /opt/airflow/dags/main.py took 0.646 seconds
[2026-05-04T10:29:34.737+0000] {processor.py:186} INFO - Started process (PID=232) to work on /opt/airflow/dags/main.py
[2026-05-04T10:29:34.740+0000] {processor.py:914} INFO - Processing file /opt/airflow/dags/main.py for tasks to queue
[2026-05-04T10:29:34.747+0000] {logging_mixin.py:190} INFO - [2026-05-04T10:29:34.746+0000] {dagbag.py:588} INFO - Filling up the DagBag from /opt/airflow/dags/main.py
[2026-05-04T10:29:35.211+0000] {processor.py:925} INFO - DAG(s) 'kafka_to_s3' retrieved from /opt/airflow/dags/main.py
[2026-05-04T10:29:35.249+0000] {logging_mixin.py:190} INFO - [2026-05-04T10:29:35.249+0000] {dag.py:3239} INFO - Sync 1 DAGs
[2026-05-04T10:29:35.277+0000] {logging_mixin.py:190} INFO - [2026-05-04T10:29:35.277+0000] {dag.py:4180} INFO - Setting next_dagrun for kafka_to_s3 to 2026-05-04 00:00:00+00:00, run_after=2026-05-05 00:00:00+00:00
[2026-05-04T10:29:35.303+0000] {processor.py:208} INFO - Processing /opt/airflow/dags/main.py took 0.584 seconds
[2026-05-04T10:30:05.671+0000] {processor.py:186} INFO - Started process (PID=239) to work on /opt/airflow/dags/main.py
[2026-05-04T10:30:05.674+0000] {processor.py:914} INFO - Processing file /opt/airflow/dags/main.py for tasks to queue
[2026-05-04T10:30:05.679+0000] {logging_mixin.py:190} INFO - [2026-05-04T10:30:05.678+0000] {dagbag.py:588} INFO - Filling up the DagBag from /opt/airflow/dags/main.py
[2026-05-04T10:30:06.069+0000] {processor.py:925} INFO - DAG(s) 'kafka_to_s3' retrieved from /opt/airflow/dags/main.py
[2026-05-04T10:30:06.116+0000] {logging_mixin.py:190} INFO - [2026-05-04T10:30:06.116+0000] {dag.py:3239} INFO - Sync 1 DAGs
[2026-05-04T10:30:06.143+0000] {logging_mixin.py:190} INFO - [2026-05-04T10:30:06.143+0000] {dag.py:4180} INFO - Setting next_dagrun for kafka_to_s3 to 2026-05-04 00:00:00+00:00, run_after=2026-05-05 00:00:00+00:00
[2026-05-04T10:30:06.171+0000] {processor.py:208} INFO - Processing /opt/airflow/dags/main.py took 0.525 seconds
[2026-05-04T11:13:00.641+0000] {processor.py:186} INFO - Started process (PID=65) to work on /opt/airflow/dags/main.py
[2026-05-04T11:13:00.642+0000] {processor.py:914} INFO - Processing file /opt/airflow/dags/main.py for tasks to queue
[2026-05-04T11:13:00.646+0000] {logging_mixin.py:190} INFO - [2026-05-04T11:13:00.645+0000] {dagbag.py:588} INFO - Filling up the DagBag from /opt/airflow/dags/main.py
[2026-05-04T11:13:01.712+0000] {processor.py:925} INFO - DAG(s) 'kafka_to_s3' retrieved from /opt/airflow/dags/main.py
[2026-05-04T11:13:02.400+0000] {logging_mixin.py:190} INFO - [2026-05-04T11:13:02.399+0000] {override.py:1912} INFO - Created Permission View: can edit on DAG:kafka_to_s3
[2026-05-04T11:13:02.419+0000] {logging_mixin.py:190} INFO - [2026-05-04T11:13:02.418+0000] {override.py:1912} INFO - Created Permission View: can read on DAG:kafka_to_s3
[2026-05-04T11:13:02.433+0000] {logging_mixin.py:190} INFO - [2026-05-04T11:13:02.433+0000] {override.py:1912} INFO - Created Permission View: can delete on DAG:kafka_to_s3
[2026-05-04T11:13:02.475+0000] {logging_mixin.py:190} INFO - [2026-05-04T11:13:02.474+0000] {override.py:1912} INFO - Created Permission View: can create on DAG Run:kafka_to_s3
[2026-05-04T11:13:02.494+0000] {logging_mixin.py:190} INFO - [2026-05-04T11:13:02.493+0000] {override.py:1912} INFO - Created Permission View: menu access on DAG Run:kafka_to_s3
[2026-05-04T11:13:02.520+0000] {logging_mixin.py:190} INFO - [2026-05-04T11:13:02.519+0000] {override.py:1912} INFO - Created Permission View: can read on DAG Run:kafka_to_s3
[2026-05-04T11:13:02.545+0000] {logging_mixin.py:190} INFO - [2026-05-04T11:13:02.544+0000] {override.py:1912} INFO - Created Permission View: can delete on DAG Run:kafka_to_s3
[2026-05-04T11:13:02.547+0000] {logging_mixin.py:190} INFO - [2026-05-04T11:13:02.546+0000] {dag.py:3239} INFO - Sync 1 DAGs
[2026-05-04T11:13:02.625+0000] {logging_mixin.py:190} INFO - [2026-05-04T11:13:02.624+0000] {dag.py:3262} INFO - Creating ORM DAG for kafka_to_s3
[2026-05-04T11:13:02.645+0000] {logging_mixin.py:190} INFO - [2026-05-04T11:13:02.645+0000] {dag.py:4180} INFO - Setting next_dagrun for kafka_to_s3 to 2026-05-03 00:00:00+00:00, run_after=2026-05-04 00:00:00+00:00
[2026-05-04T11:13:02.681+0000] {processor.py:208} INFO - Processing /opt/airflow/dags/main.py took 2.055 seconds
[2026-05-04T11:13:33.364+0000] {processor.py:186} INFO - Started process (PID=72) to work on /opt/airflow/dags/main.py
[2026-05-04T11:13:33.374+0000] {processor.py:914} INFO - Processing file /opt/airflow/dags/main.py for tasks to queue
[2026-05-04T11:13:33.406+0000] {logging_mixin.py:190} INFO - [2026-05-04T11:13:33.402+0000] {dagbag.py:588} INFO - Filling up the DagBag from /opt/airflow/dags/main.py
[2026-05-04T11:13:33.983+0000] {processor.py:925} INFO - DAG(s) 'kafka_to_s3' retrieved from /opt/airflow/dags/main.py
[2026-05-04T11:13:34.068+0000] {logging_mixin.py:190} INFO - [2026-05-04T11:13:34.068+0000] {dag.py:3239} INFO - Sync 1 DAGs
[2026-05-04T11:13:34.160+0000] {logging_mixin.py:190} INFO - [2026-05-04T11:13:34.159+0000] {dag.py:4180} INFO - Setting next_dagrun for kafka_to_s3 to 2026-05-03 00:00:00+00:00, run_after=2026-05-04 00:00:00+00:00
[2026-05-04T11:13:34.211+0000] {processor.py:208} INFO - Processing /opt/airflow/dags/main.py took 0.879 seconds
[2026-05-04T11:14:04.615+0000] {processor.py:186} INFO - Started process (PID=78) to work on /opt/airflow/dags/main.py
[2026-05-04T11:14:04.617+0000] {processor.py:914} INFO - Processing file /opt/airflow/dags/main.py for tasks to queue
[2026-05-04T11:14:04.620+0000] {logging_mixin.py:190} INFO - [2026-05-04T11:14:04.620+0000] {dagbag.py:588} INFO - Filling up the DagBag from /opt/airflow/dags/main.py
[2026-05-04T11:14:04.789+0000] {processor.py:925} INFO - DAG(s) 'kafka_to_s3' retrieved from /opt/airflow/dags/main.py
[2026-05-04T11:14:04.848+0000] {logging_mixin.py:190} INFO - [2026-05-04T11:14:04.847+0000] {dag.py:3239} INFO - Sync 1 DAGs
[2026-05-04T11:14:04.893+0000] {logging_mixin.py:190} INFO - [2026-05-04T11:14:04.893+0000] {dag.py:4180} INFO - Setting next_dagrun for kafka_to_s3 to 2026-05-03 00:00:00+00:00, run_after=2026-05-04 00:00:00+00:00
[2026-05-04T11:14:04.934+0000] {processor.py:208} INFO - Processing /opt/airflow/dags/main.py took 0.331 seconds
[2026-05-04T11:14:35.249+0000] {processor.py:186} INFO - Started process (PID=84) to work on /opt/airflow/dags/main.py
[2026-05-04T11:14:35.251+0000] {processor.py:914} INFO - Processing file /opt/airflow/dags/main.py for tasks to queue
[2026-05-04T11:14:35.255+0000] {logging_mixin.py:190} INFO - [2026-05-04T11:14:35.254+0000] {dagbag.py:588} INFO - Filling up the DagBag from /opt/airflow/dags/main.py
[2026-05-04T11:14:35.414+0000] {processor.py:925} INFO - DAG(s) 'kafka_to_s3' retrieved from /opt/airflow/dags/main.py
[2026-05-04T11:14:35.463+0000] {logging_mixin.py:190} INFO - [2026-05-04T11:14:35.462+0000] {dag.py:3239} INFO - Sync 1 DAGs
[2026-05-04T11:14:35.583+0000] {logging_mixin.py:190} INFO - [2026-05-04T11:14:35.582+0000] {dag.py:4180} INFO - Setting next_dagrun for kafka_to_s3 to 2026-05-03 00:00:00+00:00, run_after=2026-05-04 00:00:00+00:00
[2026-05-04T11:14:35.639+0000] {processor.py:208} INFO - Processing /opt/airflow/dags/main.py took 0.397 seconds
[2026-05-04T11:15:06.097+0000] {processor.py:186} INFO - Started process (PID=91) to work on /opt/airflow/dags/main.py
[2026-05-04T11:15:06.099+0000] {processor.py:914} INFO - Processing file /opt/airflow/dags/main.py for tasks to queue
[2026-05-04T11:15:06.103+0000] {logging_mixin.py:190} INFO - [2026-05-04T11:15:06.102+0000] {dagbag.py:588} INFO - Filling up the DagBag from /opt/airflow/dags/main.py
[2026-05-04T11:15:06.269+0000] {processor.py:925} INFO - DAG(s) 'kafka_to_s3' retrieved from /opt/airflow/dags/main.py
[2026-05-04T11:15:06.309+0000] {logging_mixin.py:190} INFO - [2026-05-04T11:15:06.308+0000] {dag.py:3239} INFO - Sync 1 DAGs
[2026-05-04T11:15:06.345+0000] {logging_mixin.py:190} INFO - [2026-05-04T11:15:06.345+0000] {dag.py:4180} INFO - Setting next_dagrun for kafka_to_s3 to 2026-05-03 00:00:00+00:00, run_after=2026-05-04 00:00:00+00:00
[2026-05-04T11:15:06.379+0000] {processor.py:208} INFO - Processing /opt/airflow/dags/main.py took 0.301 seconds
[2026-05-04T11:15:36.857+0000] {processor.py:186} INFO - Started process (PID=101) to work on /opt/airflow/dags/main.py
[2026-05-04T11:15:36.865+0000] {processor.py:914} INFO - Processing file /opt/airflow/dags/main.py for tasks to queue
[2026-05-04T11:15:36.875+0000] {logging_mixin.py:190} INFO - [2026-05-04T11:15:36.874+0000] {dagbag.py:588} INFO - Filling up the DagBag from /opt/airflow/dags/main.py
[2026-05-04T11:15:37.299+0000] {processor.py:925} INFO - DAG(s) 'kafka_to_s3' retrieved from /opt/airflow/dags/main.py
[2026-05-04T11:15:37.369+0000] {logging_mixin.py:190} INFO - [2026-05-04T11:15:37.368+0000] {dag.py:3239} INFO - Sync 1 DAGs
[2026-05-04T11:15:37.424+0000] {logging_mixin.py:190} INFO - [2026-05-04T11:15:37.424+0000] {dag.py:4180} INFO - Setting next_dagrun for kafka_to_s3 to 2026-05-04 00:00:00+00:00, run_after=2026-05-05 00:00:00+00:00
[2026-05-04T11:15:37.458+0000] {processor.py:208} INFO - Processing /opt/airflow/dags/main.py took 0.635 seconds
[2026-05-04T11:16:07.737+0000] {processor.py:186} INFO - Started process (PID=113) to work on /opt/airflow/dags/main.py
[2026-05-04T11:16:07.739+0000] {processor.py:914} INFO - Processing file /opt/airflow/dags/main.py for tasks to queue
[2026-05-04T11:16:07.746+0000] {logging_mixin.py:190} INFO - [2026-05-04T11:16:07.745+0000] {dagbag.py:588} INFO - Filling up the DagBag from /opt/airflow/dags/main.py
[2026-05-04T11:16:08.004+0000] {processor.py:925} INFO - DAG(s) 'kafka_to_s3' retrieved from /opt/airflow/dags/main.py
[2026-05-04T11:16:08.048+0000] {logging_mixin.py:190} INFO - [2026-05-04T11:16:08.048+0000] {dag.py:3239} INFO - Sync 1 DAGs
[2026-05-04T11:16:08.098+0000] {logging_mixin.py:190} INFO - [2026-05-04T11:16:08.098+0000] {dag.py:4180} INFO - Setting next_dagrun for kafka_to_s3 to 2026-05-04 00:00:00+00:00, run_after=2026-05-05 00:00:00+00:00
[2026-05-04T11:16:08.141+0000] {processor.py:208} INFO - Processing /opt/airflow/dags/main.py took 0.418 seconds
[2026-05-04T11:16:38.504+0000] {processor.py:186} INFO - Started process (PID=119) to work on /opt/airflow/dags/main.py
[2026-05-04T11:16:38.507+0000] {processor.py:914} INFO - Processing file /opt/airflow/dags/main.py for tasks to queue
[2026-05-04T11:16:38.512+0000] {logging_mixin.py:190} INFO - [2026-05-04T11:16:38.511+0000] {dagbag.py:588} INFO - Filling up the DagBag from /opt/airflow/dags/main.py
[2026-05-04T11:16:38.756+0000] {processor.py:925} INFO - DAG(s) 'kafka_to_s3' retrieved from /opt/airflow/dags/main.py
[2026-05-04T11:16:38.807+0000] {logging_mixin.py:190} INFO - [2026-05-04T11:16:38.806+0000] {dag.py:3239} INFO - Sync 1 DAGs
[2026-05-04T11:16:38.849+0000] {logging_mixin.py:190} INFO - [2026-05-04T11:16:38.848+0000] {dag.py:4180} INFO - Setting next_dagrun for kafka_to_s3 to 2026-05-04 00:00:00+00:00, run_after=2026-05-05 00:00:00+00:00
[2026-05-04T11:16:39.424+0000] {processor.py:208} INFO - Processing /opt/airflow/dags/main.py took 0.932 seconds
[2026-05-04T11:17:09.788+0000] {processor.py:186} INFO - Started process (PID=126) to work on /opt/airflow/dags/main.py
[2026-05-04T11:17:09.790+0000] {processor.py:914} INFO - Processing file /opt/airflow/dags/main.py for tasks to queue
[2026-05-04T11:17:09.794+0000] {logging_mixin.py:190} INFO - [2026-05-04T11:17:09.793+0000] {dagbag.py:588} INFO - Filling up the DagBag from /opt/airflow/dags/main.py
[2026-05-04T11:17:09.942+0000] {processor.py:925} INFO - DAG(s) 'kafka_to_s3' retrieved from /opt/airflow/dags/main.py
[2026-05-04T11:17:09.977+0000] {logging_mixin.py:190} INFO - [2026-05-04T11:17:09.977+0000] {dag.py:3239} INFO - Sync 1 DAGs
[2026-05-04T11:17:10.204+0000] {logging_mixin.py:190} INFO - [2026-05-04T11:17:10.204+0000] {dag.py:4180} INFO - Setting next_dagrun for kafka_to_s3 to 2026-05-04 00:00:00+00:00, run_after=2026-05-05 00:00:00+00:00
[2026-05-04T11:17:10.231+0000] {processor.py:208} INFO - Processing /opt/airflow/dags/main.py took 0.450 seconds
[2026-05-04T11:17:40.601+0000] {processor.py:186} INFO - Started process (PID=133) to work on /opt/airflow/dags/main.py
[2026-05-04T11:17:40.603+0000] {processor.py:914} INFO - Processing file /opt/airflow/dags/main.py for tasks to queue
[2026-05-04T11:17:40.606+0000] {logging_mixin.py:190} INFO - [2026-05-04T11:17:40.605+0000] {dagbag.py:588} INFO - Filling up the DagBag from /opt/airflow/dags/main.py
[2026-05-04T11:17:40.729+0000] {processor.py:925} INFO - DAG(s) 'kafka_to_s3' retrieved from /opt/airflow/dags/main.py
[2026-05-04T11:17:40.757+0000] {logging_mixin.py:190} INFO - [2026-05-04T11:17:40.757+0000] {dag.py:3239} INFO - Sync 1 DAGs
[2026-05-04T11:17:40.948+0000] {logging_mixin.py:190} INFO - [2026-05-04T11:17:40.947+0000] {dag.py:4180} INFO - Setting next_dagrun for kafka_to_s3 to 2026-05-04 00:00:00+00:00, run_after=2026-05-05 00:00:00+00:00
[2026-05-04T11:17:40.970+0000] {processor.py:208} INFO - Processing /opt/airflow/dags/main.py took 0.376 seconds
[2026-05-04T11:18:11.346+0000] {processor.py:186} INFO - Started process (PID=141) to work on /opt/airflow/dags/main.py
[2026-05-04T11:18:11.348+0000] {processor.py:914} INFO - Processing file /opt/airflow/dags/main.py for tasks to queue
[2026-05-04T11:18:11.351+0000] {logging_mixin.py:190} INFO - [2026-05-04T11:18:11.351+0000] {dagbag.py:588} INFO - Filling up the DagBag from /opt/airflow/dags/main.py
[2026-05-04T11:18:11.527+0000] {processor.py:925} INFO - DAG(s) 'kafka_to_s3' retrieved from /opt/airflow/dags/main.py
[2026-05-04T11:18:11.776+0000] {logging_mixin.py:190} INFO - [2026-05-04T11:18:11.775+0000] {dag.py:3239} INFO - Sync 1 DAGs
[2026-05-04T11:18:11.807+0000] {logging_mixin.py:190} INFO - [2026-05-04T11:18:11.806+0000] {dag.py:4180} INFO - Setting next_dagrun for kafka_to_s3 to 2026-05-04 00:00:00+00:00, run_after=2026-05-05 00:00:00+00:00
[2026-05-04T11:18:11.833+0000] {processor.py:208} INFO - Processing /opt/airflow/dags/main.py took 0.498 seconds
[2026-05-04T11:18:42.192+0000] {processor.py:186} INFO - Started process (PID=147) to work on /opt/airflow/dags/main.py
[2026-05-04T11:18:42.193+0000] {processor.py:914} INFO - Processing file /opt/airflow/dags/main.py for tasks to queue
[2026-05-04T11:18:42.196+0000] {logging_mixin.py:190} INFO - [2026-05-04T11:18:42.196+0000] {dagbag.py:588} INFO - Filling up the DagBag from /opt/airflow/dags/main.py
[2026-05-04T11:18:42.354+0000] {processor.py:925} INFO - DAG(s) 'kafka_to_s3' retrieved from /opt/airflow/dags/main.py
[2026-05-04T11:18:42.569+0000] {logging_mixin.py:190} INFO - [2026-05-04T11:18:42.568+0000] {dag.py:3239} INFO - Sync 1 DAGs
[2026-05-04T11:18:42.592+0000] {logging_mixin.py:190} INFO - [2026-05-04T11:18:42.591+0000] {dag.py:4180} INFO - Setting next_dagrun for kafka_to_s3 to 2026-05-04 00:00:00+00:00, run_after=2026-05-05 00:00:00+00:00
[2026-05-04T11:18:42.611+0000] {processor.py:208} INFO - Processing /opt/airflow/dags/main.py took 0.429 seconds
[2026-05-04T11:19:12.959+0000] {processor.py:186} INFO - Started process (PID=154) to work on /opt/airflow/dags/main.py
[2026-05-04T11:19:12.960+0000] {processor.py:914} INFO - Processing file /opt/airflow/dags/main.py for tasks to queue
[2026-05-04T11:19:12.964+0000] {logging_mixin.py:190} INFO - [2026-05-04T11:19:12.963+0000] {dagbag.py:588} INFO - Filling up the DagBag from /opt/airflow/dags/main.py
[2026-05-04T11:19:13.277+0000] {processor.py:925} INFO - DAG(s) 'kafka_to_s3' retrieved from /opt/airflow/dags/main.py
[2026-05-04T11:19:13.300+0000] {logging_mixin.py:190} INFO - [2026-05-04T11:19:13.300+0000] {dag.py:3239} INFO - Sync 1 DAGs
[2026-05-04T11:19:13.324+0000] {logging_mixin.py:190} INFO - [2026-05-04T11:19:13.324+0000] {dag.py:4180} INFO - Setting next_dagrun for kafka_to_s3 to 2026-05-04 00:00:00+00:00, run_after=2026-05-05 00:00:00+00:00
[2026-05-04T11:19:13.345+0000] {processor.py:208} INFO - Processing /opt/airflow/dags/main.py took 0.399 seconds
[2026-05-04T11:19:43.439+0000] {processor.py:186} INFO - Started process (PID=161) to work on /opt/airflow/dags/main.py
[2026-05-04T11:19:43.440+0000] {processor.py:914} INFO - Processing file /opt/airflow/dags/main.py for tasks to queue
[2026-05-04T11:19:43.443+0000] {logging_mixin.py:190} INFO - [2026-05-04T11:19:43.443+0000] {dagbag.py:588} INFO - Filling up the DagBag from /opt/airflow/dags/main.py
[2026-05-04T11:19:43.600+0000] {processor.py:925} INFO - DAG(s) 'kafka_to_s3' retrieved from /opt/airflow/dags/main.py
[2026-05-04T11:19:43.639+0000] {logging_mixin.py:190} INFO - [2026-05-04T11:19:43.639+0000] {dag.py:3239} INFO - Sync 1 DAGs
[2026-05-04T11:19:43.675+0000] {logging_mixin.py:190} INFO - [2026-05-04T11:19:43.674+0000] {dag.py:4180} INFO - Setting next_dagrun for kafka_to_s3 to 2026-05-04 00:00:00+00:00, run_after=2026-05-05 00:00:00+00:00
[2026-05-04T11:19:43.869+0000] {processor.py:208} INFO - Processing /opt/airflow/dags/main.py took 0.438 seconds
[2026-05-04T11:20:14.061+0000] {processor.py:186} INFO - Started process (PID=168) to work on /opt/airflow/dags/main.py
[2026-05-04T11:20:14.062+0000] {processor.py:914} INFO - Processing file /opt/airflow/dags/main.py for tasks to queue
[2026-05-04T11:20:14.066+0000] {logging_mixin.py:190} INFO - [2026-05-04T11:20:14.066+0000] {dagbag.py:588} INFO - Filling up the DagBag from /opt/airflow/dags/main.py
[2026-05-04T11:20:14.259+0000] {processor.py:925} INFO - DAG(s) 'kafka_to_s3' retrieved from /opt/airflow/dags/main.py
[2026-05-04T11:20:14.299+0000] {logging_mixin.py:190} INFO - [2026-05-04T11:20:14.298+0000] {dag.py:3239} INFO - Sync 1 DAGs
[2026-05-04T11:20:14.524+0000] {logging_mixin.py:190} INFO - [2026-05-04T11:20:14.524+0000] {dag.py:4180} INFO - Setting next_dagrun for kafka_to_s3 to 2026-05-04 00:00:00+00:00, run_after=2026-05-05 00:00:00+00:00
[2026-05-04T11:20:14.552+0000] {processor.py:208} INFO - Processing /opt/airflow/dags/main.py took 0.506 seconds
[2026-05-04T11:20:45.017+0000] {processor.py:186} INFO - Started process (PID=175) to work on /opt/airflow/dags/main.py
[2026-05-04T11:20:45.019+0000] {processor.py:914} INFO - Processing file /opt/airflow/dags/main.py for tasks to queue
[2026-05-04T11:20:45.023+0000] {logging_mixin.py:190} INFO - [2026-05-04T11:20:45.023+0000] {dagbag.py:588} INFO - Filling up the DagBag from /opt/airflow/dags/main.py
[2026-05-04T11:20:45.205+0000] {processor.py:925} INFO - DAG(s) 'kafka_to_s3' retrieved from /opt/airflow/dags/main.py
[2026-05-04T11:20:45.249+0000] {logging_mixin.py:190} INFO - [2026-05-04T11:20:45.249+0000] {dag.py:3239} INFO - Sync 1 DAGs
[2026-05-04T11:20:45.609+0000] {logging_mixin.py:190} INFO - [2026-05-04T11:20:45.608+0000] {dag.py:4180} INFO - Setting next_dagrun for kafka_to_s3 to 2026-05-04 00:00:00+00:00, run_after=2026-05-05 00:00:00+00:00
[2026-05-04T11:20:45.650+0000] {processor.py:208} INFO - Processing /opt/airflow/dags/main.py took 0.641 seconds
[2026-05-04T11:21:16.434+0000] {processor.py:186} INFO - Started process (PID=182) to work on /opt/airflow/dags/main.py
[2026-05-04T11:21:16.435+0000] {processor.py:914} INFO - Processing file /opt/airflow/dags/main.py for tasks to queue
[2026-05-04T11:21:16.438+0000] {logging_mixin.py:190} INFO - [2026-05-04T11:21:16.437+0000] {dagbag.py:588} INFO - Filling up the DagBag from /opt/airflow/dags/main.py
[2026-05-04T11:21:16.598+0000] {processor.py:925} INFO - DAG(s) 'kafka_to_s3' retrieved from /opt/airflow/dags/main.py
[2026-05-04T11:21:16.820+0000] {logging_mixin.py:190} INFO - [2026-05-04T11:21:16.820+0000] {dag.py:3239} INFO - Sync 1 DAGs
[2026-05-04T11:21:16.845+0000] {logging_mixin.py:190} INFO - [2026-05-04T11:21:16.844+0000] {dag.py:4180} INFO - Setting next_dagrun for kafka_to_s3 to 2026-05-04 00:00:00+00:00, run_after=2026-05-05 00:00:00+00:00
[2026-05-04T11:21:16.865+0000] {processor.py:208} INFO - Processing /opt/airflow/dags/main.py took 0.440 seconds
[2026-05-04T11:21:47.133+0000] {processor.py:186} INFO - Started process (PID=189) to work on /opt/airflow/dags/main.py
[2026-05-04T11:21:47.135+0000] {processor.py:914} INFO - Processing file /opt/airflow/dags/main.py for tasks to queue
[2026-05-04T11:21:47.139+0000] {logging_mixin.py:190} INFO - [2026-05-04T11:21:47.138+0000] {dagbag.py:588} INFO - Filling up the DagBag from /opt/airflow/dags/main.py
[2026-05-04T11:21:47.293+0000] {processor.py:925} INFO - DAG(s) 'kafka_to_s3' retrieved from /opt/airflow/dags/main.py
[2026-05-04T11:21:47.569+0000] {logging_mixin.py:190} INFO - [2026-05-04T11:21:47.569+0000] {dag.py:3239} INFO - Sync 1 DAGs
[2026-05-04T11:21:47.594+0000] {logging_mixin.py:190} INFO - [2026-05-04T11:21:47.594+0000] {dag.py:4180} INFO - Setting next_dagrun for kafka_to_s3 to 2026-05-04 00:00:00+00:00, run_after=2026-05-05 00:00:00+00:00
[2026-05-04T11:21:47.619+0000] {processor.py:208} INFO - Processing /opt/airflow/dags/main.py took 0.496 seconds
[2026-05-04T11:22:17.936+0000] {processor.py:186} INFO - Started process (PID=196) to work on /opt/airflow/dags/main.py
[2026-05-04T11:22:17.938+0000] {processor.py:914} INFO - Processing file /opt/airflow/dags/main.py for tasks to queue
[2026-05-04T11:22:17.942+0000] {logging_mixin.py:190} INFO - [2026-05-04T11:22:17.941+0000] {dagbag.py:588} INFO - Filling up the DagBag from /opt/airflow/dags/main.py
[2026-05-04T11:22:18.383+0000] {processor.py:925} INFO - DAG(s) 'kafka_to_s3' retrieved from /opt/airflow/dags/main.py
[2026-05-04T11:22:18.446+0000] {logging_mixin.py:190} INFO - [2026-05-04T11:22:18.444+0000] {dag.py:3239} INFO - Sync 1 DAGs
[2026-05-04T11:22:18.488+0000] {logging_mixin.py:190} INFO - [2026-05-04T11:22:18.487+0000] {dag.py:4180} INFO - Setting next_dagrun for kafka_to_s3 to 2026-05-04 00:00:00+00:00, run_after=2026-05-05 00:00:00+00:00
[2026-05-04T11:22:18.513+0000] {processor.py:208} INFO - Processing /opt/airflow/dags/main.py took 0.587 seconds
[2026-05-04T11:22:48.742+0000] {processor.py:186} INFO - Started process (PID=203) to work on /opt/airflow/dags/main.py
[2026-05-04T11:22:48.743+0000] {processor.py:914} INFO - Processing file /opt/airflow/dags/main.py for tasks to queue
[2026-05-04T11:22:48.746+0000] {logging_mixin.py:190} INFO - [2026-05-04T11:22:48.746+0000] {dagbag.py:588} INFO - Filling up the DagBag from /opt/airflow/dags/main.py
[2026-05-04T11:22:49.109+0000] {processor.py:925} INFO - DAG(s) 'kafka_to_s3' retrieved from /opt/airflow/dags/main.py
[2026-05-04T11:22:49.138+0000] {logging_mixin.py:190} INFO - [2026-05-04T11:22:49.137+0000] {dag.py:3239} INFO - Sync 1 DAGs
[2026-05-04T11:22:49.181+0000] {logging_mixin.py:190} INFO - [2026-05-04T11:22:49.180+0000] {dag.py:4180} INFO - Setting next_dagrun for kafka_to_s3 to 2026-05-04 00:00:00+00:00, run_after=2026-05-05 00:00:00+00:00
[2026-05-04T11:22:49.216+0000] {processor.py:208} INFO - Processing /opt/airflow/dags/main.py took 0.481 seconds
[2026-05-04T11:23:19.607+0000] {processor.py:186} INFO - Started process (PID=210) to work on /opt/airflow/dags/main.py
[2026-05-04T11:23:19.608+0000] {processor.py:914} INFO - Processing file /opt/airflow/dags/main.py for tasks to queue
[2026-05-04T11:23:19.612+0000] {logging_mixin.py:190} INFO - [2026-05-04T11:23:19.612+0000] {dagbag.py:588} INFO - Filling up the DagBag from /opt/airflow/dags/main.py
[2026-05-04T11:23:19.750+0000] {processor.py:925} INFO - DAG(s) 'kafka_to_s3' retrieved from /opt/airflow/dags/main.py
[2026-05-04T11:23:19.781+0000] {logging_mixin.py:190} INFO - [2026-05-04T11:23:19.780+0000] {dag.py:3239} INFO - Sync 1 DAGs
[2026-05-04T11:23:19.985+0000] {logging_mixin.py:190} INFO - [2026-05-04T11:23:19.985+0000] {dag.py:4180} INFO - Setting next_dagrun for kafka_to_s3 to 2026-05-04 00:00:00+00:00, run_after=2026-05-05 00:00:00+00:00
[2026-05-04T11:23:20.009+0000] {processor.py:208} INFO - Processing /opt/airflow/dags/main.py took 0.410 seconds
[2026-05-04T11:23:50.441+0000] {processor.py:186} INFO - Started process (PID=217) to work on /opt/airflow/dags/main.py
[2026-05-04T11:23:50.442+0000] {processor.py:914} INFO - Processing file /opt/airflow/dags/main.py for tasks to queue
[2026-05-04T11:23:50.446+0000] {logging_mixin.py:190} INFO - [2026-05-04T11:23:50.445+0000] {dagbag.py:588} INFO - Filling up the DagBag from /opt/airflow/dags/main.py
[2026-05-04T11:23:50.582+0000] {processor.py:925} INFO - DAG(s) 'kafka_to_s3' retrieved from /opt/airflow/dags/main.py
[2026-05-04T11:23:50.613+0000] {logging_mixin.py:190} INFO - [2026-05-04T11:23:50.613+0000] {dag.py:3239} INFO - Sync 1 DAGs
[2026-05-04T11:23:50.819+0000] {logging_mixin.py:190} INFO - [2026-05-04T11:23:50.819+0000] {dag.py:4180} INFO - Setting next_dagrun for kafka_to_s3 to 2026-05-04 00:00:00+00:00, run_after=2026-05-05 00:00:00+00:00
[2026-05-04T11:23:50.843+0000] {processor.py:208} INFO - Processing /opt/airflow/dags/main.py took 0.411 seconds
[2026-05-04T11:24:21.185+0000] {processor.py:186} INFO - Started process (PID=225) to work on /opt/airflow/dags/main.py
[2026-05-04T11:24:21.186+0000] {processor.py:914} INFO - Processing file /opt/airflow/dags/main.py for tasks to queue
[2026-05-04T11:24:21.191+0000] {logging_mixin.py:190} INFO - [2026-05-04T11:24:21.191+0000] {dagbag.py:588} INFO - Filling up the DagBag from /opt/airflow/dags/main.py
[2026-05-04T11:24:21.388+0000] {processor.py:925} INFO - DAG(s) 'kafka_to_s3' retrieved from /opt/airflow/dags/main.py
[2026-05-04T11:24:21.844+0000] {logging_mixin.py:190} INFO - [2026-05-04T11:24:21.843+0000] {dag.py:3239} INFO - Sync 1 DAGs
[2026-05-04T11:24:21.883+0000] {logging_mixin.py:190} INFO - [2026-05-04T11:24:21.883+0000] {dag.py:4180} INFO - Setting next_dagrun for kafka_to_s3 to 2026-05-04 00:00:00+00:00, run_after=2026-05-05 00:00:00+00:00
[2026-05-04T11:24:21.918+0000] {processor.py:208} INFO - Processing /opt/airflow/dags/main.py took 0.746 seconds
[2026-05-04T11:24:52.070+0000] {processor.py:186} INFO - Started process (PID=232) to work on /opt/airflow/dags/main.py
[2026-05-04T11:24:52.072+0000] {processor.py:914} INFO - Processing file /opt/airflow/dags/main.py for tasks to queue
[2026-05-04T11:24:52.075+0000] {logging_mixin.py:190} INFO - [2026-05-04T11:24:52.074+0000] {dagbag.py:588} INFO - Filling up the DagBag from /opt/airflow/dags/main.py
[2026-05-04T11:24:52.502+0000] {processor.py:925} INFO - DAG(s) 'kafka_to_s3' retrieved from /opt/airflow/dags/main.py
[2026-05-04T11:24:52.539+0000] {logging_mixin.py:190} INFO - [2026-05-04T11:24:52.538+0000] {dag.py:3239} INFO - Sync 1 DAGs
[2026-05-04T11:24:52.572+0000] {logging_mixin.py:190} INFO - [2026-05-04T11:24:52.571+0000] {dag.py:4180} INFO - Setting next_dagrun for kafka_to_s3 to 2026-05-04 00:00:00+00:00, run_after=2026-05-05 00:00:00+00:00
[2026-05-04T11:24:52.600+0000] {processor.py:208} INFO - Processing /opt/airflow/dags/main.py took 0.537 seconds
[2026-05-04T11:25:22.983+0000] {processor.py:186} INFO - Started process (PID=238) to work on /opt/airflow/dags/main.py
[2026-05-04T11:25:22.984+0000] {processor.py:914} INFO - Processing file /opt/airflow/dags/main.py for tasks to queue
[2026-05-04T11:25:22.989+0000] {logging_mixin.py:190} INFO - [2026-05-04T11:25:22.988+0000] {dagbag.py:588} INFO - Filling up the DagBag from /opt/airflow/dags/main.py
[2026-05-04T11:25:23.392+0000] {processor.py:925} INFO - DAG(s) 'kafka_to_s3' retrieved from /opt/airflow/dags/main.py
[2026-05-04T11:25:23.428+0000] {logging_mixin.py:190} INFO - [2026-05-04T11:25:23.428+0000] {dag.py:3239} INFO - Sync 1 DAGs
[2026-05-04T11:25:23.462+0000] {logging_mixin.py:190} INFO - [2026-05-04T11:25:23.462+0000] {dag.py:4180} INFO - Setting next_dagrun for kafka_to_s3 to 2026-05-04 00:00:00+00:00, run_after=2026-05-05 00:00:00+00:00
[2026-05-04T11:25:23.493+0000] {processor.py:208} INFO - Processing /opt/airflow/dags/main.py took 0.522 seconds
[2026-05-04T11:25:53.941+0000] {processor.py:186} INFO - Started process (PID=245) to work on /opt/airflow/dags/main.py
[2026-05-04T11:25:53.953+0000] {processor.py:914} INFO - Processing file /opt/airflow/dags/main.py for tasks to queue
[2026-05-04T11:25:53.983+0000] {logging_mixin.py:190} INFO - [2026-05-04T11:25:53.982+0000] {dagbag.py:588} INFO - Filling up the DagBag from /opt/airflow/dags/main.py
[2026-05-04T11:25:57.589+0000] {processor.py:925} INFO - DAG(s) 'kafka_to_s3' retrieved from /opt/airflow/dags/main.py
[2026-05-04T11:25:57.832+0000] {logging_mixin.py:190} INFO - [2026-05-04T11:25:57.832+0000] {dag.py:3239} INFO - Sync 1 DAGs
[2026-05-04T11:25:58.019+0000] {logging_mixin.py:190} INFO - [2026-05-04T11:25:58.018+0000] {dag.py:4180} INFO - Setting next_dagrun for kafka_to_s3 to 2026-05-04 00:00:00+00:00, run_after=2026-05-05 00:00:00+00:00
[2026-05-04T11:25:58.080+0000] {processor.py:208} INFO - Processing /opt/airflow/dags/main.py took 4.216 seconds
[2026-05-04T11:26:28.234+0000] {processor.py:186} INFO - Started process (PID=252) to work on /opt/airflow/dags/main.py
[2026-05-04T11:26:28.237+0000] {processor.py:914} INFO - Processing file /opt/airflow/dags/main.py for tasks to queue
[2026-05-04T11:26:28.243+0000] {logging_mixin.py:190} INFO - [2026-05-04T11:26:28.243+0000] {dagbag.py:588} INFO - Filling up the DagBag from /opt/airflow/dags/main.py
[2026-05-04T11:26:28.493+0000] {processor.py:925} INFO - DAG(s) 'kafka_to_s3' retrieved from /opt/airflow/dags/main.py
[2026-05-04T11:26:28.549+0000] {logging_mixin.py:190} INFO - [2026-05-04T11:26:28.549+0000] {dag.py:3239} INFO - Sync 1 DAGs
[2026-05-04T11:26:28.940+0000] {logging_mixin.py:190} INFO - [2026-05-04T11:26:28.940+0000] {dag.py:4180} INFO - Setting next_dagrun for kafka_to_s3 to 2026-05-04 00:00:00+00:00, run_after=2026-05-05 00:00:00+00:00
[2026-05-04T11:26:28.974+0000] {processor.py:208} INFO - Processing /opt/airflow/dags/main.py took 0.753 seconds
[2026-05-04T11:26:59.572+0000] {processor.py:186} INFO - Started process (PID=259) to work on /opt/airflow/dags/main.py
[2026-05-04T11:26:59.574+0000] {processor.py:914} INFO - Processing file /opt/airflow/dags/main.py for tasks to queue
[2026-05-04T11:26:59.580+0000] {logging_mixin.py:190} INFO - [2026-05-04T11:26:59.579+0000] {dagbag.py:588} INFO - Filling up the DagBag from /opt/airflow/dags/main.py
[2026-05-04T11:26:59.730+0000] {processor.py:925} INFO - DAG(s) 'kafka_to_s3' retrieved from /opt/airflow/dags/main.py
[2026-05-04T11:26:59.765+0000] {logging_mixin.py:190} INFO - [2026-05-04T11:26:59.764+0000] {dag.py:3239} INFO - Sync 1 DAGs
[2026-05-04T11:27:00.002+0000] {logging_mixin.py:190} INFO - [2026-05-04T11:27:00.002+0000] {dag.py:4180} INFO - Setting next_dagrun for kafka_to_s3 to 2026-05-04 00:00:00+00:00, run_after=2026-05-05 00:00:00+00:00
[2026-05-04T11:27:00.032+0000] {processor.py:208} INFO - Processing /opt/airflow/dags/main.py took 0.469 seconds
[2026-05-04T11:27:30.401+0000] {processor.py:186} INFO - Started process (PID=266) to work on /opt/airflow/dags/main.py
[2026-05-04T11:27:30.403+0000] {processor.py:914} INFO - Processing file /opt/airflow/dags/main.py for tasks to queue
[2026-05-04T11:27:30.406+0000] {logging_mixin.py:190} INFO - [2026-05-04T11:27:30.406+0000] {dagbag.py:588} INFO - Filling up the DagBag from /opt/airflow/dags/main.py
[2026-05-04T11:27:30.581+0000] {processor.py:925} INFO - DAG(s) 'kafka_to_s3' retrieved from /opt/airflow/dags/main.py
[2026-05-04T11:27:30.842+0000] {logging_mixin.py:190} INFO - [2026-05-04T11:27:30.841+0000] {dag.py:3239} INFO - Sync 1 DAGs
[2026-05-04T11:27:30.867+0000] {logging_mixin.py:190} INFO - [2026-05-04T11:27:30.867+0000] {dag.py:4180} INFO - Setting next_dagrun for kafka_to_s3 to 2026-05-04 00:00:00+00:00, run_after=2026-05-05 00:00:00+00:00
[2026-05-04T11:27:30.887+0000] {processor.py:208} INFO - Processing /opt/airflow/dags/main.py took 0.493 seconds
[2026-05-04T11:28:01.356+0000] {processor.py:186} INFO - Started process (PID=272) to work on /opt/airflow/dags/main.py
[2026-05-04T11:28:01.358+0000] {processor.py:914} INFO - Processing file /opt/airflow/dags/main.py for tasks to queue
[2026-05-04T11:28:01.365+0000] {logging_mixin.py:190} INFO - [2026-05-04T11:28:01.364+0000] {dagbag.py:588} INFO - Filling up the DagBag from /opt/airflow/dags/main.py
[2026-05-04T11:28:01.730+0000] {processor.py:925} INFO - DAG(s) 'kafka_to_s3' retrieved from /opt/airflow/dags/main.py
[2026-05-04T11:28:01.779+0000] {logging_mixin.py:190} INFO - [2026-05-04T11:28:01.779+0000] {dag.py:3239} INFO - Sync 1 DAGs
[2026-05-04T11:28:01.836+0000] {logging_mixin.py:190} INFO - [2026-05-04T11:28:01.836+0000] {dag.py:4180} INFO - Setting next_dagrun for kafka_to_s3 to 2026-05-04 00:00:00+00:00, run_after=2026-05-05 00:00:00+00:00
[2026-05-04T11:28:01.872+0000] {processor.py:208} INFO - Processing /opt/airflow/dags/main.py took 0.528 seconds
[2026-05-04T11:28:32.040+0000] {processor.py:186} INFO - Started process (PID=279) to work on /opt/airflow/dags/main.py
[2026-05-04T11:28:32.042+0000] {processor.py:914} INFO - Processing file /opt/airflow/dags/main.py for tasks to queue
[2026-05-04T11:28:32.047+0000] {logging_mixin.py:190} INFO - [2026-05-04T11:28:32.046+0000] {dagbag.py:588} INFO - Filling up the DagBag from /opt/airflow/dags/main.py
[2026-05-04T11:28:32.445+0000] {processor.py:925} INFO - DAG(s) 'kafka_to_s3' retrieved from /opt/airflow/dags/main.py
[2026-05-04T11:28:32.479+0000] {logging_mixin.py:190} INFO - [2026-05-04T11:28:32.479+0000] {dag.py:3239} INFO - Sync 1 DAGs
[2026-05-04T11:28:32.512+0000] {logging_mixin.py:190} INFO - [2026-05-04T11:28:32.511+0000] {dag.py:4180} INFO - Setting next_dagrun for kafka_to_s3 to 2026-05-04 00:00:00+00:00, run_after=2026-05-05 00:00:00+00:00
[2026-05-04T11:28:32.544+0000] {processor.py:208} INFO - Processing /opt/airflow/dags/main.py took 0.515 seconds
[2026-05-04T11:29:03.021+0000] {processor.py:186} INFO - Started process (PID=286) to work on /opt/airflow/dags/main.py
[2026-05-04T11:29:03.022+0000] {processor.py:914} INFO - Processing file /opt/airflow/dags/main.py for tasks to queue
[2026-05-04T11:29:03.025+0000] {logging_mixin.py:190} INFO - [2026-05-04T11:29:03.025+0000] {dagbag.py:588} INFO - Filling up the DagBag from /opt/airflow/dags/main.py
[2026-05-04T11:29:03.178+0000] {processor.py:925} INFO - DAG(s) 'kafka_to_s3' retrieved from /opt/airflow/dags/main.py
[2026-05-04T11:29:03.212+0000] {logging_mixin.py:190} INFO - [2026-05-04T11:29:03.211+0000] {dag.py:3239} INFO - Sync 1 DAGs
[2026-05-04T11:29:03.440+0000] {logging_mixin.py:190} INFO - [2026-05-04T11:29:03.440+0000] {dag.py:4180} INFO - Setting next_dagrun for kafka_to_s3 to 2026-05-04 00:00:00+00:00, run_after=2026-05-05 00:00:00+00:00
[2026-05-04T11:29:03.467+0000] {processor.py:208} INFO - Processing /opt/airflow/dags/main.py took 0.456 seconds
[2026-05-04T11:29:33.761+0000] {processor.py:186} INFO - Started process (PID=293) to work on /opt/airflow/dags/main.py
[2026-05-04T11:29:33.762+0000] {processor.py:914} INFO - Processing file /opt/airflow/dags/main.py for tasks to queue
[2026-05-04T11:29:33.766+0000] {logging_mixin.py:190} INFO - [2026-05-04T11:29:33.765+0000] {dagbag.py:588} INFO - Filling up the DagBag from /opt/airflow/dags/main.py
[2026-05-04T11:29:33.910+0000] {processor.py:925} INFO - DAG(s) 'kafka_to_s3' retrieved from /opt/airflow/dags/main.py
[2026-05-04T11:29:33.940+0000] {logging_mixin.py:190} INFO - [2026-05-04T11:29:33.939+0000] {dag.py:3239} INFO - Sync 1 DAGs
[2026-05-04T11:29:34.159+0000] {logging_mixin.py:190} INFO - [2026-05-04T11:29:34.158+0000] {dag.py:4180} INFO - Setting next_dagrun for kafka_to_s3 to 2026-05-04 00:00:00+00:00, run_after=2026-05-05 00:00:00+00:00
[2026-05-04T11:29:34.189+0000] {processor.py:208} INFO - Processing /opt/airflow/dags/main.py took 0.437 seconds
[2026-05-04T11:30:04.551+0000] {processor.py:186} INFO - Started process (PID=300) to work on /opt/airflow/dags/main.py
[2026-05-04T11:30:04.552+0000] {processor.py:914} INFO - Processing file /opt/airflow/dags/main.py for tasks to queue
[2026-05-04T11:30:04.557+0000] {logging_mixin.py:190} INFO - [2026-05-04T11:30:04.556+0000] {dagbag.py:588} INFO - Filling up the DagBag from /opt/airflow/dags/main.py
[2026-05-04T11:30:04.745+0000] {processor.py:925} INFO - DAG(s) 'kafka_to_s3' retrieved from /opt/airflow/dags/main.py
[2026-05-04T11:30:05.100+0000] {logging_mixin.py:190} INFO - [2026-05-04T11:30:05.099+0000] {dag.py:3239} INFO - Sync 1 DAGs
[2026-05-04T11:30:05.133+0000] {logging_mixin.py:190} INFO - [2026-05-04T11:30:05.133+0000] {dag.py:4180} INFO - Setting next_dagrun for kafka_to_s3 to 2026-05-04 00:00:00+00:00, run_after=2026-05-05 00:00:00+00:00
[2026-05-04T11:30:05.160+0000] {processor.py:208} INFO - Processing /opt/airflow/dags/main.py took 0.620 seconds
[2026-05-04T11:30:35.335+0000] {processor.py:186} INFO - Started process (PID=307) to work on /opt/airflow/dags/main.py
[2026-05-04T11:30:35.338+0000] {processor.py:914} INFO - Processing file /opt/airflow/dags/main.py for tasks to queue
[2026-05-04T11:30:35.344+0000] {logging_mixin.py:190} INFO - [2026-05-04T11:30:35.344+0000] {dagbag.py:588} INFO - Filling up the DagBag from /opt/airflow/dags/main.py
[2026-05-04T11:30:35.536+0000] {processor.py:925} INFO - DAG(s) 'kafka_to_s3' retrieved from /opt/airflow/dags/main.py
[2026-05-04T11:30:35.906+0000] {logging_mixin.py:190} INFO - [2026-05-04T11:30:35.906+0000] {dag.py:3239} INFO - Sync 1 DAGs
[2026-05-04T11:30:35.931+0000] {logging_mixin.py:190} INFO - [2026-05-04T11:30:35.931+0000] {dag.py:4180} INFO - Setting next_dagrun for kafka_to_s3 to 2026-05-04 00:00:00+00:00, run_after=2026-05-05 00:00:00+00:00
[2026-05-04T11:30:35.951+0000] {processor.py:208} INFO - Processing /opt/airflow/dags/main.py took 0.635 seconds
[2026-05-04T11:31:06.350+0000] {processor.py:186} INFO - Started process (PID=314) to work on /opt/airflow/dags/main.py
[2026-05-04T11:31:06.353+0000] {processor.py:914} INFO - Processing file /opt/airflow/dags/main.py for tasks to queue
[2026-05-04T11:31:06.371+0000] {logging_mixin.py:190} INFO - [2026-05-04T11:31:06.365+0000] {dagbag.py:588} INFO - Filling up the DagBag from /opt/airflow/dags/main.py
[2026-05-04T11:31:06.855+0000] {processor.py:925} INFO - DAG(s) 'kafka_to_s3' retrieved from /opt/airflow/dags/main.py
[2026-05-04T11:31:06.888+0000] {logging_mixin.py:190} INFO - [2026-05-04T11:31:06.888+0000] {dag.py:3239} INFO - Sync 1 DAGs
[2026-05-04T11:31:06.918+0000] {logging_mixin.py:190} INFO - [2026-05-04T11:31:06.918+0000] {dag.py:4180} INFO - Setting next_dagrun for kafka_to_s3 to 2026-05-04 00:00:00+00:00, run_after=2026-05-05 00:00:00+00:00
[2026-05-04T11:31:06.942+0000] {processor.py:208} INFO - Processing /opt/airflow/dags/main.py took 0.614 seconds
[2026-05-04T11:31:37.192+0000] {processor.py:186} INFO - Started process (PID=321) to work on /opt/airflow/dags/main.py
[2026-05-04T11:31:37.198+0000] {processor.py:914} INFO - Processing file /opt/airflow/dags/main.py for tasks to queue
[2026-05-04T11:31:37.207+0000] {logging_mixin.py:190} INFO - [2026-05-04T11:31:37.206+0000] {dagbag.py:588} INFO - Filling up the DagBag from /opt/airflow/dags/main.py
[2026-05-04T11:31:37.669+0000] {processor.py:925} INFO - DAG(s) 'kafka_to_s3' retrieved from /opt/airflow/dags/main.py
[2026-05-04T11:31:37.704+0000] {logging_mixin.py:190} INFO - [2026-05-04T11:31:37.703+0000] {dag.py:3239} INFO - Sync 1 DAGs
[2026-05-04T11:31:37.740+0000] {logging_mixin.py:190} INFO - [2026-05-04T11:31:37.740+0000] {dag.py:4180} INFO - Setting next_dagrun for kafka_to_s3 to 2026-05-04 00:00:00+00:00, run_after=2026-05-05 00:00:00+00:00
[2026-05-04T11:31:37.768+0000] {processor.py:208} INFO - Processing /opt/airflow/dags/main.py took 0.615 seconds
[2026-05-04T11:32:08.172+0000] {processor.py:186} INFO - Started process (PID=328) to work on /opt/airflow/dags/main.py
[2026-05-04T11:32:08.174+0000] {processor.py:914} INFO - Processing file /opt/airflow/dags/main.py for tasks to queue
[2026-05-04T11:32:08.178+0000] {logging_mixin.py:190} INFO - [2026-05-04T11:32:08.177+0000] {dagbag.py:588} INFO - Filling up the DagBag from /opt/airflow/dags/main.py
[2026-05-04T11:32:08.356+0000] {processor.py:925} INFO - DAG(s) 'kafka_to_s3' retrieved from /opt/airflow/dags/main.py
[2026-05-04T11:32:08.397+0000] {logging_mixin.py:190} INFO - [2026-05-04T11:32:08.396+0000] {dag.py:3239} INFO - Sync 1 DAGs
[2026-05-04T11:32:08.763+0000] {logging_mixin.py:190} INFO - [2026-05-04T11:32:08.763+0000] {dag.py:4180} INFO - Setting next_dagrun for kafka_to_s3 to 2026-05-04 00:00:00+00:00, run_after=2026-05-05 00:00:00+00:00
[2026-05-04T11:32:08.794+0000] {processor.py:208} INFO - Processing /opt/airflow/dags/main.py took 0.632 seconds
[2026-05-04T11:32:38.977+0000] {processor.py:186} INFO - Started process (PID=335) to work on /opt/airflow/dags/main.py
[2026-05-04T11:32:38.979+0000] {processor.py:914} INFO - Processing file /opt/airflow/dags/main.py for tasks to queue
[2026-05-04T11:32:38.984+0000] {logging_mixin.py:190} INFO - [2026-05-04T11:32:38.983+0000] {dagbag.py:588} INFO - Filling up the DagBag from /opt/airflow/dags/main.py
[2026-05-04T11:32:39.158+0000] {processor.py:925} INFO - DAG(s) 'kafka_to_s3' retrieved from /opt/airflow/dags/main.py
[2026-05-04T11:32:39.206+0000] {logging_mixin.py:190} INFO - [2026-05-04T11:32:39.206+0000] {dag.py:3239} INFO - Sync 1 DAGs
[2026-05-04T11:32:39.540+0000] {logging_mixin.py:190} INFO - [2026-05-04T11:32:39.540+0000] {dag.py:4180} INFO - Setting next_dagrun for kafka_to_s3 to 2026-05-04 00:00:00+00:00, run_after=2026-05-05 00:00:00+00:00
[2026-05-04T11:32:39.575+0000] {processor.py:208} INFO - Processing /opt/airflow/dags/main.py took 0.613 seconds
[2026-05-04T11:33:10.000+0000] {processor.py:186} INFO - Started process (PID=348) to work on /opt/airflow/dags/main.py
[2026-05-04T11:33:10.002+0000] {processor.py:914} INFO - Processing file /opt/airflow/dags/main.py for tasks to queue
[2026-05-04T11:33:10.006+0000] {logging_mixin.py:190} INFO - [2026-05-04T11:33:10.006+0000] {dagbag.py:588} INFO - Filling up the DagBag from /opt/airflow/dags/main.py
[2026-05-04T11:33:10.167+0000] {processor.py:925} INFO - DAG(s) 'kafka_to_s3' retrieved from /opt/airflow/dags/main.py
[2026-05-04T11:33:10.429+0000] {logging_mixin.py:190} INFO - [2026-05-04T11:33:10.429+0000] {dag.py:3239} INFO - Sync 1 DAGs
[2026-05-04T11:33:10.467+0000] {logging_mixin.py:190} INFO - [2026-05-04T11:33:10.467+0000] {dag.py:4180} INFO - Setting next_dagrun for kafka_to_s3 to 2026-05-04 00:00:00+00:00, run_after=2026-05-05 00:00:00+00:00
[2026-05-04T11:33:10.504+0000] {processor.py:208} INFO - Processing /opt/airflow/dags/main.py took 0.514 seconds
[2026-05-04T11:33:40.822+0000] {processor.py:186} INFO - Started process (PID=355) to work on /opt/airflow/dags/main.py
[2026-05-04T11:33:40.823+0000] {processor.py:914} INFO - Processing file /opt/airflow/dags/main.py for tasks to queue
[2026-05-04T11:33:40.828+0000] {logging_mixin.py:190} INFO - [2026-05-04T11:33:40.827+0000] {dagbag.py:588} INFO - Filling up the DagBag from /opt/airflow/dags/main.py
[2026-05-04T11:33:41.207+0000] {processor.py:925} INFO - DAG(s) 'kafka_to_s3' retrieved from /opt/airflow/dags/main.py
[2026-05-04T11:33:41.240+0000] {logging_mixin.py:190} INFO - [2026-05-04T11:33:41.240+0000] {dag.py:3239} INFO - Sync 1 DAGs
[2026-05-04T11:33:41.278+0000] {logging_mixin.py:190} INFO - [2026-05-04T11:33:41.277+0000] {dag.py:4180} INFO - Setting next_dagrun for kafka_to_s3 to 2026-05-04 00:00:00+00:00, run_after=2026-05-05 00:00:00+00:00
[2026-05-04T11:33:41.307+0000] {processor.py:208} INFO - Processing /opt/airflow/dags/main.py took 0.496 seconds
[2026-05-04T11:34:11.687+0000] {processor.py:186} INFO - Started process (PID=362) to work on /opt/airflow/dags/main.py
[2026-05-04T11:34:11.690+0000] {processor.py:914} INFO - Processing file /opt/airflow/dags/main.py for tasks to queue
[2026-05-04T11:34:11.695+0000] {logging_mixin.py:190} INFO - [2026-05-04T11:34:11.694+0000] {dagbag.py:588} INFO - Filling up the DagBag from /opt/airflow/dags/main.py
[2026-05-04T11:34:12.112+0000] {processor.py:925} INFO - DAG(s) 'kafka_to_s3' retrieved from /opt/airflow/dags/main.py
[2026-05-04T11:34:12.146+0000] {logging_mixin.py:190} INFO - [2026-05-04T11:34:12.146+0000] {dag.py:3239} INFO - Sync 1 DAGs
[2026-05-04T11:34:12.176+0000] {logging_mixin.py:190} INFO - [2026-05-04T11:34:12.175+0000] {dag.py:4180} INFO - Setting next_dagrun for kafka_to_s3 to 2026-05-04 00:00:00+00:00, run_after=2026-05-05 00:00:00+00:00
[2026-05-04T11:34:12.206+0000] {processor.py:208} INFO - Processing /opt/airflow/dags/main.py took 0.530 seconds
[2026-05-04T11:34:42.584+0000] {processor.py:186} INFO - Started process (PID=369) to work on /opt/airflow/dags/main.py
[2026-05-04T11:34:42.586+0000] {processor.py:914} INFO - Processing file /opt/airflow/dags/main.py for tasks to queue
[2026-05-04T11:34:42.589+0000] {logging_mixin.py:190} INFO - [2026-05-04T11:34:42.589+0000] {dagbag.py:588} INFO - Filling up the DagBag from /opt/airflow/dags/main.py
[2026-05-04T11:34:42.973+0000] {processor.py:925} INFO - DAG(s) 'kafka_to_s3' retrieved from /opt/airflow/dags/main.py
[2026-05-04T11:34:42.999+0000] {logging_mixin.py:190} INFO - [2026-05-04T11:34:42.998+0000] {dag.py:3239} INFO - Sync 1 DAGs
[2026-05-04T11:34:43.029+0000] {logging_mixin.py:190} INFO - [2026-05-04T11:34:43.029+0000] {dag.py:4180} INFO - Setting next_dagrun for kafka_to_s3 to 2026-05-04 00:00:00+00:00, run_after=2026-05-05 00:00:00+00:00
[2026-05-04T11:34:43.055+0000] {processor.py:208} INFO - Processing /opt/airflow/dags/main.py took 0.480 seconds
[2026-05-04T11:35:13.169+0000] {processor.py:186} INFO - Started process (PID=376) to work on /opt/airflow/dags/main.py
[2026-05-04T11:35:13.170+0000] {processor.py:914} INFO - Processing file /opt/airflow/dags/main.py for tasks to queue
[2026-05-04T11:35:13.173+0000] {logging_mixin.py:190} INFO - [2026-05-04T11:35:13.173+0000] {dagbag.py:588} INFO - Filling up the DagBag from /opt/airflow/dags/main.py
[2026-05-04T11:35:13.315+0000] {processor.py:925} INFO - DAG(s) 'kafka_to_s3' retrieved from /opt/airflow/dags/main.py
[2026-05-04T11:35:13.346+0000] {logging_mixin.py:190} INFO - [2026-05-04T11:35:13.346+0000] {dag.py:3239} INFO - Sync 1 DAGs
[2026-05-04T11:35:13.567+0000] {logging_mixin.py:190} INFO - [2026-05-04T11:35:13.567+0000] {dag.py:4180} INFO - Setting next_dagrun for kafka_to_s3 to 2026-05-04 00:00:00+00:00, run_after=2026-05-05 00:00:00+00:00
[2026-05-04T11:35:13.592+0000] {processor.py:208} INFO - Processing /opt/airflow/dags/main.py took 0.430 seconds
[2026-05-04T11:35:43.799+0000] {processor.py:186} INFO - Started process (PID=383) to work on /opt/airflow/dags/main.py
[2026-05-04T11:35:43.801+0000] {processor.py:914} INFO - Processing file /opt/airflow/dags/main.py for tasks to queue
[2026-05-04T11:35:43.807+0000] {logging_mixin.py:190} INFO - [2026-05-04T11:35:43.806+0000] {dagbag.py:588} INFO - Filling up the DagBag from /opt/airflow/dags/main.py
[2026-05-04T11:35:44.028+0000] {processor.py:925} INFO - DAG(s) 'kafka_to_s3' retrieved from /opt/airflow/dags/main.py
[2026-05-04T11:35:44.077+0000] {logging_mixin.py:190} INFO - [2026-05-04T11:35:44.077+0000] {dag.py:3239} INFO - Sync 1 DAGs
[2026-05-04T11:35:44.376+0000] {logging_mixin.py:190} INFO - [2026-05-04T11:35:44.375+0000] {dag.py:4180} INFO - Setting next_dagrun for kafka_to_s3 to 2026-05-04 00:00:00+00:00, run_after=2026-05-05 00:00:00+00:00
[2026-05-04T11:35:44.402+0000] {processor.py:208} INFO - Processing /opt/airflow/dags/main.py took 0.625 seconds
[2026-05-04T11:36:14.816+0000] {processor.py:186} INFO - Started process (PID=390) to work on /opt/airflow/dags/main.py
[2026-05-04T11:36:14.817+0000] {processor.py:914} INFO - Processing file /opt/airflow/dags/main.py for tasks to queue
[2026-05-04T11:36:14.821+0000] {logging_mixin.py:190} INFO - [2026-05-04T11:36:14.820+0000] {dagbag.py:588} INFO - Filling up the DagBag from /opt/airflow/dags/main.py
[2026-05-04T11:36:15.029+0000] {processor.py:925} INFO - DAG(s) 'kafka_to_s3' retrieved from /opt/airflow/dags/main.py
[2026-05-04T11:36:15.372+0000] {logging_mixin.py:190} INFO - [2026-05-04T11:36:15.372+0000] {dag.py:3239} INFO - Sync 1 DAGs
[2026-05-04T11:36:15.408+0000] {logging_mixin.py:190} INFO - [2026-05-04T11:36:15.408+0000] {dag.py:4180} INFO - Setting next_dagrun for kafka_to_s3 to 2026-05-04 00:00:00+00:00, run_after=2026-05-05 00:00:00+00:00
[2026-05-04T11:36:15.438+0000] {processor.py:208} INFO - Processing /opt/airflow/dags/main.py took 0.632 seconds
[2026-05-04T11:36:45.564+0000] {processor.py:186} INFO - Started process (PID=397) to work on /opt/airflow/dags/main.py
[2026-05-04T11:36:45.566+0000] {processor.py:914} INFO - Processing file /opt/airflow/dags/main.py for tasks to queue
[2026-05-04T11:36:45.571+0000] {logging_mixin.py:190} INFO - [2026-05-04T11:36:45.570+0000] {dagbag.py:588} INFO - Filling up the DagBag from /opt/airflow/dags/main.py
[2026-05-04T11:36:46.021+0000] {processor.py:925} INFO - DAG(s) 'kafka_to_s3' retrieved from /opt/airflow/dags/main.py
[2026-05-04T11:36:46.056+0000] {logging_mixin.py:190} INFO - [2026-05-04T11:36:46.055+0000] {dag.py:3239} INFO - Sync 1 DAGs
[2026-05-04T11:36:46.084+0000] {logging_mixin.py:190} INFO - [2026-05-04T11:36:46.084+0000] {dag.py:4180} INFO - Setting next_dagrun for kafka_to_s3 to 2026-05-04 00:00:00+00:00, run_after=2026-05-05 00:00:00+00:00
[2026-05-04T11:36:46.111+0000] {processor.py:208} INFO - Processing /opt/airflow/dags/main.py took 0.554 seconds
[2026-05-04T11:37:16.541+0000] {processor.py:186} INFO - Started process (PID=404) to work on /opt/airflow/dags/main.py
[2026-05-04T11:37:16.544+0000] {processor.py:914} INFO - Processing file /opt/airflow/dags/main.py for tasks to queue
[2026-05-04T11:37:16.553+0000] {logging_mixin.py:190} INFO - [2026-05-04T11:37:16.553+0000] {dagbag.py:588} INFO - Filling up the DagBag from /opt/airflow/dags/main.py
[2026-05-04T11:37:17.125+0000] {processor.py:925} INFO - DAG(s) 'kafka_to_s3' retrieved from /opt/airflow/dags/main.py
[2026-05-04T11:37:17.165+0000] {logging_mixin.py:190} INFO - [2026-05-04T11:37:17.165+0000] {dag.py:3239} INFO - Sync 1 DAGs
[2026-05-04T11:37:17.198+0000] {logging_mixin.py:190} INFO - [2026-05-04T11:37:17.197+0000] {dag.py:4180} INFO - Setting next_dagrun for kafka_to_s3 to 2026-05-04 00:00:00+00:00, run_after=2026-05-05 00:00:00+00:00
[2026-05-04T11:37:17.228+0000] {processor.py:208} INFO - Processing /opt/airflow/dags/main.py took 0.702 seconds
[2026-05-04T11:37:47.449+0000] {processor.py:186} INFO - Started process (PID=411) to work on /opt/airflow/dags/main.py
[2026-05-04T11:37:47.450+0000] {processor.py:914} INFO - Processing file /opt/airflow/dags/main.py for tasks to queue
[2026-05-04T11:37:47.454+0000] {logging_mixin.py:190} INFO - [2026-05-04T11:37:47.454+0000] {dagbag.py:588} INFO - Filling up the DagBag from /opt/airflow/dags/main.py
[2026-05-04T11:37:47.593+0000] {processor.py:925} INFO - DAG(s) 'kafka_to_s3' retrieved from /opt/airflow/dags/main.py
[2026-05-04T11:37:47.623+0000] {logging_mixin.py:190} INFO - [2026-05-04T11:37:47.623+0000] {dag.py:3239} INFO - Sync 1 DAGs
[2026-05-04T11:37:47.864+0000] {logging_mixin.py:190} INFO - [2026-05-04T11:37:47.863+0000] {dag.py:4180} INFO - Setting next_dagrun for kafka_to_s3 to 2026-05-04 00:00:00+00:00, run_after=2026-05-05 00:00:00+00:00
[2026-05-04T11:37:47.884+0000] {processor.py:208} INFO - Processing /opt/airflow/dags/main.py took 0.443 seconds
[2026-05-04T11:38:18.198+0000] {processor.py:186} INFO - Started process (PID=418) to work on /opt/airflow/dags/main.py
[2026-05-04T11:38:18.200+0000] {processor.py:914} INFO - Processing file /opt/airflow/dags/main.py for tasks to queue
[2026-05-04T11:38:18.203+0000] {logging_mixin.py:190} INFO - [2026-05-04T11:38:18.202+0000] {dagbag.py:588} INFO - Filling up the DagBag from /opt/airflow/dags/main.py
[2026-05-04T11:38:18.377+0000] {processor.py:925} INFO - DAG(s) 'kafka_to_s3' retrieved from /opt/airflow/dags/main.py
[2026-05-04T11:38:18.416+0000] {logging_mixin.py:190} INFO - [2026-05-04T11:38:18.415+0000] {dag.py:3239} INFO - Sync 1 DAGs
[2026-05-04T11:38:18.768+0000] {logging_mixin.py:190} INFO - [2026-05-04T11:38:18.768+0000] {dag.py:4180} INFO - Setting next_dagrun for kafka_to_s3 to 2026-05-04 00:00:00+00:00, run_after=2026-05-05 00:00:00+00:00
[2026-05-04T11:38:18.799+0000] {processor.py:208} INFO - Processing /opt/airflow/dags/main.py took 0.612 seconds
[2026-05-04T11:38:49.169+0000] {processor.py:186} INFO - Started process (PID=425) to work on /opt/airflow/dags/main.py
[2026-05-04T11:38:49.170+0000] {processor.py:914} INFO - Processing file /opt/airflow/dags/main.py for tasks to queue
[2026-05-04T11:38:49.173+0000] {logging_mixin.py:190} INFO - [2026-05-04T11:38:49.173+0000] {dagbag.py:588} INFO - Filling up the DagBag from /opt/airflow/dags/main.py
[2026-05-04T11:38:49.307+0000] {processor.py:925} INFO - DAG(s) 'kafka_to_s3' retrieved from /opt/airflow/dags/main.py
[2026-05-04T11:38:49.534+0000] {logging_mixin.py:190} INFO - [2026-05-04T11:38:49.534+0000] {dag.py:3239} INFO - Sync 1 DAGs
[2026-05-04T11:38:49.561+0000] {logging_mixin.py:190} INFO - [2026-05-04T11:38:49.561+0000] {dag.py:4180} INFO - Setting next_dagrun for kafka_to_s3 to 2026-05-04 00:00:00+00:00, run_after=2026-05-05 00:00:00+00:00
[2026-05-04T11:38:49.582+0000] {processor.py:208} INFO - Processing /opt/airflow/dags/main.py took 0.420 seconds
[2026-05-04T11:39:19.904+0000] {processor.py:186} INFO - Started process (PID=432) to work on /opt/airflow/dags/main.py
[2026-05-04T11:39:19.905+0000] {processor.py:914} INFO - Processing file /opt/airflow/dags/main.py for tasks to queue
[2026-05-04T11:39:19.908+0000] {logging_mixin.py:190} INFO - [2026-05-04T11:39:19.908+0000] {dagbag.py:588} INFO - Filling up the DagBag from /opt/airflow/dags/main.py
[2026-05-04T11:39:20.038+0000] {processor.py:925} INFO - DAG(s) 'kafka_to_s3' retrieved from /opt/airflow/dags/main.py
[2026-05-04T11:39:20.265+0000] {logging_mixin.py:190} INFO - [2026-05-04T11:39:20.264+0000] {dag.py:3239} INFO - Sync 1 DAGs
[2026-05-04T11:39:20.289+0000] {logging_mixin.py:190} INFO - [2026-05-04T11:39:20.289+0000] {dag.py:4180} INFO - Setting next_dagrun for kafka_to_s3 to 2026-05-04 00:00:00+00:00, run_after=2026-05-05 00:00:00+00:00
[2026-05-04T11:39:20.311+0000] {processor.py:208} INFO - Processing /opt/airflow/dags/main.py took 0.413 seconds
[2026-05-04T11:39:50.776+0000] {processor.py:186} INFO - Started process (PID=439) to work on /opt/airflow/dags/main.py
[2026-05-04T11:39:50.778+0000] {processor.py:914} INFO - Processing file /opt/airflow/dags/main.py for tasks to queue
[2026-05-04T11:39:50.781+0000] {logging_mixin.py:190} INFO - [2026-05-04T11:39:50.780+0000] {dagbag.py:588} INFO - Filling up the DagBag from /opt/airflow/dags/main.py
[2026-05-04T11:39:51.093+0000] {processor.py:925} INFO - DAG(s) 'kafka_to_s3' retrieved from /opt/airflow/dags/main.py
[2026-05-04T11:39:51.118+0000] {logging_mixin.py:190} INFO - [2026-05-04T11:39:51.118+0000] {dag.py:3239} INFO - Sync 1 DAGs
[2026-05-04T11:39:51.141+0000] {logging_mixin.py:190} INFO - [2026-05-04T11:39:51.141+0000] {dag.py:4180} INFO - Setting next_dagrun for kafka_to_s3 to 2026-05-04 00:00:00+00:00, run_after=2026-05-05 00:00:00+00:00
[2026-05-04T11:39:51.164+0000] {processor.py:208} INFO - Processing /opt/airflow/dags/main.py took 0.394 seconds
[2026-05-04T11:40:21.245+0000] {processor.py:186} INFO - Started process (PID=446) to work on /opt/airflow/dags/main.py
[2026-05-04T11:40:21.246+0000] {processor.py:914} INFO - Processing file /opt/airflow/dags/main.py for tasks to queue
[2026-05-04T11:40:21.250+0000] {logging_mixin.py:190} INFO - [2026-05-04T11:40:21.250+0000] {dagbag.py:588} INFO - Filling up the DagBag from /opt/airflow/dags/main.py
[2026-05-04T11:40:21.672+0000] {processor.py:925} INFO - DAG(s) 'kafka_to_s3' retrieved from /opt/airflow/dags/main.py
[2026-05-04T11:40:21.710+0000] {logging_mixin.py:190} INFO - [2026-05-04T11:40:21.709+0000] {dag.py:3239} INFO - Sync 1 DAGs
[2026-05-04T11:40:21.745+0000] {logging_mixin.py:190} INFO - [2026-05-04T11:40:21.745+0000] {dag.py:4180} INFO - Setting next_dagrun for kafka_to_s3 to 2026-05-04 00:00:00+00:00, run_after=2026-05-05 00:00:00+00:00
[2026-05-04T11:40:21.778+0000] {processor.py:208} INFO - Processing /opt/airflow/dags/main.py took 0.543 seconds
[2026-05-04T11:40:52.038+0000] {processor.py:186} INFO - Started process (PID=453) to work on /opt/airflow/dags/main.py
[2026-05-04T11:40:52.041+0000] {processor.py:914} INFO - Processing file /opt/airflow/dags/main.py for tasks to queue
[2026-05-04T11:40:52.048+0000] {logging_mixin.py:190} INFO - [2026-05-04T11:40:52.047+0000] {dagbag.py:588} INFO - Filling up the DagBag from /opt/airflow/dags/main.py
[2026-05-04T11:40:52.223+0000] {processor.py:925} INFO - DAG(s) 'kafka_to_s3' retrieved from /opt/airflow/dags/main.py
[2026-05-04T11:40:52.268+0000] {logging_mixin.py:190} INFO - [2026-05-04T11:40:52.268+0000] {dag.py:3239} INFO - Sync 1 DAGs
[2026-05-04T11:40:52.487+0000] {logging_mixin.py:190} INFO - [2026-05-04T11:40:52.487+0000] {dag.py:4180} INFO - Setting next_dagrun for kafka_to_s3 to 2026-05-04 00:00:00+00:00, run_after=2026-05-05 00:00:00+00:00
[2026-05-04T11:40:52.509+0000] {processor.py:208} INFO - Processing /opt/airflow/dags/main.py took 0.488 seconds
[2026-05-04T11:41:22.880+0000] {processor.py:186} INFO - Started process (PID=460) to work on /opt/airflow/dags/main.py
[2026-05-04T11:41:22.882+0000] {processor.py:914} INFO - Processing file /opt/airflow/dags/main.py for tasks to queue
[2026-05-04T11:41:22.887+0000] {logging_mixin.py:190} INFO - [2026-05-04T11:41:22.887+0000] {dagbag.py:588} INFO - Filling up the DagBag from /opt/airflow/dags/main.py
[2026-05-04T11:41:23.057+0000] {processor.py:925} INFO - DAG(s) 'kafka_to_s3' retrieved from /opt/airflow/dags/main.py
[2026-05-04T11:41:23.095+0000] {logging_mixin.py:190} INFO - [2026-05-04T11:41:23.095+0000] {dag.py:3239} INFO - Sync 1 DAGs
[2026-05-04T11:41:23.372+0000] {logging_mixin.py:190} INFO - [2026-05-04T11:41:23.372+0000] {dag.py:4180} INFO - Setting next_dagrun for kafka_to_s3 to 2026-05-04 00:00:00+00:00, run_after=2026-05-05 00:00:00+00:00
[2026-05-04T11:41:23.401+0000] {processor.py:208} INFO - Processing /opt/airflow/dags/main.py took 0.535 seconds
[2026-05-04T11:41:53.837+0000] {processor.py:186} INFO - Started process (PID=468) to work on /opt/airflow/dags/main.py
[2026-05-04T11:41:53.839+0000] {processor.py:914} INFO - Processing file /opt/airflow/dags/main.py for tasks to queue
[2026-05-04T11:41:53.843+0000] {logging_mixin.py:190} INFO - [2026-05-04T11:41:53.843+0000] {dagbag.py:588} INFO - Filling up the DagBag from /opt/airflow/dags/main.py
[2026-05-04T11:41:53.976+0000] {processor.py:925} INFO - DAG(s) 'kafka_to_s3' retrieved from /opt/airflow/dags/main.py
[2026-05-04T11:41:54.189+0000] {logging_mixin.py:190} INFO - [2026-05-04T11:41:54.189+0000] {dag.py:3239} INFO - Sync 1 DAGs
[2026-05-04T11:41:54.215+0000] {logging_mixin.py:190} INFO - [2026-05-04T11:41:54.215+0000] {dag.py:4180} INFO - Setting next_dagrun for kafka_to_s3 to 2026-05-04 00:00:00+00:00, run_after=2026-05-05 00:00:00+00:00
[2026-05-04T11:41:54.233+0000] {processor.py:208} INFO - Processing /opt/airflow/dags/main.py took 0.404 seconds
[2026-05-04T11:42:24.502+0000] {processor.py:186} INFO - Started process (PID=475) to work on /opt/airflow/dags/main.py
[2026-05-04T11:42:24.503+0000] {processor.py:914} INFO - Processing file /opt/airflow/dags/main.py for tasks to queue
[2026-05-04T11:42:24.507+0000] {logging_mixin.py:190} INFO - [2026-05-04T11:42:24.507+0000] {dagbag.py:588} INFO - Filling up the DagBag from /opt/airflow/dags/main.py
[2026-05-04T11:42:24.931+0000] {processor.py:925} INFO - DAG(s) 'kafka_to_s3' retrieved from /opt/airflow/dags/main.py
[2026-05-04T11:42:24.968+0000] {logging_mixin.py:190} INFO - [2026-05-04T11:42:24.967+0000] {dag.py:3239} INFO - Sync 1 DAGs
[2026-05-04T11:42:24.999+0000] {logging_mixin.py:190} INFO - [2026-05-04T11:42:24.999+0000] {dag.py:4180} INFO - Setting next_dagrun for kafka_to_s3 to 2026-05-04 00:00:00+00:00, run_after=2026-05-05 00:00:00+00:00
[2026-05-04T11:42:25.027+0000] {processor.py:208} INFO - Processing /opt/airflow/dags/main.py took 0.535 seconds
[2026-05-04T11:42:55.436+0000] {processor.py:186} INFO - Started process (PID=482) to work on /opt/airflow/dags/main.py
[2026-05-04T11:42:55.438+0000] {processor.py:914} INFO - Processing file /opt/airflow/dags/main.py for tasks to queue
[2026-05-04T11:42:55.440+0000] {logging_mixin.py:190} INFO - [2026-05-04T11:42:55.440+0000] {dagbag.py:588} INFO - Filling up the DagBag from /opt/airflow/dags/main.py
[2026-05-04T11:42:55.819+0000] {processor.py:925} INFO - DAG(s) 'kafka_to_s3' retrieved from /opt/airflow/dags/main.py
[2026-05-04T11:42:55.865+0000] {logging_mixin.py:190} INFO - [2026-05-04T11:42:55.865+0000] {dag.py:3239} INFO - Sync 1 DAGs
[2026-05-04T11:42:55.895+0000] {logging_mixin.py:190} INFO - [2026-05-04T11:42:55.895+0000] {dag.py:4180} INFO - Setting next_dagrun for kafka_to_s3 to 2026-05-04 00:00:00+00:00, run_after=2026-05-05 00:00:00+00:00
[2026-05-04T11:42:55.926+0000] {processor.py:208} INFO - Processing /opt/airflow/dags/main.py took 0.497 seconds
[2026-05-04T11:43:26.270+0000] {processor.py:186} INFO - Started process (PID=489) to work on /opt/airflow/dags/main.py
[2026-05-04T11:43:26.271+0000] {processor.py:914} INFO - Processing file /opt/airflow/dags/main.py for tasks to queue
[2026-05-04T11:43:26.274+0000] {logging_mixin.py:190} INFO - [2026-05-04T11:43:26.274+0000] {dagbag.py:588} INFO - Filling up the DagBag from /opt/airflow/dags/main.py
[2026-05-04T11:43:26.615+0000] {processor.py:925} INFO - DAG(s) 'kafka_to_s3' retrieved from /opt/airflow/dags/main.py
[2026-05-04T11:43:26.639+0000] {logging_mixin.py:190} INFO - [2026-05-04T11:43:26.639+0000] {dag.py:3239} INFO - Sync 1 DAGs
[2026-05-04T11:43:26.664+0000] {logging_mixin.py:190} INFO - [2026-05-04T11:43:26.664+0000] {dag.py:4180} INFO - Setting next_dagrun for kafka_to_s3 to 2026-05-04 00:00:00+00:00, run_after=2026-05-05 00:00:00+00:00
[2026-05-04T11:43:26.688+0000] {processor.py:208} INFO - Processing /opt/airflow/dags/main.py took 0.425 seconds
[2026-05-04T12:52:15.418+0000] {processor.py:186} INFO - Started process (PID=69) to work on /opt/airflow/dags/main.py
[2026-05-04T12:52:15.429+0000] {processor.py:914} INFO - Processing file /opt/airflow/dags/main.py for tasks to queue
[2026-05-04T12:52:15.439+0000] {logging_mixin.py:190} INFO - [2026-05-04T12:52:15.437+0000] {dagbag.py:588} INFO - Filling up the DagBag from /opt/airflow/dags/main.py
[2026-05-04T12:52:18.051+0000] {processor.py:925} INFO - DAG(s) 'kafka_to_s3' retrieved from /opt/airflow/dags/main.py
[2026-05-04T12:52:18.260+0000] {logging_mixin.py:190} INFO - [2026-05-04T12:52:18.258+0000] {dag.py:3239} INFO - Sync 1 DAGs
[2026-05-04T12:52:18.412+0000] {logging_mixin.py:190} INFO - [2026-05-04T12:52:18.412+0000] {dag.py:4180} INFO - Setting next_dagrun for kafka_to_s3 to 2026-05-04 00:00:00+00:00, run_after=2026-05-05 00:00:00+00:00
[2026-05-04T12:52:18.529+0000] {processor.py:208} INFO - Processing /opt/airflow/dags/main.py took 3.219 seconds
[2026-05-04T12:52:48.898+0000] {processor.py:186} INFO - Started process (PID=77) to work on /opt/airflow/dags/main.py
[2026-05-04T12:52:48.902+0000] {processor.py:914} INFO - Processing file /opt/airflow/dags/main.py for tasks to queue
[2026-05-04T12:52:48.910+0000] {logging_mixin.py:190} INFO - [2026-05-04T12:52:48.909+0000] {dagbag.py:588} INFO - Filling up the DagBag from /opt/airflow/dags/main.py
[2026-05-04T12:52:49.142+0000] {processor.py:925} INFO - DAG(s) 'kafka_to_s3' retrieved from /opt/airflow/dags/main.py
[2026-05-04T12:52:49.188+0000] {logging_mixin.py:190} INFO - [2026-05-04T12:52:49.187+0000] {dag.py:3239} INFO - Sync 1 DAGs
[2026-05-04T12:52:49.227+0000] {logging_mixin.py:190} INFO - [2026-05-04T12:52:49.227+0000] {dag.py:4180} INFO - Setting next_dagrun for kafka_to_s3 to 2026-05-04 00:00:00+00:00, run_after=2026-05-05 00:00:00+00:00
[2026-05-04T12:52:49.264+0000] {processor.py:208} INFO - Processing /opt/airflow/dags/main.py took 0.399 seconds
[2026-05-04T12:53:19.913+0000] {processor.py:186} INFO - Started process (PID=84) to work on /opt/airflow/dags/main.py
[2026-05-04T12:53:19.915+0000] {processor.py:914} INFO - Processing file /opt/airflow/dags/main.py for tasks to queue
[2026-05-04T12:53:19.919+0000] {logging_mixin.py:190} INFO - [2026-05-04T12:53:19.918+0000] {dagbag.py:588} INFO - Filling up the DagBag from /opt/airflow/dags/main.py
[2026-05-04T12:53:20.169+0000] {processor.py:925} INFO - DAG(s) 'kafka_to_s3' retrieved from /opt/airflow/dags/main.py
[2026-05-04T12:53:20.221+0000] {logging_mixin.py:190} INFO - [2026-05-04T12:53:20.220+0000] {dag.py:3239} INFO - Sync 1 DAGs
[2026-05-04T12:53:20.263+0000] {logging_mixin.py:190} INFO - [2026-05-04T12:53:20.263+0000] {dag.py:4180} INFO - Setting next_dagrun for kafka_to_s3 to 2026-05-04 00:00:00+00:00, run_after=2026-05-05 00:00:00+00:00
[2026-05-04T12:53:20.295+0000] {processor.py:208} INFO - Processing /opt/airflow/dags/main.py took 0.392 seconds
[2026-05-04T12:53:50.637+0000] {processor.py:186} INFO - Started process (PID=91) to work on /opt/airflow/dags/main.py
[2026-05-04T12:53:50.639+0000] {processor.py:914} INFO - Processing file /opt/airflow/dags/main.py for tasks to queue
[2026-05-04T12:53:50.645+0000] {logging_mixin.py:190} INFO - [2026-05-04T12:53:50.644+0000] {dagbag.py:588} INFO - Filling up the DagBag from /opt/airflow/dags/main.py
[2026-05-04T12:53:50.852+0000] {processor.py:925} INFO - DAG(s) 'kafka_to_s3' retrieved from /opt/airflow/dags/main.py
[2026-05-04T12:53:50.900+0000] {logging_mixin.py:190} INFO - [2026-05-04T12:53:50.900+0000] {dag.py:3239} INFO - Sync 1 DAGs
[2026-05-04T12:53:50.956+0000] {logging_mixin.py:190} INFO - [2026-05-04T12:53:50.956+0000] {dag.py:4180} INFO - Setting next_dagrun for kafka_to_s3 to 2026-05-04 00:00:00+00:00, run_after=2026-05-05 00:00:00+00:00
[2026-05-04T12:53:51.011+0000] {processor.py:208} INFO - Processing /opt/airflow/dags/main.py took 0.385 seconds
[2026-05-04T12:54:21.207+0000] {processor.py:186} INFO - Started process (PID=98) to work on /opt/airflow/dags/main.py
[2026-05-04T12:54:21.209+0000] {processor.py:914} INFO - Processing file /opt/airflow/dags/main.py for tasks to queue
[2026-05-04T12:54:21.213+0000] {logging_mixin.py:190} INFO - [2026-05-04T12:54:21.212+0000] {dagbag.py:588} INFO - Filling up the DagBag from /opt/airflow/dags/main.py
[2026-05-04T12:54:21.382+0000] {processor.py:925} INFO - DAG(s) 'kafka_to_s3' retrieved from /opt/airflow/dags/main.py
[2026-05-04T12:54:21.426+0000] {logging_mixin.py:190} INFO - [2026-05-04T12:54:21.426+0000] {dag.py:3239} INFO - Sync 1 DAGs
[2026-05-04T12:54:21.473+0000] {logging_mixin.py:190} INFO - [2026-05-04T12:54:21.472+0000] {dag.py:4180} INFO - Setting next_dagrun for kafka_to_s3 to 2026-05-04 00:00:00+00:00, run_after=2026-05-05 00:00:00+00:00
[2026-05-04T12:54:21.512+0000] {processor.py:208} INFO - Processing /opt/airflow/dags/main.py took 0.316 seconds
[2026-05-04T12:54:51.761+0000] {processor.py:186} INFO - Started process (PID=105) to work on /opt/airflow/dags/main.py
[2026-05-04T12:54:51.765+0000] {processor.py:914} INFO - Processing file /opt/airflow/dags/main.py for tasks to queue
[2026-05-04T12:54:51.773+0000] {logging_mixin.py:190} INFO - [2026-05-04T12:54:51.772+0000] {dagbag.py:588} INFO - Filling up the DagBag from /opt/airflow/dags/main.py
[2026-05-04T12:54:52.093+0000] {processor.py:925} INFO - DAG(s) 'kafka_to_s3' retrieved from /opt/airflow/dags/main.py
[2026-05-04T12:54:52.140+0000] {logging_mixin.py:190} INFO - [2026-05-04T12:54:52.140+0000] {dag.py:3239} INFO - Sync 1 DAGs
[2026-05-04T12:54:52.189+0000] {logging_mixin.py:190} INFO - [2026-05-04T12:54:52.189+0000] {dag.py:4180} INFO - Setting next_dagrun for kafka_to_s3 to 2026-05-04 00:00:00+00:00, run_after=2026-05-05 00:00:00+00:00
[2026-05-04T12:54:52.228+0000] {processor.py:208} INFO - Processing /opt/airflow/dags/main.py took 0.506 seconds
[2026-05-04T12:55:22.431+0000] {processor.py:186} INFO - Started process (PID=112) to work on /opt/airflow/dags/main.py
[2026-05-04T12:55:22.433+0000] {processor.py:914} INFO - Processing file /opt/airflow/dags/main.py for tasks to queue
[2026-05-04T12:55:22.437+0000] {logging_mixin.py:190} INFO - [2026-05-04T12:55:22.437+0000] {dagbag.py:588} INFO - Filling up the DagBag from /opt/airflow/dags/main.py
[2026-05-04T12:55:22.676+0000] {processor.py:925} INFO - DAG(s) 'kafka_to_s3' retrieved from /opt/airflow/dags/main.py
[2026-05-04T12:55:22.716+0000] {logging_mixin.py:190} INFO - [2026-05-04T12:55:22.716+0000] {dag.py:3239} INFO - Sync 1 DAGs
[2026-05-04T12:55:22.753+0000] {logging_mixin.py:190} INFO - [2026-05-04T12:55:22.752+0000] {dag.py:4180} INFO - Setting next_dagrun for kafka_to_s3 to 2026-05-04 00:00:00+00:00, run_after=2026-05-05 00:00:00+00:00
[2026-05-04T12:55:22.782+0000] {processor.py:208} INFO - Processing /opt/airflow/dags/main.py took 0.362 seconds
[2026-05-04T12:55:53.516+0000] {processor.py:186} INFO - Started process (PID=119) to work on /opt/airflow/dags/main.py
[2026-05-04T12:55:53.520+0000] {processor.py:914} INFO - Processing file /opt/airflow/dags/main.py for tasks to queue
[2026-05-04T12:55:53.528+0000] {logging_mixin.py:190} INFO - [2026-05-04T12:55:53.527+0000] {dagbag.py:588} INFO - Filling up the DagBag from /opt/airflow/dags/main.py
[2026-05-04T12:55:53.787+0000] {processor.py:925} INFO - DAG(s) 'kafka_to_s3' retrieved from /opt/airflow/dags/main.py
[2026-05-04T12:55:53.848+0000] {logging_mixin.py:190} INFO - [2026-05-04T12:55:53.848+0000] {dag.py:3239} INFO - Sync 1 DAGs
[2026-05-04T12:55:53.888+0000] {logging_mixin.py:190} INFO - [2026-05-04T12:55:53.888+0000] {dag.py:4180} INFO - Setting next_dagrun for kafka_to_s3 to 2026-05-04 00:00:00+00:00, run_after=2026-05-05 00:00:00+00:00
[2026-05-04T12:55:54.179+0000] {processor.py:208} INFO - Processing /opt/airflow/dags/main.py took 0.706 seconds
[2026-05-04T12:56:24.749+0000] {processor.py:186} INFO - Started process (PID=125) to work on /opt/airflow/dags/main.py
[2026-05-04T12:56:24.751+0000] {processor.py:914} INFO - Processing file /opt/airflow/dags/main.py for tasks to queue
[2026-05-04T12:56:24.756+0000] {logging_mixin.py:190} INFO - [2026-05-04T12:56:24.755+0000] {dagbag.py:588} INFO - Filling up the DagBag from /opt/airflow/dags/main.py
[2026-05-04T12:56:24.954+0000] {processor.py:925} INFO - DAG(s) 'kafka_to_s3' retrieved from /opt/airflow/dags/main.py
[2026-05-04T12:56:24.995+0000] {logging_mixin.py:190} INFO - [2026-05-04T12:56:24.994+0000] {dag.py:3239} INFO - Sync 1 DAGs
[2026-05-04T12:56:25.292+0000] {logging_mixin.py:190} INFO - [2026-05-04T12:56:25.292+0000] {dag.py:4180} INFO - Setting next_dagrun for kafka_to_s3 to 2026-05-04 00:00:00+00:00, run_after=2026-05-05 00:00:00+00:00
[2026-05-04T12:56:25.324+0000] {processor.py:208} INFO - Processing /opt/airflow/dags/main.py took 0.590 seconds
[2026-05-04T12:56:55.923+0000] {processor.py:186} INFO - Started process (PID=132) to work on /opt/airflow/dags/main.py
[2026-05-04T12:56:55.926+0000] {processor.py:914} INFO - Processing file /opt/airflow/dags/main.py for tasks to queue
[2026-05-04T12:56:55.936+0000] {logging_mixin.py:190} INFO - [2026-05-04T12:56:55.934+0000] {dagbag.py:588} INFO - Filling up the DagBag from /opt/airflow/dags/main.py
[2026-05-04T12:56:56.164+0000] {processor.py:925} INFO - DAG(s) 'kafka_to_s3' retrieved from /opt/airflow/dags/main.py
[2026-05-04T12:56:56.214+0000] {logging_mixin.py:190} INFO - [2026-05-04T12:56:56.214+0000] {dag.py:3239} INFO - Sync 1 DAGs
[2026-05-04T12:56:56.479+0000] {logging_mixin.py:190} INFO - [2026-05-04T12:56:56.479+0000] {dag.py:4180} INFO - Setting next_dagrun for kafka_to_s3 to 2026-05-04 00:00:00+00:00, run_after=2026-05-05 00:00:00+00:00
[2026-05-04T12:56:56.510+0000] {processor.py:208} INFO - Processing /opt/airflow/dags/main.py took 0.600 seconds
[2026-05-04T12:57:26.805+0000] {processor.py:186} INFO - Started process (PID=139) to work on /opt/airflow/dags/main.py
[2026-05-04T12:57:26.807+0000] {processor.py:914} INFO - Processing file /opt/airflow/dags/main.py for tasks to queue
[2026-05-04T12:57:26.810+0000] {logging_mixin.py:190} INFO - [2026-05-04T12:57:26.810+0000] {dagbag.py:588} INFO - Filling up the DagBag from /opt/airflow/dags/main.py
[2026-05-04T12:57:27.066+0000] {processor.py:925} INFO - DAG(s) 'kafka_to_s3' retrieved from /opt/airflow/dags/main.py
[2026-05-04T12:57:27.606+0000] {logging_mixin.py:190} INFO - [2026-05-04T12:57:27.605+0000] {dag.py:3239} INFO - Sync 1 DAGs
[2026-05-04T12:57:27.641+0000] {logging_mixin.py:190} INFO - [2026-05-04T12:57:27.641+0000] {dag.py:4180} INFO - Setting next_dagrun for kafka_to_s3 to 2026-05-04 00:00:00+00:00, run_after=2026-05-05 00:00:00+00:00
[2026-05-04T12:57:27.679+0000] {processor.py:208} INFO - Processing /opt/airflow/dags/main.py took 0.888 seconds
[2026-05-04T12:57:58.209+0000] {processor.py:186} INFO - Started process (PID=146) to work on /opt/airflow/dags/main.py
[2026-05-04T12:57:58.212+0000] {processor.py:914} INFO - Processing file /opt/airflow/dags/main.py for tasks to queue
[2026-05-04T12:57:58.218+0000] {logging_mixin.py:190} INFO - [2026-05-04T12:57:58.217+0000] {dagbag.py:588} INFO - Filling up the DagBag from /opt/airflow/dags/main.py
[2026-05-04T12:57:58.439+0000] {processor.py:925} INFO - DAG(s) 'kafka_to_s3' retrieved from /opt/airflow/dags/main.py
[2026-05-04T12:57:58.893+0000] {logging_mixin.py:190} INFO - [2026-05-04T12:57:58.893+0000] {dag.py:3239} INFO - Sync 1 DAGs
[2026-05-04T12:57:58.929+0000] {logging_mixin.py:190} INFO - [2026-05-04T12:57:58.929+0000] {dag.py:4180} INFO - Setting next_dagrun for kafka_to_s3 to 2026-05-04 00:00:00+00:00, run_after=2026-05-05 00:00:00+00:00
[2026-05-04T12:57:58.965+0000] {processor.py:208} INFO - Processing /opt/airflow/dags/main.py took 0.773 seconds
[2026-05-04T12:58:29.667+0000] {processor.py:186} INFO - Started process (PID=153) to work on /opt/airflow/dags/main.py
[2026-05-04T12:58:29.669+0000] {processor.py:914} INFO - Processing file /opt/airflow/dags/main.py for tasks to queue
[2026-05-04T12:58:29.674+0000] {logging_mixin.py:190} INFO - [2026-05-04T12:58:29.673+0000] {dagbag.py:588} INFO - Filling up the DagBag from /opt/airflow/dags/main.py
[2026-05-04T12:58:30.136+0000] {processor.py:925} INFO - DAG(s) 'kafka_to_s3' retrieved from /opt/airflow/dags/main.py
[2026-05-04T12:58:30.175+0000] {logging_mixin.py:190} INFO - [2026-05-04T12:58:30.174+0000] {dag.py:3239} INFO - Sync 1 DAGs
[2026-05-04T12:58:30.209+0000] {logging_mixin.py:190} INFO - [2026-05-04T12:58:30.209+0000] {dag.py:4180} INFO - Setting next_dagrun for kafka_to_s3 to 2026-05-04 00:00:00+00:00, run_after=2026-05-05 00:00:00+00:00
[2026-05-04T12:58:30.248+0000] {processor.py:208} INFO - Processing /opt/airflow/dags/main.py took 0.594 seconds
[2026-05-04T12:59:00.875+0000] {processor.py:186} INFO - Started process (PID=160) to work on /opt/airflow/dags/main.py
[2026-05-04T12:59:00.878+0000] {processor.py:914} INFO - Processing file /opt/airflow/dags/main.py for tasks to queue
[2026-05-04T12:59:00.885+0000] {logging_mixin.py:190} INFO - [2026-05-04T12:59:00.884+0000] {dagbag.py:588} INFO - Filling up the DagBag from /opt/airflow/dags/main.py
[2026-05-04T12:59:01.147+0000] {processor.py:925} INFO - DAG(s) 'kafka_to_s3' retrieved from /opt/airflow/dags/main.py
[2026-05-04T12:59:01.212+0000] {logging_mixin.py:190} INFO - [2026-05-04T12:59:01.211+0000] {dag.py:3239} INFO - Sync 1 DAGs
[2026-05-04T12:59:01.272+0000] {logging_mixin.py:190} INFO - [2026-05-04T12:59:01.272+0000] {dag.py:4180} INFO - Setting next_dagrun for kafka_to_s3 to 2026-05-04 00:00:00+00:00, run_after=2026-05-05 00:00:00+00:00
[2026-05-04T12:59:01.627+0000] {processor.py:208} INFO - Processing /opt/airflow/dags/main.py took 0.767 seconds
[2026-05-04T12:59:32.035+0000] {processor.py:186} INFO - Started process (PID=166) to work on /opt/airflow/dags/main.py
[2026-05-04T12:59:32.037+0000] {processor.py:914} INFO - Processing file /opt/airflow/dags/main.py for tasks to queue
[2026-05-04T12:59:32.043+0000] {logging_mixin.py:190} INFO - [2026-05-04T12:59:32.042+0000] {dagbag.py:588} INFO - Filling up the DagBag from /opt/airflow/dags/main.py
[2026-05-04T12:59:32.345+0000] {processor.py:925} INFO - DAG(s) 'kafka_to_s3' retrieved from /opt/airflow/dags/main.py
[2026-05-04T12:59:32.405+0000] {logging_mixin.py:190} INFO - [2026-05-04T12:59:32.404+0000] {dag.py:3239} INFO - Sync 1 DAGs
[2026-05-04T12:59:32.679+0000] {logging_mixin.py:190} INFO - [2026-05-04T12:59:32.678+0000] {dag.py:4180} INFO - Setting next_dagrun for kafka_to_s3 to 2026-05-04 00:00:00+00:00, run_after=2026-05-05 00:00:00+00:00
[2026-05-04T12:59:32.712+0000] {processor.py:208} INFO - Processing /opt/airflow/dags/main.py took 0.687 seconds
[2026-05-04T13:00:03.246+0000] {processor.py:186} INFO - Started process (PID=172) to work on /opt/airflow/dags/main.py
[2026-05-04T13:00:03.249+0000] {processor.py:914} INFO - Processing file /opt/airflow/dags/main.py for tasks to queue
[2026-05-04T13:00:03.254+0000] {logging_mixin.py:190} INFO - [2026-05-04T13:00:03.254+0000] {dagbag.py:588} INFO - Filling up the DagBag from /opt/airflow/dags/main.py
[2026-05-04T13:00:03.463+0000] {processor.py:925} INFO - DAG(s) 'kafka_to_s3' retrieved from /opt/airflow/dags/main.py
[2026-05-04T13:00:03.507+0000] {logging_mixin.py:190} INFO - [2026-05-04T13:00:03.507+0000] {dag.py:3239} INFO - Sync 1 DAGs
[2026-05-04T13:00:03.830+0000] {logging_mixin.py:190} INFO - [2026-05-04T13:00:03.829+0000] {dag.py:4180} INFO - Setting next_dagrun for kafka_to_s3 to 2026-05-04 00:00:00+00:00, run_after=2026-05-05 00:00:00+00:00
[2026-05-04T13:00:03.870+0000] {processor.py:208} INFO - Processing /opt/airflow/dags/main.py took 0.638 seconds
[2026-05-04T13:00:34.488+0000] {processor.py:186} INFO - Started process (PID=179) to work on /opt/airflow/dags/main.py
[2026-05-04T13:00:34.489+0000] {processor.py:914} INFO - Processing file /opt/airflow/dags/main.py for tasks to queue
[2026-05-04T13:00:34.494+0000] {logging_mixin.py:190} INFO - [2026-05-04T13:00:34.493+0000] {dagbag.py:588} INFO - Filling up the DagBag from /opt/airflow/dags/main.py
[2026-05-04T13:00:34.666+0000] {processor.py:925} INFO - DAG(s) 'kafka_to_s3' retrieved from /opt/airflow/dags/main.py
[2026-05-04T13:00:34.943+0000] {logging_mixin.py:190} INFO - [2026-05-04T13:00:34.942+0000] {dag.py:3239} INFO - Sync 1 DAGs
[2026-05-04T13:00:34.974+0000] {logging_mixin.py:190} INFO - [2026-05-04T13:00:34.974+0000] {dag.py:4180} INFO - Setting next_dagrun for kafka_to_s3 to 2026-05-04 00:00:00+00:00, run_after=2026-05-05 00:00:00+00:00
[2026-05-04T13:00:35.001+0000] {processor.py:208} INFO - Processing /opt/airflow/dags/main.py took 0.524 seconds
[2026-05-04T13:01:05.430+0000] {processor.py:186} INFO - Started process (PID=186) to work on /opt/airflow/dags/main.py
[2026-05-04T13:01:05.432+0000] {processor.py:914} INFO - Processing file /opt/airflow/dags/main.py for tasks to queue
[2026-05-04T13:01:05.436+0000] {logging_mixin.py:190} INFO - [2026-05-04T13:01:05.435+0000] {dagbag.py:588} INFO - Filling up the DagBag from /opt/airflow/dags/main.py
[2026-05-04T13:01:05.658+0000] {processor.py:925} INFO - DAG(s) 'kafka_to_s3' retrieved from /opt/airflow/dags/main.py
[2026-05-04T13:01:06.011+0000] {logging_mixin.py:190} INFO - [2026-05-04T13:01:06.011+0000] {dag.py:3239} INFO - Sync 1 DAGs
[2026-05-04T13:01:06.143+0000] {logging_mixin.py:190} INFO - [2026-05-04T13:01:06.143+0000] {dag.py:4180} INFO - Setting next_dagrun for kafka_to_s3 to 2026-05-04 00:00:00+00:00, run_after=2026-05-05 00:00:00+00:00
[2026-05-04T13:01:06.181+0000] {processor.py:208} INFO - Processing /opt/airflow/dags/main.py took 0.763 seconds
[2026-05-04T13:01:36.713+0000] {processor.py:186} INFO - Started process (PID=193) to work on /opt/airflow/dags/main.py
[2026-05-04T13:01:36.714+0000] {processor.py:914} INFO - Processing file /opt/airflow/dags/main.py for tasks to queue
[2026-05-04T13:01:36.718+0000] {logging_mixin.py:190} INFO - [2026-05-04T13:01:36.717+0000] {dagbag.py:588} INFO - Filling up the DagBag from /opt/airflow/dags/main.py
[2026-05-04T13:01:37.174+0000] {processor.py:925} INFO - DAG(s) 'kafka_to_s3' retrieved from /opt/airflow/dags/main.py
[2026-05-04T13:01:37.221+0000] {logging_mixin.py:190} INFO - [2026-05-04T13:01:37.221+0000] {dag.py:3239} INFO - Sync 1 DAGs
[2026-05-04T13:01:37.268+0000] {logging_mixin.py:190} INFO - [2026-05-04T13:01:37.268+0000] {dag.py:4180} INFO - Setting next_dagrun for kafka_to_s3 to 2026-05-04 00:00:00+00:00, run_after=2026-05-05 00:00:00+00:00
[2026-05-04T13:01:37.297+0000] {processor.py:208} INFO - Processing /opt/airflow/dags/main.py took 0.593 seconds
[2026-05-04T13:02:07.879+0000] {processor.py:186} INFO - Started process (PID=205) to work on /opt/airflow/dags/main.py
[2026-05-04T13:02:07.881+0000] {processor.py:914} INFO - Processing file /opt/airflow/dags/main.py for tasks to queue
[2026-05-04T13:02:07.886+0000] {logging_mixin.py:190} INFO - [2026-05-04T13:02:07.885+0000] {dagbag.py:588} INFO - Filling up the DagBag from /opt/airflow/dags/main.py
[2026-05-04T13:02:08.405+0000] {processor.py:925} INFO - DAG(s) 'kafka_to_s3' retrieved from /opt/airflow/dags/main.py
[2026-05-04T13:02:08.480+0000] {logging_mixin.py:190} INFO - [2026-05-04T13:02:08.479+0000] {dag.py:3239} INFO - Sync 1 DAGs
[2026-05-04T13:02:08.542+0000] {logging_mixin.py:190} INFO - [2026-05-04T13:02:08.542+0000] {dag.py:4180} INFO - Setting next_dagrun for kafka_to_s3 to 2026-05-04 00:00:00+00:00, run_after=2026-05-05 00:00:00+00:00
[2026-05-04T13:02:08.585+0000] {processor.py:208} INFO - Processing /opt/airflow/dags/main.py took 0.717 seconds
[2026-05-04T13:02:38.963+0000] {processor.py:186} INFO - Started process (PID=212) to work on /opt/airflow/dags/main.py
[2026-05-04T13:02:38.966+0000] {processor.py:914} INFO - Processing file /opt/airflow/dags/main.py for tasks to queue
[2026-05-04T13:02:38.974+0000] {logging_mixin.py:190} INFO - [2026-05-04T13:02:38.973+0000] {dagbag.py:588} INFO - Filling up the DagBag from /opt/airflow/dags/main.py
[2026-05-04T13:02:39.222+0000] {processor.py:925} INFO - DAG(s) 'kafka_to_s3' retrieved from /opt/airflow/dags/main.py
[2026-05-04T13:02:39.264+0000] {logging_mixin.py:190} INFO - [2026-05-04T13:02:39.264+0000] {dag.py:3239} INFO - Sync 1 DAGs
[2026-05-04T13:02:39.567+0000] {logging_mixin.py:190} INFO - [2026-05-04T13:02:39.567+0000] {dag.py:4180} INFO - Setting next_dagrun for kafka_to_s3 to 2026-05-04 00:00:00+00:00, run_after=2026-05-05 00:00:00+00:00
[2026-05-04T13:02:39.614+0000] {processor.py:208} INFO - Processing /opt/airflow/dags/main.py took 0.672 seconds
[2026-05-04T13:03:10.318+0000] {processor.py:186} INFO - Started process (PID=219) to work on /opt/airflow/dags/main.py
[2026-05-04T13:03:10.324+0000] {processor.py:914} INFO - Processing file /opt/airflow/dags/main.py for tasks to queue
[2026-05-04T13:03:10.344+0000] {logging_mixin.py:190} INFO - [2026-05-04T13:03:10.341+0000] {dagbag.py:588} INFO - Filling up the DagBag from /opt/airflow/dags/main.py
[2026-05-04T13:03:10.734+0000] {processor.py:925} INFO - DAG(s) 'kafka_to_s3' retrieved from /opt/airflow/dags/main.py
[2026-05-04T13:03:10.776+0000] {logging_mixin.py:190} INFO - [2026-05-04T13:03:10.775+0000] {dag.py:3239} INFO - Sync 1 DAGs
[2026-05-04T13:03:11.044+0000] {logging_mixin.py:190} INFO - [2026-05-04T13:03:11.044+0000] {dag.py:4180} INFO - Setting next_dagrun for kafka_to_s3 to 2026-05-04 00:00:00+00:00, run_after=2026-05-05 00:00:00+00:00
[2026-05-04T13:03:11.082+0000] {processor.py:208} INFO - Processing /opt/airflow/dags/main.py took 0.803 seconds
[2026-05-04T13:03:41.294+0000] {processor.py:186} INFO - Started process (PID=226) to work on /opt/airflow/dags/main.py
[2026-05-04T13:03:41.296+0000] {processor.py:914} INFO - Processing file /opt/airflow/dags/main.py for tasks to queue
[2026-05-04T13:03:41.302+0000] {logging_mixin.py:190} INFO - [2026-05-04T13:03:41.301+0000] {dagbag.py:588} INFO - Filling up the DagBag from /opt/airflow/dags/main.py
[2026-05-04T13:03:41.478+0000] {processor.py:925} INFO - DAG(s) 'kafka_to_s3' retrieved from /opt/airflow/dags/main.py
[2026-05-04T13:03:41.758+0000] {logging_mixin.py:190} INFO - [2026-05-04T13:03:41.757+0000] {dag.py:3239} INFO - Sync 1 DAGs
[2026-05-04T13:03:41.795+0000] {logging_mixin.py:190} INFO - [2026-05-04T13:03:41.795+0000] {dag.py:4180} INFO - Setting next_dagrun for kafka_to_s3 to 2026-05-04 00:00:00+00:00, run_after=2026-05-05 00:00:00+00:00
[2026-05-04T13:03:41.833+0000] {processor.py:208} INFO - Processing /opt/airflow/dags/main.py took 0.556 seconds
[2026-05-04T13:04:12.343+0000] {processor.py:186} INFO - Started process (PID=233) to work on /opt/airflow/dags/main.py
[2026-05-04T13:04:12.366+0000] {processor.py:914} INFO - Processing file /opt/airflow/dags/main.py for tasks to queue
[2026-05-04T13:04:12.371+0000] {logging_mixin.py:190} INFO - [2026-05-04T13:04:12.370+0000] {dagbag.py:588} INFO - Filling up the DagBag from /opt/airflow/dags/main.py
[2026-05-04T13:04:12.831+0000] {processor.py:925} INFO - DAG(s) 'kafka_to_s3' retrieved from /opt/airflow/dags/main.py
[2026-05-04T13:04:12.870+0000] {logging_mixin.py:190} INFO - [2026-05-04T13:04:12.869+0000] {dag.py:3239} INFO - Sync 1 DAGs
[2026-05-04T13:04:12.921+0000] {logging_mixin.py:190} INFO - [2026-05-04T13:04:12.921+0000] {dag.py:4180} INFO - Setting next_dagrun for kafka_to_s3 to 2026-05-04 00:00:00+00:00, run_after=2026-05-05 00:00:00+00:00
[2026-05-04T13:04:12.959+0000] {processor.py:208} INFO - Processing /opt/airflow/dags/main.py took 0.655 seconds
[2026-05-04T13:04:43.476+0000] {processor.py:186} INFO - Started process (PID=240) to work on /opt/airflow/dags/main.py
[2026-05-04T13:04:43.477+0000] {processor.py:914} INFO - Processing file /opt/airflow/dags/main.py for tasks to queue
[2026-05-04T13:04:43.482+0000] {logging_mixin.py:190} INFO - [2026-05-04T13:04:43.481+0000] {dagbag.py:588} INFO - Filling up the DagBag from /opt/airflow/dags/main.py
[2026-05-04T13:04:43.920+0000] {processor.py:925} INFO - DAG(s) 'kafka_to_s3' retrieved from /opt/airflow/dags/main.py
[2026-05-04T13:04:43.956+0000] {logging_mixin.py:190} INFO - [2026-05-04T13:04:43.955+0000] {dag.py:3239} INFO - Sync 1 DAGs
[2026-05-04T13:04:43.989+0000] {logging_mixin.py:190} INFO - [2026-05-04T13:04:43.988+0000] {dag.py:4180} INFO - Setting next_dagrun for kafka_to_s3 to 2026-05-04 00:00:00+00:00, run_after=2026-05-05 00:00:00+00:00
[2026-05-04T13:04:44.016+0000] {processor.py:208} INFO - Processing /opt/airflow/dags/main.py took 0.553 seconds
[2026-05-04T13:05:14.411+0000] {processor.py:186} INFO - Started process (PID=246) to work on /opt/airflow/dags/main.py
[2026-05-04T13:05:14.414+0000] {processor.py:914} INFO - Processing file /opt/airflow/dags/main.py for tasks to queue
[2026-05-04T13:05:14.421+0000] {logging_mixin.py:190} INFO - [2026-05-04T13:05:14.420+0000] {dagbag.py:588} INFO - Filling up the DagBag from /opt/airflow/dags/main.py
[2026-05-04T13:05:14.856+0000] {processor.py:925} INFO - DAG(s) 'kafka_to_s3' retrieved from /opt/airflow/dags/main.py
[2026-05-04T13:05:14.889+0000] {logging_mixin.py:190} INFO - [2026-05-04T13:05:14.889+0000] {dag.py:3239} INFO - Sync 1 DAGs
[2026-05-04T13:05:14.927+0000] {logging_mixin.py:190} INFO - [2026-05-04T13:05:14.927+0000] {dag.py:4180} INFO - Setting next_dagrun for kafka_to_s3 to 2026-05-04 00:00:00+00:00, run_after=2026-05-05 00:00:00+00:00
[2026-05-04T13:05:14.956+0000] {processor.py:208} INFO - Processing /opt/airflow/dags/main.py took 0.563 seconds
[2026-05-04T13:05:45.826+0000] {processor.py:186} INFO - Started process (PID=253) to work on /opt/airflow/dags/main.py
[2026-05-04T13:05:45.828+0000] {processor.py:914} INFO - Processing file /opt/airflow/dags/main.py for tasks to queue
[2026-05-04T13:05:45.835+0000] {logging_mixin.py:190} INFO - [2026-05-04T13:05:45.834+0000] {dagbag.py:588} INFO - Filling up the DagBag from /opt/airflow/dags/main.py
[2026-05-04T13:05:46.177+0000] {processor.py:925} INFO - DAG(s) 'kafka_to_s3' retrieved from /opt/airflow/dags/main.py
[2026-05-04T13:05:46.227+0000] {logging_mixin.py:190} INFO - [2026-05-04T13:05:46.227+0000] {dag.py:3239} INFO - Sync 1 DAGs
[2026-05-04T13:05:46.625+0000] {logging_mixin.py:190} INFO - [2026-05-04T13:05:46.624+0000] {dag.py:4180} INFO - Setting next_dagrun for kafka_to_s3 to 2026-05-04 00:00:00+00:00, run_after=2026-05-05 00:00:00+00:00
[2026-05-04T13:05:46.666+0000] {processor.py:208} INFO - Processing /opt/airflow/dags/main.py took 0.857 seconds
[2026-05-04T13:06:17.343+0000] {processor.py:186} INFO - Started process (PID=260) to work on /opt/airflow/dags/main.py
[2026-05-04T13:06:17.345+0000] {processor.py:914} INFO - Processing file /opt/airflow/dags/main.py for tasks to queue
[2026-05-04T13:06:17.350+0000] {logging_mixin.py:190} INFO - [2026-05-04T13:06:17.350+0000] {dagbag.py:588} INFO - Filling up the DagBag from /opt/airflow/dags/main.py
[2026-05-04T13:06:17.546+0000] {processor.py:925} INFO - DAG(s) 'kafka_to_s3' retrieved from /opt/airflow/dags/main.py
[2026-05-04T13:06:17.592+0000] {logging_mixin.py:190} INFO - [2026-05-04T13:06:17.591+0000] {dag.py:3239} INFO - Sync 1 DAGs
[2026-05-04T13:06:17.899+0000] {logging_mixin.py:190} INFO - [2026-05-04T13:06:17.898+0000] {dag.py:4180} INFO - Setting next_dagrun for kafka_to_s3 to 2026-05-04 00:00:00+00:00, run_after=2026-05-05 00:00:00+00:00
[2026-05-04T13:06:17.935+0000] {processor.py:208} INFO - Processing /opt/airflow/dags/main.py took 0.604 seconds
[2026-05-04T13:06:48.292+0000] {processor.py:186} INFO - Started process (PID=267) to work on /opt/airflow/dags/main.py
[2026-05-04T13:06:48.296+0000] {processor.py:914} INFO - Processing file /opt/airflow/dags/main.py for tasks to queue
[2026-05-04T13:06:48.302+0000] {logging_mixin.py:190} INFO - [2026-05-04T13:06:48.302+0000] {dagbag.py:588} INFO - Filling up the DagBag from /opt/airflow/dags/main.py
[2026-05-04T13:06:48.537+0000] {processor.py:925} INFO - DAG(s) 'kafka_to_s3' retrieved from /opt/airflow/dags/main.py
[2026-05-04T13:06:48.820+0000] {logging_mixin.py:190} INFO - [2026-05-04T13:06:48.820+0000] {dag.py:3239} INFO - Sync 1 DAGs
[2026-05-04T13:06:48.905+0000] {logging_mixin.py:190} INFO - [2026-05-04T13:06:48.905+0000] {dag.py:4180} INFO - Setting next_dagrun for kafka_to_s3 to 2026-05-04 00:00:00+00:00, run_after=2026-05-05 00:00:00+00:00
[2026-05-04T13:06:48.935+0000] {processor.py:208} INFO - Processing /opt/airflow/dags/main.py took 0.662 seconds
[2026-05-04T13:07:19.065+0000] {processor.py:186} INFO - Started process (PID=274) to work on /opt/airflow/dags/main.py
[2026-05-04T13:07:19.067+0000] {processor.py:914} INFO - Processing file /opt/airflow/dags/main.py for tasks to queue
[2026-05-04T13:07:19.071+0000] {logging_mixin.py:190} INFO - [2026-05-04T13:07:19.071+0000] {dagbag.py:588} INFO - Filling up the DagBag from /opt/airflow/dags/main.py
[2026-05-04T13:07:19.481+0000] {processor.py:925} INFO - DAG(s) 'kafka_to_s3' retrieved from /opt/airflow/dags/main.py
[2026-05-04T13:07:19.521+0000] {logging_mixin.py:190} INFO - [2026-05-04T13:07:19.521+0000] {dag.py:3239} INFO - Sync 1 DAGs
[2026-05-04T13:07:19.575+0000] {logging_mixin.py:190} INFO - [2026-05-04T13:07:19.574+0000] {dag.py:4180} INFO - Setting next_dagrun for kafka_to_s3 to 2026-05-04 00:00:00+00:00, run_after=2026-05-05 00:00:00+00:00
[2026-05-04T13:07:19.619+0000] {processor.py:208} INFO - Processing /opt/airflow/dags/main.py took 0.564 seconds
[2026-05-04T13:14:35.223+0000] {processor.py:186} INFO - Started process (PID=65) to work on /opt/airflow/dags/main.py
[2026-05-04T13:14:35.225+0000] {processor.py:914} INFO - Processing file /opt/airflow/dags/main.py for tasks to queue
[2026-05-04T13:14:35.229+0000] {logging_mixin.py:190} INFO - [2026-05-04T13:14:35.228+0000] {dagbag.py:588} INFO - Filling up the DagBag from /opt/airflow/dags/main.py
[2026-05-04T13:14:36.565+0000] {processor.py:925} INFO - DAG(s) 'kafka_to_s3' retrieved from /opt/airflow/dags/main.py
[2026-05-04T13:14:36.667+0000] {logging_mixin.py:190} INFO - [2026-05-04T13:14:36.667+0000] {dag.py:3239} INFO - Sync 1 DAGs
[2026-05-04T13:14:36.727+0000] {logging_mixin.py:190} INFO - [2026-05-04T13:14:36.726+0000] {dag.py:4180} INFO - Setting next_dagrun for kafka_to_s3 to 2026-05-04 00:00:00+00:00, run_after=2026-05-05 00:00:00+00:00
[2026-05-04T13:14:36.771+0000] {processor.py:208} INFO - Processing /opt/airflow/dags/main.py took 1.560 seconds
[2026-05-04T13:15:07.488+0000] {processor.py:186} INFO - Started process (PID=71) to work on /opt/airflow/dags/main.py
[2026-05-04T13:15:07.495+0000] {processor.py:914} INFO - Processing file /opt/airflow/dags/main.py for tasks to queue
[2026-05-04T13:15:07.511+0000] {logging_mixin.py:190} INFO - [2026-05-04T13:15:07.510+0000] {dagbag.py:588} INFO - Filling up the DagBag from /opt/airflow/dags/main.py
[2026-05-04T13:15:07.810+0000] {processor.py:925} INFO - DAG(s) 'kafka_to_s3' retrieved from /opt/airflow/dags/main.py
[2026-05-04T13:15:07.874+0000] {logging_mixin.py:190} INFO - [2026-05-04T13:15:07.874+0000] {dag.py:3239} INFO - Sync 1 DAGs
[2026-05-04T13:15:07.938+0000] {logging_mixin.py:190} INFO - [2026-05-04T13:15:07.937+0000] {dag.py:4180} INFO - Setting next_dagrun for kafka_to_s3 to 2026-05-04 00:00:00+00:00, run_after=2026-05-05 00:00:00+00:00
[2026-05-04T13:15:07.980+0000] {processor.py:208} INFO - Processing /opt/airflow/dags/main.py took 0.561 seconds
[2026-05-04T13:15:38.671+0000] {processor.py:186} INFO - Started process (PID=78) to work on /opt/airflow/dags/main.py
[2026-05-04T13:15:38.674+0000] {processor.py:914} INFO - Processing file /opt/airflow/dags/main.py for tasks to queue
[2026-05-04T13:15:38.685+0000] {logging_mixin.py:190} INFO - [2026-05-04T13:15:38.684+0000] {dagbag.py:588} INFO - Filling up the DagBag from /opt/airflow/dags/main.py
[2026-05-04T13:15:38.915+0000] {processor.py:925} INFO - DAG(s) 'kafka_to_s3' retrieved from /opt/airflow/dags/main.py
[2026-05-04T13:15:38.954+0000] {logging_mixin.py:190} INFO - [2026-05-04T13:15:38.954+0000] {dag.py:3239} INFO - Sync 1 DAGs
[2026-05-04T13:15:38.990+0000] {logging_mixin.py:190} INFO - [2026-05-04T13:15:38.989+0000] {dag.py:4180} INFO - Setting next_dagrun for kafka_to_s3 to 2026-05-04 00:00:00+00:00, run_after=2026-05-05 00:00:00+00:00
[2026-05-04T13:15:39.026+0000] {processor.py:208} INFO - Processing /opt/airflow/dags/main.py took 0.384 seconds
[2026-05-04T13:16:09.913+0000] {processor.py:186} INFO - Started process (PID=85) to work on /opt/airflow/dags/main.py
[2026-05-04T13:16:09.915+0000] {processor.py:914} INFO - Processing file /opt/airflow/dags/main.py for tasks to queue
[2026-05-04T13:16:09.919+0000] {logging_mixin.py:190} INFO - [2026-05-04T13:16:09.918+0000] {dagbag.py:588} INFO - Filling up the DagBag from /opt/airflow/dags/main.py
[2026-05-04T13:16:10.094+0000] {processor.py:925} INFO - DAG(s) 'kafka_to_s3' retrieved from /opt/airflow/dags/main.py
[2026-05-04T13:16:10.137+0000] {logging_mixin.py:190} INFO - [2026-05-04T13:16:10.137+0000] {dag.py:3239} INFO - Sync 1 DAGs
[2026-05-04T13:16:10.178+0000] {logging_mixin.py:190} INFO - [2026-05-04T13:16:10.177+0000] {dag.py:4180} INFO - Setting next_dagrun for kafka_to_s3 to 2026-05-04 00:00:00+00:00, run_after=2026-05-05 00:00:00+00:00
[2026-05-04T13:16:10.207+0000] {processor.py:208} INFO - Processing /opt/airflow/dags/main.py took 0.303 seconds
[2026-05-04T13:16:40.346+0000] {processor.py:186} INFO - Started process (PID=92) to work on /opt/airflow/dags/main.py
[2026-05-04T13:16:40.348+0000] {processor.py:914} INFO - Processing file /opt/airflow/dags/main.py for tasks to queue
[2026-05-04T13:16:40.353+0000] {logging_mixin.py:190} INFO - [2026-05-04T13:16:40.353+0000] {dagbag.py:588} INFO - Filling up the DagBag from /opt/airflow/dags/main.py
[2026-05-04T13:16:40.537+0000] {processor.py:925} INFO - DAG(s) 'kafka_to_s3' retrieved from /opt/airflow/dags/main.py
[2026-05-04T13:16:40.574+0000] {logging_mixin.py:190} INFO - [2026-05-04T13:16:40.574+0000] {dag.py:3239} INFO - Sync 1 DAGs
[2026-05-04T13:16:40.613+0000] {logging_mixin.py:190} INFO - [2026-05-04T13:16:40.613+0000] {dag.py:4180} INFO - Setting next_dagrun for kafka_to_s3 to 2026-05-04 00:00:00+00:00, run_after=2026-05-05 00:00:00+00:00
[2026-05-04T13:16:40.645+0000] {processor.py:208} INFO - Processing /opt/airflow/dags/main.py took 0.308 seconds
[2026-05-04T13:17:11.032+0000] {processor.py:186} INFO - Started process (PID=99) to work on /opt/airflow/dags/main.py
[2026-05-04T13:17:11.040+0000] {processor.py:914} INFO - Processing file /opt/airflow/dags/main.py for tasks to queue
[2026-05-04T13:17:11.052+0000] {logging_mixin.py:190} INFO - [2026-05-04T13:17:11.051+0000] {dagbag.py:588} INFO - Filling up the DagBag from /opt/airflow/dags/main.py
[2026-05-04T13:17:11.368+0000] {processor.py:925} INFO - DAG(s) 'kafka_to_s3' retrieved from /opt/airflow/dags/main.py
[2026-05-04T13:17:11.404+0000] {logging_mixin.py:190} INFO - [2026-05-04T13:17:11.403+0000] {dag.py:3239} INFO - Sync 1 DAGs
[2026-05-04T13:17:11.464+0000] {logging_mixin.py:190} INFO - [2026-05-04T13:17:11.464+0000] {dag.py:4180} INFO - Setting next_dagrun for kafka_to_s3 to 2026-05-04 00:00:00+00:00, run_after=2026-05-05 00:00:00+00:00
[2026-05-04T13:17:11.496+0000] {processor.py:208} INFO - Processing /opt/airflow/dags/main.py took 0.495 seconds
[2026-05-04T13:17:41.969+0000] {processor.py:186} INFO - Started process (PID=107) to work on /opt/airflow/dags/main.py
[2026-05-04T13:17:41.971+0000] {processor.py:914} INFO - Processing file /opt/airflow/dags/main.py for tasks to queue
[2026-05-04T13:17:41.975+0000] {logging_mixin.py:190} INFO - [2026-05-04T13:17:41.975+0000] {dagbag.py:588} INFO - Filling up the DagBag from /opt/airflow/dags/main.py
[2026-05-04T13:17:42.162+0000] {processor.py:925} INFO - DAG(s) 'kafka_to_s3' retrieved from /opt/airflow/dags/main.py
[2026-05-04T13:17:42.219+0000] {logging_mixin.py:190} INFO - [2026-05-04T13:17:42.218+0000] {dag.py:3239} INFO - Sync 1 DAGs
[2026-05-04T13:17:42.267+0000] {logging_mixin.py:190} INFO - [2026-05-04T13:17:42.267+0000] {dag.py:4180} INFO - Setting next_dagrun for kafka_to_s3 to 2026-05-04 00:00:00+00:00, run_after=2026-05-05 00:00:00+00:00
[2026-05-04T13:17:42.305+0000] {processor.py:208} INFO - Processing /opt/airflow/dags/main.py took 0.347 seconds
[2026-05-04T13:18:12.773+0000] {processor.py:186} INFO - Started process (PID=114) to work on /opt/airflow/dags/main.py
[2026-05-04T13:18:12.775+0000] {processor.py:914} INFO - Processing file /opt/airflow/dags/main.py for tasks to queue
[2026-05-04T13:18:12.782+0000] {logging_mixin.py:190} INFO - [2026-05-04T13:18:12.782+0000] {dagbag.py:588} INFO - Filling up the DagBag from /opt/airflow/dags/main.py
[2026-05-04T13:18:13.005+0000] {processor.py:925} INFO - DAG(s) 'kafka_to_s3' retrieved from /opt/airflow/dags/main.py
[2026-05-04T13:18:13.047+0000] {logging_mixin.py:190} INFO - [2026-05-04T13:18:13.047+0000] {dag.py:3239} INFO - Sync 1 DAGs
[2026-05-04T13:18:13.085+0000] {logging_mixin.py:190} INFO - [2026-05-04T13:18:13.085+0000] {dag.py:4180} INFO - Setting next_dagrun for kafka_to_s3 to 2026-05-04 00:00:00+00:00, run_after=2026-05-05 00:00:00+00:00
[2026-05-04T13:18:13.359+0000] {processor.py:208} INFO - Processing /opt/airflow/dags/main.py took 0.596 seconds
[2026-05-04T13:18:43.832+0000] {processor.py:186} INFO - Started process (PID=122) to work on /opt/airflow/dags/main.py
[2026-05-04T13:18:43.834+0000] {processor.py:914} INFO - Processing file /opt/airflow/dags/main.py for tasks to queue
[2026-05-04T13:18:43.837+0000] {logging_mixin.py:190} INFO - [2026-05-04T13:18:43.837+0000] {dagbag.py:588} INFO - Filling up the DagBag from /opt/airflow/dags/main.py
[2026-05-04T13:18:44.006+0000] {processor.py:925} INFO - DAG(s) 'kafka_to_s3' retrieved from /opt/airflow/dags/main.py
[2026-05-04T13:18:44.063+0000] {logging_mixin.py:190} INFO - [2026-05-04T13:18:44.062+0000] {dag.py:3239} INFO - Sync 1 DAGs
[2026-05-04T13:18:44.391+0000] {logging_mixin.py:190} INFO - [2026-05-04T13:18:44.391+0000] {dag.py:4180} INFO - Setting next_dagrun for kafka_to_s3 to 2026-05-04 00:00:00+00:00, run_after=2026-05-05 00:00:00+00:00
[2026-05-04T13:18:44.423+0000] {processor.py:208} INFO - Processing /opt/airflow/dags/main.py took 0.601 seconds
[2026-05-04T13:19:14.992+0000] {processor.py:186} INFO - Started process (PID=129) to work on /opt/airflow/dags/main.py
[2026-05-04T13:19:14.996+0000] {processor.py:914} INFO - Processing file /opt/airflow/dags/main.py for tasks to queue
[2026-05-04T13:19:15.003+0000] {logging_mixin.py:190} INFO - [2026-05-04T13:19:15.003+0000] {dagbag.py:588} INFO - Filling up the DagBag from /opt/airflow/dags/main.py
[2026-05-04T13:19:15.231+0000] {processor.py:925} INFO - DAG(s) 'kafka_to_s3' retrieved from /opt/airflow/dags/main.py
[2026-05-04T13:19:15.291+0000] {logging_mixin.py:190} INFO - [2026-05-04T13:19:15.291+0000] {dag.py:3239} INFO - Sync 1 DAGs
[2026-05-04T13:19:15.817+0000] {logging_mixin.py:190} INFO - [2026-05-04T13:19:15.816+0000] {dag.py:4180} INFO - Setting next_dagrun for kafka_to_s3 to 2026-05-04 00:00:00+00:00, run_after=2026-05-05 00:00:00+00:00
[2026-05-04T13:19:15.861+0000] {processor.py:208} INFO - Processing /opt/airflow/dags/main.py took 0.886 seconds
[2026-05-04T13:19:46.484+0000] {processor.py:186} INFO - Started process (PID=136) to work on /opt/airflow/dags/main.py
[2026-05-04T13:19:46.487+0000] {processor.py:914} INFO - Processing file /opt/airflow/dags/main.py for tasks to queue
[2026-05-04T13:19:46.494+0000] {logging_mixin.py:190} INFO - [2026-05-04T13:19:46.493+0000] {dagbag.py:588} INFO - Filling up the DagBag from /opt/airflow/dags/main.py
[2026-05-04T13:19:46.750+0000] {processor.py:925} INFO - DAG(s) 'kafka_to_s3' retrieved from /opt/airflow/dags/main.py
[2026-05-04T13:19:47.073+0000] {logging_mixin.py:190} INFO - [2026-05-04T13:19:47.073+0000] {dag.py:3239} INFO - Sync 1 DAGs
[2026-05-04T13:19:47.107+0000] {logging_mixin.py:190} INFO - [2026-05-04T13:19:47.106+0000] {dag.py:4180} INFO - Setting next_dagrun for kafka_to_s3 to 2026-05-04 00:00:00+00:00, run_after=2026-05-05 00:00:00+00:00
[2026-05-04T13:19:47.145+0000] {processor.py:208} INFO - Processing /opt/airflow/dags/main.py took 0.681 seconds
[2026-05-04T13:20:17.969+0000] {processor.py:186} INFO - Started process (PID=143) to work on /opt/airflow/dags/main.py
[2026-05-04T13:20:17.971+0000] {processor.py:914} INFO - Processing file /opt/airflow/dags/main.py for tasks to queue
[2026-05-04T13:20:17.976+0000] {logging_mixin.py:190} INFO - [2026-05-04T13:20:17.975+0000] {dagbag.py:588} INFO - Filling up the DagBag from /opt/airflow/dags/main.py
[2026-05-04T13:20:18.198+0000] {processor.py:925} INFO - DAG(s) 'kafka_to_s3' retrieved from /opt/airflow/dags/main.py
[2026-05-04T13:20:18.508+0000] {logging_mixin.py:190} INFO - [2026-05-04T13:20:18.508+0000] {dag.py:3239} INFO - Sync 1 DAGs
[2026-05-04T13:20:18.551+0000] {logging_mixin.py:190} INFO - [2026-05-04T13:20:18.551+0000] {dag.py:4180} INFO - Setting next_dagrun for kafka_to_s3 to 2026-05-04 00:00:00+00:00, run_after=2026-05-05 00:00:00+00:00
[2026-05-04T13:20:18.582+0000] {processor.py:208} INFO - Processing /opt/airflow/dags/main.py took 0.624 seconds
[2026-05-04T13:20:49.084+0000] {processor.py:186} INFO - Started process (PID=150) to work on /opt/airflow/dags/main.py
[2026-05-04T13:20:49.086+0000] {processor.py:914} INFO - Processing file /opt/airflow/dags/main.py for tasks to queue
[2026-05-04T13:20:49.091+0000] {logging_mixin.py:190} INFO - [2026-05-04T13:20:49.090+0000] {dagbag.py:588} INFO - Filling up the DagBag from /opt/airflow/dags/main.py
[2026-05-04T13:20:49.622+0000] {processor.py:925} INFO - DAG(s) 'kafka_to_s3' retrieved from /opt/airflow/dags/main.py
[2026-05-04T13:20:49.665+0000] {logging_mixin.py:190} INFO - [2026-05-04T13:20:49.664+0000] {dag.py:3239} INFO - Sync 1 DAGs
[2026-05-04T13:20:49.701+0000] {logging_mixin.py:190} INFO - [2026-05-04T13:20:49.701+0000] {dag.py:4180} INFO - Setting next_dagrun for kafka_to_s3 to 2026-05-04 00:00:00+00:00, run_after=2026-05-05 00:00:00+00:00
[2026-05-04T13:20:49.733+0000] {processor.py:208} INFO - Processing /opt/airflow/dags/main.py took 0.661 seconds
[2026-05-04T13:21:20.052+0000] {processor.py:186} INFO - Started process (PID=157) to work on /opt/airflow/dags/main.py
[2026-05-04T13:21:20.054+0000] {processor.py:914} INFO - Processing file /opt/airflow/dags/main.py for tasks to queue
[2026-05-04T13:21:20.058+0000] {logging_mixin.py:190} INFO - [2026-05-04T13:21:20.057+0000] {dagbag.py:588} INFO - Filling up the DagBag from /opt/airflow/dags/main.py
[2026-05-04T13:21:20.268+0000] {processor.py:925} INFO - DAG(s) 'kafka_to_s3' retrieved from /opt/airflow/dags/main.py
[2026-05-04T13:21:20.325+0000] {logging_mixin.py:190} INFO - [2026-05-04T13:21:20.325+0000] {dag.py:3239} INFO - Sync 1 DAGs
[2026-05-04T13:21:20.363+0000] {logging_mixin.py:190} INFO - [2026-05-04T13:21:20.362+0000] {dag.py:4180} INFO - Setting next_dagrun for kafka_to_s3 to 2026-05-04 00:00:00+00:00, run_after=2026-05-05 00:00:00+00:00
[2026-05-04T13:21:20.674+0000] {processor.py:208} INFO - Processing /opt/airflow/dags/main.py took 0.634 seconds
[2026-05-04T13:21:51.145+0000] {processor.py:186} INFO - Started process (PID=164) to work on /opt/airflow/dags/main.py
[2026-05-04T13:21:51.147+0000] {processor.py:914} INFO - Processing file /opt/airflow/dags/main.py for tasks to queue
[2026-05-04T13:21:51.153+0000] {logging_mixin.py:190} INFO - [2026-05-04T13:21:51.152+0000] {dagbag.py:588} INFO - Filling up the DagBag from /opt/airflow/dags/main.py
[2026-05-04T13:21:51.352+0000] {processor.py:925} INFO - DAG(s) 'kafka_to_s3' retrieved from /opt/airflow/dags/main.py
[2026-05-04T13:21:51.388+0000] {logging_mixin.py:190} INFO - [2026-05-04T13:21:51.388+0000] {dag.py:3239} INFO - Sync 1 DAGs
[2026-05-04T13:21:51.639+0000] {logging_mixin.py:190} INFO - [2026-05-04T13:21:51.639+0000] {dag.py:4180} INFO - Setting next_dagrun for kafka_to_s3 to 2026-05-04 00:00:00+00:00, run_after=2026-05-05 00:00:00+00:00
[2026-05-04T13:21:51.668+0000] {processor.py:208} INFO - Processing /opt/airflow/dags/main.py took 0.538 seconds
[2026-05-04T13:22:22.132+0000] {processor.py:186} INFO - Started process (PID=171) to work on /opt/airflow/dags/main.py
[2026-05-04T13:22:22.133+0000] {processor.py:914} INFO - Processing file /opt/airflow/dags/main.py for tasks to queue
[2026-05-04T13:22:22.139+0000] {logging_mixin.py:190} INFO - [2026-05-04T13:22:22.139+0000] {dagbag.py:588} INFO - Filling up the DagBag from /opt/airflow/dags/main.py
[2026-05-04T13:22:22.299+0000] {processor.py:925} INFO - DAG(s) 'kafka_to_s3' retrieved from /opt/airflow/dags/main.py
[2026-05-04T13:22:22.337+0000] {logging_mixin.py:190} INFO - [2026-05-04T13:22:22.336+0000] {dag.py:3239} INFO - Sync 1 DAGs
[2026-05-04T13:22:22.626+0000] {logging_mixin.py:190} INFO - [2026-05-04T13:22:22.626+0000] {dag.py:4180} INFO - Setting next_dagrun for kafka_to_s3 to 2026-05-04 00:00:00+00:00, run_after=2026-05-05 00:00:00+00:00
[2026-05-04T13:22:22.654+0000] {processor.py:208} INFO - Processing /opt/airflow/dags/main.py took 0.532 seconds
[2026-05-04T13:22:53.231+0000] {processor.py:186} INFO - Started process (PID=178) to work on /opt/airflow/dags/main.py
[2026-05-04T13:22:53.233+0000] {processor.py:914} INFO - Processing file /opt/airflow/dags/main.py for tasks to queue
[2026-05-04T13:22:53.238+0000] {logging_mixin.py:190} INFO - [2026-05-04T13:22:53.237+0000] {dagbag.py:588} INFO - Filling up the DagBag from /opt/airflow/dags/main.py
[2026-05-04T13:22:53.385+0000] {processor.py:925} INFO - DAG(s) 'kafka_to_s3' retrieved from /opt/airflow/dags/main.py
[2026-05-04T13:22:53.737+0000] {logging_mixin.py:190} INFO - [2026-05-04T13:22:53.737+0000] {dag.py:3239} INFO - Sync 1 DAGs
[2026-05-04T13:22:53.780+0000] {logging_mixin.py:190} INFO - [2026-05-04T13:22:53.780+0000] {dag.py:4180} INFO - Setting next_dagrun for kafka_to_s3 to 2026-05-04 00:00:00+00:00, run_after=2026-05-05 00:00:00+00:00
[2026-05-04T13:22:53.813+0000] {processor.py:208} INFO - Processing /opt/airflow/dags/main.py took 0.599 seconds
[2026-05-04T13:23:24.360+0000] {processor.py:186} INFO - Started process (PID=185) to work on /opt/airflow/dags/main.py
[2026-05-04T13:23:24.361+0000] {processor.py:914} INFO - Processing file /opt/airflow/dags/main.py for tasks to queue
[2026-05-04T13:23:24.365+0000] {logging_mixin.py:190} INFO - [2026-05-04T13:23:24.365+0000] {dagbag.py:588} INFO - Filling up the DagBag from /opt/airflow/dags/main.py
[2026-05-04T13:23:24.542+0000] {processor.py:925} INFO - DAG(s) 'kafka_to_s3' retrieved from /opt/airflow/dags/main.py
[2026-05-04T13:23:24.795+0000] {logging_mixin.py:190} INFO - [2026-05-04T13:23:24.795+0000] {dag.py:3239} INFO - Sync 1 DAGs
[2026-05-04T13:23:24.831+0000] {logging_mixin.py:190} INFO - [2026-05-04T13:23:24.831+0000] {dag.py:4180} INFO - Setting next_dagrun for kafka_to_s3 to 2026-05-04 00:00:00+00:00, run_after=2026-05-05 00:00:00+00:00
[2026-05-04T13:23:24.857+0000] {processor.py:208} INFO - Processing /opt/airflow/dags/main.py took 0.507 seconds
[2026-05-04T13:23:55.374+0000] {processor.py:186} INFO - Started process (PID=192) to work on /opt/airflow/dags/main.py
[2026-05-04T13:23:55.379+0000] {processor.py:914} INFO - Processing file /opt/airflow/dags/main.py for tasks to queue
[2026-05-04T13:23:55.396+0000] {logging_mixin.py:190} INFO - [2026-05-04T13:23:55.394+0000] {dagbag.py:588} INFO - Filling up the DagBag from /opt/airflow/dags/main.py
[2026-05-04T13:23:56.050+0000] {processor.py:925} INFO - DAG(s) 'kafka_to_s3' retrieved from /opt/airflow/dags/main.py
[2026-05-04T13:23:56.097+0000] {logging_mixin.py:190} INFO - [2026-05-04T13:23:56.097+0000] {dag.py:3239} INFO - Sync 1 DAGs
[2026-05-04T13:23:56.151+0000] {logging_mixin.py:190} INFO - [2026-05-04T13:23:56.150+0000] {dag.py:4180} INFO - Setting next_dagrun for kafka_to_s3 to 2026-05-04 00:00:00+00:00, run_after=2026-05-05 00:00:00+00:00
[2026-05-04T13:23:56.189+0000] {processor.py:208} INFO - Processing /opt/airflow/dags/main.py took 0.863 seconds
[2026-05-04T13:24:26.672+0000] {processor.py:186} INFO - Started process (PID=199) to work on /opt/airflow/dags/main.py
[2026-05-04T13:24:26.674+0000] {processor.py:914} INFO - Processing file /opt/airflow/dags/main.py for tasks to queue
[2026-05-04T13:24:26.678+0000] {logging_mixin.py:190} INFO - [2026-05-04T13:24:26.678+0000] {dagbag.py:588} INFO - Filling up the DagBag from /opt/airflow/dags/main.py
[2026-05-04T13:24:27.284+0000] {processor.py:925} INFO - DAG(s) 'kafka_to_s3' retrieved from /opt/airflow/dags/main.py
[2026-05-04T13:24:27.325+0000] {logging_mixin.py:190} INFO - [2026-05-04T13:24:27.324+0000] {dag.py:3239} INFO - Sync 1 DAGs
[2026-05-04T13:24:27.379+0000] {logging_mixin.py:190} INFO - [2026-05-04T13:24:27.378+0000] {dag.py:4180} INFO - Setting next_dagrun for kafka_to_s3 to 2026-05-04 00:00:00+00:00, run_after=2026-05-05 00:00:00+00:00
[2026-05-04T13:24:27.423+0000] {processor.py:208} INFO - Processing /opt/airflow/dags/main.py took 0.763 seconds
[2026-05-04T13:24:58.023+0000] {processor.py:186} INFO - Started process (PID=206) to work on /opt/airflow/dags/main.py
[2026-05-04T13:24:58.025+0000] {processor.py:914} INFO - Processing file /opt/airflow/dags/main.py for tasks to queue
[2026-05-04T13:24:58.031+0000] {logging_mixin.py:190} INFO - [2026-05-04T13:24:58.030+0000] {dagbag.py:588} INFO - Filling up the DagBag from /opt/airflow/dags/main.py
[2026-05-04T13:24:58.204+0000] {processor.py:925} INFO - DAG(s) 'kafka_to_s3' retrieved from /opt/airflow/dags/main.py
[2026-05-04T13:24:58.241+0000] {logging_mixin.py:190} INFO - [2026-05-04T13:24:58.241+0000] {dag.py:3239} INFO - Sync 1 DAGs
[2026-05-04T13:24:58.508+0000] {logging_mixin.py:190} INFO - [2026-05-04T13:24:58.507+0000] {dag.py:4180} INFO - Setting next_dagrun for kafka_to_s3 to 2026-05-04 00:00:00+00:00, run_after=2026-05-05 00:00:00+00:00
[2026-05-04T13:24:58.543+0000] {processor.py:208} INFO - Processing /opt/airflow/dags/main.py took 0.530 seconds
[2026-05-04T13:25:28.888+0000] {processor.py:186} INFO - Started process (PID=212) to work on /opt/airflow/dags/main.py
[2026-05-04T13:25:28.889+0000] {processor.py:914} INFO - Processing file /opt/airflow/dags/main.py for tasks to queue
[2026-05-04T13:25:28.894+0000] {logging_mixin.py:190} INFO - [2026-05-04T13:25:28.894+0000] {dagbag.py:588} INFO - Filling up the DagBag from /opt/airflow/dags/main.py
[2026-05-04T13:25:29.068+0000] {processor.py:925} INFO - DAG(s) 'kafka_to_s3' retrieved from /opt/airflow/dags/main.py
[2026-05-04T13:25:29.110+0000] {logging_mixin.py:190} INFO - [2026-05-04T13:25:29.109+0000] {dag.py:3239} INFO - Sync 1 DAGs
[2026-05-04T13:25:29.358+0000] {logging_mixin.py:190} INFO - [2026-05-04T13:25:29.358+0000] {dag.py:4180} INFO - Setting next_dagrun for kafka_to_s3 to 2026-05-04 00:00:00+00:00, run_after=2026-05-05 00:00:00+00:00
[2026-05-04T13:25:29.390+0000] {processor.py:208} INFO - Processing /opt/airflow/dags/main.py took 0.513 seconds
[2026-05-04T13:25:59.556+0000] {processor.py:186} INFO - Started process (PID=219) to work on /opt/airflow/dags/main.py
[2026-05-04T13:25:59.558+0000] {processor.py:914} INFO - Processing file /opt/airflow/dags/main.py for tasks to queue
[2026-05-04T13:25:59.563+0000] {logging_mixin.py:190} INFO - [2026-05-04T13:25:59.562+0000] {dagbag.py:588} INFO - Filling up the DagBag from /opt/airflow/dags/main.py
[2026-05-04T13:25:59.735+0000] {processor.py:925} INFO - DAG(s) 'kafka_to_s3' retrieved from /opt/airflow/dags/main.py
[2026-05-04T13:26:00.006+0000] {logging_mixin.py:190} INFO - [2026-05-04T13:26:00.006+0000] {dag.py:3239} INFO - Sync 1 DAGs
[2026-05-04T13:26:00.043+0000] {logging_mixin.py:190} INFO - [2026-05-04T13:26:00.042+0000] {dag.py:4180} INFO - Setting next_dagrun for kafka_to_s3 to 2026-05-04 00:00:00+00:00, run_after=2026-05-05 00:00:00+00:00
[2026-05-04T13:26:00.075+0000] {processor.py:208} INFO - Processing /opt/airflow/dags/main.py took 0.529 seconds
[2026-05-04T13:26:30.382+0000] {processor.py:186} INFO - Started process (PID=231) to work on /opt/airflow/dags/main.py
[2026-05-04T13:26:30.384+0000] {processor.py:914} INFO - Processing file /opt/airflow/dags/main.py for tasks to queue
[2026-05-04T13:26:30.389+0000] {logging_mixin.py:190} INFO - [2026-05-04T13:26:30.388+0000] {dagbag.py:588} INFO - Filling up the DagBag from /opt/airflow/dags/main.py
[2026-05-04T13:26:30.853+0000] {processor.py:925} INFO - DAG(s) 'kafka_to_s3' retrieved from /opt/airflow/dags/main.py
[2026-05-04T13:26:30.896+0000] {logging_mixin.py:190} INFO - [2026-05-04T13:26:30.896+0000] {dag.py:3239} INFO - Sync 1 DAGs
[2026-05-04T13:26:30.945+0000] {logging_mixin.py:190} INFO - [2026-05-04T13:26:30.944+0000] {dag.py:4180} INFO - Setting next_dagrun for kafka_to_s3 to 2026-05-04 00:00:00+00:00, run_after=2026-05-05 00:00:00+00:00
[2026-05-04T13:26:30.986+0000] {processor.py:208} INFO - Processing /opt/airflow/dags/main.py took 0.613 seconds
[2026-05-04T13:27:01.472+0000] {processor.py:186} INFO - Started process (PID=238) to work on /opt/airflow/dags/main.py
[2026-05-04T13:27:01.475+0000] {processor.py:914} INFO - Processing file /opt/airflow/dags/main.py for tasks to queue
[2026-05-04T13:27:01.481+0000] {logging_mixin.py:190} INFO - [2026-05-04T13:27:01.480+0000] {dagbag.py:588} INFO - Filling up the DagBag from /opt/airflow/dags/main.py
[2026-05-04T13:27:01.895+0000] {processor.py:925} INFO - DAG(s) 'kafka_to_s3' retrieved from /opt/airflow/dags/main.py
[2026-05-04T13:27:01.927+0000] {logging_mixin.py:190} INFO - [2026-05-04T13:27:01.926+0000] {dag.py:3239} INFO - Sync 1 DAGs
[2026-05-04T13:27:01.956+0000] {logging_mixin.py:190} INFO - [2026-05-04T13:27:01.956+0000] {dag.py:4180} INFO - Setting next_dagrun for kafka_to_s3 to 2026-05-04 00:00:00+00:00, run_after=2026-05-05 00:00:00+00:00
[2026-05-04T13:27:01.987+0000] {processor.py:208} INFO - Processing /opt/airflow/dags/main.py took 0.529 seconds
[2026-05-04T13:27:32.435+0000] {processor.py:186} INFO - Started process (PID=245) to work on /opt/airflow/dags/main.py
[2026-05-04T13:27:32.437+0000] {processor.py:914} INFO - Processing file /opt/airflow/dags/main.py for tasks to queue
[2026-05-04T13:27:32.441+0000] {logging_mixin.py:190} INFO - [2026-05-04T13:27:32.440+0000] {dagbag.py:588} INFO - Filling up the DagBag from /opt/airflow/dags/main.py
[2026-05-04T13:27:32.814+0000] {processor.py:925} INFO - DAG(s) 'kafka_to_s3' retrieved from /opt/airflow/dags/main.py
[2026-05-04T13:27:32.863+0000] {logging_mixin.py:190} INFO - [2026-05-04T13:27:32.863+0000] {dag.py:3239} INFO - Sync 1 DAGs
[2026-05-04T13:27:32.893+0000] {logging_mixin.py:190} INFO - [2026-05-04T13:27:32.893+0000] {dag.py:4180} INFO - Setting next_dagrun for kafka_to_s3 to 2026-05-04 00:00:00+00:00, run_after=2026-05-05 00:00:00+00:00
[2026-05-04T13:27:32.931+0000] {processor.py:208} INFO - Processing /opt/airflow/dags/main.py took 0.506 seconds
[2026-05-04T13:28:03.613+0000] {processor.py:186} INFO - Started process (PID=252) to work on /opt/airflow/dags/main.py
[2026-05-04T13:28:03.616+0000] {processor.py:914} INFO - Processing file /opt/airflow/dags/main.py for tasks to queue
[2026-05-04T13:28:03.622+0000] {logging_mixin.py:190} INFO - [2026-05-04T13:28:03.621+0000] {dagbag.py:588} INFO - Filling up the DagBag from /opt/airflow/dags/main.py
[2026-05-04T13:28:03.841+0000] {processor.py:925} INFO - DAG(s) 'kafka_to_s3' retrieved from /opt/airflow/dags/main.py
[2026-05-04T13:28:03.885+0000] {logging_mixin.py:190} INFO - [2026-05-04T13:28:03.885+0000] {dag.py:3239} INFO - Sync 1 DAGs
[2026-05-04T13:28:04.129+0000] {logging_mixin.py:190} INFO - [2026-05-04T13:28:04.129+0000] {dag.py:4180} INFO - Setting next_dagrun for kafka_to_s3 to 2026-05-04 00:00:00+00:00, run_after=2026-05-05 00:00:00+00:00
[2026-05-04T13:28:04.163+0000] {processor.py:208} INFO - Processing /opt/airflow/dags/main.py took 0.567 seconds
[2026-05-04T13:28:34.431+0000] {processor.py:186} INFO - Started process (PID=259) to work on /opt/airflow/dags/main.py
[2026-05-04T13:28:34.432+0000] {processor.py:914} INFO - Processing file /opt/airflow/dags/main.py for tasks to queue
[2026-05-04T13:28:34.436+0000] {logging_mixin.py:190} INFO - [2026-05-04T13:28:34.436+0000] {dagbag.py:588} INFO - Filling up the DagBag from /opt/airflow/dags/main.py
[2026-05-04T13:28:34.591+0000] {processor.py:925} INFO - DAG(s) 'kafka_to_s3' retrieved from /opt/airflow/dags/main.py
[2026-05-04T13:28:34.627+0000] {logging_mixin.py:190} INFO - [2026-05-04T13:28:34.627+0000] {dag.py:3239} INFO - Sync 1 DAGs
[2026-05-04T13:28:35.018+0000] {logging_mixin.py:190} INFO - [2026-05-04T13:28:35.018+0000] {dag.py:4180} INFO - Setting next_dagrun for kafka_to_s3 to 2026-05-04 00:00:00+00:00, run_after=2026-05-05 00:00:00+00:00
[2026-05-04T13:28:35.068+0000] {processor.py:208} INFO - Processing /opt/airflow/dags/main.py took 0.646 seconds
[2026-05-04T13:29:05.742+0000] {processor.py:186} INFO - Started process (PID=266) to work on /opt/airflow/dags/main.py
[2026-05-04T13:29:05.746+0000] {processor.py:914} INFO - Processing file /opt/airflow/dags/main.py for tasks to queue
[2026-05-04T13:29:05.753+0000] {logging_mixin.py:190} INFO - [2026-05-04T13:29:05.752+0000] {dagbag.py:588} INFO - Filling up the DagBag from /opt/airflow/dags/main.py
[2026-05-04T13:29:06.009+0000] {processor.py:925} INFO - DAG(s) 'kafka_to_s3' retrieved from /opt/airflow/dags/main.py
[2026-05-04T13:29:06.315+0000] {logging_mixin.py:190} INFO - [2026-05-04T13:29:06.315+0000] {dag.py:3239} INFO - Sync 1 DAGs
[2026-05-04T13:29:06.356+0000] {logging_mixin.py:190} INFO - [2026-05-04T13:29:06.356+0000] {dag.py:4180} INFO - Setting next_dagrun for kafka_to_s3 to 2026-05-04 00:00:00+00:00, run_after=2026-05-05 00:00:00+00:00
[2026-05-04T13:29:06.402+0000] {processor.py:208} INFO - Processing /opt/airflow/dags/main.py took 0.680 seconds
[2026-05-04T13:29:36.730+0000] {processor.py:186} INFO - Started process (PID=273) to work on /opt/airflow/dags/main.py
[2026-05-04T13:29:36.732+0000] {processor.py:914} INFO - Processing file /opt/airflow/dags/main.py for tasks to queue
[2026-05-04T13:29:36.736+0000] {logging_mixin.py:190} INFO - [2026-05-04T13:29:36.736+0000] {dagbag.py:588} INFO - Filling up the DagBag from /opt/airflow/dags/main.py
[2026-05-04T13:29:37.102+0000] {processor.py:925} INFO - DAG(s) 'kafka_to_s3' retrieved from /opt/airflow/dags/main.py
[2026-05-04T13:29:37.142+0000] {logging_mixin.py:190} INFO - [2026-05-04T13:29:37.142+0000] {dag.py:3239} INFO - Sync 1 DAGs
[2026-05-04T13:29:37.179+0000] {logging_mixin.py:190} INFO - [2026-05-04T13:29:37.178+0000] {dag.py:4180} INFO - Setting next_dagrun for kafka_to_s3 to 2026-05-04 00:00:00+00:00, run_after=2026-05-05 00:00:00+00:00
[2026-05-04T13:29:37.218+0000] {processor.py:208} INFO - Processing /opt/airflow/dags/main.py took 0.498 seconds
[2026-05-04T13:30:07.376+0000] {processor.py:186} INFO - Started process (PID=280) to work on /opt/airflow/dags/main.py
[2026-05-04T13:30:07.378+0000] {processor.py:914} INFO - Processing file /opt/airflow/dags/main.py for tasks to queue
[2026-05-04T13:30:07.382+0000] {logging_mixin.py:190} INFO - [2026-05-04T13:30:07.381+0000] {dagbag.py:588} INFO - Filling up the DagBag from /opt/airflow/dags/main.py
[2026-05-04T13:30:07.789+0000] {processor.py:925} INFO - DAG(s) 'kafka_to_s3' retrieved from /opt/airflow/dags/main.py
[2026-05-04T13:30:07.824+0000] {logging_mixin.py:190} INFO - [2026-05-04T13:30:07.823+0000] {dag.py:3239} INFO - Sync 1 DAGs
[2026-05-04T13:30:07.861+0000] {logging_mixin.py:190} INFO - [2026-05-04T13:30:07.861+0000] {dag.py:4180} INFO - Setting next_dagrun for kafka_to_s3 to 2026-05-04 00:00:00+00:00, run_after=2026-05-05 00:00:00+00:00
[2026-05-04T13:30:07.896+0000] {processor.py:208} INFO - Processing /opt/airflow/dags/main.py took 0.534 seconds
[2026-05-04T13:30:38.422+0000] {processor.py:186} INFO - Started process (PID=287) to work on /opt/airflow/dags/main.py
[2026-05-04T13:30:38.424+0000] {processor.py:914} INFO - Processing file /opt/airflow/dags/main.py for tasks to queue
[2026-05-04T13:30:38.430+0000] {logging_mixin.py:190} INFO - [2026-05-04T13:30:38.429+0000] {dagbag.py:588} INFO - Filling up the DagBag from /opt/airflow/dags/main.py
[2026-05-04T13:30:38.611+0000] {processor.py:925} INFO - DAG(s) 'kafka_to_s3' retrieved from /opt/airflow/dags/main.py
[2026-05-04T13:30:38.644+0000] {logging_mixin.py:190} INFO - [2026-05-04T13:30:38.643+0000] {dag.py:3239} INFO - Sync 1 DAGs
[2026-05-04T13:30:38.678+0000] {logging_mixin.py:190} INFO - [2026-05-04T13:30:38.678+0000] {dag.py:4180} INFO - Setting next_dagrun for kafka_to_s3 to 2026-05-04 00:00:00+00:00, run_after=2026-05-05 00:00:00+00:00
[2026-05-04T13:30:38.915+0000] {processor.py:208} INFO - Processing /opt/airflow/dags/main.py took 0.509 seconds
[2026-05-04T13:31:09.102+0000] {processor.py:186} INFO - Started process (PID=293) to work on /opt/airflow/dags/main.py
[2026-05-04T13:31:09.104+0000] {processor.py:914} INFO - Processing file /opt/airflow/dags/main.py for tasks to queue
[2026-05-04T13:31:09.108+0000] {logging_mixin.py:190} INFO - [2026-05-04T13:31:09.108+0000] {dagbag.py:588} INFO - Filling up the DagBag from /opt/airflow/dags/main.py
[2026-05-04T13:31:09.271+0000] {processor.py:925} INFO - DAG(s) 'kafka_to_s3' retrieved from /opt/airflow/dags/main.py
[2026-05-04T13:31:09.305+0000] {logging_mixin.py:190} INFO - [2026-05-04T13:31:09.305+0000] {dag.py:3239} INFO - Sync 1 DAGs
[2026-05-04T13:31:09.538+0000] {logging_mixin.py:190} INFO - [2026-05-04T13:31:09.538+0000] {dag.py:4180} INFO - Setting next_dagrun for kafka_to_s3 to 2026-05-04 00:00:00+00:00, run_after=2026-05-05 00:00:00+00:00
[2026-05-04T13:31:09.571+0000] {processor.py:208} INFO - Processing /opt/airflow/dags/main.py took 0.482 seconds
[2026-05-04T13:31:39.923+0000] {processor.py:186} INFO - Started process (PID=299) to work on /opt/airflow/dags/main.py
[2026-05-04T13:31:39.927+0000] {processor.py:914} INFO - Processing file /opt/airflow/dags/main.py for tasks to queue
[2026-05-04T13:31:39.932+0000] {logging_mixin.py:190} INFO - [2026-05-04T13:31:39.931+0000] {dagbag.py:588} INFO - Filling up the DagBag from /opt/airflow/dags/main.py
[2026-05-04T13:31:40.126+0000] {processor.py:925} INFO - DAG(s) 'kafka_to_s3' retrieved from /opt/airflow/dags/main.py
[2026-05-04T13:31:40.177+0000] {logging_mixin.py:190} INFO - [2026-05-04T13:31:40.176+0000] {dag.py:3239} INFO - Sync 1 DAGs
[2026-05-04T13:31:40.600+0000] {logging_mixin.py:190} INFO - [2026-05-04T13:31:40.599+0000] {dag.py:4180} INFO - Setting next_dagrun for kafka_to_s3 to 2026-05-04 00:00:00+00:00, run_after=2026-05-05 00:00:00+00:00
[2026-05-04T13:31:40.639+0000] {processor.py:208} INFO - Processing /opt/airflow/dags/main.py took 0.728 seconds
[2026-05-04T13:32:11.185+0000] {processor.py:186} INFO - Started process (PID=306) to work on /opt/airflow/dags/main.py
[2026-05-04T13:32:11.188+0000] {processor.py:914} INFO - Processing file /opt/airflow/dags/main.py for tasks to queue
[2026-05-04T13:32:11.195+0000] {logging_mixin.py:190} INFO - [2026-05-04T13:32:11.194+0000] {dagbag.py:588} INFO - Filling up the DagBag from /opt/airflow/dags/main.py
[2026-05-04T13:32:11.386+0000] {processor.py:925} INFO - DAG(s) 'kafka_to_s3' retrieved from /opt/airflow/dags/main.py
[2026-05-04T13:32:11.692+0000] {logging_mixin.py:190} INFO - [2026-05-04T13:32:11.692+0000] {dag.py:3239} INFO - Sync 1 DAGs
[2026-05-04T13:32:11.727+0000] {logging_mixin.py:190} INFO - [2026-05-04T13:32:11.727+0000] {dag.py:4180} INFO - Setting next_dagrun for kafka_to_s3 to 2026-05-04 00:00:00+00:00, run_after=2026-05-05 00:00:00+00:00
[2026-05-04T13:32:11.755+0000] {processor.py:208} INFO - Processing /opt/airflow/dags/main.py took 0.589 seconds
[2026-05-04T13:32:41.984+0000] {processor.py:186} INFO - Started process (PID=313) to work on /opt/airflow/dags/main.py
[2026-05-04T13:32:41.986+0000] {processor.py:914} INFO - Processing file /opt/airflow/dags/main.py for tasks to queue
[2026-05-04T13:32:41.992+0000] {logging_mixin.py:190} INFO - [2026-05-04T13:32:41.991+0000] {dagbag.py:588} INFO - Filling up the DagBag from /opt/airflow/dags/main.py
[2026-05-04T13:32:42.760+0000] {processor.py:925} INFO - DAG(s) 'kafka_to_s3' retrieved from /opt/airflow/dags/main.py
[2026-05-04T13:32:42.827+0000] {logging_mixin.py:190} INFO - [2026-05-04T13:32:42.826+0000] {dag.py:3239} INFO - Sync 1 DAGs
[2026-05-04T13:32:42.885+0000] {logging_mixin.py:190} INFO - [2026-05-04T13:32:42.885+0000] {dag.py:4180} INFO - Setting next_dagrun for kafka_to_s3 to 2026-05-04 00:00:00+00:00, run_after=2026-05-05 00:00:00+00:00
[2026-05-04T13:32:42.923+0000] {processor.py:208} INFO - Processing /opt/airflow/dags/main.py took 0.994 seconds
[2026-05-04T13:33:13.461+0000] {processor.py:186} INFO - Started process (PID=320) to work on /opt/airflow/dags/main.py
[2026-05-04T13:33:13.463+0000] {processor.py:914} INFO - Processing file /opt/airflow/dags/main.py for tasks to queue
[2026-05-04T13:33:13.468+0000] {logging_mixin.py:190} INFO - [2026-05-04T13:33:13.467+0000] {dagbag.py:588} INFO - Filling up the DagBag from /opt/airflow/dags/main.py
[2026-05-04T13:33:13.924+0000] {processor.py:925} INFO - DAG(s) 'kafka_to_s3' retrieved from /opt/airflow/dags/main.py
[2026-05-04T13:33:13.962+0000] {logging_mixin.py:190} INFO - [2026-05-04T13:33:13.962+0000] {dag.py:3239} INFO - Sync 1 DAGs
[2026-05-04T13:33:13.994+0000] {logging_mixin.py:190} INFO - [2026-05-04T13:33:13.993+0000] {dag.py:4180} INFO - Setting next_dagrun for kafka_to_s3 to 2026-05-04 00:00:00+00:00, run_after=2026-05-05 00:00:00+00:00
[2026-05-04T13:33:14.037+0000] {processor.py:208} INFO - Processing /opt/airflow/dags/main.py took 0.586 seconds
[2026-05-04T13:33:44.625+0000] {processor.py:186} INFO - Started process (PID=327) to work on /opt/airflow/dags/main.py
[2026-05-04T13:33:44.628+0000] {processor.py:914} INFO - Processing file /opt/airflow/dags/main.py for tasks to queue
[2026-05-04T13:33:44.634+0000] {logging_mixin.py:190} INFO - [2026-05-04T13:33:44.633+0000] {dagbag.py:588} INFO - Filling up the DagBag from /opt/airflow/dags/main.py
[2026-05-04T13:33:44.840+0000] {processor.py:925} INFO - DAG(s) 'kafka_to_s3' retrieved from /opt/airflow/dags/main.py
[2026-05-04T13:33:44.878+0000] {logging_mixin.py:190} INFO - [2026-05-04T13:33:44.878+0000] {dag.py:3239} INFO - Sync 1 DAGs
[2026-05-04T13:33:45.140+0000] {logging_mixin.py:190} INFO - [2026-05-04T13:33:45.140+0000] {dag.py:4180} INFO - Setting next_dagrun for kafka_to_s3 to 2026-05-04 00:00:00+00:00, run_after=2026-05-05 00:00:00+00:00
[2026-05-04T13:33:45.168+0000] {processor.py:208} INFO - Processing /opt/airflow/dags/main.py took 0.560 seconds
[2026-05-04T13:34:15.391+0000] {processor.py:186} INFO - Started process (PID=334) to work on /opt/airflow/dags/main.py
[2026-05-04T13:34:15.394+0000] {processor.py:914} INFO - Processing file /opt/airflow/dags/main.py for tasks to queue
[2026-05-04T13:34:15.399+0000] {logging_mixin.py:190} INFO - [2026-05-04T13:34:15.398+0000] {dagbag.py:588} INFO - Filling up the DagBag from /opt/airflow/dags/main.py
[2026-05-04T13:34:15.572+0000] {processor.py:925} INFO - DAG(s) 'kafka_to_s3' retrieved from /opt/airflow/dags/main.py
[2026-05-04T13:34:15.626+0000] {logging_mixin.py:190} INFO - [2026-05-04T13:34:15.626+0000] {dag.py:3239} INFO - Sync 1 DAGs
[2026-05-04T13:34:15.904+0000] {logging_mixin.py:190} INFO - [2026-05-04T13:34:15.904+0000] {dag.py:4180} INFO - Setting next_dagrun for kafka_to_s3 to 2026-05-04 00:00:00+00:00, run_after=2026-05-05 00:00:00+00:00
[2026-05-04T13:34:15.942+0000] {processor.py:208} INFO - Processing /opt/airflow/dags/main.py took 0.564 seconds
[2026-05-04T13:34:46.401+0000] {processor.py:186} INFO - Started process (PID=341) to work on /opt/airflow/dags/main.py
[2026-05-04T13:34:46.403+0000] {processor.py:914} INFO - Processing file /opt/airflow/dags/main.py for tasks to queue
[2026-05-04T13:34:46.408+0000] {logging_mixin.py:190} INFO - [2026-05-04T13:34:46.408+0000] {dagbag.py:588} INFO - Filling up the DagBag from /opt/airflow/dags/main.py
[2026-05-04T13:34:46.577+0000] {processor.py:925} INFO - DAG(s) 'kafka_to_s3' retrieved from /opt/airflow/dags/main.py
[2026-05-04T13:34:46.805+0000] {logging_mixin.py:190} INFO - [2026-05-04T13:34:46.804+0000] {dag.py:3239} INFO - Sync 1 DAGs
[2026-05-04T13:34:46.836+0000] {logging_mixin.py:190} INFO - [2026-05-04T13:34:46.836+0000] {dag.py:4180} INFO - Setting next_dagrun for kafka_to_s3 to 2026-05-04 00:00:00+00:00, run_after=2026-05-05 00:00:00+00:00
[2026-05-04T13:34:46.866+0000] {processor.py:208} INFO - Processing /opt/airflow/dags/main.py took 0.476 seconds
[2026-05-04T13:35:17.483+0000] {processor.py:186} INFO - Started process (PID=348) to work on /opt/airflow/dags/main.py
[2026-05-04T13:35:17.485+0000] {processor.py:914} INFO - Processing file /opt/airflow/dags/main.py for tasks to queue
[2026-05-04T13:35:17.489+0000] {logging_mixin.py:190} INFO - [2026-05-04T13:35:17.488+0000] {dagbag.py:588} INFO - Filling up the DagBag from /opt/airflow/dags/main.py
[2026-05-04T13:35:17.922+0000] {processor.py:925} INFO - DAG(s) 'kafka_to_s3' retrieved from /opt/airflow/dags/main.py
[2026-05-04T13:35:17.955+0000] {logging_mixin.py:190} INFO - [2026-05-04T13:35:17.955+0000] {dag.py:3239} INFO - Sync 1 DAGs
[2026-05-04T13:35:17.982+0000] {logging_mixin.py:190} INFO - [2026-05-04T13:35:17.982+0000] {dag.py:4180} INFO - Setting next_dagrun for kafka_to_s3 to 2026-05-04 00:00:00+00:00, run_after=2026-05-05 00:00:00+00:00
[2026-05-04T13:35:18.006+0000] {processor.py:208} INFO - Processing /opt/airflow/dags/main.py took 0.532 seconds
[2026-05-04T13:35:48.283+0000] {processor.py:186} INFO - Started process (PID=356) to work on /opt/airflow/dags/main.py
[2026-05-04T13:35:48.285+0000] {processor.py:914} INFO - Processing file /opt/airflow/dags/main.py for tasks to queue
[2026-05-04T13:35:48.292+0000] {logging_mixin.py:190} INFO - [2026-05-04T13:35:48.292+0000] {dagbag.py:588} INFO - Filling up the DagBag from /opt/airflow/dags/main.py
[2026-05-04T13:35:48.693+0000] {processor.py:925} INFO - DAG(s) 'kafka_to_s3' retrieved from /opt/airflow/dags/main.py
[2026-05-04T13:35:48.728+0000] {logging_mixin.py:190} INFO - [2026-05-04T13:35:48.727+0000] {dag.py:3239} INFO - Sync 1 DAGs
[2026-05-04T13:35:48.765+0000] {logging_mixin.py:190} INFO - [2026-05-04T13:35:48.764+0000] {dag.py:4180} INFO - Setting next_dagrun for kafka_to_s3 to 2026-05-04 00:00:00+00:00, run_after=2026-05-05 00:00:00+00:00
[2026-05-04T13:35:48.799+0000] {processor.py:208} INFO - Processing /opt/airflow/dags/main.py took 0.533 seconds
[2026-05-04T13:36:19.311+0000] {processor.py:186} INFO - Started process (PID=363) to work on /opt/airflow/dags/main.py
[2026-05-04T13:36:19.313+0000] {processor.py:914} INFO - Processing file /opt/airflow/dags/main.py for tasks to queue
[2026-05-04T13:36:19.317+0000] {logging_mixin.py:190} INFO - [2026-05-04T13:36:19.317+0000] {dagbag.py:588} INFO - Filling up the DagBag from /opt/airflow/dags/main.py
[2026-05-04T13:36:19.724+0000] {processor.py:925} INFO - DAG(s) 'kafka_to_s3' retrieved from /opt/airflow/dags/main.py
[2026-05-04T13:36:19.776+0000] {logging_mixin.py:190} INFO - [2026-05-04T13:36:19.776+0000] {dag.py:3239} INFO - Sync 1 DAGs
[2026-05-04T13:36:19.808+0000] {logging_mixin.py:190} INFO - [2026-05-04T13:36:19.808+0000] {dag.py:4180} INFO - Setting next_dagrun for kafka_to_s3 to 2026-05-04 00:00:00+00:00, run_after=2026-05-05 00:00:00+00:00
[2026-05-04T13:36:19.834+0000] {processor.py:208} INFO - Processing /opt/airflow/dags/main.py took 0.533 seconds
[2026-05-04T13:36:50.221+0000] {processor.py:186} INFO - Started process (PID=371) to work on /opt/airflow/dags/main.py
[2026-05-04T13:36:50.223+0000] {processor.py:914} INFO - Processing file /opt/airflow/dags/main.py for tasks to queue
[2026-05-04T13:36:50.228+0000] {logging_mixin.py:190} INFO - [2026-05-04T13:36:50.228+0000] {dagbag.py:588} INFO - Filling up the DagBag from /opt/airflow/dags/main.py
[2026-05-04T13:36:50.399+0000] {processor.py:925} INFO - DAG(s) 'kafka_to_s3' retrieved from /opt/airflow/dags/main.py
[2026-05-04T13:36:50.435+0000] {logging_mixin.py:190} INFO - [2026-05-04T13:36:50.435+0000] {dag.py:3239} INFO - Sync 1 DAGs
[2026-05-04T13:36:50.684+0000] {logging_mixin.py:190} INFO - [2026-05-04T13:36:50.683+0000] {dag.py:4180} INFO - Setting next_dagrun for kafka_to_s3 to 2026-05-04 00:00:00+00:00, run_after=2026-05-05 00:00:00+00:00
[2026-05-04T13:36:50.715+0000] {processor.py:208} INFO - Processing /opt/airflow/dags/main.py took 0.508 seconds
[2026-05-04T13:37:21.051+0000] {processor.py:186} INFO - Started process (PID=378) to work on /opt/airflow/dags/main.py
[2026-05-04T13:37:21.054+0000] {processor.py:914} INFO - Processing file /opt/airflow/dags/main.py for tasks to queue
[2026-05-04T13:37:21.062+0000] {logging_mixin.py:190} INFO - [2026-05-04T13:37:21.061+0000] {dagbag.py:588} INFO - Filling up the DagBag from /opt/airflow/dags/main.py
[2026-05-04T13:37:21.256+0000] {processor.py:925} INFO - DAG(s) 'kafka_to_s3' retrieved from /opt/airflow/dags/main.py
[2026-05-04T13:37:21.289+0000] {logging_mixin.py:190} INFO - [2026-05-04T13:37:21.289+0000] {dag.py:3239} INFO - Sync 1 DAGs
[2026-05-04T13:37:21.529+0000] {logging_mixin.py:190} INFO - [2026-05-04T13:37:21.528+0000] {dag.py:4180} INFO - Setting next_dagrun for kafka_to_s3 to 2026-05-04 00:00:00+00:00, run_after=2026-05-05 00:00:00+00:00
[2026-05-04T13:37:21.560+0000] {processor.py:208} INFO - Processing /opt/airflow/dags/main.py took 0.517 seconds
[2026-05-04T13:37:51.954+0000] {processor.py:186} INFO - Started process (PID=384) to work on /opt/airflow/dags/main.py
[2026-05-04T13:37:51.955+0000] {processor.py:914} INFO - Processing file /opt/airflow/dags/main.py for tasks to queue
[2026-05-04T13:37:51.960+0000] {logging_mixin.py:190} INFO - [2026-05-04T13:37:51.959+0000] {dagbag.py:588} INFO - Filling up the DagBag from /opt/airflow/dags/main.py
[2026-05-04T13:37:52.110+0000] {processor.py:925} INFO - DAG(s) 'kafka_to_s3' retrieved from /opt/airflow/dags/main.py
[2026-05-04T13:37:52.338+0000] {logging_mixin.py:190} INFO - [2026-05-04T13:37:52.338+0000] {dag.py:3239} INFO - Sync 1 DAGs
[2026-05-04T13:37:52.381+0000] {logging_mixin.py:190} INFO - [2026-05-04T13:37:52.381+0000] {dag.py:4180} INFO - Setting next_dagrun for kafka_to_s3 to 2026-05-04 00:00:00+00:00, run_after=2026-05-05 00:00:00+00:00
[2026-05-04T13:37:52.409+0000] {processor.py:208} INFO - Processing /opt/airflow/dags/main.py took 0.467 seconds
[2026-05-04T13:38:22.565+0000] {processor.py:186} INFO - Started process (PID=391) to work on /opt/airflow/dags/main.py
[2026-05-04T13:38:22.567+0000] {processor.py:914} INFO - Processing file /opt/airflow/dags/main.py for tasks to queue
[2026-05-04T13:38:22.572+0000] {logging_mixin.py:190} INFO - [2026-05-04T13:38:22.571+0000] {dagbag.py:588} INFO - Filling up the DagBag from /opt/airflow/dags/main.py
[2026-05-04T13:38:22.929+0000] {processor.py:925} INFO - DAG(s) 'kafka_to_s3' retrieved from /opt/airflow/dags/main.py
[2026-05-04T13:38:22.967+0000] {logging_mixin.py:190} INFO - [2026-05-04T13:38:22.967+0000] {dag.py:3239} INFO - Sync 1 DAGs
[2026-05-04T13:38:22.994+0000] {logging_mixin.py:190} INFO - [2026-05-04T13:38:22.994+0000] {dag.py:4180} INFO - Setting next_dagrun for kafka_to_s3 to 2026-05-04 00:00:00+00:00, run_after=2026-05-05 00:00:00+00:00
[2026-05-04T13:38:23.018+0000] {processor.py:208} INFO - Processing /opt/airflow/dags/main.py took 0.465 seconds
[2026-05-04T13:38:53.366+0000] {processor.py:186} INFO - Started process (PID=397) to work on /opt/airflow/dags/main.py
[2026-05-04T13:38:53.368+0000] {processor.py:914} INFO - Processing file /opt/airflow/dags/main.py for tasks to queue
[2026-05-04T13:38:53.375+0000] {logging_mixin.py:190} INFO - [2026-05-04T13:38:53.374+0000] {dagbag.py:588} INFO - Filling up the DagBag from /opt/airflow/dags/main.py
[2026-05-04T13:38:53.806+0000] {processor.py:925} INFO - DAG(s) 'kafka_to_s3' retrieved from /opt/airflow/dags/main.py
[2026-05-04T13:38:53.839+0000] {logging_mixin.py:190} INFO - [2026-05-04T13:38:53.838+0000] {dag.py:3239} INFO - Sync 1 DAGs
[2026-05-04T13:38:53.867+0000] {logging_mixin.py:190} INFO - [2026-05-04T13:38:53.867+0000] {dag.py:4180} INFO - Setting next_dagrun for kafka_to_s3 to 2026-05-04 00:00:00+00:00, run_after=2026-05-05 00:00:00+00:00
[2026-05-04T13:38:53.895+0000] {processor.py:208} INFO - Processing /opt/airflow/dags/main.py took 0.545 seconds
[2026-05-04T13:39:24.408+0000] {processor.py:186} INFO - Started process (PID=403) to work on /opt/airflow/dags/main.py
[2026-05-04T13:39:24.410+0000] {processor.py:914} INFO - Processing file /opt/airflow/dags/main.py for tasks to queue
[2026-05-04T13:39:24.415+0000] {logging_mixin.py:190} INFO - [2026-05-04T13:39:24.414+0000] {dagbag.py:588} INFO - Filling up the DagBag from /opt/airflow/dags/main.py
[2026-05-04T13:39:24.596+0000] {processor.py:925} INFO - DAG(s) 'kafka_to_s3' retrieved from /opt/airflow/dags/main.py
[2026-05-04T13:39:24.633+0000] {logging_mixin.py:190} INFO - [2026-05-04T13:39:24.632+0000] {dag.py:3239} INFO - Sync 1 DAGs
[2026-05-04T13:39:24.877+0000] {logging_mixin.py:190} INFO - [2026-05-04T13:39:24.877+0000] {dag.py:4180} INFO - Setting next_dagrun for kafka_to_s3 to 2026-05-04 00:00:00+00:00, run_after=2026-05-05 00:00:00+00:00
[2026-05-04T13:39:24.917+0000] {processor.py:208} INFO - Processing /opt/airflow/dags/main.py took 0.528 seconds
[2026-05-04T13:39:55.716+0000] {processor.py:186} INFO - Started process (PID=410) to work on /opt/airflow/dags/main.py
[2026-05-04T13:39:55.718+0000] {processor.py:914} INFO - Processing file /opt/airflow/dags/main.py for tasks to queue
[2026-05-04T13:39:55.725+0000] {logging_mixin.py:190} INFO - [2026-05-04T13:39:55.724+0000] {dagbag.py:588} INFO - Filling up the DagBag from /opt/airflow/dags/main.py
[2026-05-04T13:39:56.007+0000] {processor.py:925} INFO - DAG(s) 'kafka_to_s3' retrieved from /opt/airflow/dags/main.py
[2026-05-04T13:39:56.052+0000] {logging_mixin.py:190} INFO - [2026-05-04T13:39:56.051+0000] {dag.py:3239} INFO - Sync 1 DAGs
[2026-05-04T13:39:56.476+0000] {logging_mixin.py:190} INFO - [2026-05-04T13:39:56.475+0000] {dag.py:4180} INFO - Setting next_dagrun for kafka_to_s3 to 2026-05-04 00:00:00+00:00, run_after=2026-05-05 00:00:00+00:00
[2026-05-04T13:39:56.537+0000] {processor.py:208} INFO - Processing /opt/airflow/dags/main.py took 0.833 seconds
[2026-05-04T13:40:27.192+0000] {processor.py:186} INFO - Started process (PID=417) to work on /opt/airflow/dags/main.py
[2026-05-04T13:40:27.194+0000] {processor.py:914} INFO - Processing file /opt/airflow/dags/main.py for tasks to queue
[2026-05-04T13:40:27.197+0000] {logging_mixin.py:190} INFO - [2026-05-04T13:40:27.197+0000] {dagbag.py:588} INFO - Filling up the DagBag from /opt/airflow/dags/main.py
[2026-05-04T13:40:27.428+0000] {processor.py:925} INFO - DAG(s) 'kafka_to_s3' retrieved from /opt/airflow/dags/main.py
[2026-05-04T13:40:27.723+0000] {logging_mixin.py:190} INFO - [2026-05-04T13:40:27.722+0000] {dag.py:3239} INFO - Sync 1 DAGs
[2026-05-04T13:40:27.765+0000] {logging_mixin.py:190} INFO - [2026-05-04T13:40:27.764+0000] {dag.py:4180} INFO - Setting next_dagrun for kafka_to_s3 to 2026-05-04 00:00:00+00:00, run_after=2026-05-05 00:00:00+00:00
[2026-05-04T13:40:27.798+0000] {processor.py:208} INFO - Processing /opt/airflow/dags/main.py took 0.622 seconds
[2026-05-04T13:40:58.275+0000] {processor.py:186} INFO - Started process (PID=423) to work on /opt/airflow/dags/main.py
[2026-05-04T13:40:58.277+0000] {processor.py:914} INFO - Processing file /opt/airflow/dags/main.py for tasks to queue
[2026-05-04T13:40:58.282+0000] {logging_mixin.py:190} INFO - [2026-05-04T13:40:58.281+0000] {dagbag.py:588} INFO - Filling up the DagBag from /opt/airflow/dags/main.py
[2026-05-04T13:40:58.455+0000] {processor.py:925} INFO - DAG(s) 'kafka_to_s3' retrieved from /opt/airflow/dags/main.py
[2026-05-04T13:40:58.696+0000] {logging_mixin.py:190} INFO - [2026-05-04T13:40:58.696+0000] {dag.py:3239} INFO - Sync 1 DAGs
[2026-05-04T13:40:58.725+0000] {logging_mixin.py:190} INFO - [2026-05-04T13:40:58.725+0000] {dag.py:4180} INFO - Setting next_dagrun for kafka_to_s3 to 2026-05-04 00:00:00+00:00, run_after=2026-05-05 00:00:00+00:00
[2026-05-04T13:40:58.754+0000] {processor.py:208} INFO - Processing /opt/airflow/dags/main.py took 0.489 seconds
[2026-05-04T13:41:29.142+0000] {processor.py:186} INFO - Started process (PID=430) to work on /opt/airflow/dags/main.py
[2026-05-04T13:41:29.144+0000] {processor.py:914} INFO - Processing file /opt/airflow/dags/main.py for tasks to queue
[2026-05-04T13:41:29.149+0000] {logging_mixin.py:190} INFO - [2026-05-04T13:41:29.148+0000] {dagbag.py:588} INFO - Filling up the DagBag from /opt/airflow/dags/main.py
[2026-05-04T13:41:29.615+0000] {processor.py:925} INFO - DAG(s) 'kafka_to_s3' retrieved from /opt/airflow/dags/main.py
[2026-05-04T13:41:29.662+0000] {logging_mixin.py:190} INFO - [2026-05-04T13:41:29.662+0000] {dag.py:3239} INFO - Sync 1 DAGs
[2026-05-04T13:41:29.696+0000] {logging_mixin.py:190} INFO - [2026-05-04T13:41:29.695+0000] {dag.py:4180} INFO - Setting next_dagrun for kafka_to_s3 to 2026-05-04 00:00:00+00:00, run_after=2026-05-05 00:00:00+00:00
[2026-05-04T13:41:29.723+0000] {processor.py:208} INFO - Processing /opt/airflow/dags/main.py took 0.602 seconds
[2026-05-04T13:42:00.311+0000] {processor.py:186} INFO - Started process (PID=437) to work on /opt/airflow/dags/main.py
[2026-05-04T13:42:00.314+0000] {processor.py:914} INFO - Processing file /opt/airflow/dags/main.py for tasks to queue
[2026-05-04T13:42:00.320+0000] {logging_mixin.py:190} INFO - [2026-05-04T13:42:00.319+0000] {dagbag.py:588} INFO - Filling up the DagBag from /opt/airflow/dags/main.py
[2026-05-04T13:42:00.714+0000] {processor.py:925} INFO - DAG(s) 'kafka_to_s3' retrieved from /opt/airflow/dags/main.py
[2026-05-04T13:42:00.760+0000] {logging_mixin.py:190} INFO - [2026-05-04T13:42:00.759+0000] {dag.py:3239} INFO - Sync 1 DAGs
[2026-05-04T13:42:00.789+0000] {logging_mixin.py:190} INFO - [2026-05-04T13:42:00.789+0000] {dag.py:4180} INFO - Setting next_dagrun for kafka_to_s3 to 2026-05-04 00:00:00+00:00, run_after=2026-05-05 00:00:00+00:00
[2026-05-04T13:42:00.819+0000] {processor.py:208} INFO - Processing /opt/airflow/dags/main.py took 0.525 seconds
[2026-05-04T13:42:31.092+0000] {processor.py:186} INFO - Started process (PID=444) to work on /opt/airflow/dags/main.py
[2026-05-04T13:42:31.094+0000] {processor.py:914} INFO - Processing file /opt/airflow/dags/main.py for tasks to queue
[2026-05-04T13:42:31.098+0000] {logging_mixin.py:190} INFO - [2026-05-04T13:42:31.097+0000] {dagbag.py:588} INFO - Filling up the DagBag from /opt/airflow/dags/main.py
[2026-05-04T13:42:31.270+0000] {processor.py:925} INFO - DAG(s) 'kafka_to_s3' retrieved from /opt/airflow/dags/main.py
[2026-05-04T13:42:31.313+0000] {logging_mixin.py:190} INFO - [2026-05-04T13:42:31.313+0000] {dag.py:3239} INFO - Sync 1 DAGs
[2026-05-04T13:42:31.547+0000] {logging_mixin.py:190} INFO - [2026-05-04T13:42:31.546+0000] {dag.py:4180} INFO - Setting next_dagrun for kafka_to_s3 to 2026-05-04 00:00:00+00:00, run_after=2026-05-05 00:00:00+00:00
[2026-05-04T13:42:31.583+0000] {processor.py:208} INFO - Processing /opt/airflow/dags/main.py took 0.502 seconds
[2026-05-04T13:43:01.774+0000] {processor.py:186} INFO - Started process (PID=451) to work on /opt/airflow/dags/main.py
[2026-05-04T13:43:01.778+0000] {processor.py:914} INFO - Processing file /opt/airflow/dags/main.py for tasks to queue
[2026-05-04T13:43:01.783+0000] {logging_mixin.py:190} INFO - [2026-05-04T13:43:01.782+0000] {dagbag.py:588} INFO - Filling up the DagBag from /opt/airflow/dags/main.py
[2026-05-04T13:43:01.974+0000] {processor.py:925} INFO - DAG(s) 'kafka_to_s3' retrieved from /opt/airflow/dags/main.py
[2026-05-04T13:43:02.020+0000] {logging_mixin.py:190} INFO - [2026-05-04T13:43:02.020+0000] {dag.py:3239} INFO - Sync 1 DAGs
[2026-05-04T13:43:02.260+0000] {logging_mixin.py:190} INFO - [2026-05-04T13:43:02.259+0000] {dag.py:4180} INFO - Setting next_dagrun for kafka_to_s3 to 2026-05-04 00:00:00+00:00, run_after=2026-05-05 00:00:00+00:00
[2026-05-04T13:43:02.291+0000] {processor.py:208} INFO - Processing /opt/airflow/dags/main.py took 0.528 seconds
[2026-05-04T13:43:32.750+0000] {processor.py:186} INFO - Started process (PID=458) to work on /opt/airflow/dags/main.py
[2026-05-04T13:43:32.753+0000] {processor.py:914} INFO - Processing file /opt/airflow/dags/main.py for tasks to queue
[2026-05-04T13:43:32.759+0000] {logging_mixin.py:190} INFO - [2026-05-04T13:43:32.758+0000] {dagbag.py:588} INFO - Filling up the DagBag from /opt/airflow/dags/main.py
[2026-05-04T13:43:32.942+0000] {processor.py:925} INFO - DAG(s) 'kafka_to_s3' retrieved from /opt/airflow/dags/main.py
[2026-05-04T13:43:33.179+0000] {logging_mixin.py:190} INFO - [2026-05-04T13:43:33.178+0000] {dag.py:3239} INFO - Sync 1 DAGs
[2026-05-04T13:43:33.229+0000] {logging_mixin.py:190} INFO - [2026-05-04T13:43:33.229+0000] {dag.py:4180} INFO - Setting next_dagrun for kafka_to_s3 to 2026-05-04 00:00:00+00:00, run_after=2026-05-05 00:00:00+00:00
[2026-05-04T13:43:33.274+0000] {processor.py:208} INFO - Processing /opt/airflow/dags/main.py took 0.540 seconds
[2026-05-04T13:44:03.416+0000] {processor.py:186} INFO - Started process (PID=465) to work on /opt/airflow/dags/main.py
[2026-05-04T13:44:03.418+0000] {processor.py:914} INFO - Processing file /opt/airflow/dags/main.py for tasks to queue
[2026-05-04T13:44:03.424+0000] {logging_mixin.py:190} INFO - [2026-05-04T13:44:03.423+0000] {dagbag.py:588} INFO - Filling up the DagBag from /opt/airflow/dags/main.py
[2026-05-04T13:44:03.850+0000] {processor.py:925} INFO - DAG(s) 'kafka_to_s3' retrieved from /opt/airflow/dags/main.py
[2026-05-04T13:44:03.887+0000] {logging_mixin.py:190} INFO - [2026-05-04T13:44:03.887+0000] {dag.py:3239} INFO - Sync 1 DAGs
[2026-05-04T13:44:03.920+0000] {logging_mixin.py:190} INFO - [2026-05-04T13:44:03.919+0000] {dag.py:4180} INFO - Setting next_dagrun for kafka_to_s3 to 2026-05-04 00:00:00+00:00, run_after=2026-05-05 00:00:00+00:00
[2026-05-04T13:44:03.949+0000] {processor.py:208} INFO - Processing /opt/airflow/dags/main.py took 0.549 seconds
[2026-05-04T13:44:34.474+0000] {processor.py:186} INFO - Started process (PID=472) to work on /opt/airflow/dags/main.py
[2026-05-04T13:44:34.476+0000] {processor.py:914} INFO - Processing file /opt/airflow/dags/main.py for tasks to queue
[2026-05-04T13:44:34.481+0000] {logging_mixin.py:190} INFO - [2026-05-04T13:44:34.481+0000] {dagbag.py:588} INFO - Filling up the DagBag from /opt/airflow/dags/main.py
[2026-05-04T13:44:34.873+0000] {processor.py:925} INFO - DAG(s) 'kafka_to_s3' retrieved from /opt/airflow/dags/main.py
[2026-05-04T13:44:34.907+0000] {logging_mixin.py:190} INFO - [2026-05-04T13:44:34.907+0000] {dag.py:3239} INFO - Sync 1 DAGs
[2026-05-04T13:44:34.938+0000] {logging_mixin.py:190} INFO - [2026-05-04T13:44:34.938+0000] {dag.py:4180} INFO - Setting next_dagrun for kafka_to_s3 to 2026-05-04 00:00:00+00:00, run_after=2026-05-05 00:00:00+00:00
[2026-05-04T13:44:34.968+0000] {processor.py:208} INFO - Processing /opt/airflow/dags/main.py took 0.586 seconds
[2026-05-04T13:45:05.416+0000] {processor.py:186} INFO - Started process (PID=485) to work on /opt/airflow/dags/main.py
[2026-05-04T13:45:05.417+0000] {processor.py:914} INFO - Processing file /opt/airflow/dags/main.py for tasks to queue
[2026-05-04T13:45:05.421+0000] {logging_mixin.py:190} INFO - [2026-05-04T13:45:05.420+0000] {dagbag.py:588} INFO - Filling up the DagBag from /opt/airflow/dags/main.py
[2026-05-04T13:45:05.743+0000] {processor.py:925} INFO - DAG(s) 'kafka_to_s3' retrieved from /opt/airflow/dags/main.py
[2026-05-04T13:45:05.770+0000] {logging_mixin.py:190} INFO - [2026-05-04T13:45:05.770+0000] {dag.py:3239} INFO - Sync 1 DAGs
[2026-05-04T13:45:05.797+0000] {logging_mixin.py:190} INFO - [2026-05-04T13:45:05.797+0000] {dag.py:4180} INFO - Setting next_dagrun for kafka_to_s3 to 2026-05-04 00:00:00+00:00, run_after=2026-05-05 00:00:00+00:00
[2026-05-04T13:45:05.821+0000] {processor.py:208} INFO - Processing /opt/airflow/dags/main.py took 0.444 seconds
[2026-05-04T13:45:36.675+0000] {processor.py:186} INFO - Started process (PID=492) to work on /opt/airflow/dags/main.py
[2026-05-04T13:45:36.677+0000] {processor.py:914} INFO - Processing file /opt/airflow/dags/main.py for tasks to queue
[2026-05-04T13:45:36.681+0000] {logging_mixin.py:190} INFO - [2026-05-04T13:45:36.680+0000] {dagbag.py:588} INFO - Filling up the DagBag from /opt/airflow/dags/main.py
[2026-05-04T13:45:36.829+0000] {processor.py:925} INFO - DAG(s) 'kafka_to_s3' retrieved from /opt/airflow/dags/main.py
[2026-05-04T13:45:36.861+0000] {logging_mixin.py:190} INFO - [2026-05-04T13:45:36.861+0000] {dag.py:3239} INFO - Sync 1 DAGs
[2026-05-04T13:45:37.070+0000] {logging_mixin.py:190} INFO - [2026-05-04T13:45:37.069+0000] {dag.py:4180} INFO - Setting next_dagrun for kafka_to_s3 to 2026-05-04 00:00:00+00:00, run_after=2026-05-05 00:00:00+00:00
[2026-05-04T13:45:37.100+0000] {processor.py:208} INFO - Processing /opt/airflow/dags/main.py took 0.434 seconds
[2026-05-04T13:46:07.583+0000] {processor.py:186} INFO - Started process (PID=499) to work on /opt/airflow/dags/main.py
[2026-05-04T13:46:07.584+0000] {processor.py:914} INFO - Processing file /opt/airflow/dags/main.py for tasks to queue
[2026-05-04T13:46:07.588+0000] {logging_mixin.py:190} INFO - [2026-05-04T13:46:07.588+0000] {dagbag.py:588} INFO - Filling up the DagBag from /opt/airflow/dags/main.py
[2026-05-04T13:46:07.755+0000] {processor.py:925} INFO - DAG(s) 'kafka_to_s3' retrieved from /opt/airflow/dags/main.py
[2026-05-04T13:46:07.819+0000] {logging_mixin.py:190} INFO - [2026-05-04T13:46:07.818+0000] {dag.py:3239} INFO - Sync 1 DAGs
[2026-05-04T13:46:08.087+0000] {logging_mixin.py:190} INFO - [2026-05-04T13:46:08.087+0000] {dag.py:4180} INFO - Setting next_dagrun for kafka_to_s3 to 2026-05-04 00:00:00+00:00, run_after=2026-05-05 00:00:00+00:00
[2026-05-04T13:46:08.121+0000] {processor.py:208} INFO - Processing /opt/airflow/dags/main.py took 0.549 seconds
[2026-05-04T13:46:38.615+0000] {processor.py:186} INFO - Started process (PID=507) to work on /opt/airflow/dags/main.py
[2026-05-04T13:46:38.617+0000] {processor.py:914} INFO - Processing file /opt/airflow/dags/main.py for tasks to queue
[2026-05-04T13:46:38.622+0000] {logging_mixin.py:190} INFO - [2026-05-04T13:46:38.621+0000] {dagbag.py:588} INFO - Filling up the DagBag from /opt/airflow/dags/main.py
[2026-05-04T13:46:38.827+0000] {processor.py:925} INFO - DAG(s) 'kafka_to_s3' retrieved from /opt/airflow/dags/main.py
[2026-05-04T13:46:39.056+0000] {logging_mixin.py:190} INFO - [2026-05-04T13:46:39.055+0000] {dag.py:3239} INFO - Sync 1 DAGs
[2026-05-04T13:46:39.090+0000] {logging_mixin.py:190} INFO - [2026-05-04T13:46:39.090+0000] {dag.py:4180} INFO - Setting next_dagrun for kafka_to_s3 to 2026-05-04 00:00:00+00:00, run_after=2026-05-05 00:00:00+00:00
[2026-05-04T13:46:39.126+0000] {processor.py:208} INFO - Processing /opt/airflow/dags/main.py took 0.530 seconds
[2026-05-04T13:47:09.729+0000] {processor.py:186} INFO - Started process (PID=515) to work on /opt/airflow/dags/main.py
[2026-05-04T13:47:09.732+0000] {processor.py:914} INFO - Processing file /opt/airflow/dags/main.py for tasks to queue
[2026-05-04T13:47:09.737+0000] {logging_mixin.py:190} INFO - [2026-05-04T13:47:09.736+0000] {dagbag.py:588} INFO - Filling up the DagBag from /opt/airflow/dags/main.py
[2026-05-04T13:47:10.153+0000] {processor.py:925} INFO - DAG(s) 'kafka_to_s3' retrieved from /opt/airflow/dags/main.py
[2026-05-04T13:47:10.195+0000] {logging_mixin.py:190} INFO - [2026-05-04T13:47:10.194+0000] {dag.py:3239} INFO - Sync 1 DAGs
[2026-05-04T13:47:10.223+0000] {logging_mixin.py:190} INFO - [2026-05-04T13:47:10.223+0000] {dag.py:4180} INFO - Setting next_dagrun for kafka_to_s3 to 2026-05-04 00:00:00+00:00, run_after=2026-05-05 00:00:00+00:00
[2026-05-04T13:47:10.249+0000] {processor.py:208} INFO - Processing /opt/airflow/dags/main.py took 0.538 seconds
[2026-05-04T13:47:40.731+0000] {processor.py:186} INFO - Started process (PID=522) to work on /opt/airflow/dags/main.py
[2026-05-04T13:47:40.732+0000] {processor.py:914} INFO - Processing file /opt/airflow/dags/main.py for tasks to queue
[2026-05-04T13:47:40.737+0000] {logging_mixin.py:190} INFO - [2026-05-04T13:47:40.736+0000] {dagbag.py:588} INFO - Filling up the DagBag from /opt/airflow/dags/main.py
[2026-05-04T13:47:41.120+0000] {processor.py:925} INFO - DAG(s) 'kafka_to_s3' retrieved from /opt/airflow/dags/main.py
[2026-05-04T13:47:41.160+0000] {logging_mixin.py:190} INFO - [2026-05-04T13:47:41.159+0000] {dag.py:3239} INFO - Sync 1 DAGs
[2026-05-04T13:47:41.191+0000] {logging_mixin.py:190} INFO - [2026-05-04T13:47:41.191+0000] {dag.py:4180} INFO - Setting next_dagrun for kafka_to_s3 to 2026-05-04 00:00:00+00:00, run_after=2026-05-05 00:00:00+00:00
[2026-05-04T13:47:41.219+0000] {processor.py:208} INFO - Processing /opt/airflow/dags/main.py took 0.497 seconds
[2026-05-04T13:48:11.889+0000] {processor.py:186} INFO - Started process (PID=529) to work on /opt/airflow/dags/main.py
[2026-05-04T13:48:11.891+0000] {processor.py:914} INFO - Processing file /opt/airflow/dags/main.py for tasks to queue
[2026-05-04T13:48:11.897+0000] {logging_mixin.py:190} INFO - [2026-05-04T13:48:11.897+0000] {dagbag.py:588} INFO - Filling up the DagBag from /opt/airflow/dags/main.py
[2026-05-04T13:48:12.315+0000] {processor.py:925} INFO - DAG(s) 'kafka_to_s3' retrieved from /opt/airflow/dags/main.py
[2026-05-04T13:48:12.346+0000] {logging_mixin.py:190} INFO - [2026-05-04T13:48:12.345+0000] {dag.py:3239} INFO - Sync 1 DAGs
[2026-05-04T13:48:12.377+0000] {logging_mixin.py:190} INFO - [2026-05-04T13:48:12.376+0000] {dag.py:4180} INFO - Setting next_dagrun for kafka_to_s3 to 2026-05-04 00:00:00+00:00, run_after=2026-05-05 00:00:00+00:00
[2026-05-04T13:48:12.401+0000] {processor.py:208} INFO - Processing /opt/airflow/dags/main.py took 0.530 seconds
[2026-05-04T13:48:42.778+0000] {processor.py:186} INFO - Started process (PID=536) to work on /opt/airflow/dags/main.py
[2026-05-04T13:48:42.780+0000] {processor.py:914} INFO - Processing file /opt/airflow/dags/main.py for tasks to queue
[2026-05-04T13:48:42.784+0000] {logging_mixin.py:190} INFO - [2026-05-04T13:48:42.784+0000] {dagbag.py:588} INFO - Filling up the DagBag from /opt/airflow/dags/main.py
[2026-05-04T13:48:42.959+0000] {processor.py:925} INFO - DAG(s) 'kafka_to_s3' retrieved from /opt/airflow/dags/main.py
[2026-05-04T13:48:42.993+0000] {logging_mixin.py:190} INFO - [2026-05-04T13:48:42.992+0000] {dag.py:3239} INFO - Sync 1 DAGs
[2026-05-04T13:48:43.228+0000] {logging_mixin.py:190} INFO - [2026-05-04T13:48:43.228+0000] {dag.py:4180} INFO - Setting next_dagrun for kafka_to_s3 to 2026-05-04 00:00:00+00:00, run_after=2026-05-05 00:00:00+00:00
[2026-05-04T13:48:43.267+0000] {processor.py:208} INFO - Processing /opt/airflow/dags/main.py took 0.502 seconds
[2026-05-04T13:49:13.487+0000] {processor.py:186} INFO - Started process (PID=543) to work on /opt/airflow/dags/main.py
[2026-05-04T13:49:13.489+0000] {processor.py:914} INFO - Processing file /opt/airflow/dags/main.py for tasks to queue
[2026-05-04T13:49:13.492+0000] {logging_mixin.py:190} INFO - [2026-05-04T13:49:13.492+0000] {dagbag.py:588} INFO - Filling up the DagBag from /opt/airflow/dags/main.py
[2026-05-04T13:49:13.653+0000] {processor.py:925} INFO - DAG(s) 'kafka_to_s3' retrieved from /opt/airflow/dags/main.py
[2026-05-04T13:49:13.888+0000] {logging_mixin.py:190} INFO - [2026-05-04T13:49:13.888+0000] {dag.py:3239} INFO - Sync 1 DAGs
[2026-05-04T13:49:13.924+0000] {logging_mixin.py:190} INFO - [2026-05-04T13:49:13.923+0000] {dag.py:4180} INFO - Setting next_dagrun for kafka_to_s3 to 2026-05-04 00:00:00+00:00, run_after=2026-05-05 00:00:00+00:00
[2026-05-04T13:49:13.954+0000] {processor.py:208} INFO - Processing /opt/airflow/dags/main.py took 0.476 seconds
[2026-05-04T13:49:44.585+0000] {processor.py:186} INFO - Started process (PID=550) to work on /opt/airflow/dags/main.py
[2026-05-04T13:49:44.586+0000] {processor.py:914} INFO - Processing file /opt/airflow/dags/main.py for tasks to queue
[2026-05-04T13:49:44.590+0000] {logging_mixin.py:190} INFO - [2026-05-04T13:49:44.589+0000] {dagbag.py:588} INFO - Filling up the DagBag from /opt/airflow/dags/main.py
[2026-05-04T13:49:44.750+0000] {processor.py:925} INFO - DAG(s) 'kafka_to_s3' retrieved from /opt/airflow/dags/main.py
[2026-05-04T13:49:44.987+0000] {logging_mixin.py:190} INFO - [2026-05-04T13:49:44.987+0000] {dag.py:3239} INFO - Sync 1 DAGs
[2026-05-04T13:49:45.037+0000] {logging_mixin.py:190} INFO - [2026-05-04T13:49:45.036+0000] {dag.py:4180} INFO - Setting next_dagrun for kafka_to_s3 to 2026-05-04 00:00:00+00:00, run_after=2026-05-05 00:00:00+00:00
[2026-05-04T13:49:45.064+0000] {processor.py:208} INFO - Processing /opt/airflow/dags/main.py took 0.488 seconds
[2026-05-04T13:50:15.764+0000] {processor.py:186} INFO - Started process (PID=557) to work on /opt/airflow/dags/main.py
[2026-05-04T13:50:15.767+0000] {processor.py:914} INFO - Processing file /opt/airflow/dags/main.py for tasks to queue
[2026-05-04T13:50:15.773+0000] {logging_mixin.py:190} INFO - [2026-05-04T13:50:15.773+0000] {dagbag.py:588} INFO - Filling up the DagBag from /opt/airflow/dags/main.py
[2026-05-04T13:50:16.187+0000] {processor.py:925} INFO - DAG(s) 'kafka_to_s3' retrieved from /opt/airflow/dags/main.py
[2026-05-04T13:50:16.218+0000] {logging_mixin.py:190} INFO - [2026-05-04T13:50:16.217+0000] {dag.py:3239} INFO - Sync 1 DAGs
[2026-05-04T13:50:16.254+0000] {logging_mixin.py:190} INFO - [2026-05-04T13:50:16.253+0000] {dag.py:4180} INFO - Setting next_dagrun for kafka_to_s3 to 2026-05-04 00:00:00+00:00, run_after=2026-05-05 00:00:00+00:00
[2026-05-04T13:50:16.288+0000] {processor.py:208} INFO - Processing /opt/airflow/dags/main.py took 0.541 seconds
[2026-05-04T13:50:46.691+0000] {processor.py:186} INFO - Started process (PID=564) to work on /opt/airflow/dags/main.py
[2026-05-04T13:50:46.696+0000] {processor.py:914} INFO - Processing file /opt/airflow/dags/main.py for tasks to queue
[2026-05-04T13:50:46.714+0000] {logging_mixin.py:190} INFO - [2026-05-04T13:50:46.713+0000] {dagbag.py:588} INFO - Filling up the DagBag from /opt/airflow/dags/main.py
[2026-05-04T13:50:47.221+0000] {processor.py:925} INFO - DAG(s) 'kafka_to_s3' retrieved from /opt/airflow/dags/main.py
[2026-05-04T13:50:47.250+0000] {logging_mixin.py:190} INFO - [2026-05-04T13:50:47.249+0000] {dag.py:3239} INFO - Sync 1 DAGs
[2026-05-04T13:50:47.279+0000] {logging_mixin.py:190} INFO - [2026-05-04T13:50:47.279+0000] {dag.py:4180} INFO - Setting next_dagrun for kafka_to_s3 to 2026-05-04 00:00:00+00:00, run_after=2026-05-05 00:00:00+00:00
[2026-05-04T13:50:47.305+0000] {processor.py:208} INFO - Processing /opt/airflow/dags/main.py took 0.656 seconds
[2026-05-04T13:51:17.865+0000] {processor.py:186} INFO - Started process (PID=571) to work on /opt/airflow/dags/main.py
[2026-05-04T13:51:17.869+0000] {processor.py:914} INFO - Processing file /opt/airflow/dags/main.py for tasks to queue
[2026-05-04T13:51:17.877+0000] {logging_mixin.py:190} INFO - [2026-05-04T13:51:17.876+0000] {dagbag.py:588} INFO - Filling up the DagBag from /opt/airflow/dags/main.py
[2026-05-04T13:51:18.381+0000] {processor.py:925} INFO - DAG(s) 'kafka_to_s3' retrieved from /opt/airflow/dags/main.py
[2026-05-04T13:51:18.421+0000] {logging_mixin.py:190} INFO - [2026-05-04T13:51:18.420+0000] {dag.py:3239} INFO - Sync 1 DAGs
[2026-05-04T13:51:18.468+0000] {logging_mixin.py:190} INFO - [2026-05-04T13:51:18.467+0000] {dag.py:4180} INFO - Setting next_dagrun for kafka_to_s3 to 2026-05-04 00:00:00+00:00, run_after=2026-05-05 00:00:00+00:00
[2026-05-04T13:51:18.506+0000] {processor.py:208} INFO - Processing /opt/airflow/dags/main.py took 0.660 seconds
[2026-05-04T13:51:48.652+0000] {processor.py:186} INFO - Started process (PID=578) to work on /opt/airflow/dags/main.py
[2026-05-04T13:51:48.654+0000] {processor.py:914} INFO - Processing file /opt/airflow/dags/main.py for tasks to queue
[2026-05-04T13:51:48.658+0000] {logging_mixin.py:190} INFO - [2026-05-04T13:51:48.657+0000] {dagbag.py:588} INFO - Filling up the DagBag from /opt/airflow/dags/main.py
[2026-05-04T13:51:48.833+0000] {processor.py:925} INFO - DAG(s) 'kafka_to_s3' retrieved from /opt/airflow/dags/main.py
[2026-05-04T13:51:48.872+0000] {logging_mixin.py:190} INFO - [2026-05-04T13:51:48.871+0000] {dag.py:3239} INFO - Sync 1 DAGs
[2026-05-04T13:51:49.148+0000] {logging_mixin.py:190} INFO - [2026-05-04T13:51:49.148+0000] {dag.py:4180} INFO - Setting next_dagrun for kafka_to_s3 to 2026-05-04 00:00:00+00:00, run_after=2026-05-05 00:00:00+00:00
[2026-05-04T13:51:49.175+0000] {processor.py:208} INFO - Processing /opt/airflow/dags/main.py took 0.532 seconds
[2026-05-04T13:52:19.568+0000] {processor.py:186} INFO - Started process (PID=585) to work on /opt/airflow/dags/main.py
[2026-05-04T13:52:19.570+0000] {processor.py:914} INFO - Processing file /opt/airflow/dags/main.py for tasks to queue
[2026-05-04T13:52:19.576+0000] {logging_mixin.py:190} INFO - [2026-05-04T13:52:19.575+0000] {dagbag.py:588} INFO - Filling up the DagBag from /opt/airflow/dags/main.py
[2026-05-04T13:52:19.778+0000] {processor.py:925} INFO - DAG(s) 'kafka_to_s3' retrieved from /opt/airflow/dags/main.py
[2026-05-04T13:52:20.023+0000] {logging_mixin.py:190} INFO - [2026-05-04T13:52:20.022+0000] {dag.py:3239} INFO - Sync 1 DAGs
[2026-05-04T13:52:20.066+0000] {logging_mixin.py:190} INFO - [2026-05-04T13:52:20.066+0000] {dag.py:4180} INFO - Setting next_dagrun for kafka_to_s3 to 2026-05-04 00:00:00+00:00, run_after=2026-05-05 00:00:00+00:00
[2026-05-04T13:52:20.103+0000] {processor.py:208} INFO - Processing /opt/airflow/dags/main.py took 0.555 seconds
[2026-05-04T13:52:50.274+0000] {processor.py:186} INFO - Started process (PID=592) to work on /opt/airflow/dags/main.py
[2026-05-04T13:52:50.277+0000] {processor.py:914} INFO - Processing file /opt/airflow/dags/main.py for tasks to queue
[2026-05-04T13:52:50.282+0000] {logging_mixin.py:190} INFO - [2026-05-04T13:52:50.281+0000] {dagbag.py:588} INFO - Filling up the DagBag from /opt/airflow/dags/main.py
[2026-05-04T13:52:50.698+0000] {processor.py:925} INFO - DAG(s) 'kafka_to_s3' retrieved from /opt/airflow/dags/main.py
[2026-05-04T13:52:50.745+0000] {logging_mixin.py:190} INFO - [2026-05-04T13:52:50.744+0000] {dag.py:3239} INFO - Sync 1 DAGs
[2026-05-04T13:52:50.788+0000] {logging_mixin.py:190} INFO - [2026-05-04T13:52:50.788+0000] {dag.py:4180} INFO - Setting next_dagrun for kafka_to_s3 to 2026-05-04 00:00:00+00:00, run_after=2026-05-05 00:00:00+00:00
[2026-05-04T13:52:50.835+0000] {processor.py:208} INFO - Processing /opt/airflow/dags/main.py took 0.576 seconds
[2026-05-04T13:53:21.161+0000] {processor.py:186} INFO - Started process (PID=599) to work on /opt/airflow/dags/main.py
[2026-05-04T13:53:21.163+0000] {processor.py:914} INFO - Processing file /opt/airflow/dags/main.py for tasks to queue
[2026-05-04T13:53:21.168+0000] {logging_mixin.py:190} INFO - [2026-05-04T13:53:21.167+0000] {dagbag.py:588} INFO - Filling up the DagBag from /opt/airflow/dags/main.py
[2026-05-04T13:53:21.582+0000] {processor.py:925} INFO - DAG(s) 'kafka_to_s3' retrieved from /opt/airflow/dags/main.py
[2026-05-04T13:53:21.622+0000] {logging_mixin.py:190} INFO - [2026-05-04T13:53:21.622+0000] {dag.py:3239} INFO - Sync 1 DAGs
[2026-05-04T13:53:21.649+0000] {logging_mixin.py:190} INFO - [2026-05-04T13:53:21.649+0000] {dag.py:4180} INFO - Setting next_dagrun for kafka_to_s3 to 2026-05-04 00:00:00+00:00, run_after=2026-05-05 00:00:00+00:00
[2026-05-04T13:53:21.689+0000] {processor.py:208} INFO - Processing /opt/airflow/dags/main.py took 0.543 seconds
[2026-05-04T13:53:51.895+0000] {processor.py:186} INFO - Started process (PID=607) to work on /opt/airflow/dags/main.py
[2026-05-04T13:53:51.897+0000] {processor.py:914} INFO - Processing file /opt/airflow/dags/main.py for tasks to queue
[2026-05-04T13:53:51.901+0000] {logging_mixin.py:190} INFO - [2026-05-04T13:53:51.900+0000] {dagbag.py:588} INFO - Filling up the DagBag from /opt/airflow/dags/main.py
[2026-05-04T13:53:52.357+0000] {processor.py:925} INFO - DAG(s) 'kafka_to_s3' retrieved from /opt/airflow/dags/main.py
[2026-05-04T13:53:52.392+0000] {logging_mixin.py:190} INFO - [2026-05-04T13:53:52.392+0000] {dag.py:3239} INFO - Sync 1 DAGs
[2026-05-04T13:53:52.423+0000] {logging_mixin.py:190} INFO - [2026-05-04T13:53:52.423+0000] {dag.py:4180} INFO - Setting next_dagrun for kafka_to_s3 to 2026-05-04 00:00:00+00:00, run_after=2026-05-05 00:00:00+00:00
[2026-05-04T13:53:52.452+0000] {processor.py:208} INFO - Processing /opt/airflow/dags/main.py took 0.569 seconds
[2026-05-04T13:54:22.868+0000] {processor.py:186} INFO - Started process (PID=614) to work on /opt/airflow/dags/main.py
[2026-05-04T13:54:22.871+0000] {processor.py:914} INFO - Processing file /opt/airflow/dags/main.py for tasks to queue
[2026-05-04T13:54:22.876+0000] {logging_mixin.py:190} INFO - [2026-05-04T13:54:22.875+0000] {dagbag.py:588} INFO - Filling up the DagBag from /opt/airflow/dags/main.py
[2026-05-04T13:54:23.076+0000] {processor.py:925} INFO - DAG(s) 'kafka_to_s3' retrieved from /opt/airflow/dags/main.py
[2026-05-04T13:54:23.115+0000] {logging_mixin.py:190} INFO - [2026-05-04T13:54:23.115+0000] {dag.py:3239} INFO - Sync 1 DAGs
[2026-05-04T13:54:23.347+0000] {logging_mixin.py:190} INFO - [2026-05-04T13:54:23.346+0000] {dag.py:4180} INFO - Setting next_dagrun for kafka_to_s3 to 2026-05-04 00:00:00+00:00, run_after=2026-05-05 00:00:00+00:00
[2026-05-04T13:54:23.389+0000] {processor.py:208} INFO - Processing /opt/airflow/dags/main.py took 0.542 seconds
[2026-05-04T13:54:53.500+0000] {processor.py:186} INFO - Started process (PID=621) to work on /opt/airflow/dags/main.py
[2026-05-04T13:54:53.501+0000] {processor.py:914} INFO - Processing file /opt/airflow/dags/main.py for tasks to queue
[2026-05-04T13:54:53.506+0000] {logging_mixin.py:190} INFO - [2026-05-04T13:54:53.505+0000] {dagbag.py:588} INFO - Filling up the DagBag from /opt/airflow/dags/main.py
[2026-05-04T13:54:53.691+0000] {processor.py:925} INFO - DAG(s) 'kafka_to_s3' retrieved from /opt/airflow/dags/main.py
[2026-05-04T13:54:53.954+0000] {logging_mixin.py:190} INFO - [2026-05-04T13:54:53.954+0000] {dag.py:3239} INFO - Sync 1 DAGs
[2026-05-04T13:54:53.987+0000] {logging_mixin.py:190} INFO - [2026-05-04T13:54:53.986+0000] {dag.py:4180} INFO - Setting next_dagrun for kafka_to_s3 to 2026-05-04 00:00:00+00:00, run_after=2026-05-05 00:00:00+00:00
[2026-05-04T13:54:54.015+0000] {processor.py:208} INFO - Processing /opt/airflow/dags/main.py took 0.526 seconds
[2026-05-04T13:55:24.432+0000] {processor.py:186} INFO - Started process (PID=628) to work on /opt/airflow/dags/main.py
[2026-05-04T13:55:24.434+0000] {processor.py:914} INFO - Processing file /opt/airflow/dags/main.py for tasks to queue
[2026-05-04T13:55:24.439+0000] {logging_mixin.py:190} INFO - [2026-05-04T13:55:24.438+0000] {dagbag.py:588} INFO - Filling up the DagBag from /opt/airflow/dags/main.py
[2026-05-04T13:55:24.609+0000] {processor.py:925} INFO - DAG(s) 'kafka_to_s3' retrieved from /opt/airflow/dags/main.py
[2026-05-04T13:55:24.862+0000] {logging_mixin.py:190} INFO - [2026-05-04T13:55:24.862+0000] {dag.py:3239} INFO - Sync 1 DAGs
[2026-05-04T13:55:24.899+0000] {logging_mixin.py:190} INFO - [2026-05-04T13:55:24.899+0000] {dag.py:4180} INFO - Setting next_dagrun for kafka_to_s3 to 2026-05-04 00:00:00+00:00, run_after=2026-05-05 00:00:00+00:00
[2026-05-04T13:55:24.933+0000] {processor.py:208} INFO - Processing /opt/airflow/dags/main.py took 0.510 seconds
[2026-05-04T13:55:55.435+0000] {processor.py:186} INFO - Started process (PID=635) to work on /opt/airflow/dags/main.py
[2026-05-04T13:55:55.437+0000] {processor.py:914} INFO - Processing file /opt/airflow/dags/main.py for tasks to queue
[2026-05-04T13:55:55.441+0000] {logging_mixin.py:190} INFO - [2026-05-04T13:55:55.440+0000] {dagbag.py:588} INFO - Filling up the DagBag from /opt/airflow/dags/main.py
[2026-05-04T13:55:55.806+0000] {processor.py:925} INFO - DAG(s) 'kafka_to_s3' retrieved from /opt/airflow/dags/main.py
[2026-05-04T13:55:55.841+0000] {logging_mixin.py:190} INFO - [2026-05-04T13:55:55.841+0000] {dag.py:3239} INFO - Sync 1 DAGs
[2026-05-04T13:55:55.869+0000] {logging_mixin.py:190} INFO - [2026-05-04T13:55:55.869+0000] {dag.py:4180} INFO - Setting next_dagrun for kafka_to_s3 to 2026-05-04 00:00:00+00:00, run_after=2026-05-05 00:00:00+00:00
[2026-05-04T13:55:55.896+0000] {processor.py:208} INFO - Processing /opt/airflow/dags/main.py took 0.473 seconds
[2026-05-04T13:56:26.464+0000] {processor.py:186} INFO - Started process (PID=642) to work on /opt/airflow/dags/main.py
[2026-05-04T13:56:26.466+0000] {processor.py:914} INFO - Processing file /opt/airflow/dags/main.py for tasks to queue
[2026-05-04T13:56:26.469+0000] {logging_mixin.py:190} INFO - [2026-05-04T13:56:26.469+0000] {dagbag.py:588} INFO - Filling up the DagBag from /opt/airflow/dags/main.py
[2026-05-04T13:56:27.054+0000] {processor.py:925} INFO - DAG(s) 'kafka_to_s3' retrieved from /opt/airflow/dags/main.py
[2026-05-04T13:56:27.097+0000] {logging_mixin.py:190} INFO - [2026-05-04T13:56:27.097+0000] {dag.py:3239} INFO - Sync 1 DAGs
[2026-05-04T13:56:27.138+0000] {logging_mixin.py:190} INFO - [2026-05-04T13:56:27.138+0000] {dag.py:4180} INFO - Setting next_dagrun for kafka_to_s3 to 2026-05-04 00:00:00+00:00, run_after=2026-05-05 00:00:00+00:00
[2026-05-04T13:56:27.171+0000] {processor.py:208} INFO - Processing /opt/airflow/dags/main.py took 0.717 seconds
[2026-05-04T13:56:57.664+0000] {processor.py:186} INFO - Started process (PID=649) to work on /opt/airflow/dags/main.py
[2026-05-04T13:56:57.666+0000] {processor.py:914} INFO - Processing file /opt/airflow/dags/main.py for tasks to queue
[2026-05-04T13:56:57.671+0000] {logging_mixin.py:190} INFO - [2026-05-04T13:56:57.670+0000] {dagbag.py:588} INFO - Filling up the DagBag from /opt/airflow/dags/main.py
[2026-05-04T13:56:58.070+0000] {processor.py:925} INFO - DAG(s) 'kafka_to_s3' retrieved from /opt/airflow/dags/main.py
[2026-05-04T13:56:58.102+0000] {logging_mixin.py:190} INFO - [2026-05-04T13:56:58.102+0000] {dag.py:3239} INFO - Sync 1 DAGs
[2026-05-04T13:56:58.139+0000] {logging_mixin.py:190} INFO - [2026-05-04T13:56:58.139+0000] {dag.py:4180} INFO - Setting next_dagrun for kafka_to_s3 to 2026-05-04 00:00:00+00:00, run_after=2026-05-05 00:00:00+00:00
[2026-05-04T13:56:58.173+0000] {processor.py:208} INFO - Processing /opt/airflow/dags/main.py took 0.521 seconds
[2026-05-04T13:57:28.449+0000] {processor.py:186} INFO - Started process (PID=656) to work on /opt/airflow/dags/main.py
[2026-05-04T13:57:28.451+0000] {processor.py:914} INFO - Processing file /opt/airflow/dags/main.py for tasks to queue
[2026-05-04T13:57:28.456+0000] {logging_mixin.py:190} INFO - [2026-05-04T13:57:28.456+0000] {dagbag.py:588} INFO - Filling up the DagBag from /opt/airflow/dags/main.py
[2026-05-04T13:57:28.655+0000] {processor.py:925} INFO - DAG(s) 'kafka_to_s3' retrieved from /opt/airflow/dags/main.py
[2026-05-04T13:57:28.699+0000] {logging_mixin.py:190} INFO - [2026-05-04T13:57:28.698+0000] {dag.py:3239} INFO - Sync 1 DAGs
[2026-05-04T13:57:29.003+0000] {logging_mixin.py:190} INFO - [2026-05-04T13:57:29.002+0000] {dag.py:4180} INFO - Setting next_dagrun for kafka_to_s3 to 2026-05-04 00:00:00+00:00, run_after=2026-05-05 00:00:00+00:00
[2026-05-04T13:57:29.038+0000] {processor.py:208} INFO - Processing /opt/airflow/dags/main.py took 0.603 seconds
[2026-05-04T13:57:59.152+0000] {processor.py:186} INFO - Started process (PID=663) to work on /opt/airflow/dags/main.py
[2026-05-04T13:57:59.154+0000] {processor.py:914} INFO - Processing file /opt/airflow/dags/main.py for tasks to queue
[2026-05-04T13:57:59.157+0000] {logging_mixin.py:190} INFO - [2026-05-04T13:57:59.157+0000] {dagbag.py:588} INFO - Filling up the DagBag from /opt/airflow/dags/main.py
[2026-05-04T13:57:59.308+0000] {processor.py:925} INFO - DAG(s) 'kafka_to_s3' retrieved from /opt/airflow/dags/main.py
[2026-05-04T13:57:59.656+0000] {logging_mixin.py:190} INFO - [2026-05-04T13:57:59.656+0000] {dag.py:3239} INFO - Sync 1 DAGs
[2026-05-04T13:57:59.695+0000] {logging_mixin.py:190} INFO - [2026-05-04T13:57:59.695+0000] {dag.py:4180} INFO - Setting next_dagrun for kafka_to_s3 to 2026-05-04 00:00:00+00:00, run_after=2026-05-05 00:00:00+00:00
[2026-05-04T13:57:59.725+0000] {processor.py:208} INFO - Processing /opt/airflow/dags/main.py took 0.583 seconds
[2026-05-04T13:58:30.203+0000] {processor.py:186} INFO - Started process (PID=670) to work on /opt/airflow/dags/main.py
[2026-05-04T13:58:30.206+0000] {processor.py:914} INFO - Processing file /opt/airflow/dags/main.py for tasks to queue
[2026-05-04T13:58:30.212+0000] {logging_mixin.py:190} INFO - [2026-05-04T13:58:30.212+0000] {dagbag.py:588} INFO - Filling up the DagBag from /opt/airflow/dags/main.py
[2026-05-04T13:58:30.623+0000] {processor.py:925} INFO - DAG(s) 'kafka_to_s3' retrieved from /opt/airflow/dags/main.py
[2026-05-04T13:58:30.661+0000] {logging_mixin.py:190} INFO - [2026-05-04T13:58:30.661+0000] {dag.py:3239} INFO - Sync 1 DAGs
[2026-05-04T13:58:30.706+0000] {logging_mixin.py:190} INFO - [2026-05-04T13:58:30.706+0000] {dag.py:4180} INFO - Setting next_dagrun for kafka_to_s3 to 2026-05-04 00:00:00+00:00, run_after=2026-05-05 00:00:00+00:00
[2026-05-04T13:58:30.731+0000] {processor.py:208} INFO - Processing /opt/airflow/dags/main.py took 0.546 seconds
[2026-05-04T13:59:00.861+0000] {processor.py:186} INFO - Started process (PID=676) to work on /opt/airflow/dags/main.py
[2026-05-04T13:59:00.862+0000] {processor.py:914} INFO - Processing file /opt/airflow/dags/main.py for tasks to queue
[2026-05-04T13:59:00.868+0000] {logging_mixin.py:190} INFO - [2026-05-04T13:59:00.867+0000] {dagbag.py:588} INFO - Filling up the DagBag from /opt/airflow/dags/main.py
[2026-05-04T13:59:01.313+0000] {processor.py:925} INFO - DAG(s) 'kafka_to_s3' retrieved from /opt/airflow/dags/main.py
[2026-05-04T13:59:01.353+0000] {logging_mixin.py:190} INFO - [2026-05-04T13:59:01.353+0000] {dag.py:3239} INFO - Sync 1 DAGs
[2026-05-04T13:59:01.391+0000] {logging_mixin.py:190} INFO - [2026-05-04T13:59:01.391+0000] {dag.py:4180} INFO - Setting next_dagrun for kafka_to_s3 to 2026-05-04 00:00:00+00:00, run_after=2026-05-05 00:00:00+00:00
[2026-05-04T13:59:01.423+0000] {processor.py:208} INFO - Processing /opt/airflow/dags/main.py took 0.572 seconds
[2026-05-04T13:59:31.734+0000] {processor.py:186} INFO - Started process (PID=683) to work on /opt/airflow/dags/main.py
[2026-05-04T13:59:31.736+0000] {processor.py:914} INFO - Processing file /opt/airflow/dags/main.py for tasks to queue
[2026-05-04T13:59:31.741+0000] {logging_mixin.py:190} INFO - [2026-05-04T13:59:31.740+0000] {dagbag.py:588} INFO - Filling up the DagBag from /opt/airflow/dags/main.py
[2026-05-04T13:59:32.094+0000] {processor.py:925} INFO - DAG(s) 'kafka_to_s3' retrieved from /opt/airflow/dags/main.py
[2026-05-04T13:59:32.125+0000] {logging_mixin.py:190} INFO - [2026-05-04T13:59:32.124+0000] {dag.py:3239} INFO - Sync 1 DAGs
[2026-05-04T13:59:32.155+0000] {logging_mixin.py:190} INFO - [2026-05-04T13:59:32.155+0000] {dag.py:4180} INFO - Setting next_dagrun for kafka_to_s3 to 2026-05-04 00:00:00+00:00, run_after=2026-05-05 00:00:00+00:00
[2026-05-04T13:59:32.184+0000] {processor.py:208} INFO - Processing /opt/airflow/dags/main.py took 0.460 seconds
[2026-05-04T14:00:02.628+0000] {processor.py:186} INFO - Started process (PID=690) to work on /opt/airflow/dags/main.py
[2026-05-04T14:00:02.630+0000] {processor.py:914} INFO - Processing file /opt/airflow/dags/main.py for tasks to queue
[2026-05-04T14:00:02.635+0000] {logging_mixin.py:190} INFO - [2026-05-04T14:00:02.635+0000] {dagbag.py:588} INFO - Filling up the DagBag from /opt/airflow/dags/main.py
[2026-05-04T14:00:03.017+0000] {processor.py:925} INFO - DAG(s) 'kafka_to_s3' retrieved from /opt/airflow/dags/main.py
[2026-05-04T14:00:03.065+0000] {logging_mixin.py:190} INFO - [2026-05-04T14:00:03.065+0000] {dag.py:3239} INFO - Sync 1 DAGs
[2026-05-04T14:00:03.095+0000] {logging_mixin.py:190} INFO - [2026-05-04T14:00:03.095+0000] {dag.py:4180} INFO - Setting next_dagrun for kafka_to_s3 to 2026-05-04 00:00:00+00:00, run_after=2026-05-05 00:00:00+00:00
[2026-05-04T14:00:03.122+0000] {processor.py:208} INFO - Processing /opt/airflow/dags/main.py took 0.510 seconds
[2026-05-04T14:00:33.709+0000] {processor.py:186} INFO - Started process (PID=697) to work on /opt/airflow/dags/main.py
[2026-05-04T14:00:33.711+0000] {processor.py:914} INFO - Processing file /opt/airflow/dags/main.py for tasks to queue
[2026-05-04T14:00:33.716+0000] {logging_mixin.py:190} INFO - [2026-05-04T14:00:33.716+0000] {dagbag.py:588} INFO - Filling up the DagBag from /opt/airflow/dags/main.py
[2026-05-04T14:00:33.928+0000] {processor.py:925} INFO - DAG(s) 'kafka_to_s3' retrieved from /opt/airflow/dags/main.py
[2026-05-04T14:00:33.967+0000] {logging_mixin.py:190} INFO - [2026-05-04T14:00:33.966+0000] {dag.py:3239} INFO - Sync 1 DAGs
[2026-05-04T14:00:34.217+0000] {logging_mixin.py:190} INFO - [2026-05-04T14:00:34.216+0000] {dag.py:4180} INFO - Setting next_dagrun for kafka_to_s3 to 2026-05-04 00:00:00+00:00, run_after=2026-05-05 00:00:00+00:00
[2026-05-04T14:00:34.259+0000] {processor.py:208} INFO - Processing /opt/airflow/dags/main.py took 0.565 seconds
[2026-05-04T14:01:04.659+0000] {processor.py:186} INFO - Started process (PID=705) to work on /opt/airflow/dags/main.py
[2026-05-04T14:01:04.660+0000] {processor.py:914} INFO - Processing file /opt/airflow/dags/main.py for tasks to queue
[2026-05-04T14:01:04.664+0000] {logging_mixin.py:190} INFO - [2026-05-04T14:01:04.664+0000] {dagbag.py:588} INFO - Filling up the DagBag from /opt/airflow/dags/main.py
[2026-05-04T14:01:04.811+0000] {processor.py:925} INFO - DAG(s) 'kafka_to_s3' retrieved from /opt/airflow/dags/main.py
[2026-05-04T14:01:05.023+0000] {logging_mixin.py:190} INFO - [2026-05-04T14:01:05.023+0000] {dag.py:3239} INFO - Sync 1 DAGs
[2026-05-04T14:01:05.052+0000] {logging_mixin.py:190} INFO - [2026-05-04T14:01:05.052+0000] {dag.py:4180} INFO - Setting next_dagrun for kafka_to_s3 to 2026-05-04 00:00:00+00:00, run_after=2026-05-05 00:00:00+00:00
[2026-05-04T14:01:05.078+0000] {processor.py:208} INFO - Processing /opt/airflow/dags/main.py took 0.428 seconds
[2026-05-04T14:01:35.583+0000] {processor.py:186} INFO - Started process (PID=712) to work on /opt/airflow/dags/main.py
[2026-05-04T14:01:35.585+0000] {processor.py:914} INFO - Processing file /opt/airflow/dags/main.py for tasks to queue
[2026-05-04T14:01:35.589+0000] {logging_mixin.py:190} INFO - [2026-05-04T14:01:35.588+0000] {dagbag.py:588} INFO - Filling up the DagBag from /opt/airflow/dags/main.py
[2026-05-04T14:01:36.123+0000] {processor.py:925} INFO - DAG(s) 'kafka_to_s3' retrieved from /opt/airflow/dags/main.py
[2026-05-04T14:01:36.167+0000] {logging_mixin.py:190} INFO - [2026-05-04T14:01:36.167+0000] {dag.py:3239} INFO - Sync 1 DAGs
[2026-05-04T14:01:36.202+0000] {logging_mixin.py:190} INFO - [2026-05-04T14:01:36.202+0000] {dag.py:4180} INFO - Setting next_dagrun for kafka_to_s3 to 2026-05-04 00:00:00+00:00, run_after=2026-05-05 00:00:00+00:00
[2026-05-04T14:01:36.231+0000] {processor.py:208} INFO - Processing /opt/airflow/dags/main.py took 0.658 seconds
[2026-05-04T14:02:06.609+0000] {processor.py:186} INFO - Started process (PID=719) to work on /opt/airflow/dags/main.py
[2026-05-04T14:02:06.620+0000] {processor.py:914} INFO - Processing file /opt/airflow/dags/main.py for tasks to queue
[2026-05-04T14:02:06.635+0000] {logging_mixin.py:190} INFO - [2026-05-04T14:02:06.634+0000] {dagbag.py:588} INFO - Filling up the DagBag from /opt/airflow/dags/main.py
[2026-05-04T14:02:07.314+0000] {processor.py:925} INFO - DAG(s) 'kafka_to_s3' retrieved from /opt/airflow/dags/main.py
[2026-05-04T14:02:07.347+0000] {logging_mixin.py:190} INFO - [2026-05-04T14:02:07.346+0000] {dag.py:3239} INFO - Sync 1 DAGs
[2026-05-04T14:02:07.376+0000] {logging_mixin.py:190} INFO - [2026-05-04T14:02:07.376+0000] {dag.py:4180} INFO - Setting next_dagrun for kafka_to_s3 to 2026-05-04 00:00:00+00:00, run_after=2026-05-05 00:00:00+00:00
[2026-05-04T14:02:07.405+0000] {processor.py:208} INFO - Processing /opt/airflow/dags/main.py took 0.833 seconds
[2026-05-04T14:02:37.945+0000] {processor.py:186} INFO - Started process (PID=726) to work on /opt/airflow/dags/main.py
[2026-05-04T14:02:37.947+0000] {processor.py:914} INFO - Processing file /opt/airflow/dags/main.py for tasks to queue
[2026-05-04T14:02:37.955+0000] {logging_mixin.py:190} INFO - [2026-05-04T14:02:37.954+0000] {dagbag.py:588} INFO - Filling up the DagBag from /opt/airflow/dags/main.py
[2026-05-04T14:02:38.385+0000] {processor.py:925} INFO - DAG(s) 'kafka_to_s3' retrieved from /opt/airflow/dags/main.py
[2026-05-04T14:02:38.431+0000] {logging_mixin.py:190} INFO - [2026-05-04T14:02:38.431+0000] {dag.py:3239} INFO - Sync 1 DAGs
[2026-05-04T14:02:38.481+0000] {logging_mixin.py:190} INFO - [2026-05-04T14:02:38.481+0000] {dag.py:4180} INFO - Setting next_dagrun for kafka_to_s3 to 2026-05-04 00:00:00+00:00, run_after=2026-05-05 00:00:00+00:00
[2026-05-04T14:02:38.518+0000] {processor.py:208} INFO - Processing /opt/airflow/dags/main.py took 0.589 seconds
[2026-05-04T14:03:08.701+0000] {processor.py:186} INFO - Started process (PID=733) to work on /opt/airflow/dags/main.py
[2026-05-04T14:03:08.703+0000] {processor.py:914} INFO - Processing file /opt/airflow/dags/main.py for tasks to queue
[2026-05-04T14:03:08.709+0000] {logging_mixin.py:190} INFO - [2026-05-04T14:03:08.708+0000] {dagbag.py:588} INFO - Filling up the DagBag from /opt/airflow/dags/main.py
[2026-05-04T14:03:08.882+0000] {processor.py:925} INFO - DAG(s) 'kafka_to_s3' retrieved from /opt/airflow/dags/main.py
[2026-05-04T14:03:08.944+0000] {logging_mixin.py:190} INFO - [2026-05-04T14:03:08.943+0000] {dag.py:3239} INFO - Sync 1 DAGs
[2026-05-04T14:03:09.189+0000] {logging_mixin.py:190} INFO - [2026-05-04T14:03:09.189+0000] {dag.py:4180} INFO - Setting next_dagrun for kafka_to_s3 to 2026-05-04 00:00:00+00:00, run_after=2026-05-05 00:00:00+00:00
[2026-05-04T14:03:09.218+0000] {processor.py:208} INFO - Processing /opt/airflow/dags/main.py took 0.529 seconds
[2026-05-04T14:03:39.609+0000] {processor.py:186} INFO - Started process (PID=740) to work on /opt/airflow/dags/main.py
[2026-05-04T14:03:39.612+0000] {processor.py:914} INFO - Processing file /opt/airflow/dags/main.py for tasks to queue
[2026-05-04T14:03:39.619+0000] {logging_mixin.py:190} INFO - [2026-05-04T14:03:39.618+0000] {dagbag.py:588} INFO - Filling up the DagBag from /opt/airflow/dags/main.py
[2026-05-04T14:03:39.851+0000] {processor.py:925} INFO - DAG(s) 'kafka_to_s3' retrieved from /opt/airflow/dags/main.py
[2026-05-04T14:03:40.163+0000] {logging_mixin.py:190} INFO - [2026-05-04T14:03:40.162+0000] {dag.py:3239} INFO - Sync 1 DAGs
[2026-05-04T14:03:40.201+0000] {logging_mixin.py:190} INFO - [2026-05-04T14:03:40.201+0000] {dag.py:4180} INFO - Setting next_dagrun for kafka_to_s3 to 2026-05-04 00:00:00+00:00, run_after=2026-05-05 00:00:00+00:00
[2026-05-04T14:03:40.239+0000] {processor.py:208} INFO - Processing /opt/airflow/dags/main.py took 0.645 seconds
[2026-05-04T14:04:10.378+0000] {processor.py:186} INFO - Started process (PID=746) to work on /opt/airflow/dags/main.py
[2026-05-04T14:04:10.380+0000] {processor.py:914} INFO - Processing file /opt/airflow/dags/main.py for tasks to queue
[2026-05-04T14:04:10.384+0000] {logging_mixin.py:190} INFO - [2026-05-04T14:04:10.384+0000] {dagbag.py:588} INFO - Filling up the DagBag from /opt/airflow/dags/main.py
[2026-05-04T14:04:10.568+0000] {processor.py:925} INFO - DAG(s) 'kafka_to_s3' retrieved from /opt/airflow/dags/main.py
[2026-05-04T14:04:10.814+0000] {logging_mixin.py:190} INFO - [2026-05-04T14:04:10.813+0000] {dag.py:3239} INFO - Sync 1 DAGs
[2026-05-04T14:04:10.848+0000] {logging_mixin.py:190} INFO - [2026-05-04T14:04:10.848+0000] {dag.py:4180} INFO - Setting next_dagrun for kafka_to_s3 to 2026-05-04 00:00:00+00:00, run_after=2026-05-05 00:00:00+00:00
[2026-05-04T14:04:10.876+0000] {processor.py:208} INFO - Processing /opt/airflow/dags/main.py took 0.509 seconds
[2026-05-04T14:04:41.603+0000] {processor.py:186} INFO - Started process (PID=759) to work on /opt/airflow/dags/main.py
[2026-05-04T14:04:41.606+0000] {processor.py:914} INFO - Processing file /opt/airflow/dags/main.py for tasks to queue
[2026-05-04T14:04:41.610+0000] {logging_mixin.py:190} INFO - [2026-05-04T14:04:41.609+0000] {dagbag.py:588} INFO - Filling up the DagBag from /opt/airflow/dags/main.py
[2026-05-04T14:04:42.038+0000] {processor.py:925} INFO - DAG(s) 'kafka_to_s3' retrieved from /opt/airflow/dags/main.py
[2026-05-04T14:04:42.069+0000] {logging_mixin.py:190} INFO - [2026-05-04T14:04:42.069+0000] {dag.py:3239} INFO - Sync 1 DAGs
[2026-05-04T14:04:42.097+0000] {logging_mixin.py:190} INFO - [2026-05-04T14:04:42.097+0000] {dag.py:4180} INFO - Setting next_dagrun for kafka_to_s3 to 2026-05-04 00:00:00+00:00, run_after=2026-05-05 00:00:00+00:00
[2026-05-04T14:04:42.122+0000] {processor.py:208} INFO - Processing /opt/airflow/dags/main.py took 0.530 seconds
[2026-05-04T14:05:12.758+0000] {processor.py:186} INFO - Started process (PID=765) to work on /opt/airflow/dags/main.py
[2026-05-04T14:05:12.760+0000] {processor.py:914} INFO - Processing file /opt/airflow/dags/main.py for tasks to queue
[2026-05-04T14:05:12.765+0000] {logging_mixin.py:190} INFO - [2026-05-04T14:05:12.764+0000] {dagbag.py:588} INFO - Filling up the DagBag from /opt/airflow/dags/main.py
[2026-05-04T14:05:13.189+0000] {processor.py:925} INFO - DAG(s) 'kafka_to_s3' retrieved from /opt/airflow/dags/main.py
[2026-05-04T14:05:13.220+0000] {logging_mixin.py:190} INFO - [2026-05-04T14:05:13.220+0000] {dag.py:3239} INFO - Sync 1 DAGs
[2026-05-04T14:05:13.250+0000] {logging_mixin.py:190} INFO - [2026-05-04T14:05:13.249+0000] {dag.py:4180} INFO - Setting next_dagrun for kafka_to_s3 to 2026-05-04 00:00:00+00:00, run_after=2026-05-05 00:00:00+00:00
[2026-05-04T14:05:13.277+0000] {processor.py:208} INFO - Processing /opt/airflow/dags/main.py took 0.537 seconds
[2026-05-04T14:05:43.675+0000] {processor.py:186} INFO - Started process (PID=772) to work on /opt/airflow/dags/main.py
[2026-05-04T14:05:43.678+0000] {processor.py:914} INFO - Processing file /opt/airflow/dags/main.py for tasks to queue
[2026-05-04T14:05:43.683+0000] {logging_mixin.py:190} INFO - [2026-05-04T14:05:43.682+0000] {dagbag.py:588} INFO - Filling up the DagBag from /opt/airflow/dags/main.py
[2026-05-04T14:05:44.067+0000] {processor.py:925} INFO - DAG(s) 'kafka_to_s3' retrieved from /opt/airflow/dags/main.py
[2026-05-04T14:05:44.099+0000] {logging_mixin.py:190} INFO - [2026-05-04T14:05:44.099+0000] {dag.py:3239} INFO - Sync 1 DAGs
[2026-05-04T14:05:44.128+0000] {logging_mixin.py:190} INFO - [2026-05-04T14:05:44.128+0000] {dag.py:4180} INFO - Setting next_dagrun for kafka_to_s3 to 2026-05-04 00:00:00+00:00, run_after=2026-05-05 00:00:00+00:00
[2026-05-04T14:05:44.155+0000] {processor.py:208} INFO - Processing /opt/airflow/dags/main.py took 0.489 seconds
[2026-05-04T14:06:14.377+0000] {processor.py:186} INFO - Started process (PID=779) to work on /opt/airflow/dags/main.py
[2026-05-04T14:06:14.380+0000] {processor.py:914} INFO - Processing file /opt/airflow/dags/main.py for tasks to queue
[2026-05-04T14:06:14.386+0000] {logging_mixin.py:190} INFO - [2026-05-04T14:06:14.385+0000] {dagbag.py:588} INFO - Filling up the DagBag from /opt/airflow/dags/main.py
[2026-05-04T14:06:14.582+0000] {processor.py:925} INFO - DAG(s) 'kafka_to_s3' retrieved from /opt/airflow/dags/main.py
[2026-05-04T14:06:14.654+0000] {logging_mixin.py:190} INFO - [2026-05-04T14:06:14.654+0000] {dag.py:3239} INFO - Sync 1 DAGs
[2026-05-04T14:06:14.905+0000] {logging_mixin.py:190} INFO - [2026-05-04T14:06:14.905+0000] {dag.py:4180} INFO - Setting next_dagrun for kafka_to_s3 to 2026-05-04 00:00:00+00:00, run_after=2026-05-05 00:00:00+00:00
[2026-05-04T14:06:14.938+0000] {processor.py:208} INFO - Processing /opt/airflow/dags/main.py took 0.588 seconds
[2026-05-04T14:06:45.256+0000] {processor.py:186} INFO - Started process (PID=786) to work on /opt/airflow/dags/main.py
[2026-05-04T14:06:45.258+0000] {processor.py:914} INFO - Processing file /opt/airflow/dags/main.py for tasks to queue
[2026-05-04T14:06:45.266+0000] {logging_mixin.py:190} INFO - [2026-05-04T14:06:45.265+0000] {dagbag.py:588} INFO - Filling up the DagBag from /opt/airflow/dags/main.py
[2026-05-04T14:06:45.484+0000] {processor.py:925} INFO - DAG(s) 'kafka_to_s3' retrieved from /opt/airflow/dags/main.py
[2026-05-04T14:06:45.751+0000] {logging_mixin.py:190} INFO - [2026-05-04T14:06:45.750+0000] {dag.py:3239} INFO - Sync 1 DAGs
[2026-05-04T14:06:45.787+0000] {logging_mixin.py:190} INFO - [2026-05-04T14:06:45.787+0000] {dag.py:4180} INFO - Setting next_dagrun for kafka_to_s3 to 2026-05-04 00:00:00+00:00, run_after=2026-05-05 00:00:00+00:00
[2026-05-04T14:06:45.835+0000] {processor.py:208} INFO - Processing /opt/airflow/dags/main.py took 0.588 seconds
[2026-05-04T14:07:16.086+0000] {processor.py:186} INFO - Started process (PID=793) to work on /opt/airflow/dags/main.py
[2026-05-04T14:07:16.089+0000] {processor.py:914} INFO - Processing file /opt/airflow/dags/main.py for tasks to queue
[2026-05-04T14:07:16.096+0000] {logging_mixin.py:190} INFO - [2026-05-04T14:07:16.095+0000] {dagbag.py:588} INFO - Filling up the DagBag from /opt/airflow/dags/main.py
[2026-05-04T14:07:16.475+0000] {processor.py:925} INFO - DAG(s) 'kafka_to_s3' retrieved from /opt/airflow/dags/main.py
[2026-05-04T14:07:16.508+0000] {logging_mixin.py:190} INFO - [2026-05-04T14:07:16.508+0000] {dag.py:3239} INFO - Sync 1 DAGs
[2026-05-04T14:07:16.548+0000] {logging_mixin.py:190} INFO - [2026-05-04T14:07:16.548+0000] {dag.py:4180} INFO - Setting next_dagrun for kafka_to_s3 to 2026-05-04 00:00:00+00:00, run_after=2026-05-05 00:00:00+00:00
[2026-05-04T14:07:16.581+0000] {processor.py:208} INFO - Processing /opt/airflow/dags/main.py took 0.514 seconds
[2026-05-04T14:07:46.743+0000] {processor.py:186} INFO - Started process (PID=800) to work on /opt/airflow/dags/main.py
[2026-05-04T14:07:46.744+0000] {processor.py:914} INFO - Processing file /opt/airflow/dags/main.py for tasks to queue
[2026-05-04T14:07:46.747+0000] {logging_mixin.py:190} INFO - [2026-05-04T14:07:46.747+0000] {dagbag.py:588} INFO - Filling up the DagBag from /opt/airflow/dags/main.py
[2026-05-04T14:07:47.121+0000] {processor.py:925} INFO - DAG(s) 'kafka_to_s3' retrieved from /opt/airflow/dags/main.py
[2026-05-04T14:07:47.167+0000] {logging_mixin.py:190} INFO - [2026-05-04T14:07:47.167+0000] {dag.py:3239} INFO - Sync 1 DAGs
[2026-05-04T14:07:47.196+0000] {logging_mixin.py:190} INFO - [2026-05-04T14:07:47.196+0000] {dag.py:4180} INFO - Setting next_dagrun for kafka_to_s3 to 2026-05-04 00:00:00+00:00, run_after=2026-05-05 00:00:00+00:00
[2026-05-04T14:07:47.236+0000] {processor.py:208} INFO - Processing /opt/airflow/dags/main.py took 0.505 seconds
[2026-05-04T14:08:17.752+0000] {processor.py:186} INFO - Started process (PID=807) to work on /opt/airflow/dags/main.py
[2026-05-04T14:08:17.754+0000] {processor.py:914} INFO - Processing file /opt/airflow/dags/main.py for tasks to queue
[2026-05-04T14:08:17.759+0000] {logging_mixin.py:190} INFO - [2026-05-04T14:08:17.758+0000] {dagbag.py:588} INFO - Filling up the DagBag from /opt/airflow/dags/main.py
[2026-05-04T14:08:18.147+0000] {processor.py:925} INFO - DAG(s) 'kafka_to_s3' retrieved from /opt/airflow/dags/main.py
[2026-05-04T14:08:18.192+0000] {logging_mixin.py:190} INFO - [2026-05-04T14:08:18.191+0000] {dag.py:3239} INFO - Sync 1 DAGs
[2026-05-04T14:08:18.245+0000] {logging_mixin.py:190} INFO - [2026-05-04T14:08:18.244+0000] {dag.py:4180} INFO - Setting next_dagrun for kafka_to_s3 to 2026-05-04 00:00:00+00:00, run_after=2026-05-05 00:00:00+00:00
[2026-05-04T14:08:18.288+0000] {processor.py:208} INFO - Processing /opt/airflow/dags/main.py took 0.555 seconds
[2026-05-04T14:08:48.648+0000] {processor.py:186} INFO - Started process (PID=814) to work on /opt/airflow/dags/main.py
[2026-05-04T14:08:48.650+0000] {processor.py:914} INFO - Processing file /opt/airflow/dags/main.py for tasks to queue
[2026-05-04T14:08:48.657+0000] {logging_mixin.py:190} INFO - [2026-05-04T14:08:48.656+0000] {dagbag.py:588} INFO - Filling up the DagBag from /opt/airflow/dags/main.py
[2026-05-04T14:08:49.110+0000] {processor.py:925} INFO - DAG(s) 'kafka_to_s3' retrieved from /opt/airflow/dags/main.py
[2026-05-04T14:08:49.149+0000] {logging_mixin.py:190} INFO - [2026-05-04T14:08:49.148+0000] {dag.py:3239} INFO - Sync 1 DAGs
[2026-05-04T14:08:49.196+0000] {logging_mixin.py:190} INFO - [2026-05-04T14:08:49.195+0000] {dag.py:4180} INFO - Setting next_dagrun for kafka_to_s3 to 2026-05-04 00:00:00+00:00, run_after=2026-05-05 00:00:00+00:00
[2026-05-04T14:08:49.238+0000] {processor.py:208} INFO - Processing /opt/airflow/dags/main.py took 0.609 seconds
[2026-05-04T14:09:19.770+0000] {processor.py:186} INFO - Started process (PID=821) to work on /opt/airflow/dags/main.py
[2026-05-04T14:09:19.772+0000] {processor.py:914} INFO - Processing file /opt/airflow/dags/main.py for tasks to queue
[2026-05-04T14:09:19.776+0000] {logging_mixin.py:190} INFO - [2026-05-04T14:09:19.776+0000] {dagbag.py:588} INFO - Filling up the DagBag from /opt/airflow/dags/main.py
[2026-05-04T14:09:19.929+0000] {processor.py:925} INFO - DAG(s) 'kafka_to_s3' retrieved from /opt/airflow/dags/main.py
[2026-05-04T14:09:19.961+0000] {logging_mixin.py:190} INFO - [2026-05-04T14:09:19.961+0000] {dag.py:3239} INFO - Sync 1 DAGs
[2026-05-04T14:09:20.203+0000] {logging_mixin.py:190} INFO - [2026-05-04T14:09:20.203+0000] {dag.py:4180} INFO - Setting next_dagrun for kafka_to_s3 to 2026-05-04 00:00:00+00:00, run_after=2026-05-05 00:00:00+00:00
[2026-05-04T14:09:20.230+0000] {processor.py:208} INFO - Processing /opt/airflow/dags/main.py took 0.468 seconds
[2026-05-04T14:09:50.509+0000] {processor.py:186} INFO - Started process (PID=828) to work on /opt/airflow/dags/main.py
[2026-05-04T14:09:50.510+0000] {processor.py:914} INFO - Processing file /opt/airflow/dags/main.py for tasks to queue
[2026-05-04T14:09:50.514+0000] {logging_mixin.py:190} INFO - [2026-05-04T14:09:50.514+0000] {dagbag.py:588} INFO - Filling up the DagBag from /opt/airflow/dags/main.py
[2026-05-04T14:09:50.656+0000] {processor.py:925} INFO - DAG(s) 'kafka_to_s3' retrieved from /opt/airflow/dags/main.py
[2026-05-04T14:09:50.888+0000] {logging_mixin.py:190} INFO - [2026-05-04T14:09:50.887+0000] {dag.py:3239} INFO - Sync 1 DAGs
[2026-05-04T14:09:50.920+0000] {logging_mixin.py:190} INFO - [2026-05-04T14:09:50.920+0000] {dag.py:4180} INFO - Setting next_dagrun for kafka_to_s3 to 2026-05-04 00:00:00+00:00, run_after=2026-05-05 00:00:00+00:00
[2026-05-04T14:09:50.952+0000] {processor.py:208} INFO - Processing /opt/airflow/dags/main.py took 0.453 seconds
[2026-05-04T14:10:21.416+0000] {processor.py:186} INFO - Started process (PID=835) to work on /opt/airflow/dags/main.py
[2026-05-04T14:10:21.418+0000] {processor.py:914} INFO - Processing file /opt/airflow/dags/main.py for tasks to queue
[2026-05-04T14:10:21.425+0000] {logging_mixin.py:190} INFO - [2026-05-04T14:10:21.424+0000] {dagbag.py:588} INFO - Filling up the DagBag from /opt/airflow/dags/main.py
[2026-05-04T14:10:21.781+0000] {processor.py:925} INFO - DAG(s) 'kafka_to_s3' retrieved from /opt/airflow/dags/main.py
[2026-05-04T14:10:21.804+0000] {logging_mixin.py:190} INFO - [2026-05-04T14:10:21.804+0000] {dag.py:3239} INFO - Sync 1 DAGs
[2026-05-04T14:10:21.826+0000] {logging_mixin.py:190} INFO - [2026-05-04T14:10:21.826+0000] {dag.py:4180} INFO - Setting next_dagrun for kafka_to_s3 to 2026-05-04 00:00:00+00:00, run_after=2026-05-05 00:00:00+00:00
[2026-05-04T14:10:21.846+0000] {processor.py:208} INFO - Processing /opt/airflow/dags/main.py took 0.442 seconds
[2026-05-04T14:10:52.316+0000] {processor.py:186} INFO - Started process (PID=842) to work on /opt/airflow/dags/main.py
[2026-05-04T14:10:52.319+0000] {processor.py:914} INFO - Processing file /opt/airflow/dags/main.py for tasks to queue
[2026-05-04T14:10:52.325+0000] {logging_mixin.py:190} INFO - [2026-05-04T14:10:52.325+0000] {dagbag.py:588} INFO - Filling up the DagBag from /opt/airflow/dags/main.py
[2026-05-04T14:10:52.730+0000] {processor.py:925} INFO - DAG(s) 'kafka_to_s3' retrieved from /opt/airflow/dags/main.py
[2026-05-04T14:10:52.781+0000] {logging_mixin.py:190} INFO - [2026-05-04T14:10:52.781+0000] {dag.py:3239} INFO - Sync 1 DAGs
[2026-05-04T14:10:52.811+0000] {logging_mixin.py:190} INFO - [2026-05-04T14:10:52.811+0000] {dag.py:4180} INFO - Setting next_dagrun for kafka_to_s3 to 2026-05-04 00:00:00+00:00, run_after=2026-05-05 00:00:00+00:00
[2026-05-04T14:10:52.840+0000] {processor.py:208} INFO - Processing /opt/airflow/dags/main.py took 0.540 seconds
[2026-05-04T14:11:23.381+0000] {processor.py:186} INFO - Started process (PID=849) to work on /opt/airflow/dags/main.py
[2026-05-04T14:11:23.382+0000] {processor.py:914} INFO - Processing file /opt/airflow/dags/main.py for tasks to queue
[2026-05-04T14:11:23.386+0000] {logging_mixin.py:190} INFO - [2026-05-04T14:11:23.385+0000] {dagbag.py:588} INFO - Filling up the DagBag from /opt/airflow/dags/main.py
[2026-05-04T14:11:23.808+0000] {processor.py:925} INFO - DAG(s) 'kafka_to_s3' retrieved from /opt/airflow/dags/main.py
[2026-05-04T14:11:23.836+0000] {logging_mixin.py:190} INFO - [2026-05-04T14:11:23.835+0000] {dag.py:3239} INFO - Sync 1 DAGs
[2026-05-04T14:11:23.868+0000] {logging_mixin.py:190} INFO - [2026-05-04T14:11:23.867+0000] {dag.py:4180} INFO - Setting next_dagrun for kafka_to_s3 to 2026-05-04 00:00:00+00:00, run_after=2026-05-05 00:00:00+00:00
[2026-05-04T14:11:23.895+0000] {processor.py:208} INFO - Processing /opt/airflow/dags/main.py took 0.524 seconds
[2026-05-04T14:11:54.515+0000] {processor.py:186} INFO - Started process (PID=856) to work on /opt/airflow/dags/main.py
[2026-05-04T14:11:54.519+0000] {processor.py:914} INFO - Processing file /opt/airflow/dags/main.py for tasks to queue
[2026-05-04T14:11:54.528+0000] {logging_mixin.py:190} INFO - [2026-05-04T14:11:54.527+0000] {dagbag.py:588} INFO - Filling up the DagBag from /opt/airflow/dags/main.py
[2026-05-04T14:11:55.028+0000] {processor.py:925} INFO - DAG(s) 'kafka_to_s3' retrieved from /opt/airflow/dags/main.py
[2026-05-04T14:11:55.060+0000] {logging_mixin.py:190} INFO - [2026-05-04T14:11:55.060+0000] {dag.py:3239} INFO - Sync 1 DAGs
[2026-05-04T14:11:55.095+0000] {logging_mixin.py:190} INFO - [2026-05-04T14:11:55.095+0000] {dag.py:4180} INFO - Setting next_dagrun for kafka_to_s3 to 2026-05-04 00:00:00+00:00, run_after=2026-05-05 00:00:00+00:00
[2026-05-04T14:11:55.142+0000] {processor.py:208} INFO - Processing /opt/airflow/dags/main.py took 0.655 seconds
[2026-05-04T14:12:25.293+0000] {processor.py:186} INFO - Started process (PID=863) to work on /opt/airflow/dags/main.py
[2026-05-04T14:12:25.295+0000] {processor.py:914} INFO - Processing file /opt/airflow/dags/main.py for tasks to queue
[2026-05-04T14:12:25.298+0000] {logging_mixin.py:190} INFO - [2026-05-04T14:12:25.298+0000] {dagbag.py:588} INFO - Filling up the DagBag from /opt/airflow/dags/main.py
[2026-05-04T14:12:25.518+0000] {processor.py:925} INFO - DAG(s) 'kafka_to_s3' retrieved from /opt/airflow/dags/main.py
[2026-05-04T14:12:25.813+0000] {logging_mixin.py:190} INFO - [2026-05-04T14:12:25.812+0000] {dag.py:3239} INFO - Sync 1 DAGs
[2026-05-04T14:12:25.849+0000] {logging_mixin.py:190} INFO - [2026-05-04T14:12:25.849+0000] {dag.py:4180} INFO - Setting next_dagrun for kafka_to_s3 to 2026-05-04 00:00:00+00:00, run_after=2026-05-05 00:00:00+00:00
[2026-05-04T14:12:25.885+0000] {processor.py:208} INFO - Processing /opt/airflow/dags/main.py took 0.603 seconds
[2026-05-04T14:12:58.403+0000] {processor.py:186} INFO - Started process (PID=869) to work on /opt/airflow/dags/main.py
[2026-05-04T14:12:58.405+0000] {processor.py:914} INFO - Processing file /opt/airflow/dags/main.py for tasks to queue
[2026-05-04T14:12:58.412+0000] {logging_mixin.py:190} INFO - [2026-05-04T14:12:58.411+0000] {dagbag.py:588} INFO - Filling up the DagBag from /opt/airflow/dags/main.py
[2026-05-04T14:12:58.744+0000] {processor.py:925} INFO - DAG(s) 'kafka_to_s3' retrieved from /opt/airflow/dags/main.py
[2026-05-04T14:12:59.100+0000] {logging_mixin.py:190} INFO - [2026-05-04T14:12:59.099+0000] {dag.py:3239} INFO - Sync 1 DAGs
[2026-05-04T14:12:59.159+0000] {logging_mixin.py:190} INFO - [2026-05-04T14:12:59.158+0000] {dag.py:4180} INFO - Setting next_dagrun for kafka_to_s3 to 2026-05-04 00:00:00+00:00, run_after=2026-05-05 00:00:00+00:00
[2026-05-04T14:12:59.248+0000] {processor.py:208} INFO - Processing /opt/airflow/dags/main.py took 0.873 seconds
[2026-05-04T14:13:29.615+0000] {processor.py:186} INFO - Started process (PID=876) to work on /opt/airflow/dags/main.py
[2026-05-04T14:13:29.617+0000] {processor.py:914} INFO - Processing file /opt/airflow/dags/main.py for tasks to queue
[2026-05-04T14:13:29.623+0000] {logging_mixin.py:190} INFO - [2026-05-04T14:13:29.623+0000] {dagbag.py:588} INFO - Filling up the DagBag from /opt/airflow/dags/main.py
[2026-05-04T14:13:30.150+0000] {processor.py:925} INFO - DAG(s) 'kafka_to_s3' retrieved from /opt/airflow/dags/main.py
[2026-05-04T14:13:30.227+0000] {logging_mixin.py:190} INFO - [2026-05-04T14:13:30.226+0000] {dag.py:3239} INFO - Sync 1 DAGs
[2026-05-04T14:13:30.322+0000] {logging_mixin.py:190} INFO - [2026-05-04T14:13:30.320+0000] {dag.py:4180} INFO - Setting next_dagrun for kafka_to_s3 to 2026-05-04 00:00:00+00:00, run_after=2026-05-05 00:00:00+00:00
[2026-05-04T14:13:30.408+0000] {processor.py:208} INFO - Processing /opt/airflow/dags/main.py took 0.806 seconds
[2026-05-04T14:14:00.623+0000] {processor.py:186} INFO - Started process (PID=883) to work on /opt/airflow/dags/main.py
[2026-05-04T14:14:00.626+0000] {processor.py:914} INFO - Processing file /opt/airflow/dags/main.py for tasks to queue
[2026-05-04T14:14:00.635+0000] {logging_mixin.py:190} INFO - [2026-05-04T14:14:00.634+0000] {dagbag.py:588} INFO - Filling up the DagBag from /opt/airflow/dags/main.py
[2026-05-04T14:14:01.624+0000] {processor.py:925} INFO - DAG(s) 'kafka_to_s3' retrieved from /opt/airflow/dags/main.py
[2026-05-04T14:14:01.896+0000] {logging_mixin.py:190} INFO - [2026-05-04T14:14:01.895+0000] {dag.py:3239} INFO - Sync 1 DAGs
[2026-05-04T14:14:02.089+0000] {logging_mixin.py:190} INFO - [2026-05-04T14:14:02.087+0000] {dag.py:4180} INFO - Setting next_dagrun for kafka_to_s3 to 2026-05-04 00:00:00+00:00, run_after=2026-05-05 00:00:00+00:00
[2026-05-04T14:14:02.200+0000] {processor.py:208} INFO - Processing /opt/airflow/dags/main.py took 1.594 seconds
[2026-05-04T14:14:32.609+0000] {processor.py:186} INFO - Started process (PID=890) to work on /opt/airflow/dags/main.py
[2026-05-04T14:14:32.611+0000] {processor.py:914} INFO - Processing file /opt/airflow/dags/main.py for tasks to queue
[2026-05-04T14:14:32.616+0000] {logging_mixin.py:190} INFO - [2026-05-04T14:14:32.616+0000] {dagbag.py:588} INFO - Filling up the DagBag from /opt/airflow/dags/main.py
[2026-05-04T14:14:33.257+0000] {processor.py:925} INFO - DAG(s) 'kafka_to_s3' retrieved from /opt/airflow/dags/main.py
[2026-05-04T14:14:33.303+0000] {logging_mixin.py:190} INFO - [2026-05-04T14:14:33.302+0000] {dag.py:3239} INFO - Sync 1 DAGs
[2026-05-04T14:14:33.355+0000] {logging_mixin.py:190} INFO - [2026-05-04T14:14:33.355+0000] {dag.py:4180} INFO - Setting next_dagrun for kafka_to_s3 to 2026-05-04 00:00:00+00:00, run_after=2026-05-05 00:00:00+00:00
[2026-05-04T14:14:33.408+0000] {processor.py:208} INFO - Processing /opt/airflow/dags/main.py took 0.811 seconds
[2026-05-04T14:15:03.776+0000] {processor.py:186} INFO - Started process (PID=897) to work on /opt/airflow/dags/main.py
[2026-05-04T14:15:03.781+0000] {processor.py:914} INFO - Processing file /opt/airflow/dags/main.py for tasks to queue
[2026-05-04T14:15:03.799+0000] {logging_mixin.py:190} INFO - [2026-05-04T14:15:03.797+0000] {dagbag.py:588} INFO - Filling up the DagBag from /opt/airflow/dags/main.py
[2026-05-04T14:15:04.569+0000] {processor.py:925} INFO - DAG(s) 'kafka_to_s3' retrieved from /opt/airflow/dags/main.py
[2026-05-04T14:15:04.609+0000] {logging_mixin.py:190} INFO - [2026-05-04T14:15:04.609+0000] {dag.py:3239} INFO - Sync 1 DAGs
[2026-05-04T14:15:04.662+0000] {logging_mixin.py:190} INFO - [2026-05-04T14:15:04.661+0000] {dag.py:4180} INFO - Setting next_dagrun for kafka_to_s3 to 2026-05-04 00:00:00+00:00, run_after=2026-05-05 00:00:00+00:00
[2026-05-04T14:15:04.721+0000] {processor.py:208} INFO - Processing /opt/airflow/dags/main.py took 0.979 seconds
[2026-05-04T14:15:34.898+0000] {processor.py:186} INFO - Started process (PID=904) to work on /opt/airflow/dags/main.py
[2026-05-04T14:15:34.901+0000] {processor.py:914} INFO - Processing file /opt/airflow/dags/main.py for tasks to queue
[2026-05-04T14:15:34.909+0000] {logging_mixin.py:190} INFO - [2026-05-04T14:15:34.908+0000] {dagbag.py:588} INFO - Filling up the DagBag from /opt/airflow/dags/main.py
[2026-05-04T14:15:35.256+0000] {processor.py:925} INFO - DAG(s) 'kafka_to_s3' retrieved from /opt/airflow/dags/main.py
[2026-05-04T14:15:35.623+0000] {logging_mixin.py:190} INFO - [2026-05-04T14:15:35.622+0000] {dag.py:3239} INFO - Sync 1 DAGs
[2026-05-04T14:15:35.690+0000] {logging_mixin.py:190} INFO - [2026-05-04T14:15:35.689+0000] {dag.py:4180} INFO - Setting next_dagrun for kafka_to_s3 to 2026-05-04 00:00:00+00:00, run_after=2026-05-05 00:00:00+00:00
[2026-05-04T14:15:35.745+0000] {processor.py:208} INFO - Processing /opt/airflow/dags/main.py took 0.869 seconds
[2026-05-04T14:16:06.435+0000] {processor.py:186} INFO - Started process (PID=911) to work on /opt/airflow/dags/main.py
[2026-05-04T14:16:06.438+0000] {processor.py:914} INFO - Processing file /opt/airflow/dags/main.py for tasks to queue
[2026-05-04T14:16:06.445+0000] {logging_mixin.py:190} INFO - [2026-05-04T14:16:06.444+0000] {dagbag.py:588} INFO - Filling up the DagBag from /opt/airflow/dags/main.py
[2026-05-04T14:16:07.189+0000] {processor.py:925} INFO - DAG(s) 'kafka_to_s3' retrieved from /opt/airflow/dags/main.py
[2026-05-04T14:16:07.251+0000] {logging_mixin.py:190} INFO - [2026-05-04T14:16:07.251+0000] {dag.py:3239} INFO - Sync 1 DAGs
[2026-05-04T14:16:07.316+0000] {logging_mixin.py:190} INFO - [2026-05-04T14:16:07.315+0000] {dag.py:4180} INFO - Setting next_dagrun for kafka_to_s3 to 2026-05-04 00:00:00+00:00, run_after=2026-05-05 00:00:00+00:00
[2026-05-04T14:16:07.348+0000] {processor.py:208} INFO - Processing /opt/airflow/dags/main.py took 0.931 seconds
[2026-05-04T14:16:38.021+0000] {processor.py:186} INFO - Started process (PID=918) to work on /opt/airflow/dags/main.py
[2026-05-04T14:16:38.026+0000] {processor.py:914} INFO - Processing file /opt/airflow/dags/main.py for tasks to queue
[2026-05-04T14:16:38.039+0000] {logging_mixin.py:190} INFO - [2026-05-04T14:16:38.038+0000] {dagbag.py:588} INFO - Filling up the DagBag from /opt/airflow/dags/main.py
[2026-05-04T14:16:38.918+0000] {processor.py:925} INFO - DAG(s) 'kafka_to_s3' retrieved from /opt/airflow/dags/main.py
[2026-05-04T14:16:38.987+0000] {logging_mixin.py:190} INFO - [2026-05-04T14:16:38.986+0000] {dag.py:3239} INFO - Sync 1 DAGs
[2026-05-04T14:16:39.068+0000] {logging_mixin.py:190} INFO - [2026-05-04T14:16:39.067+0000] {dag.py:4180} INFO - Setting next_dagrun for kafka_to_s3 to 2026-05-04 00:00:00+00:00, run_after=2026-05-05 00:00:00+00:00
[2026-05-04T14:16:39.126+0000] {processor.py:208} INFO - Processing /opt/airflow/dags/main.py took 1.135 seconds
[2026-05-04T14:17:09.718+0000] {processor.py:186} INFO - Started process (PID=924) to work on /opt/airflow/dags/main.py
[2026-05-04T14:17:09.720+0000] {processor.py:914} INFO - Processing file /opt/airflow/dags/main.py for tasks to queue
[2026-05-04T14:17:09.726+0000] {logging_mixin.py:190} INFO - [2026-05-04T14:17:09.725+0000] {dagbag.py:588} INFO - Filling up the DagBag from /opt/airflow/dags/main.py
[2026-05-04T14:17:10.305+0000] {processor.py:925} INFO - DAG(s) 'kafka_to_s3' retrieved from /opt/airflow/dags/main.py
[2026-05-04T14:17:10.351+0000] {logging_mixin.py:190} INFO - [2026-05-04T14:17:10.351+0000] {dag.py:3239} INFO - Sync 1 DAGs
[2026-05-04T14:17:10.432+0000] {logging_mixin.py:190} INFO - [2026-05-04T14:17:10.431+0000] {dag.py:4180} INFO - Setting next_dagrun for kafka_to_s3 to 2026-05-04 00:00:00+00:00, run_after=2026-05-05 00:00:00+00:00
[2026-05-04T14:17:10.492+0000] {processor.py:208} INFO - Processing /opt/airflow/dags/main.py took 0.787 seconds
[2026-05-04T14:17:41.049+0000] {processor.py:186} INFO - Started process (PID=931) to work on /opt/airflow/dags/main.py
[2026-05-04T14:17:41.051+0000] {processor.py:914} INFO - Processing file /opt/airflow/dags/main.py for tasks to queue
[2026-05-04T14:17:41.062+0000] {logging_mixin.py:190} INFO - [2026-05-04T14:17:41.061+0000] {dagbag.py:588} INFO - Filling up the DagBag from /opt/airflow/dags/main.py
[2026-05-04T14:17:41.750+0000] {processor.py:925} INFO - DAG(s) 'kafka_to_s3' retrieved from /opt/airflow/dags/main.py
[2026-05-04T14:17:41.845+0000] {logging_mixin.py:190} INFO - [2026-05-04T14:17:41.845+0000] {dag.py:3239} INFO - Sync 1 DAGs
[2026-05-04T14:17:41.933+0000] {logging_mixin.py:190} INFO - [2026-05-04T14:17:41.932+0000] {dag.py:4180} INFO - Setting next_dagrun for kafka_to_s3 to 2026-05-04 00:00:00+00:00, run_after=2026-05-05 00:00:00+00:00
[2026-05-04T14:17:41.993+0000] {processor.py:208} INFO - Processing /opt/airflow/dags/main.py took 0.964 seconds
[2026-05-04T14:18:12.784+0000] {processor.py:186} INFO - Started process (PID=938) to work on /opt/airflow/dags/main.py
[2026-05-04T14:18:12.789+0000] {processor.py:914} INFO - Processing file /opt/airflow/dags/main.py for tasks to queue
[2026-05-04T14:18:12.800+0000] {logging_mixin.py:190} INFO - [2026-05-04T14:18:12.798+0000] {dagbag.py:588} INFO - Filling up the DagBag from /opt/airflow/dags/main.py
[2026-05-04T14:18:13.205+0000] {processor.py:925} INFO - DAG(s) 'kafka_to_s3' retrieved from /opt/airflow/dags/main.py
[2026-05-04T14:18:13.640+0000] {logging_mixin.py:190} INFO - [2026-05-04T14:18:13.639+0000] {dag.py:3239} INFO - Sync 1 DAGs
[2026-05-04T14:18:13.690+0000] {logging_mixin.py:190} INFO - [2026-05-04T14:18:13.689+0000] {dag.py:4180} INFO - Setting next_dagrun for kafka_to_s3 to 2026-05-04 00:00:00+00:00, run_after=2026-05-05 00:00:00+00:00
[2026-05-04T14:18:13.741+0000] {processor.py:208} INFO - Processing /opt/airflow/dags/main.py took 0.984 seconds
[2026-05-04T14:18:44.355+0000] {processor.py:186} INFO - Started process (PID=945) to work on /opt/airflow/dags/main.py
[2026-05-04T14:18:44.358+0000] {processor.py:914} INFO - Processing file /opt/airflow/dags/main.py for tasks to queue
[2026-05-04T14:18:44.364+0000] {logging_mixin.py:190} INFO - [2026-05-04T14:18:44.364+0000] {dagbag.py:588} INFO - Filling up the DagBag from /opt/airflow/dags/main.py
[2026-05-04T14:18:44.659+0000] {processor.py:925} INFO - DAG(s) 'kafka_to_s3' retrieved from /opt/airflow/dags/main.py
[2026-05-04T14:18:44.981+0000] {logging_mixin.py:190} INFO - [2026-05-04T14:18:44.980+0000] {dag.py:3239} INFO - Sync 1 DAGs
[2026-05-04T14:18:45.057+0000] {logging_mixin.py:190} INFO - [2026-05-04T14:18:45.057+0000] {dag.py:4180} INFO - Setting next_dagrun for kafka_to_s3 to 2026-05-04 00:00:00+00:00, run_after=2026-05-05 00:00:00+00:00
[2026-05-04T14:18:45.105+0000] {processor.py:208} INFO - Processing /opt/airflow/dags/main.py took 0.781 seconds
[2026-05-04T14:19:15.911+0000] {processor.py:186} INFO - Started process (PID=952) to work on /opt/airflow/dags/main.py
[2026-05-04T14:19:15.917+0000] {processor.py:914} INFO - Processing file /opt/airflow/dags/main.py for tasks to queue
[2026-05-04T14:19:15.931+0000] {logging_mixin.py:190} INFO - [2026-05-04T14:19:15.929+0000] {dagbag.py:588} INFO - Filling up the DagBag from /opt/airflow/dags/main.py
[2026-05-04T14:19:16.577+0000] {processor.py:925} INFO - DAG(s) 'kafka_to_s3' retrieved from /opt/airflow/dags/main.py
[2026-05-04T14:19:16.647+0000] {logging_mixin.py:190} INFO - [2026-05-04T14:19:16.647+0000] {dag.py:3239} INFO - Sync 1 DAGs
[2026-05-04T14:19:16.714+0000] {logging_mixin.py:190} INFO - [2026-05-04T14:19:16.714+0000] {dag.py:4180} INFO - Setting next_dagrun for kafka_to_s3 to 2026-05-04 00:00:00+00:00, run_after=2026-05-05 00:00:00+00:00
[2026-05-04T14:19:16.775+0000] {processor.py:208} INFO - Processing /opt/airflow/dags/main.py took 0.899 seconds
[2026-05-04T14:19:47.412+0000] {processor.py:186} INFO - Started process (PID=966) to work on /opt/airflow/dags/main.py
[2026-05-04T14:19:47.413+0000] {processor.py:914} INFO - Processing file /opt/airflow/dags/main.py for tasks to queue
[2026-05-04T14:19:47.417+0000] {logging_mixin.py:190} INFO - [2026-05-04T14:19:47.416+0000] {dagbag.py:588} INFO - Filling up the DagBag from /opt/airflow/dags/main.py
[2026-05-04T14:19:47.704+0000] {processor.py:925} INFO - DAG(s) 'kafka_to_s3' retrieved from /opt/airflow/dags/main.py
[2026-05-04T14:19:47.726+0000] {logging_mixin.py:190} INFO - [2026-05-04T14:19:47.726+0000] {dag.py:3239} INFO - Sync 1 DAGs
[2026-05-04T14:19:47.750+0000] {logging_mixin.py:190} INFO - [2026-05-04T14:19:47.750+0000] {dag.py:4180} INFO - Setting next_dagrun for kafka_to_s3 to 2026-05-04 00:00:00+00:00, run_after=2026-05-05 00:00:00+00:00
[2026-05-04T14:19:47.769+0000] {processor.py:208} INFO - Processing /opt/airflow/dags/main.py took 0.364 seconds
[2026-05-04T14:20:18.207+0000] {processor.py:186} INFO - Started process (PID=973) to work on /opt/airflow/dags/main.py
[2026-05-04T14:20:18.208+0000] {processor.py:914} INFO - Processing file /opt/airflow/dags/main.py for tasks to queue
[2026-05-04T14:20:18.214+0000] {logging_mixin.py:190} INFO - [2026-05-04T14:20:18.213+0000] {dagbag.py:588} INFO - Filling up the DagBag from /opt/airflow/dags/main.py
[2026-05-04T14:20:18.524+0000] {processor.py:925} INFO - DAG(s) 'kafka_to_s3' retrieved from /opt/airflow/dags/main.py
[2026-05-04T14:20:18.548+0000] {logging_mixin.py:190} INFO - [2026-05-04T14:20:18.548+0000] {dag.py:3239} INFO - Sync 1 DAGs
[2026-05-04T14:20:18.570+0000] {logging_mixin.py:190} INFO - [2026-05-04T14:20:18.570+0000] {dag.py:4180} INFO - Setting next_dagrun for kafka_to_s3 to 2026-05-04 00:00:00+00:00, run_after=2026-05-05 00:00:00+00:00
[2026-05-04T14:20:18.591+0000] {processor.py:208} INFO - Processing /opt/airflow/dags/main.py took 0.392 seconds
[2026-05-04T14:20:49.000+0000] {processor.py:186} INFO - Started process (PID=981) to work on /opt/airflow/dags/main.py
[2026-05-04T14:20:49.002+0000] {processor.py:914} INFO - Processing file /opt/airflow/dags/main.py for tasks to queue
[2026-05-04T14:20:49.005+0000] {logging_mixin.py:190} INFO - [2026-05-04T14:20:49.005+0000] {dagbag.py:588} INFO - Filling up the DagBag from /opt/airflow/dags/main.py
[2026-05-04T14:20:49.283+0000] {processor.py:925} INFO - DAG(s) 'kafka_to_s3' retrieved from /opt/airflow/dags/main.py
[2026-05-04T14:20:49.310+0000] {logging_mixin.py:190} INFO - [2026-05-04T14:20:49.309+0000] {dag.py:3239} INFO - Sync 1 DAGs
[2026-05-04T14:20:49.335+0000] {logging_mixin.py:190} INFO - [2026-05-04T14:20:49.335+0000] {dag.py:4180} INFO - Setting next_dagrun for kafka_to_s3 to 2026-05-04 00:00:00+00:00, run_after=2026-05-05 00:00:00+00:00
[2026-05-04T14:20:49.359+0000] {processor.py:208} INFO - Processing /opt/airflow/dags/main.py took 0.365 seconds
[2026-05-04T14:21:19.751+0000] {processor.py:186} INFO - Started process (PID=988) to work on /opt/airflow/dags/main.py
[2026-05-04T14:21:19.753+0000] {processor.py:914} INFO - Processing file /opt/airflow/dags/main.py for tasks to queue
[2026-05-04T14:21:19.766+0000] {logging_mixin.py:190} INFO - [2026-05-04T14:21:19.765+0000] {dagbag.py:588} INFO - Filling up the DagBag from /opt/airflow/dags/main.py
[2026-05-04T14:21:19.915+0000] {processor.py:925} INFO - DAG(s) 'kafka_to_s3' retrieved from /opt/airflow/dags/main.py
[2026-05-04T14:21:20.106+0000] {logging_mixin.py:190} INFO - [2026-05-04T14:21:20.105+0000] {dag.py:3239} INFO - Sync 1 DAGs
[2026-05-04T14:21:20.131+0000] {logging_mixin.py:190} INFO - [2026-05-04T14:21:20.131+0000] {dag.py:4180} INFO - Setting next_dagrun for kafka_to_s3 to 2026-05-04 00:00:00+00:00, run_after=2026-05-05 00:00:00+00:00
[2026-05-04T14:21:20.153+0000] {processor.py:208} INFO - Processing /opt/airflow/dags/main.py took 0.412 seconds
[2026-05-04T14:21:50.582+0000] {processor.py:186} INFO - Started process (PID=994) to work on /opt/airflow/dags/main.py
[2026-05-04T14:21:50.584+0000] {processor.py:914} INFO - Processing file /opt/airflow/dags/main.py for tasks to queue
[2026-05-04T14:21:50.588+0000] {logging_mixin.py:190} INFO - [2026-05-04T14:21:50.587+0000] {dagbag.py:588} INFO - Filling up the DagBag from /opt/airflow/dags/main.py
[2026-05-04T14:21:50.888+0000] {processor.py:925} INFO - DAG(s) 'kafka_to_s3' retrieved from /opt/airflow/dags/main.py
[2026-05-04T14:21:50.920+0000] {logging_mixin.py:190} INFO - [2026-05-04T14:21:50.920+0000] {dag.py:3239} INFO - Sync 1 DAGs
[2026-05-04T14:21:50.946+0000] {logging_mixin.py:190} INFO - [2026-05-04T14:21:50.946+0000] {dag.py:4180} INFO - Setting next_dagrun for kafka_to_s3 to 2026-05-04 00:00:00+00:00, run_after=2026-05-05 00:00:00+00:00
[2026-05-04T14:21:50.972+0000] {processor.py:208} INFO - Processing /opt/airflow/dags/main.py took 0.397 seconds
[2026-05-04T14:22:21.426+0000] {processor.py:186} INFO - Started process (PID=1001) to work on /opt/airflow/dags/main.py
[2026-05-04T14:22:21.428+0000] {processor.py:914} INFO - Processing file /opt/airflow/dags/main.py for tasks to queue
[2026-05-04T14:22:21.437+0000] {logging_mixin.py:190} INFO - [2026-05-04T14:22:21.436+0000] {dagbag.py:588} INFO - Filling up the DagBag from /opt/airflow/dags/main.py
[2026-05-04T14:22:21.805+0000] {processor.py:925} INFO - DAG(s) 'kafka_to_s3' retrieved from /opt/airflow/dags/main.py
[2026-05-04T14:22:21.841+0000] {logging_mixin.py:190} INFO - [2026-05-04T14:22:21.841+0000] {dag.py:3239} INFO - Sync 1 DAGs
[2026-05-04T14:22:21.871+0000] {logging_mixin.py:190} INFO - [2026-05-04T14:22:21.870+0000] {dag.py:4180} INFO - Setting next_dagrun for kafka_to_s3 to 2026-05-04 00:00:00+00:00, run_after=2026-05-05 00:00:00+00:00
[2026-05-04T14:22:21.898+0000] {processor.py:208} INFO - Processing /opt/airflow/dags/main.py took 0.481 seconds
[2026-05-04T14:22:52.356+0000] {processor.py:186} INFO - Started process (PID=1007) to work on /opt/airflow/dags/main.py
[2026-05-04T14:22:52.358+0000] {processor.py:914} INFO - Processing file /opt/airflow/dags/main.py for tasks to queue
[2026-05-04T14:22:52.360+0000] {logging_mixin.py:190} INFO - [2026-05-04T14:22:52.360+0000] {dagbag.py:588} INFO - Filling up the DagBag from /opt/airflow/dags/main.py
[2026-05-04T14:22:52.662+0000] {processor.py:925} INFO - DAG(s) 'kafka_to_s3' retrieved from /opt/airflow/dags/main.py
[2026-05-04T14:22:52.686+0000] {logging_mixin.py:190} INFO - [2026-05-04T14:22:52.686+0000] {dag.py:3239} INFO - Sync 1 DAGs
[2026-05-04T14:22:52.709+0000] {logging_mixin.py:190} INFO - [2026-05-04T14:22:52.709+0000] {dag.py:4180} INFO - Setting next_dagrun for kafka_to_s3 to 2026-05-04 00:00:00+00:00, run_after=2026-05-05 00:00:00+00:00
[2026-05-04T14:22:52.729+0000] {processor.py:208} INFO - Processing /opt/airflow/dags/main.py took 0.380 seconds
[2026-05-04T14:23:22.807+0000] {processor.py:186} INFO - Started process (PID=1013) to work on /opt/airflow/dags/main.py
[2026-05-04T14:23:22.808+0000] {processor.py:914} INFO - Processing file /opt/airflow/dags/main.py for tasks to queue
[2026-05-04T14:23:22.811+0000] {logging_mixin.py:190} INFO - [2026-05-04T14:23:22.811+0000] {dagbag.py:588} INFO - Filling up the DagBag from /opt/airflow/dags/main.py
[2026-05-04T14:23:23.098+0000] {processor.py:925} INFO - DAG(s) 'kafka_to_s3' retrieved from /opt/airflow/dags/main.py
[2026-05-04T14:23:23.122+0000] {logging_mixin.py:190} INFO - [2026-05-04T14:23:23.121+0000] {dag.py:3239} INFO - Sync 1 DAGs
[2026-05-04T14:23:23.142+0000] {logging_mixin.py:190} INFO - [2026-05-04T14:23:23.142+0000] {dag.py:4180} INFO - Setting next_dagrun for kafka_to_s3 to 2026-05-04 00:00:00+00:00, run_after=2026-05-05 00:00:00+00:00
[2026-05-04T14:23:23.164+0000] {processor.py:208} INFO - Processing /opt/airflow/dags/main.py took 0.367 seconds
[2026-05-04T14:23:53.499+0000] {processor.py:186} INFO - Started process (PID=1020) to work on /opt/airflow/dags/main.py
[2026-05-04T14:23:53.500+0000] {processor.py:914} INFO - Processing file /opt/airflow/dags/main.py for tasks to queue
[2026-05-04T14:23:53.503+0000] {logging_mixin.py:190} INFO - [2026-05-04T14:23:53.503+0000] {dagbag.py:588} INFO - Filling up the DagBag from /opt/airflow/dags/main.py
[2026-05-04T14:23:53.795+0000] {processor.py:925} INFO - DAG(s) 'kafka_to_s3' retrieved from /opt/airflow/dags/main.py
[2026-05-04T14:23:53.819+0000] {logging_mixin.py:190} INFO - [2026-05-04T14:23:53.819+0000] {dag.py:3239} INFO - Sync 1 DAGs
[2026-05-04T14:23:53.840+0000] {logging_mixin.py:190} INFO - [2026-05-04T14:23:53.840+0000] {dag.py:4180} INFO - Setting next_dagrun for kafka_to_s3 to 2026-05-04 00:00:00+00:00, run_after=2026-05-05 00:00:00+00:00
[2026-05-04T14:23:53.862+0000] {processor.py:208} INFO - Processing /opt/airflow/dags/main.py took 0.370 seconds
[2026-05-04T14:24:24.065+0000] {processor.py:186} INFO - Started process (PID=1027) to work on /opt/airflow/dags/main.py
[2026-05-04T14:24:24.067+0000] {processor.py:914} INFO - Processing file /opt/airflow/dags/main.py for tasks to queue
[2026-05-04T14:24:24.070+0000] {logging_mixin.py:190} INFO - [2026-05-04T14:24:24.069+0000] {dagbag.py:588} INFO - Filling up the DagBag from /opt/airflow/dags/main.py
[2026-05-04T14:24:24.203+0000] {processor.py:925} INFO - DAG(s) 'kafka_to_s3' retrieved from /opt/airflow/dags/main.py
[2026-05-04T14:24:24.392+0000] {logging_mixin.py:190} INFO - [2026-05-04T14:24:24.392+0000] {dag.py:3239} INFO - Sync 1 DAGs
[2026-05-04T14:24:24.416+0000] {logging_mixin.py:190} INFO - [2026-05-04T14:24:24.416+0000] {dag.py:4180} INFO - Setting next_dagrun for kafka_to_s3 to 2026-05-04 00:00:00+00:00, run_after=2026-05-05 00:00:00+00:00
[2026-05-04T14:24:24.437+0000] {processor.py:208} INFO - Processing /opt/airflow/dags/main.py took 0.379 seconds
[2026-05-04T14:24:54.756+0000] {processor.py:186} INFO - Started process (PID=1034) to work on /opt/airflow/dags/main.py
[2026-05-04T14:24:54.757+0000] {processor.py:914} INFO - Processing file /opt/airflow/dags/main.py for tasks to queue
[2026-05-04T14:24:54.760+0000] {logging_mixin.py:190} INFO - [2026-05-04T14:24:54.760+0000] {dagbag.py:588} INFO - Filling up the DagBag from /opt/airflow/dags/main.py
[2026-05-04T14:24:55.090+0000] {processor.py:925} INFO - DAG(s) 'kafka_to_s3' retrieved from /opt/airflow/dags/main.py
[2026-05-04T14:24:55.113+0000] {logging_mixin.py:190} INFO - [2026-05-04T14:24:55.113+0000] {dag.py:3239} INFO - Sync 1 DAGs
[2026-05-04T14:24:55.133+0000] {logging_mixin.py:190} INFO - [2026-05-04T14:24:55.132+0000] {dag.py:4180} INFO - Setting next_dagrun for kafka_to_s3 to 2026-05-04 00:00:00+00:00, run_after=2026-05-05 00:00:00+00:00
[2026-05-04T14:24:55.154+0000] {processor.py:208} INFO - Processing /opt/airflow/dags/main.py took 0.407 seconds
[2026-05-04T14:25:25.589+0000] {processor.py:186} INFO - Started process (PID=1041) to work on /opt/airflow/dags/main.py
[2026-05-04T14:25:25.590+0000] {processor.py:914} INFO - Processing file /opt/airflow/dags/main.py for tasks to queue
[2026-05-04T14:25:25.593+0000] {logging_mixin.py:190} INFO - [2026-05-04T14:25:25.593+0000] {dagbag.py:588} INFO - Filling up the DagBag from /opt/airflow/dags/main.py
[2026-05-04T14:25:25.965+0000] {processor.py:925} INFO - DAG(s) 'kafka_to_s3' retrieved from /opt/airflow/dags/main.py
[2026-05-04T14:25:26.001+0000] {logging_mixin.py:190} INFO - [2026-05-04T14:25:26.001+0000] {dag.py:3239} INFO - Sync 1 DAGs
[2026-05-04T14:25:26.040+0000] {logging_mixin.py:190} INFO - [2026-05-04T14:25:26.039+0000] {dag.py:4180} INFO - Setting next_dagrun for kafka_to_s3 to 2026-05-04 00:00:00+00:00, run_after=2026-05-05 00:00:00+00:00
[2026-05-04T14:25:26.072+0000] {processor.py:208} INFO - Processing /opt/airflow/dags/main.py took 0.492 seconds
[2026-05-04T14:25:56.524+0000] {processor.py:186} INFO - Started process (PID=1049) to work on /opt/airflow/dags/main.py
[2026-05-04T14:25:56.526+0000] {processor.py:914} INFO - Processing file /opt/airflow/dags/main.py for tasks to queue
[2026-05-04T14:25:56.529+0000] {logging_mixin.py:190} INFO - [2026-05-04T14:25:56.528+0000] {dagbag.py:588} INFO - Filling up the DagBag from /opt/airflow/dags/main.py
[2026-05-04T14:25:56.904+0000] {processor.py:925} INFO - DAG(s) 'kafka_to_s3' retrieved from /opt/airflow/dags/main.py
[2026-05-04T14:25:56.930+0000] {logging_mixin.py:190} INFO - [2026-05-04T14:25:56.930+0000] {dag.py:3239} INFO - Sync 1 DAGs
[2026-05-04T14:25:56.955+0000] {logging_mixin.py:190} INFO - [2026-05-04T14:25:56.954+0000] {dag.py:4180} INFO - Setting next_dagrun for kafka_to_s3 to 2026-05-04 00:00:00+00:00, run_after=2026-05-05 00:00:00+00:00
[2026-05-04T14:25:56.977+0000] {processor.py:208} INFO - Processing /opt/airflow/dags/main.py took 0.461 seconds
[2026-05-04T14:26:27.462+0000] {processor.py:186} INFO - Started process (PID=1056) to work on /opt/airflow/dags/main.py
[2026-05-04T14:26:27.463+0000] {processor.py:914} INFO - Processing file /opt/airflow/dags/main.py for tasks to queue
[2026-05-04T14:26:27.466+0000] {logging_mixin.py:190} INFO - [2026-05-04T14:26:27.466+0000] {dagbag.py:588} INFO - Filling up the DagBag from /opt/airflow/dags/main.py
[2026-05-04T14:26:27.940+0000] {processor.py:925} INFO - DAG(s) 'kafka_to_s3' retrieved from /opt/airflow/dags/main.py
[2026-05-04T14:26:27.967+0000] {logging_mixin.py:190} INFO - [2026-05-04T14:26:27.967+0000] {dag.py:3239} INFO - Sync 1 DAGs
[2026-05-04T14:26:27.993+0000] {logging_mixin.py:190} INFO - [2026-05-04T14:26:27.992+0000] {dag.py:4180} INFO - Setting next_dagrun for kafka_to_s3 to 2026-05-04 00:00:00+00:00, run_after=2026-05-05 00:00:00+00:00
[2026-05-04T14:26:28.014+0000] {processor.py:208} INFO - Processing /opt/airflow/dags/main.py took 0.562 seconds
[2026-05-04T14:26:58.387+0000] {processor.py:186} INFO - Started process (PID=1063) to work on /opt/airflow/dags/main.py
[2026-05-04T14:26:58.389+0000] {processor.py:914} INFO - Processing file /opt/airflow/dags/main.py for tasks to queue
[2026-05-04T14:26:58.392+0000] {logging_mixin.py:190} INFO - [2026-05-04T14:26:58.391+0000] {dagbag.py:588} INFO - Filling up the DagBag from /opt/airflow/dags/main.py
[2026-05-04T14:26:58.758+0000] {processor.py:925} INFO - DAG(s) 'kafka_to_s3' retrieved from /opt/airflow/dags/main.py
[2026-05-04T14:26:58.786+0000] {logging_mixin.py:190} INFO - [2026-05-04T14:26:58.785+0000] {dag.py:3239} INFO - Sync 1 DAGs
[2026-05-04T14:26:58.810+0000] {logging_mixin.py:190} INFO - [2026-05-04T14:26:58.810+0000] {dag.py:4180} INFO - Setting next_dagrun for kafka_to_s3 to 2026-05-04 00:00:00+00:00, run_after=2026-05-05 00:00:00+00:00
[2026-05-04T14:26:58.830+0000] {processor.py:208} INFO - Processing /opt/airflow/dags/main.py took 0.450 seconds
[2026-05-04T14:27:29.181+0000] {processor.py:186} INFO - Started process (PID=1071) to work on /opt/airflow/dags/main.py
[2026-05-04T14:27:29.182+0000] {processor.py:914} INFO - Processing file /opt/airflow/dags/main.py for tasks to queue
[2026-05-04T14:27:29.186+0000] {logging_mixin.py:190} INFO - [2026-05-04T14:27:29.185+0000] {dagbag.py:588} INFO - Filling up the DagBag from /opt/airflow/dags/main.py
[2026-05-04T14:27:29.527+0000] {processor.py:925} INFO - DAG(s) 'kafka_to_s3' retrieved from /opt/airflow/dags/main.py
[2026-05-04T14:27:29.554+0000] {logging_mixin.py:190} INFO - [2026-05-04T14:27:29.554+0000] {dag.py:3239} INFO - Sync 1 DAGs
[2026-05-04T14:27:29.576+0000] {logging_mixin.py:190} INFO - [2026-05-04T14:27:29.575+0000] {dag.py:4180} INFO - Setting next_dagrun for kafka_to_s3 to 2026-05-04 00:00:00+00:00, run_after=2026-05-05 00:00:00+00:00
[2026-05-04T14:27:29.599+0000] {processor.py:208} INFO - Processing /opt/airflow/dags/main.py took 0.425 seconds
[2026-05-04T14:27:59.964+0000] {processor.py:186} INFO - Started process (PID=1078) to work on /opt/airflow/dags/main.py
[2026-05-04T14:27:59.966+0000] {processor.py:914} INFO - Processing file /opt/airflow/dags/main.py for tasks to queue
[2026-05-04T14:27:59.971+0000] {logging_mixin.py:190} INFO - [2026-05-04T14:27:59.970+0000] {dagbag.py:588} INFO - Filling up the DagBag from /opt/airflow/dags/main.py
[2026-05-04T14:28:00.306+0000] {processor.py:925} INFO - DAG(s) 'kafka_to_s3' retrieved from /opt/airflow/dags/main.py
[2026-05-04T14:28:00.338+0000] {logging_mixin.py:190} INFO - [2026-05-04T14:28:00.337+0000] {dag.py:3239} INFO - Sync 1 DAGs
[2026-05-04T14:28:00.369+0000] {logging_mixin.py:190} INFO - [2026-05-04T14:28:00.369+0000] {dag.py:4180} INFO - Setting next_dagrun for kafka_to_s3 to 2026-05-04 00:00:00+00:00, run_after=2026-05-05 00:00:00+00:00
[2026-05-04T14:28:00.393+0000] {processor.py:208} INFO - Processing /opt/airflow/dags/main.py took 0.441 seconds
[2026-05-04T14:28:30.843+0000] {processor.py:186} INFO - Started process (PID=1085) to work on /opt/airflow/dags/main.py
[2026-05-04T14:28:30.845+0000] {processor.py:914} INFO - Processing file /opt/airflow/dags/main.py for tasks to queue
[2026-05-04T14:28:30.853+0000] {logging_mixin.py:190} INFO - [2026-05-04T14:28:30.852+0000] {dagbag.py:588} INFO - Filling up the DagBag from /opt/airflow/dags/main.py
[2026-05-04T14:28:31.350+0000] {processor.py:925} INFO - DAG(s) 'kafka_to_s3' retrieved from /opt/airflow/dags/main.py
[2026-05-04T14:28:31.384+0000] {logging_mixin.py:190} INFO - [2026-05-04T14:28:31.383+0000] {dag.py:3239} INFO - Sync 1 DAGs
[2026-05-04T14:28:31.415+0000] {logging_mixin.py:190} INFO - [2026-05-04T14:28:31.414+0000] {dag.py:4180} INFO - Setting next_dagrun for kafka_to_s3 to 2026-05-04 00:00:00+00:00, run_after=2026-05-05 00:00:00+00:00
[2026-05-04T14:28:31.446+0000] {processor.py:208} INFO - Processing /opt/airflow/dags/main.py took 0.616 seconds
[2026-05-04T14:29:01.563+0000] {processor.py:186} INFO - Started process (PID=1092) to work on /opt/airflow/dags/main.py
[2026-05-04T14:29:01.565+0000] {processor.py:914} INFO - Processing file /opt/airflow/dags/main.py for tasks to queue
[2026-05-04T14:29:01.572+0000] {logging_mixin.py:190} INFO - [2026-05-04T14:29:01.571+0000] {dagbag.py:588} INFO - Filling up the DagBag from /opt/airflow/dags/main.py
[2026-05-04T14:29:01.983+0000] {processor.py:925} INFO - DAG(s) 'kafka_to_s3' retrieved from /opt/airflow/dags/main.py
[2026-05-04T14:29:02.011+0000] {logging_mixin.py:190} INFO - [2026-05-04T14:29:02.011+0000] {dag.py:3239} INFO - Sync 1 DAGs
[2026-05-04T14:29:02.043+0000] {logging_mixin.py:190} INFO - [2026-05-04T14:29:02.043+0000] {dag.py:4180} INFO - Setting next_dagrun for kafka_to_s3 to 2026-05-04 00:00:00+00:00, run_after=2026-05-05 00:00:00+00:00
[2026-05-04T14:29:02.069+0000] {processor.py:208} INFO - Processing /opt/airflow/dags/main.py took 0.518 seconds
[2026-05-04T14:29:32.469+0000] {processor.py:186} INFO - Started process (PID=1099) to work on /opt/airflow/dags/main.py
[2026-05-04T14:29:32.470+0000] {processor.py:914} INFO - Processing file /opt/airflow/dags/main.py for tasks to queue
[2026-05-04T14:29:32.473+0000] {logging_mixin.py:190} INFO - [2026-05-04T14:29:32.473+0000] {dagbag.py:588} INFO - Filling up the DagBag from /opt/airflow/dags/main.py
[2026-05-04T14:29:32.849+0000] {processor.py:925} INFO - DAG(s) 'kafka_to_s3' retrieved from /opt/airflow/dags/main.py
[2026-05-04T14:29:32.879+0000] {logging_mixin.py:190} INFO - [2026-05-04T14:29:32.879+0000] {dag.py:3239} INFO - Sync 1 DAGs
[2026-05-04T14:29:32.904+0000] {logging_mixin.py:190} INFO - [2026-05-04T14:29:32.903+0000] {dag.py:4180} INFO - Setting next_dagrun for kafka_to_s3 to 2026-05-04 00:00:00+00:00, run_after=2026-05-05 00:00:00+00:00
[2026-05-04T14:29:32.926+0000] {processor.py:208} INFO - Processing /opt/airflow/dags/main.py took 0.465 seconds
[2026-05-04T14:30:03.318+0000] {processor.py:186} INFO - Started process (PID=1106) to work on /opt/airflow/dags/main.py
[2026-05-04T14:30:03.319+0000] {processor.py:914} INFO - Processing file /opt/airflow/dags/main.py for tasks to queue
[2026-05-04T14:30:03.324+0000] {logging_mixin.py:190} INFO - [2026-05-04T14:30:03.323+0000] {dagbag.py:588} INFO - Filling up the DagBag from /opt/airflow/dags/main.py
[2026-05-04T14:30:03.527+0000] {processor.py:925} INFO - DAG(s) 'kafka_to_s3' retrieved from /opt/airflow/dags/main.py
[2026-05-04T14:30:03.815+0000] {logging_mixin.py:190} INFO - [2026-05-04T14:30:03.815+0000] {dag.py:3239} INFO - Sync 1 DAGs
[2026-05-04T14:30:03.843+0000] {logging_mixin.py:190} INFO - [2026-05-04T14:30:03.843+0000] {dag.py:4180} INFO - Setting next_dagrun for kafka_to_s3 to 2026-05-04 00:00:00+00:00, run_after=2026-05-05 00:00:00+00:00
[2026-05-04T14:30:03.869+0000] {processor.py:208} INFO - Processing /opt/airflow/dags/main.py took 0.562 seconds
[2026-05-04T14:30:33.986+0000] {processor.py:186} INFO - Started process (PID=1113) to work on /opt/airflow/dags/main.py
[2026-05-04T14:30:33.988+0000] {processor.py:914} INFO - Processing file /opt/airflow/dags/main.py for tasks to queue
[2026-05-04T14:30:33.992+0000] {logging_mixin.py:190} INFO - [2026-05-04T14:30:33.991+0000] {dagbag.py:588} INFO - Filling up the DagBag from /opt/airflow/dags/main.py
[2026-05-04T14:30:34.349+0000] {processor.py:925} INFO - DAG(s) 'kafka_to_s3' retrieved from /opt/airflow/dags/main.py
[2026-05-04T14:30:34.371+0000] {logging_mixin.py:190} INFO - [2026-05-04T14:30:34.371+0000] {dag.py:3239} INFO - Sync 1 DAGs
[2026-05-04T14:30:34.392+0000] {logging_mixin.py:190} INFO - [2026-05-04T14:30:34.392+0000] {dag.py:4180} INFO - Setting next_dagrun for kafka_to_s3 to 2026-05-04 00:00:00+00:00, run_after=2026-05-05 00:00:00+00:00
[2026-05-04T14:30:34.415+0000] {processor.py:208} INFO - Processing /opt/airflow/dags/main.py took 0.438 seconds
[2026-05-04T14:31:04.575+0000] {processor.py:186} INFO - Started process (PID=1120) to work on /opt/airflow/dags/main.py
[2026-05-04T14:31:04.577+0000] {processor.py:914} INFO - Processing file /opt/airflow/dags/main.py for tasks to queue
[2026-05-04T14:31:04.580+0000] {logging_mixin.py:190} INFO - [2026-05-04T14:31:04.580+0000] {dagbag.py:588} INFO - Filling up the DagBag from /opt/airflow/dags/main.py
[2026-05-04T14:31:04.928+0000] {processor.py:925} INFO - DAG(s) 'kafka_to_s3' retrieved from /opt/airflow/dags/main.py
[2026-05-04T14:31:04.951+0000] {logging_mixin.py:190} INFO - [2026-05-04T14:31:04.951+0000] {dag.py:3239} INFO - Sync 1 DAGs
[2026-05-04T14:31:04.972+0000] {logging_mixin.py:190} INFO - [2026-05-04T14:31:04.972+0000] {dag.py:4180} INFO - Setting next_dagrun for kafka_to_s3 to 2026-05-04 00:00:00+00:00, run_after=2026-05-05 00:00:00+00:00
[2026-05-04T14:31:04.995+0000] {processor.py:208} INFO - Processing /opt/airflow/dags/main.py took 0.431 seconds
[2026-05-04T14:31:35.154+0000] {processor.py:186} INFO - Started process (PID=1127) to work on /opt/airflow/dags/main.py
[2026-05-04T14:31:35.156+0000] {processor.py:914} INFO - Processing file /opt/airflow/dags/main.py for tasks to queue
[2026-05-04T14:31:35.159+0000] {logging_mixin.py:190} INFO - [2026-05-04T14:31:35.159+0000] {dagbag.py:588} INFO - Filling up the DagBag from /opt/airflow/dags/main.py
[2026-05-04T14:31:35.471+0000] {processor.py:925} INFO - DAG(s) 'kafka_to_s3' retrieved from /opt/airflow/dags/main.py
[2026-05-04T14:31:35.508+0000] {logging_mixin.py:190} INFO - [2026-05-04T14:31:35.508+0000] {dag.py:3239} INFO - Sync 1 DAGs
[2026-05-04T14:31:35.537+0000] {logging_mixin.py:190} INFO - [2026-05-04T14:31:35.536+0000] {dag.py:4180} INFO - Setting next_dagrun for kafka_to_s3 to 2026-05-04 00:00:00+00:00, run_after=2026-05-05 00:00:00+00:00
[2026-05-04T14:31:35.560+0000] {processor.py:208} INFO - Processing /opt/airflow/dags/main.py took 0.414 seconds
[2026-05-04T14:32:05.734+0000] {processor.py:186} INFO - Started process (PID=1134) to work on /opt/airflow/dags/main.py
[2026-05-04T14:32:05.735+0000] {processor.py:914} INFO - Processing file /opt/airflow/dags/main.py for tasks to queue
[2026-05-04T14:32:05.740+0000] {logging_mixin.py:190} INFO - [2026-05-04T14:32:05.739+0000] {dagbag.py:588} INFO - Filling up the DagBag from /opt/airflow/dags/main.py
[2026-05-04T14:32:06.228+0000] {processor.py:925} INFO - DAG(s) 'kafka_to_s3' retrieved from /opt/airflow/dags/main.py
[2026-05-04T14:32:06.259+0000] {logging_mixin.py:190} INFO - [2026-05-04T14:32:06.259+0000] {dag.py:3239} INFO - Sync 1 DAGs
[2026-05-04T14:32:06.290+0000] {logging_mixin.py:190} INFO - [2026-05-04T14:32:06.290+0000] {dag.py:4180} INFO - Setting next_dagrun for kafka_to_s3 to 2026-05-04 00:00:00+00:00, run_after=2026-05-05 00:00:00+00:00
[2026-05-04T14:32:06.314+0000] {processor.py:208} INFO - Processing /opt/airflow/dags/main.py took 0.592 seconds
[2026-05-04T14:32:36.858+0000] {processor.py:186} INFO - Started process (PID=1141) to work on /opt/airflow/dags/main.py
[2026-05-04T14:32:36.860+0000] {processor.py:914} INFO - Processing file /opt/airflow/dags/main.py for tasks to queue
[2026-05-04T14:32:36.866+0000] {logging_mixin.py:190} INFO - [2026-05-04T14:32:36.865+0000] {dagbag.py:588} INFO - Filling up the DagBag from /opt/airflow/dags/main.py
[2026-05-04T14:32:37.343+0000] {processor.py:925} INFO - DAG(s) 'kafka_to_s3' retrieved from /opt/airflow/dags/main.py
[2026-05-04T14:32:37.370+0000] {logging_mixin.py:190} INFO - [2026-05-04T14:32:37.370+0000] {dag.py:3239} INFO - Sync 1 DAGs
[2026-05-04T14:32:37.393+0000] {logging_mixin.py:190} INFO - [2026-05-04T14:32:37.393+0000] {dag.py:4180} INFO - Setting next_dagrun for kafka_to_s3 to 2026-05-04 00:00:00+00:00, run_after=2026-05-05 00:00:00+00:00
[2026-05-04T14:32:37.415+0000] {processor.py:208} INFO - Processing /opt/airflow/dags/main.py took 0.575 seconds
[2026-05-04T14:33:07.531+0000] {processor.py:186} INFO - Started process (PID=1148) to work on /opt/airflow/dags/main.py
[2026-05-04T14:33:07.533+0000] {processor.py:914} INFO - Processing file /opt/airflow/dags/main.py for tasks to queue
[2026-05-04T14:33:07.536+0000] {logging_mixin.py:190} INFO - [2026-05-04T14:33:07.536+0000] {dagbag.py:588} INFO - Filling up the DagBag from /opt/airflow/dags/main.py
[2026-05-04T14:33:07.679+0000] {processor.py:925} INFO - DAG(s) 'kafka_to_s3' retrieved from /opt/airflow/dags/main.py
[2026-05-04T14:33:07.923+0000] {logging_mixin.py:190} INFO - [2026-05-04T14:33:07.923+0000] {dag.py:3239} INFO - Sync 1 DAGs
[2026-05-04T14:33:07.962+0000] {logging_mixin.py:190} INFO - [2026-05-04T14:33:07.961+0000] {dag.py:4180} INFO - Setting next_dagrun for kafka_to_s3 to 2026-05-04 00:00:00+00:00, run_after=2026-05-05 00:00:00+00:00
[2026-05-04T14:33:07.991+0000] {processor.py:208} INFO - Processing /opt/airflow/dags/main.py took 0.467 seconds
[2026-05-04T14:33:38.401+0000] {processor.py:186} INFO - Started process (PID=1155) to work on /opt/airflow/dags/main.py
[2026-05-04T14:33:38.402+0000] {processor.py:914} INFO - Processing file /opt/airflow/dags/main.py for tasks to queue
[2026-05-04T14:33:38.405+0000] {logging_mixin.py:190} INFO - [2026-05-04T14:33:38.405+0000] {dagbag.py:588} INFO - Filling up the DagBag from /opt/airflow/dags/main.py
[2026-05-04T14:33:38.714+0000] {processor.py:925} INFO - DAG(s) 'kafka_to_s3' retrieved from /opt/airflow/dags/main.py
[2026-05-04T14:33:38.742+0000] {logging_mixin.py:190} INFO - [2026-05-04T14:33:38.742+0000] {dag.py:3239} INFO - Sync 1 DAGs
[2026-05-04T14:33:38.769+0000] {logging_mixin.py:190} INFO - [2026-05-04T14:33:38.768+0000] {dag.py:4180} INFO - Setting next_dagrun for kafka_to_s3 to 2026-05-04 00:00:00+00:00, run_after=2026-05-05 00:00:00+00:00
[2026-05-04T14:33:38.795+0000] {processor.py:208} INFO - Processing /opt/airflow/dags/main.py took 0.403 seconds
[2026-05-04T14:34:09.171+0000] {processor.py:186} INFO - Started process (PID=1162) to work on /opt/airflow/dags/main.py
[2026-05-04T14:34:09.173+0000] {processor.py:914} INFO - Processing file /opt/airflow/dags/main.py for tasks to queue
[2026-05-04T14:34:09.177+0000] {logging_mixin.py:190} INFO - [2026-05-04T14:34:09.176+0000] {dagbag.py:588} INFO - Filling up the DagBag from /opt/airflow/dags/main.py
[2026-05-04T14:34:09.664+0000] {processor.py:925} INFO - DAG(s) 'kafka_to_s3' retrieved from /opt/airflow/dags/main.py
[2026-05-04T14:34:09.708+0000] {logging_mixin.py:190} INFO - [2026-05-04T14:34:09.708+0000] {dag.py:3239} INFO - Sync 1 DAGs
[2026-05-04T14:34:09.762+0000] {logging_mixin.py:190} INFO - [2026-05-04T14:34:09.761+0000] {dag.py:4180} INFO - Setting next_dagrun for kafka_to_s3 to 2026-05-04 00:00:00+00:00, run_after=2026-05-05 00:00:00+00:00
[2026-05-04T14:34:09.797+0000] {processor.py:208} INFO - Processing /opt/airflow/dags/main.py took 0.638 seconds
[2026-05-04T14:34:40.062+0000] {processor.py:186} INFO - Started process (PID=1169) to work on /opt/airflow/dags/main.py
[2026-05-04T14:34:40.064+0000] {processor.py:914} INFO - Processing file /opt/airflow/dags/main.py for tasks to queue
[2026-05-04T14:34:40.067+0000] {logging_mixin.py:190} INFO - [2026-05-04T14:34:40.066+0000] {dagbag.py:588} INFO - Filling up the DagBag from /opt/airflow/dags/main.py
[2026-05-04T14:34:40.524+0000] {processor.py:925} INFO - DAG(s) 'kafka_to_s3' retrieved from /opt/airflow/dags/main.py
[2026-05-04T14:34:40.553+0000] {logging_mixin.py:190} INFO - [2026-05-04T14:34:40.553+0000] {dag.py:3239} INFO - Sync 1 DAGs
[2026-05-04T14:34:40.580+0000] {logging_mixin.py:190} INFO - [2026-05-04T14:34:40.580+0000] {dag.py:4180} INFO - Setting next_dagrun for kafka_to_s3 to 2026-05-04 00:00:00+00:00, run_after=2026-05-05 00:00:00+00:00
[2026-05-04T14:34:40.603+0000] {processor.py:208} INFO - Processing /opt/airflow/dags/main.py took 0.548 seconds
[2026-05-04T14:35:11.007+0000] {processor.py:186} INFO - Started process (PID=1176) to work on /opt/airflow/dags/main.py
[2026-05-04T14:35:11.009+0000] {processor.py:914} INFO - Processing file /opt/airflow/dags/main.py for tasks to queue
[2026-05-04T14:35:11.012+0000] {logging_mixin.py:190} INFO - [2026-05-04T14:35:11.012+0000] {dagbag.py:588} INFO - Filling up the DagBag from /opt/airflow/dags/main.py
[2026-05-04T14:35:11.365+0000] {processor.py:925} INFO - DAG(s) 'kafka_to_s3' retrieved from /opt/airflow/dags/main.py
[2026-05-04T14:35:11.397+0000] {logging_mixin.py:190} INFO - [2026-05-04T14:35:11.396+0000] {dag.py:3239} INFO - Sync 1 DAGs
[2026-05-04T14:35:11.426+0000] {logging_mixin.py:190} INFO - [2026-05-04T14:35:11.426+0000] {dag.py:4180} INFO - Setting next_dagrun for kafka_to_s3 to 2026-05-04 00:00:00+00:00, run_after=2026-05-05 00:00:00+00:00
[2026-05-04T14:35:11.452+0000] {processor.py:208} INFO - Processing /opt/airflow/dags/main.py took 0.452 seconds
[2026-05-04T14:35:41.884+0000] {processor.py:186} INFO - Started process (PID=1184) to work on /opt/airflow/dags/main.py
[2026-05-04T14:35:41.885+0000] {processor.py:914} INFO - Processing file /opt/airflow/dags/main.py for tasks to queue
[2026-05-04T14:35:41.889+0000] {logging_mixin.py:190} INFO - [2026-05-04T14:35:41.888+0000] {dagbag.py:588} INFO - Filling up the DagBag from /opt/airflow/dags/main.py
[2026-05-04T14:35:42.210+0000] {processor.py:925} INFO - DAG(s) 'kafka_to_s3' retrieved from /opt/airflow/dags/main.py
[2026-05-04T14:35:42.235+0000] {logging_mixin.py:190} INFO - [2026-05-04T14:35:42.235+0000] {dag.py:3239} INFO - Sync 1 DAGs
[2026-05-04T14:35:42.260+0000] {logging_mixin.py:190} INFO - [2026-05-04T14:35:42.260+0000] {dag.py:4180} INFO - Setting next_dagrun for kafka_to_s3 to 2026-05-04 00:00:00+00:00, run_after=2026-05-05 00:00:00+00:00
[2026-05-04T14:35:42.283+0000] {processor.py:208} INFO - Processing /opt/airflow/dags/main.py took 0.406 seconds
[2026-05-04T14:36:12.626+0000] {processor.py:186} INFO - Started process (PID=1191) to work on /opt/airflow/dags/main.py
[2026-05-04T14:36:12.627+0000] {processor.py:914} INFO - Processing file /opt/airflow/dags/main.py for tasks to queue
[2026-05-04T14:36:12.631+0000] {logging_mixin.py:190} INFO - [2026-05-04T14:36:12.630+0000] {dagbag.py:588} INFO - Filling up the DagBag from /opt/airflow/dags/main.py
[2026-05-04T14:36:13.053+0000] {processor.py:925} INFO - DAG(s) 'kafka_to_s3' retrieved from /opt/airflow/dags/main.py
[2026-05-04T14:36:13.083+0000] {logging_mixin.py:190} INFO - [2026-05-04T14:36:13.083+0000] {dag.py:3239} INFO - Sync 1 DAGs
[2026-05-04T14:36:13.113+0000] {logging_mixin.py:190} INFO - [2026-05-04T14:36:13.113+0000] {dag.py:4180} INFO - Setting next_dagrun for kafka_to_s3 to 2026-05-04 00:00:00+00:00, run_after=2026-05-05 00:00:00+00:00
[2026-05-04T14:36:13.138+0000] {processor.py:208} INFO - Processing /opt/airflow/dags/main.py took 0.522 seconds
[2026-05-04T14:36:43.469+0000] {processor.py:186} INFO - Started process (PID=1198) to work on /opt/airflow/dags/main.py
[2026-05-04T14:36:43.470+0000] {processor.py:914} INFO - Processing file /opt/airflow/dags/main.py for tasks to queue
[2026-05-04T14:36:43.473+0000] {logging_mixin.py:190} INFO - [2026-05-04T14:36:43.473+0000] {dagbag.py:588} INFO - Filling up the DagBag from /opt/airflow/dags/main.py
[2026-05-04T14:36:43.817+0000] {processor.py:925} INFO - DAG(s) 'kafka_to_s3' retrieved from /opt/airflow/dags/main.py
[2026-05-04T14:36:43.842+0000] {logging_mixin.py:190} INFO - [2026-05-04T14:36:43.842+0000] {dag.py:3239} INFO - Sync 1 DAGs
[2026-05-04T14:36:43.868+0000] {logging_mixin.py:190} INFO - [2026-05-04T14:36:43.868+0000] {dag.py:4180} INFO - Setting next_dagrun for kafka_to_s3 to 2026-05-04 00:00:00+00:00, run_after=2026-05-05 00:00:00+00:00
[2026-05-04T14:36:43.895+0000] {processor.py:208} INFO - Processing /opt/airflow/dags/main.py took 0.433 seconds
[2026-05-04T14:37:14.353+0000] {processor.py:186} INFO - Started process (PID=1205) to work on /opt/airflow/dags/main.py
[2026-05-04T14:37:14.354+0000] {processor.py:914} INFO - Processing file /opt/airflow/dags/main.py for tasks to queue
[2026-05-04T14:37:14.358+0000] {logging_mixin.py:190} INFO - [2026-05-04T14:37:14.357+0000] {dagbag.py:588} INFO - Filling up the DagBag from /opt/airflow/dags/main.py
[2026-05-04T14:37:14.722+0000] {processor.py:925} INFO - DAG(s) 'kafka_to_s3' retrieved from /opt/airflow/dags/main.py
[2026-05-04T14:37:14.746+0000] {logging_mixin.py:190} INFO - [2026-05-04T14:37:14.746+0000] {dag.py:3239} INFO - Sync 1 DAGs
[2026-05-04T14:37:14.771+0000] {logging_mixin.py:190} INFO - [2026-05-04T14:37:14.770+0000] {dag.py:4180} INFO - Setting next_dagrun for kafka_to_s3 to 2026-05-04 00:00:00+00:00, run_after=2026-05-05 00:00:00+00:00
[2026-05-04T14:37:14.793+0000] {processor.py:208} INFO - Processing /opt/airflow/dags/main.py took 0.449 seconds
[2026-05-04T14:37:45.311+0000] {processor.py:186} INFO - Started process (PID=1212) to work on /opt/airflow/dags/main.py
[2026-05-04T14:37:45.312+0000] {processor.py:914} INFO - Processing file /opt/airflow/dags/main.py for tasks to queue
[2026-05-04T14:37:45.315+0000] {logging_mixin.py:190} INFO - [2026-05-04T14:37:45.315+0000] {dagbag.py:588} INFO - Filling up the DagBag from /opt/airflow/dags/main.py
[2026-05-04T14:37:45.674+0000] {processor.py:925} INFO - DAG(s) 'kafka_to_s3' retrieved from /opt/airflow/dags/main.py
[2026-05-04T14:37:45.699+0000] {logging_mixin.py:190} INFO - [2026-05-04T14:37:45.699+0000] {dag.py:3239} INFO - Sync 1 DAGs
[2026-05-04T14:37:45.723+0000] {logging_mixin.py:190} INFO - [2026-05-04T14:37:45.723+0000] {dag.py:4180} INFO - Setting next_dagrun for kafka_to_s3 to 2026-05-04 00:00:00+00:00, run_after=2026-05-05 00:00:00+00:00
[2026-05-04T14:37:45.753+0000] {processor.py:208} INFO - Processing /opt/airflow/dags/main.py took 0.448 seconds
[2026-05-04T14:38:16.131+0000] {processor.py:186} INFO - Started process (PID=1219) to work on /opt/airflow/dags/main.py
[2026-05-04T14:38:16.132+0000] {processor.py:914} INFO - Processing file /opt/airflow/dags/main.py for tasks to queue
[2026-05-04T14:38:16.135+0000] {logging_mixin.py:190} INFO - [2026-05-04T14:38:16.135+0000] {dagbag.py:588} INFO - Filling up the DagBag from /opt/airflow/dags/main.py
[2026-05-04T14:38:16.528+0000] {processor.py:925} INFO - DAG(s) 'kafka_to_s3' retrieved from /opt/airflow/dags/main.py
[2026-05-04T14:38:16.559+0000] {logging_mixin.py:190} INFO - [2026-05-04T14:38:16.559+0000] {dag.py:3239} INFO - Sync 1 DAGs
[2026-05-04T14:38:16.586+0000] {logging_mixin.py:190} INFO - [2026-05-04T14:38:16.586+0000] {dag.py:4180} INFO - Setting next_dagrun for kafka_to_s3 to 2026-05-04 00:00:00+00:00, run_after=2026-05-05 00:00:00+00:00
[2026-05-04T14:38:16.609+0000] {processor.py:208} INFO - Processing /opt/airflow/dags/main.py took 0.487 seconds
[2026-05-04T14:38:47.006+0000] {processor.py:186} INFO - Started process (PID=1226) to work on /opt/airflow/dags/main.py
[2026-05-04T14:38:47.008+0000] {processor.py:914} INFO - Processing file /opt/airflow/dags/main.py for tasks to queue
[2026-05-04T14:38:47.012+0000] {logging_mixin.py:190} INFO - [2026-05-04T14:38:47.012+0000] {dagbag.py:588} INFO - Filling up the DagBag from /opt/airflow/dags/main.py
[2026-05-04T14:38:47.327+0000] {processor.py:925} INFO - DAG(s) 'kafka_to_s3' retrieved from /opt/airflow/dags/main.py
[2026-05-04T14:38:47.351+0000] {logging_mixin.py:190} INFO - [2026-05-04T14:38:47.351+0000] {dag.py:3239} INFO - Sync 1 DAGs
[2026-05-04T14:38:47.373+0000] {logging_mixin.py:190} INFO - [2026-05-04T14:38:47.373+0000] {dag.py:4180} INFO - Setting next_dagrun for kafka_to_s3 to 2026-05-04 00:00:00+00:00, run_after=2026-05-05 00:00:00+00:00
[2026-05-04T14:38:47.394+0000] {processor.py:208} INFO - Processing /opt/airflow/dags/main.py took 0.396 seconds
[2026-05-04T14:39:17.818+0000] {processor.py:186} INFO - Started process (PID=1233) to work on /opt/airflow/dags/main.py
[2026-05-04T14:39:17.820+0000] {processor.py:914} INFO - Processing file /opt/airflow/dags/main.py for tasks to queue
[2026-05-04T14:39:17.824+0000] {logging_mixin.py:190} INFO - [2026-05-04T14:39:17.824+0000] {dagbag.py:588} INFO - Filling up the DagBag from /opt/airflow/dags/main.py
[2026-05-04T14:39:18.228+0000] {processor.py:925} INFO - DAG(s) 'kafka_to_s3' retrieved from /opt/airflow/dags/main.py
[2026-05-04T14:39:18.267+0000] {logging_mixin.py:190} INFO - [2026-05-04T14:39:18.267+0000] {dag.py:3239} INFO - Sync 1 DAGs
[2026-05-04T14:39:18.307+0000] {logging_mixin.py:190} INFO - [2026-05-04T14:39:18.307+0000] {dag.py:4180} INFO - Setting next_dagrun for kafka_to_s3 to 2026-05-04 00:00:00+00:00, run_after=2026-05-05 00:00:00+00:00
[2026-05-04T14:39:18.335+0000] {processor.py:208} INFO - Processing /opt/airflow/dags/main.py took 0.527 seconds
[2026-05-04T14:39:48.737+0000] {processor.py:186} INFO - Started process (PID=1240) to work on /opt/airflow/dags/main.py
[2026-05-04T14:39:48.739+0000] {processor.py:914} INFO - Processing file /opt/airflow/dags/main.py for tasks to queue
[2026-05-04T14:39:48.745+0000] {logging_mixin.py:190} INFO - [2026-05-04T14:39:48.745+0000] {dagbag.py:588} INFO - Filling up the DagBag from /opt/airflow/dags/main.py
[2026-05-04T14:39:49.264+0000] {processor.py:925} INFO - DAG(s) 'kafka_to_s3' retrieved from /opt/airflow/dags/main.py
[2026-05-04T14:39:49.297+0000] {logging_mixin.py:190} INFO - [2026-05-04T14:39:49.297+0000] {dag.py:3239} INFO - Sync 1 DAGs
[2026-05-04T14:39:49.332+0000] {logging_mixin.py:190} INFO - [2026-05-04T14:39:49.331+0000] {dag.py:4180} INFO - Setting next_dagrun for kafka_to_s3 to 2026-05-04 00:00:00+00:00, run_after=2026-05-05 00:00:00+00:00
[2026-05-04T14:39:49.364+0000] {processor.py:208} INFO - Processing /opt/airflow/dags/main.py took 0.641 seconds
[2026-05-04T14:40:19.706+0000] {processor.py:186} INFO - Started process (PID=1248) to work on /opt/airflow/dags/main.py
[2026-05-04T14:40:19.708+0000] {processor.py:914} INFO - Processing file /opt/airflow/dags/main.py for tasks to queue
[2026-05-04T14:40:19.715+0000] {logging_mixin.py:190} INFO - [2026-05-04T14:40:19.714+0000] {dagbag.py:588} INFO - Filling up the DagBag from /opt/airflow/dags/main.py
[2026-05-04T14:40:20.255+0000] {processor.py:925} INFO - DAG(s) 'kafka_to_s3' retrieved from /opt/airflow/dags/main.py
[2026-05-04T14:40:20.307+0000] {logging_mixin.py:190} INFO - [2026-05-04T14:40:20.306+0000] {dag.py:3239} INFO - Sync 1 DAGs
[2026-05-04T14:40:20.372+0000] {logging_mixin.py:190} INFO - [2026-05-04T14:40:20.371+0000] {dag.py:4180} INFO - Setting next_dagrun for kafka_to_s3 to 2026-05-04 00:00:00+00:00, run_after=2026-05-05 00:00:00+00:00
[2026-05-04T14:40:20.421+0000] {processor.py:208} INFO - Processing /opt/airflow/dags/main.py took 0.731 seconds
[2026-05-04T14:40:50.888+0000] {processor.py:186} INFO - Started process (PID=1255) to work on /opt/airflow/dags/main.py
[2026-05-04T14:40:50.890+0000] {processor.py:914} INFO - Processing file /opt/airflow/dags/main.py for tasks to queue
[2026-05-04T14:40:50.896+0000] {logging_mixin.py:190} INFO - [2026-05-04T14:40:50.895+0000] {dagbag.py:588} INFO - Filling up the DagBag from /opt/airflow/dags/main.py
[2026-05-04T14:40:51.378+0000] {processor.py:925} INFO - DAG(s) 'kafka_to_s3' retrieved from /opt/airflow/dags/main.py
[2026-05-04T14:40:51.415+0000] {logging_mixin.py:190} INFO - [2026-05-04T14:40:51.414+0000] {dag.py:3239} INFO - Sync 1 DAGs
[2026-05-04T14:40:51.455+0000] {logging_mixin.py:190} INFO - [2026-05-04T14:40:51.455+0000] {dag.py:4180} INFO - Setting next_dagrun for kafka_to_s3 to 2026-05-04 00:00:00+00:00, run_after=2026-05-05 00:00:00+00:00
[2026-05-04T14:40:51.487+0000] {processor.py:208} INFO - Processing /opt/airflow/dags/main.py took 0.614 seconds
[2026-05-04T14:41:21.662+0000] {processor.py:186} INFO - Started process (PID=1268) to work on /opt/airflow/dags/main.py
[2026-05-04T14:41:21.664+0000] {processor.py:914} INFO - Processing file /opt/airflow/dags/main.py for tasks to queue
[2026-05-04T14:41:21.668+0000] {logging_mixin.py:190} INFO - [2026-05-04T14:41:21.668+0000] {dagbag.py:588} INFO - Filling up the DagBag from /opt/airflow/dags/main.py
[2026-05-04T14:41:22.252+0000] {processor.py:925} INFO - DAG(s) 'kafka_to_s3' retrieved from /opt/airflow/dags/main.py
[2026-05-04T14:41:22.288+0000] {logging_mixin.py:190} INFO - [2026-05-04T14:41:22.288+0000] {dag.py:3239} INFO - Sync 1 DAGs
[2026-05-04T14:41:22.321+0000] {logging_mixin.py:190} INFO - [2026-05-04T14:41:22.320+0000] {dag.py:4180} INFO - Setting next_dagrun for kafka_to_s3 to 2026-05-04 00:00:00+00:00, run_after=2026-05-05 00:00:00+00:00
[2026-05-04T14:41:22.346+0000] {processor.py:208} INFO - Processing /opt/airflow/dags/main.py took 0.698 seconds
[2026-05-04T14:41:52.705+0000] {processor.py:186} INFO - Started process (PID=1275) to work on /opt/airflow/dags/main.py
[2026-05-04T14:41:52.707+0000] {processor.py:914} INFO - Processing file /opt/airflow/dags/main.py for tasks to queue
[2026-05-04T14:41:52.714+0000] {logging_mixin.py:190} INFO - [2026-05-04T14:41:52.713+0000] {dagbag.py:588} INFO - Filling up the DagBag from /opt/airflow/dags/main.py
[2026-05-04T14:41:53.298+0000] {processor.py:925} INFO - DAG(s) 'kafka_to_s3' retrieved from /opt/airflow/dags/main.py
[2026-05-04T14:41:53.341+0000] {logging_mixin.py:190} INFO - [2026-05-04T14:41:53.341+0000] {dag.py:3239} INFO - Sync 1 DAGs
[2026-05-04T14:41:53.378+0000] {logging_mixin.py:190} INFO - [2026-05-04T14:41:53.378+0000] {dag.py:4180} INFO - Setting next_dagrun for kafka_to_s3 to 2026-05-04 00:00:00+00:00, run_after=2026-05-05 00:00:00+00:00
[2026-05-04T14:41:53.408+0000] {processor.py:208} INFO - Processing /opt/airflow/dags/main.py took 0.720 seconds
[2026-05-04T14:42:23.756+0000] {processor.py:186} INFO - Started process (PID=1281) to work on /opt/airflow/dags/main.py
[2026-05-04T14:42:23.758+0000] {processor.py:914} INFO - Processing file /opt/airflow/dags/main.py for tasks to queue
[2026-05-04T14:42:23.762+0000] {logging_mixin.py:190} INFO - [2026-05-04T14:42:23.762+0000] {dagbag.py:588} INFO - Filling up the DagBag from /opt/airflow/dags/main.py
[2026-05-04T14:42:24.126+0000] {processor.py:925} INFO - DAG(s) 'kafka_to_s3' retrieved from /opt/airflow/dags/main.py
[2026-05-04T14:42:24.166+0000] {logging_mixin.py:190} INFO - [2026-05-04T14:42:24.165+0000] {dag.py:3239} INFO - Sync 1 DAGs
[2026-05-04T14:42:24.194+0000] {logging_mixin.py:190} INFO - [2026-05-04T14:42:24.194+0000] {dag.py:4180} INFO - Setting next_dagrun for kafka_to_s3 to 2026-05-04 00:00:00+00:00, run_after=2026-05-05 00:00:00+00:00
[2026-05-04T14:42:24.217+0000] {processor.py:208} INFO - Processing /opt/airflow/dags/main.py took 0.469 seconds
[2026-05-04T14:42:54.775+0000] {processor.py:186} INFO - Started process (PID=1288) to work on /opt/airflow/dags/main.py
[2026-05-04T14:42:54.778+0000] {processor.py:914} INFO - Processing file /opt/airflow/dags/main.py for tasks to queue
[2026-05-04T14:42:54.783+0000] {logging_mixin.py:190} INFO - [2026-05-04T14:42:54.783+0000] {dagbag.py:588} INFO - Filling up the DagBag from /opt/airflow/dags/main.py
[2026-05-04T14:42:55.158+0000] {processor.py:925} INFO - DAG(s) 'kafka_to_s3' retrieved from /opt/airflow/dags/main.py
[2026-05-04T14:42:55.183+0000] {logging_mixin.py:190} INFO - [2026-05-04T14:42:55.183+0000] {dag.py:3239} INFO - Sync 1 DAGs
[2026-05-04T14:42:55.212+0000] {logging_mixin.py:190} INFO - [2026-05-04T14:42:55.211+0000] {dag.py:4180} INFO - Setting next_dagrun for kafka_to_s3 to 2026-05-04 00:00:00+00:00, run_after=2026-05-05 00:00:00+00:00
[2026-05-04T14:42:55.234+0000] {processor.py:208} INFO - Processing /opt/airflow/dags/main.py took 0.469 seconds
[2026-05-04T14:43:25.609+0000] {processor.py:186} INFO - Started process (PID=1295) to work on /opt/airflow/dags/main.py
[2026-05-04T14:43:25.612+0000] {processor.py:914} INFO - Processing file /opt/airflow/dags/main.py for tasks to queue
[2026-05-04T14:43:25.617+0000] {logging_mixin.py:190} INFO - [2026-05-04T14:43:25.617+0000] {dagbag.py:588} INFO - Filling up the DagBag from /opt/airflow/dags/main.py
[2026-05-04T14:43:26.840+0000] {processor.py:925} INFO - DAG(s) 'kafka_to_s3' retrieved from /opt/airflow/dags/main.py
[2026-05-04T14:43:27.020+0000] {logging_mixin.py:190} INFO - [2026-05-04T14:43:27.019+0000] {dag.py:3239} INFO - Sync 1 DAGs
[2026-05-04T14:43:27.249+0000] {logging_mixin.py:190} INFO - [2026-05-04T14:43:27.247+0000] {dag.py:4180} INFO - Setting next_dagrun for kafka_to_s3 to 2026-05-04 00:00:00+00:00, run_after=2026-05-05 00:00:00+00:00
[2026-05-04T14:43:27.371+0000] {processor.py:208} INFO - Processing /opt/airflow/dags/main.py took 1.778 seconds
[2026-05-04T14:43:57.600+0000] {processor.py:186} INFO - Started process (PID=1302) to work on /opt/airflow/dags/main.py
[2026-05-04T14:43:57.602+0000] {processor.py:914} INFO - Processing file /opt/airflow/dags/main.py for tasks to queue
[2026-05-04T14:43:57.606+0000] {logging_mixin.py:190} INFO - [2026-05-04T14:43:57.604+0000] {dagbag.py:588} INFO - Filling up the DagBag from /opt/airflow/dags/main.py
[2026-05-04T14:43:58.928+0000] {processor.py:925} INFO - DAG(s) 'kafka_to_s3' retrieved from /opt/airflow/dags/main.py
[2026-05-04T14:43:58.981+0000] {logging_mixin.py:190} INFO - [2026-05-04T14:43:58.980+0000] {dag.py:3239} INFO - Sync 1 DAGs
[2026-05-04T14:43:59.019+0000] {logging_mixin.py:190} INFO - [2026-05-04T14:43:59.018+0000] {dag.py:4180} INFO - Setting next_dagrun for kafka_to_s3 to 2026-05-04 00:00:00+00:00, run_after=2026-05-05 00:00:00+00:00
[2026-05-04T14:43:59.057+0000] {processor.py:208} INFO - Processing /opt/airflow/dags/main.py took 1.464 seconds
[2026-05-04T14:44:29.212+0000] {processor.py:186} INFO - Started process (PID=1309) to work on /opt/airflow/dags/main.py
[2026-05-04T14:44:29.214+0000] {processor.py:914} INFO - Processing file /opt/airflow/dags/main.py for tasks to queue
[2026-05-04T14:44:29.218+0000] {logging_mixin.py:190} INFO - [2026-05-04T14:44:29.218+0000] {dagbag.py:588} INFO - Filling up the DagBag from /opt/airflow/dags/main.py
[2026-05-04T14:44:29.554+0000] {processor.py:925} INFO - DAG(s) 'kafka_to_s3' retrieved from /opt/airflow/dags/main.py
[2026-05-04T14:44:29.578+0000] {logging_mixin.py:190} INFO - [2026-05-04T14:44:29.578+0000] {dag.py:3239} INFO - Sync 1 DAGs
[2026-05-04T14:44:29.603+0000] {logging_mixin.py:190} INFO - [2026-05-04T14:44:29.603+0000] {dag.py:4180} INFO - Setting next_dagrun for kafka_to_s3 to 2026-05-04 00:00:00+00:00, run_after=2026-05-05 00:00:00+00:00
[2026-05-04T14:44:29.628+0000] {processor.py:208} INFO - Processing /opt/airflow/dags/main.py took 0.423 seconds
[2026-05-04T14:44:59.911+0000] {processor.py:186} INFO - Started process (PID=1316) to work on /opt/airflow/dags/main.py
[2026-05-04T14:44:59.914+0000] {processor.py:914} INFO - Processing file /opt/airflow/dags/main.py for tasks to queue
[2026-05-04T14:44:59.923+0000] {logging_mixin.py:190} INFO - [2026-05-04T14:44:59.922+0000] {dagbag.py:588} INFO - Filling up the DagBag from /opt/airflow/dags/main.py
[2026-05-04T14:45:00.425+0000] {processor.py:925} INFO - DAG(s) 'kafka_to_s3' retrieved from /opt/airflow/dags/main.py
[2026-05-04T14:45:00.472+0000] {logging_mixin.py:190} INFO - [2026-05-04T14:45:00.472+0000] {dag.py:3239} INFO - Sync 1 DAGs
[2026-05-04T14:45:00.517+0000] {logging_mixin.py:190} INFO - [2026-05-04T14:45:00.517+0000] {dag.py:4180} INFO - Setting next_dagrun for kafka_to_s3 to 2026-05-04 00:00:00+00:00, run_after=2026-05-05 00:00:00+00:00
[2026-05-04T14:45:00.547+0000] {processor.py:208} INFO - Processing /opt/airflow/dags/main.py took 0.660 seconds
[2026-05-04T14:45:30.931+0000] {processor.py:186} INFO - Started process (PID=1323) to work on /opt/airflow/dags/main.py
[2026-05-04T14:45:30.932+0000] {processor.py:914} INFO - Processing file /opt/airflow/dags/main.py for tasks to queue
[2026-05-04T14:45:30.937+0000] {logging_mixin.py:190} INFO - [2026-05-04T14:45:30.936+0000] {dagbag.py:588} INFO - Filling up the DagBag from /opt/airflow/dags/main.py
[2026-05-04T14:45:31.340+0000] {processor.py:925} INFO - DAG(s) 'kafka_to_s3' retrieved from /opt/airflow/dags/main.py
[2026-05-04T14:45:31.377+0000] {logging_mixin.py:190} INFO - [2026-05-04T14:45:31.376+0000] {dag.py:3239} INFO - Sync 1 DAGs
[2026-05-04T14:45:31.407+0000] {logging_mixin.py:190} INFO - [2026-05-04T14:45:31.407+0000] {dag.py:4180} INFO - Setting next_dagrun for kafka_to_s3 to 2026-05-04 00:00:00+00:00, run_after=2026-05-05 00:00:00+00:00
[2026-05-04T14:45:31.434+0000] {processor.py:208} INFO - Processing /opt/airflow/dags/main.py took 0.514 seconds
[2026-05-04T14:46:01.695+0000] {processor.py:186} INFO - Started process (PID=1330) to work on /opt/airflow/dags/main.py
[2026-05-04T14:46:01.697+0000] {processor.py:914} INFO - Processing file /opt/airflow/dags/main.py for tasks to queue
[2026-05-04T14:46:01.702+0000] {logging_mixin.py:190} INFO - [2026-05-04T14:46:01.702+0000] {dagbag.py:588} INFO - Filling up the DagBag from /opt/airflow/dags/main.py
[2026-05-04T14:46:02.119+0000] {processor.py:925} INFO - DAG(s) 'kafka_to_s3' retrieved from /opt/airflow/dags/main.py
[2026-05-04T14:46:02.148+0000] {logging_mixin.py:190} INFO - [2026-05-04T14:46:02.148+0000] {dag.py:3239} INFO - Sync 1 DAGs
[2026-05-04T14:46:02.177+0000] {logging_mixin.py:190} INFO - [2026-05-04T14:46:02.177+0000] {dag.py:4180} INFO - Setting next_dagrun for kafka_to_s3 to 2026-05-04 00:00:00+00:00, run_after=2026-05-05 00:00:00+00:00
[2026-05-04T14:46:02.201+0000] {processor.py:208} INFO - Processing /opt/airflow/dags/main.py took 0.518 seconds
[2026-05-04T14:46:32.532+0000] {processor.py:186} INFO - Started process (PID=1337) to work on /opt/airflow/dags/main.py
[2026-05-04T14:46:32.534+0000] {processor.py:914} INFO - Processing file /opt/airflow/dags/main.py for tasks to queue
[2026-05-04T14:46:32.539+0000] {logging_mixin.py:190} INFO - [2026-05-04T14:46:32.538+0000] {dagbag.py:588} INFO - Filling up the DagBag from /opt/airflow/dags/main.py
[2026-05-04T14:46:33.003+0000] {processor.py:925} INFO - DAG(s) 'kafka_to_s3' retrieved from /opt/airflow/dags/main.py
[2026-05-04T14:46:33.042+0000] {logging_mixin.py:190} INFO - [2026-05-04T14:46:33.042+0000] {dag.py:3239} INFO - Sync 1 DAGs
[2026-05-04T14:46:33.079+0000] {logging_mixin.py:190} INFO - [2026-05-04T14:46:33.078+0000] {dag.py:4180} INFO - Setting next_dagrun for kafka_to_s3 to 2026-05-04 00:00:00+00:00, run_after=2026-05-05 00:00:00+00:00
[2026-05-04T14:46:33.110+0000] {processor.py:208} INFO - Processing /opt/airflow/dags/main.py took 0.590 seconds
[2026-05-04T14:47:03.419+0000] {processor.py:186} INFO - Started process (PID=1344) to work on /opt/airflow/dags/main.py
[2026-05-04T14:47:03.420+0000] {processor.py:914} INFO - Processing file /opt/airflow/dags/main.py for tasks to queue
[2026-05-04T14:47:03.425+0000] {logging_mixin.py:190} INFO - [2026-05-04T14:47:03.424+0000] {dagbag.py:588} INFO - Filling up the DagBag from /opt/airflow/dags/main.py
[2026-05-04T14:47:03.802+0000] {processor.py:925} INFO - DAG(s) 'kafka_to_s3' retrieved from /opt/airflow/dags/main.py
[2026-05-04T14:47:03.832+0000] {logging_mixin.py:190} INFO - [2026-05-04T14:47:03.832+0000] {dag.py:3239} INFO - Sync 1 DAGs
[2026-05-04T14:47:03.860+0000] {logging_mixin.py:190} INFO - [2026-05-04T14:47:03.859+0000] {dag.py:4180} INFO - Setting next_dagrun for kafka_to_s3 to 2026-05-04 00:00:00+00:00, run_after=2026-05-05 00:00:00+00:00
[2026-05-04T14:47:03.883+0000] {processor.py:208} INFO - Processing /opt/airflow/dags/main.py took 0.473 seconds
[2026-05-04T14:47:34.312+0000] {processor.py:186} INFO - Started process (PID=1351) to work on /opt/airflow/dags/main.py
[2026-05-04T14:47:34.314+0000] {processor.py:914} INFO - Processing file /opt/airflow/dags/main.py for tasks to queue
[2026-05-04T14:47:34.317+0000] {logging_mixin.py:190} INFO - [2026-05-04T14:47:34.316+0000] {dagbag.py:588} INFO - Filling up the DagBag from /opt/airflow/dags/main.py
[2026-05-04T14:47:34.658+0000] {processor.py:925} INFO - DAG(s) 'kafka_to_s3' retrieved from /opt/airflow/dags/main.py
[2026-05-04T14:47:34.684+0000] {logging_mixin.py:190} INFO - [2026-05-04T14:47:34.683+0000] {dag.py:3239} INFO - Sync 1 DAGs
[2026-05-04T14:47:34.708+0000] {logging_mixin.py:190} INFO - [2026-05-04T14:47:34.708+0000] {dag.py:4180} INFO - Setting next_dagrun for kafka_to_s3 to 2026-05-04 00:00:00+00:00, run_after=2026-05-05 00:00:00+00:00
[2026-05-04T14:47:34.731+0000] {processor.py:208} INFO - Processing /opt/airflow/dags/main.py took 0.427 seconds
[2026-05-04T14:48:05.105+0000] {processor.py:186} INFO - Started process (PID=1358) to work on /opt/airflow/dags/main.py
[2026-05-04T14:48:05.107+0000] {processor.py:914} INFO - Processing file /opt/airflow/dags/main.py for tasks to queue
[2026-05-04T14:48:05.111+0000] {logging_mixin.py:190} INFO - [2026-05-04T14:48:05.110+0000] {dagbag.py:588} INFO - Filling up the DagBag from /opt/airflow/dags/main.py
[2026-05-04T14:48:05.563+0000] {processor.py:925} INFO - DAG(s) 'kafka_to_s3' retrieved from /opt/airflow/dags/main.py
[2026-05-04T14:48:05.599+0000] {logging_mixin.py:190} INFO - [2026-05-04T14:48:05.599+0000] {dag.py:3239} INFO - Sync 1 DAGs
[2026-05-04T14:48:05.634+0000] {logging_mixin.py:190} INFO - [2026-05-04T14:48:05.634+0000] {dag.py:4180} INFO - Setting next_dagrun for kafka_to_s3 to 2026-05-04 00:00:00+00:00, run_after=2026-05-05 00:00:00+00:00
[2026-05-04T14:48:05.665+0000] {processor.py:208} INFO - Processing /opt/airflow/dags/main.py took 0.570 seconds
[2026-05-04T14:48:36.000+0000] {processor.py:186} INFO - Started process (PID=1365) to work on /opt/airflow/dags/main.py
[2026-05-04T14:48:36.001+0000] {processor.py:914} INFO - Processing file /opt/airflow/dags/main.py for tasks to queue
[2026-05-04T14:48:36.005+0000] {logging_mixin.py:190} INFO - [2026-05-04T14:48:36.005+0000] {dagbag.py:588} INFO - Filling up the DagBag from /opt/airflow/dags/main.py
[2026-05-04T14:48:36.436+0000] {processor.py:925} INFO - DAG(s) 'kafka_to_s3' retrieved from /opt/airflow/dags/main.py
[2026-05-04T14:48:36.470+0000] {logging_mixin.py:190} INFO - [2026-05-04T14:48:36.469+0000] {dag.py:3239} INFO - Sync 1 DAGs
[2026-05-04T14:48:36.506+0000] {logging_mixin.py:190} INFO - [2026-05-04T14:48:36.505+0000] {dag.py:4180} INFO - Setting next_dagrun for kafka_to_s3 to 2026-05-04 00:00:00+00:00, run_after=2026-05-05 00:00:00+00:00
[2026-05-04T14:48:36.535+0000] {processor.py:208} INFO - Processing /opt/airflow/dags/main.py took 0.547 seconds
[2026-05-04T14:49:06.912+0000] {processor.py:186} INFO - Started process (PID=1373) to work on /opt/airflow/dags/main.py
[2026-05-04T14:49:06.914+0000] {processor.py:914} INFO - Processing file /opt/airflow/dags/main.py for tasks to queue
[2026-05-04T14:49:06.918+0000] {logging_mixin.py:190} INFO - [2026-05-04T14:49:06.917+0000] {dagbag.py:588} INFO - Filling up the DagBag from /opt/airflow/dags/main.py
[2026-05-04T14:49:07.297+0000] {processor.py:925} INFO - DAG(s) 'kafka_to_s3' retrieved from /opt/airflow/dags/main.py
[2026-05-04T14:49:07.332+0000] {logging_mixin.py:190} INFO - [2026-05-04T14:49:07.331+0000] {dag.py:3239} INFO - Sync 1 DAGs
[2026-05-04T14:49:07.369+0000] {logging_mixin.py:190} INFO - [2026-05-04T14:49:07.369+0000] {dag.py:4180} INFO - Setting next_dagrun for kafka_to_s3 to 2026-05-04 00:00:00+00:00, run_after=2026-05-05 00:00:00+00:00
[2026-05-04T14:49:07.407+0000] {processor.py:208} INFO - Processing /opt/airflow/dags/main.py took 0.505 seconds
[2026-05-04T14:49:37.791+0000] {processor.py:186} INFO - Started process (PID=1380) to work on /opt/airflow/dags/main.py
[2026-05-04T14:49:37.793+0000] {processor.py:914} INFO - Processing file /opt/airflow/dags/main.py for tasks to queue
[2026-05-04T14:49:37.796+0000] {logging_mixin.py:190} INFO - [2026-05-04T14:49:37.796+0000] {dagbag.py:588} INFO - Filling up the DagBag from /opt/airflow/dags/main.py
[2026-05-04T14:49:38.144+0000] {processor.py:925} INFO - DAG(s) 'kafka_to_s3' retrieved from /opt/airflow/dags/main.py
[2026-05-04T14:49:38.169+0000] {logging_mixin.py:190} INFO - [2026-05-04T14:49:38.169+0000] {dag.py:3239} INFO - Sync 1 DAGs
[2026-05-04T14:49:38.191+0000] {logging_mixin.py:190} INFO - [2026-05-04T14:49:38.191+0000] {dag.py:4180} INFO - Setting next_dagrun for kafka_to_s3 to 2026-05-04 00:00:00+00:00, run_after=2026-05-05 00:00:00+00:00
[2026-05-04T14:49:38.212+0000] {processor.py:208} INFO - Processing /opt/airflow/dags/main.py took 0.428 seconds
[2026-05-04T14:50:08.616+0000] {processor.py:186} INFO - Started process (PID=1387) to work on /opt/airflow/dags/main.py
[2026-05-04T14:50:08.618+0000] {processor.py:914} INFO - Processing file /opt/airflow/dags/main.py for tasks to queue
[2026-05-04T14:50:08.622+0000] {logging_mixin.py:190} INFO - [2026-05-04T14:50:08.622+0000] {dagbag.py:588} INFO - Filling up the DagBag from /opt/airflow/dags/main.py
[2026-05-04T14:50:09.190+0000] {processor.py:925} INFO - DAG(s) 'kafka_to_s3' retrieved from /opt/airflow/dags/main.py
[2026-05-04T14:50:09.223+0000] {logging_mixin.py:190} INFO - [2026-05-04T14:50:09.223+0000] {dag.py:3239} INFO - Sync 1 DAGs
[2026-05-04T14:50:09.251+0000] {logging_mixin.py:190} INFO - [2026-05-04T14:50:09.251+0000] {dag.py:4180} INFO - Setting next_dagrun for kafka_to_s3 to 2026-05-04 00:00:00+00:00, run_after=2026-05-05 00:00:00+00:00
[2026-05-04T14:50:09.280+0000] {processor.py:208} INFO - Processing /opt/airflow/dags/main.py took 0.673 seconds
[2026-05-04T14:50:39.416+0000] {processor.py:186} INFO - Started process (PID=1394) to work on /opt/airflow/dags/main.py
[2026-05-04T14:50:39.417+0000] {processor.py:914} INFO - Processing file /opt/airflow/dags/main.py for tasks to queue
[2026-05-04T14:50:39.420+0000] {logging_mixin.py:190} INFO - [2026-05-04T14:50:39.420+0000] {dagbag.py:588} INFO - Filling up the DagBag from /opt/airflow/dags/main.py
[2026-05-04T14:50:39.799+0000] {processor.py:925} INFO - DAG(s) 'kafka_to_s3' retrieved from /opt/airflow/dags/main.py
[2026-05-04T14:50:39.822+0000] {logging_mixin.py:190} INFO - [2026-05-04T14:50:39.822+0000] {dag.py:3239} INFO - Sync 1 DAGs
[2026-05-04T14:50:39.845+0000] {logging_mixin.py:190} INFO - [2026-05-04T14:50:39.845+0000] {dag.py:4180} INFO - Setting next_dagrun for kafka_to_s3 to 2026-05-04 00:00:00+00:00, run_after=2026-05-05 00:00:00+00:00
[2026-05-04T14:50:39.868+0000] {processor.py:208} INFO - Processing /opt/airflow/dags/main.py took 0.462 seconds
[2026-05-04T14:51:10.306+0000] {processor.py:186} INFO - Started process (PID=1401) to work on /opt/airflow/dags/main.py
[2026-05-04T14:51:10.308+0000] {processor.py:914} INFO - Processing file /opt/airflow/dags/main.py for tasks to queue
[2026-05-04T14:51:10.310+0000] {logging_mixin.py:190} INFO - [2026-05-04T14:51:10.310+0000] {dagbag.py:588} INFO - Filling up the DagBag from /opt/airflow/dags/main.py
[2026-05-04T14:51:10.720+0000] {processor.py:925} INFO - DAG(s) 'kafka_to_s3' retrieved from /opt/airflow/dags/main.py
[2026-05-04T14:51:10.767+0000] {logging_mixin.py:190} INFO - [2026-05-04T14:51:10.767+0000] {dag.py:3239} INFO - Sync 1 DAGs
[2026-05-04T14:51:10.802+0000] {logging_mixin.py:190} INFO - [2026-05-04T14:51:10.801+0000] {dag.py:4180} INFO - Setting next_dagrun for kafka_to_s3 to 2026-05-04 00:00:00+00:00, run_after=2026-05-05 00:00:00+00:00
[2026-05-04T14:51:10.837+0000] {processor.py:208} INFO - Processing /opt/airflow/dags/main.py took 0.538 seconds
[2026-05-04T14:51:41.158+0000] {processor.py:186} INFO - Started process (PID=1408) to work on /opt/airflow/dags/main.py
[2026-05-04T14:51:41.160+0000] {processor.py:914} INFO - Processing file /opt/airflow/dags/main.py for tasks to queue
[2026-05-04T14:51:41.164+0000] {logging_mixin.py:190} INFO - [2026-05-04T14:51:41.163+0000] {dagbag.py:588} INFO - Filling up the DagBag from /opt/airflow/dags/main.py
[2026-05-04T14:51:41.533+0000] {processor.py:925} INFO - DAG(s) 'kafka_to_s3' retrieved from /opt/airflow/dags/main.py
[2026-05-04T14:51:41.557+0000] {logging_mixin.py:190} INFO - [2026-05-04T14:51:41.557+0000] {dag.py:3239} INFO - Sync 1 DAGs
[2026-05-04T14:51:41.584+0000] {logging_mixin.py:190} INFO - [2026-05-04T14:51:41.584+0000] {dag.py:4180} INFO - Setting next_dagrun for kafka_to_s3 to 2026-05-04 00:00:00+00:00, run_after=2026-05-05 00:00:00+00:00
[2026-05-04T14:51:41.605+0000] {processor.py:208} INFO - Processing /opt/airflow/dags/main.py took 0.458 seconds
[2026-05-04T14:52:11.986+0000] {processor.py:186} INFO - Started process (PID=1416) to work on /opt/airflow/dags/main.py
[2026-05-04T14:52:11.988+0000] {processor.py:914} INFO - Processing file /opt/airflow/dags/main.py for tasks to queue
[2026-05-04T14:52:11.992+0000] {logging_mixin.py:190} INFO - [2026-05-04T14:52:11.991+0000] {dagbag.py:588} INFO - Filling up the DagBag from /opt/airflow/dags/main.py
[2026-05-04T14:52:12.493+0000] {processor.py:925} INFO - DAG(s) 'kafka_to_s3' retrieved from /opt/airflow/dags/main.py
[2026-05-04T14:52:12.535+0000] {logging_mixin.py:190} INFO - [2026-05-04T14:52:12.535+0000] {dag.py:3239} INFO - Sync 1 DAGs
[2026-05-04T14:52:12.586+0000] {logging_mixin.py:190} INFO - [2026-05-04T14:52:12.585+0000] {dag.py:4180} INFO - Setting next_dagrun for kafka_to_s3 to 2026-05-04 00:00:00+00:00, run_after=2026-05-05 00:00:00+00:00
[2026-05-04T14:52:12.620+0000] {processor.py:208} INFO - Processing /opt/airflow/dags/main.py took 0.643 seconds
[2026-05-04T14:52:42.952+0000] {processor.py:186} INFO - Started process (PID=1423) to work on /opt/airflow/dags/main.py
[2026-05-04T14:52:42.953+0000] {processor.py:914} INFO - Processing file /opt/airflow/dags/main.py for tasks to queue
[2026-05-04T14:52:42.958+0000] {logging_mixin.py:190} INFO - [2026-05-04T14:52:42.957+0000] {dagbag.py:588} INFO - Filling up the DagBag from /opt/airflow/dags/main.py
[2026-05-04T14:52:43.391+0000] {processor.py:925} INFO - DAG(s) 'kafka_to_s3' retrieved from /opt/airflow/dags/main.py
[2026-05-04T14:52:43.426+0000] {logging_mixin.py:190} INFO - [2026-05-04T14:52:43.426+0000] {dag.py:3239} INFO - Sync 1 DAGs
[2026-05-04T14:52:43.454+0000] {logging_mixin.py:190} INFO - [2026-05-04T14:52:43.453+0000] {dag.py:4180} INFO - Setting next_dagrun for kafka_to_s3 to 2026-05-04 00:00:00+00:00, run_after=2026-05-05 00:00:00+00:00
[2026-05-04T14:52:43.476+0000] {processor.py:208} INFO - Processing /opt/airflow/dags/main.py took 0.532 seconds
[2026-05-04T14:53:13.910+0000] {processor.py:186} INFO - Started process (PID=1430) to work on /opt/airflow/dags/main.py
[2026-05-04T14:53:13.911+0000] {processor.py:914} INFO - Processing file /opt/airflow/dags/main.py for tasks to queue
[2026-05-04T14:53:13.915+0000] {logging_mixin.py:190} INFO - [2026-05-04T14:53:13.915+0000] {dagbag.py:588} INFO - Filling up the DagBag from /opt/airflow/dags/main.py
[2026-05-04T14:53:14.291+0000] {processor.py:925} INFO - DAG(s) 'kafka_to_s3' retrieved from /opt/airflow/dags/main.py
[2026-05-04T14:53:14.329+0000] {logging_mixin.py:190} INFO - [2026-05-04T14:53:14.329+0000] {dag.py:3239} INFO - Sync 1 DAGs
[2026-05-04T14:53:14.362+0000] {logging_mixin.py:190} INFO - [2026-05-04T14:53:14.362+0000] {dag.py:4180} INFO - Setting next_dagrun for kafka_to_s3 to 2026-05-04 00:00:00+00:00, run_after=2026-05-05 00:00:00+00:00
[2026-05-04T14:53:14.392+0000] {processor.py:208} INFO - Processing /opt/airflow/dags/main.py took 0.490 seconds
[2026-05-04T14:53:44.629+0000] {processor.py:186} INFO - Started process (PID=1437) to work on /opt/airflow/dags/main.py
[2026-05-04T14:53:44.631+0000] {processor.py:914} INFO - Processing file /opt/airflow/dags/main.py for tasks to queue
[2026-05-04T14:53:44.634+0000] {logging_mixin.py:190} INFO - [2026-05-04T14:53:44.634+0000] {dagbag.py:588} INFO - Filling up the DagBag from /opt/airflow/dags/main.py
[2026-05-04T14:53:44.991+0000] {processor.py:925} INFO - DAG(s) 'kafka_to_s3' retrieved from /opt/airflow/dags/main.py
[2026-05-04T14:53:45.016+0000] {logging_mixin.py:190} INFO - [2026-05-04T14:53:45.016+0000] {dag.py:3239} INFO - Sync 1 DAGs
[2026-05-04T14:53:45.041+0000] {logging_mixin.py:190} INFO - [2026-05-04T14:53:45.040+0000] {dag.py:4180} INFO - Setting next_dagrun for kafka_to_s3 to 2026-05-04 00:00:00+00:00, run_after=2026-05-05 00:00:00+00:00
[2026-05-04T14:53:45.060+0000] {processor.py:208} INFO - Processing /opt/airflow/dags/main.py took 0.439 seconds
[2026-05-04T14:54:15.141+0000] {processor.py:186} INFO - Started process (PID=1444) to work on /opt/airflow/dags/main.py
[2026-05-04T14:54:15.143+0000] {processor.py:914} INFO - Processing file /opt/airflow/dags/main.py for tasks to queue
[2026-05-04T14:54:15.148+0000] {logging_mixin.py:190} INFO - [2026-05-04T14:54:15.147+0000] {dagbag.py:588} INFO - Filling up the DagBag from /opt/airflow/dags/main.py
[2026-05-04T14:54:15.615+0000] {processor.py:925} INFO - DAG(s) 'kafka_to_s3' retrieved from /opt/airflow/dags/main.py
[2026-05-04T14:54:15.650+0000] {logging_mixin.py:190} INFO - [2026-05-04T14:54:15.649+0000] {dag.py:3239} INFO - Sync 1 DAGs
[2026-05-04T14:54:15.704+0000] {logging_mixin.py:190} INFO - [2026-05-04T14:54:15.703+0000] {dag.py:4180} INFO - Setting next_dagrun for kafka_to_s3 to 2026-05-04 00:00:00+00:00, run_after=2026-05-05 00:00:00+00:00
[2026-05-04T14:54:15.791+0000] {processor.py:208} INFO - Processing /opt/airflow/dags/main.py took 0.672 seconds
[2026-05-04T14:54:45.977+0000] {processor.py:186} INFO - Started process (PID=1450) to work on /opt/airflow/dags/main.py
[2026-05-04T14:54:46.012+0000] {processor.py:914} INFO - Processing file /opt/airflow/dags/main.py for tasks to queue
[2026-05-04T14:54:46.022+0000] {logging_mixin.py:190} INFO - [2026-05-04T14:54:46.021+0000] {dagbag.py:588} INFO - Filling up the DagBag from /opt/airflow/dags/main.py
[2026-05-04T14:54:47.413+0000] {processor.py:925} INFO - DAG(s) 'kafka_to_s3' retrieved from /opt/airflow/dags/main.py
[2026-05-04T14:54:47.482+0000] {logging_mixin.py:190} INFO - [2026-05-04T14:54:47.482+0000] {dag.py:3239} INFO - Sync 1 DAGs
[2026-05-04T14:54:47.530+0000] {logging_mixin.py:190} INFO - [2026-05-04T14:54:47.529+0000] {dag.py:4180} INFO - Setting next_dagrun for kafka_to_s3 to 2026-05-04 00:00:00+00:00, run_after=2026-05-05 00:00:00+00:00
[2026-05-04T14:54:47.581+0000] {processor.py:208} INFO - Processing /opt/airflow/dags/main.py took 1.649 seconds
[2026-05-04T14:55:17.724+0000] {processor.py:186} INFO - Started process (PID=1457) to work on /opt/airflow/dags/main.py
[2026-05-04T14:55:17.725+0000] {processor.py:914} INFO - Processing file /opt/airflow/dags/main.py for tasks to queue
[2026-05-04T14:55:17.728+0000] {logging_mixin.py:190} INFO - [2026-05-04T14:55:17.728+0000] {dagbag.py:588} INFO - Filling up the DagBag from /opt/airflow/dags/main.py
[2026-05-04T14:55:18.118+0000] {processor.py:925} INFO - DAG(s) 'kafka_to_s3' retrieved from /opt/airflow/dags/main.py
[2026-05-04T14:55:18.145+0000] {logging_mixin.py:190} INFO - [2026-05-04T14:55:18.145+0000] {dag.py:3239} INFO - Sync 1 DAGs
[2026-05-04T14:55:18.172+0000] {logging_mixin.py:190} INFO - [2026-05-04T14:55:18.172+0000] {dag.py:4180} INFO - Setting next_dagrun for kafka_to_s3 to 2026-05-04 00:00:00+00:00, run_after=2026-05-05 00:00:00+00:00
[2026-05-04T14:55:18.198+0000] {processor.py:208} INFO - Processing /opt/airflow/dags/main.py took 0.485 seconds
[2026-05-04T14:55:48.314+0000] {processor.py:186} INFO - Started process (PID=1464) to work on /opt/airflow/dags/main.py
[2026-05-04T14:55:48.316+0000] {processor.py:914} INFO - Processing file /opt/airflow/dags/main.py for tasks to queue
[2026-05-04T14:55:48.320+0000] {logging_mixin.py:190} INFO - [2026-05-04T14:55:48.320+0000] {dagbag.py:588} INFO - Filling up the DagBag from /opt/airflow/dags/main.py
[2026-05-04T14:55:48.655+0000] {processor.py:925} INFO - DAG(s) 'kafka_to_s3' retrieved from /opt/airflow/dags/main.py
[2026-05-04T14:55:48.680+0000] {logging_mixin.py:190} INFO - [2026-05-04T14:55:48.679+0000] {dag.py:3239} INFO - Sync 1 DAGs
[2026-05-04T14:55:48.702+0000] {logging_mixin.py:190} INFO - [2026-05-04T14:55:48.702+0000] {dag.py:4180} INFO - Setting next_dagrun for kafka_to_s3 to 2026-05-04 00:00:00+00:00, run_after=2026-05-05 00:00:00+00:00
[2026-05-04T14:55:48.725+0000] {processor.py:208} INFO - Processing /opt/airflow/dags/main.py took 0.423 seconds
[2026-05-04T14:56:18.842+0000] {processor.py:186} INFO - Started process (PID=1471) to work on /opt/airflow/dags/main.py
[2026-05-04T14:56:18.843+0000] {processor.py:914} INFO - Processing file /opt/airflow/dags/main.py for tasks to queue
[2026-05-04T14:56:18.848+0000] {logging_mixin.py:190} INFO - [2026-05-04T14:56:18.847+0000] {dagbag.py:588} INFO - Filling up the DagBag from /opt/airflow/dags/main.py
[2026-05-04T14:56:19.513+0000] {processor.py:925} INFO - DAG(s) 'kafka_to_s3' retrieved from /opt/airflow/dags/main.py
[2026-05-04T14:56:19.542+0000] {logging_mixin.py:190} INFO - [2026-05-04T14:56:19.541+0000] {dag.py:3239} INFO - Sync 1 DAGs
[2026-05-04T14:56:19.568+0000] {logging_mixin.py:190} INFO - [2026-05-04T14:56:19.567+0000] {dag.py:4180} INFO - Setting next_dagrun for kafka_to_s3 to 2026-05-04 00:00:00+00:00, run_after=2026-05-05 00:00:00+00:00
[2026-05-04T14:56:19.592+0000] {processor.py:208} INFO - Processing /opt/airflow/dags/main.py took 0.761 seconds
[2026-05-04T14:56:49.982+0000] {processor.py:186} INFO - Started process (PID=1478) to work on /opt/airflow/dags/main.py
[2026-05-04T14:56:49.983+0000] {processor.py:914} INFO - Processing file /opt/airflow/dags/main.py for tasks to queue
[2026-05-04T14:56:49.987+0000] {logging_mixin.py:190} INFO - [2026-05-04T14:56:49.986+0000] {dagbag.py:588} INFO - Filling up the DagBag from /opt/airflow/dags/main.py
[2026-05-04T14:56:50.437+0000] {processor.py:925} INFO - DAG(s) 'kafka_to_s3' retrieved from /opt/airflow/dags/main.py
[2026-05-04T14:56:50.469+0000] {logging_mixin.py:190} INFO - [2026-05-04T14:56:50.468+0000] {dag.py:3239} INFO - Sync 1 DAGs
[2026-05-04T14:56:50.496+0000] {logging_mixin.py:190} INFO - [2026-05-04T14:56:50.496+0000] {dag.py:4180} INFO - Setting next_dagrun for kafka_to_s3 to 2026-05-04 00:00:00+00:00, run_after=2026-05-05 00:00:00+00:00
[2026-05-04T14:56:50.522+0000] {processor.py:208} INFO - Processing /opt/airflow/dags/main.py took 0.548 seconds
[2026-05-04T14:57:20.628+0000] {processor.py:186} INFO - Started process (PID=1485) to work on /opt/airflow/dags/main.py
[2026-05-04T14:57:20.629+0000] {processor.py:914} INFO - Processing file /opt/airflow/dags/main.py for tasks to queue
[2026-05-04T14:57:20.632+0000] {logging_mixin.py:190} INFO - [2026-05-04T14:57:20.632+0000] {dagbag.py:588} INFO - Filling up the DagBag from /opt/airflow/dags/main.py
[2026-05-04T14:57:21.134+0000] {processor.py:925} INFO - DAG(s) 'kafka_to_s3' retrieved from /opt/airflow/dags/main.py
[2026-05-04T14:57:21.162+0000] {logging_mixin.py:190} INFO - [2026-05-04T14:57:21.162+0000] {dag.py:3239} INFO - Sync 1 DAGs
[2026-05-04T14:57:21.190+0000] {logging_mixin.py:190} INFO - [2026-05-04T14:57:21.190+0000] {dag.py:4180} INFO - Setting next_dagrun for kafka_to_s3 to 2026-05-04 00:00:00+00:00, run_after=2026-05-05 00:00:00+00:00
[2026-05-04T14:57:21.213+0000] {processor.py:208} INFO - Processing /opt/airflow/dags/main.py took 0.593 seconds
[2026-05-04T14:57:51.339+0000] {processor.py:186} INFO - Started process (PID=1492) to work on /opt/airflow/dags/main.py
[2026-05-04T14:57:51.341+0000] {processor.py:914} INFO - Processing file /opt/airflow/dags/main.py for tasks to queue
[2026-05-04T14:57:51.345+0000] {logging_mixin.py:190} INFO - [2026-05-04T14:57:51.344+0000] {dagbag.py:588} INFO - Filling up the DagBag from /opt/airflow/dags/main.py
[2026-05-04T14:57:51.743+0000] {processor.py:925} INFO - DAG(s) 'kafka_to_s3' retrieved from /opt/airflow/dags/main.py
[2026-05-04T14:57:51.779+0000] {logging_mixin.py:190} INFO - [2026-05-04T14:57:51.778+0000] {dag.py:3239} INFO - Sync 1 DAGs
[2026-05-04T14:57:51.806+0000] {logging_mixin.py:190} INFO - [2026-05-04T14:57:51.805+0000] {dag.py:4180} INFO - Setting next_dagrun for kafka_to_s3 to 2026-05-04 00:00:00+00:00, run_after=2026-05-05 00:00:00+00:00
[2026-05-04T14:57:51.832+0000] {processor.py:208} INFO - Processing /opt/airflow/dags/main.py took 0.500 seconds
[2026-05-04T14:58:22.043+0000] {processor.py:186} INFO - Started process (PID=1499) to work on /opt/airflow/dags/main.py
[2026-05-04T14:58:22.045+0000] {processor.py:914} INFO - Processing file /opt/airflow/dags/main.py for tasks to queue
[2026-05-04T14:58:22.049+0000] {logging_mixin.py:190} INFO - [2026-05-04T14:58:22.049+0000] {dagbag.py:588} INFO - Filling up the DagBag from /opt/airflow/dags/main.py
[2026-05-04T14:58:22.615+0000] {processor.py:925} INFO - DAG(s) 'kafka_to_s3' retrieved from /opt/airflow/dags/main.py
[2026-05-04T14:58:22.651+0000] {logging_mixin.py:190} INFO - [2026-05-04T14:58:22.650+0000] {dag.py:3239} INFO - Sync 1 DAGs
[2026-05-04T14:58:22.685+0000] {logging_mixin.py:190} INFO - [2026-05-04T14:58:22.684+0000] {dag.py:4180} INFO - Setting next_dagrun for kafka_to_s3 to 2026-05-04 00:00:00+00:00, run_after=2026-05-05 00:00:00+00:00
[2026-05-04T14:58:22.714+0000] {processor.py:208} INFO - Processing /opt/airflow/dags/main.py took 0.682 seconds
[2026-05-04T14:58:52.920+0000] {processor.py:186} INFO - Started process (PID=1506) to work on /opt/airflow/dags/main.py
[2026-05-04T14:58:52.922+0000] {processor.py:914} INFO - Processing file /opt/airflow/dags/main.py for tasks to queue
[2026-05-04T14:58:52.926+0000] {logging_mixin.py:190} INFO - [2026-05-04T14:58:52.925+0000] {dagbag.py:588} INFO - Filling up the DagBag from /opt/airflow/dags/main.py
[2026-05-04T14:58:53.392+0000] {processor.py:925} INFO - DAG(s) 'kafka_to_s3' retrieved from /opt/airflow/dags/main.py
[2026-05-04T14:58:53.425+0000] {logging_mixin.py:190} INFO - [2026-05-04T14:58:53.424+0000] {dag.py:3239} INFO - Sync 1 DAGs
[2026-05-04T14:58:53.455+0000] {logging_mixin.py:190} INFO - [2026-05-04T14:58:53.454+0000] {dag.py:4180} INFO - Setting next_dagrun for kafka_to_s3 to 2026-05-04 00:00:00+00:00, run_after=2026-05-05 00:00:00+00:00
[2026-05-04T14:58:53.483+0000] {processor.py:208} INFO - Processing /opt/airflow/dags/main.py took 0.570 seconds
[2026-05-04T14:59:23.570+0000] {processor.py:186} INFO - Started process (PID=1513) to work on /opt/airflow/dags/main.py
[2026-05-04T14:59:23.571+0000] {processor.py:914} INFO - Processing file /opt/airflow/dags/main.py for tasks to queue
[2026-05-04T14:59:23.574+0000] {logging_mixin.py:190} INFO - [2026-05-04T14:59:23.574+0000] {dagbag.py:588} INFO - Filling up the DagBag from /opt/airflow/dags/main.py
[2026-05-04T14:59:23.986+0000] {processor.py:925} INFO - DAG(s) 'kafka_to_s3' retrieved from /opt/airflow/dags/main.py
[2026-05-04T14:59:24.016+0000] {logging_mixin.py:190} INFO - [2026-05-04T14:59:24.016+0000] {dag.py:3239} INFO - Sync 1 DAGs
[2026-05-04T14:59:24.040+0000] {logging_mixin.py:190} INFO - [2026-05-04T14:59:24.040+0000] {dag.py:4180} INFO - Setting next_dagrun for kafka_to_s3 to 2026-05-04 00:00:00+00:00, run_after=2026-05-05 00:00:00+00:00
[2026-05-04T14:59:24.066+0000] {processor.py:208} INFO - Processing /opt/airflow/dags/main.py took 0.503 seconds
[2026-05-04T14:59:54.330+0000] {processor.py:186} INFO - Started process (PID=1519) to work on /opt/airflow/dags/main.py
[2026-05-04T14:59:54.332+0000] {processor.py:914} INFO - Processing file /opt/airflow/dags/main.py for tasks to queue
[2026-05-04T14:59:54.337+0000] {logging_mixin.py:190} INFO - [2026-05-04T14:59:54.336+0000] {dagbag.py:588} INFO - Filling up the DagBag from /opt/airflow/dags/main.py
[2026-05-04T14:59:54.731+0000] {processor.py:925} INFO - DAG(s) 'kafka_to_s3' retrieved from /opt/airflow/dags/main.py
[2026-05-04T14:59:54.767+0000] {logging_mixin.py:190} INFO - [2026-05-04T14:59:54.767+0000] {dag.py:3239} INFO - Sync 1 DAGs
[2026-05-04T14:59:54.800+0000] {logging_mixin.py:190} INFO - [2026-05-04T14:59:54.800+0000] {dag.py:4180} INFO - Setting next_dagrun for kafka_to_s3 to 2026-05-04 00:00:00+00:00, run_after=2026-05-05 00:00:00+00:00
[2026-05-04T14:59:54.827+0000] {processor.py:208} INFO - Processing /opt/airflow/dags/main.py took 0.509 seconds
[2026-05-04T15:00:25.134+0000] {processor.py:186} INFO - Started process (PID=1526) to work on /opt/airflow/dags/main.py
[2026-05-04T15:00:25.136+0000] {processor.py:914} INFO - Processing file /opt/airflow/dags/main.py for tasks to queue
[2026-05-04T15:00:25.142+0000] {logging_mixin.py:190} INFO - [2026-05-04T15:00:25.141+0000] {dagbag.py:588} INFO - Filling up the DagBag from /opt/airflow/dags/main.py
[2026-05-04T15:00:25.589+0000] {processor.py:925} INFO - DAG(s) 'kafka_to_s3' retrieved from /opt/airflow/dags/main.py
[2026-05-04T15:00:25.623+0000] {logging_mixin.py:190} INFO - [2026-05-04T15:00:25.623+0000] {dag.py:3239} INFO - Sync 1 DAGs
[2026-05-04T15:00:25.659+0000] {logging_mixin.py:190} INFO - [2026-05-04T15:00:25.659+0000] {dag.py:4180} INFO - Setting next_dagrun for kafka_to_s3 to 2026-05-04 00:00:00+00:00, run_after=2026-05-05 00:00:00+00:00
[2026-05-04T15:00:25.691+0000] {processor.py:208} INFO - Processing /opt/airflow/dags/main.py took 0.569 seconds
[2026-05-04T15:00:56.131+0000] {processor.py:186} INFO - Started process (PID=1540) to work on /opt/airflow/dags/main.py
[2026-05-04T15:00:56.133+0000] {processor.py:914} INFO - Processing file /opt/airflow/dags/main.py for tasks to queue
[2026-05-04T15:00:56.137+0000] {logging_mixin.py:190} INFO - [2026-05-04T15:00:56.136+0000] {dagbag.py:588} INFO - Filling up the DagBag from /opt/airflow/dags/main.py
[2026-05-04T15:00:56.480+0000] {processor.py:925} INFO - DAG(s) 'kafka_to_s3' retrieved from /opt/airflow/dags/main.py
[2026-05-04T15:00:56.505+0000] {logging_mixin.py:190} INFO - [2026-05-04T15:00:56.504+0000] {dag.py:3239} INFO - Sync 1 DAGs
[2026-05-04T15:00:56.531+0000] {logging_mixin.py:190} INFO - [2026-05-04T15:00:56.531+0000] {dag.py:4180} INFO - Setting next_dagrun for kafka_to_s3 to 2026-05-04 00:00:00+00:00, run_after=2026-05-05 00:00:00+00:00
[2026-05-04T15:00:56.558+0000] {processor.py:208} INFO - Processing /opt/airflow/dags/main.py took 0.434 seconds
[2026-05-04T15:01:26.989+0000] {processor.py:186} INFO - Started process (PID=1547) to work on /opt/airflow/dags/main.py
[2026-05-04T15:01:26.990+0000] {processor.py:914} INFO - Processing file /opt/airflow/dags/main.py for tasks to queue
[2026-05-04T15:01:26.993+0000] {logging_mixin.py:190} INFO - [2026-05-04T15:01:26.993+0000] {dagbag.py:588} INFO - Filling up the DagBag from /opt/airflow/dags/main.py
[2026-05-04T15:01:27.333+0000] {processor.py:925} INFO - DAG(s) 'kafka_to_s3' retrieved from /opt/airflow/dags/main.py
[2026-05-04T15:01:27.366+0000] {logging_mixin.py:190} INFO - [2026-05-04T15:01:27.366+0000] {dag.py:3239} INFO - Sync 1 DAGs
[2026-05-04T15:01:27.396+0000] {logging_mixin.py:190} INFO - [2026-05-04T15:01:27.396+0000] {dag.py:4180} INFO - Setting next_dagrun for kafka_to_s3 to 2026-05-04 00:00:00+00:00, run_after=2026-05-05 00:00:00+00:00
[2026-05-04T15:01:27.424+0000] {processor.py:208} INFO - Processing /opt/airflow/dags/main.py took 0.443 seconds
[2026-05-04T15:01:57.823+0000] {processor.py:186} INFO - Started process (PID=1554) to work on /opt/airflow/dags/main.py
[2026-05-04T15:01:57.824+0000] {processor.py:914} INFO - Processing file /opt/airflow/dags/main.py for tasks to queue
[2026-05-04T15:01:57.827+0000] {logging_mixin.py:190} INFO - [2026-05-04T15:01:57.827+0000] {dagbag.py:588} INFO - Filling up the DagBag from /opt/airflow/dags/main.py
[2026-05-04T15:01:58.190+0000] {processor.py:925} INFO - DAG(s) 'kafka_to_s3' retrieved from /opt/airflow/dags/main.py
[2026-05-04T15:01:58.213+0000] {logging_mixin.py:190} INFO - [2026-05-04T15:01:58.213+0000] {dag.py:3239} INFO - Sync 1 DAGs
[2026-05-04T15:01:58.241+0000] {logging_mixin.py:190} INFO - [2026-05-04T15:01:58.241+0000] {dag.py:4180} INFO - Setting next_dagrun for kafka_to_s3 to 2026-05-04 00:00:00+00:00, run_after=2026-05-05 00:00:00+00:00
[2026-05-04T15:01:58.271+0000] {processor.py:208} INFO - Processing /opt/airflow/dags/main.py took 0.455 seconds
[2026-05-04T15:02:28.608+0000] {processor.py:186} INFO - Started process (PID=1561) to work on /opt/airflow/dags/main.py
[2026-05-04T15:02:28.609+0000] {processor.py:914} INFO - Processing file /opt/airflow/dags/main.py for tasks to queue
[2026-05-04T15:02:28.613+0000] {logging_mixin.py:190} INFO - [2026-05-04T15:02:28.612+0000] {dagbag.py:588} INFO - Filling up the DagBag from /opt/airflow/dags/main.py
[2026-05-04T15:02:29.093+0000] {processor.py:925} INFO - DAG(s) 'kafka_to_s3' retrieved from /opt/airflow/dags/main.py
[2026-05-04T15:02:29.126+0000] {logging_mixin.py:190} INFO - [2026-05-04T15:02:29.126+0000] {dag.py:3239} INFO - Sync 1 DAGs
[2026-05-04T15:02:29.156+0000] {logging_mixin.py:190} INFO - [2026-05-04T15:02:29.156+0000] {dag.py:4180} INFO - Setting next_dagrun for kafka_to_s3 to 2026-05-04 00:00:00+00:00, run_after=2026-05-05 00:00:00+00:00
[2026-05-04T15:02:29.183+0000] {processor.py:208} INFO - Processing /opt/airflow/dags/main.py took 0.583 seconds
[2026-05-04T15:02:59.481+0000] {processor.py:186} INFO - Started process (PID=1568) to work on /opt/airflow/dags/main.py
[2026-05-04T15:02:59.483+0000] {processor.py:914} INFO - Processing file /opt/airflow/dags/main.py for tasks to queue
[2026-05-04T15:02:59.487+0000] {logging_mixin.py:190} INFO - [2026-05-04T15:02:59.486+0000] {dagbag.py:588} INFO - Filling up the DagBag from /opt/airflow/dags/main.py
[2026-05-04T15:02:59.889+0000] {processor.py:925} INFO - DAG(s) 'kafka_to_s3' retrieved from /opt/airflow/dags/main.py
[2026-05-04T15:02:59.932+0000] {logging_mixin.py:190} INFO - [2026-05-04T15:02:59.931+0000] {dag.py:3239} INFO - Sync 1 DAGs
[2026-05-04T15:02:59.982+0000] {logging_mixin.py:190} INFO - [2026-05-04T15:02:59.981+0000] {dag.py:4180} INFO - Setting next_dagrun for kafka_to_s3 to 2026-05-04 00:00:00+00:00, run_after=2026-05-05 00:00:00+00:00
[2026-05-04T15:03:00.014+0000] {processor.py:208} INFO - Processing /opt/airflow/dags/main.py took 0.552 seconds
[2026-05-04T15:03:30.403+0000] {processor.py:186} INFO - Started process (PID=1575) to work on /opt/airflow/dags/main.py
[2026-05-04T15:03:30.404+0000] {processor.py:914} INFO - Processing file /opt/airflow/dags/main.py for tasks to queue
[2026-05-04T15:03:30.408+0000] {logging_mixin.py:190} INFO - [2026-05-04T15:03:30.408+0000] {dagbag.py:588} INFO - Filling up the DagBag from /opt/airflow/dags/main.py
[2026-05-04T15:03:30.774+0000] {processor.py:925} INFO - DAG(s) 'kafka_to_s3' retrieved from /opt/airflow/dags/main.py
[2026-05-04T15:03:30.800+0000] {logging_mixin.py:190} INFO - [2026-05-04T15:03:30.799+0000] {dag.py:3239} INFO - Sync 1 DAGs
[2026-05-04T15:03:30.824+0000] {logging_mixin.py:190} INFO - [2026-05-04T15:03:30.823+0000] {dag.py:4180} INFO - Setting next_dagrun for kafka_to_s3 to 2026-05-04 00:00:00+00:00, run_after=2026-05-05 00:00:00+00:00
[2026-05-04T15:03:30.846+0000] {processor.py:208} INFO - Processing /opt/airflow/dags/main.py took 0.451 seconds
[2026-05-04T15:04:01.241+0000] {processor.py:186} INFO - Started process (PID=1582) to work on /opt/airflow/dags/main.py
[2026-05-04T15:04:01.242+0000] {processor.py:914} INFO - Processing file /opt/airflow/dags/main.py for tasks to queue
[2026-05-04T15:04:01.246+0000] {logging_mixin.py:190} INFO - [2026-05-04T15:04:01.246+0000] {dagbag.py:588} INFO - Filling up the DagBag from /opt/airflow/dags/main.py
[2026-05-04T15:04:01.756+0000] {processor.py:925} INFO - DAG(s) 'kafka_to_s3' retrieved from /opt/airflow/dags/main.py
[2026-05-04T15:04:01.798+0000] {logging_mixin.py:190} INFO - [2026-05-04T15:04:01.797+0000] {dag.py:3239} INFO - Sync 1 DAGs
[2026-05-04T15:04:01.841+0000] {logging_mixin.py:190} INFO - [2026-05-04T15:04:01.840+0000] {dag.py:4180} INFO - Setting next_dagrun for kafka_to_s3 to 2026-05-04 00:00:00+00:00, run_after=2026-05-05 00:00:00+00:00
[2026-05-04T15:04:01.873+0000] {processor.py:208} INFO - Processing /opt/airflow/dags/main.py took 0.640 seconds
[2026-05-04T15:04:32.208+0000] {processor.py:186} INFO - Started process (PID=1589) to work on /opt/airflow/dags/main.py
[2026-05-04T15:04:32.210+0000] {processor.py:914} INFO - Processing file /opt/airflow/dags/main.py for tasks to queue
[2026-05-04T15:04:32.214+0000] {logging_mixin.py:190} INFO - [2026-05-04T15:04:32.213+0000] {dagbag.py:588} INFO - Filling up the DagBag from /opt/airflow/dags/main.py
[2026-05-04T15:04:32.565+0000] {processor.py:925} INFO - DAG(s) 'kafka_to_s3' retrieved from /opt/airflow/dags/main.py
[2026-05-04T15:04:32.592+0000] {logging_mixin.py:190} INFO - [2026-05-04T15:04:32.592+0000] {dag.py:3239} INFO - Sync 1 DAGs
[2026-05-04T15:04:32.624+0000] {logging_mixin.py:190} INFO - [2026-05-04T15:04:32.623+0000] {dag.py:4180} INFO - Setting next_dagrun for kafka_to_s3 to 2026-05-04 00:00:00+00:00, run_after=2026-05-05 00:00:00+00:00
[2026-05-04T15:04:32.654+0000] {processor.py:208} INFO - Processing /opt/airflow/dags/main.py took 0.453 seconds
[2026-05-04T15:05:03.015+0000] {processor.py:186} INFO - Started process (PID=1596) to work on /opt/airflow/dags/main.py
[2026-05-04T15:05:03.016+0000] {processor.py:914} INFO - Processing file /opt/airflow/dags/main.py for tasks to queue
[2026-05-04T15:05:03.020+0000] {logging_mixin.py:190} INFO - [2026-05-04T15:05:03.020+0000] {dagbag.py:588} INFO - Filling up the DagBag from /opt/airflow/dags/main.py
[2026-05-04T15:05:03.373+0000] {processor.py:925} INFO - DAG(s) 'kafka_to_s3' retrieved from /opt/airflow/dags/main.py
[2026-05-04T15:05:03.405+0000] {logging_mixin.py:190} INFO - [2026-05-04T15:05:03.404+0000] {dag.py:3239} INFO - Sync 1 DAGs
[2026-05-04T15:05:03.435+0000] {logging_mixin.py:190} INFO - [2026-05-04T15:05:03.434+0000] {dag.py:4180} INFO - Setting next_dagrun for kafka_to_s3 to 2026-05-04 00:00:00+00:00, run_after=2026-05-05 00:00:00+00:00
[2026-05-04T15:05:03.461+0000] {processor.py:208} INFO - Processing /opt/airflow/dags/main.py took 0.457 seconds
[2026-05-04T15:05:33.886+0000] {processor.py:186} INFO - Started process (PID=1603) to work on /opt/airflow/dags/main.py
[2026-05-04T15:05:33.889+0000] {processor.py:914} INFO - Processing file /opt/airflow/dags/main.py for tasks to queue
[2026-05-04T15:05:33.894+0000] {logging_mixin.py:190} INFO - [2026-05-04T15:05:33.893+0000] {dagbag.py:588} INFO - Filling up the DagBag from /opt/airflow/dags/main.py
[2026-05-04T15:05:34.338+0000] {processor.py:925} INFO - DAG(s) 'kafka_to_s3' retrieved from /opt/airflow/dags/main.py
[2026-05-04T15:05:34.371+0000] {logging_mixin.py:190} INFO - [2026-05-04T15:05:34.370+0000] {dag.py:3239} INFO - Sync 1 DAGs
[2026-05-04T15:05:34.404+0000] {logging_mixin.py:190} INFO - [2026-05-04T15:05:34.404+0000] {dag.py:4180} INFO - Setting next_dagrun for kafka_to_s3 to 2026-05-04 00:00:00+00:00, run_after=2026-05-05 00:00:00+00:00
[2026-05-04T15:05:34.435+0000] {processor.py:208} INFO - Processing /opt/airflow/dags/main.py took 0.560 seconds
[2026-05-04T15:06:04.796+0000] {processor.py:186} INFO - Started process (PID=1610) to work on /opt/airflow/dags/main.py
[2026-05-04T15:06:04.798+0000] {processor.py:914} INFO - Processing file /opt/airflow/dags/main.py for tasks to queue
[2026-05-04T15:06:04.803+0000] {logging_mixin.py:190} INFO - [2026-05-04T15:06:04.802+0000] {dagbag.py:588} INFO - Filling up the DagBag from /opt/airflow/dags/main.py
[2026-05-04T15:06:05.186+0000] {processor.py:925} INFO - DAG(s) 'kafka_to_s3' retrieved from /opt/airflow/dags/main.py
[2026-05-04T15:06:05.236+0000] {logging_mixin.py:190} INFO - [2026-05-04T15:06:05.236+0000] {dag.py:3239} INFO - Sync 1 DAGs
[2026-05-04T15:06:05.286+0000] {logging_mixin.py:190} INFO - [2026-05-04T15:06:05.285+0000] {dag.py:4180} INFO - Setting next_dagrun for kafka_to_s3 to 2026-05-04 00:00:00+00:00, run_after=2026-05-05 00:00:00+00:00
[2026-05-04T15:06:05.331+0000] {processor.py:208} INFO - Processing /opt/airflow/dags/main.py took 0.544 seconds
[2026-05-04T15:06:35.689+0000] {processor.py:186} INFO - Started process (PID=1617) to work on /opt/airflow/dags/main.py
[2026-05-04T15:06:35.692+0000] {processor.py:914} INFO - Processing file /opt/airflow/dags/main.py for tasks to queue
[2026-05-04T15:06:35.696+0000] {logging_mixin.py:190} INFO - [2026-05-04T15:06:35.695+0000] {dagbag.py:588} INFO - Filling up the DagBag from /opt/airflow/dags/main.py
[2026-05-04T15:06:36.046+0000] {processor.py:925} INFO - DAG(s) 'kafka_to_s3' retrieved from /opt/airflow/dags/main.py
[2026-05-04T15:06:36.074+0000] {logging_mixin.py:190} INFO - [2026-05-04T15:06:36.073+0000] {dag.py:3239} INFO - Sync 1 DAGs
[2026-05-04T15:06:36.105+0000] {logging_mixin.py:190} INFO - [2026-05-04T15:06:36.105+0000] {dag.py:4180} INFO - Setting next_dagrun for kafka_to_s3 to 2026-05-04 00:00:00+00:00, run_after=2026-05-05 00:00:00+00:00
[2026-05-04T15:06:36.131+0000] {processor.py:208} INFO - Processing /opt/airflow/dags/main.py took 0.451 seconds
[2026-05-04T15:07:06.420+0000] {processor.py:186} INFO - Started process (PID=1624) to work on /opt/airflow/dags/main.py
[2026-05-04T15:07:06.422+0000] {processor.py:914} INFO - Processing file /opt/airflow/dags/main.py for tasks to queue
[2026-05-04T15:07:06.425+0000] {logging_mixin.py:190} INFO - [2026-05-04T15:07:06.425+0000] {dagbag.py:588} INFO - Filling up the DagBag from /opt/airflow/dags/main.py
[2026-05-04T15:07:06.738+0000] {processor.py:925} INFO - DAG(s) 'kafka_to_s3' retrieved from /opt/airflow/dags/main.py
[2026-05-04T15:07:06.763+0000] {logging_mixin.py:190} INFO - [2026-05-04T15:07:06.763+0000] {dag.py:3239} INFO - Sync 1 DAGs
[2026-05-04T15:07:06.785+0000] {logging_mixin.py:190} INFO - [2026-05-04T15:07:06.785+0000] {dag.py:4180} INFO - Setting next_dagrun for kafka_to_s3 to 2026-05-04 00:00:00+00:00, run_after=2026-05-05 00:00:00+00:00
[2026-05-04T15:07:06.805+0000] {processor.py:208} INFO - Processing /opt/airflow/dags/main.py took 0.394 seconds
[2026-05-04T15:07:36.918+0000] {processor.py:186} INFO - Started process (PID=1630) to work on /opt/airflow/dags/main.py
[2026-05-04T15:07:36.920+0000] {processor.py:914} INFO - Processing file /opt/airflow/dags/main.py for tasks to queue
[2026-05-04T15:07:36.923+0000] {logging_mixin.py:190} INFO - [2026-05-04T15:07:36.923+0000] {dagbag.py:588} INFO - Filling up the DagBag from /opt/airflow/dags/main.py
[2026-05-04T15:07:37.315+0000] {processor.py:925} INFO - DAG(s) 'kafka_to_s3' retrieved from /opt/airflow/dags/main.py
[2026-05-04T15:07:37.338+0000] {logging_mixin.py:190} INFO - [2026-05-04T15:07:37.338+0000] {dag.py:3239} INFO - Sync 1 DAGs
[2026-05-04T15:07:37.361+0000] {logging_mixin.py:190} INFO - [2026-05-04T15:07:37.361+0000] {dag.py:4180} INFO - Setting next_dagrun for kafka_to_s3 to 2026-05-04 00:00:00+00:00, run_after=2026-05-05 00:00:00+00:00
[2026-05-04T15:07:37.382+0000] {processor.py:208} INFO - Processing /opt/airflow/dags/main.py took 0.470 seconds
[2026-05-04T15:08:07.522+0000] {processor.py:186} INFO - Started process (PID=1637) to work on /opt/airflow/dags/main.py
[2026-05-04T15:08:07.524+0000] {processor.py:914} INFO - Processing file /opt/airflow/dags/main.py for tasks to queue
[2026-05-04T15:08:07.529+0000] {logging_mixin.py:190} INFO - [2026-05-04T15:08:07.529+0000] {dagbag.py:588} INFO - Filling up the DagBag from /opt/airflow/dags/main.py
[2026-05-04T15:08:07.925+0000] {processor.py:925} INFO - DAG(s) 'kafka_to_s3' retrieved from /opt/airflow/dags/main.py
[2026-05-04T15:08:07.960+0000] {logging_mixin.py:190} INFO - [2026-05-04T15:08:07.959+0000] {dag.py:3239} INFO - Sync 1 DAGs
[2026-05-04T15:08:07.989+0000] {logging_mixin.py:190} INFO - [2026-05-04T15:08:07.988+0000] {dag.py:4180} INFO - Setting next_dagrun for kafka_to_s3 to 2026-05-04 00:00:00+00:00, run_after=2026-05-05 00:00:00+00:00
[2026-05-04T15:08:08.016+0000] {processor.py:208} INFO - Processing /opt/airflow/dags/main.py took 0.504 seconds
[2026-05-04T15:08:38.391+0000] {processor.py:186} INFO - Started process (PID=1644) to work on /opt/airflow/dags/main.py
[2026-05-04T15:08:38.393+0000] {processor.py:914} INFO - Processing file /opt/airflow/dags/main.py for tasks to queue
[2026-05-04T15:08:38.396+0000] {logging_mixin.py:190} INFO - [2026-05-04T15:08:38.396+0000] {dagbag.py:588} INFO - Filling up the DagBag from /opt/airflow/dags/main.py
[2026-05-04T15:08:38.762+0000] {processor.py:925} INFO - DAG(s) 'kafka_to_s3' retrieved from /opt/airflow/dags/main.py
[2026-05-04T15:08:38.789+0000] {logging_mixin.py:190} INFO - [2026-05-04T15:08:38.789+0000] {dag.py:3239} INFO - Sync 1 DAGs
[2026-05-04T15:08:38.816+0000] {logging_mixin.py:190} INFO - [2026-05-04T15:08:38.815+0000] {dag.py:4180} INFO - Setting next_dagrun for kafka_to_s3 to 2026-05-04 00:00:00+00:00, run_after=2026-05-05 00:00:00+00:00
[2026-05-04T15:08:38.842+0000] {processor.py:208} INFO - Processing /opt/airflow/dags/main.py took 0.459 seconds
[2026-05-04T15:09:09.273+0000] {processor.py:186} INFO - Started process (PID=1651) to work on /opt/airflow/dags/main.py
[2026-05-04T15:09:09.274+0000] {processor.py:914} INFO - Processing file /opt/airflow/dags/main.py for tasks to queue
[2026-05-04T15:09:09.277+0000] {logging_mixin.py:190} INFO - [2026-05-04T15:09:09.277+0000] {dagbag.py:588} INFO - Filling up the DagBag from /opt/airflow/dags/main.py
[2026-05-04T15:09:09.663+0000] {processor.py:925} INFO - DAG(s) 'kafka_to_s3' retrieved from /opt/airflow/dags/main.py
[2026-05-04T15:09:09.701+0000] {logging_mixin.py:190} INFO - [2026-05-04T15:09:09.701+0000] {dag.py:3239} INFO - Sync 1 DAGs
[2026-05-04T15:09:09.738+0000] {logging_mixin.py:190} INFO - [2026-05-04T15:09:09.737+0000] {dag.py:4180} INFO - Setting next_dagrun for kafka_to_s3 to 2026-05-04 00:00:00+00:00, run_after=2026-05-05 00:00:00+00:00
[2026-05-04T15:09:09.768+0000] {processor.py:208} INFO - Processing /opt/airflow/dags/main.py took 0.503 seconds
[2026-05-04T15:09:40.044+0000] {processor.py:186} INFO - Started process (PID=1658) to work on /opt/airflow/dags/main.py
[2026-05-04T15:09:40.046+0000] {processor.py:914} INFO - Processing file /opt/airflow/dags/main.py for tasks to queue
[2026-05-04T15:09:40.050+0000] {logging_mixin.py:190} INFO - [2026-05-04T15:09:40.050+0000] {dagbag.py:588} INFO - Filling up the DagBag from /opt/airflow/dags/main.py
[2026-05-04T15:09:40.496+0000] {processor.py:925} INFO - DAG(s) 'kafka_to_s3' retrieved from /opt/airflow/dags/main.py
[2026-05-04T15:09:40.539+0000] {logging_mixin.py:190} INFO - [2026-05-04T15:09:40.539+0000] {dag.py:3239} INFO - Sync 1 DAGs
[2026-05-04T15:09:40.584+0000] {logging_mixin.py:190} INFO - [2026-05-04T15:09:40.584+0000] {dag.py:4180} INFO - Setting next_dagrun for kafka_to_s3 to 2026-05-04 00:00:00+00:00, run_after=2026-05-05 00:00:00+00:00
[2026-05-04T15:09:40.619+0000] {processor.py:208} INFO - Processing /opt/airflow/dags/main.py took 0.586 seconds
[2026-05-04T15:10:11.065+0000] {processor.py:186} INFO - Started process (PID=1665) to work on /opt/airflow/dags/main.py
[2026-05-04T15:10:11.067+0000] {processor.py:914} INFO - Processing file /opt/airflow/dags/main.py for tasks to queue
[2026-05-04T15:10:11.072+0000] {logging_mixin.py:190} INFO - [2026-05-04T15:10:11.071+0000] {dagbag.py:588} INFO - Filling up the DagBag from /opt/airflow/dags/main.py
[2026-05-04T15:10:11.501+0000] {processor.py:925} INFO - DAG(s) 'kafka_to_s3' retrieved from /opt/airflow/dags/main.py
[2026-05-04T15:10:11.538+0000] {logging_mixin.py:190} INFO - [2026-05-04T15:10:11.538+0000] {dag.py:3239} INFO - Sync 1 DAGs
[2026-05-04T15:10:11.571+0000] {logging_mixin.py:190} INFO - [2026-05-04T15:10:11.571+0000] {dag.py:4180} INFO - Setting next_dagrun for kafka_to_s3 to 2026-05-04 00:00:00+00:00, run_after=2026-05-05 00:00:00+00:00
[2026-05-04T15:10:11.599+0000] {processor.py:208} INFO - Processing /opt/airflow/dags/main.py took 0.546 seconds
[2026-05-04T15:10:41.817+0000] {processor.py:186} INFO - Started process (PID=1672) to work on /opt/airflow/dags/main.py
[2026-05-04T15:10:41.819+0000] {processor.py:914} INFO - Processing file /opt/airflow/dags/main.py for tasks to queue
[2026-05-04T15:10:41.825+0000] {logging_mixin.py:190} INFO - [2026-05-04T15:10:41.824+0000] {dagbag.py:588} INFO - Filling up the DagBag from /opt/airflow/dags/main.py
[2026-05-04T15:10:42.472+0000] {processor.py:925} INFO - DAG(s) 'kafka_to_s3' retrieved from /opt/airflow/dags/main.py
[2026-05-04T15:10:42.518+0000] {logging_mixin.py:190} INFO - [2026-05-04T15:10:42.518+0000] {dag.py:3239} INFO - Sync 1 DAGs
[2026-05-04T15:10:42.552+0000] {logging_mixin.py:190} INFO - [2026-05-04T15:10:42.551+0000] {dag.py:4180} INFO - Setting next_dagrun for kafka_to_s3 to 2026-05-04 00:00:00+00:00, run_after=2026-05-05 00:00:00+00:00
[2026-05-04T15:10:42.628+0000] {processor.py:208} INFO - Processing /opt/airflow/dags/main.py took 0.827 seconds
[2026-05-04T15:11:13.057+0000] {processor.py:186} INFO - Started process (PID=1679) to work on /opt/airflow/dags/main.py
[2026-05-04T15:11:13.058+0000] {processor.py:914} INFO - Processing file /opt/airflow/dags/main.py for tasks to queue
[2026-05-04T15:11:13.063+0000] {logging_mixin.py:190} INFO - [2026-05-04T15:11:13.063+0000] {dagbag.py:588} INFO - Filling up the DagBag from /opt/airflow/dags/main.py
[2026-05-04T15:11:13.478+0000] {processor.py:925} INFO - DAG(s) 'kafka_to_s3' retrieved from /opt/airflow/dags/main.py
[2026-05-04T15:11:13.512+0000] {logging_mixin.py:190} INFO - [2026-05-04T15:11:13.512+0000] {dag.py:3239} INFO - Sync 1 DAGs
[2026-05-04T15:11:13.547+0000] {logging_mixin.py:190} INFO - [2026-05-04T15:11:13.546+0000] {dag.py:4180} INFO - Setting next_dagrun for kafka_to_s3 to 2026-05-04 00:00:00+00:00, run_after=2026-05-05 00:00:00+00:00
[2026-05-04T15:11:13.573+0000] {processor.py:208} INFO - Processing /opt/airflow/dags/main.py took 0.526 seconds
[2026-05-04T15:11:43.994+0000] {processor.py:186} INFO - Started process (PID=1686) to work on /opt/airflow/dags/main.py
[2026-05-04T15:11:43.996+0000] {processor.py:914} INFO - Processing file /opt/airflow/dags/main.py for tasks to queue
[2026-05-04T15:11:43.999+0000] {logging_mixin.py:190} INFO - [2026-05-04T15:11:43.998+0000] {dagbag.py:588} INFO - Filling up the DagBag from /opt/airflow/dags/main.py
[2026-05-04T15:11:44.326+0000] {processor.py:925} INFO - DAG(s) 'kafka_to_s3' retrieved from /opt/airflow/dags/main.py
[2026-05-04T15:11:44.351+0000] {logging_mixin.py:190} INFO - [2026-05-04T15:11:44.351+0000] {dag.py:3239} INFO - Sync 1 DAGs
[2026-05-04T15:11:44.377+0000] {logging_mixin.py:190} INFO - [2026-05-04T15:11:44.376+0000] {dag.py:4180} INFO - Setting next_dagrun for kafka_to_s3 to 2026-05-04 00:00:00+00:00, run_after=2026-05-05 00:00:00+00:00
[2026-05-04T15:11:44.396+0000] {processor.py:208} INFO - Processing /opt/airflow/dags/main.py took 0.409 seconds
[2026-05-04T15:12:28.768+0000] {processor.py:186} INFO - Started process (PID=1693) to work on /opt/airflow/dags/main.py
[2026-05-04T15:12:28.770+0000] {processor.py:914} INFO - Processing file /opt/airflow/dags/main.py for tasks to queue
[2026-05-04T15:12:28.773+0000] {logging_mixin.py:190} INFO - [2026-05-04T15:12:28.772+0000] {dagbag.py:588} INFO - Filling up the DagBag from /opt/airflow/dags/main.py
[2026-05-04T15:12:29.164+0000] {processor.py:925} INFO - DAG(s) 'kafka_to_s3' retrieved from /opt/airflow/dags/main.py
[2026-05-04T15:12:14.702+0000] {logging_mixin.py:190} INFO - [2026-05-04T15:12:14.701+0000] {dag.py:3239} INFO - Sync 1 DAGs
[2026-05-04T15:12:14.740+0000] {logging_mixin.py:190} INFO - [2026-05-04T15:12:14.740+0000] {dag.py:4180} INFO - Setting next_dagrun for kafka_to_s3 to 2026-05-04 00:00:00+00:00, run_after=2026-05-05 00:00:00+00:00
[2026-05-04T15:12:14.770+0000] {processor.py:208} INFO - Processing /opt/airflow/dags/main.py took 0.515 seconds
[2026-05-04T15:12:44.991+0000] {processor.py:186} INFO - Started process (PID=1700) to work on /opt/airflow/dags/main.py
[2026-05-04T15:12:44.992+0000] {processor.py:914} INFO - Processing file /opt/airflow/dags/main.py for tasks to queue
[2026-05-04T15:12:44.996+0000] {logging_mixin.py:190} INFO - [2026-05-04T15:12:44.995+0000] {dagbag.py:588} INFO - Filling up the DagBag from /opt/airflow/dags/main.py
[2026-05-04T15:12:45.359+0000] {processor.py:925} INFO - DAG(s) 'kafka_to_s3' retrieved from /opt/airflow/dags/main.py
[2026-05-04T15:12:45.383+0000] {logging_mixin.py:190} INFO - [2026-05-04T15:12:45.383+0000] {dag.py:3239} INFO - Sync 1 DAGs
[2026-05-04T15:12:45.407+0000] {logging_mixin.py:190} INFO - [2026-05-04T15:12:45.407+0000] {dag.py:4180} INFO - Setting next_dagrun for kafka_to_s3 to 2026-05-04 00:00:00+00:00, run_after=2026-05-05 00:00:00+00:00
[2026-05-04T15:12:45.427+0000] {processor.py:208} INFO - Processing /opt/airflow/dags/main.py took 0.446 seconds
[2026-05-04T15:13:15.530+0000] {processor.py:186} INFO - Started process (PID=1707) to work on /opt/airflow/dags/main.py
[2026-05-04T15:13:15.532+0000] {processor.py:914} INFO - Processing file /opt/airflow/dags/main.py for tasks to queue
[2026-05-04T15:13:15.535+0000] {logging_mixin.py:190} INFO - [2026-05-04T15:13:15.534+0000] {dagbag.py:588} INFO - Filling up the DagBag from /opt/airflow/dags/main.py
[2026-05-04T15:13:15.891+0000] {processor.py:925} INFO - DAG(s) 'kafka_to_s3' retrieved from /opt/airflow/dags/main.py
[2026-05-04T15:13:15.914+0000] {logging_mixin.py:190} INFO - [2026-05-04T15:13:15.914+0000] {dag.py:3239} INFO - Sync 1 DAGs
[2026-05-04T15:13:15.938+0000] {logging_mixin.py:190} INFO - [2026-05-04T15:13:15.938+0000] {dag.py:4180} INFO - Setting next_dagrun for kafka_to_s3 to 2026-05-04 00:00:00+00:00, run_after=2026-05-05 00:00:00+00:00
[2026-05-04T15:13:15.960+0000] {processor.py:208} INFO - Processing /opt/airflow/dags/main.py took 0.438 seconds
[2026-05-04T15:13:46.209+0000] {processor.py:186} INFO - Started process (PID=1714) to work on /opt/airflow/dags/main.py
[2026-05-04T15:13:46.211+0000] {processor.py:914} INFO - Processing file /opt/airflow/dags/main.py for tasks to queue
[2026-05-04T15:13:46.214+0000] {logging_mixin.py:190} INFO - [2026-05-04T15:13:46.213+0000] {dagbag.py:588} INFO - Filling up the DagBag from /opt/airflow/dags/main.py
[2026-05-04T15:13:46.615+0000] {processor.py:925} INFO - DAG(s) 'kafka_to_s3' retrieved from /opt/airflow/dags/main.py
[2026-05-04T15:13:46.641+0000] {logging_mixin.py:190} INFO - [2026-05-04T15:13:46.641+0000] {dag.py:3239} INFO - Sync 1 DAGs
[2026-05-04T15:13:46.673+0000] {logging_mixin.py:190} INFO - [2026-05-04T15:13:46.672+0000] {dag.py:4180} INFO - Setting next_dagrun for kafka_to_s3 to 2026-05-04 00:00:00+00:00, run_after=2026-05-05 00:00:00+00:00
[2026-05-04T15:13:46.705+0000] {processor.py:208} INFO - Processing /opt/airflow/dags/main.py took 0.505 seconds
[2026-05-04T15:14:16.884+0000] {processor.py:186} INFO - Started process (PID=1721) to work on /opt/airflow/dags/main.py
[2026-05-04T15:14:16.887+0000] {processor.py:914} INFO - Processing file /opt/airflow/dags/main.py for tasks to queue
[2026-05-04T15:14:16.895+0000] {logging_mixin.py:190} INFO - [2026-05-04T15:14:16.893+0000] {dagbag.py:588} INFO - Filling up the DagBag from /opt/airflow/dags/main.py
[2026-05-04T15:14:17.517+0000] {processor.py:925} INFO - DAG(s) 'kafka_to_s3' retrieved from /opt/airflow/dags/main.py
[2026-05-04T15:14:17.571+0000] {logging_mixin.py:190} INFO - [2026-05-04T15:14:17.570+0000] {dag.py:3239} INFO - Sync 1 DAGs
[2026-05-04T15:14:17.616+0000] {logging_mixin.py:190} INFO - [2026-05-04T15:14:17.615+0000] {dag.py:4180} INFO - Setting next_dagrun for kafka_to_s3 to 2026-05-04 00:00:00+00:00, run_after=2026-05-05 00:00:00+00:00
[2026-05-04T15:14:17.645+0000] {processor.py:208} INFO - Processing /opt/airflow/dags/main.py took 0.783 seconds
[2026-05-04T15:14:48.137+0000] {processor.py:186} INFO - Started process (PID=1728) to work on /opt/airflow/dags/main.py
[2026-05-04T15:14:48.138+0000] {processor.py:914} INFO - Processing file /opt/airflow/dags/main.py for tasks to queue
[2026-05-04T15:14:48.142+0000] {logging_mixin.py:190} INFO - [2026-05-04T15:14:48.142+0000] {dagbag.py:588} INFO - Filling up the DagBag from /opt/airflow/dags/main.py
[2026-05-04T15:14:48.503+0000] {processor.py:925} INFO - DAG(s) 'kafka_to_s3' retrieved from /opt/airflow/dags/main.py
[2026-05-04T15:14:48.528+0000] {logging_mixin.py:190} INFO - [2026-05-04T15:14:48.528+0000] {dag.py:3239} INFO - Sync 1 DAGs
[2026-05-04T15:14:48.558+0000] {logging_mixin.py:190} INFO - [2026-05-04T15:14:48.558+0000] {dag.py:4180} INFO - Setting next_dagrun for kafka_to_s3 to 2026-05-04 00:00:00+00:00, run_after=2026-05-05 00:00:00+00:00
[2026-05-04T15:14:48.582+0000] {processor.py:208} INFO - Processing /opt/airflow/dags/main.py took 0.453 seconds
[2026-05-04T15:15:19.234+0000] {processor.py:186} INFO - Started process (PID=1735) to work on /opt/airflow/dags/main.py
[2026-05-04T15:15:19.239+0000] {processor.py:914} INFO - Processing file /opt/airflow/dags/main.py for tasks to queue
[2026-05-04T15:15:19.251+0000] {logging_mixin.py:190} INFO - [2026-05-04T15:15:19.249+0000] {dagbag.py:588} INFO - Filling up the DagBag from /opt/airflow/dags/main.py
[2026-05-04T15:15:19.621+0000] {processor.py:925} INFO - DAG(s) 'kafka_to_s3' retrieved from /opt/airflow/dags/main.py
[2026-05-04T15:15:19.653+0000] {logging_mixin.py:190} INFO - [2026-05-04T15:15:19.652+0000] {dag.py:3239} INFO - Sync 1 DAGs
[2026-05-04T15:15:19.684+0000] {logging_mixin.py:190} INFO - [2026-05-04T15:15:19.684+0000] {dag.py:4180} INFO - Setting next_dagrun for kafka_to_s3 to 2026-05-04 00:00:00+00:00, run_after=2026-05-05 00:00:00+00:00
[2026-05-04T15:15:19.723+0000] {processor.py:208} INFO - Processing /opt/airflow/dags/main.py took 0.510 seconds
[2026-05-04T15:15:49.943+0000] {processor.py:186} INFO - Started process (PID=1742) to work on /opt/airflow/dags/main.py
[2026-05-04T15:15:49.947+0000] {processor.py:914} INFO - Processing file /opt/airflow/dags/main.py for tasks to queue
[2026-05-04T15:15:49.961+0000] {logging_mixin.py:190} INFO - [2026-05-04T15:15:49.954+0000] {dagbag.py:588} INFO - Filling up the DagBag from /opt/airflow/dags/main.py
[2026-05-04T15:15:50.978+0000] {processor.py:925} INFO - DAG(s) 'kafka_to_s3' retrieved from /opt/airflow/dags/main.py
[2026-05-04T15:15:51.032+0000] {logging_mixin.py:190} INFO - [2026-05-04T15:15:51.031+0000] {dag.py:3239} INFO - Sync 1 DAGs
[2026-05-04T15:15:51.094+0000] {logging_mixin.py:190} INFO - [2026-05-04T15:15:51.093+0000] {dag.py:4180} INFO - Setting next_dagrun for kafka_to_s3 to 2026-05-04 00:00:00+00:00, run_after=2026-05-05 00:00:00+00:00
[2026-05-04T15:15:51.142+0000] {processor.py:208} INFO - Processing /opt/airflow/dags/main.py took 1.246 seconds
[2026-05-04T15:16:21.633+0000] {processor.py:186} INFO - Started process (PID=1749) to work on /opt/airflow/dags/main.py
[2026-05-04T15:16:21.636+0000] {processor.py:914} INFO - Processing file /opt/airflow/dags/main.py for tasks to queue
[2026-05-04T15:16:21.647+0000] {logging_mixin.py:190} INFO - [2026-05-04T15:16:21.646+0000] {dagbag.py:588} INFO - Filling up the DagBag from /opt/airflow/dags/main.py
[2026-05-04T15:16:22.439+0000] {processor.py:925} INFO - DAG(s) 'kafka_to_s3' retrieved from /opt/airflow/dags/main.py
[2026-05-04T15:16:22.508+0000] {logging_mixin.py:190} INFO - [2026-05-04T15:16:22.507+0000] {dag.py:3239} INFO - Sync 1 DAGs
[2026-05-04T15:16:22.601+0000] {logging_mixin.py:190} INFO - [2026-05-04T15:16:22.600+0000] {dag.py:4180} INFO - Setting next_dagrun for kafka_to_s3 to 2026-05-04 00:00:00+00:00, run_after=2026-05-05 00:00:00+00:00
[2026-05-04T15:16:22.664+0000] {processor.py:208} INFO - Processing /opt/airflow/dags/main.py took 1.055 seconds
[2026-05-04T15:16:53.368+0000] {processor.py:186} INFO - Started process (PID=1756) to work on /opt/airflow/dags/main.py
[2026-05-04T15:16:53.370+0000] {processor.py:914} INFO - Processing file /opt/airflow/dags/main.py for tasks to queue
[2026-05-04T15:16:53.377+0000] {logging_mixin.py:190} INFO - [2026-05-04T15:16:53.376+0000] {dagbag.py:588} INFO - Filling up the DagBag from /opt/airflow/dags/main.py
[2026-05-04T15:16:54.052+0000] {processor.py:925} INFO - DAG(s) 'kafka_to_s3' retrieved from /opt/airflow/dags/main.py
[2026-05-04T15:16:54.119+0000] {logging_mixin.py:190} INFO - [2026-05-04T15:16:54.118+0000] {dag.py:3239} INFO - Sync 1 DAGs
[2026-05-04T15:16:54.204+0000] {logging_mixin.py:190} INFO - [2026-05-04T15:16:54.203+0000] {dag.py:4180} INFO - Setting next_dagrun for kafka_to_s3 to 2026-05-04 00:00:00+00:00, run_after=2026-05-05 00:00:00+00:00
[2026-05-04T15:16:54.265+0000] {processor.py:208} INFO - Processing /opt/airflow/dags/main.py took 0.912 seconds
[2026-05-04T15:17:24.888+0000] {processor.py:186} INFO - Started process (PID=1763) to work on /opt/airflow/dags/main.py
[2026-05-04T15:17:24.890+0000] {processor.py:914} INFO - Processing file /opt/airflow/dags/main.py for tasks to queue
[2026-05-04T15:17:24.894+0000] {logging_mixin.py:190} INFO - [2026-05-04T15:17:24.894+0000] {dagbag.py:588} INFO - Filling up the DagBag from /opt/airflow/dags/main.py
[2026-05-04T15:17:25.538+0000] {processor.py:925} INFO - DAG(s) 'kafka_to_s3' retrieved from /opt/airflow/dags/main.py
[2026-05-04T15:17:25.587+0000] {logging_mixin.py:190} INFO - [2026-05-04T15:17:25.587+0000] {dag.py:3239} INFO - Sync 1 DAGs
[2026-05-04T15:17:25.633+0000] {logging_mixin.py:190} INFO - [2026-05-04T15:17:25.633+0000] {dag.py:4180} INFO - Setting next_dagrun for kafka_to_s3 to 2026-05-04 00:00:00+00:00, run_after=2026-05-05 00:00:00+00:00
[2026-05-04T15:17:25.665+0000] {processor.py:208} INFO - Processing /opt/airflow/dags/main.py took 0.787 seconds
[2026-05-04T15:17:56.160+0000] {processor.py:186} INFO - Started process (PID=1770) to work on /opt/airflow/dags/main.py
[2026-05-04T15:17:56.161+0000] {processor.py:914} INFO - Processing file /opt/airflow/dags/main.py for tasks to queue
[2026-05-04T15:17:56.165+0000] {logging_mixin.py:190} INFO - [2026-05-04T15:17:56.165+0000] {dagbag.py:588} INFO - Filling up the DagBag from /opt/airflow/dags/main.py
[2026-05-04T15:17:56.522+0000] {processor.py:925} INFO - DAG(s) 'kafka_to_s3' retrieved from /opt/airflow/dags/main.py
[2026-05-04T15:17:56.556+0000] {logging_mixin.py:190} INFO - [2026-05-04T15:17:56.555+0000] {dag.py:3239} INFO - Sync 1 DAGs
[2026-05-04T15:17:56.591+0000] {logging_mixin.py:190} INFO - [2026-05-04T15:17:56.590+0000] {dag.py:4180} INFO - Setting next_dagrun for kafka_to_s3 to 2026-05-04 00:00:00+00:00, run_after=2026-05-05 00:00:00+00:00
[2026-05-04T15:17:56.622+0000] {processor.py:208} INFO - Processing /opt/airflow/dags/main.py took 0.471 seconds
[2026-05-04T15:18:26.720+0000] {processor.py:186} INFO - Started process (PID=1777) to work on /opt/airflow/dags/main.py
[2026-05-04T15:18:26.723+0000] {processor.py:914} INFO - Processing file /opt/airflow/dags/main.py for tasks to queue
[2026-05-04T15:18:26.732+0000] {logging_mixin.py:190} INFO - [2026-05-04T15:18:26.731+0000] {dagbag.py:588} INFO - Filling up the DagBag from /opt/airflow/dags/main.py
[2026-05-04T15:18:27.400+0000] {processor.py:925} INFO - DAG(s) 'kafka_to_s3' retrieved from /opt/airflow/dags/main.py
[2026-05-04T15:18:27.455+0000] {logging_mixin.py:190} INFO - [2026-05-04T15:18:27.454+0000] {dag.py:3239} INFO - Sync 1 DAGs
[2026-05-04T15:18:27.503+0000] {logging_mixin.py:190} INFO - [2026-05-04T15:18:27.503+0000] {dag.py:4180} INFO - Setting next_dagrun for kafka_to_s3 to 2026-05-04 00:00:00+00:00, run_after=2026-05-05 00:00:00+00:00
[2026-05-04T15:18:27.546+0000] {processor.py:208} INFO - Processing /opt/airflow/dags/main.py took 0.843 seconds
[2026-05-04T15:18:58.013+0000] {processor.py:186} INFO - Started process (PID=1784) to work on /opt/airflow/dags/main.py
[2026-05-04T15:18:58.015+0000] {processor.py:914} INFO - Processing file /opt/airflow/dags/main.py for tasks to queue
[2026-05-04T15:18:58.019+0000] {logging_mixin.py:190} INFO - [2026-05-04T15:18:58.018+0000] {dagbag.py:588} INFO - Filling up the DagBag from /opt/airflow/dags/main.py
[2026-05-04T15:18:58.392+0000] {processor.py:925} INFO - DAG(s) 'kafka_to_s3' retrieved from /opt/airflow/dags/main.py
[2026-05-04T15:18:58.424+0000] {logging_mixin.py:190} INFO - [2026-05-04T15:18:58.421+0000] {dag.py:3239} INFO - Sync 1 DAGs
[2026-05-04T15:18:58.451+0000] {logging_mixin.py:190} INFO - [2026-05-04T15:18:58.450+0000] {dag.py:4180} INFO - Setting next_dagrun for kafka_to_s3 to 2026-05-04 00:00:00+00:00, run_after=2026-05-05 00:00:00+00:00
[2026-05-04T15:18:58.478+0000] {processor.py:208} INFO - Processing /opt/airflow/dags/main.py took 0.475 seconds
[2026-05-04T15:19:28.719+0000] {processor.py:186} INFO - Started process (PID=1791) to work on /opt/airflow/dags/main.py
[2026-05-04T15:19:28.720+0000] {processor.py:914} INFO - Processing file /opt/airflow/dags/main.py for tasks to queue
[2026-05-04T15:19:28.724+0000] {logging_mixin.py:190} INFO - [2026-05-04T15:19:28.723+0000] {dagbag.py:588} INFO - Filling up the DagBag from /opt/airflow/dags/main.py
[2026-05-04T15:19:29.224+0000] {processor.py:925} INFO - DAG(s) 'kafka_to_s3' retrieved from /opt/airflow/dags/main.py
[2026-05-04T15:19:29.252+0000] {logging_mixin.py:190} INFO - [2026-05-04T15:19:29.252+0000] {dag.py:3239} INFO - Sync 1 DAGs
[2026-05-04T15:19:29.278+0000] {logging_mixin.py:190} INFO - [2026-05-04T15:19:29.278+0000] {dag.py:4180} INFO - Setting next_dagrun for kafka_to_s3 to 2026-05-04 00:00:00+00:00, run_after=2026-05-05 00:00:00+00:00
[2026-05-04T15:19:29.304+0000] {processor.py:208} INFO - Processing /opt/airflow/dags/main.py took 0.595 seconds
[2026-05-04T15:19:59.742+0000] {processor.py:186} INFO - Started process (PID=1798) to work on /opt/airflow/dags/main.py
[2026-05-04T15:19:59.744+0000] {processor.py:914} INFO - Processing file /opt/airflow/dags/main.py for tasks to queue
[2026-05-04T15:19:59.748+0000] {logging_mixin.py:190} INFO - [2026-05-04T15:19:59.747+0000] {dagbag.py:588} INFO - Filling up the DagBag from /opt/airflow/dags/main.py
[2026-05-04T15:20:00.329+0000] {processor.py:925} INFO - DAG(s) 'kafka_to_s3' retrieved from /opt/airflow/dags/main.py
[2026-05-04T15:20:00.388+0000] {logging_mixin.py:190} INFO - [2026-05-04T15:20:00.388+0000] {dag.py:3239} INFO - Sync 1 DAGs
[2026-05-04T15:20:00.453+0000] {logging_mixin.py:190} INFO - [2026-05-04T15:20:00.453+0000] {dag.py:4180} INFO - Setting next_dagrun for kafka_to_s3 to 2026-05-04 00:00:00+00:00, run_after=2026-05-05 00:00:00+00:00
[2026-05-04T15:20:00.521+0000] {processor.py:208} INFO - Processing /opt/airflow/dags/main.py took 0.791 seconds
[2026-05-04T15:20:30.834+0000] {processor.py:186} INFO - Started process (PID=1805) to work on /opt/airflow/dags/main.py
[2026-05-04T15:20:30.836+0000] {processor.py:914} INFO - Processing file /opt/airflow/dags/main.py for tasks to queue
[2026-05-04T15:20:30.839+0000] {logging_mixin.py:190} INFO - [2026-05-04T15:20:30.839+0000] {dagbag.py:588} INFO - Filling up the DagBag from /opt/airflow/dags/main.py
[2026-05-04T15:20:31.291+0000] {processor.py:925} INFO - DAG(s) 'kafka_to_s3' retrieved from /opt/airflow/dags/main.py
[2026-05-04T15:20:31.331+0000] {logging_mixin.py:190} INFO - [2026-05-04T15:20:31.331+0000] {dag.py:3239} INFO - Sync 1 DAGs
[2026-05-04T15:20:31.362+0000] {logging_mixin.py:190} INFO - [2026-05-04T15:20:31.362+0000] {dag.py:4180} INFO - Setting next_dagrun for kafka_to_s3 to 2026-05-04 00:00:00+00:00, run_after=2026-05-05 00:00:00+00:00
[2026-05-04T15:20:31.388+0000] {processor.py:208} INFO - Processing /opt/airflow/dags/main.py took 0.564 seconds
[2026-05-04T15:21:01.766+0000] {processor.py:186} INFO - Started process (PID=1818) to work on /opt/airflow/dags/main.py
[2026-05-04T15:21:01.768+0000] {processor.py:914} INFO - Processing file /opt/airflow/dags/main.py for tasks to queue
[2026-05-04T15:21:01.772+0000] {logging_mixin.py:190} INFO - [2026-05-04T15:21:01.771+0000] {dagbag.py:588} INFO - Filling up the DagBag from /opt/airflow/dags/main.py
[2026-05-04T15:21:02.357+0000] {processor.py:925} INFO - DAG(s) 'kafka_to_s3' retrieved from /opt/airflow/dags/main.py
[2026-05-04T15:21:02.394+0000] {logging_mixin.py:190} INFO - [2026-05-04T15:21:02.394+0000] {dag.py:3239} INFO - Sync 1 DAGs
[2026-05-04T15:21:02.485+0000] {logging_mixin.py:190} INFO - [2026-05-04T15:21:02.485+0000] {dag.py:4180} INFO - Setting next_dagrun for kafka_to_s3 to 2026-05-04 00:00:00+00:00, run_after=2026-05-05 00:00:00+00:00
[2026-05-04T15:21:02.521+0000] {processor.py:208} INFO - Processing /opt/airflow/dags/main.py took 0.764 seconds
[2026-05-04T15:21:32.913+0000] {processor.py:186} INFO - Started process (PID=1825) to work on /opt/airflow/dags/main.py
[2026-05-04T15:21:32.914+0000] {processor.py:914} INFO - Processing file /opt/airflow/dags/main.py for tasks to queue
[2026-05-04T15:21:32.918+0000] {logging_mixin.py:190} INFO - [2026-05-04T15:21:32.917+0000] {dagbag.py:588} INFO - Filling up the DagBag from /opt/airflow/dags/main.py
[2026-05-04T15:21:33.359+0000] {processor.py:925} INFO - DAG(s) 'kafka_to_s3' retrieved from /opt/airflow/dags/main.py
[2026-05-04T15:21:33.392+0000] {logging_mixin.py:190} INFO - [2026-05-04T15:21:33.392+0000] {dag.py:3239} INFO - Sync 1 DAGs
[2026-05-04T15:21:33.424+0000] {logging_mixin.py:190} INFO - [2026-05-04T15:21:33.423+0000] {dag.py:4180} INFO - Setting next_dagrun for kafka_to_s3 to 2026-05-04 00:00:00+00:00, run_after=2026-05-05 00:00:00+00:00
[2026-05-04T15:21:33.448+0000] {processor.py:208} INFO - Processing /opt/airflow/dags/main.py took 0.543 seconds
[2026-05-04T15:22:03.786+0000] {processor.py:186} INFO - Started process (PID=1832) to work on /opt/airflow/dags/main.py
[2026-05-04T15:22:03.788+0000] {processor.py:914} INFO - Processing file /opt/airflow/dags/main.py for tasks to queue
[2026-05-04T15:22:03.794+0000] {logging_mixin.py:190} INFO - [2026-05-04T15:22:03.793+0000] {dagbag.py:588} INFO - Filling up the DagBag from /opt/airflow/dags/main.py
[2026-05-04T15:22:04.437+0000] {processor.py:925} INFO - DAG(s) 'kafka_to_s3' retrieved from /opt/airflow/dags/main.py
[2026-05-04T15:22:04.499+0000] {logging_mixin.py:190} INFO - [2026-05-04T15:22:04.498+0000] {dag.py:3239} INFO - Sync 1 DAGs
[2026-05-04T15:22:04.548+0000] {logging_mixin.py:190} INFO - [2026-05-04T15:22:04.547+0000] {dag.py:4180} INFO - Setting next_dagrun for kafka_to_s3 to 2026-05-04 00:00:00+00:00, run_after=2026-05-05 00:00:00+00:00
[2026-05-04T15:22:04.592+0000] {processor.py:208} INFO - Processing /opt/airflow/dags/main.py took 0.820 seconds
[2026-05-04T15:22:35.154+0000] {processor.py:186} INFO - Started process (PID=1838) to work on /opt/airflow/dags/main.py
[2026-05-04T15:22:35.156+0000] {processor.py:914} INFO - Processing file /opt/airflow/dags/main.py for tasks to queue
[2026-05-04T15:22:35.165+0000] {logging_mixin.py:190} INFO - [2026-05-04T15:22:35.163+0000] {dagbag.py:588} INFO - Filling up the DagBag from /opt/airflow/dags/main.py
[2026-05-04T15:22:35.898+0000] {processor.py:925} INFO - DAG(s) 'kafka_to_s3' retrieved from /opt/airflow/dags/main.py
[2026-05-04T15:22:35.951+0000] {logging_mixin.py:190} INFO - [2026-05-04T15:22:35.951+0000] {dag.py:3239} INFO - Sync 1 DAGs
[2026-05-04T15:22:36.010+0000] {logging_mixin.py:190} INFO - [2026-05-04T15:22:36.009+0000] {dag.py:4180} INFO - Setting next_dagrun for kafka_to_s3 to 2026-05-04 00:00:00+00:00, run_after=2026-05-05 00:00:00+00:00
[2026-05-04T15:22:36.058+0000] {processor.py:208} INFO - Processing /opt/airflow/dags/main.py took 0.920 seconds
[2026-05-04T15:23:06.563+0000] {processor.py:186} INFO - Started process (PID=1845) to work on /opt/airflow/dags/main.py
[2026-05-04T15:23:06.564+0000] {processor.py:914} INFO - Processing file /opt/airflow/dags/main.py for tasks to queue
[2026-05-04T15:23:06.566+0000] {logging_mixin.py:190} INFO - [2026-05-04T15:23:06.566+0000] {dagbag.py:588} INFO - Filling up the DagBag from /opt/airflow/dags/main.py
[2026-05-04T15:23:06.945+0000] {processor.py:925} INFO - DAG(s) 'kafka_to_s3' retrieved from /opt/airflow/dags/main.py
[2026-05-04T15:23:06.973+0000] {logging_mixin.py:190} INFO - [2026-05-04T15:23:06.973+0000] {dag.py:3239} INFO - Sync 1 DAGs
[2026-05-04T15:23:07.002+0000] {logging_mixin.py:190} INFO - [2026-05-04T15:23:07.001+0000] {dag.py:4180} INFO - Setting next_dagrun for kafka_to_s3 to 2026-05-04 00:00:00+00:00, run_after=2026-05-05 00:00:00+00:00
[2026-05-04T15:23:07.027+0000] {processor.py:208} INFO - Processing /opt/airflow/dags/main.py took 0.471 seconds
[2026-05-04T15:23:37.587+0000] {processor.py:186} INFO - Started process (PID=1852) to work on /opt/airflow/dags/main.py
[2026-05-04T15:23:37.589+0000] {processor.py:914} INFO - Processing file /opt/airflow/dags/main.py for tasks to queue
[2026-05-04T15:23:37.593+0000] {logging_mixin.py:190} INFO - [2026-05-04T15:23:37.592+0000] {dagbag.py:588} INFO - Filling up the DagBag from /opt/airflow/dags/main.py
[2026-05-04T15:23:37.931+0000] {processor.py:925} INFO - DAG(s) 'kafka_to_s3' retrieved from /opt/airflow/dags/main.py
[2026-05-04T15:23:37.957+0000] {logging_mixin.py:190} INFO - [2026-05-04T15:23:37.957+0000] {dag.py:3239} INFO - Sync 1 DAGs
[2026-05-04T15:23:37.984+0000] {logging_mixin.py:190} INFO - [2026-05-04T15:23:37.983+0000] {dag.py:4180} INFO - Setting next_dagrun for kafka_to_s3 to 2026-05-04 00:00:00+00:00, run_after=2026-05-05 00:00:00+00:00
[2026-05-04T15:23:38.006+0000] {processor.py:208} INFO - Processing /opt/airflow/dags/main.py took 0.429 seconds
[2026-05-04T15:24:08.284+0000] {processor.py:186} INFO - Started process (PID=1859) to work on /opt/airflow/dags/main.py
[2026-05-04T15:24:08.286+0000] {processor.py:914} INFO - Processing file /opt/airflow/dags/main.py for tasks to queue
[2026-05-04T15:24:08.290+0000] {logging_mixin.py:190} INFO - [2026-05-04T15:24:08.290+0000] {dagbag.py:588} INFO - Filling up the DagBag from /opt/airflow/dags/main.py
[2026-05-04T15:24:08.775+0000] {processor.py:925} INFO - DAG(s) 'kafka_to_s3' retrieved from /opt/airflow/dags/main.py
[2026-05-04T15:24:08.813+0000] {logging_mixin.py:190} INFO - [2026-05-04T15:24:08.812+0000] {dag.py:3239} INFO - Sync 1 DAGs
[2026-05-04T15:24:08.850+0000] {logging_mixin.py:190} INFO - [2026-05-04T15:24:08.850+0000] {dag.py:4180} INFO - Setting next_dagrun for kafka_to_s3 to 2026-05-04 00:00:00+00:00, run_after=2026-05-05 00:00:00+00:00
[2026-05-04T15:24:08.885+0000] {processor.py:208} INFO - Processing /opt/airflow/dags/main.py took 0.613 seconds
[2026-05-04T15:24:39.222+0000] {processor.py:186} INFO - Started process (PID=1866) to work on /opt/airflow/dags/main.py
[2026-05-04T15:24:39.224+0000] {processor.py:914} INFO - Processing file /opt/airflow/dags/main.py for tasks to queue
[2026-05-04T15:24:39.228+0000] {logging_mixin.py:190} INFO - [2026-05-04T15:24:39.227+0000] {dagbag.py:588} INFO - Filling up the DagBag from /opt/airflow/dags/main.py
[2026-05-04T15:24:40.182+0000] {processor.py:925} INFO - DAG(s) 'kafka_to_s3' retrieved from /opt/airflow/dags/main.py
[2026-05-04T15:24:40.387+0000] {logging_mixin.py:190} INFO - [2026-05-04T15:24:40.387+0000] {dag.py:3239} INFO - Sync 1 DAGs
[2026-05-04T15:24:40.507+0000] {logging_mixin.py:190} INFO - [2026-05-04T15:24:40.507+0000] {dag.py:4180} INFO - Setting next_dagrun for kafka_to_s3 to 2026-05-04 00:00:00+00:00, run_after=2026-05-05 00:00:00+00:00
[2026-05-04T15:24:40.561+0000] {processor.py:208} INFO - Processing /opt/airflow/dags/main.py took 1.348 seconds
[2026-05-04T15:25:10.803+0000] {processor.py:186} INFO - Started process (PID=1873) to work on /opt/airflow/dags/main.py
[2026-05-04T15:25:10.831+0000] {processor.py:914} INFO - Processing file /opt/airflow/dags/main.py for tasks to queue
[2026-05-04T15:25:10.882+0000] {logging_mixin.py:190} INFO - [2026-05-04T15:25:10.875+0000] {dagbag.py:588} INFO - Filling up the DagBag from /opt/airflow/dags/main.py
[2026-05-04T15:25:11.439+0000] {processor.py:925} INFO - DAG(s) 'kafka_to_s3' retrieved from /opt/airflow/dags/main.py
[2026-05-04T15:25:11.474+0000] {logging_mixin.py:190} INFO - [2026-05-04T15:25:11.473+0000] {dag.py:3239} INFO - Sync 1 DAGs
[2026-05-04T15:25:11.522+0000] {logging_mixin.py:190} INFO - [2026-05-04T15:25:11.522+0000] {dag.py:4180} INFO - Setting next_dagrun for kafka_to_s3 to 2026-05-04 00:00:00+00:00, run_after=2026-05-05 00:00:00+00:00
[2026-05-04T15:25:11.552+0000] {processor.py:208} INFO - Processing /opt/airflow/dags/main.py took 0.793 seconds
[2026-05-04T15:25:42.057+0000] {processor.py:186} INFO - Started process (PID=1880) to work on /opt/airflow/dags/main.py
[2026-05-04T15:25:42.059+0000] {processor.py:914} INFO - Processing file /opt/airflow/dags/main.py for tasks to queue
[2026-05-04T15:25:42.062+0000] {logging_mixin.py:190} INFO - [2026-05-04T15:25:42.061+0000] {dagbag.py:588} INFO - Filling up the DagBag from /opt/airflow/dags/main.py
[2026-05-04T15:25:42.377+0000] {processor.py:925} INFO - DAG(s) 'kafka_to_s3' retrieved from /opt/airflow/dags/main.py
[2026-05-04T15:25:42.402+0000] {logging_mixin.py:190} INFO - [2026-05-04T15:25:42.402+0000] {dag.py:3239} INFO - Sync 1 DAGs
[2026-05-04T15:25:42.424+0000] {logging_mixin.py:190} INFO - [2026-05-04T15:25:42.423+0000] {dag.py:4180} INFO - Setting next_dagrun for kafka_to_s3 to 2026-05-04 00:00:00+00:00, run_after=2026-05-05 00:00:00+00:00
[2026-05-04T15:25:42.449+0000] {processor.py:208} INFO - Processing /opt/airflow/dags/main.py took 0.401 seconds
[2026-05-04T15:26:12.668+0000] {processor.py:186} INFO - Started process (PID=1887) to work on /opt/airflow/dags/main.py
[2026-05-04T15:26:12.670+0000] {processor.py:914} INFO - Processing file /opt/airflow/dags/main.py for tasks to queue
[2026-05-04T15:26:12.674+0000] {logging_mixin.py:190} INFO - [2026-05-04T15:26:12.674+0000] {dagbag.py:588} INFO - Filling up the DagBag from /opt/airflow/dags/main.py
[2026-05-04T15:26:13.198+0000] {processor.py:925} INFO - DAG(s) 'kafka_to_s3' retrieved from /opt/airflow/dags/main.py
[2026-05-04T15:26:13.238+0000] {logging_mixin.py:190} INFO - [2026-05-04T15:26:13.237+0000] {dag.py:3239} INFO - Sync 1 DAGs
[2026-05-04T15:26:13.272+0000] {logging_mixin.py:190} INFO - [2026-05-04T15:26:13.271+0000] {dag.py:4180} INFO - Setting next_dagrun for kafka_to_s3 to 2026-05-04 00:00:00+00:00, run_after=2026-05-05 00:00:00+00:00
[2026-05-04T15:26:13.298+0000] {processor.py:208} INFO - Processing /opt/airflow/dags/main.py took 0.639 seconds
[2026-05-04T15:26:43.646+0000] {processor.py:186} INFO - Started process (PID=1894) to work on /opt/airflow/dags/main.py
[2026-05-04T15:26:43.648+0000] {processor.py:914} INFO - Processing file /opt/airflow/dags/main.py for tasks to queue
[2026-05-04T15:26:43.651+0000] {logging_mixin.py:190} INFO - [2026-05-04T15:26:43.651+0000] {dagbag.py:588} INFO - Filling up the DagBag from /opt/airflow/dags/main.py
[2026-05-04T15:26:44.019+0000] {processor.py:925} INFO - DAG(s) 'kafka_to_s3' retrieved from /opt/airflow/dags/main.py
[2026-05-04T15:26:44.048+0000] {logging_mixin.py:190} INFO - [2026-05-04T15:26:44.048+0000] {dag.py:3239} INFO - Sync 1 DAGs
[2026-05-04T15:26:44.081+0000] {logging_mixin.py:190} INFO - [2026-05-04T15:26:44.081+0000] {dag.py:4180} INFO - Setting next_dagrun for kafka_to_s3 to 2026-05-04 00:00:00+00:00, run_after=2026-05-05 00:00:00+00:00
[2026-05-04T15:26:44.113+0000] {processor.py:208} INFO - Processing /opt/airflow/dags/main.py took 0.479 seconds
[2026-05-04T15:27:14.403+0000] {processor.py:186} INFO - Started process (PID=1901) to work on /opt/airflow/dags/main.py
[2026-05-04T15:27:14.405+0000] {processor.py:914} INFO - Processing file /opt/airflow/dags/main.py for tasks to queue
[2026-05-04T15:27:14.409+0000] {logging_mixin.py:190} INFO - [2026-05-04T15:27:14.408+0000] {dagbag.py:588} INFO - Filling up the DagBag from /opt/airflow/dags/main.py
[2026-05-04T15:27:14.869+0000] {processor.py:925} INFO - DAG(s) 'kafka_to_s3' retrieved from /opt/airflow/dags/main.py
[2026-05-04T15:27:14.896+0000] {logging_mixin.py:190} INFO - [2026-05-04T15:27:14.896+0000] {dag.py:3239} INFO - Sync 1 DAGs
[2026-05-04T15:27:14.925+0000] {logging_mixin.py:190} INFO - [2026-05-04T15:27:14.924+0000] {dag.py:4180} INFO - Setting next_dagrun for kafka_to_s3 to 2026-05-04 00:00:00+00:00, run_after=2026-05-05 00:00:00+00:00
[2026-05-04T15:27:14.948+0000] {processor.py:208} INFO - Processing /opt/airflow/dags/main.py took 0.552 seconds
[2026-05-04T15:27:45.395+0000] {processor.py:186} INFO - Started process (PID=1908) to work on /opt/airflow/dags/main.py
[2026-05-04T15:27:45.398+0000] {processor.py:914} INFO - Processing file /opt/airflow/dags/main.py for tasks to queue
[2026-05-04T15:27:45.409+0000] {logging_mixin.py:190} INFO - [2026-05-04T15:27:45.408+0000] {dagbag.py:588} INFO - Filling up the DagBag from /opt/airflow/dags/main.py
[2026-05-04T15:27:46.066+0000] {processor.py:925} INFO - DAG(s) 'kafka_to_s3' retrieved from /opt/airflow/dags/main.py
[2026-05-04T15:27:46.124+0000] {logging_mixin.py:190} INFO - [2026-05-04T15:27:46.123+0000] {dag.py:3239} INFO - Sync 1 DAGs
[2026-05-04T15:27:46.171+0000] {logging_mixin.py:190} INFO - [2026-05-04T15:27:46.171+0000] {dag.py:4180} INFO - Setting next_dagrun for kafka_to_s3 to 2026-05-04 00:00:00+00:00, run_after=2026-05-05 00:00:00+00:00
[2026-05-04T15:27:46.212+0000] {processor.py:208} INFO - Processing /opt/airflow/dags/main.py took 0.835 seconds
[2026-05-04T15:28:16.617+0000] {processor.py:186} INFO - Started process (PID=1915) to work on /opt/airflow/dags/main.py
[2026-05-04T15:28:16.620+0000] {processor.py:914} INFO - Processing file /opt/airflow/dags/main.py for tasks to queue
[2026-05-04T15:28:16.628+0000] {logging_mixin.py:190} INFO - [2026-05-04T15:28:16.627+0000] {dagbag.py:588} INFO - Filling up the DagBag from /opt/airflow/dags/main.py
[2026-05-04T15:28:17.501+0000] {processor.py:925} INFO - DAG(s) 'kafka_to_s3' retrieved from /opt/airflow/dags/main.py
[2026-05-04T15:28:17.593+0000] {logging_mixin.py:190} INFO - [2026-05-04T15:28:17.592+0000] {dag.py:3239} INFO - Sync 1 DAGs
[2026-05-04T15:28:18.237+0000] {logging_mixin.py:190} INFO - [2026-05-04T15:28:18.236+0000] {dag.py:4180} INFO - Setting next_dagrun for kafka_to_s3 to 2026-05-04 00:00:00+00:00, run_after=2026-05-05 00:00:00+00:00
[2026-05-04T15:28:18.297+0000] {processor.py:208} INFO - Processing /opt/airflow/dags/main.py took 1.121 seconds
[2026-05-04T15:28:48.746+0000] {processor.py:186} INFO - Started process (PID=1922) to work on /opt/airflow/dags/main.py
[2026-05-04T15:28:48.748+0000] {processor.py:914} INFO - Processing file /opt/airflow/dags/main.py for tasks to queue
[2026-05-04T15:28:48.754+0000] {logging_mixin.py:190} INFO - [2026-05-04T15:28:48.754+0000] {dagbag.py:588} INFO - Filling up the DagBag from /opt/airflow/dags/main.py
[2026-05-04T15:28:49.283+0000] {processor.py:925} INFO - DAG(s) 'kafka_to_s3' retrieved from /opt/airflow/dags/main.py
[2026-05-04T15:28:49.327+0000] {logging_mixin.py:190} INFO - [2026-05-04T15:28:49.327+0000] {dag.py:3239} INFO - Sync 1 DAGs
[2026-05-04T15:28:49.370+0000] {logging_mixin.py:190} INFO - [2026-05-04T15:28:49.370+0000] {dag.py:4180} INFO - Setting next_dagrun for kafka_to_s3 to 2026-05-04 00:00:00+00:00, run_after=2026-05-05 00:00:00+00:00
[2026-05-04T15:28:49.405+0000] {processor.py:208} INFO - Processing /opt/airflow/dags/main.py took 0.674 seconds
[2026-05-04T15:29:19.766+0000] {processor.py:186} INFO - Started process (PID=1930) to work on /opt/airflow/dags/main.py
[2026-05-04T15:29:19.767+0000] {processor.py:914} INFO - Processing file /opt/airflow/dags/main.py for tasks to queue
[2026-05-04T15:29:19.773+0000] {logging_mixin.py:190} INFO - [2026-05-04T15:29:19.773+0000] {dagbag.py:588} INFO - Filling up the DagBag from /opt/airflow/dags/main.py
[2026-05-04T15:29:20.236+0000] {processor.py:925} INFO - DAG(s) 'kafka_to_s3' retrieved from /opt/airflow/dags/main.py
[2026-05-04T15:29:20.275+0000] {logging_mixin.py:190} INFO - [2026-05-04T15:29:20.274+0000] {dag.py:3239} INFO - Sync 1 DAGs
[2026-05-04T15:29:20.312+0000] {logging_mixin.py:190} INFO - [2026-05-04T15:29:20.311+0000] {dag.py:4180} INFO - Setting next_dagrun for kafka_to_s3 to 2026-05-04 00:00:00+00:00, run_after=2026-05-05 00:00:00+00:00
[2026-05-04T15:29:20.346+0000] {processor.py:208} INFO - Processing /opt/airflow/dags/main.py took 0.594 seconds
[2026-05-04T15:29:50.440+0000] {processor.py:186} INFO - Started process (PID=1937) to work on /opt/airflow/dags/main.py
[2026-05-04T15:29:50.442+0000] {processor.py:914} INFO - Processing file /opt/airflow/dags/main.py for tasks to queue
[2026-05-04T15:29:50.447+0000] {logging_mixin.py:190} INFO - [2026-05-04T15:29:50.447+0000] {dagbag.py:588} INFO - Filling up the DagBag from /opt/airflow/dags/main.py
[2026-05-04T15:29:51.157+0000] {processor.py:925} INFO - DAG(s) 'kafka_to_s3' retrieved from /opt/airflow/dags/main.py
[2026-05-04T15:29:51.214+0000] {logging_mixin.py:190} INFO - [2026-05-04T15:29:51.214+0000] {dag.py:3239} INFO - Sync 1 DAGs
[2026-05-04T15:29:51.289+0000] {logging_mixin.py:190} INFO - [2026-05-04T15:29:51.287+0000] {dag.py:4180} INFO - Setting next_dagrun for kafka_to_s3 to 2026-05-04 00:00:00+00:00, run_after=2026-05-05 00:00:00+00:00
[2026-05-04T15:29:51.375+0000] {processor.py:208} INFO - Processing /opt/airflow/dags/main.py took 0.947 seconds
[2026-05-04T15:30:21.776+0000] {processor.py:186} INFO - Started process (PID=1944) to work on /opt/airflow/dags/main.py
[2026-05-04T15:30:21.779+0000] {processor.py:914} INFO - Processing file /opt/airflow/dags/main.py for tasks to queue
[2026-05-04T15:30:21.785+0000] {logging_mixin.py:190} INFO - [2026-05-04T15:30:21.784+0000] {dagbag.py:588} INFO - Filling up the DagBag from /opt/airflow/dags/main.py
[2026-05-04T15:30:22.392+0000] {processor.py:925} INFO - DAG(s) 'kafka_to_s3' retrieved from /opt/airflow/dags/main.py
[2026-05-04T15:30:22.438+0000] {logging_mixin.py:190} INFO - [2026-05-04T15:30:22.437+0000] {dag.py:3239} INFO - Sync 1 DAGs
[2026-05-04T15:30:22.479+0000] {logging_mixin.py:190} INFO - [2026-05-04T15:30:22.478+0000] {dag.py:4180} INFO - Setting next_dagrun for kafka_to_s3 to 2026-05-04 00:00:00+00:00, run_after=2026-05-05 00:00:00+00:00
[2026-05-04T15:30:22.515+0000] {processor.py:208} INFO - Processing /opt/airflow/dags/main.py took 0.757 seconds
[2026-05-04T15:30:52.636+0000] {processor.py:186} INFO - Started process (PID=1951) to work on /opt/airflow/dags/main.py
[2026-05-04T15:30:52.637+0000] {processor.py:914} INFO - Processing file /opt/airflow/dags/main.py for tasks to queue
[2026-05-04T15:30:52.640+0000] {logging_mixin.py:190} INFO - [2026-05-04T15:30:52.639+0000] {dagbag.py:588} INFO - Filling up the DagBag from /opt/airflow/dags/main.py
[2026-05-04T15:30:52.973+0000] {processor.py:925} INFO - DAG(s) 'kafka_to_s3' retrieved from /opt/airflow/dags/main.py
[2026-05-04T15:30:53.001+0000] {logging_mixin.py:190} INFO - [2026-05-04T15:30:53.001+0000] {dag.py:3239} INFO - Sync 1 DAGs
[2026-05-04T15:30:53.027+0000] {logging_mixin.py:190} INFO - [2026-05-04T15:30:53.026+0000] {dag.py:4180} INFO - Setting next_dagrun for kafka_to_s3 to 2026-05-04 00:00:00+00:00, run_after=2026-05-05 00:00:00+00:00
[2026-05-04T15:30:53.049+0000] {processor.py:208} INFO - Processing /opt/airflow/dags/main.py took 0.420 seconds
[2026-05-04T15:31:23.170+0000] {processor.py:186} INFO - Started process (PID=1958) to work on /opt/airflow/dags/main.py
[2026-05-04T15:31:23.172+0000] {processor.py:914} INFO - Processing file /opt/airflow/dags/main.py for tasks to queue
[2026-05-04T15:31:23.175+0000] {logging_mixin.py:190} INFO - [2026-05-04T15:31:23.174+0000] {dagbag.py:588} INFO - Filling up the DagBag from /opt/airflow/dags/main.py
[2026-05-04T15:31:23.555+0000] {processor.py:925} INFO - DAG(s) 'kafka_to_s3' retrieved from /opt/airflow/dags/main.py
[2026-05-04T15:31:23.584+0000] {logging_mixin.py:190} INFO - [2026-05-04T15:31:23.583+0000] {dag.py:3239} INFO - Sync 1 DAGs
[2026-05-04T15:31:23.674+0000] {logging_mixin.py:190} INFO - [2026-05-04T15:31:23.674+0000] {dag.py:4180} INFO - Setting next_dagrun for kafka_to_s3 to 2026-05-04 00:00:00+00:00, run_after=2026-05-05 00:00:00+00:00
[2026-05-04T15:31:23.697+0000] {processor.py:208} INFO - Processing /opt/airflow/dags/main.py took 0.536 seconds
[2026-05-04T15:31:53.907+0000] {processor.py:186} INFO - Started process (PID=1965) to work on /opt/airflow/dags/main.py
[2026-05-04T15:31:53.908+0000] {processor.py:914} INFO - Processing file /opt/airflow/dags/main.py for tasks to queue
[2026-05-04T15:31:53.911+0000] {logging_mixin.py:190} INFO - [2026-05-04T15:31:53.911+0000] {dagbag.py:588} INFO - Filling up the DagBag from /opt/airflow/dags/main.py
[2026-05-04T15:31:54.273+0000] {processor.py:925} INFO - DAG(s) 'kafka_to_s3' retrieved from /opt/airflow/dags/main.py
[2026-05-04T15:31:54.300+0000] {logging_mixin.py:190} INFO - [2026-05-04T15:31:54.300+0000] {dag.py:3239} INFO - Sync 1 DAGs
[2026-05-04T15:31:54.325+0000] {logging_mixin.py:190} INFO - [2026-05-04T15:31:54.325+0000] {dag.py:4180} INFO - Setting next_dagrun for kafka_to_s3 to 2026-05-04 00:00:00+00:00, run_after=2026-05-05 00:00:00+00:00
[2026-05-04T15:31:54.347+0000] {processor.py:208} INFO - Processing /opt/airflow/dags/main.py took 0.447 seconds
[2026-05-04T15:32:24.647+0000] {processor.py:186} INFO - Started process (PID=1972) to work on /opt/airflow/dags/main.py
[2026-05-04T15:32:24.649+0000] {processor.py:914} INFO - Processing file /opt/airflow/dags/main.py for tasks to queue
[2026-05-04T15:32:24.654+0000] {logging_mixin.py:190} INFO - [2026-05-04T15:32:24.653+0000] {dagbag.py:588} INFO - Filling up the DagBag from /opt/airflow/dags/main.py
[2026-05-04T15:32:25.097+0000] {processor.py:925} INFO - DAG(s) 'kafka_to_s3' retrieved from /opt/airflow/dags/main.py
[2026-05-04T15:32:25.138+0000] {logging_mixin.py:190} INFO - [2026-05-04T15:32:25.137+0000] {dag.py:3239} INFO - Sync 1 DAGs
[2026-05-04T15:32:25.169+0000] {logging_mixin.py:190} INFO - [2026-05-04T15:32:25.168+0000] {dag.py:4180} INFO - Setting next_dagrun for kafka_to_s3 to 2026-05-04 00:00:00+00:00, run_after=2026-05-05 00:00:00+00:00
[2026-05-04T15:32:25.199+0000] {processor.py:208} INFO - Processing /opt/airflow/dags/main.py took 0.562 seconds
[2026-05-04T15:32:55.556+0000] {processor.py:186} INFO - Started process (PID=1979) to work on /opt/airflow/dags/main.py
[2026-05-04T15:32:55.558+0000] {processor.py:914} INFO - Processing file /opt/airflow/dags/main.py for tasks to queue
[2026-05-04T15:32:55.562+0000] {logging_mixin.py:190} INFO - [2026-05-04T15:32:55.561+0000] {dagbag.py:588} INFO - Filling up the DagBag from /opt/airflow/dags/main.py
[2026-05-04T15:32:55.900+0000] {processor.py:925} INFO - DAG(s) 'kafka_to_s3' retrieved from /opt/airflow/dags/main.py
[2026-05-04T15:32:55.927+0000] {logging_mixin.py:190} INFO - [2026-05-04T15:32:55.927+0000] {dag.py:3239} INFO - Sync 1 DAGs
[2026-05-04T15:32:55.951+0000] {logging_mixin.py:190} INFO - [2026-05-04T15:32:55.951+0000] {dag.py:4180} INFO - Setting next_dagrun for kafka_to_s3 to 2026-05-04 00:00:00+00:00, run_after=2026-05-05 00:00:00+00:00
[2026-05-04T15:32:55.972+0000] {processor.py:208} INFO - Processing /opt/airflow/dags/main.py took 0.422 seconds
[2026-05-04T15:33:26.410+0000] {processor.py:186} INFO - Started process (PID=1986) to work on /opt/airflow/dags/main.py
[2026-05-04T15:33:26.411+0000] {processor.py:914} INFO - Processing file /opt/airflow/dags/main.py for tasks to queue
[2026-05-04T15:33:26.414+0000] {logging_mixin.py:190} INFO - [2026-05-04T15:33:26.413+0000] {dagbag.py:588} INFO - Filling up the DagBag from /opt/airflow/dags/main.py
[2026-05-04T15:33:26.749+0000] {processor.py:925} INFO - DAG(s) 'kafka_to_s3' retrieved from /opt/airflow/dags/main.py
[2026-05-04T15:33:26.775+0000] {logging_mixin.py:190} INFO - [2026-05-04T15:33:26.774+0000] {dag.py:3239} INFO - Sync 1 DAGs
[2026-05-04T15:33:26.810+0000] {logging_mixin.py:190} INFO - [2026-05-04T15:33:26.810+0000] {dag.py:4180} INFO - Setting next_dagrun for kafka_to_s3 to 2026-05-04 00:00:00+00:00, run_after=2026-05-05 00:00:00+00:00
[2026-05-04T15:33:26.836+0000] {processor.py:208} INFO - Processing /opt/airflow/dags/main.py took 0.435 seconds
[2026-05-04T15:33:57.236+0000] {processor.py:186} INFO - Started process (PID=1993) to work on /opt/airflow/dags/main.py
[2026-05-04T15:33:57.238+0000] {processor.py:914} INFO - Processing file /opt/airflow/dags/main.py for tasks to queue
[2026-05-04T15:33:57.242+0000] {logging_mixin.py:190} INFO - [2026-05-04T15:33:57.242+0000] {dagbag.py:588} INFO - Filling up the DagBag from /opt/airflow/dags/main.py
[2026-05-04T15:33:57.715+0000] {processor.py:925} INFO - DAG(s) 'kafka_to_s3' retrieved from /opt/airflow/dags/main.py
[2026-05-04T15:33:57.744+0000] {logging_mixin.py:190} INFO - [2026-05-04T15:33:57.744+0000] {dag.py:3239} INFO - Sync 1 DAGs
[2026-05-04T15:33:57.768+0000] {logging_mixin.py:190} INFO - [2026-05-04T15:33:57.768+0000] {dag.py:4180} INFO - Setting next_dagrun for kafka_to_s3 to 2026-05-04 00:00:00+00:00, run_after=2026-05-05 00:00:00+00:00
[2026-05-04T15:33:57.789+0000] {processor.py:208} INFO - Processing /opt/airflow/dags/main.py took 0.562 seconds
[2026-05-04T15:34:28.070+0000] {processor.py:186} INFO - Started process (PID=2000) to work on /opt/airflow/dags/main.py
[2026-05-04T15:34:28.072+0000] {processor.py:914} INFO - Processing file /opt/airflow/dags/main.py for tasks to queue
[2026-05-04T15:34:28.078+0000] {logging_mixin.py:190} INFO - [2026-05-04T15:34:28.077+0000] {dagbag.py:588} INFO - Filling up the DagBag from /opt/airflow/dags/main.py
[2026-05-04T15:34:28.598+0000] {processor.py:925} INFO - DAG(s) 'kafka_to_s3' retrieved from /opt/airflow/dags/main.py
[2026-05-04T15:34:28.630+0000] {logging_mixin.py:190} INFO - [2026-05-04T15:34:28.630+0000] {dag.py:3239} INFO - Sync 1 DAGs
[2026-05-04T15:34:28.664+0000] {logging_mixin.py:190} INFO - [2026-05-04T15:34:28.664+0000] {dag.py:4180} INFO - Setting next_dagrun for kafka_to_s3 to 2026-05-04 00:00:00+00:00, run_after=2026-05-05 00:00:00+00:00
[2026-05-04T15:34:28.740+0000] {processor.py:208} INFO - Processing /opt/airflow/dags/main.py took 0.684 seconds
[2026-05-04T15:34:59.171+0000] {processor.py:186} INFO - Started process (PID=2007) to work on /opt/airflow/dags/main.py
[2026-05-04T15:34:59.173+0000] {processor.py:914} INFO - Processing file /opt/airflow/dags/main.py for tasks to queue
[2026-05-04T15:34:59.176+0000] {logging_mixin.py:190} INFO - [2026-05-04T15:34:59.176+0000] {dagbag.py:588} INFO - Filling up the DagBag from /opt/airflow/dags/main.py
[2026-05-04T15:34:59.616+0000] {processor.py:925} INFO - DAG(s) 'kafka_to_s3' retrieved from /opt/airflow/dags/main.py
[2026-05-04T15:34:59.648+0000] {logging_mixin.py:190} INFO - [2026-05-04T15:34:59.647+0000] {dag.py:3239} INFO - Sync 1 DAGs
[2026-05-04T15:34:59.679+0000] {logging_mixin.py:190} INFO - [2026-05-04T15:34:59.679+0000] {dag.py:4180} INFO - Setting next_dagrun for kafka_to_s3 to 2026-05-04 00:00:00+00:00, run_after=2026-05-05 00:00:00+00:00
[2026-05-04T15:34:59.706+0000] {processor.py:208} INFO - Processing /opt/airflow/dags/main.py took 0.542 seconds
[2026-05-04T15:35:30.081+0000] {processor.py:186} INFO - Started process (PID=2014) to work on /opt/airflow/dags/main.py
[2026-05-04T15:35:30.082+0000] {processor.py:914} INFO - Processing file /opt/airflow/dags/main.py for tasks to queue
[2026-05-04T15:35:30.086+0000] {logging_mixin.py:190} INFO - [2026-05-04T15:35:30.085+0000] {dagbag.py:588} INFO - Filling up the DagBag from /opt/airflow/dags/main.py
[2026-05-04T15:35:30.453+0000] {processor.py:925} INFO - DAG(s) 'kafka_to_s3' retrieved from /opt/airflow/dags/main.py
[2026-05-04T15:35:30.489+0000] {logging_mixin.py:190} INFO - [2026-05-04T15:35:30.488+0000] {dag.py:3239} INFO - Sync 1 DAGs
[2026-05-04T15:35:30.521+0000] {logging_mixin.py:190} INFO - [2026-05-04T15:35:30.521+0000] {dag.py:4180} INFO - Setting next_dagrun for kafka_to_s3 to 2026-05-04 00:00:00+00:00, run_after=2026-05-05 00:00:00+00:00
[2026-05-04T15:35:30.553+0000] {processor.py:208} INFO - Processing /opt/airflow/dags/main.py took 0.479 seconds
[2026-05-04T15:36:00.983+0000] {processor.py:186} INFO - Started process (PID=2021) to work on /opt/airflow/dags/main.py
[2026-05-04T15:36:00.985+0000] {processor.py:914} INFO - Processing file /opt/airflow/dags/main.py for tasks to queue
[2026-05-04T15:36:00.990+0000] {logging_mixin.py:190} INFO - [2026-05-04T15:36:00.990+0000] {dagbag.py:588} INFO - Filling up the DagBag from /opt/airflow/dags/main.py
[2026-05-04T15:36:01.581+0000] {processor.py:925} INFO - DAG(s) 'kafka_to_s3' retrieved from /opt/airflow/dags/main.py
[2026-05-04T15:36:01.610+0000] {logging_mixin.py:190} INFO - [2026-05-04T15:36:01.610+0000] {dag.py:3239} INFO - Sync 1 DAGs
[2026-05-04T15:36:01.643+0000] {logging_mixin.py:190} INFO - [2026-05-04T15:36:01.643+0000] {dag.py:4180} INFO - Setting next_dagrun for kafka_to_s3 to 2026-05-04 00:00:00+00:00, run_after=2026-05-05 00:00:00+00:00
[2026-05-04T15:36:01.674+0000] {processor.py:208} INFO - Processing /opt/airflow/dags/main.py took 0.706 seconds
[2026-05-04T15:36:31.810+0000] {processor.py:186} INFO - Started process (PID=2029) to work on /opt/airflow/dags/main.py
[2026-05-04T15:36:31.812+0000] {processor.py:914} INFO - Processing file /opt/airflow/dags/main.py for tasks to queue
[2026-05-04T15:36:31.816+0000] {logging_mixin.py:190} INFO - [2026-05-04T15:36:31.815+0000] {dagbag.py:588} INFO - Filling up the DagBag from /opt/airflow/dags/main.py
[2026-05-04T15:36:32.360+0000] {processor.py:925} INFO - DAG(s) 'kafka_to_s3' retrieved from /opt/airflow/dags/main.py
[2026-05-04T15:36:32.408+0000] {logging_mixin.py:190} INFO - [2026-05-04T15:36:32.407+0000] {dag.py:3239} INFO - Sync 1 DAGs
[2026-05-04T15:36:32.449+0000] {logging_mixin.py:190} INFO - [2026-05-04T15:36:32.449+0000] {dag.py:4180} INFO - Setting next_dagrun for kafka_to_s3 to 2026-05-04 00:00:00+00:00, run_after=2026-05-05 00:00:00+00:00
[2026-05-04T15:36:32.486+0000] {processor.py:208} INFO - Processing /opt/airflow/dags/main.py took 0.688 seconds
[2026-05-04T15:37:03.008+0000] {processor.py:186} INFO - Started process (PID=2036) to work on /opt/airflow/dags/main.py
[2026-05-04T15:37:03.019+0000] {processor.py:914} INFO - Processing file /opt/airflow/dags/main.py for tasks to queue
[2026-05-04T15:37:03.024+0000] {logging_mixin.py:190} INFO - [2026-05-04T15:37:03.024+0000] {dagbag.py:588} INFO - Filling up the DagBag from /opt/airflow/dags/main.py
[2026-05-04T15:37:03.651+0000] {processor.py:925} INFO - DAG(s) 'kafka_to_s3' retrieved from /opt/airflow/dags/main.py
[2026-05-04T15:37:03.685+0000] {logging_mixin.py:190} INFO - [2026-05-04T15:37:03.685+0000] {dag.py:3239} INFO - Sync 1 DAGs
[2026-05-04T15:37:03.719+0000] {logging_mixin.py:190} INFO - [2026-05-04T15:37:03.718+0000] {dag.py:4180} INFO - Setting next_dagrun for kafka_to_s3 to 2026-05-04 00:00:00+00:00, run_after=2026-05-05 00:00:00+00:00
[2026-05-04T15:37:03.779+0000] {processor.py:208} INFO - Processing /opt/airflow/dags/main.py took 0.790 seconds
[2026-05-04T15:37:34.007+0000] {processor.py:186} INFO - Started process (PID=2044) to work on /opt/airflow/dags/main.py
[2026-05-04T15:37:34.010+0000] {processor.py:914} INFO - Processing file /opt/airflow/dags/main.py for tasks to queue
[2026-05-04T15:37:34.026+0000] {logging_mixin.py:190} INFO - [2026-05-04T15:37:34.023+0000] {dagbag.py:588} INFO - Filling up the DagBag from /opt/airflow/dags/main.py
[2026-05-04T15:37:35.284+0000] {processor.py:925} INFO - DAG(s) 'kafka_to_s3' retrieved from /opt/airflow/dags/main.py
[2026-05-04T15:37:35.347+0000] {logging_mixin.py:190} INFO - [2026-05-04T15:37:35.346+0000] {dag.py:3239} INFO - Sync 1 DAGs
[2026-05-04T15:37:35.432+0000] {logging_mixin.py:190} INFO - [2026-05-04T15:37:35.432+0000] {dag.py:4180} INFO - Setting next_dagrun for kafka_to_s3 to 2026-05-04 00:00:00+00:00, run_after=2026-05-05 00:00:00+00:00
[2026-05-04T15:37:35.482+0000] {processor.py:208} INFO - Processing /opt/airflow/dags/main.py took 1.496 seconds
[2026-05-04T15:38:05.758+0000] {processor.py:186} INFO - Started process (PID=2058) to work on /opt/airflow/dags/main.py
[2026-05-04T15:38:05.761+0000] {processor.py:914} INFO - Processing file /opt/airflow/dags/main.py for tasks to queue
[2026-05-04T15:38:05.767+0000] {logging_mixin.py:190} INFO - [2026-05-04T15:38:05.767+0000] {dagbag.py:588} INFO - Filling up the DagBag from /opt/airflow/dags/main.py
[2026-05-04T15:38:06.330+0000] {processor.py:925} INFO - DAG(s) 'kafka_to_s3' retrieved from /opt/airflow/dags/main.py
[2026-05-04T15:38:06.371+0000] {logging_mixin.py:190} INFO - [2026-05-04T15:38:06.370+0000] {dag.py:3239} INFO - Sync 1 DAGs
[2026-05-04T15:38:06.420+0000] {logging_mixin.py:190} INFO - [2026-05-04T15:38:06.420+0000] {dag.py:4180} INFO - Setting next_dagrun for kafka_to_s3 to 2026-05-04 00:00:00+00:00, run_after=2026-05-05 00:00:00+00:00
[2026-05-04T15:38:06.454+0000] {processor.py:208} INFO - Processing /opt/airflow/dags/main.py took 0.714 seconds
[2026-05-04T15:38:36.612+0000] {processor.py:186} INFO - Started process (PID=2064) to work on /opt/airflow/dags/main.py
[2026-05-04T15:38:36.614+0000] {processor.py:914} INFO - Processing file /opt/airflow/dags/main.py for tasks to queue
[2026-05-04T15:38:36.619+0000] {logging_mixin.py:190} INFO - [2026-05-04T15:38:36.618+0000] {dagbag.py:588} INFO - Filling up the DagBag from /opt/airflow/dags/main.py
[2026-05-04T15:38:37.144+0000] {processor.py:925} INFO - DAG(s) 'kafka_to_s3' retrieved from /opt/airflow/dags/main.py
[2026-05-04T15:38:37.192+0000] {logging_mixin.py:190} INFO - [2026-05-04T15:38:37.191+0000] {dag.py:3239} INFO - Sync 1 DAGs
[2026-05-04T15:38:37.389+0000] {logging_mixin.py:190} INFO - [2026-05-04T15:38:37.388+0000] {dag.py:4180} INFO - Setting next_dagrun for kafka_to_s3 to 2026-05-04 00:00:00+00:00, run_after=2026-05-05 00:00:00+00:00
[2026-05-04T15:38:37.525+0000] {processor.py:208} INFO - Processing /opt/airflow/dags/main.py took 0.929 seconds
[2026-05-04T15:39:08.047+0000] {processor.py:186} INFO - Started process (PID=2071) to work on /opt/airflow/dags/main.py
[2026-05-04T15:39:08.058+0000] {processor.py:914} INFO - Processing file /opt/airflow/dags/main.py for tasks to queue
[2026-05-04T15:39:08.068+0000] {logging_mixin.py:190} INFO - [2026-05-04T15:39:08.068+0000] {dagbag.py:588} INFO - Filling up the DagBag from /opt/airflow/dags/main.py
[2026-05-04T15:39:08.701+0000] {processor.py:925} INFO - DAG(s) 'kafka_to_s3' retrieved from /opt/airflow/dags/main.py
[2026-05-04T15:39:08.764+0000] {logging_mixin.py:190} INFO - [2026-05-04T15:39:08.763+0000] {dag.py:3239} INFO - Sync 1 DAGs
[2026-05-04T15:39:08.820+0000] {logging_mixin.py:190} INFO - [2026-05-04T15:39:08.820+0000] {dag.py:4180} INFO - Setting next_dagrun for kafka_to_s3 to 2026-05-04 00:00:00+00:00, run_after=2026-05-05 00:00:00+00:00
[2026-05-04T15:39:08.864+0000] {processor.py:208} INFO - Processing /opt/airflow/dags/main.py took 0.843 seconds
[2026-05-04T15:39:39.321+0000] {processor.py:186} INFO - Started process (PID=2072) to work on /opt/airflow/dags/main.py
[2026-05-04T15:39:39.325+0000] {processor.py:914} INFO - Processing file /opt/airflow/dags/main.py for tasks to queue
[2026-05-04T15:39:39.339+0000] {logging_mixin.py:190} INFO - [2026-05-04T15:39:39.337+0000] {dagbag.py:588} INFO - Filling up the DagBag from /opt/airflow/dags/main.py
[2026-05-04T15:39:39.909+0000] {processor.py:925} INFO - DAG(s) 'kafka_to_s3' retrieved from /opt/airflow/dags/main.py
[2026-05-04T15:39:39.962+0000] {logging_mixin.py:190} INFO - [2026-05-04T15:39:39.962+0000] {dag.py:3239} INFO - Sync 1 DAGs
[2026-05-04T15:39:39.997+0000] {logging_mixin.py:190} INFO - [2026-05-04T15:39:39.997+0000] {dag.py:4180} INFO - Setting next_dagrun for kafka_to_s3 to 2026-05-04 00:00:00+00:00, run_after=2026-05-05 00:00:00+00:00
[2026-05-04T15:39:40.021+0000] {processor.py:208} INFO - Processing /opt/airflow/dags/main.py took 0.733 seconds
[2026-05-04T15:40:10.262+0000] {processor.py:186} INFO - Started process (PID=2085) to work on /opt/airflow/dags/main.py
[2026-05-04T15:40:10.264+0000] {processor.py:914} INFO - Processing file /opt/airflow/dags/main.py for tasks to queue
[2026-05-04T15:40:10.269+0000] {logging_mixin.py:190} INFO - [2026-05-04T15:40:10.268+0000] {dagbag.py:588} INFO - Filling up the DagBag from /opt/airflow/dags/main.py
[2026-05-04T15:40:10.713+0000] {processor.py:925} INFO - DAG(s) 'kafka_to_s3' retrieved from /opt/airflow/dags/main.py
[2026-05-04T15:40:10.755+0000] {logging_mixin.py:190} INFO - [2026-05-04T15:40:10.754+0000] {dag.py:3239} INFO - Sync 1 DAGs
[2026-05-04T15:40:10.805+0000] {logging_mixin.py:190} INFO - [2026-05-04T15:40:10.805+0000] {dag.py:4180} INFO - Setting next_dagrun for kafka_to_s3 to 2026-05-04 00:00:00+00:00, run_after=2026-05-05 00:00:00+00:00
[2026-05-04T15:40:10.847+0000] {processor.py:208} INFO - Processing /opt/airflow/dags/main.py took 0.598 seconds
[2026-05-04T15:40:41.170+0000] {processor.py:186} INFO - Started process (PID=2092) to work on /opt/airflow/dags/main.py
[2026-05-04T15:40:41.181+0000] {processor.py:914} INFO - Processing file /opt/airflow/dags/main.py for tasks to queue
[2026-05-04T15:40:41.192+0000] {logging_mixin.py:190} INFO - [2026-05-04T15:40:41.192+0000] {dagbag.py:588} INFO - Filling up the DagBag from /opt/airflow/dags/main.py
[2026-05-04T15:40:42.412+0000] {processor.py:925} INFO - DAG(s) 'kafka_to_s3' retrieved from /opt/airflow/dags/main.py
[2026-05-04T15:40:42.481+0000] {logging_mixin.py:190} INFO - [2026-05-04T15:40:42.480+0000] {dag.py:3239} INFO - Sync 1 DAGs
[2026-05-04T15:40:42.542+0000] {logging_mixin.py:190} INFO - [2026-05-04T15:40:42.542+0000] {dag.py:4180} INFO - Setting next_dagrun for kafka_to_s3 to 2026-05-04 00:00:00+00:00, run_after=2026-05-05 00:00:00+00:00
[2026-05-04T15:40:42.575+0000] {processor.py:208} INFO - Processing /opt/airflow/dags/main.py took 1.432 seconds
[2026-05-04T15:41:12.944+0000] {processor.py:186} INFO - Started process (PID=2099) to work on /opt/airflow/dags/main.py
[2026-05-04T15:41:12.946+0000] {processor.py:914} INFO - Processing file /opt/airflow/dags/main.py for tasks to queue
[2026-05-04T15:41:12.951+0000] {logging_mixin.py:190} INFO - [2026-05-04T15:41:12.950+0000] {dagbag.py:588} INFO - Filling up the DagBag from /opt/airflow/dags/main.py
[2026-05-04T15:41:13.465+0000] {processor.py:925} INFO - DAG(s) 'kafka_to_s3' retrieved from /opt/airflow/dags/main.py
[2026-05-04T15:41:13.526+0000] {logging_mixin.py:190} INFO - [2026-05-04T15:41:13.525+0000] {dag.py:3239} INFO - Sync 1 DAGs
[2026-05-04T15:41:13.579+0000] {logging_mixin.py:190} INFO - [2026-05-04T15:41:13.578+0000] {dag.py:4180} INFO - Setting next_dagrun for kafka_to_s3 to 2026-05-04 00:00:00+00:00, run_after=2026-05-05 00:00:00+00:00
[2026-05-04T15:41:13.631+0000] {processor.py:208} INFO - Processing /opt/airflow/dags/main.py took 0.703 seconds
[2026-05-04T15:41:44.164+0000] {processor.py:186} INFO - Started process (PID=2106) to work on /opt/airflow/dags/main.py
[2026-05-04T15:41:44.166+0000] {processor.py:914} INFO - Processing file /opt/airflow/dags/main.py for tasks to queue
[2026-05-04T15:41:44.170+0000] {logging_mixin.py:190} INFO - [2026-05-04T15:41:44.169+0000] {dagbag.py:588} INFO - Filling up the DagBag from /opt/airflow/dags/main.py
[2026-05-04T15:41:44.613+0000] {processor.py:925} INFO - DAG(s) 'kafka_to_s3' retrieved from /opt/airflow/dags/main.py
[2026-05-04T15:41:44.668+0000] {logging_mixin.py:190} INFO - [2026-05-04T15:41:44.668+0000] {dag.py:3239} INFO - Sync 1 DAGs
[2026-05-04T15:41:44.712+0000] {logging_mixin.py:190} INFO - [2026-05-04T15:41:44.711+0000] {dag.py:4180} INFO - Setting next_dagrun for kafka_to_s3 to 2026-05-04 00:00:00+00:00, run_after=2026-05-05 00:00:00+00:00
[2026-05-04T15:41:44.739+0000] {processor.py:208} INFO - Processing /opt/airflow/dags/main.py took 0.590 seconds
[2026-05-04T15:42:15.081+0000] {processor.py:186} INFO - Started process (PID=2113) to work on /opt/airflow/dags/main.py
[2026-05-04T15:42:15.082+0000] {processor.py:914} INFO - Processing file /opt/airflow/dags/main.py for tasks to queue
[2026-05-04T15:42:15.086+0000] {logging_mixin.py:190} INFO - [2026-05-04T15:42:15.086+0000] {dagbag.py:588} INFO - Filling up the DagBag from /opt/airflow/dags/main.py
[2026-05-04T15:42:15.505+0000] {processor.py:925} INFO - DAG(s) 'kafka_to_s3' retrieved from /opt/airflow/dags/main.py
[2026-05-04T15:42:15.542+0000] {logging_mixin.py:190} INFO - [2026-05-04T15:42:15.541+0000] {dag.py:3239} INFO - Sync 1 DAGs
[2026-05-04T15:42:15.572+0000] {logging_mixin.py:190} INFO - [2026-05-04T15:42:15.571+0000] {dag.py:4180} INFO - Setting next_dagrun for kafka_to_s3 to 2026-05-04 00:00:00+00:00, run_after=2026-05-05 00:00:00+00:00
[2026-05-04T15:42:15.597+0000] {processor.py:208} INFO - Processing /opt/airflow/dags/main.py took 0.524 seconds
[2026-05-04T15:42:46.071+0000] {processor.py:186} INFO - Started process (PID=2120) to work on /opt/airflow/dags/main.py
[2026-05-04T15:42:46.073+0000] {processor.py:914} INFO - Processing file /opt/airflow/dags/main.py for tasks to queue
[2026-05-04T15:42:46.077+0000] {logging_mixin.py:190} INFO - [2026-05-04T15:42:46.077+0000] {dagbag.py:588} INFO - Filling up the DagBag from /opt/airflow/dags/main.py
[2026-05-04T15:42:46.522+0000] {processor.py:925} INFO - DAG(s) 'kafka_to_s3' retrieved from /opt/airflow/dags/main.py
[2026-05-04T15:42:46.558+0000] {logging_mixin.py:190} INFO - [2026-05-04T15:42:46.557+0000] {dag.py:3239} INFO - Sync 1 DAGs
[2026-05-04T15:42:46.584+0000] {logging_mixin.py:190} INFO - [2026-05-04T15:42:46.584+0000] {dag.py:4180} INFO - Setting next_dagrun for kafka_to_s3 to 2026-05-04 00:00:00+00:00, run_after=2026-05-05 00:00:00+00:00
[2026-05-04T15:42:46.617+0000] {processor.py:208} INFO - Processing /opt/airflow/dags/main.py took 0.567 seconds
[2026-05-04T15:43:16.960+0000] {processor.py:186} INFO - Started process (PID=2127) to work on /opt/airflow/dags/main.py
[2026-05-04T15:43:16.962+0000] {processor.py:914} INFO - Processing file /opt/airflow/dags/main.py for tasks to queue
[2026-05-04T15:43:16.965+0000] {logging_mixin.py:190} INFO - [2026-05-04T15:43:16.965+0000] {dagbag.py:588} INFO - Filling up the DagBag from /opt/airflow/dags/main.py
[2026-05-04T15:43:17.360+0000] {processor.py:925} INFO - DAG(s) 'kafka_to_s3' retrieved from /opt/airflow/dags/main.py
[2026-05-04T15:43:17.389+0000] {logging_mixin.py:190} INFO - [2026-05-04T15:43:17.389+0000] {dag.py:3239} INFO - Sync 1 DAGs
[2026-05-04T15:43:17.417+0000] {logging_mixin.py:190} INFO - [2026-05-04T15:43:17.417+0000] {dag.py:4180} INFO - Setting next_dagrun for kafka_to_s3 to 2026-05-04 00:00:00+00:00, run_after=2026-05-05 00:00:00+00:00
[2026-05-04T15:43:17.440+0000] {processor.py:208} INFO - Processing /opt/airflow/dags/main.py took 0.489 seconds
[2026-05-04T15:43:47.956+0000] {processor.py:186} INFO - Started process (PID=2134) to work on /opt/airflow/dags/main.py
[2026-05-04T15:43:47.957+0000] {processor.py:914} INFO - Processing file /opt/airflow/dags/main.py for tasks to queue
[2026-05-04T15:43:47.961+0000] {logging_mixin.py:190} INFO - [2026-05-04T15:43:47.961+0000] {dagbag.py:588} INFO - Filling up the DagBag from /opt/airflow/dags/main.py
[2026-05-04T15:43:48.515+0000] {processor.py:925} INFO - DAG(s) 'kafka_to_s3' retrieved from /opt/airflow/dags/main.py
[2026-05-04T15:43:48.608+0000] {logging_mixin.py:190} INFO - [2026-05-04T15:43:48.603+0000] {dag.py:3239} INFO - Sync 1 DAGs
[2026-05-04T15:43:48.730+0000] {logging_mixin.py:190} INFO - [2026-05-04T15:43:48.730+0000] {dag.py:4180} INFO - Setting next_dagrun for kafka_to_s3 to 2026-05-04 00:00:00+00:00, run_after=2026-05-05 00:00:00+00:00
[2026-05-04T15:43:48.785+0000] {processor.py:208} INFO - Processing /opt/airflow/dags/main.py took 0.846 seconds
[2026-05-04T15:44:19.054+0000] {processor.py:186} INFO - Started process (PID=2141) to work on /opt/airflow/dags/main.py
[2026-05-04T15:44:19.055+0000] {processor.py:914} INFO - Processing file /opt/airflow/dags/main.py for tasks to queue
[2026-05-04T15:44:19.058+0000] {logging_mixin.py:190} INFO - [2026-05-04T15:44:19.058+0000] {dagbag.py:588} INFO - Filling up the DagBag from /opt/airflow/dags/main.py
[2026-05-04T15:44:19.417+0000] {processor.py:925} INFO - DAG(s) 'kafka_to_s3' retrieved from /opt/airflow/dags/main.py
[2026-05-04T15:44:19.454+0000] {logging_mixin.py:190} INFO - [2026-05-04T15:44:19.454+0000] {dag.py:3239} INFO - Sync 1 DAGs
[2026-05-04T15:44:19.499+0000] {logging_mixin.py:190} INFO - [2026-05-04T15:44:19.499+0000] {dag.py:4180} INFO - Setting next_dagrun for kafka_to_s3 to 2026-05-04 00:00:00+00:00, run_after=2026-05-05 00:00:00+00:00
[2026-05-04T15:44:19.538+0000] {processor.py:208} INFO - Processing /opt/airflow/dags/main.py took 0.493 seconds
[2026-05-04T15:44:49.919+0000] {processor.py:186} INFO - Started process (PID=2148) to work on /opt/airflow/dags/main.py
[2026-05-04T15:44:49.922+0000] {processor.py:914} INFO - Processing file /opt/airflow/dags/main.py for tasks to queue
[2026-05-04T15:44:49.926+0000] {logging_mixin.py:190} INFO - [2026-05-04T15:44:49.926+0000] {dagbag.py:588} INFO - Filling up the DagBag from /opt/airflow/dags/main.py
[2026-05-04T15:44:50.437+0000] {processor.py:925} INFO - DAG(s) 'kafka_to_s3' retrieved from /opt/airflow/dags/main.py
[2026-05-04T15:44:50.475+0000] {logging_mixin.py:190} INFO - [2026-05-04T15:44:50.475+0000] {dag.py:3239} INFO - Sync 1 DAGs
[2026-05-04T15:44:50.510+0000] {logging_mixin.py:190} INFO - [2026-05-04T15:44:50.510+0000] {dag.py:4180} INFO - Setting next_dagrun for kafka_to_s3 to 2026-05-04 00:00:00+00:00, run_after=2026-05-05 00:00:00+00:00
[2026-05-04T15:44:50.541+0000] {processor.py:208} INFO - Processing /opt/airflow/dags/main.py took 0.637 seconds
[2026-05-04T15:45:21.027+0000] {processor.py:186} INFO - Started process (PID=2155) to work on /opt/airflow/dags/main.py
[2026-05-04T15:45:21.029+0000] {processor.py:914} INFO - Processing file /opt/airflow/dags/main.py for tasks to queue
[2026-05-04T15:45:21.033+0000] {logging_mixin.py:190} INFO - [2026-05-04T15:45:21.032+0000] {dagbag.py:588} INFO - Filling up the DagBag from /opt/airflow/dags/main.py
[2026-05-04T15:45:21.454+0000] {processor.py:925} INFO - DAG(s) 'kafka_to_s3' retrieved from /opt/airflow/dags/main.py
[2026-05-04T15:45:21.486+0000] {logging_mixin.py:190} INFO - [2026-05-04T15:45:21.486+0000] {dag.py:3239} INFO - Sync 1 DAGs
[2026-05-04T15:45:21.516+0000] {logging_mixin.py:190} INFO - [2026-05-04T15:45:21.516+0000] {dag.py:4180} INFO - Setting next_dagrun for kafka_to_s3 to 2026-05-04 00:00:00+00:00, run_after=2026-05-05 00:00:00+00:00
[2026-05-04T15:45:21.553+0000] {processor.py:208} INFO - Processing /opt/airflow/dags/main.py took 0.535 seconds
[2026-05-04T15:45:51.929+0000] {processor.py:186} INFO - Started process (PID=2162) to work on /opt/airflow/dags/main.py
[2026-05-04T15:45:51.930+0000] {processor.py:914} INFO - Processing file /opt/airflow/dags/main.py for tasks to queue
[2026-05-04T15:45:51.935+0000] {logging_mixin.py:190} INFO - [2026-05-04T15:45:51.934+0000] {dagbag.py:588} INFO - Filling up the DagBag from /opt/airflow/dags/main.py
[2026-05-04T15:45:52.336+0000] {processor.py:925} INFO - DAG(s) 'kafka_to_s3' retrieved from /opt/airflow/dags/main.py
[2026-05-04T15:45:52.368+0000] {logging_mixin.py:190} INFO - [2026-05-04T15:45:52.368+0000] {dag.py:3239} INFO - Sync 1 DAGs
[2026-05-04T15:45:52.397+0000] {logging_mixin.py:190} INFO - [2026-05-04T15:45:52.396+0000] {dag.py:4180} INFO - Setting next_dagrun for kafka_to_s3 to 2026-05-04 00:00:00+00:00, run_after=2026-05-05 00:00:00+00:00
[2026-05-04T15:45:52.431+0000] {processor.py:208} INFO - Processing /opt/airflow/dags/main.py took 0.511 seconds
[2026-05-04T15:46:23.018+0000] {processor.py:186} INFO - Started process (PID=2169) to work on /opt/airflow/dags/main.py
[2026-05-04T15:46:23.021+0000] {processor.py:914} INFO - Processing file /opt/airflow/dags/main.py for tasks to queue
[2026-05-04T15:46:23.029+0000] {logging_mixin.py:190} INFO - [2026-05-04T15:46:23.028+0000] {dagbag.py:588} INFO - Filling up the DagBag from /opt/airflow/dags/main.py
[2026-05-04T15:46:23.427+0000] {processor.py:925} INFO - DAG(s) 'kafka_to_s3' retrieved from /opt/airflow/dags/main.py
[2026-05-04T15:46:23.454+0000] {logging_mixin.py:190} INFO - [2026-05-04T15:46:23.454+0000] {dag.py:3239} INFO - Sync 1 DAGs
[2026-05-04T15:46:23.508+0000] {logging_mixin.py:190} INFO - [2026-05-04T15:46:23.507+0000] {dag.py:4180} INFO - Setting next_dagrun for kafka_to_s3 to 2026-05-04 00:00:00+00:00, run_after=2026-05-05 00:00:00+00:00
[2026-05-04T15:46:23.554+0000] {processor.py:208} INFO - Processing /opt/airflow/dags/main.py took 0.554 seconds
[2026-05-04T15:46:53.922+0000] {processor.py:186} INFO - Started process (PID=2176) to work on /opt/airflow/dags/main.py
[2026-05-04T15:46:53.925+0000] {processor.py:914} INFO - Processing file /opt/airflow/dags/main.py for tasks to queue
[2026-05-04T15:46:53.929+0000] {logging_mixin.py:190} INFO - [2026-05-04T15:46:53.929+0000] {dagbag.py:588} INFO - Filling up the DagBag from /opt/airflow/dags/main.py
[2026-05-04T15:46:54.407+0000] {processor.py:925} INFO - DAG(s) 'kafka_to_s3' retrieved from /opt/airflow/dags/main.py
[2026-05-04T15:46:54.434+0000] {logging_mixin.py:190} INFO - [2026-05-04T15:46:54.434+0000] {dag.py:3239} INFO - Sync 1 DAGs
[2026-05-04T15:46:54.460+0000] {logging_mixin.py:190} INFO - [2026-05-04T15:46:54.460+0000] {dag.py:4180} INFO - Setting next_dagrun for kafka_to_s3 to 2026-05-04 00:00:00+00:00, run_after=2026-05-05 00:00:00+00:00
[2026-05-04T15:46:54.501+0000] {processor.py:208} INFO - Processing /opt/airflow/dags/main.py took 0.591 seconds
[2026-05-04T15:47:25.322+0000] {processor.py:186} INFO - Started process (PID=2183) to work on /opt/airflow/dags/main.py
[2026-05-04T15:47:25.327+0000] {processor.py:914} INFO - Processing file /opt/airflow/dags/main.py for tasks to queue
[2026-05-04T15:47:25.344+0000] {logging_mixin.py:190} INFO - [2026-05-04T15:47:25.342+0000] {dagbag.py:588} INFO - Filling up the DagBag from /opt/airflow/dags/main.py
[2026-05-04T15:47:25.705+0000] {processor.py:925} INFO - DAG(s) 'kafka_to_s3' retrieved from /opt/airflow/dags/main.py
[2026-05-04T15:47:25.761+0000] {logging_mixin.py:190} INFO - [2026-05-04T15:47:25.761+0000] {dag.py:3239} INFO - Sync 1 DAGs
[2026-05-04T15:47:25.801+0000] {logging_mixin.py:190} INFO - [2026-05-04T15:47:25.800+0000] {dag.py:4180} INFO - Setting next_dagrun for kafka_to_s3 to 2026-05-04 00:00:00+00:00, run_after=2026-05-05 00:00:00+00:00
[2026-05-04T15:47:25.836+0000] {processor.py:208} INFO - Processing /opt/airflow/dags/main.py took 0.558 seconds
[2026-05-04T15:47:56.267+0000] {processor.py:186} INFO - Started process (PID=2190) to work on /opt/airflow/dags/main.py
[2026-05-04T15:47:56.269+0000] {processor.py:914} INFO - Processing file /opt/airflow/dags/main.py for tasks to queue
[2026-05-04T15:47:56.275+0000] {logging_mixin.py:190} INFO - [2026-05-04T15:47:56.274+0000] {dagbag.py:588} INFO - Filling up the DagBag from /opt/airflow/dags/main.py
[2026-05-04T15:47:56.527+0000] {processor.py:925} INFO - DAG(s) 'kafka_to_s3' retrieved from /opt/airflow/dags/main.py
[2026-05-04T15:47:56.589+0000] {logging_mixin.py:190} INFO - [2026-05-04T15:47:56.589+0000] {dag.py:3239} INFO - Sync 1 DAGs
[2026-05-04T15:47:56.655+0000] {logging_mixin.py:190} INFO - [2026-05-04T15:47:56.654+0000] {dag.py:4180} INFO - Setting next_dagrun for kafka_to_s3 to 2026-05-04 00:00:00+00:00, run_after=2026-05-05 00:00:00+00:00
[2026-05-04T15:47:56.702+0000] {processor.py:208} INFO - Processing /opt/airflow/dags/main.py took 0.452 seconds
[2026-05-04T15:48:27.217+0000] {processor.py:186} INFO - Started process (PID=2197) to work on /opt/airflow/dags/main.py
[2026-05-04T15:48:27.219+0000] {processor.py:914} INFO - Processing file /opt/airflow/dags/main.py for tasks to queue
[2026-05-04T15:48:27.224+0000] {logging_mixin.py:190} INFO - [2026-05-04T15:48:27.223+0000] {dagbag.py:588} INFO - Filling up the DagBag from /opt/airflow/dags/main.py
[2026-05-04T15:48:27.407+0000] {processor.py:925} INFO - DAG(s) 'kafka_to_s3' retrieved from /opt/airflow/dags/main.py
[2026-05-04T15:48:27.446+0000] {logging_mixin.py:190} INFO - [2026-05-04T15:48:27.445+0000] {dag.py:3239} INFO - Sync 1 DAGs
[2026-05-04T15:48:27.511+0000] {logging_mixin.py:190} INFO - [2026-05-04T15:48:27.510+0000] {dag.py:4180} INFO - Setting next_dagrun for kafka_to_s3 to 2026-05-04 00:00:00+00:00, run_after=2026-05-05 00:00:00+00:00
[2026-05-04T15:48:27.543+0000] {processor.py:208} INFO - Processing /opt/airflow/dags/main.py took 0.336 seconds
[2026-05-04T15:48:57.759+0000] {processor.py:186} INFO - Started process (PID=2204) to work on /opt/airflow/dags/main.py
[2026-05-04T15:48:57.765+0000] {processor.py:914} INFO - Processing file /opt/airflow/dags/main.py for tasks to queue
[2026-05-04T15:48:57.781+0000] {logging_mixin.py:190} INFO - [2026-05-04T15:48:57.779+0000] {dagbag.py:588} INFO - Filling up the DagBag from /opt/airflow/dags/main.py
[2026-05-04T15:48:58.162+0000] {processor.py:925} INFO - DAG(s) 'kafka_to_s3' retrieved from /opt/airflow/dags/main.py
[2026-05-04T15:48:58.202+0000] {logging_mixin.py:190} INFO - [2026-05-04T15:48:58.201+0000] {dag.py:3239} INFO - Sync 1 DAGs
[2026-05-04T15:48:58.253+0000] {logging_mixin.py:190} INFO - [2026-05-04T15:48:58.252+0000] {dag.py:4180} INFO - Setting next_dagrun for kafka_to_s3 to 2026-05-04 00:00:00+00:00, run_after=2026-05-05 00:00:00+00:00
[2026-05-04T15:48:58.315+0000] {processor.py:208} INFO - Processing /opt/airflow/dags/main.py took 0.593 seconds
[2026-05-04T15:49:29.354+0000] {processor.py:186} INFO - Started process (PID=2211) to work on /opt/airflow/dags/main.py
[2026-05-04T15:49:29.356+0000] {processor.py:914} INFO - Processing file /opt/airflow/dags/main.py for tasks to queue
[2026-05-04T15:49:29.363+0000] {logging_mixin.py:190} INFO - [2026-05-04T15:49:29.362+0000] {dagbag.py:588} INFO - Filling up the DagBag from /opt/airflow/dags/main.py
[2026-05-04T15:49:30.369+0000] {processor.py:925} INFO - DAG(s) 'kafka_to_s3' retrieved from /opt/airflow/dags/main.py
[2026-05-04T15:49:30.894+0000] {logging_mixin.py:190} INFO - [2026-05-04T15:49:30.894+0000] {dag.py:3239} INFO - Sync 1 DAGs
[2026-05-04T15:49:31.176+0000] {logging_mixin.py:190} INFO - [2026-05-04T15:49:31.174+0000] {dag.py:4180} INFO - Setting next_dagrun for kafka_to_s3 to 2026-05-04 00:00:00+00:00, run_after=2026-05-05 00:00:00+00:00
[2026-05-04T15:49:31.326+0000] {processor.py:208} INFO - Processing /opt/airflow/dags/main.py took 2.039 seconds
[2026-05-04T15:50:01.943+0000] {processor.py:186} INFO - Started process (PID=2217) to work on /opt/airflow/dags/main.py
[2026-05-04T15:50:01.948+0000] {processor.py:914} INFO - Processing file /opt/airflow/dags/main.py for tasks to queue
[2026-05-04T15:50:01.953+0000] {logging_mixin.py:190} INFO - [2026-05-04T15:50:01.952+0000] {dagbag.py:588} INFO - Filling up the DagBag from /opt/airflow/dags/main.py
[2026-05-04T15:50:02.304+0000] {processor.py:925} INFO - DAG(s) 'kafka_to_s3' retrieved from /opt/airflow/dags/main.py
[2026-05-04T15:50:02.362+0000] {logging_mixin.py:190} INFO - [2026-05-04T15:50:02.362+0000] {dag.py:3239} INFO - Sync 1 DAGs
[2026-05-04T15:50:02.478+0000] {logging_mixin.py:190} INFO - [2026-05-04T15:50:02.478+0000] {dag.py:4180} INFO - Setting next_dagrun for kafka_to_s3 to 2026-05-04 00:00:00+00:00, run_after=2026-05-05 00:00:00+00:00
[2026-05-04T15:50:02.513+0000] {processor.py:208} INFO - Processing /opt/airflow/dags/main.py took 0.602 seconds
[2026-05-04T15:50:33.047+0000] {processor.py:186} INFO - Started process (PID=2224) to work on /opt/airflow/dags/main.py
[2026-05-04T15:50:33.049+0000] {processor.py:914} INFO - Processing file /opt/airflow/dags/main.py for tasks to queue
[2026-05-04T15:50:33.053+0000] {logging_mixin.py:190} INFO - [2026-05-04T15:50:33.053+0000] {dagbag.py:588} INFO - Filling up the DagBag from /opt/airflow/dags/main.py
[2026-05-04T15:50:33.276+0000] {processor.py:925} INFO - DAG(s) 'kafka_to_s3' retrieved from /opt/airflow/dags/main.py
[2026-05-04T15:50:33.316+0000] {logging_mixin.py:190} INFO - [2026-05-04T15:50:33.315+0000] {dag.py:3239} INFO - Sync 1 DAGs
[2026-05-04T15:50:33.348+0000] {logging_mixin.py:190} INFO - [2026-05-04T15:50:33.348+0000] {dag.py:4180} INFO - Setting next_dagrun for kafka_to_s3 to 2026-05-04 00:00:00+00:00, run_after=2026-05-05 00:00:00+00:00
[2026-05-04T15:50:33.374+0000] {processor.py:208} INFO - Processing /opt/airflow/dags/main.py took 0.339 seconds
[2026-05-04T15:51:03.838+0000] {processor.py:186} INFO - Started process (PID=2231) to work on /opt/airflow/dags/main.py
[2026-05-04T15:51:03.840+0000] {processor.py:914} INFO - Processing file /opt/airflow/dags/main.py for tasks to queue
[2026-05-04T15:51:03.850+0000] {logging_mixin.py:190} INFO - [2026-05-04T15:51:03.849+0000] {dagbag.py:588} INFO - Filling up the DagBag from /opt/airflow/dags/main.py
[2026-05-04T15:51:04.043+0000] {processor.py:925} INFO - DAG(s) 'kafka_to_s3' retrieved from /opt/airflow/dags/main.py
[2026-05-04T15:51:04.122+0000] {logging_mixin.py:190} INFO - [2026-05-04T15:51:04.121+0000] {dag.py:3239} INFO - Sync 1 DAGs
[2026-05-04T15:51:04.197+0000] {logging_mixin.py:190} INFO - [2026-05-04T15:51:04.197+0000] {dag.py:4180} INFO - Setting next_dagrun for kafka_to_s3 to 2026-05-04 00:00:00+00:00, run_after=2026-05-05 00:00:00+00:00
[2026-05-04T15:51:04.245+0000] {processor.py:208} INFO - Processing /opt/airflow/dags/main.py took 0.440 seconds
[2026-05-04T15:51:34.726+0000] {processor.py:186} INFO - Started process (PID=2239) to work on /opt/airflow/dags/main.py
[2026-05-04T15:51:34.728+0000] {processor.py:914} INFO - Processing file /opt/airflow/dags/main.py for tasks to queue
[2026-05-04T15:51:34.732+0000] {logging_mixin.py:190} INFO - [2026-05-04T15:51:34.731+0000] {dagbag.py:588} INFO - Filling up the DagBag from /opt/airflow/dags/main.py
[2026-05-04T15:51:34.920+0000] {processor.py:925} INFO - DAG(s) 'kafka_to_s3' retrieved from /opt/airflow/dags/main.py
[2026-05-04T15:51:34.956+0000] {logging_mixin.py:190} INFO - [2026-05-04T15:51:34.955+0000] {dag.py:3239} INFO - Sync 1 DAGs
[2026-05-04T15:51:34.988+0000] {logging_mixin.py:190} INFO - [2026-05-04T15:51:34.988+0000] {dag.py:4180} INFO - Setting next_dagrun for kafka_to_s3 to 2026-05-04 00:00:00+00:00, run_after=2026-05-05 00:00:00+00:00
[2026-05-04T15:51:35.033+0000] {processor.py:208} INFO - Processing /opt/airflow/dags/main.py took 0.317 seconds
[2026-05-04T15:52:05.180+0000] {processor.py:186} INFO - Started process (PID=2246) to work on /opt/airflow/dags/main.py
[2026-05-04T15:52:05.183+0000] {processor.py:914} INFO - Processing file /opt/airflow/dags/main.py for tasks to queue
[2026-05-04T15:52:05.191+0000] {logging_mixin.py:190} INFO - [2026-05-04T15:52:05.190+0000] {dagbag.py:588} INFO - Filling up the DagBag from /opt/airflow/dags/main.py
[2026-05-04T15:52:05.404+0000] {processor.py:925} INFO - DAG(s) 'kafka_to_s3' retrieved from /opt/airflow/dags/main.py
[2026-05-04T15:52:05.444+0000] {logging_mixin.py:190} INFO - [2026-05-04T15:52:05.444+0000] {dag.py:3239} INFO - Sync 1 DAGs
[2026-05-04T15:52:05.504+0000] {logging_mixin.py:190} INFO - [2026-05-04T15:52:05.504+0000] {dag.py:4180} INFO - Setting next_dagrun for kafka_to_s3 to 2026-05-04 00:00:00+00:00, run_after=2026-05-05 00:00:00+00:00
[2026-05-04T15:52:05.537+0000] {processor.py:208} INFO - Processing /opt/airflow/dags/main.py took 0.380 seconds
[2026-05-04T15:52:36.009+0000] {processor.py:186} INFO - Started process (PID=2253) to work on /opt/airflow/dags/main.py
[2026-05-04T15:52:36.011+0000] {processor.py:914} INFO - Processing file /opt/airflow/dags/main.py for tasks to queue
[2026-05-04T15:52:36.016+0000] {logging_mixin.py:190} INFO - [2026-05-04T15:52:36.015+0000] {dagbag.py:588} INFO - Filling up the DagBag from /opt/airflow/dags/main.py
[2026-05-04T15:52:36.191+0000] {processor.py:925} INFO - DAG(s) 'kafka_to_s3' retrieved from /opt/airflow/dags/main.py
[2026-05-04T15:52:36.230+0000] {logging_mixin.py:190} INFO - [2026-05-04T15:52:36.230+0000] {dag.py:3239} INFO - Sync 1 DAGs
[2026-05-04T15:52:36.258+0000] {logging_mixin.py:190} INFO - [2026-05-04T15:52:36.258+0000] {dag.py:4180} INFO - Setting next_dagrun for kafka_to_s3 to 2026-05-04 00:00:00+00:00, run_after=2026-05-05 00:00:00+00:00
[2026-05-04T15:52:36.286+0000] {processor.py:208} INFO - Processing /opt/airflow/dags/main.py took 0.286 seconds
[2026-05-04T15:53:06.471+0000] {processor.py:186} INFO - Started process (PID=2260) to work on /opt/airflow/dags/main.py
[2026-05-04T15:53:06.474+0000] {processor.py:914} INFO - Processing file /opt/airflow/dags/main.py for tasks to queue
[2026-05-04T15:53:06.483+0000] {logging_mixin.py:190} INFO - [2026-05-04T15:53:06.482+0000] {dagbag.py:588} INFO - Filling up the DagBag from /opt/airflow/dags/main.py
[2026-05-04T15:53:06.710+0000] {processor.py:925} INFO - DAG(s) 'kafka_to_s3' retrieved from /opt/airflow/dags/main.py
[2026-05-04T15:53:06.746+0000] {logging_mixin.py:190} INFO - [2026-05-04T15:53:06.746+0000] {dag.py:3239} INFO - Sync 1 DAGs
[2026-05-04T15:53:06.789+0000] {logging_mixin.py:190} INFO - [2026-05-04T15:53:06.789+0000] {dag.py:4180} INFO - Setting next_dagrun for kafka_to_s3 to 2026-05-04 00:00:00+00:00, run_after=2026-05-05 00:00:00+00:00
[2026-05-04T15:53:06.828+0000] {processor.py:208} INFO - Processing /opt/airflow/dags/main.py took 0.375 seconds
[2026-05-04T15:53:37.286+0000] {processor.py:186} INFO - Started process (PID=2267) to work on /opt/airflow/dags/main.py
[2026-05-04T15:53:37.287+0000] {processor.py:914} INFO - Processing file /opt/airflow/dags/main.py for tasks to queue
[2026-05-04T15:53:37.291+0000] {logging_mixin.py:190} INFO - [2026-05-04T15:53:37.291+0000] {dagbag.py:588} INFO - Filling up the DagBag from /opt/airflow/dags/main.py
[2026-05-04T15:53:37.430+0000] {processor.py:925} INFO - DAG(s) 'kafka_to_s3' retrieved from /opt/airflow/dags/main.py
[2026-05-04T15:53:37.460+0000] {logging_mixin.py:190} INFO - [2026-05-04T15:53:37.460+0000] {dag.py:3239} INFO - Sync 1 DAGs
[2026-05-04T15:53:37.487+0000] {logging_mixin.py:190} INFO - [2026-05-04T15:53:37.487+0000] {dag.py:4180} INFO - Setting next_dagrun for kafka_to_s3 to 2026-05-04 00:00:00+00:00, run_after=2026-05-05 00:00:00+00:00
[2026-05-04T15:53:37.512+0000] {processor.py:208} INFO - Processing /opt/airflow/dags/main.py took 0.237 seconds
[2026-05-04T15:54:07.846+0000] {processor.py:186} INFO - Started process (PID=2274) to work on /opt/airflow/dags/main.py
[2026-05-04T15:54:07.848+0000] {processor.py:914} INFO - Processing file /opt/airflow/dags/main.py for tasks to queue
[2026-05-04T15:54:07.853+0000] {logging_mixin.py:190} INFO - [2026-05-04T15:54:07.852+0000] {dagbag.py:588} INFO - Filling up the DagBag from /opt/airflow/dags/main.py
[2026-05-04T15:54:08.014+0000] {processor.py:925} INFO - DAG(s) 'kafka_to_s3' retrieved from /opt/airflow/dags/main.py
[2026-05-04T15:54:08.059+0000] {logging_mixin.py:190} INFO - [2026-05-04T15:54:08.059+0000] {dag.py:3239} INFO - Sync 1 DAGs
[2026-05-04T15:54:08.097+0000] {logging_mixin.py:190} INFO - [2026-05-04T15:54:08.097+0000] {dag.py:4180} INFO - Setting next_dagrun for kafka_to_s3 to 2026-05-04 00:00:00+00:00, run_after=2026-05-05 00:00:00+00:00
[2026-05-04T15:54:08.134+0000] {processor.py:208} INFO - Processing /opt/airflow/dags/main.py took 0.304 seconds
[2026-05-04T15:54:38.414+0000] {processor.py:186} INFO - Started process (PID=2281) to work on /opt/airflow/dags/main.py
[2026-05-04T15:54:38.416+0000] {processor.py:914} INFO - Processing file /opt/airflow/dags/main.py for tasks to queue
[2026-05-04T15:54:38.421+0000] {logging_mixin.py:190} INFO - [2026-05-04T15:54:38.420+0000] {dagbag.py:588} INFO - Filling up the DagBag from /opt/airflow/dags/main.py
[2026-05-04T15:54:38.576+0000] {processor.py:925} INFO - DAG(s) 'kafka_to_s3' retrieved from /opt/airflow/dags/main.py
[2026-05-04T15:54:38.607+0000] {logging_mixin.py:190} INFO - [2026-05-04T15:54:38.607+0000] {dag.py:3239} INFO - Sync 1 DAGs
[2026-05-04T15:54:38.637+0000] {logging_mixin.py:190} INFO - [2026-05-04T15:54:38.636+0000] {dag.py:4180} INFO - Setting next_dagrun for kafka_to_s3 to 2026-05-04 00:00:00+00:00, run_after=2026-05-05 00:00:00+00:00
[2026-05-04T15:54:38.674+0000] {processor.py:208} INFO - Processing /opt/airflow/dags/main.py took 0.272 seconds
[2026-05-04T15:55:09.044+0000] {processor.py:186} INFO - Started process (PID=2288) to work on /opt/airflow/dags/main.py
[2026-05-04T15:55:09.045+0000] {processor.py:914} INFO - Processing file /opt/airflow/dags/main.py for tasks to queue
[2026-05-04T15:55:09.049+0000] {logging_mixin.py:190} INFO - [2026-05-04T15:55:09.048+0000] {dagbag.py:588} INFO - Filling up the DagBag from /opt/airflow/dags/main.py
[2026-05-04T15:55:09.217+0000] {processor.py:925} INFO - DAG(s) 'kafka_to_s3' retrieved from /opt/airflow/dags/main.py
[2026-05-04T15:55:09.257+0000] {logging_mixin.py:190} INFO - [2026-05-04T15:55:09.257+0000] {dag.py:3239} INFO - Sync 1 DAGs
[2026-05-04T15:55:09.288+0000] {logging_mixin.py:190} INFO - [2026-05-04T15:55:09.288+0000] {dag.py:4180} INFO - Setting next_dagrun for kafka_to_s3 to 2026-05-04 00:00:00+00:00, run_after=2026-05-05 00:00:00+00:00
[2026-05-04T15:55:09.314+0000] {processor.py:208} INFO - Processing /opt/airflow/dags/main.py took 0.280 seconds
[2026-05-04T15:55:39.638+0000] {processor.py:186} INFO - Started process (PID=2296) to work on /opt/airflow/dags/main.py
[2026-05-04T15:55:39.640+0000] {processor.py:914} INFO - Processing file /opt/airflow/dags/main.py for tasks to queue
[2026-05-04T15:55:39.644+0000] {logging_mixin.py:190} INFO - [2026-05-04T15:55:39.644+0000] {dagbag.py:588} INFO - Filling up the DagBag from /opt/airflow/dags/main.py
[2026-05-04T15:55:39.810+0000] {processor.py:925} INFO - DAG(s) 'kafka_to_s3' retrieved from /opt/airflow/dags/main.py
[2026-05-04T15:55:39.843+0000] {logging_mixin.py:190} INFO - [2026-05-04T15:55:39.843+0000] {dag.py:3239} INFO - Sync 1 DAGs
[2026-05-04T15:55:39.877+0000] {logging_mixin.py:190} INFO - [2026-05-04T15:55:39.877+0000] {dag.py:4180} INFO - Setting next_dagrun for kafka_to_s3 to 2026-05-04 00:00:00+00:00, run_after=2026-05-05 00:00:00+00:00
[2026-05-04T15:55:39.908+0000] {processor.py:208} INFO - Processing /opt/airflow/dags/main.py took 0.279 seconds
[2026-05-04T15:56:10.245+0000] {processor.py:186} INFO - Started process (PID=2303) to work on /opt/airflow/dags/main.py
[2026-05-04T15:56:10.246+0000] {processor.py:914} INFO - Processing file /opt/airflow/dags/main.py for tasks to queue
[2026-05-04T15:56:10.251+0000] {logging_mixin.py:190} INFO - [2026-05-04T15:56:10.251+0000] {dagbag.py:588} INFO - Filling up the DagBag from /opt/airflow/dags/main.py
[2026-05-04T15:56:10.404+0000] {processor.py:925} INFO - DAG(s) 'kafka_to_s3' retrieved from /opt/airflow/dags/main.py
[2026-05-04T15:56:10.438+0000] {logging_mixin.py:190} INFO - [2026-05-04T15:56:10.438+0000] {dag.py:3239} INFO - Sync 1 DAGs
[2026-05-04T15:56:10.482+0000] {logging_mixin.py:190} INFO - [2026-05-04T15:56:10.482+0000] {dag.py:4180} INFO - Setting next_dagrun for kafka_to_s3 to 2026-05-04 00:00:00+00:00, run_after=2026-05-05 00:00:00+00:00
[2026-05-04T15:56:10.507+0000] {processor.py:208} INFO - Processing /opt/airflow/dags/main.py took 0.272 seconds
[2026-05-04T15:56:41.007+0000] {processor.py:186} INFO - Started process (PID=2316) to work on /opt/airflow/dags/main.py
[2026-05-04T15:56:41.010+0000] {processor.py:914} INFO - Processing file /opt/airflow/dags/main.py for tasks to queue
[2026-05-04T15:56:41.020+0000] {logging_mixin.py:190} INFO - [2026-05-04T15:56:41.019+0000] {dagbag.py:588} INFO - Filling up the DagBag from /opt/airflow/dags/main.py
[2026-05-04T15:56:41.216+0000] {processor.py:925} INFO - DAG(s) 'kafka_to_s3' retrieved from /opt/airflow/dags/main.py
[2026-05-04T15:56:41.250+0000] {logging_mixin.py:190} INFO - [2026-05-04T15:56:41.250+0000] {dag.py:3239} INFO - Sync 1 DAGs
[2026-05-04T15:56:41.292+0000] {logging_mixin.py:190} INFO - [2026-05-04T15:56:41.292+0000] {dag.py:4180} INFO - Setting next_dagrun for kafka_to_s3 to 2026-05-04 00:00:00+00:00, run_after=2026-05-05 00:00:00+00:00
[2026-05-04T15:56:41.327+0000] {processor.py:208} INFO - Processing /opt/airflow/dags/main.py took 0.350 seconds
[2026-05-04T15:57:11.527+0000] {processor.py:186} INFO - Started process (PID=2323) to work on /opt/airflow/dags/main.py
[2026-05-04T15:57:11.530+0000] {processor.py:914} INFO - Processing file /opt/airflow/dags/main.py for tasks to queue
[2026-05-04T15:57:11.537+0000] {logging_mixin.py:190} INFO - [2026-05-04T15:57:11.536+0000] {dagbag.py:588} INFO - Filling up the DagBag from /opt/airflow/dags/main.py
[2026-05-04T15:57:11.708+0000] {processor.py:925} INFO - DAG(s) 'kafka_to_s3' retrieved from /opt/airflow/dags/main.py
[2026-05-04T15:57:11.737+0000] {logging_mixin.py:190} INFO - [2026-05-04T15:57:11.737+0000] {dag.py:3239} INFO - Sync 1 DAGs
[2026-05-04T15:57:11.765+0000] {logging_mixin.py:190} INFO - [2026-05-04T15:57:11.765+0000] {dag.py:4180} INFO - Setting next_dagrun for kafka_to_s3 to 2026-05-04 00:00:00+00:00, run_after=2026-05-05 00:00:00+00:00
[2026-05-04T15:57:11.804+0000] {processor.py:208} INFO - Processing /opt/airflow/dags/main.py took 0.296 seconds
[2026-05-04T15:57:42.258+0000] {processor.py:186} INFO - Started process (PID=2330) to work on /opt/airflow/dags/main.py
[2026-05-04T15:57:42.259+0000] {processor.py:914} INFO - Processing file /opt/airflow/dags/main.py for tasks to queue
[2026-05-04T15:57:42.265+0000] {logging_mixin.py:190} INFO - [2026-05-04T15:57:42.265+0000] {dagbag.py:588} INFO - Filling up the DagBag from /opt/airflow/dags/main.py
[2026-05-04T15:57:42.483+0000] {processor.py:925} INFO - DAG(s) 'kafka_to_s3' retrieved from /opt/airflow/dags/main.py
[2026-05-04T15:57:42.527+0000] {logging_mixin.py:190} INFO - [2026-05-04T15:57:42.526+0000] {dag.py:3239} INFO - Sync 1 DAGs
[2026-05-04T15:57:42.577+0000] {logging_mixin.py:190} INFO - [2026-05-04T15:57:42.577+0000] {dag.py:4180} INFO - Setting next_dagrun for kafka_to_s3 to 2026-05-04 00:00:00+00:00, run_after=2026-05-05 00:00:00+00:00
[2026-05-04T15:57:42.620+0000] {processor.py:208} INFO - Processing /opt/airflow/dags/main.py took 0.378 seconds
[2026-05-04T15:58:12.832+0000] {processor.py:186} INFO - Started process (PID=2337) to work on /opt/airflow/dags/main.py
[2026-05-04T15:58:12.835+0000] {processor.py:914} INFO - Processing file /opt/airflow/dags/main.py for tasks to queue
[2026-05-04T15:58:12.842+0000] {logging_mixin.py:190} INFO - [2026-05-04T15:58:12.841+0000] {dagbag.py:588} INFO - Filling up the DagBag from /opt/airflow/dags/main.py
[2026-05-04T15:58:13.097+0000] {processor.py:925} INFO - DAG(s) 'kafka_to_s3' retrieved from /opt/airflow/dags/main.py
[2026-05-04T15:58:13.137+0000] {logging_mixin.py:190} INFO - [2026-05-04T15:58:13.136+0000] {dag.py:3239} INFO - Sync 1 DAGs
[2026-05-04T15:58:13.173+0000] {logging_mixin.py:190} INFO - [2026-05-04T15:58:13.172+0000] {dag.py:4180} INFO - Setting next_dagrun for kafka_to_s3 to 2026-05-04 00:00:00+00:00, run_after=2026-05-05 00:00:00+00:00
[2026-05-04T15:58:13.206+0000] {processor.py:208} INFO - Processing /opt/airflow/dags/main.py took 0.391 seconds
[2026-05-04T15:58:43.556+0000] {processor.py:186} INFO - Started process (PID=2344) to work on /opt/airflow/dags/main.py
[2026-05-04T15:58:43.558+0000] {processor.py:914} INFO - Processing file /opt/airflow/dags/main.py for tasks to queue
[2026-05-04T15:58:43.562+0000] {logging_mixin.py:190} INFO - [2026-05-04T15:58:43.562+0000] {dagbag.py:588} INFO - Filling up the DagBag from /opt/airflow/dags/main.py
[2026-05-04T15:58:43.714+0000] {processor.py:925} INFO - DAG(s) 'kafka_to_s3' retrieved from /opt/airflow/dags/main.py
[2026-05-04T15:58:43.749+0000] {logging_mixin.py:190} INFO - [2026-05-04T15:58:43.749+0000] {dag.py:3239} INFO - Sync 1 DAGs
[2026-05-04T15:58:43.781+0000] {logging_mixin.py:190} INFO - [2026-05-04T15:58:43.781+0000] {dag.py:4180} INFO - Setting next_dagrun for kafka_to_s3 to 2026-05-04 00:00:00+00:00, run_after=2026-05-05 00:00:00+00:00
[2026-05-04T15:58:43.806+0000] {processor.py:208} INFO - Processing /opt/airflow/dags/main.py took 0.261 seconds
[2026-05-04T15:59:14.169+0000] {processor.py:186} INFO - Started process (PID=2351) to work on /opt/airflow/dags/main.py
[2026-05-04T15:59:14.171+0000] {processor.py:914} INFO - Processing file /opt/airflow/dags/main.py for tasks to queue
[2026-05-04T15:59:14.175+0000] {logging_mixin.py:190} INFO - [2026-05-04T15:59:14.174+0000] {dagbag.py:588} INFO - Filling up the DagBag from /opt/airflow/dags/main.py
[2026-05-04T15:59:14.354+0000] {processor.py:925} INFO - DAG(s) 'kafka_to_s3' retrieved from /opt/airflow/dags/main.py
[2026-05-04T15:59:14.390+0000] {logging_mixin.py:190} INFO - [2026-05-04T15:59:14.389+0000] {dag.py:3239} INFO - Sync 1 DAGs
[2026-05-04T15:59:14.438+0000] {logging_mixin.py:190} INFO - [2026-05-04T15:59:14.438+0000] {dag.py:4180} INFO - Setting next_dagrun for kafka_to_s3 to 2026-05-04 00:00:00+00:00, run_after=2026-05-05 00:00:00+00:00
[2026-05-04T15:59:14.472+0000] {processor.py:208} INFO - Processing /opt/airflow/dags/main.py took 0.313 seconds
[2026-05-04T15:59:45.000+0000] {processor.py:186} INFO - Started process (PID=2357) to work on /opt/airflow/dags/main.py
[2026-05-04T15:59:45.003+0000] {processor.py:914} INFO - Processing file /opt/airflow/dags/main.py for tasks to queue
[2026-05-04T15:59:45.012+0000] {logging_mixin.py:190} INFO - [2026-05-04T15:59:45.011+0000] {dagbag.py:588} INFO - Filling up the DagBag from /opt/airflow/dags/main.py
[2026-05-04T15:59:45.302+0000] {processor.py:925} INFO - DAG(s) 'kafka_to_s3' retrieved from /opt/airflow/dags/main.py
[2026-05-04T15:59:45.341+0000] {logging_mixin.py:190} INFO - [2026-05-04T15:59:45.340+0000] {dag.py:3239} INFO - Sync 1 DAGs
[2026-05-04T15:59:45.377+0000] {logging_mixin.py:190} INFO - [2026-05-04T15:59:45.376+0000] {dag.py:4180} INFO - Setting next_dagrun for kafka_to_s3 to 2026-05-04 00:00:00+00:00, run_after=2026-05-05 00:00:00+00:00
[2026-05-04T15:59:45.406+0000] {processor.py:208} INFO - Processing /opt/airflow/dags/main.py took 0.424 seconds
[2026-05-04T16:00:16.020+0000] {processor.py:186} INFO - Started process (PID=2364) to work on /opt/airflow/dags/main.py
[2026-05-04T16:00:16.022+0000] {processor.py:914} INFO - Processing file /opt/airflow/dags/main.py for tasks to queue
[2026-05-04T16:00:16.028+0000] {logging_mixin.py:190} INFO - [2026-05-04T16:00:16.028+0000] {dagbag.py:588} INFO - Filling up the DagBag from /opt/airflow/dags/main.py
[2026-05-04T16:00:16.185+0000] {processor.py:925} INFO - DAG(s) 'kafka_to_s3' retrieved from /opt/airflow/dags/main.py
[2026-05-04T16:00:16.218+0000] {logging_mixin.py:190} INFO - [2026-05-04T16:00:16.218+0000] {dag.py:3239} INFO - Sync 1 DAGs
[2026-05-04T16:00:16.249+0000] {logging_mixin.py:190} INFO - [2026-05-04T16:00:16.249+0000] {dag.py:4180} INFO - Setting next_dagrun for kafka_to_s3 to 2026-05-04 00:00:00+00:00, run_after=2026-05-05 00:00:00+00:00
[2026-05-04T16:00:16.284+0000] {processor.py:208} INFO - Processing /opt/airflow/dags/main.py took 0.284 seconds
[2026-05-04T16:00:46.496+0000] {processor.py:186} INFO - Started process (PID=2371) to work on /opt/airflow/dags/main.py
[2026-05-04T16:00:46.498+0000] {processor.py:914} INFO - Processing file /opt/airflow/dags/main.py for tasks to queue
[2026-05-04T16:00:46.506+0000] {logging_mixin.py:190} INFO - [2026-05-04T16:00:46.505+0000] {dagbag.py:588} INFO - Filling up the DagBag from /opt/airflow/dags/main.py
[2026-05-04T16:00:46.704+0000] {processor.py:925} INFO - DAG(s) 'kafka_to_s3' retrieved from /opt/airflow/dags/main.py
[2026-05-04T16:00:46.761+0000] {logging_mixin.py:190} INFO - [2026-05-04T16:00:46.761+0000] {dag.py:3239} INFO - Sync 1 DAGs
[2026-05-04T16:00:46.814+0000] {logging_mixin.py:190} INFO - [2026-05-04T16:00:46.814+0000] {dag.py:4180} INFO - Setting next_dagrun for kafka_to_s3 to 2026-05-04 00:00:00+00:00, run_after=2026-05-05 00:00:00+00:00
[2026-05-04T16:00:46.859+0000] {processor.py:208} INFO - Processing /opt/airflow/dags/main.py took 0.383 seconds
[2026-05-04T16:01:17.247+0000] {processor.py:186} INFO - Started process (PID=2377) to work on /opt/airflow/dags/main.py
[2026-05-04T16:01:17.322+0000] {processor.py:914} INFO - Processing file /opt/airflow/dags/main.py for tasks to queue
[2026-05-04T16:01:17.340+0000] {logging_mixin.py:190} INFO - [2026-05-04T16:01:17.338+0000] {dagbag.py:588} INFO - Filling up the DagBag from /opt/airflow/dags/main.py
[2026-05-04T16:01:17.608+0000] {processor.py:925} INFO - DAG(s) 'kafka_to_s3' retrieved from /opt/airflow/dags/main.py
[2026-05-04T16:01:17.656+0000] {logging_mixin.py:190} INFO - [2026-05-04T16:01:17.655+0000] {dag.py:3239} INFO - Sync 1 DAGs
[2026-05-04T16:01:17.702+0000] {logging_mixin.py:190} INFO - [2026-05-04T16:01:17.701+0000] {dag.py:4180} INFO - Setting next_dagrun for kafka_to_s3 to 2026-05-04 00:00:00+00:00, run_after=2026-05-05 00:00:00+00:00
[2026-05-04T16:01:17.740+0000] {processor.py:208} INFO - Processing /opt/airflow/dags/main.py took 0.525 seconds
[2026-05-04T16:01:47.904+0000] {processor.py:186} INFO - Started process (PID=2384) to work on /opt/airflow/dags/main.py
[2026-05-04T16:01:47.906+0000] {processor.py:914} INFO - Processing file /opt/airflow/dags/main.py for tasks to queue
[2026-05-04T16:01:47.912+0000] {logging_mixin.py:190} INFO - [2026-05-04T16:01:47.911+0000] {dagbag.py:588} INFO - Filling up the DagBag from /opt/airflow/dags/main.py
[2026-05-04T16:01:48.079+0000] {processor.py:925} INFO - DAG(s) 'kafka_to_s3' retrieved from /opt/airflow/dags/main.py
[2026-05-04T16:01:48.118+0000] {logging_mixin.py:190} INFO - [2026-05-04T16:01:48.118+0000] {dag.py:3239} INFO - Sync 1 DAGs
[2026-05-04T16:01:48.151+0000] {logging_mixin.py:190} INFO - [2026-05-04T16:01:48.150+0000] {dag.py:4180} INFO - Setting next_dagrun for kafka_to_s3 to 2026-05-04 00:00:00+00:00, run_after=2026-05-05 00:00:00+00:00
[2026-05-04T16:01:48.192+0000] {processor.py:208} INFO - Processing /opt/airflow/dags/main.py took 0.298 seconds
[2026-05-04T16:02:18.375+0000] {processor.py:186} INFO - Started process (PID=2391) to work on /opt/airflow/dags/main.py
[2026-05-04T16:02:18.377+0000] {processor.py:914} INFO - Processing file /opt/airflow/dags/main.py for tasks to queue
[2026-05-04T16:02:18.382+0000] {logging_mixin.py:190} INFO - [2026-05-04T16:02:18.381+0000] {dagbag.py:588} INFO - Filling up the DagBag from /opt/airflow/dags/main.py
[2026-05-04T16:02:18.544+0000] {processor.py:925} INFO - DAG(s) 'kafka_to_s3' retrieved from /opt/airflow/dags/main.py
[2026-05-04T16:02:18.585+0000] {logging_mixin.py:190} INFO - [2026-05-04T16:02:18.585+0000] {dag.py:3239} INFO - Sync 1 DAGs
[2026-05-04T16:02:18.627+0000] {logging_mixin.py:190} INFO - [2026-05-04T16:02:18.627+0000] {dag.py:4180} INFO - Setting next_dagrun for kafka_to_s3 to 2026-05-04 00:00:00+00:00, run_after=2026-05-05 00:00:00+00:00
[2026-05-04T16:02:18.663+0000] {processor.py:208} INFO - Processing /opt/airflow/dags/main.py took 0.297 seconds
[2026-05-04T16:02:49.160+0000] {processor.py:186} INFO - Started process (PID=2398) to work on /opt/airflow/dags/main.py
[2026-05-04T16:02:49.163+0000] {processor.py:914} INFO - Processing file /opt/airflow/dags/main.py for tasks to queue
[2026-05-04T16:02:49.168+0000] {logging_mixin.py:190} INFO - [2026-05-04T16:02:49.167+0000] {dagbag.py:588} INFO - Filling up the DagBag from /opt/airflow/dags/main.py
[2026-05-04T16:02:49.337+0000] {processor.py:925} INFO - DAG(s) 'kafka_to_s3' retrieved from /opt/airflow/dags/main.py
[2026-05-04T16:02:49.371+0000] {logging_mixin.py:190} INFO - [2026-05-04T16:02:49.371+0000] {dag.py:3239} INFO - Sync 1 DAGs
[2026-05-04T16:02:49.402+0000] {logging_mixin.py:190} INFO - [2026-05-04T16:02:49.401+0000] {dag.py:4180} INFO - Setting next_dagrun for kafka_to_s3 to 2026-05-04 00:00:00+00:00, run_after=2026-05-05 00:00:00+00:00
[2026-05-04T16:02:49.432+0000] {processor.py:208} INFO - Processing /opt/airflow/dags/main.py took 0.282 seconds
[2026-05-04T16:03:19.854+0000] {processor.py:186} INFO - Started process (PID=2405) to work on /opt/airflow/dags/main.py
[2026-05-04T16:03:19.859+0000] {processor.py:914} INFO - Processing file /opt/airflow/dags/main.py for tasks to queue
[2026-05-04T16:03:19.871+0000] {logging_mixin.py:190} INFO - [2026-05-04T16:03:19.870+0000] {dagbag.py:588} INFO - Filling up the DagBag from /opt/airflow/dags/main.py
[2026-05-04T16:03:20.189+0000] {processor.py:925} INFO - DAG(s) 'kafka_to_s3' retrieved from /opt/airflow/dags/main.py
[2026-05-04T16:03:20.254+0000] {logging_mixin.py:190} INFO - [2026-05-04T16:03:20.253+0000] {dag.py:3239} INFO - Sync 1 DAGs
[2026-05-04T16:03:20.298+0000] {logging_mixin.py:190} INFO - [2026-05-04T16:03:20.298+0000] {dag.py:4180} INFO - Setting next_dagrun for kafka_to_s3 to 2026-05-04 00:00:00+00:00, run_after=2026-05-05 00:00:00+00:00
[2026-05-04T16:03:20.336+0000] {processor.py:208} INFO - Processing /opt/airflow/dags/main.py took 0.512 seconds
[2026-05-04T16:03:50.621+0000] {processor.py:186} INFO - Started process (PID=2412) to work on /opt/airflow/dags/main.py
[2026-05-04T16:03:50.624+0000] {processor.py:914} INFO - Processing file /opt/airflow/dags/main.py for tasks to queue
[2026-05-04T16:03:50.630+0000] {logging_mixin.py:190} INFO - [2026-05-04T16:03:50.629+0000] {dagbag.py:588} INFO - Filling up the DagBag from /opt/airflow/dags/main.py
[2026-05-04T16:03:50.808+0000] {processor.py:925} INFO - DAG(s) 'kafka_to_s3' retrieved from /opt/airflow/dags/main.py
[2026-05-04T16:03:50.844+0000] {logging_mixin.py:190} INFO - [2026-05-04T16:03:50.844+0000] {dag.py:3239} INFO - Sync 1 DAGs
[2026-05-04T16:03:50.880+0000] {logging_mixin.py:190} INFO - [2026-05-04T16:03:50.880+0000] {dag.py:4180} INFO - Setting next_dagrun for kafka_to_s3 to 2026-05-04 00:00:00+00:00, run_after=2026-05-05 00:00:00+00:00
[2026-05-04T16:03:50.909+0000] {processor.py:208} INFO - Processing /opt/airflow/dags/main.py took 0.305 seconds
[2026-05-04T16:04:21.416+0000] {processor.py:186} INFO - Started process (PID=2418) to work on /opt/airflow/dags/main.py
[2026-05-04T16:04:21.419+0000] {processor.py:914} INFO - Processing file /opt/airflow/dags/main.py for tasks to queue
[2026-05-04T16:04:21.425+0000] {logging_mixin.py:190} INFO - [2026-05-04T16:04:21.424+0000] {dagbag.py:588} INFO - Filling up the DagBag from /opt/airflow/dags/main.py
[2026-05-04T16:04:21.596+0000] {processor.py:925} INFO - DAG(s) 'kafka_to_s3' retrieved from /opt/airflow/dags/main.py
[2026-05-04T16:04:21.628+0000] {logging_mixin.py:190} INFO - [2026-05-04T16:04:21.628+0000] {dag.py:3239} INFO - Sync 1 DAGs
[2026-05-04T16:04:21.665+0000] {logging_mixin.py:190} INFO - [2026-05-04T16:04:21.664+0000] {dag.py:4180} INFO - Setting next_dagrun for kafka_to_s3 to 2026-05-04 00:00:00+00:00, run_after=2026-05-05 00:00:00+00:00
[2026-05-04T16:04:21.704+0000] {processor.py:208} INFO - Processing /opt/airflow/dags/main.py took 0.298 seconds
[2026-05-04T16:04:51.904+0000] {processor.py:186} INFO - Started process (PID=2425) to work on /opt/airflow/dags/main.py
[2026-05-04T16:04:51.905+0000] {processor.py:914} INFO - Processing file /opt/airflow/dags/main.py for tasks to queue
[2026-05-04T16:04:51.909+0000] {logging_mixin.py:190} INFO - [2026-05-04T16:04:51.909+0000] {dagbag.py:588} INFO - Filling up the DagBag from /opt/airflow/dags/main.py
[2026-05-04T16:04:52.079+0000] {processor.py:925} INFO - DAG(s) 'kafka_to_s3' retrieved from /opt/airflow/dags/main.py
[2026-05-04T16:04:52.127+0000] {logging_mixin.py:190} INFO - [2026-05-04T16:04:52.127+0000] {dag.py:3239} INFO - Sync 1 DAGs
[2026-05-04T16:04:52.169+0000] {logging_mixin.py:190} INFO - [2026-05-04T16:04:52.168+0000] {dag.py:4180} INFO - Setting next_dagrun for kafka_to_s3 to 2026-05-04 00:00:00+00:00, run_after=2026-05-05 00:00:00+00:00
[2026-05-04T16:04:52.664+0000] {processor.py:208} INFO - Processing /opt/airflow/dags/main.py took 0.772 seconds
[2026-05-04T16:05:23.307+0000] {processor.py:186} INFO - Started process (PID=2432) to work on /opt/airflow/dags/main.py
[2026-05-04T16:05:23.311+0000] {processor.py:914} INFO - Processing file /opt/airflow/dags/main.py for tasks to queue
[2026-05-04T16:05:23.316+0000] {logging_mixin.py:190} INFO - [2026-05-04T16:05:23.315+0000] {dagbag.py:588} INFO - Filling up the DagBag from /opt/airflow/dags/main.py
[2026-05-04T16:05:23.470+0000] {processor.py:925} INFO - DAG(s) 'kafka_to_s3' retrieved from /opt/airflow/dags/main.py
[2026-05-04T16:05:23.507+0000] {logging_mixin.py:190} INFO - [2026-05-04T16:05:23.507+0000] {dag.py:3239} INFO - Sync 1 DAGs
[2026-05-04T16:05:23.536+0000] {logging_mixin.py:190} INFO - [2026-05-04T16:05:23.536+0000] {dag.py:4180} INFO - Setting next_dagrun for kafka_to_s3 to 2026-05-04 00:00:00+00:00, run_after=2026-05-05 00:00:00+00:00
[2026-05-04T16:05:23.561+0000] {processor.py:208} INFO - Processing /opt/airflow/dags/main.py took 0.275 seconds
[2026-05-04T16:05:53.766+0000] {processor.py:186} INFO - Started process (PID=2439) to work on /opt/airflow/dags/main.py
[2026-05-04T16:05:53.768+0000] {processor.py:914} INFO - Processing file /opt/airflow/dags/main.py for tasks to queue
[2026-05-04T16:05:53.773+0000] {logging_mixin.py:190} INFO - [2026-05-04T16:05:53.773+0000] {dagbag.py:588} INFO - Filling up the DagBag from /opt/airflow/dags/main.py
[2026-05-04T16:05:54.124+0000] {processor.py:925} INFO - DAG(s) 'kafka_to_s3' retrieved from /opt/airflow/dags/main.py
[2026-05-04T16:05:54.228+0000] {logging_mixin.py:190} INFO - [2026-05-04T16:05:54.227+0000] {dag.py:3239} INFO - Sync 1 DAGs
[2026-05-04T16:05:54.294+0000] {logging_mixin.py:190} INFO - [2026-05-04T16:05:54.293+0000] {dag.py:4180} INFO - Setting next_dagrun for kafka_to_s3 to 2026-05-04 00:00:00+00:00, run_after=2026-05-05 00:00:00+00:00
[2026-05-04T16:05:54.346+0000] {processor.py:208} INFO - Processing /opt/airflow/dags/main.py took 0.593 seconds
[2026-05-04T16:06:24.538+0000] {processor.py:186} INFO - Started process (PID=2446) to work on /opt/airflow/dags/main.py
[2026-05-04T16:06:24.540+0000] {processor.py:914} INFO - Processing file /opt/airflow/dags/main.py for tasks to queue
[2026-05-04T16:06:24.544+0000] {logging_mixin.py:190} INFO - [2026-05-04T16:06:24.544+0000] {dagbag.py:588} INFO - Filling up the DagBag from /opt/airflow/dags/main.py
[2026-05-04T16:06:24.809+0000] {processor.py:925} INFO - DAG(s) 'kafka_to_s3' retrieved from /opt/airflow/dags/main.py
[2026-05-04T16:06:24.870+0000] {logging_mixin.py:190} INFO - [2026-05-04T16:06:24.870+0000] {dag.py:3239} INFO - Sync 1 DAGs
[2026-05-04T16:06:24.927+0000] {logging_mixin.py:190} INFO - [2026-05-04T16:06:24.926+0000] {dag.py:4180} INFO - Setting next_dagrun for kafka_to_s3 to 2026-05-04 00:00:00+00:00, run_after=2026-05-05 00:00:00+00:00
[2026-05-04T16:06:24.967+0000] {processor.py:208} INFO - Processing /opt/airflow/dags/main.py took 0.450 seconds
[2026-05-04T16:06:55.511+0000] {processor.py:186} INFO - Started process (PID=2453) to work on /opt/airflow/dags/main.py
[2026-05-04T16:06:55.515+0000] {processor.py:914} INFO - Processing file /opt/airflow/dags/main.py for tasks to queue
[2026-05-04T16:06:55.524+0000] {logging_mixin.py:190} INFO - [2026-05-04T16:06:55.523+0000] {dagbag.py:588} INFO - Filling up the DagBag from /opt/airflow/dags/main.py
[2026-05-04T16:06:55.764+0000] {processor.py:925} INFO - DAG(s) 'kafka_to_s3' retrieved from /opt/airflow/dags/main.py
[2026-05-04T16:06:55.793+0000] {logging_mixin.py:190} INFO - [2026-05-04T16:06:55.793+0000] {dag.py:3239} INFO - Sync 1 DAGs
[2026-05-04T16:06:55.824+0000] {logging_mixin.py:190} INFO - [2026-05-04T16:06:55.823+0000] {dag.py:4180} INFO - Setting next_dagrun for kafka_to_s3 to 2026-05-04 00:00:00+00:00, run_after=2026-05-05 00:00:00+00:00
[2026-05-04T16:06:55.858+0000] {processor.py:208} INFO - Processing /opt/airflow/dags/main.py took 0.374 seconds
[2026-05-04T16:07:26.213+0000] {processor.py:186} INFO - Started process (PID=2460) to work on /opt/airflow/dags/main.py
[2026-05-04T16:07:26.215+0000] {processor.py:914} INFO - Processing file /opt/airflow/dags/main.py for tasks to queue
[2026-05-04T16:07:26.222+0000] {logging_mixin.py:190} INFO - [2026-05-04T16:07:26.222+0000] {dagbag.py:588} INFO - Filling up the DagBag from /opt/airflow/dags/main.py
[2026-05-04T16:07:26.375+0000] {processor.py:925} INFO - DAG(s) 'kafka_to_s3' retrieved from /opt/airflow/dags/main.py
[2026-05-04T16:07:26.411+0000] {logging_mixin.py:190} INFO - [2026-05-04T16:07:26.411+0000] {dag.py:3239} INFO - Sync 1 DAGs
[2026-05-04T16:07:26.445+0000] {logging_mixin.py:190} INFO - [2026-05-04T16:07:26.444+0000] {dag.py:4180} INFO - Setting next_dagrun for kafka_to_s3 to 2026-05-04 00:00:00+00:00, run_after=2026-05-05 00:00:00+00:00
[2026-05-04T16:07:26.480+0000] {processor.py:208} INFO - Processing /opt/airflow/dags/main.py took 0.277 seconds
[2026-05-04T16:07:56.749+0000] {processor.py:186} INFO - Started process (PID=2467) to work on /opt/airflow/dags/main.py
[2026-05-04T16:07:56.751+0000] {processor.py:914} INFO - Processing file /opt/airflow/dags/main.py for tasks to queue
[2026-05-04T16:07:56.760+0000] {logging_mixin.py:190} INFO - [2026-05-04T16:07:56.758+0000] {dagbag.py:588} INFO - Filling up the DagBag from /opt/airflow/dags/main.py
[2026-05-04T16:07:57.007+0000] {processor.py:925} INFO - DAG(s) 'kafka_to_s3' retrieved from /opt/airflow/dags/main.py
[2026-05-04T16:07:57.070+0000] {logging_mixin.py:190} INFO - [2026-05-04T16:07:57.069+0000] {dag.py:3239} INFO - Sync 1 DAGs
[2026-05-04T16:07:57.118+0000] {logging_mixin.py:190} INFO - [2026-05-04T16:07:57.117+0000] {dag.py:4180} INFO - Setting next_dagrun for kafka_to_s3 to 2026-05-04 00:00:00+00:00, run_after=2026-05-05 00:00:00+00:00
[2026-05-04T16:07:57.157+0000] {processor.py:208} INFO - Processing /opt/airflow/dags/main.py took 0.429 seconds
[2026-05-04T16:08:27.267+0000] {processor.py:186} INFO - Started process (PID=2474) to work on /opt/airflow/dags/main.py
[2026-05-04T16:08:27.270+0000] {processor.py:914} INFO - Processing file /opt/airflow/dags/main.py for tasks to queue
[2026-05-04T16:08:27.275+0000] {logging_mixin.py:190} INFO - [2026-05-04T16:08:27.274+0000] {dagbag.py:588} INFO - Filling up the DagBag from /opt/airflow/dags/main.py
[2026-05-04T16:08:27.475+0000] {processor.py:925} INFO - DAG(s) 'kafka_to_s3' retrieved from /opt/airflow/dags/main.py
[2026-05-04T16:08:27.509+0000] {logging_mixin.py:190} INFO - [2026-05-04T16:08:27.509+0000] {dag.py:3239} INFO - Sync 1 DAGs
[2026-05-04T16:08:27.537+0000] {logging_mixin.py:190} INFO - [2026-05-04T16:08:27.537+0000] {dag.py:4180} INFO - Setting next_dagrun for kafka_to_s3 to 2026-05-04 00:00:00+00:00, run_after=2026-05-05 00:00:00+00:00
[2026-05-04T16:08:27.567+0000] {processor.py:208} INFO - Processing /opt/airflow/dags/main.py took 0.310 seconds
[2026-05-04T16:08:58.076+0000] {processor.py:186} INFO - Started process (PID=2481) to work on /opt/airflow/dags/main.py
[2026-05-04T16:08:58.079+0000] {processor.py:914} INFO - Processing file /opt/airflow/dags/main.py for tasks to queue
[2026-05-04T16:08:58.084+0000] {logging_mixin.py:190} INFO - [2026-05-04T16:08:58.084+0000] {dagbag.py:588} INFO - Filling up the DagBag from /opt/airflow/dags/main.py
[2026-05-04T16:08:58.248+0000] {processor.py:925} INFO - DAG(s) 'kafka_to_s3' retrieved from /opt/airflow/dags/main.py
[2026-05-04T16:08:58.286+0000] {logging_mixin.py:190} INFO - [2026-05-04T16:08:58.285+0000] {dag.py:3239} INFO - Sync 1 DAGs
[2026-05-04T16:08:58.327+0000] {logging_mixin.py:190} INFO - [2026-05-04T16:08:58.326+0000] {dag.py:4180} INFO - Setting next_dagrun for kafka_to_s3 to 2026-05-04 00:00:00+00:00, run_after=2026-05-05 00:00:00+00:00
[2026-05-04T16:08:58.371+0000] {processor.py:208} INFO - Processing /opt/airflow/dags/main.py took 0.306 seconds
[2026-05-04T16:09:28.639+0000] {processor.py:186} INFO - Started process (PID=2488) to work on /opt/airflow/dags/main.py
[2026-05-04T16:09:28.641+0000] {processor.py:914} INFO - Processing file /opt/airflow/dags/main.py for tasks to queue
[2026-05-04T16:09:28.647+0000] {logging_mixin.py:190} INFO - [2026-05-04T16:09:28.646+0000] {dagbag.py:588} INFO - Filling up the DagBag from /opt/airflow/dags/main.py
[2026-05-04T16:09:28.862+0000] {processor.py:925} INFO - DAG(s) 'kafka_to_s3' retrieved from /opt/airflow/dags/main.py
[2026-05-04T16:09:28.897+0000] {logging_mixin.py:190} INFO - [2026-05-04T16:09:28.896+0000] {dag.py:3239} INFO - Sync 1 DAGs
[2026-05-04T16:09:28.930+0000] {logging_mixin.py:190} INFO - [2026-05-04T16:09:28.930+0000] {dag.py:4180} INFO - Setting next_dagrun for kafka_to_s3 to 2026-05-04 00:00:00+00:00, run_after=2026-05-05 00:00:00+00:00
[2026-05-04T16:09:28.968+0000] {processor.py:208} INFO - Processing /opt/airflow/dags/main.py took 0.349 seconds
[2026-05-04T16:09:59.079+0000] {processor.py:186} INFO - Started process (PID=2495) to work on /opt/airflow/dags/main.py
[2026-05-04T16:09:59.081+0000] {processor.py:914} INFO - Processing file /opt/airflow/dags/main.py for tasks to queue
[2026-05-04T16:09:59.085+0000] {logging_mixin.py:190} INFO - [2026-05-04T16:09:59.084+0000] {dagbag.py:588} INFO - Filling up the DagBag from /opt/airflow/dags/main.py
[2026-05-04T16:09:59.277+0000] {processor.py:925} INFO - DAG(s) 'kafka_to_s3' retrieved from /opt/airflow/dags/main.py
[2026-05-04T16:09:59.312+0000] {logging_mixin.py:190} INFO - [2026-05-04T16:09:59.311+0000] {dag.py:3239} INFO - Sync 1 DAGs
[2026-05-04T16:09:59.345+0000] {logging_mixin.py:190} INFO - [2026-05-04T16:09:59.345+0000] {dag.py:4180} INFO - Setting next_dagrun for kafka_to_s3 to 2026-05-04 00:00:00+00:00, run_after=2026-05-05 00:00:00+00:00
[2026-05-04T16:09:59.369+0000] {processor.py:208} INFO - Processing /opt/airflow/dags/main.py took 0.298 seconds
[2026-05-04T16:10:29.807+0000] {processor.py:186} INFO - Started process (PID=2502) to work on /opt/airflow/dags/main.py
[2026-05-04T16:10:29.809+0000] {processor.py:914} INFO - Processing file /opt/airflow/dags/main.py for tasks to queue
[2026-05-04T16:10:29.813+0000] {logging_mixin.py:190} INFO - [2026-05-04T16:10:29.812+0000] {dagbag.py:588} INFO - Filling up the DagBag from /opt/airflow/dags/main.py
[2026-05-04T16:10:30.002+0000] {processor.py:925} INFO - DAG(s) 'kafka_to_s3' retrieved from /opt/airflow/dags/main.py
[2026-05-04T16:10:30.045+0000] {logging_mixin.py:190} INFO - [2026-05-04T16:10:30.045+0000] {dag.py:3239} INFO - Sync 1 DAGs
[2026-05-04T16:10:30.075+0000] {logging_mixin.py:190} INFO - [2026-05-04T16:10:30.074+0000] {dag.py:4180} INFO - Setting next_dagrun for kafka_to_s3 to 2026-05-04 00:00:00+00:00, run_after=2026-05-05 00:00:00+00:00
[2026-05-04T16:10:30.098+0000] {processor.py:208} INFO - Processing /opt/airflow/dags/main.py took 0.299 seconds
[2026-05-04T16:11:00.361+0000] {processor.py:186} INFO - Started process (PID=2509) to work on /opt/airflow/dags/main.py
[2026-05-04T16:11:00.363+0000] {processor.py:914} INFO - Processing file /opt/airflow/dags/main.py for tasks to queue
[2026-05-04T16:11:00.369+0000] {logging_mixin.py:190} INFO - [2026-05-04T16:11:00.368+0000] {dagbag.py:588} INFO - Filling up the DagBag from /opt/airflow/dags/main.py
[2026-05-04T16:11:00.542+0000] {processor.py:925} INFO - DAG(s) 'kafka_to_s3' retrieved from /opt/airflow/dags/main.py
[2026-05-04T16:11:00.572+0000] {logging_mixin.py:190} INFO - [2026-05-04T16:11:00.571+0000] {dag.py:3239} INFO - Sync 1 DAGs
[2026-05-04T16:11:00.600+0000] {logging_mixin.py:190} INFO - [2026-05-04T16:11:00.600+0000] {dag.py:4180} INFO - Setting next_dagrun for kafka_to_s3 to 2026-05-04 00:00:00+00:00, run_after=2026-05-05 00:00:00+00:00
[2026-05-04T16:11:00.628+0000] {processor.py:208} INFO - Processing /opt/airflow/dags/main.py took 0.282 seconds
[2026-05-04T16:11:31.037+0000] {processor.py:186} INFO - Started process (PID=2516) to work on /opt/airflow/dags/main.py
[2026-05-04T16:11:31.040+0000] {processor.py:914} INFO - Processing file /opt/airflow/dags/main.py for tasks to queue
[2026-05-04T16:11:31.044+0000] {logging_mixin.py:190} INFO - [2026-05-04T16:11:31.044+0000] {dagbag.py:588} INFO - Filling up the DagBag from /opt/airflow/dags/main.py
[2026-05-04T16:11:31.219+0000] {processor.py:925} INFO - DAG(s) 'kafka_to_s3' retrieved from /opt/airflow/dags/main.py
[2026-05-04T16:11:31.256+0000] {logging_mixin.py:190} INFO - [2026-05-04T16:11:31.255+0000] {dag.py:3239} INFO - Sync 1 DAGs
[2026-05-04T16:11:31.288+0000] {logging_mixin.py:190} INFO - [2026-05-04T16:11:31.287+0000] {dag.py:4180} INFO - Setting next_dagrun for kafka_to_s3 to 2026-05-04 00:00:00+00:00, run_after=2026-05-05 00:00:00+00:00
[2026-05-04T16:11:31.314+0000] {processor.py:208} INFO - Processing /opt/airflow/dags/main.py took 0.286 seconds
[2026-05-04T16:12:01.604+0000] {processor.py:186} INFO - Started process (PID=2523) to work on /opt/airflow/dags/main.py
[2026-05-04T16:12:01.606+0000] {processor.py:914} INFO - Processing file /opt/airflow/dags/main.py for tasks to queue
[2026-05-04T16:12:01.613+0000] {logging_mixin.py:190} INFO - [2026-05-04T16:12:01.612+0000] {dagbag.py:588} INFO - Filling up the DagBag from /opt/airflow/dags/main.py
[2026-05-04T16:12:01.801+0000] {processor.py:925} INFO - DAG(s) 'kafka_to_s3' retrieved from /opt/airflow/dags/main.py
[2026-05-04T16:12:01.858+0000] {logging_mixin.py:190} INFO - [2026-05-04T16:12:01.858+0000] {dag.py:3239} INFO - Sync 1 DAGs
[2026-05-04T16:12:01.902+0000] {logging_mixin.py:190} INFO - [2026-05-04T16:12:01.901+0000] {dag.py:4180} INFO - Setting next_dagrun for kafka_to_s3 to 2026-05-04 00:00:00+00:00, run_after=2026-05-05 00:00:00+00:00
[2026-05-04T16:12:01.944+0000] {processor.py:208} INFO - Processing /opt/airflow/dags/main.py took 0.353 seconds
[2026-05-04T16:12:32.192+0000] {processor.py:186} INFO - Started process (PID=2531) to work on /opt/airflow/dags/main.py
[2026-05-04T16:12:32.195+0000] {processor.py:914} INFO - Processing file /opt/airflow/dags/main.py for tasks to queue
[2026-05-04T16:12:32.202+0000] {logging_mixin.py:190} INFO - [2026-05-04T16:12:32.201+0000] {dagbag.py:588} INFO - Filling up the DagBag from /opt/airflow/dags/main.py
[2026-05-04T16:12:32.385+0000] {processor.py:925} INFO - DAG(s) 'kafka_to_s3' retrieved from /opt/airflow/dags/main.py
[2026-05-04T16:12:32.446+0000] {logging_mixin.py:190} INFO - [2026-05-04T16:12:32.446+0000] {dag.py:3239} INFO - Sync 1 DAGs
[2026-05-04T16:12:32.486+0000] {logging_mixin.py:190} INFO - [2026-05-04T16:12:32.486+0000] {dag.py:4180} INFO - Setting next_dagrun for kafka_to_s3 to 2026-05-04 00:00:00+00:00, run_after=2026-05-05 00:00:00+00:00
[2026-05-04T16:12:32.516+0000] {processor.py:208} INFO - Processing /opt/airflow/dags/main.py took 0.338 seconds
[2026-05-04T16:13:02.871+0000] {processor.py:186} INFO - Started process (PID=2538) to work on /opt/airflow/dags/main.py
[2026-05-04T16:13:02.872+0000] {processor.py:914} INFO - Processing file /opt/airflow/dags/main.py for tasks to queue
[2026-05-04T16:13:02.879+0000] {logging_mixin.py:190} INFO - [2026-05-04T16:13:02.878+0000] {dagbag.py:588} INFO - Filling up the DagBag from /opt/airflow/dags/main.py
[2026-05-04T16:13:03.121+0000] {processor.py:925} INFO - DAG(s) 'kafka_to_s3' retrieved from /opt/airflow/dags/main.py
[2026-05-04T16:13:03.156+0000] {logging_mixin.py:190} INFO - [2026-05-04T16:13:03.155+0000] {dag.py:3239} INFO - Sync 1 DAGs
[2026-05-04T16:13:03.198+0000] {logging_mixin.py:190} INFO - [2026-05-04T16:13:03.198+0000] {dag.py:4180} INFO - Setting next_dagrun for kafka_to_s3 to 2026-05-04 00:00:00+00:00, run_after=2026-05-05 00:00:00+00:00
[2026-05-04T16:13:03.226+0000] {processor.py:208} INFO - Processing /opt/airflow/dags/main.py took 0.364 seconds
[2026-05-04T16:13:33.557+0000] {processor.py:186} INFO - Started process (PID=2545) to work on /opt/airflow/dags/main.py
[2026-05-04T16:13:33.561+0000] {processor.py:914} INFO - Processing file /opt/airflow/dags/main.py for tasks to queue
[2026-05-04T16:13:33.565+0000] {logging_mixin.py:190} INFO - [2026-05-04T16:13:33.565+0000] {dagbag.py:588} INFO - Filling up the DagBag from /opt/airflow/dags/main.py
[2026-05-04T16:13:33.783+0000] {processor.py:925} INFO - DAG(s) 'kafka_to_s3' retrieved from /opt/airflow/dags/main.py
[2026-05-04T16:13:33.819+0000] {logging_mixin.py:190} INFO - [2026-05-04T16:13:33.818+0000] {dag.py:3239} INFO - Sync 1 DAGs
[2026-05-04T16:13:33.850+0000] {logging_mixin.py:190} INFO - [2026-05-04T16:13:33.850+0000] {dag.py:4180} INFO - Setting next_dagrun for kafka_to_s3 to 2026-05-04 00:00:00+00:00, run_after=2026-05-05 00:00:00+00:00
[2026-05-04T16:13:33.881+0000] {processor.py:208} INFO - Processing /opt/airflow/dags/main.py took 0.344 seconds
[2026-05-04T16:14:04.332+0000] {processor.py:186} INFO - Started process (PID=2552) to work on /opt/airflow/dags/main.py
[2026-05-04T16:14:04.334+0000] {processor.py:914} INFO - Processing file /opt/airflow/dags/main.py for tasks to queue
[2026-05-04T16:14:04.338+0000] {logging_mixin.py:190} INFO - [2026-05-04T16:14:04.338+0000] {dagbag.py:588} INFO - Filling up the DagBag from /opt/airflow/dags/main.py
[2026-05-04T16:14:04.511+0000] {processor.py:925} INFO - DAG(s) 'kafka_to_s3' retrieved from /opt/airflow/dags/main.py
[2026-05-04T16:14:04.546+0000] {logging_mixin.py:190} INFO - [2026-05-04T16:14:04.546+0000] {dag.py:3239} INFO - Sync 1 DAGs
[2026-05-04T16:14:04.579+0000] {logging_mixin.py:190} INFO - [2026-05-04T16:14:04.578+0000] {dag.py:4180} INFO - Setting next_dagrun for kafka_to_s3 to 2026-05-04 00:00:00+00:00, run_after=2026-05-05 00:00:00+00:00
[2026-05-04T16:14:04.607+0000] {processor.py:208} INFO - Processing /opt/airflow/dags/main.py took 0.293 seconds
[2026-05-04T16:14:34.869+0000] {processor.py:186} INFO - Started process (PID=2559) to work on /opt/airflow/dags/main.py
[2026-05-04T16:14:34.872+0000] {processor.py:914} INFO - Processing file /opt/airflow/dags/main.py for tasks to queue
[2026-05-04T16:14:34.876+0000] {logging_mixin.py:190} INFO - [2026-05-04T16:14:34.876+0000] {dagbag.py:588} INFO - Filling up the DagBag from /opt/airflow/dags/main.py
[2026-05-04T16:14:35.124+0000] {processor.py:925} INFO - DAG(s) 'kafka_to_s3' retrieved from /opt/airflow/dags/main.py
[2026-05-04T16:14:35.160+0000] {logging_mixin.py:190} INFO - [2026-05-04T16:14:35.159+0000] {dag.py:3239} INFO - Sync 1 DAGs
[2026-05-04T16:14:35.192+0000] {logging_mixin.py:190} INFO - [2026-05-04T16:14:35.192+0000] {dag.py:4180} INFO - Setting next_dagrun for kafka_to_s3 to 2026-05-04 00:00:00+00:00, run_after=2026-05-05 00:00:00+00:00
[2026-05-04T16:14:35.223+0000] {processor.py:208} INFO - Processing /opt/airflow/dags/main.py took 0.373 seconds
[2026-05-04T16:15:05.739+0000] {processor.py:186} INFO - Started process (PID=2566) to work on /opt/airflow/dags/main.py
[2026-05-04T16:15:05.741+0000] {processor.py:914} INFO - Processing file /opt/airflow/dags/main.py for tasks to queue
[2026-05-04T16:15:05.744+0000] {logging_mixin.py:190} INFO - [2026-05-04T16:15:05.744+0000] {dagbag.py:588} INFO - Filling up the DagBag from /opt/airflow/dags/main.py
[2026-05-04T16:15:05.988+0000] {processor.py:925} INFO - DAG(s) 'kafka_to_s3' retrieved from /opt/airflow/dags/main.py
[2026-05-04T16:15:06.029+0000] {logging_mixin.py:190} INFO - [2026-05-04T16:15:06.028+0000] {dag.py:3239} INFO - Sync 1 DAGs
[2026-05-04T16:15:06.066+0000] {logging_mixin.py:190} INFO - [2026-05-04T16:15:06.066+0000] {dag.py:4180} INFO - Setting next_dagrun for kafka_to_s3 to 2026-05-04 00:00:00+00:00, run_after=2026-05-05 00:00:00+00:00
[2026-05-04T16:15:06.099+0000] {processor.py:208} INFO - Processing /opt/airflow/dags/main.py took 0.371 seconds
[2026-05-04T16:15:36.371+0000] {processor.py:186} INFO - Started process (PID=2573) to work on /opt/airflow/dags/main.py
[2026-05-04T16:15:36.374+0000] {processor.py:914} INFO - Processing file /opt/airflow/dags/main.py for tasks to queue
[2026-05-04T16:15:36.378+0000] {logging_mixin.py:190} INFO - [2026-05-04T16:15:36.378+0000] {dagbag.py:588} INFO - Filling up the DagBag from /opt/airflow/dags/main.py
[2026-05-04T16:15:36.580+0000] {processor.py:925} INFO - DAG(s) 'kafka_to_s3' retrieved from /opt/airflow/dags/main.py
[2026-05-04T16:15:36.622+0000] {logging_mixin.py:190} INFO - [2026-05-04T16:15:36.621+0000] {dag.py:3239} INFO - Sync 1 DAGs
[2026-05-04T16:15:36.657+0000] {logging_mixin.py:190} INFO - [2026-05-04T16:15:36.656+0000] {dag.py:4180} INFO - Setting next_dagrun for kafka_to_s3 to 2026-05-04 00:00:00+00:00, run_after=2026-05-05 00:00:00+00:00
[2026-05-04T16:15:36.698+0000] {processor.py:208} INFO - Processing /opt/airflow/dags/main.py took 0.344 seconds
[2026-05-04T16:16:07.138+0000] {processor.py:186} INFO - Started process (PID=2580) to work on /opt/airflow/dags/main.py
[2026-05-04T16:16:07.140+0000] {processor.py:914} INFO - Processing file /opt/airflow/dags/main.py for tasks to queue
[2026-05-04T16:16:07.147+0000] {logging_mixin.py:190} INFO - [2026-05-04T16:16:07.146+0000] {dagbag.py:588} INFO - Filling up the DagBag from /opt/airflow/dags/main.py
[2026-05-04T16:16:07.377+0000] {processor.py:925} INFO - DAG(s) 'kafka_to_s3' retrieved from /opt/airflow/dags/main.py
[2026-05-04T16:16:07.427+0000] {logging_mixin.py:190} INFO - [2026-05-04T16:16:07.427+0000] {dag.py:3239} INFO - Sync 1 DAGs
[2026-05-04T16:16:07.464+0000] {logging_mixin.py:190} INFO - [2026-05-04T16:16:07.463+0000] {dag.py:4180} INFO - Setting next_dagrun for kafka_to_s3 to 2026-05-04 00:00:00+00:00, run_after=2026-05-05 00:00:00+00:00
[2026-05-04T16:16:07.505+0000] {processor.py:208} INFO - Processing /opt/airflow/dags/main.py took 0.386 seconds
[2026-05-04T16:16:37.718+0000] {processor.py:186} INFO - Started process (PID=2587) to work on /opt/airflow/dags/main.py
[2026-05-04T16:16:37.720+0000] {processor.py:914} INFO - Processing file /opt/airflow/dags/main.py for tasks to queue
[2026-05-04T16:16:37.725+0000] {logging_mixin.py:190} INFO - [2026-05-04T16:16:37.725+0000] {dagbag.py:588} INFO - Filling up the DagBag from /opt/airflow/dags/main.py
[2026-05-04T16:16:37.883+0000] {processor.py:925} INFO - DAG(s) 'kafka_to_s3' retrieved from /opt/airflow/dags/main.py
[2026-05-04T16:16:37.920+0000] {logging_mixin.py:190} INFO - [2026-05-04T16:16:37.920+0000] {dag.py:3239} INFO - Sync 1 DAGs
[2026-05-04T16:16:37.962+0000] {logging_mixin.py:190} INFO - [2026-05-04T16:16:37.961+0000] {dag.py:4180} INFO - Setting next_dagrun for kafka_to_s3 to 2026-05-04 00:00:00+00:00, run_after=2026-05-05 00:00:00+00:00
[2026-05-04T16:16:37.993+0000] {processor.py:208} INFO - Processing /opt/airflow/dags/main.py took 0.284 seconds
[2026-05-04T16:17:08.517+0000] {processor.py:186} INFO - Started process (PID=2593) to work on /opt/airflow/dags/main.py
[2026-05-04T16:17:08.518+0000] {processor.py:914} INFO - Processing file /opt/airflow/dags/main.py for tasks to queue
[2026-05-04T16:17:08.523+0000] {logging_mixin.py:190} INFO - [2026-05-04T16:17:08.523+0000] {dagbag.py:588} INFO - Filling up the DagBag from /opt/airflow/dags/main.py
[2026-05-04T16:17:08.697+0000] {processor.py:925} INFO - DAG(s) 'kafka_to_s3' retrieved from /opt/airflow/dags/main.py
[2026-05-04T16:17:08.729+0000] {logging_mixin.py:190} INFO - [2026-05-04T16:17:08.729+0000] {dag.py:3239} INFO - Sync 1 DAGs
[2026-05-04T16:17:08.762+0000] {logging_mixin.py:190} INFO - [2026-05-04T16:17:08.761+0000] {dag.py:4180} INFO - Setting next_dagrun for kafka_to_s3 to 2026-05-04 00:00:00+00:00, run_after=2026-05-05 00:00:00+00:00
[2026-05-04T16:17:08.799+0000] {processor.py:208} INFO - Processing /opt/airflow/dags/main.py took 0.292 seconds
[2026-05-04T16:17:39.129+0000] {processor.py:186} INFO - Started process (PID=2600) to work on /opt/airflow/dags/main.py
[2026-05-04T16:17:39.133+0000] {processor.py:914} INFO - Processing file /opt/airflow/dags/main.py for tasks to queue
[2026-05-04T16:17:39.142+0000] {logging_mixin.py:190} INFO - [2026-05-04T16:17:39.141+0000] {dagbag.py:588} INFO - Filling up the DagBag from /opt/airflow/dags/main.py
[2026-05-04T16:17:39.380+0000] {processor.py:925} INFO - DAG(s) 'kafka_to_s3' retrieved from /opt/airflow/dags/main.py
[2026-05-04T16:17:39.434+0000] {logging_mixin.py:190} INFO - [2026-05-04T16:17:39.433+0000] {dag.py:3239} INFO - Sync 1 DAGs
[2026-05-04T16:17:39.488+0000] {logging_mixin.py:190} INFO - [2026-05-04T16:17:39.487+0000] {dag.py:4180} INFO - Setting next_dagrun for kafka_to_s3 to 2026-05-04 00:00:00+00:00, run_after=2026-05-05 00:00:00+00:00
[2026-05-04T16:17:39.531+0000] {processor.py:208} INFO - Processing /opt/airflow/dags/main.py took 0.427 seconds
[2026-05-04T16:18:09.719+0000] {processor.py:186} INFO - Started process (PID=2607) to work on /opt/airflow/dags/main.py
[2026-05-04T16:18:09.722+0000] {processor.py:914} INFO - Processing file /opt/airflow/dags/main.py for tasks to queue
[2026-05-04T16:18:09.730+0000] {logging_mixin.py:190} INFO - [2026-05-04T16:18:09.729+0000] {dagbag.py:588} INFO - Filling up the DagBag from /opt/airflow/dags/main.py
[2026-05-04T16:18:09.956+0000] {processor.py:925} INFO - DAG(s) 'kafka_to_s3' retrieved from /opt/airflow/dags/main.py
[2026-05-04T16:18:09.996+0000] {logging_mixin.py:190} INFO - [2026-05-04T16:18:09.996+0000] {dag.py:3239} INFO - Sync 1 DAGs
[2026-05-04T16:18:10.037+0000] {logging_mixin.py:190} INFO - [2026-05-04T16:18:10.037+0000] {dag.py:4180} INFO - Setting next_dagrun for kafka_to_s3 to 2026-05-04 00:00:00+00:00, run_after=2026-05-05 00:00:00+00:00
[2026-05-04T16:18:10.071+0000] {processor.py:208} INFO - Processing /opt/airflow/dags/main.py took 0.374 seconds
[2026-05-04T16:18:40.468+0000] {processor.py:186} INFO - Started process (PID=2614) to work on /opt/airflow/dags/main.py
[2026-05-04T16:18:40.470+0000] {processor.py:914} INFO - Processing file /opt/airflow/dags/main.py for tasks to queue
[2026-05-04T16:18:40.475+0000] {logging_mixin.py:190} INFO - [2026-05-04T16:18:40.474+0000] {dagbag.py:588} INFO - Filling up the DagBag from /opt/airflow/dags/main.py
[2026-05-04T16:18:40.672+0000] {processor.py:925} INFO - DAG(s) 'kafka_to_s3' retrieved from /opt/airflow/dags/main.py
[2026-05-04T16:18:40.735+0000] {logging_mixin.py:190} INFO - [2026-05-04T16:18:40.735+0000] {dag.py:3239} INFO - Sync 1 DAGs
[2026-05-04T16:18:40.770+0000] {logging_mixin.py:190} INFO - [2026-05-04T16:18:40.770+0000] {dag.py:4180} INFO - Setting next_dagrun for kafka_to_s3 to 2026-05-04 00:00:00+00:00, run_after=2026-05-05 00:00:00+00:00
[2026-05-04T16:18:40.809+0000] {processor.py:208} INFO - Processing /opt/airflow/dags/main.py took 0.352 seconds
[2026-05-04T16:19:11.189+0000] {processor.py:186} INFO - Started process (PID=2621) to work on /opt/airflow/dags/main.py
[2026-05-04T16:19:11.192+0000] {processor.py:914} INFO - Processing file /opt/airflow/dags/main.py for tasks to queue
[2026-05-04T16:19:11.200+0000] {logging_mixin.py:190} INFO - [2026-05-04T16:19:11.198+0000] {dagbag.py:588} INFO - Filling up the DagBag from /opt/airflow/dags/main.py
[2026-05-04T16:19:11.421+0000] {processor.py:925} INFO - DAG(s) 'kafka_to_s3' retrieved from /opt/airflow/dags/main.py
[2026-05-04T16:19:11.458+0000] {logging_mixin.py:190} INFO - [2026-05-04T16:19:11.458+0000] {dag.py:3239} INFO - Sync 1 DAGs
[2026-05-04T16:19:11.494+0000] {logging_mixin.py:190} INFO - [2026-05-04T16:19:11.493+0000] {dag.py:4180} INFO - Setting next_dagrun for kafka_to_s3 to 2026-05-04 00:00:00+00:00, run_after=2026-05-05 00:00:00+00:00
[2026-05-04T16:19:11.530+0000] {processor.py:208} INFO - Processing /opt/airflow/dags/main.py took 0.359 seconds
[2026-05-04T16:19:41.877+0000] {processor.py:186} INFO - Started process (PID=2628) to work on /opt/airflow/dags/main.py
[2026-05-04T16:19:41.878+0000] {processor.py:914} INFO - Processing file /opt/airflow/dags/main.py for tasks to queue
[2026-05-04T16:19:41.882+0000] {logging_mixin.py:190} INFO - [2026-05-04T16:19:41.881+0000] {dagbag.py:588} INFO - Filling up the DagBag from /opt/airflow/dags/main.py
[2026-05-04T16:19:42.044+0000] {processor.py:925} INFO - DAG(s) 'kafka_to_s3' retrieved from /opt/airflow/dags/main.py
[2026-05-04T16:19:42.077+0000] {logging_mixin.py:190} INFO - [2026-05-04T16:19:42.077+0000] {dag.py:3239} INFO - Sync 1 DAGs
[2026-05-04T16:19:42.110+0000] {logging_mixin.py:190} INFO - [2026-05-04T16:19:42.110+0000] {dag.py:4180} INFO - Setting next_dagrun for kafka_to_s3 to 2026-05-04 00:00:00+00:00, run_after=2026-05-05 00:00:00+00:00
[2026-05-04T16:19:42.140+0000] {processor.py:208} INFO - Processing /opt/airflow/dags/main.py took 0.276 seconds
[2026-05-04T16:20:12.677+0000] {processor.py:186} INFO - Started process (PID=2634) to work on /opt/airflow/dags/main.py
[2026-05-04T16:20:12.679+0000] {processor.py:914} INFO - Processing file /opt/airflow/dags/main.py for tasks to queue
[2026-05-04T16:20:12.685+0000] {logging_mixin.py:190} INFO - [2026-05-04T16:20:12.685+0000] {dagbag.py:588} INFO - Filling up the DagBag from /opt/airflow/dags/main.py
[2026-05-04T16:20:12.908+0000] {processor.py:925} INFO - DAG(s) 'kafka_to_s3' retrieved from /opt/airflow/dags/main.py
[2026-05-04T16:20:12.956+0000] {logging_mixin.py:190} INFO - [2026-05-04T16:20:12.956+0000] {dag.py:3239} INFO - Sync 1 DAGs
[2026-05-04T16:20:12.989+0000] {logging_mixin.py:190} INFO - [2026-05-04T16:20:12.989+0000] {dag.py:4180} INFO - Setting next_dagrun for kafka_to_s3 to 2026-05-04 00:00:00+00:00, run_after=2026-05-05 00:00:00+00:00
[2026-05-04T16:20:13.023+0000] {processor.py:208} INFO - Processing /opt/airflow/dags/main.py took 0.358 seconds
[2026-05-04T16:20:43.148+0000] {processor.py:186} INFO - Started process (PID=2641) to work on /opt/airflow/dags/main.py
[2026-05-04T16:20:43.150+0000] {processor.py:914} INFO - Processing file /opt/airflow/dags/main.py for tasks to queue
[2026-05-04T16:20:43.154+0000] {logging_mixin.py:190} INFO - [2026-05-04T16:20:43.154+0000] {dagbag.py:588} INFO - Filling up the DagBag from /opt/airflow/dags/main.py
[2026-05-04T16:20:43.315+0000] {processor.py:925} INFO - DAG(s) 'kafka_to_s3' retrieved from /opt/airflow/dags/main.py
[2026-05-04T16:20:43.352+0000] {logging_mixin.py:190} INFO - [2026-05-04T16:20:43.352+0000] {dag.py:3239} INFO - Sync 1 DAGs
[2026-05-04T16:20:43.383+0000] {logging_mixin.py:190} INFO - [2026-05-04T16:20:43.382+0000] {dag.py:4180} INFO - Setting next_dagrun for kafka_to_s3 to 2026-05-04 00:00:00+00:00, run_after=2026-05-05 00:00:00+00:00
[2026-05-04T16:20:43.421+0000] {processor.py:208} INFO - Processing /opt/airflow/dags/main.py took 0.282 seconds
[2026-05-04T16:21:13.699+0000] {processor.py:186} INFO - Started process (PID=2648) to work on /opt/airflow/dags/main.py
[2026-05-04T16:21:13.702+0000] {processor.py:914} INFO - Processing file /opt/airflow/dags/main.py for tasks to queue
[2026-05-04T16:21:13.711+0000] {logging_mixin.py:190} INFO - [2026-05-04T16:21:13.710+0000] {dagbag.py:588} INFO - Filling up the DagBag from /opt/airflow/dags/main.py
[2026-05-04T16:21:13.989+0000] {processor.py:925} INFO - DAG(s) 'kafka_to_s3' retrieved from /opt/airflow/dags/main.py
[2026-05-04T16:21:14.022+0000] {logging_mixin.py:190} INFO - [2026-05-04T16:21:14.022+0000] {dag.py:3239} INFO - Sync 1 DAGs
[2026-05-04T16:21:14.054+0000] {logging_mixin.py:190} INFO - [2026-05-04T16:21:14.053+0000] {dag.py:4180} INFO - Setting next_dagrun for kafka_to_s3 to 2026-05-04 00:00:00+00:00, run_after=2026-05-05 00:00:00+00:00
[2026-05-04T16:21:14.081+0000] {processor.py:208} INFO - Processing /opt/airflow/dags/main.py took 0.392 seconds
[2026-05-04T16:21:44.562+0000] {processor.py:186} INFO - Started process (PID=2655) to work on /opt/airflow/dags/main.py
[2026-05-04T16:21:44.564+0000] {processor.py:914} INFO - Processing file /opt/airflow/dags/main.py for tasks to queue
[2026-05-04T16:21:44.569+0000] {logging_mixin.py:190} INFO - [2026-05-04T16:21:44.568+0000] {dagbag.py:588} INFO - Filling up the DagBag from /opt/airflow/dags/main.py
[2026-05-04T16:21:44.756+0000] {processor.py:925} INFO - DAG(s) 'kafka_to_s3' retrieved from /opt/airflow/dags/main.py
[2026-05-04T16:21:44.791+0000] {logging_mixin.py:190} INFO - [2026-05-04T16:21:44.791+0000] {dag.py:3239} INFO - Sync 1 DAGs
[2026-05-04T16:21:44.827+0000] {logging_mixin.py:190} INFO - [2026-05-04T16:21:44.827+0000] {dag.py:4180} INFO - Setting next_dagrun for kafka_to_s3 to 2026-05-04 00:00:00+00:00, run_after=2026-05-05 00:00:00+00:00
[2026-05-04T16:21:44.857+0000] {processor.py:208} INFO - Processing /opt/airflow/dags/main.py took 0.312 seconds
[2026-05-04T16:22:14.951+0000] {processor.py:186} INFO - Started process (PID=2663) to work on /opt/airflow/dags/main.py
[2026-05-04T16:22:14.952+0000] {processor.py:914} INFO - Processing file /opt/airflow/dags/main.py for tasks to queue
[2026-05-04T16:22:14.956+0000] {logging_mixin.py:190} INFO - [2026-05-04T16:22:14.955+0000] {dagbag.py:588} INFO - Filling up the DagBag from /opt/airflow/dags/main.py
[2026-05-04T16:22:15.151+0000] {processor.py:925} INFO - DAG(s) 'kafka_to_s3' retrieved from /opt/airflow/dags/main.py
[2026-05-04T16:22:15.199+0000] {logging_mixin.py:190} INFO - [2026-05-04T16:22:15.199+0000] {dag.py:3239} INFO - Sync 1 DAGs
[2026-05-04T16:22:15.250+0000] {logging_mixin.py:190} INFO - [2026-05-04T16:22:15.249+0000] {dag.py:4180} INFO - Setting next_dagrun for kafka_to_s3 to 2026-05-04 00:00:00+00:00, run_after=2026-05-05 00:00:00+00:00
[2026-05-04T16:22:15.312+0000] {processor.py:208} INFO - Processing /opt/airflow/dags/main.py took 0.374 seconds
[2026-05-04T16:22:46.049+0000] {processor.py:186} INFO - Started process (PID=2669) to work on /opt/airflow/dags/main.py
[2026-05-04T16:22:46.051+0000] {processor.py:914} INFO - Processing file /opt/airflow/dags/main.py for tasks to queue
[2026-05-04T16:22:46.056+0000] {logging_mixin.py:190} INFO - [2026-05-04T16:22:46.055+0000] {dagbag.py:588} INFO - Filling up the DagBag from /opt/airflow/dags/main.py
[2026-05-04T16:22:46.218+0000] {processor.py:925} INFO - DAG(s) 'kafka_to_s3' retrieved from /opt/airflow/dags/main.py
[2026-05-04T16:22:46.250+0000] {logging_mixin.py:190} INFO - [2026-05-04T16:22:46.249+0000] {dag.py:3239} INFO - Sync 1 DAGs
[2026-05-04T16:22:46.285+0000] {logging_mixin.py:190} INFO - [2026-05-04T16:22:46.285+0000] {dag.py:4180} INFO - Setting next_dagrun for kafka_to_s3 to 2026-05-04 00:00:00+00:00, run_after=2026-05-05 00:00:00+00:00
[2026-05-04T16:22:46.313+0000] {processor.py:208} INFO - Processing /opt/airflow/dags/main.py took 0.277 seconds
[2026-05-04T16:23:17.191+0000] {processor.py:186} INFO - Started process (PID=2676) to work on /opt/airflow/dags/main.py
[2026-05-04T16:23:17.194+0000] {processor.py:914} INFO - Processing file /opt/airflow/dags/main.py for tasks to queue
[2026-05-04T16:23:17.201+0000] {logging_mixin.py:190} INFO - [2026-05-04T16:23:17.200+0000] {dagbag.py:588} INFO - Filling up the DagBag from /opt/airflow/dags/main.py
[2026-05-04T16:23:17.415+0000] {processor.py:925} INFO - DAG(s) 'kafka_to_s3' retrieved from /opt/airflow/dags/main.py
[2026-05-04T16:23:17.473+0000] {logging_mixin.py:190} INFO - [2026-05-04T16:23:17.473+0000] {dag.py:3239} INFO - Sync 1 DAGs
[2026-05-04T16:23:17.512+0000] {logging_mixin.py:190} INFO - [2026-05-04T16:23:17.511+0000] {dag.py:4180} INFO - Setting next_dagrun for kafka_to_s3 to 2026-05-04 00:00:00+00:00, run_after=2026-05-05 00:00:00+00:00
[2026-05-04T16:23:17.550+0000] {processor.py:208} INFO - Processing /opt/airflow/dags/main.py took 0.379 seconds
[2026-05-04T16:23:48.002+0000] {processor.py:186} INFO - Started process (PID=2683) to work on /opt/airflow/dags/main.py
[2026-05-04T16:23:48.005+0000] {processor.py:914} INFO - Processing file /opt/airflow/dags/main.py for tasks to queue
[2026-05-04T16:23:48.011+0000] {logging_mixin.py:190} INFO - [2026-05-04T16:23:48.010+0000] {dagbag.py:588} INFO - Filling up the DagBag from /opt/airflow/dags/main.py
[2026-05-04T16:23:48.239+0000] {processor.py:925} INFO - DAG(s) 'kafka_to_s3' retrieved from /opt/airflow/dags/main.py
[2026-05-04T16:23:48.289+0000] {logging_mixin.py:190} INFO - [2026-05-04T16:23:48.288+0000] {dag.py:3239} INFO - Sync 1 DAGs
[2026-05-04T16:23:48.343+0000] {logging_mixin.py:190} INFO - [2026-05-04T16:23:48.342+0000] {dag.py:4180} INFO - Setting next_dagrun for kafka_to_s3 to 2026-05-04 00:00:00+00:00, run_after=2026-05-05 00:00:00+00:00
[2026-05-04T16:23:48.374+0000] {processor.py:208} INFO - Processing /opt/airflow/dags/main.py took 0.388 seconds
[2026-05-04T16:24:18.567+0000] {processor.py:186} INFO - Started process (PID=2696) to work on /opt/airflow/dags/main.py
[2026-05-04T16:24:18.569+0000] {processor.py:914} INFO - Processing file /opt/airflow/dags/main.py for tasks to queue
[2026-05-04T16:24:18.577+0000] {logging_mixin.py:190} INFO - [2026-05-04T16:24:18.577+0000] {dagbag.py:588} INFO - Filling up the DagBag from /opt/airflow/dags/main.py
[2026-05-04T16:24:18.794+0000] {processor.py:925} INFO - DAG(s) 'kafka_to_s3' retrieved from /opt/airflow/dags/main.py
[2026-05-04T16:24:18.844+0000] {logging_mixin.py:190} INFO - [2026-05-04T16:24:18.843+0000] {dag.py:3239} INFO - Sync 1 DAGs
[2026-05-04T16:24:18.875+0000] {logging_mixin.py:190} INFO - [2026-05-04T16:24:18.875+0000] {dag.py:4180} INFO - Setting next_dagrun for kafka_to_s3 to 2026-05-04 00:00:00+00:00, run_after=2026-05-05 00:00:00+00:00
[2026-05-04T16:24:18.903+0000] {processor.py:208} INFO - Processing /opt/airflow/dags/main.py took 0.357 seconds
[2026-05-04T16:24:49.619+0000] {processor.py:186} INFO - Started process (PID=2703) to work on /opt/airflow/dags/main.py
[2026-05-04T16:24:49.624+0000] {processor.py:914} INFO - Processing file /opt/airflow/dags/main.py for tasks to queue
[2026-05-04T16:24:49.631+0000] {logging_mixin.py:190} INFO - [2026-05-04T16:24:49.631+0000] {dagbag.py:588} INFO - Filling up the DagBag from /opt/airflow/dags/main.py
[2026-05-04T16:24:49.902+0000] {processor.py:925} INFO - DAG(s) 'kafka_to_s3' retrieved from /opt/airflow/dags/main.py
[2026-05-04T16:24:49.944+0000] {logging_mixin.py:190} INFO - [2026-05-04T16:24:49.944+0000] {dag.py:3239} INFO - Sync 1 DAGs
[2026-05-04T16:24:49.981+0000] {logging_mixin.py:190} INFO - [2026-05-04T16:24:49.980+0000] {dag.py:4180} INFO - Setting next_dagrun for kafka_to_s3 to 2026-05-04 00:00:00+00:00, run_after=2026-05-05 00:00:00+00:00
[2026-05-04T16:24:50.014+0000] {processor.py:208} INFO - Processing /opt/airflow/dags/main.py took 0.412 seconds
[2026-05-04T16:25:20.491+0000] {processor.py:186} INFO - Started process (PID=2710) to work on /opt/airflow/dags/main.py
[2026-05-04T16:25:20.492+0000] {processor.py:914} INFO - Processing file /opt/airflow/dags/main.py for tasks to queue
[2026-05-04T16:25:20.496+0000] {logging_mixin.py:190} INFO - [2026-05-04T16:25:20.495+0000] {dagbag.py:588} INFO - Filling up the DagBag from /opt/airflow/dags/main.py
[2026-05-04T16:25:20.654+0000] {processor.py:925} INFO - DAG(s) 'kafka_to_s3' retrieved from /opt/airflow/dags/main.py
[2026-05-04T16:25:20.690+0000] {logging_mixin.py:190} INFO - [2026-05-04T16:25:20.690+0000] {dag.py:3239} INFO - Sync 1 DAGs
[2026-05-04T16:25:20.722+0000] {logging_mixin.py:190} INFO - [2026-05-04T16:25:20.722+0000] {dag.py:4180} INFO - Setting next_dagrun for kafka_to_s3 to 2026-05-04 00:00:00+00:00, run_after=2026-05-05 00:00:00+00:00
[2026-05-04T16:25:20.750+0000] {processor.py:208} INFO - Processing /opt/airflow/dags/main.py took 0.269 seconds
[2026-05-04T16:25:50.945+0000] {processor.py:186} INFO - Started process (PID=2717) to work on /opt/airflow/dags/main.py
[2026-05-04T16:25:50.946+0000] {processor.py:914} INFO - Processing file /opt/airflow/dags/main.py for tasks to queue
[2026-05-04T16:25:50.951+0000] {logging_mixin.py:190} INFO - [2026-05-04T16:25:50.950+0000] {dagbag.py:588} INFO - Filling up the DagBag from /opt/airflow/dags/main.py
[2026-05-04T16:25:51.109+0000] {processor.py:925} INFO - DAG(s) 'kafka_to_s3' retrieved from /opt/airflow/dags/main.py
[2026-05-04T16:25:51.142+0000] {logging_mixin.py:190} INFO - [2026-05-04T16:25:51.142+0000] {dag.py:3239} INFO - Sync 1 DAGs
[2026-05-04T16:25:51.173+0000] {logging_mixin.py:190} INFO - [2026-05-04T16:25:51.173+0000] {dag.py:4180} INFO - Setting next_dagrun for kafka_to_s3 to 2026-05-04 00:00:00+00:00, run_after=2026-05-05 00:00:00+00:00
[2026-05-04T16:25:51.199+0000] {processor.py:208} INFO - Processing /opt/airflow/dags/main.py took 0.264 seconds
[2026-05-04T16:26:21.655+0000] {processor.py:186} INFO - Started process (PID=2724) to work on /opt/airflow/dags/main.py
[2026-05-04T16:26:21.657+0000] {processor.py:914} INFO - Processing file /opt/airflow/dags/main.py for tasks to queue
[2026-05-04T16:26:21.661+0000] {logging_mixin.py:190} INFO - [2026-05-04T16:26:21.661+0000] {dagbag.py:588} INFO - Filling up the DagBag from /opt/airflow/dags/main.py
[2026-05-04T16:26:21.847+0000] {processor.py:925} INFO - DAG(s) 'kafka_to_s3' retrieved from /opt/airflow/dags/main.py
[2026-05-04T16:26:21.891+0000] {logging_mixin.py:190} INFO - [2026-05-04T16:26:21.891+0000] {dag.py:3239} INFO - Sync 1 DAGs
[2026-05-04T16:26:21.923+0000] {logging_mixin.py:190} INFO - [2026-05-04T16:26:21.923+0000] {dag.py:4180} INFO - Setting next_dagrun for kafka_to_s3 to 2026-05-04 00:00:00+00:00, run_after=2026-05-05 00:00:00+00:00
[2026-05-04T16:26:21.951+0000] {processor.py:208} INFO - Processing /opt/airflow/dags/main.py took 0.306 seconds
[2026-05-04T16:26:52.161+0000] {processor.py:186} INFO - Started process (PID=2731) to work on /opt/airflow/dags/main.py
[2026-05-04T16:26:52.163+0000] {processor.py:914} INFO - Processing file /opt/airflow/dags/main.py for tasks to queue
[2026-05-04T16:26:52.167+0000] {logging_mixin.py:190} INFO - [2026-05-04T16:26:52.167+0000] {dagbag.py:588} INFO - Filling up the DagBag from /opt/airflow/dags/main.py
[2026-05-04T16:26:52.324+0000] {processor.py:925} INFO - DAG(s) 'kafka_to_s3' retrieved from /opt/airflow/dags/main.py
[2026-05-04T16:26:52.380+0000] {logging_mixin.py:190} INFO - [2026-05-04T16:26:52.380+0000] {dag.py:3239} INFO - Sync 1 DAGs
[2026-05-04T16:26:52.426+0000] {logging_mixin.py:190} INFO - [2026-05-04T16:26:52.426+0000] {dag.py:4180} INFO - Setting next_dagrun for kafka_to_s3 to 2026-05-04 00:00:00+00:00, run_after=2026-05-05 00:00:00+00:00
[2026-05-04T16:26:52.466+0000] {processor.py:208} INFO - Processing /opt/airflow/dags/main.py took 0.318 seconds
[2026-05-04T16:27:22.644+0000] {processor.py:186} INFO - Started process (PID=2738) to work on /opt/airflow/dags/main.py
[2026-05-04T16:27:22.646+0000] {processor.py:914} INFO - Processing file /opt/airflow/dags/main.py for tasks to queue
[2026-05-04T16:27:22.650+0000] {logging_mixin.py:190} INFO - [2026-05-04T16:27:22.650+0000] {dagbag.py:588} INFO - Filling up the DagBag from /opt/airflow/dags/main.py
[2026-05-04T16:27:22.896+0000] {processor.py:925} INFO - DAG(s) 'kafka_to_s3' retrieved from /opt/airflow/dags/main.py
[2026-05-04T16:27:22.929+0000] {logging_mixin.py:190} INFO - [2026-05-04T16:27:22.928+0000] {dag.py:3239} INFO - Sync 1 DAGs
[2026-05-04T16:27:22.960+0000] {logging_mixin.py:190} INFO - [2026-05-04T16:27:22.959+0000] {dag.py:4180} INFO - Setting next_dagrun for kafka_to_s3 to 2026-05-04 00:00:00+00:00, run_after=2026-05-05 00:00:00+00:00
[2026-05-04T16:27:22.985+0000] {processor.py:208} INFO - Processing /opt/airflow/dags/main.py took 0.356 seconds
[2026-05-04T16:27:53.393+0000] {processor.py:186} INFO - Started process (PID=2745) to work on /opt/airflow/dags/main.py
[2026-05-04T16:27:53.394+0000] {processor.py:914} INFO - Processing file /opt/airflow/dags/main.py for tasks to queue
[2026-05-04T16:27:53.399+0000] {logging_mixin.py:190} INFO - [2026-05-04T16:27:53.399+0000] {dagbag.py:588} INFO - Filling up the DagBag from /opt/airflow/dags/main.py
[2026-05-04T16:27:53.589+0000] {processor.py:925} INFO - DAG(s) 'kafka_to_s3' retrieved from /opt/airflow/dags/main.py
[2026-05-04T16:27:53.627+0000] {logging_mixin.py:190} INFO - [2026-05-04T16:27:53.627+0000] {dag.py:3239} INFO - Sync 1 DAGs
[2026-05-04T16:27:53.659+0000] {logging_mixin.py:190} INFO - [2026-05-04T16:27:53.658+0000] {dag.py:4180} INFO - Setting next_dagrun for kafka_to_s3 to 2026-05-04 00:00:00+00:00, run_after=2026-05-05 00:00:00+00:00
[2026-05-04T16:27:53.686+0000] {processor.py:208} INFO - Processing /opt/airflow/dags/main.py took 0.305 seconds
[2026-05-04T16:28:23.936+0000] {processor.py:186} INFO - Started process (PID=2752) to work on /opt/airflow/dags/main.py
[2026-05-04T16:28:23.938+0000] {processor.py:914} INFO - Processing file /opt/airflow/dags/main.py for tasks to queue
[2026-05-04T16:28:23.945+0000] {logging_mixin.py:190} INFO - [2026-05-04T16:28:23.944+0000] {dagbag.py:588} INFO - Filling up the DagBag from /opt/airflow/dags/main.py
[2026-05-04T16:28:24.125+0000] {processor.py:925} INFO - DAG(s) 'kafka_to_s3' retrieved from /opt/airflow/dags/main.py
[2026-05-04T16:28:24.158+0000] {logging_mixin.py:190} INFO - [2026-05-04T16:28:24.158+0000] {dag.py:3239} INFO - Sync 1 DAGs
[2026-05-04T16:28:24.188+0000] {logging_mixin.py:190} INFO - [2026-05-04T16:28:24.188+0000] {dag.py:4180} INFO - Setting next_dagrun for kafka_to_s3 to 2026-05-04 00:00:00+00:00, run_after=2026-05-05 00:00:00+00:00
[2026-05-04T16:28:24.214+0000] {processor.py:208} INFO - Processing /opt/airflow/dags/main.py took 0.291 seconds
[2026-05-04T16:28:54.743+0000] {processor.py:186} INFO - Started process (PID=2759) to work on /opt/airflow/dags/main.py
[2026-05-04T16:28:54.745+0000] {processor.py:914} INFO - Processing file /opt/airflow/dags/main.py for tasks to queue
[2026-05-04T16:28:54.749+0000] {logging_mixin.py:190} INFO - [2026-05-04T16:28:54.749+0000] {dagbag.py:588} INFO - Filling up the DagBag from /opt/airflow/dags/main.py
[2026-05-04T16:28:54.913+0000] {processor.py:925} INFO - DAG(s) 'kafka_to_s3' retrieved from /opt/airflow/dags/main.py
[2026-05-04T16:28:54.949+0000] {logging_mixin.py:190} INFO - [2026-05-04T16:28:54.948+0000] {dag.py:3239} INFO - Sync 1 DAGs
[2026-05-04T16:28:54.985+0000] {logging_mixin.py:190} INFO - [2026-05-04T16:28:54.984+0000] {dag.py:4180} INFO - Setting next_dagrun for kafka_to_s3 to 2026-05-04 00:00:00+00:00, run_after=2026-05-05 00:00:00+00:00
[2026-05-04T16:28:55.011+0000] {processor.py:208} INFO - Processing /opt/airflow/dags/main.py took 0.279 seconds
[2026-05-04T16:29:25.260+0000] {processor.py:186} INFO - Started process (PID=2766) to work on /opt/airflow/dags/main.py
[2026-05-04T16:29:25.263+0000] {processor.py:914} INFO - Processing file /opt/airflow/dags/main.py for tasks to queue
[2026-05-04T16:29:25.266+0000] {logging_mixin.py:190} INFO - [2026-05-04T16:29:25.266+0000] {dagbag.py:588} INFO - Filling up the DagBag from /opt/airflow/dags/main.py
[2026-05-04T16:29:25.419+0000] {processor.py:925} INFO - DAG(s) 'kafka_to_s3' retrieved from /opt/airflow/dags/main.py
[2026-05-04T16:29:25.459+0000] {logging_mixin.py:190} INFO - [2026-05-04T16:29:25.459+0000] {dag.py:3239} INFO - Sync 1 DAGs
[2026-05-04T16:29:25.498+0000] {logging_mixin.py:190} INFO - [2026-05-04T16:29:25.497+0000] {dag.py:4180} INFO - Setting next_dagrun for kafka_to_s3 to 2026-05-04 00:00:00+00:00, run_after=2026-05-05 00:00:00+00:00
[2026-05-04T16:29:25.524+0000] {processor.py:208} INFO - Processing /opt/airflow/dags/main.py took 0.274 seconds
[2026-05-04T16:29:56.288+0000] {processor.py:186} INFO - Started process (PID=2773) to work on /opt/airflow/dags/main.py
[2026-05-04T16:29:56.290+0000] {processor.py:914} INFO - Processing file /opt/airflow/dags/main.py for tasks to queue
[2026-05-04T16:29:56.298+0000] {logging_mixin.py:190} INFO - [2026-05-04T16:29:56.297+0000] {dagbag.py:588} INFO - Filling up the DagBag from /opt/airflow/dags/main.py
[2026-05-04T16:29:56.500+0000] {processor.py:925} INFO - DAG(s) 'kafka_to_s3' retrieved from /opt/airflow/dags/main.py
[2026-05-04T16:29:56.557+0000] {logging_mixin.py:190} INFO - [2026-05-04T16:29:56.556+0000] {dag.py:3239} INFO - Sync 1 DAGs
[2026-05-04T16:29:56.596+0000] {logging_mixin.py:190} INFO - [2026-05-04T16:29:56.596+0000] {dag.py:4180} INFO - Setting next_dagrun for kafka_to_s3 to 2026-05-04 00:00:00+00:00, run_after=2026-05-05 00:00:00+00:00
[2026-05-04T16:29:56.623+0000] {processor.py:208} INFO - Processing /opt/airflow/dags/main.py took 0.345 seconds
[2026-05-04T16:30:26.867+0000] {processor.py:186} INFO - Started process (PID=2780) to work on /opt/airflow/dags/main.py
[2026-05-04T16:30:26.869+0000] {processor.py:914} INFO - Processing file /opt/airflow/dags/main.py for tasks to queue
[2026-05-04T16:30:26.874+0000] {logging_mixin.py:190} INFO - [2026-05-04T16:30:26.873+0000] {dagbag.py:588} INFO - Filling up the DagBag from /opt/airflow/dags/main.py
[2026-05-04T16:30:27.062+0000] {processor.py:925} INFO - DAG(s) 'kafka_to_s3' retrieved from /opt/airflow/dags/main.py
[2026-05-04T16:30:27.122+0000] {logging_mixin.py:190} INFO - [2026-05-04T16:30:27.122+0000] {dag.py:3239} INFO - Sync 1 DAGs
[2026-05-04T16:30:27.169+0000] {logging_mixin.py:190} INFO - [2026-05-04T16:30:27.169+0000] {dag.py:4180} INFO - Setting next_dagrun for kafka_to_s3 to 2026-05-04 00:00:00+00:00, run_after=2026-05-05 00:00:00+00:00
[2026-05-04T16:30:27.211+0000] {processor.py:208} INFO - Processing /opt/airflow/dags/main.py took 0.361 seconds
[2026-05-04T16:30:57.671+0000] {processor.py:186} INFO - Started process (PID=2787) to work on /opt/airflow/dags/main.py
[2026-05-04T16:30:57.675+0000] {processor.py:914} INFO - Processing file /opt/airflow/dags/main.py for tasks to queue
[2026-05-04T16:30:57.684+0000] {logging_mixin.py:190} INFO - [2026-05-04T16:30:57.683+0000] {dagbag.py:588} INFO - Filling up the DagBag from /opt/airflow/dags/main.py
[2026-05-04T16:30:57.910+0000] {processor.py:925} INFO - DAG(s) 'kafka_to_s3' retrieved from /opt/airflow/dags/main.py
[2026-05-04T16:30:57.945+0000] {logging_mixin.py:190} INFO - [2026-05-04T16:30:57.945+0000] {dag.py:3239} INFO - Sync 1 DAGs
[2026-05-04T16:30:57.983+0000] {logging_mixin.py:190} INFO - [2026-05-04T16:30:57.982+0000] {dag.py:4180} INFO - Setting next_dagrun for kafka_to_s3 to 2026-05-04 00:00:00+00:00, run_after=2026-05-05 00:00:00+00:00
[2026-05-04T16:30:58.017+0000] {processor.py:208} INFO - Processing /opt/airflow/dags/main.py took 0.370 seconds
[2026-05-04T16:31:28.463+0000] {processor.py:186} INFO - Started process (PID=2794) to work on /opt/airflow/dags/main.py
[2026-05-04T16:31:28.466+0000] {processor.py:914} INFO - Processing file /opt/airflow/dags/main.py for tasks to queue
[2026-05-04T16:31:28.472+0000] {logging_mixin.py:190} INFO - [2026-05-04T16:31:28.471+0000] {dagbag.py:588} INFO - Filling up the DagBag from /opt/airflow/dags/main.py
[2026-05-04T16:31:28.642+0000] {processor.py:925} INFO - DAG(s) 'kafka_to_s3' retrieved from /opt/airflow/dags/main.py
[2026-05-04T16:31:28.678+0000] {logging_mixin.py:190} INFO - [2026-05-04T16:31:28.677+0000] {dag.py:3239} INFO - Sync 1 DAGs
[2026-05-04T16:31:28.711+0000] {logging_mixin.py:190} INFO - [2026-05-04T16:31:28.711+0000] {dag.py:4180} INFO - Setting next_dagrun for kafka_to_s3 to 2026-05-04 00:00:00+00:00, run_after=2026-05-05 00:00:00+00:00
[2026-05-04T16:31:28.740+0000] {processor.py:208} INFO - Processing /opt/airflow/dags/main.py took 0.294 seconds
[2026-05-04T16:31:59.158+0000] {processor.py:186} INFO - Started process (PID=2801) to work on /opt/airflow/dags/main.py
[2026-05-04T16:31:59.161+0000] {processor.py:914} INFO - Processing file /opt/airflow/dags/main.py for tasks to queue
[2026-05-04T16:31:59.169+0000] {logging_mixin.py:190} INFO - [2026-05-04T16:31:59.168+0000] {dagbag.py:588} INFO - Filling up the DagBag from /opt/airflow/dags/main.py
[2026-05-04T16:31:59.371+0000] {processor.py:925} INFO - DAG(s) 'kafka_to_s3' retrieved from /opt/airflow/dags/main.py
[2026-05-04T16:31:59.411+0000] {logging_mixin.py:190} INFO - [2026-05-04T16:31:59.411+0000] {dag.py:3239} INFO - Sync 1 DAGs
[2026-05-04T16:31:59.445+0000] {logging_mixin.py:190} INFO - [2026-05-04T16:31:59.444+0000] {dag.py:4180} INFO - Setting next_dagrun for kafka_to_s3 to 2026-05-04 00:00:00+00:00, run_after=2026-05-05 00:00:00+00:00
[2026-05-04T16:31:59.479+0000] {processor.py:208} INFO - Processing /opt/airflow/dags/main.py took 0.338 seconds
[2026-05-04T16:32:29.635+0000] {processor.py:186} INFO - Started process (PID=2808) to work on /opt/airflow/dags/main.py
[2026-05-04T16:32:29.636+0000] {processor.py:914} INFO - Processing file /opt/airflow/dags/main.py for tasks to queue
[2026-05-04T16:32:29.640+0000] {logging_mixin.py:190} INFO - [2026-05-04T16:32:29.640+0000] {dagbag.py:588} INFO - Filling up the DagBag from /opt/airflow/dags/main.py
[2026-05-04T16:32:29.776+0000] {processor.py:925} INFO - DAG(s) 'kafka_to_s3' retrieved from /opt/airflow/dags/main.py
[2026-05-04T16:32:29.812+0000] {logging_mixin.py:190} INFO - [2026-05-04T16:32:29.811+0000] {dag.py:3239} INFO - Sync 1 DAGs
[2026-05-04T16:32:29.846+0000] {logging_mixin.py:190} INFO - [2026-05-04T16:32:29.846+0000] {dag.py:4180} INFO - Setting next_dagrun for kafka_to_s3 to 2026-05-04 00:00:00+00:00, run_after=2026-05-05 00:00:00+00:00
[2026-05-04T16:32:29.870+0000] {processor.py:208} INFO - Processing /opt/airflow/dags/main.py took 0.243 seconds
[2026-05-04T16:32:59.985+0000] {processor.py:186} INFO - Started process (PID=2815) to work on /opt/airflow/dags/main.py
[2026-05-04T16:32:59.986+0000] {processor.py:914} INFO - Processing file /opt/airflow/dags/main.py for tasks to queue
[2026-05-04T16:32:59.990+0000] {logging_mixin.py:190} INFO - [2026-05-04T16:32:59.990+0000] {dagbag.py:588} INFO - Filling up the DagBag from /opt/airflow/dags/main.py
[2026-05-04T16:33:00.138+0000] {processor.py:925} INFO - DAG(s) 'kafka_to_s3' retrieved from /opt/airflow/dags/main.py
[2026-05-04T16:33:00.173+0000] {logging_mixin.py:190} INFO - [2026-05-04T16:33:00.173+0000] {dag.py:3239} INFO - Sync 1 DAGs
[2026-05-04T16:33:00.210+0000] {logging_mixin.py:190} INFO - [2026-05-04T16:33:00.210+0000] {dag.py:4180} INFO - Setting next_dagrun for kafka_to_s3 to 2026-05-04 00:00:00+00:00, run_after=2026-05-05 00:00:00+00:00
[2026-05-04T16:33:00.234+0000] {processor.py:208} INFO - Processing /opt/airflow/dags/main.py took 0.261 seconds
[2026-05-04T16:33:30.549+0000] {processor.py:186} INFO - Started process (PID=2822) to work on /opt/airflow/dags/main.py
[2026-05-04T16:33:30.551+0000] {processor.py:914} INFO - Processing file /opt/airflow/dags/main.py for tasks to queue
[2026-05-04T16:33:30.554+0000] {logging_mixin.py:190} INFO - [2026-05-04T16:33:30.553+0000] {dagbag.py:588} INFO - Filling up the DagBag from /opt/airflow/dags/main.py
[2026-05-04T16:33:30.690+0000] {processor.py:925} INFO - DAG(s) 'kafka_to_s3' retrieved from /opt/airflow/dags/main.py
[2026-05-04T16:33:30.726+0000] {logging_mixin.py:190} INFO - [2026-05-04T16:33:30.725+0000] {dag.py:3239} INFO - Sync 1 DAGs
[2026-05-04T16:33:30.754+0000] {logging_mixin.py:190} INFO - [2026-05-04T16:33:30.754+0000] {dag.py:4180} INFO - Setting next_dagrun for kafka_to_s3 to 2026-05-04 00:00:00+00:00, run_after=2026-05-05 00:00:00+00:00
[2026-05-04T16:33:30.778+0000] {processor.py:208} INFO - Processing /opt/airflow/dags/main.py took 0.241 seconds
[2026-05-04T16:34:01.077+0000] {processor.py:186} INFO - Started process (PID=2829) to work on /opt/airflow/dags/main.py
[2026-05-04T16:34:01.079+0000] {processor.py:914} INFO - Processing file /opt/airflow/dags/main.py for tasks to queue
[2026-05-04T16:34:01.083+0000] {logging_mixin.py:190} INFO - [2026-05-04T16:34:01.082+0000] {dagbag.py:588} INFO - Filling up the DagBag from /opt/airflow/dags/main.py
[2026-05-04T16:34:01.238+0000] {processor.py:925} INFO - DAG(s) 'kafka_to_s3' retrieved from /opt/airflow/dags/main.py
[2026-05-04T16:34:01.286+0000] {logging_mixin.py:190} INFO - [2026-05-04T16:34:01.286+0000] {dag.py:3239} INFO - Sync 1 DAGs
[2026-05-04T16:34:01.327+0000] {logging_mixin.py:190} INFO - [2026-05-04T16:34:01.327+0000] {dag.py:4180} INFO - Setting next_dagrun for kafka_to_s3 to 2026-05-04 00:00:00+00:00, run_after=2026-05-05 00:00:00+00:00
[2026-05-04T16:34:01.351+0000] {processor.py:208} INFO - Processing /opt/airflow/dags/main.py took 0.287 seconds
[2026-05-04T16:34:31.737+0000] {processor.py:186} INFO - Started process (PID=2836) to work on /opt/airflow/dags/main.py
[2026-05-04T16:34:31.741+0000] {processor.py:914} INFO - Processing file /opt/airflow/dags/main.py for tasks to queue
[2026-05-04T16:34:31.750+0000] {logging_mixin.py:190} INFO - [2026-05-04T16:34:31.748+0000] {dagbag.py:588} INFO - Filling up the DagBag from /opt/airflow/dags/main.py
[2026-05-04T16:34:32.503+0000] {processor.py:925} INFO - DAG(s) 'kafka_to_s3' retrieved from /opt/airflow/dags/main.py
[2026-05-04T16:34:32.594+0000] {logging_mixin.py:190} INFO - [2026-05-04T16:34:32.594+0000] {dag.py:3239} INFO - Sync 1 DAGs
[2026-05-04T16:34:32.889+0000] {logging_mixin.py:190} INFO - [2026-05-04T16:34:32.889+0000] {dag.py:4180} INFO - Setting next_dagrun for kafka_to_s3 to 2026-05-04 00:00:00+00:00, run_after=2026-05-05 00:00:00+00:00
[2026-05-04T16:34:32.927+0000] {processor.py:208} INFO - Processing /opt/airflow/dags/main.py took 1.225 seconds
[2026-05-04T16:35:03.655+0000] {processor.py:186} INFO - Started process (PID=2843) to work on /opt/airflow/dags/main.py
[2026-05-04T16:35:03.657+0000] {processor.py:914} INFO - Processing file /opt/airflow/dags/main.py for tasks to queue
[2026-05-04T16:35:03.661+0000] {logging_mixin.py:190} INFO - [2026-05-04T16:35:03.660+0000] {dagbag.py:588} INFO - Filling up the DagBag from /opt/airflow/dags/main.py
[2026-05-04T16:35:03.801+0000] {processor.py:925} INFO - DAG(s) 'kafka_to_s3' retrieved from /opt/airflow/dags/main.py
[2026-05-04T16:35:03.835+0000] {logging_mixin.py:190} INFO - [2026-05-04T16:35:03.834+0000] {dag.py:3239} INFO - Sync 1 DAGs
[2026-05-04T16:35:03.865+0000] {logging_mixin.py:190} INFO - [2026-05-04T16:35:03.865+0000] {dag.py:4180} INFO - Setting next_dagrun for kafka_to_s3 to 2026-05-04 00:00:00+00:00, run_after=2026-05-05 00:00:00+00:00
[2026-05-04T16:35:03.888+0000] {processor.py:208} INFO - Processing /opt/airflow/dags/main.py took 0.240 seconds
[2026-05-04T16:35:34.019+0000] {processor.py:186} INFO - Started process (PID=2850) to work on /opt/airflow/dags/main.py
[2026-05-04T16:35:34.022+0000] {processor.py:914} INFO - Processing file /opt/airflow/dags/main.py for tasks to queue
[2026-05-04T16:35:34.027+0000] {logging_mixin.py:190} INFO - [2026-05-04T16:35:34.026+0000] {dagbag.py:588} INFO - Filling up the DagBag from /opt/airflow/dags/main.py
[2026-05-04T16:35:34.192+0000] {processor.py:925} INFO - DAG(s) 'kafka_to_s3' retrieved from /opt/airflow/dags/main.py
[2026-05-04T16:35:34.222+0000] {logging_mixin.py:190} INFO - [2026-05-04T16:35:34.222+0000] {dag.py:3239} INFO - Sync 1 DAGs
[2026-05-04T16:35:34.251+0000] {logging_mixin.py:190} INFO - [2026-05-04T16:35:34.250+0000] {dag.py:4180} INFO - Setting next_dagrun for kafka_to_s3 to 2026-05-04 00:00:00+00:00, run_after=2026-05-05 00:00:00+00:00
[2026-05-04T16:35:34.273+0000] {processor.py:208} INFO - Processing /opt/airflow/dags/main.py took 0.269 seconds
[2026-05-04T16:36:04.703+0000] {processor.py:186} INFO - Started process (PID=2857) to work on /opt/airflow/dags/main.py
[2026-05-04T16:36:04.705+0000] {processor.py:914} INFO - Processing file /opt/airflow/dags/main.py for tasks to queue
[2026-05-04T16:36:04.710+0000] {logging_mixin.py:190} INFO - [2026-05-04T16:36:04.709+0000] {dagbag.py:588} INFO - Filling up the DagBag from /opt/airflow/dags/main.py
[2026-05-04T16:36:04.858+0000] {processor.py:925} INFO - DAG(s) 'kafka_to_s3' retrieved from /opt/airflow/dags/main.py
[2026-05-04T16:36:04.893+0000] {logging_mixin.py:190} INFO - [2026-05-04T16:36:04.893+0000] {dag.py:3239} INFO - Sync 1 DAGs
[2026-05-04T16:36:04.923+0000] {logging_mixin.py:190} INFO - [2026-05-04T16:36:04.922+0000] {dag.py:4180} INFO - Setting next_dagrun for kafka_to_s3 to 2026-05-04 00:00:00+00:00, run_after=2026-05-05 00:00:00+00:00
[2026-05-04T16:36:04.950+0000] {processor.py:208} INFO - Processing /opt/airflow/dags/main.py took 0.255 seconds
[2026-05-04T16:36:35.461+0000] {processor.py:186} INFO - Started process (PID=2864) to work on /opt/airflow/dags/main.py
[2026-05-04T16:36:35.463+0000] {processor.py:914} INFO - Processing file /opt/airflow/dags/main.py for tasks to queue
[2026-05-04T16:36:35.467+0000] {logging_mixin.py:190} INFO - [2026-05-04T16:36:35.466+0000] {dagbag.py:588} INFO - Filling up the DagBag from /opt/airflow/dags/main.py
[2026-05-04T16:36:35.640+0000] {processor.py:925} INFO - DAG(s) 'kafka_to_s3' retrieved from /opt/airflow/dags/main.py
[2026-05-04T16:36:35.688+0000] {logging_mixin.py:190} INFO - [2026-05-04T16:36:35.687+0000] {dag.py:3239} INFO - Sync 1 DAGs
[2026-05-04T16:36:35.725+0000] {logging_mixin.py:190} INFO - [2026-05-04T16:36:35.725+0000] {dag.py:4180} INFO - Setting next_dagrun for kafka_to_s3 to 2026-05-04 00:00:00+00:00, run_after=2026-05-05 00:00:00+00:00
[2026-05-04T16:36:35.750+0000] {processor.py:208} INFO - Processing /opt/airflow/dags/main.py took 0.298 seconds
[2026-05-04T16:37:06.145+0000] {processor.py:186} INFO - Started process (PID=2871) to work on /opt/airflow/dags/main.py
[2026-05-04T16:37:06.146+0000] {processor.py:914} INFO - Processing file /opt/airflow/dags/main.py for tasks to queue
[2026-05-04T16:37:06.151+0000] {logging_mixin.py:190} INFO - [2026-05-04T16:37:06.151+0000] {dagbag.py:588} INFO - Filling up the DagBag from /opt/airflow/dags/main.py
[2026-05-04T16:37:06.328+0000] {processor.py:925} INFO - DAG(s) 'kafka_to_s3' retrieved from /opt/airflow/dags/main.py
[2026-05-04T16:37:06.389+0000] {logging_mixin.py:190} INFO - [2026-05-04T16:37:06.389+0000] {dag.py:3239} INFO - Sync 1 DAGs
[2026-05-04T16:37:06.431+0000] {logging_mixin.py:190} INFO - [2026-05-04T16:37:06.431+0000] {dag.py:4180} INFO - Setting next_dagrun for kafka_to_s3 to 2026-05-04 00:00:00+00:00, run_after=2026-05-05 00:00:00+00:00
[2026-05-04T16:37:06.459+0000] {processor.py:208} INFO - Processing /opt/airflow/dags/main.py took 0.322 seconds
[2026-05-04T16:37:36.530+0000] {processor.py:186} INFO - Started process (PID=2878) to work on /opt/airflow/dags/main.py
[2026-05-04T16:37:36.532+0000] {processor.py:914} INFO - Processing file /opt/airflow/dags/main.py for tasks to queue
[2026-05-04T16:37:36.536+0000] {logging_mixin.py:190} INFO - [2026-05-04T16:37:36.535+0000] {dagbag.py:588} INFO - Filling up the DagBag from /opt/airflow/dags/main.py
[2026-05-04T16:37:36.673+0000] {processor.py:925} INFO - DAG(s) 'kafka_to_s3' retrieved from /opt/airflow/dags/main.py
[2026-05-04T16:37:36.703+0000] {logging_mixin.py:190} INFO - [2026-05-04T16:37:36.703+0000] {dag.py:3239} INFO - Sync 1 DAGs
[2026-05-04T16:37:36.730+0000] {logging_mixin.py:190} INFO - [2026-05-04T16:37:36.730+0000] {dag.py:4180} INFO - Setting next_dagrun for kafka_to_s3 to 2026-05-04 00:00:00+00:00, run_after=2026-05-05 00:00:00+00:00
[2026-05-04T16:37:36.753+0000] {processor.py:208} INFO - Processing /opt/airflow/dags/main.py took 0.235 seconds
[2026-05-04T16:38:07.099+0000] {processor.py:186} INFO - Started process (PID=2885) to work on /opt/airflow/dags/main.py
[2026-05-04T16:38:07.101+0000] {processor.py:914} INFO - Processing file /opt/airflow/dags/main.py for tasks to queue
[2026-05-04T16:38:07.105+0000] {logging_mixin.py:190} INFO - [2026-05-04T16:38:07.105+0000] {dagbag.py:588} INFO - Filling up the DagBag from /opt/airflow/dags/main.py
[2026-05-04T16:38:07.257+0000] {processor.py:925} INFO - DAG(s) 'kafka_to_s3' retrieved from /opt/airflow/dags/main.py
[2026-05-04T16:38:07.292+0000] {logging_mixin.py:190} INFO - [2026-05-04T16:38:07.291+0000] {dag.py:3239} INFO - Sync 1 DAGs
[2026-05-04T16:38:07.330+0000] {logging_mixin.py:190} INFO - [2026-05-04T16:38:07.330+0000] {dag.py:4180} INFO - Setting next_dagrun for kafka_to_s3 to 2026-05-04 00:00:00+00:00, run_after=2026-05-05 00:00:00+00:00
[2026-05-04T16:38:07.360+0000] {processor.py:208} INFO - Processing /opt/airflow/dags/main.py took 0.274 seconds
[2026-05-04T16:38:37.815+0000] {processor.py:186} INFO - Started process (PID=2892) to work on /opt/airflow/dags/main.py
[2026-05-04T16:38:37.817+0000] {processor.py:914} INFO - Processing file /opt/airflow/dags/main.py for tasks to queue
[2026-05-04T16:38:37.820+0000] {logging_mixin.py:190} INFO - [2026-05-04T16:38:37.820+0000] {dagbag.py:588} INFO - Filling up the DagBag from /opt/airflow/dags/main.py
[2026-05-04T16:38:37.951+0000] {processor.py:925} INFO - DAG(s) 'kafka_to_s3' retrieved from /opt/airflow/dags/main.py
[2026-05-04T16:38:37.984+0000] {logging_mixin.py:190} INFO - [2026-05-04T16:38:37.984+0000] {dag.py:3239} INFO - Sync 1 DAGs
[2026-05-04T16:38:38.016+0000] {logging_mixin.py:190} INFO - [2026-05-04T16:38:38.016+0000] {dag.py:4180} INFO - Setting next_dagrun for kafka_to_s3 to 2026-05-04 00:00:00+00:00, run_after=2026-05-05 00:00:00+00:00
[2026-05-04T16:38:38.041+0000] {processor.py:208} INFO - Processing /opt/airflow/dags/main.py took 0.234 seconds
[2026-05-04T16:39:08.697+0000] {processor.py:186} INFO - Started process (PID=2899) to work on /opt/airflow/dags/main.py
[2026-05-04T16:39:08.698+0000] {processor.py:914} INFO - Processing file /opt/airflow/dags/main.py for tasks to queue
[2026-05-04T16:39:08.702+0000] {logging_mixin.py:190} INFO - [2026-05-04T16:39:08.702+0000] {dagbag.py:588} INFO - Filling up the DagBag from /opt/airflow/dags/main.py
[2026-05-04T16:39:08.833+0000] {processor.py:925} INFO - DAG(s) 'kafka_to_s3' retrieved from /opt/airflow/dags/main.py
[2026-05-04T16:39:08.861+0000] {logging_mixin.py:190} INFO - [2026-05-04T16:39:08.861+0000] {dag.py:3239} INFO - Sync 1 DAGs
[2026-05-04T16:39:08.888+0000] {logging_mixin.py:190} INFO - [2026-05-04T16:39:08.887+0000] {dag.py:4180} INFO - Setting next_dagrun for kafka_to_s3 to 2026-05-04 00:00:00+00:00, run_after=2026-05-05 00:00:00+00:00
[2026-05-04T16:39:08.916+0000] {processor.py:208} INFO - Processing /opt/airflow/dags/main.py took 0.227 seconds
[2026-05-04T16:39:39.803+0000] {processor.py:186} INFO - Started process (PID=2906) to work on /opt/airflow/dags/main.py
[2026-05-04T16:39:39.805+0000] {processor.py:914} INFO - Processing file /opt/airflow/dags/main.py for tasks to queue
[2026-05-04T16:39:39.810+0000] {logging_mixin.py:190} INFO - [2026-05-04T16:39:39.809+0000] {dagbag.py:588} INFO - Filling up the DagBag from /opt/airflow/dags/main.py
[2026-05-04T16:39:39.971+0000] {processor.py:925} INFO - DAG(s) 'kafka_to_s3' retrieved from /opt/airflow/dags/main.py
[2026-05-04T16:39:40.005+0000] {logging_mixin.py:190} INFO - [2026-05-04T16:39:40.004+0000] {dag.py:3239} INFO - Sync 1 DAGs
[2026-05-04T16:39:40.053+0000] {logging_mixin.py:190} INFO - [2026-05-04T16:39:40.052+0000] {dag.py:4180} INFO - Setting next_dagrun for kafka_to_s3 to 2026-05-04 00:00:00+00:00, run_after=2026-05-05 00:00:00+00:00
[2026-05-04T16:39:40.091+0000] {processor.py:208} INFO - Processing /opt/airflow/dags/main.py took 0.301 seconds
[2026-05-04T16:40:10.428+0000] {processor.py:186} INFO - Started process (PID=2913) to work on /opt/airflow/dags/main.py
[2026-05-04T16:40:10.430+0000] {processor.py:914} INFO - Processing file /opt/airflow/dags/main.py for tasks to queue
[2026-05-04T16:40:10.435+0000] {logging_mixin.py:190} INFO - [2026-05-04T16:40:10.435+0000] {dagbag.py:588} INFO - Filling up the DagBag from /opt/airflow/dags/main.py
[2026-05-04T16:40:10.617+0000] {processor.py:925} INFO - DAG(s) 'kafka_to_s3' retrieved from /opt/airflow/dags/main.py
[2026-05-04T16:40:10.662+0000] {logging_mixin.py:190} INFO - [2026-05-04T16:40:10.662+0000] {dag.py:3239} INFO - Sync 1 DAGs
[2026-05-04T16:40:10.712+0000] {logging_mixin.py:190} INFO - [2026-05-04T16:40:10.711+0000] {dag.py:4180} INFO - Setting next_dagrun for kafka_to_s3 to 2026-05-04 00:00:00+00:00, run_after=2026-05-05 00:00:00+00:00
[2026-05-04T16:40:10.763+0000] {processor.py:208} INFO - Processing /opt/airflow/dags/main.py took 0.346 seconds
[2026-05-04T16:40:41.256+0000] {processor.py:186} INFO - Started process (PID=2920) to work on /opt/airflow/dags/main.py
[2026-05-04T16:40:41.258+0000] {processor.py:914} INFO - Processing file /opt/airflow/dags/main.py for tasks to queue
[2026-05-04T16:40:41.263+0000] {logging_mixin.py:190} INFO - [2026-05-04T16:40:41.263+0000] {dagbag.py:588} INFO - Filling up the DagBag from /opt/airflow/dags/main.py
[2026-05-04T16:40:41.443+0000] {processor.py:925} INFO - DAG(s) 'kafka_to_s3' retrieved from /opt/airflow/dags/main.py
[2026-05-04T16:40:41.492+0000] {logging_mixin.py:190} INFO - [2026-05-04T16:40:41.492+0000] {dag.py:3239} INFO - Sync 1 DAGs
[2026-05-04T16:40:41.525+0000] {logging_mixin.py:190} INFO - [2026-05-04T16:40:41.524+0000] {dag.py:4180} INFO - Setting next_dagrun for kafka_to_s3 to 2026-05-04 00:00:00+00:00, run_after=2026-05-05 00:00:00+00:00
[2026-05-04T16:40:41.553+0000] {processor.py:208} INFO - Processing /opt/airflow/dags/main.py took 0.308 seconds
[2026-05-04T16:41:11.878+0000] {processor.py:186} INFO - Started process (PID=2927) to work on /opt/airflow/dags/main.py
[2026-05-04T16:41:11.879+0000] {processor.py:914} INFO - Processing file /opt/airflow/dags/main.py for tasks to queue
[2026-05-04T16:41:11.883+0000] {logging_mixin.py:190} INFO - [2026-05-04T16:41:11.883+0000] {dagbag.py:588} INFO - Filling up the DagBag from /opt/airflow/dags/main.py
[2026-05-04T16:41:12.038+0000] {processor.py:925} INFO - DAG(s) 'kafka_to_s3' retrieved from /opt/airflow/dags/main.py
[2026-05-04T16:41:12.071+0000] {logging_mixin.py:190} INFO - [2026-05-04T16:41:12.071+0000] {dag.py:3239} INFO - Sync 1 DAGs
[2026-05-04T16:41:12.114+0000] {logging_mixin.py:190} INFO - [2026-05-04T16:41:12.113+0000] {dag.py:4180} INFO - Setting next_dagrun for kafka_to_s3 to 2026-05-04 00:00:00+00:00, run_after=2026-05-05 00:00:00+00:00
[2026-05-04T16:41:12.141+0000] {processor.py:208} INFO - Processing /opt/airflow/dags/main.py took 0.277 seconds
[2026-05-04T16:41:42.493+0000] {processor.py:186} INFO - Started process (PID=2934) to work on /opt/airflow/dags/main.py
[2026-05-04T16:41:42.494+0000] {processor.py:914} INFO - Processing file /opt/airflow/dags/main.py for tasks to queue
[2026-05-04T16:41:42.499+0000] {logging_mixin.py:190} INFO - [2026-05-04T16:41:42.498+0000] {dagbag.py:588} INFO - Filling up the DagBag from /opt/airflow/dags/main.py
[2026-05-04T16:41:42.650+0000] {processor.py:925} INFO - DAG(s) 'kafka_to_s3' retrieved from /opt/airflow/dags/main.py
[2026-05-04T16:41:42.680+0000] {logging_mixin.py:190} INFO - [2026-05-04T16:41:42.679+0000] {dag.py:3239} INFO - Sync 1 DAGs
[2026-05-04T16:41:42.705+0000] {logging_mixin.py:190} INFO - [2026-05-04T16:41:42.705+0000] {dag.py:4180} INFO - Setting next_dagrun for kafka_to_s3 to 2026-05-04 00:00:00+00:00, run_after=2026-05-05 00:00:00+00:00
[2026-05-04T16:41:42.729+0000] {processor.py:208} INFO - Processing /opt/airflow/dags/main.py took 0.244 seconds
[2026-05-04T16:42:13.015+0000] {processor.py:186} INFO - Started process (PID=2941) to work on /opt/airflow/dags/main.py
[2026-05-04T16:42:13.016+0000] {processor.py:914} INFO - Processing file /opt/airflow/dags/main.py for tasks to queue
[2026-05-04T16:42:13.020+0000] {logging_mixin.py:190} INFO - [2026-05-04T16:42:13.019+0000] {dagbag.py:588} INFO - Filling up the DagBag from /opt/airflow/dags/main.py
[2026-05-04T16:42:13.185+0000] {processor.py:925} INFO - DAG(s) 'kafka_to_s3' retrieved from /opt/airflow/dags/main.py
[2026-05-04T16:42:13.227+0000] {logging_mixin.py:190} INFO - [2026-05-04T16:42:13.226+0000] {dag.py:3239} INFO - Sync 1 DAGs
[2026-05-04T16:42:13.263+0000] {logging_mixin.py:190} INFO - [2026-05-04T16:42:13.263+0000] {dag.py:4180} INFO - Setting next_dagrun for kafka_to_s3 to 2026-05-04 00:00:00+00:00, run_after=2026-05-05 00:00:00+00:00
[2026-05-04T16:42:13.295+0000] {processor.py:208} INFO - Processing /opt/airflow/dags/main.py took 0.291 seconds
[2026-05-04T16:42:43.629+0000] {processor.py:186} INFO - Started process (PID=2948) to work on /opt/airflow/dags/main.py
[2026-05-04T16:42:43.631+0000] {processor.py:914} INFO - Processing file /opt/airflow/dags/main.py for tasks to queue
[2026-05-04T16:42:43.635+0000] {logging_mixin.py:190} INFO - [2026-05-04T16:42:43.634+0000] {dagbag.py:588} INFO - Filling up the DagBag from /opt/airflow/dags/main.py
[2026-05-04T16:42:43.768+0000] {processor.py:925} INFO - DAG(s) 'kafka_to_s3' retrieved from /opt/airflow/dags/main.py
[2026-05-04T16:42:43.797+0000] {logging_mixin.py:190} INFO - [2026-05-04T16:42:43.797+0000] {dag.py:3239} INFO - Sync 1 DAGs
[2026-05-04T16:42:43.824+0000] {logging_mixin.py:190} INFO - [2026-05-04T16:42:43.823+0000] {dag.py:4180} INFO - Setting next_dagrun for kafka_to_s3 to 2026-05-04 00:00:00+00:00, run_after=2026-05-05 00:00:00+00:00
[2026-05-04T16:42:43.847+0000] {processor.py:208} INFO - Processing /opt/airflow/dags/main.py took 0.225 seconds
[2026-05-04T16:43:14.012+0000] {processor.py:186} INFO - Started process (PID=2955) to work on /opt/airflow/dags/main.py
[2026-05-04T16:43:14.013+0000] {processor.py:914} INFO - Processing file /opt/airflow/dags/main.py for tasks to queue
[2026-05-04T16:43:14.016+0000] {logging_mixin.py:190} INFO - [2026-05-04T16:43:14.016+0000] {dagbag.py:588} INFO - Filling up the DagBag from /opt/airflow/dags/main.py
[2026-05-04T16:43:14.148+0000] {processor.py:925} INFO - DAG(s) 'kafka_to_s3' retrieved from /opt/airflow/dags/main.py
[2026-05-04T16:43:14.184+0000] {logging_mixin.py:190} INFO - [2026-05-04T16:43:14.183+0000] {dag.py:3239} INFO - Sync 1 DAGs
[2026-05-04T16:43:14.219+0000] {logging_mixin.py:190} INFO - [2026-05-04T16:43:14.218+0000] {dag.py:4180} INFO - Setting next_dagrun for kafka_to_s3 to 2026-05-04 00:00:00+00:00, run_after=2026-05-05 00:00:00+00:00
[2026-05-04T16:43:14.247+0000] {processor.py:208} INFO - Processing /opt/airflow/dags/main.py took 0.244 seconds
[2026-05-04T16:43:44.686+0000] {processor.py:186} INFO - Started process (PID=2962) to work on /opt/airflow/dags/main.py
[2026-05-04T16:43:44.688+0000] {processor.py:914} INFO - Processing file /opt/airflow/dags/main.py for tasks to queue
[2026-05-04T16:43:44.692+0000] {logging_mixin.py:190} INFO - [2026-05-04T16:43:44.691+0000] {dagbag.py:588} INFO - Filling up the DagBag from /opt/airflow/dags/main.py
[2026-05-04T16:43:44.855+0000] {processor.py:925} INFO - DAG(s) 'kafka_to_s3' retrieved from /opt/airflow/dags/main.py
[2026-05-04T16:43:44.885+0000] {logging_mixin.py:190} INFO - [2026-05-04T16:43:44.885+0000] {dag.py:3239} INFO - Sync 1 DAGs
[2026-05-04T16:43:44.912+0000] {logging_mixin.py:190} INFO - [2026-05-04T16:43:44.912+0000] {dag.py:4180} INFO - Setting next_dagrun for kafka_to_s3 to 2026-05-04 00:00:00+00:00, run_after=2026-05-05 00:00:00+00:00
[2026-05-04T16:43:44.936+0000] {processor.py:208} INFO - Processing /opt/airflow/dags/main.py took 0.261 seconds
[2026-05-04T16:44:15.034+0000] {processor.py:186} INFO - Started process (PID=2969) to work on /opt/airflow/dags/main.py
[2026-05-04T16:44:15.035+0000] {processor.py:914} INFO - Processing file /opt/airflow/dags/main.py for tasks to queue
[2026-05-04T16:44:15.040+0000] {logging_mixin.py:190} INFO - [2026-05-04T16:44:15.039+0000] {dagbag.py:588} INFO - Filling up the DagBag from /opt/airflow/dags/main.py
[2026-05-04T16:44:15.195+0000] {processor.py:925} INFO - DAG(s) 'kafka_to_s3' retrieved from /opt/airflow/dags/main.py
[2026-05-04T16:44:15.230+0000] {logging_mixin.py:190} INFO - [2026-05-04T16:44:15.229+0000] {dag.py:3239} INFO - Sync 1 DAGs
[2026-05-04T16:44:15.261+0000] {logging_mixin.py:190} INFO - [2026-05-04T16:44:15.260+0000] {dag.py:4180} INFO - Setting next_dagrun for kafka_to_s3 to 2026-05-04 00:00:00+00:00, run_after=2026-05-05 00:00:00+00:00
[2026-05-04T16:44:15.289+0000] {processor.py:208} INFO - Processing /opt/airflow/dags/main.py took 0.265 seconds
[2026-05-04T16:44:45.630+0000] {processor.py:186} INFO - Started process (PID=2976) to work on /opt/airflow/dags/main.py
[2026-05-04T16:44:45.631+0000] {processor.py:914} INFO - Processing file /opt/airflow/dags/main.py for tasks to queue
[2026-05-04T16:44:45.635+0000] {logging_mixin.py:190} INFO - [2026-05-04T16:44:45.634+0000] {dagbag.py:588} INFO - Filling up the DagBag from /opt/airflow/dags/main.py
[2026-05-04T16:44:45.772+0000] {processor.py:925} INFO - DAG(s) 'kafka_to_s3' retrieved from /opt/airflow/dags/main.py
[2026-05-04T16:44:45.806+0000] {logging_mixin.py:190} INFO - [2026-05-04T16:44:45.806+0000] {dag.py:3239} INFO - Sync 1 DAGs
[2026-05-04T16:44:45.833+0000] {logging_mixin.py:190} INFO - [2026-05-04T16:44:45.833+0000] {dag.py:4180} INFO - Setting next_dagrun for kafka_to_s3 to 2026-05-04 00:00:00+00:00, run_after=2026-05-05 00:00:00+00:00
[2026-05-04T16:44:45.855+0000] {processor.py:208} INFO - Processing /opt/airflow/dags/main.py took 0.233 seconds
[2026-05-04T16:45:15.988+0000] {processor.py:186} INFO - Started process (PID=2983) to work on /opt/airflow/dags/main.py
[2026-05-04T16:45:15.989+0000] {processor.py:914} INFO - Processing file /opt/airflow/dags/main.py for tasks to queue
[2026-05-04T16:45:15.993+0000] {logging_mixin.py:190} INFO - [2026-05-04T16:45:15.992+0000] {dagbag.py:588} INFO - Filling up the DagBag from /opt/airflow/dags/main.py
[2026-05-04T16:45:16.141+0000] {processor.py:925} INFO - DAG(s) 'kafka_to_s3' retrieved from /opt/airflow/dags/main.py
[2026-05-04T16:45:16.187+0000] {logging_mixin.py:190} INFO - [2026-05-04T16:45:16.187+0000] {dag.py:3239} INFO - Sync 1 DAGs
[2026-05-04T16:45:16.221+0000] {logging_mixin.py:190} INFO - [2026-05-04T16:45:16.221+0000] {dag.py:4180} INFO - Setting next_dagrun for kafka_to_s3 to 2026-05-04 00:00:00+00:00, run_after=2026-05-05 00:00:00+00:00
[2026-05-04T16:45:16.250+0000] {processor.py:208} INFO - Processing /opt/airflow/dags/main.py took 0.271 seconds
[2026-05-04T16:45:46.698+0000] {processor.py:186} INFO - Started process (PID=2990) to work on /opt/airflow/dags/main.py
[2026-05-04T16:45:46.700+0000] {processor.py:914} INFO - Processing file /opt/airflow/dags/main.py for tasks to queue
[2026-05-04T16:45:46.704+0000] {logging_mixin.py:190} INFO - [2026-05-04T16:45:46.704+0000] {dagbag.py:588} INFO - Filling up the DagBag from /opt/airflow/dags/main.py
[2026-05-04T16:45:46.827+0000] {processor.py:925} INFO - DAG(s) 'kafka_to_s3' retrieved from /opt/airflow/dags/main.py
[2026-05-04T16:45:46.856+0000] {logging_mixin.py:190} INFO - [2026-05-04T16:45:46.855+0000] {dag.py:3239} INFO - Sync 1 DAGs
[2026-05-04T16:45:46.880+0000] {logging_mixin.py:190} INFO - [2026-05-04T16:45:46.880+0000] {dag.py:4180} INFO - Setting next_dagrun for kafka_to_s3 to 2026-05-04 00:00:00+00:00, run_after=2026-05-05 00:00:00+00:00
[2026-05-04T16:45:46.899+0000] {processor.py:208} INFO - Processing /opt/airflow/dags/main.py took 0.210 seconds
[2026-05-04T16:46:17.025+0000] {processor.py:186} INFO - Started process (PID=2997) to work on /opt/airflow/dags/main.py
[2026-05-04T16:46:17.027+0000] {processor.py:914} INFO - Processing file /opt/airflow/dags/main.py for tasks to queue
[2026-05-04T16:46:17.030+0000] {logging_mixin.py:190} INFO - [2026-05-04T16:46:17.030+0000] {dagbag.py:588} INFO - Filling up the DagBag from /opt/airflow/dags/main.py
[2026-05-04T16:46:17.185+0000] {processor.py:925} INFO - DAG(s) 'kafka_to_s3' retrieved from /opt/airflow/dags/main.py
[2026-05-04T16:46:17.220+0000] {logging_mixin.py:190} INFO - [2026-05-04T16:46:17.219+0000] {dag.py:3239} INFO - Sync 1 DAGs
[2026-05-04T16:46:17.249+0000] {logging_mixin.py:190} INFO - [2026-05-04T16:46:17.248+0000] {dag.py:4180} INFO - Setting next_dagrun for kafka_to_s3 to 2026-05-04 00:00:00+00:00, run_after=2026-05-05 00:00:00+00:00
[2026-05-04T16:46:17.276+0000] {processor.py:208} INFO - Processing /opt/airflow/dags/main.py took 0.261 seconds
[2026-05-04T16:46:47.606+0000] {processor.py:186} INFO - Started process (PID=3005) to work on /opt/airflow/dags/main.py
[2026-05-04T16:46:47.608+0000] {processor.py:914} INFO - Processing file /opt/airflow/dags/main.py for tasks to queue
[2026-05-04T16:46:47.610+0000] {logging_mixin.py:190} INFO - [2026-05-04T16:46:47.610+0000] {dagbag.py:588} INFO - Filling up the DagBag from /opt/airflow/dags/main.py
[2026-05-04T16:46:47.734+0000] {processor.py:925} INFO - DAG(s) 'kafka_to_s3' retrieved from /opt/airflow/dags/main.py
[2026-05-04T16:46:47.763+0000] {logging_mixin.py:190} INFO - [2026-05-04T16:46:47.763+0000] {dag.py:3239} INFO - Sync 1 DAGs
[2026-05-04T16:46:47.788+0000] {logging_mixin.py:190} INFO - [2026-05-04T16:46:47.788+0000] {dag.py:4180} INFO - Setting next_dagrun for kafka_to_s3 to 2026-05-04 00:00:00+00:00, run_after=2026-05-05 00:00:00+00:00
[2026-05-04T16:46:47.814+0000] {processor.py:208} INFO - Processing /opt/airflow/dags/main.py took 0.215 seconds
[2026-05-04T16:47:17.964+0000] {processor.py:186} INFO - Started process (PID=3012) to work on /opt/airflow/dags/main.py
[2026-05-04T16:47:17.965+0000] {processor.py:914} INFO - Processing file /opt/airflow/dags/main.py for tasks to queue
[2026-05-04T16:47:17.968+0000] {logging_mixin.py:190} INFO - [2026-05-04T16:47:17.968+0000] {dagbag.py:588} INFO - Filling up the DagBag from /opt/airflow/dags/main.py
[2026-05-04T16:47:18.107+0000] {processor.py:925} INFO - DAG(s) 'kafka_to_s3' retrieved from /opt/airflow/dags/main.py
[2026-05-04T16:47:18.134+0000] {logging_mixin.py:190} INFO - [2026-05-04T16:47:18.134+0000] {dag.py:3239} INFO - Sync 1 DAGs
[2026-05-04T16:47:18.167+0000] {logging_mixin.py:190} INFO - [2026-05-04T16:47:18.166+0000] {dag.py:4180} INFO - Setting next_dagrun for kafka_to_s3 to 2026-05-04 00:00:00+00:00, run_after=2026-05-05 00:00:00+00:00
[2026-05-04T16:47:18.197+0000] {processor.py:208} INFO - Processing /opt/airflow/dags/main.py took 0.240 seconds
[2026-05-04T16:47:48.608+0000] {processor.py:186} INFO - Started process (PID=3019) to work on /opt/airflow/dags/main.py
[2026-05-04T16:47:48.609+0000] {processor.py:914} INFO - Processing file /opt/airflow/dags/main.py for tasks to queue
[2026-05-04T16:47:48.614+0000] {logging_mixin.py:190} INFO - [2026-05-04T16:47:48.614+0000] {dagbag.py:588} INFO - Filling up the DagBag from /opt/airflow/dags/main.py
[2026-05-04T16:47:48.765+0000] {processor.py:925} INFO - DAG(s) 'kafka_to_s3' retrieved from /opt/airflow/dags/main.py
[2026-05-04T16:47:48.796+0000] {logging_mixin.py:190} INFO - [2026-05-04T16:47:48.796+0000] {dag.py:3239} INFO - Sync 1 DAGs
[2026-05-04T16:47:48.827+0000] {logging_mixin.py:190} INFO - [2026-05-04T16:47:48.826+0000] {dag.py:4180} INFO - Setting next_dagrun for kafka_to_s3 to 2026-05-04 00:00:00+00:00, run_after=2026-05-05 00:00:00+00:00
[2026-05-04T16:47:48.851+0000] {processor.py:208} INFO - Processing /opt/airflow/dags/main.py took 0.253 seconds
[2026-05-04T16:48:18.912+0000] {processor.py:186} INFO - Started process (PID=3025) to work on /opt/airflow/dags/main.py
[2026-05-04T16:48:18.914+0000] {processor.py:914} INFO - Processing file /opt/airflow/dags/main.py for tasks to queue
[2026-05-04T16:48:18.919+0000] {logging_mixin.py:190} INFO - [2026-05-04T16:48:18.918+0000] {dagbag.py:588} INFO - Filling up the DagBag from /opt/airflow/dags/main.py
[2026-05-04T16:48:19.069+0000] {processor.py:925} INFO - DAG(s) 'kafka_to_s3' retrieved from /opt/airflow/dags/main.py
[2026-05-04T16:48:19.107+0000] {logging_mixin.py:190} INFO - [2026-05-04T16:48:19.106+0000] {dag.py:3239} INFO - Sync 1 DAGs
[2026-05-04T16:48:19.140+0000] {logging_mixin.py:190} INFO - [2026-05-04T16:48:19.140+0000] {dag.py:4180} INFO - Setting next_dagrun for kafka_to_s3 to 2026-05-04 00:00:00+00:00, run_after=2026-05-05 00:00:00+00:00
[2026-05-04T16:48:19.166+0000] {processor.py:208} INFO - Processing /opt/airflow/dags/main.py took 0.263 seconds
[2026-05-04T16:48:49.501+0000] {processor.py:186} INFO - Started process (PID=3032) to work on /opt/airflow/dags/main.py
[2026-05-04T16:48:49.504+0000] {processor.py:914} INFO - Processing file /opt/airflow/dags/main.py for tasks to queue
[2026-05-04T16:48:49.510+0000] {logging_mixin.py:190} INFO - [2026-05-04T16:48:49.509+0000] {dagbag.py:588} INFO - Filling up the DagBag from /opt/airflow/dags/main.py
[2026-05-04T16:48:49.687+0000] {processor.py:925} INFO - DAG(s) 'kafka_to_s3' retrieved from /opt/airflow/dags/main.py
[2026-05-04T16:48:49.720+0000] {logging_mixin.py:190} INFO - [2026-05-04T16:48:49.719+0000] {dag.py:3239} INFO - Sync 1 DAGs
[2026-05-04T16:48:49.760+0000] {logging_mixin.py:190} INFO - [2026-05-04T16:48:49.759+0000] {dag.py:4180} INFO - Setting next_dagrun for kafka_to_s3 to 2026-05-04 00:00:00+00:00, run_after=2026-05-05 00:00:00+00:00
[2026-05-04T16:48:49.790+0000] {processor.py:208} INFO - Processing /opt/airflow/dags/main.py took 0.304 seconds
[2026-05-04T16:49:19.858+0000] {processor.py:186} INFO - Started process (PID=3039) to work on /opt/airflow/dags/main.py
[2026-05-04T16:49:19.859+0000] {processor.py:914} INFO - Processing file /opt/airflow/dags/main.py for tasks to queue
[2026-05-04T16:49:19.866+0000] {logging_mixin.py:190} INFO - [2026-05-04T16:49:19.865+0000] {dagbag.py:588} INFO - Filling up the DagBag from /opt/airflow/dags/main.py
[2026-05-04T16:49:20.017+0000] {processor.py:925} INFO - DAG(s) 'kafka_to_s3' retrieved from /opt/airflow/dags/main.py
[2026-05-04T16:49:20.051+0000] {logging_mixin.py:190} INFO - [2026-05-04T16:49:20.051+0000] {dag.py:3239} INFO - Sync 1 DAGs
[2026-05-04T16:49:20.079+0000] {logging_mixin.py:190} INFO - [2026-05-04T16:49:20.079+0000] {dag.py:4180} INFO - Setting next_dagrun for kafka_to_s3 to 2026-05-04 00:00:00+00:00, run_after=2026-05-05 00:00:00+00:00
[2026-05-04T16:49:20.104+0000] {processor.py:208} INFO - Processing /opt/airflow/dags/main.py took 0.257 seconds
[2026-05-04T16:49:50.524+0000] {processor.py:186} INFO - Started process (PID=3046) to work on /opt/airflow/dags/main.py
[2026-05-04T16:49:50.526+0000] {processor.py:914} INFO - Processing file /opt/airflow/dags/main.py for tasks to queue
[2026-05-04T16:49:50.533+0000] {logging_mixin.py:190} INFO - [2026-05-04T16:49:50.531+0000] {dagbag.py:588} INFO - Filling up the DagBag from /opt/airflow/dags/main.py
[2026-05-04T16:49:50.669+0000] {processor.py:925} INFO - DAG(s) 'kafka_to_s3' retrieved from /opt/airflow/dags/main.py
[2026-05-04T16:49:50.701+0000] {logging_mixin.py:190} INFO - [2026-05-04T16:49:50.701+0000] {dag.py:3239} INFO - Sync 1 DAGs
[2026-05-04T16:49:50.727+0000] {logging_mixin.py:190} INFO - [2026-05-04T16:49:50.727+0000] {dag.py:4180} INFO - Setting next_dagrun for kafka_to_s3 to 2026-05-04 00:00:00+00:00, run_after=2026-05-05 00:00:00+00:00
[2026-05-04T16:49:50.748+0000] {processor.py:208} INFO - Processing /opt/airflow/dags/main.py took 0.239 seconds
[2026-05-04T16:50:20.820+0000] {processor.py:186} INFO - Started process (PID=3053) to work on /opt/airflow/dags/main.py
[2026-05-04T16:50:20.822+0000] {processor.py:914} INFO - Processing file /opt/airflow/dags/main.py for tasks to queue
[2026-05-04T16:50:20.827+0000] {logging_mixin.py:190} INFO - [2026-05-04T16:50:20.827+0000] {dagbag.py:588} INFO - Filling up the DagBag from /opt/airflow/dags/main.py
[2026-05-04T16:50:21.015+0000] {processor.py:925} INFO - DAG(s) 'kafka_to_s3' retrieved from /opt/airflow/dags/main.py
[2026-05-04T16:50:21.057+0000] {logging_mixin.py:190} INFO - [2026-05-04T16:50:21.057+0000] {dag.py:3239} INFO - Sync 1 DAGs
[2026-05-04T16:50:21.106+0000] {logging_mixin.py:190} INFO - [2026-05-04T16:50:21.106+0000] {dag.py:4180} INFO - Setting next_dagrun for kafka_to_s3 to 2026-05-04 00:00:00+00:00, run_after=2026-05-05 00:00:00+00:00
[2026-05-04T16:50:21.138+0000] {processor.py:208} INFO - Processing /opt/airflow/dags/main.py took 0.330 seconds
[2026-05-04T16:50:51.405+0000] {processor.py:186} INFO - Started process (PID=3065) to work on /opt/airflow/dags/main.py
[2026-05-04T16:50:51.407+0000] {processor.py:914} INFO - Processing file /opt/airflow/dags/main.py for tasks to queue
[2026-05-04T16:50:51.410+0000] {logging_mixin.py:190} INFO - [2026-05-04T16:50:51.409+0000] {dagbag.py:588} INFO - Filling up the DagBag from /opt/airflow/dags/main.py
[2026-05-04T16:50:51.545+0000] {processor.py:925} INFO - DAG(s) 'kafka_to_s3' retrieved from /opt/airflow/dags/main.py
[2026-05-04T16:50:51.578+0000] {logging_mixin.py:190} INFO - [2026-05-04T16:50:51.577+0000] {dag.py:3239} INFO - Sync 1 DAGs
[2026-05-04T16:50:51.613+0000] {logging_mixin.py:190} INFO - [2026-05-04T16:50:51.613+0000] {dag.py:4180} INFO - Setting next_dagrun for kafka_to_s3 to 2026-05-04 00:00:00+00:00, run_after=2026-05-05 00:00:00+00:00
[2026-05-04T16:50:51.642+0000] {processor.py:208} INFO - Processing /opt/airflow/dags/main.py took 0.245 seconds
[2026-05-04T16:51:21.792+0000] {processor.py:186} INFO - Started process (PID=3072) to work on /opt/airflow/dags/main.py
[2026-05-04T16:51:21.794+0000] {processor.py:914} INFO - Processing file /opt/airflow/dags/main.py for tasks to queue
[2026-05-04T16:51:21.797+0000] {logging_mixin.py:190} INFO - [2026-05-04T16:51:21.797+0000] {dagbag.py:588} INFO - Filling up the DagBag from /opt/airflow/dags/main.py
[2026-05-04T16:51:21.931+0000] {processor.py:925} INFO - DAG(s) 'kafka_to_s3' retrieved from /opt/airflow/dags/main.py
[2026-05-04T16:51:21.963+0000] {logging_mixin.py:190} INFO - [2026-05-04T16:51:21.963+0000] {dag.py:3239} INFO - Sync 1 DAGs
[2026-05-04T16:51:21.990+0000] {logging_mixin.py:190} INFO - [2026-05-04T16:51:21.990+0000] {dag.py:4180} INFO - Setting next_dagrun for kafka_to_s3 to 2026-05-04 00:00:00+00:00, run_after=2026-05-05 00:00:00+00:00
[2026-05-04T16:51:22.013+0000] {processor.py:208} INFO - Processing /opt/airflow/dags/main.py took 0.228 seconds
[2026-05-04T16:51:52.461+0000] {processor.py:186} INFO - Started process (PID=3079) to work on /opt/airflow/dags/main.py
[2026-05-04T16:51:52.463+0000] {processor.py:914} INFO - Processing file /opt/airflow/dags/main.py for tasks to queue
[2026-05-04T16:51:52.468+0000] {logging_mixin.py:190} INFO - [2026-05-04T16:51:52.467+0000] {dagbag.py:588} INFO - Filling up the DagBag from /opt/airflow/dags/main.py
[2026-05-04T16:51:52.601+0000] {processor.py:925} INFO - DAG(s) 'kafka_to_s3' retrieved from /opt/airflow/dags/main.py
[2026-05-04T16:51:52.636+0000] {logging_mixin.py:190} INFO - [2026-05-04T16:51:52.636+0000] {dag.py:3239} INFO - Sync 1 DAGs
[2026-05-04T16:51:52.669+0000] {logging_mixin.py:190} INFO - [2026-05-04T16:51:52.669+0000] {dag.py:4180} INFO - Setting next_dagrun for kafka_to_s3 to 2026-05-04 00:00:00+00:00, run_after=2026-05-05 00:00:00+00:00
[2026-05-04T16:51:52.695+0000] {processor.py:208} INFO - Processing /opt/airflow/dags/main.py took 0.242 seconds
[2026-05-04T16:52:22.777+0000] {processor.py:186} INFO - Started process (PID=3086) to work on /opt/airflow/dags/main.py
[2026-05-04T16:52:22.779+0000] {processor.py:914} INFO - Processing file /opt/airflow/dags/main.py for tasks to queue
[2026-05-04T16:52:22.784+0000] {logging_mixin.py:190} INFO - [2026-05-04T16:52:22.784+0000] {dagbag.py:588} INFO - Filling up the DagBag from /opt/airflow/dags/main.py
[2026-05-04T16:52:22.968+0000] {processor.py:925} INFO - DAG(s) 'kafka_to_s3' retrieved from /opt/airflow/dags/main.py
[2026-05-04T16:52:23.011+0000] {logging_mixin.py:190} INFO - [2026-05-04T16:52:23.011+0000] {dag.py:3239} INFO - Sync 1 DAGs
[2026-05-04T16:52:23.059+0000] {logging_mixin.py:190} INFO - [2026-05-04T16:52:23.058+0000] {dag.py:4180} INFO - Setting next_dagrun for kafka_to_s3 to 2026-05-04 00:00:00+00:00, run_after=2026-05-05 00:00:00+00:00
[2026-05-04T16:52:23.094+0000] {processor.py:208} INFO - Processing /opt/airflow/dags/main.py took 0.332 seconds
[2026-05-04T16:52:53.298+0000] {processor.py:186} INFO - Started process (PID=3093) to work on /opt/airflow/dags/main.py
[2026-05-04T16:52:53.300+0000] {processor.py:914} INFO - Processing file /opt/airflow/dags/main.py for tasks to queue
[2026-05-04T16:52:53.304+0000] {logging_mixin.py:190} INFO - [2026-05-04T16:52:53.303+0000] {dagbag.py:588} INFO - Filling up the DagBag from /opt/airflow/dags/main.py
[2026-05-04T16:52:53.430+0000] {processor.py:925} INFO - DAG(s) 'kafka_to_s3' retrieved from /opt/airflow/dags/main.py
[2026-05-04T16:52:53.459+0000] {logging_mixin.py:190} INFO - [2026-05-04T16:52:53.459+0000] {dag.py:3239} INFO - Sync 1 DAGs
[2026-05-04T16:52:53.494+0000] {logging_mixin.py:190} INFO - [2026-05-04T16:52:53.493+0000] {dag.py:4180} INFO - Setting next_dagrun for kafka_to_s3 to 2026-05-04 00:00:00+00:00, run_after=2026-05-05 00:00:00+00:00
[2026-05-04T16:52:53.519+0000] {processor.py:208} INFO - Processing /opt/airflow/dags/main.py took 0.230 seconds
[2026-05-04T16:53:23.841+0000] {processor.py:186} INFO - Started process (PID=3100) to work on /opt/airflow/dags/main.py
[2026-05-04T16:53:23.842+0000] {processor.py:914} INFO - Processing file /opt/airflow/dags/main.py for tasks to queue
[2026-05-04T16:53:23.845+0000] {logging_mixin.py:190} INFO - [2026-05-04T16:53:23.845+0000] {dagbag.py:588} INFO - Filling up the DagBag from /opt/airflow/dags/main.py
[2026-05-04T16:53:23.964+0000] {processor.py:925} INFO - DAG(s) 'kafka_to_s3' retrieved from /opt/airflow/dags/main.py
[2026-05-04T16:53:23.992+0000] {logging_mixin.py:190} INFO - [2026-05-04T16:53:23.992+0000] {dag.py:3239} INFO - Sync 1 DAGs
[2026-05-04T16:53:24.016+0000] {logging_mixin.py:190} INFO - [2026-05-04T16:53:24.016+0000] {dag.py:4180} INFO - Setting next_dagrun for kafka_to_s3 to 2026-05-04 00:00:00+00:00, run_after=2026-05-05 00:00:00+00:00
[2026-05-04T16:53:24.036+0000] {processor.py:208} INFO - Processing /opt/airflow/dags/main.py took 0.203 seconds
[2026-05-04T16:53:54.285+0000] {processor.py:186} INFO - Started process (PID=3107) to work on /opt/airflow/dags/main.py
[2026-05-04T16:53:54.286+0000] {processor.py:914} INFO - Processing file /opt/airflow/dags/main.py for tasks to queue
[2026-05-04T16:53:54.290+0000] {logging_mixin.py:190} INFO - [2026-05-04T16:53:54.289+0000] {dagbag.py:588} INFO - Filling up the DagBag from /opt/airflow/dags/main.py
[2026-05-04T16:53:54.422+0000] {processor.py:925} INFO - DAG(s) 'kafka_to_s3' retrieved from /opt/airflow/dags/main.py
[2026-05-04T16:53:54.459+0000] {logging_mixin.py:190} INFO - [2026-05-04T16:53:54.458+0000] {dag.py:3239} INFO - Sync 1 DAGs
[2026-05-04T16:53:54.497+0000] {logging_mixin.py:190} INFO - [2026-05-04T16:53:54.497+0000] {dag.py:4180} INFO - Setting next_dagrun for kafka_to_s3 to 2026-05-04 00:00:00+00:00, run_after=2026-05-05 00:00:00+00:00
[2026-05-04T16:53:54.524+0000] {processor.py:208} INFO - Processing /opt/airflow/dags/main.py took 0.247 seconds
[2026-05-04T16:54:24.756+0000] {processor.py:186} INFO - Started process (PID=3114) to work on /opt/airflow/dags/main.py
[2026-05-04T16:54:24.758+0000] {processor.py:914} INFO - Processing file /opt/airflow/dags/main.py for tasks to queue
[2026-05-04T16:54:24.764+0000] {logging_mixin.py:190} INFO - [2026-05-04T16:54:24.763+0000] {dagbag.py:588} INFO - Filling up the DagBag from /opt/airflow/dags/main.py
[2026-05-04T16:54:24.924+0000] {processor.py:925} INFO - DAG(s) 'kafka_to_s3' retrieved from /opt/airflow/dags/main.py
[2026-05-04T16:54:24.960+0000] {logging_mixin.py:190} INFO - [2026-05-04T16:54:24.960+0000] {dag.py:3239} INFO - Sync 1 DAGs
[2026-05-04T16:54:24.995+0000] {logging_mixin.py:190} INFO - [2026-05-04T16:54:24.994+0000] {dag.py:4180} INFO - Setting next_dagrun for kafka_to_s3 to 2026-05-04 00:00:00+00:00, run_after=2026-05-05 00:00:00+00:00
[2026-05-04T16:54:25.019+0000] {processor.py:208} INFO - Processing /opt/airflow/dags/main.py took 0.278 seconds
[2026-05-04T16:54:55.311+0000] {processor.py:186} INFO - Started process (PID=3121) to work on /opt/airflow/dags/main.py
[2026-05-04T16:54:55.312+0000] {processor.py:914} INFO - Processing file /opt/airflow/dags/main.py for tasks to queue
[2026-05-04T16:54:55.316+0000] {logging_mixin.py:190} INFO - [2026-05-04T16:54:55.316+0000] {dagbag.py:588} INFO - Filling up the DagBag from /opt/airflow/dags/main.py
[2026-05-04T16:54:55.449+0000] {processor.py:925} INFO - DAG(s) 'kafka_to_s3' retrieved from /opt/airflow/dags/main.py
[2026-05-04T16:54:55.482+0000] {logging_mixin.py:190} INFO - [2026-05-04T16:54:55.481+0000] {dag.py:3239} INFO - Sync 1 DAGs
[2026-05-04T16:54:55.509+0000] {logging_mixin.py:190} INFO - [2026-05-04T16:54:55.508+0000] {dag.py:4180} INFO - Setting next_dagrun for kafka_to_s3 to 2026-05-04 00:00:00+00:00, run_after=2026-05-05 00:00:00+00:00
[2026-05-04T16:54:55.534+0000] {processor.py:208} INFO - Processing /opt/airflow/dags/main.py took 0.239 seconds
[2026-05-04T16:55:25.958+0000] {processor.py:186} INFO - Started process (PID=3128) to work on /opt/airflow/dags/main.py
[2026-05-04T16:55:25.960+0000] {processor.py:914} INFO - Processing file /opt/airflow/dags/main.py for tasks to queue
[2026-05-04T16:55:25.966+0000] {logging_mixin.py:190} INFO - [2026-05-04T16:55:25.965+0000] {dagbag.py:588} INFO - Filling up the DagBag from /opt/airflow/dags/main.py
[2026-05-04T16:55:26.129+0000] {processor.py:925} INFO - DAG(s) 'kafka_to_s3' retrieved from /opt/airflow/dags/main.py
[2026-05-04T16:55:26.168+0000] {logging_mixin.py:190} INFO - [2026-05-04T16:55:26.167+0000] {dag.py:3239} INFO - Sync 1 DAGs
[2026-05-04T16:55:26.201+0000] {logging_mixin.py:190} INFO - [2026-05-04T16:55:26.200+0000] {dag.py:4180} INFO - Setting next_dagrun for kafka_to_s3 to 2026-05-04 00:00:00+00:00, run_after=2026-05-05 00:00:00+00:00
[2026-05-04T16:55:26.230+0000] {processor.py:208} INFO - Processing /opt/airflow/dags/main.py took 0.283 seconds
[2026-05-04T16:55:56.357+0000] {processor.py:186} INFO - Started process (PID=3135) to work on /opt/airflow/dags/main.py
[2026-05-04T16:55:56.358+0000] {processor.py:914} INFO - Processing file /opt/airflow/dags/main.py for tasks to queue
[2026-05-04T16:55:56.362+0000] {logging_mixin.py:190} INFO - [2026-05-04T16:55:56.362+0000] {dagbag.py:588} INFO - Filling up the DagBag from /opt/airflow/dags/main.py
[2026-05-04T16:55:56.486+0000] {processor.py:925} INFO - DAG(s) 'kafka_to_s3' retrieved from /opt/airflow/dags/main.py
[2026-05-04T16:55:56.514+0000] {logging_mixin.py:190} INFO - [2026-05-04T16:55:56.514+0000] {dag.py:3239} INFO - Sync 1 DAGs
[2026-05-04T16:55:56.538+0000] {logging_mixin.py:190} INFO - [2026-05-04T16:55:56.538+0000] {dag.py:4180} INFO - Setting next_dagrun for kafka_to_s3 to 2026-05-04 00:00:00+00:00, run_after=2026-05-05 00:00:00+00:00
[2026-05-04T16:55:56.560+0000] {processor.py:208} INFO - Processing /opt/airflow/dags/main.py took 0.211 seconds
[2026-05-04T16:56:26.808+0000] {processor.py:186} INFO - Started process (PID=3142) to work on /opt/airflow/dags/main.py
[2026-05-04T16:56:26.809+0000] {processor.py:914} INFO - Processing file /opt/airflow/dags/main.py for tasks to queue
[2026-05-04T16:56:26.816+0000] {logging_mixin.py:190} INFO - [2026-05-04T16:56:26.815+0000] {dagbag.py:588} INFO - Filling up the DagBag from /opt/airflow/dags/main.py
[2026-05-04T16:56:26.989+0000] {processor.py:925} INFO - DAG(s) 'kafka_to_s3' retrieved from /opt/airflow/dags/main.py
[2026-05-04T16:56:27.029+0000] {logging_mixin.py:190} INFO - [2026-05-04T16:56:27.029+0000] {dag.py:3239} INFO - Sync 1 DAGs
[2026-05-04T16:56:27.062+0000] {logging_mixin.py:190} INFO - [2026-05-04T16:56:27.062+0000] {dag.py:4180} INFO - Setting next_dagrun for kafka_to_s3 to 2026-05-04 00:00:00+00:00, run_after=2026-05-05 00:00:00+00:00
[2026-05-04T16:56:27.087+0000] {processor.py:208} INFO - Processing /opt/airflow/dags/main.py took 0.288 seconds
[2026-05-04T16:56:57.519+0000] {processor.py:186} INFO - Started process (PID=3149) to work on /opt/airflow/dags/main.py
[2026-05-04T16:56:57.520+0000] {processor.py:914} INFO - Processing file /opt/airflow/dags/main.py for tasks to queue
[2026-05-04T16:56:57.524+0000] {logging_mixin.py:190} INFO - [2026-05-04T16:56:57.523+0000] {dagbag.py:588} INFO - Filling up the DagBag from /opt/airflow/dags/main.py
[2026-05-04T16:56:57.680+0000] {processor.py:925} INFO - DAG(s) 'kafka_to_s3' retrieved from /opt/airflow/dags/main.py
[2026-05-04T16:56:57.719+0000] {logging_mixin.py:190} INFO - [2026-05-04T16:56:57.719+0000] {dag.py:3239} INFO - Sync 1 DAGs
[2026-05-04T16:56:57.752+0000] {logging_mixin.py:190} INFO - [2026-05-04T16:56:57.751+0000] {dag.py:4180} INFO - Setting next_dagrun for kafka_to_s3 to 2026-05-04 00:00:00+00:00, run_after=2026-05-05 00:00:00+00:00
[2026-05-04T16:56:57.779+0000] {processor.py:208} INFO - Processing /opt/airflow/dags/main.py took 0.271 seconds
[2026-05-04T16:57:27.836+0000] {processor.py:186} INFO - Started process (PID=3156) to work on /opt/airflow/dags/main.py
[2026-05-04T16:57:27.837+0000] {processor.py:914} INFO - Processing file /opt/airflow/dags/main.py for tasks to queue
[2026-05-04T16:57:27.840+0000] {logging_mixin.py:190} INFO - [2026-05-04T16:57:27.840+0000] {dagbag.py:588} INFO - Filling up the DagBag from /opt/airflow/dags/main.py
[2026-05-04T16:57:27.991+0000] {processor.py:925} INFO - DAG(s) 'kafka_to_s3' retrieved from /opt/airflow/dags/main.py
[2026-05-04T16:57:28.023+0000] {logging_mixin.py:190} INFO - [2026-05-04T16:57:28.022+0000] {dag.py:3239} INFO - Sync 1 DAGs
[2026-05-04T16:57:28.050+0000] {logging_mixin.py:190} INFO - [2026-05-04T16:57:28.049+0000] {dag.py:4180} INFO - Setting next_dagrun for kafka_to_s3 to 2026-05-04 00:00:00+00:00, run_after=2026-05-05 00:00:00+00:00
[2026-05-04T16:57:28.072+0000] {processor.py:208} INFO - Processing /opt/airflow/dags/main.py took 0.247 seconds
[2026-05-04T16:57:58.162+0000] {processor.py:186} INFO - Started process (PID=3163) to work on /opt/airflow/dags/main.py
[2026-05-04T16:57:58.164+0000] {processor.py:914} INFO - Processing file /opt/airflow/dags/main.py for tasks to queue
[2026-05-04T16:57:58.169+0000] {logging_mixin.py:190} INFO - [2026-05-04T16:57:58.168+0000] {dagbag.py:588} INFO - Filling up the DagBag from /opt/airflow/dags/main.py
[2026-05-04T16:57:58.312+0000] {processor.py:925} INFO - DAG(s) 'kafka_to_s3' retrieved from /opt/airflow/dags/main.py
[2026-05-04T16:57:58.342+0000] {logging_mixin.py:190} INFO - [2026-05-04T16:57:58.341+0000] {dag.py:3239} INFO - Sync 1 DAGs
[2026-05-04T16:57:58.369+0000] {logging_mixin.py:190} INFO - [2026-05-04T16:57:58.369+0000] {dag.py:4180} INFO - Setting next_dagrun for kafka_to_s3 to 2026-05-04 00:00:00+00:00, run_after=2026-05-05 00:00:00+00:00
[2026-05-04T16:57:58.392+0000] {processor.py:208} INFO - Processing /opt/airflow/dags/main.py took 0.240 seconds
[2026-05-04T16:58:28.657+0000] {processor.py:186} INFO - Started process (PID=3171) to work on /opt/airflow/dags/main.py
[2026-05-04T16:58:28.658+0000] {processor.py:914} INFO - Processing file /opt/airflow/dags/main.py for tasks to queue
[2026-05-04T16:58:28.662+0000] {logging_mixin.py:190} INFO - [2026-05-04T16:58:28.661+0000] {dagbag.py:588} INFO - Filling up the DagBag from /opt/airflow/dags/main.py
[2026-05-04T16:58:28.815+0000] {processor.py:925} INFO - DAG(s) 'kafka_to_s3' retrieved from /opt/airflow/dags/main.py
[2026-05-04T16:58:28.846+0000] {logging_mixin.py:190} INFO - [2026-05-04T16:58:28.846+0000] {dag.py:3239} INFO - Sync 1 DAGs
[2026-05-04T16:58:28.877+0000] {logging_mixin.py:190} INFO - [2026-05-04T16:58:28.876+0000] {dag.py:4180} INFO - Setting next_dagrun for kafka_to_s3 to 2026-05-04 00:00:00+00:00, run_after=2026-05-05 00:00:00+00:00
[2026-05-04T16:58:28.902+0000] {processor.py:208} INFO - Processing /opt/airflow/dags/main.py took 0.254 seconds
[2026-05-04T16:58:59.078+0000] {processor.py:186} INFO - Started process (PID=3179) to work on /opt/airflow/dags/main.py
[2026-05-04T16:58:59.080+0000] {processor.py:914} INFO - Processing file /opt/airflow/dags/main.py for tasks to queue
[2026-05-04T16:58:59.083+0000] {logging_mixin.py:190} INFO - [2026-05-04T16:58:59.082+0000] {dagbag.py:588} INFO - Filling up the DagBag from /opt/airflow/dags/main.py
[2026-05-04T16:58:59.208+0000] {processor.py:925} INFO - DAG(s) 'kafka_to_s3' retrieved from /opt/airflow/dags/main.py
[2026-05-04T16:58:59.237+0000] {logging_mixin.py:190} INFO - [2026-05-04T16:58:59.237+0000] {dag.py:3239} INFO - Sync 1 DAGs
[2026-05-04T16:58:59.264+0000] {logging_mixin.py:190} INFO - [2026-05-04T16:58:59.264+0000] {dag.py:4180} INFO - Setting next_dagrun for kafka_to_s3 to 2026-05-04 00:00:00+00:00, run_after=2026-05-05 00:00:00+00:00
[2026-05-04T16:58:59.289+0000] {processor.py:208} INFO - Processing /opt/airflow/dags/main.py took 0.219 seconds
[2026-05-04T16:59:29.650+0000] {processor.py:186} INFO - Started process (PID=3186) to work on /opt/airflow/dags/main.py
[2026-05-04T16:59:29.652+0000] {processor.py:914} INFO - Processing file /opt/airflow/dags/main.py for tasks to queue
[2026-05-04T16:59:29.655+0000] {logging_mixin.py:190} INFO - [2026-05-04T16:59:29.654+0000] {dagbag.py:588} INFO - Filling up the DagBag from /opt/airflow/dags/main.py
[2026-05-04T16:59:29.800+0000] {processor.py:925} INFO - DAG(s) 'kafka_to_s3' retrieved from /opt/airflow/dags/main.py
[2026-05-04T16:59:29.833+0000] {logging_mixin.py:190} INFO - [2026-05-04T16:59:29.832+0000] {dag.py:3239} INFO - Sync 1 DAGs
[2026-05-04T16:59:29.860+0000] {logging_mixin.py:190} INFO - [2026-05-04T16:59:29.860+0000] {dag.py:4180} INFO - Setting next_dagrun for kafka_to_s3 to 2026-05-04 00:00:00+00:00, run_after=2026-05-05 00:00:00+00:00
[2026-05-04T16:59:29.885+0000] {processor.py:208} INFO - Processing /opt/airflow/dags/main.py took 0.243 seconds
[2026-05-04T17:00:00.023+0000] {processor.py:186} INFO - Started process (PID=3193) to work on /opt/airflow/dags/main.py
[2026-05-04T17:00:00.024+0000] {processor.py:914} INFO - Processing file /opt/airflow/dags/main.py for tasks to queue
[2026-05-04T17:00:00.028+0000] {logging_mixin.py:190} INFO - [2026-05-04T17:00:00.027+0000] {dagbag.py:588} INFO - Filling up the DagBag from /opt/airflow/dags/main.py
[2026-05-04T17:00:00.152+0000] {processor.py:925} INFO - DAG(s) 'kafka_to_s3' retrieved from /opt/airflow/dags/main.py
[2026-05-04T17:00:00.180+0000] {logging_mixin.py:190} INFO - [2026-05-04T17:00:00.180+0000] {dag.py:3239} INFO - Sync 1 DAGs
[2026-05-04T17:00:00.205+0000] {logging_mixin.py:190} INFO - [2026-05-04T17:00:00.204+0000] {dag.py:4180} INFO - Setting next_dagrun for kafka_to_s3 to 2026-05-04 00:00:00+00:00, run_after=2026-05-05 00:00:00+00:00
[2026-05-04T17:00:00.225+0000] {processor.py:208} INFO - Processing /opt/airflow/dags/main.py took 0.209 seconds
[2026-05-04T17:00:30.519+0000] {processor.py:186} INFO - Started process (PID=3200) to work on /opt/airflow/dags/main.py
[2026-05-04T17:00:30.521+0000] {processor.py:914} INFO - Processing file /opt/airflow/dags/main.py for tasks to queue
[2026-05-04T17:00:30.526+0000] {logging_mixin.py:190} INFO - [2026-05-04T17:00:30.525+0000] {dagbag.py:588} INFO - Filling up the DagBag from /opt/airflow/dags/main.py
[2026-05-04T17:00:30.657+0000] {processor.py:925} INFO - DAG(s) 'kafka_to_s3' retrieved from /opt/airflow/dags/main.py
[2026-05-04T17:00:30.686+0000] {logging_mixin.py:190} INFO - [2026-05-04T17:00:30.686+0000] {dag.py:3239} INFO - Sync 1 DAGs
[2026-05-04T17:00:30.713+0000] {logging_mixin.py:190} INFO - [2026-05-04T17:00:30.712+0000] {dag.py:4180} INFO - Setting next_dagrun for kafka_to_s3 to 2026-05-04 00:00:00+00:00, run_after=2026-05-05 00:00:00+00:00
[2026-05-04T17:00:30.737+0000] {processor.py:208} INFO - Processing /opt/airflow/dags/main.py took 0.226 seconds
[2026-05-04T17:01:00.949+0000] {processor.py:186} INFO - Started process (PID=3207) to work on /opt/airflow/dags/main.py
[2026-05-04T17:01:00.951+0000] {processor.py:914} INFO - Processing file /opt/airflow/dags/main.py for tasks to queue
[2026-05-04T17:01:00.958+0000] {logging_mixin.py:190} INFO - [2026-05-04T17:01:00.957+0000] {dagbag.py:588} INFO - Filling up the DagBag from /opt/airflow/dags/main.py
[2026-05-04T17:01:01.163+0000] {processor.py:925} INFO - DAG(s) 'kafka_to_s3' retrieved from /opt/airflow/dags/main.py
[2026-05-04T17:01:01.197+0000] {logging_mixin.py:190} INFO - [2026-05-04T17:01:01.197+0000] {dag.py:3239} INFO - Sync 1 DAGs
[2026-05-04T17:01:01.231+0000] {logging_mixin.py:190} INFO - [2026-05-04T17:01:01.231+0000] {dag.py:4180} INFO - Setting next_dagrun for kafka_to_s3 to 2026-05-04 00:00:00+00:00, run_after=2026-05-05 00:00:00+00:00
[2026-05-04T17:01:01.259+0000] {processor.py:208} INFO - Processing /opt/airflow/dags/main.py took 0.322 seconds
[2026-05-04T17:01:31.502+0000] {processor.py:186} INFO - Started process (PID=3214) to work on /opt/airflow/dags/main.py
[2026-05-04T17:01:31.504+0000] {processor.py:914} INFO - Processing file /opt/airflow/dags/main.py for tasks to queue
[2026-05-04T17:01:31.507+0000] {logging_mixin.py:190} INFO - [2026-05-04T17:01:31.507+0000] {dagbag.py:588} INFO - Filling up the DagBag from /opt/airflow/dags/main.py
[2026-05-04T17:01:31.636+0000] {processor.py:925} INFO - DAG(s) 'kafka_to_s3' retrieved from /opt/airflow/dags/main.py
[2026-05-04T17:01:31.664+0000] {logging_mixin.py:190} INFO - [2026-05-04T17:01:31.663+0000] {dag.py:3239} INFO - Sync 1 DAGs
[2026-05-04T17:01:31.691+0000] {logging_mixin.py:190} INFO - [2026-05-04T17:01:31.691+0000] {dag.py:4180} INFO - Setting next_dagrun for kafka_to_s3 to 2026-05-04 00:00:00+00:00, run_after=2026-05-05 00:00:00+00:00
[2026-05-04T17:01:31.713+0000] {processor.py:208} INFO - Processing /opt/airflow/dags/main.py took 0.220 seconds
[2026-05-04T17:02:01.997+0000] {processor.py:186} INFO - Started process (PID=3221) to work on /opt/airflow/dags/main.py
[2026-05-04T17:02:01.998+0000] {processor.py:914} INFO - Processing file /opt/airflow/dags/main.py for tasks to queue
[2026-05-04T17:02:02.001+0000] {logging_mixin.py:190} INFO - [2026-05-04T17:02:02.001+0000] {dagbag.py:588} INFO - Filling up the DagBag from /opt/airflow/dags/main.py
[2026-05-04T17:02:02.147+0000] {processor.py:925} INFO - DAG(s) 'kafka_to_s3' retrieved from /opt/airflow/dags/main.py
[2026-05-04T17:02:02.191+0000] {logging_mixin.py:190} INFO - [2026-05-04T17:02:02.191+0000] {dag.py:3239} INFO - Sync 1 DAGs
[2026-05-04T17:02:02.219+0000] {logging_mixin.py:190} INFO - [2026-05-04T17:02:02.219+0000] {dag.py:4180} INFO - Setting next_dagrun for kafka_to_s3 to 2026-05-04 00:00:00+00:00, run_after=2026-05-05 00:00:00+00:00
[2026-05-04T17:02:02.245+0000] {processor.py:208} INFO - Processing /opt/airflow/dags/main.py took 0.258 seconds
[2026-05-04T17:02:32.370+0000] {processor.py:186} INFO - Started process (PID=3228) to work on /opt/airflow/dags/main.py
[2026-05-04T17:02:32.371+0000] {processor.py:914} INFO - Processing file /opt/airflow/dags/main.py for tasks to queue
[2026-05-04T17:02:32.374+0000] {logging_mixin.py:190} INFO - [2026-05-04T17:02:32.374+0000] {dagbag.py:588} INFO - Filling up the DagBag from /opt/airflow/dags/main.py
[2026-05-04T17:02:32.506+0000] {processor.py:925} INFO - DAG(s) 'kafka_to_s3' retrieved from /opt/airflow/dags/main.py
[2026-05-04T17:02:32.535+0000] {logging_mixin.py:190} INFO - [2026-05-04T17:02:32.534+0000] {dag.py:3239} INFO - Sync 1 DAGs
[2026-05-04T17:02:32.563+0000] {logging_mixin.py:190} INFO - [2026-05-04T17:02:32.563+0000] {dag.py:4180} INFO - Setting next_dagrun for kafka_to_s3 to 2026-05-04 00:00:00+00:00, run_after=2026-05-05 00:00:00+00:00
[2026-05-04T17:02:32.584+0000] {processor.py:208} INFO - Processing /opt/airflow/dags/main.py took 0.224 seconds
[2026-05-04T17:03:02.967+0000] {processor.py:186} INFO - Started process (PID=3235) to work on /opt/airflow/dags/main.py
[2026-05-04T17:03:02.968+0000] {processor.py:914} INFO - Processing file /opt/airflow/dags/main.py for tasks to queue
[2026-05-04T17:03:02.973+0000] {logging_mixin.py:190} INFO - [2026-05-04T17:03:02.972+0000] {dagbag.py:588} INFO - Filling up the DagBag from /opt/airflow/dags/main.py
[2026-05-04T17:03:03.172+0000] {processor.py:925} INFO - DAG(s) 'kafka_to_s3' retrieved from /opt/airflow/dags/main.py
[2026-05-04T17:03:03.207+0000] {logging_mixin.py:190} INFO - [2026-05-04T17:03:03.207+0000] {dag.py:3239} INFO - Sync 1 DAGs
[2026-05-04T17:03:03.235+0000] {logging_mixin.py:190} INFO - [2026-05-04T17:03:03.234+0000] {dag.py:4180} INFO - Setting next_dagrun for kafka_to_s3 to 2026-05-04 00:00:00+00:00, run_after=2026-05-05 00:00:00+00:00
[2026-05-04T17:03:03.258+0000] {processor.py:208} INFO - Processing /opt/airflow/dags/main.py took 0.299 seconds
[2026-05-04T17:03:33.339+0000] {processor.py:186} INFO - Started process (PID=3242) to work on /opt/airflow/dags/main.py
[2026-05-04T17:03:33.340+0000] {processor.py:914} INFO - Processing file /opt/airflow/dags/main.py for tasks to queue
[2026-05-04T17:03:33.344+0000] {logging_mixin.py:190} INFO - [2026-05-04T17:03:33.343+0000] {dagbag.py:588} INFO - Filling up the DagBag from /opt/airflow/dags/main.py
[2026-05-04T17:03:33.509+0000] {processor.py:925} INFO - DAG(s) 'kafka_to_s3' retrieved from /opt/airflow/dags/main.py
[2026-05-04T17:03:33.545+0000] {logging_mixin.py:190} INFO - [2026-05-04T17:03:33.544+0000] {dag.py:3239} INFO - Sync 1 DAGs
[2026-05-04T17:03:33.577+0000] {logging_mixin.py:190} INFO - [2026-05-04T17:03:33.577+0000] {dag.py:4180} INFO - Setting next_dagrun for kafka_to_s3 to 2026-05-04 00:00:00+00:00, run_after=2026-05-05 00:00:00+00:00
[2026-05-04T17:03:33.609+0000] {processor.py:208} INFO - Processing /opt/airflow/dags/main.py took 0.280 seconds
[2026-05-04T17:04:03.914+0000] {processor.py:186} INFO - Started process (PID=3249) to work on /opt/airflow/dags/main.py
[2026-05-04T17:04:03.915+0000] {processor.py:914} INFO - Processing file /opt/airflow/dags/main.py for tasks to queue
[2026-05-04T17:04:03.920+0000] {logging_mixin.py:190} INFO - [2026-05-04T17:04:03.919+0000] {dagbag.py:588} INFO - Filling up the DagBag from /opt/airflow/dags/main.py
[2026-05-04T17:04:04.052+0000] {processor.py:925} INFO - DAG(s) 'kafka_to_s3' retrieved from /opt/airflow/dags/main.py
[2026-05-04T17:04:04.083+0000] {logging_mixin.py:190} INFO - [2026-05-04T17:04:04.083+0000] {dag.py:3239} INFO - Sync 1 DAGs
[2026-05-04T17:04:04.112+0000] {logging_mixin.py:190} INFO - [2026-05-04T17:04:04.111+0000] {dag.py:4180} INFO - Setting next_dagrun for kafka_to_s3 to 2026-05-04 00:00:00+00:00, run_after=2026-05-05 00:00:00+00:00
[2026-05-04T17:04:04.136+0000] {processor.py:208} INFO - Processing /opt/airflow/dags/main.py took 0.230 seconds
[2026-05-04T17:04:34.759+0000] {processor.py:186} INFO - Started process (PID=3256) to work on /opt/airflow/dags/main.py
[2026-05-04T17:04:34.760+0000] {processor.py:914} INFO - Processing file /opt/airflow/dags/main.py for tasks to queue
[2026-05-04T17:04:34.764+0000] {logging_mixin.py:190} INFO - [2026-05-04T17:04:34.763+0000] {dagbag.py:588} INFO - Filling up the DagBag from /opt/airflow/dags/main.py
[2026-05-04T17:04:34.894+0000] {processor.py:925} INFO - DAG(s) 'kafka_to_s3' retrieved from /opt/airflow/dags/main.py
[2026-05-04T17:04:34.925+0000] {logging_mixin.py:190} INFO - [2026-05-04T17:04:34.925+0000] {dag.py:3239} INFO - Sync 1 DAGs
[2026-05-04T17:04:34.953+0000] {logging_mixin.py:190} INFO - [2026-05-04T17:04:34.953+0000] {dag.py:4180} INFO - Setting next_dagrun for kafka_to_s3 to 2026-05-04 00:00:00+00:00, run_after=2026-05-05 00:00:00+00:00
[2026-05-04T17:04:34.976+0000] {processor.py:208} INFO - Processing /opt/airflow/dags/main.py took 0.225 seconds
[2026-05-04T17:05:05.600+0000] {processor.py:186} INFO - Started process (PID=3263) to work on /opt/airflow/dags/main.py
[2026-05-04T17:05:05.602+0000] {processor.py:914} INFO - Processing file /opt/airflow/dags/main.py for tasks to queue
[2026-05-04T17:05:05.607+0000] {logging_mixin.py:190} INFO - [2026-05-04T17:05:05.606+0000] {dagbag.py:588} INFO - Filling up the DagBag from /opt/airflow/dags/main.py
[2026-05-04T17:05:05.827+0000] {processor.py:925} INFO - DAG(s) 'kafka_to_s3' retrieved from /opt/airflow/dags/main.py
[2026-05-04T17:05:05.863+0000] {logging_mixin.py:190} INFO - [2026-05-04T17:05:05.863+0000] {dag.py:3239} INFO - Sync 1 DAGs
[2026-05-04T17:05:05.890+0000] {logging_mixin.py:190} INFO - [2026-05-04T17:05:05.890+0000] {dag.py:4180} INFO - Setting next_dagrun for kafka_to_s3 to 2026-05-04 00:00:00+00:00, run_after=2026-05-05 00:00:00+00:00
[2026-05-04T17:05:05.914+0000] {processor.py:208} INFO - Processing /opt/airflow/dags/main.py took 0.329 seconds
[2026-05-04T17:05:36.073+0000] {processor.py:186} INFO - Started process (PID=3270) to work on /opt/airflow/dags/main.py
[2026-05-04T17:05:36.074+0000] {processor.py:914} INFO - Processing file /opt/airflow/dags/main.py for tasks to queue
[2026-05-04T17:05:36.077+0000] {logging_mixin.py:190} INFO - [2026-05-04T17:05:36.077+0000] {dagbag.py:588} INFO - Filling up the DagBag from /opt/airflow/dags/main.py
[2026-05-04T17:05:36.198+0000] {processor.py:925} INFO - DAG(s) 'kafka_to_s3' retrieved from /opt/airflow/dags/main.py
[2026-05-04T17:05:36.226+0000] {logging_mixin.py:190} INFO - [2026-05-04T17:05:36.225+0000] {dag.py:3239} INFO - Sync 1 DAGs
[2026-05-04T17:05:36.249+0000] {logging_mixin.py:190} INFO - [2026-05-04T17:05:36.249+0000] {dag.py:4180} INFO - Setting next_dagrun for kafka_to_s3 to 2026-05-04 00:00:00+00:00, run_after=2026-05-05 00:00:00+00:00
[2026-05-04T17:05:36.273+0000] {processor.py:208} INFO - Processing /opt/airflow/dags/main.py took 0.208 seconds
[2026-05-04T17:06:06.535+0000] {processor.py:186} INFO - Started process (PID=3277) to work on /opt/airflow/dags/main.py
[2026-05-04T17:06:06.537+0000] {processor.py:914} INFO - Processing file /opt/airflow/dags/main.py for tasks to queue
[2026-05-04T17:06:06.541+0000] {logging_mixin.py:190} INFO - [2026-05-04T17:06:06.540+0000] {dagbag.py:588} INFO - Filling up the DagBag from /opt/airflow/dags/main.py
[2026-05-04T17:06:06.687+0000] {processor.py:925} INFO - DAG(s) 'kafka_to_s3' retrieved from /opt/airflow/dags/main.py
[2026-05-04T17:06:06.717+0000] {logging_mixin.py:190} INFO - [2026-05-04T17:06:06.717+0000] {dag.py:3239} INFO - Sync 1 DAGs
[2026-05-04T17:06:06.755+0000] {logging_mixin.py:190} INFO - [2026-05-04T17:06:06.754+0000] {dag.py:4180} INFO - Setting next_dagrun for kafka_to_s3 to 2026-05-04 00:00:00+00:00, run_after=2026-05-05 00:00:00+00:00
[2026-05-04T17:06:06.781+0000] {processor.py:208} INFO - Processing /opt/airflow/dags/main.py took 0.255 seconds
[2026-05-04T17:06:37.038+0000] {processor.py:186} INFO - Started process (PID=3284) to work on /opt/airflow/dags/main.py
[2026-05-04T17:06:37.040+0000] {processor.py:914} INFO - Processing file /opt/airflow/dags/main.py for tasks to queue
[2026-05-04T17:06:37.044+0000] {logging_mixin.py:190} INFO - [2026-05-04T17:06:37.043+0000] {dagbag.py:588} INFO - Filling up the DagBag from /opt/airflow/dags/main.py
[2026-05-04T17:06:37.196+0000] {processor.py:925} INFO - DAG(s) 'kafka_to_s3' retrieved from /opt/airflow/dags/main.py
[2026-05-04T17:06:37.231+0000] {logging_mixin.py:190} INFO - [2026-05-04T17:06:37.231+0000] {dag.py:3239} INFO - Sync 1 DAGs
[2026-05-04T17:06:37.265+0000] {logging_mixin.py:190} INFO - [2026-05-04T17:06:37.264+0000] {dag.py:4180} INFO - Setting next_dagrun for kafka_to_s3 to 2026-05-04 00:00:00+00:00, run_after=2026-05-05 00:00:00+00:00
[2026-05-04T17:06:37.294+0000] {processor.py:208} INFO - Processing /opt/airflow/dags/main.py took 0.265 seconds
[2026-05-04T17:07:07.606+0000] {processor.py:186} INFO - Started process (PID=3291) to work on /opt/airflow/dags/main.py
[2026-05-04T17:07:07.608+0000] {processor.py:914} INFO - Processing file /opt/airflow/dags/main.py for tasks to queue
[2026-05-04T17:07:07.611+0000] {logging_mixin.py:190} INFO - [2026-05-04T17:07:07.611+0000] {dagbag.py:588} INFO - Filling up the DagBag from /opt/airflow/dags/main.py
[2026-05-04T17:07:07.774+0000] {processor.py:925} INFO - DAG(s) 'kafka_to_s3' retrieved from /opt/airflow/dags/main.py
[2026-05-04T17:07:07.802+0000] {logging_mixin.py:190} INFO - [2026-05-04T17:07:07.802+0000] {dag.py:3239} INFO - Sync 1 DAGs
[2026-05-04T17:07:07.826+0000] {logging_mixin.py:190} INFO - [2026-05-04T17:07:07.826+0000] {dag.py:4180} INFO - Setting next_dagrun for kafka_to_s3 to 2026-05-04 00:00:00+00:00, run_after=2026-05-05 00:00:00+00:00
[2026-05-04T17:07:07.848+0000] {processor.py:208} INFO - Processing /opt/airflow/dags/main.py took 0.252 seconds
[2026-05-04T17:07:37.974+0000] {processor.py:186} INFO - Started process (PID=3298) to work on /opt/airflow/dags/main.py
[2026-05-04T17:07:37.976+0000] {processor.py:914} INFO - Processing file /opt/airflow/dags/main.py for tasks to queue
[2026-05-04T17:07:37.981+0000] {logging_mixin.py:190} INFO - [2026-05-04T17:07:37.980+0000] {dagbag.py:588} INFO - Filling up the DagBag from /opt/airflow/dags/main.py
[2026-05-04T17:07:38.165+0000] {processor.py:925} INFO - DAG(s) 'kafka_to_s3' retrieved from /opt/airflow/dags/main.py
[2026-05-04T17:07:38.212+0000] {logging_mixin.py:190} INFO - [2026-05-04T17:07:38.211+0000] {dag.py:3239} INFO - Sync 1 DAGs
[2026-05-04T17:07:38.249+0000] {logging_mixin.py:190} INFO - [2026-05-04T17:07:38.248+0000] {dag.py:4180} INFO - Setting next_dagrun for kafka_to_s3 to 2026-05-04 00:00:00+00:00, run_after=2026-05-05 00:00:00+00:00
[2026-05-04T17:07:38.277+0000] {processor.py:208} INFO - Processing /opt/airflow/dags/main.py took 0.315 seconds
[2026-05-04T17:08:09.051+0000] {processor.py:186} INFO - Started process (PID=3305) to work on /opt/airflow/dags/main.py
[2026-05-04T17:08:09.053+0000] {processor.py:914} INFO - Processing file /opt/airflow/dags/main.py for tasks to queue
[2026-05-04T17:08:09.057+0000] {logging_mixin.py:190} INFO - [2026-05-04T17:08:09.057+0000] {dagbag.py:588} INFO - Filling up the DagBag from /opt/airflow/dags/main.py
[2026-05-04T17:08:09.226+0000] {processor.py:925} INFO - DAG(s) 'kafka_to_s3' retrieved from /opt/airflow/dags/main.py
[2026-05-04T17:08:09.286+0000] {logging_mixin.py:190} INFO - [2026-05-04T17:08:09.286+0000] {dag.py:3239} INFO - Sync 1 DAGs
[2026-05-04T17:08:09.324+0000] {logging_mixin.py:190} INFO - [2026-05-04T17:08:09.323+0000] {dag.py:4180} INFO - Setting next_dagrun for kafka_to_s3 to 2026-05-04 00:00:00+00:00, run_after=2026-05-05 00:00:00+00:00
[2026-05-04T17:08:09.527+0000] {processor.py:208} INFO - Processing /opt/airflow/dags/main.py took 0.483 seconds
[2026-05-04T17:08:39.945+0000] {processor.py:186} INFO - Started process (PID=3312) to work on /opt/airflow/dags/main.py
[2026-05-04T17:08:39.947+0000] {processor.py:914} INFO - Processing file /opt/airflow/dags/main.py for tasks to queue
[2026-05-04T17:08:39.951+0000] {logging_mixin.py:190} INFO - [2026-05-04T17:08:39.950+0000] {dagbag.py:588} INFO - Filling up the DagBag from /opt/airflow/dags/main.py
[2026-05-04T17:08:40.090+0000] {processor.py:925} INFO - DAG(s) 'kafka_to_s3' retrieved from /opt/airflow/dags/main.py
[2026-05-04T17:08:40.120+0000] {logging_mixin.py:190} INFO - [2026-05-04T17:08:40.120+0000] {dag.py:3239} INFO - Sync 1 DAGs
[2026-05-04T17:08:40.149+0000] {logging_mixin.py:190} INFO - [2026-05-04T17:08:40.149+0000] {dag.py:4180} INFO - Setting next_dagrun for kafka_to_s3 to 2026-05-04 00:00:00+00:00, run_after=2026-05-05 00:00:00+00:00
[2026-05-04T17:08:40.172+0000] {processor.py:208} INFO - Processing /opt/airflow/dags/main.py took 0.234 seconds
[2026-05-04T17:09:10.463+0000] {processor.py:186} INFO - Started process (PID=3319) to work on /opt/airflow/dags/main.py
[2026-05-04T17:09:10.465+0000] {processor.py:914} INFO - Processing file /opt/airflow/dags/main.py for tasks to queue
[2026-05-04T17:09:10.469+0000] {logging_mixin.py:190} INFO - [2026-05-04T17:09:10.469+0000] {dagbag.py:588} INFO - Filling up the DagBag from /opt/airflow/dags/main.py
[2026-05-04T17:09:10.606+0000] {processor.py:925} INFO - DAG(s) 'kafka_to_s3' retrieved from /opt/airflow/dags/main.py
[2026-05-04T17:09:10.634+0000] {logging_mixin.py:190} INFO - [2026-05-04T17:09:10.634+0000] {dag.py:3239} INFO - Sync 1 DAGs
[2026-05-04T17:09:10.665+0000] {logging_mixin.py:190} INFO - [2026-05-04T17:09:10.665+0000] {dag.py:4180} INFO - Setting next_dagrun for kafka_to_s3 to 2026-05-04 00:00:00+00:00, run_after=2026-05-05 00:00:00+00:00
[2026-05-04T17:09:10.691+0000] {processor.py:208} INFO - Processing /opt/airflow/dags/main.py took 0.237 seconds
[2026-05-04T17:09:40.999+0000] {processor.py:186} INFO - Started process (PID=3326) to work on /opt/airflow/dags/main.py
[2026-05-04T17:09:41.001+0000] {processor.py:914} INFO - Processing file /opt/airflow/dags/main.py for tasks to queue
[2026-05-04T17:09:41.004+0000] {logging_mixin.py:190} INFO - [2026-05-04T17:09:41.004+0000] {dagbag.py:588} INFO - Filling up the DagBag from /opt/airflow/dags/main.py
[2026-05-04T17:09:41.145+0000] {processor.py:925} INFO - DAG(s) 'kafka_to_s3' retrieved from /opt/airflow/dags/main.py
[2026-05-04T17:09:41.185+0000] {logging_mixin.py:190} INFO - [2026-05-04T17:09:41.185+0000] {dag.py:3239} INFO - Sync 1 DAGs
[2026-05-04T17:09:41.226+0000] {logging_mixin.py:190} INFO - [2026-05-04T17:09:41.226+0000] {dag.py:4180} INFO - Setting next_dagrun for kafka_to_s3 to 2026-05-04 00:00:00+00:00, run_after=2026-05-05 00:00:00+00:00
[2026-05-04T17:09:41.249+0000] {processor.py:208} INFO - Processing /opt/airflow/dags/main.py took 0.258 seconds
[2026-05-04T17:10:11.595+0000] {processor.py:186} INFO - Started process (PID=3333) to work on /opt/airflow/dags/main.py
[2026-05-04T17:10:11.596+0000] {processor.py:914} INFO - Processing file /opt/airflow/dags/main.py for tasks to queue
[2026-05-04T17:10:11.599+0000] {logging_mixin.py:190} INFO - [2026-05-04T17:10:11.599+0000] {dagbag.py:588} INFO - Filling up the DagBag from /opt/airflow/dags/main.py
[2026-05-04T17:10:11.752+0000] {processor.py:925} INFO - DAG(s) 'kafka_to_s3' retrieved from /opt/airflow/dags/main.py
[2026-05-04T17:10:11.786+0000] {logging_mixin.py:190} INFO - [2026-05-04T17:10:11.786+0000] {dag.py:3239} INFO - Sync 1 DAGs
[2026-05-04T17:10:11.816+0000] {logging_mixin.py:190} INFO - [2026-05-04T17:10:11.815+0000] {dag.py:4180} INFO - Setting next_dagrun for kafka_to_s3 to 2026-05-04 00:00:00+00:00, run_after=2026-05-05 00:00:00+00:00
[2026-05-04T17:10:11.840+0000] {processor.py:208} INFO - Processing /opt/airflow/dags/main.py took 0.253 seconds
[2026-05-04T17:10:41.958+0000] {processor.py:186} INFO - Started process (PID=3340) to work on /opt/airflow/dags/main.py
[2026-05-04T17:10:41.959+0000] {processor.py:914} INFO - Processing file /opt/airflow/dags/main.py for tasks to queue
[2026-05-04T17:10:41.962+0000] {logging_mixin.py:190} INFO - [2026-05-04T17:10:41.962+0000] {dagbag.py:588} INFO - Filling up the DagBag from /opt/airflow/dags/main.py
[2026-05-04T17:10:42.094+0000] {processor.py:925} INFO - DAG(s) 'kafka_to_s3' retrieved from /opt/airflow/dags/main.py
[2026-05-04T17:10:42.126+0000] {logging_mixin.py:190} INFO - [2026-05-04T17:10:42.126+0000] {dag.py:3239} INFO - Sync 1 DAGs
[2026-05-04T17:10:42.151+0000] {logging_mixin.py:190} INFO - [2026-05-04T17:10:42.151+0000] {dag.py:4180} INFO - Setting next_dagrun for kafka_to_s3 to 2026-05-04 00:00:00+00:00, run_after=2026-05-05 00:00:00+00:00
[2026-05-04T17:10:42.175+0000] {processor.py:208} INFO - Processing /opt/airflow/dags/main.py took 0.224 seconds
[2026-05-04T17:11:12.601+0000] {processor.py:186} INFO - Started process (PID=3347) to work on /opt/airflow/dags/main.py
[2026-05-04T17:11:12.602+0000] {processor.py:914} INFO - Processing file /opt/airflow/dags/main.py for tasks to queue
[2026-05-04T17:11:12.605+0000] {logging_mixin.py:190} INFO - [2026-05-04T17:11:12.605+0000] {dagbag.py:588} INFO - Filling up the DagBag from /opt/airflow/dags/main.py
[2026-05-04T17:11:12.737+0000] {processor.py:925} INFO - DAG(s) 'kafka_to_s3' retrieved from /opt/airflow/dags/main.py
[2026-05-04T17:11:12.764+0000] {logging_mixin.py:190} INFO - [2026-05-04T17:11:12.764+0000] {dag.py:3239} INFO - Sync 1 DAGs
[2026-05-04T17:11:12.789+0000] {logging_mixin.py:190} INFO - [2026-05-04T17:11:12.789+0000] {dag.py:4180} INFO - Setting next_dagrun for kafka_to_s3 to 2026-05-04 00:00:00+00:00, run_after=2026-05-05 00:00:00+00:00
[2026-05-04T17:11:12.810+0000] {processor.py:208} INFO - Processing /opt/airflow/dags/main.py took 0.219 seconds
[2026-05-04T17:11:43.048+0000] {processor.py:186} INFO - Started process (PID=3354) to work on /opt/airflow/dags/main.py
[2026-05-04T17:11:43.049+0000] {processor.py:914} INFO - Processing file /opt/airflow/dags/main.py for tasks to queue
[2026-05-04T17:11:43.053+0000] {logging_mixin.py:190} INFO - [2026-05-04T17:11:43.053+0000] {dagbag.py:588} INFO - Filling up the DagBag from /opt/airflow/dags/main.py
[2026-05-04T17:11:43.179+0000] {processor.py:925} INFO - DAG(s) 'kafka_to_s3' retrieved from /opt/airflow/dags/main.py
[2026-05-04T17:11:43.209+0000] {logging_mixin.py:190} INFO - [2026-05-04T17:11:43.208+0000] {dag.py:3239} INFO - Sync 1 DAGs
[2026-05-04T17:11:43.234+0000] {logging_mixin.py:190} INFO - [2026-05-04T17:11:43.233+0000] {dag.py:4180} INFO - Setting next_dagrun for kafka_to_s3 to 2026-05-04 00:00:00+00:00, run_after=2026-05-05 00:00:00+00:00
[2026-05-04T17:11:43.255+0000] {processor.py:208} INFO - Processing /opt/airflow/dags/main.py took 0.216 seconds
[2026-05-04T17:12:13.671+0000] {processor.py:186} INFO - Started process (PID=3361) to work on /opt/airflow/dags/main.py
[2026-05-04T17:12:13.672+0000] {processor.py:914} INFO - Processing file /opt/airflow/dags/main.py for tasks to queue
[2026-05-04T17:12:13.677+0000] {logging_mixin.py:190} INFO - [2026-05-04T17:12:13.677+0000] {dagbag.py:588} INFO - Filling up the DagBag from /opt/airflow/dags/main.py
[2026-05-04T17:12:13.843+0000] {processor.py:925} INFO - DAG(s) 'kafka_to_s3' retrieved from /opt/airflow/dags/main.py
[2026-05-04T17:12:13.885+0000] {logging_mixin.py:190} INFO - [2026-05-04T17:12:13.885+0000] {dag.py:3239} INFO - Sync 1 DAGs
[2026-05-04T17:12:13.927+0000] {logging_mixin.py:190} INFO - [2026-05-04T17:12:13.926+0000] {dag.py:4180} INFO - Setting next_dagrun for kafka_to_s3 to 2026-05-04 00:00:00+00:00, run_after=2026-05-05 00:00:00+00:00
[2026-05-04T17:12:13.961+0000] {processor.py:208} INFO - Processing /opt/airflow/dags/main.py took 0.300 seconds
[2026-05-04T17:12:44.082+0000] {processor.py:186} INFO - Started process (PID=3368) to work on /opt/airflow/dags/main.py
[2026-05-04T17:12:44.083+0000] {processor.py:914} INFO - Processing file /opt/airflow/dags/main.py for tasks to queue
[2026-05-04T17:12:44.087+0000] {logging_mixin.py:190} INFO - [2026-05-04T17:12:44.087+0000] {dagbag.py:588} INFO - Filling up the DagBag from /opt/airflow/dags/main.py
[2026-05-04T17:12:44.209+0000] {processor.py:925} INFO - DAG(s) 'kafka_to_s3' retrieved from /opt/airflow/dags/main.py
[2026-05-04T17:12:44.239+0000] {logging_mixin.py:190} INFO - [2026-05-04T17:12:44.239+0000] {dag.py:3239} INFO - Sync 1 DAGs
[2026-05-04T17:12:44.266+0000] {logging_mixin.py:190} INFO - [2026-05-04T17:12:44.265+0000] {dag.py:4180} INFO - Setting next_dagrun for kafka_to_s3 to 2026-05-04 00:00:00+00:00, run_after=2026-05-05 00:00:00+00:00
[2026-05-04T17:12:44.291+0000] {processor.py:208} INFO - Processing /opt/airflow/dags/main.py took 0.218 seconds
[2026-05-04T17:13:14.488+0000] {processor.py:186} INFO - Started process (PID=3375) to work on /opt/airflow/dags/main.py
[2026-05-04T17:13:14.490+0000] {processor.py:914} INFO - Processing file /opt/airflow/dags/main.py for tasks to queue
[2026-05-04T17:13:14.494+0000] {logging_mixin.py:190} INFO - [2026-05-04T17:13:14.494+0000] {dagbag.py:588} INFO - Filling up the DagBag from /opt/airflow/dags/main.py
[2026-05-04T17:13:14.615+0000] {processor.py:925} INFO - DAG(s) 'kafka_to_s3' retrieved from /opt/airflow/dags/main.py
[2026-05-04T17:13:14.646+0000] {logging_mixin.py:190} INFO - [2026-05-04T17:13:14.645+0000] {dag.py:3239} INFO - Sync 1 DAGs
[2026-05-04T17:13:14.671+0000] {logging_mixin.py:190} INFO - [2026-05-04T17:13:14.671+0000] {dag.py:4180} INFO - Setting next_dagrun for kafka_to_s3 to 2026-05-04 00:00:00+00:00, run_after=2026-05-05 00:00:00+00:00
[2026-05-04T17:13:14.696+0000] {processor.py:208} INFO - Processing /opt/airflow/dags/main.py took 0.216 seconds
[2026-05-04T17:13:45.024+0000] {processor.py:186} INFO - Started process (PID=3382) to work on /opt/airflow/dags/main.py
[2026-05-04T17:13:45.025+0000] {processor.py:914} INFO - Processing file /opt/airflow/dags/main.py for tasks to queue
[2026-05-04T17:13:45.028+0000] {logging_mixin.py:190} INFO - [2026-05-04T17:13:45.027+0000] {dagbag.py:588} INFO - Filling up the DagBag from /opt/airflow/dags/main.py
[2026-05-04T17:13:45.160+0000] {processor.py:925} INFO - DAG(s) 'kafka_to_s3' retrieved from /opt/airflow/dags/main.py
[2026-05-04T17:13:45.191+0000] {logging_mixin.py:190} INFO - [2026-05-04T17:13:45.190+0000] {dag.py:3239} INFO - Sync 1 DAGs
[2026-05-04T17:13:45.221+0000] {logging_mixin.py:190} INFO - [2026-05-04T17:13:45.221+0000] {dag.py:4180} INFO - Setting next_dagrun for kafka_to_s3 to 2026-05-04 00:00:00+00:00, run_after=2026-05-05 00:00:00+00:00
[2026-05-04T17:13:45.243+0000] {processor.py:208} INFO - Processing /opt/airflow/dags/main.py took 0.227 seconds
[2026-05-04T17:14:15.379+0000] {processor.py:186} INFO - Started process (PID=3389) to work on /opt/airflow/dags/main.py
[2026-05-04T17:14:15.382+0000] {processor.py:914} INFO - Processing file /opt/airflow/dags/main.py for tasks to queue
[2026-05-04T17:14:15.386+0000] {logging_mixin.py:190} INFO - [2026-05-04T17:14:15.385+0000] {dagbag.py:588} INFO - Filling up the DagBag from /opt/airflow/dags/main.py
[2026-05-04T17:14:15.540+0000] {processor.py:925} INFO - DAG(s) 'kafka_to_s3' retrieved from /opt/airflow/dags/main.py
[2026-05-04T17:14:15.577+0000] {logging_mixin.py:190} INFO - [2026-05-04T17:14:15.577+0000] {dag.py:3239} INFO - Sync 1 DAGs
[2026-05-04T17:14:15.612+0000] {logging_mixin.py:190} INFO - [2026-05-04T17:14:15.611+0000] {dag.py:4180} INFO - Setting next_dagrun for kafka_to_s3 to 2026-05-04 00:00:00+00:00, run_after=2026-05-05 00:00:00+00:00
[2026-05-04T17:14:15.642+0000] {processor.py:208} INFO - Processing /opt/airflow/dags/main.py took 0.273 seconds
[2026-05-04T17:14:45.891+0000] {processor.py:186} INFO - Started process (PID=3396) to work on /opt/airflow/dags/main.py
[2026-05-04T17:14:45.893+0000] {processor.py:914} INFO - Processing file /opt/airflow/dags/main.py for tasks to queue
[2026-05-04T17:14:45.903+0000] {logging_mixin.py:190} INFO - [2026-05-04T17:14:45.903+0000] {dagbag.py:588} INFO - Filling up the DagBag from /opt/airflow/dags/main.py
[2026-05-04T17:14:46.047+0000] {processor.py:925} INFO - DAG(s) 'kafka_to_s3' retrieved from /opt/airflow/dags/main.py
[2026-05-04T17:14:46.093+0000] {logging_mixin.py:190} INFO - [2026-05-04T17:14:46.092+0000] {dag.py:3239} INFO - Sync 1 DAGs
[2026-05-04T17:14:46.139+0000] {logging_mixin.py:190} INFO - [2026-05-04T17:14:46.138+0000] {dag.py:4180} INFO - Setting next_dagrun for kafka_to_s3 to 2026-05-04 00:00:00+00:00, run_after=2026-05-05 00:00:00+00:00
[2026-05-04T17:14:46.171+0000] {processor.py:208} INFO - Processing /opt/airflow/dags/main.py took 0.292 seconds
[2026-05-04T17:15:16.393+0000] {processor.py:186} INFO - Started process (PID=3403) to work on /opt/airflow/dags/main.py
[2026-05-04T17:15:16.395+0000] {processor.py:914} INFO - Processing file /opt/airflow/dags/main.py for tasks to queue
[2026-05-04T17:15:16.398+0000] {logging_mixin.py:190} INFO - [2026-05-04T17:15:16.398+0000] {dagbag.py:588} INFO - Filling up the DagBag from /opt/airflow/dags/main.py
[2026-05-04T17:15:16.527+0000] {processor.py:925} INFO - DAG(s) 'kafka_to_s3' retrieved from /opt/airflow/dags/main.py
[2026-05-04T17:15:16.556+0000] {logging_mixin.py:190} INFO - [2026-05-04T17:15:16.555+0000] {dag.py:3239} INFO - Sync 1 DAGs
[2026-05-04T17:15:16.581+0000] {logging_mixin.py:190} INFO - [2026-05-04T17:15:16.580+0000] {dag.py:4180} INFO - Setting next_dagrun for kafka_to_s3 to 2026-05-04 00:00:00+00:00, run_after=2026-05-05 00:00:00+00:00
[2026-05-04T17:15:16.608+0000] {processor.py:208} INFO - Processing /opt/airflow/dags/main.py took 0.223 seconds
[2026-05-04T17:15:47.035+0000] {processor.py:186} INFO - Started process (PID=3410) to work on /opt/airflow/dags/main.py
[2026-05-04T17:15:47.037+0000] {processor.py:914} INFO - Processing file /opt/airflow/dags/main.py for tasks to queue
[2026-05-04T17:15:47.040+0000] {logging_mixin.py:190} INFO - [2026-05-04T17:15:47.040+0000] {dagbag.py:588} INFO - Filling up the DagBag from /opt/airflow/dags/main.py
[2026-05-04T17:15:47.163+0000] {processor.py:925} INFO - DAG(s) 'kafka_to_s3' retrieved from /opt/airflow/dags/main.py
[2026-05-04T17:15:47.193+0000] {logging_mixin.py:190} INFO - [2026-05-04T17:15:47.192+0000] {dag.py:3239} INFO - Sync 1 DAGs
[2026-05-04T17:15:47.220+0000] {logging_mixin.py:190} INFO - [2026-05-04T17:15:47.220+0000] {dag.py:4180} INFO - Setting next_dagrun for kafka_to_s3 to 2026-05-04 00:00:00+00:00, run_after=2026-05-05 00:00:00+00:00
[2026-05-04T17:15:47.253+0000] {processor.py:208} INFO - Processing /opt/airflow/dags/main.py took 0.225 seconds
[2026-05-04T17:16:17.462+0000] {processor.py:186} INFO - Started process (PID=3417) to work on /opt/airflow/dags/main.py
[2026-05-04T17:16:17.464+0000] {processor.py:914} INFO - Processing file /opt/airflow/dags/main.py for tasks to queue
[2026-05-04T17:16:17.470+0000] {logging_mixin.py:190} INFO - [2026-05-04T17:16:17.470+0000] {dagbag.py:588} INFO - Filling up the DagBag from /opt/airflow/dags/main.py
[2026-05-04T17:16:17.699+0000] {processor.py:925} INFO - DAG(s) 'kafka_to_s3' retrieved from /opt/airflow/dags/main.py
[2026-05-04T17:16:17.732+0000] {logging_mixin.py:190} INFO - [2026-05-04T17:16:17.732+0000] {dag.py:3239} INFO - Sync 1 DAGs
[2026-05-04T17:16:17.763+0000] {logging_mixin.py:190} INFO - [2026-05-04T17:16:17.763+0000] {dag.py:4180} INFO - Setting next_dagrun for kafka_to_s3 to 2026-05-04 00:00:00+00:00, run_after=2026-05-05 00:00:00+00:00
[2026-05-04T17:16:17.790+0000] {processor.py:208} INFO - Processing /opt/airflow/dags/main.py took 0.348 seconds
[2026-05-04T17:16:47.957+0000] {processor.py:186} INFO - Started process (PID=3424) to work on /opt/airflow/dags/main.py
[2026-05-04T17:16:47.959+0000] {processor.py:914} INFO - Processing file /opt/airflow/dags/main.py for tasks to queue
[2026-05-04T17:16:47.966+0000] {logging_mixin.py:190} INFO - [2026-05-04T17:16:47.965+0000] {dagbag.py:588} INFO - Filling up the DagBag from /opt/airflow/dags/main.py
[2026-05-04T17:16:48.112+0000] {processor.py:925} INFO - DAG(s) 'kafka_to_s3' retrieved from /opt/airflow/dags/main.py
[2026-05-04T17:16:48.172+0000] {logging_mixin.py:190} INFO - [2026-05-04T17:16:48.171+0000] {dag.py:3239} INFO - Sync 1 DAGs
[2026-05-04T17:16:48.226+0000] {logging_mixin.py:190} INFO - [2026-05-04T17:16:48.225+0000] {dag.py:4180} INFO - Setting next_dagrun for kafka_to_s3 to 2026-05-04 00:00:00+00:00, run_after=2026-05-05 00:00:00+00:00
[2026-05-04T17:16:48.300+0000] {processor.py:208} INFO - Processing /opt/airflow/dags/main.py took 0.356 seconds
[2026-05-04T17:17:18.614+0000] {processor.py:186} INFO - Started process (PID=3431) to work on /opt/airflow/dags/main.py
[2026-05-04T17:17:18.616+0000] {processor.py:914} INFO - Processing file /opt/airflow/dags/main.py for tasks to queue
[2026-05-04T17:17:18.620+0000] {logging_mixin.py:190} INFO - [2026-05-04T17:17:18.620+0000] {dagbag.py:588} INFO - Filling up the DagBag from /opt/airflow/dags/main.py
[2026-05-04T17:17:18.800+0000] {processor.py:925} INFO - DAG(s) 'kafka_to_s3' retrieved from /opt/airflow/dags/main.py
[2026-05-04T17:17:18.831+0000] {logging_mixin.py:190} INFO - [2026-05-04T17:17:18.831+0000] {dag.py:3239} INFO - Sync 1 DAGs
[2026-05-04T17:17:18.857+0000] {logging_mixin.py:190} INFO - [2026-05-04T17:17:18.857+0000] {dag.py:4180} INFO - Setting next_dagrun for kafka_to_s3 to 2026-05-04 00:00:00+00:00, run_after=2026-05-05 00:00:00+00:00
[2026-05-04T17:17:18.877+0000] {processor.py:208} INFO - Processing /opt/airflow/dags/main.py took 0.274 seconds
[2026-05-04T17:17:49.169+0000] {processor.py:186} INFO - Started process (PID=3438) to work on /opt/airflow/dags/main.py
[2026-05-04T17:17:49.170+0000] {processor.py:914} INFO - Processing file /opt/airflow/dags/main.py for tasks to queue
[2026-05-04T17:17:49.174+0000] {logging_mixin.py:190} INFO - [2026-05-04T17:17:49.174+0000] {dagbag.py:588} INFO - Filling up the DagBag from /opt/airflow/dags/main.py
[2026-05-04T17:17:49.311+0000] {processor.py:925} INFO - DAG(s) 'kafka_to_s3' retrieved from /opt/airflow/dags/main.py
[2026-05-04T17:17:49.349+0000] {logging_mixin.py:190} INFO - [2026-05-04T17:17:49.348+0000] {dag.py:3239} INFO - Sync 1 DAGs
[2026-05-04T17:17:49.382+0000] {logging_mixin.py:190} INFO - [2026-05-04T17:17:49.381+0000] {dag.py:4180} INFO - Setting next_dagrun for kafka_to_s3 to 2026-05-04 00:00:00+00:00, run_after=2026-05-05 00:00:00+00:00
[2026-05-04T17:17:49.413+0000] {processor.py:208} INFO - Processing /opt/airflow/dags/main.py took 0.255 seconds
[2026-05-04T17:18:19.617+0000] {processor.py:186} INFO - Started process (PID=3445) to work on /opt/airflow/dags/main.py
[2026-05-04T17:18:19.618+0000] {processor.py:914} INFO - Processing file /opt/airflow/dags/main.py for tasks to queue
[2026-05-04T17:18:19.622+0000] {logging_mixin.py:190} INFO - [2026-05-04T17:18:19.622+0000] {dagbag.py:588} INFO - Filling up the DagBag from /opt/airflow/dags/main.py
[2026-05-04T17:18:19.795+0000] {processor.py:925} INFO - DAG(s) 'kafka_to_s3' retrieved from /opt/airflow/dags/main.py
[2026-05-04T17:18:19.836+0000] {logging_mixin.py:190} INFO - [2026-05-04T17:18:19.835+0000] {dag.py:3239} INFO - Sync 1 DAGs
[2026-05-04T17:18:19.871+0000] {logging_mixin.py:190} INFO - [2026-05-04T17:18:19.870+0000] {dag.py:4180} INFO - Setting next_dagrun for kafka_to_s3 to 2026-05-04 00:00:00+00:00, run_after=2026-05-05 00:00:00+00:00
[2026-05-04T17:18:19.898+0000] {processor.py:208} INFO - Processing /opt/airflow/dags/main.py took 0.292 seconds
[2026-05-04T17:18:50.132+0000] {processor.py:186} INFO - Started process (PID=3452) to work on /opt/airflow/dags/main.py
[2026-05-04T17:18:50.133+0000] {processor.py:914} INFO - Processing file /opt/airflow/dags/main.py for tasks to queue
[2026-05-04T17:18:50.136+0000] {logging_mixin.py:190} INFO - [2026-05-04T17:18:50.136+0000] {dagbag.py:588} INFO - Filling up the DagBag from /opt/airflow/dags/main.py
[2026-05-04T17:18:50.257+0000] {processor.py:925} INFO - DAG(s) 'kafka_to_s3' retrieved from /opt/airflow/dags/main.py
[2026-05-04T17:18:50.286+0000] {logging_mixin.py:190} INFO - [2026-05-04T17:18:50.286+0000] {dag.py:3239} INFO - Sync 1 DAGs
[2026-05-04T17:18:50.314+0000] {logging_mixin.py:190} INFO - [2026-05-04T17:18:50.314+0000] {dag.py:4180} INFO - Setting next_dagrun for kafka_to_s3 to 2026-05-04 00:00:00+00:00, run_after=2026-05-05 00:00:00+00:00
[2026-05-04T17:18:50.346+0000] {processor.py:208} INFO - Processing /opt/airflow/dags/main.py took 0.222 seconds
[2026-05-04T17:19:20.705+0000] {processor.py:186} INFO - Started process (PID=3459) to work on /opt/airflow/dags/main.py
[2026-05-04T17:19:20.707+0000] {processor.py:914} INFO - Processing file /opt/airflow/dags/main.py for tasks to queue
[2026-05-04T17:19:20.710+0000] {logging_mixin.py:190} INFO - [2026-05-04T17:19:20.710+0000] {dagbag.py:588} INFO - Filling up the DagBag from /opt/airflow/dags/main.py
[2026-05-04T17:19:20.833+0000] {processor.py:925} INFO - DAG(s) 'kafka_to_s3' retrieved from /opt/airflow/dags/main.py
[2026-05-04T17:19:20.862+0000] {logging_mixin.py:190} INFO - [2026-05-04T17:19:20.862+0000] {dag.py:3239} INFO - Sync 1 DAGs
[2026-05-04T17:19:20.887+0000] {logging_mixin.py:190} INFO - [2026-05-04T17:19:20.887+0000] {dag.py:4180} INFO - Setting next_dagrun for kafka_to_s3 to 2026-05-04 00:00:00+00:00, run_after=2026-05-05 00:00:00+00:00
[2026-05-04T17:19:20.909+0000] {processor.py:208} INFO - Processing /opt/airflow/dags/main.py took 0.211 seconds
[2026-05-04T17:19:51.039+0000] {processor.py:186} INFO - Started process (PID=3466) to work on /opt/airflow/dags/main.py
[2026-05-04T17:19:51.041+0000] {processor.py:914} INFO - Processing file /opt/airflow/dags/main.py for tasks to queue
[2026-05-04T17:19:51.046+0000] {logging_mixin.py:190} INFO - [2026-05-04T17:19:51.045+0000] {dagbag.py:588} INFO - Filling up the DagBag from /opt/airflow/dags/main.py
[2026-05-04T17:19:51.172+0000] {processor.py:925} INFO - DAG(s) 'kafka_to_s3' retrieved from /opt/airflow/dags/main.py
[2026-05-04T17:19:51.201+0000] {logging_mixin.py:190} INFO - [2026-05-04T17:19:51.201+0000] {dag.py:3239} INFO - Sync 1 DAGs
[2026-05-04T17:19:51.226+0000] {logging_mixin.py:190} INFO - [2026-05-04T17:19:51.226+0000] {dag.py:4180} INFO - Setting next_dagrun for kafka_to_s3 to 2026-05-04 00:00:00+00:00, run_after=2026-05-05 00:00:00+00:00
[2026-05-04T17:19:51.248+0000] {processor.py:208} INFO - Processing /opt/airflow/dags/main.py took 0.216 seconds
[2026-05-04T17:20:21.547+0000] {processor.py:186} INFO - Started process (PID=3473) to work on /opt/airflow/dags/main.py
[2026-05-04T17:20:21.548+0000] {processor.py:914} INFO - Processing file /opt/airflow/dags/main.py for tasks to queue
[2026-05-04T17:20:21.553+0000] {logging_mixin.py:190} INFO - [2026-05-04T17:20:21.552+0000] {dagbag.py:588} INFO - Filling up the DagBag from /opt/airflow/dags/main.py
[2026-05-04T17:20:21.710+0000] {processor.py:925} INFO - DAG(s) 'kafka_to_s3' retrieved from /opt/airflow/dags/main.py
[2026-05-04T17:20:21.741+0000] {logging_mixin.py:190} INFO - [2026-05-04T17:20:21.741+0000] {dag.py:3239} INFO - Sync 1 DAGs
[2026-05-04T17:20:21.768+0000] {logging_mixin.py:190} INFO - [2026-05-04T17:20:21.767+0000] {dag.py:4180} INFO - Setting next_dagrun for kafka_to_s3 to 2026-05-04 00:00:00+00:00, run_after=2026-05-05 00:00:00+00:00
[2026-05-04T17:20:21.790+0000] {processor.py:208} INFO - Processing /opt/airflow/dags/main.py took 0.253 seconds
[2026-05-04T17:20:52.024+0000] {processor.py:186} INFO - Started process (PID=3480) to work on /opt/airflow/dags/main.py
[2026-05-04T17:20:52.026+0000] {processor.py:914} INFO - Processing file /opt/airflow/dags/main.py for tasks to queue
[2026-05-04T17:20:52.030+0000] {logging_mixin.py:190} INFO - [2026-05-04T17:20:52.029+0000] {dagbag.py:588} INFO - Filling up the DagBag from /opt/airflow/dags/main.py
[2026-05-04T17:20:52.154+0000] {processor.py:925} INFO - DAG(s) 'kafka_to_s3' retrieved from /opt/airflow/dags/main.py
[2026-05-04T17:20:52.184+0000] {logging_mixin.py:190} INFO - [2026-05-04T17:20:52.184+0000] {dag.py:3239} INFO - Sync 1 DAGs
[2026-05-04T17:20:52.209+0000] {logging_mixin.py:190} INFO - [2026-05-04T17:20:52.209+0000] {dag.py:4180} INFO - Setting next_dagrun for kafka_to_s3 to 2026-05-04 00:00:00+00:00, run_after=2026-05-05 00:00:00+00:00
[2026-05-04T17:20:52.233+0000] {processor.py:208} INFO - Processing /opt/airflow/dags/main.py took 0.216 seconds
[2026-05-04T17:21:22.610+0000] {processor.py:186} INFO - Started process (PID=3487) to work on /opt/airflow/dags/main.py
[2026-05-04T17:21:22.611+0000] {processor.py:914} INFO - Processing file /opt/airflow/dags/main.py for tasks to queue
[2026-05-04T17:21:22.614+0000] {logging_mixin.py:190} INFO - [2026-05-04T17:21:22.614+0000] {dagbag.py:588} INFO - Filling up the DagBag from /opt/airflow/dags/main.py
[2026-05-04T17:21:22.733+0000] {processor.py:925} INFO - DAG(s) 'kafka_to_s3' retrieved from /opt/airflow/dags/main.py
[2026-05-04T17:21:22.761+0000] {logging_mixin.py:190} INFO - [2026-05-04T17:21:22.760+0000] {dag.py:3239} INFO - Sync 1 DAGs
[2026-05-04T17:21:22.785+0000] {logging_mixin.py:190} INFO - [2026-05-04T17:21:22.785+0000] {dag.py:4180} INFO - Setting next_dagrun for kafka_to_s3 to 2026-05-04 00:00:00+00:00, run_after=2026-05-05 00:00:00+00:00
[2026-05-04T17:21:22.810+0000] {processor.py:208} INFO - Processing /opt/airflow/dags/main.py took 0.208 seconds
[2026-05-04T17:21:53.069+0000] {processor.py:186} INFO - Started process (PID=3494) to work on /opt/airflow/dags/main.py
[2026-05-04T17:21:53.071+0000] {processor.py:914} INFO - Processing file /opt/airflow/dags/main.py for tasks to queue
[2026-05-04T17:21:53.073+0000] {logging_mixin.py:190} INFO - [2026-05-04T17:21:53.073+0000] {dagbag.py:588} INFO - Filling up the DagBag from /opt/airflow/dags/main.py
[2026-05-04T17:21:53.195+0000] {processor.py:925} INFO - DAG(s) 'kafka_to_s3' retrieved from /opt/airflow/dags/main.py
[2026-05-04T17:21:53.223+0000] {logging_mixin.py:190} INFO - [2026-05-04T17:21:53.223+0000] {dag.py:3239} INFO - Sync 1 DAGs
[2026-05-04T17:21:53.250+0000] {logging_mixin.py:190} INFO - [2026-05-04T17:21:53.249+0000] {dag.py:4180} INFO - Setting next_dagrun for kafka_to_s3 to 2026-05-04 00:00:00+00:00, run_after=2026-05-05 00:00:00+00:00
[2026-05-04T17:21:53.274+0000] {processor.py:208} INFO - Processing /opt/airflow/dags/main.py took 0.214 seconds
[2026-05-04T17:22:23.466+0000] {processor.py:186} INFO - Started process (PID=3501) to work on /opt/airflow/dags/main.py
[2026-05-04T17:22:23.468+0000] {processor.py:914} INFO - Processing file /opt/airflow/dags/main.py for tasks to queue
[2026-05-04T17:22:23.473+0000] {logging_mixin.py:190} INFO - [2026-05-04T17:22:23.472+0000] {dagbag.py:588} INFO - Filling up the DagBag from /opt/airflow/dags/main.py
[2026-05-04T17:22:23.659+0000] {processor.py:925} INFO - DAG(s) 'kafka_to_s3' retrieved from /opt/airflow/dags/main.py
[2026-05-04T17:22:23.694+0000] {logging_mixin.py:190} INFO - [2026-05-04T17:22:23.693+0000] {dag.py:3239} INFO - Sync 1 DAGs
[2026-05-04T17:22:23.726+0000] {logging_mixin.py:190} INFO - [2026-05-04T17:22:23.726+0000] {dag.py:4180} INFO - Setting next_dagrun for kafka_to_s3 to 2026-05-04 00:00:00+00:00, run_after=2026-05-05 00:00:00+00:00
[2026-05-04T17:22:23.752+0000] {processor.py:208} INFO - Processing /opt/airflow/dags/main.py took 0.297 seconds
[2026-05-04T17:22:54.003+0000] {processor.py:186} INFO - Started process (PID=3508) to work on /opt/airflow/dags/main.py
[2026-05-04T17:22:54.004+0000] {processor.py:914} INFO - Processing file /opt/airflow/dags/main.py for tasks to queue
[2026-05-04T17:22:54.008+0000] {logging_mixin.py:190} INFO - [2026-05-04T17:22:54.008+0000] {dagbag.py:588} INFO - Filling up the DagBag from /opt/airflow/dags/main.py
[2026-05-04T17:22:54.170+0000] {processor.py:925} INFO - DAG(s) 'kafka_to_s3' retrieved from /opt/airflow/dags/main.py
[2026-05-04T17:22:54.209+0000] {logging_mixin.py:190} INFO - [2026-05-04T17:22:54.208+0000] {dag.py:3239} INFO - Sync 1 DAGs
[2026-05-04T17:22:54.241+0000] {logging_mixin.py:190} INFO - [2026-05-04T17:22:54.241+0000] {dag.py:4180} INFO - Setting next_dagrun for kafka_to_s3 to 2026-05-04 00:00:00+00:00, run_after=2026-05-05 00:00:00+00:00
[2026-05-04T17:22:54.271+0000] {processor.py:208} INFO - Processing /opt/airflow/dags/main.py took 0.276 seconds
[2026-05-04T17:23:24.460+0000] {processor.py:186} INFO - Started process (PID=3515) to work on /opt/airflow/dags/main.py
[2026-05-04T17:23:24.462+0000] {processor.py:914} INFO - Processing file /opt/airflow/dags/main.py for tasks to queue
[2026-05-04T17:23:24.468+0000] {logging_mixin.py:190} INFO - [2026-05-04T17:23:24.468+0000] {dagbag.py:588} INFO - Filling up the DagBag from /opt/airflow/dags/main.py
[2026-05-04T17:23:24.711+0000] {processor.py:925} INFO - DAG(s) 'kafka_to_s3' retrieved from /opt/airflow/dags/main.py
[2026-05-04T17:23:24.764+0000] {logging_mixin.py:190} INFO - [2026-05-04T17:23:24.763+0000] {dag.py:3239} INFO - Sync 1 DAGs
[2026-05-04T17:23:24.809+0000] {logging_mixin.py:190} INFO - [2026-05-04T17:23:24.808+0000] {dag.py:4180} INFO - Setting next_dagrun for kafka_to_s3 to 2026-05-04 00:00:00+00:00, run_after=2026-05-05 00:00:00+00:00
[2026-05-04T17:23:24.843+0000] {processor.py:208} INFO - Processing /opt/airflow/dags/main.py took 0.399 seconds
[2026-05-04T17:23:55.101+0000] {processor.py:186} INFO - Started process (PID=3523) to work on /opt/airflow/dags/main.py
[2026-05-04T17:23:55.103+0000] {processor.py:914} INFO - Processing file /opt/airflow/dags/main.py for tasks to queue
[2026-05-04T17:23:55.107+0000] {logging_mixin.py:190} INFO - [2026-05-04T17:23:55.106+0000] {dagbag.py:588} INFO - Filling up the DagBag from /opt/airflow/dags/main.py
[2026-05-04T17:23:55.241+0000] {processor.py:925} INFO - DAG(s) 'kafka_to_s3' retrieved from /opt/airflow/dags/main.py
[2026-05-04T17:23:55.274+0000] {logging_mixin.py:190} INFO - [2026-05-04T17:23:55.274+0000] {dag.py:3239} INFO - Sync 1 DAGs
[2026-05-04T17:23:55.310+0000] {logging_mixin.py:190} INFO - [2026-05-04T17:23:55.309+0000] {dag.py:4180} INFO - Setting next_dagrun for kafka_to_s3 to 2026-05-04 00:00:00+00:00, run_after=2026-05-05 00:00:00+00:00
[2026-05-04T17:23:55.338+0000] {processor.py:208} INFO - Processing /opt/airflow/dags/main.py took 0.247 seconds
[2026-05-04T17:24:25.553+0000] {processor.py:186} INFO - Started process (PID=3530) to work on /opt/airflow/dags/main.py
[2026-05-04T17:24:25.554+0000] {processor.py:914} INFO - Processing file /opt/airflow/dags/main.py for tasks to queue
[2026-05-04T17:24:25.558+0000] {logging_mixin.py:190} INFO - [2026-05-04T17:24:25.558+0000] {dagbag.py:588} INFO - Filling up the DagBag from /opt/airflow/dags/main.py
[2026-05-04T17:24:25.722+0000] {processor.py:925} INFO - DAG(s) 'kafka_to_s3' retrieved from /opt/airflow/dags/main.py
[2026-05-04T17:24:25.769+0000] {logging_mixin.py:190} INFO - [2026-05-04T17:24:25.767+0000] {dag.py:3239} INFO - Sync 1 DAGs
[2026-05-04T17:24:25.803+0000] {logging_mixin.py:190} INFO - [2026-05-04T17:24:25.803+0000] {dag.py:4180} INFO - Setting next_dagrun for kafka_to_s3 to 2026-05-04 00:00:00+00:00, run_after=2026-05-05 00:00:00+00:00
[2026-05-04T17:24:25.827+0000] {processor.py:208} INFO - Processing /opt/airflow/dags/main.py took 0.282 seconds
[2026-05-04T17:24:55.999+0000] {processor.py:186} INFO - Started process (PID=3537) to work on /opt/airflow/dags/main.py
[2026-05-04T17:24:56.002+0000] {processor.py:914} INFO - Processing file /opt/airflow/dags/main.py for tasks to queue
[2026-05-04T17:24:56.005+0000] {logging_mixin.py:190} INFO - [2026-05-04T17:24:56.005+0000] {dagbag.py:588} INFO - Filling up the DagBag from /opt/airflow/dags/main.py
[2026-05-04T17:24:56.153+0000] {processor.py:925} INFO - DAG(s) 'kafka_to_s3' retrieved from /opt/airflow/dags/main.py
[2026-05-04T17:24:56.191+0000] {logging_mixin.py:190} INFO - [2026-05-04T17:24:56.190+0000] {dag.py:3239} INFO - Sync 1 DAGs
[2026-05-04T17:24:56.224+0000] {logging_mixin.py:190} INFO - [2026-05-04T17:24:56.224+0000] {dag.py:4180} INFO - Setting next_dagrun for kafka_to_s3 to 2026-05-04 00:00:00+00:00, run_after=2026-05-05 00:00:00+00:00
[2026-05-04T17:24:56.252+0000] {processor.py:208} INFO - Processing /opt/airflow/dags/main.py took 0.263 seconds
[2026-05-04T17:25:26.652+0000] {processor.py:186} INFO - Started process (PID=3544) to work on /opt/airflow/dags/main.py
[2026-05-04T17:25:26.653+0000] {processor.py:914} INFO - Processing file /opt/airflow/dags/main.py for tasks to queue
[2026-05-04T17:25:26.657+0000] {logging_mixin.py:190} INFO - [2026-05-04T17:25:26.657+0000] {dagbag.py:588} INFO - Filling up the DagBag from /opt/airflow/dags/main.py
[2026-05-04T17:25:26.977+0000] {processor.py:925} INFO - DAG(s) 'kafka_to_s3' retrieved from /opt/airflow/dags/main.py
[2026-05-04T17:25:27.024+0000] {logging_mixin.py:190} INFO - [2026-05-04T17:25:27.022+0000] {dag.py:3239} INFO - Sync 1 DAGs
[2026-05-04T17:25:27.144+0000] {logging_mixin.py:190} INFO - [2026-05-04T17:25:27.144+0000] {dag.py:4180} INFO - Setting next_dagrun for kafka_to_s3 to 2026-05-04 00:00:00+00:00, run_after=2026-05-05 00:00:00+00:00
[2026-05-04T17:25:27.165+0000] {processor.py:208} INFO - Processing /opt/airflow/dags/main.py took 0.555 seconds
[2026-05-04T17:25:57.500+0000] {processor.py:186} INFO - Started process (PID=3551) to work on /opt/airflow/dags/main.py
[2026-05-04T17:25:57.514+0000] {processor.py:914} INFO - Processing file /opt/airflow/dags/main.py for tasks to queue
[2026-05-04T17:25:57.561+0000] {logging_mixin.py:190} INFO - [2026-05-04T17:25:57.560+0000] {dagbag.py:588} INFO - Filling up the DagBag from /opt/airflow/dags/main.py
[2026-05-04T17:25:57.764+0000] {processor.py:925} INFO - DAG(s) 'kafka_to_s3' retrieved from /opt/airflow/dags/main.py
[2026-05-04T17:25:57.878+0000] {logging_mixin.py:190} INFO - [2026-05-04T17:25:57.878+0000] {dag.py:3239} INFO - Sync 1 DAGs
[2026-05-04T17:25:57.936+0000] {logging_mixin.py:190} INFO - [2026-05-04T17:25:57.936+0000] {dag.py:4180} INFO - Setting next_dagrun for kafka_to_s3 to 2026-05-04 00:00:00+00:00, run_after=2026-05-05 00:00:00+00:00
[2026-05-04T17:25:57.975+0000] {processor.py:208} INFO - Processing /opt/airflow/dags/main.py took 0.485 seconds
[2026-05-04T17:26:28.284+0000] {processor.py:186} INFO - Started process (PID=3564) to work on /opt/airflow/dags/main.py
[2026-05-04T17:26:28.286+0000] {processor.py:914} INFO - Processing file /opt/airflow/dags/main.py for tasks to queue
[2026-05-04T17:26:28.291+0000] {logging_mixin.py:190} INFO - [2026-05-04T17:26:28.290+0000] {dagbag.py:588} INFO - Filling up the DagBag from /opt/airflow/dags/main.py
[2026-05-04T17:26:28.478+0000] {processor.py:925} INFO - DAG(s) 'kafka_to_s3' retrieved from /opt/airflow/dags/main.py
[2026-05-04T17:26:28.545+0000] {logging_mixin.py:190} INFO - [2026-05-04T17:26:28.544+0000] {dag.py:3239} INFO - Sync 1 DAGs
[2026-05-04T17:26:28.602+0000] {logging_mixin.py:190} INFO - [2026-05-04T17:26:28.601+0000] {dag.py:4180} INFO - Setting next_dagrun for kafka_to_s3 to 2026-05-04 00:00:00+00:00, run_after=2026-05-05 00:00:00+00:00
[2026-05-04T17:26:28.639+0000] {processor.py:208} INFO - Processing /opt/airflow/dags/main.py took 0.370 seconds
[2026-05-04T17:26:59.044+0000] {processor.py:186} INFO - Started process (PID=3571) to work on /opt/airflow/dags/main.py
[2026-05-04T17:26:59.045+0000] {processor.py:914} INFO - Processing file /opt/airflow/dags/main.py for tasks to queue
[2026-05-04T17:26:59.049+0000] {logging_mixin.py:190} INFO - [2026-05-04T17:26:59.049+0000] {dagbag.py:588} INFO - Filling up the DagBag from /opt/airflow/dags/main.py
[2026-05-04T17:26:59.200+0000] {processor.py:925} INFO - DAG(s) 'kafka_to_s3' retrieved from /opt/airflow/dags/main.py
[2026-05-04T17:26:59.235+0000] {logging_mixin.py:190} INFO - [2026-05-04T17:26:59.235+0000] {dag.py:3239} INFO - Sync 1 DAGs
[2026-05-04T17:26:59.267+0000] {logging_mixin.py:190} INFO - [2026-05-04T17:26:59.267+0000] {dag.py:4180} INFO - Setting next_dagrun for kafka_to_s3 to 2026-05-04 00:00:00+00:00, run_after=2026-05-05 00:00:00+00:00
[2026-05-04T17:26:59.303+0000] {processor.py:208} INFO - Processing /opt/airflow/dags/main.py took 0.267 seconds
[2026-05-04T17:27:29.485+0000] {processor.py:186} INFO - Started process (PID=3578) to work on /opt/airflow/dags/main.py
[2026-05-04T17:27:29.487+0000] {processor.py:914} INFO - Processing file /opt/airflow/dags/main.py for tasks to queue
[2026-05-04T17:27:29.492+0000] {logging_mixin.py:190} INFO - [2026-05-04T17:27:29.492+0000] {dagbag.py:588} INFO - Filling up the DagBag from /opt/airflow/dags/main.py
[2026-05-04T17:27:29.677+0000] {processor.py:925} INFO - DAG(s) 'kafka_to_s3' retrieved from /opt/airflow/dags/main.py
[2026-05-04T17:27:29.716+0000] {logging_mixin.py:190} INFO - [2026-05-04T17:27:29.716+0000] {dag.py:3239} INFO - Sync 1 DAGs
[2026-05-04T17:27:29.757+0000] {logging_mixin.py:190} INFO - [2026-05-04T17:27:29.757+0000] {dag.py:4180} INFO - Setting next_dagrun for kafka_to_s3 to 2026-05-04 00:00:00+00:00, run_after=2026-05-05 00:00:00+00:00
[2026-05-04T17:27:29.785+0000] {processor.py:208} INFO - Processing /opt/airflow/dags/main.py took 0.312 seconds
[2026-05-04T17:28:00.068+0000] {processor.py:186} INFO - Started process (PID=3585) to work on /opt/airflow/dags/main.py
[2026-05-04T17:28:00.069+0000] {processor.py:914} INFO - Processing file /opt/airflow/dags/main.py for tasks to queue
[2026-05-04T17:28:00.072+0000] {logging_mixin.py:190} INFO - [2026-05-04T17:28:00.072+0000] {dagbag.py:588} INFO - Filling up the DagBag from /opt/airflow/dags/main.py
[2026-05-04T17:28:00.216+0000] {processor.py:925} INFO - DAG(s) 'kafka_to_s3' retrieved from /opt/airflow/dags/main.py
[2026-05-04T17:28:00.314+0000] {logging_mixin.py:190} INFO - [2026-05-04T17:28:00.314+0000] {dag.py:3239} INFO - Sync 1 DAGs
[2026-05-04T17:28:00.341+0000] {logging_mixin.py:190} INFO - [2026-05-04T17:28:00.341+0000] {dag.py:4180} INFO - Setting next_dagrun for kafka_to_s3 to 2026-05-04 00:00:00+00:00, run_after=2026-05-05 00:00:00+00:00
[2026-05-04T17:28:00.375+0000] {processor.py:208} INFO - Processing /opt/airflow/dags/main.py took 0.316 seconds
[2026-05-04T17:28:30.664+0000] {processor.py:186} INFO - Started process (PID=3592) to work on /opt/airflow/dags/main.py
[2026-05-04T17:28:30.665+0000] {processor.py:914} INFO - Processing file /opt/airflow/dags/main.py for tasks to queue
[2026-05-04T17:28:30.669+0000] {logging_mixin.py:190} INFO - [2026-05-04T17:28:30.669+0000] {dagbag.py:588} INFO - Filling up the DagBag from /opt/airflow/dags/main.py
[2026-05-04T17:28:30.805+0000] {processor.py:925} INFO - DAG(s) 'kafka_to_s3' retrieved from /opt/airflow/dags/main.py
[2026-05-04T17:28:30.837+0000] {logging_mixin.py:190} INFO - [2026-05-04T17:28:30.837+0000] {dag.py:3239} INFO - Sync 1 DAGs
[2026-05-04T17:28:30.865+0000] {logging_mixin.py:190} INFO - [2026-05-04T17:28:30.864+0000] {dag.py:4180} INFO - Setting next_dagrun for kafka_to_s3 to 2026-05-04 00:00:00+00:00, run_after=2026-05-05 00:00:00+00:00
[2026-05-04T17:28:30.890+0000] {processor.py:208} INFO - Processing /opt/airflow/dags/main.py took 0.235 seconds
[2026-05-04T17:29:01.018+0000] {processor.py:186} INFO - Started process (PID=3599) to work on /opt/airflow/dags/main.py
[2026-05-04T17:29:01.021+0000] {processor.py:914} INFO - Processing file /opt/airflow/dags/main.py for tasks to queue
[2026-05-04T17:29:01.029+0000] {logging_mixin.py:190} INFO - [2026-05-04T17:29:01.028+0000] {dagbag.py:588} INFO - Filling up the DagBag from /opt/airflow/dags/main.py
[2026-05-04T17:29:01.203+0000] {processor.py:925} INFO - DAG(s) 'kafka_to_s3' retrieved from /opt/airflow/dags/main.py
[2026-05-04T17:29:01.235+0000] {logging_mixin.py:190} INFO - [2026-05-04T17:29:01.235+0000] {dag.py:3239} INFO - Sync 1 DAGs
[2026-05-04T17:29:01.261+0000] {logging_mixin.py:190} INFO - [2026-05-04T17:29:01.261+0000] {dag.py:4180} INFO - Setting next_dagrun for kafka_to_s3 to 2026-05-04 00:00:00+00:00, run_after=2026-05-05 00:00:00+00:00
[2026-05-04T17:29:01.282+0000] {processor.py:208} INFO - Processing /opt/airflow/dags/main.py took 0.272 seconds
[2026-05-04T17:29:31.733+0000] {processor.py:186} INFO - Started process (PID=3606) to work on /opt/airflow/dags/main.py
[2026-05-04T17:29:31.735+0000] {processor.py:914} INFO - Processing file /opt/airflow/dags/main.py for tasks to queue
[2026-05-04T17:29:31.738+0000] {logging_mixin.py:190} INFO - [2026-05-04T17:29:31.738+0000] {dagbag.py:588} INFO - Filling up the DagBag from /opt/airflow/dags/main.py
[2026-05-04T17:29:31.856+0000] {processor.py:925} INFO - DAG(s) 'kafka_to_s3' retrieved from /opt/airflow/dags/main.py
[2026-05-04T17:29:31.884+0000] {logging_mixin.py:190} INFO - [2026-05-04T17:29:31.884+0000] {dag.py:3239} INFO - Sync 1 DAGs
[2026-05-04T17:29:31.912+0000] {logging_mixin.py:190} INFO - [2026-05-04T17:29:31.912+0000] {dag.py:4180} INFO - Setting next_dagrun for kafka_to_s3 to 2026-05-04 00:00:00+00:00, run_after=2026-05-05 00:00:00+00:00
[2026-05-04T17:29:31.936+0000] {processor.py:208} INFO - Processing /opt/airflow/dags/main.py took 0.210 seconds
[2026-05-04T17:30:02.113+0000] {processor.py:186} INFO - Started process (PID=3613) to work on /opt/airflow/dags/main.py
[2026-05-04T17:30:02.114+0000] {processor.py:914} INFO - Processing file /opt/airflow/dags/main.py for tasks to queue
[2026-05-04T17:30:02.118+0000] {logging_mixin.py:190} INFO - [2026-05-04T17:30:02.117+0000] {dagbag.py:588} INFO - Filling up the DagBag from /opt/airflow/dags/main.py
[2026-05-04T17:30:02.275+0000] {processor.py:925} INFO - DAG(s) 'kafka_to_s3' retrieved from /opt/airflow/dags/main.py
[2026-05-04T17:30:02.309+0000] {logging_mixin.py:190} INFO - [2026-05-04T17:30:02.308+0000] {dag.py:3239} INFO - Sync 1 DAGs
[2026-05-04T17:30:02.338+0000] {logging_mixin.py:190} INFO - [2026-05-04T17:30:02.338+0000] {dag.py:4180} INFO - Setting next_dagrun for kafka_to_s3 to 2026-05-04 00:00:00+00:00, run_after=2026-05-05 00:00:00+00:00
[2026-05-04T17:30:02.362+0000] {processor.py:208} INFO - Processing /opt/airflow/dags/main.py took 0.262 seconds
[2026-05-04T17:30:32.637+0000] {processor.py:186} INFO - Started process (PID=3620) to work on /opt/airflow/dags/main.py
[2026-05-04T17:30:32.638+0000] {processor.py:914} INFO - Processing file /opt/airflow/dags/main.py for tasks to queue
[2026-05-04T17:30:32.642+0000] {logging_mixin.py:190} INFO - [2026-05-04T17:30:32.642+0000] {dagbag.py:588} INFO - Filling up the DagBag from /opt/airflow/dags/main.py
[2026-05-04T17:30:32.826+0000] {processor.py:925} INFO - DAG(s) 'kafka_to_s3' retrieved from /opt/airflow/dags/main.py
[2026-05-04T17:30:32.869+0000] {logging_mixin.py:190} INFO - [2026-05-04T17:30:32.869+0000] {dag.py:3239} INFO - Sync 1 DAGs
[2026-05-04T17:30:32.913+0000] {logging_mixin.py:190} INFO - [2026-05-04T17:30:32.913+0000] {dag.py:4180} INFO - Setting next_dagrun for kafka_to_s3 to 2026-05-04 00:00:00+00:00, run_after=2026-05-05 00:00:00+00:00
[2026-05-04T17:30:32.943+0000] {processor.py:208} INFO - Processing /opt/airflow/dags/main.py took 0.313 seconds
[2026-05-04T17:31:03.110+0000] {processor.py:186} INFO - Started process (PID=3627) to work on /opt/airflow/dags/main.py
[2026-05-04T17:31:03.112+0000] {processor.py:914} INFO - Processing file /opt/airflow/dags/main.py for tasks to queue
[2026-05-04T17:31:03.114+0000] {logging_mixin.py:190} INFO - [2026-05-04T17:31:03.114+0000] {dagbag.py:588} INFO - Filling up the DagBag from /opt/airflow/dags/main.py
[2026-05-04T17:31:03.241+0000] {processor.py:925} INFO - DAG(s) 'kafka_to_s3' retrieved from /opt/airflow/dags/main.py
[2026-05-04T17:31:03.271+0000] {logging_mixin.py:190} INFO - [2026-05-04T17:31:03.270+0000] {dag.py:3239} INFO - Sync 1 DAGs
[2026-05-04T17:31:03.296+0000] {logging_mixin.py:190} INFO - [2026-05-04T17:31:03.296+0000] {dag.py:4180} INFO - Setting next_dagrun for kafka_to_s3 to 2026-05-04 00:00:00+00:00, run_after=2026-05-05 00:00:00+00:00
[2026-05-04T17:31:03.317+0000] {processor.py:208} INFO - Processing /opt/airflow/dags/main.py took 0.215 seconds
[2026-05-04T17:31:33.735+0000] {processor.py:186} INFO - Started process (PID=3634) to work on /opt/airflow/dags/main.py
[2026-05-04T17:31:33.736+0000] {processor.py:914} INFO - Processing file /opt/airflow/dags/main.py for tasks to queue
[2026-05-04T17:31:33.739+0000] {logging_mixin.py:190} INFO - [2026-05-04T17:31:33.739+0000] {dagbag.py:588} INFO - Filling up the DagBag from /opt/airflow/dags/main.py
[2026-05-04T17:31:33.859+0000] {processor.py:925} INFO - DAG(s) 'kafka_to_s3' retrieved from /opt/airflow/dags/main.py
[2026-05-04T17:31:33.889+0000] {logging_mixin.py:190} INFO - [2026-05-04T17:31:33.889+0000] {dag.py:3239} INFO - Sync 1 DAGs
[2026-05-04T17:31:33.916+0000] {logging_mixin.py:190} INFO - [2026-05-04T17:31:33.916+0000] {dag.py:4180} INFO - Setting next_dagrun for kafka_to_s3 to 2026-05-04 00:00:00+00:00, run_after=2026-05-05 00:00:00+00:00
[2026-05-04T17:31:33.941+0000] {processor.py:208} INFO - Processing /opt/airflow/dags/main.py took 0.215 seconds
[2026-05-04T17:32:04.145+0000] {processor.py:186} INFO - Started process (PID=3641) to work on /opt/airflow/dags/main.py
[2026-05-04T17:32:04.146+0000] {processor.py:914} INFO - Processing file /opt/airflow/dags/main.py for tasks to queue
[2026-05-04T17:32:04.150+0000] {logging_mixin.py:190} INFO - [2026-05-04T17:32:04.149+0000] {dagbag.py:588} INFO - Filling up the DagBag from /opt/airflow/dags/main.py
[2026-05-04T17:32:04.302+0000] {processor.py:925} INFO - DAG(s) 'kafka_to_s3' retrieved from /opt/airflow/dags/main.py
[2026-05-04T17:32:04.335+0000] {logging_mixin.py:190} INFO - [2026-05-04T17:32:04.335+0000] {dag.py:3239} INFO - Sync 1 DAGs
[2026-05-04T17:32:04.365+0000] {logging_mixin.py:190} INFO - [2026-05-04T17:32:04.365+0000] {dag.py:4180} INFO - Setting next_dagrun for kafka_to_s3 to 2026-05-04 00:00:00+00:00, run_after=2026-05-05 00:00:00+00:00
[2026-05-04T17:32:04.392+0000] {processor.py:208} INFO - Processing /opt/airflow/dags/main.py took 0.256 seconds
[2026-05-04T17:32:34.641+0000] {processor.py:186} INFO - Started process (PID=3648) to work on /opt/airflow/dags/main.py
[2026-05-04T17:32:34.642+0000] {processor.py:914} INFO - Processing file /opt/airflow/dags/main.py for tasks to queue
[2026-05-04T17:32:34.646+0000] {logging_mixin.py:190} INFO - [2026-05-04T17:32:34.645+0000] {dagbag.py:588} INFO - Filling up the DagBag from /opt/airflow/dags/main.py
[2026-05-04T17:32:34.772+0000] {processor.py:925} INFO - DAG(s) 'kafka_to_s3' retrieved from /opt/airflow/dags/main.py
[2026-05-04T17:32:34.800+0000] {logging_mixin.py:190} INFO - [2026-05-04T17:32:34.799+0000] {dag.py:3239} INFO - Sync 1 DAGs
[2026-05-04T17:32:34.825+0000] {logging_mixin.py:190} INFO - [2026-05-04T17:32:34.825+0000] {dag.py:4180} INFO - Setting next_dagrun for kafka_to_s3 to 2026-05-04 00:00:00+00:00, run_after=2026-05-05 00:00:00+00:00
[2026-05-04T17:32:34.850+0000] {processor.py:208} INFO - Processing /opt/airflow/dags/main.py took 0.215 seconds
[2026-05-04T17:33:05.066+0000] {processor.py:186} INFO - Started process (PID=3655) to work on /opt/airflow/dags/main.py
[2026-05-04T17:33:05.067+0000] {processor.py:914} INFO - Processing file /opt/airflow/dags/main.py for tasks to queue
[2026-05-04T17:33:05.079+0000] {logging_mixin.py:190} INFO - [2026-05-04T17:33:05.079+0000] {dagbag.py:588} INFO - Filling up the DagBag from /opt/airflow/dags/main.py
[2026-05-04T17:33:05.228+0000] {processor.py:925} INFO - DAG(s) 'kafka_to_s3' retrieved from /opt/airflow/dags/main.py
[2026-05-04T17:33:05.264+0000] {logging_mixin.py:190} INFO - [2026-05-04T17:33:05.264+0000] {dag.py:3239} INFO - Sync 1 DAGs
[2026-05-04T17:33:05.300+0000] {logging_mixin.py:190} INFO - [2026-05-04T17:33:05.299+0000] {dag.py:4180} INFO - Setting next_dagrun for kafka_to_s3 to 2026-05-04 00:00:00+00:00, run_after=2026-05-05 00:00:00+00:00
[2026-05-04T17:33:05.329+0000] {processor.py:208} INFO - Processing /opt/airflow/dags/main.py took 0.274 seconds
[2026-05-04T17:33:35.655+0000] {processor.py:186} INFO - Started process (PID=3662) to work on /opt/airflow/dags/main.py
[2026-05-04T17:33:35.657+0000] {processor.py:914} INFO - Processing file /opt/airflow/dags/main.py for tasks to queue
[2026-05-04T17:33:35.661+0000] {logging_mixin.py:190} INFO - [2026-05-04T17:33:35.660+0000] {dagbag.py:588} INFO - Filling up the DagBag from /opt/airflow/dags/main.py
[2026-05-04T17:33:35.791+0000] {processor.py:925} INFO - DAG(s) 'kafka_to_s3' retrieved from /opt/airflow/dags/main.py
[2026-05-04T17:33:35.822+0000] {logging_mixin.py:190} INFO - [2026-05-04T17:33:35.822+0000] {dag.py:3239} INFO - Sync 1 DAGs
[2026-05-04T17:33:35.854+0000] {logging_mixin.py:190} INFO - [2026-05-04T17:33:35.854+0000] {dag.py:4180} INFO - Setting next_dagrun for kafka_to_s3 to 2026-05-04 00:00:00+00:00, run_after=2026-05-05 00:00:00+00:00
[2026-05-04T17:33:35.882+0000] {processor.py:208} INFO - Processing /opt/airflow/dags/main.py took 0.234 seconds
[2026-05-04T17:34:06.265+0000] {processor.py:186} INFO - Started process (PID=3669) to work on /opt/airflow/dags/main.py
[2026-05-04T17:34:06.269+0000] {processor.py:914} INFO - Processing file /opt/airflow/dags/main.py for tasks to queue
[2026-05-04T17:34:06.285+0000] {logging_mixin.py:190} INFO - [2026-05-04T17:34:06.285+0000] {dagbag.py:588} INFO - Filling up the DagBag from /opt/airflow/dags/main.py
[2026-05-04T17:34:06.470+0000] {processor.py:925} INFO - DAG(s) 'kafka_to_s3' retrieved from /opt/airflow/dags/main.py
[2026-05-04T17:34:06.504+0000] {logging_mixin.py:190} INFO - [2026-05-04T17:34:06.504+0000] {dag.py:3239} INFO - Sync 1 DAGs
[2026-05-04T17:34:06.540+0000] {logging_mixin.py:190} INFO - [2026-05-04T17:34:06.540+0000] {dag.py:4180} INFO - Setting next_dagrun for kafka_to_s3 to 2026-05-04 00:00:00+00:00, run_after=2026-05-05 00:00:00+00:00
[2026-05-04T17:34:06.569+0000] {processor.py:208} INFO - Processing /opt/airflow/dags/main.py took 0.327 seconds
[2026-05-04T17:34:36.696+0000] {processor.py:186} INFO - Started process (PID=3676) to work on /opt/airflow/dags/main.py
[2026-05-04T17:34:36.698+0000] {processor.py:914} INFO - Processing file /opt/airflow/dags/main.py for tasks to queue
[2026-05-04T17:34:36.702+0000] {logging_mixin.py:190} INFO - [2026-05-04T17:34:36.701+0000] {dagbag.py:588} INFO - Filling up the DagBag from /opt/airflow/dags/main.py
[2026-05-04T17:34:36.845+0000] {processor.py:925} INFO - DAG(s) 'kafka_to_s3' retrieved from /opt/airflow/dags/main.py
[2026-05-04T17:34:36.888+0000] {logging_mixin.py:190} INFO - [2026-05-04T17:34:36.887+0000] {dag.py:3239} INFO - Sync 1 DAGs
[2026-05-04T17:34:36.937+0000] {logging_mixin.py:190} INFO - [2026-05-04T17:34:36.936+0000] {dag.py:4180} INFO - Setting next_dagrun for kafka_to_s3 to 2026-05-04 00:00:00+00:00, run_after=2026-05-05 00:00:00+00:00
[2026-05-04T17:34:36.969+0000] {processor.py:208} INFO - Processing /opt/airflow/dags/main.py took 0.300 seconds
[2026-05-04T17:35:07.416+0000] {processor.py:186} INFO - Started process (PID=3683) to work on /opt/airflow/dags/main.py
[2026-05-04T17:35:07.417+0000] {processor.py:914} INFO - Processing file /opt/airflow/dags/main.py for tasks to queue
[2026-05-04T17:35:07.420+0000] {logging_mixin.py:190} INFO - [2026-05-04T17:35:07.420+0000] {dagbag.py:588} INFO - Filling up the DagBag from /opt/airflow/dags/main.py
[2026-05-04T17:35:07.555+0000] {processor.py:925} INFO - DAG(s) 'kafka_to_s3' retrieved from /opt/airflow/dags/main.py
[2026-05-04T17:35:07.583+0000] {logging_mixin.py:190} INFO - [2026-05-04T17:35:07.583+0000] {dag.py:3239} INFO - Sync 1 DAGs
[2026-05-04T17:35:07.609+0000] {logging_mixin.py:190} INFO - [2026-05-04T17:35:07.608+0000] {dag.py:4180} INFO - Setting next_dagrun for kafka_to_s3 to 2026-05-04 00:00:00+00:00, run_after=2026-05-05 00:00:00+00:00
[2026-05-04T17:35:07.635+0000] {processor.py:208} INFO - Processing /opt/airflow/dags/main.py took 0.226 seconds
[2026-05-04T17:35:37.783+0000] {processor.py:186} INFO - Started process (PID=3690) to work on /opt/airflow/dags/main.py
[2026-05-04T17:35:37.785+0000] {processor.py:914} INFO - Processing file /opt/airflow/dags/main.py for tasks to queue
[2026-05-04T17:35:37.788+0000] {logging_mixin.py:190} INFO - [2026-05-04T17:35:37.788+0000] {dagbag.py:588} INFO - Filling up the DagBag from /opt/airflow/dags/main.py
[2026-05-04T17:35:37.917+0000] {processor.py:925} INFO - DAG(s) 'kafka_to_s3' retrieved from /opt/airflow/dags/main.py
[2026-05-04T17:35:37.949+0000] {logging_mixin.py:190} INFO - [2026-05-04T17:35:37.948+0000] {dag.py:3239} INFO - Sync 1 DAGs
[2026-05-04T17:35:37.995+0000] {logging_mixin.py:190} INFO - [2026-05-04T17:35:37.995+0000] {dag.py:4180} INFO - Setting next_dagrun for kafka_to_s3 to 2026-05-04 00:00:00+00:00, run_after=2026-05-05 00:00:00+00:00
[2026-05-04T17:35:38.021+0000] {processor.py:208} INFO - Processing /opt/airflow/dags/main.py took 0.247 seconds
[2026-05-04T17:36:08.442+0000] {processor.py:186} INFO - Started process (PID=3697) to work on /opt/airflow/dags/main.py
[2026-05-04T17:36:08.443+0000] {processor.py:914} INFO - Processing file /opt/airflow/dags/main.py for tasks to queue
[2026-05-04T17:36:08.446+0000] {logging_mixin.py:190} INFO - [2026-05-04T17:36:08.446+0000] {dagbag.py:588} INFO - Filling up the DagBag from /opt/airflow/dags/main.py
[2026-05-04T17:36:08.573+0000] {processor.py:925} INFO - DAG(s) 'kafka_to_s3' retrieved from /opt/airflow/dags/main.py
[2026-05-04T17:36:08.610+0000] {logging_mixin.py:190} INFO - [2026-05-04T17:36:08.610+0000] {dag.py:3239} INFO - Sync 1 DAGs
[2026-05-04T17:36:08.646+0000] {logging_mixin.py:190} INFO - [2026-05-04T17:36:08.646+0000] {dag.py:4180} INFO - Setting next_dagrun for kafka_to_s3 to 2026-05-04 00:00:00+00:00, run_after=2026-05-05 00:00:00+00:00
[2026-05-04T17:36:08.676+0000] {processor.py:208} INFO - Processing /opt/airflow/dags/main.py took 0.241 seconds
[2026-05-04T17:36:38.908+0000] {processor.py:186} INFO - Started process (PID=3704) to work on /opt/airflow/dags/main.py
[2026-05-04T17:36:38.910+0000] {processor.py:914} INFO - Processing file /opt/airflow/dags/main.py for tasks to queue
[2026-05-04T17:36:38.915+0000] {logging_mixin.py:190} INFO - [2026-05-04T17:36:38.914+0000] {dagbag.py:588} INFO - Filling up the DagBag from /opt/airflow/dags/main.py
[2026-05-04T17:36:39.083+0000] {processor.py:925} INFO - DAG(s) 'kafka_to_s3' retrieved from /opt/airflow/dags/main.py
[2026-05-04T17:36:39.114+0000] {logging_mixin.py:190} INFO - [2026-05-04T17:36:39.114+0000] {dag.py:3239} INFO - Sync 1 DAGs
[2026-05-04T17:36:39.143+0000] {logging_mixin.py:190} INFO - [2026-05-04T17:36:39.142+0000] {dag.py:4180} INFO - Setting next_dagrun for kafka_to_s3 to 2026-05-04 00:00:00+00:00, run_after=2026-05-05 00:00:00+00:00
[2026-05-04T17:36:39.171+0000] {processor.py:208} INFO - Processing /opt/airflow/dags/main.py took 0.280 seconds
[2026-05-04T17:37:09.427+0000] {processor.py:186} INFO - Started process (PID=3711) to work on /opt/airflow/dags/main.py
[2026-05-04T17:37:09.429+0000] {processor.py:914} INFO - Processing file /opt/airflow/dags/main.py for tasks to queue
[2026-05-04T17:37:09.439+0000] {logging_mixin.py:190} INFO - [2026-05-04T17:37:09.437+0000] {dagbag.py:588} INFO - Filling up the DagBag from /opt/airflow/dags/main.py
[2026-05-04T17:37:09.605+0000] {processor.py:925} INFO - DAG(s) 'kafka_to_s3' retrieved from /opt/airflow/dags/main.py
[2026-05-04T17:37:09.634+0000] {logging_mixin.py:190} INFO - [2026-05-04T17:37:09.633+0000] {dag.py:3239} INFO - Sync 1 DAGs
[2026-05-04T17:37:09.662+0000] {logging_mixin.py:190} INFO - [2026-05-04T17:37:09.661+0000] {dag.py:4180} INFO - Setting next_dagrun for kafka_to_s3 to 2026-05-04 00:00:00+00:00, run_after=2026-05-05 00:00:00+00:00
[2026-05-04T17:37:09.686+0000] {processor.py:208} INFO - Processing /opt/airflow/dags/main.py took 0.269 seconds
[2026-05-04T17:37:39.908+0000] {processor.py:186} INFO - Started process (PID=3718) to work on /opt/airflow/dags/main.py
[2026-05-04T17:37:39.910+0000] {processor.py:914} INFO - Processing file /opt/airflow/dags/main.py for tasks to queue
[2026-05-04T17:37:39.916+0000] {logging_mixin.py:190} INFO - [2026-05-04T17:37:39.915+0000] {dagbag.py:588} INFO - Filling up the DagBag from /opt/airflow/dags/main.py
[2026-05-04T17:37:40.079+0000] {processor.py:925} INFO - DAG(s) 'kafka_to_s3' retrieved from /opt/airflow/dags/main.py
[2026-05-04T17:37:40.122+0000] {logging_mixin.py:190} INFO - [2026-05-04T17:37:40.121+0000] {dag.py:3239} INFO - Sync 1 DAGs
[2026-05-04T17:37:40.153+0000] {logging_mixin.py:190} INFO - [2026-05-04T17:37:40.152+0000] {dag.py:4180} INFO - Setting next_dagrun for kafka_to_s3 to 2026-05-04 00:00:00+00:00, run_after=2026-05-05 00:00:00+00:00
[2026-05-04T17:37:40.184+0000] {processor.py:208} INFO - Processing /opt/airflow/dags/main.py took 0.288 seconds
[2026-05-04T17:38:10.444+0000] {processor.py:186} INFO - Started process (PID=3725) to work on /opt/airflow/dags/main.py
[2026-05-04T17:38:10.453+0000] {processor.py:914} INFO - Processing file /opt/airflow/dags/main.py for tasks to queue
[2026-05-04T17:38:10.536+0000] {logging_mixin.py:190} INFO - [2026-05-04T17:38:10.528+0000] {dagbag.py:588} INFO - Filling up the DagBag from /opt/airflow/dags/main.py
[2026-05-04T17:38:11.131+0000] {processor.py:925} INFO - DAG(s) 'kafka_to_s3' retrieved from /opt/airflow/dags/main.py
[2026-05-04T17:38:11.293+0000] {logging_mixin.py:190} INFO - [2026-05-04T17:38:11.292+0000] {dag.py:3239} INFO - Sync 1 DAGs
[2026-05-04T17:38:11.522+0000] {logging_mixin.py:190} INFO - [2026-05-04T17:38:11.521+0000] {dag.py:4180} INFO - Setting next_dagrun for kafka_to_s3 to 2026-05-04 00:00:00+00:00, run_after=2026-05-05 00:00:00+00:00
[2026-05-04T17:38:11.602+0000] {processor.py:208} INFO - Processing /opt/airflow/dags/main.py took 1.234 seconds
[2026-05-04T17:38:42.043+0000] {processor.py:186} INFO - Started process (PID=3732) to work on /opt/airflow/dags/main.py
[2026-05-04T17:38:42.044+0000] {processor.py:914} INFO - Processing file /opt/airflow/dags/main.py for tasks to queue
[2026-05-04T17:38:42.048+0000] {logging_mixin.py:190} INFO - [2026-05-04T17:38:42.048+0000] {dagbag.py:588} INFO - Filling up the DagBag from /opt/airflow/dags/main.py
[2026-05-04T17:38:42.182+0000] {processor.py:925} INFO - DAG(s) 'kafka_to_s3' retrieved from /opt/airflow/dags/main.py
[2026-05-04T17:38:42.212+0000] {logging_mixin.py:190} INFO - [2026-05-04T17:38:42.212+0000] {dag.py:3239} INFO - Sync 1 DAGs
[2026-05-04T17:38:42.242+0000] {logging_mixin.py:190} INFO - [2026-05-04T17:38:42.242+0000] {dag.py:4180} INFO - Setting next_dagrun for kafka_to_s3 to 2026-05-04 00:00:00+00:00, run_after=2026-05-05 00:00:00+00:00
[2026-05-04T17:38:42.268+0000] {processor.py:208} INFO - Processing /opt/airflow/dags/main.py took 0.234 seconds
[2026-05-04T17:39:12.489+0000] {processor.py:186} INFO - Started process (PID=3739) to work on /opt/airflow/dags/main.py
[2026-05-04T17:39:12.491+0000] {processor.py:914} INFO - Processing file /opt/airflow/dags/main.py for tasks to queue
[2026-05-04T17:39:12.495+0000] {logging_mixin.py:190} INFO - [2026-05-04T17:39:12.494+0000] {dagbag.py:588} INFO - Filling up the DagBag from /opt/airflow/dags/main.py
[2026-05-04T17:39:12.635+0000] {processor.py:925} INFO - DAG(s) 'kafka_to_s3' retrieved from /opt/airflow/dags/main.py
[2026-05-04T17:39:12.664+0000] {logging_mixin.py:190} INFO - [2026-05-04T17:39:12.663+0000] {dag.py:3239} INFO - Sync 1 DAGs
[2026-05-04T17:39:12.692+0000] {logging_mixin.py:190} INFO - [2026-05-04T17:39:12.691+0000] {dag.py:4180} INFO - Setting next_dagrun for kafka_to_s3 to 2026-05-04 00:00:00+00:00, run_after=2026-05-05 00:00:00+00:00
[2026-05-04T17:39:12.720+0000] {processor.py:208} INFO - Processing /opt/airflow/dags/main.py took 0.239 seconds
[2026-05-04T17:39:43.166+0000] {processor.py:186} INFO - Started process (PID=3746) to work on /opt/airflow/dags/main.py
[2026-05-04T17:39:43.168+0000] {processor.py:914} INFO - Processing file /opt/airflow/dags/main.py for tasks to queue
[2026-05-04T17:39:43.172+0000] {logging_mixin.py:190} INFO - [2026-05-04T17:39:43.172+0000] {dagbag.py:588} INFO - Filling up the DagBag from /opt/airflow/dags/main.py
[2026-05-04T17:39:43.300+0000] {processor.py:925} INFO - DAG(s) 'kafka_to_s3' retrieved from /opt/airflow/dags/main.py
[2026-05-04T17:39:43.329+0000] {logging_mixin.py:190} INFO - [2026-05-04T17:39:43.328+0000] {dag.py:3239} INFO - Sync 1 DAGs
[2026-05-04T17:39:43.354+0000] {logging_mixin.py:190} INFO - [2026-05-04T17:39:43.354+0000] {dag.py:4180} INFO - Setting next_dagrun for kafka_to_s3 to 2026-05-04 00:00:00+00:00, run_after=2026-05-05 00:00:00+00:00
[2026-05-04T17:39:43.376+0000] {processor.py:208} INFO - Processing /opt/airflow/dags/main.py took 0.216 seconds
[2026-05-04T17:40:13.634+0000] {processor.py:186} INFO - Started process (PID=3753) to work on /opt/airflow/dags/main.py
[2026-05-04T17:40:13.636+0000] {processor.py:914} INFO - Processing file /opt/airflow/dags/main.py for tasks to queue
[2026-05-04T17:40:13.643+0000] {logging_mixin.py:190} INFO - [2026-05-04T17:40:13.641+0000] {dagbag.py:588} INFO - Filling up the DagBag from /opt/airflow/dags/main.py
[2026-05-04T17:40:13.808+0000] {processor.py:925} INFO - DAG(s) 'kafka_to_s3' retrieved from /opt/airflow/dags/main.py
[2026-05-04T17:40:13.840+0000] {logging_mixin.py:190} INFO - [2026-05-04T17:40:13.839+0000] {dag.py:3239} INFO - Sync 1 DAGs
[2026-05-04T17:40:13.913+0000] {logging_mixin.py:190} INFO - [2026-05-04T17:40:13.913+0000] {dag.py:4180} INFO - Setting next_dagrun for kafka_to_s3 to 2026-05-04 00:00:00+00:00, run_after=2026-05-05 00:00:00+00:00
[2026-05-04T17:40:13.937+0000] {processor.py:208} INFO - Processing /opt/airflow/dags/main.py took 0.313 seconds
[2026-05-04T17:40:44.185+0000] {processor.py:186} INFO - Started process (PID=3760) to work on /opt/airflow/dags/main.py
[2026-05-04T17:40:44.188+0000] {processor.py:914} INFO - Processing file /opt/airflow/dags/main.py for tasks to queue
[2026-05-04T17:40:44.197+0000] {logging_mixin.py:190} INFO - [2026-05-04T17:40:44.196+0000] {dagbag.py:588} INFO - Filling up the DagBag from /opt/airflow/dags/main.py
[2026-05-04T17:40:44.400+0000] {processor.py:925} INFO - DAG(s) 'kafka_to_s3' retrieved from /opt/airflow/dags/main.py
[2026-05-04T17:40:44.438+0000] {logging_mixin.py:190} INFO - [2026-05-04T17:40:44.438+0000] {dag.py:3239} INFO - Sync 1 DAGs
[2026-05-04T17:40:44.489+0000] {logging_mixin.py:190} INFO - [2026-05-04T17:40:44.489+0000] {dag.py:4180} INFO - Setting next_dagrun for kafka_to_s3 to 2026-05-04 00:00:00+00:00, run_after=2026-05-05 00:00:00+00:00
[2026-05-04T17:40:44.516+0000] {processor.py:208} INFO - Processing /opt/airflow/dags/main.py took 0.347 seconds
[2026-05-04T17:41:14.856+0000] {processor.py:186} INFO - Started process (PID=3767) to work on /opt/airflow/dags/main.py
[2026-05-04T17:41:14.858+0000] {processor.py:914} INFO - Processing file /opt/airflow/dags/main.py for tasks to queue
[2026-05-04T17:41:14.864+0000] {logging_mixin.py:190} INFO - [2026-05-04T17:41:14.863+0000] {dagbag.py:588} INFO - Filling up the DagBag from /opt/airflow/dags/main.py
[2026-05-04T17:41:15.022+0000] {processor.py:925} INFO - DAG(s) 'kafka_to_s3' retrieved from /opt/airflow/dags/main.py
[2026-05-04T17:41:15.056+0000] {logging_mixin.py:190} INFO - [2026-05-04T17:41:15.055+0000] {dag.py:3239} INFO - Sync 1 DAGs
[2026-05-04T17:41:15.085+0000] {logging_mixin.py:190} INFO - [2026-05-04T17:41:15.084+0000] {dag.py:4180} INFO - Setting next_dagrun for kafka_to_s3 to 2026-05-04 00:00:00+00:00, run_after=2026-05-05 00:00:00+00:00
[2026-05-04T17:41:15.117+0000] {processor.py:208} INFO - Processing /opt/airflow/dags/main.py took 0.270 seconds
[2026-05-04T17:41:45.328+0000] {processor.py:186} INFO - Started process (PID=3774) to work on /opt/airflow/dags/main.py
[2026-05-04T17:41:45.329+0000] {processor.py:914} INFO - Processing file /opt/airflow/dags/main.py for tasks to queue
[2026-05-04T17:41:45.334+0000] {logging_mixin.py:190} INFO - [2026-05-04T17:41:45.333+0000] {dagbag.py:588} INFO - Filling up the DagBag from /opt/airflow/dags/main.py
[2026-05-04T17:41:45.502+0000] {processor.py:925} INFO - DAG(s) 'kafka_to_s3' retrieved from /opt/airflow/dags/main.py
[2026-05-04T17:41:45.536+0000] {logging_mixin.py:190} INFO - [2026-05-04T17:41:45.535+0000] {dag.py:3239} INFO - Sync 1 DAGs
[2026-05-04T17:41:45.574+0000] {logging_mixin.py:190} INFO - [2026-05-04T17:41:45.574+0000] {dag.py:4180} INFO - Setting next_dagrun for kafka_to_s3 to 2026-05-04 00:00:00+00:00, run_after=2026-05-05 00:00:00+00:00
[2026-05-04T17:41:45.602+0000] {processor.py:208} INFO - Processing /opt/airflow/dags/main.py took 0.283 seconds
[2026-05-04T17:42:15.904+0000] {processor.py:186} INFO - Started process (PID=3782) to work on /opt/airflow/dags/main.py
[2026-05-04T17:42:15.906+0000] {processor.py:914} INFO - Processing file /opt/airflow/dags/main.py for tasks to queue
[2026-05-04T17:42:15.910+0000] {logging_mixin.py:190} INFO - [2026-05-04T17:42:15.910+0000] {dagbag.py:588} INFO - Filling up the DagBag from /opt/airflow/dags/main.py
[2026-05-04T17:42:16.101+0000] {processor.py:925} INFO - DAG(s) 'kafka_to_s3' retrieved from /opt/airflow/dags/main.py
[2026-05-04T17:42:16.156+0000] {logging_mixin.py:190} INFO - [2026-05-04T17:42:16.156+0000] {dag.py:3239} INFO - Sync 1 DAGs
[2026-05-04T17:42:16.190+0000] {logging_mixin.py:190} INFO - [2026-05-04T17:42:16.190+0000] {dag.py:4180} INFO - Setting next_dagrun for kafka_to_s3 to 2026-05-04 00:00:00+00:00, run_after=2026-05-05 00:00:00+00:00
[2026-05-04T17:42:16.219+0000] {processor.py:208} INFO - Processing /opt/airflow/dags/main.py took 0.326 seconds
