[2026-04-29T20:28:18.738+0000] {processor.py:186} INFO - Started process (PID=65) to work on /opt/airflow/dags/main.py
[2026-04-29T20:28:18.754+0000] {processor.py:914} INFO - Processing file /opt/airflow/dags/main.py for tasks to queue
[2026-04-29T20:28:18.805+0000] {logging_mixin.py:190} INFO - [2026-04-29T20:28:18.799+0000] {dagbag.py:588} INFO - Filling up the DagBag from /opt/airflow/dags/main.py
[2026-04-29T20:28:20.397+0000] {logging_mixin.py:190} INFO - [2026-04-29T20:28:20.382+0000] {dagbag.py:387} ERROR - Failed to import: /opt/airflow/dags/main.py
Traceback (most recent call last):
  File "/home/airflow/.local/lib/python3.12/site-packages/airflow/models/dagbag.py", line 383, in parse
    loader.exec_module(new_module)
  File "<frozen importlib._bootstrap_external>", line 999, in exec_module
  File "<frozen importlib._bootstrap>", line 488, in _call_with_frames_removed
  File "/opt/airflow/dags/main.py", line 26, in <module>
    from services.consumer import consume_orders
  File "/opt/airflow/services/consumer.py", line 74, in <module>
    from confluent_kafka import Consumer, KafkaException
ModuleNotFoundError: No module named 'confluent_kafka'
[2026-04-29T20:28:20.409+0000] {processor.py:927} WARNING - No viable dags retrieved from /opt/airflow/dags/main.py
[2026-04-29T20:28:20.534+0000] {processor.py:208} INFO - Processing /opt/airflow/dags/main.py took 2.022 seconds
[2026-04-29T20:28:50.877+0000] {processor.py:186} INFO - Started process (PID=72) to work on /opt/airflow/dags/main.py
[2026-04-29T20:28:50.891+0000] {processor.py:914} INFO - Processing file /opt/airflow/dags/main.py for tasks to queue
[2026-04-29T20:28:50.912+0000] {logging_mixin.py:190} INFO - [2026-04-29T20:28:50.911+0000] {dagbag.py:588} INFO - Filling up the DagBag from /opt/airflow/dags/main.py
[2026-04-29T20:28:51.289+0000] {logging_mixin.py:190} INFO - [2026-04-29T20:28:51.264+0000] {dagbag.py:387} ERROR - Failed to import: /opt/airflow/dags/main.py
Traceback (most recent call last):
  File "/home/airflow/.local/lib/python3.12/site-packages/airflow/models/dagbag.py", line 383, in parse
    loader.exec_module(new_module)
  File "<frozen importlib._bootstrap_external>", line 999, in exec_module
  File "<frozen importlib._bootstrap>", line 488, in _call_with_frames_removed
  File "/opt/airflow/dags/main.py", line 26, in <module>
    from services.consumer import consume_orders
  File "/opt/airflow/services/consumer.py", line 74, in <module>
    from confluent_kafka import Consumer, KafkaException
ModuleNotFoundError: No module named 'confluent_kafka'
[2026-04-29T20:28:51.294+0000] {processor.py:927} WARNING - No viable dags retrieved from /opt/airflow/dags/main.py
[2026-04-29T20:28:51.375+0000] {processor.py:208} INFO - Processing /opt/airflow/dags/main.py took 0.571 seconds
[2026-04-29T20:29:22.030+0000] {processor.py:186} INFO - Started process (PID=79) to work on /opt/airflow/dags/main.py
[2026-04-29T20:29:22.046+0000] {processor.py:914} INFO - Processing file /opt/airflow/dags/main.py for tasks to queue
[2026-04-29T20:29:22.084+0000] {logging_mixin.py:190} INFO - [2026-04-29T20:29:22.081+0000] {dagbag.py:588} INFO - Filling up the DagBag from /opt/airflow/dags/main.py
[2026-04-29T20:29:22.428+0000] {logging_mixin.py:190} INFO - [2026-04-29T20:29:22.410+0000] {dagbag.py:387} ERROR - Failed to import: /opt/airflow/dags/main.py
Traceback (most recent call last):
  File "/home/airflow/.local/lib/python3.12/site-packages/airflow/models/dagbag.py", line 383, in parse
    loader.exec_module(new_module)
  File "<frozen importlib._bootstrap_external>", line 999, in exec_module
  File "<frozen importlib._bootstrap>", line 488, in _call_with_frames_removed
  File "/opt/airflow/dags/main.py", line 26, in <module>
    from services.consumer import consume_orders
  File "/opt/airflow/services/consumer.py", line 74, in <module>
    from confluent_kafka import Consumer, KafkaException
ModuleNotFoundError: No module named 'confluent_kafka'
[2026-04-29T20:29:22.434+0000] {processor.py:927} WARNING - No viable dags retrieved from /opt/airflow/dags/main.py
[2026-04-29T20:29:22.476+0000] {processor.py:208} INFO - Processing /opt/airflow/dags/main.py took 0.578 seconds
[2026-04-29T20:29:52.954+0000] {processor.py:186} INFO - Started process (PID=86) to work on /opt/airflow/dags/main.py
[2026-04-29T20:29:52.959+0000] {processor.py:914} INFO - Processing file /opt/airflow/dags/main.py for tasks to queue
[2026-04-29T20:29:52.983+0000] {logging_mixin.py:190} INFO - [2026-04-29T20:29:52.977+0000] {dagbag.py:588} INFO - Filling up the DagBag from /opt/airflow/dags/main.py
[2026-04-29T20:29:53.353+0000] {logging_mixin.py:190} INFO - [2026-04-29T20:29:53.338+0000] {dagbag.py:387} ERROR - Failed to import: /opt/airflow/dags/main.py
Traceback (most recent call last):
  File "/home/airflow/.local/lib/python3.12/site-packages/airflow/models/dagbag.py", line 383, in parse
    loader.exec_module(new_module)
  File "<frozen importlib._bootstrap_external>", line 999, in exec_module
  File "<frozen importlib._bootstrap>", line 488, in _call_with_frames_removed
  File "/opt/airflow/dags/main.py", line 26, in <module>
    from services.consumer import consume_orders
  File "/opt/airflow/services/consumer.py", line 74, in <module>
    from confluent_kafka import Consumer, KafkaException
ModuleNotFoundError: No module named 'confluent_kafka'
[2026-04-29T20:29:53.357+0000] {processor.py:927} WARNING - No viable dags retrieved from /opt/airflow/dags/main.py
[2026-04-29T20:29:53.429+0000] {processor.py:208} INFO - Processing /opt/airflow/dags/main.py took 0.520 seconds
[2026-04-29T20:30:24.020+0000] {processor.py:186} INFO - Started process (PID=93) to work on /opt/airflow/dags/main.py
[2026-04-29T20:30:24.023+0000] {processor.py:914} INFO - Processing file /opt/airflow/dags/main.py for tasks to queue
[2026-04-29T20:30:24.028+0000] {logging_mixin.py:190} INFO - [2026-04-29T20:30:24.027+0000] {dagbag.py:588} INFO - Filling up the DagBag from /opt/airflow/dags/main.py
[2026-04-29T20:30:24.234+0000] {logging_mixin.py:190} INFO - [2026-04-29T20:30:24.222+0000] {dagbag.py:387} ERROR - Failed to import: /opt/airflow/dags/main.py
Traceback (most recent call last):
  File "/home/airflow/.local/lib/python3.12/site-packages/airflow/models/dagbag.py", line 383, in parse
    loader.exec_module(new_module)
  File "<frozen importlib._bootstrap_external>", line 999, in exec_module
  File "<frozen importlib._bootstrap>", line 488, in _call_with_frames_removed
  File "/opt/airflow/dags/main.py", line 26, in <module>
    from services.consumer import consume_orders
  File "/opt/airflow/services/consumer.py", line 74, in <module>
    from confluent_kafka import Consumer, KafkaException
ModuleNotFoundError: No module named 'confluent_kafka'
[2026-04-29T20:30:24.237+0000] {processor.py:927} WARNING - No viable dags retrieved from /opt/airflow/dags/main.py
[2026-04-29T20:30:24.272+0000] {processor.py:208} INFO - Processing /opt/airflow/dags/main.py took 0.265 seconds
[2026-04-29T20:30:54.527+0000] {processor.py:186} INFO - Started process (PID=100) to work on /opt/airflow/dags/main.py
[2026-04-29T20:30:54.529+0000] {processor.py:914} INFO - Processing file /opt/airflow/dags/main.py for tasks to queue
[2026-04-29T20:30:54.533+0000] {logging_mixin.py:190} INFO - [2026-04-29T20:30:54.532+0000] {dagbag.py:588} INFO - Filling up the DagBag from /opt/airflow/dags/main.py
[2026-04-29T20:30:54.748+0000] {logging_mixin.py:190} INFO - [2026-04-29T20:30:54.736+0000] {dagbag.py:387} ERROR - Failed to import: /opt/airflow/dags/main.py
Traceback (most recent call last):
  File "/home/airflow/.local/lib/python3.12/site-packages/airflow/models/dagbag.py", line 383, in parse
    loader.exec_module(new_module)
  File "<frozen importlib._bootstrap_external>", line 999, in exec_module
  File "<frozen importlib._bootstrap>", line 488, in _call_with_frames_removed
  File "/opt/airflow/dags/main.py", line 26, in <module>
    from services.consumer import consume_orders
  File "/opt/airflow/services/consumer.py", line 74, in <module>
    from confluent_kafka import Consumer, KafkaException
ModuleNotFoundError: No module named 'confluent_kafka'
[2026-04-29T20:30:54.751+0000] {processor.py:927} WARNING - No viable dags retrieved from /opt/airflow/dags/main.py
[2026-04-29T20:30:54.782+0000] {processor.py:208} INFO - Processing /opt/airflow/dags/main.py took 0.267 seconds
[2026-04-29T20:31:25.331+0000] {processor.py:186} INFO - Started process (PID=108) to work on /opt/airflow/dags/main.py
[2026-04-29T20:31:25.338+0000] {processor.py:914} INFO - Processing file /opt/airflow/dags/main.py for tasks to queue
[2026-04-29T20:31:25.342+0000] {logging_mixin.py:190} INFO - [2026-04-29T20:31:25.341+0000] {dagbag.py:588} INFO - Filling up the DagBag from /opt/airflow/dags/main.py
[2026-04-29T20:31:25.517+0000] {logging_mixin.py:190} INFO - [2026-04-29T20:31:25.504+0000] {dagbag.py:387} ERROR - Failed to import: /opt/airflow/dags/main.py
Traceback (most recent call last):
  File "/home/airflow/.local/lib/python3.12/site-packages/airflow/models/dagbag.py", line 383, in parse
    loader.exec_module(new_module)
  File "<frozen importlib._bootstrap_external>", line 999, in exec_module
  File "<frozen importlib._bootstrap>", line 488, in _call_with_frames_removed
  File "/opt/airflow/dags/main.py", line 26, in <module>
    from services.consumer import consume_orders
  File "/opt/airflow/services/consumer.py", line 74, in <module>
    from confluent_kafka import Consumer, KafkaException
ModuleNotFoundError: No module named 'confluent_kafka'
[2026-04-29T20:31:25.520+0000] {processor.py:927} WARNING - No viable dags retrieved from /opt/airflow/dags/main.py
[2026-04-29T20:31:25.598+0000] {processor.py:208} INFO - Processing /opt/airflow/dags/main.py took 0.281 seconds
[2026-04-29T20:31:55.918+0000] {processor.py:186} INFO - Started process (PID=115) to work on /opt/airflow/dags/main.py
[2026-04-29T20:31:55.920+0000] {processor.py:914} INFO - Processing file /opt/airflow/dags/main.py for tasks to queue
[2026-04-29T20:31:55.928+0000] {logging_mixin.py:190} INFO - [2026-04-29T20:31:55.927+0000] {dagbag.py:588} INFO - Filling up the DagBag from /opt/airflow/dags/main.py
[2026-04-29T20:31:56.110+0000] {logging_mixin.py:190} INFO - [2026-04-29T20:31:56.096+0000] {dagbag.py:387} ERROR - Failed to import: /opt/airflow/dags/main.py
Traceback (most recent call last):
  File "/home/airflow/.local/lib/python3.12/site-packages/airflow/models/dagbag.py", line 383, in parse
    loader.exec_module(new_module)
  File "<frozen importlib._bootstrap_external>", line 999, in exec_module
  File "<frozen importlib._bootstrap>", line 488, in _call_with_frames_removed
  File "/opt/airflow/dags/main.py", line 26, in <module>
    from services.consumer import consume_orders
  File "/opt/airflow/services/consumer.py", line 74, in <module>
    from confluent_kafka import Consumer, KafkaException
ModuleNotFoundError: No module named 'confluent_kafka'
[2026-04-29T20:31:56.114+0000] {processor.py:927} WARNING - No viable dags retrieved from /opt/airflow/dags/main.py
[2026-04-29T20:31:56.145+0000] {processor.py:208} INFO - Processing /opt/airflow/dags/main.py took 0.247 seconds
[2026-04-29T20:32:26.830+0000] {processor.py:186} INFO - Started process (PID=122) to work on /opt/airflow/dags/main.py
[2026-04-29T20:32:26.836+0000] {processor.py:914} INFO - Processing file /opt/airflow/dags/main.py for tasks to queue
[2026-04-29T20:32:26.849+0000] {logging_mixin.py:190} INFO - [2026-04-29T20:32:26.848+0000] {dagbag.py:588} INFO - Filling up the DagBag from /opt/airflow/dags/main.py
[2026-04-29T20:32:27.128+0000] {logging_mixin.py:190} INFO - [2026-04-29T20:32:27.114+0000] {dagbag.py:387} ERROR - Failed to import: /opt/airflow/dags/main.py
Traceback (most recent call last):
  File "/home/airflow/.local/lib/python3.12/site-packages/airflow/models/dagbag.py", line 383, in parse
    loader.exec_module(new_module)
  File "<frozen importlib._bootstrap_external>", line 999, in exec_module
  File "<frozen importlib._bootstrap>", line 488, in _call_with_frames_removed
  File "/opt/airflow/dags/main.py", line 26, in <module>
    from services.consumer import consume_orders
  File "/opt/airflow/services/consumer.py", line 74, in <module>
    from confluent_kafka import Consumer, KafkaException
ModuleNotFoundError: No module named 'confluent_kafka'
[2026-04-29T20:32:27.133+0000] {processor.py:927} WARNING - No viable dags retrieved from /opt/airflow/dags/main.py
[2026-04-29T20:32:27.161+0000] {processor.py:208} INFO - Processing /opt/airflow/dags/main.py took 0.362 seconds
[2026-04-29T20:32:57.338+0000] {processor.py:186} INFO - Started process (PID=129) to work on /opt/airflow/dags/main.py
[2026-04-29T20:32:57.341+0000] {processor.py:914} INFO - Processing file /opt/airflow/dags/main.py for tasks to queue
[2026-04-29T20:32:57.345+0000] {logging_mixin.py:190} INFO - [2026-04-29T20:32:57.345+0000] {dagbag.py:588} INFO - Filling up the DagBag from /opt/airflow/dags/main.py
[2026-04-29T20:32:57.505+0000] {logging_mixin.py:190} INFO - [2026-04-29T20:32:57.492+0000] {dagbag.py:387} ERROR - Failed to import: /opt/airflow/dags/main.py
Traceback (most recent call last):
  File "/home/airflow/.local/lib/python3.12/site-packages/airflow/models/dagbag.py", line 383, in parse
    loader.exec_module(new_module)
  File "<frozen importlib._bootstrap_external>", line 999, in exec_module
  File "<frozen importlib._bootstrap>", line 488, in _call_with_frames_removed
  File "/opt/airflow/dags/main.py", line 26, in <module>
    from services.consumer import consume_orders
  File "/opt/airflow/services/consumer.py", line 74, in <module>
    from confluent_kafka import Consumer, KafkaException
ModuleNotFoundError: No module named 'confluent_kafka'
[2026-04-29T20:32:57.509+0000] {processor.py:927} WARNING - No viable dags retrieved from /opt/airflow/dags/main.py
[2026-04-29T20:32:57.537+0000] {processor.py:208} INFO - Processing /opt/airflow/dags/main.py took 0.211 seconds
[2026-04-29T20:33:27.967+0000] {processor.py:186} INFO - Started process (PID=137) to work on /opt/airflow/dags/main.py
[2026-04-29T20:33:27.971+0000] {processor.py:914} INFO - Processing file /opt/airflow/dags/main.py for tasks to queue
[2026-04-29T20:33:27.977+0000] {logging_mixin.py:190} INFO - [2026-04-29T20:33:27.977+0000] {dagbag.py:588} INFO - Filling up the DagBag from /opt/airflow/dags/main.py
[2026-04-29T20:33:28.167+0000] {logging_mixin.py:190} INFO - [2026-04-29T20:33:28.154+0000] {dagbag.py:387} ERROR - Failed to import: /opt/airflow/dags/main.py
Traceback (most recent call last):
  File "/home/airflow/.local/lib/python3.12/site-packages/airflow/models/dagbag.py", line 383, in parse
    loader.exec_module(new_module)
  File "<frozen importlib._bootstrap_external>", line 999, in exec_module
  File "<frozen importlib._bootstrap>", line 488, in _call_with_frames_removed
  File "/opt/airflow/dags/main.py", line 26, in <module>
    from services.consumer import consume_orders
  File "/opt/airflow/services/consumer.py", line 74, in <module>
    from confluent_kafka import Consumer, KafkaException
ModuleNotFoundError: No module named 'confluent_kafka'
[2026-04-29T20:33:28.171+0000] {processor.py:927} WARNING - No viable dags retrieved from /opt/airflow/dags/main.py
[2026-04-29T20:33:28.198+0000] {processor.py:208} INFO - Processing /opt/airflow/dags/main.py took 0.250 seconds
[2026-04-29T20:33:58.569+0000] {processor.py:186} INFO - Started process (PID=144) to work on /opt/airflow/dags/main.py
[2026-04-29T20:33:58.571+0000] {processor.py:914} INFO - Processing file /opt/airflow/dags/main.py for tasks to queue
[2026-04-29T20:33:58.576+0000] {logging_mixin.py:190} INFO - [2026-04-29T20:33:58.576+0000] {dagbag.py:588} INFO - Filling up the DagBag from /opt/airflow/dags/main.py
[2026-04-29T20:33:58.832+0000] {logging_mixin.py:190} INFO - [2026-04-29T20:33:58.818+0000] {dagbag.py:387} ERROR - Failed to import: /opt/airflow/dags/main.py
Traceback (most recent call last):
  File "/home/airflow/.local/lib/python3.12/site-packages/airflow/models/dagbag.py", line 383, in parse
    loader.exec_module(new_module)
  File "<frozen importlib._bootstrap_external>", line 999, in exec_module
  File "<frozen importlib._bootstrap>", line 488, in _call_with_frames_removed
  File "/opt/airflow/dags/main.py", line 26, in <module>
    from services.consumer import consume_orders
  File "/opt/airflow/services/consumer.py", line 74, in <module>
    from confluent_kafka import Consumer, KafkaException
ModuleNotFoundError: No module named 'confluent_kafka'
[2026-04-29T20:33:58.836+0000] {processor.py:927} WARNING - No viable dags retrieved from /opt/airflow/dags/main.py
[2026-04-29T20:33:59.038+0000] {processor.py:208} INFO - Processing /opt/airflow/dags/main.py took 0.485 seconds
[2026-04-29T20:34:29.295+0000] {processor.py:186} INFO - Started process (PID=151) to work on /opt/airflow/dags/main.py
[2026-04-29T20:34:29.297+0000] {processor.py:914} INFO - Processing file /opt/airflow/dags/main.py for tasks to queue
[2026-04-29T20:34:29.300+0000] {logging_mixin.py:190} INFO - [2026-04-29T20:34:29.299+0000] {dagbag.py:588} INFO - Filling up the DagBag from /opt/airflow/dags/main.py
[2026-04-29T20:34:29.430+0000] {logging_mixin.py:190} INFO - [2026-04-29T20:34:29.419+0000] {dagbag.py:387} ERROR - Failed to import: /opt/airflow/dags/main.py
Traceback (most recent call last):
  File "/home/airflow/.local/lib/python3.12/site-packages/airflow/models/dagbag.py", line 383, in parse
    loader.exec_module(new_module)
  File "<frozen importlib._bootstrap_external>", line 999, in exec_module
  File "<frozen importlib._bootstrap>", line 488, in _call_with_frames_removed
  File "/opt/airflow/dags/main.py", line 26, in <module>
    from services.consumer import consume_orders
  File "/opt/airflow/services/consumer.py", line 74, in <module>
    from confluent_kafka import Consumer, KafkaException
ModuleNotFoundError: No module named 'confluent_kafka'
[2026-04-29T20:34:29.433+0000] {processor.py:927} WARNING - No viable dags retrieved from /opt/airflow/dags/main.py
[2026-04-29T20:34:29.492+0000] {processor.py:208} INFO - Processing /opt/airflow/dags/main.py took 0.205 seconds
[2026-04-29T20:34:59.866+0000] {processor.py:186} INFO - Started process (PID=157) to work on /opt/airflow/dags/main.py
[2026-04-29T20:34:59.868+0000] {processor.py:914} INFO - Processing file /opt/airflow/dags/main.py for tasks to queue
[2026-04-29T20:34:59.875+0000] {logging_mixin.py:190} INFO - [2026-04-29T20:34:59.874+0000] {dagbag.py:588} INFO - Filling up the DagBag from /opt/airflow/dags/main.py
[2026-04-29T20:35:00.514+0000] {logging_mixin.py:190} INFO - [2026-04-29T20:35:00.502+0000] {dagbag.py:387} ERROR - Failed to import: /opt/airflow/dags/main.py
Traceback (most recent call last):
  File "/home/airflow/.local/lib/python3.12/site-packages/airflow/models/dagbag.py", line 383, in parse
    loader.exec_module(new_module)
  File "<frozen importlib._bootstrap_external>", line 999, in exec_module
  File "<frozen importlib._bootstrap>", line 488, in _call_with_frames_removed
  File "/opt/airflow/dags/main.py", line 26, in <module>
    from services.consumer import consume_orders
  File "/opt/airflow/services/consumer.py", line 74, in <module>
    from confluent_kafka import Consumer, KafkaException
ModuleNotFoundError: No module named 'confluent_kafka'
[2026-04-29T20:35:00.517+0000] {processor.py:927} WARNING - No viable dags retrieved from /opt/airflow/dags/main.py
[2026-04-29T20:35:00.543+0000] {processor.py:208} INFO - Processing /opt/airflow/dags/main.py took 0.697 seconds
[2026-04-29T20:35:31.092+0000] {processor.py:186} INFO - Started process (PID=164) to work on /opt/airflow/dags/main.py
[2026-04-29T20:35:31.095+0000] {processor.py:914} INFO - Processing file /opt/airflow/dags/main.py for tasks to queue
[2026-04-29T20:35:31.100+0000] {logging_mixin.py:190} INFO - [2026-04-29T20:35:31.100+0000] {dagbag.py:588} INFO - Filling up the DagBag from /opt/airflow/dags/main.py
[2026-04-29T20:35:31.499+0000] {logging_mixin.py:190} INFO - [2026-04-29T20:35:31.484+0000] {dagbag.py:387} ERROR - Failed to import: /opt/airflow/dags/main.py
Traceback (most recent call last):
  File "/home/airflow/.local/lib/python3.12/site-packages/airflow/models/dagbag.py", line 383, in parse
    loader.exec_module(new_module)
  File "<frozen importlib._bootstrap_external>", line 999, in exec_module
  File "<frozen importlib._bootstrap>", line 488, in _call_with_frames_removed
  File "/opt/airflow/dags/main.py", line 26, in <module>
    from services.consumer import consume_orders
  File "/opt/airflow/services/consumer.py", line 74, in <module>
    from confluent_kafka import Consumer, KafkaException
ModuleNotFoundError: No module named 'confluent_kafka'
[2026-04-29T20:35:31.503+0000] {processor.py:927} WARNING - No viable dags retrieved from /opt/airflow/dags/main.py
[2026-04-29T20:35:31.532+0000] {processor.py:208} INFO - Processing /opt/airflow/dags/main.py took 0.456 seconds
[2026-04-29T20:36:01.993+0000] {processor.py:186} INFO - Started process (PID=171) to work on /opt/airflow/dags/main.py
[2026-04-29T20:36:01.996+0000] {processor.py:914} INFO - Processing file /opt/airflow/dags/main.py for tasks to queue
[2026-04-29T20:36:02.003+0000] {logging_mixin.py:190} INFO - [2026-04-29T20:36:02.002+0000] {dagbag.py:588} INFO - Filling up the DagBag from /opt/airflow/dags/main.py
[2026-04-29T20:36:02.159+0000] {logging_mixin.py:190} INFO - [2026-04-29T20:36:02.148+0000] {dagbag.py:387} ERROR - Failed to import: /opt/airflow/dags/main.py
Traceback (most recent call last):
  File "/home/airflow/.local/lib/python3.12/site-packages/airflow/models/dagbag.py", line 383, in parse
    loader.exec_module(new_module)
  File "<frozen importlib._bootstrap_external>", line 999, in exec_module
  File "<frozen importlib._bootstrap>", line 488, in _call_with_frames_removed
  File "/opt/airflow/dags/main.py", line 26, in <module>
    from services.consumer import consume_orders
  File "/opt/airflow/services/consumer.py", line 74, in <module>
    from confluent_kafka import Consumer, KafkaException
ModuleNotFoundError: No module named 'confluent_kafka'
[2026-04-29T20:36:02.163+0000] {processor.py:927} WARNING - No viable dags retrieved from /opt/airflow/dags/main.py
[2026-04-29T20:36:02.188+0000] {processor.py:208} INFO - Processing /opt/airflow/dags/main.py took 0.205 seconds
[2026-04-29T20:36:32.612+0000] {processor.py:186} INFO - Started process (PID=179) to work on /opt/airflow/dags/main.py
[2026-04-29T20:36:32.615+0000] {processor.py:914} INFO - Processing file /opt/airflow/dags/main.py for tasks to queue
[2026-04-29T20:36:32.624+0000] {logging_mixin.py:190} INFO - [2026-04-29T20:36:32.623+0000] {dagbag.py:588} INFO - Filling up the DagBag from /opt/airflow/dags/main.py
[2026-04-29T20:36:32.903+0000] {logging_mixin.py:190} INFO - [2026-04-29T20:36:32.884+0000] {dagbag.py:387} ERROR - Failed to import: /opt/airflow/dags/main.py
Traceback (most recent call last):
  File "/home/airflow/.local/lib/python3.12/site-packages/airflow/models/dagbag.py", line 383, in parse
    loader.exec_module(new_module)
  File "<frozen importlib._bootstrap_external>", line 999, in exec_module
  File "<frozen importlib._bootstrap>", line 488, in _call_with_frames_removed
  File "/opt/airflow/dags/main.py", line 26, in <module>
    from services.consumer import consume_orders
  File "/opt/airflow/services/consumer.py", line 74, in <module>
    from confluent_kafka import Consumer, KafkaException
ModuleNotFoundError: No module named 'confluent_kafka'
[2026-04-29T20:36:32.908+0000] {processor.py:927} WARNING - No viable dags retrieved from /opt/airflow/dags/main.py
[2026-04-29T20:36:32.950+0000] {processor.py:208} INFO - Processing /opt/airflow/dags/main.py took 0.355 seconds
[2026-04-29T20:37:03.268+0000] {processor.py:186} INFO - Started process (PID=185) to work on /opt/airflow/dags/main.py
[2026-04-29T20:37:03.270+0000] {processor.py:914} INFO - Processing file /opt/airflow/dags/main.py for tasks to queue
[2026-04-29T20:37:03.277+0000] {logging_mixin.py:190} INFO - [2026-04-29T20:37:03.276+0000] {dagbag.py:588} INFO - Filling up the DagBag from /opt/airflow/dags/main.py
[2026-04-29T20:37:03.438+0000] {logging_mixin.py:190} INFO - [2026-04-29T20:37:03.429+0000] {dagbag.py:387} ERROR - Failed to import: /opt/airflow/dags/main.py
Traceback (most recent call last):
  File "/home/airflow/.local/lib/python3.12/site-packages/airflow/models/dagbag.py", line 383, in parse
    loader.exec_module(new_module)
  File "<frozen importlib._bootstrap_external>", line 999, in exec_module
  File "<frozen importlib._bootstrap>", line 488, in _call_with_frames_removed
  File "/opt/airflow/dags/main.py", line 26, in <module>
    from services.consumer import consume_orders
  File "/opt/airflow/services/consumer.py", line 74, in <module>
    from confluent_kafka import Consumer, KafkaException
ModuleNotFoundError: No module named 'confluent_kafka'
[2026-04-29T20:37:03.441+0000] {processor.py:927} WARNING - No viable dags retrieved from /opt/airflow/dags/main.py
[2026-04-29T20:37:03.467+0000] {processor.py:208} INFO - Processing /opt/airflow/dags/main.py took 0.213 seconds
[2026-04-29T20:37:33.983+0000] {processor.py:186} INFO - Started process (PID=192) to work on /opt/airflow/dags/main.py
[2026-04-29T20:37:33.986+0000] {processor.py:914} INFO - Processing file /opt/airflow/dags/main.py for tasks to queue
[2026-04-29T20:37:33.993+0000] {logging_mixin.py:190} INFO - [2026-04-29T20:37:33.992+0000] {dagbag.py:588} INFO - Filling up the DagBag from /opt/airflow/dags/main.py
[2026-04-29T20:37:34.143+0000] {logging_mixin.py:190} INFO - [2026-04-29T20:37:34.130+0000] {dagbag.py:387} ERROR - Failed to import: /opt/airflow/dags/main.py
Traceback (most recent call last):
  File "/home/airflow/.local/lib/python3.12/site-packages/airflow/models/dagbag.py", line 383, in parse
    loader.exec_module(new_module)
  File "<frozen importlib._bootstrap_external>", line 999, in exec_module
  File "<frozen importlib._bootstrap>", line 488, in _call_with_frames_removed
  File "/opt/airflow/dags/main.py", line 26, in <module>
    from services.consumer import consume_orders
  File "/opt/airflow/services/consumer.py", line 74, in <module>
    from confluent_kafka import Consumer, KafkaException
ModuleNotFoundError: No module named 'confluent_kafka'
[2026-04-29T20:37:34.147+0000] {processor.py:927} WARNING - No viable dags retrieved from /opt/airflow/dags/main.py
[2026-04-29T20:37:34.172+0000] {processor.py:208} INFO - Processing /opt/airflow/dags/main.py took 0.208 seconds
[2026-04-29T20:38:04.611+0000] {processor.py:186} INFO - Started process (PID=198) to work on /opt/airflow/dags/main.py
[2026-04-29T20:38:04.614+0000] {processor.py:914} INFO - Processing file /opt/airflow/dags/main.py for tasks to queue
[2026-04-29T20:38:04.621+0000] {logging_mixin.py:190} INFO - [2026-04-29T20:38:04.621+0000] {dagbag.py:588} INFO - Filling up the DagBag from /opt/airflow/dags/main.py
[2026-04-29T20:38:04.995+0000] {logging_mixin.py:190} INFO - [2026-04-29T20:38:04.972+0000] {dagbag.py:387} ERROR - Failed to import: /opt/airflow/dags/main.py
Traceback (most recent call last):
  File "/home/airflow/.local/lib/python3.12/site-packages/airflow/models/dagbag.py", line 383, in parse
    loader.exec_module(new_module)
  File "<frozen importlib._bootstrap_external>", line 999, in exec_module
  File "<frozen importlib._bootstrap>", line 488, in _call_with_frames_removed
  File "/opt/airflow/dags/main.py", line 26, in <module>
    from services.consumer import consume_orders
  File "/opt/airflow/services/consumer.py", line 74, in <module>
    from confluent_kafka import Consumer, KafkaException
ModuleNotFoundError: No module named 'confluent_kafka'
[2026-04-29T20:38:05.000+0000] {processor.py:927} WARNING - No viable dags retrieved from /opt/airflow/dags/main.py
[2026-04-29T20:38:05.029+0000] {processor.py:208} INFO - Processing /opt/airflow/dags/main.py took 0.435 seconds
[2026-04-29T20:38:35.415+0000] {processor.py:186} INFO - Started process (PID=205) to work on /opt/airflow/dags/main.py
[2026-04-29T20:38:35.418+0000] {processor.py:914} INFO - Processing file /opt/airflow/dags/main.py for tasks to queue
[2026-04-29T20:38:35.423+0000] {logging_mixin.py:190} INFO - [2026-04-29T20:38:35.422+0000] {dagbag.py:588} INFO - Filling up the DagBag from /opt/airflow/dags/main.py
[2026-04-29T20:38:35.588+0000] {logging_mixin.py:190} INFO - [2026-04-29T20:38:35.576+0000] {dagbag.py:387} ERROR - Failed to import: /opt/airflow/dags/main.py
Traceback (most recent call last):
  File "/home/airflow/.local/lib/python3.12/site-packages/airflow/models/dagbag.py", line 383, in parse
    loader.exec_module(new_module)
  File "<frozen importlib._bootstrap_external>", line 999, in exec_module
  File "<frozen importlib._bootstrap>", line 488, in _call_with_frames_removed
  File "/opt/airflow/dags/main.py", line 26, in <module>
    from services.consumer import consume_orders
  File "/opt/airflow/services/consumer.py", line 74, in <module>
    from confluent_kafka import Consumer, KafkaException
ModuleNotFoundError: No module named 'confluent_kafka'
[2026-04-29T20:38:35.591+0000] {processor.py:927} WARNING - No viable dags retrieved from /opt/airflow/dags/main.py
[2026-04-29T20:38:35.615+0000] {processor.py:208} INFO - Processing /opt/airflow/dags/main.py took 0.217 seconds
[2026-04-29T20:39:06.133+0000] {processor.py:186} INFO - Started process (PID=212) to work on /opt/airflow/dags/main.py
[2026-04-29T20:39:06.135+0000] {processor.py:914} INFO - Processing file /opt/airflow/dags/main.py for tasks to queue
[2026-04-29T20:39:06.138+0000] {logging_mixin.py:190} INFO - [2026-04-29T20:39:06.138+0000] {dagbag.py:588} INFO - Filling up the DagBag from /opt/airflow/dags/main.py
[2026-04-29T20:39:06.288+0000] {logging_mixin.py:190} INFO - [2026-04-29T20:39:06.277+0000] {dagbag.py:387} ERROR - Failed to import: /opt/airflow/dags/main.py
Traceback (most recent call last):
  File "/home/airflow/.local/lib/python3.12/site-packages/airflow/models/dagbag.py", line 383, in parse
    loader.exec_module(new_module)
  File "<frozen importlib._bootstrap_external>", line 999, in exec_module
  File "<frozen importlib._bootstrap>", line 488, in _call_with_frames_removed
  File "/opt/airflow/dags/main.py", line 26, in <module>
    from services.consumer import consume_orders
  File "/opt/airflow/services/consumer.py", line 74, in <module>
    from confluent_kafka import Consumer, KafkaException
ModuleNotFoundError: No module named 'confluent_kafka'
[2026-04-29T20:39:06.291+0000] {processor.py:927} WARNING - No viable dags retrieved from /opt/airflow/dags/main.py
[2026-04-29T20:39:06.321+0000] {processor.py:208} INFO - Processing /opt/airflow/dags/main.py took 0.197 seconds
[2026-04-29T20:39:36.760+0000] {processor.py:186} INFO - Started process (PID=219) to work on /opt/airflow/dags/main.py
[2026-04-29T20:39:36.763+0000] {processor.py:914} INFO - Processing file /opt/airflow/dags/main.py for tasks to queue
[2026-04-29T20:39:36.769+0000] {logging_mixin.py:190} INFO - [2026-04-29T20:39:36.768+0000] {dagbag.py:588} INFO - Filling up the DagBag from /opt/airflow/dags/main.py
[2026-04-29T20:39:36.984+0000] {logging_mixin.py:190} INFO - [2026-04-29T20:39:36.966+0000] {dagbag.py:387} ERROR - Failed to import: /opt/airflow/dags/main.py
Traceback (most recent call last):
  File "/home/airflow/.local/lib/python3.12/site-packages/airflow/models/dagbag.py", line 383, in parse
    loader.exec_module(new_module)
  File "<frozen importlib._bootstrap_external>", line 999, in exec_module
  File "<frozen importlib._bootstrap>", line 488, in _call_with_frames_removed
  File "/opt/airflow/dags/main.py", line 26, in <module>
    from services.consumer import consume_orders
  File "/opt/airflow/services/consumer.py", line 74, in <module>
    from confluent_kafka import Consumer, KafkaException
ModuleNotFoundError: No module named 'confluent_kafka'
[2026-04-29T20:39:36.989+0000] {processor.py:927} WARNING - No viable dags retrieved from /opt/airflow/dags/main.py
[2026-04-29T20:39:37.022+0000] {processor.py:208} INFO - Processing /opt/airflow/dags/main.py took 0.280 seconds
[2026-04-29T20:40:07.455+0000] {processor.py:186} INFO - Started process (PID=226) to work on /opt/airflow/dags/main.py
[2026-04-29T20:40:07.457+0000] {processor.py:914} INFO - Processing file /opt/airflow/dags/main.py for tasks to queue
[2026-04-29T20:40:07.462+0000] {logging_mixin.py:190} INFO - [2026-04-29T20:40:07.461+0000] {dagbag.py:588} INFO - Filling up the DagBag from /opt/airflow/dags/main.py
[2026-04-29T20:40:07.782+0000] {logging_mixin.py:190} INFO - [2026-04-29T20:40:07.771+0000] {dagbag.py:387} ERROR - Failed to import: /opt/airflow/dags/main.py
Traceback (most recent call last):
  File "/home/airflow/.local/lib/python3.12/site-packages/airflow/models/dagbag.py", line 383, in parse
    loader.exec_module(new_module)
  File "<frozen importlib._bootstrap_external>", line 999, in exec_module
  File "<frozen importlib._bootstrap>", line 488, in _call_with_frames_removed
  File "/opt/airflow/dags/main.py", line 26, in <module>
    from services.consumer import consume_orders
  File "/opt/airflow/services/consumer.py", line 74, in <module>
    from confluent_kafka import Consumer, KafkaException
ModuleNotFoundError: No module named 'confluent_kafka'
[2026-04-29T20:40:07.784+0000] {processor.py:927} WARNING - No viable dags retrieved from /opt/airflow/dags/main.py
[2026-04-29T20:40:07.816+0000] {processor.py:208} INFO - Processing /opt/airflow/dags/main.py took 0.370 seconds
[2026-04-29T20:40:38.349+0000] {processor.py:186} INFO - Started process (PID=233) to work on /opt/airflow/dags/main.py
[2026-04-29T20:40:38.351+0000] {processor.py:914} INFO - Processing file /opt/airflow/dags/main.py for tasks to queue
[2026-04-29T20:40:38.356+0000] {logging_mixin.py:190} INFO - [2026-04-29T20:40:38.356+0000] {dagbag.py:588} INFO - Filling up the DagBag from /opt/airflow/dags/main.py
[2026-04-29T20:40:38.528+0000] {logging_mixin.py:190} INFO - [2026-04-29T20:40:38.517+0000] {dagbag.py:387} ERROR - Failed to import: /opt/airflow/dags/main.py
Traceback (most recent call last):
  File "/home/airflow/.local/lib/python3.12/site-packages/airflow/models/dagbag.py", line 383, in parse
    loader.exec_module(new_module)
  File "<frozen importlib._bootstrap_external>", line 999, in exec_module
  File "<frozen importlib._bootstrap>", line 488, in _call_with_frames_removed
  File "/opt/airflow/dags/main.py", line 26, in <module>
    from services.consumer import consume_orders
  File "/opt/airflow/services/consumer.py", line 74, in <module>
    from confluent_kafka import Consumer, KafkaException
ModuleNotFoundError: No module named 'confluent_kafka'
[2026-04-29T20:40:38.531+0000] {processor.py:927} WARNING - No viable dags retrieved from /opt/airflow/dags/main.py
[2026-04-29T20:40:38.751+0000] {processor.py:208} INFO - Processing /opt/airflow/dags/main.py took 0.421 seconds
[2026-04-29T20:41:09.061+0000] {processor.py:186} INFO - Started process (PID=239) to work on /opt/airflow/dags/main.py
[2026-04-29T20:41:09.067+0000] {processor.py:914} INFO - Processing file /opt/airflow/dags/main.py for tasks to queue
[2026-04-29T20:41:09.083+0000] {logging_mixin.py:190} INFO - [2026-04-29T20:41:09.081+0000] {dagbag.py:588} INFO - Filling up the DagBag from /opt/airflow/dags/main.py
[2026-04-29T20:41:09.638+0000] {logging_mixin.py:190} INFO - [2026-04-29T20:41:09.619+0000] {dagbag.py:387} ERROR - Failed to import: /opt/airflow/dags/main.py
Traceback (most recent call last):
  File "/home/airflow/.local/lib/python3.12/site-packages/airflow/models/dagbag.py", line 383, in parse
    loader.exec_module(new_module)
  File "<frozen importlib._bootstrap_external>", line 999, in exec_module
  File "<frozen importlib._bootstrap>", line 488, in _call_with_frames_removed
  File "/opt/airflow/dags/main.py", line 26, in <module>
    from services.consumer import consume_orders
  File "/opt/airflow/services/consumer.py", line 74, in <module>
    from confluent_kafka import Consumer, KafkaException
ModuleNotFoundError: No module named 'confluent_kafka'
[2026-04-29T20:41:09.643+0000] {processor.py:927} WARNING - No viable dags retrieved from /opt/airflow/dags/main.py
[2026-04-29T20:41:09.671+0000] {processor.py:208} INFO - Processing /opt/airflow/dags/main.py took 0.644 seconds
[2026-04-29T20:41:39.913+0000] {processor.py:186} INFO - Started process (PID=245) to work on /opt/airflow/dags/main.py
[2026-04-29T20:41:39.915+0000] {processor.py:914} INFO - Processing file /opt/airflow/dags/main.py for tasks to queue
[2026-04-29T20:41:39.920+0000] {logging_mixin.py:190} INFO - [2026-04-29T20:41:39.919+0000] {dagbag.py:588} INFO - Filling up the DagBag from /opt/airflow/dags/main.py
[2026-04-29T20:41:40.068+0000] {logging_mixin.py:190} INFO - [2026-04-29T20:41:40.056+0000] {dagbag.py:387} ERROR - Failed to import: /opt/airflow/dags/main.py
Traceback (most recent call last):
  File "/home/airflow/.local/lib/python3.12/site-packages/airflow/models/dagbag.py", line 383, in parse
    loader.exec_module(new_module)
  File "<frozen importlib._bootstrap_external>", line 999, in exec_module
  File "<frozen importlib._bootstrap>", line 488, in _call_with_frames_removed
  File "/opt/airflow/dags/main.py", line 26, in <module>
    from services.consumer import consume_orders
  File "/opt/airflow/services/consumer.py", line 74, in <module>
    from confluent_kafka import Consumer, KafkaException
ModuleNotFoundError: No module named 'confluent_kafka'
[2026-04-29T20:41:40.072+0000] {processor.py:927} WARNING - No viable dags retrieved from /opt/airflow/dags/main.py
[2026-04-29T20:41:40.102+0000] {processor.py:208} INFO - Processing /opt/airflow/dags/main.py took 0.200 seconds
[2026-04-29T20:42:10.445+0000] {processor.py:186} INFO - Started process (PID=252) to work on /opt/airflow/dags/main.py
[2026-04-29T20:42:10.448+0000] {processor.py:914} INFO - Processing file /opt/airflow/dags/main.py for tasks to queue
[2026-04-29T20:42:10.453+0000] {logging_mixin.py:190} INFO - [2026-04-29T20:42:10.452+0000] {dagbag.py:588} INFO - Filling up the DagBag from /opt/airflow/dags/main.py
[2026-04-29T20:42:10.589+0000] {logging_mixin.py:190} INFO - [2026-04-29T20:42:10.577+0000] {dagbag.py:387} ERROR - Failed to import: /opt/airflow/dags/main.py
Traceback (most recent call last):
  File "/home/airflow/.local/lib/python3.12/site-packages/airflow/models/dagbag.py", line 383, in parse
    loader.exec_module(new_module)
  File "<frozen importlib._bootstrap_external>", line 999, in exec_module
  File "<frozen importlib._bootstrap>", line 488, in _call_with_frames_removed
  File "/opt/airflow/dags/main.py", line 26, in <module>
    from services.consumer import consume_orders
  File "/opt/airflow/services/consumer.py", line 74, in <module>
    from confluent_kafka import Consumer, KafkaException
ModuleNotFoundError: No module named 'confluent_kafka'
[2026-04-29T20:42:10.593+0000] {processor.py:927} WARNING - No viable dags retrieved from /opt/airflow/dags/main.py
[2026-04-29T20:42:10.619+0000] {processor.py:208} INFO - Processing /opt/airflow/dags/main.py took 0.193 seconds
[2026-04-29T20:45:10.164+0000] {processor.py:186} INFO - Started process (PID=63) to work on /opt/airflow/dags/main.py
[2026-04-29T20:45:10.177+0000] {processor.py:914} INFO - Processing file /opt/airflow/dags/main.py for tasks to queue
[2026-04-29T20:45:10.195+0000] {logging_mixin.py:190} INFO - [2026-04-29T20:45:10.193+0000] {dagbag.py:588} INFO - Filling up the DagBag from /opt/airflow/dags/main.py
[2026-04-29T20:45:12.247+0000] {logging_mixin.py:190} INFO - [2026-04-29T20:45:12.215+0000] {dagbag.py:387} ERROR - Failed to import: /opt/airflow/dags/main.py
Traceback (most recent call last):
  File "/home/airflow/.local/lib/python3.12/site-packages/airflow/models/dagbag.py", line 383, in parse
    loader.exec_module(new_module)
  File "<frozen importlib._bootstrap_external>", line 999, in exec_module
  File "<frozen importlib._bootstrap>", line 488, in _call_with_frames_removed
  File "/opt/airflow/dags/main.py", line 26, in <module>
    from services.consumer import consume_orders
  File "/opt/airflow/services/consumer.py", line 74, in <module>
    from confluent_kafka import Consumer, KafkaException
ModuleNotFoundError: No module named 'confluent_kafka'
[2026-04-29T20:45:12.254+0000] {processor.py:927} WARNING - No viable dags retrieved from /opt/airflow/dags/main.py
[2026-04-29T20:45:12.307+0000] {processor.py:208} INFO - Processing /opt/airflow/dags/main.py took 2.192 seconds
[2026-04-29T20:45:43.215+0000] {processor.py:186} INFO - Started process (PID=70) to work on /opt/airflow/dags/main.py
[2026-04-29T20:45:43.228+0000] {processor.py:914} INFO - Processing file /opt/airflow/dags/main.py for tasks to queue
[2026-04-29T20:45:43.274+0000] {logging_mixin.py:190} INFO - [2026-04-29T20:45:43.272+0000] {dagbag.py:588} INFO - Filling up the DagBag from /opt/airflow/dags/main.py
[2026-04-29T20:45:44.384+0000] {logging_mixin.py:190} INFO - [2026-04-29T20:45:44.306+0000] {dagbag.py:387} ERROR - Failed to import: /opt/airflow/dags/main.py
Traceback (most recent call last):
  File "/home/airflow/.local/lib/python3.12/site-packages/airflow/models/dagbag.py", line 383, in parse
    loader.exec_module(new_module)
  File "<frozen importlib._bootstrap_external>", line 999, in exec_module
  File "<frozen importlib._bootstrap>", line 488, in _call_with_frames_removed
  File "/opt/airflow/dags/main.py", line 26, in <module>
    from services.consumer import consume_orders
  File "/opt/airflow/services/consumer.py", line 74, in <module>
    from confluent_kafka import Consumer, KafkaException
ModuleNotFoundError: No module named 'confluent_kafka'
[2026-04-29T20:45:44.396+0000] {processor.py:927} WARNING - No viable dags retrieved from /opt/airflow/dags/main.py
[2026-04-29T20:45:44.733+0000] {processor.py:208} INFO - Processing /opt/airflow/dags/main.py took 1.843 seconds
[2026-04-29T20:46:15.230+0000] {processor.py:186} INFO - Started process (PID=77) to work on /opt/airflow/dags/main.py
[2026-04-29T20:46:15.232+0000] {processor.py:914} INFO - Processing file /opt/airflow/dags/main.py for tasks to queue
[2026-04-29T20:46:15.236+0000] {logging_mixin.py:190} INFO - [2026-04-29T20:46:15.236+0000] {dagbag.py:588} INFO - Filling up the DagBag from /opt/airflow/dags/main.py
[2026-04-29T20:46:15.413+0000] {logging_mixin.py:190} INFO - [2026-04-29T20:46:15.400+0000] {dagbag.py:387} ERROR - Failed to import: /opt/airflow/dags/main.py
Traceback (most recent call last):
  File "/home/airflow/.local/lib/python3.12/site-packages/airflow/models/dagbag.py", line 383, in parse
    loader.exec_module(new_module)
  File "<frozen importlib._bootstrap_external>", line 999, in exec_module
  File "<frozen importlib._bootstrap>", line 488, in _call_with_frames_removed
  File "/opt/airflow/dags/main.py", line 26, in <module>
    from services.consumer import consume_orders
  File "/opt/airflow/services/consumer.py", line 74, in <module>
    from confluent_kafka import Consumer, KafkaException
ModuleNotFoundError: No module named 'confluent_kafka'
[2026-04-29T20:46:15.416+0000] {processor.py:927} WARNING - No viable dags retrieved from /opt/airflow/dags/main.py
[2026-04-29T20:46:15.464+0000] {processor.py:208} INFO - Processing /opt/airflow/dags/main.py took 0.247 seconds
[2026-04-29T20:46:45.811+0000] {processor.py:186} INFO - Started process (PID=84) to work on /opt/airflow/dags/main.py
[2026-04-29T20:46:45.813+0000] {processor.py:914} INFO - Processing file /opt/airflow/dags/main.py for tasks to queue
[2026-04-29T20:46:45.818+0000] {logging_mixin.py:190} INFO - [2026-04-29T20:46:45.817+0000] {dagbag.py:588} INFO - Filling up the DagBag from /opt/airflow/dags/main.py
[2026-04-29T20:46:46.013+0000] {logging_mixin.py:190} INFO - [2026-04-29T20:46:45.999+0000] {dagbag.py:387} ERROR - Failed to import: /opt/airflow/dags/main.py
Traceback (most recent call last):
  File "/home/airflow/.local/lib/python3.12/site-packages/airflow/models/dagbag.py", line 383, in parse
    loader.exec_module(new_module)
  File "<frozen importlib._bootstrap_external>", line 999, in exec_module
  File "<frozen importlib._bootstrap>", line 488, in _call_with_frames_removed
  File "/opt/airflow/dags/main.py", line 26, in <module>
    from services.consumer import consume_orders
  File "/opt/airflow/services/consumer.py", line 74, in <module>
    from confluent_kafka import Consumer, KafkaException
ModuleNotFoundError: No module named 'confluent_kafka'
[2026-04-29T20:46:46.017+0000] {processor.py:927} WARNING - No viable dags retrieved from /opt/airflow/dags/main.py
[2026-04-29T20:46:46.049+0000] {processor.py:208} INFO - Processing /opt/airflow/dags/main.py took 0.254 seconds
[2026-04-29T20:47:16.503+0000] {processor.py:186} INFO - Started process (PID=92) to work on /opt/airflow/dags/main.py
[2026-04-29T20:47:16.505+0000] {processor.py:914} INFO - Processing file /opt/airflow/dags/main.py for tasks to queue
[2026-04-29T20:47:16.509+0000] {logging_mixin.py:190} INFO - [2026-04-29T20:47:16.508+0000] {dagbag.py:588} INFO - Filling up the DagBag from /opt/airflow/dags/main.py
[2026-04-29T20:47:16.654+0000] {logging_mixin.py:190} INFO - [2026-04-29T20:47:16.635+0000] {dagbag.py:387} ERROR - Failed to import: /opt/airflow/dags/main.py
Traceback (most recent call last):
  File "/home/airflow/.local/lib/python3.12/site-packages/airflow/models/dagbag.py", line 383, in parse
    loader.exec_module(new_module)
  File "<frozen importlib._bootstrap_external>", line 999, in exec_module
  File "<frozen importlib._bootstrap>", line 488, in _call_with_frames_removed
  File "/opt/airflow/dags/main.py", line 26, in <module>
    from services.consumer import consume_orders
  File "/opt/airflow/services/consumer.py", line 74, in <module>
    from confluent_kafka import Consumer, KafkaException
ModuleNotFoundError: No module named 'confluent_kafka'
[2026-04-29T20:47:16.660+0000] {processor.py:927} WARNING - No viable dags retrieved from /opt/airflow/dags/main.py
[2026-04-29T20:47:16.705+0000] {processor.py:208} INFO - Processing /opt/airflow/dags/main.py took 0.210 seconds
[2026-04-29T20:47:47.152+0000] {processor.py:186} INFO - Started process (PID=99) to work on /opt/airflow/dags/main.py
[2026-04-29T20:47:47.154+0000] {processor.py:914} INFO - Processing file /opt/airflow/dags/main.py for tasks to queue
[2026-04-29T20:47:47.161+0000] {logging_mixin.py:190} INFO - [2026-04-29T20:47:47.160+0000] {dagbag.py:588} INFO - Filling up the DagBag from /opt/airflow/dags/main.py
[2026-04-29T20:47:47.339+0000] {logging_mixin.py:190} INFO - [2026-04-29T20:47:47.325+0000] {dagbag.py:387} ERROR - Failed to import: /opt/airflow/dags/main.py
Traceback (most recent call last):
  File "/home/airflow/.local/lib/python3.12/site-packages/airflow/models/dagbag.py", line 383, in parse
    loader.exec_module(new_module)
  File "<frozen importlib._bootstrap_external>", line 999, in exec_module
  File "<frozen importlib._bootstrap>", line 488, in _call_with_frames_removed
  File "/opt/airflow/dags/main.py", line 26, in <module>
    from services.consumer import consume_orders
  File "/opt/airflow/services/consumer.py", line 74, in <module>
    from confluent_kafka import Consumer, KafkaException
ModuleNotFoundError: No module named 'confluent_kafka'
[2026-04-29T20:47:47.343+0000] {processor.py:927} WARNING - No viable dags retrieved from /opt/airflow/dags/main.py
[2026-04-29T20:47:47.369+0000] {processor.py:208} INFO - Processing /opt/airflow/dags/main.py took 0.236 seconds
[2026-04-29T20:48:17.724+0000] {processor.py:186} INFO - Started process (PID=107) to work on /opt/airflow/dags/main.py
[2026-04-29T20:48:17.726+0000] {processor.py:914} INFO - Processing file /opt/airflow/dags/main.py for tasks to queue
[2026-04-29T20:48:17.729+0000] {logging_mixin.py:190} INFO - [2026-04-29T20:48:17.729+0000] {dagbag.py:588} INFO - Filling up the DagBag from /opt/airflow/dags/main.py
[2026-04-29T20:48:17.864+0000] {logging_mixin.py:190} INFO - [2026-04-29T20:48:17.851+0000] {dagbag.py:387} ERROR - Failed to import: /opt/airflow/dags/main.py
Traceback (most recent call last):
  File "/home/airflow/.local/lib/python3.12/site-packages/airflow/models/dagbag.py", line 383, in parse
    loader.exec_module(new_module)
  File "<frozen importlib._bootstrap_external>", line 999, in exec_module
  File "<frozen importlib._bootstrap>", line 488, in _call_with_frames_removed
  File "/opt/airflow/dags/main.py", line 26, in <module>
    from services.consumer import consume_orders
  File "/opt/airflow/services/consumer.py", line 74, in <module>
    from confluent_kafka import Consumer, KafkaException
ModuleNotFoundError: No module named 'confluent_kafka'
[2026-04-29T20:48:17.868+0000] {processor.py:927} WARNING - No viable dags retrieved from /opt/airflow/dags/main.py
[2026-04-29T20:48:17.890+0000] {processor.py:208} INFO - Processing /opt/airflow/dags/main.py took 0.177 seconds
[2026-04-29T20:48:48.233+0000] {processor.py:186} INFO - Started process (PID=114) to work on /opt/airflow/dags/main.py
[2026-04-29T20:48:48.235+0000] {processor.py:914} INFO - Processing file /opt/airflow/dags/main.py for tasks to queue
[2026-04-29T20:48:48.243+0000] {logging_mixin.py:190} INFO - [2026-04-29T20:48:48.242+0000] {dagbag.py:588} INFO - Filling up the DagBag from /opt/airflow/dags/main.py
[2026-04-29T20:48:48.587+0000] {logging_mixin.py:190} INFO - [2026-04-29T20:48:48.573+0000] {dagbag.py:387} ERROR - Failed to import: /opt/airflow/dags/main.py
Traceback (most recent call last):
  File "/home/airflow/.local/lib/python3.12/site-packages/airflow/models/dagbag.py", line 383, in parse
    loader.exec_module(new_module)
  File "<frozen importlib._bootstrap_external>", line 999, in exec_module
  File "<frozen importlib._bootstrap>", line 488, in _call_with_frames_removed
  File "/opt/airflow/dags/main.py", line 26, in <module>
    from services.consumer import consume_orders
  File "/opt/airflow/services/consumer.py", line 74, in <module>
    from confluent_kafka import Consumer, KafkaException
ModuleNotFoundError: No module named 'confluent_kafka'
[2026-04-29T20:48:48.591+0000] {processor.py:927} WARNING - No viable dags retrieved from /opt/airflow/dags/main.py
[2026-04-29T20:48:48.619+0000] {processor.py:208} INFO - Processing /opt/airflow/dags/main.py took 0.403 seconds
[2026-04-29T20:49:18.967+0000] {processor.py:186} INFO - Started process (PID=121) to work on /opt/airflow/dags/main.py
[2026-04-29T20:49:18.969+0000] {processor.py:914} INFO - Processing file /opt/airflow/dags/main.py for tasks to queue
[2026-04-29T20:49:18.973+0000] {logging_mixin.py:190} INFO - [2026-04-29T20:49:18.973+0000] {dagbag.py:588} INFO - Filling up the DagBag from /opt/airflow/dags/main.py
[2026-04-29T20:49:19.155+0000] {logging_mixin.py:190} INFO - [2026-04-29T20:49:19.140+0000] {dagbag.py:387} ERROR - Failed to import: /opt/airflow/dags/main.py
Traceback (most recent call last):
  File "/home/airflow/.local/lib/python3.12/site-packages/airflow/models/dagbag.py", line 383, in parse
    loader.exec_module(new_module)
  File "<frozen importlib._bootstrap_external>", line 999, in exec_module
  File "<frozen importlib._bootstrap>", line 488, in _call_with_frames_removed
  File "/opt/airflow/dags/main.py", line 26, in <module>
    from services.consumer import consume_orders
  File "/opt/airflow/services/consumer.py", line 74, in <module>
    from confluent_kafka import Consumer, KafkaException
ModuleNotFoundError: No module named 'confluent_kafka'
[2026-04-29T20:49:19.162+0000] {processor.py:927} WARNING - No viable dags retrieved from /opt/airflow/dags/main.py
[2026-04-29T20:49:19.215+0000] {processor.py:208} INFO - Processing /opt/airflow/dags/main.py took 0.260 seconds
[2026-04-29T20:49:49.731+0000] {processor.py:186} INFO - Started process (PID=128) to work on /opt/airflow/dags/main.py
[2026-04-29T20:49:49.734+0000] {processor.py:914} INFO - Processing file /opt/airflow/dags/main.py for tasks to queue
[2026-04-29T20:49:49.742+0000] {logging_mixin.py:190} INFO - [2026-04-29T20:49:49.741+0000] {dagbag.py:588} INFO - Filling up the DagBag from /opt/airflow/dags/main.py
[2026-04-29T20:49:49.918+0000] {logging_mixin.py:190} INFO - [2026-04-29T20:49:49.907+0000] {dagbag.py:387} ERROR - Failed to import: /opt/airflow/dags/main.py
Traceback (most recent call last):
  File "/home/airflow/.local/lib/python3.12/site-packages/airflow/models/dagbag.py", line 383, in parse
    loader.exec_module(new_module)
  File "<frozen importlib._bootstrap_external>", line 999, in exec_module
  File "<frozen importlib._bootstrap>", line 488, in _call_with_frames_removed
  File "/opt/airflow/dags/main.py", line 26, in <module>
    from services.consumer import consume_orders
  File "/opt/airflow/services/consumer.py", line 74, in <module>
    from confluent_kafka import Consumer, KafkaException
ModuleNotFoundError: No module named 'confluent_kafka'
[2026-04-29T20:49:49.921+0000] {processor.py:927} WARNING - No viable dags retrieved from /opt/airflow/dags/main.py
[2026-04-29T20:49:49.945+0000] {processor.py:208} INFO - Processing /opt/airflow/dags/main.py took 0.233 seconds
[2026-04-29T20:50:20.228+0000] {processor.py:186} INFO - Started process (PID=135) to work on /opt/airflow/dags/main.py
[2026-04-29T20:50:20.230+0000] {processor.py:914} INFO - Processing file /opt/airflow/dags/main.py for tasks to queue
[2026-04-29T20:50:20.233+0000] {logging_mixin.py:190} INFO - [2026-04-29T20:50:20.233+0000] {dagbag.py:588} INFO - Filling up the DagBag from /opt/airflow/dags/main.py
[2026-04-29T20:50:20.425+0000] {logging_mixin.py:190} INFO - [2026-04-29T20:50:20.410+0000] {dagbag.py:387} ERROR - Failed to import: /opt/airflow/dags/main.py
Traceback (most recent call last):
  File "/home/airflow/.local/lib/python3.12/site-packages/airflow/models/dagbag.py", line 383, in parse
    loader.exec_module(new_module)
  File "<frozen importlib._bootstrap_external>", line 999, in exec_module
  File "<frozen importlib._bootstrap>", line 488, in _call_with_frames_removed
  File "/opt/airflow/dags/main.py", line 26, in <module>
    from services.consumer import consume_orders
  File "/opt/airflow/services/consumer.py", line 74, in <module>
    from confluent_kafka import Consumer, KafkaException
ModuleNotFoundError: No module named 'confluent_kafka'
[2026-04-29T20:50:20.430+0000] {processor.py:927} WARNING - No viable dags retrieved from /opt/airflow/dags/main.py
[2026-04-29T20:50:20.462+0000] {processor.py:208} INFO - Processing /opt/airflow/dags/main.py took 0.247 seconds
[2026-04-29T20:50:50.892+0000] {processor.py:186} INFO - Started process (PID=141) to work on /opt/airflow/dags/main.py
[2026-04-29T20:50:50.895+0000] {processor.py:914} INFO - Processing file /opt/airflow/dags/main.py for tasks to queue
[2026-04-29T20:50:50.901+0000] {logging_mixin.py:190} INFO - [2026-04-29T20:50:50.901+0000] {dagbag.py:588} INFO - Filling up the DagBag from /opt/airflow/dags/main.py
[2026-04-29T20:50:51.086+0000] {logging_mixin.py:190} INFO - [2026-04-29T20:50:51.072+0000] {dagbag.py:387} ERROR - Failed to import: /opt/airflow/dags/main.py
Traceback (most recent call last):
  File "/home/airflow/.local/lib/python3.12/site-packages/airflow/models/dagbag.py", line 383, in parse
    loader.exec_module(new_module)
  File "<frozen importlib._bootstrap_external>", line 999, in exec_module
  File "<frozen importlib._bootstrap>", line 488, in _call_with_frames_removed
  File "/opt/airflow/dags/main.py", line 26, in <module>
    from services.consumer import consume_orders
  File "/opt/airflow/services/consumer.py", line 74, in <module>
    from confluent_kafka import Consumer, KafkaException
ModuleNotFoundError: No module named 'confluent_kafka'
[2026-04-29T20:50:51.091+0000] {processor.py:927} WARNING - No viable dags retrieved from /opt/airflow/dags/main.py
[2026-04-29T20:50:51.126+0000] {processor.py:208} INFO - Processing /opt/airflow/dags/main.py took 0.255 seconds
[2026-04-29T20:51:21.539+0000] {processor.py:186} INFO - Started process (PID=149) to work on /opt/airflow/dags/main.py
[2026-04-29T20:51:21.540+0000] {processor.py:914} INFO - Processing file /opt/airflow/dags/main.py for tasks to queue
[2026-04-29T20:51:21.545+0000] {logging_mixin.py:190} INFO - [2026-04-29T20:51:21.544+0000] {dagbag.py:588} INFO - Filling up the DagBag from /opt/airflow/dags/main.py
[2026-04-29T20:51:21.765+0000] {logging_mixin.py:190} INFO - [2026-04-29T20:51:21.745+0000] {dagbag.py:387} ERROR - Failed to import: /opt/airflow/dags/main.py
Traceback (most recent call last):
  File "/home/airflow/.local/lib/python3.12/site-packages/airflow/models/dagbag.py", line 383, in parse
    loader.exec_module(new_module)
  File "<frozen importlib._bootstrap_external>", line 999, in exec_module
  File "<frozen importlib._bootstrap>", line 488, in _call_with_frames_removed
  File "/opt/airflow/dags/main.py", line 26, in <module>
    from services.consumer import consume_orders
  File "/opt/airflow/services/consumer.py", line 74, in <module>
    from confluent_kafka import Consumer, KafkaException
ModuleNotFoundError: No module named 'confluent_kafka'
[2026-04-29T20:51:21.770+0000] {processor.py:927} WARNING - No viable dags retrieved from /opt/airflow/dags/main.py
[2026-04-29T20:51:21.824+0000] {processor.py:208} INFO - Processing /opt/airflow/dags/main.py took 0.305 seconds
[2026-04-29T20:51:52.142+0000] {processor.py:186} INFO - Started process (PID=155) to work on /opt/airflow/dags/main.py
[2026-04-29T20:51:52.144+0000] {processor.py:914} INFO - Processing file /opt/airflow/dags/main.py for tasks to queue
[2026-04-29T20:51:52.149+0000] {logging_mixin.py:190} INFO - [2026-04-29T20:51:52.148+0000] {dagbag.py:588} INFO - Filling up the DagBag from /opt/airflow/dags/main.py
[2026-04-29T20:51:52.885+0000] {logging_mixin.py:190} INFO - [2026-04-29T20:51:52.855+0000] {dagbag.py:387} ERROR - Failed to import: /opt/airflow/dags/main.py
Traceback (most recent call last):
  File "/home/airflow/.local/lib/python3.12/site-packages/airflow/models/dagbag.py", line 383, in parse
    loader.exec_module(new_module)
  File "<frozen importlib._bootstrap_external>", line 999, in exec_module
  File "<frozen importlib._bootstrap>", line 488, in _call_with_frames_removed
  File "/opt/airflow/dags/main.py", line 26, in <module>
    from services.consumer import consume_orders
  File "/opt/airflow/services/consumer.py", line 74, in <module>
    from confluent_kafka import Consumer, KafkaException
ModuleNotFoundError: No module named 'confluent_kafka'
[2026-04-29T20:51:52.893+0000] {processor.py:927} WARNING - No viable dags retrieved from /opt/airflow/dags/main.py
[2026-04-29T20:51:53.069+0000] {processor.py:208} INFO - Processing /opt/airflow/dags/main.py took 0.936 seconds
[2026-04-29T20:52:23.678+0000] {processor.py:186} INFO - Started process (PID=162) to work on /opt/airflow/dags/main.py
[2026-04-29T20:52:23.682+0000] {processor.py:914} INFO - Processing file /opt/airflow/dags/main.py for tasks to queue
[2026-04-29T20:52:23.689+0000] {logging_mixin.py:190} INFO - [2026-04-29T20:52:23.688+0000] {dagbag.py:588} INFO - Filling up the DagBag from /opt/airflow/dags/main.py
[2026-04-29T20:52:23.861+0000] {logging_mixin.py:190} INFO - [2026-04-29T20:52:23.848+0000] {dagbag.py:387} ERROR - Failed to import: /opt/airflow/dags/main.py
Traceback (most recent call last):
  File "/home/airflow/.local/lib/python3.12/site-packages/airflow/models/dagbag.py", line 383, in parse
    loader.exec_module(new_module)
  File "<frozen importlib._bootstrap_external>", line 999, in exec_module
  File "<frozen importlib._bootstrap>", line 488, in _call_with_frames_removed
  File "/opt/airflow/dags/main.py", line 26, in <module>
    from services.consumer import consume_orders
  File "/opt/airflow/services/consumer.py", line 74, in <module>
    from confluent_kafka import Consumer, KafkaException
ModuleNotFoundError: No module named 'confluent_kafka'
[2026-04-29T20:52:23.864+0000] {processor.py:927} WARNING - No viable dags retrieved from /opt/airflow/dags/main.py
[2026-04-29T20:52:23.893+0000] {processor.py:208} INFO - Processing /opt/airflow/dags/main.py took 0.229 seconds
[2026-04-29T20:52:54.375+0000] {processor.py:186} INFO - Started process (PID=169) to work on /opt/airflow/dags/main.py
[2026-04-29T20:52:54.377+0000] {processor.py:914} INFO - Processing file /opt/airflow/dags/main.py for tasks to queue
[2026-04-29T20:52:54.383+0000] {logging_mixin.py:190} INFO - [2026-04-29T20:52:54.382+0000] {dagbag.py:588} INFO - Filling up the DagBag from /opt/airflow/dags/main.py
[2026-04-29T20:52:54.601+0000] {logging_mixin.py:190} INFO - [2026-04-29T20:52:54.588+0000] {dagbag.py:387} ERROR - Failed to import: /opt/airflow/dags/main.py
Traceback (most recent call last):
  File "/home/airflow/.local/lib/python3.12/site-packages/airflow/models/dagbag.py", line 383, in parse
    loader.exec_module(new_module)
  File "<frozen importlib._bootstrap_external>", line 999, in exec_module
  File "<frozen importlib._bootstrap>", line 488, in _call_with_frames_removed
  File "/opt/airflow/dags/main.py", line 26, in <module>
    from services.consumer import consume_orders
  File "/opt/airflow/services/consumer.py", line 74, in <module>
    from confluent_kafka import Consumer, KafkaException
ModuleNotFoundError: No module named 'confluent_kafka'
[2026-04-29T20:52:54.607+0000] {processor.py:927} WARNING - No viable dags retrieved from /opt/airflow/dags/main.py
[2026-04-29T20:52:54.640+0000] {processor.py:208} INFO - Processing /opt/airflow/dags/main.py took 0.283 seconds
[2026-04-29T20:53:24.923+0000] {processor.py:186} INFO - Started process (PID=176) to work on /opt/airflow/dags/main.py
[2026-04-29T20:53:24.924+0000] {processor.py:914} INFO - Processing file /opt/airflow/dags/main.py for tasks to queue
[2026-04-29T20:53:24.928+0000] {logging_mixin.py:190} INFO - [2026-04-29T20:53:24.927+0000] {dagbag.py:588} INFO - Filling up the DagBag from /opt/airflow/dags/main.py
[2026-04-29T20:53:25.050+0000] {logging_mixin.py:190} INFO - [2026-04-29T20:53:25.040+0000] {dagbag.py:387} ERROR - Failed to import: /opt/airflow/dags/main.py
Traceback (most recent call last):
  File "/home/airflow/.local/lib/python3.12/site-packages/airflow/models/dagbag.py", line 383, in parse
    loader.exec_module(new_module)
  File "<frozen importlib._bootstrap_external>", line 999, in exec_module
  File "<frozen importlib._bootstrap>", line 488, in _call_with_frames_removed
  File "/opt/airflow/dags/main.py", line 26, in <module>
    from services.consumer import consume_orders
  File "/opt/airflow/services/consumer.py", line 74, in <module>
    from confluent_kafka import Consumer, KafkaException
ModuleNotFoundError: No module named 'confluent_kafka'
[2026-04-29T20:53:25.053+0000] {processor.py:927} WARNING - No viable dags retrieved from /opt/airflow/dags/main.py
[2026-04-29T20:53:25.080+0000] {processor.py:208} INFO - Processing /opt/airflow/dags/main.py took 0.166 seconds
[2026-04-29T20:53:55.510+0000] {processor.py:186} INFO - Started process (PID=183) to work on /opt/airflow/dags/main.py
[2026-04-29T20:53:55.513+0000] {processor.py:914} INFO - Processing file /opt/airflow/dags/main.py for tasks to queue
[2026-04-29T20:53:55.520+0000] {logging_mixin.py:190} INFO - [2026-04-29T20:53:55.519+0000] {dagbag.py:588} INFO - Filling up the DagBag from /opt/airflow/dags/main.py
[2026-04-29T20:53:55.703+0000] {logging_mixin.py:190} INFO - [2026-04-29T20:53:55.688+0000] {dagbag.py:387} ERROR - Failed to import: /opt/airflow/dags/main.py
Traceback (most recent call last):
  File "/home/airflow/.local/lib/python3.12/site-packages/airflow/models/dagbag.py", line 383, in parse
    loader.exec_module(new_module)
  File "<frozen importlib._bootstrap_external>", line 999, in exec_module
  File "<frozen importlib._bootstrap>", line 488, in _call_with_frames_removed
  File "/opt/airflow/dags/main.py", line 26, in <module>
    from services.consumer import consume_orders
  File "/opt/airflow/services/consumer.py", line 74, in <module>
    from confluent_kafka import Consumer, KafkaException
ModuleNotFoundError: No module named 'confluent_kafka'
[2026-04-29T20:53:55.708+0000] {processor.py:927} WARNING - No viable dags retrieved from /opt/airflow/dags/main.py
[2026-04-29T20:53:55.745+0000] {processor.py:208} INFO - Processing /opt/airflow/dags/main.py took 0.254 seconds
[2026-04-29T20:54:26.264+0000] {processor.py:186} INFO - Started process (PID=190) to work on /opt/airflow/dags/main.py
[2026-04-29T20:54:26.269+0000] {processor.py:914} INFO - Processing file /opt/airflow/dags/main.py for tasks to queue
[2026-04-29T20:54:26.281+0000] {logging_mixin.py:190} INFO - [2026-04-29T20:54:26.280+0000] {dagbag.py:588} INFO - Filling up the DagBag from /opt/airflow/dags/main.py
[2026-04-29T20:54:26.651+0000] {logging_mixin.py:190} INFO - [2026-04-29T20:54:26.626+0000] {dagbag.py:387} ERROR - Failed to import: /opt/airflow/dags/main.py
Traceback (most recent call last):
  File "/home/airflow/.local/lib/python3.12/site-packages/airflow/models/dagbag.py", line 383, in parse
    loader.exec_module(new_module)
  File "<frozen importlib._bootstrap_external>", line 999, in exec_module
  File "<frozen importlib._bootstrap>", line 488, in _call_with_frames_removed
  File "/opt/airflow/dags/main.py", line 26, in <module>
    from services.consumer import consume_orders
  File "/opt/airflow/services/consumer.py", line 74, in <module>
    from confluent_kafka import Consumer, KafkaException
ModuleNotFoundError: No module named 'confluent_kafka'
[2026-04-29T20:54:26.658+0000] {processor.py:927} WARNING - No viable dags retrieved from /opt/airflow/dags/main.py
[2026-04-29T20:54:26.711+0000] {processor.py:208} INFO - Processing /opt/airflow/dags/main.py took 0.491 seconds
[2026-04-29T20:54:56.828+0000] {processor.py:186} INFO - Started process (PID=198) to work on /opt/airflow/dags/main.py
[2026-04-29T20:54:56.830+0000] {processor.py:914} INFO - Processing file /opt/airflow/dags/main.py for tasks to queue
[2026-04-29T20:54:56.833+0000] {logging_mixin.py:190} INFO - [2026-04-29T20:54:56.833+0000] {dagbag.py:588} INFO - Filling up the DagBag from /opt/airflow/dags/main.py
[2026-04-29T20:54:57.185+0000] {logging_mixin.py:190} INFO - [2026-04-29T20:54:57.171+0000] {dagbag.py:387} ERROR - Failed to import: /opt/airflow/dags/main.py
Traceback (most recent call last):
  File "/home/airflow/.local/lib/python3.12/site-packages/airflow/models/dagbag.py", line 383, in parse
    loader.exec_module(new_module)
  File "<frozen importlib._bootstrap_external>", line 999, in exec_module
  File "<frozen importlib._bootstrap>", line 488, in _call_with_frames_removed
  File "/opt/airflow/dags/main.py", line 26, in <module>
    from services.consumer import consume_orders
  File "/opt/airflow/services/consumer.py", line 74, in <module>
    from confluent_kafka import Consumer, KafkaException
ModuleNotFoundError: No module named 'confluent_kafka'
[2026-04-29T20:54:57.190+0000] {processor.py:927} WARNING - No viable dags retrieved from /opt/airflow/dags/main.py
[2026-04-29T20:54:57.217+0000] {processor.py:208} INFO - Processing /opt/airflow/dags/main.py took 0.399 seconds
[2026-04-29T20:55:27.350+0000] {processor.py:186} INFO - Started process (PID=205) to work on /opt/airflow/dags/main.py
[2026-04-29T20:55:27.353+0000] {processor.py:914} INFO - Processing file /opt/airflow/dags/main.py for tasks to queue
[2026-04-29T20:55:27.358+0000] {logging_mixin.py:190} INFO - [2026-04-29T20:55:27.357+0000] {dagbag.py:588} INFO - Filling up the DagBag from /opt/airflow/dags/main.py
[2026-04-29T20:55:27.515+0000] {logging_mixin.py:190} INFO - [2026-04-29T20:55:27.503+0000] {dagbag.py:387} ERROR - Failed to import: /opt/airflow/dags/main.py
Traceback (most recent call last):
  File "/home/airflow/.local/lib/python3.12/site-packages/airflow/models/dagbag.py", line 383, in parse
    loader.exec_module(new_module)
  File "<frozen importlib._bootstrap_external>", line 999, in exec_module
  File "<frozen importlib._bootstrap>", line 488, in _call_with_frames_removed
  File "/opt/airflow/dags/main.py", line 26, in <module>
    from services.consumer import consume_orders
  File "/opt/airflow/services/consumer.py", line 74, in <module>
    from confluent_kafka import Consumer, KafkaException
ModuleNotFoundError: No module named 'confluent_kafka'
[2026-04-29T20:55:27.520+0000] {processor.py:927} WARNING - No viable dags retrieved from /opt/airflow/dags/main.py
[2026-04-29T20:55:27.546+0000] {processor.py:208} INFO - Processing /opt/airflow/dags/main.py took 0.214 seconds
[2026-04-29T20:55:57.916+0000] {processor.py:186} INFO - Started process (PID=212) to work on /opt/airflow/dags/main.py
[2026-04-29T20:55:57.917+0000] {processor.py:914} INFO - Processing file /opt/airflow/dags/main.py for tasks to queue
[2026-04-29T20:55:57.921+0000] {logging_mixin.py:190} INFO - [2026-04-29T20:55:57.920+0000] {dagbag.py:588} INFO - Filling up the DagBag from /opt/airflow/dags/main.py
[2026-04-29T20:55:58.068+0000] {logging_mixin.py:190} INFO - [2026-04-29T20:55:58.059+0000] {dagbag.py:387} ERROR - Failed to import: /opt/airflow/dags/main.py
Traceback (most recent call last):
  File "/home/airflow/.local/lib/python3.12/site-packages/airflow/models/dagbag.py", line 383, in parse
    loader.exec_module(new_module)
  File "<frozen importlib._bootstrap_external>", line 999, in exec_module
  File "<frozen importlib._bootstrap>", line 488, in _call_with_frames_removed
  File "/opt/airflow/dags/main.py", line 26, in <module>
    from services.consumer import consume_orders
  File "/opt/airflow/services/consumer.py", line 74, in <module>
    from confluent_kafka import Consumer, KafkaException
ModuleNotFoundError: No module named 'confluent_kafka'
[2026-04-29T20:55:58.070+0000] {processor.py:927} WARNING - No viable dags retrieved from /opt/airflow/dags/main.py
[2026-04-29T20:55:58.096+0000] {processor.py:208} INFO - Processing /opt/airflow/dags/main.py took 0.194 seconds
[2026-04-29T20:56:28.603+0000] {processor.py:186} INFO - Started process (PID=219) to work on /opt/airflow/dags/main.py
[2026-04-29T20:56:28.604+0000] {processor.py:914} INFO - Processing file /opt/airflow/dags/main.py for tasks to queue
[2026-04-29T20:56:28.608+0000] {logging_mixin.py:190} INFO - [2026-04-29T20:56:28.607+0000] {dagbag.py:588} INFO - Filling up the DagBag from /opt/airflow/dags/main.py
[2026-04-29T20:56:28.727+0000] {logging_mixin.py:190} INFO - [2026-04-29T20:56:28.716+0000] {dagbag.py:387} ERROR - Failed to import: /opt/airflow/dags/main.py
Traceback (most recent call last):
  File "/home/airflow/.local/lib/python3.12/site-packages/airflow/models/dagbag.py", line 383, in parse
    loader.exec_module(new_module)
  File "<frozen importlib._bootstrap_external>", line 999, in exec_module
  File "<frozen importlib._bootstrap>", line 488, in _call_with_frames_removed
  File "/opt/airflow/dags/main.py", line 26, in <module>
    from services.consumer import consume_orders
  File "/opt/airflow/services/consumer.py", line 74, in <module>
    from confluent_kafka import Consumer, KafkaException
ModuleNotFoundError: No module named 'confluent_kafka'
[2026-04-29T20:56:28.730+0000] {processor.py:927} WARNING - No viable dags retrieved from /opt/airflow/dags/main.py
[2026-04-29T20:56:28.754+0000] {processor.py:208} INFO - Processing /opt/airflow/dags/main.py took 0.161 seconds
[2026-04-29T20:56:59.038+0000] {processor.py:186} INFO - Started process (PID=226) to work on /opt/airflow/dags/main.py
[2026-04-29T20:56:59.039+0000] {processor.py:914} INFO - Processing file /opt/airflow/dags/main.py for tasks to queue
[2026-04-29T20:56:59.043+0000] {logging_mixin.py:190} INFO - [2026-04-29T20:56:59.042+0000] {dagbag.py:588} INFO - Filling up the DagBag from /opt/airflow/dags/main.py
[2026-04-29T20:56:59.176+0000] {logging_mixin.py:190} INFO - [2026-04-29T20:56:59.165+0000] {dagbag.py:387} ERROR - Failed to import: /opt/airflow/dags/main.py
Traceback (most recent call last):
  File "/home/airflow/.local/lib/python3.12/site-packages/airflow/models/dagbag.py", line 383, in parse
    loader.exec_module(new_module)
  File "<frozen importlib._bootstrap_external>", line 999, in exec_module
  File "<frozen importlib._bootstrap>", line 488, in _call_with_frames_removed
  File "/opt/airflow/dags/main.py", line 26, in <module>
    from services.consumer import consume_orders
  File "/opt/airflow/services/consumer.py", line 74, in <module>
    from confluent_kafka import Consumer, KafkaException
ModuleNotFoundError: No module named 'confluent_kafka'
[2026-04-29T20:56:59.180+0000] {processor.py:927} WARNING - No viable dags retrieved from /opt/airflow/dags/main.py
[2026-04-29T20:56:59.206+0000] {processor.py:208} INFO - Processing /opt/airflow/dags/main.py took 0.177 seconds
[2026-04-29T21:05:48.711+0000] {processor.py:186} INFO - Started process (PID=68) to work on /opt/airflow/dags/main.py
[2026-04-29T21:05:48.742+0000] {processor.py:914} INFO - Processing file /opt/airflow/dags/main.py for tasks to queue
[2026-04-29T21:05:48.824+0000] {logging_mixin.py:190} INFO - [2026-04-29T21:05:48.817+0000] {dagbag.py:588} INFO - Filling up the DagBag from /opt/airflow/dags/main.py
[2026-04-29T21:05:50.134+0000] {processor.py:925} INFO - DAG(s) 'orders_kafka_to_s3' retrieved from /opt/airflow/dags/main.py
[2026-04-29T21:05:50.873+0000] {logging_mixin.py:190} INFO - [2026-04-29T21:05:50.872+0000] {override.py:1912} INFO - Created Permission View: can read on DAG:orders_kafka_to_s3
[2026-04-29T21:05:50.901+0000] {logging_mixin.py:190} INFO - [2026-04-29T21:05:50.901+0000] {override.py:1912} INFO - Created Permission View: can edit on DAG:orders_kafka_to_s3
[2026-04-29T21:05:50.919+0000] {logging_mixin.py:190} INFO - [2026-04-29T21:05:50.919+0000] {override.py:1912} INFO - Created Permission View: can delete on DAG:orders_kafka_to_s3
[2026-04-29T21:05:50.950+0000] {logging_mixin.py:190} INFO - [2026-04-29T21:05:50.949+0000] {override.py:1912} INFO - Created Permission View: can read on DAG Run:orders_kafka_to_s3
[2026-04-29T21:05:50.971+0000] {logging_mixin.py:190} INFO - [2026-04-29T21:05:50.971+0000] {override.py:1912} INFO - Created Permission View: can create on DAG Run:orders_kafka_to_s3
[2026-04-29T21:05:50.993+0000] {logging_mixin.py:190} INFO - [2026-04-29T21:05:50.992+0000] {override.py:1912} INFO - Created Permission View: menu access on DAG Run:orders_kafka_to_s3
[2026-04-29T21:05:51.015+0000] {logging_mixin.py:190} INFO - [2026-04-29T21:05:51.014+0000] {override.py:1912} INFO - Created Permission View: can delete on DAG Run:orders_kafka_to_s3
[2026-04-29T21:05:51.016+0000] {logging_mixin.py:190} INFO - [2026-04-29T21:05:51.016+0000] {dag.py:3239} INFO - Sync 1 DAGs
[2026-04-29T21:05:51.069+0000] {logging_mixin.py:190} INFO - [2026-04-29T21:05:51.069+0000] {dag.py:3262} INFO - Creating ORM DAG for orders_kafka_to_s3
[2026-04-29T21:05:51.101+0000] {logging_mixin.py:190} INFO - [2026-04-29T21:05:51.100+0000] {dag.py:4180} INFO - Setting next_dagrun for orders_kafka_to_s3 to 2026-04-28 00:00:00+00:00, run_after=2026-04-29 00:00:00+00:00
[2026-04-29T21:05:51.162+0000] {processor.py:208} INFO - Processing /opt/airflow/dags/main.py took 2.506 seconds
[2026-04-29T21:06:21.290+0000] {processor.py:186} INFO - Started process (PID=75) to work on /opt/airflow/dags/main.py
[2026-04-29T21:06:21.291+0000] {processor.py:914} INFO - Processing file /opt/airflow/dags/main.py for tasks to queue
[2026-04-29T21:06:21.299+0000] {logging_mixin.py:190} INFO - [2026-04-29T21:06:21.298+0000] {dagbag.py:588} INFO - Filling up the DagBag from /opt/airflow/dags/main.py
[2026-04-29T21:06:21.557+0000] {processor.py:925} INFO - DAG(s) 'orders_kafka_to_s3' retrieved from /opt/airflow/dags/main.py
[2026-04-29T21:06:21.668+0000] {logging_mixin.py:190} INFO - [2026-04-29T21:06:21.668+0000] {dag.py:3239} INFO - Sync 1 DAGs
[2026-04-29T21:06:21.750+0000] {logging_mixin.py:190} INFO - [2026-04-29T21:06:21.749+0000] {dag.py:4180} INFO - Setting next_dagrun for orders_kafka_to_s3 to 2026-04-28 00:00:00+00:00, run_after=2026-04-29 00:00:00+00:00
[2026-04-29T21:06:21.803+0000] {processor.py:208} INFO - Processing /opt/airflow/dags/main.py took 0.527 seconds
[2026-04-29T21:06:51.977+0000] {processor.py:186} INFO - Started process (PID=81) to work on /opt/airflow/dags/main.py
[2026-04-29T21:06:51.979+0000] {processor.py:914} INFO - Processing file /opt/airflow/dags/main.py for tasks to queue
[2026-04-29T21:06:51.983+0000] {logging_mixin.py:190} INFO - [2026-04-29T21:06:51.982+0000] {dagbag.py:588} INFO - Filling up the DagBag from /opt/airflow/dags/main.py
[2026-04-29T21:06:52.176+0000] {processor.py:925} INFO - DAG(s) 'orders_kafka_to_s3' retrieved from /opt/airflow/dags/main.py
[2026-04-29T21:06:52.288+0000] {logging_mixin.py:190} INFO - [2026-04-29T21:06:52.287+0000] {dag.py:3239} INFO - Sync 1 DAGs
[2026-04-29T21:06:52.334+0000] {logging_mixin.py:190} INFO - [2026-04-29T21:06:52.334+0000] {dag.py:4180} INFO - Setting next_dagrun for orders_kafka_to_s3 to 2026-04-28 00:00:00+00:00, run_after=2026-04-29 00:00:00+00:00
[2026-04-29T21:06:52.374+0000] {processor.py:208} INFO - Processing /opt/airflow/dags/main.py took 0.413 seconds
[2026-04-29T21:07:22.649+0000] {processor.py:186} INFO - Started process (PID=88) to work on /opt/airflow/dags/main.py
[2026-04-29T21:07:22.651+0000] {processor.py:914} INFO - Processing file /opt/airflow/dags/main.py for tasks to queue
[2026-04-29T21:07:22.657+0000] {logging_mixin.py:190} INFO - [2026-04-29T21:07:22.657+0000] {dagbag.py:588} INFO - Filling up the DagBag from /opt/airflow/dags/main.py
[2026-04-29T21:07:23.439+0000] {processor.py:925} INFO - DAG(s) 'orders_kafka_to_s3' retrieved from /opt/airflow/dags/main.py
[2026-04-29T21:07:23.897+0000] {logging_mixin.py:190} INFO - [2026-04-29T21:07:23.895+0000] {dag.py:3239} INFO - Sync 1 DAGs
[2026-04-29T21:07:24.018+0000] {logging_mixin.py:190} INFO - [2026-04-29T21:07:24.018+0000] {dag.py:4180} INFO - Setting next_dagrun for orders_kafka_to_s3 to 2026-04-28 00:00:00+00:00, run_after=2026-04-29 00:00:00+00:00
[2026-04-29T21:07:24.085+0000] {processor.py:208} INFO - Processing /opt/airflow/dags/main.py took 1.445 seconds
[2026-04-29T21:07:54.486+0000] {processor.py:186} INFO - Started process (PID=95) to work on /opt/airflow/dags/main.py
[2026-04-29T21:07:54.488+0000] {processor.py:914} INFO - Processing file /opt/airflow/dags/main.py for tasks to queue
[2026-04-29T21:07:54.500+0000] {logging_mixin.py:190} INFO - [2026-04-29T21:07:54.499+0000] {dagbag.py:588} INFO - Filling up the DagBag from /opt/airflow/dags/main.py
[2026-04-29T21:07:54.666+0000] {processor.py:925} INFO - DAG(s) 'orders_kafka_to_s3' retrieved from /opt/airflow/dags/main.py
[2026-04-29T21:07:54.747+0000] {logging_mixin.py:190} INFO - [2026-04-29T21:07:54.747+0000] {dag.py:3239} INFO - Sync 1 DAGs
[2026-04-29T21:07:54.805+0000] {logging_mixin.py:190} INFO - [2026-04-29T21:07:54.805+0000] {dag.py:4180} INFO - Setting next_dagrun for orders_kafka_to_s3 to 2026-04-28 00:00:00+00:00, run_after=2026-04-29 00:00:00+00:00
[2026-04-29T21:07:54.862+0000] {processor.py:208} INFO - Processing /opt/airflow/dags/main.py took 0.384 seconds
[2026-04-29T21:08:25.214+0000] {processor.py:186} INFO - Started process (PID=102) to work on /opt/airflow/dags/main.py
[2026-04-29T21:08:25.223+0000] {processor.py:914} INFO - Processing file /opt/airflow/dags/main.py for tasks to queue
[2026-04-29T21:08:25.248+0000] {logging_mixin.py:190} INFO - [2026-04-29T21:08:25.244+0000] {dagbag.py:588} INFO - Filling up the DagBag from /opt/airflow/dags/main.py
[2026-04-29T21:08:26.001+0000] {processor.py:925} INFO - DAG(s) 'orders_kafka_to_s3' retrieved from /opt/airflow/dags/main.py
[2026-04-29T21:08:26.294+0000] {logging_mixin.py:190} INFO - [2026-04-29T21:08:26.293+0000] {dag.py:3239} INFO - Sync 1 DAGs
[2026-04-29T21:08:26.694+0000] {logging_mixin.py:190} INFO - [2026-04-29T21:08:26.690+0000] {dag.py:4180} INFO - Setting next_dagrun for orders_kafka_to_s3 to 2026-04-28 00:00:00+00:00, run_after=2026-04-29 00:00:00+00:00
[2026-04-29T21:08:26.838+0000] {processor.py:208} INFO - Processing /opt/airflow/dags/main.py took 1.783 seconds
[2026-04-29T21:08:57.032+0000] {processor.py:186} INFO - Started process (PID=113) to work on /opt/airflow/dags/main.py
[2026-04-29T21:08:57.036+0000] {processor.py:914} INFO - Processing file /opt/airflow/dags/main.py for tasks to queue
[2026-04-29T21:08:57.046+0000] {logging_mixin.py:190} INFO - [2026-04-29T21:08:57.045+0000] {dagbag.py:588} INFO - Filling up the DagBag from /opt/airflow/dags/main.py
[2026-04-29T21:08:57.306+0000] {processor.py:925} INFO - DAG(s) 'orders_kafka_to_s3' retrieved from /opt/airflow/dags/main.py
[2026-04-29T21:08:57.351+0000] {logging_mixin.py:190} INFO - [2026-04-29T21:08:57.350+0000] {dag.py:3239} INFO - Sync 1 DAGs
[2026-04-29T21:08:57.414+0000] {logging_mixin.py:190} INFO - [2026-04-29T21:08:57.414+0000] {dag.py:4180} INFO - Setting next_dagrun for orders_kafka_to_s3 to 2026-04-29 00:00:00+00:00, run_after=2026-04-30 00:00:00+00:00
[2026-04-29T21:08:57.475+0000] {processor.py:208} INFO - Processing /opt/airflow/dags/main.py took 0.487 seconds
[2026-04-29T21:09:27.733+0000] {processor.py:186} INFO - Started process (PID=120) to work on /opt/airflow/dags/main.py
[2026-04-29T21:09:27.736+0000] {processor.py:914} INFO - Processing file /opt/airflow/dags/main.py for tasks to queue
[2026-04-29T21:09:27.743+0000] {logging_mixin.py:190} INFO - [2026-04-29T21:09:27.742+0000] {dagbag.py:588} INFO - Filling up the DagBag from /opt/airflow/dags/main.py
[2026-04-29T21:09:27.937+0000] {processor.py:925} INFO - DAG(s) 'orders_kafka_to_s3' retrieved from /opt/airflow/dags/main.py
[2026-04-29T21:09:27.970+0000] {logging_mixin.py:190} INFO - [2026-04-29T21:09:27.970+0000] {dag.py:3239} INFO - Sync 1 DAGs
[2026-04-29T21:09:28.005+0000] {logging_mixin.py:190} INFO - [2026-04-29T21:09:28.004+0000] {dag.py:4180} INFO - Setting next_dagrun for orders_kafka_to_s3 to 2026-04-29 00:00:00+00:00, run_after=2026-04-30 00:00:00+00:00
[2026-04-29T21:09:28.040+0000] {processor.py:208} INFO - Processing /opt/airflow/dags/main.py took 0.326 seconds
[2026-04-29T21:09:58.487+0000] {processor.py:186} INFO - Started process (PID=126) to work on /opt/airflow/dags/main.py
[2026-04-29T21:09:58.490+0000] {processor.py:914} INFO - Processing file /opt/airflow/dags/main.py for tasks to queue
[2026-04-29T21:09:58.498+0000] {logging_mixin.py:190} INFO - [2026-04-29T21:09:58.497+0000] {dagbag.py:588} INFO - Filling up the DagBag from /opt/airflow/dags/main.py
[2026-04-29T21:09:58.729+0000] {processor.py:925} INFO - DAG(s) 'orders_kafka_to_s3' retrieved from /opt/airflow/dags/main.py
[2026-04-29T21:09:58.770+0000] {logging_mixin.py:190} INFO - [2026-04-29T21:09:58.770+0000] {dag.py:3239} INFO - Sync 1 DAGs
[2026-04-29T21:09:58.810+0000] {logging_mixin.py:190} INFO - [2026-04-29T21:09:58.810+0000] {dag.py:4180} INFO - Setting next_dagrun for orders_kafka_to_s3 to 2026-04-29 00:00:00+00:00, run_after=2026-04-30 00:00:00+00:00
[2026-04-29T21:09:59.382+0000] {processor.py:208} INFO - Processing /opt/airflow/dags/main.py took 0.915 seconds
[2026-04-29T21:10:29.990+0000] {processor.py:186} INFO - Started process (PID=133) to work on /opt/airflow/dags/main.py
[2026-04-29T21:10:29.992+0000] {processor.py:914} INFO - Processing file /opt/airflow/dags/main.py for tasks to queue
[2026-04-29T21:10:30.000+0000] {logging_mixin.py:190} INFO - [2026-04-29T21:10:29.999+0000] {dagbag.py:588} INFO - Filling up the DagBag from /opt/airflow/dags/main.py
[2026-04-29T21:10:30.186+0000] {processor.py:925} INFO - DAG(s) 'orders_kafka_to_s3' retrieved from /opt/airflow/dags/main.py
[2026-04-29T21:10:30.258+0000] {logging_mixin.py:190} INFO - [2026-04-29T21:10:30.258+0000] {dag.py:3239} INFO - Sync 1 DAGs
[2026-04-29T21:10:30.552+0000] {logging_mixin.py:190} INFO - [2026-04-29T21:10:30.551+0000] {dag.py:4180} INFO - Setting next_dagrun for orders_kafka_to_s3 to 2026-04-29 00:00:00+00:00, run_after=2026-04-30 00:00:00+00:00
[2026-04-29T21:10:30.585+0000] {processor.py:208} INFO - Processing /opt/airflow/dags/main.py took 0.611 seconds
[2026-04-29T21:11:01.160+0000] {processor.py:186} INFO - Started process (PID=140) to work on /opt/airflow/dags/main.py
[2026-04-29T21:11:01.163+0000] {processor.py:914} INFO - Processing file /opt/airflow/dags/main.py for tasks to queue
[2026-04-29T21:11:01.170+0000] {logging_mixin.py:190} INFO - [2026-04-29T21:11:01.170+0000] {dagbag.py:588} INFO - Filling up the DagBag from /opt/airflow/dags/main.py
[2026-04-29T21:11:01.369+0000] {processor.py:925} INFO - DAG(s) 'orders_kafka_to_s3' retrieved from /opt/airflow/dags/main.py
[2026-04-29T21:11:01.413+0000] {logging_mixin.py:190} INFO - [2026-04-29T21:11:01.413+0000] {dag.py:3239} INFO - Sync 1 DAGs
[2026-04-29T21:11:01.643+0000] {logging_mixin.py:190} INFO - [2026-04-29T21:11:01.643+0000] {dag.py:4180} INFO - Setting next_dagrun for orders_kafka_to_s3 to 2026-04-29 00:00:00+00:00, run_after=2026-04-30 00:00:00+00:00
[2026-04-29T21:11:01.678+0000] {processor.py:208} INFO - Processing /opt/airflow/dags/main.py took 0.534 seconds
[2026-04-29T21:11:32.046+0000] {processor.py:186} INFO - Started process (PID=147) to work on /opt/airflow/dags/main.py
[2026-04-29T21:11:32.049+0000] {processor.py:914} INFO - Processing file /opt/airflow/dags/main.py for tasks to queue
[2026-04-29T21:11:32.055+0000] {logging_mixin.py:190} INFO - [2026-04-29T21:11:32.054+0000] {dagbag.py:588} INFO - Filling up the DagBag from /opt/airflow/dags/main.py
[2026-04-29T21:11:32.215+0000] {processor.py:925} INFO - DAG(s) 'orders_kafka_to_s3' retrieved from /opt/airflow/dags/main.py
[2026-04-29T21:11:32.446+0000] {logging_mixin.py:190} INFO - [2026-04-29T21:11:32.446+0000] {dag.py:3239} INFO - Sync 1 DAGs
[2026-04-29T21:11:32.479+0000] {logging_mixin.py:190} INFO - [2026-04-29T21:11:32.478+0000] {dag.py:4180} INFO - Setting next_dagrun for orders_kafka_to_s3 to 2026-04-29 00:00:00+00:00, run_after=2026-04-30 00:00:00+00:00
[2026-04-29T21:11:32.505+0000] {processor.py:208} INFO - Processing /opt/airflow/dags/main.py took 0.478 seconds
[2026-04-29T21:12:02.658+0000] {processor.py:186} INFO - Started process (PID=154) to work on /opt/airflow/dags/main.py
[2026-04-29T21:12:02.661+0000] {processor.py:914} INFO - Processing file /opt/airflow/dags/main.py for tasks to queue
[2026-04-29T21:12:02.667+0000] {logging_mixin.py:190} INFO - [2026-04-29T21:12:02.666+0000] {dagbag.py:588} INFO - Filling up the DagBag from /opt/airflow/dags/main.py
[2026-04-29T21:12:03.176+0000] {processor.py:925} INFO - DAG(s) 'orders_kafka_to_s3' retrieved from /opt/airflow/dags/main.py
[2026-04-29T21:12:03.227+0000] {logging_mixin.py:190} INFO - [2026-04-29T21:12:03.226+0000] {dag.py:3239} INFO - Sync 1 DAGs
[2026-04-29T21:12:03.284+0000] {logging_mixin.py:190} INFO - [2026-04-29T21:12:03.283+0000] {dag.py:4180} INFO - Setting next_dagrun for orders_kafka_to_s3 to 2026-04-29 00:00:00+00:00, run_after=2026-04-30 00:00:00+00:00
[2026-04-29T21:12:03.326+0000] {processor.py:208} INFO - Processing /opt/airflow/dags/main.py took 0.678 seconds
[2026-04-29T21:12:33.404+0000] {processor.py:186} INFO - Started process (PID=161) to work on /opt/airflow/dags/main.py
[2026-04-29T21:12:33.406+0000] {processor.py:914} INFO - Processing file /opt/airflow/dags/main.py for tasks to queue
[2026-04-29T21:12:33.409+0000] {logging_mixin.py:190} INFO - [2026-04-29T21:12:33.408+0000] {dagbag.py:588} INFO - Filling up the DagBag from /opt/airflow/dags/main.py
[2026-04-29T21:12:34.277+0000] {processor.py:925} INFO - DAG(s) 'orders_kafka_to_s3' retrieved from /opt/airflow/dags/main.py
[2026-04-29T21:12:34.365+0000] {logging_mixin.py:190} INFO - [2026-04-29T21:12:34.365+0000] {dag.py:3239} INFO - Sync 1 DAGs
[2026-04-29T21:12:34.604+0000] {logging_mixin.py:190} INFO - [2026-04-29T21:12:34.603+0000] {dag.py:4180} INFO - Setting next_dagrun for orders_kafka_to_s3 to 2026-04-29 00:00:00+00:00, run_after=2026-04-30 00:00:00+00:00
[2026-04-29T21:12:34.706+0000] {processor.py:208} INFO - Processing /opt/airflow/dags/main.py took 1.310 seconds
[2026-04-29T21:13:04.923+0000] {processor.py:186} INFO - Started process (PID=168) to work on /opt/airflow/dags/main.py
[2026-04-29T21:13:04.926+0000] {processor.py:914} INFO - Processing file /opt/airflow/dags/main.py for tasks to queue
[2026-04-29T21:13:04.936+0000] {logging_mixin.py:190} INFO - [2026-04-29T21:13:04.933+0000] {dagbag.py:588} INFO - Filling up the DagBag from /opt/airflow/dags/main.py
[2026-04-29T21:13:05.162+0000] {processor.py:925} INFO - DAG(s) 'orders_kafka_to_s3' retrieved from /opt/airflow/dags/main.py
[2026-04-29T21:13:05.206+0000] {logging_mixin.py:190} INFO - [2026-04-29T21:13:05.205+0000] {dag.py:3239} INFO - Sync 1 DAGs
[2026-04-29T21:13:05.244+0000] {logging_mixin.py:190} INFO - [2026-04-29T21:13:05.244+0000] {dag.py:4180} INFO - Setting next_dagrun for orders_kafka_to_s3 to 2026-04-29 00:00:00+00:00, run_after=2026-04-30 00:00:00+00:00
[2026-04-29T21:13:05.566+0000] {processor.py:208} INFO - Processing /opt/airflow/dags/main.py took 0.659 seconds
[2026-04-29T21:13:35.817+0000] {processor.py:186} INFO - Started process (PID=174) to work on /opt/airflow/dags/main.py
[2026-04-29T21:13:35.822+0000] {processor.py:914} INFO - Processing file /opt/airflow/dags/main.py for tasks to queue
[2026-04-29T21:13:35.837+0000] {logging_mixin.py:190} INFO - [2026-04-29T21:13:35.835+0000] {dagbag.py:588} INFO - Filling up the DagBag from /opt/airflow/dags/main.py
[2026-04-29T21:13:36.166+0000] {processor.py:925} INFO - DAG(s) 'orders_kafka_to_s3' retrieved from /opt/airflow/dags/main.py
[2026-04-29T21:13:36.208+0000] {logging_mixin.py:190} INFO - [2026-04-29T21:13:36.207+0000] {dag.py:3239} INFO - Sync 1 DAGs
[2026-04-29T21:13:36.453+0000] {logging_mixin.py:190} INFO - [2026-04-29T21:13:36.453+0000] {dag.py:4180} INFO - Setting next_dagrun for orders_kafka_to_s3 to 2026-04-29 00:00:00+00:00, run_after=2026-04-30 00:00:00+00:00
[2026-04-29T21:13:36.500+0000] {processor.py:208} INFO - Processing /opt/airflow/dags/main.py took 0.712 seconds
[2026-04-29T21:14:07.046+0000] {processor.py:186} INFO - Started process (PID=181) to work on /opt/airflow/dags/main.py
[2026-04-29T21:14:07.047+0000] {processor.py:914} INFO - Processing file /opt/airflow/dags/main.py for tasks to queue
[2026-04-29T21:14:07.051+0000] {logging_mixin.py:190} INFO - [2026-04-29T21:14:07.051+0000] {dagbag.py:588} INFO - Filling up the DagBag from /opt/airflow/dags/main.py
[2026-04-29T21:14:07.189+0000] {processor.py:925} INFO - DAG(s) 'orders_kafka_to_s3' retrieved from /opt/airflow/dags/main.py
[2026-04-29T21:14:07.412+0000] {logging_mixin.py:190} INFO - [2026-04-29T21:14:07.411+0000] {dag.py:3239} INFO - Sync 1 DAGs
[2026-04-29T21:14:07.467+0000] {logging_mixin.py:190} INFO - [2026-04-29T21:14:07.467+0000] {dag.py:4180} INFO - Setting next_dagrun for orders_kafka_to_s3 to 2026-04-29 00:00:00+00:00, run_after=2026-04-30 00:00:00+00:00
[2026-04-29T21:14:07.514+0000] {processor.py:208} INFO - Processing /opt/airflow/dags/main.py took 0.477 seconds
[2026-04-29T21:14:37.977+0000] {processor.py:186} INFO - Started process (PID=188) to work on /opt/airflow/dags/main.py
[2026-04-29T21:14:37.979+0000] {processor.py:914} INFO - Processing file /opt/airflow/dags/main.py for tasks to queue
[2026-04-29T21:14:37.985+0000] {logging_mixin.py:190} INFO - [2026-04-29T21:14:37.984+0000] {dagbag.py:588} INFO - Filling up the DagBag from /opt/airflow/dags/main.py
[2026-04-29T21:14:38.148+0000] {processor.py:925} INFO - DAG(s) 'orders_kafka_to_s3' retrieved from /opt/airflow/dags/main.py
[2026-04-29T21:14:38.381+0000] {logging_mixin.py:190} INFO - [2026-04-29T21:14:38.381+0000] {dag.py:3239} INFO - Sync 1 DAGs
[2026-04-29T21:14:38.417+0000] {logging_mixin.py:190} INFO - [2026-04-29T21:14:38.417+0000] {dag.py:4180} INFO - Setting next_dagrun for orders_kafka_to_s3 to 2026-04-29 00:00:00+00:00, run_after=2026-04-30 00:00:00+00:00
[2026-04-29T21:14:38.445+0000] {processor.py:208} INFO - Processing /opt/airflow/dags/main.py took 0.476 seconds
[2026-04-29T21:15:08.929+0000] {processor.py:186} INFO - Started process (PID=195) to work on /opt/airflow/dags/main.py
[2026-04-29T21:15:08.931+0000] {processor.py:914} INFO - Processing file /opt/airflow/dags/main.py for tasks to queue
[2026-04-29T21:15:08.936+0000] {logging_mixin.py:190} INFO - [2026-04-29T21:15:08.935+0000] {dagbag.py:588} INFO - Filling up the DagBag from /opt/airflow/dags/main.py
[2026-04-29T21:15:09.301+0000] {processor.py:925} INFO - DAG(s) 'orders_kafka_to_s3' retrieved from /opt/airflow/dags/main.py
[2026-04-29T21:15:09.345+0000] {logging_mixin.py:190} INFO - [2026-04-29T21:15:09.345+0000] {dag.py:3239} INFO - Sync 1 DAGs
[2026-04-29T21:15:09.378+0000] {logging_mixin.py:190} INFO - [2026-04-29T21:15:09.378+0000] {dag.py:4180} INFO - Setting next_dagrun for orders_kafka_to_s3 to 2026-04-29 00:00:00+00:00, run_after=2026-04-30 00:00:00+00:00
[2026-04-29T21:15:09.412+0000] {processor.py:208} INFO - Processing /opt/airflow/dags/main.py took 0.500 seconds
[2026-04-29T21:15:39.961+0000] {processor.py:186} INFO - Started process (PID=202) to work on /opt/airflow/dags/main.py
[2026-04-29T21:15:39.962+0000] {processor.py:914} INFO - Processing file /opt/airflow/dags/main.py for tasks to queue
[2026-04-29T21:15:39.966+0000] {logging_mixin.py:190} INFO - [2026-04-29T21:15:39.965+0000] {dagbag.py:588} INFO - Filling up the DagBag from /opt/airflow/dags/main.py
[2026-04-29T21:15:40.327+0000] {processor.py:925} INFO - DAG(s) 'orders_kafka_to_s3' retrieved from /opt/airflow/dags/main.py
[2026-04-29T21:15:40.360+0000] {logging_mixin.py:190} INFO - [2026-04-29T21:15:40.359+0000] {dag.py:3239} INFO - Sync 1 DAGs
[2026-04-29T21:15:40.396+0000] {logging_mixin.py:190} INFO - [2026-04-29T21:15:40.396+0000] {dag.py:4180} INFO - Setting next_dagrun for orders_kafka_to_s3 to 2026-04-29 00:00:00+00:00, run_after=2026-04-30 00:00:00+00:00
[2026-04-29T21:15:40.431+0000] {processor.py:208} INFO - Processing /opt/airflow/dags/main.py took 0.480 seconds
[2026-04-29T21:16:11.189+0000] {processor.py:186} INFO - Started process (PID=209) to work on /opt/airflow/dags/main.py
[2026-04-29T21:16:11.196+0000] {processor.py:914} INFO - Processing file /opt/airflow/dags/main.py for tasks to queue
[2026-04-29T21:16:11.221+0000] {logging_mixin.py:190} INFO - [2026-04-29T21:16:11.218+0000] {dagbag.py:588} INFO - Filling up the DagBag from /opt/airflow/dags/main.py
[2026-04-29T21:16:11.389+0000] {processor.py:925} INFO - DAG(s) 'orders_kafka_to_s3' retrieved from /opt/airflow/dags/main.py
[2026-04-29T21:16:11.424+0000] {logging_mixin.py:190} INFO - [2026-04-29T21:16:11.424+0000] {dag.py:3239} INFO - Sync 1 DAGs
[2026-04-29T21:16:11.649+0000] {logging_mixin.py:190} INFO - [2026-04-29T21:16:11.649+0000] {dag.py:4180} INFO - Setting next_dagrun for orders_kafka_to_s3 to 2026-04-29 00:00:00+00:00, run_after=2026-04-30 00:00:00+00:00
[2026-04-29T21:16:11.681+0000] {processor.py:208} INFO - Processing /opt/airflow/dags/main.py took 0.555 seconds
[2026-04-29T21:16:41.975+0000] {processor.py:186} INFO - Started process (PID=221) to work on /opt/airflow/dags/main.py
[2026-04-29T21:16:41.977+0000] {processor.py:914} INFO - Processing file /opt/airflow/dags/main.py for tasks to queue
[2026-04-29T21:16:41.981+0000] {logging_mixin.py:190} INFO - [2026-04-29T21:16:41.980+0000] {dagbag.py:588} INFO - Filling up the DagBag from /opt/airflow/dags/main.py
[2026-04-29T21:16:42.147+0000] {processor.py:925} INFO - DAG(s) 'orders_kafka_to_s3' retrieved from /opt/airflow/dags/main.py
[2026-04-29T21:16:42.213+0000] {logging_mixin.py:190} INFO - [2026-04-29T21:16:42.212+0000] {dag.py:3239} INFO - Sync 1 DAGs
[2026-04-29T21:16:42.556+0000] {logging_mixin.py:190} INFO - [2026-04-29T21:16:42.556+0000] {dag.py:4180} INFO - Setting next_dagrun for orders_kafka_to_s3 to 2026-04-29 00:00:00+00:00, run_after=2026-04-30 00:00:00+00:00
[2026-04-29T21:16:42.581+0000] {processor.py:208} INFO - Processing /opt/airflow/dags/main.py took 0.617 seconds
[2026-04-29T21:17:13.125+0000] {processor.py:186} INFO - Started process (PID=228) to work on /opt/airflow/dags/main.py
[2026-04-29T21:17:13.127+0000] {processor.py:914} INFO - Processing file /opt/airflow/dags/main.py for tasks to queue
[2026-04-29T21:17:13.134+0000] {logging_mixin.py:190} INFO - [2026-04-29T21:17:13.133+0000] {dagbag.py:588} INFO - Filling up the DagBag from /opt/airflow/dags/main.py
[2026-04-29T21:17:13.317+0000] {processor.py:925} INFO - DAG(s) 'orders_kafka_to_s3' retrieved from /opt/airflow/dags/main.py
[2026-04-29T21:17:13.529+0000] {logging_mixin.py:190} INFO - [2026-04-29T21:17:13.528+0000] {dag.py:3239} INFO - Sync 1 DAGs
[2026-04-29T21:17:13.567+0000] {logging_mixin.py:190} INFO - [2026-04-29T21:17:13.567+0000] {dag.py:4180} INFO - Setting next_dagrun for orders_kafka_to_s3 to 2026-04-29 00:00:00+00:00, run_after=2026-04-30 00:00:00+00:00
[2026-04-29T21:17:13.607+0000] {processor.py:208} INFO - Processing /opt/airflow/dags/main.py took 0.497 seconds
[2026-04-29T21:17:44.041+0000] {processor.py:186} INFO - Started process (PID=235) to work on /opt/airflow/dags/main.py
[2026-04-29T21:17:44.044+0000] {processor.py:914} INFO - Processing file /opt/airflow/dags/main.py for tasks to queue
[2026-04-29T21:17:44.050+0000] {logging_mixin.py:190} INFO - [2026-04-29T21:17:44.049+0000] {dagbag.py:588} INFO - Filling up the DagBag from /opt/airflow/dags/main.py
[2026-04-29T21:17:44.277+0000] {processor.py:925} INFO - DAG(s) 'orders_kafka_to_s3' retrieved from /opt/airflow/dags/main.py
[2026-04-29T21:17:44.531+0000] {logging_mixin.py:190} INFO - [2026-04-29T21:17:44.530+0000] {dag.py:3239} INFO - Sync 1 DAGs
[2026-04-29T21:17:44.567+0000] {logging_mixin.py:190} INFO - [2026-04-29T21:17:44.567+0000] {dag.py:4180} INFO - Setting next_dagrun for orders_kafka_to_s3 to 2026-04-29 00:00:00+00:00, run_after=2026-04-30 00:00:00+00:00
[2026-04-29T21:17:44.596+0000] {processor.py:208} INFO - Processing /opt/airflow/dags/main.py took 0.574 seconds
[2026-04-29T21:18:14.779+0000] {processor.py:186} INFO - Started process (PID=242) to work on /opt/airflow/dags/main.py
[2026-04-29T21:18:14.780+0000] {processor.py:914} INFO - Processing file /opt/airflow/dags/main.py for tasks to queue
[2026-04-29T21:18:14.784+0000] {logging_mixin.py:190} INFO - [2026-04-29T21:18:14.783+0000] {dagbag.py:588} INFO - Filling up the DagBag from /opt/airflow/dags/main.py
[2026-04-29T21:18:15.175+0000] {processor.py:925} INFO - DAG(s) 'orders_kafka_to_s3' retrieved from /opt/airflow/dags/main.py
[2026-04-29T21:18:15.209+0000] {logging_mixin.py:190} INFO - [2026-04-29T21:18:15.209+0000] {dag.py:3239} INFO - Sync 1 DAGs
[2026-04-29T21:18:15.239+0000] {logging_mixin.py:190} INFO - [2026-04-29T21:18:15.239+0000] {dag.py:4180} INFO - Setting next_dagrun for orders_kafka_to_s3 to 2026-04-29 00:00:00+00:00, run_after=2026-04-30 00:00:00+00:00
[2026-04-29T21:18:15.264+0000] {processor.py:208} INFO - Processing /opt/airflow/dags/main.py took 0.493 seconds
[2026-04-29T21:18:45.544+0000] {processor.py:186} INFO - Started process (PID=249) to work on /opt/airflow/dags/main.py
[2026-04-29T21:18:45.546+0000] {processor.py:914} INFO - Processing file /opt/airflow/dags/main.py for tasks to queue
[2026-04-29T21:18:45.550+0000] {logging_mixin.py:190} INFO - [2026-04-29T21:18:45.549+0000] {dagbag.py:588} INFO - Filling up the DagBag from /opt/airflow/dags/main.py
[2026-04-29T21:18:45.991+0000] {processor.py:925} INFO - DAG(s) 'orders_kafka_to_s3' retrieved from /opt/airflow/dags/main.py
[2026-04-29T21:18:46.027+0000] {logging_mixin.py:190} INFO - [2026-04-29T21:18:46.026+0000] {dag.py:3239} INFO - Sync 1 DAGs
[2026-04-29T21:18:46.062+0000] {logging_mixin.py:190} INFO - [2026-04-29T21:18:46.062+0000] {dag.py:4180} INFO - Setting next_dagrun for orders_kafka_to_s3 to 2026-04-29 00:00:00+00:00, run_after=2026-04-30 00:00:00+00:00
[2026-04-29T21:18:46.094+0000] {processor.py:208} INFO - Processing /opt/airflow/dags/main.py took 0.560 seconds
[2026-04-29T21:19:16.369+0000] {processor.py:186} INFO - Started process (PID=256) to work on /opt/airflow/dags/main.py
[2026-04-29T21:19:16.371+0000] {processor.py:914} INFO - Processing file /opt/airflow/dags/main.py for tasks to queue
[2026-04-29T21:19:16.377+0000] {logging_mixin.py:190} INFO - [2026-04-29T21:19:16.376+0000] {dagbag.py:588} INFO - Filling up the DagBag from /opt/airflow/dags/main.py
[2026-04-29T21:19:16.590+0000] {processor.py:925} INFO - DAG(s) 'orders_kafka_to_s3' retrieved from /opt/airflow/dags/main.py
[2026-04-29T21:19:16.628+0000] {logging_mixin.py:190} INFO - [2026-04-29T21:19:16.628+0000] {dag.py:3239} INFO - Sync 1 DAGs
[2026-04-29T21:19:16.955+0000] {logging_mixin.py:190} INFO - [2026-04-29T21:19:16.955+0000] {dag.py:4180} INFO - Setting next_dagrun for orders_kafka_to_s3 to 2026-04-29 00:00:00+00:00, run_after=2026-04-30 00:00:00+00:00
[2026-04-29T21:19:16.996+0000] {processor.py:208} INFO - Processing /opt/airflow/dags/main.py took 0.642 seconds
[2026-04-29T21:19:47.149+0000] {processor.py:186} INFO - Started process (PID=264) to work on /opt/airflow/dags/main.py
[2026-04-29T21:19:47.152+0000] {processor.py:914} INFO - Processing file /opt/airflow/dags/main.py for tasks to queue
[2026-04-29T21:19:47.158+0000] {logging_mixin.py:190} INFO - [2026-04-29T21:19:47.157+0000] {dagbag.py:588} INFO - Filling up the DagBag from /opt/airflow/dags/main.py
[2026-04-29T21:19:47.342+0000] {processor.py:925} INFO - DAG(s) 'orders_kafka_to_s3' retrieved from /opt/airflow/dags/main.py
[2026-04-29T21:19:47.374+0000] {logging_mixin.py:190} INFO - [2026-04-29T21:19:47.373+0000] {dag.py:3239} INFO - Sync 1 DAGs
[2026-04-29T21:19:47.599+0000] {logging_mixin.py:190} INFO - [2026-04-29T21:19:47.599+0000] {dag.py:4180} INFO - Setting next_dagrun for orders_kafka_to_s3 to 2026-04-29 00:00:00+00:00, run_after=2026-04-30 00:00:00+00:00
[2026-04-29T21:19:47.629+0000] {processor.py:208} INFO - Processing /opt/airflow/dags/main.py took 0.496 seconds
[2026-04-29T21:20:18.035+0000] {processor.py:186} INFO - Started process (PID=271) to work on /opt/airflow/dags/main.py
[2026-04-29T21:20:18.040+0000] {processor.py:914} INFO - Processing file /opt/airflow/dags/main.py for tasks to queue
[2026-04-29T21:20:18.053+0000] {logging_mixin.py:190} INFO - [2026-04-29T21:20:18.051+0000] {dagbag.py:588} INFO - Filling up the DagBag from /opt/airflow/dags/main.py
[2026-04-29T21:20:18.252+0000] {processor.py:925} INFO - DAG(s) 'orders_kafka_to_s3' retrieved from /opt/airflow/dags/main.py
[2026-04-29T21:20:18.503+0000] {logging_mixin.py:190} INFO - [2026-04-29T21:20:18.502+0000] {dag.py:3239} INFO - Sync 1 DAGs
[2026-04-29T21:20:18.543+0000] {logging_mixin.py:190} INFO - [2026-04-29T21:20:18.543+0000] {dag.py:4180} INFO - Setting next_dagrun for orders_kafka_to_s3 to 2026-04-29 00:00:00+00:00, run_after=2026-04-30 00:00:00+00:00
[2026-04-29T21:20:18.572+0000] {processor.py:208} INFO - Processing /opt/airflow/dags/main.py took 0.577 seconds
[2026-04-29T21:20:49.250+0000] {processor.py:186} INFO - Started process (PID=278) to work on /opt/airflow/dags/main.py
[2026-04-29T21:20:49.251+0000] {processor.py:914} INFO - Processing file /opt/airflow/dags/main.py for tasks to queue
[2026-04-29T21:20:49.256+0000] {logging_mixin.py:190} INFO - [2026-04-29T21:20:49.255+0000] {dagbag.py:588} INFO - Filling up the DagBag from /opt/airflow/dags/main.py
[2026-04-29T21:20:49.410+0000] {processor.py:925} INFO - DAG(s) 'orders_kafka_to_s3' retrieved from /opt/airflow/dags/main.py
[2026-04-29T21:20:49.646+0000] {logging_mixin.py:190} INFO - [2026-04-29T21:20:49.646+0000] {dag.py:3239} INFO - Sync 1 DAGs
[2026-04-29T21:20:49.681+0000] {logging_mixin.py:190} INFO - [2026-04-29T21:20:49.681+0000] {dag.py:4180} INFO - Setting next_dagrun for orders_kafka_to_s3 to 2026-04-29 00:00:00+00:00, run_after=2026-04-30 00:00:00+00:00
[2026-04-29T21:20:49.710+0000] {processor.py:208} INFO - Processing /opt/airflow/dags/main.py took 0.469 seconds
[2026-04-29T21:21:20.052+0000] {processor.py:186} INFO - Started process (PID=284) to work on /opt/airflow/dags/main.py
[2026-04-29T21:21:20.054+0000] {processor.py:914} INFO - Processing file /opt/airflow/dags/main.py for tasks to queue
[2026-04-29T21:21:20.060+0000] {logging_mixin.py:190} INFO - [2026-04-29T21:21:20.059+0000] {dagbag.py:588} INFO - Filling up the DagBag from /opt/airflow/dags/main.py
[2026-04-29T21:21:20.429+0000] {processor.py:925} INFO - DAG(s) 'orders_kafka_to_s3' retrieved from /opt/airflow/dags/main.py
[2026-04-29T21:21:20.461+0000] {logging_mixin.py:190} INFO - [2026-04-29T21:21:20.460+0000] {dag.py:3239} INFO - Sync 1 DAGs
[2026-04-29T21:21:20.500+0000] {logging_mixin.py:190} INFO - [2026-04-29T21:21:20.499+0000] {dag.py:4180} INFO - Setting next_dagrun for orders_kafka_to_s3 to 2026-04-29 00:00:00+00:00, run_after=2026-04-30 00:00:00+00:00
[2026-04-29T21:21:20.525+0000] {processor.py:208} INFO - Processing /opt/airflow/dags/main.py took 0.487 seconds
[2026-04-29T21:21:50.643+0000] {processor.py:186} INFO - Started process (PID=291) to work on /opt/airflow/dags/main.py
[2026-04-29T21:21:50.645+0000] {processor.py:914} INFO - Processing file /opt/airflow/dags/main.py for tasks to queue
[2026-04-29T21:21:50.650+0000] {logging_mixin.py:190} INFO - [2026-04-29T21:21:50.649+0000] {dagbag.py:588} INFO - Filling up the DagBag from /opt/airflow/dags/main.py
[2026-04-29T21:21:51.036+0000] {processor.py:925} INFO - DAG(s) 'orders_kafka_to_s3' retrieved from /opt/airflow/dags/main.py
[2026-04-29T21:21:51.069+0000] {logging_mixin.py:190} INFO - [2026-04-29T21:21:51.069+0000] {dag.py:3239} INFO - Sync 1 DAGs
[2026-04-29T21:21:51.105+0000] {logging_mixin.py:190} INFO - [2026-04-29T21:21:51.105+0000] {dag.py:4180} INFO - Setting next_dagrun for orders_kafka_to_s3 to 2026-04-29 00:00:00+00:00, run_after=2026-04-30 00:00:00+00:00
[2026-04-29T21:21:51.133+0000] {processor.py:208} INFO - Processing /opt/airflow/dags/main.py took 0.501 seconds
[2026-04-29T21:22:21.722+0000] {processor.py:186} INFO - Started process (PID=298) to work on /opt/airflow/dags/main.py
[2026-04-29T21:22:21.728+0000] {processor.py:914} INFO - Processing file /opt/airflow/dags/main.py for tasks to queue
[2026-04-29T21:22:21.749+0000] {logging_mixin.py:190} INFO - [2026-04-29T21:22:21.746+0000] {dagbag.py:588} INFO - Filling up the DagBag from /opt/airflow/dags/main.py
[2026-04-29T21:22:22.023+0000] {processor.py:925} INFO - DAG(s) 'orders_kafka_to_s3' retrieved from /opt/airflow/dags/main.py
[2026-04-29T21:22:22.059+0000] {logging_mixin.py:190} INFO - [2026-04-29T21:22:22.058+0000] {dag.py:3239} INFO - Sync 1 DAGs
[2026-04-29T21:22:22.285+0000] {logging_mixin.py:190} INFO - [2026-04-29T21:22:22.285+0000] {dag.py:4180} INFO - Setting next_dagrun for orders_kafka_to_s3 to 2026-04-29 00:00:00+00:00, run_after=2026-04-30 00:00:00+00:00
[2026-04-29T21:22:22.319+0000] {processor.py:208} INFO - Processing /opt/airflow/dags/main.py took 0.641 seconds
[2026-04-29T21:22:53.033+0000] {processor.py:186} INFO - Started process (PID=305) to work on /opt/airflow/dags/main.py
[2026-04-29T21:22:53.036+0000] {processor.py:914} INFO - Processing file /opt/airflow/dags/main.py for tasks to queue
[2026-04-29T21:22:53.042+0000] {logging_mixin.py:190} INFO - [2026-04-29T21:22:53.041+0000] {dagbag.py:588} INFO - Filling up the DagBag from /opt/airflow/dags/main.py
[2026-04-29T21:22:53.300+0000] {processor.py:925} INFO - DAG(s) 'orders_kafka_to_s3' retrieved from /opt/airflow/dags/main.py
[2026-04-29T21:22:53.338+0000] {logging_mixin.py:190} INFO - [2026-04-29T21:22:53.337+0000] {dag.py:3239} INFO - Sync 1 DAGs
[2026-04-29T21:22:53.586+0000] {logging_mixin.py:190} INFO - [2026-04-29T21:22:53.586+0000] {dag.py:4180} INFO - Setting next_dagrun for orders_kafka_to_s3 to 2026-04-29 00:00:00+00:00, run_after=2026-04-30 00:00:00+00:00
[2026-04-29T21:22:53.619+0000] {processor.py:208} INFO - Processing /opt/airflow/dags/main.py took 0.618 seconds
[2026-04-29T21:23:23.809+0000] {processor.py:186} INFO - Started process (PID=313) to work on /opt/airflow/dags/main.py
[2026-04-29T21:23:23.812+0000] {processor.py:914} INFO - Processing file /opt/airflow/dags/main.py for tasks to queue
[2026-04-29T21:23:23.817+0000] {logging_mixin.py:190} INFO - [2026-04-29T21:23:23.816+0000] {dagbag.py:588} INFO - Filling up the DagBag from /opt/airflow/dags/main.py
[2026-04-29T21:23:24.012+0000] {processor.py:925} INFO - DAG(s) 'orders_kafka_to_s3' retrieved from /opt/airflow/dags/main.py
[2026-04-29T21:23:24.264+0000] {logging_mixin.py:190} INFO - [2026-04-29T21:23:24.264+0000] {dag.py:3239} INFO - Sync 1 DAGs
[2026-04-29T21:23:24.315+0000] {logging_mixin.py:190} INFO - [2026-04-29T21:23:24.314+0000] {dag.py:4180} INFO - Setting next_dagrun for orders_kafka_to_s3 to 2026-04-29 00:00:00+00:00, run_after=2026-04-30 00:00:00+00:00
[2026-04-29T21:23:24.361+0000] {processor.py:208} INFO - Processing /opt/airflow/dags/main.py took 0.566 seconds
[2026-04-29T21:23:54.691+0000] {processor.py:186} INFO - Started process (PID=320) to work on /opt/airflow/dags/main.py
[2026-04-29T21:23:54.693+0000] {processor.py:914} INFO - Processing file /opt/airflow/dags/main.py for tasks to queue
[2026-04-29T21:23:54.696+0000] {logging_mixin.py:190} INFO - [2026-04-29T21:23:54.696+0000] {dagbag.py:588} INFO - Filling up the DagBag from /opt/airflow/dags/main.py
[2026-04-29T21:23:55.045+0000] {processor.py:925} INFO - DAG(s) 'orders_kafka_to_s3' retrieved from /opt/airflow/dags/main.py
[2026-04-29T21:23:55.076+0000] {logging_mixin.py:190} INFO - [2026-04-29T21:23:55.076+0000] {dag.py:3239} INFO - Sync 1 DAGs
[2026-04-29T21:23:55.105+0000] {logging_mixin.py:190} INFO - [2026-04-29T21:23:55.104+0000] {dag.py:4180} INFO - Setting next_dagrun for orders_kafka_to_s3 to 2026-04-29 00:00:00+00:00, run_after=2026-04-30 00:00:00+00:00
[2026-04-29T21:23:55.139+0000] {processor.py:208} INFO - Processing /opt/airflow/dags/main.py took 0.459 seconds
[2026-04-29T21:24:25.681+0000] {processor.py:186} INFO - Started process (PID=327) to work on /opt/airflow/dags/main.py
[2026-04-29T21:24:25.686+0000] {processor.py:914} INFO - Processing file /opt/airflow/dags/main.py for tasks to queue
[2026-04-29T21:24:25.698+0000] {logging_mixin.py:190} INFO - [2026-04-29T21:24:25.697+0000] {dagbag.py:588} INFO - Filling up the DagBag from /opt/airflow/dags/main.py
[2026-04-29T21:24:26.274+0000] {processor.py:925} INFO - DAG(s) 'orders_kafka_to_s3' retrieved from /opt/airflow/dags/main.py
[2026-04-29T21:24:26.331+0000] {logging_mixin.py:190} INFO - [2026-04-29T21:24:26.331+0000] {dag.py:3239} INFO - Sync 1 DAGs
[2026-04-29T21:24:26.382+0000] {logging_mixin.py:190} INFO - [2026-04-29T21:24:26.382+0000] {dag.py:4180} INFO - Setting next_dagrun for orders_kafka_to_s3 to 2026-04-29 00:00:00+00:00, run_after=2026-04-30 00:00:00+00:00
[2026-04-29T21:24:26.419+0000] {processor.py:208} INFO - Processing /opt/airflow/dags/main.py took 0.768 seconds
[2026-04-29T21:24:57.120+0000] {processor.py:186} INFO - Started process (PID=334) to work on /opt/airflow/dags/main.py
[2026-04-29T21:24:57.122+0000] {processor.py:914} INFO - Processing file /opt/airflow/dags/main.py for tasks to queue
[2026-04-29T21:24:57.131+0000] {logging_mixin.py:190} INFO - [2026-04-29T21:24:57.130+0000] {dagbag.py:588} INFO - Filling up the DagBag from /opt/airflow/dags/main.py
[2026-04-29T21:24:57.345+0000] {processor.py:925} INFO - DAG(s) 'orders_kafka_to_s3' retrieved from /opt/airflow/dags/main.py
[2026-04-29T21:24:57.398+0000] {logging_mixin.py:190} INFO - [2026-04-29T21:24:57.397+0000] {dag.py:3239} INFO - Sync 1 DAGs
[2026-04-29T21:24:57.453+0000] {logging_mixin.py:190} INFO - [2026-04-29T21:24:57.453+0000] {dag.py:4180} INFO - Setting next_dagrun for orders_kafka_to_s3 to 2026-04-29 00:00:00+00:00, run_after=2026-04-30 00:00:00+00:00
[2026-04-29T21:24:57.724+0000] {processor.py:208} INFO - Processing /opt/airflow/dags/main.py took 0.628 seconds
[2026-04-29T21:25:28.354+0000] {processor.py:186} INFO - Started process (PID=340) to work on /opt/airflow/dags/main.py
[2026-04-29T21:25:28.356+0000] {processor.py:914} INFO - Processing file /opt/airflow/dags/main.py for tasks to queue
[2026-04-29T21:25:28.360+0000] {logging_mixin.py:190} INFO - [2026-04-29T21:25:28.359+0000] {dagbag.py:588} INFO - Filling up the DagBag from /opt/airflow/dags/main.py
[2026-04-29T21:25:28.591+0000] {processor.py:925} INFO - DAG(s) 'orders_kafka_to_s3' retrieved from /opt/airflow/dags/main.py
[2026-04-29T21:25:28.635+0000] {logging_mixin.py:190} INFO - [2026-04-29T21:25:28.634+0000] {dag.py:3239} INFO - Sync 1 DAGs
[2026-04-29T21:25:28.874+0000] {logging_mixin.py:190} INFO - [2026-04-29T21:25:28.873+0000] {dag.py:4180} INFO - Setting next_dagrun for orders_kafka_to_s3 to 2026-04-29 00:00:00+00:00, run_after=2026-04-30 00:00:00+00:00
[2026-04-29T21:25:28.909+0000] {processor.py:208} INFO - Processing /opt/airflow/dags/main.py took 0.566 seconds
[2026-04-29T21:25:59.301+0000] {processor.py:186} INFO - Started process (PID=347) to work on /opt/airflow/dags/main.py
[2026-04-29T21:25:59.302+0000] {processor.py:914} INFO - Processing file /opt/airflow/dags/main.py for tasks to queue
[2026-04-29T21:25:59.305+0000] {logging_mixin.py:190} INFO - [2026-04-29T21:25:59.305+0000] {dagbag.py:588} INFO - Filling up the DagBag from /opt/airflow/dags/main.py
[2026-04-29T21:25:59.443+0000] {processor.py:925} INFO - DAG(s) 'orders_kafka_to_s3' retrieved from /opt/airflow/dags/main.py
[2026-04-29T21:25:59.489+0000] {logging_mixin.py:190} INFO - [2026-04-29T21:25:59.489+0000] {dag.py:3239} INFO - Sync 1 DAGs
[2026-04-29T21:25:59.719+0000] {logging_mixin.py:190} INFO - [2026-04-29T21:25:59.718+0000] {dag.py:4180} INFO - Setting next_dagrun for orders_kafka_to_s3 to 2026-04-29 00:00:00+00:00, run_after=2026-04-30 00:00:00+00:00
[2026-04-29T21:25:59.750+0000] {processor.py:208} INFO - Processing /opt/airflow/dags/main.py took 0.458 seconds
[2026-04-29T21:26:30.096+0000] {processor.py:186} INFO - Started process (PID=354) to work on /opt/airflow/dags/main.py
[2026-04-29T21:26:30.099+0000] {processor.py:914} INFO - Processing file /opt/airflow/dags/main.py for tasks to queue
[2026-04-29T21:26:30.105+0000] {logging_mixin.py:190} INFO - [2026-04-29T21:26:30.104+0000] {dagbag.py:588} INFO - Filling up the DagBag from /opt/airflow/dags/main.py
[2026-04-29T21:26:30.280+0000] {processor.py:925} INFO - DAG(s) 'orders_kafka_to_s3' retrieved from /opt/airflow/dags/main.py
[2026-04-29T21:26:30.497+0000] {logging_mixin.py:190} INFO - [2026-04-29T21:26:30.496+0000] {dag.py:3239} INFO - Sync 1 DAGs
[2026-04-29T21:26:30.543+0000] {logging_mixin.py:190} INFO - [2026-04-29T21:26:30.542+0000] {dag.py:4180} INFO - Setting next_dagrun for orders_kafka_to_s3 to 2026-04-29 00:00:00+00:00, run_after=2026-04-30 00:00:00+00:00
[2026-04-29T21:26:30.582+0000] {processor.py:208} INFO - Processing /opt/airflow/dags/main.py took 0.503 seconds
[2026-04-29T21:27:00.866+0000] {processor.py:186} INFO - Started process (PID=361) to work on /opt/airflow/dags/main.py
[2026-04-29T21:27:00.868+0000] {processor.py:914} INFO - Processing file /opt/airflow/dags/main.py for tasks to queue
[2026-04-29T21:27:00.874+0000] {logging_mixin.py:190} INFO - [2026-04-29T21:27:00.873+0000] {dagbag.py:588} INFO - Filling up the DagBag from /opt/airflow/dags/main.py
[2026-04-29T21:27:01.336+0000] {processor.py:925} INFO - DAG(s) 'orders_kafka_to_s3' retrieved from /opt/airflow/dags/main.py
[2026-04-29T21:27:01.370+0000] {logging_mixin.py:190} INFO - [2026-04-29T21:27:01.369+0000] {dag.py:3239} INFO - Sync 1 DAGs
[2026-04-29T21:27:01.406+0000] {logging_mixin.py:190} INFO - [2026-04-29T21:27:01.405+0000] {dag.py:4180} INFO - Setting next_dagrun for orders_kafka_to_s3 to 2026-04-29 00:00:00+00:00, run_after=2026-04-30 00:00:00+00:00
[2026-04-29T21:27:01.447+0000] {processor.py:208} INFO - Processing /opt/airflow/dags/main.py took 0.598 seconds
[2026-04-29T21:27:31.693+0000] {processor.py:186} INFO - Started process (PID=368) to work on /opt/airflow/dags/main.py
[2026-04-29T21:27:31.696+0000] {processor.py:914} INFO - Processing file /opt/airflow/dags/main.py for tasks to queue
[2026-04-29T21:27:31.703+0000] {logging_mixin.py:190} INFO - [2026-04-29T21:27:31.703+0000] {dagbag.py:588} INFO - Filling up the DagBag from /opt/airflow/dags/main.py
[2026-04-29T21:27:32.095+0000] {processor.py:925} INFO - DAG(s) 'orders_kafka_to_s3' retrieved from /opt/airflow/dags/main.py
[2026-04-29T21:27:32.144+0000] {logging_mixin.py:190} INFO - [2026-04-29T21:27:32.143+0000] {dag.py:3239} INFO - Sync 1 DAGs
[2026-04-29T21:27:32.193+0000] {logging_mixin.py:190} INFO - [2026-04-29T21:27:32.193+0000] {dag.py:4180} INFO - Setting next_dagrun for orders_kafka_to_s3 to 2026-04-29 00:00:00+00:00, run_after=2026-04-30 00:00:00+00:00
[2026-04-29T21:27:32.223+0000] {processor.py:208} INFO - Processing /opt/airflow/dags/main.py took 0.546 seconds
[2026-04-29T21:28:02.612+0000] {processor.py:186} INFO - Started process (PID=375) to work on /opt/airflow/dags/main.py
[2026-04-29T21:28:02.615+0000] {processor.py:914} INFO - Processing file /opt/airflow/dags/main.py for tasks to queue
[2026-04-29T21:28:02.623+0000] {logging_mixin.py:190} INFO - [2026-04-29T21:28:02.622+0000] {dagbag.py:588} INFO - Filling up the DagBag from /opt/airflow/dags/main.py
[2026-04-29T21:28:02.892+0000] {processor.py:925} INFO - DAG(s) 'orders_kafka_to_s3' retrieved from /opt/airflow/dags/main.py
[2026-04-29T21:28:02.937+0000] {logging_mixin.py:190} INFO - [2026-04-29T21:28:02.937+0000] {dag.py:3239} INFO - Sync 1 DAGs
[2026-04-29T21:28:03.224+0000] {logging_mixin.py:190} INFO - [2026-04-29T21:28:03.224+0000] {dag.py:4180} INFO - Setting next_dagrun for orders_kafka_to_s3 to 2026-04-29 00:00:00+00:00, run_after=2026-04-30 00:00:00+00:00
[2026-04-29T21:28:03.260+0000] {processor.py:208} INFO - Processing /opt/airflow/dags/main.py took 0.668 seconds
[2026-04-29T21:28:33.839+0000] {processor.py:186} INFO - Started process (PID=381) to work on /opt/airflow/dags/main.py
[2026-04-29T21:28:33.840+0000] {processor.py:914} INFO - Processing file /opt/airflow/dags/main.py for tasks to queue
[2026-04-29T21:28:33.844+0000] {logging_mixin.py:190} INFO - [2026-04-29T21:28:33.844+0000] {dagbag.py:588} INFO - Filling up the DagBag from /opt/airflow/dags/main.py
[2026-04-29T21:28:34.004+0000] {processor.py:925} INFO - DAG(s) 'orders_kafka_to_s3' retrieved from /opt/airflow/dags/main.py
[2026-04-29T21:28:34.041+0000] {logging_mixin.py:190} INFO - [2026-04-29T21:28:34.041+0000] {dag.py:3239} INFO - Sync 1 DAGs
[2026-04-29T21:28:34.282+0000] {logging_mixin.py:190} INFO - [2026-04-29T21:28:34.282+0000] {dag.py:4180} INFO - Setting next_dagrun for orders_kafka_to_s3 to 2026-04-29 00:00:00+00:00, run_after=2026-04-30 00:00:00+00:00
[2026-04-29T21:28:34.324+0000] {processor.py:208} INFO - Processing /opt/airflow/dags/main.py took 0.495 seconds
[2026-04-29T21:29:04.914+0000] {processor.py:186} INFO - Started process (PID=389) to work on /opt/airflow/dags/main.py
[2026-04-29T21:29:04.916+0000] {processor.py:914} INFO - Processing file /opt/airflow/dags/main.py for tasks to queue
[2026-04-29T21:29:04.922+0000] {logging_mixin.py:190} INFO - [2026-04-29T21:29:04.921+0000] {dagbag.py:588} INFO - Filling up the DagBag from /opt/airflow/dags/main.py
[2026-04-29T21:29:05.093+0000] {processor.py:925} INFO - DAG(s) 'orders_kafka_to_s3' retrieved from /opt/airflow/dags/main.py
[2026-04-29T21:29:05.339+0000] {logging_mixin.py:190} INFO - [2026-04-29T21:29:05.339+0000] {dag.py:3239} INFO - Sync 1 DAGs
[2026-04-29T21:29:05.380+0000] {logging_mixin.py:190} INFO - [2026-04-29T21:29:05.380+0000] {dag.py:4180} INFO - Setting next_dagrun for orders_kafka_to_s3 to 2026-04-29 00:00:00+00:00, run_after=2026-04-30 00:00:00+00:00
[2026-04-29T21:29:05.418+0000] {processor.py:208} INFO - Processing /opt/airflow/dags/main.py took 0.514 seconds
[2026-04-29T21:29:36.106+0000] {processor.py:186} INFO - Started process (PID=396) to work on /opt/airflow/dags/main.py
[2026-04-29T21:29:36.109+0000] {processor.py:914} INFO - Processing file /opt/airflow/dags/main.py for tasks to queue
[2026-04-29T21:29:36.113+0000] {logging_mixin.py:190} INFO - [2026-04-29T21:29:36.113+0000] {dagbag.py:588} INFO - Filling up the DagBag from /opt/airflow/dags/main.py
[2026-04-29T21:29:36.350+0000] {processor.py:925} INFO - DAG(s) 'orders_kafka_to_s3' retrieved from /opt/airflow/dags/main.py
[2026-04-29T21:29:36.596+0000] {logging_mixin.py:190} INFO - [2026-04-29T21:29:36.595+0000] {dag.py:3239} INFO - Sync 1 DAGs
[2026-04-29T21:29:36.648+0000] {logging_mixin.py:190} INFO - [2026-04-29T21:29:36.647+0000] {dag.py:4180} INFO - Setting next_dagrun for orders_kafka_to_s3 to 2026-04-29 00:00:00+00:00, run_after=2026-04-30 00:00:00+00:00
[2026-04-29T21:29:36.678+0000] {processor.py:208} INFO - Processing /opt/airflow/dags/main.py took 0.585 seconds
[2026-04-29T21:30:06.985+0000] {processor.py:186} INFO - Started process (PID=402) to work on /opt/airflow/dags/main.py
[2026-04-29T21:30:06.987+0000] {processor.py:914} INFO - Processing file /opt/airflow/dags/main.py for tasks to queue
[2026-04-29T21:30:06.996+0000] {logging_mixin.py:190} INFO - [2026-04-29T21:30:06.995+0000] {dagbag.py:588} INFO - Filling up the DagBag from /opt/airflow/dags/main.py
[2026-04-29T21:30:07.589+0000] {processor.py:925} INFO - DAG(s) 'orders_kafka_to_s3' retrieved from /opt/airflow/dags/main.py
[2026-04-29T21:30:07.665+0000] {logging_mixin.py:190} INFO - [2026-04-29T21:30:07.665+0000] {dag.py:3239} INFO - Sync 1 DAGs
[2026-04-29T21:30:07.749+0000] {logging_mixin.py:190} INFO - [2026-04-29T21:30:07.748+0000] {dag.py:4180} INFO - Setting next_dagrun for orders_kafka_to_s3 to 2026-04-29 00:00:00+00:00, run_after=2026-04-30 00:00:00+00:00
[2026-04-29T21:30:07.802+0000] {processor.py:208} INFO - Processing /opt/airflow/dags/main.py took 0.835 seconds
[2026-04-29T21:30:38.062+0000] {processor.py:186} INFO - Started process (PID=409) to work on /opt/airflow/dags/main.py
[2026-04-29T21:30:38.067+0000] {processor.py:914} INFO - Processing file /opt/airflow/dags/main.py for tasks to queue
[2026-04-29T21:30:38.082+0000] {logging_mixin.py:190} INFO - [2026-04-29T21:30:38.080+0000] {dagbag.py:588} INFO - Filling up the DagBag from /opt/airflow/dags/main.py
[2026-04-29T21:30:38.764+0000] {processor.py:925} INFO - DAG(s) 'orders_kafka_to_s3' retrieved from /opt/airflow/dags/main.py
[2026-04-29T21:30:38.822+0000] {logging_mixin.py:190} INFO - [2026-04-29T21:30:38.821+0000] {dag.py:3239} INFO - Sync 1 DAGs
[2026-04-29T21:30:38.884+0000] {logging_mixin.py:190} INFO - [2026-04-29T21:30:38.884+0000] {dag.py:4180} INFO - Setting next_dagrun for orders_kafka_to_s3 to 2026-04-29 00:00:00+00:00, run_after=2026-04-30 00:00:00+00:00
[2026-04-29T21:30:38.949+0000] {processor.py:208} INFO - Processing /opt/airflow/dags/main.py took 0.921 seconds
[2026-04-29T21:31:09.766+0000] {processor.py:186} INFO - Started process (PID=417) to work on /opt/airflow/dags/main.py
[2026-04-29T21:31:09.768+0000] {processor.py:914} INFO - Processing file /opt/airflow/dags/main.py for tasks to queue
[2026-04-29T21:31:09.773+0000] {logging_mixin.py:190} INFO - [2026-04-29T21:31:09.772+0000] {dagbag.py:588} INFO - Filling up the DagBag from /opt/airflow/dags/main.py
[2026-04-29T21:31:10.041+0000] {processor.py:925} INFO - DAG(s) 'orders_kafka_to_s3' retrieved from /opt/airflow/dags/main.py
[2026-04-29T21:31:10.175+0000] {logging_mixin.py:190} INFO - [2026-04-29T21:31:10.173+0000] {dag.py:3239} INFO - Sync 1 DAGs
[2026-04-29T21:31:10.707+0000] {logging_mixin.py:190} INFO - [2026-04-29T21:31:10.707+0000] {dag.py:4180} INFO - Setting next_dagrun for orders_kafka_to_s3 to 2026-04-29 00:00:00+00:00, run_after=2026-04-30 00:00:00+00:00
[2026-04-29T21:31:10.755+0000] {processor.py:208} INFO - Processing /opt/airflow/dags/main.py took 1.003 seconds
[2026-04-29T21:31:41.488+0000] {processor.py:186} INFO - Started process (PID=424) to work on /opt/airflow/dags/main.py
[2026-04-29T21:31:41.495+0000] {processor.py:914} INFO - Processing file /opt/airflow/dags/main.py for tasks to queue
[2026-04-29T21:31:41.508+0000] {logging_mixin.py:190} INFO - [2026-04-29T21:31:41.507+0000] {dagbag.py:588} INFO - Filling up the DagBag from /opt/airflow/dags/main.py
[2026-04-29T21:31:41.994+0000] {processor.py:925} INFO - DAG(s) 'orders_kafka_to_s3' retrieved from /opt/airflow/dags/main.py
[2026-04-29T21:31:42.068+0000] {logging_mixin.py:190} INFO - [2026-04-29T21:31:42.067+0000] {dag.py:3239} INFO - Sync 1 DAGs
[2026-04-29T21:31:42.417+0000] {logging_mixin.py:190} INFO - [2026-04-29T21:31:42.416+0000] {dag.py:4180} INFO - Setting next_dagrun for orders_kafka_to_s3 to 2026-04-29 00:00:00+00:00, run_after=2026-04-30 00:00:00+00:00
[2026-04-29T21:31:42.463+0000] {processor.py:208} INFO - Processing /opt/airflow/dags/main.py took 1.005 seconds
[2026-04-29T21:32:13.134+0000] {processor.py:186} INFO - Started process (PID=432) to work on /opt/airflow/dags/main.py
[2026-04-29T21:32:13.140+0000] {processor.py:914} INFO - Processing file /opt/airflow/dags/main.py for tasks to queue
[2026-04-29T21:32:13.160+0000] {logging_mixin.py:190} INFO - [2026-04-29T21:32:13.158+0000] {dagbag.py:588} INFO - Filling up the DagBag from /opt/airflow/dags/main.py
[2026-04-29T21:32:13.449+0000] {processor.py:925} INFO - DAG(s) 'orders_kafka_to_s3' retrieved from /opt/airflow/dags/main.py
[2026-04-29T21:32:13.789+0000] {logging_mixin.py:190} INFO - [2026-04-29T21:32:13.789+0000] {dag.py:3239} INFO - Sync 1 DAGs
[2026-04-29T21:32:13.845+0000] {logging_mixin.py:190} INFO - [2026-04-29T21:32:13.845+0000] {dag.py:4180} INFO - Setting next_dagrun for orders_kafka_to_s3 to 2026-04-29 00:00:00+00:00, run_after=2026-04-30 00:00:00+00:00
[2026-04-29T21:32:13.890+0000] {processor.py:208} INFO - Processing /opt/airflow/dags/main.py took 0.790 seconds
[2026-04-29T21:32:44.668+0000] {processor.py:186} INFO - Started process (PID=440) to work on /opt/airflow/dags/main.py
[2026-04-29T21:32:44.673+0000] {processor.py:914} INFO - Processing file /opt/airflow/dags/main.py for tasks to queue
[2026-04-29T21:32:44.684+0000] {logging_mixin.py:190} INFO - [2026-04-29T21:32:44.682+0000] {dagbag.py:588} INFO - Filling up the DagBag from /opt/airflow/dags/main.py
[2026-04-29T21:32:45.372+0000] {processor.py:925} INFO - DAG(s) 'orders_kafka_to_s3' retrieved from /opt/airflow/dags/main.py
[2026-04-29T21:32:45.421+0000] {logging_mixin.py:190} INFO - [2026-04-29T21:32:45.420+0000] {dag.py:3239} INFO - Sync 1 DAGs
[2026-04-29T21:32:45.475+0000] {logging_mixin.py:190} INFO - [2026-04-29T21:32:45.475+0000] {dag.py:4180} INFO - Setting next_dagrun for orders_kafka_to_s3 to 2026-04-29 00:00:00+00:00, run_after=2026-04-30 00:00:00+00:00
[2026-04-29T21:32:45.521+0000] {processor.py:208} INFO - Processing /opt/airflow/dags/main.py took 0.882 seconds
[2026-04-29T21:33:16.227+0000] {processor.py:186} INFO - Started process (PID=447) to work on /opt/airflow/dags/main.py
[2026-04-29T21:33:16.230+0000] {processor.py:914} INFO - Processing file /opt/airflow/dags/main.py for tasks to queue
[2026-04-29T21:33:16.236+0000] {logging_mixin.py:190} INFO - [2026-04-29T21:33:16.235+0000] {dagbag.py:588} INFO - Filling up the DagBag from /opt/airflow/dags/main.py
[2026-04-29T21:33:16.931+0000] {processor.py:925} INFO - DAG(s) 'orders_kafka_to_s3' retrieved from /opt/airflow/dags/main.py
[2026-04-29T21:33:16.988+0000] {logging_mixin.py:190} INFO - [2026-04-29T21:33:16.987+0000] {dag.py:3239} INFO - Sync 1 DAGs
[2026-04-29T21:33:17.053+0000] {logging_mixin.py:190} INFO - [2026-04-29T21:33:17.052+0000] {dag.py:4180} INFO - Setting next_dagrun for orders_kafka_to_s3 to 2026-04-29 00:00:00+00:00, run_after=2026-04-30 00:00:00+00:00
[2026-04-29T21:33:17.111+0000] {processor.py:208} INFO - Processing /opt/airflow/dags/main.py took 0.901 seconds
[2026-04-29T21:33:47.844+0000] {processor.py:186} INFO - Started process (PID=460) to work on /opt/airflow/dags/main.py
[2026-04-29T21:33:47.846+0000] {processor.py:914} INFO - Processing file /opt/airflow/dags/main.py for tasks to queue
[2026-04-29T21:33:47.850+0000] {logging_mixin.py:190} INFO - [2026-04-29T21:33:47.849+0000] {dagbag.py:588} INFO - Filling up the DagBag from /opt/airflow/dags/main.py
[2026-04-29T21:33:48.266+0000] {processor.py:925} INFO - DAG(s) 'orders_kafka_to_s3' retrieved from /opt/airflow/dags/main.py
[2026-04-29T21:33:48.320+0000] {logging_mixin.py:190} INFO - [2026-04-29T21:33:48.319+0000] {dag.py:3239} INFO - Sync 1 DAGs
[2026-04-29T21:33:48.376+0000] {logging_mixin.py:190} INFO - [2026-04-29T21:33:48.376+0000] {dag.py:4180} INFO - Setting next_dagrun for orders_kafka_to_s3 to 2026-04-29 00:00:00+00:00, run_after=2026-04-30 00:00:00+00:00
[2026-04-29T21:33:48.417+0000] {processor.py:208} INFO - Processing /opt/airflow/dags/main.py took 0.584 seconds
[2026-04-29T21:34:18.647+0000] {processor.py:186} INFO - Started process (PID=466) to work on /opt/airflow/dags/main.py
[2026-04-29T21:34:18.651+0000] {processor.py:914} INFO - Processing file /opt/airflow/dags/main.py for tasks to queue
[2026-04-29T21:34:18.663+0000] {logging_mixin.py:190} INFO - [2026-04-29T21:34:18.661+0000] {dagbag.py:588} INFO - Filling up the DagBag from /opt/airflow/dags/main.py
[2026-04-29T21:34:19.027+0000] {processor.py:925} INFO - DAG(s) 'orders_kafka_to_s3' retrieved from /opt/airflow/dags/main.py
[2026-04-29T21:34:19.095+0000] {logging_mixin.py:190} INFO - [2026-04-29T21:34:19.094+0000] {dag.py:3239} INFO - Sync 1 DAGs
[2026-04-29T21:34:19.458+0000] {logging_mixin.py:190} INFO - [2026-04-29T21:34:19.458+0000] {dag.py:4180} INFO - Setting next_dagrun for orders_kafka_to_s3 to 2026-04-29 00:00:00+00:00, run_after=2026-04-30 00:00:00+00:00
[2026-04-29T21:34:19.505+0000] {processor.py:208} INFO - Processing /opt/airflow/dags/main.py took 0.888 seconds
[2026-04-29T21:34:49.792+0000] {processor.py:186} INFO - Started process (PID=473) to work on /opt/airflow/dags/main.py
[2026-04-29T21:34:49.797+0000] {processor.py:914} INFO - Processing file /opt/airflow/dags/main.py for tasks to queue
[2026-04-29T21:34:49.810+0000] {logging_mixin.py:190} INFO - [2026-04-29T21:34:49.808+0000] {dagbag.py:588} INFO - Filling up the DagBag from /opt/airflow/dags/main.py
[2026-04-29T21:34:50.263+0000] {processor.py:925} INFO - DAG(s) 'orders_kafka_to_s3' retrieved from /opt/airflow/dags/main.py
[2026-04-29T21:34:50.662+0000] {logging_mixin.py:190} INFO - [2026-04-29T21:34:50.662+0000] {dag.py:3239} INFO - Sync 1 DAGs
[2026-04-29T21:34:50.731+0000] {logging_mixin.py:190} INFO - [2026-04-29T21:34:50.730+0000] {dag.py:4180} INFO - Setting next_dagrun for orders_kafka_to_s3 to 2026-04-29 00:00:00+00:00, run_after=2026-04-30 00:00:00+00:00
[2026-04-29T21:34:50.787+0000] {processor.py:208} INFO - Processing /opt/airflow/dags/main.py took 1.037 seconds
[2026-04-29T21:35:21.474+0000] {processor.py:186} INFO - Started process (PID=480) to work on /opt/airflow/dags/main.py
[2026-04-29T21:35:21.480+0000] {processor.py:914} INFO - Processing file /opt/airflow/dags/main.py for tasks to queue
[2026-04-29T21:35:21.497+0000] {logging_mixin.py:190} INFO - [2026-04-29T21:35:21.495+0000] {dagbag.py:588} INFO - Filling up the DagBag from /opt/airflow/dags/main.py
[2026-04-29T21:35:22.012+0000] {processor.py:925} INFO - DAG(s) 'orders_kafka_to_s3' retrieved from /opt/airflow/dags/main.py
[2026-04-29T21:35:22.350+0000] {logging_mixin.py:190} INFO - [2026-04-29T21:35:22.350+0000] {dag.py:3239} INFO - Sync 1 DAGs
[2026-04-29T21:35:22.390+0000] {logging_mixin.py:190} INFO - [2026-04-29T21:35:22.389+0000] {dag.py:4180} INFO - Setting next_dagrun for orders_kafka_to_s3 to 2026-04-29 00:00:00+00:00, run_after=2026-04-30 00:00:00+00:00
[2026-04-29T21:35:22.436+0000] {processor.py:208} INFO - Processing /opt/airflow/dags/main.py took 1.008 seconds
[2026-04-29T21:35:53.321+0000] {processor.py:186} INFO - Started process (PID=487) to work on /opt/airflow/dags/main.py
[2026-04-29T21:35:53.326+0000] {processor.py:914} INFO - Processing file /opt/airflow/dags/main.py for tasks to queue
[2026-04-29T21:35:53.341+0000] {logging_mixin.py:190} INFO - [2026-04-29T21:35:53.339+0000] {dagbag.py:588} INFO - Filling up the DagBag from /opt/airflow/dags/main.py
[2026-04-29T21:35:54.101+0000] {processor.py:925} INFO - DAG(s) 'orders_kafka_to_s3' retrieved from /opt/airflow/dags/main.py
[2026-04-29T21:35:54.174+0000] {logging_mixin.py:190} INFO - [2026-04-29T21:35:54.173+0000] {dag.py:3239} INFO - Sync 1 DAGs
[2026-04-29T21:35:54.273+0000] {logging_mixin.py:190} INFO - [2026-04-29T21:35:54.272+0000] {dag.py:4180} INFO - Setting next_dagrun for orders_kafka_to_s3 to 2026-04-29 00:00:00+00:00, run_after=2026-04-30 00:00:00+00:00
[2026-04-29T21:35:54.343+0000] {processor.py:208} INFO - Processing /opt/airflow/dags/main.py took 1.058 seconds
[2026-04-29T21:36:25.123+0000] {processor.py:186} INFO - Started process (PID=494) to work on /opt/airflow/dags/main.py
[2026-04-29T21:36:25.129+0000] {processor.py:914} INFO - Processing file /opt/airflow/dags/main.py for tasks to queue
[2026-04-29T21:36:25.143+0000] {logging_mixin.py:190} INFO - [2026-04-29T21:36:25.141+0000] {dagbag.py:588} INFO - Filling up the DagBag from /opt/airflow/dags/main.py
[2026-04-29T21:36:25.889+0000] {processor.py:925} INFO - DAG(s) 'orders_kafka_to_s3' retrieved from /opt/airflow/dags/main.py
[2026-04-29T21:36:25.943+0000] {logging_mixin.py:190} INFO - [2026-04-29T21:36:25.942+0000] {dag.py:3239} INFO - Sync 1 DAGs
[2026-04-29T21:36:26.002+0000] {logging_mixin.py:190} INFO - [2026-04-29T21:36:26.002+0000] {dag.py:4180} INFO - Setting next_dagrun for orders_kafka_to_s3 to 2026-04-29 00:00:00+00:00, run_after=2026-04-30 00:00:00+00:00
[2026-04-29T21:36:26.057+0000] {processor.py:208} INFO - Processing /opt/airflow/dags/main.py took 0.968 seconds
[2026-04-29T21:36:56.716+0000] {processor.py:186} INFO - Started process (PID=501) to work on /opt/airflow/dags/main.py
[2026-04-29T21:36:56.718+0000] {processor.py:914} INFO - Processing file /opt/airflow/dags/main.py for tasks to queue
[2026-04-29T21:36:56.729+0000] {logging_mixin.py:190} INFO - [2026-04-29T21:36:56.727+0000] {dagbag.py:588} INFO - Filling up the DagBag from /opt/airflow/dags/main.py
[2026-04-29T21:36:57.003+0000] {processor.py:925} INFO - DAG(s) 'orders_kafka_to_s3' retrieved from /opt/airflow/dags/main.py
[2026-04-29T21:36:57.079+0000] {logging_mixin.py:190} INFO - [2026-04-29T21:36:57.079+0000] {dag.py:3239} INFO - Sync 1 DAGs
[2026-04-29T21:36:59.172+0000] {logging_mixin.py:190} INFO - [2026-04-29T21:36:59.172+0000] {dag.py:4180} INFO - Setting next_dagrun for orders_kafka_to_s3 to 2026-04-29 00:00:00+00:00, run_after=2026-04-30 00:00:00+00:00
[2026-04-29T21:36:59.235+0000] {processor.py:208} INFO - Processing /opt/airflow/dags/main.py took 2.530 seconds
[2026-04-29T21:37:29.522+0000] {processor.py:186} INFO - Started process (PID=508) to work on /opt/airflow/dags/main.py
[2026-04-29T21:37:29.525+0000] {processor.py:914} INFO - Processing file /opt/airflow/dags/main.py for tasks to queue
[2026-04-29T21:37:29.534+0000] {logging_mixin.py:190} INFO - [2026-04-29T21:37:29.533+0000] {dagbag.py:588} INFO - Filling up the DagBag from /opt/airflow/dags/main.py
[2026-04-29T21:37:30.151+0000] {processor.py:925} INFO - DAG(s) 'orders_kafka_to_s3' retrieved from /opt/airflow/dags/main.py
[2026-04-29T21:37:30.247+0000] {logging_mixin.py:190} INFO - [2026-04-29T21:37:30.246+0000] {dag.py:3239} INFO - Sync 1 DAGs
[2026-04-29T21:37:30.850+0000] {logging_mixin.py:190} INFO - [2026-04-29T21:37:30.849+0000] {dag.py:4180} INFO - Setting next_dagrun for orders_kafka_to_s3 to 2026-04-29 00:00:00+00:00, run_after=2026-04-30 00:00:00+00:00
[2026-04-29T21:37:30.902+0000] {processor.py:208} INFO - Processing /opt/airflow/dags/main.py took 1.402 seconds
[2026-04-29T21:40:24.808+0000] {processor.py:186} INFO - Started process (PID=65) to work on /opt/airflow/dags/main.py
[2026-04-29T21:40:24.810+0000] {processor.py:914} INFO - Processing file /opt/airflow/dags/main.py for tasks to queue
[2026-04-29T21:40:24.815+0000] {logging_mixin.py:190} INFO - [2026-04-29T21:40:24.814+0000] {dagbag.py:588} INFO - Filling up the DagBag from /opt/airflow/dags/main.py
[2026-04-29T21:40:26.052+0000] {processor.py:925} INFO - DAG(s) 'orders_kafka_to_s3' retrieved from /opt/airflow/dags/main.py
[2026-04-29T21:40:26.149+0000] {logging_mixin.py:190} INFO - [2026-04-29T21:40:26.149+0000] {dag.py:3239} INFO - Sync 1 DAGs
[2026-04-29T21:40:26.240+0000] {logging_mixin.py:190} INFO - [2026-04-29T21:40:26.239+0000] {dag.py:4180} INFO - Setting next_dagrun for orders_kafka_to_s3 to 2026-04-29 00:00:00+00:00, run_after=2026-04-30 00:00:00+00:00
[2026-04-29T21:40:26.301+0000] {processor.py:208} INFO - Processing /opt/airflow/dags/main.py took 1.557 seconds
[2026-04-29T21:40:56.964+0000] {processor.py:186} INFO - Started process (PID=72) to work on /opt/airflow/dags/main.py
[2026-04-29T21:40:56.981+0000] {processor.py:914} INFO - Processing file /opt/airflow/dags/main.py for tasks to queue
[2026-04-29T21:40:57.019+0000] {logging_mixin.py:190} INFO - [2026-04-29T21:40:57.017+0000] {dagbag.py:588} INFO - Filling up the DagBag from /opt/airflow/dags/main.py
[2026-04-29T21:40:57.568+0000] {processor.py:925} INFO - DAG(s) 'orders_kafka_to_s3' retrieved from /opt/airflow/dags/main.py
[2026-04-29T21:40:57.634+0000] {logging_mixin.py:190} INFO - [2026-04-29T21:40:57.634+0000] {dag.py:3239} INFO - Sync 1 DAGs
[2026-04-29T21:40:57.690+0000] {logging_mixin.py:190} INFO - [2026-04-29T21:40:57.690+0000] {dag.py:4180} INFO - Setting next_dagrun for orders_kafka_to_s3 to 2026-04-29 00:00:00+00:00, run_after=2026-04-30 00:00:00+00:00
[2026-04-29T21:40:57.726+0000] {processor.py:208} INFO - Processing /opt/airflow/dags/main.py took 0.835 seconds
[2026-04-29T21:41:27.978+0000] {processor.py:186} INFO - Started process (PID=78) to work on /opt/airflow/dags/main.py
[2026-04-29T21:41:27.984+0000] {processor.py:914} INFO - Processing file /opt/airflow/dags/main.py for tasks to queue
[2026-04-29T21:41:28.000+0000] {logging_mixin.py:190} INFO - [2026-04-29T21:41:27.998+0000] {dagbag.py:588} INFO - Filling up the DagBag from /opt/airflow/dags/main.py
[2026-04-29T21:41:28.516+0000] {processor.py:925} INFO - DAG(s) 'orders_kafka_to_s3' retrieved from /opt/airflow/dags/main.py
[2026-04-29T21:41:28.620+0000] {logging_mixin.py:190} INFO - [2026-04-29T21:41:28.618+0000] {dag.py:3239} INFO - Sync 1 DAGs
[2026-04-29T21:41:28.786+0000] {logging_mixin.py:190} INFO - [2026-04-29T21:41:28.785+0000] {dag.py:4180} INFO - Setting next_dagrun for orders_kafka_to_s3 to 2026-04-29 00:00:00+00:00, run_after=2026-04-30 00:00:00+00:00
[2026-04-29T21:41:28.886+0000] {processor.py:208} INFO - Processing /opt/airflow/dags/main.py took 0.955 seconds
[2026-04-29T21:41:59.530+0000] {processor.py:186} INFO - Started process (PID=85) to work on /opt/airflow/dags/main.py
[2026-04-29T21:41:59.533+0000] {processor.py:914} INFO - Processing file /opt/airflow/dags/main.py for tasks to queue
[2026-04-29T21:41:59.539+0000] {logging_mixin.py:190} INFO - [2026-04-29T21:41:59.539+0000] {dagbag.py:588} INFO - Filling up the DagBag from /opt/airflow/dags/main.py
[2026-04-29T21:41:59.763+0000] {processor.py:925} INFO - DAG(s) 'orders_kafka_to_s3' retrieved from /opt/airflow/dags/main.py
[2026-04-29T21:41:59.815+0000] {logging_mixin.py:190} INFO - [2026-04-29T21:41:59.815+0000] {dag.py:3239} INFO - Sync 1 DAGs
[2026-04-29T21:41:59.872+0000] {logging_mixin.py:190} INFO - [2026-04-29T21:41:59.871+0000] {dag.py:4180} INFO - Setting next_dagrun for orders_kafka_to_s3 to 2026-04-29 00:00:00+00:00, run_after=2026-04-30 00:00:00+00:00
[2026-04-29T21:41:59.908+0000] {processor.py:208} INFO - Processing /opt/airflow/dags/main.py took 0.396 seconds
[2026-04-29T21:42:30.186+0000] {processor.py:186} INFO - Started process (PID=92) to work on /opt/airflow/dags/main.py
[2026-04-29T21:42:30.192+0000] {processor.py:914} INFO - Processing file /opt/airflow/dags/main.py for tasks to queue
[2026-04-29T21:42:30.211+0000] {logging_mixin.py:190} INFO - [2026-04-29T21:42:30.210+0000] {dagbag.py:588} INFO - Filling up the DagBag from /opt/airflow/dags/main.py
[2026-04-29T21:42:30.604+0000] {processor.py:925} INFO - DAG(s) 'orders_kafka_to_s3' retrieved from /opt/airflow/dags/main.py
[2026-04-29T21:42:30.700+0000] {logging_mixin.py:190} INFO - [2026-04-29T21:42:30.699+0000] {dag.py:3239} INFO - Sync 1 DAGs
[2026-04-29T21:42:30.823+0000] {logging_mixin.py:190} INFO - [2026-04-29T21:42:30.822+0000] {dag.py:4180} INFO - Setting next_dagrun for orders_kafka_to_s3 to 2026-04-29 00:00:00+00:00, run_after=2026-04-30 00:00:00+00:00
[2026-04-29T21:42:30.885+0000] {processor.py:208} INFO - Processing /opt/airflow/dags/main.py took 0.733 seconds
[2026-04-29T21:43:01.068+0000] {processor.py:186} INFO - Started process (PID=99) to work on /opt/airflow/dags/main.py
[2026-04-29T21:43:01.070+0000] {processor.py:914} INFO - Processing file /opt/airflow/dags/main.py for tasks to queue
[2026-04-29T21:43:01.073+0000] {logging_mixin.py:190} INFO - [2026-04-29T21:43:01.072+0000] {dagbag.py:588} INFO - Filling up the DagBag from /opt/airflow/dags/main.py
[2026-04-29T21:43:01.235+0000] {processor.py:925} INFO - DAG(s) 'orders_kafka_to_s3' retrieved from /opt/airflow/dags/main.py
[2026-04-29T21:43:01.275+0000] {logging_mixin.py:190} INFO - [2026-04-29T21:43:01.274+0000] {dag.py:3239} INFO - Sync 1 DAGs
[2026-04-29T21:43:01.304+0000] {logging_mixin.py:190} INFO - [2026-04-29T21:43:01.304+0000] {dag.py:4180} INFO - Setting next_dagrun for orders_kafka_to_s3 to 2026-04-29 00:00:00+00:00, run_after=2026-04-30 00:00:00+00:00
[2026-04-29T21:43:01.329+0000] {processor.py:208} INFO - Processing /opt/airflow/dags/main.py took 0.279 seconds
[2026-04-29T21:43:31.519+0000] {processor.py:186} INFO - Started process (PID=106) to work on /opt/airflow/dags/main.py
[2026-04-29T21:43:31.522+0000] {processor.py:914} INFO - Processing file /opt/airflow/dags/main.py for tasks to queue
[2026-04-29T21:43:31.528+0000] {logging_mixin.py:190} INFO - [2026-04-29T21:43:31.528+0000] {dagbag.py:588} INFO - Filling up the DagBag from /opt/airflow/dags/main.py
[2026-04-29T21:43:31.789+0000] {processor.py:925} INFO - DAG(s) 'orders_kafka_to_s3' retrieved from /opt/airflow/dags/main.py
[2026-04-29T21:43:31.900+0000] {logging_mixin.py:190} INFO - [2026-04-29T21:43:31.900+0000] {dag.py:3239} INFO - Sync 1 DAGs
[2026-04-29T21:43:31.995+0000] {logging_mixin.py:190} INFO - [2026-04-29T21:43:31.994+0000] {dag.py:4180} INFO - Setting next_dagrun for orders_kafka_to_s3 to 2026-04-29 00:00:00+00:00, run_after=2026-04-30 00:00:00+00:00
[2026-04-29T21:43:32.053+0000] {processor.py:208} INFO - Processing /opt/airflow/dags/main.py took 0.553 seconds
[2026-04-29T21:44:02.361+0000] {processor.py:186} INFO - Started process (PID=113) to work on /opt/airflow/dags/main.py
[2026-04-29T21:44:02.365+0000] {processor.py:914} INFO - Processing file /opt/airflow/dags/main.py for tasks to queue
[2026-04-29T21:44:02.372+0000] {logging_mixin.py:190} INFO - [2026-04-29T21:44:02.371+0000] {dagbag.py:588} INFO - Filling up the DagBag from /opt/airflow/dags/main.py
[2026-04-29T21:44:02.897+0000] {processor.py:925} INFO - DAG(s) 'orders_kafka_to_s3' retrieved from /opt/airflow/dags/main.py
[2026-04-29T21:44:02.972+0000] {logging_mixin.py:190} INFO - [2026-04-29T21:44:02.972+0000] {dag.py:3239} INFO - Sync 1 DAGs
[2026-04-29T21:44:03.072+0000] {logging_mixin.py:190} INFO - [2026-04-29T21:44:03.070+0000] {dag.py:4180} INFO - Setting next_dagrun for orders_kafka_to_s3 to 2026-04-29 00:00:00+00:00, run_after=2026-04-30 00:00:00+00:00
[2026-04-29T21:44:03.160+0000] {processor.py:208} INFO - Processing /opt/airflow/dags/main.py took 0.835 seconds
[2026-04-29T21:44:33.527+0000] {processor.py:186} INFO - Started process (PID=120) to work on /opt/airflow/dags/main.py
[2026-04-29T21:44:33.530+0000] {processor.py:914} INFO - Processing file /opt/airflow/dags/main.py for tasks to queue
[2026-04-29T21:44:33.539+0000] {logging_mixin.py:190} INFO - [2026-04-29T21:44:33.538+0000] {dagbag.py:588} INFO - Filling up the DagBag from /opt/airflow/dags/main.py
[2026-04-29T21:44:33.765+0000] {processor.py:925} INFO - DAG(s) 'orders_kafka_to_s3' retrieved from /opt/airflow/dags/main.py
[2026-04-29T21:44:33.822+0000] {logging_mixin.py:190} INFO - [2026-04-29T21:44:33.822+0000] {dag.py:3239} INFO - Sync 1 DAGs
[2026-04-29T21:44:33.876+0000] {logging_mixin.py:190} INFO - [2026-04-29T21:44:33.876+0000] {dag.py:4180} INFO - Setting next_dagrun for orders_kafka_to_s3 to 2026-04-29 00:00:00+00:00, run_after=2026-04-30 00:00:00+00:00
[2026-04-29T21:44:34.361+0000] {processor.py:208} INFO - Processing /opt/airflow/dags/main.py took 0.846 seconds
[2026-04-29T21:45:04.726+0000] {processor.py:186} INFO - Started process (PID=127) to work on /opt/airflow/dags/main.py
[2026-04-29T21:45:04.727+0000] {processor.py:914} INFO - Processing file /opt/airflow/dags/main.py for tasks to queue
[2026-04-29T21:45:04.731+0000] {logging_mixin.py:190} INFO - [2026-04-29T21:45:04.731+0000] {dagbag.py:588} INFO - Filling up the DagBag from /opt/airflow/dags/main.py
[2026-04-29T21:45:04.880+0000] {processor.py:925} INFO - DAG(s) 'orders_kafka_to_s3' retrieved from /opt/airflow/dags/main.py
[2026-04-29T21:45:04.914+0000] {logging_mixin.py:190} INFO - [2026-04-29T21:45:04.914+0000] {dag.py:3239} INFO - Sync 1 DAGs
[2026-04-29T21:45:05.159+0000] {logging_mixin.py:190} INFO - [2026-04-29T21:45:05.159+0000] {dag.py:4180} INFO - Setting next_dagrun for orders_kafka_to_s3 to 2026-04-29 00:00:00+00:00, run_after=2026-04-30 00:00:00+00:00
[2026-04-29T21:45:05.182+0000] {processor.py:208} INFO - Processing /opt/airflow/dags/main.py took 0.463 seconds
[2026-04-29T21:45:35.590+0000] {processor.py:186} INFO - Started process (PID=134) to work on /opt/airflow/dags/main.py
[2026-04-29T21:45:35.591+0000] {processor.py:914} INFO - Processing file /opt/airflow/dags/main.py for tasks to queue
[2026-04-29T21:45:35.594+0000] {logging_mixin.py:190} INFO - [2026-04-29T21:45:35.594+0000] {dagbag.py:588} INFO - Filling up the DagBag from /opt/airflow/dags/main.py
[2026-04-29T21:45:35.726+0000] {processor.py:925} INFO - DAG(s) 'orders_kafka_to_s3' retrieved from /opt/airflow/dags/main.py
[2026-04-29T21:45:35.766+0000] {logging_mixin.py:190} INFO - [2026-04-29T21:45:35.766+0000] {dag.py:3239} INFO - Sync 1 DAGs
[2026-04-29T21:45:35.961+0000] {logging_mixin.py:190} INFO - [2026-04-29T21:45:35.960+0000] {dag.py:4180} INFO - Setting next_dagrun for orders_kafka_to_s3 to 2026-04-29 00:00:00+00:00, run_after=2026-04-30 00:00:00+00:00
[2026-04-29T21:45:35.981+0000] {processor.py:208} INFO - Processing /opt/airflow/dags/main.py took 0.397 seconds
[2026-04-29T21:46:06.326+0000] {processor.py:186} INFO - Started process (PID=141) to work on /opt/airflow/dags/main.py
[2026-04-29T21:46:06.328+0000] {processor.py:914} INFO - Processing file /opt/airflow/dags/main.py for tasks to queue
[2026-04-29T21:46:06.332+0000] {logging_mixin.py:190} INFO - [2026-04-29T21:46:06.331+0000] {dagbag.py:588} INFO - Filling up the DagBag from /opt/airflow/dags/main.py
[2026-04-29T21:46:06.533+0000] {processor.py:925} INFO - DAG(s) 'orders_kafka_to_s3' retrieved from /opt/airflow/dags/main.py
[2026-04-29T21:46:06.841+0000] {logging_mixin.py:190} INFO - [2026-04-29T21:46:06.841+0000] {dag.py:3239} INFO - Sync 1 DAGs
[2026-04-29T21:46:06.873+0000] {logging_mixin.py:190} INFO - [2026-04-29T21:46:06.872+0000] {dag.py:4180} INFO - Setting next_dagrun for orders_kafka_to_s3 to 2026-04-29 00:00:00+00:00, run_after=2026-04-30 00:00:00+00:00
[2026-04-29T21:46:06.899+0000] {processor.py:208} INFO - Processing /opt/airflow/dags/main.py took 0.586 seconds
[2026-04-29T21:46:37.234+0000] {processor.py:186} INFO - Started process (PID=148) to work on /opt/airflow/dags/main.py
[2026-04-29T21:46:37.236+0000] {processor.py:914} INFO - Processing file /opt/airflow/dags/main.py for tasks to queue
[2026-04-29T21:46:37.239+0000] {logging_mixin.py:190} INFO - [2026-04-29T21:46:37.238+0000] {dagbag.py:588} INFO - Filling up the DagBag from /opt/airflow/dags/main.py
[2026-04-29T21:46:37.583+0000] {processor.py:925} INFO - DAG(s) 'orders_kafka_to_s3' retrieved from /opt/airflow/dags/main.py
[2026-04-29T21:46:37.610+0000] {logging_mixin.py:190} INFO - [2026-04-29T21:46:37.610+0000] {dag.py:3239} INFO - Sync 1 DAGs
[2026-04-29T21:46:37.642+0000] {logging_mixin.py:190} INFO - [2026-04-29T21:46:37.642+0000] {dag.py:4180} INFO - Setting next_dagrun for orders_kafka_to_s3 to 2026-04-29 00:00:00+00:00, run_after=2026-04-30 00:00:00+00:00
[2026-04-29T21:46:37.669+0000] {processor.py:208} INFO - Processing /opt/airflow/dags/main.py took 0.442 seconds
[2026-04-29T21:47:08.066+0000] {processor.py:186} INFO - Started process (PID=155) to work on /opt/airflow/dags/main.py
[2026-04-29T21:47:08.068+0000] {processor.py:914} INFO - Processing file /opt/airflow/dags/main.py for tasks to queue
[2026-04-29T21:47:08.071+0000] {logging_mixin.py:190} INFO - [2026-04-29T21:47:08.071+0000] {dagbag.py:588} INFO - Filling up the DagBag from /opt/airflow/dags/main.py
[2026-04-29T21:47:08.390+0000] {processor.py:925} INFO - DAG(s) 'orders_kafka_to_s3' retrieved from /opt/airflow/dags/main.py
[2026-04-29T21:47:08.422+0000] {logging_mixin.py:190} INFO - [2026-04-29T21:47:08.422+0000] {dag.py:3239} INFO - Sync 1 DAGs
[2026-04-29T21:47:08.452+0000] {logging_mixin.py:190} INFO - [2026-04-29T21:47:08.451+0000] {dag.py:4180} INFO - Setting next_dagrun for orders_kafka_to_s3 to 2026-04-29 00:00:00+00:00, run_after=2026-04-30 00:00:00+00:00
[2026-04-29T21:47:08.482+0000] {processor.py:208} INFO - Processing /opt/airflow/dags/main.py took 0.425 seconds
[2026-04-29T21:47:39.086+0000] {processor.py:186} INFO - Started process (PID=161) to work on /opt/airflow/dags/main.py
[2026-04-29T21:47:39.087+0000] {processor.py:914} INFO - Processing file /opt/airflow/dags/main.py for tasks to queue
[2026-04-29T21:47:39.090+0000] {logging_mixin.py:190} INFO - [2026-04-29T21:47:39.090+0000] {dagbag.py:588} INFO - Filling up the DagBag from /opt/airflow/dags/main.py
[2026-04-29T21:47:39.219+0000] {processor.py:925} INFO - DAG(s) 'orders_kafka_to_s3' retrieved from /opt/airflow/dags/main.py
[2026-04-29T21:47:39.247+0000] {logging_mixin.py:190} INFO - [2026-04-29T21:47:39.247+0000] {dag.py:3239} INFO - Sync 1 DAGs
[2026-04-29T21:47:39.276+0000] {logging_mixin.py:190} INFO - [2026-04-29T21:47:39.276+0000] {dag.py:4180} INFO - Setting next_dagrun for orders_kafka_to_s3 to 2026-04-29 00:00:00+00:00, run_after=2026-04-30 00:00:00+00:00
[2026-04-29T21:47:39.479+0000] {processor.py:208} INFO - Processing /opt/airflow/dags/main.py took 0.400 seconds
[2026-04-29T21:48:09.694+0000] {processor.py:186} INFO - Started process (PID=168) to work on /opt/airflow/dags/main.py
[2026-04-29T21:48:09.695+0000] {processor.py:914} INFO - Processing file /opt/airflow/dags/main.py for tasks to queue
[2026-04-29T21:48:09.699+0000] {logging_mixin.py:190} INFO - [2026-04-29T21:48:09.698+0000] {dagbag.py:588} INFO - Filling up the DagBag from /opt/airflow/dags/main.py
[2026-04-29T21:48:09.853+0000] {processor.py:925} INFO - DAG(s) 'orders_kafka_to_s3' retrieved from /opt/airflow/dags/main.py
[2026-04-29T21:48:09.883+0000] {logging_mixin.py:190} INFO - [2026-04-29T21:48:09.883+0000] {dag.py:3239} INFO - Sync 1 DAGs
[2026-04-29T21:48:10.114+0000] {logging_mixin.py:190} INFO - [2026-04-29T21:48:10.114+0000] {dag.py:4180} INFO - Setting next_dagrun for orders_kafka_to_s3 to 2026-04-29 00:00:00+00:00, run_after=2026-04-30 00:00:00+00:00
[2026-04-29T21:48:10.140+0000] {processor.py:208} INFO - Processing /opt/airflow/dags/main.py took 0.454 seconds
[2026-04-29T21:48:40.497+0000] {processor.py:186} INFO - Started process (PID=175) to work on /opt/airflow/dags/main.py
[2026-04-29T21:48:40.499+0000] {processor.py:914} INFO - Processing file /opt/airflow/dags/main.py for tasks to queue
[2026-04-29T21:48:40.507+0000] {logging_mixin.py:190} INFO - [2026-04-29T21:48:40.506+0000] {dagbag.py:588} INFO - Filling up the DagBag from /opt/airflow/dags/main.py
[2026-04-29T21:48:40.717+0000] {processor.py:925} INFO - DAG(s) 'orders_kafka_to_s3' retrieved from /opt/airflow/dags/main.py
[2026-04-29T21:48:41.110+0000] {logging_mixin.py:190} INFO - [2026-04-29T21:48:41.109+0000] {dag.py:3239} INFO - Sync 1 DAGs
[2026-04-29T21:48:41.166+0000] {logging_mixin.py:190} INFO - [2026-04-29T21:48:41.166+0000] {dag.py:4180} INFO - Setting next_dagrun for orders_kafka_to_s3 to 2026-04-29 00:00:00+00:00, run_after=2026-04-30 00:00:00+00:00
[2026-04-29T21:48:41.203+0000] {processor.py:208} INFO - Processing /opt/airflow/dags/main.py took 0.724 seconds
[2026-04-29T21:49:12.229+0000] {processor.py:186} INFO - Started process (PID=182) to work on /opt/airflow/dags/main.py
[2026-04-29T21:49:12.232+0000] {processor.py:914} INFO - Processing file /opt/airflow/dags/main.py for tasks to queue
[2026-04-29T21:49:12.242+0000] {logging_mixin.py:190} INFO - [2026-04-29T21:49:12.240+0000] {dagbag.py:588} INFO - Filling up the DagBag from /opt/airflow/dags/main.py
[2026-04-29T21:49:12.469+0000] {processor.py:925} INFO - DAG(s) 'orders_kafka_to_s3' retrieved from /opt/airflow/dags/main.py
[2026-04-29T21:49:12.929+0000] {logging_mixin.py:190} INFO - [2026-04-29T21:49:12.929+0000] {dag.py:3239} INFO - Sync 1 DAGs
[2026-04-29T21:49:12.983+0000] {logging_mixin.py:190} INFO - [2026-04-29T21:49:12.983+0000] {dag.py:4180} INFO - Setting next_dagrun for orders_kafka_to_s3 to 2026-04-29 00:00:00+00:00, run_after=2026-04-30 00:00:00+00:00
[2026-04-29T21:49:13.026+0000] {processor.py:208} INFO - Processing /opt/airflow/dags/main.py took 0.818 seconds
[2026-04-29T21:49:43.403+0000] {processor.py:186} INFO - Started process (PID=189) to work on /opt/airflow/dags/main.py
[2026-04-29T21:49:43.404+0000] {processor.py:914} INFO - Processing file /opt/airflow/dags/main.py for tasks to queue
[2026-04-29T21:49:43.409+0000] {logging_mixin.py:190} INFO - [2026-04-29T21:49:43.409+0000] {dagbag.py:588} INFO - Filling up the DagBag from /opt/airflow/dags/main.py
[2026-04-29T21:49:43.862+0000] {processor.py:925} INFO - DAG(s) 'orders_kafka_to_s3' retrieved from /opt/airflow/dags/main.py
[2026-04-29T21:49:43.897+0000] {logging_mixin.py:190} INFO - [2026-04-29T21:49:43.897+0000] {dag.py:3239} INFO - Sync 1 DAGs
[2026-04-29T21:49:43.934+0000] {logging_mixin.py:190} INFO - [2026-04-29T21:49:43.934+0000] {dag.py:4180} INFO - Setting next_dagrun for orders_kafka_to_s3 to 2026-04-29 00:00:00+00:00, run_after=2026-04-30 00:00:00+00:00
[2026-04-29T21:49:43.962+0000] {processor.py:208} INFO - Processing /opt/airflow/dags/main.py took 0.569 seconds
[2026-04-29T21:50:14.273+0000] {processor.py:186} INFO - Started process (PID=195) to work on /opt/airflow/dags/main.py
[2026-04-29T21:50:14.275+0000] {processor.py:914} INFO - Processing file /opt/airflow/dags/main.py for tasks to queue
[2026-04-29T21:50:14.278+0000] {logging_mixin.py:190} INFO - [2026-04-29T21:50:14.278+0000] {dagbag.py:588} INFO - Filling up the DagBag from /opt/airflow/dags/main.py
[2026-04-29T21:50:14.690+0000] {processor.py:925} INFO - DAG(s) 'orders_kafka_to_s3' retrieved from /opt/airflow/dags/main.py
[2026-04-29T21:50:14.732+0000] {logging_mixin.py:190} INFO - [2026-04-29T21:50:14.731+0000] {dag.py:3239} INFO - Sync 1 DAGs
[2026-04-29T21:50:14.770+0000] {logging_mixin.py:190} INFO - [2026-04-29T21:50:14.769+0000] {dag.py:4180} INFO - Setting next_dagrun for orders_kafka_to_s3 to 2026-04-29 00:00:00+00:00, run_after=2026-04-30 00:00:00+00:00
[2026-04-29T21:50:14.804+0000] {processor.py:208} INFO - Processing /opt/airflow/dags/main.py took 0.541 seconds
[2026-04-29T21:50:45.275+0000] {processor.py:186} INFO - Started process (PID=202) to work on /opt/airflow/dags/main.py
[2026-04-29T21:50:45.281+0000] {processor.py:914} INFO - Processing file /opt/airflow/dags/main.py for tasks to queue
[2026-04-29T21:50:45.289+0000] {logging_mixin.py:190} INFO - [2026-04-29T21:50:45.288+0000] {dagbag.py:588} INFO - Filling up the DagBag from /opt/airflow/dags/main.py
[2026-04-29T21:50:45.686+0000] {processor.py:925} INFO - DAG(s) 'orders_kafka_to_s3' retrieved from /opt/airflow/dags/main.py
[2026-04-29T21:50:45.744+0000] {logging_mixin.py:190} INFO - [2026-04-29T21:50:45.744+0000] {dag.py:3239} INFO - Sync 1 DAGs
[2026-04-29T21:50:46.209+0000] {logging_mixin.py:190} INFO - [2026-04-29T21:50:46.208+0000] {dag.py:4180} INFO - Setting next_dagrun for orders_kafka_to_s3 to 2026-04-29 00:00:00+00:00, run_after=2026-04-30 00:00:00+00:00
[2026-04-29T21:50:46.269+0000] {processor.py:208} INFO - Processing /opt/airflow/dags/main.py took 1.041 seconds
[2026-04-29T21:51:16.637+0000] {processor.py:186} INFO - Started process (PID=209) to work on /opt/airflow/dags/main.py
[2026-04-29T21:51:16.643+0000] {processor.py:914} INFO - Processing file /opt/airflow/dags/main.py for tasks to queue
[2026-04-29T21:51:16.650+0000] {logging_mixin.py:190} INFO - [2026-04-29T21:51:16.649+0000] {dagbag.py:588} INFO - Filling up the DagBag from /opt/airflow/dags/main.py
[2026-04-29T21:51:16.920+0000] {processor.py:925} INFO - DAG(s) 'orders_kafka_to_s3' retrieved from /opt/airflow/dags/main.py
[2026-04-29T21:51:16.979+0000] {logging_mixin.py:190} INFO - [2026-04-29T21:51:16.978+0000] {dag.py:3239} INFO - Sync 1 DAGs
[2026-04-29T21:51:17.496+0000] {logging_mixin.py:190} INFO - [2026-04-29T21:51:17.496+0000] {dag.py:4180} INFO - Setting next_dagrun for orders_kafka_to_s3 to 2026-04-29 00:00:00+00:00, run_after=2026-04-30 00:00:00+00:00
[2026-04-29T21:51:17.536+0000] {processor.py:208} INFO - Processing /opt/airflow/dags/main.py took 0.915 seconds
[2026-04-29T21:51:47.952+0000] {processor.py:186} INFO - Started process (PID=216) to work on /opt/airflow/dags/main.py
[2026-04-29T21:51:47.954+0000] {processor.py:914} INFO - Processing file /opt/airflow/dags/main.py for tasks to queue
[2026-04-29T21:51:47.960+0000] {logging_mixin.py:190} INFO - [2026-04-29T21:51:47.960+0000] {dagbag.py:588} INFO - Filling up the DagBag from /opt/airflow/dags/main.py
[2026-04-29T21:51:48.224+0000] {processor.py:925} INFO - DAG(s) 'orders_kafka_to_s3' retrieved from /opt/airflow/dags/main.py
[2026-04-29T21:51:48.694+0000] {logging_mixin.py:190} INFO - [2026-04-29T21:51:48.693+0000] {dag.py:3239} INFO - Sync 1 DAGs
[2026-04-29T21:51:48.813+0000] {logging_mixin.py:190} INFO - [2026-04-29T21:51:48.812+0000] {dag.py:4180} INFO - Setting next_dagrun for orders_kafka_to_s3 to 2026-04-29 00:00:00+00:00, run_after=2026-04-30 00:00:00+00:00
[2026-04-29T21:51:48.911+0000] {processor.py:208} INFO - Processing /opt/airflow/dags/main.py took 0.971 seconds
[2026-04-29T21:52:19.253+0000] {processor.py:186} INFO - Started process (PID=229) to work on /opt/airflow/dags/main.py
[2026-04-29T21:52:19.255+0000] {processor.py:914} INFO - Processing file /opt/airflow/dags/main.py for tasks to queue
[2026-04-29T21:52:19.260+0000] {logging_mixin.py:190} INFO - [2026-04-29T21:52:19.259+0000] {dagbag.py:588} INFO - Filling up the DagBag from /opt/airflow/dags/main.py
[2026-04-29T21:52:19.559+0000] {processor.py:925} INFO - DAG(s) 'orders_kafka_to_s3' retrieved from /opt/airflow/dags/main.py
[2026-04-29T21:52:20.372+0000] {logging_mixin.py:190} INFO - [2026-04-29T21:52:20.372+0000] {dag.py:3239} INFO - Sync 1 DAGs
[2026-04-29T21:52:20.511+0000] {logging_mixin.py:190} INFO - [2026-04-29T21:52:20.511+0000] {dag.py:4180} INFO - Setting next_dagrun for orders_kafka_to_s3 to 2026-04-29 00:00:00+00:00, run_after=2026-04-30 00:00:00+00:00
[2026-04-29T21:52:20.552+0000] {processor.py:208} INFO - Processing /opt/airflow/dags/main.py took 1.309 seconds
[2026-04-29T21:52:51.228+0000] {processor.py:186} INFO - Started process (PID=236) to work on /opt/airflow/dags/main.py
[2026-04-29T21:52:51.278+0000] {processor.py:914} INFO - Processing file /opt/airflow/dags/main.py for tasks to queue
[2026-04-29T21:52:51.351+0000] {logging_mixin.py:190} INFO - [2026-04-29T21:52:51.345+0000] {dagbag.py:588} INFO - Filling up the DagBag from /opt/airflow/dags/main.py
[2026-04-29T21:52:52.293+0000] {processor.py:925} INFO - DAG(s) 'orders_kafka_to_s3' retrieved from /opt/airflow/dags/main.py
[2026-04-29T21:52:52.410+0000] {logging_mixin.py:190} INFO - [2026-04-29T21:52:52.410+0000] {dag.py:3239} INFO - Sync 1 DAGs
[2026-04-29T21:52:52.638+0000] {logging_mixin.py:190} INFO - [2026-04-29T21:52:52.638+0000] {dag.py:4180} INFO - Setting next_dagrun for orders_kafka_to_s3 to 2026-04-29 00:00:00+00:00, run_after=2026-04-30 00:00:00+00:00
[2026-04-29T21:52:52.692+0000] {processor.py:208} INFO - Processing /opt/airflow/dags/main.py took 1.520 seconds
[2026-04-29T21:53:23.040+0000] {processor.py:186} INFO - Started process (PID=243) to work on /opt/airflow/dags/main.py
[2026-04-29T21:53:23.042+0000] {processor.py:914} INFO - Processing file /opt/airflow/dags/main.py for tasks to queue
[2026-04-29T21:53:23.047+0000] {logging_mixin.py:190} INFO - [2026-04-29T21:53:23.046+0000] {dagbag.py:588} INFO - Filling up the DagBag from /opt/airflow/dags/main.py
[2026-04-29T21:53:23.744+0000] {processor.py:925} INFO - DAG(s) 'orders_kafka_to_s3' retrieved from /opt/airflow/dags/main.py
[2026-04-29T21:53:23.788+0000] {logging_mixin.py:190} INFO - [2026-04-29T21:53:23.788+0000] {dag.py:3239} INFO - Sync 1 DAGs
[2026-04-29T21:53:23.825+0000] {logging_mixin.py:190} INFO - [2026-04-29T21:53:23.824+0000] {dag.py:4180} INFO - Setting next_dagrun for orders_kafka_to_s3 to 2026-04-29 00:00:00+00:00, run_after=2026-04-30 00:00:00+00:00
[2026-04-29T21:53:23.855+0000] {processor.py:208} INFO - Processing /opt/airflow/dags/main.py took 0.828 seconds
[2026-04-29T21:53:54.271+0000] {processor.py:186} INFO - Started process (PID=249) to work on /opt/airflow/dags/main.py
[2026-04-29T21:53:54.273+0000] {processor.py:914} INFO - Processing file /opt/airflow/dags/main.py for tasks to queue
[2026-04-29T21:53:54.278+0000] {logging_mixin.py:190} INFO - [2026-04-29T21:53:54.277+0000] {dagbag.py:588} INFO - Filling up the DagBag from /opt/airflow/dags/main.py
[2026-04-29T21:53:54.471+0000] {processor.py:925} INFO - DAG(s) 'orders_kafka_to_s3' retrieved from /opt/airflow/dags/main.py
[2026-04-29T21:53:54.509+0000] {logging_mixin.py:190} INFO - [2026-04-29T21:53:54.508+0000] {dag.py:3239} INFO - Sync 1 DAGs
[2026-04-29T21:53:54.806+0000] {logging_mixin.py:190} INFO - [2026-04-29T21:53:54.805+0000] {dag.py:4180} INFO - Setting next_dagrun for orders_kafka_to_s3 to 2026-04-29 00:00:00+00:00, run_after=2026-04-30 00:00:00+00:00
[2026-04-29T21:53:54.830+0000] {processor.py:208} INFO - Processing /opt/airflow/dags/main.py took 0.582 seconds
[2026-04-29T21:54:25.374+0000] {processor.py:186} INFO - Started process (PID=256) to work on /opt/airflow/dags/main.py
[2026-04-29T21:54:25.376+0000] {processor.py:914} INFO - Processing file /opt/airflow/dags/main.py for tasks to queue
[2026-04-29T21:54:25.384+0000] {logging_mixin.py:190} INFO - [2026-04-29T21:54:25.383+0000] {dagbag.py:588} INFO - Filling up the DagBag from /opt/airflow/dags/main.py
[2026-04-29T21:54:25.706+0000] {processor.py:925} INFO - DAG(s) 'orders_kafka_to_s3' retrieved from /opt/airflow/dags/main.py
[2026-04-29T21:54:25.760+0000] {logging_mixin.py:190} INFO - [2026-04-29T21:54:25.760+0000] {dag.py:3239} INFO - Sync 1 DAGs
[2026-04-29T21:54:26.062+0000] {logging_mixin.py:190} INFO - [2026-04-29T21:54:26.061+0000] {dag.py:4180} INFO - Setting next_dagrun for orders_kafka_to_s3 to 2026-04-29 00:00:00+00:00, run_after=2026-04-30 00:00:00+00:00
[2026-04-29T21:54:26.116+0000] {processor.py:208} INFO - Processing /opt/airflow/dags/main.py took 0.762 seconds
[2026-04-29T21:54:56.292+0000] {processor.py:186} INFO - Started process (PID=263) to work on /opt/airflow/dags/main.py
[2026-04-29T21:54:56.294+0000] {processor.py:914} INFO - Processing file /opt/airflow/dags/main.py for tasks to queue
[2026-04-29T21:54:56.299+0000] {logging_mixin.py:190} INFO - [2026-04-29T21:54:56.298+0000] {dagbag.py:588} INFO - Filling up the DagBag from /opt/airflow/dags/main.py
[2026-04-29T21:54:56.483+0000] {processor.py:925} INFO - DAG(s) 'orders_kafka_to_s3' retrieved from /opt/airflow/dags/main.py
[2026-04-29T21:54:57.275+0000] {logging_mixin.py:190} INFO - [2026-04-29T21:54:57.274+0000] {dag.py:3239} INFO - Sync 1 DAGs
[2026-04-29T21:54:57.394+0000] {logging_mixin.py:190} INFO - [2026-04-29T21:54:57.393+0000] {dag.py:4180} INFO - Setting next_dagrun for orders_kafka_to_s3 to 2026-04-29 00:00:00+00:00, run_after=2026-04-30 00:00:00+00:00
[2026-04-29T21:54:57.496+0000] {processor.py:208} INFO - Processing /opt/airflow/dags/main.py took 1.214 seconds
[2026-04-29T21:55:27.677+0000] {processor.py:186} INFO - Started process (PID=270) to work on /opt/airflow/dags/main.py
[2026-04-29T21:55:27.680+0000] {processor.py:914} INFO - Processing file /opt/airflow/dags/main.py for tasks to queue
[2026-04-29T21:55:27.687+0000] {logging_mixin.py:190} INFO - [2026-04-29T21:55:27.686+0000] {dagbag.py:588} INFO - Filling up the DagBag from /opt/airflow/dags/main.py
[2026-04-29T21:55:27.916+0000] {processor.py:925} INFO - DAG(s) 'orders_kafka_to_s3' retrieved from /opt/airflow/dags/main.py
[2026-04-29T21:55:28.263+0000] {logging_mixin.py:190} INFO - [2026-04-29T21:55:28.263+0000] {dag.py:3239} INFO - Sync 1 DAGs
[2026-04-29T21:55:28.288+0000] {logging_mixin.py:190} INFO - [2026-04-29T21:55:28.287+0000] {dag.py:4180} INFO - Setting next_dagrun for orders_kafka_to_s3 to 2026-04-29 00:00:00+00:00, run_after=2026-04-30 00:00:00+00:00
[2026-04-29T21:55:28.312+0000] {processor.py:208} INFO - Processing /opt/airflow/dags/main.py took 0.648 seconds
[2026-04-29T21:55:58.717+0000] {processor.py:186} INFO - Started process (PID=277) to work on /opt/airflow/dags/main.py
[2026-04-29T21:55:58.719+0000] {processor.py:914} INFO - Processing file /opt/airflow/dags/main.py for tasks to queue
[2026-04-29T21:55:58.722+0000] {logging_mixin.py:190} INFO - [2026-04-29T21:55:58.721+0000] {dagbag.py:588} INFO - Filling up the DagBag from /opt/airflow/dags/main.py
[2026-04-29T21:55:59.167+0000] {processor.py:925} INFO - DAG(s) 'orders_kafka_to_s3' retrieved from /opt/airflow/dags/main.py
[2026-04-29T21:55:59.206+0000] {logging_mixin.py:190} INFO - [2026-04-29T21:55:59.206+0000] {dag.py:3239} INFO - Sync 1 DAGs
[2026-04-29T21:55:59.258+0000] {logging_mixin.py:190} INFO - [2026-04-29T21:55:59.257+0000] {dag.py:4180} INFO - Setting next_dagrun for orders_kafka_to_s3 to 2026-04-29 00:00:00+00:00, run_after=2026-04-30 00:00:00+00:00
[2026-04-29T21:55:59.284+0000] {processor.py:208} INFO - Processing /opt/airflow/dags/main.py took 0.576 seconds
[2026-04-29T21:56:29.665+0000] {processor.py:186} INFO - Started process (PID=284) to work on /opt/airflow/dags/main.py
[2026-04-29T21:56:29.666+0000] {processor.py:914} INFO - Processing file /opt/airflow/dags/main.py for tasks to queue
[2026-04-29T21:56:29.669+0000] {logging_mixin.py:190} INFO - [2026-04-29T21:56:29.669+0000] {dagbag.py:588} INFO - Filling up the DagBag from /opt/airflow/dags/main.py
[2026-04-29T21:56:29.987+0000] {processor.py:925} INFO - DAG(s) 'orders_kafka_to_s3' retrieved from /opt/airflow/dags/main.py
[2026-04-29T21:56:30.011+0000] {logging_mixin.py:190} INFO - [2026-04-29T21:56:30.011+0000] {dag.py:3239} INFO - Sync 1 DAGs
[2026-04-29T21:56:30.034+0000] {logging_mixin.py:190} INFO - [2026-04-29T21:56:30.034+0000] {dag.py:4180} INFO - Setting next_dagrun for orders_kafka_to_s3 to 2026-04-29 00:00:00+00:00, run_after=2026-04-30 00:00:00+00:00
[2026-04-29T21:56:30.057+0000] {processor.py:208} INFO - Processing /opt/airflow/dags/main.py took 0.400 seconds
[2026-04-29T21:57:00.195+0000] {processor.py:186} INFO - Started process (PID=291) to work on /opt/airflow/dags/main.py
[2026-04-29T21:57:00.197+0000] {processor.py:914} INFO - Processing file /opt/airflow/dags/main.py for tasks to queue
[2026-04-29T21:57:00.201+0000] {logging_mixin.py:190} INFO - [2026-04-29T21:57:00.200+0000] {dagbag.py:588} INFO - Filling up the DagBag from /opt/airflow/dags/main.py
[2026-04-29T21:57:00.338+0000] {processor.py:925} INFO - DAG(s) 'orders_kafka_to_s3' retrieved from /opt/airflow/dags/main.py
[2026-04-29T21:57:00.370+0000] {logging_mixin.py:190} INFO - [2026-04-29T21:57:00.370+0000] {dag.py:3239} INFO - Sync 1 DAGs
[2026-04-29T21:57:00.592+0000] {logging_mixin.py:190} INFO - [2026-04-29T21:57:00.592+0000] {dag.py:4180} INFO - Setting next_dagrun for orders_kafka_to_s3 to 2026-04-29 00:00:00+00:00, run_after=2026-04-30 00:00:00+00:00
[2026-04-29T21:57:00.615+0000] {processor.py:208} INFO - Processing /opt/airflow/dags/main.py took 0.432 seconds
[2026-04-29T21:57:30.772+0000] {processor.py:186} INFO - Started process (PID=298) to work on /opt/airflow/dags/main.py
[2026-04-29T21:57:30.774+0000] {processor.py:914} INFO - Processing file /opt/airflow/dags/main.py for tasks to queue
[2026-04-29T21:57:30.779+0000] {logging_mixin.py:190} INFO - [2026-04-29T21:57:30.778+0000] {dagbag.py:588} INFO - Filling up the DagBag from /opt/airflow/dags/main.py
[2026-04-29T21:57:30.967+0000] {processor.py:925} INFO - DAG(s) 'orders_kafka_to_s3' retrieved from /opt/airflow/dags/main.py
[2026-04-29T21:57:31.008+0000] {logging_mixin.py:190} INFO - [2026-04-29T21:57:31.008+0000] {dag.py:3239} INFO - Sync 1 DAGs
[2026-04-29T21:57:31.260+0000] {logging_mixin.py:190} INFO - [2026-04-29T21:57:31.259+0000] {dag.py:4180} INFO - Setting next_dagrun for orders_kafka_to_s3 to 2026-04-29 00:00:00+00:00, run_after=2026-04-30 00:00:00+00:00
[2026-04-29T21:57:31.283+0000] {processor.py:208} INFO - Processing /opt/airflow/dags/main.py took 0.522 seconds
[2026-04-29T21:58:01.433+0000] {processor.py:186} INFO - Started process (PID=305) to work on /opt/airflow/dags/main.py
[2026-04-29T21:58:01.435+0000] {processor.py:914} INFO - Processing file /opt/airflow/dags/main.py for tasks to queue
[2026-04-29T21:58:01.442+0000] {logging_mixin.py:190} INFO - [2026-04-29T21:58:01.441+0000] {dagbag.py:588} INFO - Filling up the DagBag from /opt/airflow/dags/main.py
[2026-04-29T21:58:01.600+0000] {processor.py:925} INFO - DAG(s) 'orders_kafka_to_s3' retrieved from /opt/airflow/dags/main.py
[2026-04-29T21:58:01.842+0000] {logging_mixin.py:190} INFO - [2026-04-29T21:58:01.841+0000] {dag.py:3239} INFO - Sync 1 DAGs
[2026-04-29T21:58:01.871+0000] {logging_mixin.py:190} INFO - [2026-04-29T21:58:01.871+0000] {dag.py:4180} INFO - Setting next_dagrun for orders_kafka_to_s3 to 2026-04-29 00:00:00+00:00, run_after=2026-04-30 00:00:00+00:00
[2026-04-29T21:58:01.910+0000] {processor.py:208} INFO - Processing /opt/airflow/dags/main.py took 0.493 seconds
[2026-04-29T21:58:32.295+0000] {processor.py:186} INFO - Started process (PID=312) to work on /opt/airflow/dags/main.py
[2026-04-29T21:58:32.298+0000] {processor.py:914} INFO - Processing file /opt/airflow/dags/main.py for tasks to queue
[2026-04-29T21:58:32.306+0000] {logging_mixin.py:190} INFO - [2026-04-29T21:58:32.304+0000] {dagbag.py:588} INFO - Filling up the DagBag from /opt/airflow/dags/main.py
[2026-04-29T21:58:32.711+0000] {processor.py:925} INFO - DAG(s) 'orders_kafka_to_s3' retrieved from /opt/airflow/dags/main.py
[2026-04-29T21:58:32.760+0000] {logging_mixin.py:190} INFO - [2026-04-29T21:58:32.760+0000] {dag.py:3239} INFO - Sync 1 DAGs
[2026-04-29T21:58:32.815+0000] {logging_mixin.py:190} INFO - [2026-04-29T21:58:32.814+0000] {dag.py:4180} INFO - Setting next_dagrun for orders_kafka_to_s3 to 2026-04-29 00:00:00+00:00, run_after=2026-04-30 00:00:00+00:00
[2026-04-29T21:58:32.862+0000] {processor.py:208} INFO - Processing /opt/airflow/dags/main.py took 0.586 seconds
[2026-04-29T21:59:03.264+0000] {processor.py:186} INFO - Started process (PID=319) to work on /opt/airflow/dags/main.py
[2026-04-29T21:59:03.267+0000] {processor.py:914} INFO - Processing file /opt/airflow/dags/main.py for tasks to queue
[2026-04-29T21:59:03.274+0000] {logging_mixin.py:190} INFO - [2026-04-29T21:59:03.273+0000] {dagbag.py:588} INFO - Filling up the DagBag from /opt/airflow/dags/main.py
[2026-04-29T21:59:03.671+0000] {processor.py:925} INFO - DAG(s) 'orders_kafka_to_s3' retrieved from /opt/airflow/dags/main.py
[2026-04-29T21:59:03.701+0000] {logging_mixin.py:190} INFO - [2026-04-29T21:59:03.701+0000] {dag.py:3239} INFO - Sync 1 DAGs
[2026-04-29T21:59:03.733+0000] {logging_mixin.py:190} INFO - [2026-04-29T21:59:03.732+0000] {dag.py:4180} INFO - Setting next_dagrun for orders_kafka_to_s3 to 2026-04-29 00:00:00+00:00, run_after=2026-04-30 00:00:00+00:00
[2026-04-29T21:59:03.767+0000] {processor.py:208} INFO - Processing /opt/airflow/dags/main.py took 0.519 seconds
[2026-04-29T21:59:33.995+0000] {processor.py:186} INFO - Started process (PID=327) to work on /opt/airflow/dags/main.py
[2026-04-29T21:59:33.996+0000] {processor.py:914} INFO - Processing file /opt/airflow/dags/main.py for tasks to queue
[2026-04-29T21:59:34.001+0000] {logging_mixin.py:190} INFO - [2026-04-29T21:59:34.000+0000] {dagbag.py:588} INFO - Filling up the DagBag from /opt/airflow/dags/main.py
[2026-04-29T21:59:34.169+0000] {processor.py:925} INFO - DAG(s) 'orders_kafka_to_s3' retrieved from /opt/airflow/dags/main.py
[2026-04-29T21:59:34.203+0000] {logging_mixin.py:190} INFO - [2026-04-29T21:59:34.203+0000] {dag.py:3239} INFO - Sync 1 DAGs
[2026-04-29T21:59:34.238+0000] {logging_mixin.py:190} INFO - [2026-04-29T21:59:34.237+0000] {dag.py:4180} INFO - Setting next_dagrun for orders_kafka_to_s3 to 2026-04-29 00:00:00+00:00, run_after=2026-04-30 00:00:00+00:00
[2026-04-29T21:59:34.442+0000] {processor.py:208} INFO - Processing /opt/airflow/dags/main.py took 0.456 seconds
[2026-04-29T22:00:04.853+0000] {processor.py:186} INFO - Started process (PID=334) to work on /opt/airflow/dags/main.py
[2026-04-29T22:00:04.855+0000] {processor.py:914} INFO - Processing file /opt/airflow/dags/main.py for tasks to queue
[2026-04-29T22:00:04.859+0000] {logging_mixin.py:190} INFO - [2026-04-29T22:00:04.859+0000] {dagbag.py:588} INFO - Filling up the DagBag from /opt/airflow/dags/main.py
[2026-04-29T22:00:05.042+0000] {processor.py:925} INFO - DAG(s) 'orders_kafka_to_s3' retrieved from /opt/airflow/dags/main.py
[2026-04-29T22:00:05.083+0000] {logging_mixin.py:190} INFO - [2026-04-29T22:00:05.082+0000] {dag.py:3239} INFO - Sync 1 DAGs
[2026-04-29T22:00:05.357+0000] {logging_mixin.py:190} INFO - [2026-04-29T22:00:05.357+0000] {dag.py:4180} INFO - Setting next_dagrun for orders_kafka_to_s3 to 2026-04-29 00:00:00+00:00, run_after=2026-04-30 00:00:00+00:00
[2026-04-29T22:00:05.389+0000] {processor.py:208} INFO - Processing /opt/airflow/dags/main.py took 0.547 seconds
[2026-04-29T22:00:35.890+0000] {processor.py:186} INFO - Started process (PID=341) to work on /opt/airflow/dags/main.py
[2026-04-29T22:00:35.892+0000] {processor.py:914} INFO - Processing file /opt/airflow/dags/main.py for tasks to queue
[2026-04-29T22:00:35.895+0000] {logging_mixin.py:190} INFO - [2026-04-29T22:00:35.895+0000] {dagbag.py:588} INFO - Filling up the DagBag from /opt/airflow/dags/main.py
[2026-04-29T22:00:36.040+0000] {processor.py:925} INFO - DAG(s) 'orders_kafka_to_s3' retrieved from /opt/airflow/dags/main.py
[2026-04-29T22:00:36.073+0000] {logging_mixin.py:190} INFO - [2026-04-29T22:00:36.073+0000] {dag.py:3239} INFO - Sync 1 DAGs
[2026-04-29T22:00:36.275+0000] {logging_mixin.py:190} INFO - [2026-04-29T22:00:36.275+0000] {dag.py:4180} INFO - Setting next_dagrun for orders_kafka_to_s3 to 2026-04-29 00:00:00+00:00, run_after=2026-04-30 00:00:00+00:00
[2026-04-29T22:00:36.298+0000] {processor.py:208} INFO - Processing /opt/airflow/dags/main.py took 0.420 seconds
[2026-04-29T22:01:06.585+0000] {processor.py:186} INFO - Started process (PID=348) to work on /opt/airflow/dags/main.py
[2026-04-29T22:01:06.587+0000] {processor.py:914} INFO - Processing file /opt/airflow/dags/main.py for tasks to queue
[2026-04-29T22:01:06.590+0000] {logging_mixin.py:190} INFO - [2026-04-29T22:01:06.590+0000] {dagbag.py:588} INFO - Filling up the DagBag from /opt/airflow/dags/main.py
[2026-04-29T22:01:06.783+0000] {processor.py:925} INFO - DAG(s) 'orders_kafka_to_s3' retrieved from /opt/airflow/dags/main.py
[2026-04-29T22:01:07.005+0000] {logging_mixin.py:190} INFO - [2026-04-29T22:01:07.005+0000] {dag.py:3239} INFO - Sync 1 DAGs
[2026-04-29T22:01:07.035+0000] {logging_mixin.py:190} INFO - [2026-04-29T22:01:07.034+0000] {dag.py:4180} INFO - Setting next_dagrun for orders_kafka_to_s3 to 2026-04-29 00:00:00+00:00, run_after=2026-04-30 00:00:00+00:00
[2026-04-29T22:01:07.057+0000] {processor.py:208} INFO - Processing /opt/airflow/dags/main.py took 0.481 seconds
[2026-04-29T22:01:37.430+0000] {processor.py:186} INFO - Started process (PID=355) to work on /opt/airflow/dags/main.py
[2026-04-29T22:01:37.431+0000] {processor.py:914} INFO - Processing file /opt/airflow/dags/main.py for tasks to queue
[2026-04-29T22:01:37.435+0000] {logging_mixin.py:190} INFO - [2026-04-29T22:01:37.434+0000] {dagbag.py:588} INFO - Filling up the DagBag from /opt/airflow/dags/main.py
[2026-04-29T22:01:37.748+0000] {processor.py:925} INFO - DAG(s) 'orders_kafka_to_s3' retrieved from /opt/airflow/dags/main.py
[2026-04-29T22:01:37.782+0000] {logging_mixin.py:190} INFO - [2026-04-29T22:01:37.781+0000] {dag.py:3239} INFO - Sync 1 DAGs
[2026-04-29T22:01:37.821+0000] {logging_mixin.py:190} INFO - [2026-04-29T22:01:37.820+0000] {dag.py:4180} INFO - Setting next_dagrun for orders_kafka_to_s3 to 2026-04-29 00:00:00+00:00, run_after=2026-04-30 00:00:00+00:00
[2026-04-29T22:01:37.849+0000] {processor.py:208} INFO - Processing /opt/airflow/dags/main.py took 0.428 seconds
[2026-04-29T22:02:08.324+0000] {processor.py:186} INFO - Started process (PID=362) to work on /opt/airflow/dags/main.py
[2026-04-29T22:02:08.325+0000] {processor.py:914} INFO - Processing file /opt/airflow/dags/main.py for tasks to queue
[2026-04-29T22:02:08.328+0000] {logging_mixin.py:190} INFO - [2026-04-29T22:02:08.328+0000] {dagbag.py:588} INFO - Filling up the DagBag from /opt/airflow/dags/main.py
[2026-04-29T22:02:08.664+0000] {processor.py:925} INFO - DAG(s) 'orders_kafka_to_s3' retrieved from /opt/airflow/dags/main.py
[2026-04-29T22:02:08.689+0000] {logging_mixin.py:190} INFO - [2026-04-29T22:02:08.689+0000] {dag.py:3239} INFO - Sync 1 DAGs
[2026-04-29T22:02:08.713+0000] {logging_mixin.py:190} INFO - [2026-04-29T22:02:08.713+0000] {dag.py:4180} INFO - Setting next_dagrun for orders_kafka_to_s3 to 2026-04-29 00:00:00+00:00, run_after=2026-04-30 00:00:00+00:00
[2026-04-29T22:02:08.738+0000] {processor.py:208} INFO - Processing /opt/airflow/dags/main.py took 0.422 seconds
[2026-04-29T22:02:39.197+0000] {processor.py:186} INFO - Started process (PID=369) to work on /opt/airflow/dags/main.py
[2026-04-29T22:02:39.199+0000] {processor.py:914} INFO - Processing file /opt/airflow/dags/main.py for tasks to queue
[2026-04-29T22:02:39.203+0000] {logging_mixin.py:190} INFO - [2026-04-29T22:02:39.203+0000] {dagbag.py:588} INFO - Filling up the DagBag from /opt/airflow/dags/main.py
[2026-04-29T22:02:39.332+0000] {processor.py:925} INFO - DAG(s) 'orders_kafka_to_s3' retrieved from /opt/airflow/dags/main.py
[2026-04-29T22:02:39.366+0000] {logging_mixin.py:190} INFO - [2026-04-29T22:02:39.366+0000] {dag.py:3239} INFO - Sync 1 DAGs
[2026-04-29T22:02:39.594+0000] {logging_mixin.py:190} INFO - [2026-04-29T22:02:39.594+0000] {dag.py:4180} INFO - Setting next_dagrun for orders_kafka_to_s3 to 2026-04-29 00:00:00+00:00, run_after=2026-04-30 00:00:00+00:00
[2026-04-29T22:02:39.617+0000] {processor.py:208} INFO - Processing /opt/airflow/dags/main.py took 0.427 seconds
[2026-04-29T22:03:10.025+0000] {processor.py:186} INFO - Started process (PID=376) to work on /opt/airflow/dags/main.py
[2026-04-29T22:03:10.026+0000] {processor.py:914} INFO - Processing file /opt/airflow/dags/main.py for tasks to queue
[2026-04-29T22:03:10.032+0000] {logging_mixin.py:190} INFO - [2026-04-29T22:03:10.031+0000] {dagbag.py:588} INFO - Filling up the DagBag from /opt/airflow/dags/main.py
[2026-04-29T22:03:10.190+0000] {processor.py:925} INFO - DAG(s) 'orders_kafka_to_s3' retrieved from /opt/airflow/dags/main.py
[2026-04-29T22:03:10.228+0000] {logging_mixin.py:190} INFO - [2026-04-29T22:03:10.227+0000] {dag.py:3239} INFO - Sync 1 DAGs
[2026-04-29T22:03:10.438+0000] {logging_mixin.py:190} INFO - [2026-04-29T22:03:10.437+0000] {dag.py:4180} INFO - Setting next_dagrun for orders_kafka_to_s3 to 2026-04-29 00:00:00+00:00, run_after=2026-04-30 00:00:00+00:00
[2026-04-29T22:03:10.461+0000] {processor.py:208} INFO - Processing /opt/airflow/dags/main.py took 0.446 seconds
[2026-04-29T22:03:40.859+0000] {processor.py:186} INFO - Started process (PID=383) to work on /opt/airflow/dags/main.py
[2026-04-29T22:03:40.861+0000] {processor.py:914} INFO - Processing file /opt/airflow/dags/main.py for tasks to queue
[2026-04-29T22:03:40.864+0000] {logging_mixin.py:190} INFO - [2026-04-29T22:03:40.864+0000] {dagbag.py:588} INFO - Filling up the DagBag from /opt/airflow/dags/main.py
[2026-04-29T22:03:41.004+0000] {processor.py:925} INFO - DAG(s) 'orders_kafka_to_s3' retrieved from /opt/airflow/dags/main.py
[2026-04-29T22:03:41.198+0000] {logging_mixin.py:190} INFO - [2026-04-29T22:03:41.197+0000] {dag.py:3239} INFO - Sync 1 DAGs
[2026-04-29T22:03:41.225+0000] {logging_mixin.py:190} INFO - [2026-04-29T22:03:41.225+0000] {dag.py:4180} INFO - Setting next_dagrun for orders_kafka_to_s3 to 2026-04-29 00:00:00+00:00, run_after=2026-04-30 00:00:00+00:00
[2026-04-29T22:03:41.248+0000] {processor.py:208} INFO - Processing /opt/airflow/dags/main.py took 0.399 seconds
[2026-04-29T22:04:11.708+0000] {processor.py:186} INFO - Started process (PID=389) to work on /opt/airflow/dags/main.py
[2026-04-29T22:04:11.709+0000] {processor.py:914} INFO - Processing file /opt/airflow/dags/main.py for tasks to queue
[2026-04-29T22:04:11.712+0000] {logging_mixin.py:190} INFO - [2026-04-29T22:04:11.712+0000] {dagbag.py:588} INFO - Filling up the DagBag from /opt/airflow/dags/main.py
[2026-04-29T22:04:11.846+0000] {processor.py:925} INFO - DAG(s) 'orders_kafka_to_s3' retrieved from /opt/airflow/dags/main.py
[2026-04-29T22:04:12.035+0000] {logging_mixin.py:190} INFO - [2026-04-29T22:04:12.034+0000] {dag.py:3239} INFO - Sync 1 DAGs
[2026-04-29T22:04:12.058+0000] {logging_mixin.py:190} INFO - [2026-04-29T22:04:12.057+0000] {dag.py:4180} INFO - Setting next_dagrun for orders_kafka_to_s3 to 2026-04-29 00:00:00+00:00, run_after=2026-04-30 00:00:00+00:00
[2026-04-29T22:04:12.080+0000] {processor.py:208} INFO - Processing /opt/airflow/dags/main.py took 0.380 seconds
[2026-04-29T22:04:42.622+0000] {processor.py:186} INFO - Started process (PID=396) to work on /opt/airflow/dags/main.py
[2026-04-29T22:04:42.623+0000] {processor.py:914} INFO - Processing file /opt/airflow/dags/main.py for tasks to queue
[2026-04-29T22:04:42.626+0000] {logging_mixin.py:190} INFO - [2026-04-29T22:04:42.625+0000] {dagbag.py:588} INFO - Filling up the DagBag from /opt/airflow/dags/main.py
[2026-04-29T22:04:42.918+0000] {processor.py:925} INFO - DAG(s) 'orders_kafka_to_s3' retrieved from /opt/airflow/dags/main.py
[2026-04-29T22:04:42.941+0000] {logging_mixin.py:190} INFO - [2026-04-29T22:04:42.941+0000] {dag.py:3239} INFO - Sync 1 DAGs
[2026-04-29T22:04:42.964+0000] {logging_mixin.py:190} INFO - [2026-04-29T22:04:42.964+0000] {dag.py:4180} INFO - Setting next_dagrun for orders_kafka_to_s3 to 2026-04-29 00:00:00+00:00, run_after=2026-04-30 00:00:00+00:00
[2026-04-29T22:04:42.988+0000] {processor.py:208} INFO - Processing /opt/airflow/dags/main.py took 0.374 seconds
[2026-04-29T22:05:13.331+0000] {processor.py:186} INFO - Started process (PID=403) to work on /opt/airflow/dags/main.py
[2026-04-29T22:05:13.332+0000] {processor.py:914} INFO - Processing file /opt/airflow/dags/main.py for tasks to queue
[2026-04-29T22:05:13.336+0000] {logging_mixin.py:190} INFO - [2026-04-29T22:05:13.335+0000] {dagbag.py:588} INFO - Filling up the DagBag from /opt/airflow/dags/main.py
[2026-04-29T22:05:13.675+0000] {processor.py:925} INFO - DAG(s) 'orders_kafka_to_s3' retrieved from /opt/airflow/dags/main.py
[2026-04-29T22:05:13.702+0000] {logging_mixin.py:190} INFO - [2026-04-29T22:05:13.701+0000] {dag.py:3239} INFO - Sync 1 DAGs
[2026-04-29T22:05:13.730+0000] {logging_mixin.py:190} INFO - [2026-04-29T22:05:13.730+0000] {dag.py:4180} INFO - Setting next_dagrun for orders_kafka_to_s3 to 2026-04-29 00:00:00+00:00, run_after=2026-04-30 00:00:00+00:00
[2026-04-29T22:05:13.757+0000] {processor.py:208} INFO - Processing /opt/airflow/dags/main.py took 0.435 seconds
[2026-04-29T22:05:44.222+0000] {processor.py:186} INFO - Started process (PID=410) to work on /opt/airflow/dags/main.py
[2026-04-29T22:05:44.224+0000] {processor.py:914} INFO - Processing file /opt/airflow/dags/main.py for tasks to queue
[2026-04-29T22:05:44.229+0000] {logging_mixin.py:190} INFO - [2026-04-29T22:05:44.229+0000] {dagbag.py:588} INFO - Filling up the DagBag from /opt/airflow/dags/main.py
[2026-04-29T22:05:44.399+0000] {processor.py:925} INFO - DAG(s) 'orders_kafka_to_s3' retrieved from /opt/airflow/dags/main.py
[2026-04-29T22:05:44.430+0000] {logging_mixin.py:190} INFO - [2026-04-29T22:05:44.430+0000] {dag.py:3239} INFO - Sync 1 DAGs
[2026-04-29T22:05:44.622+0000] {logging_mixin.py:190} INFO - [2026-04-29T22:05:44.622+0000] {dag.py:4180} INFO - Setting next_dagrun for orders_kafka_to_s3 to 2026-04-29 00:00:00+00:00, run_after=2026-04-30 00:00:00+00:00
[2026-04-29T22:05:44.646+0000] {processor.py:208} INFO - Processing /opt/airflow/dags/main.py took 0.437 seconds
[2026-04-29T22:06:15.119+0000] {processor.py:186} INFO - Started process (PID=417) to work on /opt/airflow/dags/main.py
[2026-04-29T22:06:15.121+0000] {processor.py:914} INFO - Processing file /opt/airflow/dags/main.py for tasks to queue
[2026-04-29T22:06:15.124+0000] {logging_mixin.py:190} INFO - [2026-04-29T22:06:15.124+0000] {dagbag.py:588} INFO - Filling up the DagBag from /opt/airflow/dags/main.py
[2026-04-29T22:06:15.271+0000] {processor.py:925} INFO - DAG(s) 'orders_kafka_to_s3' retrieved from /opt/airflow/dags/main.py
[2026-04-29T22:06:15.303+0000] {logging_mixin.py:190} INFO - [2026-04-29T22:06:15.303+0000] {dag.py:3239} INFO - Sync 1 DAGs
[2026-04-29T22:06:15.498+0000] {logging_mixin.py:190} INFO - [2026-04-29T22:06:15.497+0000] {dag.py:4180} INFO - Setting next_dagrun for orders_kafka_to_s3 to 2026-04-29 00:00:00+00:00, run_after=2026-04-30 00:00:00+00:00
[2026-04-29T22:06:15.523+0000] {processor.py:208} INFO - Processing /opt/airflow/dags/main.py took 0.413 seconds
[2026-04-29T22:06:45.617+0000] {processor.py:186} INFO - Started process (PID=424) to work on /opt/airflow/dags/main.py
[2026-04-29T22:06:45.619+0000] {processor.py:914} INFO - Processing file /opt/airflow/dags/main.py for tasks to queue
[2026-04-29T22:06:45.623+0000] {logging_mixin.py:190} INFO - [2026-04-29T22:06:45.623+0000] {dagbag.py:588} INFO - Filling up the DagBag from /opt/airflow/dags/main.py
[2026-04-29T22:06:45.760+0000] {processor.py:925} INFO - DAG(s) 'orders_kafka_to_s3' retrieved from /opt/airflow/dags/main.py
[2026-04-29T22:06:46.037+0000] {logging_mixin.py:190} INFO - [2026-04-29T22:06:46.037+0000] {dag.py:3239} INFO - Sync 1 DAGs
[2026-04-29T22:06:46.075+0000] {logging_mixin.py:190} INFO - [2026-04-29T22:06:46.074+0000] {dag.py:4180} INFO - Setting next_dagrun for orders_kafka_to_s3 to 2026-04-29 00:00:00+00:00, run_after=2026-04-30 00:00:00+00:00
[2026-04-29T22:06:46.108+0000] {processor.py:208} INFO - Processing /opt/airflow/dags/main.py took 0.500 seconds
[2026-04-29T22:07:16.311+0000] {processor.py:186} INFO - Started process (PID=431) to work on /opt/airflow/dags/main.py
[2026-04-29T22:07:16.313+0000] {processor.py:914} INFO - Processing file /opt/airflow/dags/main.py for tasks to queue
[2026-04-29T22:07:16.317+0000] {logging_mixin.py:190} INFO - [2026-04-29T22:07:16.317+0000] {dagbag.py:588} INFO - Filling up the DagBag from /opt/airflow/dags/main.py
[2026-04-29T22:07:16.785+0000] {processor.py:925} INFO - DAG(s) 'orders_kafka_to_s3' retrieved from /opt/airflow/dags/main.py
[2026-04-29T22:07:16.822+0000] {logging_mixin.py:190} INFO - [2026-04-29T22:07:16.822+0000] {dag.py:3239} INFO - Sync 1 DAGs
[2026-04-29T22:07:16.874+0000] {logging_mixin.py:190} INFO - [2026-04-29T22:07:16.873+0000] {dag.py:4180} INFO - Setting next_dagrun for orders_kafka_to_s3 to 2026-04-29 00:00:00+00:00, run_after=2026-04-30 00:00:00+00:00
[2026-04-29T22:07:16.914+0000] {processor.py:208} INFO - Processing /opt/airflow/dags/main.py took 0.615 seconds
[2026-04-29T22:07:47.280+0000] {processor.py:186} INFO - Started process (PID=438) to work on /opt/airflow/dags/main.py
[2026-04-29T22:07:47.282+0000] {processor.py:914} INFO - Processing file /opt/airflow/dags/main.py for tasks to queue
[2026-04-29T22:07:47.286+0000] {logging_mixin.py:190} INFO - [2026-04-29T22:07:47.286+0000] {dagbag.py:588} INFO - Filling up the DagBag from /opt/airflow/dags/main.py
[2026-04-29T22:07:47.675+0000] {processor.py:925} INFO - DAG(s) 'orders_kafka_to_s3' retrieved from /opt/airflow/dags/main.py
[2026-04-29T22:07:47.707+0000] {logging_mixin.py:190} INFO - [2026-04-29T22:07:47.706+0000] {dag.py:3239} INFO - Sync 1 DAGs
[2026-04-29T22:07:47.735+0000] {logging_mixin.py:190} INFO - [2026-04-29T22:07:47.735+0000] {dag.py:4180} INFO - Setting next_dagrun for orders_kafka_to_s3 to 2026-04-29 00:00:00+00:00, run_after=2026-04-30 00:00:00+00:00
[2026-04-29T22:07:47.764+0000] {processor.py:208} INFO - Processing /opt/airflow/dags/main.py took 0.494 seconds
[2026-04-29T22:08:17.938+0000] {processor.py:186} INFO - Started process (PID=445) to work on /opt/airflow/dags/main.py
[2026-04-29T22:08:17.940+0000] {processor.py:914} INFO - Processing file /opt/airflow/dags/main.py for tasks to queue
[2026-04-29T22:08:17.945+0000] {logging_mixin.py:190} INFO - [2026-04-29T22:08:17.944+0000] {dagbag.py:588} INFO - Filling up the DagBag from /opt/airflow/dags/main.py
[2026-04-29T22:08:18.400+0000] {processor.py:925} INFO - DAG(s) 'orders_kafka_to_s3' retrieved from /opt/airflow/dags/main.py
[2026-04-29T22:08:18.440+0000] {logging_mixin.py:190} INFO - [2026-04-29T22:08:18.440+0000] {dag.py:3239} INFO - Sync 1 DAGs
[2026-04-29T22:08:18.478+0000] {logging_mixin.py:190} INFO - [2026-04-29T22:08:18.478+0000] {dag.py:4180} INFO - Setting next_dagrun for orders_kafka_to_s3 to 2026-04-29 00:00:00+00:00, run_after=2026-04-30 00:00:00+00:00
[2026-04-29T22:08:18.544+0000] {processor.py:208} INFO - Processing /opt/airflow/dags/main.py took 0.618 seconds
[2026-04-29T22:08:48.858+0000] {processor.py:186} INFO - Started process (PID=452) to work on /opt/airflow/dags/main.py
[2026-04-29T22:08:48.860+0000] {processor.py:914} INFO - Processing file /opt/airflow/dags/main.py for tasks to queue
[2026-04-29T22:08:48.866+0000] {logging_mixin.py:190} INFO - [2026-04-29T22:08:48.865+0000] {dagbag.py:588} INFO - Filling up the DagBag from /opt/airflow/dags/main.py
[2026-04-29T22:08:49.121+0000] {processor.py:925} INFO - DAG(s) 'orders_kafka_to_s3' retrieved from /opt/airflow/dags/main.py
[2026-04-29T22:08:49.160+0000] {logging_mixin.py:190} INFO - [2026-04-29T22:08:49.159+0000] {dag.py:3239} INFO - Sync 1 DAGs
[2026-04-29T22:08:49.401+0000] {logging_mixin.py:190} INFO - [2026-04-29T22:08:49.401+0000] {dag.py:4180} INFO - Setting next_dagrun for orders_kafka_to_s3 to 2026-04-29 00:00:00+00:00, run_after=2026-04-30 00:00:00+00:00
[2026-04-29T22:08:49.427+0000] {processor.py:208} INFO - Processing /opt/airflow/dags/main.py took 0.580 seconds
[2026-04-29T22:09:19.670+0000] {processor.py:186} INFO - Started process (PID=459) to work on /opt/airflow/dags/main.py
[2026-04-29T22:09:19.672+0000] {processor.py:914} INFO - Processing file /opt/airflow/dags/main.py for tasks to queue
[2026-04-29T22:09:19.678+0000] {logging_mixin.py:190} INFO - [2026-04-29T22:09:19.677+0000] {dagbag.py:588} INFO - Filling up the DagBag from /opt/airflow/dags/main.py
[2026-04-29T22:09:19.938+0000] {processor.py:925} INFO - DAG(s) 'orders_kafka_to_s3' retrieved from /opt/airflow/dags/main.py
[2026-04-29T22:09:20.251+0000] {logging_mixin.py:190} INFO - [2026-04-29T22:09:20.250+0000] {dag.py:3239} INFO - Sync 1 DAGs
[2026-04-29T22:09:20.294+0000] {logging_mixin.py:190} INFO - [2026-04-29T22:09:20.294+0000] {dag.py:4180} INFO - Setting next_dagrun for orders_kafka_to_s3 to 2026-04-29 00:00:00+00:00, run_after=2026-04-30 00:00:00+00:00
[2026-04-29T22:09:20.330+0000] {processor.py:208} INFO - Processing /opt/airflow/dags/main.py took 0.677 seconds
[2026-04-29T22:09:50.728+0000] {processor.py:186} INFO - Started process (PID=466) to work on /opt/airflow/dags/main.py
[2026-04-29T22:09:50.730+0000] {processor.py:914} INFO - Processing file /opt/airflow/dags/main.py for tasks to queue
[2026-04-29T22:09:50.736+0000] {logging_mixin.py:190} INFO - [2026-04-29T22:09:50.735+0000] {dagbag.py:588} INFO - Filling up the DagBag from /opt/airflow/dags/main.py
[2026-04-29T22:09:51.135+0000] {processor.py:925} INFO - DAG(s) 'orders_kafka_to_s3' retrieved from /opt/airflow/dags/main.py
[2026-04-29T22:09:51.396+0000] {logging_mixin.py:190} INFO - [2026-04-29T22:09:51.396+0000] {dag.py:3239} INFO - Sync 1 DAGs
[2026-04-29T22:09:51.433+0000] {logging_mixin.py:190} INFO - [2026-04-29T22:09:51.433+0000] {dag.py:4180} INFO - Setting next_dagrun for orders_kafka_to_s3 to 2026-04-29 00:00:00+00:00, run_after=2026-04-30 00:00:00+00:00
[2026-04-29T22:09:51.459+0000] {processor.py:208} INFO - Processing /opt/airflow/dags/main.py took 0.746 seconds
[2026-04-29T22:10:21.908+0000] {processor.py:186} INFO - Started process (PID=473) to work on /opt/airflow/dags/main.py
[2026-04-29T22:10:21.909+0000] {processor.py:914} INFO - Processing file /opt/airflow/dags/main.py for tasks to queue
[2026-04-29T22:10:21.914+0000] {logging_mixin.py:190} INFO - [2026-04-29T22:10:21.913+0000] {dagbag.py:588} INFO - Filling up the DagBag from /opt/airflow/dags/main.py
[2026-04-29T22:10:22.333+0000] {processor.py:925} INFO - DAG(s) 'orders_kafka_to_s3' retrieved from /opt/airflow/dags/main.py
[2026-04-29T22:10:22.358+0000] {logging_mixin.py:190} INFO - [2026-04-29T22:10:22.358+0000] {dag.py:3239} INFO - Sync 1 DAGs
[2026-04-29T22:10:22.387+0000] {logging_mixin.py:190} INFO - [2026-04-29T22:10:22.387+0000] {dag.py:4180} INFO - Setting next_dagrun for orders_kafka_to_s3 to 2026-04-29 00:00:00+00:00, run_after=2026-04-30 00:00:00+00:00
[2026-04-29T22:10:22.412+0000] {processor.py:208} INFO - Processing /opt/airflow/dags/main.py took 0.515 seconds
[2026-04-29T22:10:52.831+0000] {processor.py:186} INFO - Started process (PID=480) to work on /opt/airflow/dags/main.py
[2026-04-29T22:10:52.833+0000] {processor.py:914} INFO - Processing file /opt/airflow/dags/main.py for tasks to queue
[2026-04-29T22:10:52.838+0000] {logging_mixin.py:190} INFO - [2026-04-29T22:10:52.836+0000] {dagbag.py:588} INFO - Filling up the DagBag from /opt/airflow/dags/main.py
[2026-04-29T22:10:53.196+0000] {processor.py:925} INFO - DAG(s) 'orders_kafka_to_s3' retrieved from /opt/airflow/dags/main.py
[2026-04-29T22:10:53.224+0000] {logging_mixin.py:190} INFO - [2026-04-29T22:10:53.224+0000] {dag.py:3239} INFO - Sync 1 DAGs
[2026-04-29T22:10:53.253+0000] {logging_mixin.py:190} INFO - [2026-04-29T22:10:53.253+0000] {dag.py:4180} INFO - Setting next_dagrun for orders_kafka_to_s3 to 2026-04-29 00:00:00+00:00, run_after=2026-04-30 00:00:00+00:00
[2026-04-29T22:10:53.323+0000] {processor.py:208} INFO - Processing /opt/airflow/dags/main.py took 0.501 seconds
[2026-04-29T22:11:23.690+0000] {processor.py:186} INFO - Started process (PID=493) to work on /opt/airflow/dags/main.py
[2026-04-29T22:11:23.710+0000] {processor.py:914} INFO - Processing file /opt/airflow/dags/main.py for tasks to queue
[2026-04-29T22:11:23.721+0000] {logging_mixin.py:190} INFO - [2026-04-29T22:11:23.719+0000] {dagbag.py:588} INFO - Filling up the DagBag from /opt/airflow/dags/main.py
[2026-04-29T22:11:23.968+0000] {processor.py:925} INFO - DAG(s) 'orders_kafka_to_s3' retrieved from /opt/airflow/dags/main.py
[2026-04-29T22:11:24.014+0000] {logging_mixin.py:190} INFO - [2026-04-29T22:11:24.013+0000] {dag.py:3239} INFO - Sync 1 DAGs
[2026-04-29T22:11:24.268+0000] {logging_mixin.py:190} INFO - [2026-04-29T22:11:24.268+0000] {dag.py:4180} INFO - Setting next_dagrun for orders_kafka_to_s3 to 2026-04-29 00:00:00+00:00, run_after=2026-04-30 00:00:00+00:00
[2026-04-29T22:11:24.298+0000] {processor.py:208} INFO - Processing /opt/airflow/dags/main.py took 0.627 seconds
[2026-04-29T22:11:54.468+0000] {processor.py:186} INFO - Started process (PID=500) to work on /opt/airflow/dags/main.py
[2026-04-29T22:11:54.470+0000] {processor.py:914} INFO - Processing file /opt/airflow/dags/main.py for tasks to queue
[2026-04-29T22:11:54.473+0000] {logging_mixin.py:190} INFO - [2026-04-29T22:11:54.473+0000] {dagbag.py:588} INFO - Filling up the DagBag from /opt/airflow/dags/main.py
[2026-04-29T22:11:54.619+0000] {processor.py:925} INFO - DAG(s) 'orders_kafka_to_s3' retrieved from /opt/airflow/dags/main.py
[2026-04-29T22:11:54.654+0000] {logging_mixin.py:190} INFO - [2026-04-29T22:11:54.654+0000] {dag.py:3239} INFO - Sync 1 DAGs
[2026-04-29T22:11:54.894+0000] {logging_mixin.py:190} INFO - [2026-04-29T22:11:54.894+0000] {dag.py:4180} INFO - Setting next_dagrun for orders_kafka_to_s3 to 2026-04-29 00:00:00+00:00, run_after=2026-04-30 00:00:00+00:00
[2026-04-29T22:11:54.920+0000] {processor.py:208} INFO - Processing /opt/airflow/dags/main.py took 0.459 seconds
[2026-04-29T22:12:25.062+0000] {processor.py:186} INFO - Started process (PID=507) to work on /opt/airflow/dags/main.py
[2026-04-29T22:12:25.065+0000] {processor.py:914} INFO - Processing file /opt/airflow/dags/main.py for tasks to queue
[2026-04-29T22:12:25.073+0000] {logging_mixin.py:190} INFO - [2026-04-29T22:12:25.072+0000] {dagbag.py:588} INFO - Filling up the DagBag from /opt/airflow/dags/main.py
[2026-04-29T22:12:25.294+0000] {processor.py:925} INFO - DAG(s) 'orders_kafka_to_s3' retrieved from /opt/airflow/dags/main.py
[2026-04-29T22:12:25.534+0000] {logging_mixin.py:190} INFO - [2026-04-29T22:12:25.534+0000] {dag.py:3239} INFO - Sync 1 DAGs
[2026-04-29T22:12:25.560+0000] {logging_mixin.py:190} INFO - [2026-04-29T22:12:25.560+0000] {dag.py:4180} INFO - Setting next_dagrun for orders_kafka_to_s3 to 2026-04-29 00:00:00+00:00, run_after=2026-04-30 00:00:00+00:00
[2026-04-29T22:12:25.581+0000] {processor.py:208} INFO - Processing /opt/airflow/dags/main.py took 0.533 seconds
[2026-04-29T22:12:55.791+0000] {processor.py:186} INFO - Started process (PID=514) to work on /opt/airflow/dags/main.py
[2026-04-29T22:12:55.793+0000] {processor.py:914} INFO - Processing file /opt/airflow/dags/main.py for tasks to queue
[2026-04-29T22:12:55.797+0000] {logging_mixin.py:190} INFO - [2026-04-29T22:12:55.797+0000] {dagbag.py:588} INFO - Filling up the DagBag from /opt/airflow/dags/main.py
[2026-04-29T22:12:56.128+0000] {processor.py:925} INFO - DAG(s) 'orders_kafka_to_s3' retrieved from /opt/airflow/dags/main.py
[2026-04-29T22:12:56.192+0000] {logging_mixin.py:190} INFO - [2026-04-29T22:12:56.192+0000] {dag.py:3239} INFO - Sync 1 DAGs
[2026-04-29T22:12:56.255+0000] {logging_mixin.py:190} INFO - [2026-04-29T22:12:56.255+0000] {dag.py:4180} INFO - Setting next_dagrun for orders_kafka_to_s3 to 2026-04-29 00:00:00+00:00, run_after=2026-04-30 00:00:00+00:00
[2026-04-29T22:12:56.284+0000] {processor.py:208} INFO - Processing /opt/airflow/dags/main.py took 0.501 seconds
[2026-04-29T22:13:26.413+0000] {processor.py:186} INFO - Started process (PID=521) to work on /opt/airflow/dags/main.py
[2026-04-29T22:13:26.416+0000] {processor.py:914} INFO - Processing file /opt/airflow/dags/main.py for tasks to queue
[2026-04-29T22:13:26.423+0000] {logging_mixin.py:190} INFO - [2026-04-29T22:13:26.422+0000] {dagbag.py:588} INFO - Filling up the DagBag from /opt/airflow/dags/main.py
[2026-04-29T22:13:26.839+0000] {processor.py:925} INFO - DAG(s) 'orders_kafka_to_s3' retrieved from /opt/airflow/dags/main.py
[2026-04-29T22:13:26.874+0000] {logging_mixin.py:190} INFO - [2026-04-29T22:13:26.874+0000] {dag.py:3239} INFO - Sync 1 DAGs
[2026-04-29T22:13:26.911+0000] {logging_mixin.py:190} INFO - [2026-04-29T22:13:26.910+0000] {dag.py:4180} INFO - Setting next_dagrun for orders_kafka_to_s3 to 2026-04-29 00:00:00+00:00, run_after=2026-04-30 00:00:00+00:00
[2026-04-29T22:13:26.947+0000] {processor.py:208} INFO - Processing /opt/airflow/dags/main.py took 0.554 seconds
[2026-04-29T22:13:57.395+0000] {processor.py:186} INFO - Started process (PID=528) to work on /opt/airflow/dags/main.py
[2026-04-29T22:13:57.396+0000] {processor.py:914} INFO - Processing file /opt/airflow/dags/main.py for tasks to queue
[2026-04-29T22:13:57.400+0000] {logging_mixin.py:190} INFO - [2026-04-29T22:13:57.399+0000] {dagbag.py:588} INFO - Filling up the DagBag from /opt/airflow/dags/main.py
[2026-04-29T22:13:57.792+0000] {processor.py:925} INFO - DAG(s) 'orders_kafka_to_s3' retrieved from /opt/airflow/dags/main.py
[2026-04-29T22:13:57.824+0000] {logging_mixin.py:190} INFO - [2026-04-29T22:13:57.823+0000] {dag.py:3239} INFO - Sync 1 DAGs
[2026-04-29T22:13:57.859+0000] {logging_mixin.py:190} INFO - [2026-04-29T22:13:57.858+0000] {dag.py:4180} INFO - Setting next_dagrun for orders_kafka_to_s3 to 2026-04-29 00:00:00+00:00, run_after=2026-04-30 00:00:00+00:00
[2026-04-29T22:13:57.894+0000] {processor.py:208} INFO - Processing /opt/airflow/dags/main.py took 0.510 seconds
[2026-04-29T22:14:28.321+0000] {processor.py:186} INFO - Started process (PID=534) to work on /opt/airflow/dags/main.py
[2026-04-29T22:14:28.323+0000] {processor.py:914} INFO - Processing file /opt/airflow/dags/main.py for tasks to queue
[2026-04-29T22:14:28.326+0000] {logging_mixin.py:190} INFO - [2026-04-29T22:14:28.326+0000] {dagbag.py:588} INFO - Filling up the DagBag from /opt/airflow/dags/main.py
[2026-04-29T22:14:28.488+0000] {processor.py:925} INFO - DAG(s) 'orders_kafka_to_s3' retrieved from /opt/airflow/dags/main.py
[2026-04-29T22:14:28.524+0000] {logging_mixin.py:190} INFO - [2026-04-29T22:14:28.524+0000] {dag.py:3239} INFO - Sync 1 DAGs
[2026-04-29T22:14:28.737+0000] {logging_mixin.py:190} INFO - [2026-04-29T22:14:28.737+0000] {dag.py:4180} INFO - Setting next_dagrun for orders_kafka_to_s3 to 2026-04-29 00:00:00+00:00, run_after=2026-04-30 00:00:00+00:00
[2026-04-29T22:14:28.760+0000] {processor.py:208} INFO - Processing /opt/airflow/dags/main.py took 0.446 seconds
[2026-04-29T22:14:59.087+0000] {processor.py:186} INFO - Started process (PID=540) to work on /opt/airflow/dags/main.py
[2026-04-29T22:14:59.088+0000] {processor.py:914} INFO - Processing file /opt/airflow/dags/main.py for tasks to queue
[2026-04-29T22:14:59.092+0000] {logging_mixin.py:190} INFO - [2026-04-29T22:14:59.091+0000] {dagbag.py:588} INFO - Filling up the DagBag from /opt/airflow/dags/main.py
[2026-04-29T22:14:59.304+0000] {processor.py:925} INFO - DAG(s) 'orders_kafka_to_s3' retrieved from /opt/airflow/dags/main.py
[2026-04-29T22:14:59.342+0000] {logging_mixin.py:190} INFO - [2026-04-29T22:14:59.342+0000] {dag.py:3239} INFO - Sync 1 DAGs
[2026-04-29T22:14:59.554+0000] {logging_mixin.py:190} INFO - [2026-04-29T22:14:59.554+0000] {dag.py:4180} INFO - Setting next_dagrun for orders_kafka_to_s3 to 2026-04-29 00:00:00+00:00, run_after=2026-04-30 00:00:00+00:00
[2026-04-29T22:14:59.575+0000] {processor.py:208} INFO - Processing /opt/airflow/dags/main.py took 0.496 seconds
[2026-04-29T22:15:29.962+0000] {processor.py:186} INFO - Started process (PID=547) to work on /opt/airflow/dags/main.py
[2026-04-29T22:15:29.964+0000] {processor.py:914} INFO - Processing file /opt/airflow/dags/main.py for tasks to queue
[2026-04-29T22:15:29.967+0000] {logging_mixin.py:190} INFO - [2026-04-29T22:15:29.966+0000] {dagbag.py:588} INFO - Filling up the DagBag from /opt/airflow/dags/main.py
[2026-04-29T22:15:30.107+0000] {processor.py:925} INFO - DAG(s) 'orders_kafka_to_s3' retrieved from /opt/airflow/dags/main.py
[2026-04-29T22:15:30.310+0000] {logging_mixin.py:190} INFO - [2026-04-29T22:15:30.310+0000] {dag.py:3239} INFO - Sync 1 DAGs
[2026-04-29T22:15:30.336+0000] {logging_mixin.py:190} INFO - [2026-04-29T22:15:30.336+0000] {dag.py:4180} INFO - Setting next_dagrun for orders_kafka_to_s3 to 2026-04-29 00:00:00+00:00, run_after=2026-04-30 00:00:00+00:00
[2026-04-29T22:15:30.359+0000] {processor.py:208} INFO - Processing /opt/airflow/dags/main.py took 0.404 seconds
[2026-04-29T22:16:00.798+0000] {processor.py:186} INFO - Started process (PID=554) to work on /opt/airflow/dags/main.py
[2026-04-29T22:16:00.800+0000] {processor.py:914} INFO - Processing file /opt/airflow/dags/main.py for tasks to queue
[2026-04-29T22:16:00.805+0000] {logging_mixin.py:190} INFO - [2026-04-29T22:16:00.804+0000] {dagbag.py:588} INFO - Filling up the DagBag from /opt/airflow/dags/main.py
[2026-04-29T22:16:01.239+0000] {processor.py:925} INFO - DAG(s) 'orders_kafka_to_s3' retrieved from /opt/airflow/dags/main.py
[2026-04-29T22:16:01.282+0000] {logging_mixin.py:190} INFO - [2026-04-29T22:16:01.281+0000] {dag.py:3239} INFO - Sync 1 DAGs
[2026-04-29T22:16:01.331+0000] {logging_mixin.py:190} INFO - [2026-04-29T22:16:01.330+0000] {dag.py:4180} INFO - Setting next_dagrun for orders_kafka_to_s3 to 2026-04-29 00:00:00+00:00, run_after=2026-04-30 00:00:00+00:00
[2026-04-29T22:16:01.365+0000] {processor.py:208} INFO - Processing /opt/airflow/dags/main.py took 0.577 seconds
[2026-04-29T22:16:31.828+0000] {processor.py:186} INFO - Started process (PID=561) to work on /opt/airflow/dags/main.py
[2026-04-29T22:16:31.831+0000] {processor.py:914} INFO - Processing file /opt/airflow/dags/main.py for tasks to queue
[2026-04-29T22:16:31.836+0000] {logging_mixin.py:190} INFO - [2026-04-29T22:16:31.836+0000] {dagbag.py:588} INFO - Filling up the DagBag from /opt/airflow/dags/main.py
[2026-04-29T22:16:32.194+0000] {processor.py:925} INFO - DAG(s) 'orders_kafka_to_s3' retrieved from /opt/airflow/dags/main.py
[2026-04-29T22:16:32.223+0000] {logging_mixin.py:190} INFO - [2026-04-29T22:16:32.223+0000] {dag.py:3239} INFO - Sync 1 DAGs
[2026-04-29T22:16:32.254+0000] {logging_mixin.py:190} INFO - [2026-04-29T22:16:32.253+0000] {dag.py:4180} INFO - Setting next_dagrun for orders_kafka_to_s3 to 2026-04-29 00:00:00+00:00, run_after=2026-04-30 00:00:00+00:00
[2026-04-29T22:16:32.284+0000] {processor.py:208} INFO - Processing /opt/airflow/dags/main.py took 0.475 seconds
[2026-04-29T22:17:02.638+0000] {processor.py:186} INFO - Started process (PID=568) to work on /opt/airflow/dags/main.py
[2026-04-29T22:17:02.641+0000] {processor.py:914} INFO - Processing file /opt/airflow/dags/main.py for tasks to queue
[2026-04-29T22:17:02.651+0000] {logging_mixin.py:190} INFO - [2026-04-29T22:17:02.650+0000] {dagbag.py:588} INFO - Filling up the DagBag from /opt/airflow/dags/main.py
[2026-04-29T22:17:03.132+0000] {processor.py:925} INFO - DAG(s) 'orders_kafka_to_s3' retrieved from /opt/airflow/dags/main.py
[2026-04-29T22:17:03.170+0000] {logging_mixin.py:190} INFO - [2026-04-29T22:17:03.169+0000] {dag.py:3239} INFO - Sync 1 DAGs
[2026-04-29T22:17:03.214+0000] {logging_mixin.py:190} INFO - [2026-04-29T22:17:03.214+0000] {dag.py:4180} INFO - Setting next_dagrun for orders_kafka_to_s3 to 2026-04-29 00:00:00+00:00, run_after=2026-04-30 00:00:00+00:00
[2026-04-29T22:17:03.245+0000] {processor.py:208} INFO - Processing /opt/airflow/dags/main.py took 0.619 seconds
[2026-04-29T22:17:33.628+0000] {processor.py:186} INFO - Started process (PID=575) to work on /opt/airflow/dags/main.py
[2026-04-29T22:17:33.630+0000] {processor.py:914} INFO - Processing file /opt/airflow/dags/main.py for tasks to queue
[2026-04-29T22:17:33.634+0000] {logging_mixin.py:190} INFO - [2026-04-29T22:17:33.634+0000] {dagbag.py:588} INFO - Filling up the DagBag from /opt/airflow/dags/main.py
[2026-04-29T22:17:33.782+0000] {processor.py:925} INFO - DAG(s) 'orders_kafka_to_s3' retrieved from /opt/airflow/dags/main.py
[2026-04-29T22:17:33.817+0000] {logging_mixin.py:190} INFO - [2026-04-29T22:17:33.816+0000] {dag.py:3239} INFO - Sync 1 DAGs
[2026-04-29T22:17:34.080+0000] {logging_mixin.py:190} INFO - [2026-04-29T22:17:34.080+0000] {dag.py:4180} INFO - Setting next_dagrun for orders_kafka_to_s3 to 2026-04-29 00:00:00+00:00, run_after=2026-04-30 00:00:00+00:00
[2026-04-29T22:17:34.104+0000] {processor.py:208} INFO - Processing /opt/airflow/dags/main.py took 0.485 seconds
[2026-04-29T22:18:04.401+0000] {processor.py:186} INFO - Started process (PID=582) to work on /opt/airflow/dags/main.py
[2026-04-29T22:18:04.403+0000] {processor.py:914} INFO - Processing file /opt/airflow/dags/main.py for tasks to queue
[2026-04-29T22:18:04.406+0000] {logging_mixin.py:190} INFO - [2026-04-29T22:18:04.406+0000] {dagbag.py:588} INFO - Filling up the DagBag from /opt/airflow/dags/main.py
[2026-04-29T22:18:04.560+0000] {processor.py:925} INFO - DAG(s) 'orders_kafka_to_s3' retrieved from /opt/airflow/dags/main.py
[2026-04-29T22:18:04.790+0000] {logging_mixin.py:190} INFO - [2026-04-29T22:18:04.790+0000] {dag.py:3239} INFO - Sync 1 DAGs
[2026-04-29T22:18:04.818+0000] {logging_mixin.py:190} INFO - [2026-04-29T22:18:04.818+0000] {dag.py:4180} INFO - Setting next_dagrun for orders_kafka_to_s3 to 2026-04-29 00:00:00+00:00, run_after=2026-04-30 00:00:00+00:00
[2026-04-29T22:18:04.841+0000] {processor.py:208} INFO - Processing /opt/airflow/dags/main.py took 0.449 seconds
[2026-04-29T22:55:48.558+0000] {processor.py:186} INFO - Started process (PID=68) to work on /opt/airflow/dags/main.py
[2026-04-29T22:55:48.584+0000] {processor.py:914} INFO - Processing file /opt/airflow/dags/main.py for tasks to queue
[2026-04-29T22:55:48.594+0000] {logging_mixin.py:190} INFO - [2026-04-29T22:55:48.593+0000] {dagbag.py:588} INFO - Filling up the DagBag from /opt/airflow/dags/main.py
[2026-04-29T22:55:50.985+0000] {logging_mixin.py:190} INFO - [2026-04-29T22:55:50.967+0000] {dagbag.py:387} ERROR - Failed to import: /opt/airflow/dags/main.py
Traceback (most recent call last):
  File "/home/airflow/.local/lib/python3.12/site-packages/airflow/models/dagbag.py", line 383, in parse
    loader.exec_module(new_module)
  File "<frozen importlib._bootstrap_external>", line 999, in exec_module
  File "<frozen importlib._bootstrap>", line 488, in _call_with_frames_removed
  File "/opt/airflow/dags/main.py", line 26, in <module>
    from services.consumer import consume_orders
  File "/opt/airflow/services/consumer.py", line 74, in <module>
    from confluent_kafka import Consumer, KafkaException
ModuleNotFoundError: No module named 'confluent_kafka'
[2026-04-29T22:55:50.991+0000] {processor.py:927} WARNING - No viable dags retrieved from /opt/airflow/dags/main.py
[2026-04-29T22:55:51.044+0000] {processor.py:208} INFO - Processing /opt/airflow/dags/main.py took 2.586 seconds
[2026-04-29T22:56:21.403+0000] {processor.py:186} INFO - Started process (PID=82) to work on /opt/airflow/dags/main.py
[2026-04-29T22:56:21.413+0000] {processor.py:914} INFO - Processing file /opt/airflow/dags/main.py for tasks to queue
[2026-04-29T22:56:21.434+0000] {logging_mixin.py:190} INFO - [2026-04-29T22:56:21.430+0000] {dagbag.py:588} INFO - Filling up the DagBag from /opt/airflow/dags/main.py
[2026-04-29T22:56:21.876+0000] {logging_mixin.py:190} INFO - [2026-04-29T22:56:21.861+0000] {dagbag.py:387} ERROR - Failed to import: /opt/airflow/dags/main.py
Traceback (most recent call last):
  File "/home/airflow/.local/lib/python3.12/site-packages/airflow/models/dagbag.py", line 383, in parse
    loader.exec_module(new_module)
  File "<frozen importlib._bootstrap_external>", line 999, in exec_module
  File "<frozen importlib._bootstrap>", line 488, in _call_with_frames_removed
  File "/opt/airflow/dags/main.py", line 26, in <module>
    from services.consumer import consume_orders
  File "/opt/airflow/services/consumer.py", line 74, in <module>
    from confluent_kafka import Consumer, KafkaException
ModuleNotFoundError: No module named 'confluent_kafka'
[2026-04-29T22:56:21.881+0000] {processor.py:927} WARNING - No viable dags retrieved from /opt/airflow/dags/main.py
[2026-04-29T22:56:21.930+0000] {processor.py:208} INFO - Processing /opt/airflow/dags/main.py took 0.578 seconds
[2026-04-29T22:56:52.090+0000] {processor.py:186} INFO - Started process (PID=89) to work on /opt/airflow/dags/main.py
[2026-04-29T22:56:52.093+0000] {processor.py:914} INFO - Processing file /opt/airflow/dags/main.py for tasks to queue
[2026-04-29T22:56:52.095+0000] {logging_mixin.py:190} INFO - [2026-04-29T22:56:52.095+0000] {dagbag.py:588} INFO - Filling up the DagBag from /opt/airflow/dags/main.py
[2026-04-29T22:56:52.320+0000] {logging_mixin.py:190} INFO - [2026-04-29T22:56:52.305+0000] {dagbag.py:387} ERROR - Failed to import: /opt/airflow/dags/main.py
Traceback (most recent call last):
  File "/home/airflow/.local/lib/python3.12/site-packages/airflow/models/dagbag.py", line 383, in parse
    loader.exec_module(new_module)
  File "<frozen importlib._bootstrap_external>", line 999, in exec_module
  File "<frozen importlib._bootstrap>", line 488, in _call_with_frames_removed
  File "/opt/airflow/dags/main.py", line 26, in <module>
    from services.consumer import consume_orders
  File "/opt/airflow/services/consumer.py", line 74, in <module>
    from confluent_kafka import Consumer, KafkaException
ModuleNotFoundError: No module named 'confluent_kafka'
[2026-04-29T22:56:52.325+0000] {processor.py:927} WARNING - No viable dags retrieved from /opt/airflow/dags/main.py
[2026-04-29T22:56:52.358+0000] {processor.py:208} INFO - Processing /opt/airflow/dags/main.py took 0.279 seconds
[2026-04-29T22:57:23.284+0000] {processor.py:186} INFO - Started process (PID=96) to work on /opt/airflow/dags/main.py
[2026-04-29T22:57:23.286+0000] {processor.py:914} INFO - Processing file /opt/airflow/dags/main.py for tasks to queue
[2026-04-29T22:57:23.288+0000] {logging_mixin.py:190} INFO - [2026-04-29T22:57:23.288+0000] {dagbag.py:588} INFO - Filling up the DagBag from /opt/airflow/dags/main.py
[2026-04-29T22:57:23.495+0000] {logging_mixin.py:190} INFO - [2026-04-29T22:57:23.479+0000] {dagbag.py:387} ERROR - Failed to import: /opt/airflow/dags/main.py
Traceback (most recent call last):
  File "/home/airflow/.local/lib/python3.12/site-packages/airflow/models/dagbag.py", line 383, in parse
    loader.exec_module(new_module)
  File "<frozen importlib._bootstrap_external>", line 999, in exec_module
  File "<frozen importlib._bootstrap>", line 488, in _call_with_frames_removed
  File "/opt/airflow/dags/main.py", line 26, in <module>
    from services.consumer import consume_orders
  File "/opt/airflow/services/consumer.py", line 74, in <module>
    from confluent_kafka import Consumer, KafkaException
ModuleNotFoundError: No module named 'confluent_kafka'
[2026-04-29T22:57:23.500+0000] {processor.py:927} WARNING - No viable dags retrieved from /opt/airflow/dags/main.py
[2026-04-29T22:57:23.577+0000] {processor.py:208} INFO - Processing /opt/airflow/dags/main.py took 0.307 seconds
[2026-04-29T22:57:54.314+0000] {processor.py:186} INFO - Started process (PID=103) to work on /opt/airflow/dags/main.py
[2026-04-29T22:57:54.316+0000] {processor.py:914} INFO - Processing file /opt/airflow/dags/main.py for tasks to queue
[2026-04-29T22:57:54.318+0000] {logging_mixin.py:190} INFO - [2026-04-29T22:57:54.318+0000] {dagbag.py:588} INFO - Filling up the DagBag from /opt/airflow/dags/main.py
[2026-04-29T22:57:54.516+0000] {logging_mixin.py:190} INFO - [2026-04-29T22:57:54.505+0000] {dagbag.py:387} ERROR - Failed to import: /opt/airflow/dags/main.py
Traceback (most recent call last):
  File "/home/airflow/.local/lib/python3.12/site-packages/airflow/models/dagbag.py", line 383, in parse
    loader.exec_module(new_module)
  File "<frozen importlib._bootstrap_external>", line 999, in exec_module
  File "<frozen importlib._bootstrap>", line 488, in _call_with_frames_removed
  File "/opt/airflow/dags/main.py", line 26, in <module>
    from services.consumer import consume_orders
  File "/opt/airflow/services/consumer.py", line 74, in <module>
    from confluent_kafka import Consumer, KafkaException
ModuleNotFoundError: No module named 'confluent_kafka'
[2026-04-29T22:57:54.519+0000] {processor.py:927} WARNING - No viable dags retrieved from /opt/airflow/dags/main.py
[2026-04-29T22:57:54.549+0000] {processor.py:208} INFO - Processing /opt/airflow/dags/main.py took 0.249 seconds
[2026-04-29T22:58:24.767+0000] {processor.py:186} INFO - Started process (PID=110) to work on /opt/airflow/dags/main.py
[2026-04-29T22:58:24.768+0000] {processor.py:914} INFO - Processing file /opt/airflow/dags/main.py for tasks to queue
[2026-04-29T22:58:24.770+0000] {logging_mixin.py:190} INFO - [2026-04-29T22:58:24.769+0000] {dagbag.py:588} INFO - Filling up the DagBag from /opt/airflow/dags/main.py
[2026-04-29T22:58:24.931+0000] {logging_mixin.py:190} INFO - [2026-04-29T22:58:24.918+0000] {dagbag.py:387} ERROR - Failed to import: /opt/airflow/dags/main.py
Traceback (most recent call last):
  File "/home/airflow/.local/lib/python3.12/site-packages/airflow/models/dagbag.py", line 383, in parse
    loader.exec_module(new_module)
  File "<frozen importlib._bootstrap_external>", line 999, in exec_module
  File "<frozen importlib._bootstrap>", line 488, in _call_with_frames_removed
  File "/opt/airflow/dags/main.py", line 26, in <module>
    from services.consumer import consume_orders
  File "/opt/airflow/services/consumer.py", line 74, in <module>
    from confluent_kafka import Consumer, KafkaException
ModuleNotFoundError: No module named 'confluent_kafka'
[2026-04-29T22:58:24.934+0000] {processor.py:927} WARNING - No viable dags retrieved from /opt/airflow/dags/main.py
[2026-04-29T22:58:24.970+0000] {processor.py:208} INFO - Processing /opt/airflow/dags/main.py took 0.212 seconds
[2026-04-29T22:58:55.063+0000] {processor.py:186} INFO - Started process (PID=117) to work on /opt/airflow/dags/main.py
[2026-04-29T22:58:55.065+0000] {processor.py:914} INFO - Processing file /opt/airflow/dags/main.py for tasks to queue
[2026-04-29T22:58:55.067+0000] {logging_mixin.py:190} INFO - [2026-04-29T22:58:55.066+0000] {dagbag.py:588} INFO - Filling up the DagBag from /opt/airflow/dags/main.py
[2026-04-29T22:58:55.260+0000] {logging_mixin.py:190} INFO - [2026-04-29T22:58:55.245+0000] {dagbag.py:387} ERROR - Failed to import: /opt/airflow/dags/main.py
Traceback (most recent call last):
  File "/home/airflow/.local/lib/python3.12/site-packages/airflow/models/dagbag.py", line 383, in parse
    loader.exec_module(new_module)
  File "<frozen importlib._bootstrap_external>", line 999, in exec_module
  File "<frozen importlib._bootstrap>", line 488, in _call_with_frames_removed
  File "/opt/airflow/dags/main.py", line 26, in <module>
    from services.consumer import consume_orders
  File "/opt/airflow/services/consumer.py", line 74, in <module>
    from confluent_kafka import Consumer, KafkaException
ModuleNotFoundError: No module named 'confluent_kafka'
[2026-04-29T22:58:55.264+0000] {processor.py:927} WARNING - No viable dags retrieved from /opt/airflow/dags/main.py
[2026-04-29T22:58:55.292+0000] {processor.py:208} INFO - Processing /opt/airflow/dags/main.py took 0.242 seconds
[2026-04-29T22:59:26.409+0000] {processor.py:186} INFO - Started process (PID=124) to work on /opt/airflow/dags/main.py
[2026-04-29T22:59:26.411+0000] {processor.py:914} INFO - Processing file /opt/airflow/dags/main.py for tasks to queue
[2026-04-29T22:59:26.414+0000] {logging_mixin.py:190} INFO - [2026-04-29T22:59:26.413+0000] {dagbag.py:588} INFO - Filling up the DagBag from /opt/airflow/dags/main.py
[2026-04-29T22:59:26.650+0000] {logging_mixin.py:190} INFO - [2026-04-29T22:59:26.637+0000] {dagbag.py:387} ERROR - Failed to import: /opt/airflow/dags/main.py
Traceback (most recent call last):
  File "/home/airflow/.local/lib/python3.12/site-packages/airflow/models/dagbag.py", line 383, in parse
    loader.exec_module(new_module)
  File "<frozen importlib._bootstrap_external>", line 999, in exec_module
  File "<frozen importlib._bootstrap>", line 488, in _call_with_frames_removed
  File "/opt/airflow/dags/main.py", line 26, in <module>
    from services.consumer import consume_orders
  File "/opt/airflow/services/consumer.py", line 74, in <module>
    from confluent_kafka import Consumer, KafkaException
ModuleNotFoundError: No module named 'confluent_kafka'
[2026-04-29T22:59:26.655+0000] {processor.py:927} WARNING - No viable dags retrieved from /opt/airflow/dags/main.py
[2026-04-29T22:59:26.700+0000] {processor.py:208} INFO - Processing /opt/airflow/dags/main.py took 0.308 seconds
[2026-04-29T22:59:56.989+0000] {processor.py:186} INFO - Started process (PID=131) to work on /opt/airflow/dags/main.py
[2026-04-29T22:59:56.993+0000] {processor.py:914} INFO - Processing file /opt/airflow/dags/main.py for tasks to queue
[2026-04-29T22:59:56.996+0000] {logging_mixin.py:190} INFO - [2026-04-29T22:59:56.995+0000] {dagbag.py:588} INFO - Filling up the DagBag from /opt/airflow/dags/main.py
[2026-04-29T22:59:57.231+0000] {logging_mixin.py:190} INFO - [2026-04-29T22:59:57.216+0000] {dagbag.py:387} ERROR - Failed to import: /opt/airflow/dags/main.py
Traceback (most recent call last):
  File "/home/airflow/.local/lib/python3.12/site-packages/airflow/models/dagbag.py", line 383, in parse
    loader.exec_module(new_module)
  File "<frozen importlib._bootstrap_external>", line 999, in exec_module
  File "<frozen importlib._bootstrap>", line 488, in _call_with_frames_removed
  File "/opt/airflow/dags/main.py", line 26, in <module>
    from services.consumer import consume_orders
  File "/opt/airflow/services/consumer.py", line 74, in <module>
    from confluent_kafka import Consumer, KafkaException
ModuleNotFoundError: No module named 'confluent_kafka'
[2026-04-29T22:59:57.236+0000] {processor.py:927} WARNING - No viable dags retrieved from /opt/airflow/dags/main.py
[2026-04-29T22:59:57.276+0000] {processor.py:208} INFO - Processing /opt/airflow/dags/main.py took 0.307 seconds
[2026-04-29T23:00:27.510+0000] {processor.py:186} INFO - Started process (PID=138) to work on /opt/airflow/dags/main.py
[2026-04-29T23:00:27.513+0000] {processor.py:914} INFO - Processing file /opt/airflow/dags/main.py for tasks to queue
[2026-04-29T23:00:27.516+0000] {logging_mixin.py:190} INFO - [2026-04-29T23:00:27.515+0000] {dagbag.py:588} INFO - Filling up the DagBag from /opt/airflow/dags/main.py
[2026-04-29T23:00:27.700+0000] {logging_mixin.py:190} INFO - [2026-04-29T23:00:27.684+0000] {dagbag.py:387} ERROR - Failed to import: /opt/airflow/dags/main.py
Traceback (most recent call last):
  File "/home/airflow/.local/lib/python3.12/site-packages/airflow/models/dagbag.py", line 383, in parse
    loader.exec_module(new_module)
  File "<frozen importlib._bootstrap_external>", line 999, in exec_module
  File "<frozen importlib._bootstrap>", line 488, in _call_with_frames_removed
  File "/opt/airflow/dags/main.py", line 26, in <module>
    from services.consumer import consume_orders
  File "/opt/airflow/services/consumer.py", line 74, in <module>
    from confluent_kafka import Consumer, KafkaException
ModuleNotFoundError: No module named 'confluent_kafka'
[2026-04-29T23:00:27.705+0000] {processor.py:927} WARNING - No viable dags retrieved from /opt/airflow/dags/main.py
[2026-04-29T23:00:27.745+0000] {processor.py:208} INFO - Processing /opt/airflow/dags/main.py took 0.243 seconds
[2026-04-29T23:00:57.917+0000] {processor.py:186} INFO - Started process (PID=145) to work on /opt/airflow/dags/main.py
[2026-04-29T23:00:57.919+0000] {processor.py:914} INFO - Processing file /opt/airflow/dags/main.py for tasks to queue
[2026-04-29T23:00:57.922+0000] {logging_mixin.py:190} INFO - [2026-04-29T23:00:57.921+0000] {dagbag.py:588} INFO - Filling up the DagBag from /opt/airflow/dags/main.py
[2026-04-29T23:00:58.136+0000] {logging_mixin.py:190} INFO - [2026-04-29T23:00:58.122+0000] {dagbag.py:387} ERROR - Failed to import: /opt/airflow/dags/main.py
Traceback (most recent call last):
  File "/home/airflow/.local/lib/python3.12/site-packages/airflow/models/dagbag.py", line 383, in parse
    loader.exec_module(new_module)
  File "<frozen importlib._bootstrap_external>", line 999, in exec_module
  File "<frozen importlib._bootstrap>", line 488, in _call_with_frames_removed
  File "/opt/airflow/dags/main.py", line 26, in <module>
    from services.consumer import consume_orders
  File "/opt/airflow/services/consumer.py", line 74, in <module>
    from confluent_kafka import Consumer, KafkaException
ModuleNotFoundError: No module named 'confluent_kafka'
[2026-04-29T23:00:58.141+0000] {processor.py:927} WARNING - No viable dags retrieved from /opt/airflow/dags/main.py
[2026-04-29T23:00:58.179+0000] {processor.py:208} INFO - Processing /opt/airflow/dags/main.py took 0.276 seconds
[2026-04-29T23:01:28.307+0000] {processor.py:186} INFO - Started process (PID=158) to work on /opt/airflow/dags/main.py
[2026-04-29T23:01:28.309+0000] {processor.py:914} INFO - Processing file /opt/airflow/dags/main.py for tasks to queue
[2026-04-29T23:01:28.311+0000] {logging_mixin.py:190} INFO - [2026-04-29T23:01:28.310+0000] {dagbag.py:588} INFO - Filling up the DagBag from /opt/airflow/dags/main.py
[2026-04-29T23:01:28.504+0000] {logging_mixin.py:190} INFO - [2026-04-29T23:01:28.486+0000] {dagbag.py:387} ERROR - Failed to import: /opt/airflow/dags/main.py
Traceback (most recent call last):
  File "/home/airflow/.local/lib/python3.12/site-packages/airflow/models/dagbag.py", line 383, in parse
    loader.exec_module(new_module)
  File "<frozen importlib._bootstrap_external>", line 999, in exec_module
  File "<frozen importlib._bootstrap>", line 488, in _call_with_frames_removed
  File "/opt/airflow/dags/main.py", line 26, in <module>
    from services.consumer import consume_orders
  File "/opt/airflow/services/consumer.py", line 74, in <module>
    from confluent_kafka import Consumer, KafkaException
ModuleNotFoundError: No module named 'confluent_kafka'
[2026-04-29T23:01:28.509+0000] {processor.py:927} WARNING - No viable dags retrieved from /opt/airflow/dags/main.py
[2026-04-29T23:01:28.547+0000] {processor.py:208} INFO - Processing /opt/airflow/dags/main.py took 0.255 seconds
[2026-04-29T23:01:58.935+0000] {processor.py:186} INFO - Started process (PID=165) to work on /opt/airflow/dags/main.py
[2026-04-29T23:01:58.936+0000] {processor.py:914} INFO - Processing file /opt/airflow/dags/main.py for tasks to queue
[2026-04-29T23:01:58.939+0000] {logging_mixin.py:190} INFO - [2026-04-29T23:01:58.938+0000] {dagbag.py:588} INFO - Filling up the DagBag from /opt/airflow/dags/main.py
[2026-04-29T23:01:59.704+0000] {logging_mixin.py:190} INFO - [2026-04-29T23:01:59.692+0000] {dagbag.py:387} ERROR - Failed to import: /opt/airflow/dags/main.py
Traceback (most recent call last):
  File "/home/airflow/.local/lib/python3.12/site-packages/airflow/models/dagbag.py", line 383, in parse
    loader.exec_module(new_module)
  File "<frozen importlib._bootstrap_external>", line 999, in exec_module
  File "<frozen importlib._bootstrap>", line 488, in _call_with_frames_removed
  File "/opt/airflow/dags/main.py", line 26, in <module>
    from services.consumer import consume_orders
  File "/opt/airflow/services/consumer.py", line 74, in <module>
    from confluent_kafka import Consumer, KafkaException
ModuleNotFoundError: No module named 'confluent_kafka'
[2026-04-29T23:01:59.708+0000] {processor.py:927} WARNING - No viable dags retrieved from /opt/airflow/dags/main.py
[2026-04-29T23:01:59.742+0000] {processor.py:208} INFO - Processing /opt/airflow/dags/main.py took 0.817 seconds
[2026-04-29T23:02:29.810+0000] {processor.py:186} INFO - Started process (PID=171) to work on /opt/airflow/dags/main.py
[2026-04-29T23:02:29.812+0000] {processor.py:914} INFO - Processing file /opt/airflow/dags/main.py for tasks to queue
[2026-04-29T23:02:29.813+0000] {logging_mixin.py:190} INFO - [2026-04-29T23:02:29.813+0000] {dagbag.py:588} INFO - Filling up the DagBag from /opt/airflow/dags/main.py
[2026-04-29T23:02:29.969+0000] {logging_mixin.py:190} INFO - [2026-04-29T23:02:29.955+0000] {dagbag.py:387} ERROR - Failed to import: /opt/airflow/dags/main.py
Traceback (most recent call last):
  File "/home/airflow/.local/lib/python3.12/site-packages/airflow/models/dagbag.py", line 383, in parse
    loader.exec_module(new_module)
  File "<frozen importlib._bootstrap_external>", line 999, in exec_module
  File "<frozen importlib._bootstrap>", line 488, in _call_with_frames_removed
  File "/opt/airflow/dags/main.py", line 26, in <module>
    from services.consumer import consume_orders
  File "/opt/airflow/services/consumer.py", line 74, in <module>
    from confluent_kafka import Consumer, KafkaException
ModuleNotFoundError: No module named 'confluent_kafka'
[2026-04-29T23:02:29.973+0000] {processor.py:927} WARNING - No viable dags retrieved from /opt/airflow/dags/main.py
[2026-04-29T23:02:30.021+0000] {processor.py:208} INFO - Processing /opt/airflow/dags/main.py took 0.219 seconds
[2026-04-29T23:03:00.206+0000] {processor.py:186} INFO - Started process (PID=178) to work on /opt/airflow/dags/main.py
[2026-04-29T23:03:00.209+0000] {processor.py:914} INFO - Processing file /opt/airflow/dags/main.py for tasks to queue
[2026-04-29T23:03:00.211+0000] {logging_mixin.py:190} INFO - [2026-04-29T23:03:00.210+0000] {dagbag.py:588} INFO - Filling up the DagBag from /opt/airflow/dags/main.py
[2026-04-29T23:03:00.386+0000] {logging_mixin.py:190} INFO - [2026-04-29T23:03:00.375+0000] {dagbag.py:387} ERROR - Failed to import: /opt/airflow/dags/main.py
Traceback (most recent call last):
  File "/home/airflow/.local/lib/python3.12/site-packages/airflow/models/dagbag.py", line 383, in parse
    loader.exec_module(new_module)
  File "<frozen importlib._bootstrap_external>", line 999, in exec_module
  File "<frozen importlib._bootstrap>", line 488, in _call_with_frames_removed
  File "/opt/airflow/dags/main.py", line 26, in <module>
    from services.consumer import consume_orders
  File "/opt/airflow/services/consumer.py", line 74, in <module>
    from confluent_kafka import Consumer, KafkaException
ModuleNotFoundError: No module named 'confluent_kafka'
[2026-04-29T23:03:00.390+0000] {processor.py:927} WARNING - No viable dags retrieved from /opt/airflow/dags/main.py
[2026-04-29T23:03:00.420+0000] {processor.py:208} INFO - Processing /opt/airflow/dags/main.py took 0.223 seconds
[2026-04-29T23:03:30.798+0000] {processor.py:186} INFO - Started process (PID=185) to work on /opt/airflow/dags/main.py
[2026-04-29T23:03:30.800+0000] {processor.py:914} INFO - Processing file /opt/airflow/dags/main.py for tasks to queue
[2026-04-29T23:03:30.803+0000] {logging_mixin.py:190} INFO - [2026-04-29T23:03:30.802+0000] {dagbag.py:588} INFO - Filling up the DagBag from /opt/airflow/dags/main.py
[2026-04-29T23:03:31.007+0000] {logging_mixin.py:190} INFO - [2026-04-29T23:03:30.992+0000] {dagbag.py:387} ERROR - Failed to import: /opt/airflow/dags/main.py
Traceback (most recent call last):
  File "/home/airflow/.local/lib/python3.12/site-packages/airflow/models/dagbag.py", line 383, in parse
    loader.exec_module(new_module)
  File "<frozen importlib._bootstrap_external>", line 999, in exec_module
  File "<frozen importlib._bootstrap>", line 488, in _call_with_frames_removed
  File "/opt/airflow/dags/main.py", line 26, in <module>
    from services.consumer import consume_orders
  File "/opt/airflow/services/consumer.py", line 74, in <module>
    from confluent_kafka import Consumer, KafkaException
ModuleNotFoundError: No module named 'confluent_kafka'
[2026-04-29T23:03:31.012+0000] {processor.py:927} WARNING - No viable dags retrieved from /opt/airflow/dags/main.py
[2026-04-29T23:03:31.046+0000] {processor.py:208} INFO - Processing /opt/airflow/dags/main.py took 0.261 seconds
[2026-04-29T23:04:01.324+0000] {processor.py:186} INFO - Started process (PID=192) to work on /opt/airflow/dags/main.py
[2026-04-29T23:04:01.325+0000] {processor.py:914} INFO - Processing file /opt/airflow/dags/main.py for tasks to queue
[2026-04-29T23:04:01.327+0000] {logging_mixin.py:190} INFO - [2026-04-29T23:04:01.326+0000] {dagbag.py:588} INFO - Filling up the DagBag from /opt/airflow/dags/main.py
[2026-04-29T23:04:01.455+0000] {logging_mixin.py:190} INFO - [2026-04-29T23:04:01.443+0000] {dagbag.py:387} ERROR - Failed to import: /opt/airflow/dags/main.py
Traceback (most recent call last):
  File "/home/airflow/.local/lib/python3.12/site-packages/airflow/models/dagbag.py", line 383, in parse
    loader.exec_module(new_module)
  File "<frozen importlib._bootstrap_external>", line 999, in exec_module
  File "<frozen importlib._bootstrap>", line 488, in _call_with_frames_removed
  File "/opt/airflow/dags/main.py", line 26, in <module>
    from services.consumer import consume_orders
  File "/opt/airflow/services/consumer.py", line 74, in <module>
    from confluent_kafka import Consumer, KafkaException
ModuleNotFoundError: No module named 'confluent_kafka'
[2026-04-29T23:04:01.458+0000] {processor.py:927} WARNING - No viable dags retrieved from /opt/airflow/dags/main.py
[2026-04-29T23:04:01.480+0000] {processor.py:208} INFO - Processing /opt/airflow/dags/main.py took 0.163 seconds
[2026-04-29T23:04:32.319+0000] {processor.py:186} INFO - Started process (PID=199) to work on /opt/airflow/dags/main.py
[2026-04-29T23:04:32.321+0000] {processor.py:914} INFO - Processing file /opt/airflow/dags/main.py for tasks to queue
[2026-04-29T23:04:32.322+0000] {logging_mixin.py:190} INFO - [2026-04-29T23:04:32.322+0000] {dagbag.py:588} INFO - Filling up the DagBag from /opt/airflow/dags/main.py
[2026-04-29T23:04:32.757+0000] {logging_mixin.py:190} INFO - [2026-04-29T23:04:32.465+0000] {dagbag.py:387} ERROR - Failed to import: /opt/airflow/dags/main.py
Traceback (most recent call last):
  File "/home/airflow/.local/lib/python3.12/site-packages/airflow/models/dagbag.py", line 383, in parse
    loader.exec_module(new_module)
  File "<frozen importlib._bootstrap_external>", line 999, in exec_module
  File "<frozen importlib._bootstrap>", line 488, in _call_with_frames_removed
  File "/opt/airflow/dags/main.py", line 26, in <module>
    from services.consumer import consume_orders
  File "/opt/airflow/services/consumer.py", line 74, in <module>
    from confluent_kafka import Consumer, KafkaException
ModuleNotFoundError: No module named 'confluent_kafka'
[2026-04-29T23:04:32.761+0000] {processor.py:927} WARNING - No viable dags retrieved from /opt/airflow/dags/main.py
[2026-04-29T23:04:32.793+0000] {processor.py:208} INFO - Processing /opt/airflow/dags/main.py took 0.483 seconds
[2026-04-29T23:05:03.071+0000] {processor.py:186} INFO - Started process (PID=206) to work on /opt/airflow/dags/main.py
[2026-04-29T23:05:03.073+0000] {processor.py:914} INFO - Processing file /opt/airflow/dags/main.py for tasks to queue
[2026-04-29T23:05:03.075+0000] {logging_mixin.py:190} INFO - [2026-04-29T23:05:03.074+0000] {dagbag.py:588} INFO - Filling up the DagBag from /opt/airflow/dags/main.py
[2026-04-29T23:05:03.458+0000] {logging_mixin.py:190} INFO - [2026-04-29T23:05:03.446+0000] {dagbag.py:387} ERROR - Failed to import: /opt/airflow/dags/main.py
Traceback (most recent call last):
  File "/home/airflow/.local/lib/python3.12/site-packages/airflow/models/dagbag.py", line 383, in parse
    loader.exec_module(new_module)
  File "<frozen importlib._bootstrap_external>", line 999, in exec_module
  File "<frozen importlib._bootstrap>", line 488, in _call_with_frames_removed
  File "/opt/airflow/dags/main.py", line 26, in <module>
    from services.consumer import consume_orders
  File "/opt/airflow/services/consumer.py", line 74, in <module>
    from confluent_kafka import Consumer, KafkaException
ModuleNotFoundError: No module named 'confluent_kafka'
[2026-04-29T23:05:03.461+0000] {processor.py:927} WARNING - No viable dags retrieved from /opt/airflow/dags/main.py
[2026-04-29T23:05:03.486+0000] {processor.py:208} INFO - Processing /opt/airflow/dags/main.py took 0.426 seconds
[2026-04-29T23:05:33.986+0000] {processor.py:186} INFO - Started process (PID=213) to work on /opt/airflow/dags/main.py
[2026-04-29T23:05:33.987+0000] {processor.py:914} INFO - Processing file /opt/airflow/dags/main.py for tasks to queue
[2026-04-29T23:05:33.990+0000] {logging_mixin.py:190} INFO - [2026-04-29T23:05:33.989+0000] {dagbag.py:588} INFO - Filling up the DagBag from /opt/airflow/dags/main.py
[2026-04-29T23:05:34.200+0000] {logging_mixin.py:190} INFO - [2026-04-29T23:05:34.185+0000] {dagbag.py:387} ERROR - Failed to import: /opt/airflow/dags/main.py
Traceback (most recent call last):
  File "/home/airflow/.local/lib/python3.12/site-packages/airflow/models/dagbag.py", line 383, in parse
    loader.exec_module(new_module)
  File "<frozen importlib._bootstrap_external>", line 999, in exec_module
  File "<frozen importlib._bootstrap>", line 488, in _call_with_frames_removed
  File "/opt/airflow/dags/main.py", line 26, in <module>
    from services.consumer import consume_orders
  File "/opt/airflow/services/consumer.py", line 74, in <module>
    from confluent_kafka import Consumer, KafkaException
ModuleNotFoundError: No module named 'confluent_kafka'
[2026-04-29T23:05:34.205+0000] {processor.py:927} WARNING - No viable dags retrieved from /opt/airflow/dags/main.py
[2026-04-29T23:05:34.238+0000] {processor.py:208} INFO - Processing /opt/airflow/dags/main.py took 0.265 seconds
[2026-04-29T23:06:04.463+0000] {processor.py:186} INFO - Started process (PID=220) to work on /opt/airflow/dags/main.py
[2026-04-29T23:06:04.465+0000] {processor.py:914} INFO - Processing file /opt/airflow/dags/main.py for tasks to queue
[2026-04-29T23:06:04.469+0000] {logging_mixin.py:190} INFO - [2026-04-29T23:06:04.467+0000] {dagbag.py:588} INFO - Filling up the DagBag from /opt/airflow/dags/main.py
[2026-04-29T23:06:04.669+0000] {logging_mixin.py:190} INFO - [2026-04-29T23:06:04.655+0000] {dagbag.py:387} ERROR - Failed to import: /opt/airflow/dags/main.py
Traceback (most recent call last):
  File "/home/airflow/.local/lib/python3.12/site-packages/airflow/models/dagbag.py", line 383, in parse
    loader.exec_module(new_module)
  File "<frozen importlib._bootstrap_external>", line 999, in exec_module
  File "<frozen importlib._bootstrap>", line 488, in _call_with_frames_removed
  File "/opt/airflow/dags/main.py", line 26, in <module>
    from services.consumer import consume_orders
  File "/opt/airflow/services/consumer.py", line 74, in <module>
    from confluent_kafka import Consumer, KafkaException
ModuleNotFoundError: No module named 'confluent_kafka'
[2026-04-29T23:06:04.673+0000] {processor.py:927} WARNING - No viable dags retrieved from /opt/airflow/dags/main.py
[2026-04-29T23:06:04.715+0000] {processor.py:208} INFO - Processing /opt/airflow/dags/main.py took 0.265 seconds
[2026-04-29T23:06:34.906+0000] {processor.py:186} INFO - Started process (PID=227) to work on /opt/airflow/dags/main.py
[2026-04-29T23:06:34.908+0000] {processor.py:914} INFO - Processing file /opt/airflow/dags/main.py for tasks to queue
[2026-04-29T23:06:34.911+0000] {logging_mixin.py:190} INFO - [2026-04-29T23:06:34.910+0000] {dagbag.py:588} INFO - Filling up the DagBag from /opt/airflow/dags/main.py
[2026-04-29T23:06:35.075+0000] {logging_mixin.py:190} INFO - [2026-04-29T23:06:35.061+0000] {dagbag.py:387} ERROR - Failed to import: /opt/airflow/dags/main.py
Traceback (most recent call last):
  File "/home/airflow/.local/lib/python3.12/site-packages/airflow/models/dagbag.py", line 383, in parse
    loader.exec_module(new_module)
  File "<frozen importlib._bootstrap_external>", line 999, in exec_module
  File "<frozen importlib._bootstrap>", line 488, in _call_with_frames_removed
  File "/opt/airflow/dags/main.py", line 26, in <module>
    from services.consumer import consume_orders
  File "/opt/airflow/services/consumer.py", line 74, in <module>
    from confluent_kafka import Consumer, KafkaException
ModuleNotFoundError: No module named 'confluent_kafka'
[2026-04-29T23:06:35.079+0000] {processor.py:927} WARNING - No viable dags retrieved from /opt/airflow/dags/main.py
[2026-04-29T23:06:35.108+0000] {processor.py:208} INFO - Processing /opt/airflow/dags/main.py took 0.212 seconds
[2026-04-29T23:07:05.233+0000] {processor.py:186} INFO - Started process (PID=234) to work on /opt/airflow/dags/main.py
[2026-04-29T23:07:05.235+0000] {processor.py:914} INFO - Processing file /opt/airflow/dags/main.py for tasks to queue
[2026-04-29T23:07:05.238+0000] {logging_mixin.py:190} INFO - [2026-04-29T23:07:05.237+0000] {dagbag.py:588} INFO - Filling up the DagBag from /opt/airflow/dags/main.py
[2026-04-29T23:07:05.450+0000] {logging_mixin.py:190} INFO - [2026-04-29T23:07:05.437+0000] {dagbag.py:387} ERROR - Failed to import: /opt/airflow/dags/main.py
Traceback (most recent call last):
  File "/home/airflow/.local/lib/python3.12/site-packages/airflow/models/dagbag.py", line 383, in parse
    loader.exec_module(new_module)
  File "<frozen importlib._bootstrap_external>", line 999, in exec_module
  File "<frozen importlib._bootstrap>", line 488, in _call_with_frames_removed
  File "/opt/airflow/dags/main.py", line 26, in <module>
    from services.consumer import consume_orders
  File "/opt/airflow/services/consumer.py", line 74, in <module>
    from confluent_kafka import Consumer, KafkaException
ModuleNotFoundError: No module named 'confluent_kafka'
[2026-04-29T23:07:05.453+0000] {processor.py:927} WARNING - No viable dags retrieved from /opt/airflow/dags/main.py
[2026-04-29T23:07:05.492+0000] {processor.py:208} INFO - Processing /opt/airflow/dags/main.py took 0.276 seconds
[2026-04-29T23:07:35.702+0000] {processor.py:186} INFO - Started process (PID=241) to work on /opt/airflow/dags/main.py
[2026-04-29T23:07:35.705+0000] {processor.py:914} INFO - Processing file /opt/airflow/dags/main.py for tasks to queue
[2026-04-29T23:07:35.707+0000] {logging_mixin.py:190} INFO - [2026-04-29T23:07:35.706+0000] {dagbag.py:588} INFO - Filling up the DagBag from /opt/airflow/dags/main.py
[2026-04-29T23:07:36.425+0000] {logging_mixin.py:190} INFO - [2026-04-29T23:07:36.410+0000] {dagbag.py:387} ERROR - Failed to import: /opt/airflow/dags/main.py
Traceback (most recent call last):
  File "/home/airflow/.local/lib/python3.12/site-packages/airflow/models/dagbag.py", line 383, in parse
    loader.exec_module(new_module)
  File "<frozen importlib._bootstrap_external>", line 999, in exec_module
  File "<frozen importlib._bootstrap>", line 488, in _call_with_frames_removed
  File "/opt/airflow/dags/main.py", line 26, in <module>
    from services.consumer import consume_orders
  File "/opt/airflow/services/consumer.py", line 74, in <module>
    from confluent_kafka import Consumer, KafkaException
ModuleNotFoundError: No module named 'confluent_kafka'
[2026-04-29T23:07:36.430+0000] {processor.py:927} WARNING - No viable dags retrieved from /opt/airflow/dags/main.py
[2026-04-29T23:07:36.469+0000] {processor.py:208} INFO - Processing /opt/airflow/dags/main.py took 0.783 seconds
[2026-04-29T23:08:06.852+0000] {processor.py:186} INFO - Started process (PID=254) to work on /opt/airflow/dags/main.py
[2026-04-29T23:08:06.854+0000] {processor.py:914} INFO - Processing file /opt/airflow/dags/main.py for tasks to queue
[2026-04-29T23:08:06.855+0000] {logging_mixin.py:190} INFO - [2026-04-29T23:08:06.855+0000] {dagbag.py:588} INFO - Filling up the DagBag from /opt/airflow/dags/main.py
[2026-04-29T23:08:07.005+0000] {logging_mixin.py:190} INFO - [2026-04-29T23:08:06.991+0000] {dagbag.py:387} ERROR - Failed to import: /opt/airflow/dags/main.py
Traceback (most recent call last):
  File "/home/airflow/.local/lib/python3.12/site-packages/airflow/models/dagbag.py", line 383, in parse
    loader.exec_module(new_module)
  File "<frozen importlib._bootstrap_external>", line 999, in exec_module
  File "<frozen importlib._bootstrap>", line 488, in _call_with_frames_removed
  File "/opt/airflow/dags/main.py", line 26, in <module>
    from services.consumer import consume_orders
  File "/opt/airflow/services/consumer.py", line 74, in <module>
    from confluent_kafka import Consumer, KafkaException
ModuleNotFoundError: No module named 'confluent_kafka'
[2026-04-29T23:08:07.009+0000] {processor.py:927} WARNING - No viable dags retrieved from /opt/airflow/dags/main.py
[2026-04-29T23:08:07.039+0000] {processor.py:208} INFO - Processing /opt/airflow/dags/main.py took 0.194 seconds
[2026-04-29T23:08:37.128+0000] {processor.py:186} INFO - Started process (PID=261) to work on /opt/airflow/dags/main.py
[2026-04-29T23:08:37.130+0000] {processor.py:914} INFO - Processing file /opt/airflow/dags/main.py for tasks to queue
[2026-04-29T23:08:37.131+0000] {logging_mixin.py:190} INFO - [2026-04-29T23:08:37.131+0000] {dagbag.py:588} INFO - Filling up the DagBag from /opt/airflow/dags/main.py
[2026-04-29T23:08:37.259+0000] {logging_mixin.py:190} INFO - [2026-04-29T23:08:37.247+0000] {dagbag.py:387} ERROR - Failed to import: /opt/airflow/dags/main.py
Traceback (most recent call last):
  File "/home/airflow/.local/lib/python3.12/site-packages/airflow/models/dagbag.py", line 383, in parse
    loader.exec_module(new_module)
  File "<frozen importlib._bootstrap_external>", line 999, in exec_module
  File "<frozen importlib._bootstrap>", line 488, in _call_with_frames_removed
  File "/opt/airflow/dags/main.py", line 26, in <module>
    from services.consumer import consume_orders
  File "/opt/airflow/services/consumer.py", line 74, in <module>
    from confluent_kafka import Consumer, KafkaException
ModuleNotFoundError: No module named 'confluent_kafka'
[2026-04-29T23:08:37.261+0000] {processor.py:927} WARNING - No viable dags retrieved from /opt/airflow/dags/main.py
[2026-04-29T23:08:37.287+0000] {processor.py:208} INFO - Processing /opt/airflow/dags/main.py took 0.167 seconds
[2026-04-29T23:09:07.355+0000] {processor.py:186} INFO - Started process (PID=268) to work on /opt/airflow/dags/main.py
[2026-04-29T23:09:07.356+0000] {processor.py:914} INFO - Processing file /opt/airflow/dags/main.py for tasks to queue
[2026-04-29T23:09:07.359+0000] {logging_mixin.py:190} INFO - [2026-04-29T23:09:07.358+0000] {dagbag.py:588} INFO - Filling up the DagBag from /opt/airflow/dags/main.py
[2026-04-29T23:09:07.531+0000] {logging_mixin.py:190} INFO - [2026-04-29T23:09:07.516+0000] {dagbag.py:387} ERROR - Failed to import: /opt/airflow/dags/main.py
Traceback (most recent call last):
  File "/home/airflow/.local/lib/python3.12/site-packages/airflow/models/dagbag.py", line 383, in parse
    loader.exec_module(new_module)
  File "<frozen importlib._bootstrap_external>", line 999, in exec_module
  File "<frozen importlib._bootstrap>", line 488, in _call_with_frames_removed
  File "/opt/airflow/dags/main.py", line 26, in <module>
    from services.consumer import consume_orders
  File "/opt/airflow/services/consumer.py", line 74, in <module>
    from confluent_kafka import Consumer, KafkaException
ModuleNotFoundError: No module named 'confluent_kafka'
[2026-04-29T23:09:07.535+0000] {processor.py:927} WARNING - No viable dags retrieved from /opt/airflow/dags/main.py
[2026-04-29T23:09:07.566+0000] {processor.py:208} INFO - Processing /opt/airflow/dags/main.py took 0.223 seconds
[2026-04-29T23:09:37.734+0000] {processor.py:186} INFO - Started process (PID=275) to work on /opt/airflow/dags/main.py
[2026-04-29T23:09:37.736+0000] {processor.py:914} INFO - Processing file /opt/airflow/dags/main.py for tasks to queue
[2026-04-29T23:09:37.738+0000] {logging_mixin.py:190} INFO - [2026-04-29T23:09:37.737+0000] {dagbag.py:588} INFO - Filling up the DagBag from /opt/airflow/dags/main.py
[2026-04-29T23:09:37.915+0000] {logging_mixin.py:190} INFO - [2026-04-29T23:09:37.902+0000] {dagbag.py:387} ERROR - Failed to import: /opt/airflow/dags/main.py
Traceback (most recent call last):
  File "/home/airflow/.local/lib/python3.12/site-packages/airflow/models/dagbag.py", line 383, in parse
    loader.exec_module(new_module)
  File "<frozen importlib._bootstrap_external>", line 999, in exec_module
  File "<frozen importlib._bootstrap>", line 488, in _call_with_frames_removed
  File "/opt/airflow/dags/main.py", line 26, in <module>
    from services.consumer import consume_orders
  File "/opt/airflow/services/consumer.py", line 74, in <module>
    from confluent_kafka import Consumer, KafkaException
ModuleNotFoundError: No module named 'confluent_kafka'
[2026-04-29T23:09:37.918+0000] {processor.py:927} WARNING - No viable dags retrieved from /opt/airflow/dags/main.py
[2026-04-29T23:09:37.949+0000] {processor.py:208} INFO - Processing /opt/airflow/dags/main.py took 0.224 seconds
[2026-04-29T23:21:28.350+0000] {processor.py:186} INFO - Started process (PID=67) to work on /opt/airflow/dags/main.py
[2026-04-29T23:21:28.357+0000] {processor.py:914} INFO - Processing file /opt/airflow/dags/main.py for tasks to queue
[2026-04-29T23:21:28.382+0000] {logging_mixin.py:190} INFO - [2026-04-29T23:21:28.381+0000] {dagbag.py:588} INFO - Filling up the DagBag from /opt/airflow/dags/main.py
[2026-04-29T23:21:30.215+0000] {logging_mixin.py:190} INFO - [2026-04-29T23:21:30.191+0000] {dagbag.py:387} ERROR - Failed to import: /opt/airflow/dags/main.py
Traceback (most recent call last):
  File "/home/airflow/.local/lib/python3.12/site-packages/airflow/models/dagbag.py", line 383, in parse
    loader.exec_module(new_module)
  File "<frozen importlib._bootstrap_external>", line 999, in exec_module
  File "<frozen importlib._bootstrap>", line 488, in _call_with_frames_removed
  File "/opt/airflow/dags/main.py", line 26, in <module>
    from services.consumer import consume_orders
  File "/opt/airflow/services/consumer.py", line 74, in <module>
    from confluent_kafka import Consumer, KafkaException
ModuleNotFoundError: No module named 'confluent_kafka'
[2026-04-29T23:21:30.221+0000] {processor.py:927} WARNING - No viable dags retrieved from /opt/airflow/dags/main.py
[2026-04-29T23:21:30.296+0000] {processor.py:208} INFO - Processing /opt/airflow/dags/main.py took 1.984 seconds
[2026-04-29T23:22:00.540+0000] {processor.py:186} INFO - Started process (PID=80) to work on /opt/airflow/dags/main.py
[2026-04-29T23:22:00.545+0000] {processor.py:914} INFO - Processing file /opt/airflow/dags/main.py for tasks to queue
[2026-04-29T23:22:00.552+0000] {logging_mixin.py:190} INFO - [2026-04-29T23:22:00.551+0000] {dagbag.py:588} INFO - Filling up the DagBag from /opt/airflow/dags/main.py
[2026-04-29T23:22:00.808+0000] {logging_mixin.py:190} INFO - [2026-04-29T23:22:00.790+0000] {dagbag.py:387} ERROR - Failed to import: /opt/airflow/dags/main.py
Traceback (most recent call last):
  File "/home/airflow/.local/lib/python3.12/site-packages/airflow/models/dagbag.py", line 383, in parse
    loader.exec_module(new_module)
  File "<frozen importlib._bootstrap_external>", line 999, in exec_module
  File "<frozen importlib._bootstrap>", line 488, in _call_with_frames_removed
  File "/opt/airflow/dags/main.py", line 26, in <module>
    from services.consumer import consume_orders
  File "/opt/airflow/services/consumer.py", line 74, in <module>
    from confluent_kafka import Consumer, KafkaException
ModuleNotFoundError: No module named 'confluent_kafka'
[2026-04-29T23:22:00.814+0000] {processor.py:927} WARNING - No viable dags retrieved from /opt/airflow/dags/main.py
[2026-04-29T23:22:00.862+0000] {processor.py:208} INFO - Processing /opt/airflow/dags/main.py took 0.344 seconds
[2026-04-29T23:22:31.034+0000] {processor.py:186} INFO - Started process (PID=87) to work on /opt/airflow/dags/main.py
[2026-04-29T23:22:31.035+0000] {processor.py:914} INFO - Processing file /opt/airflow/dags/main.py for tasks to queue
[2026-04-29T23:22:31.041+0000] {logging_mixin.py:190} INFO - [2026-04-29T23:22:31.041+0000] {dagbag.py:588} INFO - Filling up the DagBag from /opt/airflow/dags/main.py
[2026-04-29T23:22:31.253+0000] {logging_mixin.py:190} INFO - [2026-04-29T23:22:31.238+0000] {dagbag.py:387} ERROR - Failed to import: /opt/airflow/dags/main.py
Traceback (most recent call last):
  File "/home/airflow/.local/lib/python3.12/site-packages/airflow/models/dagbag.py", line 383, in parse
    loader.exec_module(new_module)
  File "<frozen importlib._bootstrap_external>", line 999, in exec_module
  File "<frozen importlib._bootstrap>", line 488, in _call_with_frames_removed
  File "/opt/airflow/dags/main.py", line 26, in <module>
    from services.consumer import consume_orders
  File "/opt/airflow/services/consumer.py", line 74, in <module>
    from confluent_kafka import Consumer, KafkaException
ModuleNotFoundError: No module named 'confluent_kafka'
[2026-04-29T23:22:31.257+0000] {processor.py:927} WARNING - No viable dags retrieved from /opt/airflow/dags/main.py
[2026-04-29T23:22:31.291+0000] {processor.py:208} INFO - Processing /opt/airflow/dags/main.py took 0.268 seconds
[2026-04-29T23:23:01.727+0000] {processor.py:186} INFO - Started process (PID=94) to work on /opt/airflow/dags/main.py
[2026-04-29T23:23:01.731+0000] {processor.py:914} INFO - Processing file /opt/airflow/dags/main.py for tasks to queue
[2026-04-29T23:23:01.740+0000] {logging_mixin.py:190} INFO - [2026-04-29T23:23:01.739+0000] {dagbag.py:588} INFO - Filling up the DagBag from /opt/airflow/dags/main.py
[2026-04-29T23:23:02.133+0000] {logging_mixin.py:190} INFO - [2026-04-29T23:23:02.099+0000] {dagbag.py:387} ERROR - Failed to import: /opt/airflow/dags/main.py
Traceback (most recent call last):
  File "/home/airflow/.local/lib/python3.12/site-packages/airflow/models/dagbag.py", line 383, in parse
    loader.exec_module(new_module)
  File "<frozen importlib._bootstrap_external>", line 999, in exec_module
  File "<frozen importlib._bootstrap>", line 488, in _call_with_frames_removed
  File "/opt/airflow/dags/main.py", line 26, in <module>
    from services.consumer import consume_orders
  File "/opt/airflow/services/consumer.py", line 74, in <module>
    from confluent_kafka import Consumer, KafkaException
ModuleNotFoundError: No module named 'confluent_kafka'
[2026-04-29T23:23:02.139+0000] {processor.py:927} WARNING - No viable dags retrieved from /opt/airflow/dags/main.py
[2026-04-29T23:23:02.198+0000] {processor.py:208} INFO - Processing /opt/airflow/dags/main.py took 0.510 seconds
[2026-04-29T23:23:32.527+0000] {processor.py:186} INFO - Started process (PID=101) to work on /opt/airflow/dags/main.py
[2026-04-29T23:23:32.529+0000] {processor.py:914} INFO - Processing file /opt/airflow/dags/main.py for tasks to queue
[2026-04-29T23:23:32.533+0000] {logging_mixin.py:190} INFO - [2026-04-29T23:23:32.533+0000] {dagbag.py:588} INFO - Filling up the DagBag from /opt/airflow/dags/main.py
[2026-04-29T23:23:32.713+0000] {logging_mixin.py:190} INFO - [2026-04-29T23:23:32.699+0000] {dagbag.py:387} ERROR - Failed to import: /opt/airflow/dags/main.py
Traceback (most recent call last):
  File "/home/airflow/.local/lib/python3.12/site-packages/airflow/models/dagbag.py", line 383, in parse
    loader.exec_module(new_module)
  File "<frozen importlib._bootstrap_external>", line 999, in exec_module
  File "<frozen importlib._bootstrap>", line 488, in _call_with_frames_removed
  File "/opt/airflow/dags/main.py", line 26, in <module>
    from services.consumer import consume_orders
  File "/opt/airflow/services/consumer.py", line 74, in <module>
    from confluent_kafka import Consumer, KafkaException
ModuleNotFoundError: No module named 'confluent_kafka'
[2026-04-29T23:23:32.716+0000] {processor.py:927} WARNING - No viable dags retrieved from /opt/airflow/dags/main.py
[2026-04-29T23:23:32.749+0000] {processor.py:208} INFO - Processing /opt/airflow/dags/main.py took 0.229 seconds
[2026-04-29T23:24:02.984+0000] {processor.py:186} INFO - Started process (PID=108) to work on /opt/airflow/dags/main.py
[2026-04-29T23:24:02.987+0000] {processor.py:914} INFO - Processing file /opt/airflow/dags/main.py for tasks to queue
[2026-04-29T23:24:02.993+0000] {logging_mixin.py:190} INFO - [2026-04-29T23:24:02.992+0000] {dagbag.py:588} INFO - Filling up the DagBag from /opt/airflow/dags/main.py
[2026-04-29T23:24:03.230+0000] {logging_mixin.py:190} INFO - [2026-04-29T23:24:03.211+0000] {dagbag.py:387} ERROR - Failed to import: /opt/airflow/dags/main.py
Traceback (most recent call last):
  File "/home/airflow/.local/lib/python3.12/site-packages/airflow/models/dagbag.py", line 383, in parse
    loader.exec_module(new_module)
  File "<frozen importlib._bootstrap_external>", line 999, in exec_module
  File "<frozen importlib._bootstrap>", line 488, in _call_with_frames_removed
  File "/opt/airflow/dags/main.py", line 26, in <module>
    from services.consumer import consume_orders
  File "/opt/airflow/services/consumer.py", line 74, in <module>
    from confluent_kafka import Consumer, KafkaException
ModuleNotFoundError: No module named 'confluent_kafka'
[2026-04-29T23:24:03.236+0000] {processor.py:927} WARNING - No viable dags retrieved from /opt/airflow/dags/main.py
[2026-04-29T23:24:03.307+0000] {processor.py:208} INFO - Processing /opt/airflow/dags/main.py took 0.346 seconds
[2026-04-29T23:24:33.833+0000] {processor.py:186} INFO - Started process (PID=114) to work on /opt/airflow/dags/main.py
[2026-04-29T23:24:33.835+0000] {processor.py:914} INFO - Processing file /opt/airflow/dags/main.py for tasks to queue
[2026-04-29T23:24:33.840+0000] {logging_mixin.py:190} INFO - [2026-04-29T23:24:33.840+0000] {dagbag.py:588} INFO - Filling up the DagBag from /opt/airflow/dags/main.py
[2026-04-29T23:24:34.014+0000] {logging_mixin.py:190} INFO - [2026-04-29T23:24:33.997+0000] {dagbag.py:387} ERROR - Failed to import: /opt/airflow/dags/main.py
Traceback (most recent call last):
  File "/home/airflow/.local/lib/python3.12/site-packages/airflow/models/dagbag.py", line 383, in parse
    loader.exec_module(new_module)
  File "<frozen importlib._bootstrap_external>", line 999, in exec_module
  File "<frozen importlib._bootstrap>", line 488, in _call_with_frames_removed
  File "/opt/airflow/dags/main.py", line 26, in <module>
    from services.consumer import consume_orders
  File "/opt/airflow/services/consumer.py", line 74, in <module>
    from confluent_kafka import Consumer, KafkaException
ModuleNotFoundError: No module named 'confluent_kafka'
[2026-04-29T23:24:34.019+0000] {processor.py:927} WARNING - No viable dags retrieved from /opt/airflow/dags/main.py
[2026-04-29T23:24:34.054+0000] {processor.py:208} INFO - Processing /opt/airflow/dags/main.py took 0.237 seconds
[2026-04-29T23:25:04.246+0000] {processor.py:186} INFO - Started process (PID=121) to work on /opt/airflow/dags/main.py
[2026-04-29T23:25:04.251+0000] {processor.py:914} INFO - Processing file /opt/airflow/dags/main.py for tasks to queue
[2026-04-29T23:25:04.260+0000] {logging_mixin.py:190} INFO - [2026-04-29T23:25:04.259+0000] {dagbag.py:588} INFO - Filling up the DagBag from /opt/airflow/dags/main.py
[2026-04-29T23:25:04.547+0000] {logging_mixin.py:190} INFO - [2026-04-29T23:25:04.527+0000] {dagbag.py:387} ERROR - Failed to import: /opt/airflow/dags/main.py
Traceback (most recent call last):
  File "/home/airflow/.local/lib/python3.12/site-packages/airflow/models/dagbag.py", line 383, in parse
    loader.exec_module(new_module)
  File "<frozen importlib._bootstrap_external>", line 999, in exec_module
  File "<frozen importlib._bootstrap>", line 488, in _call_with_frames_removed
  File "/opt/airflow/dags/main.py", line 26, in <module>
    from services.consumer import consume_orders
  File "/opt/airflow/services/consumer.py", line 74, in <module>
    from confluent_kafka import Consumer, KafkaException
ModuleNotFoundError: No module named 'confluent_kafka'
[2026-04-29T23:25:04.554+0000] {processor.py:927} WARNING - No viable dags retrieved from /opt/airflow/dags/main.py
[2026-04-29T23:25:04.618+0000] {processor.py:208} INFO - Processing /opt/airflow/dags/main.py took 0.392 seconds
[2026-04-29T23:25:34.884+0000] {processor.py:186} INFO - Started process (PID=128) to work on /opt/airflow/dags/main.py
[2026-04-29T23:25:34.887+0000] {processor.py:914} INFO - Processing file /opt/airflow/dags/main.py for tasks to queue
[2026-04-29T23:25:34.896+0000] {logging_mixin.py:190} INFO - [2026-04-29T23:25:34.895+0000] {dagbag.py:588} INFO - Filling up the DagBag from /opt/airflow/dags/main.py
[2026-04-29T23:25:35.185+0000] {logging_mixin.py:190} INFO - [2026-04-29T23:25:35.165+0000] {dagbag.py:387} ERROR - Failed to import: /opt/airflow/dags/main.py
Traceback (most recent call last):
  File "/home/airflow/.local/lib/python3.12/site-packages/airflow/models/dagbag.py", line 383, in parse
    loader.exec_module(new_module)
  File "<frozen importlib._bootstrap_external>", line 999, in exec_module
  File "<frozen importlib._bootstrap>", line 488, in _call_with_frames_removed
  File "/opt/airflow/dags/main.py", line 26, in <module>
    from services.consumer import consume_orders
  File "/opt/airflow/services/consumer.py", line 74, in <module>
    from confluent_kafka import Consumer, KafkaException
ModuleNotFoundError: No module named 'confluent_kafka'
[2026-04-29T23:25:35.195+0000] {processor.py:927} WARNING - No viable dags retrieved from /opt/airflow/dags/main.py
[2026-04-29T23:25:35.245+0000] {processor.py:208} INFO - Processing /opt/airflow/dags/main.py took 0.375 seconds
[2026-04-29T23:26:05.488+0000] {processor.py:186} INFO - Started process (PID=135) to work on /opt/airflow/dags/main.py
[2026-04-29T23:26:05.490+0000] {processor.py:914} INFO - Processing file /opt/airflow/dags/main.py for tasks to queue
[2026-04-29T23:26:05.494+0000] {logging_mixin.py:190} INFO - [2026-04-29T23:26:05.493+0000] {dagbag.py:588} INFO - Filling up the DagBag from /opt/airflow/dags/main.py
[2026-04-29T23:26:05.650+0000] {logging_mixin.py:190} INFO - [2026-04-29T23:26:05.635+0000] {dagbag.py:387} ERROR - Failed to import: /opt/airflow/dags/main.py
Traceback (most recent call last):
  File "/home/airflow/.local/lib/python3.12/site-packages/airflow/models/dagbag.py", line 383, in parse
    loader.exec_module(new_module)
  File "<frozen importlib._bootstrap_external>", line 999, in exec_module
  File "<frozen importlib._bootstrap>", line 488, in _call_with_frames_removed
  File "/opt/airflow/dags/main.py", line 26, in <module>
    from services.consumer import consume_orders
  File "/opt/airflow/services/consumer.py", line 74, in <module>
    from confluent_kafka import Consumer, KafkaException
ModuleNotFoundError: No module named 'confluent_kafka'
[2026-04-29T23:26:05.654+0000] {processor.py:927} WARNING - No viable dags retrieved from /opt/airflow/dags/main.py
[2026-04-29T23:26:05.683+0000] {processor.py:208} INFO - Processing /opt/airflow/dags/main.py took 0.204 seconds
[2026-04-29T23:26:35.894+0000] {processor.py:186} INFO - Started process (PID=143) to work on /opt/airflow/dags/main.py
[2026-04-29T23:26:35.896+0000] {processor.py:914} INFO - Processing file /opt/airflow/dags/main.py for tasks to queue
[2026-04-29T23:26:35.899+0000] {logging_mixin.py:190} INFO - [2026-04-29T23:26:35.899+0000] {dagbag.py:588} INFO - Filling up the DagBag from /opt/airflow/dags/main.py
[2026-04-29T23:26:36.060+0000] {logging_mixin.py:190} INFO - [2026-04-29T23:26:36.046+0000] {dagbag.py:387} ERROR - Failed to import: /opt/airflow/dags/main.py
Traceback (most recent call last):
  File "/home/airflow/.local/lib/python3.12/site-packages/airflow/models/dagbag.py", line 383, in parse
    loader.exec_module(new_module)
  File "<frozen importlib._bootstrap_external>", line 999, in exec_module
  File "<frozen importlib._bootstrap>", line 488, in _call_with_frames_removed
  File "/opt/airflow/dags/main.py", line 26, in <module>
    from services.consumer import consume_orders
  File "/opt/airflow/services/consumer.py", line 74, in <module>
    from confluent_kafka import Consumer, KafkaException
ModuleNotFoundError: No module named 'confluent_kafka'
[2026-04-29T23:26:36.064+0000] {processor.py:927} WARNING - No viable dags retrieved from /opt/airflow/dags/main.py
[2026-04-29T23:26:36.139+0000] {processor.py:208} INFO - Processing /opt/airflow/dags/main.py took 0.253 seconds
[2026-04-29T23:27:06.380+0000] {processor.py:186} INFO - Started process (PID=150) to work on /opt/airflow/dags/main.py
[2026-04-29T23:27:06.384+0000] {processor.py:914} INFO - Processing file /opt/airflow/dags/main.py for tasks to queue
[2026-04-29T23:27:06.396+0000] {logging_mixin.py:190} INFO - [2026-04-29T23:27:06.395+0000] {dagbag.py:588} INFO - Filling up the DagBag from /opt/airflow/dags/main.py
[2026-04-29T23:27:06.650+0000] {logging_mixin.py:190} INFO - [2026-04-29T23:27:06.632+0000] {dagbag.py:387} ERROR - Failed to import: /opt/airflow/dags/main.py
Traceback (most recent call last):
  File "/home/airflow/.local/lib/python3.12/site-packages/airflow/models/dagbag.py", line 383, in parse
    loader.exec_module(new_module)
  File "<frozen importlib._bootstrap_external>", line 999, in exec_module
  File "<frozen importlib._bootstrap>", line 488, in _call_with_frames_removed
  File "/opt/airflow/dags/main.py", line 26, in <module>
    from services.consumer import consume_orders
  File "/opt/airflow/services/consumer.py", line 74, in <module>
    from confluent_kafka import Consumer, KafkaException
ModuleNotFoundError: No module named 'confluent_kafka'
[2026-04-29T23:27:06.657+0000] {processor.py:927} WARNING - No viable dags retrieved from /opt/airflow/dags/main.py
[2026-04-29T23:27:06.739+0000] {processor.py:208} INFO - Processing /opt/airflow/dags/main.py took 0.385 seconds
[2026-04-29T23:27:37.428+0000] {processor.py:186} INFO - Started process (PID=163) to work on /opt/airflow/dags/main.py
[2026-04-29T23:27:37.432+0000] {processor.py:914} INFO - Processing file /opt/airflow/dags/main.py for tasks to queue
[2026-04-29T23:27:37.438+0000] {logging_mixin.py:190} INFO - [2026-04-29T23:27:37.438+0000] {dagbag.py:588} INFO - Filling up the DagBag from /opt/airflow/dags/main.py
[2026-04-29T23:27:38.200+0000] {logging_mixin.py:190} INFO - [2026-04-29T23:27:38.187+0000] {dagbag.py:387} ERROR - Failed to import: /opt/airflow/dags/main.py
Traceback (most recent call last):
  File "/home/airflow/.local/lib/python3.12/site-packages/airflow/models/dagbag.py", line 383, in parse
    loader.exec_module(new_module)
  File "<frozen importlib._bootstrap_external>", line 999, in exec_module
  File "<frozen importlib._bootstrap>", line 488, in _call_with_frames_removed
  File "/opt/airflow/dags/main.py", line 26, in <module>
    from services.consumer import consume_orders
  File "/opt/airflow/services/consumer.py", line 74, in <module>
    from confluent_kafka import Consumer, KafkaException
ModuleNotFoundError: No module named 'confluent_kafka'
[2026-04-29T23:27:38.204+0000] {processor.py:927} WARNING - No viable dags retrieved from /opt/airflow/dags/main.py
[2026-04-29T23:27:38.231+0000] {processor.py:208} INFO - Processing /opt/airflow/dags/main.py took 0.821 seconds
[2026-04-29T23:28:08.451+0000] {processor.py:186} INFO - Started process (PID=170) to work on /opt/airflow/dags/main.py
[2026-04-29T23:28:08.452+0000] {processor.py:914} INFO - Processing file /opt/airflow/dags/main.py for tasks to queue
[2026-04-29T23:28:08.455+0000] {logging_mixin.py:190} INFO - [2026-04-29T23:28:08.455+0000] {dagbag.py:588} INFO - Filling up the DagBag from /opt/airflow/dags/main.py
[2026-04-29T23:28:08.595+0000] {logging_mixin.py:190} INFO - [2026-04-29T23:28:08.583+0000] {dagbag.py:387} ERROR - Failed to import: /opt/airflow/dags/main.py
Traceback (most recent call last):
  File "/home/airflow/.local/lib/python3.12/site-packages/airflow/models/dagbag.py", line 383, in parse
    loader.exec_module(new_module)
  File "<frozen importlib._bootstrap_external>", line 999, in exec_module
  File "<frozen importlib._bootstrap>", line 488, in _call_with_frames_removed
  File "/opt/airflow/dags/main.py", line 26, in <module>
    from services.consumer import consume_orders
  File "/opt/airflow/services/consumer.py", line 74, in <module>
    from confluent_kafka import Consumer, KafkaException
ModuleNotFoundError: No module named 'confluent_kafka'
[2026-04-29T23:28:08.599+0000] {processor.py:927} WARNING - No viable dags retrieved from /opt/airflow/dags/main.py
[2026-04-29T23:28:08.625+0000] {processor.py:208} INFO - Processing /opt/airflow/dags/main.py took 0.183 seconds
[2026-04-29T23:28:38.728+0000] {processor.py:186} INFO - Started process (PID=177) to work on /opt/airflow/dags/main.py
[2026-04-29T23:28:38.730+0000] {processor.py:914} INFO - Processing file /opt/airflow/dags/main.py for tasks to queue
[2026-04-29T23:28:38.735+0000] {logging_mixin.py:190} INFO - [2026-04-29T23:28:38.735+0000] {dagbag.py:588} INFO - Filling up the DagBag from /opt/airflow/dags/main.py
[2026-04-29T23:28:38.893+0000] {logging_mixin.py:190} INFO - [2026-04-29T23:28:38.879+0000] {dagbag.py:387} ERROR - Failed to import: /opt/airflow/dags/main.py
Traceback (most recent call last):
  File "/home/airflow/.local/lib/python3.12/site-packages/airflow/models/dagbag.py", line 383, in parse
    loader.exec_module(new_module)
  File "<frozen importlib._bootstrap_external>", line 999, in exec_module
  File "<frozen importlib._bootstrap>", line 488, in _call_with_frames_removed
  File "/opt/airflow/dags/main.py", line 26, in <module>
    from services.consumer import consume_orders
  File "/opt/airflow/services/consumer.py", line 74, in <module>
    from confluent_kafka import Consumer, KafkaException
ModuleNotFoundError: No module named 'confluent_kafka'
[2026-04-29T23:28:38.897+0000] {processor.py:927} WARNING - No viable dags retrieved from /opt/airflow/dags/main.py
[2026-04-29T23:28:38.931+0000] {processor.py:208} INFO - Processing /opt/airflow/dags/main.py took 0.211 seconds
[2026-04-29T23:31:08.700+0000] {processor.py:186} INFO - Started process (PID=65) to work on /opt/airflow/dags/main.py
[2026-04-29T23:31:08.702+0000] {processor.py:914} INFO - Processing file /opt/airflow/dags/main.py for tasks to queue
[2026-04-29T23:31:08.707+0000] {logging_mixin.py:190} INFO - [2026-04-29T23:31:08.706+0000] {dagbag.py:588} INFO - Filling up the DagBag from /opt/airflow/dags/main.py
[2026-04-29T23:31:09.825+0000] {logging_mixin.py:190} INFO - [2026-04-29T23:31:09.813+0000] {dagbag.py:387} ERROR - Failed to import: /opt/airflow/dags/main.py
Traceback (most recent call last):
  File "/home/airflow/.local/lib/python3.12/site-packages/airflow/models/dagbag.py", line 383, in parse
    loader.exec_module(new_module)
  File "<frozen importlib._bootstrap_external>", line 999, in exec_module
  File "<frozen importlib._bootstrap>", line 488, in _call_with_frames_removed
  File "/opt/airflow/dags/main.py", line 26, in <module>
    from services.consumer import consume_orders
  File "/opt/airflow/services/consumer.py", line 74, in <module>
    from confluent_kafka import Consumer, KafkaException
ModuleNotFoundError: No module named 'confluent_kafka'
[2026-04-29T23:31:09.829+0000] {processor.py:927} WARNING - No viable dags retrieved from /opt/airflow/dags/main.py
[2026-04-29T23:31:09.880+0000] {processor.py:208} INFO - Processing /opt/airflow/dags/main.py took 1.213 seconds
[2026-04-29T23:31:39.983+0000] {processor.py:186} INFO - Started process (PID=72) to work on /opt/airflow/dags/main.py
[2026-04-29T23:31:39.987+0000] {processor.py:914} INFO - Processing file /opt/airflow/dags/main.py for tasks to queue
[2026-04-29T23:31:39.993+0000] {logging_mixin.py:190} INFO - [2026-04-29T23:31:39.992+0000] {dagbag.py:588} INFO - Filling up the DagBag from /opt/airflow/dags/main.py
[2026-04-29T23:31:40.167+0000] {logging_mixin.py:190} INFO - [2026-04-29T23:31:40.150+0000] {dagbag.py:387} ERROR - Failed to import: /opt/airflow/dags/main.py
Traceback (most recent call last):
  File "/home/airflow/.local/lib/python3.12/site-packages/airflow/models/dagbag.py", line 383, in parse
    loader.exec_module(new_module)
  File "<frozen importlib._bootstrap_external>", line 999, in exec_module
  File "<frozen importlib._bootstrap>", line 488, in _call_with_frames_removed
  File "/opt/airflow/dags/main.py", line 26, in <module>
    from services.consumer import consume_orders
  File "/opt/airflow/services/consumer.py", line 74, in <module>
    from confluent_kafka import Consumer, KafkaException
ModuleNotFoundError: No module named 'confluent_kafka'
[2026-04-29T23:31:40.171+0000] {processor.py:927} WARNING - No viable dags retrieved from /opt/airflow/dags/main.py
[2026-04-29T23:31:40.205+0000] {processor.py:208} INFO - Processing /opt/airflow/dags/main.py took 0.234 seconds
[2026-04-29T23:32:10.326+0000] {processor.py:186} INFO - Started process (PID=79) to work on /opt/airflow/dags/main.py
[2026-04-29T23:32:10.328+0000] {processor.py:914} INFO - Processing file /opt/airflow/dags/main.py for tasks to queue
[2026-04-29T23:32:10.333+0000] {logging_mixin.py:190} INFO - [2026-04-29T23:32:10.333+0000] {dagbag.py:588} INFO - Filling up the DagBag from /opt/airflow/dags/main.py
[2026-04-29T23:32:10.525+0000] {logging_mixin.py:190} INFO - [2026-04-29T23:32:10.511+0000] {dagbag.py:387} ERROR - Failed to import: /opt/airflow/dags/main.py
Traceback (most recent call last):
  File "/home/airflow/.local/lib/python3.12/site-packages/airflow/models/dagbag.py", line 383, in parse
    loader.exec_module(new_module)
  File "<frozen importlib._bootstrap_external>", line 999, in exec_module
  File "<frozen importlib._bootstrap>", line 488, in _call_with_frames_removed
  File "/opt/airflow/dags/main.py", line 26, in <module>
    from services.consumer import consume_orders
  File "/opt/airflow/services/consumer.py", line 74, in <module>
    from confluent_kafka import Consumer, KafkaException
ModuleNotFoundError: No module named 'confluent_kafka'
[2026-04-29T23:32:10.529+0000] {processor.py:927} WARNING - No viable dags retrieved from /opt/airflow/dags/main.py
[2026-04-29T23:32:10.574+0000] {processor.py:208} INFO - Processing /opt/airflow/dags/main.py took 0.261 seconds
[2026-04-29T23:32:40.699+0000] {processor.py:186} INFO - Started process (PID=86) to work on /opt/airflow/dags/main.py
[2026-04-29T23:32:40.703+0000] {processor.py:914} INFO - Processing file /opt/airflow/dags/main.py for tasks to queue
[2026-04-29T23:32:40.709+0000] {logging_mixin.py:190} INFO - [2026-04-29T23:32:40.708+0000] {dagbag.py:588} INFO - Filling up the DagBag from /opt/airflow/dags/main.py
[2026-04-29T23:32:40.950+0000] {logging_mixin.py:190} INFO - [2026-04-29T23:32:40.931+0000] {dagbag.py:387} ERROR - Failed to import: /opt/airflow/dags/main.py
Traceback (most recent call last):
  File "/home/airflow/.local/lib/python3.12/site-packages/airflow/models/dagbag.py", line 383, in parse
    loader.exec_module(new_module)
  File "<frozen importlib._bootstrap_external>", line 999, in exec_module
  File "<frozen importlib._bootstrap>", line 488, in _call_with_frames_removed
  File "/opt/airflow/dags/main.py", line 26, in <module>
    from services.consumer import consume_orders
  File "/opt/airflow/services/consumer.py", line 74, in <module>
    from confluent_kafka import Consumer, KafkaException
ModuleNotFoundError: No module named 'confluent_kafka'
[2026-04-29T23:32:40.955+0000] {processor.py:927} WARNING - No viable dags retrieved from /opt/airflow/dags/main.py
[2026-04-29T23:32:41.008+0000] {processor.py:208} INFO - Processing /opt/airflow/dags/main.py took 0.322 seconds
[2026-04-29T23:33:11.214+0000] {processor.py:186} INFO - Started process (PID=93) to work on /opt/airflow/dags/main.py
[2026-04-29T23:33:11.216+0000] {processor.py:914} INFO - Processing file /opt/airflow/dags/main.py for tasks to queue
[2026-04-29T23:33:11.222+0000] {logging_mixin.py:190} INFO - [2026-04-29T23:33:11.222+0000] {dagbag.py:588} INFO - Filling up the DagBag from /opt/airflow/dags/main.py
[2026-04-29T23:33:11.518+0000] {logging_mixin.py:190} INFO - [2026-04-29T23:33:11.502+0000] {dagbag.py:387} ERROR - Failed to import: /opt/airflow/dags/main.py
Traceback (most recent call last):
  File "/home/airflow/.local/lib/python3.12/site-packages/airflow/models/dagbag.py", line 383, in parse
    loader.exec_module(new_module)
  File "<frozen importlib._bootstrap_external>", line 999, in exec_module
  File "<frozen importlib._bootstrap>", line 488, in _call_with_frames_removed
  File "/opt/airflow/dags/main.py", line 26, in <module>
    from services.consumer import consume_orders
  File "/opt/airflow/services/consumer.py", line 74, in <module>
    from confluent_kafka import Consumer, KafkaException
ModuleNotFoundError: No module named 'confluent_kafka'
[2026-04-29T23:33:11.526+0000] {processor.py:927} WARNING - No viable dags retrieved from /opt/airflow/dags/main.py
[2026-04-29T23:33:11.577+0000] {processor.py:208} INFO - Processing /opt/airflow/dags/main.py took 0.376 seconds
[2026-04-29T23:33:41.782+0000] {processor.py:186} INFO - Started process (PID=106) to work on /opt/airflow/dags/main.py
[2026-04-29T23:33:41.784+0000] {processor.py:914} INFO - Processing file /opt/airflow/dags/main.py for tasks to queue
[2026-04-29T23:33:41.790+0000] {logging_mixin.py:190} INFO - [2026-04-29T23:33:41.789+0000] {dagbag.py:588} INFO - Filling up the DagBag from /opt/airflow/dags/main.py
[2026-04-29T23:33:41.971+0000] {logging_mixin.py:190} INFO - [2026-04-29T23:33:41.955+0000] {dagbag.py:387} ERROR - Failed to import: /opt/airflow/dags/main.py
Traceback (most recent call last):
  File "/home/airflow/.local/lib/python3.12/site-packages/airflow/models/dagbag.py", line 383, in parse
    loader.exec_module(new_module)
  File "<frozen importlib._bootstrap_external>", line 999, in exec_module
  File "<frozen importlib._bootstrap>", line 488, in _call_with_frames_removed
  File "/opt/airflow/dags/main.py", line 26, in <module>
    from services.consumer import consume_orders
  File "/opt/airflow/services/consumer.py", line 74, in <module>
    from confluent_kafka import Consumer, KafkaException
ModuleNotFoundError: No module named 'confluent_kafka'
[2026-04-29T23:33:41.976+0000] {processor.py:927} WARNING - No viable dags retrieved from /opt/airflow/dags/main.py
[2026-04-29T23:33:42.014+0000] {processor.py:208} INFO - Processing /opt/airflow/dags/main.py took 0.245 seconds
[2026-04-29T23:34:12.215+0000] {processor.py:186} INFO - Started process (PID=112) to work on /opt/airflow/dags/main.py
[2026-04-29T23:34:12.217+0000] {processor.py:914} INFO - Processing file /opt/airflow/dags/main.py for tasks to queue
[2026-04-29T23:34:12.222+0000] {logging_mixin.py:190} INFO - [2026-04-29T23:34:12.221+0000] {dagbag.py:588} INFO - Filling up the DagBag from /opt/airflow/dags/main.py
[2026-04-29T23:34:12.422+0000] {logging_mixin.py:190} INFO - [2026-04-29T23:34:12.404+0000] {dagbag.py:387} ERROR - Failed to import: /opt/airflow/dags/main.py
Traceback (most recent call last):
  File "/home/airflow/.local/lib/python3.12/site-packages/airflow/models/dagbag.py", line 383, in parse
    loader.exec_module(new_module)
  File "<frozen importlib._bootstrap_external>", line 999, in exec_module
  File "<frozen importlib._bootstrap>", line 488, in _call_with_frames_removed
  File "/opt/airflow/dags/main.py", line 26, in <module>
    from services.consumer import consume_orders
  File "/opt/airflow/services/consumer.py", line 74, in <module>
    from confluent_kafka import Consumer, KafkaException
ModuleNotFoundError: No module named 'confluent_kafka'
[2026-04-29T23:34:12.427+0000] {processor.py:927} WARNING - No viable dags retrieved from /opt/airflow/dags/main.py
[2026-04-29T23:34:12.470+0000] {processor.py:208} INFO - Processing /opt/airflow/dags/main.py took 0.269 seconds
[2026-04-29T23:34:43.073+0000] {processor.py:186} INFO - Started process (PID=119) to work on /opt/airflow/dags/main.py
[2026-04-29T23:34:43.075+0000] {processor.py:914} INFO - Processing file /opt/airflow/dags/main.py for tasks to queue
[2026-04-29T23:34:43.079+0000] {logging_mixin.py:190} INFO - [2026-04-29T23:34:43.078+0000] {dagbag.py:588} INFO - Filling up the DagBag from /opt/airflow/dags/main.py
[2026-04-29T23:34:43.204+0000] {logging_mixin.py:190} INFO - [2026-04-29T23:34:43.192+0000] {dagbag.py:387} ERROR - Failed to import: /opt/airflow/dags/main.py
Traceback (most recent call last):
  File "/home/airflow/.local/lib/python3.12/site-packages/airflow/models/dagbag.py", line 383, in parse
    loader.exec_module(new_module)
  File "<frozen importlib._bootstrap_external>", line 999, in exec_module
  File "<frozen importlib._bootstrap>", line 488, in _call_with_frames_removed
  File "/opt/airflow/dags/main.py", line 26, in <module>
    from services.consumer import consume_orders
  File "/opt/airflow/services/consumer.py", line 74, in <module>
    from confluent_kafka import Consumer, KafkaException
ModuleNotFoundError: No module named 'confluent_kafka'
[2026-04-29T23:34:43.207+0000] {processor.py:927} WARNING - No viable dags retrieved from /opt/airflow/dags/main.py
[2026-04-29T23:34:43.238+0000] {processor.py:208} INFO - Processing /opt/airflow/dags/main.py took 0.171 seconds
[2026-04-29T23:35:13.305+0000] {processor.py:186} INFO - Started process (PID=126) to work on /opt/airflow/dags/main.py
[2026-04-29T23:35:13.306+0000] {processor.py:914} INFO - Processing file /opt/airflow/dags/main.py for tasks to queue
[2026-04-29T23:35:13.311+0000] {logging_mixin.py:190} INFO - [2026-04-29T23:35:13.310+0000] {dagbag.py:588} INFO - Filling up the DagBag from /opt/airflow/dags/main.py
[2026-04-29T23:35:13.471+0000] {logging_mixin.py:190} INFO - [2026-04-29T23:35:13.457+0000] {dagbag.py:387} ERROR - Failed to import: /opt/airflow/dags/main.py
Traceback (most recent call last):
  File "/home/airflow/.local/lib/python3.12/site-packages/airflow/models/dagbag.py", line 383, in parse
    loader.exec_module(new_module)
  File "<frozen importlib._bootstrap_external>", line 999, in exec_module
  File "<frozen importlib._bootstrap>", line 488, in _call_with_frames_removed
  File "/opt/airflow/dags/main.py", line 26, in <module>
    from services.consumer import consume_orders
  File "/opt/airflow/services/consumer.py", line 74, in <module>
    from confluent_kafka import Consumer, KafkaException
ModuleNotFoundError: No module named 'confluent_kafka'
[2026-04-29T23:35:13.475+0000] {processor.py:927} WARNING - No viable dags retrieved from /opt/airflow/dags/main.py
[2026-04-29T23:35:13.521+0000] {processor.py:208} INFO - Processing /opt/airflow/dags/main.py took 0.224 seconds
[2026-04-29T23:35:43.633+0000] {processor.py:186} INFO - Started process (PID=133) to work on /opt/airflow/dags/main.py
[2026-04-29T23:35:43.634+0000] {processor.py:914} INFO - Processing file /opt/airflow/dags/main.py for tasks to queue
[2026-04-29T23:35:43.639+0000] {logging_mixin.py:190} INFO - [2026-04-29T23:35:43.638+0000] {dagbag.py:588} INFO - Filling up the DagBag from /opt/airflow/dags/main.py
[2026-04-29T23:35:43.786+0000] {logging_mixin.py:190} INFO - [2026-04-29T23:35:43.774+0000] {dagbag.py:387} ERROR - Failed to import: /opt/airflow/dags/main.py
Traceback (most recent call last):
  File "/home/airflow/.local/lib/python3.12/site-packages/airflow/models/dagbag.py", line 383, in parse
    loader.exec_module(new_module)
  File "<frozen importlib._bootstrap_external>", line 999, in exec_module
  File "<frozen importlib._bootstrap>", line 488, in _call_with_frames_removed
  File "/opt/airflow/dags/main.py", line 26, in <module>
    from services.consumer import consume_orders
  File "/opt/airflow/services/consumer.py", line 74, in <module>
    from confluent_kafka import Consumer, KafkaException
ModuleNotFoundError: No module named 'confluent_kafka'
[2026-04-29T23:35:43.789+0000] {processor.py:927} WARNING - No viable dags retrieved from /opt/airflow/dags/main.py
[2026-04-29T23:35:43.822+0000] {processor.py:208} INFO - Processing /opt/airflow/dags/main.py took 0.196 seconds
[2026-04-29T23:41:17.229+0000] {processor.py:186} INFO - Started process (PID=65) to work on /opt/airflow/dags/main.py
[2026-04-29T23:41:17.239+0000] {processor.py:914} INFO - Processing file /opt/airflow/dags/main.py for tasks to queue
[2026-04-29T23:41:17.266+0000] {logging_mixin.py:190} INFO - [2026-04-29T23:41:17.264+0000] {dagbag.py:588} INFO - Filling up the DagBag from /opt/airflow/dags/main.py
[2026-04-29T23:41:19.175+0000] {logging_mixin.py:190} INFO - [2026-04-29T23:41:19.152+0000] {dagbag.py:387} ERROR - Failed to import: /opt/airflow/dags/main.py
Traceback (most recent call last):
  File "/home/airflow/.local/lib/python3.12/site-packages/airflow/models/dagbag.py", line 383, in parse
    loader.exec_module(new_module)
  File "<frozen importlib._bootstrap_external>", line 999, in exec_module
  File "<frozen importlib._bootstrap>", line 488, in _call_with_frames_removed
  File "/opt/airflow/dags/main.py", line 26, in <module>
    from services.consumer import consume_orders
  File "/opt/airflow/services/consumer.py", line 74, in <module>
    from confluent_kafka import Consumer, KafkaException
ModuleNotFoundError: No module named 'confluent_kafka'
[2026-04-29T23:41:19.185+0000] {processor.py:927} WARNING - No viable dags retrieved from /opt/airflow/dags/main.py
[2026-04-29T23:41:19.261+0000] {processor.py:208} INFO - Processing /opt/airflow/dags/main.py took 2.107 seconds
[2026-04-29T23:41:49.531+0000] {processor.py:186} INFO - Started process (PID=72) to work on /opt/airflow/dags/main.py
[2026-04-29T23:41:49.534+0000] {processor.py:914} INFO - Processing file /opt/airflow/dags/main.py for tasks to queue
[2026-04-29T23:41:49.540+0000] {logging_mixin.py:190} INFO - [2026-04-29T23:41:49.539+0000] {dagbag.py:588} INFO - Filling up the DagBag from /opt/airflow/dags/main.py
[2026-04-29T23:41:49.819+0000] {logging_mixin.py:190} INFO - [2026-04-29T23:41:49.806+0000] {dagbag.py:387} ERROR - Failed to import: /opt/airflow/dags/main.py
Traceback (most recent call last):
  File "/home/airflow/.local/lib/python3.12/site-packages/airflow/models/dagbag.py", line 383, in parse
    loader.exec_module(new_module)
  File "<frozen importlib._bootstrap_external>", line 999, in exec_module
  File "<frozen importlib._bootstrap>", line 488, in _call_with_frames_removed
  File "/opt/airflow/dags/main.py", line 26, in <module>
    from services.consumer import consume_orders
  File "/opt/airflow/services/consumer.py", line 74, in <module>
    from confluent_kafka import Consumer, KafkaException
ModuleNotFoundError: No module named 'confluent_kafka'
[2026-04-29T23:41:49.824+0000] {processor.py:927} WARNING - No viable dags retrieved from /opt/airflow/dags/main.py
[2026-04-29T23:41:49.876+0000] {processor.py:208} INFO - Processing /opt/airflow/dags/main.py took 0.367 seconds
[2026-04-29T23:42:20.223+0000] {processor.py:186} INFO - Started process (PID=79) to work on /opt/airflow/dags/main.py
[2026-04-29T23:42:20.232+0000] {processor.py:914} INFO - Processing file /opt/airflow/dags/main.py for tasks to queue
[2026-04-29T23:42:20.255+0000] {logging_mixin.py:190} INFO - [2026-04-29T23:42:20.253+0000] {dagbag.py:588} INFO - Filling up the DagBag from /opt/airflow/dags/main.py
[2026-04-29T23:42:20.873+0000] {logging_mixin.py:190} INFO - [2026-04-29T23:42:20.850+0000] {dagbag.py:387} ERROR - Failed to import: /opt/airflow/dags/main.py
Traceback (most recent call last):
  File "/home/airflow/.local/lib/python3.12/site-packages/airflow/models/dagbag.py", line 383, in parse
    loader.exec_module(new_module)
  File "<frozen importlib._bootstrap_external>", line 999, in exec_module
  File "<frozen importlib._bootstrap>", line 488, in _call_with_frames_removed
  File "/opt/airflow/dags/main.py", line 26, in <module>
    from services.consumer import consume_orders
  File "/opt/airflow/services/consumer.py", line 74, in <module>
    from confluent_kafka import Consumer, KafkaException
ModuleNotFoundError: No module named 'confluent_kafka'
[2026-04-29T23:42:20.879+0000] {processor.py:927} WARNING - No viable dags retrieved from /opt/airflow/dags/main.py
[2026-04-29T23:42:21.161+0000] {processor.py:208} INFO - Processing /opt/airflow/dags/main.py took 1.013 seconds
[2026-04-29T23:42:51.477+0000] {processor.py:186} INFO - Started process (PID=91) to work on /opt/airflow/dags/main.py
[2026-04-29T23:42:51.479+0000] {processor.py:914} INFO - Processing file /opt/airflow/dags/main.py for tasks to queue
[2026-04-29T23:42:51.484+0000] {logging_mixin.py:190} INFO - [2026-04-29T23:42:51.483+0000] {dagbag.py:588} INFO - Filling up the DagBag from /opt/airflow/dags/main.py
[2026-04-29T23:42:51.751+0000] {logging_mixin.py:190} INFO - [2026-04-29T23:42:51.722+0000] {dagbag.py:387} ERROR - Failed to import: /opt/airflow/dags/main.py
Traceback (most recent call last):
  File "/home/airflow/.local/lib/python3.12/site-packages/airflow/models/dagbag.py", line 383, in parse
    loader.exec_module(new_module)
  File "<frozen importlib._bootstrap_external>", line 999, in exec_module
  File "<frozen importlib._bootstrap>", line 488, in _call_with_frames_removed
  File "/opt/airflow/dags/main.py", line 26, in <module>
    from services.consumer import consume_orders
  File "/opt/airflow/services/consumer.py", line 74, in <module>
    from confluent_kafka import Consumer, KafkaException
ModuleNotFoundError: No module named 'confluent_kafka'
[2026-04-29T23:42:51.755+0000] {processor.py:927} WARNING - No viable dags retrieved from /opt/airflow/dags/main.py
[2026-04-29T23:42:51.815+0000] {processor.py:208} INFO - Processing /opt/airflow/dags/main.py took 0.359 seconds
[2026-04-29T23:43:22.362+0000] {processor.py:186} INFO - Started process (PID=98) to work on /opt/airflow/dags/main.py
[2026-04-29T23:43:22.365+0000] {processor.py:914} INFO - Processing file /opt/airflow/dags/main.py for tasks to queue
[2026-04-29T23:43:22.404+0000] {logging_mixin.py:190} INFO - [2026-04-29T23:43:22.394+0000] {dagbag.py:588} INFO - Filling up the DagBag from /opt/airflow/dags/main.py
[2026-04-29T23:43:22.597+0000] {logging_mixin.py:190} INFO - [2026-04-29T23:43:22.581+0000] {dagbag.py:387} ERROR - Failed to import: /opt/airflow/dags/main.py
Traceback (most recent call last):
  File "/home/airflow/.local/lib/python3.12/site-packages/airflow/models/dagbag.py", line 383, in parse
    loader.exec_module(new_module)
  File "<frozen importlib._bootstrap_external>", line 999, in exec_module
  File "<frozen importlib._bootstrap>", line 488, in _call_with_frames_removed
  File "/opt/airflow/dags/main.py", line 26, in <module>
    from services.consumer import consume_orders
  File "/opt/airflow/services/consumer.py", line 74, in <module>
    from confluent_kafka import Consumer, KafkaException
ModuleNotFoundError: No module named 'confluent_kafka'
[2026-04-29T23:43:22.601+0000] {processor.py:927} WARNING - No viable dags retrieved from /opt/airflow/dags/main.py
[2026-04-29T23:43:22.631+0000] {processor.py:208} INFO - Processing /opt/airflow/dags/main.py took 0.344 seconds
[2026-04-29T23:43:53.008+0000] {processor.py:186} INFO - Started process (PID=105) to work on /opt/airflow/dags/main.py
[2026-04-29T23:43:53.010+0000] {processor.py:914} INFO - Processing file /opt/airflow/dags/main.py for tasks to queue
[2026-04-29T23:43:53.016+0000] {logging_mixin.py:190} INFO - [2026-04-29T23:43:53.015+0000] {dagbag.py:588} INFO - Filling up the DagBag from /opt/airflow/dags/main.py
[2026-04-29T23:43:53.211+0000] {logging_mixin.py:190} INFO - [2026-04-29T23:43:53.190+0000] {dagbag.py:387} ERROR - Failed to import: /opt/airflow/dags/main.py
Traceback (most recent call last):
  File "/home/airflow/.local/lib/python3.12/site-packages/airflow/models/dagbag.py", line 383, in parse
    loader.exec_module(new_module)
  File "<frozen importlib._bootstrap_external>", line 999, in exec_module
  File "<frozen importlib._bootstrap>", line 488, in _call_with_frames_removed
  File "/opt/airflow/dags/main.py", line 26, in <module>
    from services.consumer import consume_orders
  File "/opt/airflow/services/consumer.py", line 74, in <module>
    from confluent_kafka import Consumer, KafkaException
ModuleNotFoundError: No module named 'confluent_kafka'
[2026-04-29T23:43:53.217+0000] {processor.py:927} WARNING - No viable dags retrieved from /opt/airflow/dags/main.py
[2026-04-29T23:43:53.266+0000] {processor.py:208} INFO - Processing /opt/airflow/dags/main.py took 0.271 seconds
[2026-04-29T23:44:23.654+0000] {processor.py:186} INFO - Started process (PID=112) to work on /opt/airflow/dags/main.py
[2026-04-29T23:44:23.656+0000] {processor.py:914} INFO - Processing file /opt/airflow/dags/main.py for tasks to queue
[2026-04-29T23:44:23.662+0000] {logging_mixin.py:190} INFO - [2026-04-29T23:44:23.661+0000] {dagbag.py:588} INFO - Filling up the DagBag from /opt/airflow/dags/main.py
[2026-04-29T23:44:23.824+0000] {logging_mixin.py:190} INFO - [2026-04-29T23:44:23.809+0000] {dagbag.py:387} ERROR - Failed to import: /opt/airflow/dags/main.py
Traceback (most recent call last):
  File "/home/airflow/.local/lib/python3.12/site-packages/airflow/models/dagbag.py", line 383, in parse
    loader.exec_module(new_module)
  File "<frozen importlib._bootstrap_external>", line 999, in exec_module
  File "<frozen importlib._bootstrap>", line 488, in _call_with_frames_removed
  File "/opt/airflow/dags/main.py", line 26, in <module>
    from services.consumer import consume_orders
  File "/opt/airflow/services/consumer.py", line 74, in <module>
    from confluent_kafka import Consumer, KafkaException
ModuleNotFoundError: No module named 'confluent_kafka'
[2026-04-29T23:44:23.828+0000] {processor.py:927} WARNING - No viable dags retrieved from /opt/airflow/dags/main.py
[2026-04-29T23:44:23.862+0000] {processor.py:208} INFO - Processing /opt/airflow/dags/main.py took 0.231 seconds
[2026-04-29T23:44:53.976+0000] {processor.py:186} INFO - Started process (PID=118) to work on /opt/airflow/dags/main.py
[2026-04-29T23:44:53.980+0000] {processor.py:914} INFO - Processing file /opt/airflow/dags/main.py for tasks to queue
[2026-04-29T23:44:53.994+0000] {logging_mixin.py:190} INFO - [2026-04-29T23:44:53.993+0000] {dagbag.py:588} INFO - Filling up the DagBag from /opt/airflow/dags/main.py
[2026-04-29T23:44:54.319+0000] {logging_mixin.py:190} INFO - [2026-04-29T23:44:54.301+0000] {dagbag.py:387} ERROR - Failed to import: /opt/airflow/dags/main.py
Traceback (most recent call last):
  File "/home/airflow/.local/lib/python3.12/site-packages/airflow/models/dagbag.py", line 383, in parse
    loader.exec_module(new_module)
  File "<frozen importlib._bootstrap_external>", line 999, in exec_module
  File "<frozen importlib._bootstrap>", line 488, in _call_with_frames_removed
  File "/opt/airflow/dags/main.py", line 26, in <module>
    from services.consumer import consume_orders
  File "/opt/airflow/services/consumer.py", line 74, in <module>
    from confluent_kafka import Consumer, KafkaException
ModuleNotFoundError: No module named 'confluent_kafka'
[2026-04-29T23:44:54.324+0000] {processor.py:927} WARNING - No viable dags retrieved from /opt/airflow/dags/main.py
[2026-04-29T23:44:54.385+0000] {processor.py:208} INFO - Processing /opt/airflow/dags/main.py took 0.427 seconds
[2026-04-29T23:45:24.717+0000] {processor.py:186} INFO - Started process (PID=125) to work on /opt/airflow/dags/main.py
[2026-04-29T23:45:24.720+0000] {processor.py:914} INFO - Processing file /opt/airflow/dags/main.py for tasks to queue
[2026-04-29T23:45:24.727+0000] {logging_mixin.py:190} INFO - [2026-04-29T23:45:24.726+0000] {dagbag.py:588} INFO - Filling up the DagBag from /opt/airflow/dags/main.py
[2026-04-29T23:45:25.021+0000] {logging_mixin.py:190} INFO - [2026-04-29T23:45:25.006+0000] {dagbag.py:387} ERROR - Failed to import: /opt/airflow/dags/main.py
Traceback (most recent call last):
  File "/home/airflow/.local/lib/python3.12/site-packages/airflow/models/dagbag.py", line 383, in parse
    loader.exec_module(new_module)
  File "<frozen importlib._bootstrap_external>", line 999, in exec_module
  File "<frozen importlib._bootstrap>", line 488, in _call_with_frames_removed
  File "/opt/airflow/dags/main.py", line 26, in <module>
    from services.consumer import consume_orders
  File "/opt/airflow/services/consumer.py", line 74, in <module>
    from confluent_kafka import Consumer, KafkaException
ModuleNotFoundError: No module named 'confluent_kafka'
[2026-04-29T23:45:25.026+0000] {processor.py:927} WARNING - No viable dags retrieved from /opt/airflow/dags/main.py
[2026-04-29T23:45:25.057+0000] {processor.py:208} INFO - Processing /opt/airflow/dags/main.py took 0.358 seconds
[2026-04-29T23:45:55.403+0000] {processor.py:186} INFO - Started process (PID=132) to work on /opt/airflow/dags/main.py
[2026-04-29T23:45:55.406+0000] {processor.py:914} INFO - Processing file /opt/airflow/dags/main.py for tasks to queue
[2026-04-29T23:45:55.412+0000] {logging_mixin.py:190} INFO - [2026-04-29T23:45:55.411+0000] {dagbag.py:588} INFO - Filling up the DagBag from /opt/airflow/dags/main.py
[2026-04-29T23:45:55.586+0000] {logging_mixin.py:190} INFO - [2026-04-29T23:45:55.572+0000] {dagbag.py:387} ERROR - Failed to import: /opt/airflow/dags/main.py
Traceback (most recent call last):
  File "/home/airflow/.local/lib/python3.12/site-packages/airflow/models/dagbag.py", line 383, in parse
    loader.exec_module(new_module)
  File "<frozen importlib._bootstrap_external>", line 999, in exec_module
  File "<frozen importlib._bootstrap>", line 488, in _call_with_frames_removed
  File "/opt/airflow/dags/main.py", line 26, in <module>
    from services.consumer import consume_orders
  File "/opt/airflow/services/consumer.py", line 74, in <module>
    from confluent_kafka import Consumer, KafkaException
ModuleNotFoundError: No module named 'confluent_kafka'
[2026-04-29T23:45:55.591+0000] {processor.py:927} WARNING - No viable dags retrieved from /opt/airflow/dags/main.py
[2026-04-29T23:45:55.730+0000] {processor.py:208} INFO - Processing /opt/airflow/dags/main.py took 0.360 seconds
[2026-04-29T23:46:26.188+0000] {processor.py:186} INFO - Started process (PID=139) to work on /opt/airflow/dags/main.py
[2026-04-29T23:46:26.202+0000] {processor.py:914} INFO - Processing file /opt/airflow/dags/main.py for tasks to queue
[2026-04-29T23:46:26.241+0000] {logging_mixin.py:190} INFO - [2026-04-29T23:46:26.238+0000] {dagbag.py:588} INFO - Filling up the DagBag from /opt/airflow/dags/main.py
[2026-04-29T23:46:26.716+0000] {logging_mixin.py:190} INFO - [2026-04-29T23:46:26.702+0000] {dagbag.py:387} ERROR - Failed to import: /opt/airflow/dags/main.py
Traceback (most recent call last):
  File "/home/airflow/.local/lib/python3.12/site-packages/airflow/models/dagbag.py", line 383, in parse
    loader.exec_module(new_module)
  File "<frozen importlib._bootstrap_external>", line 999, in exec_module
  File "<frozen importlib._bootstrap>", line 488, in _call_with_frames_removed
  File "/opt/airflow/dags/main.py", line 26, in <module>
    from services.consumer import consume_orders
  File "/opt/airflow/services/consumer.py", line 74, in <module>
    from confluent_kafka import Consumer, KafkaException
ModuleNotFoundError: No module named 'confluent_kafka'
[2026-04-29T23:46:26.724+0000] {processor.py:927} WARNING - No viable dags retrieved from /opt/airflow/dags/main.py
[2026-04-29T23:46:26.917+0000] {processor.py:208} INFO - Processing /opt/airflow/dags/main.py took 0.869 seconds
[2026-04-29T23:46:57.195+0000] {processor.py:186} INFO - Started process (PID=146) to work on /opt/airflow/dags/main.py
[2026-04-29T23:46:57.198+0000] {processor.py:914} INFO - Processing file /opt/airflow/dags/main.py for tasks to queue
[2026-04-29T23:46:57.202+0000] {logging_mixin.py:190} INFO - [2026-04-29T23:46:57.202+0000] {dagbag.py:588} INFO - Filling up the DagBag from /opt/airflow/dags/main.py
[2026-04-29T23:46:57.487+0000] {logging_mixin.py:190} INFO - [2026-04-29T23:46:57.448+0000] {dagbag.py:387} ERROR - Failed to import: /opt/airflow/dags/main.py
Traceback (most recent call last):
  File "/home/airflow/.local/lib/python3.12/site-packages/airflow/models/dagbag.py", line 383, in parse
    loader.exec_module(new_module)
  File "<frozen importlib._bootstrap_external>", line 999, in exec_module
  File "<frozen importlib._bootstrap>", line 488, in _call_with_frames_removed
  File "/opt/airflow/dags/main.py", line 26, in <module>
    from services.consumer import consume_orders
  File "/opt/airflow/services/consumer.py", line 74, in <module>
    from confluent_kafka import Consumer, KafkaException
ModuleNotFoundError: No module named 'confluent_kafka'
[2026-04-29T23:46:57.493+0000] {processor.py:927} WARNING - No viable dags retrieved from /opt/airflow/dags/main.py
[2026-04-29T23:46:57.550+0000] {processor.py:208} INFO - Processing /opt/airflow/dags/main.py took 0.375 seconds
[2026-04-29T23:47:27.755+0000] {processor.py:186} INFO - Started process (PID=153) to work on /opt/airflow/dags/main.py
[2026-04-29T23:47:27.757+0000] {processor.py:914} INFO - Processing file /opt/airflow/dags/main.py for tasks to queue
[2026-04-29T23:47:27.761+0000] {logging_mixin.py:190} INFO - [2026-04-29T23:47:27.760+0000] {dagbag.py:588} INFO - Filling up the DagBag from /opt/airflow/dags/main.py
[2026-04-29T23:47:28.806+0000] {logging_mixin.py:190} INFO - [2026-04-29T23:47:28.789+0000] {dagbag.py:387} ERROR - Failed to import: /opt/airflow/dags/main.py
Traceback (most recent call last):
  File "/home/airflow/.local/lib/python3.12/site-packages/airflow/models/dagbag.py", line 383, in parse
    loader.exec_module(new_module)
  File "<frozen importlib._bootstrap_external>", line 999, in exec_module
  File "<frozen importlib._bootstrap>", line 488, in _call_with_frames_removed
  File "/opt/airflow/dags/main.py", line 26, in <module>
    from services.consumer import consume_orders
  File "/opt/airflow/services/consumer.py", line 74, in <module>
    from confluent_kafka import Consumer, KafkaException
ModuleNotFoundError: No module named 'confluent_kafka'
[2026-04-29T23:47:28.815+0000] {processor.py:927} WARNING - No viable dags retrieved from /opt/airflow/dags/main.py
[2026-04-29T23:47:28.854+0000] {processor.py:208} INFO - Processing /opt/airflow/dags/main.py took 1.112 seconds
[2026-04-29T23:47:59.017+0000] {processor.py:186} INFO - Started process (PID=166) to work on /opt/airflow/dags/main.py
[2026-04-29T23:47:59.020+0000] {processor.py:914} INFO - Processing file /opt/airflow/dags/main.py for tasks to queue
[2026-04-29T23:47:59.024+0000] {logging_mixin.py:190} INFO - [2026-04-29T23:47:59.023+0000] {dagbag.py:588} INFO - Filling up the DagBag from /opt/airflow/dags/main.py
[2026-04-29T23:47:59.190+0000] {logging_mixin.py:190} INFO - [2026-04-29T23:47:59.177+0000] {dagbag.py:387} ERROR - Failed to import: /opt/airflow/dags/main.py
Traceback (most recent call last):
  File "/home/airflow/.local/lib/python3.12/site-packages/airflow/models/dagbag.py", line 383, in parse
    loader.exec_module(new_module)
  File "<frozen importlib._bootstrap_external>", line 999, in exec_module
  File "<frozen importlib._bootstrap>", line 488, in _call_with_frames_removed
  File "/opt/airflow/dags/main.py", line 26, in <module>
    from services.consumer import consume_orders
  File "/opt/airflow/services/consumer.py", line 74, in <module>
    from confluent_kafka import Consumer, KafkaException
ModuleNotFoundError: No module named 'confluent_kafka'
[2026-04-29T23:47:59.194+0000] {processor.py:927} WARNING - No viable dags retrieved from /opt/airflow/dags/main.py
[2026-04-29T23:47:59.229+0000] {processor.py:208} INFO - Processing /opt/airflow/dags/main.py took 0.224 seconds
[2026-04-29T23:48:29.491+0000] {processor.py:186} INFO - Started process (PID=172) to work on /opt/airflow/dags/main.py
[2026-04-29T23:48:29.493+0000] {processor.py:914} INFO - Processing file /opt/airflow/dags/main.py for tasks to queue
[2026-04-29T23:48:29.498+0000] {logging_mixin.py:190} INFO - [2026-04-29T23:48:29.497+0000] {dagbag.py:588} INFO - Filling up the DagBag from /opt/airflow/dags/main.py
[2026-04-29T23:48:29.671+0000] {logging_mixin.py:190} INFO - [2026-04-29T23:48:29.656+0000] {dagbag.py:387} ERROR - Failed to import: /opt/airflow/dags/main.py
Traceback (most recent call last):
  File "/home/airflow/.local/lib/python3.12/site-packages/airflow/models/dagbag.py", line 383, in parse
    loader.exec_module(new_module)
  File "<frozen importlib._bootstrap_external>", line 999, in exec_module
  File "<frozen importlib._bootstrap>", line 488, in _call_with_frames_removed
  File "/opt/airflow/dags/main.py", line 26, in <module>
    from services.consumer import consume_orders
  File "/opt/airflow/services/consumer.py", line 74, in <module>
    from confluent_kafka import Consumer, KafkaException
ModuleNotFoundError: No module named 'confluent_kafka'
[2026-04-29T23:48:29.675+0000] {processor.py:927} WARNING - No viable dags retrieved from /opt/airflow/dags/main.py
[2026-04-29T23:48:29.705+0000] {processor.py:208} INFO - Processing /opt/airflow/dags/main.py took 0.224 seconds
[2026-04-29T23:49:00.133+0000] {processor.py:186} INFO - Started process (PID=178) to work on /opt/airflow/dags/main.py
[2026-04-29T23:49:00.136+0000] {processor.py:914} INFO - Processing file /opt/airflow/dags/main.py for tasks to queue
[2026-04-29T23:49:00.141+0000] {logging_mixin.py:190} INFO - [2026-04-29T23:49:00.141+0000] {dagbag.py:588} INFO - Filling up the DagBag from /opt/airflow/dags/main.py
[2026-04-29T23:49:00.355+0000] {logging_mixin.py:190} INFO - [2026-04-29T23:49:00.340+0000] {dagbag.py:387} ERROR - Failed to import: /opt/airflow/dags/main.py
Traceback (most recent call last):
  File "/home/airflow/.local/lib/python3.12/site-packages/airflow/models/dagbag.py", line 383, in parse
    loader.exec_module(new_module)
  File "<frozen importlib._bootstrap_external>", line 999, in exec_module
  File "<frozen importlib._bootstrap>", line 488, in _call_with_frames_removed
  File "/opt/airflow/dags/main.py", line 26, in <module>
    from services.consumer import consume_orders
  File "/opt/airflow/services/consumer.py", line 74, in <module>
    from confluent_kafka import Consumer, KafkaException
ModuleNotFoundError: No module named 'confluent_kafka'
[2026-04-29T23:49:00.366+0000] {processor.py:927} WARNING - No viable dags retrieved from /opt/airflow/dags/main.py
[2026-04-29T23:49:00.400+0000] {processor.py:208} INFO - Processing /opt/airflow/dags/main.py took 0.277 seconds
[2026-04-29T23:49:31.253+0000] {processor.py:186} INFO - Started process (PID=185) to work on /opt/airflow/dags/main.py
[2026-04-29T23:49:31.256+0000] {processor.py:914} INFO - Processing file /opt/airflow/dags/main.py for tasks to queue
[2026-04-29T23:49:31.264+0000] {logging_mixin.py:190} INFO - [2026-04-29T23:49:31.263+0000] {dagbag.py:588} INFO - Filling up the DagBag from /opt/airflow/dags/main.py
[2026-04-29T23:49:31.474+0000] {logging_mixin.py:190} INFO - [2026-04-29T23:49:31.461+0000] {dagbag.py:387} ERROR - Failed to import: /opt/airflow/dags/main.py
Traceback (most recent call last):
  File "/home/airflow/.local/lib/python3.12/site-packages/airflow/models/dagbag.py", line 383, in parse
    loader.exec_module(new_module)
  File "<frozen importlib._bootstrap_external>", line 999, in exec_module
  File "<frozen importlib._bootstrap>", line 488, in _call_with_frames_removed
  File "/opt/airflow/dags/main.py", line 26, in <module>
    from services.consumer import consume_orders
  File "/opt/airflow/services/consumer.py", line 74, in <module>
    from confluent_kafka import Consumer, KafkaException
ModuleNotFoundError: No module named 'confluent_kafka'
[2026-04-29T23:49:31.479+0000] {processor.py:927} WARNING - No viable dags retrieved from /opt/airflow/dags/main.py
[2026-04-29T23:49:31.509+0000] {processor.py:208} INFO - Processing /opt/airflow/dags/main.py took 0.277 seconds
[2026-04-29T23:50:01.670+0000] {processor.py:186} INFO - Started process (PID=192) to work on /opt/airflow/dags/main.py
[2026-04-29T23:50:01.673+0000] {processor.py:914} INFO - Processing file /opt/airflow/dags/main.py for tasks to queue
[2026-04-29T23:50:01.681+0000] {logging_mixin.py:190} INFO - [2026-04-29T23:50:01.680+0000] {dagbag.py:588} INFO - Filling up the DagBag from /opt/airflow/dags/main.py
[2026-04-29T23:50:01.876+0000] {logging_mixin.py:190} INFO - [2026-04-29T23:50:01.862+0000] {dagbag.py:387} ERROR - Failed to import: /opt/airflow/dags/main.py
Traceback (most recent call last):
  File "/home/airflow/.local/lib/python3.12/site-packages/airflow/models/dagbag.py", line 383, in parse
    loader.exec_module(new_module)
  File "<frozen importlib._bootstrap_external>", line 999, in exec_module
  File "<frozen importlib._bootstrap>", line 488, in _call_with_frames_removed
  File "/opt/airflow/dags/main.py", line 26, in <module>
    from services.consumer import consume_orders
  File "/opt/airflow/services/consumer.py", line 74, in <module>
    from confluent_kafka import Consumer, KafkaException
ModuleNotFoundError: No module named 'confluent_kafka'
[2026-04-29T23:50:01.880+0000] {processor.py:927} WARNING - No viable dags retrieved from /opt/airflow/dags/main.py
[2026-04-29T23:50:02.251+0000] {processor.py:208} INFO - Processing /opt/airflow/dags/main.py took 0.599 seconds
[2026-04-29T23:50:32.603+0000] {processor.py:186} INFO - Started process (PID=199) to work on /opt/airflow/dags/main.py
[2026-04-29T23:50:32.606+0000] {processor.py:914} INFO - Processing file /opt/airflow/dags/main.py for tasks to queue
[2026-04-29T23:50:32.618+0000] {logging_mixin.py:190} INFO - [2026-04-29T23:50:32.616+0000] {dagbag.py:588} INFO - Filling up the DagBag from /opt/airflow/dags/main.py
[2026-04-29T23:50:33.131+0000] {logging_mixin.py:190} INFO - [2026-04-29T23:50:33.117+0000] {dagbag.py:387} ERROR - Failed to import: /opt/airflow/dags/main.py
Traceback (most recent call last):
  File "/home/airflow/.local/lib/python3.12/site-packages/airflow/models/dagbag.py", line 383, in parse
    loader.exec_module(new_module)
  File "<frozen importlib._bootstrap_external>", line 999, in exec_module
  File "<frozen importlib._bootstrap>", line 488, in _call_with_frames_removed
  File "/opt/airflow/dags/main.py", line 26, in <module>
    from services.consumer import consume_orders
  File "/opt/airflow/services/consumer.py", line 74, in <module>
    from confluent_kafka import Consumer, KafkaException
ModuleNotFoundError: No module named 'confluent_kafka'
[2026-04-29T23:50:33.136+0000] {processor.py:927} WARNING - No viable dags retrieved from /opt/airflow/dags/main.py
[2026-04-29T23:50:33.164+0000] {processor.py:208} INFO - Processing /opt/airflow/dags/main.py took 0.583 seconds
[2026-04-29T23:51:03.981+0000] {processor.py:186} INFO - Started process (PID=206) to work on /opt/airflow/dags/main.py
[2026-04-29T23:51:03.983+0000] {processor.py:914} INFO - Processing file /opt/airflow/dags/main.py for tasks to queue
[2026-04-29T23:51:03.988+0000] {logging_mixin.py:190} INFO - [2026-04-29T23:51:03.987+0000] {dagbag.py:588} INFO - Filling up the DagBag from /opt/airflow/dags/main.py
[2026-04-29T23:51:04.158+0000] {logging_mixin.py:190} INFO - [2026-04-29T23:51:04.143+0000] {dagbag.py:387} ERROR - Failed to import: /opt/airflow/dags/main.py
Traceback (most recent call last):
  File "/home/airflow/.local/lib/python3.12/site-packages/airflow/models/dagbag.py", line 383, in parse
    loader.exec_module(new_module)
  File "<frozen importlib._bootstrap_external>", line 999, in exec_module
  File "<frozen importlib._bootstrap>", line 488, in _call_with_frames_removed
  File "/opt/airflow/dags/main.py", line 26, in <module>
    from services.consumer import consume_orders
  File "/opt/airflow/services/consumer.py", line 74, in <module>
    from confluent_kafka import Consumer, KafkaException
ModuleNotFoundError: No module named 'confluent_kafka'
[2026-04-29T23:51:04.164+0000] {processor.py:927} WARNING - No viable dags retrieved from /opt/airflow/dags/main.py
[2026-04-29T23:51:04.200+0000] {processor.py:208} INFO - Processing /opt/airflow/dags/main.py took 0.230 seconds
[2026-04-29T23:51:35.022+0000] {processor.py:186} INFO - Started process (PID=213) to work on /opt/airflow/dags/main.py
[2026-04-29T23:51:35.024+0000] {processor.py:914} INFO - Processing file /opt/airflow/dags/main.py for tasks to queue
[2026-04-29T23:51:35.052+0000] {logging_mixin.py:190} INFO - [2026-04-29T23:51:35.052+0000] {dagbag.py:588} INFO - Filling up the DagBag from /opt/airflow/dags/main.py
[2026-04-29T23:51:35.402+0000] {logging_mixin.py:190} INFO - [2026-04-29T23:51:35.378+0000] {dagbag.py:387} ERROR - Failed to import: /opt/airflow/dags/main.py
Traceback (most recent call last):
  File "/home/airflow/.local/lib/python3.12/site-packages/airflow/models/dagbag.py", line 383, in parse
    loader.exec_module(new_module)
  File "<frozen importlib._bootstrap_external>", line 999, in exec_module
  File "<frozen importlib._bootstrap>", line 488, in _call_with_frames_removed
  File "/opt/airflow/dags/main.py", line 26, in <module>
    from services.consumer import consume_orders
  File "/opt/airflow/services/consumer.py", line 74, in <module>
    from confluent_kafka import Consumer, KafkaException
ModuleNotFoundError: No module named 'confluent_kafka'
[2026-04-29T23:51:35.410+0000] {processor.py:927} WARNING - No viable dags retrieved from /opt/airflow/dags/main.py
[2026-04-29T23:51:35.510+0000] {processor.py:208} INFO - Processing /opt/airflow/dags/main.py took 0.513 seconds
[2026-04-29T23:52:06.113+0000] {processor.py:186} INFO - Started process (PID=220) to work on /opt/airflow/dags/main.py
[2026-04-29T23:52:06.117+0000] {processor.py:914} INFO - Processing file /opt/airflow/dags/main.py for tasks to queue
[2026-04-29T23:52:06.126+0000] {logging_mixin.py:190} INFO - [2026-04-29T23:52:06.126+0000] {dagbag.py:588} INFO - Filling up the DagBag from /opt/airflow/dags/main.py
[2026-04-29T23:52:06.469+0000] {logging_mixin.py:190} INFO - [2026-04-29T23:52:06.449+0000] {dagbag.py:387} ERROR - Failed to import: /opt/airflow/dags/main.py
Traceback (most recent call last):
  File "/home/airflow/.local/lib/python3.12/site-packages/airflow/models/dagbag.py", line 383, in parse
    loader.exec_module(new_module)
  File "<frozen importlib._bootstrap_external>", line 999, in exec_module
  File "<frozen importlib._bootstrap>", line 488, in _call_with_frames_removed
  File "/opt/airflow/dags/main.py", line 26, in <module>
    from services.consumer import consume_orders
  File "/opt/airflow/services/consumer.py", line 74, in <module>
    from confluent_kafka import Consumer, KafkaException
ModuleNotFoundError: No module named 'confluent_kafka'
[2026-04-29T23:52:06.476+0000] {processor.py:927} WARNING - No viable dags retrieved from /opt/airflow/dags/main.py
[2026-04-29T23:52:06.574+0000] {processor.py:208} INFO - Processing /opt/airflow/dags/main.py took 0.511 seconds
[2026-04-29T23:52:37.617+0000] {processor.py:186} INFO - Started process (PID=233) to work on /opt/airflow/dags/main.py
[2026-04-29T23:52:37.627+0000] {processor.py:914} INFO - Processing file /opt/airflow/dags/main.py for tasks to queue
[2026-04-29T23:52:37.645+0000] {logging_mixin.py:190} INFO - [2026-04-29T23:52:37.644+0000] {dagbag.py:588} INFO - Filling up the DagBag from /opt/airflow/dags/main.py
[2026-04-29T23:52:38.119+0000] {logging_mixin.py:190} INFO - [2026-04-29T23:52:38.095+0000] {dagbag.py:387} ERROR - Failed to import: /opt/airflow/dags/main.py
Traceback (most recent call last):
  File "/home/airflow/.local/lib/python3.12/site-packages/airflow/models/dagbag.py", line 383, in parse
    loader.exec_module(new_module)
  File "<frozen importlib._bootstrap_external>", line 999, in exec_module
  File "<frozen importlib._bootstrap>", line 488, in _call_with_frames_removed
  File "/opt/airflow/dags/main.py", line 26, in <module>
    from services.consumer import consume_orders
  File "/opt/airflow/services/consumer.py", line 74, in <module>
    from confluent_kafka import Consumer, KafkaException
ModuleNotFoundError: No module named 'confluent_kafka'
[2026-04-29T23:52:38.125+0000] {processor.py:927} WARNING - No viable dags retrieved from /opt/airflow/dags/main.py
[2026-04-29T23:52:38.334+0000] {processor.py:208} INFO - Processing /opt/airflow/dags/main.py took 0.757 seconds
[2026-04-29T23:53:08.832+0000] {processor.py:186} INFO - Started process (PID=240) to work on /opt/airflow/dags/main.py
[2026-04-29T23:53:08.834+0000] {processor.py:914} INFO - Processing file /opt/airflow/dags/main.py for tasks to queue
[2026-04-29T23:53:08.838+0000] {logging_mixin.py:190} INFO - [2026-04-29T23:53:08.838+0000] {dagbag.py:588} INFO - Filling up the DagBag from /opt/airflow/dags/main.py
[2026-04-29T23:53:09.480+0000] {logging_mixin.py:190} INFO - [2026-04-29T23:53:09.462+0000] {dagbag.py:387} ERROR - Failed to import: /opt/airflow/dags/main.py
Traceback (most recent call last):
  File "/home/airflow/.local/lib/python3.12/site-packages/airflow/models/dagbag.py", line 383, in parse
    loader.exec_module(new_module)
  File "<frozen importlib._bootstrap_external>", line 999, in exec_module
  File "<frozen importlib._bootstrap>", line 488, in _call_with_frames_removed
  File "/opt/airflow/dags/main.py", line 26, in <module>
    from services.consumer import consume_orders
  File "/opt/airflow/services/consumer.py", line 74, in <module>
    from confluent_kafka import Consumer, KafkaException
ModuleNotFoundError: No module named 'confluent_kafka'
[2026-04-29T23:53:09.487+0000] {processor.py:927} WARNING - No viable dags retrieved from /opt/airflow/dags/main.py
[2026-04-29T23:53:09.562+0000] {processor.py:208} INFO - Processing /opt/airflow/dags/main.py took 0.741 seconds
[2026-04-29T23:53:39.748+0000] {processor.py:186} INFO - Started process (PID=247) to work on /opt/airflow/dags/main.py
[2026-04-29T23:53:39.750+0000] {processor.py:914} INFO - Processing file /opt/airflow/dags/main.py for tasks to queue
[2026-04-29T23:53:39.757+0000] {logging_mixin.py:190} INFO - [2026-04-29T23:53:39.756+0000] {dagbag.py:588} INFO - Filling up the DagBag from /opt/airflow/dags/main.py
[2026-04-29T23:53:39.973+0000] {logging_mixin.py:190} INFO - [2026-04-29T23:53:39.957+0000] {dagbag.py:387} ERROR - Failed to import: /opt/airflow/dags/main.py
Traceback (most recent call last):
  File "/home/airflow/.local/lib/python3.12/site-packages/airflow/models/dagbag.py", line 383, in parse
    loader.exec_module(new_module)
  File "<frozen importlib._bootstrap_external>", line 999, in exec_module
  File "<frozen importlib._bootstrap>", line 488, in _call_with_frames_removed
  File "/opt/airflow/dags/main.py", line 26, in <module>
    from services.consumer import consume_orders
  File "/opt/airflow/services/consumer.py", line 74, in <module>
    from confluent_kafka import Consumer, KafkaException
ModuleNotFoundError: No module named 'confluent_kafka'
[2026-04-29T23:53:39.978+0000] {processor.py:927} WARNING - No viable dags retrieved from /opt/airflow/dags/main.py
[2026-04-29T23:53:40.031+0000] {processor.py:208} INFO - Processing /opt/airflow/dags/main.py took 0.303 seconds
[2026-04-29T23:54:10.313+0000] {processor.py:186} INFO - Started process (PID=254) to work on /opt/airflow/dags/main.py
[2026-04-29T23:54:10.314+0000] {processor.py:914} INFO - Processing file /opt/airflow/dags/main.py for tasks to queue
[2026-04-29T23:54:10.318+0000] {logging_mixin.py:190} INFO - [2026-04-29T23:54:10.318+0000] {dagbag.py:588} INFO - Filling up the DagBag from /opt/airflow/dags/main.py
[2026-04-29T23:54:10.464+0000] {logging_mixin.py:190} INFO - [2026-04-29T23:54:10.451+0000] {dagbag.py:387} ERROR - Failed to import: /opt/airflow/dags/main.py
Traceback (most recent call last):
  File "/home/airflow/.local/lib/python3.12/site-packages/airflow/models/dagbag.py", line 383, in parse
    loader.exec_module(new_module)
  File "<frozen importlib._bootstrap_external>", line 999, in exec_module
  File "<frozen importlib._bootstrap>", line 488, in _call_with_frames_removed
  File "/opt/airflow/dags/main.py", line 26, in <module>
    from services.consumer import consume_orders
  File "/opt/airflow/services/consumer.py", line 74, in <module>
    from confluent_kafka import Consumer, KafkaException
ModuleNotFoundError: No module named 'confluent_kafka'
[2026-04-29T23:54:10.469+0000] {processor.py:927} WARNING - No viable dags retrieved from /opt/airflow/dags/main.py
[2026-04-29T23:54:10.495+0000] {processor.py:208} INFO - Processing /opt/airflow/dags/main.py took 0.191 seconds
[2026-04-29T23:54:40.616+0000] {processor.py:186} INFO - Started process (PID=261) to work on /opt/airflow/dags/main.py
[2026-04-29T23:54:40.618+0000] {processor.py:914} INFO - Processing file /opt/airflow/dags/main.py for tasks to queue
[2026-04-29T23:54:40.621+0000] {logging_mixin.py:190} INFO - [2026-04-29T23:54:40.621+0000] {dagbag.py:588} INFO - Filling up the DagBag from /opt/airflow/dags/main.py
[2026-04-29T23:54:40.783+0000] {logging_mixin.py:190} INFO - [2026-04-29T23:54:40.765+0000] {dagbag.py:387} ERROR - Failed to import: /opt/airflow/dags/main.py
Traceback (most recent call last):
  File "/home/airflow/.local/lib/python3.12/site-packages/airflow/models/dagbag.py", line 383, in parse
    loader.exec_module(new_module)
  File "<frozen importlib._bootstrap_external>", line 999, in exec_module
  File "<frozen importlib._bootstrap>", line 488, in _call_with_frames_removed
  File "/opt/airflow/dags/main.py", line 26, in <module>
    from services.consumer import consume_orders
  File "/opt/airflow/services/consumer.py", line 74, in <module>
    from confluent_kafka import Consumer, KafkaException
ModuleNotFoundError: No module named 'confluent_kafka'
[2026-04-29T23:54:40.787+0000] {processor.py:927} WARNING - No viable dags retrieved from /opt/airflow/dags/main.py
[2026-04-29T23:54:40.817+0000] {processor.py:208} INFO - Processing /opt/airflow/dags/main.py took 0.209 seconds
[2026-04-29T23:55:11.093+0000] {processor.py:186} INFO - Started process (PID=268) to work on /opt/airflow/dags/main.py
[2026-04-29T23:55:11.094+0000] {processor.py:914} INFO - Processing file /opt/airflow/dags/main.py for tasks to queue
[2026-04-29T23:55:11.099+0000] {logging_mixin.py:190} INFO - [2026-04-29T23:55:11.098+0000] {dagbag.py:588} INFO - Filling up the DagBag from /opt/airflow/dags/main.py
[2026-04-29T23:55:11.289+0000] {logging_mixin.py:190} INFO - [2026-04-29T23:55:11.277+0000] {dagbag.py:387} ERROR - Failed to import: /opt/airflow/dags/main.py
Traceback (most recent call last):
  File "/home/airflow/.local/lib/python3.12/site-packages/airflow/models/dagbag.py", line 383, in parse
    loader.exec_module(new_module)
  File "<frozen importlib._bootstrap_external>", line 999, in exec_module
  File "<frozen importlib._bootstrap>", line 488, in _call_with_frames_removed
  File "/opt/airflow/dags/main.py", line 26, in <module>
    from services.consumer import consume_orders
  File "/opt/airflow/services/consumer.py", line 74, in <module>
    from confluent_kafka import Consumer, KafkaException
ModuleNotFoundError: No module named 'confluent_kafka'
[2026-04-29T23:55:11.293+0000] {processor.py:927} WARNING - No viable dags retrieved from /opt/airflow/dags/main.py
[2026-04-29T23:55:11.330+0000] {processor.py:208} INFO - Processing /opt/airflow/dags/main.py took 0.246 seconds
[2026-04-29T23:55:41.644+0000] {processor.py:186} INFO - Started process (PID=276) to work on /opt/airflow/dags/main.py
[2026-04-29T23:55:41.648+0000] {processor.py:914} INFO - Processing file /opt/airflow/dags/main.py for tasks to queue
[2026-04-29T23:55:41.654+0000] {logging_mixin.py:190} INFO - [2026-04-29T23:55:41.653+0000] {dagbag.py:588} INFO - Filling up the DagBag from /opt/airflow/dags/main.py
[2026-04-29T23:55:42.137+0000] {logging_mixin.py:190} INFO - [2026-04-29T23:55:42.114+0000] {dagbag.py:387} ERROR - Failed to import: /opt/airflow/dags/main.py
Traceback (most recent call last):
  File "/home/airflow/.local/lib/python3.12/site-packages/airflow/models/dagbag.py", line 383, in parse
    loader.exec_module(new_module)
  File "<frozen importlib._bootstrap_external>", line 999, in exec_module
  File "<frozen importlib._bootstrap>", line 488, in _call_with_frames_removed
  File "/opt/airflow/dags/main.py", line 26, in <module>
    from services.consumer import consume_orders
  File "/opt/airflow/services/consumer.py", line 74, in <module>
    from confluent_kafka import Consumer, KafkaException
ModuleNotFoundError: No module named 'confluent_kafka'
[2026-04-29T23:55:42.145+0000] {processor.py:927} WARNING - No viable dags retrieved from /opt/airflow/dags/main.py
[2026-04-29T23:55:42.194+0000] {processor.py:208} INFO - Processing /opt/airflow/dags/main.py took 0.569 seconds
[2026-04-29T23:56:12.548+0000] {processor.py:186} INFO - Started process (PID=283) to work on /opt/airflow/dags/main.py
[2026-04-29T23:56:12.550+0000] {processor.py:914} INFO - Processing file /opt/airflow/dags/main.py for tasks to queue
[2026-04-29T23:56:12.554+0000] {logging_mixin.py:190} INFO - [2026-04-29T23:56:12.554+0000] {dagbag.py:588} INFO - Filling up the DagBag from /opt/airflow/dags/main.py
[2026-04-29T23:56:13.048+0000] {logging_mixin.py:190} INFO - [2026-04-29T23:56:13.033+0000] {dagbag.py:387} ERROR - Failed to import: /opt/airflow/dags/main.py
Traceback (most recent call last):
  File "/home/airflow/.local/lib/python3.12/site-packages/airflow/models/dagbag.py", line 383, in parse
    loader.exec_module(new_module)
  File "<frozen importlib._bootstrap_external>", line 999, in exec_module
  File "<frozen importlib._bootstrap>", line 488, in _call_with_frames_removed
  File "/opt/airflow/dags/main.py", line 26, in <module>
    from services.consumer import consume_orders
  File "/opt/airflow/services/consumer.py", line 74, in <module>
    from confluent_kafka import Consumer, KafkaException
ModuleNotFoundError: No module named 'confluent_kafka'
[2026-04-29T23:56:13.054+0000] {processor.py:927} WARNING - No viable dags retrieved from /opt/airflow/dags/main.py
[2026-04-29T23:56:13.083+0000] {processor.py:208} INFO - Processing /opt/airflow/dags/main.py took 0.547 seconds
[2026-04-29T23:56:43.393+0000] {processor.py:186} INFO - Started process (PID=290) to work on /opt/airflow/dags/main.py
[2026-04-29T23:56:43.415+0000] {processor.py:914} INFO - Processing file /opt/airflow/dags/main.py for tasks to queue
[2026-04-29T23:56:43.453+0000] {logging_mixin.py:190} INFO - [2026-04-29T23:56:43.451+0000] {dagbag.py:588} INFO - Filling up the DagBag from /opt/airflow/dags/main.py
[2026-04-29T23:56:43.659+0000] {logging_mixin.py:190} INFO - [2026-04-29T23:56:43.644+0000] {dagbag.py:387} ERROR - Failed to import: /opt/airflow/dags/main.py
Traceback (most recent call last):
  File "/home/airflow/.local/lib/python3.12/site-packages/airflow/models/dagbag.py", line 383, in parse
    loader.exec_module(new_module)
  File "<frozen importlib._bootstrap_external>", line 999, in exec_module
  File "<frozen importlib._bootstrap>", line 488, in _call_with_frames_removed
  File "/opt/airflow/dags/main.py", line 26, in <module>
    from services.consumer import consume_orders
  File "/opt/airflow/services/consumer.py", line 74, in <module>
    from confluent_kafka import Consumer, KafkaException
ModuleNotFoundError: No module named 'confluent_kafka'
[2026-04-29T23:56:43.663+0000] {processor.py:927} WARNING - No viable dags retrieved from /opt/airflow/dags/main.py
[2026-04-29T23:56:43.707+0000] {processor.py:208} INFO - Processing /opt/airflow/dags/main.py took 0.377 seconds
[2026-04-29T23:57:13.988+0000] {processor.py:186} INFO - Started process (PID=303) to work on /opt/airflow/dags/main.py
[2026-04-29T23:57:13.990+0000] {processor.py:914} INFO - Processing file /opt/airflow/dags/main.py for tasks to queue
[2026-04-29T23:57:13.995+0000] {logging_mixin.py:190} INFO - [2026-04-29T23:57:13.994+0000] {dagbag.py:588} INFO - Filling up the DagBag from /opt/airflow/dags/main.py
[2026-04-29T23:57:14.157+0000] {logging_mixin.py:190} INFO - [2026-04-29T23:57:14.142+0000] {dagbag.py:387} ERROR - Failed to import: /opt/airflow/dags/main.py
Traceback (most recent call last):
  File "/home/airflow/.local/lib/python3.12/site-packages/airflow/models/dagbag.py", line 383, in parse
    loader.exec_module(new_module)
  File "<frozen importlib._bootstrap_external>", line 999, in exec_module
  File "<frozen importlib._bootstrap>", line 488, in _call_with_frames_removed
  File "/opt/airflow/dags/main.py", line 26, in <module>
    from services.consumer import consume_orders
  File "/opt/airflow/services/consumer.py", line 74, in <module>
    from confluent_kafka import Consumer, KafkaException
ModuleNotFoundError: No module named 'confluent_kafka'
[2026-04-29T23:57:14.161+0000] {processor.py:927} WARNING - No viable dags retrieved from /opt/airflow/dags/main.py
[2026-04-29T23:57:14.258+0000] {processor.py:208} INFO - Processing /opt/airflow/dags/main.py took 0.281 seconds
[2026-04-29T23:57:44.544+0000] {processor.py:186} INFO - Started process (PID=310) to work on /opt/airflow/dags/main.py
[2026-04-29T23:57:44.549+0000] {processor.py:914} INFO - Processing file /opt/airflow/dags/main.py for tasks to queue
[2026-04-29T23:57:44.557+0000] {logging_mixin.py:190} INFO - [2026-04-29T23:57:44.556+0000] {dagbag.py:588} INFO - Filling up the DagBag from /opt/airflow/dags/main.py
[2026-04-29T23:57:44.862+0000] {logging_mixin.py:190} INFO - [2026-04-29T23:57:44.851+0000] {dagbag.py:387} ERROR - Failed to import: /opt/airflow/dags/main.py
Traceback (most recent call last):
  File "/home/airflow/.local/lib/python3.12/site-packages/airflow/models/dagbag.py", line 383, in parse
    loader.exec_module(new_module)
  File "<frozen importlib._bootstrap_external>", line 999, in exec_module
  File "<frozen importlib._bootstrap>", line 488, in _call_with_frames_removed
  File "/opt/airflow/dags/main.py", line 26, in <module>
    from services.consumer import consume_orders
  File "/opt/airflow/services/consumer.py", line 74, in <module>
    from confluent_kafka import Consumer, KafkaException
ModuleNotFoundError: No module named 'confluent_kafka'
[2026-04-29T23:57:44.865+0000] {processor.py:927} WARNING - No viable dags retrieved from /opt/airflow/dags/main.py
[2026-04-29T23:57:44.899+0000] {processor.py:208} INFO - Processing /opt/airflow/dags/main.py took 0.380 seconds
[2026-04-29T23:58:15.442+0000] {processor.py:186} INFO - Started process (PID=317) to work on /opt/airflow/dags/main.py
[2026-04-29T23:58:15.444+0000] {processor.py:914} INFO - Processing file /opt/airflow/dags/main.py for tasks to queue
[2026-04-29T23:58:15.448+0000] {logging_mixin.py:190} INFO - [2026-04-29T23:58:15.447+0000] {dagbag.py:588} INFO - Filling up the DagBag from /opt/airflow/dags/main.py
[2026-04-29T23:58:15.838+0000] {logging_mixin.py:190} INFO - [2026-04-29T23:58:15.820+0000] {dagbag.py:387} ERROR - Failed to import: /opt/airflow/dags/main.py
Traceback (most recent call last):
  File "/home/airflow/.local/lib/python3.12/site-packages/airflow/models/dagbag.py", line 383, in parse
    loader.exec_module(new_module)
  File "<frozen importlib._bootstrap_external>", line 999, in exec_module
  File "<frozen importlib._bootstrap>", line 488, in _call_with_frames_removed
  File "/opt/airflow/dags/main.py", line 26, in <module>
    from services.consumer import consume_orders
  File "/opt/airflow/services/consumer.py", line 74, in <module>
    from confluent_kafka import Consumer, KafkaException
ModuleNotFoundError: No module named 'confluent_kafka'
[2026-04-29T23:58:15.842+0000] {processor.py:927} WARNING - No viable dags retrieved from /opt/airflow/dags/main.py
[2026-04-29T23:58:15.873+0000] {processor.py:208} INFO - Processing /opt/airflow/dags/main.py took 0.441 seconds
[2026-04-29T23:58:46.266+0000] {processor.py:186} INFO - Started process (PID=324) to work on /opt/airflow/dags/main.py
[2026-04-29T23:58:46.270+0000] {processor.py:914} INFO - Processing file /opt/airflow/dags/main.py for tasks to queue
[2026-04-29T23:58:46.285+0000] {logging_mixin.py:190} INFO - [2026-04-29T23:58:46.284+0000] {dagbag.py:588} INFO - Filling up the DagBag from /opt/airflow/dags/main.py
[2026-04-29T23:58:47.582+0000] {logging_mixin.py:190} INFO - [2026-04-29T23:58:47.565+0000] {dagbag.py:387} ERROR - Failed to import: /opt/airflow/dags/main.py
Traceback (most recent call last):
  File "/home/airflow/.local/lib/python3.12/site-packages/airflow/models/dagbag.py", line 383, in parse
    loader.exec_module(new_module)
  File "<frozen importlib._bootstrap_external>", line 999, in exec_module
  File "<frozen importlib._bootstrap>", line 488, in _call_with_frames_removed
  File "/opt/airflow/dags/main.py", line 26, in <module>
    from services.consumer import consume_orders
  File "/opt/airflow/services/consumer.py", line 74, in <module>
    from confluent_kafka import Consumer, KafkaException
ModuleNotFoundError: No module named 'confluent_kafka'
[2026-04-29T23:58:47.588+0000] {processor.py:927} WARNING - No viable dags retrieved from /opt/airflow/dags/main.py
[2026-04-29T23:58:47.688+0000] {processor.py:208} INFO - Processing /opt/airflow/dags/main.py took 1.442 seconds
[2026-04-29T23:59:18.006+0000] {processor.py:186} INFO - Started process (PID=331) to work on /opt/airflow/dags/main.py
[2026-04-29T23:59:18.007+0000] {processor.py:914} INFO - Processing file /opt/airflow/dags/main.py for tasks to queue
[2026-04-29T23:59:18.011+0000] {logging_mixin.py:190} INFO - [2026-04-29T23:59:18.010+0000] {dagbag.py:588} INFO - Filling up the DagBag from /opt/airflow/dags/main.py
[2026-04-29T23:59:18.169+0000] {logging_mixin.py:190} INFO - [2026-04-29T23:59:18.155+0000] {dagbag.py:387} ERROR - Failed to import: /opt/airflow/dags/main.py
Traceback (most recent call last):
  File "/home/airflow/.local/lib/python3.12/site-packages/airflow/models/dagbag.py", line 383, in parse
    loader.exec_module(new_module)
  File "<frozen importlib._bootstrap_external>", line 999, in exec_module
  File "<frozen importlib._bootstrap>", line 488, in _call_with_frames_removed
  File "/opt/airflow/dags/main.py", line 26, in <module>
    from services.consumer import consume_orders
  File "/opt/airflow/services/consumer.py", line 74, in <module>
    from confluent_kafka import Consumer, KafkaException
ModuleNotFoundError: No module named 'confluent_kafka'
[2026-04-29T23:59:18.174+0000] {processor.py:927} WARNING - No viable dags retrieved from /opt/airflow/dags/main.py
[2026-04-29T23:59:18.219+0000] {processor.py:208} INFO - Processing /opt/airflow/dags/main.py took 0.224 seconds
[2026-04-29T23:59:48.468+0000] {processor.py:186} INFO - Started process (PID=338) to work on /opt/airflow/dags/main.py
[2026-04-29T23:59:48.473+0000] {processor.py:914} INFO - Processing file /opt/airflow/dags/main.py for tasks to queue
[2026-04-29T23:59:48.477+0000] {logging_mixin.py:190} INFO - [2026-04-29T23:59:48.477+0000] {dagbag.py:588} INFO - Filling up the DagBag from /opt/airflow/dags/main.py
[2026-04-29T23:59:48.686+0000] {logging_mixin.py:190} INFO - [2026-04-29T23:59:48.670+0000] {dagbag.py:387} ERROR - Failed to import: /opt/airflow/dags/main.py
Traceback (most recent call last):
  File "/home/airflow/.local/lib/python3.12/site-packages/airflow/models/dagbag.py", line 383, in parse
    loader.exec_module(new_module)
  File "<frozen importlib._bootstrap_external>", line 999, in exec_module
  File "<frozen importlib._bootstrap>", line 488, in _call_with_frames_removed
  File "/opt/airflow/dags/main.py", line 26, in <module>
    from services.consumer import consume_orders
  File "/opt/airflow/services/consumer.py", line 74, in <module>
    from confluent_kafka import Consumer, KafkaException
ModuleNotFoundError: No module named 'confluent_kafka'
[2026-04-29T23:59:48.690+0000] {processor.py:927} WARNING - No viable dags retrieved from /opt/airflow/dags/main.py
[2026-04-29T23:59:48.738+0000] {processor.py:208} INFO - Processing /opt/airflow/dags/main.py took 0.282 seconds
