[2026-05-07T16:47:46.312+0000] {processor.py:186} INFO - Started process (PID=69) to work on /opt/airflow/dags/main.py
[2026-05-07T16:47:46.314+0000] {processor.py:914} INFO - Processing file /opt/airflow/dags/main.py for tasks to queue
[2026-05-07T16:47:46.318+0000] {logging_mixin.py:190} INFO - [2026-05-07T16:47:46.317+0000] {dagbag.py:588} INFO - Filling up the DagBag from /opt/airflow/dags/main.py
[2026-05-07T16:47:47.519+0000] {processor.py:925} INFO - DAG(s) 'kafka_to_s3' retrieved from /opt/airflow/dags/main.py
[2026-05-07T16:47:48.171+0000] {logging_mixin.py:190} INFO - [2026-05-07T16:47:48.171+0000] {dag.py:3239} INFO - Sync 1 DAGs
[2026-05-07T16:47:48.210+0000] {logging_mixin.py:190} INFO - [2026-05-07T16:47:48.209+0000] {dag.py:4180} INFO - Setting next_dagrun for kafka_to_s3 to 2026-05-07 00:00:00+00:00, run_after=2026-05-08 00:00:00+00:00
[2026-05-07T16:47:48.244+0000] {processor.py:208} INFO - Processing /opt/airflow/dags/main.py took 1.950 seconds
[2026-05-07T16:48:18.701+0000] {processor.py:186} INFO - Started process (PID=75) to work on /opt/airflow/dags/main.py
[2026-05-07T16:48:18.704+0000] {processor.py:914} INFO - Processing file /opt/airflow/dags/main.py for tasks to queue
[2026-05-07T16:48:18.709+0000] {logging_mixin.py:190} INFO - [2026-05-07T16:48:18.708+0000] {dagbag.py:588} INFO - Filling up the DagBag from /opt/airflow/dags/main.py
[2026-05-07T16:48:18.949+0000] {processor.py:925} INFO - DAG(s) 'kafka_to_s3' retrieved from /opt/airflow/dags/main.py
[2026-05-07T16:48:18.996+0000] {logging_mixin.py:190} INFO - [2026-05-07T16:48:18.996+0000] {dag.py:3239} INFO - Sync 1 DAGs
[2026-05-07T16:48:19.040+0000] {logging_mixin.py:190} INFO - [2026-05-07T16:48:19.040+0000] {dag.py:4180} INFO - Setting next_dagrun for kafka_to_s3 to 2026-05-07 00:00:00+00:00, run_after=2026-05-08 00:00:00+00:00
[2026-05-07T16:48:19.092+0000] {processor.py:208} INFO - Processing /opt/airflow/dags/main.py took 0.400 seconds
[2026-05-07T16:48:49.551+0000] {processor.py:186} INFO - Started process (PID=82) to work on /opt/airflow/dags/main.py
[2026-05-07T16:48:49.552+0000] {processor.py:914} INFO - Processing file /opt/airflow/dags/main.py for tasks to queue
[2026-05-07T16:48:49.556+0000] {logging_mixin.py:190} INFO - [2026-05-07T16:48:49.555+0000] {dagbag.py:588} INFO - Filling up the DagBag from /opt/airflow/dags/main.py
[2026-05-07T16:48:49.748+0000] {processor.py:925} INFO - DAG(s) 'kafka_to_s3' retrieved from /opt/airflow/dags/main.py
[2026-05-07T16:48:49.784+0000] {logging_mixin.py:190} INFO - [2026-05-07T16:48:49.784+0000] {dag.py:3239} INFO - Sync 1 DAGs
[2026-05-07T16:48:49.815+0000] {logging_mixin.py:190} INFO - [2026-05-07T16:48:49.815+0000] {dag.py:4180} INFO - Setting next_dagrun for kafka_to_s3 to 2026-05-07 00:00:00+00:00, run_after=2026-05-08 00:00:00+00:00
[2026-05-07T16:48:49.848+0000] {processor.py:208} INFO - Processing /opt/airflow/dags/main.py took 0.306 seconds
[2026-05-07T16:49:19.952+0000] {processor.py:186} INFO - Started process (PID=89) to work on /opt/airflow/dags/main.py
[2026-05-07T16:49:19.955+0000] {processor.py:914} INFO - Processing file /opt/airflow/dags/main.py for tasks to queue
[2026-05-07T16:49:19.960+0000] {logging_mixin.py:190} INFO - [2026-05-07T16:49:19.960+0000] {dagbag.py:588} INFO - Filling up the DagBag from /opt/airflow/dags/main.py
[2026-05-07T16:49:20.222+0000] {processor.py:925} INFO - DAG(s) 'kafka_to_s3' retrieved from /opt/airflow/dags/main.py
[2026-05-07T16:49:20.265+0000] {logging_mixin.py:190} INFO - [2026-05-07T16:49:20.265+0000] {dag.py:3239} INFO - Sync 1 DAGs
[2026-05-07T16:49:20.299+0000] {logging_mixin.py:190} INFO - [2026-05-07T16:49:20.299+0000] {dag.py:4180} INFO - Setting next_dagrun for kafka_to_s3 to 2026-05-07 00:00:00+00:00, run_after=2026-05-08 00:00:00+00:00
[2026-05-07T16:49:20.323+0000] {processor.py:208} INFO - Processing /opt/airflow/dags/main.py took 0.386 seconds
[2026-05-07T16:49:50.766+0000] {processor.py:186} INFO - Started process (PID=96) to work on /opt/airflow/dags/main.py
[2026-05-07T16:49:50.768+0000] {processor.py:914} INFO - Processing file /opt/airflow/dags/main.py for tasks to queue
[2026-05-07T16:49:50.773+0000] {logging_mixin.py:190} INFO - [2026-05-07T16:49:50.772+0000] {dagbag.py:588} INFO - Filling up the DagBag from /opt/airflow/dags/main.py
[2026-05-07T16:49:51.012+0000] {processor.py:925} INFO - DAG(s) 'kafka_to_s3' retrieved from /opt/airflow/dags/main.py
[2026-05-07T16:49:51.058+0000] {logging_mixin.py:190} INFO - [2026-05-07T16:49:51.058+0000] {dag.py:3239} INFO - Sync 1 DAGs
[2026-05-07T16:49:51.100+0000] {logging_mixin.py:190} INFO - [2026-05-07T16:49:51.100+0000] {dag.py:4180} INFO - Setting next_dagrun for kafka_to_s3 to 2026-05-07 00:00:00+00:00, run_after=2026-05-08 00:00:00+00:00
[2026-05-07T16:49:51.132+0000] {processor.py:208} INFO - Processing /opt/airflow/dags/main.py took 0.376 seconds
[2026-05-07T16:50:21.248+0000] {processor.py:186} INFO - Started process (PID=103) to work on /opt/airflow/dags/main.py
[2026-05-07T16:50:21.250+0000] {processor.py:914} INFO - Processing file /opt/airflow/dags/main.py for tasks to queue
[2026-05-07T16:50:21.253+0000] {logging_mixin.py:190} INFO - [2026-05-07T16:50:21.253+0000] {dagbag.py:588} INFO - Filling up the DagBag from /opt/airflow/dags/main.py
[2026-05-07T16:50:21.462+0000] {processor.py:925} INFO - DAG(s) 'kafka_to_s3' retrieved from /opt/airflow/dags/main.py
[2026-05-07T16:50:21.498+0000] {logging_mixin.py:190} INFO - [2026-05-07T16:50:21.498+0000] {dag.py:3239} INFO - Sync 1 DAGs
[2026-05-07T16:50:21.532+0000] {logging_mixin.py:190} INFO - [2026-05-07T16:50:21.532+0000] {dag.py:4180} INFO - Setting next_dagrun for kafka_to_s3 to 2026-05-07 00:00:00+00:00, run_after=2026-05-08 00:00:00+00:00
[2026-05-07T16:50:22.969+0000] {processor.py:208} INFO - Processing /opt/airflow/dags/main.py took 1.735 seconds
[2026-05-07T16:50:53.145+0000] {processor.py:186} INFO - Started process (PID=111) to work on /opt/airflow/dags/main.py
[2026-05-07T16:50:53.154+0000] {processor.py:914} INFO - Processing file /opt/airflow/dags/main.py for tasks to queue
[2026-05-07T16:50:53.172+0000] {logging_mixin.py:190} INFO - [2026-05-07T16:50:53.169+0000] {dagbag.py:588} INFO - Filling up the DagBag from /opt/airflow/dags/main.py
[2026-05-07T16:50:53.443+0000] {processor.py:925} INFO - DAG(s) 'kafka_to_s3' retrieved from /opt/airflow/dags/main.py
[2026-05-07T16:50:53.496+0000] {logging_mixin.py:190} INFO - [2026-05-07T16:50:53.496+0000] {dag.py:3239} INFO - Sync 1 DAGs
[2026-05-07T16:50:54.147+0000] {logging_mixin.py:190} INFO - [2026-05-07T16:50:54.146+0000] {dag.py:4180} INFO - Setting next_dagrun for kafka_to_s3 to 2026-05-07 00:00:00+00:00, run_after=2026-05-08 00:00:00+00:00
[2026-05-07T16:50:54.181+0000] {processor.py:208} INFO - Processing /opt/airflow/dags/main.py took 1.079 seconds
[2026-05-07T16:51:24.582+0000] {processor.py:186} INFO - Started process (PID=118) to work on /opt/airflow/dags/main.py
[2026-05-07T16:51:24.586+0000] {processor.py:914} INFO - Processing file /opt/airflow/dags/main.py for tasks to queue
[2026-05-07T16:51:24.596+0000] {logging_mixin.py:190} INFO - [2026-05-07T16:51:24.595+0000] {dagbag.py:588} INFO - Filling up the DagBag from /opt/airflow/dags/main.py
[2026-05-07T16:51:24.894+0000] {processor.py:925} INFO - DAG(s) 'kafka_to_s3' retrieved from /opt/airflow/dags/main.py
[2026-05-07T16:51:24.934+0000] {logging_mixin.py:190} INFO - [2026-05-07T16:51:24.934+0000] {dag.py:3239} INFO - Sync 1 DAGs
[2026-05-07T16:51:25.251+0000] {logging_mixin.py:190} INFO - [2026-05-07T16:51:25.251+0000] {dag.py:4180} INFO - Setting next_dagrun for kafka_to_s3 to 2026-05-07 00:00:00+00:00, run_after=2026-05-08 00:00:00+00:00
[2026-05-07T16:51:25.284+0000] {processor.py:208} INFO - Processing /opt/airflow/dags/main.py took 0.725 seconds
[2026-05-07T16:51:55.838+0000] {processor.py:186} INFO - Started process (PID=125) to work on /opt/airflow/dags/main.py
[2026-05-07T16:51:55.841+0000] {processor.py:914} INFO - Processing file /opt/airflow/dags/main.py for tasks to queue
[2026-05-07T16:51:55.846+0000] {logging_mixin.py:190} INFO - [2026-05-07T16:51:55.846+0000] {dagbag.py:588} INFO - Filling up the DagBag from /opt/airflow/dags/main.py
[2026-05-07T16:51:56.121+0000] {processor.py:925} INFO - DAG(s) 'kafka_to_s3' retrieved from /opt/airflow/dags/main.py
[2026-05-07T16:51:56.415+0000] {logging_mixin.py:190} INFO - [2026-05-07T16:51:56.414+0000] {dag.py:3239} INFO - Sync 1 DAGs
[2026-05-07T16:51:56.455+0000] {logging_mixin.py:190} INFO - [2026-05-07T16:51:56.454+0000] {dag.py:4180} INFO - Setting next_dagrun for kafka_to_s3 to 2026-05-07 00:00:00+00:00, run_after=2026-05-08 00:00:00+00:00
[2026-05-07T16:51:56.488+0000] {processor.py:208} INFO - Processing /opt/airflow/dags/main.py took 0.666 seconds
[2026-05-07T16:52:27.072+0000] {processor.py:186} INFO - Started process (PID=132) to work on /opt/airflow/dags/main.py
[2026-05-07T16:52:27.077+0000] {processor.py:914} INFO - Processing file /opt/airflow/dags/main.py for tasks to queue
[2026-05-07T16:52:27.087+0000] {logging_mixin.py:190} INFO - [2026-05-07T16:52:27.086+0000] {dagbag.py:588} INFO - Filling up the DagBag from /opt/airflow/dags/main.py
[2026-05-07T16:52:27.319+0000] {processor.py:925} INFO - DAG(s) 'kafka_to_s3' retrieved from /opt/airflow/dags/main.py
[2026-05-07T16:52:27.571+0000] {logging_mixin.py:190} INFO - [2026-05-07T16:52:27.571+0000] {dag.py:3239} INFO - Sync 1 DAGs
[2026-05-07T16:52:27.605+0000] {logging_mixin.py:190} INFO - [2026-05-07T16:52:27.605+0000] {dag.py:4180} INFO - Setting next_dagrun for kafka_to_s3 to 2026-05-07 00:00:00+00:00, run_after=2026-05-08 00:00:00+00:00
[2026-05-07T16:52:27.630+0000] {processor.py:208} INFO - Processing /opt/airflow/dags/main.py took 0.589 seconds
[2026-05-07T16:52:57.871+0000] {processor.py:186} INFO - Started process (PID=139) to work on /opt/airflow/dags/main.py
[2026-05-07T16:52:57.873+0000] {processor.py:914} INFO - Processing file /opt/airflow/dags/main.py for tasks to queue
[2026-05-07T16:52:57.876+0000] {logging_mixin.py:190} INFO - [2026-05-07T16:52:57.876+0000] {dagbag.py:588} INFO - Filling up the DagBag from /opt/airflow/dags/main.py
[2026-05-07T16:52:58.285+0000] {processor.py:925} INFO - DAG(s) 'kafka_to_s3' retrieved from /opt/airflow/dags/main.py
[2026-05-07T16:52:58.320+0000] {logging_mixin.py:190} INFO - [2026-05-07T16:52:58.320+0000] {dag.py:3239} INFO - Sync 1 DAGs
[2026-05-07T16:52:58.349+0000] {logging_mixin.py:190} INFO - [2026-05-07T16:52:58.349+0000] {dag.py:4180} INFO - Setting next_dagrun for kafka_to_s3 to 2026-05-07 00:00:00+00:00, run_after=2026-05-08 00:00:00+00:00
[2026-05-07T16:52:58.394+0000] {processor.py:208} INFO - Processing /opt/airflow/dags/main.py took 0.533 seconds
[2026-05-07T16:53:28.828+0000] {processor.py:186} INFO - Started process (PID=146) to work on /opt/airflow/dags/main.py
[2026-05-07T16:53:28.831+0000] {processor.py:914} INFO - Processing file /opt/airflow/dags/main.py for tasks to queue
[2026-05-07T16:53:28.836+0000] {logging_mixin.py:190} INFO - [2026-05-07T16:53:28.836+0000] {dagbag.py:588} INFO - Filling up the DagBag from /opt/airflow/dags/main.py
[2026-05-07T16:53:29.280+0000] {processor.py:925} INFO - DAG(s) 'kafka_to_s3' retrieved from /opt/airflow/dags/main.py
[2026-05-07T16:53:29.318+0000] {logging_mixin.py:190} INFO - [2026-05-07T16:53:29.318+0000] {dag.py:3239} INFO - Sync 1 DAGs
[2026-05-07T16:53:29.351+0000] {logging_mixin.py:190} INFO - [2026-05-07T16:53:29.350+0000] {dag.py:4180} INFO - Setting next_dagrun for kafka_to_s3 to 2026-05-07 00:00:00+00:00, run_after=2026-05-08 00:00:00+00:00
[2026-05-07T16:53:29.392+0000] {processor.py:208} INFO - Processing /opt/airflow/dags/main.py took 0.580 seconds
[2026-05-07T16:53:59.570+0000] {processor.py:186} INFO - Started process (PID=152) to work on /opt/airflow/dags/main.py
[2026-05-07T16:53:59.573+0000] {processor.py:914} INFO - Processing file /opt/airflow/dags/main.py for tasks to queue
[2026-05-07T16:53:59.578+0000] {logging_mixin.py:190} INFO - [2026-05-07T16:53:59.578+0000] {dagbag.py:588} INFO - Filling up the DagBag from /opt/airflow/dags/main.py
[2026-05-07T16:54:00.043+0000] {processor.py:925} INFO - DAG(s) 'kafka_to_s3' retrieved from /opt/airflow/dags/main.py
[2026-05-07T16:54:00.076+0000] {logging_mixin.py:190} INFO - [2026-05-07T16:54:00.076+0000] {dag.py:3239} INFO - Sync 1 DAGs
[2026-05-07T16:54:00.105+0000] {logging_mixin.py:190} INFO - [2026-05-07T16:54:00.105+0000] {dag.py:4180} INFO - Setting next_dagrun for kafka_to_s3 to 2026-05-07 00:00:00+00:00, run_after=2026-05-08 00:00:00+00:00
[2026-05-07T16:54:00.137+0000] {processor.py:208} INFO - Processing /opt/airflow/dags/main.py took 0.579 seconds
[2026-05-07T16:54:30.507+0000] {processor.py:186} INFO - Started process (PID=160) to work on /opt/airflow/dags/main.py
[2026-05-07T16:54:30.508+0000] {processor.py:914} INFO - Processing file /opt/airflow/dags/main.py for tasks to queue
[2026-05-07T16:54:30.513+0000] {logging_mixin.py:190} INFO - [2026-05-07T16:54:30.512+0000] {dagbag.py:588} INFO - Filling up the DagBag from /opt/airflow/dags/main.py
[2026-05-07T16:54:30.908+0000] {processor.py:925} INFO - DAG(s) 'kafka_to_s3' retrieved from /opt/airflow/dags/main.py
[2026-05-07T16:54:30.937+0000] {logging_mixin.py:190} INFO - [2026-05-07T16:54:30.936+0000] {dag.py:3239} INFO - Sync 1 DAGs
[2026-05-07T16:54:30.965+0000] {logging_mixin.py:190} INFO - [2026-05-07T16:54:30.965+0000] {dag.py:4180} INFO - Setting next_dagrun for kafka_to_s3 to 2026-05-07 00:00:00+00:00, run_after=2026-05-08 00:00:00+00:00
[2026-05-07T16:54:30.990+0000] {processor.py:208} INFO - Processing /opt/airflow/dags/main.py took 0.499 seconds
[2026-05-07T16:55:01.512+0000] {processor.py:186} INFO - Started process (PID=167) to work on /opt/airflow/dags/main.py
[2026-05-07T16:55:01.513+0000] {processor.py:914} INFO - Processing file /opt/airflow/dags/main.py for tasks to queue
[2026-05-07T16:55:01.517+0000] {logging_mixin.py:190} INFO - [2026-05-07T16:55:01.516+0000] {dagbag.py:588} INFO - Filling up the DagBag from /opt/airflow/dags/main.py
[2026-05-07T16:55:01.692+0000] {processor.py:925} INFO - DAG(s) 'kafka_to_s3' retrieved from /opt/airflow/dags/main.py
[2026-05-07T16:55:01.923+0000] {logging_mixin.py:190} INFO - [2026-05-07T16:55:01.923+0000] {dag.py:3239} INFO - Sync 1 DAGs
[2026-05-07T16:55:01.958+0000] {logging_mixin.py:190} INFO - [2026-05-07T16:55:01.957+0000] {dag.py:4180} INFO - Setting next_dagrun for kafka_to_s3 to 2026-05-07 00:00:00+00:00, run_after=2026-05-08 00:00:00+00:00
[2026-05-07T16:55:01.985+0000] {processor.py:208} INFO - Processing /opt/airflow/dags/main.py took 0.483 seconds
[2026-05-07T16:55:32.843+0000] {processor.py:186} INFO - Started process (PID=174) to work on /opt/airflow/dags/main.py
[2026-05-07T16:55:32.845+0000] {processor.py:914} INFO - Processing file /opt/airflow/dags/main.py for tasks to queue
[2026-05-07T16:55:32.849+0000] {logging_mixin.py:190} INFO - [2026-05-07T16:55:32.848+0000] {dagbag.py:588} INFO - Filling up the DagBag from /opt/airflow/dags/main.py
[2026-05-07T16:55:33.199+0000] {processor.py:925} INFO - DAG(s) 'kafka_to_s3' retrieved from /opt/airflow/dags/main.py
[2026-05-07T16:55:33.236+0000] {logging_mixin.py:190} INFO - [2026-05-07T16:55:33.236+0000] {dag.py:3239} INFO - Sync 1 DAGs
[2026-05-07T16:55:33.265+0000] {logging_mixin.py:190} INFO - [2026-05-07T16:55:33.265+0000] {dag.py:4180} INFO - Setting next_dagrun for kafka_to_s3 to 2026-05-07 00:00:00+00:00, run_after=2026-05-08 00:00:00+00:00
[2026-05-07T16:55:33.290+0000] {processor.py:208} INFO - Processing /opt/airflow/dags/main.py took 0.454 seconds
[2026-05-07T16:56:03.942+0000] {processor.py:186} INFO - Started process (PID=181) to work on /opt/airflow/dags/main.py
[2026-05-07T16:56:03.944+0000] {processor.py:914} INFO - Processing file /opt/airflow/dags/main.py for tasks to queue
[2026-05-07T16:56:03.949+0000] {logging_mixin.py:190} INFO - [2026-05-07T16:56:03.949+0000] {dagbag.py:588} INFO - Filling up the DagBag from /opt/airflow/dags/main.py
[2026-05-07T16:56:04.359+0000] {processor.py:925} INFO - DAG(s) 'kafka_to_s3' retrieved from /opt/airflow/dags/main.py
[2026-05-07T16:56:04.395+0000] {logging_mixin.py:190} INFO - [2026-05-07T16:56:04.394+0000] {dag.py:3239} INFO - Sync 1 DAGs
[2026-05-07T16:56:04.429+0000] {logging_mixin.py:190} INFO - [2026-05-07T16:56:04.428+0000] {dag.py:4180} INFO - Setting next_dagrun for kafka_to_s3 to 2026-05-07 00:00:00+00:00, run_after=2026-05-08 00:00:00+00:00
[2026-05-07T16:56:04.455+0000] {processor.py:208} INFO - Processing /opt/airflow/dags/main.py took 0.525 seconds
[2026-05-07T17:20:09.451+0000] {processor.py:186} INFO - Started process (PID=68) to work on /opt/airflow/dags/main.py
[2026-05-07T17:20:09.455+0000] {processor.py:914} INFO - Processing file /opt/airflow/dags/main.py for tasks to queue
[2026-05-07T17:20:09.458+0000] {logging_mixin.py:190} INFO - [2026-05-07T17:20:09.457+0000] {dagbag.py:588} INFO - Filling up the DagBag from /opt/airflow/dags/main.py
[2026-05-07T17:20:10.568+0000] {processor.py:925} INFO - DAG(s) 'kafka_to_s3' retrieved from /opt/airflow/dags/main.py
[2026-05-07T17:20:11.244+0000] {logging_mixin.py:190} INFO - [2026-05-07T17:20:11.244+0000] {dag.py:3239} INFO - Sync 1 DAGs
[2026-05-07T17:20:11.295+0000] {logging_mixin.py:190} INFO - [2026-05-07T17:20:11.295+0000] {dag.py:4180} INFO - Setting next_dagrun for kafka_to_s3 to 2026-05-07 00:00:00+00:00, run_after=2026-05-08 00:00:00+00:00
[2026-05-07T17:20:11.346+0000] {processor.py:208} INFO - Processing /opt/airflow/dags/main.py took 1.907 seconds
[2026-05-07T17:20:41.761+0000] {processor.py:186} INFO - Started process (PID=75) to work on /opt/airflow/dags/main.py
[2026-05-07T17:20:41.764+0000] {processor.py:914} INFO - Processing file /opt/airflow/dags/main.py for tasks to queue
[2026-05-07T17:20:41.771+0000] {logging_mixin.py:190} INFO - [2026-05-07T17:20:41.770+0000] {dagbag.py:588} INFO - Filling up the DagBag from /opt/airflow/dags/main.py
[2026-05-07T17:20:41.954+0000] {processor.py:925} INFO - DAG(s) 'kafka_to_s3' retrieved from /opt/airflow/dags/main.py
[2026-05-07T17:20:41.987+0000] {logging_mixin.py:190} INFO - [2026-05-07T17:20:41.986+0000] {dag.py:3239} INFO - Sync 1 DAGs
[2026-05-07T17:20:42.016+0000] {logging_mixin.py:190} INFO - [2026-05-07T17:20:42.016+0000] {dag.py:4180} INFO - Setting next_dagrun for kafka_to_s3 to 2026-05-07 00:00:00+00:00, run_after=2026-05-08 00:00:00+00:00
[2026-05-07T17:20:42.043+0000] {processor.py:208} INFO - Processing /opt/airflow/dags/main.py took 0.296 seconds
[2026-05-07T17:21:12.323+0000] {processor.py:186} INFO - Started process (PID=82) to work on /opt/airflow/dags/main.py
[2026-05-07T17:21:12.325+0000] {processor.py:914} INFO - Processing file /opt/airflow/dags/main.py for tasks to queue
[2026-05-07T17:21:12.329+0000] {logging_mixin.py:190} INFO - [2026-05-07T17:21:12.328+0000] {dagbag.py:588} INFO - Filling up the DagBag from /opt/airflow/dags/main.py
[2026-05-07T17:21:12.527+0000] {processor.py:925} INFO - DAG(s) 'kafka_to_s3' retrieved from /opt/airflow/dags/main.py
[2026-05-07T17:21:12.575+0000] {logging_mixin.py:190} INFO - [2026-05-07T17:21:12.575+0000] {dag.py:3239} INFO - Sync 1 DAGs
[2026-05-07T17:21:12.626+0000] {logging_mixin.py:190} INFO - [2026-05-07T17:21:12.625+0000] {dag.py:4180} INFO - Setting next_dagrun for kafka_to_s3 to 2026-05-07 00:00:00+00:00, run_after=2026-05-08 00:00:00+00:00
[2026-05-07T17:21:12.664+0000] {processor.py:208} INFO - Processing /opt/airflow/dags/main.py took 0.353 seconds
[2026-05-07T17:21:42.969+0000] {processor.py:186} INFO - Started process (PID=88) to work on /opt/airflow/dags/main.py
[2026-05-07T17:21:42.972+0000] {processor.py:914} INFO - Processing file /opt/airflow/dags/main.py for tasks to queue
[2026-05-07T17:21:42.979+0000] {logging_mixin.py:190} INFO - [2026-05-07T17:21:42.978+0000] {dagbag.py:588} INFO - Filling up the DagBag from /opt/airflow/dags/main.py
[2026-05-07T17:21:43.251+0000] {processor.py:925} INFO - DAG(s) 'kafka_to_s3' retrieved from /opt/airflow/dags/main.py
[2026-05-07T17:21:43.295+0000] {logging_mixin.py:190} INFO - [2026-05-07T17:21:43.295+0000] {dag.py:3239} INFO - Sync 1 DAGs
[2026-05-07T17:21:43.333+0000] {logging_mixin.py:190} INFO - [2026-05-07T17:21:43.333+0000] {dag.py:4180} INFO - Setting next_dagrun for kafka_to_s3 to 2026-05-07 00:00:00+00:00, run_after=2026-05-08 00:00:00+00:00
[2026-05-07T17:21:43.373+0000] {processor.py:208} INFO - Processing /opt/airflow/dags/main.py took 0.427 seconds
[2026-05-07T17:22:13.709+0000] {processor.py:186} INFO - Started process (PID=95) to work on /opt/airflow/dags/main.py
[2026-05-07T17:22:13.711+0000] {processor.py:914} INFO - Processing file /opt/airflow/dags/main.py for tasks to queue
[2026-05-07T17:22:13.720+0000] {logging_mixin.py:190} INFO - [2026-05-07T17:22:13.720+0000] {dagbag.py:588} INFO - Filling up the DagBag from /opt/airflow/dags/main.py
[2026-05-07T17:22:14.018+0000] {processor.py:925} INFO - DAG(s) 'kafka_to_s3' retrieved from /opt/airflow/dags/main.py
[2026-05-07T17:22:14.071+0000] {logging_mixin.py:190} INFO - [2026-05-07T17:22:14.071+0000] {dag.py:3239} INFO - Sync 1 DAGs
[2026-05-07T17:22:14.124+0000] {logging_mixin.py:190} INFO - [2026-05-07T17:22:14.124+0000] {dag.py:4180} INFO - Setting next_dagrun for kafka_to_s3 to 2026-05-07 00:00:00+00:00, run_after=2026-05-08 00:00:00+00:00
[2026-05-07T17:22:14.177+0000] {processor.py:208} INFO - Processing /opt/airflow/dags/main.py took 0.489 seconds
[2026-05-07T17:22:44.423+0000] {processor.py:186} INFO - Started process (PID=102) to work on /opt/airflow/dags/main.py
[2026-05-07T17:22:44.427+0000] {processor.py:914} INFO - Processing file /opt/airflow/dags/main.py for tasks to queue
[2026-05-07T17:22:44.437+0000] {logging_mixin.py:190} INFO - [2026-05-07T17:22:44.436+0000] {dagbag.py:588} INFO - Filling up the DagBag from /opt/airflow/dags/main.py
[2026-05-07T17:22:44.733+0000] {processor.py:925} INFO - DAG(s) 'kafka_to_s3' retrieved from /opt/airflow/dags/main.py
[2026-05-07T17:22:44.819+0000] {logging_mixin.py:190} INFO - [2026-05-07T17:22:44.818+0000] {dag.py:3239} INFO - Sync 1 DAGs
[2026-05-07T17:22:44.887+0000] {logging_mixin.py:190} INFO - [2026-05-07T17:22:44.886+0000] {dag.py:4180} INFO - Setting next_dagrun for kafka_to_s3 to 2026-05-07 00:00:00+00:00, run_after=2026-05-08 00:00:00+00:00
[2026-05-07T17:22:44.926+0000] {processor.py:208} INFO - Processing /opt/airflow/dags/main.py took 0.527 seconds
[2026-05-07T17:23:15.109+0000] {processor.py:186} INFO - Started process (PID=109) to work on /opt/airflow/dags/main.py
[2026-05-07T17:23:15.111+0000] {processor.py:914} INFO - Processing file /opt/airflow/dags/main.py for tasks to queue
[2026-05-07T17:23:15.116+0000] {logging_mixin.py:190} INFO - [2026-05-07T17:23:15.115+0000] {dagbag.py:588} INFO - Filling up the DagBag from /opt/airflow/dags/main.py
[2026-05-07T17:23:15.266+0000] {processor.py:925} INFO - DAG(s) 'kafka_to_s3' retrieved from /opt/airflow/dags/main.py
[2026-05-07T17:23:15.301+0000] {logging_mixin.py:190} INFO - [2026-05-07T17:23:15.300+0000] {dag.py:3239} INFO - Sync 1 DAGs
[2026-05-07T17:23:15.330+0000] {logging_mixin.py:190} INFO - [2026-05-07T17:23:15.330+0000] {dag.py:4180} INFO - Setting next_dagrun for kafka_to_s3 to 2026-05-07 00:00:00+00:00, run_after=2026-05-08 00:00:00+00:00
[2026-05-07T17:23:15.363+0000] {processor.py:208} INFO - Processing /opt/airflow/dags/main.py took 0.264 seconds
[2026-05-07T17:23:45.642+0000] {processor.py:186} INFO - Started process (PID=116) to work on /opt/airflow/dags/main.py
[2026-05-07T17:23:45.644+0000] {processor.py:914} INFO - Processing file /opt/airflow/dags/main.py for tasks to queue
[2026-05-07T17:23:45.649+0000] {logging_mixin.py:190} INFO - [2026-05-07T17:23:45.649+0000] {dagbag.py:588} INFO - Filling up the DagBag from /opt/airflow/dags/main.py
[2026-05-07T17:23:45.965+0000] {processor.py:925} INFO - DAG(s) 'kafka_to_s3' retrieved from /opt/airflow/dags/main.py
[2026-05-07T17:23:46.004+0000] {logging_mixin.py:190} INFO - [2026-05-07T17:23:46.004+0000] {dag.py:3239} INFO - Sync 1 DAGs
[2026-05-07T17:23:46.040+0000] {logging_mixin.py:190} INFO - [2026-05-07T17:23:46.040+0000] {dag.py:4180} INFO - Setting next_dagrun for kafka_to_s3 to 2026-05-07 00:00:00+00:00, run_after=2026-05-08 00:00:00+00:00
[2026-05-07T17:23:46.333+0000] {processor.py:208} INFO - Processing /opt/airflow/dags/main.py took 0.703 seconds
[2026-05-07T17:24:16.906+0000] {processor.py:186} INFO - Started process (PID=123) to work on /opt/airflow/dags/main.py
[2026-05-07T17:24:16.909+0000] {processor.py:914} INFO - Processing file /opt/airflow/dags/main.py for tasks to queue
[2026-05-07T17:24:16.916+0000] {logging_mixin.py:190} INFO - [2026-05-07T17:24:16.915+0000] {dagbag.py:588} INFO - Filling up the DagBag from /opt/airflow/dags/main.py
[2026-05-07T17:24:17.109+0000] {processor.py:925} INFO - DAG(s) 'kafka_to_s3' retrieved from /opt/airflow/dags/main.py
[2026-05-07T17:24:17.146+0000] {logging_mixin.py:190} INFO - [2026-05-07T17:24:17.145+0000] {dag.py:3239} INFO - Sync 1 DAGs
[2026-05-07T17:24:17.380+0000] {logging_mixin.py:190} INFO - [2026-05-07T17:24:17.379+0000] {dag.py:4180} INFO - Setting next_dagrun for kafka_to_s3 to 2026-05-07 00:00:00+00:00, run_after=2026-05-08 00:00:00+00:00
[2026-05-07T17:24:17.424+0000] {processor.py:208} INFO - Processing /opt/airflow/dags/main.py took 0.535 seconds
[2026-05-07T17:24:47.873+0000] {processor.py:186} INFO - Started process (PID=130) to work on /opt/airflow/dags/main.py
[2026-05-07T17:24:47.876+0000] {processor.py:914} INFO - Processing file /opt/airflow/dags/main.py for tasks to queue
[2026-05-07T17:24:47.880+0000] {logging_mixin.py:190} INFO - [2026-05-07T17:24:47.880+0000] {dagbag.py:588} INFO - Filling up the DagBag from /opt/airflow/dags/main.py
[2026-05-07T17:24:48.040+0000] {processor.py:925} INFO - DAG(s) 'kafka_to_s3' retrieved from /opt/airflow/dags/main.py
[2026-05-07T17:24:48.072+0000] {logging_mixin.py:190} INFO - [2026-05-07T17:24:48.072+0000] {dag.py:3239} INFO - Sync 1 DAGs
[2026-05-07T17:24:48.303+0000] {logging_mixin.py:190} INFO - [2026-05-07T17:24:48.303+0000] {dag.py:4180} INFO - Setting next_dagrun for kafka_to_s3 to 2026-05-07 00:00:00+00:00, run_after=2026-05-08 00:00:00+00:00
[2026-05-07T17:24:48.336+0000] {processor.py:208} INFO - Processing /opt/airflow/dags/main.py took 0.475 seconds
[2026-05-07T17:25:18.802+0000] {processor.py:186} INFO - Started process (PID=137) to work on /opt/airflow/dags/main.py
[2026-05-07T17:25:18.805+0000] {processor.py:914} INFO - Processing file /opt/airflow/dags/main.py for tasks to queue
[2026-05-07T17:25:18.810+0000] {logging_mixin.py:190} INFO - [2026-05-07T17:25:18.809+0000] {dagbag.py:588} INFO - Filling up the DagBag from /opt/airflow/dags/main.py
[2026-05-07T17:25:18.980+0000] {processor.py:925} INFO - DAG(s) 'kafka_to_s3' retrieved from /opt/airflow/dags/main.py
[2026-05-07T17:25:19.250+0000] {logging_mixin.py:190} INFO - [2026-05-07T17:25:19.249+0000] {dag.py:3239} INFO - Sync 1 DAGs
[2026-05-07T17:25:19.296+0000] {logging_mixin.py:190} INFO - [2026-05-07T17:25:19.296+0000] {dag.py:4180} INFO - Setting next_dagrun for kafka_to_s3 to 2026-05-07 00:00:00+00:00, run_after=2026-05-08 00:00:00+00:00
[2026-05-07T17:25:19.335+0000] {processor.py:208} INFO - Processing /opt/airflow/dags/main.py took 0.552 seconds
[2026-05-07T17:25:49.946+0000] {processor.py:186} INFO - Started process (PID=144) to work on /opt/airflow/dags/main.py
[2026-05-07T17:25:49.948+0000] {processor.py:914} INFO - Processing file /opt/airflow/dags/main.py for tasks to queue
[2026-05-07T17:25:49.953+0000] {logging_mixin.py:190} INFO - [2026-05-07T17:25:49.952+0000] {dagbag.py:588} INFO - Filling up the DagBag from /opt/airflow/dags/main.py
[2026-05-07T17:25:50.111+0000] {processor.py:925} INFO - DAG(s) 'kafka_to_s3' retrieved from /opt/airflow/dags/main.py
[2026-05-07T17:25:50.345+0000] {logging_mixin.py:190} INFO - [2026-05-07T17:25:50.344+0000] {dag.py:3239} INFO - Sync 1 DAGs
[2026-05-07T17:25:50.382+0000] {logging_mixin.py:190} INFO - [2026-05-07T17:25:50.382+0000] {dag.py:4180} INFO - Setting next_dagrun for kafka_to_s3 to 2026-05-07 00:00:00+00:00, run_after=2026-05-08 00:00:00+00:00
[2026-05-07T17:25:50.410+0000] {processor.py:208} INFO - Processing /opt/airflow/dags/main.py took 0.477 seconds
[2026-05-07T17:26:21.011+0000] {processor.py:186} INFO - Started process (PID=151) to work on /opt/airflow/dags/main.py
[2026-05-07T17:26:21.012+0000] {processor.py:914} INFO - Processing file /opt/airflow/dags/main.py for tasks to queue
[2026-05-07T17:26:21.016+0000] {logging_mixin.py:190} INFO - [2026-05-07T17:26:21.015+0000] {dagbag.py:588} INFO - Filling up the DagBag from /opt/airflow/dags/main.py
[2026-05-07T17:26:21.402+0000] {processor.py:925} INFO - DAG(s) 'kafka_to_s3' retrieved from /opt/airflow/dags/main.py
[2026-05-07T17:26:21.435+0000] {logging_mixin.py:190} INFO - [2026-05-07T17:26:21.434+0000] {dag.py:3239} INFO - Sync 1 DAGs
[2026-05-07T17:26:21.461+0000] {logging_mixin.py:190} INFO - [2026-05-07T17:26:21.460+0000] {dag.py:4180} INFO - Setting next_dagrun for kafka_to_s3 to 2026-05-07 00:00:00+00:00, run_after=2026-05-08 00:00:00+00:00
[2026-05-07T17:26:21.485+0000] {processor.py:208} INFO - Processing /opt/airflow/dags/main.py took 0.482 seconds
[2026-05-07T17:26:52.081+0000] {processor.py:186} INFO - Started process (PID=158) to work on /opt/airflow/dags/main.py
[2026-05-07T17:26:52.083+0000] {processor.py:914} INFO - Processing file /opt/airflow/dags/main.py for tasks to queue
[2026-05-07T17:26:52.086+0000] {logging_mixin.py:190} INFO - [2026-05-07T17:26:52.085+0000] {dagbag.py:588} INFO - Filling up the DagBag from /opt/airflow/dags/main.py
[2026-05-07T17:26:52.469+0000] {processor.py:925} INFO - DAG(s) 'kafka_to_s3' retrieved from /opt/airflow/dags/main.py
[2026-05-07T17:26:52.503+0000] {logging_mixin.py:190} INFO - [2026-05-07T17:26:52.503+0000] {dag.py:3239} INFO - Sync 1 DAGs
[2026-05-07T17:26:52.530+0000] {logging_mixin.py:190} INFO - [2026-05-07T17:26:52.530+0000] {dag.py:4180} INFO - Setting next_dagrun for kafka_to_s3 to 2026-05-07 00:00:00+00:00, run_after=2026-05-08 00:00:00+00:00
[2026-05-07T17:26:52.557+0000] {processor.py:208} INFO - Processing /opt/airflow/dags/main.py took 0.484 seconds
[2026-05-07T17:27:23.072+0000] {processor.py:186} INFO - Started process (PID=164) to work on /opt/airflow/dags/main.py
[2026-05-07T17:27:23.073+0000] {processor.py:914} INFO - Processing file /opt/airflow/dags/main.py for tasks to queue
[2026-05-07T17:27:23.076+0000] {logging_mixin.py:190} INFO - [2026-05-07T17:27:23.076+0000] {dagbag.py:588} INFO - Filling up the DagBag from /opt/airflow/dags/main.py
[2026-05-07T17:27:23.213+0000] {processor.py:925} INFO - DAG(s) 'kafka_to_s3' retrieved from /opt/airflow/dags/main.py
[2026-05-07T17:27:23.244+0000] {logging_mixin.py:190} INFO - [2026-05-07T17:27:23.244+0000] {dag.py:3239} INFO - Sync 1 DAGs
[2026-05-07T17:27:23.488+0000] {logging_mixin.py:190} INFO - [2026-05-07T17:27:23.487+0000] {dag.py:4180} INFO - Setting next_dagrun for kafka_to_s3 to 2026-05-07 00:00:00+00:00, run_after=2026-05-08 00:00:00+00:00
[2026-05-07T17:27:23.523+0000] {processor.py:208} INFO - Processing /opt/airflow/dags/main.py took 0.458 seconds
[2026-05-07T17:27:53.678+0000] {processor.py:186} INFO - Started process (PID=171) to work on /opt/airflow/dags/main.py
[2026-05-07T17:27:53.680+0000] {processor.py:914} INFO - Processing file /opt/airflow/dags/main.py for tasks to queue
[2026-05-07T17:27:53.684+0000] {logging_mixin.py:190} INFO - [2026-05-07T17:27:53.683+0000] {dagbag.py:588} INFO - Filling up the DagBag from /opt/airflow/dags/main.py
[2026-05-07T17:27:53.884+0000] {processor.py:925} INFO - DAG(s) 'kafka_to_s3' retrieved from /opt/airflow/dags/main.py
[2026-05-07T17:27:53.951+0000] {logging_mixin.py:190} INFO - [2026-05-07T17:27:53.951+0000] {dag.py:3239} INFO - Sync 1 DAGs
[2026-05-07T17:27:54.182+0000] {logging_mixin.py:190} INFO - [2026-05-07T17:27:54.182+0000] {dag.py:4180} INFO - Setting next_dagrun for kafka_to_s3 to 2026-05-07 00:00:00+00:00, run_after=2026-05-08 00:00:00+00:00
[2026-05-07T17:27:54.210+0000] {processor.py:208} INFO - Processing /opt/airflow/dags/main.py took 0.542 seconds
[2026-05-07T17:28:24.389+0000] {processor.py:186} INFO - Started process (PID=178) to work on /opt/airflow/dags/main.py
[2026-05-07T17:28:24.390+0000] {processor.py:914} INFO - Processing file /opt/airflow/dags/main.py for tasks to queue
[2026-05-07T17:28:24.395+0000] {logging_mixin.py:190} INFO - [2026-05-07T17:28:24.394+0000] {dagbag.py:588} INFO - Filling up the DagBag from /opt/airflow/dags/main.py
[2026-05-07T17:28:24.567+0000] {processor.py:925} INFO - DAG(s) 'kafka_to_s3' retrieved from /opt/airflow/dags/main.py
[2026-05-07T17:28:24.811+0000] {logging_mixin.py:190} INFO - [2026-05-07T17:28:24.811+0000] {dag.py:3239} INFO - Sync 1 DAGs
[2026-05-07T17:28:24.847+0000] {logging_mixin.py:190} INFO - [2026-05-07T17:28:24.847+0000] {dag.py:4180} INFO - Setting next_dagrun for kafka_to_s3 to 2026-05-07 00:00:00+00:00, run_after=2026-05-08 00:00:00+00:00
[2026-05-07T17:28:24.877+0000] {processor.py:208} INFO - Processing /opt/airflow/dags/main.py took 0.499 seconds
[2026-05-07T17:28:55.302+0000] {processor.py:186} INFO - Started process (PID=184) to work on /opt/airflow/dags/main.py
[2026-05-07T17:28:55.303+0000] {processor.py:914} INFO - Processing file /opt/airflow/dags/main.py for tasks to queue
[2026-05-07T17:28:55.306+0000] {logging_mixin.py:190} INFO - [2026-05-07T17:28:55.306+0000] {dagbag.py:588} INFO - Filling up the DagBag from /opt/airflow/dags/main.py
[2026-05-07T17:28:55.625+0000] {processor.py:925} INFO - DAG(s) 'kafka_to_s3' retrieved from /opt/airflow/dags/main.py
[2026-05-07T17:28:55.660+0000] {logging_mixin.py:190} INFO - [2026-05-07T17:28:55.660+0000] {dag.py:3239} INFO - Sync 1 DAGs
[2026-05-07T17:28:55.699+0000] {logging_mixin.py:190} INFO - [2026-05-07T17:28:55.699+0000] {dag.py:4180} INFO - Setting next_dagrun for kafka_to_s3 to 2026-05-07 00:00:00+00:00, run_after=2026-05-08 00:00:00+00:00
[2026-05-07T17:28:55.738+0000] {processor.py:208} INFO - Processing /opt/airflow/dags/main.py took 0.445 seconds
[2026-05-07T17:29:26.435+0000] {processor.py:186} INFO - Started process (PID=191) to work on /opt/airflow/dags/main.py
[2026-05-07T17:29:26.438+0000] {processor.py:914} INFO - Processing file /opt/airflow/dags/main.py for tasks to queue
[2026-05-07T17:29:26.444+0000] {logging_mixin.py:190} INFO - [2026-05-07T17:29:26.443+0000] {dagbag.py:588} INFO - Filling up the DagBag from /opt/airflow/dags/main.py
[2026-05-07T17:29:26.829+0000] {processor.py:925} INFO - DAG(s) 'kafka_to_s3' retrieved from /opt/airflow/dags/main.py
[2026-05-07T17:29:26.859+0000] {logging_mixin.py:190} INFO - [2026-05-07T17:29:26.858+0000] {dag.py:3239} INFO - Sync 1 DAGs
[2026-05-07T17:29:26.886+0000] {logging_mixin.py:190} INFO - [2026-05-07T17:29:26.886+0000] {dag.py:4180} INFO - Setting next_dagrun for kafka_to_s3 to 2026-05-07 00:00:00+00:00, run_after=2026-05-08 00:00:00+00:00
[2026-05-07T17:29:26.929+0000] {processor.py:208} INFO - Processing /opt/airflow/dags/main.py took 0.510 seconds
[2026-05-07T17:29:57.606+0000] {processor.py:186} INFO - Started process (PID=198) to work on /opt/airflow/dags/main.py
[2026-05-07T17:29:57.608+0000] {processor.py:914} INFO - Processing file /opt/airflow/dags/main.py for tasks to queue
[2026-05-07T17:29:57.613+0000] {logging_mixin.py:190} INFO - [2026-05-07T17:29:57.612+0000] {dagbag.py:588} INFO - Filling up the DagBag from /opt/airflow/dags/main.py
[2026-05-07T17:29:57.995+0000] {processor.py:925} INFO - DAG(s) 'kafka_to_s3' retrieved from /opt/airflow/dags/main.py
[2026-05-07T17:29:58.027+0000] {logging_mixin.py:190} INFO - [2026-05-07T17:29:58.026+0000] {dag.py:3239} INFO - Sync 1 DAGs
[2026-05-07T17:29:58.054+0000] {logging_mixin.py:190} INFO - [2026-05-07T17:29:58.054+0000] {dag.py:4180} INFO - Setting next_dagrun for kafka_to_s3 to 2026-05-07 00:00:00+00:00, run_after=2026-05-08 00:00:00+00:00
[2026-05-07T17:29:58.080+0000] {processor.py:208} INFO - Processing /opt/airflow/dags/main.py took 0.488 seconds
[2026-05-07T17:30:28.552+0000] {processor.py:186} INFO - Started process (PID=206) to work on /opt/airflow/dags/main.py
[2026-05-07T17:30:28.554+0000] {processor.py:914} INFO - Processing file /opt/airflow/dags/main.py for tasks to queue
[2026-05-07T17:30:28.558+0000] {logging_mixin.py:190} INFO - [2026-05-07T17:30:28.558+0000] {dagbag.py:588} INFO - Filling up the DagBag from /opt/airflow/dags/main.py
[2026-05-07T17:30:28.727+0000] {processor.py:925} INFO - DAG(s) 'kafka_to_s3' retrieved from /opt/airflow/dags/main.py
[2026-05-07T17:30:28.770+0000] {logging_mixin.py:190} INFO - [2026-05-07T17:30:28.770+0000] {dag.py:3239} INFO - Sync 1 DAGs
[2026-05-07T17:30:29.005+0000] {logging_mixin.py:190} INFO - [2026-05-07T17:30:29.004+0000] {dag.py:4180} INFO - Setting next_dagrun for kafka_to_s3 to 2026-05-07 00:00:00+00:00, run_after=2026-05-08 00:00:00+00:00
[2026-05-07T17:30:29.044+0000] {processor.py:208} INFO - Processing /opt/airflow/dags/main.py took 0.500 seconds
[2026-05-07T17:30:59.247+0000] {processor.py:186} INFO - Started process (PID=213) to work on /opt/airflow/dags/main.py
[2026-05-07T17:30:59.250+0000] {processor.py:914} INFO - Processing file /opt/airflow/dags/main.py for tasks to queue
[2026-05-07T17:30:59.257+0000] {logging_mixin.py:190} INFO - [2026-05-07T17:30:59.256+0000] {dagbag.py:588} INFO - Filling up the DagBag from /opt/airflow/dags/main.py
[2026-05-07T17:30:59.422+0000] {processor.py:925} INFO - DAG(s) 'kafka_to_s3' retrieved from /opt/airflow/dags/main.py
[2026-05-07T17:30:59.461+0000] {logging_mixin.py:190} INFO - [2026-05-07T17:30:59.460+0000] {dag.py:3239} INFO - Sync 1 DAGs
[2026-05-07T17:30:59.697+0000] {logging_mixin.py:190} INFO - [2026-05-07T17:30:59.697+0000] {dag.py:4180} INFO - Setting next_dagrun for kafka_to_s3 to 2026-05-07 00:00:00+00:00, run_after=2026-05-08 00:00:00+00:00
[2026-05-07T17:30:59.733+0000] {processor.py:208} INFO - Processing /opt/airflow/dags/main.py took 0.502 seconds
[2026-05-07T17:31:30.414+0000] {processor.py:186} INFO - Started process (PID=220) to work on /opt/airflow/dags/main.py
[2026-05-07T17:31:30.416+0000] {processor.py:914} INFO - Processing file /opt/airflow/dags/main.py for tasks to queue
[2026-05-07T17:31:30.420+0000] {logging_mixin.py:190} INFO - [2026-05-07T17:31:30.419+0000] {dagbag.py:588} INFO - Filling up the DagBag from /opt/airflow/dags/main.py
[2026-05-07T17:31:30.607+0000] {processor.py:925} INFO - DAG(s) 'kafka_to_s3' retrieved from /opt/airflow/dags/main.py
[2026-05-07T17:31:30.827+0000] {logging_mixin.py:190} INFO - [2026-05-07T17:31:30.826+0000] {dag.py:3239} INFO - Sync 1 DAGs
[2026-05-07T17:31:30.874+0000] {logging_mixin.py:190} INFO - [2026-05-07T17:31:30.874+0000] {dag.py:4180} INFO - Setting next_dagrun for kafka_to_s3 to 2026-05-07 00:00:00+00:00, run_after=2026-05-08 00:00:00+00:00
[2026-05-07T17:31:30.919+0000] {processor.py:208} INFO - Processing /opt/airflow/dags/main.py took 0.513 seconds
[2026-05-07T17:32:01.483+0000] {processor.py:186} INFO - Started process (PID=227) to work on /opt/airflow/dags/main.py
[2026-05-07T17:32:01.485+0000] {processor.py:914} INFO - Processing file /opt/airflow/dags/main.py for tasks to queue
[2026-05-07T17:32:01.491+0000] {logging_mixin.py:190} INFO - [2026-05-07T17:32:01.491+0000] {dagbag.py:588} INFO - Filling up the DagBag from /opt/airflow/dags/main.py
[2026-05-07T17:32:01.910+0000] {processor.py:925} INFO - DAG(s) 'kafka_to_s3' retrieved from /opt/airflow/dags/main.py
[2026-05-07T17:32:01.946+0000] {logging_mixin.py:190} INFO - [2026-05-07T17:32:01.945+0000] {dag.py:3239} INFO - Sync 1 DAGs
[2026-05-07T17:32:01.978+0000] {logging_mixin.py:190} INFO - [2026-05-07T17:32:01.978+0000] {dag.py:4180} INFO - Setting next_dagrun for kafka_to_s3 to 2026-05-07 00:00:00+00:00, run_after=2026-05-08 00:00:00+00:00
[2026-05-07T17:32:02.011+0000] {processor.py:208} INFO - Processing /opt/airflow/dags/main.py took 0.550 seconds
[2026-05-07T17:32:32.382+0000] {processor.py:186} INFO - Started process (PID=234) to work on /opt/airflow/dags/main.py
[2026-05-07T17:32:32.383+0000] {processor.py:914} INFO - Processing file /opt/airflow/dags/main.py for tasks to queue
[2026-05-07T17:32:32.387+0000] {logging_mixin.py:190} INFO - [2026-05-07T17:32:32.387+0000] {dagbag.py:588} INFO - Filling up the DagBag from /opt/airflow/dags/main.py
[2026-05-07T17:32:32.716+0000] {processor.py:925} INFO - DAG(s) 'kafka_to_s3' retrieved from /opt/airflow/dags/main.py
[2026-05-07T17:32:32.746+0000] {logging_mixin.py:190} INFO - [2026-05-07T17:32:32.746+0000] {dag.py:3239} INFO - Sync 1 DAGs
[2026-05-07T17:32:32.770+0000] {logging_mixin.py:190} INFO - [2026-05-07T17:32:32.769+0000] {dag.py:4180} INFO - Setting next_dagrun for kafka_to_s3 to 2026-05-07 00:00:00+00:00, run_after=2026-05-08 00:00:00+00:00
[2026-05-07T17:32:32.791+0000] {processor.py:208} INFO - Processing /opt/airflow/dags/main.py took 0.423 seconds
[2026-05-07T17:33:03.176+0000] {processor.py:186} INFO - Started process (PID=240) to work on /opt/airflow/dags/main.py
[2026-05-07T17:33:03.178+0000] {processor.py:914} INFO - Processing file /opt/airflow/dags/main.py for tasks to queue
[2026-05-07T17:33:03.182+0000] {logging_mixin.py:190} INFO - [2026-05-07T17:33:03.181+0000] {dagbag.py:588} INFO - Filling up the DagBag from /opt/airflow/dags/main.py
[2026-05-07T17:33:03.540+0000] {processor.py:925} INFO - DAG(s) 'kafka_to_s3' retrieved from /opt/airflow/dags/main.py
[2026-05-07T17:33:03.570+0000] {logging_mixin.py:190} INFO - [2026-05-07T17:33:03.569+0000] {dag.py:3239} INFO - Sync 1 DAGs
[2026-05-07T17:33:03.599+0000] {logging_mixin.py:190} INFO - [2026-05-07T17:33:03.599+0000] {dag.py:4180} INFO - Setting next_dagrun for kafka_to_s3 to 2026-05-07 00:00:00+00:00, run_after=2026-05-08 00:00:00+00:00
[2026-05-07T17:33:03.628+0000] {processor.py:208} INFO - Processing /opt/airflow/dags/main.py took 0.465 seconds
[2026-05-07T17:33:33.997+0000] {processor.py:186} INFO - Started process (PID=247) to work on /opt/airflow/dags/main.py
[2026-05-07T17:33:34.000+0000] {processor.py:914} INFO - Processing file /opt/airflow/dags/main.py for tasks to queue
[2026-05-07T17:33:34.013+0000] {logging_mixin.py:190} INFO - [2026-05-07T17:33:34.012+0000] {dagbag.py:588} INFO - Filling up the DagBag from /opt/airflow/dags/main.py
[2026-05-07T17:33:34.388+0000] {processor.py:925} INFO - DAG(s) 'kafka_to_s3' retrieved from /opt/airflow/dags/main.py
[2026-05-07T17:33:34.485+0000] {logging_mixin.py:190} INFO - [2026-05-07T17:33:34.484+0000] {dag.py:3239} INFO - Sync 1 DAGs
[2026-05-07T17:33:34.748+0000] {logging_mixin.py:190} INFO - [2026-05-07T17:33:34.747+0000] {dag.py:4180} INFO - Setting next_dagrun for kafka_to_s3 to 2026-05-07 00:00:00+00:00, run_after=2026-05-08 00:00:00+00:00
[2026-05-07T17:33:34.784+0000] {processor.py:208} INFO - Processing /opt/airflow/dags/main.py took 0.810 seconds
[2026-05-07T17:34:04.954+0000] {processor.py:186} INFO - Started process (PID=254) to work on /opt/airflow/dags/main.py
[2026-05-07T17:34:04.956+0000] {processor.py:914} INFO - Processing file /opt/airflow/dags/main.py for tasks to queue
[2026-05-07T17:34:04.960+0000] {logging_mixin.py:190} INFO - [2026-05-07T17:34:04.960+0000] {dagbag.py:588} INFO - Filling up the DagBag from /opt/airflow/dags/main.py
[2026-05-07T17:34:05.147+0000] {processor.py:925} INFO - DAG(s) 'kafka_to_s3' retrieved from /opt/airflow/dags/main.py
[2026-05-07T17:34:05.211+0000] {logging_mixin.py:190} INFO - [2026-05-07T17:34:05.210+0000] {dag.py:3239} INFO - Sync 1 DAGs
[2026-05-07T17:34:05.504+0000] {logging_mixin.py:190} INFO - [2026-05-07T17:34:05.504+0000] {dag.py:4180} INFO - Setting next_dagrun for kafka_to_s3 to 2026-05-07 00:00:00+00:00, run_after=2026-05-08 00:00:00+00:00
[2026-05-07T17:34:05.532+0000] {processor.py:208} INFO - Processing /opt/airflow/dags/main.py took 0.593 seconds
[2026-05-07T17:34:35.867+0000] {processor.py:186} INFO - Started process (PID=261) to work on /opt/airflow/dags/main.py
[2026-05-07T17:34:35.870+0000] {processor.py:914} INFO - Processing file /opt/airflow/dags/main.py for tasks to queue
[2026-05-07T17:34:35.876+0000] {logging_mixin.py:190} INFO - [2026-05-07T17:34:35.875+0000] {dagbag.py:588} INFO - Filling up the DagBag from /opt/airflow/dags/main.py
[2026-05-07T17:34:36.074+0000] {processor.py:925} INFO - DAG(s) 'kafka_to_s3' retrieved from /opt/airflow/dags/main.py
[2026-05-07T17:34:36.351+0000] {logging_mixin.py:190} INFO - [2026-05-07T17:34:36.351+0000] {dag.py:3239} INFO - Sync 1 DAGs
[2026-05-07T17:34:36.383+0000] {logging_mixin.py:190} INFO - [2026-05-07T17:34:36.383+0000] {dag.py:4180} INFO - Setting next_dagrun for kafka_to_s3 to 2026-05-07 00:00:00+00:00, run_after=2026-05-08 00:00:00+00:00
[2026-05-07T17:34:36.414+0000] {processor.py:208} INFO - Processing /opt/airflow/dags/main.py took 0.561 seconds
[2026-05-07T17:35:06.608+0000] {processor.py:186} INFO - Started process (PID=268) to work on /opt/airflow/dags/main.py
[2026-05-07T17:35:06.610+0000] {processor.py:914} INFO - Processing file /opt/airflow/dags/main.py for tasks to queue
[2026-05-07T17:35:06.615+0000] {logging_mixin.py:190} INFO - [2026-05-07T17:35:06.614+0000] {dagbag.py:588} INFO - Filling up the DagBag from /opt/airflow/dags/main.py
[2026-05-07T17:35:06.996+0000] {processor.py:925} INFO - DAG(s) 'kafka_to_s3' retrieved from /opt/airflow/dags/main.py
[2026-05-07T17:35:07.039+0000] {logging_mixin.py:190} INFO - [2026-05-07T17:35:07.039+0000] {dag.py:3239} INFO - Sync 1 DAGs
[2026-05-07T17:35:07.074+0000] {logging_mixin.py:190} INFO - [2026-05-07T17:35:07.074+0000] {dag.py:4180} INFO - Setting next_dagrun for kafka_to_s3 to 2026-05-07 00:00:00+00:00, run_after=2026-05-08 00:00:00+00:00
[2026-05-07T17:35:07.118+0000] {processor.py:208} INFO - Processing /opt/airflow/dags/main.py took 0.521 seconds
[2026-05-07T17:35:37.434+0000] {processor.py:186} INFO - Started process (PID=274) to work on /opt/airflow/dags/main.py
[2026-05-07T17:35:37.436+0000] {processor.py:914} INFO - Processing file /opt/airflow/dags/main.py for tasks to queue
[2026-05-07T17:35:37.442+0000] {logging_mixin.py:190} INFO - [2026-05-07T17:35:37.441+0000] {dagbag.py:588} INFO - Filling up the DagBag from /opt/airflow/dags/main.py
[2026-05-07T17:35:37.815+0000] {processor.py:925} INFO - DAG(s) 'kafka_to_s3' retrieved from /opt/airflow/dags/main.py
[2026-05-07T17:35:37.851+0000] {logging_mixin.py:190} INFO - [2026-05-07T17:35:37.851+0000] {dag.py:3239} INFO - Sync 1 DAGs
[2026-05-07T17:35:37.879+0000] {logging_mixin.py:190} INFO - [2026-05-07T17:35:37.879+0000] {dag.py:4180} INFO - Setting next_dagrun for kafka_to_s3 to 2026-05-07 00:00:00+00:00, run_after=2026-05-08 00:00:00+00:00
[2026-05-07T17:35:37.907+0000] {processor.py:208} INFO - Processing /opt/airflow/dags/main.py took 0.489 seconds
[2026-05-07T17:36:08.290+0000] {processor.py:186} INFO - Started process (PID=281) to work on /opt/airflow/dags/main.py
[2026-05-07T17:36:08.292+0000] {processor.py:914} INFO - Processing file /opt/airflow/dags/main.py for tasks to queue
[2026-05-07T17:36:08.297+0000] {logging_mixin.py:190} INFO - [2026-05-07T17:36:08.296+0000] {dagbag.py:588} INFO - Filling up the DagBag from /opt/airflow/dags/main.py
[2026-05-07T17:36:08.455+0000] {processor.py:925} INFO - DAG(s) 'kafka_to_s3' retrieved from /opt/airflow/dags/main.py
[2026-05-07T17:36:08.484+0000] {logging_mixin.py:190} INFO - [2026-05-07T17:36:08.484+0000] {dag.py:3239} INFO - Sync 1 DAGs
[2026-05-07T17:36:08.515+0000] {logging_mixin.py:190} INFO - [2026-05-07T17:36:08.515+0000] {dag.py:4180} INFO - Setting next_dagrun for kafka_to_s3 to 2026-05-07 00:00:00+00:00, run_after=2026-05-08 00:00:00+00:00
[2026-05-07T17:36:08.747+0000] {processor.py:208} INFO - Processing /opt/airflow/dags/main.py took 0.466 seconds
[2026-05-07T17:36:38.832+0000] {processor.py:186} INFO - Started process (PID=288) to work on /opt/airflow/dags/main.py
[2026-05-07T17:36:38.834+0000] {processor.py:914} INFO - Processing file /opt/airflow/dags/main.py for tasks to queue
[2026-05-07T17:36:38.837+0000] {logging_mixin.py:190} INFO - [2026-05-07T17:36:38.837+0000] {dagbag.py:588} INFO - Filling up the DagBag from /opt/airflow/dags/main.py
[2026-05-07T17:36:39.014+0000] {processor.py:925} INFO - DAG(s) 'kafka_to_s3' retrieved from /opt/airflow/dags/main.py
[2026-05-07T17:36:39.052+0000] {logging_mixin.py:190} INFO - [2026-05-07T17:36:39.052+0000] {dag.py:3239} INFO - Sync 1 DAGs
[2026-05-07T17:36:39.295+0000] {logging_mixin.py:190} INFO - [2026-05-07T17:36:39.294+0000] {dag.py:4180} INFO - Setting next_dagrun for kafka_to_s3 to 2026-05-07 00:00:00+00:00, run_after=2026-05-08 00:00:00+00:00
[2026-05-07T17:36:39.323+0000] {processor.py:208} INFO - Processing /opt/airflow/dags/main.py took 0.499 seconds
[2026-05-07T17:37:09.830+0000] {processor.py:186} INFO - Started process (PID=295) to work on /opt/airflow/dags/main.py
[2026-05-07T17:37:09.832+0000] {processor.py:914} INFO - Processing file /opt/airflow/dags/main.py for tasks to queue
[2026-05-07T17:37:09.836+0000] {logging_mixin.py:190} INFO - [2026-05-07T17:37:09.836+0000] {dagbag.py:588} INFO - Filling up the DagBag from /opt/airflow/dags/main.py
[2026-05-07T17:37:09.994+0000] {processor.py:925} INFO - DAG(s) 'kafka_to_s3' retrieved from /opt/airflow/dags/main.py
[2026-05-07T17:37:10.028+0000] {logging_mixin.py:190} INFO - [2026-05-07T17:37:10.028+0000] {dag.py:3239} INFO - Sync 1 DAGs
[2026-05-07T17:37:10.251+0000] {logging_mixin.py:190} INFO - [2026-05-07T17:37:10.251+0000] {dag.py:4180} INFO - Setting next_dagrun for kafka_to_s3 to 2026-05-07 00:00:00+00:00, run_after=2026-05-08 00:00:00+00:00
[2026-05-07T17:37:10.280+0000] {processor.py:208} INFO - Processing /opt/airflow/dags/main.py took 0.462 seconds
[2026-05-07T17:37:40.499+0000] {processor.py:186} INFO - Started process (PID=302) to work on /opt/airflow/dags/main.py
[2026-05-07T17:37:40.502+0000] {processor.py:914} INFO - Processing file /opt/airflow/dags/main.py for tasks to queue
[2026-05-07T17:37:40.510+0000] {logging_mixin.py:190} INFO - [2026-05-07T17:37:40.509+0000] {dagbag.py:588} INFO - Filling up the DagBag from /opt/airflow/dags/main.py
[2026-05-07T17:37:40.739+0000] {processor.py:925} INFO - DAG(s) 'kafka_to_s3' retrieved from /opt/airflow/dags/main.py
[2026-05-07T17:37:40.986+0000] {logging_mixin.py:190} INFO - [2026-05-07T17:37:40.985+0000] {dag.py:3239} INFO - Sync 1 DAGs
[2026-05-07T17:37:41.020+0000] {logging_mixin.py:190} INFO - [2026-05-07T17:37:41.020+0000] {dag.py:4180} INFO - Setting next_dagrun for kafka_to_s3 to 2026-05-07 00:00:00+00:00, run_after=2026-05-08 00:00:00+00:00
[2026-05-07T17:37:41.054+0000] {processor.py:208} INFO - Processing /opt/airflow/dags/main.py took 0.578 seconds
[2026-05-07T17:38:11.296+0000] {processor.py:186} INFO - Started process (PID=309) to work on /opt/airflow/dags/main.py
[2026-05-07T17:38:11.298+0000] {processor.py:914} INFO - Processing file /opt/airflow/dags/main.py for tasks to queue
[2026-05-07T17:38:11.302+0000] {logging_mixin.py:190} INFO - [2026-05-07T17:38:11.302+0000] {dagbag.py:588} INFO - Filling up the DagBag from /opt/airflow/dags/main.py
[2026-05-07T17:38:11.695+0000] {processor.py:925} INFO - DAG(s) 'kafka_to_s3' retrieved from /opt/airflow/dags/main.py
[2026-05-07T17:38:11.729+0000] {logging_mixin.py:190} INFO - [2026-05-07T17:38:11.729+0000] {dag.py:3239} INFO - Sync 1 DAGs
[2026-05-07T17:38:11.757+0000] {logging_mixin.py:190} INFO - [2026-05-07T17:38:11.757+0000] {dag.py:4180} INFO - Setting next_dagrun for kafka_to_s3 to 2026-05-07 00:00:00+00:00, run_after=2026-05-08 00:00:00+00:00
[2026-05-07T17:38:11.783+0000] {processor.py:208} INFO - Processing /opt/airflow/dags/main.py took 0.496 seconds
[2026-05-07T17:38:42.223+0000] {processor.py:186} INFO - Started process (PID=316) to work on /opt/airflow/dags/main.py
[2026-05-07T17:38:42.225+0000] {processor.py:914} INFO - Processing file /opt/airflow/dags/main.py for tasks to queue
[2026-05-07T17:38:42.230+0000] {logging_mixin.py:190} INFO - [2026-05-07T17:38:42.230+0000] {dagbag.py:588} INFO - Filling up the DagBag from /opt/airflow/dags/main.py
[2026-05-07T17:38:42.600+0000] {processor.py:925} INFO - DAG(s) 'kafka_to_s3' retrieved from /opt/airflow/dags/main.py
[2026-05-07T17:38:42.640+0000] {logging_mixin.py:190} INFO - [2026-05-07T17:38:42.639+0000] {dag.py:3239} INFO - Sync 1 DAGs
[2026-05-07T17:38:42.666+0000] {logging_mixin.py:190} INFO - [2026-05-07T17:38:42.666+0000] {dag.py:4180} INFO - Setting next_dagrun for kafka_to_s3 to 2026-05-07 00:00:00+00:00, run_after=2026-05-08 00:00:00+00:00
[2026-05-07T17:38:42.701+0000] {processor.py:208} INFO - Processing /opt/airflow/dags/main.py took 0.488 seconds
[2026-05-07T17:39:13.183+0000] {processor.py:186} INFO - Started process (PID=329) to work on /opt/airflow/dags/main.py
[2026-05-07T17:39:13.187+0000] {processor.py:914} INFO - Processing file /opt/airflow/dags/main.py for tasks to queue
[2026-05-07T17:39:13.197+0000] {logging_mixin.py:190} INFO - [2026-05-07T17:39:13.196+0000] {dagbag.py:588} INFO - Filling up the DagBag from /opt/airflow/dags/main.py
[2026-05-07T17:39:13.483+0000] {processor.py:925} INFO - DAG(s) 'kafka_to_s3' retrieved from /opt/airflow/dags/main.py
[2026-05-07T17:39:13.548+0000] {logging_mixin.py:190} INFO - [2026-05-07T17:39:13.548+0000] {dag.py:3239} INFO - Sync 1 DAGs
[2026-05-07T17:39:13.835+0000] {logging_mixin.py:190} INFO - [2026-05-07T17:39:13.834+0000] {dag.py:4180} INFO - Setting next_dagrun for kafka_to_s3 to 2026-05-07 00:00:00+00:00, run_after=2026-05-08 00:00:00+00:00
[2026-05-07T17:39:13.873+0000] {processor.py:208} INFO - Processing /opt/airflow/dags/main.py took 0.713 seconds
[2026-05-07T17:39:44.485+0000] {processor.py:186} INFO - Started process (PID=336) to work on /opt/airflow/dags/main.py
[2026-05-07T17:39:44.487+0000] {processor.py:914} INFO - Processing file /opt/airflow/dags/main.py for tasks to queue
[2026-05-07T17:39:44.490+0000] {logging_mixin.py:190} INFO - [2026-05-07T17:39:44.490+0000] {dagbag.py:588} INFO - Filling up the DagBag from /opt/airflow/dags/main.py
[2026-05-07T17:39:44.636+0000] {processor.py:925} INFO - DAG(s) 'kafka_to_s3' retrieved from /opt/airflow/dags/main.py
[2026-05-07T17:39:44.672+0000] {logging_mixin.py:190} INFO - [2026-05-07T17:39:44.672+0000] {dag.py:3239} INFO - Sync 1 DAGs
[2026-05-07T17:39:44.900+0000] {logging_mixin.py:190} INFO - [2026-05-07T17:39:44.899+0000] {dag.py:4180} INFO - Setting next_dagrun for kafka_to_s3 to 2026-05-07 00:00:00+00:00, run_after=2026-05-08 00:00:00+00:00
[2026-05-07T17:39:44.927+0000] {processor.py:208} INFO - Processing /opt/airflow/dags/main.py took 0.451 seconds
[2026-05-07T17:40:15.043+0000] {processor.py:186} INFO - Started process (PID=343) to work on /opt/airflow/dags/main.py
[2026-05-07T17:40:15.045+0000] {processor.py:914} INFO - Processing file /opt/airflow/dags/main.py for tasks to queue
[2026-05-07T17:40:15.049+0000] {logging_mixin.py:190} INFO - [2026-05-07T17:40:15.049+0000] {dagbag.py:588} INFO - Filling up the DagBag from /opt/airflow/dags/main.py
[2026-05-07T17:40:15.191+0000] {processor.py:925} INFO - DAG(s) 'kafka_to_s3' retrieved from /opt/airflow/dags/main.py
[2026-05-07T17:40:15.436+0000] {logging_mixin.py:190} INFO - [2026-05-07T17:40:15.435+0000] {dag.py:3239} INFO - Sync 1 DAGs
[2026-05-07T17:40:15.481+0000] {logging_mixin.py:190} INFO - [2026-05-07T17:40:15.480+0000] {dag.py:4180} INFO - Setting next_dagrun for kafka_to_s3 to 2026-05-07 00:00:00+00:00, run_after=2026-05-08 00:00:00+00:00
[2026-05-07T17:40:15.518+0000] {processor.py:208} INFO - Processing /opt/airflow/dags/main.py took 0.485 seconds
[2026-05-07T17:40:46.091+0000] {processor.py:186} INFO - Started process (PID=350) to work on /opt/airflow/dags/main.py
[2026-05-07T17:40:46.092+0000] {processor.py:914} INFO - Processing file /opt/airflow/dags/main.py for tasks to queue
[2026-05-07T17:40:46.096+0000] {logging_mixin.py:190} INFO - [2026-05-07T17:40:46.095+0000] {dagbag.py:588} INFO - Filling up the DagBag from /opt/airflow/dags/main.py
[2026-05-07T17:40:46.434+0000] {processor.py:925} INFO - DAG(s) 'kafka_to_s3' retrieved from /opt/airflow/dags/main.py
[2026-05-07T17:40:46.488+0000] {logging_mixin.py:190} INFO - [2026-05-07T17:40:46.487+0000] {dag.py:3239} INFO - Sync 1 DAGs
[2026-05-07T17:40:46.532+0000] {logging_mixin.py:190} INFO - [2026-05-07T17:40:46.532+0000] {dag.py:4180} INFO - Setting next_dagrun for kafka_to_s3 to 2026-05-07 00:00:00+00:00, run_after=2026-05-08 00:00:00+00:00
[2026-05-07T17:40:46.558+0000] {processor.py:208} INFO - Processing /opt/airflow/dags/main.py took 0.476 seconds
[2026-05-07T17:41:17.227+0000] {processor.py:186} INFO - Started process (PID=357) to work on /opt/airflow/dags/main.py
[2026-05-07T17:41:17.228+0000] {processor.py:914} INFO - Processing file /opt/airflow/dags/main.py for tasks to queue
[2026-05-07T17:41:17.232+0000] {logging_mixin.py:190} INFO - [2026-05-07T17:41:17.232+0000] {dagbag.py:588} INFO - Filling up the DagBag from /opt/airflow/dags/main.py
[2026-05-07T17:41:17.599+0000] {processor.py:925} INFO - DAG(s) 'kafka_to_s3' retrieved from /opt/airflow/dags/main.py
[2026-05-07T17:41:17.645+0000] {logging_mixin.py:190} INFO - [2026-05-07T17:41:17.645+0000] {dag.py:3239} INFO - Sync 1 DAGs
[2026-05-07T17:41:17.673+0000] {logging_mixin.py:190} INFO - [2026-05-07T17:41:17.673+0000] {dag.py:4180} INFO - Setting next_dagrun for kafka_to_s3 to 2026-05-07 00:00:00+00:00, run_after=2026-05-08 00:00:00+00:00
[2026-05-07T17:41:17.700+0000] {processor.py:208} INFO - Processing /opt/airflow/dags/main.py took 0.481 seconds
[2026-05-07T17:41:48.242+0000] {processor.py:186} INFO - Started process (PID=363) to work on /opt/airflow/dags/main.py
[2026-05-07T17:41:48.245+0000] {processor.py:914} INFO - Processing file /opt/airflow/dags/main.py for tasks to queue
[2026-05-07T17:41:48.251+0000] {logging_mixin.py:190} INFO - [2026-05-07T17:41:48.250+0000] {dagbag.py:588} INFO - Filling up the DagBag from /opt/airflow/dags/main.py
[2026-05-07T17:41:48.667+0000] {processor.py:925} INFO - DAG(s) 'kafka_to_s3' retrieved from /opt/airflow/dags/main.py
[2026-05-07T17:41:48.709+0000] {logging_mixin.py:190} INFO - [2026-05-07T17:41:48.709+0000] {dag.py:3239} INFO - Sync 1 DAGs
[2026-05-07T17:41:48.748+0000] {logging_mixin.py:190} INFO - [2026-05-07T17:41:48.747+0000] {dag.py:4180} INFO - Setting next_dagrun for kafka_to_s3 to 2026-05-07 00:00:00+00:00, run_after=2026-05-08 00:00:00+00:00
[2026-05-07T17:41:48.779+0000] {processor.py:208} INFO - Processing /opt/airflow/dags/main.py took 0.547 seconds
[2026-05-07T17:42:19.214+0000] {processor.py:186} INFO - Started process (PID=370) to work on /opt/airflow/dags/main.py
[2026-05-07T17:42:19.215+0000] {processor.py:914} INFO - Processing file /opt/airflow/dags/main.py for tasks to queue
[2026-05-07T17:42:19.220+0000] {logging_mixin.py:190} INFO - [2026-05-07T17:42:19.219+0000] {dagbag.py:588} INFO - Filling up the DagBag from /opt/airflow/dags/main.py
[2026-05-07T17:42:19.384+0000] {processor.py:925} INFO - DAG(s) 'kafka_to_s3' retrieved from /opt/airflow/dags/main.py
[2026-05-07T17:42:19.422+0000] {logging_mixin.py:190} INFO - [2026-05-07T17:42:19.421+0000] {dag.py:3239} INFO - Sync 1 DAGs
[2026-05-07T17:42:19.702+0000] {logging_mixin.py:190} INFO - [2026-05-07T17:42:19.702+0000] {dag.py:4180} INFO - Setting next_dagrun for kafka_to_s3 to 2026-05-07 00:00:00+00:00, run_after=2026-05-08 00:00:00+00:00
[2026-05-07T17:42:19.734+0000] {processor.py:208} INFO - Processing /opt/airflow/dags/main.py took 0.535 seconds
[2026-05-07T17:42:50.218+0000] {processor.py:186} INFO - Started process (PID=377) to work on /opt/airflow/dags/main.py
[2026-05-07T17:42:50.220+0000] {processor.py:914} INFO - Processing file /opt/airflow/dags/main.py for tasks to queue
[2026-05-07T17:42:50.229+0000] {logging_mixin.py:190} INFO - [2026-05-07T17:42:50.229+0000] {dagbag.py:588} INFO - Filling up the DagBag from /opt/airflow/dags/main.py
[2026-05-07T17:42:50.401+0000] {processor.py:925} INFO - DAG(s) 'kafka_to_s3' retrieved from /opt/airflow/dags/main.py
[2026-05-07T17:42:50.446+0000] {logging_mixin.py:190} INFO - [2026-05-07T17:42:50.446+0000] {dag.py:3239} INFO - Sync 1 DAGs
[2026-05-07T17:42:50.772+0000] {logging_mixin.py:190} INFO - [2026-05-07T17:42:50.772+0000] {dag.py:4180} INFO - Setting next_dagrun for kafka_to_s3 to 2026-05-07 00:00:00+00:00, run_after=2026-05-08 00:00:00+00:00
[2026-05-07T17:42:50.858+0000] {processor.py:208} INFO - Processing /opt/airflow/dags/main.py took 0.652 seconds
[2026-05-07T17:43:21.362+0000] {processor.py:186} INFO - Started process (PID=383) to work on /opt/airflow/dags/main.py
[2026-05-07T17:43:21.364+0000] {processor.py:914} INFO - Processing file /opt/airflow/dags/main.py for tasks to queue
[2026-05-07T17:43:21.368+0000] {logging_mixin.py:190} INFO - [2026-05-07T17:43:21.367+0000] {dagbag.py:588} INFO - Filling up the DagBag from /opt/airflow/dags/main.py
[2026-05-07T17:43:21.547+0000] {processor.py:925} INFO - DAG(s) 'kafka_to_s3' retrieved from /opt/airflow/dags/main.py
[2026-05-07T17:43:21.765+0000] {logging_mixin.py:190} INFO - [2026-05-07T17:43:21.764+0000] {dag.py:3239} INFO - Sync 1 DAGs
[2026-05-07T17:43:21.813+0000] {logging_mixin.py:190} INFO - [2026-05-07T17:43:21.813+0000] {dag.py:4180} INFO - Setting next_dagrun for kafka_to_s3 to 2026-05-07 00:00:00+00:00, run_after=2026-05-08 00:00:00+00:00
[2026-05-07T17:43:21.857+0000] {processor.py:208} INFO - Processing /opt/airflow/dags/main.py took 0.510 seconds
[2026-05-07T17:43:52.494+0000] {processor.py:186} INFO - Started process (PID=391) to work on /opt/airflow/dags/main.py
[2026-05-07T17:43:52.497+0000] {processor.py:914} INFO - Processing file /opt/airflow/dags/main.py for tasks to queue
[2026-05-07T17:43:52.506+0000] {logging_mixin.py:190} INFO - [2026-05-07T17:43:52.504+0000] {dagbag.py:588} INFO - Filling up the DagBag from /opt/airflow/dags/main.py
[2026-05-07T17:43:53.011+0000] {processor.py:925} INFO - DAG(s) 'kafka_to_s3' retrieved from /opt/airflow/dags/main.py
[2026-05-07T17:43:53.047+0000] {logging_mixin.py:190} INFO - [2026-05-07T17:43:53.047+0000] {dag.py:3239} INFO - Sync 1 DAGs
[2026-05-07T17:43:53.082+0000] {logging_mixin.py:190} INFO - [2026-05-07T17:43:53.081+0000] {dag.py:4180} INFO - Setting next_dagrun for kafka_to_s3 to 2026-05-07 00:00:00+00:00, run_after=2026-05-08 00:00:00+00:00
[2026-05-07T17:43:53.110+0000] {processor.py:208} INFO - Processing /opt/airflow/dags/main.py took 0.656 seconds
[2026-05-07T17:44:23.488+0000] {processor.py:186} INFO - Started process (PID=398) to work on /opt/airflow/dags/main.py
[2026-05-07T17:44:23.490+0000] {processor.py:914} INFO - Processing file /opt/airflow/dags/main.py for tasks to queue
[2026-05-07T17:44:23.494+0000] {logging_mixin.py:190} INFO - [2026-05-07T17:44:23.494+0000] {dagbag.py:588} INFO - Filling up the DagBag from /opt/airflow/dags/main.py
[2026-05-07T17:44:23.863+0000] {processor.py:925} INFO - DAG(s) 'kafka_to_s3' retrieved from /opt/airflow/dags/main.py
[2026-05-07T17:44:23.913+0000] {logging_mixin.py:190} INFO - [2026-05-07T17:44:23.913+0000] {dag.py:3239} INFO - Sync 1 DAGs
[2026-05-07T17:44:23.947+0000] {logging_mixin.py:190} INFO - [2026-05-07T17:44:23.946+0000] {dag.py:4180} INFO - Setting next_dagrun for kafka_to_s3 to 2026-05-07 00:00:00+00:00, run_after=2026-05-08 00:00:00+00:00
[2026-05-07T17:44:23.977+0000] {processor.py:208} INFO - Processing /opt/airflow/dags/main.py took 0.497 seconds
[2026-05-07T17:44:54.223+0000] {processor.py:186} INFO - Started process (PID=405) to work on /opt/airflow/dags/main.py
[2026-05-07T17:44:54.226+0000] {processor.py:914} INFO - Processing file /opt/airflow/dags/main.py for tasks to queue
[2026-05-07T17:44:54.231+0000] {logging_mixin.py:190} INFO - [2026-05-07T17:44:54.231+0000] {dagbag.py:588} INFO - Filling up the DagBag from /opt/airflow/dags/main.py
[2026-05-07T17:44:54.677+0000] {processor.py:925} INFO - DAG(s) 'kafka_to_s3' retrieved from /opt/airflow/dags/main.py
[2026-05-07T17:44:54.708+0000] {logging_mixin.py:190} INFO - [2026-05-07T17:44:54.707+0000] {dag.py:3239} INFO - Sync 1 DAGs
[2026-05-07T17:44:54.749+0000] {logging_mixin.py:190} INFO - [2026-05-07T17:44:54.749+0000] {dag.py:4180} INFO - Setting next_dagrun for kafka_to_s3 to 2026-05-07 00:00:00+00:00, run_after=2026-05-08 00:00:00+00:00
[2026-05-07T17:44:54.790+0000] {processor.py:208} INFO - Processing /opt/airflow/dags/main.py took 0.589 seconds
[2026-05-07T17:45:25.361+0000] {processor.py:186} INFO - Started process (PID=412) to work on /opt/airflow/dags/main.py
[2026-05-07T17:45:25.363+0000] {processor.py:914} INFO - Processing file /opt/airflow/dags/main.py for tasks to queue
[2026-05-07T17:45:25.369+0000] {logging_mixin.py:190} INFO - [2026-05-07T17:45:25.368+0000] {dagbag.py:588} INFO - Filling up the DagBag from /opt/airflow/dags/main.py
[2026-05-07T17:45:25.541+0000] {processor.py:925} INFO - DAG(s) 'kafka_to_s3' retrieved from /opt/airflow/dags/main.py
[2026-05-07T17:45:25.575+0000] {logging_mixin.py:190} INFO - [2026-05-07T17:45:25.574+0000] {dag.py:3239} INFO - Sync 1 DAGs
[2026-05-07T17:45:25.875+0000] {logging_mixin.py:190} INFO - [2026-05-07T17:45:25.874+0000] {dag.py:4180} INFO - Setting next_dagrun for kafka_to_s3 to 2026-05-07 00:00:00+00:00, run_after=2026-05-08 00:00:00+00:00
[2026-05-07T17:45:25.903+0000] {processor.py:208} INFO - Processing /opt/airflow/dags/main.py took 0.557 seconds
[2026-05-07T17:45:56.553+0000] {processor.py:186} INFO - Started process (PID=419) to work on /opt/airflow/dags/main.py
[2026-05-07T17:45:56.556+0000] {processor.py:914} INFO - Processing file /opt/airflow/dags/main.py for tasks to queue
[2026-05-07T17:45:56.561+0000] {logging_mixin.py:190} INFO - [2026-05-07T17:45:56.560+0000] {dagbag.py:588} INFO - Filling up the DagBag from /opt/airflow/dags/main.py
[2026-05-07T17:45:56.788+0000] {processor.py:925} INFO - DAG(s) 'kafka_to_s3' retrieved from /opt/airflow/dags/main.py
[2026-05-07T17:45:57.193+0000] {logging_mixin.py:190} INFO - [2026-05-07T17:45:57.192+0000] {dag.py:3239} INFO - Sync 1 DAGs
[2026-05-07T17:45:57.229+0000] {logging_mixin.py:190} INFO - [2026-05-07T17:45:57.228+0000] {dag.py:4180} INFO - Setting next_dagrun for kafka_to_s3 to 2026-05-07 00:00:00+00:00, run_after=2026-05-08 00:00:00+00:00
[2026-05-07T17:45:57.258+0000] {processor.py:208} INFO - Processing /opt/airflow/dags/main.py took 0.719 seconds
[2026-05-07T17:46:27.827+0000] {processor.py:186} INFO - Started process (PID=426) to work on /opt/airflow/dags/main.py
[2026-05-07T17:46:27.829+0000] {processor.py:914} INFO - Processing file /opt/airflow/dags/main.py for tasks to queue
[2026-05-07T17:46:27.833+0000] {logging_mixin.py:190} INFO - [2026-05-07T17:46:27.833+0000] {dagbag.py:588} INFO - Filling up the DagBag from /opt/airflow/dags/main.py
[2026-05-07T17:46:28.247+0000] {processor.py:925} INFO - DAG(s) 'kafka_to_s3' retrieved from /opt/airflow/dags/main.py
[2026-05-07T17:46:28.284+0000] {logging_mixin.py:190} INFO - [2026-05-07T17:46:28.284+0000] {dag.py:3239} INFO - Sync 1 DAGs
[2026-05-07T17:46:28.315+0000] {logging_mixin.py:190} INFO - [2026-05-07T17:46:28.315+0000] {dag.py:4180} INFO - Setting next_dagrun for kafka_to_s3 to 2026-05-07 00:00:00+00:00, run_after=2026-05-08 00:00:00+00:00
[2026-05-07T17:46:28.341+0000] {processor.py:208} INFO - Processing /opt/airflow/dags/main.py took 0.524 seconds
[2026-05-07T17:46:58.690+0000] {processor.py:186} INFO - Started process (PID=433) to work on /opt/airflow/dags/main.py
[2026-05-07T17:46:58.693+0000] {processor.py:914} INFO - Processing file /opt/airflow/dags/main.py for tasks to queue
[2026-05-07T17:46:58.702+0000] {logging_mixin.py:190} INFO - [2026-05-07T17:46:58.701+0000] {dagbag.py:588} INFO - Filling up the DagBag from /opt/airflow/dags/main.py
[2026-05-07T17:46:59.193+0000] {processor.py:925} INFO - DAG(s) 'kafka_to_s3' retrieved from /opt/airflow/dags/main.py
[2026-05-07T17:46:59.253+0000] {logging_mixin.py:190} INFO - [2026-05-07T17:46:59.252+0000] {dag.py:3239} INFO - Sync 1 DAGs
[2026-05-07T17:46:59.291+0000] {logging_mixin.py:190} INFO - [2026-05-07T17:46:59.291+0000] {dag.py:4180} INFO - Setting next_dagrun for kafka_to_s3 to 2026-05-07 00:00:00+00:00, run_after=2026-05-08 00:00:00+00:00
[2026-05-07T17:46:59.323+0000] {processor.py:208} INFO - Processing /opt/airflow/dags/main.py took 0.673 seconds
[2026-05-07T17:47:30.236+0000] {processor.py:186} INFO - Started process (PID=440) to work on /opt/airflow/dags/main.py
[2026-05-07T17:47:30.243+0000] {processor.py:914} INFO - Processing file /opt/airflow/dags/main.py for tasks to queue
[2026-05-07T17:47:30.260+0000] {logging_mixin.py:190} INFO - [2026-05-07T17:47:30.258+0000] {dagbag.py:588} INFO - Filling up the DagBag from /opt/airflow/dags/main.py
[2026-05-07T17:47:30.918+0000] {processor.py:925} INFO - DAG(s) 'kafka_to_s3' retrieved from /opt/airflow/dags/main.py
[2026-05-07T17:47:30.956+0000] {logging_mixin.py:190} INFO - [2026-05-07T17:47:30.955+0000] {dag.py:3239} INFO - Sync 1 DAGs
[2026-05-07T17:47:30.987+0000] {logging_mixin.py:190} INFO - [2026-05-07T17:47:30.987+0000] {dag.py:4180} INFO - Setting next_dagrun for kafka_to_s3 to 2026-05-07 00:00:00+00:00, run_after=2026-05-08 00:00:00+00:00
[2026-05-07T17:47:31.024+0000] {processor.py:208} INFO - Processing /opt/airflow/dags/main.py took 0.828 seconds
[2026-05-07T17:48:01.237+0000] {processor.py:186} INFO - Started process (PID=447) to work on /opt/airflow/dags/main.py
[2026-05-07T17:48:01.239+0000] {processor.py:914} INFO - Processing file /opt/airflow/dags/main.py for tasks to queue
[2026-05-07T17:48:01.243+0000] {logging_mixin.py:190} INFO - [2026-05-07T17:48:01.243+0000] {dagbag.py:588} INFO - Filling up the DagBag from /opt/airflow/dags/main.py
[2026-05-07T17:48:01.412+0000] {processor.py:925} INFO - DAG(s) 'kafka_to_s3' retrieved from /opt/airflow/dags/main.py
[2026-05-07T17:48:01.454+0000] {logging_mixin.py:190} INFO - [2026-05-07T17:48:01.454+0000] {dag.py:3239} INFO - Sync 1 DAGs
[2026-05-07T17:48:01.722+0000] {logging_mixin.py:190} INFO - [2026-05-07T17:48:01.721+0000] {dag.py:4180} INFO - Setting next_dagrun for kafka_to_s3 to 2026-05-07 00:00:00+00:00, run_after=2026-05-08 00:00:00+00:00
[2026-05-07T17:48:01.764+0000] {processor.py:208} INFO - Processing /opt/airflow/dags/main.py took 0.541 seconds
[2026-05-07T17:48:32.541+0000] {processor.py:186} INFO - Started process (PID=453) to work on /opt/airflow/dags/main.py
[2026-05-07T17:48:32.545+0000] {processor.py:914} INFO - Processing file /opt/airflow/dags/main.py for tasks to queue
[2026-05-07T17:48:32.554+0000] {logging_mixin.py:190} INFO - [2026-05-07T17:48:32.554+0000] {dagbag.py:588} INFO - Filling up the DagBag from /opt/airflow/dags/main.py
[2026-05-07T17:48:32.795+0000] {processor.py:925} INFO - DAG(s) 'kafka_to_s3' retrieved from /opt/airflow/dags/main.py
[2026-05-07T17:48:32.842+0000] {logging_mixin.py:190} INFO - [2026-05-07T17:48:32.842+0000] {dag.py:3239} INFO - Sync 1 DAGs
[2026-05-07T17:48:33.098+0000] {logging_mixin.py:190} INFO - [2026-05-07T17:48:33.098+0000] {dag.py:4180} INFO - Setting next_dagrun for kafka_to_s3 to 2026-05-07 00:00:00+00:00, run_after=2026-05-08 00:00:00+00:00
[2026-05-07T17:48:33.130+0000] {processor.py:208} INFO - Processing /opt/airflow/dags/main.py took 0.627 seconds
[2026-05-07T17:49:03.872+0000] {processor.py:186} INFO - Started process (PID=459) to work on /opt/airflow/dags/main.py
[2026-05-07T17:49:03.878+0000] {processor.py:914} INFO - Processing file /opt/airflow/dags/main.py for tasks to queue
[2026-05-07T17:49:03.895+0000] {logging_mixin.py:190} INFO - [2026-05-07T17:49:03.893+0000] {dagbag.py:588} INFO - Filling up the DagBag from /opt/airflow/dags/main.py
[2026-05-07T17:49:04.266+0000] {processor.py:925} INFO - DAG(s) 'kafka_to_s3' retrieved from /opt/airflow/dags/main.py
[2026-05-07T17:49:04.606+0000] {logging_mixin.py:190} INFO - [2026-05-07T17:49:04.606+0000] {dag.py:3239} INFO - Sync 1 DAGs
[2026-05-07T17:49:04.642+0000] {logging_mixin.py:190} INFO - [2026-05-07T17:49:04.642+0000] {dag.py:4180} INFO - Setting next_dagrun for kafka_to_s3 to 2026-05-07 00:00:00+00:00, run_after=2026-05-08 00:00:00+00:00
[2026-05-07T17:49:04.671+0000] {processor.py:208} INFO - Processing /opt/airflow/dags/main.py took 0.838 seconds
[2026-05-07T17:49:35.181+0000] {processor.py:186} INFO - Started process (PID=466) to work on /opt/airflow/dags/main.py
[2026-05-07T17:49:35.186+0000] {processor.py:914} INFO - Processing file /opt/airflow/dags/main.py for tasks to queue
[2026-05-07T17:49:35.200+0000] {logging_mixin.py:190} INFO - [2026-05-07T17:49:35.198+0000] {dagbag.py:588} INFO - Filling up the DagBag from /opt/airflow/dags/main.py
[2026-05-07T17:49:35.807+0000] {processor.py:925} INFO - DAG(s) 'kafka_to_s3' retrieved from /opt/airflow/dags/main.py
[2026-05-07T17:49:35.849+0000] {logging_mixin.py:190} INFO - [2026-05-07T17:49:35.849+0000] {dag.py:3239} INFO - Sync 1 DAGs
[2026-05-07T17:49:35.880+0000] {logging_mixin.py:190} INFO - [2026-05-07T17:49:35.880+0000] {dag.py:4180} INFO - Setting next_dagrun for kafka_to_s3 to 2026-05-07 00:00:00+00:00, run_after=2026-05-08 00:00:00+00:00
[2026-05-07T17:49:35.908+0000] {processor.py:208} INFO - Processing /opt/airflow/dags/main.py took 0.761 seconds
[2026-05-07T17:50:06.564+0000] {processor.py:186} INFO - Started process (PID=473) to work on /opt/airflow/dags/main.py
[2026-05-07T17:50:06.572+0000] {processor.py:914} INFO - Processing file /opt/airflow/dags/main.py for tasks to queue
[2026-05-07T17:50:06.588+0000] {logging_mixin.py:190} INFO - [2026-05-07T17:50:06.586+0000] {dagbag.py:588} INFO - Filling up the DagBag from /opt/airflow/dags/main.py
[2026-05-07T17:50:07.243+0000] {processor.py:925} INFO - DAG(s) 'kafka_to_s3' retrieved from /opt/airflow/dags/main.py
[2026-05-07T17:50:07.290+0000] {logging_mixin.py:190} INFO - [2026-05-07T17:50:07.289+0000] {dag.py:3239} INFO - Sync 1 DAGs
[2026-05-07T17:50:07.349+0000] {logging_mixin.py:190} INFO - [2026-05-07T17:50:07.348+0000] {dag.py:4180} INFO - Setting next_dagrun for kafka_to_s3 to 2026-05-07 00:00:00+00:00, run_after=2026-05-08 00:00:00+00:00
[2026-05-07T17:50:07.382+0000] {processor.py:208} INFO - Processing /opt/airflow/dags/main.py took 0.866 seconds
[2026-05-07T17:50:37.950+0000] {processor.py:186} INFO - Started process (PID=480) to work on /opt/airflow/dags/main.py
[2026-05-07T17:50:37.953+0000] {processor.py:914} INFO - Processing file /opt/airflow/dags/main.py for tasks to queue
[2026-05-07T17:50:37.961+0000] {logging_mixin.py:190} INFO - [2026-05-07T17:50:37.960+0000] {dagbag.py:588} INFO - Filling up the DagBag from /opt/airflow/dags/main.py
[2026-05-07T17:50:38.425+0000] {processor.py:925} INFO - DAG(s) 'kafka_to_s3' retrieved from /opt/airflow/dags/main.py
[2026-05-07T17:50:38.457+0000] {logging_mixin.py:190} INFO - [2026-05-07T17:50:38.457+0000] {dag.py:3239} INFO - Sync 1 DAGs
[2026-05-07T17:50:38.494+0000] {logging_mixin.py:190} INFO - [2026-05-07T17:50:38.494+0000] {dag.py:4180} INFO - Setting next_dagrun for kafka_to_s3 to 2026-05-07 00:00:00+00:00, run_after=2026-05-08 00:00:00+00:00
[2026-05-07T17:50:38.536+0000] {processor.py:208} INFO - Processing /opt/airflow/dags/main.py took 0.602 seconds
[2026-05-07T17:51:09.044+0000] {processor.py:186} INFO - Started process (PID=487) to work on /opt/airflow/dags/main.py
[2026-05-07T17:51:09.048+0000] {processor.py:914} INFO - Processing file /opt/airflow/dags/main.py for tasks to queue
[2026-05-07T17:51:09.057+0000] {logging_mixin.py:190} INFO - [2026-05-07T17:51:09.056+0000] {dagbag.py:588} INFO - Filling up the DagBag from /opt/airflow/dags/main.py
[2026-05-07T17:51:09.278+0000] {processor.py:925} INFO - DAG(s) 'kafka_to_s3' retrieved from /opt/airflow/dags/main.py
[2026-05-07T17:51:09.312+0000] {logging_mixin.py:190} INFO - [2026-05-07T17:51:09.311+0000] {dag.py:3239} INFO - Sync 1 DAGs
[2026-05-07T17:51:09.533+0000] {logging_mixin.py:190} INFO - [2026-05-07T17:51:09.533+0000] {dag.py:4180} INFO - Setting next_dagrun for kafka_to_s3 to 2026-05-07 00:00:00+00:00, run_after=2026-05-08 00:00:00+00:00
[2026-05-07T17:51:09.564+0000] {processor.py:208} INFO - Processing /opt/airflow/dags/main.py took 0.550 seconds
[2026-05-07T17:51:39.951+0000] {processor.py:186} INFO - Started process (PID=494) to work on /opt/airflow/dags/main.py
[2026-05-07T17:51:39.957+0000] {processor.py:914} INFO - Processing file /opt/airflow/dags/main.py for tasks to queue
[2026-05-07T17:51:39.971+0000] {logging_mixin.py:190} INFO - [2026-05-07T17:51:39.970+0000] {dagbag.py:588} INFO - Filling up the DagBag from /opt/airflow/dags/main.py
[2026-05-07T17:51:40.239+0000] {processor.py:925} INFO - DAG(s) 'kafka_to_s3' retrieved from /opt/airflow/dags/main.py
[2026-05-07T17:51:40.475+0000] {logging_mixin.py:190} INFO - [2026-05-07T17:51:40.475+0000] {dag.py:3239} INFO - Sync 1 DAGs
[2026-05-07T17:51:40.511+0000] {logging_mixin.py:190} INFO - [2026-05-07T17:51:40.511+0000] {dag.py:4180} INFO - Setting next_dagrun for kafka_to_s3 to 2026-05-07 00:00:00+00:00, run_after=2026-05-08 00:00:00+00:00
[2026-05-07T17:51:40.540+0000] {processor.py:208} INFO - Processing /opt/airflow/dags/main.py took 0.623 seconds
[2026-05-07T17:52:10.793+0000] {processor.py:186} INFO - Started process (PID=501) to work on /opt/airflow/dags/main.py
[2026-05-07T17:52:10.795+0000] {processor.py:914} INFO - Processing file /opt/airflow/dags/main.py for tasks to queue
[2026-05-07T17:52:10.798+0000] {logging_mixin.py:190} INFO - [2026-05-07T17:52:10.798+0000] {dagbag.py:588} INFO - Filling up the DagBag from /opt/airflow/dags/main.py
[2026-05-07T17:52:11.182+0000] {processor.py:925} INFO - DAG(s) 'kafka_to_s3' retrieved from /opt/airflow/dags/main.py
[2026-05-07T17:52:11.220+0000] {logging_mixin.py:190} INFO - [2026-05-07T17:52:11.219+0000] {dag.py:3239} INFO - Sync 1 DAGs
[2026-05-07T17:52:11.250+0000] {logging_mixin.py:190} INFO - [2026-05-07T17:52:11.250+0000] {dag.py:4180} INFO - Setting next_dagrun for kafka_to_s3 to 2026-05-07 00:00:00+00:00, run_after=2026-05-08 00:00:00+00:00
[2026-05-07T17:52:11.275+0000] {processor.py:208} INFO - Processing /opt/airflow/dags/main.py took 0.490 seconds
[2026-05-07T17:52:41.503+0000] {processor.py:186} INFO - Started process (PID=508) to work on /opt/airflow/dags/main.py
[2026-05-07T17:52:41.505+0000] {processor.py:914} INFO - Processing file /opt/airflow/dags/main.py for tasks to queue
[2026-05-07T17:52:41.509+0000] {logging_mixin.py:190} INFO - [2026-05-07T17:52:41.509+0000] {dagbag.py:588} INFO - Filling up the DagBag from /opt/airflow/dags/main.py
[2026-05-07T17:52:41.970+0000] {processor.py:925} INFO - DAG(s) 'kafka_to_s3' retrieved from /opt/airflow/dags/main.py
[2026-05-07T17:52:42.008+0000] {logging_mixin.py:190} INFO - [2026-05-07T17:52:42.007+0000] {dag.py:3239} INFO - Sync 1 DAGs
[2026-05-07T17:52:42.045+0000] {logging_mixin.py:190} INFO - [2026-05-07T17:52:42.044+0000] {dag.py:4180} INFO - Setting next_dagrun for kafka_to_s3 to 2026-05-07 00:00:00+00:00, run_after=2026-05-08 00:00:00+00:00
[2026-05-07T17:52:42.075+0000] {processor.py:208} INFO - Processing /opt/airflow/dags/main.py took 0.584 seconds
[2026-05-07T17:53:12.839+0000] {processor.py:186} INFO - Started process (PID=516) to work on /opt/airflow/dags/main.py
[2026-05-07T17:53:12.846+0000] {processor.py:914} INFO - Processing file /opt/airflow/dags/main.py for tasks to queue
[2026-05-07T17:53:12.859+0000] {logging_mixin.py:190} INFO - [2026-05-07T17:53:12.857+0000] {dagbag.py:588} INFO - Filling up the DagBag from /opt/airflow/dags/main.py
[2026-05-07T17:53:13.393+0000] {processor.py:925} INFO - DAG(s) 'kafka_to_s3' retrieved from /opt/airflow/dags/main.py
[2026-05-07T17:53:13.424+0000] {logging_mixin.py:190} INFO - [2026-05-07T17:53:13.424+0000] {dag.py:3239} INFO - Sync 1 DAGs
[2026-05-07T17:53:13.453+0000] {logging_mixin.py:190} INFO - [2026-05-07T17:53:13.452+0000] {dag.py:4180} INFO - Setting next_dagrun for kafka_to_s3 to 2026-05-07 00:00:00+00:00, run_after=2026-05-08 00:00:00+00:00
[2026-05-07T17:53:13.482+0000] {processor.py:208} INFO - Processing /opt/airflow/dags/main.py took 0.678 seconds
[2026-05-07T17:53:43.632+0000] {processor.py:186} INFO - Started process (PID=530) to work on /opt/airflow/dags/main.py
[2026-05-07T17:53:43.634+0000] {processor.py:914} INFO - Processing file /opt/airflow/dags/main.py for tasks to queue
[2026-05-07T17:53:43.638+0000] {logging_mixin.py:190} INFO - [2026-05-07T17:53:43.638+0000] {dagbag.py:588} INFO - Filling up the DagBag from /opt/airflow/dags/main.py
[2026-05-07T17:53:44.066+0000] {processor.py:925} INFO - DAG(s) 'kafka_to_s3' retrieved from /opt/airflow/dags/main.py
[2026-05-07T17:53:44.109+0000] {logging_mixin.py:190} INFO - [2026-05-07T17:53:44.108+0000] {dag.py:3239} INFO - Sync 1 DAGs
[2026-05-07T17:53:44.142+0000] {logging_mixin.py:190} INFO - [2026-05-07T17:53:44.141+0000] {dag.py:4180} INFO - Setting next_dagrun for kafka_to_s3 to 2026-05-07 00:00:00+00:00, run_after=2026-05-08 00:00:00+00:00
[2026-05-07T17:53:44.171+0000] {processor.py:208} INFO - Processing /opt/airflow/dags/main.py took 0.551 seconds
[2026-05-07T17:54:14.867+0000] {processor.py:186} INFO - Started process (PID=537) to work on /opt/airflow/dags/main.py
[2026-05-07T17:54:14.871+0000] {processor.py:914} INFO - Processing file /opt/airflow/dags/main.py for tasks to queue
[2026-05-07T17:54:14.878+0000] {logging_mixin.py:190} INFO - [2026-05-07T17:54:14.877+0000] {dagbag.py:588} INFO - Filling up the DagBag from /opt/airflow/dags/main.py
[2026-05-07T17:54:15.146+0000] {processor.py:925} INFO - DAG(s) 'kafka_to_s3' retrieved from /opt/airflow/dags/main.py
[2026-05-07T17:54:15.200+0000] {logging_mixin.py:190} INFO - [2026-05-07T17:54:15.199+0000] {dag.py:3239} INFO - Sync 1 DAGs
[2026-05-07T17:54:15.480+0000] {logging_mixin.py:190} INFO - [2026-05-07T17:54:15.479+0000] {dag.py:4180} INFO - Setting next_dagrun for kafka_to_s3 to 2026-05-07 00:00:00+00:00, run_after=2026-05-08 00:00:00+00:00
[2026-05-07T17:54:15.522+0000] {processor.py:208} INFO - Processing /opt/airflow/dags/main.py took 0.674 seconds
[2026-05-07T17:54:45.759+0000] {processor.py:186} INFO - Started process (PID=544) to work on /opt/airflow/dags/main.py
[2026-05-07T17:54:45.767+0000] {processor.py:914} INFO - Processing file /opt/airflow/dags/main.py for tasks to queue
[2026-05-07T17:54:45.781+0000] {logging_mixin.py:190} INFO - [2026-05-07T17:54:45.779+0000] {dagbag.py:588} INFO - Filling up the DagBag from /opt/airflow/dags/main.py
[2026-05-07T17:54:46.217+0000] {processor.py:925} INFO - DAG(s) 'kafka_to_s3' retrieved from /opt/airflow/dags/main.py
[2026-05-07T17:54:46.499+0000] {logging_mixin.py:190} INFO - [2026-05-07T17:54:46.499+0000] {dag.py:3239} INFO - Sync 1 DAGs
[2026-05-07T17:54:46.542+0000] {logging_mixin.py:190} INFO - [2026-05-07T17:54:46.542+0000] {dag.py:4180} INFO - Setting next_dagrun for kafka_to_s3 to 2026-05-07 00:00:00+00:00, run_after=2026-05-08 00:00:00+00:00
[2026-05-07T17:54:46.574+0000] {processor.py:208} INFO - Processing /opt/airflow/dags/main.py took 0.857 seconds
[2026-05-07T17:55:17.433+0000] {processor.py:186} INFO - Started process (PID=551) to work on /opt/airflow/dags/main.py
[2026-05-07T17:55:17.436+0000] {processor.py:914} INFO - Processing file /opt/airflow/dags/main.py for tasks to queue
[2026-05-07T17:55:17.444+0000] {logging_mixin.py:190} INFO - [2026-05-07T17:55:17.443+0000] {dagbag.py:588} INFO - Filling up the DagBag from /opt/airflow/dags/main.py
[2026-05-07T17:55:17.764+0000] {processor.py:925} INFO - DAG(s) 'kafka_to_s3' retrieved from /opt/airflow/dags/main.py
[2026-05-07T17:55:17.796+0000] {logging_mixin.py:190} INFO - [2026-05-07T17:55:17.795+0000] {dag.py:3239} INFO - Sync 1 DAGs
[2026-05-07T17:55:17.825+0000] {logging_mixin.py:190} INFO - [2026-05-07T17:55:17.824+0000] {dag.py:4180} INFO - Setting next_dagrun for kafka_to_s3 to 2026-05-07 00:00:00+00:00, run_after=2026-05-08 00:00:00+00:00
[2026-05-07T17:55:17.847+0000] {processor.py:208} INFO - Processing /opt/airflow/dags/main.py took 0.435 seconds
[2026-05-07T17:55:48.024+0000] {processor.py:186} INFO - Started process (PID=558) to work on /opt/airflow/dags/main.py
[2026-05-07T17:55:48.026+0000] {processor.py:914} INFO - Processing file /opt/airflow/dags/main.py for tasks to queue
[2026-05-07T17:55:48.031+0000] {logging_mixin.py:190} INFO - [2026-05-07T17:55:48.030+0000] {dagbag.py:588} INFO - Filling up the DagBag from /opt/airflow/dags/main.py
[2026-05-07T17:55:48.397+0000] {processor.py:925} INFO - DAG(s) 'kafka_to_s3' retrieved from /opt/airflow/dags/main.py
[2026-05-07T17:55:48.444+0000] {logging_mixin.py:190} INFO - [2026-05-07T17:55:48.444+0000] {dag.py:3239} INFO - Sync 1 DAGs
[2026-05-07T17:55:48.487+0000] {logging_mixin.py:190} INFO - [2026-05-07T17:55:48.487+0000] {dag.py:4180} INFO - Setting next_dagrun for kafka_to_s3 to 2026-05-07 00:00:00+00:00, run_after=2026-05-08 00:00:00+00:00
[2026-05-07T17:55:48.528+0000] {processor.py:208} INFO - Processing /opt/airflow/dags/main.py took 0.515 seconds
[2026-05-07T17:56:18.908+0000] {processor.py:186} INFO - Started process (PID=565) to work on /opt/airflow/dags/main.py
[2026-05-07T17:56:18.910+0000] {processor.py:914} INFO - Processing file /opt/airflow/dags/main.py for tasks to queue
[2026-05-07T17:56:18.914+0000] {logging_mixin.py:190} INFO - [2026-05-07T17:56:18.913+0000] {dagbag.py:588} INFO - Filling up the DagBag from /opt/airflow/dags/main.py
[2026-05-07T17:56:19.238+0000] {processor.py:925} INFO - DAG(s) 'kafka_to_s3' retrieved from /opt/airflow/dags/main.py
[2026-05-07T17:56:19.266+0000] {logging_mixin.py:190} INFO - [2026-05-07T17:56:19.266+0000] {dag.py:3239} INFO - Sync 1 DAGs
[2026-05-07T17:56:19.296+0000] {logging_mixin.py:190} INFO - [2026-05-07T17:56:19.295+0000] {dag.py:4180} INFO - Setting next_dagrun for kafka_to_s3 to 2026-05-07 00:00:00+00:00, run_after=2026-05-08 00:00:00+00:00
[2026-05-07T17:56:19.340+0000] {processor.py:208} INFO - Processing /opt/airflow/dags/main.py took 0.444 seconds
[2026-05-07T17:56:50.141+0000] {processor.py:186} INFO - Started process (PID=572) to work on /opt/airflow/dags/main.py
[2026-05-07T17:56:50.143+0000] {processor.py:914} INFO - Processing file /opt/airflow/dags/main.py for tasks to queue
[2026-05-07T17:56:50.146+0000] {logging_mixin.py:190} INFO - [2026-05-07T17:56:50.146+0000] {dagbag.py:588} INFO - Filling up the DagBag from /opt/airflow/dags/main.py
[2026-05-07T17:56:50.498+0000] {processor.py:925} INFO - DAG(s) 'kafka_to_s3' retrieved from /opt/airflow/dags/main.py
[2026-05-07T17:56:50.557+0000] {logging_mixin.py:190} INFO - [2026-05-07T17:56:50.556+0000] {dag.py:3239} INFO - Sync 1 DAGs
[2026-05-07T17:56:50.585+0000] {logging_mixin.py:190} INFO - [2026-05-07T17:56:50.585+0000] {dag.py:4180} INFO - Setting next_dagrun for kafka_to_s3 to 2026-05-07 00:00:00+00:00, run_after=2026-05-08 00:00:00+00:00
[2026-05-07T17:56:50.609+0000] {processor.py:208} INFO - Processing /opt/airflow/dags/main.py took 0.478 seconds
[2026-05-07T17:57:20.871+0000] {processor.py:186} INFO - Started process (PID=579) to work on /opt/airflow/dags/main.py
[2026-05-07T17:57:20.873+0000] {processor.py:914} INFO - Processing file /opt/airflow/dags/main.py for tasks to queue
[2026-05-07T17:57:20.879+0000] {logging_mixin.py:190} INFO - [2026-05-07T17:57:20.878+0000] {dagbag.py:588} INFO - Filling up the DagBag from /opt/airflow/dags/main.py
[2026-05-07T17:57:21.100+0000] {processor.py:925} INFO - DAG(s) 'kafka_to_s3' retrieved from /opt/airflow/dags/main.py
[2026-05-07T17:57:21.367+0000] {logging_mixin.py:190} INFO - [2026-05-07T17:57:21.367+0000] {dag.py:3239} INFO - Sync 1 DAGs
[2026-05-07T17:57:21.416+0000] {logging_mixin.py:190} INFO - [2026-05-07T17:57:21.416+0000] {dag.py:4180} INFO - Setting next_dagrun for kafka_to_s3 to 2026-05-07 00:00:00+00:00, run_after=2026-05-08 00:00:00+00:00
[2026-05-07T17:57:21.457+0000] {processor.py:208} INFO - Processing /opt/airflow/dags/main.py took 0.601 seconds
[2026-05-07T17:57:51.772+0000] {processor.py:186} INFO - Started process (PID=586) to work on /opt/airflow/dags/main.py
[2026-05-07T17:57:51.774+0000] {processor.py:914} INFO - Processing file /opt/airflow/dags/main.py for tasks to queue
[2026-05-07T17:57:51.779+0000] {logging_mixin.py:190} INFO - [2026-05-07T17:57:51.778+0000] {dagbag.py:588} INFO - Filling up the DagBag from /opt/airflow/dags/main.py
[2026-05-07T17:57:51.906+0000] {processor.py:925} INFO - DAG(s) 'kafka_to_s3' retrieved from /opt/airflow/dags/main.py
[2026-05-07T17:57:52.121+0000] {logging_mixin.py:190} INFO - [2026-05-07T17:57:52.121+0000] {dag.py:3239} INFO - Sync 1 DAGs
[2026-05-07T17:57:52.162+0000] {logging_mixin.py:190} INFO - [2026-05-07T17:57:52.162+0000] {dag.py:4180} INFO - Setting next_dagrun for kafka_to_s3 to 2026-05-07 00:00:00+00:00, run_after=2026-05-08 00:00:00+00:00
[2026-05-07T17:57:52.194+0000] {processor.py:208} INFO - Processing /opt/airflow/dags/main.py took 0.439 seconds
[2026-05-07T17:58:22.514+0000] {processor.py:186} INFO - Started process (PID=593) to work on /opt/airflow/dags/main.py
[2026-05-07T17:58:22.516+0000] {processor.py:914} INFO - Processing file /opt/airflow/dags/main.py for tasks to queue
[2026-05-07T17:58:22.523+0000] {logging_mixin.py:190} INFO - [2026-05-07T17:58:22.522+0000] {dagbag.py:588} INFO - Filling up the DagBag from /opt/airflow/dags/main.py
[2026-05-07T17:58:22.877+0000] {processor.py:925} INFO - DAG(s) 'kafka_to_s3' retrieved from /opt/airflow/dags/main.py
[2026-05-07T17:58:22.912+0000] {logging_mixin.py:190} INFO - [2026-05-07T17:58:22.911+0000] {dag.py:3239} INFO - Sync 1 DAGs
[2026-05-07T17:58:22.937+0000] {logging_mixin.py:190} INFO - [2026-05-07T17:58:22.937+0000] {dag.py:4180} INFO - Setting next_dagrun for kafka_to_s3 to 2026-05-07 00:00:00+00:00, run_after=2026-05-08 00:00:00+00:00
[2026-05-07T17:58:22.960+0000] {processor.py:208} INFO - Processing /opt/airflow/dags/main.py took 0.461 seconds
[2026-05-07T17:58:53.198+0000] {processor.py:186} INFO - Started process (PID=600) to work on /opt/airflow/dags/main.py
[2026-05-07T17:58:53.200+0000] {processor.py:914} INFO - Processing file /opt/airflow/dags/main.py for tasks to queue
[2026-05-07T17:58:53.206+0000] {logging_mixin.py:190} INFO - [2026-05-07T17:58:53.205+0000] {dagbag.py:588} INFO - Filling up the DagBag from /opt/airflow/dags/main.py
[2026-05-07T17:58:53.571+0000] {processor.py:925} INFO - DAG(s) 'kafka_to_s3' retrieved from /opt/airflow/dags/main.py
[2026-05-07T17:58:53.618+0000] {logging_mixin.py:190} INFO - [2026-05-07T17:58:53.618+0000] {dag.py:3239} INFO - Sync 1 DAGs
[2026-05-07T17:58:53.643+0000] {logging_mixin.py:190} INFO - [2026-05-07T17:58:53.642+0000] {dag.py:4180} INFO - Setting next_dagrun for kafka_to_s3 to 2026-05-07 00:00:00+00:00, run_after=2026-05-08 00:00:00+00:00
[2026-05-07T17:58:53.668+0000] {processor.py:208} INFO - Processing /opt/airflow/dags/main.py took 0.487 seconds
[2026-05-07T17:59:24.029+0000] {processor.py:186} INFO - Started process (PID=607) to work on /opt/airflow/dags/main.py
[2026-05-07T17:59:24.030+0000] {processor.py:914} INFO - Processing file /opt/airflow/dags/main.py for tasks to queue
[2026-05-07T17:59:24.034+0000] {logging_mixin.py:190} INFO - [2026-05-07T17:59:24.034+0000] {dagbag.py:588} INFO - Filling up the DagBag from /opt/airflow/dags/main.py
[2026-05-07T17:59:24.358+0000] {processor.py:925} INFO - DAG(s) 'kafka_to_s3' retrieved from /opt/airflow/dags/main.py
[2026-05-07T17:59:24.389+0000] {logging_mixin.py:190} INFO - [2026-05-07T17:59:24.389+0000] {dag.py:3239} INFO - Sync 1 DAGs
[2026-05-07T17:59:24.418+0000] {logging_mixin.py:190} INFO - [2026-05-07T17:59:24.418+0000] {dag.py:4180} INFO - Setting next_dagrun for kafka_to_s3 to 2026-05-07 00:00:00+00:00, run_after=2026-05-08 00:00:00+00:00
[2026-05-07T17:59:24.448+0000] {processor.py:208} INFO - Processing /opt/airflow/dags/main.py took 0.426 seconds
[2026-05-07T17:59:54.899+0000] {processor.py:186} INFO - Started process (PID=614) to work on /opt/airflow/dags/main.py
[2026-05-07T17:59:54.900+0000] {processor.py:914} INFO - Processing file /opt/airflow/dags/main.py for tasks to queue
[2026-05-07T17:59:54.904+0000] {logging_mixin.py:190} INFO - [2026-05-07T17:59:54.904+0000] {dagbag.py:588} INFO - Filling up the DagBag from /opt/airflow/dags/main.py
[2026-05-07T17:59:55.061+0000] {processor.py:925} INFO - DAG(s) 'kafka_to_s3' retrieved from /opt/airflow/dags/main.py
[2026-05-07T17:59:55.093+0000] {logging_mixin.py:190} INFO - [2026-05-07T17:59:55.093+0000] {dag.py:3239} INFO - Sync 1 DAGs
[2026-05-07T17:59:55.333+0000] {logging_mixin.py:190} INFO - [2026-05-07T17:59:55.333+0000] {dag.py:4180} INFO - Setting next_dagrun for kafka_to_s3 to 2026-05-07 00:00:00+00:00, run_after=2026-05-08 00:00:00+00:00
[2026-05-07T17:59:55.366+0000] {processor.py:208} INFO - Processing /opt/airflow/dags/main.py took 0.478 seconds
[2026-05-07T18:00:25.494+0000] {processor.py:186} INFO - Started process (PID=620) to work on /opt/airflow/dags/main.py
[2026-05-07T18:00:25.496+0000] {processor.py:914} INFO - Processing file /opt/airflow/dags/main.py for tasks to queue
[2026-05-07T18:00:25.499+0000] {logging_mixin.py:190} INFO - [2026-05-07T18:00:25.499+0000] {dagbag.py:588} INFO - Filling up the DagBag from /opt/airflow/dags/main.py
[2026-05-07T18:00:25.626+0000] {processor.py:925} INFO - DAG(s) 'kafka_to_s3' retrieved from /opt/airflow/dags/main.py
[2026-05-07T18:00:25.831+0000] {logging_mixin.py:190} INFO - [2026-05-07T18:00:25.831+0000] {dag.py:3239} INFO - Sync 1 DAGs
[2026-05-07T18:00:25.869+0000] {logging_mixin.py:190} INFO - [2026-05-07T18:00:25.869+0000] {dag.py:4180} INFO - Setting next_dagrun for kafka_to_s3 to 2026-05-07 00:00:00+00:00, run_after=2026-05-08 00:00:00+00:00
[2026-05-07T18:00:25.901+0000] {processor.py:208} INFO - Processing /opt/airflow/dags/main.py took 0.417 seconds
[2026-05-07T18:00:56.501+0000] {processor.py:186} INFO - Started process (PID=627) to work on /opt/airflow/dags/main.py
[2026-05-07T18:00:56.503+0000] {processor.py:914} INFO - Processing file /opt/airflow/dags/main.py for tasks to queue
[2026-05-07T18:00:56.506+0000] {logging_mixin.py:190} INFO - [2026-05-07T18:00:56.506+0000] {dagbag.py:588} INFO - Filling up the DagBag from /opt/airflow/dags/main.py
[2026-05-07T18:00:56.820+0000] {processor.py:925} INFO - DAG(s) 'kafka_to_s3' retrieved from /opt/airflow/dags/main.py
[2026-05-07T18:00:56.858+0000] {logging_mixin.py:190} INFO - [2026-05-07T18:00:56.858+0000] {dag.py:3239} INFO - Sync 1 DAGs
[2026-05-07T18:00:56.885+0000] {logging_mixin.py:190} INFO - [2026-05-07T18:00:56.884+0000] {dag.py:4180} INFO - Setting next_dagrun for kafka_to_s3 to 2026-05-07 00:00:00+00:00, run_after=2026-05-08 00:00:00+00:00
[2026-05-07T18:00:56.909+0000] {processor.py:208} INFO - Processing /opt/airflow/dags/main.py took 0.418 seconds
[2026-05-07T18:01:27.474+0000] {processor.py:186} INFO - Started process (PID=633) to work on /opt/airflow/dags/main.py
[2026-05-07T18:01:27.477+0000] {processor.py:914} INFO - Processing file /opt/airflow/dags/main.py for tasks to queue
[2026-05-07T18:01:27.485+0000] {logging_mixin.py:190} INFO - [2026-05-07T18:01:27.484+0000] {dagbag.py:588} INFO - Filling up the DagBag from /opt/airflow/dags/main.py
[2026-05-07T18:01:27.884+0000] {processor.py:925} INFO - DAG(s) 'kafka_to_s3' retrieved from /opt/airflow/dags/main.py
[2026-05-07T18:01:27.916+0000] {logging_mixin.py:190} INFO - [2026-05-07T18:01:27.915+0000] {dag.py:3239} INFO - Sync 1 DAGs
[2026-05-07T18:01:27.940+0000] {logging_mixin.py:190} INFO - [2026-05-07T18:01:27.940+0000] {dag.py:4180} INFO - Setting next_dagrun for kafka_to_s3 to 2026-05-07 00:00:00+00:00, run_after=2026-05-08 00:00:00+00:00
[2026-05-07T18:01:27.966+0000] {processor.py:208} INFO - Processing /opt/airflow/dags/main.py took 0.525 seconds
[2026-05-07T18:01:58.506+0000] {processor.py:186} INFO - Started process (PID=640) to work on /opt/airflow/dags/main.py
[2026-05-07T18:01:58.508+0000] {processor.py:914} INFO - Processing file /opt/airflow/dags/main.py for tasks to queue
[2026-05-07T18:01:58.512+0000] {logging_mixin.py:190} INFO - [2026-05-07T18:01:58.511+0000] {dagbag.py:588} INFO - Filling up the DagBag from /opt/airflow/dags/main.py
[2026-05-07T18:01:58.915+0000] {processor.py:925} INFO - DAG(s) 'kafka_to_s3' retrieved from /opt/airflow/dags/main.py
[2026-05-07T18:01:58.968+0000] {logging_mixin.py:190} INFO - [2026-05-07T18:01:58.968+0000] {dag.py:3239} INFO - Sync 1 DAGs
[2026-05-07T18:01:58.994+0000] {logging_mixin.py:190} INFO - [2026-05-07T18:01:58.994+0000] {dag.py:4180} INFO - Setting next_dagrun for kafka_to_s3 to 2026-05-07 00:00:00+00:00, run_after=2026-05-08 00:00:00+00:00
[2026-05-07T18:01:59.019+0000] {processor.py:208} INFO - Processing /opt/airflow/dags/main.py took 0.521 seconds
[2026-05-07T18:02:29.620+0000] {processor.py:186} INFO - Started process (PID=647) to work on /opt/airflow/dags/main.py
[2026-05-07T18:02:29.622+0000] {processor.py:914} INFO - Processing file /opt/airflow/dags/main.py for tasks to queue
[2026-05-07T18:02:29.628+0000] {logging_mixin.py:190} INFO - [2026-05-07T18:02:29.627+0000] {dagbag.py:588} INFO - Filling up the DagBag from /opt/airflow/dags/main.py
[2026-05-07T18:02:30.027+0000] {processor.py:925} INFO - DAG(s) 'kafka_to_s3' retrieved from /opt/airflow/dags/main.py
[2026-05-07T18:02:30.079+0000] {logging_mixin.py:190} INFO - [2026-05-07T18:02:30.079+0000] {dag.py:3239} INFO - Sync 1 DAGs
[2026-05-07T18:02:30.106+0000] {logging_mixin.py:190} INFO - [2026-05-07T18:02:30.105+0000] {dag.py:4180} INFO - Setting next_dagrun for kafka_to_s3 to 2026-05-07 00:00:00+00:00, run_after=2026-05-08 00:00:00+00:00
[2026-05-07T18:02:30.129+0000] {processor.py:208} INFO - Processing /opt/airflow/dags/main.py took 0.521 seconds
[2026-05-07T18:03:00.488+0000] {processor.py:186} INFO - Started process (PID=654) to work on /opt/airflow/dags/main.py
[2026-05-07T18:03:00.490+0000] {processor.py:914} INFO - Processing file /opt/airflow/dags/main.py for tasks to queue
[2026-05-07T18:03:00.494+0000] {logging_mixin.py:190} INFO - [2026-05-07T18:03:00.494+0000] {dagbag.py:588} INFO - Filling up the DagBag from /opt/airflow/dags/main.py
[2026-05-07T18:03:00.633+0000] {processor.py:925} INFO - DAG(s) 'kafka_to_s3' retrieved from /opt/airflow/dags/main.py
[2026-05-07T18:03:00.663+0000] {logging_mixin.py:190} INFO - [2026-05-07T18:03:00.662+0000] {dag.py:3239} INFO - Sync 1 DAGs
[2026-05-07T18:03:00.875+0000] {logging_mixin.py:190} INFO - [2026-05-07T18:03:00.875+0000] {dag.py:4180} INFO - Setting next_dagrun for kafka_to_s3 to 2026-05-07 00:00:00+00:00, run_after=2026-05-08 00:00:00+00:00
[2026-05-07T18:03:00.917+0000] {processor.py:208} INFO - Processing /opt/airflow/dags/main.py took 0.446 seconds
[2026-05-07T18:03:31.233+0000] {processor.py:186} INFO - Started process (PID=661) to work on /opt/airflow/dags/main.py
[2026-05-07T18:03:31.235+0000] {processor.py:914} INFO - Processing file /opt/airflow/dags/main.py for tasks to queue
[2026-05-07T18:03:31.241+0000] {logging_mixin.py:190} INFO - [2026-05-07T18:03:31.241+0000] {dagbag.py:588} INFO - Filling up the DagBag from /opt/airflow/dags/main.py
[2026-05-07T18:03:31.468+0000] {processor.py:925} INFO - DAG(s) 'kafka_to_s3' retrieved from /opt/airflow/dags/main.py
[2026-05-07T18:03:31.712+0000] {logging_mixin.py:190} INFO - [2026-05-07T18:03:31.711+0000] {dag.py:3239} INFO - Sync 1 DAGs
[2026-05-07T18:03:31.757+0000] {logging_mixin.py:190} INFO - [2026-05-07T18:03:31.757+0000] {dag.py:4180} INFO - Setting next_dagrun for kafka_to_s3 to 2026-05-07 00:00:00+00:00, run_after=2026-05-08 00:00:00+00:00
[2026-05-07T18:03:31.788+0000] {processor.py:208} INFO - Processing /opt/airflow/dags/main.py took 0.578 seconds
[2026-05-07T18:04:01.913+0000] {processor.py:186} INFO - Started process (PID=668) to work on /opt/airflow/dags/main.py
[2026-05-07T18:04:01.914+0000] {processor.py:914} INFO - Processing file /opt/airflow/dags/main.py for tasks to queue
[2026-05-07T18:04:01.917+0000] {logging_mixin.py:190} INFO - [2026-05-07T18:04:01.917+0000] {dagbag.py:588} INFO - Filling up the DagBag from /opt/airflow/dags/main.py
[2026-05-07T18:04:02.328+0000] {processor.py:925} INFO - DAG(s) 'kafka_to_s3' retrieved from /opt/airflow/dags/main.py
[2026-05-07T18:04:02.386+0000] {logging_mixin.py:190} INFO - [2026-05-07T18:04:02.386+0000] {dag.py:3239} INFO - Sync 1 DAGs
[2026-05-07T18:04:02.430+0000] {logging_mixin.py:190} INFO - [2026-05-07T18:04:02.430+0000] {dag.py:4180} INFO - Setting next_dagrun for kafka_to_s3 to 2026-05-07 00:00:00+00:00, run_after=2026-05-08 00:00:00+00:00
[2026-05-07T18:04:02.473+0000] {processor.py:208} INFO - Processing /opt/airflow/dags/main.py took 0.569 seconds
[2026-05-07T18:04:32.851+0000] {processor.py:186} INFO - Started process (PID=675) to work on /opt/airflow/dags/main.py
[2026-05-07T18:04:32.854+0000] {processor.py:914} INFO - Processing file /opt/airflow/dags/main.py for tasks to queue
[2026-05-07T18:04:32.858+0000] {logging_mixin.py:190} INFO - [2026-05-07T18:04:32.858+0000] {dagbag.py:588} INFO - Filling up the DagBag from /opt/airflow/dags/main.py
[2026-05-07T18:04:33.177+0000] {processor.py:925} INFO - DAG(s) 'kafka_to_s3' retrieved from /opt/airflow/dags/main.py
[2026-05-07T18:04:33.222+0000] {logging_mixin.py:190} INFO - [2026-05-07T18:04:33.222+0000] {dag.py:3239} INFO - Sync 1 DAGs
[2026-05-07T18:04:33.260+0000] {logging_mixin.py:190} INFO - [2026-05-07T18:04:33.259+0000] {dag.py:4180} INFO - Setting next_dagrun for kafka_to_s3 to 2026-05-07 00:00:00+00:00, run_after=2026-05-08 00:00:00+00:00
[2026-05-07T18:04:33.285+0000] {processor.py:208} INFO - Processing /opt/airflow/dags/main.py took 0.445 seconds
[2026-05-07T18:05:03.448+0000] {processor.py:186} INFO - Started process (PID=681) to work on /opt/airflow/dags/main.py
[2026-05-07T18:05:03.451+0000] {processor.py:914} INFO - Processing file /opt/airflow/dags/main.py for tasks to queue
[2026-05-07T18:05:03.457+0000] {logging_mixin.py:190} INFO - [2026-05-07T18:05:03.456+0000] {dagbag.py:588} INFO - Filling up the DagBag from /opt/airflow/dags/main.py
[2026-05-07T18:05:03.857+0000] {processor.py:925} INFO - DAG(s) 'kafka_to_s3' retrieved from /opt/airflow/dags/main.py
[2026-05-07T18:05:03.885+0000] {logging_mixin.py:190} INFO - [2026-05-07T18:05:03.884+0000] {dag.py:3239} INFO - Sync 1 DAGs
[2026-05-07T18:05:03.914+0000] {logging_mixin.py:190} INFO - [2026-05-07T18:05:03.914+0000] {dag.py:4180} INFO - Setting next_dagrun for kafka_to_s3 to 2026-05-07 00:00:00+00:00, run_after=2026-05-08 00:00:00+00:00
[2026-05-07T18:05:03.957+0000] {processor.py:208} INFO - Processing /opt/airflow/dags/main.py took 0.530 seconds
[2026-05-07T18:05:34.591+0000] {processor.py:186} INFO - Started process (PID=688) to work on /opt/airflow/dags/main.py
[2026-05-07T18:05:34.592+0000] {processor.py:914} INFO - Processing file /opt/airflow/dags/main.py for tasks to queue
[2026-05-07T18:05:34.596+0000] {logging_mixin.py:190} INFO - [2026-05-07T18:05:34.596+0000] {dagbag.py:588} INFO - Filling up the DagBag from /opt/airflow/dags/main.py
[2026-05-07T18:05:34.722+0000] {processor.py:925} INFO - DAG(s) 'kafka_to_s3' retrieved from /opt/airflow/dags/main.py
[2026-05-07T18:05:34.759+0000] {logging_mixin.py:190} INFO - [2026-05-07T18:05:34.759+0000] {dag.py:3239} INFO - Sync 1 DAGs
[2026-05-07T18:05:34.988+0000] {logging_mixin.py:190} INFO - [2026-05-07T18:05:34.988+0000] {dag.py:4180} INFO - Setting next_dagrun for kafka_to_s3 to 2026-05-07 00:00:00+00:00, run_after=2026-05-08 00:00:00+00:00
[2026-05-07T18:05:35.027+0000] {processor.py:208} INFO - Processing /opt/airflow/dags/main.py took 0.444 seconds
[2026-05-07T18:06:05.568+0000] {processor.py:186} INFO - Started process (PID=695) to work on /opt/airflow/dags/main.py
[2026-05-07T18:06:05.571+0000] {processor.py:914} INFO - Processing file /opt/airflow/dags/main.py for tasks to queue
[2026-05-07T18:06:05.580+0000] {logging_mixin.py:190} INFO - [2026-05-07T18:06:05.579+0000] {dagbag.py:588} INFO - Filling up the DagBag from /opt/airflow/dags/main.py
[2026-05-07T18:06:05.786+0000] {processor.py:925} INFO - DAG(s) 'kafka_to_s3' retrieved from /opt/airflow/dags/main.py
[2026-05-07T18:06:06.018+0000] {logging_mixin.py:190} INFO - [2026-05-07T18:06:06.017+0000] {dag.py:3239} INFO - Sync 1 DAGs
[2026-05-07T18:06:06.050+0000] {logging_mixin.py:190} INFO - [2026-05-07T18:06:06.050+0000] {dag.py:4180} INFO - Setting next_dagrun for kafka_to_s3 to 2026-05-07 00:00:00+00:00, run_after=2026-05-08 00:00:00+00:00
[2026-05-07T18:06:06.085+0000] {processor.py:208} INFO - Processing /opt/airflow/dags/main.py took 0.534 seconds
[2026-05-07T18:06:36.593+0000] {processor.py:186} INFO - Started process (PID=702) to work on /opt/airflow/dags/main.py
[2026-05-07T18:06:36.595+0000] {processor.py:914} INFO - Processing file /opt/airflow/dags/main.py for tasks to queue
[2026-05-07T18:06:36.600+0000] {logging_mixin.py:190} INFO - [2026-05-07T18:06:36.599+0000] {dagbag.py:588} INFO - Filling up the DagBag from /opt/airflow/dags/main.py
[2026-05-07T18:06:36.965+0000] {processor.py:925} INFO - DAG(s) 'kafka_to_s3' retrieved from /opt/airflow/dags/main.py
[2026-05-07T18:06:37.006+0000] {logging_mixin.py:190} INFO - [2026-05-07T18:06:37.006+0000] {dag.py:3239} INFO - Sync 1 DAGs
[2026-05-07T18:06:37.033+0000] {logging_mixin.py:190} INFO - [2026-05-07T18:06:37.032+0000] {dag.py:4180} INFO - Setting next_dagrun for kafka_to_s3 to 2026-05-07 00:00:00+00:00, run_after=2026-05-08 00:00:00+00:00
[2026-05-07T18:06:37.056+0000] {processor.py:208} INFO - Processing /opt/airflow/dags/main.py took 0.479 seconds
[2026-05-07T18:07:07.131+0000] {processor.py:186} INFO - Started process (PID=709) to work on /opt/airflow/dags/main.py
[2026-05-07T18:07:07.132+0000] {processor.py:914} INFO - Processing file /opt/airflow/dags/main.py for tasks to queue
[2026-05-07T18:07:07.136+0000] {logging_mixin.py:190} INFO - [2026-05-07T18:07:07.135+0000] {dagbag.py:588} INFO - Filling up the DagBag from /opt/airflow/dags/main.py
[2026-05-07T18:07:07.464+0000] {processor.py:925} INFO - DAG(s) 'kafka_to_s3' retrieved from /opt/airflow/dags/main.py
[2026-05-07T18:07:07.492+0000] {logging_mixin.py:190} INFO - [2026-05-07T18:07:07.492+0000] {dag.py:3239} INFO - Sync 1 DAGs
[2026-05-07T18:07:07.517+0000] {logging_mixin.py:190} INFO - [2026-05-07T18:07:07.516+0000] {dag.py:4180} INFO - Setting next_dagrun for kafka_to_s3 to 2026-05-07 00:00:00+00:00, run_after=2026-05-08 00:00:00+00:00
[2026-05-07T18:07:07.540+0000] {processor.py:208} INFO - Processing /opt/airflow/dags/main.py took 0.417 seconds
[2026-05-07T18:07:38.132+0000] {processor.py:186} INFO - Started process (PID=715) to work on /opt/airflow/dags/main.py
[2026-05-07T18:07:38.133+0000] {processor.py:914} INFO - Processing file /opt/airflow/dags/main.py for tasks to queue
[2026-05-07T18:07:38.137+0000] {logging_mixin.py:190} INFO - [2026-05-07T18:07:38.137+0000] {dagbag.py:588} INFO - Filling up the DagBag from /opt/airflow/dags/main.py
[2026-05-07T18:07:38.482+0000] {processor.py:925} INFO - DAG(s) 'kafka_to_s3' retrieved from /opt/airflow/dags/main.py
[2026-05-07T18:07:38.517+0000] {logging_mixin.py:190} INFO - [2026-05-07T18:07:38.517+0000] {dag.py:3239} INFO - Sync 1 DAGs
[2026-05-07T18:07:38.561+0000] {logging_mixin.py:190} INFO - [2026-05-07T18:07:38.561+0000] {dag.py:4180} INFO - Setting next_dagrun for kafka_to_s3 to 2026-05-07 00:00:00+00:00, run_after=2026-05-08 00:00:00+00:00
[2026-05-07T18:07:38.588+0000] {processor.py:208} INFO - Processing /opt/airflow/dags/main.py took 0.465 seconds
[2026-05-07T18:08:08.779+0000] {processor.py:186} INFO - Started process (PID=722) to work on /opt/airflow/dags/main.py
[2026-05-07T18:08:08.782+0000] {processor.py:914} INFO - Processing file /opt/airflow/dags/main.py for tasks to queue
[2026-05-07T18:08:08.789+0000] {logging_mixin.py:190} INFO - [2026-05-07T18:08:08.789+0000] {dagbag.py:588} INFO - Filling up the DagBag from /opt/airflow/dags/main.py
[2026-05-07T18:08:09.168+0000] {processor.py:925} INFO - DAG(s) 'kafka_to_s3' retrieved from /opt/airflow/dags/main.py
[2026-05-07T18:08:09.199+0000] {logging_mixin.py:190} INFO - [2026-05-07T18:08:09.198+0000] {dag.py:3239} INFO - Sync 1 DAGs
[2026-05-07T18:08:09.226+0000] {logging_mixin.py:190} INFO - [2026-05-07T18:08:09.226+0000] {dag.py:4180} INFO - Setting next_dagrun for kafka_to_s3 to 2026-05-07 00:00:00+00:00, run_after=2026-05-08 00:00:00+00:00
[2026-05-07T18:08:09.250+0000] {processor.py:208} INFO - Processing /opt/airflow/dags/main.py took 0.493 seconds
[2026-05-07T18:08:39.635+0000] {processor.py:186} INFO - Started process (PID=729) to work on /opt/airflow/dags/main.py
[2026-05-07T18:08:39.638+0000] {processor.py:914} INFO - Processing file /opt/airflow/dags/main.py for tasks to queue
[2026-05-07T18:08:39.644+0000] {logging_mixin.py:190} INFO - [2026-05-07T18:08:39.643+0000] {dagbag.py:588} INFO - Filling up the DagBag from /opt/airflow/dags/main.py
[2026-05-07T18:08:40.035+0000] {processor.py:925} INFO - DAG(s) 'kafka_to_s3' retrieved from /opt/airflow/dags/main.py
[2026-05-07T18:08:40.088+0000] {logging_mixin.py:190} INFO - [2026-05-07T18:08:40.088+0000] {dag.py:3239} INFO - Sync 1 DAGs
[2026-05-07T18:08:40.116+0000] {logging_mixin.py:190} INFO - [2026-05-07T18:08:40.116+0000] {dag.py:4180} INFO - Setting next_dagrun for kafka_to_s3 to 2026-05-07 00:00:00+00:00, run_after=2026-05-08 00:00:00+00:00
[2026-05-07T18:08:40.137+0000] {processor.py:208} INFO - Processing /opt/airflow/dags/main.py took 0.518 seconds
[2026-05-07T18:09:10.295+0000] {processor.py:186} INFO - Started process (PID=735) to work on /opt/airflow/dags/main.py
[2026-05-07T18:09:10.298+0000] {processor.py:914} INFO - Processing file /opt/airflow/dags/main.py for tasks to queue
[2026-05-07T18:09:10.305+0000] {logging_mixin.py:190} INFO - [2026-05-07T18:09:10.304+0000] {dagbag.py:588} INFO - Filling up the DagBag from /opt/airflow/dags/main.py
[2026-05-07T18:09:10.501+0000] {processor.py:925} INFO - DAG(s) 'kafka_to_s3' retrieved from /opt/airflow/dags/main.py
[2026-05-07T18:09:10.714+0000] {logging_mixin.py:190} INFO - [2026-05-07T18:09:10.714+0000] {dag.py:3239} INFO - Sync 1 DAGs
[2026-05-07T18:09:10.749+0000] {logging_mixin.py:190} INFO - [2026-05-07T18:09:10.748+0000] {dag.py:4180} INFO - Setting next_dagrun for kafka_to_s3 to 2026-05-07 00:00:00+00:00, run_after=2026-05-08 00:00:00+00:00
[2026-05-07T18:09:10.786+0000] {processor.py:208} INFO - Processing /opt/airflow/dags/main.py took 0.505 seconds
[2026-05-07T18:09:41.170+0000] {processor.py:186} INFO - Started process (PID=742) to work on /opt/airflow/dags/main.py
[2026-05-07T18:09:41.173+0000] {processor.py:914} INFO - Processing file /opt/airflow/dags/main.py for tasks to queue
[2026-05-07T18:09:41.179+0000] {logging_mixin.py:190} INFO - [2026-05-07T18:09:41.179+0000] {dagbag.py:588} INFO - Filling up the DagBag from /opt/airflow/dags/main.py
[2026-05-07T18:09:41.559+0000] {processor.py:925} INFO - DAG(s) 'kafka_to_s3' retrieved from /opt/airflow/dags/main.py
[2026-05-07T18:09:41.593+0000] {logging_mixin.py:190} INFO - [2026-05-07T18:09:41.593+0000] {dag.py:3239} INFO - Sync 1 DAGs
[2026-05-07T18:09:41.628+0000] {logging_mixin.py:190} INFO - [2026-05-07T18:09:41.627+0000] {dag.py:4180} INFO - Setting next_dagrun for kafka_to_s3 to 2026-05-07 00:00:00+00:00, run_after=2026-05-08 00:00:00+00:00
[2026-05-07T18:09:41.669+0000] {processor.py:208} INFO - Processing /opt/airflow/dags/main.py took 0.514 seconds
[2026-05-07T18:10:11.863+0000] {processor.py:186} INFO - Started process (PID=750) to work on /opt/airflow/dags/main.py
[2026-05-07T18:10:11.865+0000] {processor.py:914} INFO - Processing file /opt/airflow/dags/main.py for tasks to queue
[2026-05-07T18:10:11.870+0000] {logging_mixin.py:190} INFO - [2026-05-07T18:10:11.870+0000] {dagbag.py:588} INFO - Filling up the DagBag from /opt/airflow/dags/main.py
[2026-05-07T18:10:12.207+0000] {processor.py:925} INFO - DAG(s) 'kafka_to_s3' retrieved from /opt/airflow/dags/main.py
[2026-05-07T18:10:12.240+0000] {logging_mixin.py:190} INFO - [2026-05-07T18:10:12.240+0000] {dag.py:3239} INFO - Sync 1 DAGs
[2026-05-07T18:10:12.280+0000] {logging_mixin.py:190} INFO - [2026-05-07T18:10:12.280+0000] {dag.py:4180} INFO - Setting next_dagrun for kafka_to_s3 to 2026-05-07 00:00:00+00:00, run_after=2026-05-08 00:00:00+00:00
[2026-05-07T18:10:12.324+0000] {processor.py:208} INFO - Processing /opt/airflow/dags/main.py took 0.479 seconds
[2026-05-07T18:10:42.909+0000] {processor.py:186} INFO - Started process (PID=757) to work on /opt/airflow/dags/main.py
[2026-05-07T18:10:42.911+0000] {processor.py:914} INFO - Processing file /opt/airflow/dags/main.py for tasks to queue
[2026-05-07T18:10:42.914+0000] {logging_mixin.py:190} INFO - [2026-05-07T18:10:42.914+0000] {dagbag.py:588} INFO - Filling up the DagBag from /opt/airflow/dags/main.py
[2026-05-07T18:10:43.260+0000] {processor.py:925} INFO - DAG(s) 'kafka_to_s3' retrieved from /opt/airflow/dags/main.py
[2026-05-07T18:10:43.289+0000] {logging_mixin.py:190} INFO - [2026-05-07T18:10:43.288+0000] {dag.py:3239} INFO - Sync 1 DAGs
[2026-05-07T18:10:43.316+0000] {logging_mixin.py:190} INFO - [2026-05-07T18:10:43.316+0000] {dag.py:4180} INFO - Setting next_dagrun for kafka_to_s3 to 2026-05-07 00:00:00+00:00, run_after=2026-05-08 00:00:00+00:00
[2026-05-07T18:10:43.339+0000] {processor.py:208} INFO - Processing /opt/airflow/dags/main.py took 0.438 seconds
[2026-05-07T18:11:13.481+0000] {processor.py:186} INFO - Started process (PID=764) to work on /opt/airflow/dags/main.py
[2026-05-07T18:11:13.483+0000] {processor.py:914} INFO - Processing file /opt/airflow/dags/main.py for tasks to queue
[2026-05-07T18:11:13.489+0000] {logging_mixin.py:190} INFO - [2026-05-07T18:11:13.488+0000] {dagbag.py:588} INFO - Filling up the DagBag from /opt/airflow/dags/main.py
[2026-05-07T18:11:13.882+0000] {processor.py:925} INFO - DAG(s) 'kafka_to_s3' retrieved from /opt/airflow/dags/main.py
[2026-05-07T18:11:13.913+0000] {logging_mixin.py:190} INFO - [2026-05-07T18:11:13.912+0000] {dag.py:3239} INFO - Sync 1 DAGs
[2026-05-07T18:11:13.966+0000] {logging_mixin.py:190} INFO - [2026-05-07T18:11:13.965+0000] {dag.py:4180} INFO - Setting next_dagrun for kafka_to_s3 to 2026-05-07 00:00:00+00:00, run_after=2026-05-08 00:00:00+00:00
[2026-05-07T18:11:14.006+0000] {processor.py:208} INFO - Processing /opt/airflow/dags/main.py took 0.543 seconds
[2026-05-07T18:11:44.145+0000] {processor.py:186} INFO - Started process (PID=771) to work on /opt/airflow/dags/main.py
[2026-05-07T18:11:44.147+0000] {processor.py:914} INFO - Processing file /opt/airflow/dags/main.py for tasks to queue
[2026-05-07T18:11:44.154+0000] {logging_mixin.py:190} INFO - [2026-05-07T18:11:44.154+0000] {dagbag.py:588} INFO - Filling up the DagBag from /opt/airflow/dags/main.py
[2026-05-07T18:11:44.492+0000] {processor.py:925} INFO - DAG(s) 'kafka_to_s3' retrieved from /opt/airflow/dags/main.py
[2026-05-07T18:11:44.543+0000] {logging_mixin.py:190} INFO - [2026-05-07T18:11:44.542+0000] {dag.py:3239} INFO - Sync 1 DAGs
[2026-05-07T18:11:44.595+0000] {logging_mixin.py:190} INFO - [2026-05-07T18:11:44.594+0000] {dag.py:4180} INFO - Setting next_dagrun for kafka_to_s3 to 2026-05-07 00:00:00+00:00, run_after=2026-05-08 00:00:00+00:00
[2026-05-07T18:11:44.639+0000] {processor.py:208} INFO - Processing /opt/airflow/dags/main.py took 0.503 seconds
[2026-05-07T18:12:15.197+0000] {processor.py:186} INFO - Started process (PID=778) to work on /opt/airflow/dags/main.py
[2026-05-07T18:12:15.199+0000] {processor.py:914} INFO - Processing file /opt/airflow/dags/main.py for tasks to queue
[2026-05-07T18:12:15.204+0000] {logging_mixin.py:190} INFO - [2026-05-07T18:12:15.203+0000] {dagbag.py:588} INFO - Filling up the DagBag from /opt/airflow/dags/main.py
[2026-05-07T18:12:15.424+0000] {processor.py:925} INFO - DAG(s) 'kafka_to_s3' retrieved from /opt/airflow/dags/main.py
[2026-05-07T18:12:15.654+0000] {logging_mixin.py:190} INFO - [2026-05-07T18:12:15.654+0000] {dag.py:3239} INFO - Sync 1 DAGs
[2026-05-07T18:12:15.688+0000] {logging_mixin.py:190} INFO - [2026-05-07T18:12:15.688+0000] {dag.py:4180} INFO - Setting next_dagrun for kafka_to_s3 to 2026-05-07 00:00:00+00:00, run_after=2026-05-08 00:00:00+00:00
[2026-05-07T18:12:15.713+0000] {processor.py:208} INFO - Processing /opt/airflow/dags/main.py took 0.527 seconds
[2026-05-07T18:12:45.952+0000] {processor.py:186} INFO - Started process (PID=790) to work on /opt/airflow/dags/main.py
[2026-05-07T18:12:45.954+0000] {processor.py:914} INFO - Processing file /opt/airflow/dags/main.py for tasks to queue
[2026-05-07T18:12:45.958+0000] {logging_mixin.py:190} INFO - [2026-05-07T18:12:45.958+0000] {dagbag.py:588} INFO - Filling up the DagBag from /opt/airflow/dags/main.py
[2026-05-07T18:12:46.336+0000] {processor.py:925} INFO - DAG(s) 'kafka_to_s3' retrieved from /opt/airflow/dags/main.py
[2026-05-07T18:12:46.376+0000] {logging_mixin.py:190} INFO - [2026-05-07T18:12:46.375+0000] {dag.py:3239} INFO - Sync 1 DAGs
[2026-05-07T18:12:46.408+0000] {logging_mixin.py:190} INFO - [2026-05-07T18:12:46.407+0000] {dag.py:4180} INFO - Setting next_dagrun for kafka_to_s3 to 2026-05-07 00:00:00+00:00, run_after=2026-05-08 00:00:00+00:00
[2026-05-07T18:12:46.432+0000] {processor.py:208} INFO - Processing /opt/airflow/dags/main.py took 0.490 seconds
[2026-05-07T18:13:16.812+0000] {processor.py:186} INFO - Started process (PID=797) to work on /opt/airflow/dags/main.py
[2026-05-07T18:13:16.814+0000] {processor.py:914} INFO - Processing file /opt/airflow/dags/main.py for tasks to queue
[2026-05-07T18:13:16.819+0000] {logging_mixin.py:190} INFO - [2026-05-07T18:13:16.819+0000] {dagbag.py:588} INFO - Filling up the DagBag from /opt/airflow/dags/main.py
[2026-05-07T18:13:17.185+0000] {processor.py:925} INFO - DAG(s) 'kafka_to_s3' retrieved from /opt/airflow/dags/main.py
[2026-05-07T18:13:17.225+0000] {logging_mixin.py:190} INFO - [2026-05-07T18:13:17.225+0000] {dag.py:3239} INFO - Sync 1 DAGs
[2026-05-07T18:13:17.252+0000] {logging_mixin.py:190} INFO - [2026-05-07T18:13:17.252+0000] {dag.py:4180} INFO - Setting next_dagrun for kafka_to_s3 to 2026-05-07 00:00:00+00:00, run_after=2026-05-08 00:00:00+00:00
[2026-05-07T18:13:17.276+0000] {processor.py:208} INFO - Processing /opt/airflow/dags/main.py took 0.480 seconds
[2026-05-07T18:13:47.776+0000] {processor.py:186} INFO - Started process (PID=804) to work on /opt/airflow/dags/main.py
[2026-05-07T18:13:47.777+0000] {processor.py:914} INFO - Processing file /opt/airflow/dags/main.py for tasks to queue
[2026-05-07T18:13:47.782+0000] {logging_mixin.py:190} INFO - [2026-05-07T18:13:47.781+0000] {dagbag.py:588} INFO - Filling up the DagBag from /opt/airflow/dags/main.py
[2026-05-07T18:13:48.187+0000] {processor.py:925} INFO - DAG(s) 'kafka_to_s3' retrieved from /opt/airflow/dags/main.py
[2026-05-07T18:13:48.236+0000] {logging_mixin.py:190} INFO - [2026-05-07T18:13:48.236+0000] {dag.py:3239} INFO - Sync 1 DAGs
[2026-05-07T18:13:48.273+0000] {logging_mixin.py:190} INFO - [2026-05-07T18:13:48.273+0000] {dag.py:4180} INFO - Setting next_dagrun for kafka_to_s3 to 2026-05-07 00:00:00+00:00, run_after=2026-05-08 00:00:00+00:00
[2026-05-07T18:13:48.300+0000] {processor.py:208} INFO - Processing /opt/airflow/dags/main.py took 0.533 seconds
[2026-05-07T18:14:18.907+0000] {processor.py:186} INFO - Started process (PID=811) to work on /opt/airflow/dags/main.py
[2026-05-07T18:14:18.909+0000] {processor.py:914} INFO - Processing file /opt/airflow/dags/main.py for tasks to queue
[2026-05-07T18:14:18.915+0000] {logging_mixin.py:190} INFO - [2026-05-07T18:14:18.914+0000] {dagbag.py:588} INFO - Filling up the DagBag from /opt/airflow/dags/main.py
[2026-05-07T18:14:19.256+0000] {processor.py:925} INFO - DAG(s) 'kafka_to_s3' retrieved from /opt/airflow/dags/main.py
[2026-05-07T18:14:19.300+0000] {logging_mixin.py:190} INFO - [2026-05-07T18:14:19.299+0000] {dag.py:3239} INFO - Sync 1 DAGs
[2026-05-07T18:14:19.326+0000] {logging_mixin.py:190} INFO - [2026-05-07T18:14:19.326+0000] {dag.py:4180} INFO - Setting next_dagrun for kafka_to_s3 to 2026-05-07 00:00:00+00:00, run_after=2026-05-08 00:00:00+00:00
[2026-05-07T18:14:19.347+0000] {processor.py:208} INFO - Processing /opt/airflow/dags/main.py took 0.459 seconds
[2026-05-07T18:14:49.700+0000] {processor.py:186} INFO - Started process (PID=817) to work on /opt/airflow/dags/main.py
[2026-05-07T18:14:49.701+0000] {processor.py:914} INFO - Processing file /opt/airflow/dags/main.py for tasks to queue
[2026-05-07T18:14:49.704+0000] {logging_mixin.py:190} INFO - [2026-05-07T18:14:49.704+0000] {dagbag.py:588} INFO - Filling up the DagBag from /opt/airflow/dags/main.py
[2026-05-07T18:14:49.846+0000] {processor.py:925} INFO - DAG(s) 'kafka_to_s3' retrieved from /opt/airflow/dags/main.py
[2026-05-07T18:14:50.119+0000] {logging_mixin.py:190} INFO - [2026-05-07T18:14:50.119+0000] {dag.py:3239} INFO - Sync 1 DAGs
[2026-05-07T18:14:50.148+0000] {logging_mixin.py:190} INFO - [2026-05-07T18:14:50.148+0000] {dag.py:4180} INFO - Setting next_dagrun for kafka_to_s3 to 2026-05-07 00:00:00+00:00, run_after=2026-05-08 00:00:00+00:00
[2026-05-07T18:14:50.172+0000] {processor.py:208} INFO - Processing /opt/airflow/dags/main.py took 0.480 seconds
[2026-05-07T18:15:20.573+0000] {processor.py:186} INFO - Started process (PID=823) to work on /opt/airflow/dags/main.py
[2026-05-07T18:15:20.575+0000] {processor.py:914} INFO - Processing file /opt/airflow/dags/main.py for tasks to queue
[2026-05-07T18:15:20.580+0000] {logging_mixin.py:190} INFO - [2026-05-07T18:15:20.579+0000] {dagbag.py:588} INFO - Filling up the DagBag from /opt/airflow/dags/main.py
[2026-05-07T18:15:20.914+0000] {processor.py:925} INFO - DAG(s) 'kafka_to_s3' retrieved from /opt/airflow/dags/main.py
[2026-05-07T18:15:20.950+0000] {logging_mixin.py:190} INFO - [2026-05-07T18:15:20.950+0000] {dag.py:3239} INFO - Sync 1 DAGs
[2026-05-07T18:15:20.977+0000] {logging_mixin.py:190} INFO - [2026-05-07T18:15:20.977+0000] {dag.py:4180} INFO - Setting next_dagrun for kafka_to_s3 to 2026-05-07 00:00:00+00:00, run_after=2026-05-08 00:00:00+00:00
[2026-05-07T18:15:20.999+0000] {processor.py:208} INFO - Processing /opt/airflow/dags/main.py took 0.438 seconds
[2026-05-07T18:15:51.432+0000] {processor.py:186} INFO - Started process (PID=830) to work on /opt/airflow/dags/main.py
[2026-05-07T18:15:51.434+0000] {processor.py:914} INFO - Processing file /opt/airflow/dags/main.py for tasks to queue
[2026-05-07T18:15:51.442+0000] {logging_mixin.py:190} INFO - [2026-05-07T18:15:51.441+0000] {dagbag.py:588} INFO - Filling up the DagBag from /opt/airflow/dags/main.py
[2026-05-07T18:15:51.835+0000] {processor.py:925} INFO - DAG(s) 'kafka_to_s3' retrieved from /opt/airflow/dags/main.py
[2026-05-07T18:15:51.887+0000] {logging_mixin.py:190} INFO - [2026-05-07T18:15:51.887+0000] {dag.py:3239} INFO - Sync 1 DAGs
[2026-05-07T18:15:51.935+0000] {logging_mixin.py:190} INFO - [2026-05-07T18:15:51.934+0000] {dag.py:4180} INFO - Setting next_dagrun for kafka_to_s3 to 2026-05-07 00:00:00+00:00, run_after=2026-05-08 00:00:00+00:00
[2026-05-07T18:15:51.979+0000] {processor.py:208} INFO - Processing /opt/airflow/dags/main.py took 0.564 seconds
[2026-05-07T18:16:22.263+0000] {processor.py:186} INFO - Started process (PID=838) to work on /opt/airflow/dags/main.py
[2026-05-07T18:16:22.265+0000] {processor.py:914} INFO - Processing file /opt/airflow/dags/main.py for tasks to queue
[2026-05-07T18:16:22.272+0000] {logging_mixin.py:190} INFO - [2026-05-07T18:16:22.271+0000] {dagbag.py:588} INFO - Filling up the DagBag from /opt/airflow/dags/main.py
[2026-05-07T18:16:22.648+0000] {processor.py:925} INFO - DAG(s) 'kafka_to_s3' retrieved from /opt/airflow/dags/main.py
[2026-05-07T18:16:22.677+0000] {logging_mixin.py:190} INFO - [2026-05-07T18:16:22.676+0000] {dag.py:3239} INFO - Sync 1 DAGs
[2026-05-07T18:16:22.702+0000] {logging_mixin.py:190} INFO - [2026-05-07T18:16:22.701+0000] {dag.py:4180} INFO - Setting next_dagrun for kafka_to_s3 to 2026-05-07 00:00:00+00:00, run_after=2026-05-08 00:00:00+00:00
[2026-05-07T18:16:22.731+0000] {processor.py:208} INFO - Processing /opt/airflow/dags/main.py took 0.484 seconds
[2026-05-07T18:16:53.054+0000] {processor.py:186} INFO - Started process (PID=844) to work on /opt/airflow/dags/main.py
[2026-05-07T18:16:53.056+0000] {processor.py:914} INFO - Processing file /opt/airflow/dags/main.py for tasks to queue
[2026-05-07T18:16:53.064+0000] {logging_mixin.py:190} INFO - [2026-05-07T18:16:53.063+0000] {dagbag.py:588} INFO - Filling up the DagBag from /opt/airflow/dags/main.py
[2026-05-07T18:16:53.462+0000] {processor.py:925} INFO - DAG(s) 'kafka_to_s3' retrieved from /opt/airflow/dags/main.py
[2026-05-07T18:16:53.497+0000] {logging_mixin.py:190} INFO - [2026-05-07T18:16:53.496+0000] {dag.py:3239} INFO - Sync 1 DAGs
[2026-05-07T18:16:53.527+0000] {logging_mixin.py:190} INFO - [2026-05-07T18:16:53.527+0000] {dag.py:4180} INFO - Setting next_dagrun for kafka_to_s3 to 2026-05-07 00:00:00+00:00, run_after=2026-05-08 00:00:00+00:00
[2026-05-07T18:16:53.550+0000] {processor.py:208} INFO - Processing /opt/airflow/dags/main.py took 0.515 seconds
[2026-05-07T18:17:23.817+0000] {processor.py:186} INFO - Started process (PID=852) to work on /opt/airflow/dags/main.py
[2026-05-07T18:17:23.819+0000] {processor.py:914} INFO - Processing file /opt/airflow/dags/main.py for tasks to queue
[2026-05-07T18:17:23.826+0000] {logging_mixin.py:190} INFO - [2026-05-07T18:17:23.826+0000] {dagbag.py:588} INFO - Filling up the DagBag from /opt/airflow/dags/main.py
[2026-05-07T18:17:24.246+0000] {processor.py:925} INFO - DAG(s) 'kafka_to_s3' retrieved from /opt/airflow/dags/main.py
[2026-05-07T18:17:24.287+0000] {logging_mixin.py:190} INFO - [2026-05-07T18:17:24.287+0000] {dag.py:3239} INFO - Sync 1 DAGs
[2026-05-07T18:17:24.311+0000] {logging_mixin.py:190} INFO - [2026-05-07T18:17:24.310+0000] {dag.py:4180} INFO - Setting next_dagrun for kafka_to_s3 to 2026-05-07 00:00:00+00:00, run_after=2026-05-08 00:00:00+00:00
[2026-05-07T18:17:24.334+0000] {processor.py:208} INFO - Processing /opt/airflow/dags/main.py took 0.533 seconds
[2026-05-07T18:17:54.595+0000] {processor.py:186} INFO - Started process (PID=858) to work on /opt/airflow/dags/main.py
[2026-05-07T18:17:54.597+0000] {processor.py:914} INFO - Processing file /opt/airflow/dags/main.py for tasks to queue
[2026-05-07T18:17:54.603+0000] {logging_mixin.py:190} INFO - [2026-05-07T18:17:54.602+0000] {dagbag.py:588} INFO - Filling up the DagBag from /opt/airflow/dags/main.py
[2026-05-07T18:17:54.741+0000] {processor.py:925} INFO - DAG(s) 'kafka_to_s3' retrieved from /opt/airflow/dags/main.py
[2026-05-07T18:17:54.963+0000] {logging_mixin.py:190} INFO - [2026-05-07T18:17:54.963+0000] {dag.py:3239} INFO - Sync 1 DAGs
[2026-05-07T18:17:54.995+0000] {logging_mixin.py:190} INFO - [2026-05-07T18:17:54.995+0000] {dag.py:4180} INFO - Setting next_dagrun for kafka_to_s3 to 2026-05-07 00:00:00+00:00, run_after=2026-05-08 00:00:00+00:00
[2026-05-07T18:17:55.022+0000] {processor.py:208} INFO - Processing /opt/airflow/dags/main.py took 0.437 seconds
[2026-05-07T18:18:25.666+0000] {processor.py:186} INFO - Started process (PID=864) to work on /opt/airflow/dags/main.py
[2026-05-07T18:18:25.668+0000] {processor.py:914} INFO - Processing file /opt/airflow/dags/main.py for tasks to queue
[2026-05-07T18:18:25.675+0000] {logging_mixin.py:190} INFO - [2026-05-07T18:18:25.674+0000] {dagbag.py:588} INFO - Filling up the DagBag from /opt/airflow/dags/main.py
[2026-05-07T18:18:26.067+0000] {processor.py:925} INFO - DAG(s) 'kafka_to_s3' retrieved from /opt/airflow/dags/main.py
[2026-05-07T18:18:26.112+0000] {logging_mixin.py:190} INFO - [2026-05-07T18:18:26.112+0000] {dag.py:3239} INFO - Sync 1 DAGs
[2026-05-07T18:18:26.150+0000] {logging_mixin.py:190} INFO - [2026-05-07T18:18:26.150+0000] {dag.py:4180} INFO - Setting next_dagrun for kafka_to_s3 to 2026-05-07 00:00:00+00:00, run_after=2026-05-08 00:00:00+00:00
[2026-05-07T18:18:26.174+0000] {processor.py:208} INFO - Processing /opt/airflow/dags/main.py took 0.525 seconds
[2026-05-07T18:18:56.568+0000] {processor.py:186} INFO - Started process (PID=871) to work on /opt/airflow/dags/main.py
[2026-05-07T18:18:56.571+0000] {processor.py:914} INFO - Processing file /opt/airflow/dags/main.py for tasks to queue
[2026-05-07T18:18:56.578+0000] {logging_mixin.py:190} INFO - [2026-05-07T18:18:56.577+0000] {dagbag.py:588} INFO - Filling up the DagBag from /opt/airflow/dags/main.py
[2026-05-07T18:18:56.972+0000] {processor.py:925} INFO - DAG(s) 'kafka_to_s3' retrieved from /opt/airflow/dags/main.py
[2026-05-07T18:18:57.011+0000] {logging_mixin.py:190} INFO - [2026-05-07T18:18:57.011+0000] {dag.py:3239} INFO - Sync 1 DAGs
[2026-05-07T18:18:57.059+0000] {logging_mixin.py:190} INFO - [2026-05-07T18:18:57.058+0000] {dag.py:4180} INFO - Setting next_dagrun for kafka_to_s3 to 2026-05-07 00:00:00+00:00, run_after=2026-05-08 00:00:00+00:00
[2026-05-07T18:18:57.102+0000] {processor.py:208} INFO - Processing /opt/airflow/dags/main.py took 0.554 seconds
[2026-05-07T18:19:27.334+0000] {processor.py:186} INFO - Started process (PID=878) to work on /opt/airflow/dags/main.py
[2026-05-07T18:19:27.336+0000] {processor.py:914} INFO - Processing file /opt/airflow/dags/main.py for tasks to queue
[2026-05-07T18:19:27.341+0000] {logging_mixin.py:190} INFO - [2026-05-07T18:19:27.340+0000] {dagbag.py:588} INFO - Filling up the DagBag from /opt/airflow/dags/main.py
[2026-05-07T18:19:27.732+0000] {processor.py:925} INFO - DAG(s) 'kafka_to_s3' retrieved from /opt/airflow/dags/main.py
[2026-05-07T18:19:27.771+0000] {logging_mixin.py:190} INFO - [2026-05-07T18:19:27.770+0000] {dag.py:3239} INFO - Sync 1 DAGs
[2026-05-07T18:19:27.797+0000] {logging_mixin.py:190} INFO - [2026-05-07T18:19:27.797+0000] {dag.py:4180} INFO - Setting next_dagrun for kafka_to_s3 to 2026-05-07 00:00:00+00:00, run_after=2026-05-08 00:00:00+00:00
[2026-05-07T18:19:27.819+0000] {processor.py:208} INFO - Processing /opt/airflow/dags/main.py took 0.494 seconds
[2026-05-07T18:19:58.285+0000] {processor.py:186} INFO - Started process (PID=885) to work on /opt/airflow/dags/main.py
[2026-05-07T18:19:58.288+0000] {processor.py:914} INFO - Processing file /opt/airflow/dags/main.py for tasks to queue
[2026-05-07T18:19:58.292+0000] {logging_mixin.py:190} INFO - [2026-05-07T18:19:58.291+0000] {dagbag.py:588} INFO - Filling up the DagBag from /opt/airflow/dags/main.py
[2026-05-07T18:19:58.669+0000] {processor.py:925} INFO - DAG(s) 'kafka_to_s3' retrieved from /opt/airflow/dags/main.py
[2026-05-07T18:19:58.716+0000] {logging_mixin.py:190} INFO - [2026-05-07T18:19:58.716+0000] {dag.py:3239} INFO - Sync 1 DAGs
[2026-05-07T18:19:58.743+0000] {logging_mixin.py:190} INFO - [2026-05-07T18:19:58.743+0000] {dag.py:4180} INFO - Setting next_dagrun for kafka_to_s3 to 2026-05-07 00:00:00+00:00, run_after=2026-05-08 00:00:00+00:00
[2026-05-07T18:19:58.765+0000] {processor.py:208} INFO - Processing /opt/airflow/dags/main.py took 0.500 seconds
[2026-05-07T18:20:29.014+0000] {processor.py:186} INFO - Started process (PID=891) to work on /opt/airflow/dags/main.py
[2026-05-07T18:20:29.017+0000] {processor.py:914} INFO - Processing file /opt/airflow/dags/main.py for tasks to queue
[2026-05-07T18:20:29.022+0000] {logging_mixin.py:190} INFO - [2026-05-07T18:20:29.022+0000] {dagbag.py:588} INFO - Filling up the DagBag from /opt/airflow/dags/main.py
[2026-05-07T18:20:29.366+0000] {processor.py:925} INFO - DAG(s) 'kafka_to_s3' retrieved from /opt/airflow/dags/main.py
[2026-05-07T18:20:29.398+0000] {logging_mixin.py:190} INFO - [2026-05-07T18:20:29.398+0000] {dag.py:3239} INFO - Sync 1 DAGs
[2026-05-07T18:20:29.428+0000] {logging_mixin.py:190} INFO - [2026-05-07T18:20:29.428+0000] {dag.py:4180} INFO - Setting next_dagrun for kafka_to_s3 to 2026-05-07 00:00:00+00:00, run_after=2026-05-08 00:00:00+00:00
[2026-05-07T18:20:29.458+0000] {processor.py:208} INFO - Processing /opt/airflow/dags/main.py took 0.460 seconds
[2026-05-07T18:20:59.591+0000] {processor.py:186} INFO - Started process (PID=898) to work on /opt/airflow/dags/main.py
[2026-05-07T18:20:59.592+0000] {processor.py:914} INFO - Processing file /opt/airflow/dags/main.py for tasks to queue
[2026-05-07T18:20:59.598+0000] {logging_mixin.py:190} INFO - [2026-05-07T18:20:59.597+0000] {dagbag.py:588} INFO - Filling up the DagBag from /opt/airflow/dags/main.py
[2026-05-07T18:20:59.895+0000] {processor.py:925} INFO - DAG(s) 'kafka_to_s3' retrieved from /opt/airflow/dags/main.py
[2026-05-07T18:20:59.930+0000] {logging_mixin.py:190} INFO - [2026-05-07T18:20:59.929+0000] {dag.py:3239} INFO - Sync 1 DAGs
[2026-05-07T18:20:59.966+0000] {logging_mixin.py:190} INFO - [2026-05-07T18:20:59.966+0000] {dag.py:4180} INFO - Setting next_dagrun for kafka_to_s3 to 2026-05-07 00:00:00+00:00, run_after=2026-05-08 00:00:00+00:00
[2026-05-07T18:20:59.997+0000] {processor.py:208} INFO - Processing /opt/airflow/dags/main.py took 0.415 seconds
[2026-05-07T18:21:30.555+0000] {processor.py:186} INFO - Started process (PID=905) to work on /opt/airflow/dags/main.py
[2026-05-07T18:21:30.556+0000] {processor.py:914} INFO - Processing file /opt/airflow/dags/main.py for tasks to queue
[2026-05-07T18:21:30.559+0000] {logging_mixin.py:190} INFO - [2026-05-07T18:21:30.559+0000] {dagbag.py:588} INFO - Filling up the DagBag from /opt/airflow/dags/main.py
[2026-05-07T18:21:30.879+0000] {processor.py:925} INFO - DAG(s) 'kafka_to_s3' retrieved from /opt/airflow/dags/main.py
[2026-05-07T18:21:30.932+0000] {logging_mixin.py:190} INFO - [2026-05-07T18:21:30.931+0000] {dag.py:3239} INFO - Sync 1 DAGs
[2026-05-07T18:21:30.979+0000] {logging_mixin.py:190} INFO - [2026-05-07T18:21:30.979+0000] {dag.py:4180} INFO - Setting next_dagrun for kafka_to_s3 to 2026-05-07 00:00:00+00:00, run_after=2026-05-08 00:00:00+00:00
[2026-05-07T18:21:31.022+0000] {processor.py:208} INFO - Processing /opt/airflow/dags/main.py took 0.474 seconds
[2026-05-07T18:22:01.600+0000] {processor.py:186} INFO - Started process (PID=912) to work on /opt/airflow/dags/main.py
[2026-05-07T18:22:01.602+0000] {processor.py:914} INFO - Processing file /opt/airflow/dags/main.py for tasks to queue
[2026-05-07T18:22:01.607+0000] {logging_mixin.py:190} INFO - [2026-05-07T18:22:01.607+0000] {dagbag.py:588} INFO - Filling up the DagBag from /opt/airflow/dags/main.py
[2026-05-07T18:22:01.973+0000] {processor.py:925} INFO - DAG(s) 'kafka_to_s3' retrieved from /opt/airflow/dags/main.py
[2026-05-07T18:22:02.005+0000] {logging_mixin.py:190} INFO - [2026-05-07T18:22:02.005+0000] {dag.py:3239} INFO - Sync 1 DAGs
[2026-05-07T18:22:02.030+0000] {logging_mixin.py:190} INFO - [2026-05-07T18:22:02.030+0000] {dag.py:4180} INFO - Setting next_dagrun for kafka_to_s3 to 2026-05-07 00:00:00+00:00, run_after=2026-05-08 00:00:00+00:00
[2026-05-07T18:22:02.052+0000] {processor.py:208} INFO - Processing /opt/airflow/dags/main.py took 0.465 seconds
[2026-05-07T18:22:32.474+0000] {processor.py:186} INFO - Started process (PID=919) to work on /opt/airflow/dags/main.py
[2026-05-07T18:22:32.475+0000] {processor.py:914} INFO - Processing file /opt/airflow/dags/main.py for tasks to queue
[2026-05-07T18:22:32.478+0000] {logging_mixin.py:190} INFO - [2026-05-07T18:22:32.478+0000] {dagbag.py:588} INFO - Filling up the DagBag from /opt/airflow/dags/main.py
[2026-05-07T18:22:32.826+0000] {processor.py:925} INFO - DAG(s) 'kafka_to_s3' retrieved from /opt/airflow/dags/main.py
[2026-05-07T18:22:32.857+0000] {logging_mixin.py:190} INFO - [2026-05-07T18:22:32.856+0000] {dag.py:3239} INFO - Sync 1 DAGs
[2026-05-07T18:22:32.883+0000] {logging_mixin.py:190} INFO - [2026-05-07T18:22:32.883+0000] {dag.py:4180} INFO - Setting next_dagrun for kafka_to_s3 to 2026-05-07 00:00:00+00:00, run_after=2026-05-08 00:00:00+00:00
[2026-05-07T18:22:32.904+0000] {processor.py:208} INFO - Processing /opt/airflow/dags/main.py took 0.437 seconds
[2026-05-07T18:23:02.978+0000] {processor.py:186} INFO - Started process (PID=926) to work on /opt/airflow/dags/main.py
[2026-05-07T18:23:02.980+0000] {processor.py:914} INFO - Processing file /opt/airflow/dags/main.py for tasks to queue
[2026-05-07T18:23:02.983+0000] {logging_mixin.py:190} INFO - [2026-05-07T18:23:02.983+0000] {dagbag.py:588} INFO - Filling up the DagBag from /opt/airflow/dags/main.py
[2026-05-07T18:23:03.323+0000] {processor.py:925} INFO - DAG(s) 'kafka_to_s3' retrieved from /opt/airflow/dags/main.py
[2026-05-07T18:23:03.372+0000] {logging_mixin.py:190} INFO - [2026-05-07T18:23:03.372+0000] {dag.py:3239} INFO - Sync 1 DAGs
[2026-05-07T18:23:03.409+0000] {logging_mixin.py:190} INFO - [2026-05-07T18:23:03.409+0000] {dag.py:4180} INFO - Setting next_dagrun for kafka_to_s3 to 2026-05-07 00:00:00+00:00, run_after=2026-05-08 00:00:00+00:00
[2026-05-07T18:23:03.434+0000] {processor.py:208} INFO - Processing /opt/airflow/dags/main.py took 0.463 seconds
[2026-05-07T18:23:34.001+0000] {processor.py:186} INFO - Started process (PID=932) to work on /opt/airflow/dags/main.py
[2026-05-07T18:23:34.003+0000] {processor.py:914} INFO - Processing file /opt/airflow/dags/main.py for tasks to queue
[2026-05-07T18:23:34.006+0000] {logging_mixin.py:190} INFO - [2026-05-07T18:23:34.005+0000] {dagbag.py:588} INFO - Filling up the DagBag from /opt/airflow/dags/main.py
[2026-05-07T18:23:34.350+0000] {processor.py:925} INFO - DAG(s) 'kafka_to_s3' retrieved from /opt/airflow/dags/main.py
[2026-05-07T18:23:34.383+0000] {logging_mixin.py:190} INFO - [2026-05-07T18:23:34.383+0000] {dag.py:3239} INFO - Sync 1 DAGs
[2026-05-07T18:23:34.411+0000] {logging_mixin.py:190} INFO - [2026-05-07T18:23:34.411+0000] {dag.py:4180} INFO - Setting next_dagrun for kafka_to_s3 to 2026-05-07 00:00:00+00:00, run_after=2026-05-08 00:00:00+00:00
[2026-05-07T18:23:34.437+0000] {processor.py:208} INFO - Processing /opt/airflow/dags/main.py took 0.444 seconds
[2026-05-07T18:24:04.966+0000] {processor.py:186} INFO - Started process (PID=939) to work on /opt/airflow/dags/main.py
[2026-05-07T18:24:04.968+0000] {processor.py:914} INFO - Processing file /opt/airflow/dags/main.py for tasks to queue
[2026-05-07T18:24:04.973+0000] {logging_mixin.py:190} INFO - [2026-05-07T18:24:04.972+0000] {dagbag.py:588} INFO - Filling up the DagBag from /opt/airflow/dags/main.py
[2026-05-07T18:24:05.347+0000] {processor.py:925} INFO - DAG(s) 'kafka_to_s3' retrieved from /opt/airflow/dags/main.py
[2026-05-07T18:24:05.396+0000] {logging_mixin.py:190} INFO - [2026-05-07T18:24:05.396+0000] {dag.py:3239} INFO - Sync 1 DAGs
[2026-05-07T18:24:05.444+0000] {logging_mixin.py:190} INFO - [2026-05-07T18:24:05.444+0000] {dag.py:4180} INFO - Setting next_dagrun for kafka_to_s3 to 2026-05-07 00:00:00+00:00, run_after=2026-05-08 00:00:00+00:00
[2026-05-07T18:24:05.480+0000] {processor.py:208} INFO - Processing /opt/airflow/dags/main.py took 0.524 seconds
[2026-05-07T18:24:36.022+0000] {processor.py:186} INFO - Started process (PID=946) to work on /opt/airflow/dags/main.py
[2026-05-07T18:24:36.023+0000] {processor.py:914} INFO - Processing file /opt/airflow/dags/main.py for tasks to queue
[2026-05-07T18:24:36.028+0000] {logging_mixin.py:190} INFO - [2026-05-07T18:24:36.027+0000] {dagbag.py:588} INFO - Filling up the DagBag from /opt/airflow/dags/main.py
[2026-05-07T18:24:36.428+0000] {processor.py:925} INFO - DAG(s) 'kafka_to_s3' retrieved from /opt/airflow/dags/main.py
[2026-05-07T18:24:36.462+0000] {logging_mixin.py:190} INFO - [2026-05-07T18:24:36.462+0000] {dag.py:3239} INFO - Sync 1 DAGs
[2026-05-07T18:24:36.499+0000] {logging_mixin.py:190} INFO - [2026-05-07T18:24:36.499+0000] {dag.py:4180} INFO - Setting next_dagrun for kafka_to_s3 to 2026-05-07 00:00:00+00:00, run_after=2026-05-08 00:00:00+00:00
[2026-05-07T18:24:36.544+0000] {processor.py:208} INFO - Processing /opt/airflow/dags/main.py took 0.533 seconds
[2026-05-07T18:25:07.223+0000] {processor.py:186} INFO - Started process (PID=953) to work on /opt/airflow/dags/main.py
[2026-05-07T18:25:07.226+0000] {processor.py:914} INFO - Processing file /opt/airflow/dags/main.py for tasks to queue
[2026-05-07T18:25:07.234+0000] {logging_mixin.py:190} INFO - [2026-05-07T18:25:07.234+0000] {dagbag.py:588} INFO - Filling up the DagBag from /opt/airflow/dags/main.py
[2026-05-07T18:25:07.646+0000] {processor.py:925} INFO - DAG(s) 'kafka_to_s3' retrieved from /opt/airflow/dags/main.py
[2026-05-07T18:25:07.686+0000] {logging_mixin.py:190} INFO - [2026-05-07T18:25:07.685+0000] {dag.py:3239} INFO - Sync 1 DAGs
[2026-05-07T18:25:07.720+0000] {logging_mixin.py:190} INFO - [2026-05-07T18:25:07.720+0000] {dag.py:4180} INFO - Setting next_dagrun for kafka_to_s3 to 2026-05-07 00:00:00+00:00, run_after=2026-05-08 00:00:00+00:00
[2026-05-07T18:25:07.748+0000] {processor.py:208} INFO - Processing /opt/airflow/dags/main.py took 0.543 seconds
[2026-05-07T18:25:38.346+0000] {processor.py:186} INFO - Started process (PID=960) to work on /opt/airflow/dags/main.py
[2026-05-07T18:25:38.348+0000] {processor.py:914} INFO - Processing file /opt/airflow/dags/main.py for tasks to queue
[2026-05-07T18:25:38.352+0000] {logging_mixin.py:190} INFO - [2026-05-07T18:25:38.351+0000] {dagbag.py:588} INFO - Filling up the DagBag from /opt/airflow/dags/main.py
[2026-05-07T18:25:38.755+0000] {processor.py:925} INFO - DAG(s) 'kafka_to_s3' retrieved from /opt/airflow/dags/main.py
[2026-05-07T18:25:38.798+0000] {logging_mixin.py:190} INFO - [2026-05-07T18:25:38.797+0000] {dag.py:3239} INFO - Sync 1 DAGs
[2026-05-07T18:25:38.823+0000] {logging_mixin.py:190} INFO - [2026-05-07T18:25:38.823+0000] {dag.py:4180} INFO - Setting next_dagrun for kafka_to_s3 to 2026-05-07 00:00:00+00:00, run_after=2026-05-08 00:00:00+00:00
[2026-05-07T18:25:38.846+0000] {processor.py:208} INFO - Processing /opt/airflow/dags/main.py took 0.517 seconds
[2026-05-07T18:26:09.093+0000] {processor.py:186} INFO - Started process (PID=967) to work on /opt/airflow/dags/main.py
[2026-05-07T18:26:09.095+0000] {processor.py:914} INFO - Processing file /opt/airflow/dags/main.py for tasks to queue
[2026-05-07T18:26:09.100+0000] {logging_mixin.py:190} INFO - [2026-05-07T18:26:09.099+0000] {dagbag.py:588} INFO - Filling up the DagBag from /opt/airflow/dags/main.py
[2026-05-07T18:26:09.513+0000] {processor.py:925} INFO - DAG(s) 'kafka_to_s3' retrieved from /opt/airflow/dags/main.py
[2026-05-07T18:26:09.547+0000] {logging_mixin.py:190} INFO - [2026-05-07T18:26:09.546+0000] {dag.py:3239} INFO - Sync 1 DAGs
[2026-05-07T18:26:09.575+0000] {logging_mixin.py:190} INFO - [2026-05-07T18:26:09.575+0000] {dag.py:4180} INFO - Setting next_dagrun for kafka_to_s3 to 2026-05-07 00:00:00+00:00, run_after=2026-05-08 00:00:00+00:00
[2026-05-07T18:26:09.600+0000] {processor.py:208} INFO - Processing /opt/airflow/dags/main.py took 0.524 seconds
[2026-05-07T18:26:39.794+0000] {processor.py:186} INFO - Started process (PID=974) to work on /opt/airflow/dags/main.py
[2026-05-07T18:26:39.796+0000] {processor.py:914} INFO - Processing file /opt/airflow/dags/main.py for tasks to queue
[2026-05-07T18:26:39.800+0000] {logging_mixin.py:190} INFO - [2026-05-07T18:26:39.800+0000] {dagbag.py:588} INFO - Filling up the DagBag from /opt/airflow/dags/main.py
[2026-05-07T18:26:39.935+0000] {processor.py:925} INFO - DAG(s) 'kafka_to_s3' retrieved from /opt/airflow/dags/main.py
[2026-05-07T18:26:40.143+0000] {logging_mixin.py:190} INFO - [2026-05-07T18:26:40.142+0000] {dag.py:3239} INFO - Sync 1 DAGs
[2026-05-07T18:26:40.172+0000] {logging_mixin.py:190} INFO - [2026-05-07T18:26:40.171+0000] {dag.py:4180} INFO - Setting next_dagrun for kafka_to_s3 to 2026-05-07 00:00:00+00:00, run_after=2026-05-08 00:00:00+00:00
[2026-05-07T18:26:40.208+0000] {processor.py:208} INFO - Processing /opt/airflow/dags/main.py took 0.435 seconds
[2026-05-07T18:27:10.724+0000] {processor.py:186} INFO - Started process (PID=981) to work on /opt/airflow/dags/main.py
[2026-05-07T18:27:10.725+0000] {processor.py:914} INFO - Processing file /opt/airflow/dags/main.py for tasks to queue
[2026-05-07T18:27:10.732+0000] {logging_mixin.py:190} INFO - [2026-05-07T18:27:10.731+0000] {dagbag.py:588} INFO - Filling up the DagBag from /opt/airflow/dags/main.py
[2026-05-07T18:27:11.071+0000] {processor.py:925} INFO - DAG(s) 'kafka_to_s3' retrieved from /opt/airflow/dags/main.py
[2026-05-07T18:27:11.120+0000] {logging_mixin.py:190} INFO - [2026-05-07T18:27:11.119+0000] {dag.py:3239} INFO - Sync 1 DAGs
[2026-05-07T18:27:11.166+0000] {logging_mixin.py:190} INFO - [2026-05-07T18:27:11.166+0000] {dag.py:4180} INFO - Setting next_dagrun for kafka_to_s3 to 2026-05-07 00:00:00+00:00, run_after=2026-05-08 00:00:00+00:00
[2026-05-07T18:27:11.207+0000] {processor.py:208} INFO - Processing /opt/airflow/dags/main.py took 0.497 seconds
[2026-05-07T18:27:41.672+0000] {processor.py:186} INFO - Started process (PID=988) to work on /opt/airflow/dags/main.py
[2026-05-07T18:27:41.674+0000] {processor.py:914} INFO - Processing file /opt/airflow/dags/main.py for tasks to queue
[2026-05-07T18:27:41.677+0000] {logging_mixin.py:190} INFO - [2026-05-07T18:27:41.677+0000] {dagbag.py:588} INFO - Filling up the DagBag from /opt/airflow/dags/main.py
[2026-05-07T18:27:42.022+0000] {processor.py:925} INFO - DAG(s) 'kafka_to_s3' retrieved from /opt/airflow/dags/main.py
[2026-05-07T18:27:42.069+0000] {logging_mixin.py:190} INFO - [2026-05-07T18:27:42.069+0000] {dag.py:3239} INFO - Sync 1 DAGs
[2026-05-07T18:27:42.103+0000] {logging_mixin.py:190} INFO - [2026-05-07T18:27:42.102+0000] {dag.py:4180} INFO - Setting next_dagrun for kafka_to_s3 to 2026-05-07 00:00:00+00:00, run_after=2026-05-08 00:00:00+00:00
[2026-05-07T18:27:42.133+0000] {processor.py:208} INFO - Processing /opt/airflow/dags/main.py took 0.468 seconds
[2026-05-07T18:28:12.683+0000] {processor.py:186} INFO - Started process (PID=995) to work on /opt/airflow/dags/main.py
[2026-05-07T18:28:12.685+0000] {processor.py:914} INFO - Processing file /opt/airflow/dags/main.py for tasks to queue
[2026-05-07T18:28:12.692+0000] {logging_mixin.py:190} INFO - [2026-05-07T18:28:12.691+0000] {dagbag.py:588} INFO - Filling up the DagBag from /opt/airflow/dags/main.py
[2026-05-07T18:28:13.112+0000] {processor.py:925} INFO - DAG(s) 'kafka_to_s3' retrieved from /opt/airflow/dags/main.py
[2026-05-07T18:28:13.163+0000] {logging_mixin.py:190} INFO - [2026-05-07T18:28:13.162+0000] {dag.py:3239} INFO - Sync 1 DAGs
[2026-05-07T18:28:13.209+0000] {logging_mixin.py:190} INFO - [2026-05-07T18:28:13.208+0000] {dag.py:4180} INFO - Setting next_dagrun for kafka_to_s3 to 2026-05-07 00:00:00+00:00, run_after=2026-05-08 00:00:00+00:00
[2026-05-07T18:28:13.251+0000] {processor.py:208} INFO - Processing /opt/airflow/dags/main.py took 0.583 seconds
[2026-05-07T18:28:43.720+0000] {processor.py:186} INFO - Started process (PID=1002) to work on /opt/airflow/dags/main.py
[2026-05-07T18:28:43.723+0000] {processor.py:914} INFO - Processing file /opt/airflow/dags/main.py for tasks to queue
[2026-05-07T18:28:43.729+0000] {logging_mixin.py:190} INFO - [2026-05-07T18:28:43.728+0000] {dagbag.py:588} INFO - Filling up the DagBag from /opt/airflow/dags/main.py
[2026-05-07T18:28:44.135+0000] {processor.py:925} INFO - DAG(s) 'kafka_to_s3' retrieved from /opt/airflow/dags/main.py
[2026-05-07T18:28:44.181+0000] {logging_mixin.py:190} INFO - [2026-05-07T18:28:44.181+0000] {dag.py:3239} INFO - Sync 1 DAGs
[2026-05-07T18:28:44.223+0000] {logging_mixin.py:190} INFO - [2026-05-07T18:28:44.223+0000] {dag.py:4180} INFO - Setting next_dagrun for kafka_to_s3 to 2026-05-07 00:00:00+00:00, run_after=2026-05-08 00:00:00+00:00
[2026-05-07T18:28:44.265+0000] {processor.py:208} INFO - Processing /opt/airflow/dags/main.py took 0.561 seconds
[2026-05-07T18:29:14.867+0000] {processor.py:186} INFO - Started process (PID=1009) to work on /opt/airflow/dags/main.py
[2026-05-07T18:29:14.870+0000] {processor.py:914} INFO - Processing file /opt/airflow/dags/main.py for tasks to queue
[2026-05-07T18:29:14.876+0000] {logging_mixin.py:190} INFO - [2026-05-07T18:29:14.875+0000] {dagbag.py:588} INFO - Filling up the DagBag from /opt/airflow/dags/main.py
[2026-05-07T18:29:15.245+0000] {processor.py:925} INFO - DAG(s) 'kafka_to_s3' retrieved from /opt/airflow/dags/main.py
[2026-05-07T18:29:15.274+0000] {logging_mixin.py:190} INFO - [2026-05-07T18:29:15.273+0000] {dag.py:3239} INFO - Sync 1 DAGs
[2026-05-07T18:29:15.298+0000] {logging_mixin.py:190} INFO - [2026-05-07T18:29:15.298+0000] {dag.py:4180} INFO - Setting next_dagrun for kafka_to_s3 to 2026-05-07 00:00:00+00:00, run_after=2026-05-08 00:00:00+00:00
[2026-05-07T18:29:15.322+0000] {processor.py:208} INFO - Processing /opt/airflow/dags/main.py took 0.469 seconds
[2026-05-07T18:29:45.937+0000] {processor.py:186} INFO - Started process (PID=1016) to work on /opt/airflow/dags/main.py
[2026-05-07T18:29:45.940+0000] {processor.py:914} INFO - Processing file /opt/airflow/dags/main.py for tasks to queue
[2026-05-07T18:29:45.946+0000] {logging_mixin.py:190} INFO - [2026-05-07T18:29:45.946+0000] {dagbag.py:588} INFO - Filling up the DagBag from /opt/airflow/dags/main.py
[2026-05-07T18:29:46.346+0000] {processor.py:925} INFO - DAG(s) 'kafka_to_s3' retrieved from /opt/airflow/dags/main.py
[2026-05-07T18:29:46.393+0000] {logging_mixin.py:190} INFO - [2026-05-07T18:29:46.393+0000] {dag.py:3239} INFO - Sync 1 DAGs
[2026-05-07T18:29:46.430+0000] {logging_mixin.py:190} INFO - [2026-05-07T18:29:46.430+0000] {dag.py:4180} INFO - Setting next_dagrun for kafka_to_s3 to 2026-05-07 00:00:00+00:00, run_after=2026-05-08 00:00:00+00:00
[2026-05-07T18:29:46.459+0000] {processor.py:208} INFO - Processing /opt/airflow/dags/main.py took 0.543 seconds
[2026-05-07T18:30:16.949+0000] {processor.py:186} INFO - Started process (PID=1023) to work on /opt/airflow/dags/main.py
[2026-05-07T18:30:16.951+0000] {processor.py:914} INFO - Processing file /opt/airflow/dags/main.py for tasks to queue
[2026-05-07T18:30:16.957+0000] {logging_mixin.py:190} INFO - [2026-05-07T18:30:16.957+0000] {dagbag.py:588} INFO - Filling up the DagBag from /opt/airflow/dags/main.py
[2026-05-07T18:30:17.294+0000] {processor.py:925} INFO - DAG(s) 'kafka_to_s3' retrieved from /opt/airflow/dags/main.py
[2026-05-07T18:30:17.318+0000] {logging_mixin.py:190} INFO - [2026-05-07T18:30:17.318+0000] {dag.py:3239} INFO - Sync 1 DAGs
[2026-05-07T18:30:17.342+0000] {logging_mixin.py:190} INFO - [2026-05-07T18:30:17.341+0000] {dag.py:4180} INFO - Setting next_dagrun for kafka_to_s3 to 2026-05-07 00:00:00+00:00, run_after=2026-05-08 00:00:00+00:00
[2026-05-07T18:30:17.368+0000] {processor.py:208} INFO - Processing /opt/airflow/dags/main.py took 0.432 seconds
[2026-05-07T18:30:48.008+0000] {processor.py:186} INFO - Started process (PID=1030) to work on /opt/airflow/dags/main.py
[2026-05-07T18:30:48.010+0000] {processor.py:914} INFO - Processing file /opt/airflow/dags/main.py for tasks to queue
[2026-05-07T18:30:48.014+0000] {logging_mixin.py:190} INFO - [2026-05-07T18:30:48.014+0000] {dagbag.py:588} INFO - Filling up the DagBag from /opt/airflow/dags/main.py
[2026-05-07T18:30:48.381+0000] {processor.py:925} INFO - DAG(s) 'kafka_to_s3' retrieved from /opt/airflow/dags/main.py
[2026-05-07T18:30:48.417+0000] {logging_mixin.py:190} INFO - [2026-05-07T18:30:48.417+0000] {dag.py:3239} INFO - Sync 1 DAGs
[2026-05-07T18:30:48.448+0000] {logging_mixin.py:190} INFO - [2026-05-07T18:30:48.448+0000] {dag.py:4180} INFO - Setting next_dagrun for kafka_to_s3 to 2026-05-07 00:00:00+00:00, run_after=2026-05-08 00:00:00+00:00
[2026-05-07T18:30:48.471+0000] {processor.py:208} INFO - Processing /opt/airflow/dags/main.py took 0.472 seconds
[2026-05-07T18:31:18.806+0000] {processor.py:186} INFO - Started process (PID=1043) to work on /opt/airflow/dags/main.py
[2026-05-07T18:31:18.809+0000] {processor.py:914} INFO - Processing file /opt/airflow/dags/main.py for tasks to queue
[2026-05-07T18:31:18.814+0000] {logging_mixin.py:190} INFO - [2026-05-07T18:31:18.813+0000] {dagbag.py:588} INFO - Filling up the DagBag from /opt/airflow/dags/main.py
[2026-05-07T18:31:19.192+0000] {processor.py:925} INFO - DAG(s) 'kafka_to_s3' retrieved from /opt/airflow/dags/main.py
[2026-05-07T18:31:19.242+0000] {logging_mixin.py:190} INFO - [2026-05-07T18:31:19.242+0000] {dag.py:3239} INFO - Sync 1 DAGs
[2026-05-07T18:31:19.284+0000] {logging_mixin.py:190} INFO - [2026-05-07T18:31:19.284+0000] {dag.py:4180} INFO - Setting next_dagrun for kafka_to_s3 to 2026-05-07 00:00:00+00:00, run_after=2026-05-08 00:00:00+00:00
[2026-05-07T18:31:19.310+0000] {processor.py:208} INFO - Processing /opt/airflow/dags/main.py took 0.532 seconds
[2026-05-07T18:31:49.701+0000] {processor.py:186} INFO - Started process (PID=1051) to work on /opt/airflow/dags/main.py
[2026-05-07T18:31:49.706+0000] {processor.py:914} INFO - Processing file /opt/airflow/dags/main.py for tasks to queue
[2026-05-07T18:31:49.713+0000] {logging_mixin.py:190} INFO - [2026-05-07T18:31:49.712+0000] {dagbag.py:588} INFO - Filling up the DagBag from /opt/airflow/dags/main.py
[2026-05-07T18:31:50.099+0000] {processor.py:925} INFO - DAG(s) 'kafka_to_s3' retrieved from /opt/airflow/dags/main.py
[2026-05-07T18:31:50.127+0000] {logging_mixin.py:190} INFO - [2026-05-07T18:31:50.126+0000] {dag.py:3239} INFO - Sync 1 DAGs
[2026-05-07T18:31:50.155+0000] {logging_mixin.py:190} INFO - [2026-05-07T18:31:50.155+0000] {dag.py:4180} INFO - Setting next_dagrun for kafka_to_s3 to 2026-05-07 00:00:00+00:00, run_after=2026-05-08 00:00:00+00:00
[2026-05-07T18:31:50.182+0000] {processor.py:208} INFO - Processing /opt/airflow/dags/main.py took 0.512 seconds
[2026-05-07T18:32:20.321+0000] {processor.py:186} INFO - Started process (PID=1058) to work on /opt/airflow/dags/main.py
[2026-05-07T18:32:20.323+0000] {processor.py:914} INFO - Processing file /opt/airflow/dags/main.py for tasks to queue
[2026-05-07T18:32:20.330+0000] {logging_mixin.py:190} INFO - [2026-05-07T18:32:20.329+0000] {dagbag.py:588} INFO - Filling up the DagBag from /opt/airflow/dags/main.py
[2026-05-07T18:32:20.680+0000] {processor.py:925} INFO - DAG(s) 'kafka_to_s3' retrieved from /opt/airflow/dags/main.py
[2026-05-07T18:32:20.711+0000] {logging_mixin.py:190} INFO - [2026-05-07T18:32:20.710+0000] {dag.py:3239} INFO - Sync 1 DAGs
[2026-05-07T18:32:20.736+0000] {logging_mixin.py:190} INFO - [2026-05-07T18:32:20.735+0000] {dag.py:4180} INFO - Setting next_dagrun for kafka_to_s3 to 2026-05-07 00:00:00+00:00, run_after=2026-05-08 00:00:00+00:00
[2026-05-07T18:32:20.758+0000] {processor.py:208} INFO - Processing /opt/airflow/dags/main.py took 0.458 seconds
[2026-05-07T18:32:51.287+0000] {processor.py:186} INFO - Started process (PID=1065) to work on /opt/airflow/dags/main.py
[2026-05-07T18:32:51.289+0000] {processor.py:914} INFO - Processing file /opt/airflow/dags/main.py for tasks to queue
[2026-05-07T18:32:51.292+0000] {logging_mixin.py:190} INFO - [2026-05-07T18:32:51.292+0000] {dagbag.py:588} INFO - Filling up the DagBag from /opt/airflow/dags/main.py
[2026-05-07T18:32:51.674+0000] {processor.py:925} INFO - DAG(s) 'kafka_to_s3' retrieved from /opt/airflow/dags/main.py
[2026-05-07T18:32:51.709+0000] {logging_mixin.py:190} INFO - [2026-05-07T18:32:51.709+0000] {dag.py:3239} INFO - Sync 1 DAGs
[2026-05-07T18:32:51.747+0000] {logging_mixin.py:190} INFO - [2026-05-07T18:32:51.747+0000] {dag.py:4180} INFO - Setting next_dagrun for kafka_to_s3 to 2026-05-07 00:00:00+00:00, run_after=2026-05-08 00:00:00+00:00
[2026-05-07T18:32:51.776+0000] {processor.py:208} INFO - Processing /opt/airflow/dags/main.py took 0.496 seconds
[2026-05-07T18:33:22.342+0000] {processor.py:186} INFO - Started process (PID=1072) to work on /opt/airflow/dags/main.py
[2026-05-07T18:33:22.344+0000] {processor.py:914} INFO - Processing file /opt/airflow/dags/main.py for tasks to queue
[2026-05-07T18:33:22.351+0000] {logging_mixin.py:190} INFO - [2026-05-07T18:33:22.350+0000] {dagbag.py:588} INFO - Filling up the DagBag from /opt/airflow/dags/main.py
[2026-05-07T18:33:22.780+0000] {processor.py:925} INFO - DAG(s) 'kafka_to_s3' retrieved from /opt/airflow/dags/main.py
[2026-05-07T18:33:22.816+0000] {logging_mixin.py:190} INFO - [2026-05-07T18:33:22.815+0000] {dag.py:3239} INFO - Sync 1 DAGs
[2026-05-07T18:33:22.851+0000] {logging_mixin.py:190} INFO - [2026-05-07T18:33:22.851+0000] {dag.py:4180} INFO - Setting next_dagrun for kafka_to_s3 to 2026-05-07 00:00:00+00:00, run_after=2026-05-08 00:00:00+00:00
[2026-05-07T18:33:22.886+0000] {processor.py:208} INFO - Processing /opt/airflow/dags/main.py took 0.561 seconds
[2026-05-07T18:33:53.309+0000] {processor.py:186} INFO - Started process (PID=1079) to work on /opt/airflow/dags/main.py
[2026-05-07T18:33:53.311+0000] {processor.py:914} INFO - Processing file /opt/airflow/dags/main.py for tasks to queue
[2026-05-07T18:33:53.317+0000] {logging_mixin.py:190} INFO - [2026-05-07T18:33:53.316+0000] {dagbag.py:588} INFO - Filling up the DagBag from /opt/airflow/dags/main.py
[2026-05-07T18:33:53.709+0000] {processor.py:925} INFO - DAG(s) 'kafka_to_s3' retrieved from /opt/airflow/dags/main.py
[2026-05-07T18:33:53.745+0000] {logging_mixin.py:190} INFO - [2026-05-07T18:33:53.744+0000] {dag.py:3239} INFO - Sync 1 DAGs
[2026-05-07T18:33:53.775+0000] {logging_mixin.py:190} INFO - [2026-05-07T18:33:53.775+0000] {dag.py:4180} INFO - Setting next_dagrun for kafka_to_s3 to 2026-05-07 00:00:00+00:00, run_after=2026-05-08 00:00:00+00:00
[2026-05-07T18:33:53.799+0000] {processor.py:208} INFO - Processing /opt/airflow/dags/main.py took 0.509 seconds
[2026-05-07T18:34:24.434+0000] {processor.py:186} INFO - Started process (PID=1087) to work on /opt/airflow/dags/main.py
[2026-05-07T18:34:24.436+0000] {processor.py:914} INFO - Processing file /opt/airflow/dags/main.py for tasks to queue
[2026-05-07T18:34:24.444+0000] {logging_mixin.py:190} INFO - [2026-05-07T18:34:24.443+0000] {dagbag.py:588} INFO - Filling up the DagBag from /opt/airflow/dags/main.py
[2026-05-07T18:34:24.870+0000] {processor.py:925} INFO - DAG(s) 'kafka_to_s3' retrieved from /opt/airflow/dags/main.py
[2026-05-07T18:34:24.925+0000] {logging_mixin.py:190} INFO - [2026-05-07T18:34:24.925+0000] {dag.py:3239} INFO - Sync 1 DAGs
[2026-05-07T18:34:24.971+0000] {logging_mixin.py:190} INFO - [2026-05-07T18:34:24.971+0000] {dag.py:4180} INFO - Setting next_dagrun for kafka_to_s3 to 2026-05-07 00:00:00+00:00, run_after=2026-05-08 00:00:00+00:00
[2026-05-07T18:34:24.999+0000] {processor.py:208} INFO - Processing /opt/airflow/dags/main.py took 0.587 seconds
[2026-05-07T18:34:55.443+0000] {processor.py:186} INFO - Started process (PID=1094) to work on /opt/airflow/dags/main.py
[2026-05-07T18:34:55.445+0000] {processor.py:914} INFO - Processing file /opt/airflow/dags/main.py for tasks to queue
[2026-05-07T18:34:55.455+0000] {logging_mixin.py:190} INFO - [2026-05-07T18:34:55.454+0000] {dagbag.py:588} INFO - Filling up the DagBag from /opt/airflow/dags/main.py
[2026-05-07T18:34:56.101+0000] {processor.py:925} INFO - DAG(s) 'kafka_to_s3' retrieved from /opt/airflow/dags/main.py
[2026-05-07T18:34:56.126+0000] {logging_mixin.py:190} INFO - [2026-05-07T18:34:56.126+0000] {dag.py:3239} INFO - Sync 1 DAGs
[2026-05-07T18:34:56.157+0000] {logging_mixin.py:190} INFO - [2026-05-07T18:34:56.157+0000] {dag.py:4180} INFO - Setting next_dagrun for kafka_to_s3 to 2026-05-07 00:00:00+00:00, run_after=2026-05-08 00:00:00+00:00
[2026-05-07T18:34:56.191+0000] {processor.py:208} INFO - Processing /opt/airflow/dags/main.py took 0.802 seconds
[2026-05-07T19:07:56.129+0000] {processor.py:186} INFO - Started process (PID=1095) to work on /opt/airflow/dags/main.py
[2026-05-07T19:07:56.136+0000] {processor.py:914} INFO - Processing file /opt/airflow/dags/main.py for tasks to queue
[2026-05-07T19:07:56.162+0000] {logging_mixin.py:190} INFO - [2026-05-07T19:07:56.160+0000] {dagbag.py:588} INFO - Filling up the DagBag from /opt/airflow/dags/main.py
[2026-05-07T19:07:57.531+0000] {processor.py:925} INFO - DAG(s) 'kafka_to_s3' retrieved from /opt/airflow/dags/main.py
[2026-05-07T19:07:57.604+0000] {logging_mixin.py:190} INFO - [2026-05-07T19:07:57.604+0000] {dag.py:3239} INFO - Sync 1 DAGs
[2026-05-07T19:07:57.662+0000] {logging_mixin.py:190} INFO - [2026-05-07T19:07:57.662+0000] {dag.py:4180} INFO - Setting next_dagrun for kafka_to_s3 to 2026-05-07 00:00:00+00:00, run_after=2026-05-08 00:00:00+00:00
[2026-05-07T19:07:57.743+0000] {processor.py:208} INFO - Processing /opt/airflow/dags/main.py took 1.630 seconds
[2026-05-07T19:08:28.074+0000] {processor.py:186} INFO - Started process (PID=1102) to work on /opt/airflow/dags/main.py
[2026-05-07T19:08:28.076+0000] {processor.py:914} INFO - Processing file /opt/airflow/dags/main.py for tasks to queue
[2026-05-07T19:08:28.080+0000] {logging_mixin.py:190} INFO - [2026-05-07T19:08:28.079+0000] {dagbag.py:588} INFO - Filling up the DagBag from /opt/airflow/dags/main.py
[2026-05-07T19:08:28.438+0000] {processor.py:925} INFO - DAG(s) 'kafka_to_s3' retrieved from /opt/airflow/dags/main.py
[2026-05-07T19:08:28.464+0000] {logging_mixin.py:190} INFO - [2026-05-07T19:08:28.463+0000] {dag.py:3239} INFO - Sync 1 DAGs
[2026-05-07T19:08:28.488+0000] {logging_mixin.py:190} INFO - [2026-05-07T19:08:28.488+0000] {dag.py:4180} INFO - Setting next_dagrun for kafka_to_s3 to 2026-05-07 00:00:00+00:00, run_after=2026-05-08 00:00:00+00:00
[2026-05-07T19:08:28.512+0000] {processor.py:208} INFO - Processing /opt/airflow/dags/main.py took 0.446 seconds
[2026-05-07T19:08:58.787+0000] {processor.py:186} INFO - Started process (PID=1109) to work on /opt/airflow/dags/main.py
[2026-05-07T19:08:58.789+0000] {processor.py:914} INFO - Processing file /opt/airflow/dags/main.py for tasks to queue
[2026-05-07T19:08:58.793+0000] {logging_mixin.py:190} INFO - [2026-05-07T19:08:58.792+0000] {dagbag.py:588} INFO - Filling up the DagBag from /opt/airflow/dags/main.py
[2026-05-07T19:08:59.197+0000] {processor.py:925} INFO - DAG(s) 'kafka_to_s3' retrieved from /opt/airflow/dags/main.py
[2026-05-07T19:08:59.229+0000] {logging_mixin.py:190} INFO - [2026-05-07T19:08:59.229+0000] {dag.py:3239} INFO - Sync 1 DAGs
[2026-05-07T19:08:59.259+0000] {logging_mixin.py:190} INFO - [2026-05-07T19:08:59.258+0000] {dag.py:4180} INFO - Setting next_dagrun for kafka_to_s3 to 2026-05-07 00:00:00+00:00, run_after=2026-05-08 00:00:00+00:00
[2026-05-07T19:08:59.286+0000] {processor.py:208} INFO - Processing /opt/airflow/dags/main.py took 0.507 seconds
[2026-05-07T19:09:29.580+0000] {processor.py:186} INFO - Started process (PID=1116) to work on /opt/airflow/dags/main.py
[2026-05-07T19:09:29.581+0000] {processor.py:914} INFO - Processing file /opt/airflow/dags/main.py for tasks to queue
[2026-05-07T19:09:29.586+0000] {logging_mixin.py:190} INFO - [2026-05-07T19:09:29.586+0000] {dagbag.py:588} INFO - Filling up the DagBag from /opt/airflow/dags/main.py
[2026-05-07T19:09:29.930+0000] {processor.py:925} INFO - DAG(s) 'kafka_to_s3' retrieved from /opt/airflow/dags/main.py
[2026-05-07T19:09:29.956+0000] {logging_mixin.py:190} INFO - [2026-05-07T19:09:29.955+0000] {dag.py:3239} INFO - Sync 1 DAGs
[2026-05-07T19:09:29.980+0000] {logging_mixin.py:190} INFO - [2026-05-07T19:09:29.980+0000] {dag.py:4180} INFO - Setting next_dagrun for kafka_to_s3 to 2026-05-07 00:00:00+00:00, run_after=2026-05-08 00:00:00+00:00
[2026-05-07T19:09:30.007+0000] {processor.py:208} INFO - Processing /opt/airflow/dags/main.py took 0.434 seconds
[2026-05-07T19:10:00.326+0000] {processor.py:186} INFO - Started process (PID=1124) to work on /opt/airflow/dags/main.py
[2026-05-07T19:10:00.327+0000] {processor.py:914} INFO - Processing file /opt/airflow/dags/main.py for tasks to queue
[2026-05-07T19:10:00.332+0000] {logging_mixin.py:190} INFO - [2026-05-07T19:10:00.332+0000] {dagbag.py:588} INFO - Filling up the DagBag from /opt/airflow/dags/main.py
[2026-05-07T19:10:00.736+0000] {processor.py:925} INFO - DAG(s) 'kafka_to_s3' retrieved from /opt/airflow/dags/main.py
[2026-05-07T19:10:00.764+0000] {logging_mixin.py:190} INFO - [2026-05-07T19:10:00.764+0000] {dag.py:3239} INFO - Sync 1 DAGs
[2026-05-07T19:10:00.791+0000] {logging_mixin.py:190} INFO - [2026-05-07T19:10:00.791+0000] {dag.py:4180} INFO - Setting next_dagrun for kafka_to_s3 to 2026-05-07 00:00:00+00:00, run_after=2026-05-08 00:00:00+00:00
[2026-05-07T19:10:00.818+0000] {processor.py:208} INFO - Processing /opt/airflow/dags/main.py took 0.498 seconds
[2026-05-07T19:10:31.146+0000] {processor.py:186} INFO - Started process (PID=1131) to work on /opt/airflow/dags/main.py
[2026-05-07T19:10:31.147+0000] {processor.py:914} INFO - Processing file /opt/airflow/dags/main.py for tasks to queue
[2026-05-07T19:10:31.150+0000] {logging_mixin.py:190} INFO - [2026-05-07T19:10:31.150+0000] {dagbag.py:588} INFO - Filling up the DagBag from /opt/airflow/dags/main.py
[2026-05-07T19:10:31.605+0000] {processor.py:925} INFO - DAG(s) 'kafka_to_s3' retrieved from /opt/airflow/dags/main.py
[2026-05-07T19:10:31.643+0000] {logging_mixin.py:190} INFO - [2026-05-07T19:10:31.642+0000] {dag.py:3239} INFO - Sync 1 DAGs
[2026-05-07T19:10:31.675+0000] {logging_mixin.py:190} INFO - [2026-05-07T19:10:31.675+0000] {dag.py:4180} INFO - Setting next_dagrun for kafka_to_s3 to 2026-05-07 00:00:00+00:00, run_after=2026-05-08 00:00:00+00:00
[2026-05-07T19:10:31.699+0000] {processor.py:208} INFO - Processing /opt/airflow/dags/main.py took 0.562 seconds
[2026-05-07T19:11:01.825+0000] {processor.py:186} INFO - Started process (PID=1138) to work on /opt/airflow/dags/main.py
[2026-05-07T19:11:01.827+0000] {processor.py:914} INFO - Processing file /opt/airflow/dags/main.py for tasks to queue
[2026-05-07T19:11:01.833+0000] {logging_mixin.py:190} INFO - [2026-05-07T19:11:01.833+0000] {dagbag.py:588} INFO - Filling up the DagBag from /opt/airflow/dags/main.py
[2026-05-07T19:11:02.254+0000] {processor.py:925} INFO - DAG(s) 'kafka_to_s3' retrieved from /opt/airflow/dags/main.py
[2026-05-07T19:11:02.289+0000] {logging_mixin.py:190} INFO - [2026-05-07T19:11:02.289+0000] {dag.py:3239} INFO - Sync 1 DAGs
[2026-05-07T19:11:02.322+0000] {logging_mixin.py:190} INFO - [2026-05-07T19:11:02.322+0000] {dag.py:4180} INFO - Setting next_dagrun for kafka_to_s3 to 2026-05-07 00:00:00+00:00, run_after=2026-05-08 00:00:00+00:00
[2026-05-07T19:11:02.349+0000] {processor.py:208} INFO - Processing /opt/airflow/dags/main.py took 0.534 seconds
[2026-05-07T19:11:32.734+0000] {processor.py:186} INFO - Started process (PID=1145) to work on /opt/airflow/dags/main.py
[2026-05-07T19:11:32.737+0000] {processor.py:914} INFO - Processing file /opt/airflow/dags/main.py for tasks to queue
[2026-05-07T19:11:32.739+0000] {logging_mixin.py:190} INFO - [2026-05-07T19:11:32.739+0000] {dagbag.py:588} INFO - Filling up the DagBag from /opt/airflow/dags/main.py
[2026-05-07T19:11:33.087+0000] {processor.py:925} INFO - DAG(s) 'kafka_to_s3' retrieved from /opt/airflow/dags/main.py
[2026-05-07T19:11:33.114+0000] {logging_mixin.py:190} INFO - [2026-05-07T19:11:33.113+0000] {dag.py:3239} INFO - Sync 1 DAGs
[2026-05-07T19:11:33.140+0000] {logging_mixin.py:190} INFO - [2026-05-07T19:11:33.140+0000] {dag.py:4180} INFO - Setting next_dagrun for kafka_to_s3 to 2026-05-07 00:00:00+00:00, run_after=2026-05-08 00:00:00+00:00
[2026-05-07T19:11:33.162+0000] {processor.py:208} INFO - Processing /opt/airflow/dags/main.py took 0.436 seconds
[2026-05-07T19:12:03.277+0000] {processor.py:186} INFO - Started process (PID=1152) to work on /opt/airflow/dags/main.py
[2026-05-07T19:12:03.278+0000] {processor.py:914} INFO - Processing file /opt/airflow/dags/main.py for tasks to queue
[2026-05-07T19:12:03.280+0000] {logging_mixin.py:190} INFO - [2026-05-07T19:12:03.280+0000] {dagbag.py:588} INFO - Filling up the DagBag from /opt/airflow/dags/main.py
[2026-05-07T19:12:03.601+0000] {processor.py:925} INFO - DAG(s) 'kafka_to_s3' retrieved from /opt/airflow/dags/main.py
[2026-05-07T19:12:03.625+0000] {logging_mixin.py:190} INFO - [2026-05-07T19:12:03.625+0000] {dag.py:3239} INFO - Sync 1 DAGs
[2026-05-07T19:12:03.647+0000] {logging_mixin.py:190} INFO - [2026-05-07T19:12:03.646+0000] {dag.py:4180} INFO - Setting next_dagrun for kafka_to_s3 to 2026-05-07 00:00:00+00:00, run_after=2026-05-08 00:00:00+00:00
[2026-05-07T19:12:03.670+0000] {processor.py:208} INFO - Processing /opt/airflow/dags/main.py took 0.401 seconds
[2026-05-07T19:12:34.007+0000] {processor.py:186} INFO - Started process (PID=1159) to work on /opt/airflow/dags/main.py
[2026-05-07T19:12:34.009+0000] {processor.py:914} INFO - Processing file /opt/airflow/dags/main.py for tasks to queue
[2026-05-07T19:12:34.011+0000] {logging_mixin.py:190} INFO - [2026-05-07T19:12:34.011+0000] {dagbag.py:588} INFO - Filling up the DagBag from /opt/airflow/dags/main.py
[2026-05-07T19:12:34.330+0000] {processor.py:925} INFO - DAG(s) 'kafka_to_s3' retrieved from /opt/airflow/dags/main.py
[2026-05-07T19:12:34.356+0000] {logging_mixin.py:190} INFO - [2026-05-07T19:12:34.356+0000] {dag.py:3239} INFO - Sync 1 DAGs
[2026-05-07T19:12:34.382+0000] {logging_mixin.py:190} INFO - [2026-05-07T19:12:34.381+0000] {dag.py:4180} INFO - Setting next_dagrun for kafka_to_s3 to 2026-05-07 00:00:00+00:00, run_after=2026-05-08 00:00:00+00:00
[2026-05-07T19:12:34.405+0000] {processor.py:208} INFO - Processing /opt/airflow/dags/main.py took 0.405 seconds
[2026-05-07T19:13:04.905+0000] {processor.py:186} INFO - Started process (PID=1166) to work on /opt/airflow/dags/main.py
[2026-05-07T19:13:04.907+0000] {processor.py:914} INFO - Processing file /opt/airflow/dags/main.py for tasks to queue
[2026-05-07T19:13:04.912+0000] {logging_mixin.py:190} INFO - [2026-05-07T19:13:04.912+0000] {dagbag.py:588} INFO - Filling up the DagBag from /opt/airflow/dags/main.py
[2026-05-07T19:13:05.295+0000] {processor.py:925} INFO - DAG(s) 'kafka_to_s3' retrieved from /opt/airflow/dags/main.py
[2026-05-07T19:13:05.325+0000] {logging_mixin.py:190} INFO - [2026-05-07T19:13:05.325+0000] {dag.py:3239} INFO - Sync 1 DAGs
[2026-05-07T19:13:05.353+0000] {logging_mixin.py:190} INFO - [2026-05-07T19:13:05.353+0000] {dag.py:4180} INFO - Setting next_dagrun for kafka_to_s3 to 2026-05-07 00:00:00+00:00, run_after=2026-05-08 00:00:00+00:00
[2026-05-07T19:13:05.379+0000] {processor.py:208} INFO - Processing /opt/airflow/dags/main.py took 0.487 seconds
[2026-05-07T19:13:35.717+0000] {processor.py:186} INFO - Started process (PID=1173) to work on /opt/airflow/dags/main.py
[2026-05-07T19:13:35.720+0000] {processor.py:914} INFO - Processing file /opt/airflow/dags/main.py for tasks to queue
[2026-05-07T19:13:35.723+0000] {logging_mixin.py:190} INFO - [2026-05-07T19:13:35.723+0000] {dagbag.py:588} INFO - Filling up the DagBag from /opt/airflow/dags/main.py
[2026-05-07T19:13:36.051+0000] {processor.py:925} INFO - DAG(s) 'kafka_to_s3' retrieved from /opt/airflow/dags/main.py
[2026-05-07T19:13:36.081+0000] {logging_mixin.py:190} INFO - [2026-05-07T19:13:36.081+0000] {dag.py:3239} INFO - Sync 1 DAGs
[2026-05-07T19:13:36.116+0000] {logging_mixin.py:190} INFO - [2026-05-07T19:13:36.116+0000] {dag.py:4180} INFO - Setting next_dagrun for kafka_to_s3 to 2026-05-07 00:00:00+00:00, run_after=2026-05-08 00:00:00+00:00
[2026-05-07T19:13:36.142+0000] {processor.py:208} INFO - Processing /opt/airflow/dags/main.py took 0.433 seconds
[2026-05-07T19:14:06.505+0000] {processor.py:186} INFO - Started process (PID=1180) to work on /opt/airflow/dags/main.py
[2026-05-07T19:14:06.507+0000] {processor.py:914} INFO - Processing file /opt/airflow/dags/main.py for tasks to queue
[2026-05-07T19:14:06.510+0000] {logging_mixin.py:190} INFO - [2026-05-07T19:14:06.509+0000] {dagbag.py:588} INFO - Filling up the DagBag from /opt/airflow/dags/main.py
[2026-05-07T19:14:06.890+0000] {processor.py:925} INFO - DAG(s) 'kafka_to_s3' retrieved from /opt/airflow/dags/main.py
[2026-05-07T19:14:06.937+0000] {logging_mixin.py:190} INFO - [2026-05-07T19:14:06.937+0000] {dag.py:3239} INFO - Sync 1 DAGs
[2026-05-07T19:14:06.979+0000] {logging_mixin.py:190} INFO - [2026-05-07T19:14:06.979+0000] {dag.py:4180} INFO - Setting next_dagrun for kafka_to_s3 to 2026-05-07 00:00:00+00:00, run_after=2026-05-08 00:00:00+00:00
[2026-05-07T19:14:07.012+0000] {processor.py:208} INFO - Processing /opt/airflow/dags/main.py took 0.514 seconds
[2026-05-07T19:14:37.227+0000] {processor.py:186} INFO - Started process (PID=1187) to work on /opt/airflow/dags/main.py
[2026-05-07T19:14:37.229+0000] {processor.py:914} INFO - Processing file /opt/airflow/dags/main.py for tasks to queue
[2026-05-07T19:14:37.231+0000] {logging_mixin.py:190} INFO - [2026-05-07T19:14:37.231+0000] {dagbag.py:588} INFO - Filling up the DagBag from /opt/airflow/dags/main.py
[2026-05-07T19:14:37.559+0000] {processor.py:925} INFO - DAG(s) 'kafka_to_s3' retrieved from /opt/airflow/dags/main.py
[2026-05-07T19:14:37.584+0000] {logging_mixin.py:190} INFO - [2026-05-07T19:14:37.584+0000] {dag.py:3239} INFO - Sync 1 DAGs
[2026-05-07T19:14:37.608+0000] {logging_mixin.py:190} INFO - [2026-05-07T19:14:37.608+0000] {dag.py:4180} INFO - Setting next_dagrun for kafka_to_s3 to 2026-05-07 00:00:00+00:00, run_after=2026-05-08 00:00:00+00:00
[2026-05-07T19:14:37.629+0000] {processor.py:208} INFO - Processing /opt/airflow/dags/main.py took 0.410 seconds
[2026-05-07T19:15:07.707+0000] {processor.py:186} INFO - Started process (PID=1194) to work on /opt/airflow/dags/main.py
[2026-05-07T19:15:07.709+0000] {processor.py:914} INFO - Processing file /opt/airflow/dags/main.py for tasks to queue
[2026-05-07T19:15:07.711+0000] {logging_mixin.py:190} INFO - [2026-05-07T19:15:07.711+0000] {dagbag.py:588} INFO - Filling up the DagBag from /opt/airflow/dags/main.py
[2026-05-07T19:15:08.022+0000] {processor.py:925} INFO - DAG(s) 'kafka_to_s3' retrieved from /opt/airflow/dags/main.py
[2026-05-07T19:15:08.054+0000] {logging_mixin.py:190} INFO - [2026-05-07T19:15:08.054+0000] {dag.py:3239} INFO - Sync 1 DAGs
[2026-05-07T19:15:08.087+0000] {logging_mixin.py:190} INFO - [2026-05-07T19:15:08.087+0000] {dag.py:4180} INFO - Setting next_dagrun for kafka_to_s3 to 2026-05-07 00:00:00+00:00, run_after=2026-05-08 00:00:00+00:00
[2026-05-07T19:15:08.117+0000] {processor.py:208} INFO - Processing /opt/airflow/dags/main.py took 0.417 seconds
[2026-05-07T19:15:38.214+0000] {processor.py:186} INFO - Started process (PID=1201) to work on /opt/airflow/dags/main.py
[2026-05-07T19:15:38.215+0000] {processor.py:914} INFO - Processing file /opt/airflow/dags/main.py for tasks to queue
[2026-05-07T19:15:38.219+0000] {logging_mixin.py:190} INFO - [2026-05-07T19:15:38.219+0000] {dagbag.py:588} INFO - Filling up the DagBag from /opt/airflow/dags/main.py
[2026-05-07T19:15:38.584+0000] {processor.py:925} INFO - DAG(s) 'kafka_to_s3' retrieved from /opt/airflow/dags/main.py
[2026-05-07T19:15:38.617+0000] {logging_mixin.py:190} INFO - [2026-05-07T19:15:38.617+0000] {dag.py:3239} INFO - Sync 1 DAGs
[2026-05-07T19:15:38.646+0000] {logging_mixin.py:190} INFO - [2026-05-07T19:15:38.646+0000] {dag.py:4180} INFO - Setting next_dagrun for kafka_to_s3 to 2026-05-07 00:00:00+00:00, run_after=2026-05-08 00:00:00+00:00
[2026-05-07T19:15:38.672+0000] {processor.py:208} INFO - Processing /opt/airflow/dags/main.py took 0.466 seconds
[2026-05-07T19:16:08.876+0000] {processor.py:186} INFO - Started process (PID=1208) to work on /opt/airflow/dags/main.py
[2026-05-07T19:16:08.878+0000] {processor.py:914} INFO - Processing file /opt/airflow/dags/main.py for tasks to queue
[2026-05-07T19:16:08.882+0000] {logging_mixin.py:190} INFO - [2026-05-07T19:16:08.882+0000] {dagbag.py:588} INFO - Filling up the DagBag from /opt/airflow/dags/main.py
[2026-05-07T19:16:09.349+0000] {processor.py:925} INFO - DAG(s) 'kafka_to_s3' retrieved from /opt/airflow/dags/main.py
[2026-05-07T19:16:09.395+0000] {logging_mixin.py:190} INFO - [2026-05-07T19:16:09.394+0000] {dag.py:3239} INFO - Sync 1 DAGs
[2026-05-07T19:16:09.438+0000] {logging_mixin.py:190} INFO - [2026-05-07T19:16:09.437+0000] {dag.py:4180} INFO - Setting next_dagrun for kafka_to_s3 to 2026-05-07 00:00:00+00:00, run_after=2026-05-08 00:00:00+00:00
[2026-05-07T19:16:09.475+0000] {processor.py:208} INFO - Processing /opt/airflow/dags/main.py took 0.609 seconds
[2026-05-07T19:16:40.298+0000] {processor.py:186} INFO - Started process (PID=1215) to work on /opt/airflow/dags/main.py
[2026-05-07T19:16:40.300+0000] {processor.py:914} INFO - Processing file /opt/airflow/dags/main.py for tasks to queue
[2026-05-07T19:16:40.303+0000] {logging_mixin.py:190} INFO - [2026-05-07T19:16:40.303+0000] {dagbag.py:588} INFO - Filling up the DagBag from /opt/airflow/dags/main.py
[2026-05-07T19:16:40.614+0000] {processor.py:925} INFO - DAG(s) 'kafka_to_s3' retrieved from /opt/airflow/dags/main.py
[2026-05-07T19:16:40.640+0000] {logging_mixin.py:190} INFO - [2026-05-07T19:16:40.640+0000] {dag.py:3239} INFO - Sync 1 DAGs
[2026-05-07T19:16:40.662+0000] {logging_mixin.py:190} INFO - [2026-05-07T19:16:40.661+0000] {dag.py:4180} INFO - Setting next_dagrun for kafka_to_s3 to 2026-05-07 00:00:00+00:00, run_after=2026-05-08 00:00:00+00:00
[2026-05-07T19:16:40.682+0000] {processor.py:208} INFO - Processing /opt/airflow/dags/main.py took 0.392 seconds
[2026-05-07T19:17:11.527+0000] {processor.py:186} INFO - Started process (PID=1222) to work on /opt/airflow/dags/main.py
[2026-05-07T19:17:11.528+0000] {processor.py:914} INFO - Processing file /opt/airflow/dags/main.py for tasks to queue
[2026-05-07T19:17:11.531+0000] {logging_mixin.py:190} INFO - [2026-05-07T19:17:11.531+0000] {dagbag.py:588} INFO - Filling up the DagBag from /opt/airflow/dags/main.py
[2026-05-07T19:17:11.867+0000] {processor.py:925} INFO - DAG(s) 'kafka_to_s3' retrieved from /opt/airflow/dags/main.py
[2026-05-07T19:17:11.894+0000] {logging_mixin.py:190} INFO - [2026-05-07T19:17:11.894+0000] {dag.py:3239} INFO - Sync 1 DAGs
[2026-05-07T19:17:11.918+0000] {logging_mixin.py:190} INFO - [2026-05-07T19:17:11.918+0000] {dag.py:4180} INFO - Setting next_dagrun for kafka_to_s3 to 2026-05-07 00:00:00+00:00, run_after=2026-05-08 00:00:00+00:00
[2026-05-07T19:17:11.940+0000] {processor.py:208} INFO - Processing /opt/airflow/dags/main.py took 0.420 seconds
[2026-05-07T19:17:42.197+0000] {processor.py:186} INFO - Started process (PID=1229) to work on /opt/airflow/dags/main.py
[2026-05-07T19:17:42.198+0000] {processor.py:914} INFO - Processing file /opt/airflow/dags/main.py for tasks to queue
[2026-05-07T19:17:42.203+0000] {logging_mixin.py:190} INFO - [2026-05-07T19:17:42.202+0000] {dagbag.py:588} INFO - Filling up the DagBag from /opt/airflow/dags/main.py
[2026-05-07T19:17:42.553+0000] {processor.py:925} INFO - DAG(s) 'kafka_to_s3' retrieved from /opt/airflow/dags/main.py
[2026-05-07T19:17:42.579+0000] {logging_mixin.py:190} INFO - [2026-05-07T19:17:42.579+0000] {dag.py:3239} INFO - Sync 1 DAGs
[2026-05-07T19:17:42.602+0000] {logging_mixin.py:190} INFO - [2026-05-07T19:17:42.602+0000] {dag.py:4180} INFO - Setting next_dagrun for kafka_to_s3 to 2026-05-07 00:00:00+00:00, run_after=2026-05-08 00:00:00+00:00
[2026-05-07T19:17:42.626+0000] {processor.py:208} INFO - Processing /opt/airflow/dags/main.py took 0.436 seconds
[2026-05-07T19:18:13.057+0000] {processor.py:186} INFO - Started process (PID=1236) to work on /opt/airflow/dags/main.py
[2026-05-07T19:18:13.059+0000] {processor.py:914} INFO - Processing file /opt/airflow/dags/main.py for tasks to queue
[2026-05-07T19:18:13.064+0000] {logging_mixin.py:190} INFO - [2026-05-07T19:18:13.063+0000] {dagbag.py:588} INFO - Filling up the DagBag from /opt/airflow/dags/main.py
[2026-05-07T19:18:13.569+0000] {processor.py:925} INFO - DAG(s) 'kafka_to_s3' retrieved from /opt/airflow/dags/main.py
[2026-05-07T19:18:13.638+0000] {logging_mixin.py:190} INFO - [2026-05-07T19:18:13.638+0000] {dag.py:3239} INFO - Sync 1 DAGs
[2026-05-07T19:18:13.694+0000] {logging_mixin.py:190} INFO - [2026-05-07T19:18:13.694+0000] {dag.py:4180} INFO - Setting next_dagrun for kafka_to_s3 to 2026-05-07 00:00:00+00:00, run_after=2026-05-08 00:00:00+00:00
[2026-05-07T19:18:13.737+0000] {processor.py:208} INFO - Processing /opt/airflow/dags/main.py took 0.701 seconds
[2026-05-07T19:18:44.241+0000] {processor.py:186} INFO - Started process (PID=1243) to work on /opt/airflow/dags/main.py
[2026-05-07T19:18:44.243+0000] {processor.py:914} INFO - Processing file /opt/airflow/dags/main.py for tasks to queue
[2026-05-07T19:18:44.249+0000] {logging_mixin.py:190} INFO - [2026-05-07T19:18:44.249+0000] {dagbag.py:588} INFO - Filling up the DagBag from /opt/airflow/dags/main.py
[2026-05-07T19:18:44.877+0000] {processor.py:925} INFO - DAG(s) 'kafka_to_s3' retrieved from /opt/airflow/dags/main.py
[2026-05-07T19:18:44.913+0000] {logging_mixin.py:190} INFO - [2026-05-07T19:18:44.912+0000] {dag.py:3239} INFO - Sync 1 DAGs
[2026-05-07T19:18:44.969+0000] {logging_mixin.py:190} INFO - [2026-05-07T19:18:44.968+0000] {dag.py:4180} INFO - Setting next_dagrun for kafka_to_s3 to 2026-05-07 00:00:00+00:00, run_after=2026-05-08 00:00:00+00:00
[2026-05-07T19:18:45.032+0000] {processor.py:208} INFO - Processing /opt/airflow/dags/main.py took 0.846 seconds
[2026-05-07T19:19:15.389+0000] {processor.py:186} INFO - Started process (PID=1250) to work on /opt/airflow/dags/main.py
[2026-05-07T19:19:15.391+0000] {processor.py:914} INFO - Processing file /opt/airflow/dags/main.py for tasks to queue
[2026-05-07T19:19:15.394+0000] {logging_mixin.py:190} INFO - [2026-05-07T19:19:15.394+0000] {dagbag.py:588} INFO - Filling up the DagBag from /opt/airflow/dags/main.py
[2026-05-07T19:19:15.705+0000] {processor.py:925} INFO - DAG(s) 'kafka_to_s3' retrieved from /opt/airflow/dags/main.py
[2026-05-07T19:19:15.731+0000] {logging_mixin.py:190} INFO - [2026-05-07T19:19:15.730+0000] {dag.py:3239} INFO - Sync 1 DAGs
[2026-05-07T19:19:15.754+0000] {logging_mixin.py:190} INFO - [2026-05-07T19:19:15.753+0000] {dag.py:4180} INFO - Setting next_dagrun for kafka_to_s3 to 2026-05-07 00:00:00+00:00, run_after=2026-05-08 00:00:00+00:00
[2026-05-07T19:19:15.776+0000] {processor.py:208} INFO - Processing /opt/airflow/dags/main.py took 0.395 seconds
[2026-05-07T19:19:46.086+0000] {processor.py:186} INFO - Started process (PID=1257) to work on /opt/airflow/dags/main.py
[2026-05-07T19:19:46.088+0000] {processor.py:914} INFO - Processing file /opt/airflow/dags/main.py for tasks to queue
[2026-05-07T19:19:46.091+0000] {logging_mixin.py:190} INFO - [2026-05-07T19:19:46.091+0000] {dagbag.py:588} INFO - Filling up the DagBag from /opt/airflow/dags/main.py
[2026-05-07T19:19:46.442+0000] {processor.py:925} INFO - DAG(s) 'kafka_to_s3' retrieved from /opt/airflow/dags/main.py
[2026-05-07T19:19:46.471+0000] {logging_mixin.py:190} INFO - [2026-05-07T19:19:46.471+0000] {dag.py:3239} INFO - Sync 1 DAGs
[2026-05-07T19:19:46.493+0000] {logging_mixin.py:190} INFO - [2026-05-07T19:19:46.493+0000] {dag.py:4180} INFO - Setting next_dagrun for kafka_to_s3 to 2026-05-07 00:00:00+00:00, run_after=2026-05-08 00:00:00+00:00
[2026-05-07T19:19:46.517+0000] {processor.py:208} INFO - Processing /opt/airflow/dags/main.py took 0.439 seconds
[2026-05-07T19:20:17.243+0000] {processor.py:186} INFO - Started process (PID=1264) to work on /opt/airflow/dags/main.py
[2026-05-07T19:20:17.248+0000] {processor.py:914} INFO - Processing file /opt/airflow/dags/main.py for tasks to queue
[2026-05-07T19:20:17.253+0000] {logging_mixin.py:190} INFO - [2026-05-07T19:20:17.252+0000] {dagbag.py:588} INFO - Filling up the DagBag from /opt/airflow/dags/main.py
[2026-05-07T19:20:17.769+0000] {processor.py:925} INFO - DAG(s) 'kafka_to_s3' retrieved from /opt/airflow/dags/main.py
[2026-05-07T19:20:17.814+0000] {logging_mixin.py:190} INFO - [2026-05-07T19:20:17.814+0000] {dag.py:3239} INFO - Sync 1 DAGs
[2026-05-07T19:20:17.850+0000] {logging_mixin.py:190} INFO - [2026-05-07T19:20:17.850+0000] {dag.py:4180} INFO - Setting next_dagrun for kafka_to_s3 to 2026-05-07 00:00:00+00:00, run_after=2026-05-08 00:00:00+00:00
[2026-05-07T19:20:17.882+0000] {processor.py:208} INFO - Processing /opt/airflow/dags/main.py took 0.653 seconds
[2026-05-07T19:20:48.096+0000] {processor.py:186} INFO - Started process (PID=1271) to work on /opt/airflow/dags/main.py
[2026-05-07T19:20:48.097+0000] {processor.py:914} INFO - Processing file /opt/airflow/dags/main.py for tasks to queue
[2026-05-07T19:20:48.100+0000] {logging_mixin.py:190} INFO - [2026-05-07T19:20:48.100+0000] {dagbag.py:588} INFO - Filling up the DagBag from /opt/airflow/dags/main.py
[2026-05-07T19:20:48.409+0000] {processor.py:925} INFO - DAG(s) 'kafka_to_s3' retrieved from /opt/airflow/dags/main.py
[2026-05-07T19:20:48.437+0000] {logging_mixin.py:190} INFO - [2026-05-07T19:20:48.437+0000] {dag.py:3239} INFO - Sync 1 DAGs
[2026-05-07T19:20:48.460+0000] {logging_mixin.py:190} INFO - [2026-05-07T19:20:48.460+0000] {dag.py:4180} INFO - Setting next_dagrun for kafka_to_s3 to 2026-05-07 00:00:00+00:00, run_after=2026-05-08 00:00:00+00:00
[2026-05-07T19:20:48.483+0000] {processor.py:208} INFO - Processing /opt/airflow/dags/main.py took 0.397 seconds
[2026-05-07T19:21:18.849+0000] {processor.py:186} INFO - Started process (PID=1278) to work on /opt/airflow/dags/main.py
[2026-05-07T19:21:18.850+0000] {processor.py:914} INFO - Processing file /opt/airflow/dags/main.py for tasks to queue
[2026-05-07T19:21:18.854+0000] {logging_mixin.py:190} INFO - [2026-05-07T19:21:18.854+0000] {dagbag.py:588} INFO - Filling up the DagBag from /opt/airflow/dags/main.py
[2026-05-07T19:21:19.174+0000] {processor.py:925} INFO - DAG(s) 'kafka_to_s3' retrieved from /opt/airflow/dags/main.py
[2026-05-07T19:21:19.199+0000] {logging_mixin.py:190} INFO - [2026-05-07T19:21:19.199+0000] {dag.py:3239} INFO - Sync 1 DAGs
[2026-05-07T19:21:19.224+0000] {logging_mixin.py:190} INFO - [2026-05-07T19:21:19.224+0000] {dag.py:4180} INFO - Setting next_dagrun for kafka_to_s3 to 2026-05-07 00:00:00+00:00, run_after=2026-05-08 00:00:00+00:00
[2026-05-07T19:21:19.247+0000] {processor.py:208} INFO - Processing /opt/airflow/dags/main.py took 0.406 seconds
[2026-05-07T19:21:49.335+0000] {processor.py:186} INFO - Started process (PID=1285) to work on /opt/airflow/dags/main.py
[2026-05-07T19:21:49.337+0000] {processor.py:914} INFO - Processing file /opt/airflow/dags/main.py for tasks to queue
[2026-05-07T19:21:49.340+0000] {logging_mixin.py:190} INFO - [2026-05-07T19:21:49.339+0000] {dagbag.py:588} INFO - Filling up the DagBag from /opt/airflow/dags/main.py
[2026-05-07T19:21:49.643+0000] {processor.py:925} INFO - DAG(s) 'kafka_to_s3' retrieved from /opt/airflow/dags/main.py
[2026-05-07T19:21:49.671+0000] {logging_mixin.py:190} INFO - [2026-05-07T19:21:49.670+0000] {dag.py:3239} INFO - Sync 1 DAGs
[2026-05-07T19:21:49.697+0000] {logging_mixin.py:190} INFO - [2026-05-07T19:21:49.696+0000] {dag.py:4180} INFO - Setting next_dagrun for kafka_to_s3 to 2026-05-07 00:00:00+00:00, run_after=2026-05-08 00:00:00+00:00
[2026-05-07T19:21:49.716+0000] {processor.py:208} INFO - Processing /opt/airflow/dags/main.py took 0.387 seconds
[2026-05-07T19:22:19.898+0000] {processor.py:186} INFO - Started process (PID=1292) to work on /opt/airflow/dags/main.py
[2026-05-07T19:22:19.899+0000] {processor.py:914} INFO - Processing file /opt/airflow/dags/main.py for tasks to queue
[2026-05-07T19:22:19.903+0000] {logging_mixin.py:190} INFO - [2026-05-07T19:22:19.903+0000] {dagbag.py:588} INFO - Filling up the DagBag from /opt/airflow/dags/main.py
[2026-05-07T19:22:20.237+0000] {processor.py:925} INFO - DAG(s) 'kafka_to_s3' retrieved from /opt/airflow/dags/main.py
[2026-05-07T19:22:20.266+0000] {logging_mixin.py:190} INFO - [2026-05-07T19:22:20.266+0000] {dag.py:3239} INFO - Sync 1 DAGs
[2026-05-07T19:22:20.292+0000] {logging_mixin.py:190} INFO - [2026-05-07T19:22:20.292+0000] {dag.py:4180} INFO - Setting next_dagrun for kafka_to_s3 to 2026-05-07 00:00:00+00:00, run_after=2026-05-08 00:00:00+00:00
[2026-05-07T19:22:20.317+0000] {processor.py:208} INFO - Processing /opt/airflow/dags/main.py took 0.426 seconds
[2026-05-07T19:22:50.509+0000] {processor.py:186} INFO - Started process (PID=1299) to work on /opt/airflow/dags/main.py
[2026-05-07T19:22:50.511+0000] {processor.py:914} INFO - Processing file /opt/airflow/dags/main.py for tasks to queue
[2026-05-07T19:22:50.514+0000] {logging_mixin.py:190} INFO - [2026-05-07T19:22:50.513+0000] {dagbag.py:588} INFO - Filling up the DagBag from /opt/airflow/dags/main.py
[2026-05-07T19:22:50.816+0000] {processor.py:925} INFO - DAG(s) 'kafka_to_s3' retrieved from /opt/airflow/dags/main.py
[2026-05-07T19:22:50.843+0000] {logging_mixin.py:190} INFO - [2026-05-07T19:22:50.842+0000] {dag.py:3239} INFO - Sync 1 DAGs
[2026-05-07T19:22:50.864+0000] {logging_mixin.py:190} INFO - [2026-05-07T19:22:50.864+0000] {dag.py:4180} INFO - Setting next_dagrun for kafka_to_s3 to 2026-05-07 00:00:00+00:00, run_after=2026-05-08 00:00:00+00:00
[2026-05-07T19:22:50.887+0000] {processor.py:208} INFO - Processing /opt/airflow/dags/main.py took 0.385 seconds
[2026-05-07T19:23:23.708+0000] {processor.py:186} INFO - Started process (PID=1306) to work on /opt/airflow/dags/main.py
[2026-05-07T19:23:23.709+0000] {processor.py:914} INFO - Processing file /opt/airflow/dags/main.py for tasks to queue
[2026-05-07T19:23:23.712+0000] {logging_mixin.py:190} INFO - [2026-05-07T19:23:23.712+0000] {dagbag.py:588} INFO - Filling up the DagBag from /opt/airflow/dags/main.py
[2026-05-07T19:23:24.009+0000] {processor.py:925} INFO - DAG(s) 'kafka_to_s3' retrieved from /opt/airflow/dags/main.py
[2026-05-07T19:23:24.032+0000] {logging_mixin.py:190} INFO - [2026-05-07T19:23:24.032+0000] {dag.py:3239} INFO - Sync 1 DAGs
[2026-05-07T19:23:24.053+0000] {logging_mixin.py:190} INFO - [2026-05-07T19:23:24.053+0000] {dag.py:4180} INFO - Setting next_dagrun for kafka_to_s3 to 2026-05-07 00:00:00+00:00, run_after=2026-05-08 00:00:00+00:00
[2026-05-07T19:23:24.074+0000] {processor.py:208} INFO - Processing /opt/airflow/dags/main.py took 0.372 seconds
[2026-05-07T19:23:54.321+0000] {processor.py:186} INFO - Started process (PID=1313) to work on /opt/airflow/dags/main.py
[2026-05-07T19:23:54.323+0000] {processor.py:914} INFO - Processing file /opt/airflow/dags/main.py for tasks to queue
[2026-05-07T19:23:54.327+0000] {logging_mixin.py:190} INFO - [2026-05-07T19:23:54.327+0000] {dagbag.py:588} INFO - Filling up the DagBag from /opt/airflow/dags/main.py
[2026-05-07T19:23:54.669+0000] {processor.py:925} INFO - DAG(s) 'kafka_to_s3' retrieved from /opt/airflow/dags/main.py
[2026-05-07T19:23:54.694+0000] {logging_mixin.py:190} INFO - [2026-05-07T19:23:54.693+0000] {dag.py:3239} INFO - Sync 1 DAGs
[2026-05-07T19:23:54.716+0000] {logging_mixin.py:190} INFO - [2026-05-07T19:23:54.716+0000] {dag.py:4180} INFO - Setting next_dagrun for kafka_to_s3 to 2026-05-07 00:00:00+00:00, run_after=2026-05-08 00:00:00+00:00
[2026-05-07T19:23:54.739+0000] {processor.py:208} INFO - Processing /opt/airflow/dags/main.py took 0.427 seconds
[2026-05-07T19:24:25.248+0000] {processor.py:186} INFO - Started process (PID=1320) to work on /opt/airflow/dags/main.py
[2026-05-07T19:24:25.250+0000] {processor.py:914} INFO - Processing file /opt/airflow/dags/main.py for tasks to queue
[2026-05-07T19:24:25.256+0000] {logging_mixin.py:190} INFO - [2026-05-07T19:24:25.255+0000] {dagbag.py:588} INFO - Filling up the DagBag from /opt/airflow/dags/main.py
[2026-05-07T19:24:25.692+0000] {processor.py:925} INFO - DAG(s) 'kafka_to_s3' retrieved from /opt/airflow/dags/main.py
[2026-05-07T19:24:25.727+0000] {logging_mixin.py:190} INFO - [2026-05-07T19:24:25.727+0000] {dag.py:3239} INFO - Sync 1 DAGs
[2026-05-07T19:24:25.758+0000] {logging_mixin.py:190} INFO - [2026-05-07T19:24:25.757+0000] {dag.py:4180} INFO - Setting next_dagrun for kafka_to_s3 to 2026-05-07 00:00:00+00:00, run_after=2026-05-08 00:00:00+00:00
[2026-05-07T19:24:25.780+0000] {processor.py:208} INFO - Processing /opt/airflow/dags/main.py took 0.551 seconds
[2026-05-07T19:24:56.129+0000] {processor.py:186} INFO - Started process (PID=1327) to work on /opt/airflow/dags/main.py
[2026-05-07T19:24:56.131+0000] {processor.py:914} INFO - Processing file /opt/airflow/dags/main.py for tasks to queue
[2026-05-07T19:24:56.133+0000] {logging_mixin.py:190} INFO - [2026-05-07T19:24:56.133+0000] {dagbag.py:588} INFO - Filling up the DagBag from /opt/airflow/dags/main.py
[2026-05-07T19:24:56.439+0000] {processor.py:925} INFO - DAG(s) 'kafka_to_s3' retrieved from /opt/airflow/dags/main.py
[2026-05-07T19:24:56.466+0000] {logging_mixin.py:190} INFO - [2026-05-07T19:24:56.466+0000] {dag.py:3239} INFO - Sync 1 DAGs
[2026-05-07T19:24:56.492+0000] {logging_mixin.py:190} INFO - [2026-05-07T19:24:56.491+0000] {dag.py:4180} INFO - Setting next_dagrun for kafka_to_s3 to 2026-05-07 00:00:00+00:00, run_after=2026-05-08 00:00:00+00:00
[2026-05-07T19:24:56.516+0000] {processor.py:208} INFO - Processing /opt/airflow/dags/main.py took 0.398 seconds
[2026-05-07T19:25:26.767+0000] {processor.py:186} INFO - Started process (PID=1334) to work on /opt/airflow/dags/main.py
[2026-05-07T19:25:26.769+0000] {processor.py:914} INFO - Processing file /opt/airflow/dags/main.py for tasks to queue
[2026-05-07T19:25:26.773+0000] {logging_mixin.py:190} INFO - [2026-05-07T19:25:26.772+0000] {dagbag.py:588} INFO - Filling up the DagBag from /opt/airflow/dags/main.py
[2026-05-07T19:25:27.199+0000] {processor.py:925} INFO - DAG(s) 'kafka_to_s3' retrieved from /opt/airflow/dags/main.py
[2026-05-07T19:25:27.242+0000] {logging_mixin.py:190} INFO - [2026-05-07T19:25:27.241+0000] {dag.py:3239} INFO - Sync 1 DAGs
[2026-05-07T19:25:27.284+0000] {logging_mixin.py:190} INFO - [2026-05-07T19:25:27.284+0000] {dag.py:4180} INFO - Setting next_dagrun for kafka_to_s3 to 2026-05-07 00:00:00+00:00, run_after=2026-05-08 00:00:00+00:00
[2026-05-07T19:25:27.326+0000] {processor.py:208} INFO - Processing /opt/airflow/dags/main.py took 0.568 seconds
[2026-05-07T19:25:57.818+0000] {processor.py:186} INFO - Started process (PID=1341) to work on /opt/airflow/dags/main.py
[2026-05-07T19:25:57.819+0000] {processor.py:914} INFO - Processing file /opt/airflow/dags/main.py for tasks to queue
[2026-05-07T19:25:57.823+0000] {logging_mixin.py:190} INFO - [2026-05-07T19:25:57.823+0000] {dagbag.py:588} INFO - Filling up the DagBag from /opt/airflow/dags/main.py
[2026-05-07T19:25:58.115+0000] {processor.py:925} INFO - DAG(s) 'kafka_to_s3' retrieved from /opt/airflow/dags/main.py
[2026-05-07T19:25:58.142+0000] {logging_mixin.py:190} INFO - [2026-05-07T19:25:58.141+0000] {dag.py:3239} INFO - Sync 1 DAGs
[2026-05-07T19:25:58.163+0000] {logging_mixin.py:190} INFO - [2026-05-07T19:25:58.163+0000] {dag.py:4180} INFO - Setting next_dagrun for kafka_to_s3 to 2026-05-07 00:00:00+00:00, run_after=2026-05-08 00:00:00+00:00
[2026-05-07T19:25:58.183+0000] {processor.py:208} INFO - Processing /opt/airflow/dags/main.py took 0.372 seconds
[2026-05-07T19:26:28.472+0000] {processor.py:186} INFO - Started process (PID=1348) to work on /opt/airflow/dags/main.py
[2026-05-07T19:26:28.474+0000] {processor.py:914} INFO - Processing file /opt/airflow/dags/main.py for tasks to queue
[2026-05-07T19:26:28.477+0000] {logging_mixin.py:190} INFO - [2026-05-07T19:26:28.476+0000] {dagbag.py:588} INFO - Filling up the DagBag from /opt/airflow/dags/main.py
[2026-05-07T19:26:28.808+0000] {processor.py:925} INFO - DAG(s) 'kafka_to_s3' retrieved from /opt/airflow/dags/main.py
[2026-05-07T19:26:28.846+0000] {logging_mixin.py:190} INFO - [2026-05-07T19:26:28.845+0000] {dag.py:3239} INFO - Sync 1 DAGs
[2026-05-07T19:26:28.878+0000] {logging_mixin.py:190} INFO - [2026-05-07T19:26:28.878+0000] {dag.py:4180} INFO - Setting next_dagrun for kafka_to_s3 to 2026-05-07 00:00:00+00:00, run_after=2026-05-08 00:00:00+00:00
[2026-05-07T19:26:28.907+0000] {processor.py:208} INFO - Processing /opt/airflow/dags/main.py took 0.442 seconds
[2026-05-07T19:26:59.421+0000] {processor.py:186} INFO - Started process (PID=1355) to work on /opt/airflow/dags/main.py
[2026-05-07T19:26:59.422+0000] {processor.py:914} INFO - Processing file /opt/airflow/dags/main.py for tasks to queue
[2026-05-07T19:26:59.427+0000] {logging_mixin.py:190} INFO - [2026-05-07T19:26:59.426+0000] {dagbag.py:588} INFO - Filling up the DagBag from /opt/airflow/dags/main.py
[2026-05-07T19:26:59.712+0000] {processor.py:925} INFO - DAG(s) 'kafka_to_s3' retrieved from /opt/airflow/dags/main.py
[2026-05-07T19:26:59.735+0000] {logging_mixin.py:190} INFO - [2026-05-07T19:26:59.735+0000] {dag.py:3239} INFO - Sync 1 DAGs
[2026-05-07T19:26:59.756+0000] {logging_mixin.py:190} INFO - [2026-05-07T19:26:59.756+0000] {dag.py:4180} INFO - Setting next_dagrun for kafka_to_s3 to 2026-05-07 00:00:00+00:00, run_after=2026-05-08 00:00:00+00:00
[2026-05-07T19:26:59.776+0000] {processor.py:208} INFO - Processing /opt/airflow/dags/main.py took 0.363 seconds
[2026-05-07T19:27:30.015+0000] {processor.py:186} INFO - Started process (PID=1362) to work on /opt/airflow/dags/main.py
[2026-05-07T19:27:30.016+0000] {processor.py:914} INFO - Processing file /opt/airflow/dags/main.py for tasks to queue
[2026-05-07T19:27:30.019+0000] {logging_mixin.py:190} INFO - [2026-05-07T19:27:30.019+0000] {dagbag.py:588} INFO - Filling up the DagBag from /opt/airflow/dags/main.py
[2026-05-07T19:27:30.307+0000] {processor.py:925} INFO - DAG(s) 'kafka_to_s3' retrieved from /opt/airflow/dags/main.py
[2026-05-07T19:27:30.333+0000] {logging_mixin.py:190} INFO - [2026-05-07T19:27:30.333+0000] {dag.py:3239} INFO - Sync 1 DAGs
[2026-05-07T19:27:30.355+0000] {logging_mixin.py:190} INFO - [2026-05-07T19:27:30.355+0000] {dag.py:4180} INFO - Setting next_dagrun for kafka_to_s3 to 2026-05-07 00:00:00+00:00, run_after=2026-05-08 00:00:00+00:00
[2026-05-07T19:27:30.375+0000] {processor.py:208} INFO - Processing /opt/airflow/dags/main.py took 0.368 seconds
[2026-05-07T19:28:00.741+0000] {processor.py:186} INFO - Started process (PID=1369) to work on /opt/airflow/dags/main.py
[2026-05-07T19:28:00.743+0000] {processor.py:914} INFO - Processing file /opt/airflow/dags/main.py for tasks to queue
[2026-05-07T19:28:00.745+0000] {logging_mixin.py:190} INFO - [2026-05-07T19:28:00.745+0000] {dagbag.py:588} INFO - Filling up the DagBag from /opt/airflow/dags/main.py
[2026-05-07T19:28:01.022+0000] {processor.py:925} INFO - DAG(s) 'kafka_to_s3' retrieved from /opt/airflow/dags/main.py
[2026-05-07T19:28:01.045+0000] {logging_mixin.py:190} INFO - [2026-05-07T19:28:01.045+0000] {dag.py:3239} INFO - Sync 1 DAGs
[2026-05-07T19:28:01.067+0000] {logging_mixin.py:190} INFO - [2026-05-07T19:28:01.067+0000] {dag.py:4180} INFO - Setting next_dagrun for kafka_to_s3 to 2026-05-07 00:00:00+00:00, run_after=2026-05-08 00:00:00+00:00
[2026-05-07T19:28:01.087+0000] {processor.py:208} INFO - Processing /opt/airflow/dags/main.py took 0.352 seconds
[2026-05-07T19:28:31.275+0000] {processor.py:186} INFO - Started process (PID=1376) to work on /opt/airflow/dags/main.py
[2026-05-07T19:28:31.276+0000] {processor.py:914} INFO - Processing file /opt/airflow/dags/main.py for tasks to queue
[2026-05-07T19:28:31.279+0000] {logging_mixin.py:190} INFO - [2026-05-07T19:28:31.279+0000] {dagbag.py:588} INFO - Filling up the DagBag from /opt/airflow/dags/main.py
[2026-05-07T19:28:31.572+0000] {processor.py:925} INFO - DAG(s) 'kafka_to_s3' retrieved from /opt/airflow/dags/main.py
[2026-05-07T19:28:31.597+0000] {logging_mixin.py:190} INFO - [2026-05-07T19:28:31.597+0000] {dag.py:3239} INFO - Sync 1 DAGs
[2026-05-07T19:28:31.622+0000] {logging_mixin.py:190} INFO - [2026-05-07T19:28:31.622+0000] {dag.py:4180} INFO - Setting next_dagrun for kafka_to_s3 to 2026-05-07 00:00:00+00:00, run_after=2026-05-08 00:00:00+00:00
[2026-05-07T19:28:31.643+0000] {processor.py:208} INFO - Processing /opt/airflow/dags/main.py took 0.375 seconds
[2026-05-07T19:29:01.775+0000] {processor.py:186} INFO - Started process (PID=1383) to work on /opt/airflow/dags/main.py
[2026-05-07T19:29:01.776+0000] {processor.py:914} INFO - Processing file /opt/airflow/dags/main.py for tasks to queue
[2026-05-07T19:29:01.778+0000] {logging_mixin.py:190} INFO - [2026-05-07T19:29:01.778+0000] {dagbag.py:588} INFO - Filling up the DagBag from /opt/airflow/dags/main.py
[2026-05-07T19:29:02.059+0000] {processor.py:925} INFO - DAG(s) 'kafka_to_s3' retrieved from /opt/airflow/dags/main.py
[2026-05-07T19:29:02.085+0000] {logging_mixin.py:190} INFO - [2026-05-07T19:29:02.084+0000] {dag.py:3239} INFO - Sync 1 DAGs
[2026-05-07T19:29:02.105+0000] {logging_mixin.py:190} INFO - [2026-05-07T19:29:02.105+0000] {dag.py:4180} INFO - Setting next_dagrun for kafka_to_s3 to 2026-05-07 00:00:00+00:00, run_after=2026-05-08 00:00:00+00:00
[2026-05-07T19:29:02.124+0000] {processor.py:208} INFO - Processing /opt/airflow/dags/main.py took 0.356 seconds
[2026-05-07T19:29:32.792+0000] {processor.py:186} INFO - Started process (PID=1390) to work on /opt/airflow/dags/main.py
[2026-05-07T19:29:32.793+0000] {processor.py:914} INFO - Processing file /opt/airflow/dags/main.py for tasks to queue
[2026-05-07T19:29:32.796+0000] {logging_mixin.py:190} INFO - [2026-05-07T19:29:32.796+0000] {dagbag.py:588} INFO - Filling up the DagBag from /opt/airflow/dags/main.py
[2026-05-07T19:29:33.075+0000] {processor.py:925} INFO - DAG(s) 'kafka_to_s3' retrieved from /opt/airflow/dags/main.py
[2026-05-07T19:29:33.099+0000] {logging_mixin.py:190} INFO - [2026-05-07T19:29:33.099+0000] {dag.py:3239} INFO - Sync 1 DAGs
[2026-05-07T19:29:33.121+0000] {logging_mixin.py:190} INFO - [2026-05-07T19:29:33.120+0000] {dag.py:4180} INFO - Setting next_dagrun for kafka_to_s3 to 2026-05-07 00:00:00+00:00, run_after=2026-05-08 00:00:00+00:00
[2026-05-07T19:29:33.141+0000] {processor.py:208} INFO - Processing /opt/airflow/dags/main.py took 0.356 seconds
[2026-05-07T19:30:04.133+0000] {processor.py:186} INFO - Started process (PID=1397) to work on /opt/airflow/dags/main.py
[2026-05-07T19:30:04.135+0000] {processor.py:914} INFO - Processing file /opt/airflow/dags/main.py for tasks to queue
[2026-05-07T19:30:04.137+0000] {logging_mixin.py:190} INFO - [2026-05-07T19:30:04.137+0000] {dagbag.py:588} INFO - Filling up the DagBag from /opt/airflow/dags/main.py
[2026-05-07T19:30:04.438+0000] {processor.py:925} INFO - DAG(s) 'kafka_to_s3' retrieved from /opt/airflow/dags/main.py
[2026-05-07T19:30:04.463+0000] {logging_mixin.py:190} INFO - [2026-05-07T19:30:04.463+0000] {dag.py:3239} INFO - Sync 1 DAGs
[2026-05-07T19:30:04.485+0000] {logging_mixin.py:190} INFO - [2026-05-07T19:30:04.485+0000] {dag.py:4180} INFO - Setting next_dagrun for kafka_to_s3 to 2026-05-07 00:00:00+00:00, run_after=2026-05-08 00:00:00+00:00
[2026-05-07T19:30:04.506+0000] {processor.py:208} INFO - Processing /opt/airflow/dags/main.py took 0.380 seconds
[2026-05-07T19:30:34.735+0000] {processor.py:186} INFO - Started process (PID=1405) to work on /opt/airflow/dags/main.py
[2026-05-07T19:30:34.737+0000] {processor.py:914} INFO - Processing file /opt/airflow/dags/main.py for tasks to queue
[2026-05-07T19:30:34.739+0000] {logging_mixin.py:190} INFO - [2026-05-07T19:30:34.739+0000] {dagbag.py:588} INFO - Filling up the DagBag from /opt/airflow/dags/main.py
[2026-05-07T19:30:35.036+0000] {processor.py:925} INFO - DAG(s) 'kafka_to_s3' retrieved from /opt/airflow/dags/main.py
[2026-05-07T19:30:35.060+0000] {logging_mixin.py:190} INFO - [2026-05-07T19:30:35.060+0000] {dag.py:3239} INFO - Sync 1 DAGs
[2026-05-07T19:30:35.092+0000] {logging_mixin.py:190} INFO - [2026-05-07T19:30:35.092+0000] {dag.py:4180} INFO - Setting next_dagrun for kafka_to_s3 to 2026-05-07 00:00:00+00:00, run_after=2026-05-08 00:00:00+00:00
[2026-05-07T19:30:35.118+0000] {processor.py:208} INFO - Processing /opt/airflow/dags/main.py took 0.390 seconds
[2026-05-07T19:31:05.551+0000] {processor.py:186} INFO - Started process (PID=1412) to work on /opt/airflow/dags/main.py
[2026-05-07T19:31:05.553+0000] {processor.py:914} INFO - Processing file /opt/airflow/dags/main.py for tasks to queue
[2026-05-07T19:31:05.556+0000] {logging_mixin.py:190} INFO - [2026-05-07T19:31:05.556+0000] {dagbag.py:588} INFO - Filling up the DagBag from /opt/airflow/dags/main.py
[2026-05-07T19:31:05.868+0000] {processor.py:925} INFO - DAG(s) 'kafka_to_s3' retrieved from /opt/airflow/dags/main.py
[2026-05-07T19:31:05.893+0000] {logging_mixin.py:190} INFO - [2026-05-07T19:31:05.893+0000] {dag.py:3239} INFO - Sync 1 DAGs
[2026-05-07T19:31:05.915+0000] {logging_mixin.py:190} INFO - [2026-05-07T19:31:05.915+0000] {dag.py:4180} INFO - Setting next_dagrun for kafka_to_s3 to 2026-05-07 00:00:00+00:00, run_after=2026-05-08 00:00:00+00:00
[2026-05-07T19:31:05.935+0000] {processor.py:208} INFO - Processing /opt/airflow/dags/main.py took 0.399 seconds
[2026-05-07T19:31:36.113+0000] {processor.py:186} INFO - Started process (PID=1419) to work on /opt/airflow/dags/main.py
[2026-05-07T19:31:36.115+0000] {processor.py:914} INFO - Processing file /opt/airflow/dags/main.py for tasks to queue
[2026-05-07T19:31:36.118+0000] {logging_mixin.py:190} INFO - [2026-05-07T19:31:36.117+0000] {dagbag.py:588} INFO - Filling up the DagBag from /opt/airflow/dags/main.py
[2026-05-07T19:31:36.413+0000] {processor.py:925} INFO - DAG(s) 'kafka_to_s3' retrieved from /opt/airflow/dags/main.py
[2026-05-07T19:31:36.440+0000] {logging_mixin.py:190} INFO - [2026-05-07T19:31:36.440+0000] {dag.py:3239} INFO - Sync 1 DAGs
[2026-05-07T19:31:36.463+0000] {logging_mixin.py:190} INFO - [2026-05-07T19:31:36.463+0000] {dag.py:4180} INFO - Setting next_dagrun for kafka_to_s3 to 2026-05-07 00:00:00+00:00, run_after=2026-05-08 00:00:00+00:00
[2026-05-07T19:31:36.485+0000] {processor.py:208} INFO - Processing /opt/airflow/dags/main.py took 0.383 seconds
[2026-05-07T19:32:06.678+0000] {processor.py:186} INFO - Started process (PID=1426) to work on /opt/airflow/dags/main.py
[2026-05-07T19:32:06.679+0000] {processor.py:914} INFO - Processing file /opt/airflow/dags/main.py for tasks to queue
[2026-05-07T19:32:06.682+0000] {logging_mixin.py:190} INFO - [2026-05-07T19:32:06.682+0000] {dagbag.py:588} INFO - Filling up the DagBag from /opt/airflow/dags/main.py
[2026-05-07T19:32:07.025+0000] {processor.py:925} INFO - DAG(s) 'kafka_to_s3' retrieved from /opt/airflow/dags/main.py
[2026-05-07T19:32:07.050+0000] {logging_mixin.py:190} INFO - [2026-05-07T19:32:07.050+0000] {dag.py:3239} INFO - Sync 1 DAGs
[2026-05-07T19:32:07.074+0000] {logging_mixin.py:190} INFO - [2026-05-07T19:32:07.074+0000] {dag.py:4180} INFO - Setting next_dagrun for kafka_to_s3 to 2026-05-07 00:00:00+00:00, run_after=2026-05-08 00:00:00+00:00
[2026-05-07T19:32:07.095+0000] {processor.py:208} INFO - Processing /opt/airflow/dags/main.py took 0.424 seconds
[2026-05-07T19:32:37.457+0000] {processor.py:186} INFO - Started process (PID=1433) to work on /opt/airflow/dags/main.py
[2026-05-07T19:32:37.458+0000] {processor.py:914} INFO - Processing file /opt/airflow/dags/main.py for tasks to queue
[2026-05-07T19:32:37.461+0000] {logging_mixin.py:190} INFO - [2026-05-07T19:32:37.461+0000] {dagbag.py:588} INFO - Filling up the DagBag from /opt/airflow/dags/main.py
[2026-05-07T19:32:37.811+0000] {processor.py:925} INFO - DAG(s) 'kafka_to_s3' retrieved from /opt/airflow/dags/main.py
[2026-05-07T19:32:37.845+0000] {logging_mixin.py:190} INFO - [2026-05-07T19:32:37.845+0000] {dag.py:3239} INFO - Sync 1 DAGs
[2026-05-07T19:32:37.875+0000] {logging_mixin.py:190} INFO - [2026-05-07T19:32:37.875+0000] {dag.py:4180} INFO - Setting next_dagrun for kafka_to_s3 to 2026-05-07 00:00:00+00:00, run_after=2026-05-08 00:00:00+00:00
[2026-05-07T19:32:37.898+0000] {processor.py:208} INFO - Processing /opt/airflow/dags/main.py took 0.448 seconds
[2026-05-07T19:33:08.407+0000] {processor.py:186} INFO - Started process (PID=1440) to work on /opt/airflow/dags/main.py
[2026-05-07T19:33:08.408+0000] {processor.py:914} INFO - Processing file /opt/airflow/dags/main.py for tasks to queue
[2026-05-07T19:33:08.411+0000] {logging_mixin.py:190} INFO - [2026-05-07T19:33:08.411+0000] {dagbag.py:588} INFO - Filling up the DagBag from /opt/airflow/dags/main.py
[2026-05-07T19:33:08.740+0000] {processor.py:925} INFO - DAG(s) 'kafka_to_s3' retrieved from /opt/airflow/dags/main.py
[2026-05-07T19:33:08.763+0000] {logging_mixin.py:190} INFO - [2026-05-07T19:33:08.763+0000] {dag.py:3239} INFO - Sync 1 DAGs
[2026-05-07T19:33:08.787+0000] {logging_mixin.py:190} INFO - [2026-05-07T19:33:08.786+0000] {dag.py:4180} INFO - Setting next_dagrun for kafka_to_s3 to 2026-05-07 00:00:00+00:00, run_after=2026-05-08 00:00:00+00:00
[2026-05-07T19:33:08.806+0000] {processor.py:208} INFO - Processing /opt/airflow/dags/main.py took 0.406 seconds
[2026-05-07T19:33:39.253+0000] {processor.py:186} INFO - Started process (PID=1447) to work on /opt/airflow/dags/main.py
[2026-05-07T19:33:39.255+0000] {processor.py:914} INFO - Processing file /opt/airflow/dags/main.py for tasks to queue
[2026-05-07T19:33:39.258+0000] {logging_mixin.py:190} INFO - [2026-05-07T19:33:39.258+0000] {dagbag.py:588} INFO - Filling up the DagBag from /opt/airflow/dags/main.py
[2026-05-07T19:33:39.537+0000] {processor.py:925} INFO - DAG(s) 'kafka_to_s3' retrieved from /opt/airflow/dags/main.py
[2026-05-07T19:33:39.559+0000] {logging_mixin.py:190} INFO - [2026-05-07T19:33:39.559+0000] {dag.py:3239} INFO - Sync 1 DAGs
[2026-05-07T19:33:39.579+0000] {logging_mixin.py:190} INFO - [2026-05-07T19:33:39.578+0000] {dag.py:4180} INFO - Setting next_dagrun for kafka_to_s3 to 2026-05-07 00:00:00+00:00, run_after=2026-05-08 00:00:00+00:00
[2026-05-07T19:33:39.599+0000] {processor.py:208} INFO - Processing /opt/airflow/dags/main.py took 0.353 seconds
[2026-05-07T19:34:09.930+0000] {processor.py:186} INFO - Started process (PID=1453) to work on /opt/airflow/dags/main.py
[2026-05-07T19:34:09.931+0000] {processor.py:914} INFO - Processing file /opt/airflow/dags/main.py for tasks to queue
[2026-05-07T19:34:09.935+0000] {logging_mixin.py:190} INFO - [2026-05-07T19:34:09.934+0000] {dagbag.py:588} INFO - Filling up the DagBag from /opt/airflow/dags/main.py
[2026-05-07T19:34:10.232+0000] {processor.py:925} INFO - DAG(s) 'kafka_to_s3' retrieved from /opt/airflow/dags/main.py
[2026-05-07T19:34:10.258+0000] {logging_mixin.py:190} INFO - [2026-05-07T19:34:10.257+0000] {dag.py:3239} INFO - Sync 1 DAGs
[2026-05-07T19:34:10.280+0000] {logging_mixin.py:190} INFO - [2026-05-07T19:34:10.280+0000] {dag.py:4180} INFO - Setting next_dagrun for kafka_to_s3 to 2026-05-07 00:00:00+00:00, run_after=2026-05-08 00:00:00+00:00
[2026-05-07T19:34:10.300+0000] {processor.py:208} INFO - Processing /opt/airflow/dags/main.py took 0.378 seconds
[2026-05-07T19:34:40.593+0000] {processor.py:186} INFO - Started process (PID=1460) to work on /opt/airflow/dags/main.py
[2026-05-07T19:34:40.595+0000] {processor.py:914} INFO - Processing file /opt/airflow/dags/main.py for tasks to queue
[2026-05-07T19:34:40.599+0000] {logging_mixin.py:190} INFO - [2026-05-07T19:34:40.599+0000] {dagbag.py:588} INFO - Filling up the DagBag from /opt/airflow/dags/main.py
[2026-05-07T19:34:41.019+0000] {processor.py:925} INFO - DAG(s) 'kafka_to_s3' retrieved from /opt/airflow/dags/main.py
[2026-05-07T19:34:41.048+0000] {logging_mixin.py:190} INFO - [2026-05-07T19:34:41.048+0000] {dag.py:3239} INFO - Sync 1 DAGs
[2026-05-07T19:34:41.075+0000] {logging_mixin.py:190} INFO - [2026-05-07T19:34:41.075+0000] {dag.py:4180} INFO - Setting next_dagrun for kafka_to_s3 to 2026-05-07 00:00:00+00:00, run_after=2026-05-08 00:00:00+00:00
[2026-05-07T19:34:41.095+0000] {processor.py:208} INFO - Processing /opt/airflow/dags/main.py took 0.512 seconds
[2026-05-07T19:35:11.217+0000] {processor.py:186} INFO - Started process (PID=1467) to work on /opt/airflow/dags/main.py
[2026-05-07T19:35:11.218+0000] {processor.py:914} INFO - Processing file /opt/airflow/dags/main.py for tasks to queue
[2026-05-07T19:35:11.222+0000] {logging_mixin.py:190} INFO - [2026-05-07T19:35:11.222+0000] {dagbag.py:588} INFO - Filling up the DagBag from /opt/airflow/dags/main.py
[2026-05-07T19:35:11.532+0000] {processor.py:925} INFO - DAG(s) 'kafka_to_s3' retrieved from /opt/airflow/dags/main.py
[2026-05-07T19:35:11.560+0000] {logging_mixin.py:190} INFO - [2026-05-07T19:35:11.559+0000] {dag.py:3239} INFO - Sync 1 DAGs
[2026-05-07T19:35:11.581+0000] {logging_mixin.py:190} INFO - [2026-05-07T19:35:11.581+0000] {dag.py:4180} INFO - Setting next_dagrun for kafka_to_s3 to 2026-05-07 00:00:00+00:00, run_after=2026-05-08 00:00:00+00:00
[2026-05-07T19:35:11.601+0000] {processor.py:208} INFO - Processing /opt/airflow/dags/main.py took 0.393 seconds
[2026-05-07T19:35:41.765+0000] {processor.py:186} INFO - Started process (PID=1474) to work on /opt/airflow/dags/main.py
[2026-05-07T19:35:41.766+0000] {processor.py:914} INFO - Processing file /opt/airflow/dags/main.py for tasks to queue
[2026-05-07T19:35:41.770+0000] {logging_mixin.py:190} INFO - [2026-05-07T19:35:41.769+0000] {dagbag.py:588} INFO - Filling up the DagBag from /opt/airflow/dags/main.py
[2026-05-07T19:35:42.060+0000] {processor.py:925} INFO - DAG(s) 'kafka_to_s3' retrieved from /opt/airflow/dags/main.py
[2026-05-07T19:35:42.084+0000] {logging_mixin.py:190} INFO - [2026-05-07T19:35:42.084+0000] {dag.py:3239} INFO - Sync 1 DAGs
[2026-05-07T19:35:42.106+0000] {logging_mixin.py:190} INFO - [2026-05-07T19:35:42.106+0000] {dag.py:4180} INFO - Setting next_dagrun for kafka_to_s3 to 2026-05-07 00:00:00+00:00, run_after=2026-05-08 00:00:00+00:00
[2026-05-07T19:35:42.128+0000] {processor.py:208} INFO - Processing /opt/airflow/dags/main.py took 0.370 seconds
[2026-05-07T19:36:12.611+0000] {processor.py:186} INFO - Started process (PID=1481) to work on /opt/airflow/dags/main.py
[2026-05-07T19:36:12.612+0000] {processor.py:914} INFO - Processing file /opt/airflow/dags/main.py for tasks to queue
[2026-05-07T19:36:12.616+0000] {logging_mixin.py:190} INFO - [2026-05-07T19:36:12.616+0000] {dagbag.py:588} INFO - Filling up the DagBag from /opt/airflow/dags/main.py
[2026-05-07T19:36:13.093+0000] {processor.py:925} INFO - DAG(s) 'kafka_to_s3' retrieved from /opt/airflow/dags/main.py
[2026-05-07T19:36:13.134+0000] {logging_mixin.py:190} INFO - [2026-05-07T19:36:13.133+0000] {dag.py:3239} INFO - Sync 1 DAGs
[2026-05-07T19:36:13.178+0000] {logging_mixin.py:190} INFO - [2026-05-07T19:36:13.177+0000] {dag.py:4180} INFO - Setting next_dagrun for kafka_to_s3 to 2026-05-07 00:00:00+00:00, run_after=2026-05-08 00:00:00+00:00
[2026-05-07T19:36:13.199+0000] {processor.py:208} INFO - Processing /opt/airflow/dags/main.py took 0.598 seconds
[2026-05-07T19:36:43.796+0000] {processor.py:186} INFO - Started process (PID=1488) to work on /opt/airflow/dags/main.py
[2026-05-07T19:36:43.798+0000] {processor.py:914} INFO - Processing file /opt/airflow/dags/main.py for tasks to queue
[2026-05-07T19:36:43.802+0000] {logging_mixin.py:190} INFO - [2026-05-07T19:36:43.801+0000] {dagbag.py:588} INFO - Filling up the DagBag from /opt/airflow/dags/main.py
[2026-05-07T19:36:44.182+0000] {processor.py:925} INFO - DAG(s) 'kafka_to_s3' retrieved from /opt/airflow/dags/main.py
[2026-05-07T19:36:44.214+0000] {logging_mixin.py:190} INFO - [2026-05-07T19:36:44.214+0000] {dag.py:3239} INFO - Sync 1 DAGs
[2026-05-07T19:36:44.246+0000] {logging_mixin.py:190} INFO - [2026-05-07T19:36:44.245+0000] {dag.py:4180} INFO - Setting next_dagrun for kafka_to_s3 to 2026-05-07 00:00:00+00:00, run_after=2026-05-08 00:00:00+00:00
[2026-05-07T19:36:44.271+0000] {processor.py:208} INFO - Processing /opt/airflow/dags/main.py took 0.484 seconds
[2026-05-07T19:37:14.514+0000] {processor.py:186} INFO - Started process (PID=1495) to work on /opt/airflow/dags/main.py
[2026-05-07T19:37:14.515+0000] {processor.py:914} INFO - Processing file /opt/airflow/dags/main.py for tasks to queue
[2026-05-07T19:37:14.520+0000] {logging_mixin.py:190} INFO - [2026-05-07T19:37:14.520+0000] {dagbag.py:588} INFO - Filling up the DagBag from /opt/airflow/dags/main.py
[2026-05-07T19:37:14.950+0000] {processor.py:925} INFO - DAG(s) 'kafka_to_s3' retrieved from /opt/airflow/dags/main.py
[2026-05-07T19:37:14.990+0000] {logging_mixin.py:190} INFO - [2026-05-07T19:37:14.989+0000] {dag.py:3239} INFO - Sync 1 DAGs
[2026-05-07T19:37:15.032+0000] {logging_mixin.py:190} INFO - [2026-05-07T19:37:15.031+0000] {dag.py:4180} INFO - Setting next_dagrun for kafka_to_s3 to 2026-05-07 00:00:00+00:00, run_after=2026-05-08 00:00:00+00:00
[2026-05-07T19:37:15.064+0000] {processor.py:208} INFO - Processing /opt/airflow/dags/main.py took 0.562 seconds
[2026-05-07T19:37:45.569+0000] {processor.py:186} INFO - Started process (PID=1503) to work on /opt/airflow/dags/main.py
[2026-05-07T19:37:45.572+0000] {processor.py:914} INFO - Processing file /opt/airflow/dags/main.py for tasks to queue
[2026-05-07T19:37:45.578+0000] {logging_mixin.py:190} INFO - [2026-05-07T19:37:45.577+0000] {dagbag.py:588} INFO - Filling up the DagBag from /opt/airflow/dags/main.py
[2026-05-07T19:37:46.157+0000] {processor.py:925} INFO - DAG(s) 'kafka_to_s3' retrieved from /opt/airflow/dags/main.py
[2026-05-07T19:37:46.215+0000] {logging_mixin.py:190} INFO - [2026-05-07T19:37:46.214+0000] {dag.py:3239} INFO - Sync 1 DAGs
[2026-05-07T19:37:46.276+0000] {logging_mixin.py:190} INFO - [2026-05-07T19:37:46.275+0000] {dag.py:4180} INFO - Setting next_dagrun for kafka_to_s3 to 2026-05-07 00:00:00+00:00, run_after=2026-05-08 00:00:00+00:00
[2026-05-07T19:37:46.335+0000] {processor.py:208} INFO - Processing /opt/airflow/dags/main.py took 0.777 seconds
[2026-05-07T19:38:17.059+0000] {processor.py:186} INFO - Started process (PID=1510) to work on /opt/airflow/dags/main.py
[2026-05-07T19:38:17.062+0000] {processor.py:914} INFO - Processing file /opt/airflow/dags/main.py for tasks to queue
[2026-05-07T19:38:17.071+0000] {logging_mixin.py:190} INFO - [2026-05-07T19:38:17.070+0000] {dagbag.py:588} INFO - Filling up the DagBag from /opt/airflow/dags/main.py
[2026-05-07T19:38:17.824+0000] {processor.py:925} INFO - DAG(s) 'kafka_to_s3' retrieved from /opt/airflow/dags/main.py
[2026-05-07T19:38:17.890+0000] {logging_mixin.py:190} INFO - [2026-05-07T19:38:17.890+0000] {dag.py:3239} INFO - Sync 1 DAGs
[2026-05-07T19:38:17.938+0000] {logging_mixin.py:190} INFO - [2026-05-07T19:38:17.938+0000] {dag.py:4180} INFO - Setting next_dagrun for kafka_to_s3 to 2026-05-07 00:00:00+00:00, run_after=2026-05-08 00:00:00+00:00
[2026-05-07T19:38:17.975+0000] {processor.py:208} INFO - Processing /opt/airflow/dags/main.py took 0.935 seconds
[2026-05-07T19:38:48.337+0000] {processor.py:186} INFO - Started process (PID=1511) to work on /opt/airflow/dags/main.py
[2026-05-07T19:38:48.340+0000] {processor.py:914} INFO - Processing file /opt/airflow/dags/main.py for tasks to queue
[2026-05-07T19:38:48.348+0000] {logging_mixin.py:190} INFO - [2026-05-07T19:38:48.347+0000] {dagbag.py:588} INFO - Filling up the DagBag from /opt/airflow/dags/main.py
[2026-05-07T19:38:42.862+0000] {processor.py:925} INFO - DAG(s) 'kafka_to_s3' retrieved from /opt/airflow/dags/main.py
[2026-05-07T19:38:42.920+0000] {logging_mixin.py:190} INFO - [2026-05-07T19:38:42.920+0000] {dag.py:3239} INFO - Sync 1 DAGs
[2026-05-07T19:38:42.978+0000] {logging_mixin.py:190} INFO - [2026-05-07T19:38:42.978+0000] {dag.py:4180} INFO - Setting next_dagrun for kafka_to_s3 to 2026-05-07 00:00:00+00:00, run_after=2026-05-08 00:00:00+00:00
[2026-05-07T19:38:43.029+0000] {processor.py:208} INFO - Processing /opt/airflow/dags/main.py took 0.882 seconds
[2026-05-07T19:39:14.966+0000] {processor.py:186} INFO - Started process (PID=1518) to work on /opt/airflow/dags/main.py
[2026-05-07T19:39:14.969+0000] {processor.py:914} INFO - Processing file /opt/airflow/dags/main.py for tasks to queue
[2026-05-07T19:39:14.975+0000] {logging_mixin.py:190} INFO - [2026-05-07T19:39:14.974+0000] {dagbag.py:588} INFO - Filling up the DagBag from /opt/airflow/dags/main.py
[2026-05-07T19:39:15.501+0000] {processor.py:925} INFO - DAG(s) 'kafka_to_s3' retrieved from /opt/airflow/dags/main.py
[2026-05-07T19:39:15.547+0000] {logging_mixin.py:190} INFO - [2026-05-07T19:39:15.547+0000] {dag.py:3239} INFO - Sync 1 DAGs
[2026-05-07T19:39:15.584+0000] {logging_mixin.py:190} INFO - [2026-05-07T19:39:15.584+0000] {dag.py:4180} INFO - Setting next_dagrun for kafka_to_s3 to 2026-05-07 00:00:00+00:00, run_after=2026-05-08 00:00:00+00:00
[2026-05-07T19:39:15.614+0000] {processor.py:208} INFO - Processing /opt/airflow/dags/main.py took 0.666 seconds
[2026-05-07T19:39:45.882+0000] {processor.py:186} INFO - Started process (PID=1531) to work on /opt/airflow/dags/main.py
[2026-05-07T19:39:45.885+0000] {processor.py:914} INFO - Processing file /opt/airflow/dags/main.py for tasks to queue
[2026-05-07T19:39:45.889+0000] {logging_mixin.py:190} INFO - [2026-05-07T19:39:45.889+0000] {dagbag.py:588} INFO - Filling up the DagBag from /opt/airflow/dags/main.py
[2026-05-07T19:39:46.397+0000] {processor.py:925} INFO - DAG(s) 'kafka_to_s3' retrieved from /opt/airflow/dags/main.py
[2026-05-07T19:39:46.438+0000] {logging_mixin.py:190} INFO - [2026-05-07T19:39:46.437+0000] {dag.py:3239} INFO - Sync 1 DAGs
[2026-05-07T19:39:46.477+0000] {logging_mixin.py:190} INFO - [2026-05-07T19:39:46.476+0000] {dag.py:4180} INFO - Setting next_dagrun for kafka_to_s3 to 2026-05-07 00:00:00+00:00, run_after=2026-05-08 00:00:00+00:00
[2026-05-07T19:39:46.506+0000] {processor.py:208} INFO - Processing /opt/airflow/dags/main.py took 0.643 seconds
[2026-05-07T19:40:16.867+0000] {processor.py:186} INFO - Started process (PID=1532) to work on /opt/airflow/dags/main.py
[2026-05-07T19:40:16.869+0000] {processor.py:914} INFO - Processing file /opt/airflow/dags/main.py for tasks to queue
[2026-05-07T19:40:16.874+0000] {logging_mixin.py:190} INFO - [2026-05-07T19:40:16.873+0000] {dagbag.py:588} INFO - Filling up the DagBag from /opt/airflow/dags/main.py
[2026-05-07T19:40:17.401+0000] {processor.py:925} INFO - DAG(s) 'kafka_to_s3' retrieved from /opt/airflow/dags/main.py
[2026-05-07T19:40:17.458+0000] {logging_mixin.py:190} INFO - [2026-05-07T19:40:17.458+0000] {dag.py:3239} INFO - Sync 1 DAGs
[2026-05-07T19:40:17.502+0000] {logging_mixin.py:190} INFO - [2026-05-07T19:40:17.502+0000] {dag.py:4180} INFO - Setting next_dagrun for kafka_to_s3 to 2026-05-07 00:00:00+00:00, run_after=2026-05-08 00:00:00+00:00
[2026-05-07T19:40:17.535+0000] {processor.py:208} INFO - Processing /opt/airflow/dags/main.py took 0.684 seconds
[2026-05-07T19:40:47.967+0000] {processor.py:186} INFO - Started process (PID=1539) to work on /opt/airflow/dags/main.py
[2026-05-07T19:40:47.970+0000] {processor.py:914} INFO - Processing file /opt/airflow/dags/main.py for tasks to queue
[2026-05-07T19:40:47.978+0000] {logging_mixin.py:190} INFO - [2026-05-07T19:40:47.977+0000] {dagbag.py:588} INFO - Filling up the DagBag from /opt/airflow/dags/main.py
[2026-05-07T19:40:48.666+0000] {processor.py:925} INFO - DAG(s) 'kafka_to_s3' retrieved from /opt/airflow/dags/main.py
[2026-05-07T19:40:48.732+0000] {logging_mixin.py:190} INFO - [2026-05-07T19:40:48.730+0000] {dag.py:3239} INFO - Sync 1 DAGs
[2026-05-07T19:40:48.960+0000] {logging_mixin.py:190} INFO - [2026-05-07T19:40:48.959+0000] {dag.py:4180} INFO - Setting next_dagrun for kafka_to_s3 to 2026-05-07 00:00:00+00:00, run_after=2026-05-08 00:00:00+00:00
[2026-05-07T19:40:49.021+0000] {processor.py:208} INFO - Processing /opt/airflow/dags/main.py took 1.076 seconds
[2026-05-07T19:41:19.448+0000] {processor.py:186} INFO - Started process (PID=1546) to work on /opt/airflow/dags/main.py
[2026-05-07T19:41:19.450+0000] {processor.py:914} INFO - Processing file /opt/airflow/dags/main.py for tasks to queue
[2026-05-07T19:41:19.456+0000] {logging_mixin.py:190} INFO - [2026-05-07T19:41:19.455+0000] {dagbag.py:588} INFO - Filling up the DagBag from /opt/airflow/dags/main.py
[2026-05-07T19:41:20.020+0000] {processor.py:925} INFO - DAG(s) 'kafka_to_s3' retrieved from /opt/airflow/dags/main.py
[2026-05-07T19:41:20.077+0000] {logging_mixin.py:190} INFO - [2026-05-07T19:41:20.076+0000] {dag.py:3239} INFO - Sync 1 DAGs
[2026-05-07T19:41:20.135+0000] {logging_mixin.py:190} INFO - [2026-05-07T19:41:20.134+0000] {dag.py:4180} INFO - Setting next_dagrun for kafka_to_s3 to 2026-05-07 00:00:00+00:00, run_after=2026-05-08 00:00:00+00:00
[2026-05-07T19:41:20.187+0000] {processor.py:208} INFO - Processing /opt/airflow/dags/main.py took 0.757 seconds
[2026-05-07T19:41:50.742+0000] {processor.py:186} INFO - Started process (PID=1553) to work on /opt/airflow/dags/main.py
[2026-05-07T19:41:50.744+0000] {processor.py:914} INFO - Processing file /opt/airflow/dags/main.py for tasks to queue
[2026-05-07T19:41:50.749+0000] {logging_mixin.py:190} INFO - [2026-05-07T19:41:50.748+0000] {dagbag.py:588} INFO - Filling up the DagBag from /opt/airflow/dags/main.py
[2026-05-07T19:41:51.173+0000] {processor.py:925} INFO - DAG(s) 'kafka_to_s3' retrieved from /opt/airflow/dags/main.py
[2026-05-07T19:41:51.205+0000] {logging_mixin.py:190} INFO - [2026-05-07T19:41:51.205+0000] {dag.py:3239} INFO - Sync 1 DAGs
[2026-05-07T19:41:51.238+0000] {logging_mixin.py:190} INFO - [2026-05-07T19:41:51.238+0000] {dag.py:4180} INFO - Setting next_dagrun for kafka_to_s3 to 2026-05-07 00:00:00+00:00, run_after=2026-05-08 00:00:00+00:00
[2026-05-07T19:41:51.265+0000] {processor.py:208} INFO - Processing /opt/airflow/dags/main.py took 0.535 seconds
[2026-05-07T19:42:21.538+0000] {processor.py:186} INFO - Started process (PID=1560) to work on /opt/airflow/dags/main.py
[2026-05-07T19:42:21.540+0000] {processor.py:914} INFO - Processing file /opt/airflow/dags/main.py for tasks to queue
[2026-05-07T19:42:21.546+0000] {logging_mixin.py:190} INFO - [2026-05-07T19:42:21.545+0000] {dagbag.py:588} INFO - Filling up the DagBag from /opt/airflow/dags/main.py
[2026-05-07T19:42:22.013+0000] {processor.py:925} INFO - DAG(s) 'kafka_to_s3' retrieved from /opt/airflow/dags/main.py
[2026-05-07T19:42:22.050+0000] {logging_mixin.py:190} INFO - [2026-05-07T19:42:22.050+0000] {dag.py:3239} INFO - Sync 1 DAGs
[2026-05-07T19:42:22.086+0000] {logging_mixin.py:190} INFO - [2026-05-07T19:42:22.085+0000] {dag.py:4180} INFO - Setting next_dagrun for kafka_to_s3 to 2026-05-07 00:00:00+00:00, run_after=2026-05-08 00:00:00+00:00
[2026-05-07T19:42:22.114+0000] {processor.py:208} INFO - Processing /opt/airflow/dags/main.py took 0.587 seconds
[2026-05-07T19:42:52.488+0000] {processor.py:186} INFO - Started process (PID=1566) to work on /opt/airflow/dags/main.py
[2026-05-07T19:42:52.489+0000] {processor.py:914} INFO - Processing file /opt/airflow/dags/main.py for tasks to queue
[2026-05-07T19:42:52.495+0000] {logging_mixin.py:190} INFO - [2026-05-07T19:42:52.494+0000] {dagbag.py:588} INFO - Filling up the DagBag from /opt/airflow/dags/main.py
[2026-05-07T19:42:52.915+0000] {processor.py:925} INFO - DAG(s) 'kafka_to_s3' retrieved from /opt/airflow/dags/main.py
[2026-05-07T19:42:52.946+0000] {logging_mixin.py:190} INFO - [2026-05-07T19:42:52.946+0000] {dag.py:3239} INFO - Sync 1 DAGs
[2026-05-07T19:42:52.978+0000] {logging_mixin.py:190} INFO - [2026-05-07T19:42:52.977+0000] {dag.py:4180} INFO - Setting next_dagrun for kafka_to_s3 to 2026-05-07 00:00:00+00:00, run_after=2026-05-08 00:00:00+00:00
[2026-05-07T19:42:53.003+0000] {processor.py:208} INFO - Processing /opt/airflow/dags/main.py took 0.528 seconds
[2026-05-07T19:43:24.048+0000] {processor.py:186} INFO - Started process (PID=1573) to work on /opt/airflow/dags/main.py
[2026-05-07T19:43:24.050+0000] {processor.py:914} INFO - Processing file /opt/airflow/dags/main.py for tasks to queue
[2026-05-07T19:43:24.056+0000] {logging_mixin.py:190} INFO - [2026-05-07T19:43:24.055+0000] {dagbag.py:588} INFO - Filling up the DagBag from /opt/airflow/dags/main.py
[2026-05-07T19:43:24.470+0000] {processor.py:925} INFO - DAG(s) 'kafka_to_s3' retrieved from /opt/airflow/dags/main.py
[2026-05-07T19:43:24.508+0000] {logging_mixin.py:190} INFO - [2026-05-07T19:43:24.507+0000] {dag.py:3239} INFO - Sync 1 DAGs
[2026-05-07T19:43:24.541+0000] {logging_mixin.py:190} INFO - [2026-05-07T19:43:24.541+0000] {dag.py:4180} INFO - Setting next_dagrun for kafka_to_s3 to 2026-05-07 00:00:00+00:00, run_after=2026-05-08 00:00:00+00:00
[2026-05-07T19:43:24.571+0000] {processor.py:208} INFO - Processing /opt/airflow/dags/main.py took 0.535 seconds
[2026-05-07T19:43:54.954+0000] {processor.py:186} INFO - Started process (PID=1580) to work on /opt/airflow/dags/main.py
[2026-05-07T19:43:54.956+0000] {processor.py:914} INFO - Processing file /opt/airflow/dags/main.py for tasks to queue
[2026-05-07T19:43:54.961+0000] {logging_mixin.py:190} INFO - [2026-05-07T19:43:54.961+0000] {dagbag.py:588} INFO - Filling up the DagBag from /opt/airflow/dags/main.py
[2026-05-07T19:43:55.375+0000] {processor.py:925} INFO - DAG(s) 'kafka_to_s3' retrieved from /opt/airflow/dags/main.py
[2026-05-07T19:43:55.409+0000] {logging_mixin.py:190} INFO - [2026-05-07T19:43:55.408+0000] {dag.py:3239} INFO - Sync 1 DAGs
[2026-05-07T19:43:55.445+0000] {logging_mixin.py:190} INFO - [2026-05-07T19:43:55.444+0000] {dag.py:4180} INFO - Setting next_dagrun for kafka_to_s3 to 2026-05-07 00:00:00+00:00, run_after=2026-05-08 00:00:00+00:00
[2026-05-07T19:43:55.471+0000] {processor.py:208} INFO - Processing /opt/airflow/dags/main.py took 0.531 seconds
[2026-05-07T19:44:25.995+0000] {processor.py:186} INFO - Started process (PID=1587) to work on /opt/airflow/dags/main.py
[2026-05-07T19:44:25.997+0000] {processor.py:914} INFO - Processing file /opt/airflow/dags/main.py for tasks to queue
[2026-05-07T19:44:26.000+0000] {logging_mixin.py:190} INFO - [2026-05-07T19:44:26.000+0000] {dagbag.py:588} INFO - Filling up the DagBag from /opt/airflow/dags/main.py
[2026-05-07T19:44:26.376+0000] {processor.py:925} INFO - DAG(s) 'kafka_to_s3' retrieved from /opt/airflow/dags/main.py
[2026-05-07T19:44:26.435+0000] {logging_mixin.py:190} INFO - [2026-05-07T19:44:26.434+0000] {dag.py:3239} INFO - Sync 1 DAGs
[2026-05-07T19:44:26.499+0000] {logging_mixin.py:190} INFO - [2026-05-07T19:44:26.499+0000] {dag.py:4180} INFO - Setting next_dagrun for kafka_to_s3 to 2026-05-07 00:00:00+00:00, run_after=2026-05-08 00:00:00+00:00
[2026-05-07T19:44:26.543+0000] {processor.py:208} INFO - Processing /opt/airflow/dags/main.py took 0.557 seconds
[2026-05-07T19:44:57.686+0000] {processor.py:186} INFO - Started process (PID=1594) to work on /opt/airflow/dags/main.py
[2026-05-07T19:44:57.688+0000] {processor.py:914} INFO - Processing file /opt/airflow/dags/main.py for tasks to queue
[2026-05-07T19:44:57.692+0000] {logging_mixin.py:190} INFO - [2026-05-07T19:44:57.692+0000] {dagbag.py:588} INFO - Filling up the DagBag from /opt/airflow/dags/main.py
[2026-05-07T19:44:58.139+0000] {processor.py:925} INFO - DAG(s) 'kafka_to_s3' retrieved from /opt/airflow/dags/main.py
[2026-05-07T19:44:58.181+0000] {logging_mixin.py:190} INFO - [2026-05-07T19:44:58.181+0000] {dag.py:3239} INFO - Sync 1 DAGs
[2026-05-07T19:44:58.213+0000] {logging_mixin.py:190} INFO - [2026-05-07T19:44:58.213+0000] {dag.py:4180} INFO - Setting next_dagrun for kafka_to_s3 to 2026-05-07 00:00:00+00:00, run_after=2026-05-08 00:00:00+00:00
[2026-05-07T19:44:58.241+0000] {processor.py:208} INFO - Processing /opt/airflow/dags/main.py took 0.569 seconds
[2026-05-07T19:45:28.724+0000] {processor.py:186} INFO - Started process (PID=1601) to work on /opt/airflow/dags/main.py
[2026-05-07T19:45:28.728+0000] {processor.py:914} INFO - Processing file /opt/airflow/dags/main.py for tasks to queue
[2026-05-07T19:45:28.733+0000] {logging_mixin.py:190} INFO - [2026-05-07T19:45:28.732+0000] {dagbag.py:588} INFO - Filling up the DagBag from /opt/airflow/dags/main.py
[2026-05-07T19:45:29.096+0000] {processor.py:925} INFO - DAG(s) 'kafka_to_s3' retrieved from /opt/airflow/dags/main.py
[2026-05-07T19:45:29.121+0000] {logging_mixin.py:190} INFO - [2026-05-07T19:45:29.121+0000] {dag.py:3239} INFO - Sync 1 DAGs
[2026-05-07T19:45:29.146+0000] {logging_mixin.py:190} INFO - [2026-05-07T19:45:29.146+0000] {dag.py:4180} INFO - Setting next_dagrun for kafka_to_s3 to 2026-05-07 00:00:00+00:00, run_after=2026-05-08 00:00:00+00:00
[2026-05-07T19:45:29.168+0000] {processor.py:208} INFO - Processing /opt/airflow/dags/main.py took 0.462 seconds
[2026-05-07T19:46:00.049+0000] {processor.py:186} INFO - Started process (PID=1608) to work on /opt/airflow/dags/main.py
[2026-05-07T19:46:00.050+0000] {processor.py:914} INFO - Processing file /opt/airflow/dags/main.py for tasks to queue
[2026-05-07T19:46:00.053+0000] {logging_mixin.py:190} INFO - [2026-05-07T19:46:00.053+0000] {dagbag.py:588} INFO - Filling up the DagBag from /opt/airflow/dags/main.py
[2026-05-07T19:46:00.356+0000] {processor.py:925} INFO - DAG(s) 'kafka_to_s3' retrieved from /opt/airflow/dags/main.py
[2026-05-07T19:46:00.381+0000] {logging_mixin.py:190} INFO - [2026-05-07T19:46:00.381+0000] {dag.py:3239} INFO - Sync 1 DAGs
[2026-05-07T19:46:00.404+0000] {logging_mixin.py:190} INFO - [2026-05-07T19:46:00.403+0000] {dag.py:4180} INFO - Setting next_dagrun for kafka_to_s3 to 2026-05-07 00:00:00+00:00, run_after=2026-05-08 00:00:00+00:00
[2026-05-07T19:46:00.424+0000] {processor.py:208} INFO - Processing /opt/airflow/dags/main.py took 0.385 seconds
[2026-05-07T19:46:30.897+0000] {processor.py:186} INFO - Started process (PID=1615) to work on /opt/airflow/dags/main.py
[2026-05-07T19:46:30.898+0000] {processor.py:914} INFO - Processing file /opt/airflow/dags/main.py for tasks to queue
[2026-05-07T19:46:30.902+0000] {logging_mixin.py:190} INFO - [2026-05-07T19:46:30.901+0000] {dagbag.py:588} INFO - Filling up the DagBag from /opt/airflow/dags/main.py
[2026-05-07T19:46:31.204+0000] {processor.py:925} INFO - DAG(s) 'kafka_to_s3' retrieved from /opt/airflow/dags/main.py
[2026-05-07T19:46:31.230+0000] {logging_mixin.py:190} INFO - [2026-05-07T19:46:31.230+0000] {dag.py:3239} INFO - Sync 1 DAGs
[2026-05-07T19:46:31.252+0000] {logging_mixin.py:190} INFO - [2026-05-07T19:46:31.252+0000] {dag.py:4180} INFO - Setting next_dagrun for kafka_to_s3 to 2026-05-07 00:00:00+00:00, run_after=2026-05-08 00:00:00+00:00
[2026-05-07T19:46:31.274+0000] {processor.py:208} INFO - Processing /opt/airflow/dags/main.py took 0.383 seconds
[2026-05-07T19:47:03.461+0000] {processor.py:186} INFO - Started process (PID=1622) to work on /opt/airflow/dags/main.py
[2026-05-07T19:47:03.463+0000] {processor.py:914} INFO - Processing file /opt/airflow/dags/main.py for tasks to queue
[2026-05-07T19:47:03.466+0000] {logging_mixin.py:190} INFO - [2026-05-07T19:47:03.466+0000] {dagbag.py:588} INFO - Filling up the DagBag from /opt/airflow/dags/main.py
[2026-05-07T19:47:03.778+0000] {processor.py:925} INFO - DAG(s) 'kafka_to_s3' retrieved from /opt/airflow/dags/main.py
[2026-05-07T19:47:03.802+0000] {logging_mixin.py:190} INFO - [2026-05-07T19:47:03.802+0000] {dag.py:3239} INFO - Sync 1 DAGs
[2026-05-07T19:47:03.826+0000] {logging_mixin.py:190} INFO - [2026-05-07T19:47:03.826+0000] {dag.py:4180} INFO - Setting next_dagrun for kafka_to_s3 to 2026-05-07 00:00:00+00:00, run_after=2026-05-08 00:00:00+00:00
[2026-05-07T19:47:03.849+0000] {processor.py:208} INFO - Processing /opt/airflow/dags/main.py took 0.396 seconds
[2026-05-07T19:47:35.309+0000] {processor.py:186} INFO - Started process (PID=1629) to work on /opt/airflow/dags/main.py
[2026-05-07T19:47:35.311+0000] {processor.py:914} INFO - Processing file /opt/airflow/dags/main.py for tasks to queue
[2026-05-07T19:47:35.314+0000] {logging_mixin.py:190} INFO - [2026-05-07T19:47:35.313+0000] {dagbag.py:588} INFO - Filling up the DagBag from /opt/airflow/dags/main.py
[2026-05-07T19:47:35.606+0000] {processor.py:925} INFO - DAG(s) 'kafka_to_s3' retrieved from /opt/airflow/dags/main.py
[2026-05-07T19:47:35.636+0000] {logging_mixin.py:190} INFO - [2026-05-07T19:47:35.636+0000] {dag.py:3239} INFO - Sync 1 DAGs
[2026-05-07T19:47:35.657+0000] {logging_mixin.py:190} INFO - [2026-05-07T19:47:35.657+0000] {dag.py:4180} INFO - Setting next_dagrun for kafka_to_s3 to 2026-05-07 00:00:00+00:00, run_after=2026-05-08 00:00:00+00:00
[2026-05-07T19:47:35.677+0000] {processor.py:208} INFO - Processing /opt/airflow/dags/main.py took 0.375 seconds
[2026-05-07T19:48:06.850+0000] {processor.py:186} INFO - Started process (PID=1636) to work on /opt/airflow/dags/main.py
[2026-05-07T19:48:06.851+0000] {processor.py:914} INFO - Processing file /opt/airflow/dags/main.py for tasks to queue
[2026-05-07T19:48:06.856+0000] {logging_mixin.py:190} INFO - [2026-05-07T19:48:06.855+0000] {dagbag.py:588} INFO - Filling up the DagBag from /opt/airflow/dags/main.py
[2026-05-07T19:48:07.193+0000] {processor.py:925} INFO - DAG(s) 'kafka_to_s3' retrieved from /opt/airflow/dags/main.py
[2026-05-07T19:48:07.223+0000] {logging_mixin.py:190} INFO - [2026-05-07T19:48:07.223+0000] {dag.py:3239} INFO - Sync 1 DAGs
[2026-05-07T19:48:07.259+0000] {logging_mixin.py:190} INFO - [2026-05-07T19:48:07.258+0000] {dag.py:4180} INFO - Setting next_dagrun for kafka_to_s3 to 2026-05-07 00:00:00+00:00, run_after=2026-05-08 00:00:00+00:00
[2026-05-07T19:48:07.280+0000] {processor.py:208} INFO - Processing /opt/airflow/dags/main.py took 0.446 seconds
[2026-05-07T19:48:38.044+0000] {processor.py:186} INFO - Started process (PID=1643) to work on /opt/airflow/dags/main.py
[2026-05-07T19:48:38.045+0000] {processor.py:914} INFO - Processing file /opt/airflow/dags/main.py for tasks to queue
[2026-05-07T19:48:38.048+0000] {logging_mixin.py:190} INFO - [2026-05-07T19:48:38.048+0000] {dagbag.py:588} INFO - Filling up the DagBag from /opt/airflow/dags/main.py
[2026-05-07T19:48:38.342+0000] {processor.py:925} INFO - DAG(s) 'kafka_to_s3' retrieved from /opt/airflow/dags/main.py
[2026-05-07T19:48:38.366+0000] {logging_mixin.py:190} INFO - [2026-05-07T19:48:38.365+0000] {dag.py:3239} INFO - Sync 1 DAGs
[2026-05-07T19:48:38.390+0000] {logging_mixin.py:190} INFO - [2026-05-07T19:48:38.390+0000] {dag.py:4180} INFO - Setting next_dagrun for kafka_to_s3 to 2026-05-07 00:00:00+00:00, run_after=2026-05-08 00:00:00+00:00
[2026-05-07T19:48:38.413+0000] {processor.py:208} INFO - Processing /opt/airflow/dags/main.py took 0.376 seconds
[2026-05-07T19:49:09.921+0000] {processor.py:186} INFO - Started process (PID=1650) to work on /opt/airflow/dags/main.py
[2026-05-07T19:49:09.923+0000] {processor.py:914} INFO - Processing file /opt/airflow/dags/main.py for tasks to queue
[2026-05-07T19:49:09.926+0000] {logging_mixin.py:190} INFO - [2026-05-07T19:49:09.926+0000] {dagbag.py:588} INFO - Filling up the DagBag from /opt/airflow/dags/main.py
[2026-05-07T19:49:10.208+0000] {processor.py:925} INFO - DAG(s) 'kafka_to_s3' retrieved from /opt/airflow/dags/main.py
[2026-05-07T19:49:10.233+0000] {logging_mixin.py:190} INFO - [2026-05-07T19:49:10.232+0000] {dag.py:3239} INFO - Sync 1 DAGs
[2026-05-07T19:49:10.252+0000] {logging_mixin.py:190} INFO - [2026-05-07T19:49:10.252+0000] {dag.py:4180} INFO - Setting next_dagrun for kafka_to_s3 to 2026-05-07 00:00:00+00:00, run_after=2026-05-08 00:00:00+00:00
[2026-05-07T19:49:10.273+0000] {processor.py:208} INFO - Processing /opt/airflow/dags/main.py took 0.358 seconds
[2026-05-07T19:49:41.287+0000] {processor.py:186} INFO - Started process (PID=1657) to work on /opt/airflow/dags/main.py
[2026-05-07T19:49:41.288+0000] {processor.py:914} INFO - Processing file /opt/airflow/dags/main.py for tasks to queue
[2026-05-07T19:49:41.291+0000] {logging_mixin.py:190} INFO - [2026-05-07T19:49:41.290+0000] {dagbag.py:588} INFO - Filling up the DagBag from /opt/airflow/dags/main.py
[2026-05-07T19:49:41.559+0000] {processor.py:925} INFO - DAG(s) 'kafka_to_s3' retrieved from /opt/airflow/dags/main.py
[2026-05-07T19:49:41.581+0000] {logging_mixin.py:190} INFO - [2026-05-07T19:49:41.581+0000] {dag.py:3239} INFO - Sync 1 DAGs
[2026-05-07T19:49:41.600+0000] {logging_mixin.py:190} INFO - [2026-05-07T19:49:41.600+0000] {dag.py:4180} INFO - Setting next_dagrun for kafka_to_s3 to 2026-05-07 00:00:00+00:00, run_after=2026-05-08 00:00:00+00:00
[2026-05-07T19:49:41.620+0000] {processor.py:208} INFO - Processing /opt/airflow/dags/main.py took 0.341 seconds
[2026-05-07T19:50:12.308+0000] {processor.py:186} INFO - Started process (PID=1664) to work on /opt/airflow/dags/main.py
[2026-05-07T19:50:12.309+0000] {processor.py:914} INFO - Processing file /opt/airflow/dags/main.py for tasks to queue
[2026-05-07T19:50:12.313+0000] {logging_mixin.py:190} INFO - [2026-05-07T19:50:12.313+0000] {dagbag.py:588} INFO - Filling up the DagBag from /opt/airflow/dags/main.py
[2026-05-07T19:50:12.727+0000] {processor.py:925} INFO - DAG(s) 'kafka_to_s3' retrieved from /opt/airflow/dags/main.py
[2026-05-07T19:50:12.761+0000] {logging_mixin.py:190} INFO - [2026-05-07T19:50:12.761+0000] {dag.py:3239} INFO - Sync 1 DAGs
[2026-05-07T19:50:12.793+0000] {logging_mixin.py:190} INFO - [2026-05-07T19:50:12.793+0000] {dag.py:4180} INFO - Setting next_dagrun for kafka_to_s3 to 2026-05-07 00:00:00+00:00, run_after=2026-05-08 00:00:00+00:00
[2026-05-07T19:50:12.820+0000] {processor.py:208} INFO - Processing /opt/airflow/dags/main.py took 0.523 seconds
[2026-05-07T19:50:42.954+0000] {processor.py:186} INFO - Started process (PID=1671) to work on /opt/airflow/dags/main.py
[2026-05-07T19:50:42.955+0000] {processor.py:914} INFO - Processing file /opt/airflow/dags/main.py for tasks to queue
[2026-05-07T19:50:42.958+0000] {logging_mixin.py:190} INFO - [2026-05-07T19:50:42.958+0000] {dagbag.py:588} INFO - Filling up the DagBag from /opt/airflow/dags/main.py
[2026-05-07T19:50:43.257+0000] {processor.py:925} INFO - DAG(s) 'kafka_to_s3' retrieved from /opt/airflow/dags/main.py
[2026-05-07T19:50:43.282+0000] {logging_mixin.py:190} INFO - [2026-05-07T19:50:43.282+0000] {dag.py:3239} INFO - Sync 1 DAGs
[2026-05-07T19:50:43.303+0000] {logging_mixin.py:190} INFO - [2026-05-07T19:50:43.303+0000] {dag.py:4180} INFO - Setting next_dagrun for kafka_to_s3 to 2026-05-07 00:00:00+00:00, run_after=2026-05-08 00:00:00+00:00
[2026-05-07T19:50:43.323+0000] {processor.py:208} INFO - Processing /opt/airflow/dags/main.py took 0.377 seconds
[2026-05-07T19:51:14.634+0000] {processor.py:186} INFO - Started process (PID=1678) to work on /opt/airflow/dags/main.py
[2026-05-07T19:51:14.635+0000] {processor.py:914} INFO - Processing file /opt/airflow/dags/main.py for tasks to queue
[2026-05-07T19:51:14.637+0000] {logging_mixin.py:190} INFO - [2026-05-07T19:51:14.637+0000] {dagbag.py:588} INFO - Filling up the DagBag from /opt/airflow/dags/main.py
[2026-05-07T19:51:15.807+0000] {processor.py:925} INFO - DAG(s) 'kafka_to_s3' retrieved from /opt/airflow/dags/main.py
[2026-05-07T19:51:15.832+0000] {logging_mixin.py:190} INFO - [2026-05-07T19:51:15.831+0000] {dag.py:3239} INFO - Sync 1 DAGs
[2026-05-07T19:51:15.854+0000] {logging_mixin.py:190} INFO - [2026-05-07T19:51:15.854+0000] {dag.py:4180} INFO - Setting next_dagrun for kafka_to_s3 to 2026-05-07 00:00:00+00:00, run_after=2026-05-08 00:00:00+00:00
[2026-05-07T19:51:15.873+0000] {processor.py:208} INFO - Processing /opt/airflow/dags/main.py took 0.343 seconds
[2026-05-07T19:51:47.719+0000] {processor.py:186} INFO - Started process (PID=1685) to work on /opt/airflow/dags/main.py
[2026-05-07T19:51:47.720+0000] {processor.py:914} INFO - Processing file /opt/airflow/dags/main.py for tasks to queue
[2026-05-07T19:51:47.724+0000] {logging_mixin.py:190} INFO - [2026-05-07T19:51:47.723+0000] {dagbag.py:588} INFO - Filling up the DagBag from /opt/airflow/dags/main.py
[2026-05-07T19:51:48.044+0000] {processor.py:925} INFO - DAG(s) 'kafka_to_s3' retrieved from /opt/airflow/dags/main.py
[2026-05-07T19:51:48.073+0000] {logging_mixin.py:190} INFO - [2026-05-07T19:51:48.073+0000] {dag.py:3239} INFO - Sync 1 DAGs
[2026-05-07T19:51:48.108+0000] {logging_mixin.py:190} INFO - [2026-05-07T19:51:48.107+0000] {dag.py:4180} INFO - Setting next_dagrun for kafka_to_s3 to 2026-05-07 00:00:00+00:00, run_after=2026-05-08 00:00:00+00:00
[2026-05-07T19:51:48.134+0000] {processor.py:208} INFO - Processing /opt/airflow/dags/main.py took 0.424 seconds
[2026-05-07T19:52:19.034+0000] {processor.py:186} INFO - Started process (PID=1692) to work on /opt/airflow/dags/main.py
[2026-05-07T19:52:19.035+0000] {processor.py:914} INFO - Processing file /opt/airflow/dags/main.py for tasks to queue
[2026-05-07T19:52:19.039+0000] {logging_mixin.py:190} INFO - [2026-05-07T19:52:19.039+0000] {dagbag.py:588} INFO - Filling up the DagBag from /opt/airflow/dags/main.py
[2026-05-07T19:52:19.427+0000] {processor.py:925} INFO - DAG(s) 'kafka_to_s3' retrieved from /opt/airflow/dags/main.py
[2026-05-07T19:52:19.459+0000] {logging_mixin.py:190} INFO - [2026-05-07T19:52:19.459+0000] {dag.py:3239} INFO - Sync 1 DAGs
[2026-05-07T19:52:19.486+0000] {logging_mixin.py:190} INFO - [2026-05-07T19:52:19.486+0000] {dag.py:4180} INFO - Setting next_dagrun for kafka_to_s3 to 2026-05-07 00:00:00+00:00, run_after=2026-05-08 00:00:00+00:00
[2026-05-07T19:52:19.509+0000] {processor.py:208} INFO - Processing /opt/airflow/dags/main.py took 0.485 seconds
[2026-05-07T19:52:50.008+0000] {processor.py:186} INFO - Started process (PID=1699) to work on /opt/airflow/dags/main.py
[2026-05-07T19:52:50.010+0000] {processor.py:914} INFO - Processing file /opt/airflow/dags/main.py for tasks to queue
[2026-05-07T19:52:50.013+0000] {logging_mixin.py:190} INFO - [2026-05-07T19:52:50.012+0000] {dagbag.py:588} INFO - Filling up the DagBag from /opt/airflow/dags/main.py
[2026-05-07T19:52:50.297+0000] {processor.py:925} INFO - DAG(s) 'kafka_to_s3' retrieved from /opt/airflow/dags/main.py
[2026-05-07T19:52:50.321+0000] {logging_mixin.py:190} INFO - [2026-05-07T19:52:50.321+0000] {dag.py:3239} INFO - Sync 1 DAGs
[2026-05-07T19:52:50.351+0000] {logging_mixin.py:190} INFO - [2026-05-07T19:52:50.350+0000] {dag.py:4180} INFO - Setting next_dagrun for kafka_to_s3 to 2026-05-07 00:00:00+00:00, run_after=2026-05-08 00:00:00+00:00
[2026-05-07T19:52:50.376+0000] {processor.py:208} INFO - Processing /opt/airflow/dags/main.py took 0.376 seconds
[2026-05-07T19:53:21.927+0000] {processor.py:186} INFO - Started process (PID=1706) to work on /opt/airflow/dags/main.py
[2026-05-07T19:53:21.928+0000] {processor.py:914} INFO - Processing file /opt/airflow/dags/main.py for tasks to queue
[2026-05-07T19:53:21.931+0000] {logging_mixin.py:190} INFO - [2026-05-07T19:53:21.931+0000] {dagbag.py:588} INFO - Filling up the DagBag from /opt/airflow/dags/main.py
[2026-05-07T19:53:22.201+0000] {processor.py:925} INFO - DAG(s) 'kafka_to_s3' retrieved from /opt/airflow/dags/main.py
[2026-05-07T19:53:22.225+0000] {logging_mixin.py:190} INFO - [2026-05-07T19:53:22.224+0000] {dag.py:3239} INFO - Sync 1 DAGs
[2026-05-07T19:53:22.245+0000] {logging_mixin.py:190} INFO - [2026-05-07T19:53:22.244+0000] {dag.py:4180} INFO - Setting next_dagrun for kafka_to_s3 to 2026-05-07 00:00:00+00:00, run_after=2026-05-08 00:00:00+00:00
[2026-05-07T19:53:22.266+0000] {processor.py:208} INFO - Processing /opt/airflow/dags/main.py took 0.347 seconds
[2026-05-07T19:53:54.115+0000] {processor.py:186} INFO - Started process (PID=1713) to work on /opt/airflow/dags/main.py
[2026-05-07T19:53:54.117+0000] {processor.py:914} INFO - Processing file /opt/airflow/dags/main.py for tasks to queue
[2026-05-07T19:53:54.119+0000] {logging_mixin.py:190} INFO - [2026-05-07T19:53:54.119+0000] {dagbag.py:588} INFO - Filling up the DagBag from /opt/airflow/dags/main.py
[2026-05-07T19:53:54.394+0000] {processor.py:925} INFO - DAG(s) 'kafka_to_s3' retrieved from /opt/airflow/dags/main.py
[2026-05-07T19:53:54.418+0000] {logging_mixin.py:190} INFO - [2026-05-07T19:53:54.418+0000] {dag.py:3239} INFO - Sync 1 DAGs
[2026-05-07T19:53:54.448+0000] {logging_mixin.py:190} INFO - [2026-05-07T19:53:54.448+0000] {dag.py:4180} INFO - Setting next_dagrun for kafka_to_s3 to 2026-05-07 00:00:00+00:00, run_after=2026-05-08 00:00:00+00:00
[2026-05-07T19:53:54.476+0000] {processor.py:208} INFO - Processing /opt/airflow/dags/main.py took 0.368 seconds
[2026-05-07T19:54:24.840+0000] {processor.py:186} INFO - Started process (PID=1720) to work on /opt/airflow/dags/main.py
[2026-05-07T19:54:24.842+0000] {processor.py:914} INFO - Processing file /opt/airflow/dags/main.py for tasks to queue
[2026-05-07T19:54:24.845+0000] {logging_mixin.py:190} INFO - [2026-05-07T19:54:24.845+0000] {dagbag.py:588} INFO - Filling up the DagBag from /opt/airflow/dags/main.py
[2026-05-07T19:54:25.198+0000] {processor.py:925} INFO - DAG(s) 'kafka_to_s3' retrieved from /opt/airflow/dags/main.py
[2026-05-07T19:54:25.229+0000] {logging_mixin.py:190} INFO - [2026-05-07T19:54:25.228+0000] {dag.py:3239} INFO - Sync 1 DAGs
[2026-05-07T19:54:25.255+0000] {logging_mixin.py:190} INFO - [2026-05-07T19:54:25.255+0000] {dag.py:4180} INFO - Setting next_dagrun for kafka_to_s3 to 2026-05-07 00:00:00+00:00, run_after=2026-05-08 00:00:00+00:00
[2026-05-07T19:54:25.277+0000] {processor.py:208} INFO - Processing /opt/airflow/dags/main.py took 0.446 seconds
[2026-05-07T19:54:55.354+0000] {processor.py:186} INFO - Started process (PID=1727) to work on /opt/airflow/dags/main.py
[2026-05-07T19:54:55.355+0000] {processor.py:914} INFO - Processing file /opt/airflow/dags/main.py for tasks to queue
[2026-05-07T19:54:55.358+0000] {logging_mixin.py:190} INFO - [2026-05-07T19:54:55.358+0000] {dagbag.py:588} INFO - Filling up the DagBag from /opt/airflow/dags/main.py
[2026-05-07T19:54:56.548+0000] {processor.py:925} INFO - DAG(s) 'kafka_to_s3' retrieved from /opt/airflow/dags/main.py
[2026-05-07T19:54:56.583+0000] {logging_mixin.py:190} INFO - [2026-05-07T19:54:56.582+0000] {dag.py:3239} INFO - Sync 1 DAGs
[2026-05-07T19:54:56.614+0000] {logging_mixin.py:190} INFO - [2026-05-07T19:54:56.614+0000] {dag.py:4180} INFO - Setting next_dagrun for kafka_to_s3 to 2026-05-07 00:00:00+00:00, run_after=2026-05-08 00:00:00+00:00
[2026-05-07T19:54:56.639+0000] {processor.py:208} INFO - Processing /opt/airflow/dags/main.py took 0.395 seconds
[2026-05-07T19:55:28.197+0000] {processor.py:186} INFO - Started process (PID=1734) to work on /opt/airflow/dags/main.py
[2026-05-07T19:55:28.198+0000] {processor.py:914} INFO - Processing file /opt/airflow/dags/main.py for tasks to queue
[2026-05-07T19:55:28.203+0000] {logging_mixin.py:190} INFO - [2026-05-07T19:55:28.202+0000] {dagbag.py:588} INFO - Filling up the DagBag from /opt/airflow/dags/main.py
[2026-05-07T19:55:28.570+0000] {processor.py:925} INFO - DAG(s) 'kafka_to_s3' retrieved from /opt/airflow/dags/main.py
[2026-05-07T19:55:28.599+0000] {logging_mixin.py:190} INFO - [2026-05-07T19:55:28.599+0000] {dag.py:3239} INFO - Sync 1 DAGs
[2026-05-07T19:55:28.625+0000] {logging_mixin.py:190} INFO - [2026-05-07T19:55:28.625+0000] {dag.py:4180} INFO - Setting next_dagrun for kafka_to_s3 to 2026-05-07 00:00:00+00:00, run_after=2026-05-08 00:00:00+00:00
[2026-05-07T19:55:28.649+0000] {processor.py:208} INFO - Processing /opt/airflow/dags/main.py took 0.462 seconds
[2026-05-07T19:55:59.350+0000] {processor.py:186} INFO - Started process (PID=1741) to work on /opt/airflow/dags/main.py
[2026-05-07T19:55:59.351+0000] {processor.py:914} INFO - Processing file /opt/airflow/dags/main.py for tasks to queue
[2026-05-07T19:55:59.354+0000] {logging_mixin.py:190} INFO - [2026-05-07T19:55:59.354+0000] {dagbag.py:588} INFO - Filling up the DagBag from /opt/airflow/dags/main.py
[2026-05-07T19:55:59.661+0000] {processor.py:925} INFO - DAG(s) 'kafka_to_s3' retrieved from /opt/airflow/dags/main.py
[2026-05-07T19:55:59.683+0000] {logging_mixin.py:190} INFO - [2026-05-07T19:55:59.683+0000] {dag.py:3239} INFO - Sync 1 DAGs
[2026-05-07T19:55:59.703+0000] {logging_mixin.py:190} INFO - [2026-05-07T19:55:59.703+0000] {dag.py:4180} INFO - Setting next_dagrun for kafka_to_s3 to 2026-05-07 00:00:00+00:00, run_after=2026-05-08 00:00:00+00:00
[2026-05-07T19:55:59.722+0000] {processor.py:208} INFO - Processing /opt/airflow/dags/main.py took 0.379 seconds
[2026-05-07T19:56:30.416+0000] {processor.py:186} INFO - Started process (PID=1748) to work on /opt/airflow/dags/main.py
[2026-05-07T19:56:30.417+0000] {processor.py:914} INFO - Processing file /opt/airflow/dags/main.py for tasks to queue
[2026-05-07T19:56:30.420+0000] {logging_mixin.py:190} INFO - [2026-05-07T19:56:30.420+0000] {dagbag.py:588} INFO - Filling up the DagBag from /opt/airflow/dags/main.py
[2026-05-07T19:56:30.705+0000] {processor.py:925} INFO - DAG(s) 'kafka_to_s3' retrieved from /opt/airflow/dags/main.py
[2026-05-07T19:56:30.731+0000] {logging_mixin.py:190} INFO - [2026-05-07T19:56:30.730+0000] {dag.py:3239} INFO - Sync 1 DAGs
[2026-05-07T19:56:30.755+0000] {logging_mixin.py:190} INFO - [2026-05-07T19:56:30.755+0000] {dag.py:4180} INFO - Setting next_dagrun for kafka_to_s3 to 2026-05-07 00:00:00+00:00, run_after=2026-05-08 00:00:00+00:00
[2026-05-07T19:56:30.778+0000] {processor.py:208} INFO - Processing /opt/airflow/dags/main.py took 0.369 seconds
[2026-05-07T19:57:00.946+0000] {processor.py:186} INFO - Started process (PID=1755) to work on /opt/airflow/dags/main.py
[2026-05-07T19:57:00.947+0000] {processor.py:914} INFO - Processing file /opt/airflow/dags/main.py for tasks to queue
[2026-05-07T19:57:00.950+0000] {logging_mixin.py:190} INFO - [2026-05-07T19:57:00.949+0000] {dagbag.py:588} INFO - Filling up the DagBag from /opt/airflow/dags/main.py
[2026-05-07T19:57:01.211+0000] {processor.py:925} INFO - DAG(s) 'kafka_to_s3' retrieved from /opt/airflow/dags/main.py
[2026-05-07T19:57:01.233+0000] {logging_mixin.py:190} INFO - [2026-05-07T19:57:01.233+0000] {dag.py:3239} INFO - Sync 1 DAGs
[2026-05-07T19:57:01.255+0000] {logging_mixin.py:190} INFO - [2026-05-07T19:57:01.255+0000] {dag.py:4180} INFO - Setting next_dagrun for kafka_to_s3 to 2026-05-07 00:00:00+00:00, run_after=2026-05-08 00:00:00+00:00
[2026-05-07T19:57:01.274+0000] {processor.py:208} INFO - Processing /opt/airflow/dags/main.py took 0.335 seconds
[2026-05-07T19:57:32.089+0000] {processor.py:186} INFO - Started process (PID=1762) to work on /opt/airflow/dags/main.py
[2026-05-07T19:57:32.090+0000] {processor.py:914} INFO - Processing file /opt/airflow/dags/main.py for tasks to queue
[2026-05-07T19:57:32.093+0000] {logging_mixin.py:190} INFO - [2026-05-07T19:57:32.093+0000] {dagbag.py:588} INFO - Filling up the DagBag from /opt/airflow/dags/main.py
[2026-05-07T19:57:33.956+0000] {processor.py:925} INFO - DAG(s) 'kafka_to_s3' retrieved from /opt/airflow/dags/main.py
[2026-05-07T19:57:33.981+0000] {logging_mixin.py:190} INFO - [2026-05-07T19:57:33.981+0000] {dag.py:3239} INFO - Sync 1 DAGs
[2026-05-07T19:57:34.005+0000] {logging_mixin.py:190} INFO - [2026-05-07T19:57:34.005+0000] {dag.py:4180} INFO - Setting next_dagrun for kafka_to_s3 to 2026-05-07 00:00:00+00:00, run_after=2026-05-08 00:00:00+00:00
[2026-05-07T19:57:34.026+0000] {processor.py:208} INFO - Processing /opt/airflow/dags/main.py took 0.374 seconds
[2026-05-07T19:58:05.677+0000] {processor.py:186} INFO - Started process (PID=1768) to work on /opt/airflow/dags/main.py
[2026-05-07T19:58:05.678+0000] {processor.py:914} INFO - Processing file /opt/airflow/dags/main.py for tasks to queue
[2026-05-07T19:58:05.682+0000] {logging_mixin.py:190} INFO - [2026-05-07T19:58:05.681+0000] {dagbag.py:588} INFO - Filling up the DagBag from /opt/airflow/dags/main.py
[2026-05-07T19:58:05.988+0000] {processor.py:925} INFO - DAG(s) 'kafka_to_s3' retrieved from /opt/airflow/dags/main.py
[2026-05-07T19:58:06.015+0000] {logging_mixin.py:190} INFO - [2026-05-07T19:58:06.015+0000] {dag.py:3239} INFO - Sync 1 DAGs
[2026-05-07T19:58:06.039+0000] {logging_mixin.py:190} INFO - [2026-05-07T19:58:06.039+0000] {dag.py:4180} INFO - Setting next_dagrun for kafka_to_s3 to 2026-05-07 00:00:00+00:00, run_after=2026-05-08 00:00:00+00:00
[2026-05-07T19:58:06.058+0000] {processor.py:208} INFO - Processing /opt/airflow/dags/main.py took 0.389 seconds
[2026-05-07T19:58:37.756+0000] {processor.py:186} INFO - Started process (PID=1775) to work on /opt/airflow/dags/main.py
[2026-05-07T19:58:37.757+0000] {processor.py:914} INFO - Processing file /opt/airflow/dags/main.py for tasks to queue
[2026-05-07T19:58:37.760+0000] {logging_mixin.py:190} INFO - [2026-05-07T19:58:37.759+0000] {dagbag.py:588} INFO - Filling up the DagBag from /opt/airflow/dags/main.py
[2026-05-07T19:58:38.045+0000] {processor.py:925} INFO - DAG(s) 'kafka_to_s3' retrieved from /opt/airflow/dags/main.py
[2026-05-07T19:58:38.068+0000] {logging_mixin.py:190} INFO - [2026-05-07T19:58:38.068+0000] {dag.py:3239} INFO - Sync 1 DAGs
[2026-05-07T19:58:38.090+0000] {logging_mixin.py:190} INFO - [2026-05-07T19:58:38.089+0000] {dag.py:4180} INFO - Setting next_dagrun for kafka_to_s3 to 2026-05-07 00:00:00+00:00, run_after=2026-05-08 00:00:00+00:00
[2026-05-07T19:58:38.109+0000] {processor.py:208} INFO - Processing /opt/airflow/dags/main.py took 0.360 seconds
[2026-05-07T19:59:08.778+0000] {processor.py:186} INFO - Started process (PID=1782) to work on /opt/airflow/dags/main.py
[2026-05-07T19:59:08.779+0000] {processor.py:914} INFO - Processing file /opt/airflow/dags/main.py for tasks to queue
[2026-05-07T19:59:08.782+0000] {logging_mixin.py:190} INFO - [2026-05-07T19:59:08.782+0000] {dagbag.py:588} INFO - Filling up the DagBag from /opt/airflow/dags/main.py
[2026-05-07T19:59:09.056+0000] {processor.py:925} INFO - DAG(s) 'kafka_to_s3' retrieved from /opt/airflow/dags/main.py
[2026-05-07T19:59:09.080+0000] {logging_mixin.py:190} INFO - [2026-05-07T19:59:09.080+0000] {dag.py:3239} INFO - Sync 1 DAGs
[2026-05-07T19:59:09.100+0000] {logging_mixin.py:190} INFO - [2026-05-07T19:59:09.100+0000] {dag.py:4180} INFO - Setting next_dagrun for kafka_to_s3 to 2026-05-07 00:00:00+00:00, run_after=2026-05-08 00:00:00+00:00
[2026-05-07T19:59:09.119+0000] {processor.py:208} INFO - Processing /opt/airflow/dags/main.py took 0.348 seconds
[2026-05-07T19:59:40.018+0000] {processor.py:186} INFO - Started process (PID=1789) to work on /opt/airflow/dags/main.py
[2026-05-07T19:59:40.020+0000] {processor.py:914} INFO - Processing file /opt/airflow/dags/main.py for tasks to queue
[2026-05-07T19:59:40.022+0000] {logging_mixin.py:190} INFO - [2026-05-07T19:59:40.022+0000] {dagbag.py:588} INFO - Filling up the DagBag from /opt/airflow/dags/main.py
[2026-05-07T19:59:40.299+0000] {processor.py:925} INFO - DAG(s) 'kafka_to_s3' retrieved from /opt/airflow/dags/main.py
[2026-05-07T19:59:40.323+0000] {logging_mixin.py:190} INFO - [2026-05-07T19:59:40.323+0000] {dag.py:3239} INFO - Sync 1 DAGs
[2026-05-07T19:59:40.345+0000] {logging_mixin.py:190} INFO - [2026-05-07T19:59:40.345+0000] {dag.py:4180} INFO - Setting next_dagrun for kafka_to_s3 to 2026-05-07 00:00:00+00:00, run_after=2026-05-08 00:00:00+00:00
[2026-05-07T19:59:40.366+0000] {processor.py:208} INFO - Processing /opt/airflow/dags/main.py took 0.353 seconds
[2026-05-07T20:00:11.843+0000] {processor.py:186} INFO - Started process (PID=1796) to work on /opt/airflow/dags/main.py
[2026-05-07T20:00:11.844+0000] {processor.py:914} INFO - Processing file /opt/airflow/dags/main.py for tasks to queue
[2026-05-07T20:00:11.848+0000] {logging_mixin.py:190} INFO - [2026-05-07T20:00:11.848+0000] {dagbag.py:588} INFO - Filling up the DagBag from /opt/airflow/dags/main.py
[2026-05-07T20:00:12.150+0000] {processor.py:925} INFO - DAG(s) 'kafka_to_s3' retrieved from /opt/airflow/dags/main.py
[2026-05-07T20:00:12.180+0000] {logging_mixin.py:190} INFO - [2026-05-07T20:00:12.179+0000] {dag.py:3239} INFO - Sync 1 DAGs
[2026-05-07T20:00:12.208+0000] {logging_mixin.py:190} INFO - [2026-05-07T20:00:12.208+0000] {dag.py:4180} INFO - Setting next_dagrun for kafka_to_s3 to 2026-05-07 00:00:00+00:00, run_after=2026-05-08 00:00:00+00:00
[2026-05-07T20:00:12.231+0000] {processor.py:208} INFO - Processing /opt/airflow/dags/main.py took 0.396 seconds
[2026-05-07T20:00:43.049+0000] {processor.py:186} INFO - Started process (PID=1803) to work on /opt/airflow/dags/main.py
[2026-05-07T20:00:43.051+0000] {processor.py:914} INFO - Processing file /opt/airflow/dags/main.py for tasks to queue
[2026-05-07T20:00:43.054+0000] {logging_mixin.py:190} INFO - [2026-05-07T20:00:43.054+0000] {dagbag.py:588} INFO - Filling up the DagBag from /opt/airflow/dags/main.py
[2026-05-07T20:00:43.424+0000] {processor.py:925} INFO - DAG(s) 'kafka_to_s3' retrieved from /opt/airflow/dags/main.py
[2026-05-07T20:00:43.453+0000] {logging_mixin.py:190} INFO - [2026-05-07T20:00:43.453+0000] {dag.py:3239} INFO - Sync 1 DAGs
[2026-05-07T20:00:43.480+0000] {logging_mixin.py:190} INFO - [2026-05-07T20:00:43.479+0000] {dag.py:4180} INFO - Setting next_dagrun for kafka_to_s3 to 2026-05-07 00:00:00+00:00, run_after=2026-05-08 00:00:00+00:00
[2026-05-07T20:00:43.503+0000] {processor.py:208} INFO - Processing /opt/airflow/dags/main.py took 0.462 seconds
[2026-05-07T20:01:15.030+0000] {processor.py:186} INFO - Started process (PID=1810) to work on /opt/airflow/dags/main.py
[2026-05-07T20:01:15.031+0000] {processor.py:914} INFO - Processing file /opt/airflow/dags/main.py for tasks to queue
[2026-05-07T20:01:15.035+0000] {logging_mixin.py:190} INFO - [2026-05-07T20:01:15.034+0000] {dagbag.py:588} INFO - Filling up the DagBag from /opt/airflow/dags/main.py
[2026-05-07T20:01:15.331+0000] {processor.py:925} INFO - DAG(s) 'kafka_to_s3' retrieved from /opt/airflow/dags/main.py
[2026-05-07T20:01:15.360+0000] {logging_mixin.py:190} INFO - [2026-05-07T20:01:15.359+0000] {dag.py:3239} INFO - Sync 1 DAGs
[2026-05-07T20:01:15.384+0000] {logging_mixin.py:190} INFO - [2026-05-07T20:01:15.384+0000] {dag.py:4180} INFO - Setting next_dagrun for kafka_to_s3 to 2026-05-07 00:00:00+00:00, run_after=2026-05-08 00:00:00+00:00
[2026-05-07T20:01:15.407+0000] {processor.py:208} INFO - Processing /opt/airflow/dags/main.py took 0.384 seconds
[2026-05-07T20:01:46.272+0000] {processor.py:186} INFO - Started process (PID=1817) to work on /opt/airflow/dags/main.py
[2026-05-07T20:01:46.274+0000] {processor.py:914} INFO - Processing file /opt/airflow/dags/main.py for tasks to queue
[2026-05-07T20:01:46.279+0000] {logging_mixin.py:190} INFO - [2026-05-07T20:01:46.278+0000] {dagbag.py:588} INFO - Filling up the DagBag from /opt/airflow/dags/main.py
[2026-05-07T20:01:46.572+0000] {processor.py:925} INFO - DAG(s) 'kafka_to_s3' retrieved from /opt/airflow/dags/main.py
[2026-05-07T20:01:46.594+0000] {logging_mixin.py:190} INFO - [2026-05-07T20:01:46.594+0000] {dag.py:3239} INFO - Sync 1 DAGs
[2026-05-07T20:01:46.619+0000] {logging_mixin.py:190} INFO - [2026-05-07T20:01:46.619+0000] {dag.py:4180} INFO - Setting next_dagrun for kafka_to_s3 to 2026-05-07 00:00:00+00:00, run_after=2026-05-08 00:00:00+00:00
[2026-05-07T20:01:46.639+0000] {processor.py:208} INFO - Processing /opt/airflow/dags/main.py took 0.376 seconds
[2026-05-07T20:02:17.499+0000] {processor.py:186} INFO - Started process (PID=1824) to work on /opt/airflow/dags/main.py
[2026-05-07T20:02:17.501+0000] {processor.py:914} INFO - Processing file /opt/airflow/dags/main.py for tasks to queue
[2026-05-07T20:02:17.506+0000] {logging_mixin.py:190} INFO - [2026-05-07T20:02:17.505+0000] {dagbag.py:588} INFO - Filling up the DagBag from /opt/airflow/dags/main.py
[2026-05-07T20:02:17.842+0000] {processor.py:925} INFO - DAG(s) 'kafka_to_s3' retrieved from /opt/airflow/dags/main.py
[2026-05-07T20:02:17.878+0000] {logging_mixin.py:190} INFO - [2026-05-07T20:02:17.878+0000] {dag.py:3239} INFO - Sync 1 DAGs
[2026-05-07T20:02:17.905+0000] {logging_mixin.py:190} INFO - [2026-05-07T20:02:17.904+0000] {dag.py:4180} INFO - Setting next_dagrun for kafka_to_s3 to 2026-05-07 00:00:00+00:00, run_after=2026-05-08 00:00:00+00:00
[2026-05-07T20:02:17.928+0000] {processor.py:208} INFO - Processing /opt/airflow/dags/main.py took 0.444 seconds
[2026-05-07T20:02:49.369+0000] {processor.py:186} INFO - Started process (PID=1831) to work on /opt/airflow/dags/main.py
[2026-05-07T20:02:49.370+0000] {processor.py:914} INFO - Processing file /opt/airflow/dags/main.py for tasks to queue
[2026-05-07T20:02:49.373+0000] {logging_mixin.py:190} INFO - [2026-05-07T20:02:49.373+0000] {dagbag.py:588} INFO - Filling up the DagBag from /opt/airflow/dags/main.py
[2026-05-07T20:02:49.676+0000] {processor.py:925} INFO - DAG(s) 'kafka_to_s3' retrieved from /opt/airflow/dags/main.py
[2026-05-07T20:02:49.704+0000] {logging_mixin.py:190} INFO - [2026-05-07T20:02:49.704+0000] {dag.py:3239} INFO - Sync 1 DAGs
[2026-05-07T20:02:49.732+0000] {logging_mixin.py:190} INFO - [2026-05-07T20:02:49.731+0000] {dag.py:4180} INFO - Setting next_dagrun for kafka_to_s3 to 2026-05-07 00:00:00+00:00, run_after=2026-05-08 00:00:00+00:00
[2026-05-07T20:02:49.754+0000] {processor.py:208} INFO - Processing /opt/airflow/dags/main.py took 0.393 seconds
[2026-05-07T20:03:20.652+0000] {processor.py:186} INFO - Started process (PID=1838) to work on /opt/airflow/dags/main.py
[2026-05-07T20:03:20.653+0000] {processor.py:914} INFO - Processing file /opt/airflow/dags/main.py for tasks to queue
[2026-05-07T20:03:20.656+0000] {logging_mixin.py:190} INFO - [2026-05-07T20:03:20.656+0000] {dagbag.py:588} INFO - Filling up the DagBag from /opt/airflow/dags/main.py
[2026-05-07T20:03:20.967+0000] {processor.py:925} INFO - DAG(s) 'kafka_to_s3' retrieved from /opt/airflow/dags/main.py
[2026-05-07T20:03:20.992+0000] {logging_mixin.py:190} INFO - [2026-05-07T20:03:20.992+0000] {dag.py:3239} INFO - Sync 1 DAGs
[2026-05-07T20:03:21.017+0000] {logging_mixin.py:190} INFO - [2026-05-07T20:03:21.016+0000] {dag.py:4180} INFO - Setting next_dagrun for kafka_to_s3 to 2026-05-07 00:00:00+00:00, run_after=2026-05-08 00:00:00+00:00
[2026-05-07T20:03:21.036+0000] {processor.py:208} INFO - Processing /opt/airflow/dags/main.py took 0.392 seconds
[2026-05-07T20:03:52.555+0000] {processor.py:186} INFO - Started process (PID=1845) to work on /opt/airflow/dags/main.py
[2026-05-07T20:03:52.556+0000] {processor.py:914} INFO - Processing file /opt/airflow/dags/main.py for tasks to queue
[2026-05-07T20:03:52.559+0000] {logging_mixin.py:190} INFO - [2026-05-07T20:03:52.559+0000] {dagbag.py:588} INFO - Filling up the DagBag from /opt/airflow/dags/main.py
[2026-05-07T20:03:52.872+0000] {processor.py:925} INFO - DAG(s) 'kafka_to_s3' retrieved from /opt/airflow/dags/main.py
[2026-05-07T20:03:52.896+0000] {logging_mixin.py:190} INFO - [2026-05-07T20:03:52.895+0000] {dag.py:3239} INFO - Sync 1 DAGs
[2026-05-07T20:03:52.917+0000] {logging_mixin.py:190} INFO - [2026-05-07T20:03:52.917+0000] {dag.py:4180} INFO - Setting next_dagrun for kafka_to_s3 to 2026-05-07 00:00:00+00:00, run_after=2026-05-08 00:00:00+00:00
[2026-05-07T20:03:52.937+0000] {processor.py:208} INFO - Processing /opt/airflow/dags/main.py took 0.390 seconds
[2026-05-07T20:04:25.231+0000] {processor.py:186} INFO - Started process (PID=1852) to work on /opt/airflow/dags/main.py
[2026-05-07T20:04:25.233+0000] {processor.py:914} INFO - Processing file /opt/airflow/dags/main.py for tasks to queue
[2026-05-07T20:04:25.236+0000] {logging_mixin.py:190} INFO - [2026-05-07T20:04:25.235+0000] {dagbag.py:588} INFO - Filling up the DagBag from /opt/airflow/dags/main.py
[2026-05-07T20:04:25.588+0000] {processor.py:925} INFO - DAG(s) 'kafka_to_s3' retrieved from /opt/airflow/dags/main.py
[2026-05-07T20:04:25.619+0000] {logging_mixin.py:190} INFO - [2026-05-07T20:04:25.619+0000] {dag.py:3239} INFO - Sync 1 DAGs
[2026-05-07T20:04:25.645+0000] {logging_mixin.py:190} INFO - [2026-05-07T20:04:25.645+0000] {dag.py:4180} INFO - Setting next_dagrun for kafka_to_s3 to 2026-05-07 00:00:00+00:00, run_after=2026-05-08 00:00:00+00:00
[2026-05-07T20:04:25.668+0000] {processor.py:208} INFO - Processing /opt/airflow/dags/main.py took 0.444 seconds
[2026-05-07T20:04:56.205+0000] {processor.py:186} INFO - Started process (PID=1859) to work on /opt/airflow/dags/main.py
[2026-05-07T20:04:56.207+0000] {processor.py:914} INFO - Processing file /opt/airflow/dags/main.py for tasks to queue
[2026-05-07T20:04:56.209+0000] {logging_mixin.py:190} INFO - [2026-05-07T20:04:56.209+0000] {dagbag.py:588} INFO - Filling up the DagBag from /opt/airflow/dags/main.py
[2026-05-07T20:04:56.511+0000] {processor.py:925} INFO - DAG(s) 'kafka_to_s3' retrieved from /opt/airflow/dags/main.py
[2026-05-07T20:04:56.536+0000] {logging_mixin.py:190} INFO - [2026-05-07T20:04:56.536+0000] {dag.py:3239} INFO - Sync 1 DAGs
[2026-05-07T20:04:56.555+0000] {logging_mixin.py:190} INFO - [2026-05-07T20:04:56.555+0000] {dag.py:4180} INFO - Setting next_dagrun for kafka_to_s3 to 2026-05-07 00:00:00+00:00, run_after=2026-05-08 00:00:00+00:00
[2026-05-07T20:04:56.574+0000] {processor.py:208} INFO - Processing /opt/airflow/dags/main.py took 0.375 seconds
[2026-05-07T20:05:27.193+0000] {processor.py:186} INFO - Started process (PID=1866) to work on /opt/airflow/dags/main.py
[2026-05-07T20:05:27.194+0000] {processor.py:914} INFO - Processing file /opt/airflow/dags/main.py for tasks to queue
[2026-05-07T20:05:27.197+0000] {logging_mixin.py:190} INFO - [2026-05-07T20:05:27.197+0000] {dagbag.py:588} INFO - Filling up the DagBag from /opt/airflow/dags/main.py
[2026-05-07T20:05:27.531+0000] {processor.py:925} INFO - DAG(s) 'kafka_to_s3' retrieved from /opt/airflow/dags/main.py
[2026-05-07T20:05:27.577+0000] {logging_mixin.py:190} INFO - [2026-05-07T20:05:27.577+0000] {dag.py:3239} INFO - Sync 1 DAGs
[2026-05-07T20:05:27.617+0000] {logging_mixin.py:190} INFO - [2026-05-07T20:05:27.617+0000] {dag.py:4180} INFO - Setting next_dagrun for kafka_to_s3 to 2026-05-07 00:00:00+00:00, run_after=2026-05-08 00:00:00+00:00
[2026-05-07T20:05:27.643+0000] {processor.py:208} INFO - Processing /opt/airflow/dags/main.py took 0.457 seconds
[2026-05-07T20:05:58.583+0000] {processor.py:186} INFO - Started process (PID=1873) to work on /opt/airflow/dags/main.py
[2026-05-07T20:05:58.584+0000] {processor.py:914} INFO - Processing file /opt/airflow/dags/main.py for tasks to queue
[2026-05-07T20:05:58.587+0000] {logging_mixin.py:190} INFO - [2026-05-07T20:05:58.587+0000] {dagbag.py:588} INFO - Filling up the DagBag from /opt/airflow/dags/main.py
[2026-05-07T20:05:58.866+0000] {processor.py:925} INFO - DAG(s) 'kafka_to_s3' retrieved from /opt/airflow/dags/main.py
[2026-05-07T20:05:58.889+0000] {logging_mixin.py:190} INFO - [2026-05-07T20:05:58.888+0000] {dag.py:3239} INFO - Sync 1 DAGs
[2026-05-07T20:05:58.912+0000] {logging_mixin.py:190} INFO - [2026-05-07T20:05:58.911+0000] {dag.py:4180} INFO - Setting next_dagrun for kafka_to_s3 to 2026-05-07 00:00:00+00:00, run_after=2026-05-08 00:00:00+00:00
[2026-05-07T20:05:58.931+0000] {processor.py:208} INFO - Processing /opt/airflow/dags/main.py took 0.354 seconds
[2026-05-07T20:06:29.718+0000] {processor.py:186} INFO - Started process (PID=1880) to work on /opt/airflow/dags/main.py
[2026-05-07T20:06:29.720+0000] {processor.py:914} INFO - Processing file /opt/airflow/dags/main.py for tasks to queue
[2026-05-07T20:06:29.724+0000] {logging_mixin.py:190} INFO - [2026-05-07T20:06:29.724+0000] {dagbag.py:588} INFO - Filling up the DagBag from /opt/airflow/dags/main.py
[2026-05-07T20:06:30.168+0000] {processor.py:925} INFO - DAG(s) 'kafka_to_s3' retrieved from /opt/airflow/dags/main.py
[2026-05-07T20:06:30.197+0000] {logging_mixin.py:190} INFO - [2026-05-07T20:06:30.197+0000] {dag.py:3239} INFO - Sync 1 DAGs
[2026-05-07T20:06:30.225+0000] {logging_mixin.py:190} INFO - [2026-05-07T20:06:30.225+0000] {dag.py:4180} INFO - Setting next_dagrun for kafka_to_s3 to 2026-05-07 00:00:00+00:00, run_after=2026-05-08 00:00:00+00:00
[2026-05-07T20:06:30.246+0000] {processor.py:208} INFO - Processing /opt/airflow/dags/main.py took 0.536 seconds
[2026-05-07T20:07:00.339+0000] {processor.py:186} INFO - Started process (PID=1887) to work on /opt/airflow/dags/main.py
[2026-05-07T20:07:00.341+0000] {processor.py:914} INFO - Processing file /opt/airflow/dags/main.py for tasks to queue
[2026-05-07T20:07:00.345+0000] {logging_mixin.py:190} INFO - [2026-05-07T20:07:00.344+0000] {dagbag.py:588} INFO - Filling up the DagBag from /opt/airflow/dags/main.py
[2026-05-07T20:07:00.657+0000] {processor.py:925} INFO - DAG(s) 'kafka_to_s3' retrieved from /opt/airflow/dags/main.py
[2026-05-07T20:07:00.681+0000] {logging_mixin.py:190} INFO - [2026-05-07T20:07:00.681+0000] {dag.py:3239} INFO - Sync 1 DAGs
[2026-05-07T20:07:00.704+0000] {logging_mixin.py:190} INFO - [2026-05-07T20:07:00.704+0000] {dag.py:4180} INFO - Setting next_dagrun for kafka_to_s3 to 2026-05-07 00:00:00+00:00, run_after=2026-05-08 00:00:00+00:00
[2026-05-07T20:07:00.725+0000] {processor.py:208} INFO - Processing /opt/airflow/dags/main.py took 0.395 seconds
[2026-05-07T20:07:31.211+0000] {processor.py:186} INFO - Started process (PID=1895) to work on /opt/airflow/dags/main.py
[2026-05-07T20:07:31.213+0000] {processor.py:914} INFO - Processing file /opt/airflow/dags/main.py for tasks to queue
[2026-05-07T20:07:31.216+0000] {logging_mixin.py:190} INFO - [2026-05-07T20:07:31.216+0000] {dagbag.py:588} INFO - Filling up the DagBag from /opt/airflow/dags/main.py
[2026-05-07T20:07:31.503+0000] {processor.py:925} INFO - DAG(s) 'kafka_to_s3' retrieved from /opt/airflow/dags/main.py
[2026-05-07T20:07:31.527+0000] {logging_mixin.py:190} INFO - [2026-05-07T20:07:31.527+0000] {dag.py:3239} INFO - Sync 1 DAGs
[2026-05-07T20:07:31.547+0000] {logging_mixin.py:190} INFO - [2026-05-07T20:07:31.547+0000] {dag.py:4180} INFO - Setting next_dagrun for kafka_to_s3 to 2026-05-07 00:00:00+00:00, run_after=2026-05-08 00:00:00+00:00
[2026-05-07T20:07:31.567+0000] {processor.py:208} INFO - Processing /opt/airflow/dags/main.py took 0.363 seconds
[2026-05-07T20:08:01.878+0000] {processor.py:186} INFO - Started process (PID=1902) to work on /opt/airflow/dags/main.py
[2026-05-07T20:08:01.879+0000] {processor.py:914} INFO - Processing file /opt/airflow/dags/main.py for tasks to queue
[2026-05-07T20:08:01.882+0000] {logging_mixin.py:190} INFO - [2026-05-07T20:08:01.882+0000] {dagbag.py:588} INFO - Filling up the DagBag from /opt/airflow/dags/main.py
[2026-05-07T20:08:02.199+0000] {processor.py:925} INFO - DAG(s) 'kafka_to_s3' retrieved from /opt/airflow/dags/main.py
[2026-05-07T20:08:02.227+0000] {logging_mixin.py:190} INFO - [2026-05-07T20:08:02.227+0000] {dag.py:3239} INFO - Sync 1 DAGs
[2026-05-07T20:08:02.252+0000] {logging_mixin.py:190} INFO - [2026-05-07T20:08:02.252+0000] {dag.py:4180} INFO - Setting next_dagrun for kafka_to_s3 to 2026-05-07 00:00:00+00:00, run_after=2026-05-08 00:00:00+00:00
[2026-05-07T20:08:02.275+0000] {processor.py:208} INFO - Processing /opt/airflow/dags/main.py took 0.405 seconds
[2026-05-07T20:08:32.763+0000] {processor.py:186} INFO - Started process (PID=1909) to work on /opt/airflow/dags/main.py
[2026-05-07T20:08:32.764+0000] {processor.py:914} INFO - Processing file /opt/airflow/dags/main.py for tasks to queue
[2026-05-07T20:08:32.767+0000] {logging_mixin.py:190} INFO - [2026-05-07T20:08:32.766+0000] {dagbag.py:588} INFO - Filling up the DagBag from /opt/airflow/dags/main.py
[2026-05-07T20:08:33.050+0000] {processor.py:925} INFO - DAG(s) 'kafka_to_s3' retrieved from /opt/airflow/dags/main.py
[2026-05-07T20:08:33.074+0000] {logging_mixin.py:190} INFO - [2026-05-07T20:08:33.073+0000] {dag.py:3239} INFO - Sync 1 DAGs
[2026-05-07T20:08:33.097+0000] {logging_mixin.py:190} INFO - [2026-05-07T20:08:33.097+0000] {dag.py:4180} INFO - Setting next_dagrun for kafka_to_s3 to 2026-05-07 00:00:00+00:00, run_after=2026-05-08 00:00:00+00:00
[2026-05-07T20:08:33.120+0000] {processor.py:208} INFO - Processing /opt/airflow/dags/main.py took 0.364 seconds
[2026-05-07T20:09:03.790+0000] {processor.py:186} INFO - Started process (PID=1916) to work on /opt/airflow/dags/main.py
[2026-05-07T20:09:03.792+0000] {processor.py:914} INFO - Processing file /opt/airflow/dags/main.py for tasks to queue
[2026-05-07T20:09:03.795+0000] {logging_mixin.py:190} INFO - [2026-05-07T20:09:03.794+0000] {dagbag.py:588} INFO - Filling up the DagBag from /opt/airflow/dags/main.py
[2026-05-07T20:09:04.071+0000] {processor.py:925} INFO - DAG(s) 'kafka_to_s3' retrieved from /opt/airflow/dags/main.py
[2026-05-07T20:09:04.094+0000] {logging_mixin.py:190} INFO - [2026-05-07T20:09:04.094+0000] {dag.py:3239} INFO - Sync 1 DAGs
[2026-05-07T20:09:04.115+0000] {logging_mixin.py:190} INFO - [2026-05-07T20:09:04.115+0000] {dag.py:4180} INFO - Setting next_dagrun for kafka_to_s3 to 2026-05-07 00:00:00+00:00, run_after=2026-05-08 00:00:00+00:00
[2026-05-07T20:09:04.133+0000] {processor.py:208} INFO - Processing /opt/airflow/dags/main.py took 0.350 seconds
[2026-05-07T20:09:34.869+0000] {processor.py:186} INFO - Started process (PID=1923) to work on /opt/airflow/dags/main.py
[2026-05-07T20:09:34.870+0000] {processor.py:914} INFO - Processing file /opt/airflow/dags/main.py for tasks to queue
[2026-05-07T20:09:34.872+0000] {logging_mixin.py:190} INFO - [2026-05-07T20:09:34.872+0000] {dagbag.py:588} INFO - Filling up the DagBag from /opt/airflow/dags/main.py
[2026-05-07T20:09:35.144+0000] {processor.py:925} INFO - DAG(s) 'kafka_to_s3' retrieved from /opt/airflow/dags/main.py
[2026-05-07T20:09:35.169+0000] {logging_mixin.py:190} INFO - [2026-05-07T20:09:35.168+0000] {dag.py:3239} INFO - Sync 1 DAGs
[2026-05-07T20:09:35.189+0000] {logging_mixin.py:190} INFO - [2026-05-07T20:09:35.189+0000] {dag.py:4180} INFO - Setting next_dagrun for kafka_to_s3 to 2026-05-07 00:00:00+00:00, run_after=2026-05-08 00:00:00+00:00
[2026-05-07T20:09:35.208+0000] {processor.py:208} INFO - Processing /opt/airflow/dags/main.py took 0.346 seconds
[2026-05-07T20:10:05.714+0000] {processor.py:186} INFO - Started process (PID=1930) to work on /opt/airflow/dags/main.py
[2026-05-07T20:10:05.716+0000] {processor.py:914} INFO - Processing file /opt/airflow/dags/main.py for tasks to queue
[2026-05-07T20:10:05.718+0000] {logging_mixin.py:190} INFO - [2026-05-07T20:10:05.718+0000] {dagbag.py:588} INFO - Filling up the DagBag from /opt/airflow/dags/main.py
[2026-05-07T20:10:05.992+0000] {processor.py:925} INFO - DAG(s) 'kafka_to_s3' retrieved from /opt/airflow/dags/main.py
[2026-05-07T20:10:06.019+0000] {logging_mixin.py:190} INFO - [2026-05-07T20:10:06.019+0000] {dag.py:3239} INFO - Sync 1 DAGs
[2026-05-07T20:10:06.041+0000] {logging_mixin.py:190} INFO - [2026-05-07T20:10:06.041+0000] {dag.py:4180} INFO - Setting next_dagrun for kafka_to_s3 to 2026-05-07 00:00:00+00:00, run_after=2026-05-08 00:00:00+00:00
[2026-05-07T20:10:06.061+0000] {processor.py:208} INFO - Processing /opt/airflow/dags/main.py took 0.353 seconds
[2026-05-07T20:10:36.402+0000] {processor.py:186} INFO - Started process (PID=1937) to work on /opt/airflow/dags/main.py
[2026-05-07T20:10:36.404+0000] {processor.py:914} INFO - Processing file /opt/airflow/dags/main.py for tasks to queue
[2026-05-07T20:10:36.406+0000] {logging_mixin.py:190} INFO - [2026-05-07T20:10:36.406+0000] {dagbag.py:588} INFO - Filling up the DagBag from /opt/airflow/dags/main.py
[2026-05-07T20:10:36.604+0000] {processor.py:925} INFO - DAG(s) 'kafka_to_s3' retrieved from /opt/airflow/dags/main.py
[2026-05-07T20:10:36.641+0000] {logging_mixin.py:190} INFO - [2026-05-07T20:10:36.641+0000] {dag.py:3239} INFO - Sync 1 DAGs
[2026-05-07T20:10:36.678+0000] {logging_mixin.py:190} INFO - [2026-05-07T20:10:36.678+0000] {dag.py:4180} INFO - Setting next_dagrun for kafka_to_s3 to 2026-05-07 00:00:00+00:00, run_after=2026-05-08 00:00:00+00:00
[2026-05-07T20:10:36.716+0000] {processor.py:208} INFO - Processing /opt/airflow/dags/main.py took 0.320 seconds
[2026-05-07T20:11:07.395+0000] {processor.py:186} INFO - Started process (PID=1944) to work on /opt/airflow/dags/main.py
[2026-05-07T20:11:07.397+0000] {processor.py:914} INFO - Processing file /opt/airflow/dags/main.py for tasks to queue
[2026-05-07T20:11:07.401+0000] {logging_mixin.py:190} INFO - [2026-05-07T20:11:07.401+0000] {dagbag.py:588} INFO - Filling up the DagBag from /opt/airflow/dags/main.py
[2026-05-07T20:11:07.569+0000] {processor.py:925} INFO - DAG(s) 'kafka_to_s3' retrieved from /opt/airflow/dags/main.py
[2026-05-07T20:11:07.602+0000] {logging_mixin.py:190} INFO - [2026-05-07T20:11:07.601+0000] {dag.py:3239} INFO - Sync 1 DAGs
[2026-05-07T20:11:07.635+0000] {logging_mixin.py:190} INFO - [2026-05-07T20:11:07.634+0000] {dag.py:4180} INFO - Setting next_dagrun for kafka_to_s3 to 2026-05-07 00:00:00+00:00, run_after=2026-05-08 00:00:00+00:00
[2026-05-07T20:11:07.657+0000] {processor.py:208} INFO - Processing /opt/airflow/dags/main.py took 0.271 seconds
[2026-05-07T20:11:38.437+0000] {processor.py:186} INFO - Started process (PID=1951) to work on /opt/airflow/dags/main.py
[2026-05-07T20:11:38.439+0000] {processor.py:914} INFO - Processing file /opt/airflow/dags/main.py for tasks to queue
[2026-05-07T20:11:38.443+0000] {logging_mixin.py:190} INFO - [2026-05-07T20:11:38.443+0000] {dagbag.py:588} INFO - Filling up the DagBag from /opt/airflow/dags/main.py
[2026-05-07T20:11:38.584+0000] {processor.py:925} INFO - DAG(s) 'kafka_to_s3' retrieved from /opt/airflow/dags/main.py
[2026-05-07T20:11:38.613+0000] {logging_mixin.py:190} INFO - [2026-05-07T20:11:38.613+0000] {dag.py:3239} INFO - Sync 1 DAGs
[2026-05-07T20:11:38.641+0000] {logging_mixin.py:190} INFO - [2026-05-07T20:11:38.640+0000] {dag.py:4180} INFO - Setting next_dagrun for kafka_to_s3 to 2026-05-07 00:00:00+00:00, run_after=2026-05-08 00:00:00+00:00
[2026-05-07T20:11:38.662+0000] {processor.py:208} INFO - Processing /opt/airflow/dags/main.py took 0.235 seconds
[2026-05-07T20:12:09.472+0000] {processor.py:186} INFO - Started process (PID=1958) to work on /opt/airflow/dags/main.py
[2026-05-07T20:12:09.473+0000] {processor.py:914} INFO - Processing file /opt/airflow/dags/main.py for tasks to queue
[2026-05-07T20:12:09.477+0000] {logging_mixin.py:190} INFO - [2026-05-07T20:12:09.476+0000] {dagbag.py:588} INFO - Filling up the DagBag from /opt/airflow/dags/main.py
[2026-05-07T20:12:09.622+0000] {processor.py:925} INFO - DAG(s) 'kafka_to_s3' retrieved from /opt/airflow/dags/main.py
[2026-05-07T20:12:09.653+0000] {logging_mixin.py:190} INFO - [2026-05-07T20:12:09.653+0000] {dag.py:3239} INFO - Sync 1 DAGs
[2026-05-07T20:12:09.682+0000] {logging_mixin.py:190} INFO - [2026-05-07T20:12:09.682+0000] {dag.py:4180} INFO - Setting next_dagrun for kafka_to_s3 to 2026-05-07 00:00:00+00:00, run_after=2026-05-08 00:00:00+00:00
[2026-05-07T20:12:09.704+0000] {processor.py:208} INFO - Processing /opt/airflow/dags/main.py took 0.240 seconds
[2026-05-07T20:12:40.358+0000] {processor.py:186} INFO - Started process (PID=1964) to work on /opt/airflow/dags/main.py
[2026-05-07T20:12:40.360+0000] {processor.py:914} INFO - Processing file /opt/airflow/dags/main.py for tasks to queue
[2026-05-07T20:12:40.363+0000] {logging_mixin.py:190} INFO - [2026-05-07T20:12:40.363+0000] {dagbag.py:588} INFO - Filling up the DagBag from /opt/airflow/dags/main.py
[2026-05-07T20:12:40.552+0000] {processor.py:925} INFO - DAG(s) 'kafka_to_s3' retrieved from /opt/airflow/dags/main.py
[2026-05-07T20:12:40.583+0000] {logging_mixin.py:190} INFO - [2026-05-07T20:12:40.583+0000] {dag.py:3239} INFO - Sync 1 DAGs
[2026-05-07T20:12:40.608+0000] {logging_mixin.py:190} INFO - [2026-05-07T20:12:40.608+0000] {dag.py:4180} INFO - Setting next_dagrun for kafka_to_s3 to 2026-05-07 00:00:00+00:00, run_after=2026-05-08 00:00:00+00:00
[2026-05-07T20:12:40.630+0000] {processor.py:208} INFO - Processing /opt/airflow/dags/main.py took 0.281 seconds
[2026-05-07T20:13:10.724+0000] {processor.py:186} INFO - Started process (PID=1971) to work on /opt/airflow/dags/main.py
[2026-05-07T20:13:10.725+0000] {processor.py:914} INFO - Processing file /opt/airflow/dags/main.py for tasks to queue
[2026-05-07T20:13:10.729+0000] {logging_mixin.py:190} INFO - [2026-05-07T20:13:10.728+0000] {dagbag.py:588} INFO - Filling up the DagBag from /opt/airflow/dags/main.py
[2026-05-07T20:13:10.865+0000] {processor.py:925} INFO - DAG(s) 'kafka_to_s3' retrieved from /opt/airflow/dags/main.py
[2026-05-07T20:13:10.901+0000] {logging_mixin.py:190} INFO - [2026-05-07T20:13:10.900+0000] {dag.py:3239} INFO - Sync 1 DAGs
[2026-05-07T20:13:10.930+0000] {logging_mixin.py:190} INFO - [2026-05-07T20:13:10.930+0000] {dag.py:4180} INFO - Setting next_dagrun for kafka_to_s3 to 2026-05-07 00:00:00+00:00, run_after=2026-05-08 00:00:00+00:00
[2026-05-07T20:13:10.953+0000] {processor.py:208} INFO - Processing /opt/airflow/dags/main.py took 0.238 seconds
[2026-05-07T20:13:41.625+0000] {processor.py:186} INFO - Started process (PID=1978) to work on /opt/airflow/dags/main.py
[2026-05-07T20:13:41.626+0000] {processor.py:914} INFO - Processing file /opt/airflow/dags/main.py for tasks to queue
[2026-05-07T20:13:41.631+0000] {logging_mixin.py:190} INFO - [2026-05-07T20:13:41.630+0000] {dagbag.py:588} INFO - Filling up the DagBag from /opt/airflow/dags/main.py
[2026-05-07T20:13:41.761+0000] {processor.py:925} INFO - DAG(s) 'kafka_to_s3' retrieved from /opt/airflow/dags/main.py
[2026-05-07T20:13:41.789+0000] {logging_mixin.py:190} INFO - [2026-05-07T20:13:41.789+0000] {dag.py:3239} INFO - Sync 1 DAGs
[2026-05-07T20:13:41.814+0000] {logging_mixin.py:190} INFO - [2026-05-07T20:13:41.814+0000] {dag.py:4180} INFO - Setting next_dagrun for kafka_to_s3 to 2026-05-07 00:00:00+00:00, run_after=2026-05-08 00:00:00+00:00
[2026-05-07T20:13:41.835+0000] {processor.py:208} INFO - Processing /opt/airflow/dags/main.py took 0.219 seconds
[2026-05-07T20:14:12.717+0000] {processor.py:186} INFO - Started process (PID=1985) to work on /opt/airflow/dags/main.py
[2026-05-07T20:14:12.718+0000] {processor.py:914} INFO - Processing file /opt/airflow/dags/main.py for tasks to queue
[2026-05-07T20:14:12.722+0000] {logging_mixin.py:190} INFO - [2026-05-07T20:14:12.722+0000] {dagbag.py:588} INFO - Filling up the DagBag from /opt/airflow/dags/main.py
[2026-05-07T20:14:12.866+0000] {processor.py:925} INFO - DAG(s) 'kafka_to_s3' retrieved from /opt/airflow/dags/main.py
[2026-05-07T20:14:12.897+0000] {logging_mixin.py:190} INFO - [2026-05-07T20:14:12.897+0000] {dag.py:3239} INFO - Sync 1 DAGs
[2026-05-07T20:14:12.926+0000] {logging_mixin.py:190} INFO - [2026-05-07T20:14:12.926+0000] {dag.py:4180} INFO - Setting next_dagrun for kafka_to_s3 to 2026-05-07 00:00:00+00:00, run_after=2026-05-08 00:00:00+00:00
[2026-05-07T20:14:12.950+0000] {processor.py:208} INFO - Processing /opt/airflow/dags/main.py took 0.241 seconds
[2026-05-07T20:14:43.658+0000] {processor.py:186} INFO - Started process (PID=1992) to work on /opt/airflow/dags/main.py
[2026-05-07T20:14:43.660+0000] {processor.py:914} INFO - Processing file /opt/airflow/dags/main.py for tasks to queue
[2026-05-07T20:14:43.664+0000] {logging_mixin.py:190} INFO - [2026-05-07T20:14:43.664+0000] {dagbag.py:588} INFO - Filling up the DagBag from /opt/airflow/dags/main.py
[2026-05-07T20:14:43.790+0000] {processor.py:925} INFO - DAG(s) 'kafka_to_s3' retrieved from /opt/airflow/dags/main.py
[2026-05-07T20:14:43.818+0000] {logging_mixin.py:190} INFO - [2026-05-07T20:14:43.817+0000] {dag.py:3239} INFO - Sync 1 DAGs
[2026-05-07T20:14:43.843+0000] {logging_mixin.py:190} INFO - [2026-05-07T20:14:43.842+0000] {dag.py:4180} INFO - Setting next_dagrun for kafka_to_s3 to 2026-05-07 00:00:00+00:00, run_after=2026-05-08 00:00:00+00:00
[2026-05-07T20:14:43.864+0000] {processor.py:208} INFO - Processing /opt/airflow/dags/main.py took 0.213 seconds
[2026-05-07T20:15:14.804+0000] {processor.py:186} INFO - Started process (PID=1999) to work on /opt/airflow/dags/main.py
[2026-05-07T20:15:14.806+0000] {processor.py:914} INFO - Processing file /opt/airflow/dags/main.py for tasks to queue
[2026-05-07T20:15:14.809+0000] {logging_mixin.py:190} INFO - [2026-05-07T20:15:14.809+0000] {dagbag.py:588} INFO - Filling up the DagBag from /opt/airflow/dags/main.py
[2026-05-07T20:15:14.936+0000] {processor.py:925} INFO - DAG(s) 'kafka_to_s3' retrieved from /opt/airflow/dags/main.py
[2026-05-07T20:15:14.964+0000] {logging_mixin.py:190} INFO - [2026-05-07T20:15:14.963+0000] {dag.py:3239} INFO - Sync 1 DAGs
[2026-05-07T20:15:14.991+0000] {logging_mixin.py:190} INFO - [2026-05-07T20:15:14.991+0000] {dag.py:4180} INFO - Setting next_dagrun for kafka_to_s3 to 2026-05-07 00:00:00+00:00, run_after=2026-05-08 00:00:00+00:00
[2026-05-07T20:15:15.013+0000] {processor.py:208} INFO - Processing /opt/airflow/dags/main.py took 0.216 seconds
[2026-05-07T20:15:45.293+0000] {processor.py:186} INFO - Started process (PID=2006) to work on /opt/airflow/dags/main.py
[2026-05-07T20:15:45.294+0000] {processor.py:914} INFO - Processing file /opt/airflow/dags/main.py for tasks to queue
[2026-05-07T20:15:45.298+0000] {logging_mixin.py:190} INFO - [2026-05-07T20:15:45.298+0000] {dagbag.py:588} INFO - Filling up the DagBag from /opt/airflow/dags/main.py
[2026-05-07T20:15:45.421+0000] {processor.py:925} INFO - DAG(s) 'kafka_to_s3' retrieved from /opt/airflow/dags/main.py
[2026-05-07T20:15:45.449+0000] {logging_mixin.py:190} INFO - [2026-05-07T20:15:45.449+0000] {dag.py:3239} INFO - Sync 1 DAGs
[2026-05-07T20:15:45.471+0000] {logging_mixin.py:190} INFO - [2026-05-07T20:15:45.471+0000] {dag.py:4180} INFO - Setting next_dagrun for kafka_to_s3 to 2026-05-07 00:00:00+00:00, run_after=2026-05-08 00:00:00+00:00
[2026-05-07T20:15:45.491+0000] {processor.py:208} INFO - Processing /opt/airflow/dags/main.py took 0.207 seconds
[2026-05-07T20:16:15.677+0000] {processor.py:186} INFO - Started process (PID=2013) to work on /opt/airflow/dags/main.py
[2026-05-07T20:16:15.679+0000] {processor.py:914} INFO - Processing file /opt/airflow/dags/main.py for tasks to queue
[2026-05-07T20:16:15.681+0000] {logging_mixin.py:190} INFO - [2026-05-07T20:16:15.681+0000] {dagbag.py:588} INFO - Filling up the DagBag from /opt/airflow/dags/main.py
[2026-05-07T20:16:15.827+0000] {processor.py:925} INFO - DAG(s) 'kafka_to_s3' retrieved from /opt/airflow/dags/main.py
[2026-05-07T20:16:15.857+0000] {logging_mixin.py:190} INFO - [2026-05-07T20:16:15.856+0000] {dag.py:3239} INFO - Sync 1 DAGs
[2026-05-07T20:16:15.883+0000] {logging_mixin.py:190} INFO - [2026-05-07T20:16:15.882+0000] {dag.py:4180} INFO - Setting next_dagrun for kafka_to_s3 to 2026-05-07 00:00:00+00:00, run_after=2026-05-08 00:00:00+00:00
[2026-05-07T20:16:15.905+0000] {processor.py:208} INFO - Processing /opt/airflow/dags/main.py took 0.235 seconds
[2026-05-07T20:16:46.647+0000] {processor.py:186} INFO - Started process (PID=2020) to work on /opt/airflow/dags/main.py
[2026-05-07T20:16:46.650+0000] {processor.py:914} INFO - Processing file /opt/airflow/dags/main.py for tasks to queue
[2026-05-07T20:16:46.654+0000] {logging_mixin.py:190} INFO - [2026-05-07T20:16:46.653+0000] {dagbag.py:588} INFO - Filling up the DagBag from /opt/airflow/dags/main.py
[2026-05-07T20:16:46.835+0000] {processor.py:925} INFO - DAG(s) 'kafka_to_s3' retrieved from /opt/airflow/dags/main.py
[2026-05-07T20:16:46.862+0000] {logging_mixin.py:190} INFO - [2026-05-07T20:16:46.862+0000] {dag.py:3239} INFO - Sync 1 DAGs
[2026-05-07T20:16:46.887+0000] {logging_mixin.py:190} INFO - [2026-05-07T20:16:46.887+0000] {dag.py:4180} INFO - Setting next_dagrun for kafka_to_s3 to 2026-05-07 00:00:00+00:00, run_after=2026-05-08 00:00:00+00:00
[2026-05-07T20:16:46.909+0000] {processor.py:208} INFO - Processing /opt/airflow/dags/main.py took 0.282 seconds
[2026-05-07T20:17:17.812+0000] {processor.py:186} INFO - Started process (PID=2027) to work on /opt/airflow/dags/main.py
[2026-05-07T20:17:17.813+0000] {processor.py:914} INFO - Processing file /opt/airflow/dags/main.py for tasks to queue
[2026-05-07T20:17:17.816+0000] {logging_mixin.py:190} INFO - [2026-05-07T20:17:17.816+0000] {dagbag.py:588} INFO - Filling up the DagBag from /opt/airflow/dags/main.py
[2026-05-07T20:17:17.969+0000] {processor.py:925} INFO - DAG(s) 'kafka_to_s3' retrieved from /opt/airflow/dags/main.py
[2026-05-07T20:17:18.004+0000] {logging_mixin.py:190} INFO - [2026-05-07T20:17:18.004+0000] {dag.py:3239} INFO - Sync 1 DAGs
[2026-05-07T20:17:18.036+0000] {logging_mixin.py:190} INFO - [2026-05-07T20:17:18.036+0000] {dag.py:4180} INFO - Setting next_dagrun for kafka_to_s3 to 2026-05-07 00:00:00+00:00, run_after=2026-05-08 00:00:00+00:00
[2026-05-07T20:17:18.063+0000] {processor.py:208} INFO - Processing /opt/airflow/dags/main.py took 0.260 seconds
[2026-05-07T20:17:48.644+0000] {processor.py:186} INFO - Started process (PID=2034) to work on /opt/airflow/dags/main.py
[2026-05-07T20:17:48.645+0000] {processor.py:914} INFO - Processing file /opt/airflow/dags/main.py for tasks to queue
[2026-05-07T20:17:48.648+0000] {logging_mixin.py:190} INFO - [2026-05-07T20:17:48.648+0000] {dagbag.py:588} INFO - Filling up the DagBag from /opt/airflow/dags/main.py
[2026-05-07T20:17:48.770+0000] {processor.py:925} INFO - DAG(s) 'kafka_to_s3' retrieved from /opt/airflow/dags/main.py
[2026-05-07T20:17:48.798+0000] {logging_mixin.py:190} INFO - [2026-05-07T20:17:48.798+0000] {dag.py:3239} INFO - Sync 1 DAGs
[2026-05-07T20:17:48.824+0000] {logging_mixin.py:190} INFO - [2026-05-07T20:17:48.824+0000] {dag.py:4180} INFO - Setting next_dagrun for kafka_to_s3 to 2026-05-07 00:00:00+00:00, run_after=2026-05-08 00:00:00+00:00
[2026-05-07T20:17:48.844+0000] {processor.py:208} INFO - Processing /opt/airflow/dags/main.py took 0.208 seconds
[2026-05-07T20:18:19.787+0000] {processor.py:186} INFO - Started process (PID=2041) to work on /opt/airflow/dags/main.py
[2026-05-07T20:18:19.789+0000] {processor.py:914} INFO - Processing file /opt/airflow/dags/main.py for tasks to queue
[2026-05-07T20:18:19.795+0000] {logging_mixin.py:190} INFO - [2026-05-07T20:18:19.794+0000] {dagbag.py:588} INFO - Filling up the DagBag from /opt/airflow/dags/main.py
[2026-05-07T20:18:19.939+0000] {processor.py:925} INFO - DAG(s) 'kafka_to_s3' retrieved from /opt/airflow/dags/main.py
[2026-05-07T20:18:19.967+0000] {logging_mixin.py:190} INFO - [2026-05-07T20:18:19.966+0000] {dag.py:3239} INFO - Sync 1 DAGs
[2026-05-07T20:18:19.994+0000] {logging_mixin.py:190} INFO - [2026-05-07T20:18:19.993+0000] {dag.py:4180} INFO - Setting next_dagrun for kafka_to_s3 to 2026-05-07 00:00:00+00:00, run_after=2026-05-08 00:00:00+00:00
[2026-05-07T20:18:20.013+0000] {processor.py:208} INFO - Processing /opt/airflow/dags/main.py took 0.239 seconds
[2026-05-07T20:18:50.655+0000] {processor.py:186} INFO - Started process (PID=2048) to work on /opt/airflow/dags/main.py
[2026-05-07T20:18:50.656+0000] {processor.py:914} INFO - Processing file /opt/airflow/dags/main.py for tasks to queue
[2026-05-07T20:18:50.660+0000] {logging_mixin.py:190} INFO - [2026-05-07T20:18:50.659+0000] {dagbag.py:588} INFO - Filling up the DagBag from /opt/airflow/dags/main.py
[2026-05-07T20:18:50.794+0000] {processor.py:925} INFO - DAG(s) 'kafka_to_s3' retrieved from /opt/airflow/dags/main.py
[2026-05-07T20:18:50.825+0000] {logging_mixin.py:190} INFO - [2026-05-07T20:18:50.825+0000] {dag.py:3239} INFO - Sync 1 DAGs
[2026-05-07T20:18:50.853+0000] {logging_mixin.py:190} INFO - [2026-05-07T20:18:50.853+0000] {dag.py:4180} INFO - Setting next_dagrun for kafka_to_s3 to 2026-05-07 00:00:00+00:00, run_after=2026-05-08 00:00:00+00:00
[2026-05-07T20:18:50.874+0000] {processor.py:208} INFO - Processing /opt/airflow/dags/main.py took 0.229 seconds
[2026-05-07T20:19:21.497+0000] {processor.py:186} INFO - Started process (PID=2055) to work on /opt/airflow/dags/main.py
[2026-05-07T20:19:21.499+0000] {processor.py:914} INFO - Processing file /opt/airflow/dags/main.py for tasks to queue
[2026-05-07T20:19:21.504+0000] {logging_mixin.py:190} INFO - [2026-05-07T20:19:21.503+0000] {dagbag.py:588} INFO - Filling up the DagBag from /opt/airflow/dags/main.py
[2026-05-07T20:19:21.740+0000] {processor.py:925} INFO - DAG(s) 'kafka_to_s3' retrieved from /opt/airflow/dags/main.py
[2026-05-07T20:19:21.787+0000] {logging_mixin.py:190} INFO - [2026-05-07T20:19:21.786+0000] {dag.py:3239} INFO - Sync 1 DAGs
[2026-05-07T20:19:21.831+0000] {logging_mixin.py:190} INFO - [2026-05-07T20:19:21.831+0000] {dag.py:4180} INFO - Setting next_dagrun for kafka_to_s3 to 2026-05-07 00:00:00+00:00, run_after=2026-05-08 00:00:00+00:00
[2026-05-07T20:19:21.861+0000] {processor.py:208} INFO - Processing /opt/airflow/dags/main.py took 0.376 seconds
[2026-05-07T20:19:52.501+0000] {processor.py:186} INFO - Started process (PID=2062) to work on /opt/airflow/dags/main.py
[2026-05-07T20:19:52.503+0000] {processor.py:914} INFO - Processing file /opt/airflow/dags/main.py for tasks to queue
[2026-05-07T20:19:52.506+0000] {logging_mixin.py:190} INFO - [2026-05-07T20:19:52.506+0000] {dagbag.py:588} INFO - Filling up the DagBag from /opt/airflow/dags/main.py
[2026-05-07T20:19:52.639+0000] {processor.py:925} INFO - DAG(s) 'kafka_to_s3' retrieved from /opt/airflow/dags/main.py
[2026-05-07T20:19:52.668+0000] {logging_mixin.py:190} INFO - [2026-05-07T20:19:52.667+0000] {dag.py:3239} INFO - Sync 1 DAGs
[2026-05-07T20:19:52.694+0000] {logging_mixin.py:190} INFO - [2026-05-07T20:19:52.694+0000] {dag.py:4180} INFO - Setting next_dagrun for kafka_to_s3 to 2026-05-07 00:00:00+00:00, run_after=2026-05-08 00:00:00+00:00
[2026-05-07T20:19:52.714+0000] {processor.py:208} INFO - Processing /opt/airflow/dags/main.py took 0.222 seconds
[2026-05-07T20:20:23.651+0000] {processor.py:186} INFO - Started process (PID=2069) to work on /opt/airflow/dags/main.py
[2026-05-07T20:20:23.652+0000] {processor.py:914} INFO - Processing file /opt/airflow/dags/main.py for tasks to queue
[2026-05-07T20:20:23.656+0000] {logging_mixin.py:190} INFO - [2026-05-07T20:20:23.655+0000] {dagbag.py:588} INFO - Filling up the DagBag from /opt/airflow/dags/main.py
[2026-05-07T20:20:23.796+0000] {processor.py:925} INFO - DAG(s) 'kafka_to_s3' retrieved from /opt/airflow/dags/main.py
[2026-05-07T20:20:23.836+0000] {logging_mixin.py:190} INFO - [2026-05-07T20:20:23.835+0000] {dag.py:3239} INFO - Sync 1 DAGs
[2026-05-07T20:20:23.871+0000] {logging_mixin.py:190} INFO - [2026-05-07T20:20:23.871+0000] {dag.py:4180} INFO - Setting next_dagrun for kafka_to_s3 to 2026-05-07 00:00:00+00:00, run_after=2026-05-08 00:00:00+00:00
[2026-05-07T20:20:23.894+0000] {processor.py:208} INFO - Processing /opt/airflow/dags/main.py took 0.253 seconds
[2026-05-07T20:20:54.555+0000] {processor.py:186} INFO - Started process (PID=2076) to work on /opt/airflow/dags/main.py
[2026-05-07T20:20:54.556+0000] {processor.py:914} INFO - Processing file /opt/airflow/dags/main.py for tasks to queue
[2026-05-07T20:20:54.559+0000] {logging_mixin.py:190} INFO - [2026-05-07T20:20:54.559+0000] {dagbag.py:588} INFO - Filling up the DagBag from /opt/airflow/dags/main.py
[2026-05-07T20:20:54.688+0000] {processor.py:925} INFO - DAG(s) 'kafka_to_s3' retrieved from /opt/airflow/dags/main.py
[2026-05-07T20:20:54.716+0000] {logging_mixin.py:190} INFO - [2026-05-07T20:20:54.715+0000] {dag.py:3239} INFO - Sync 1 DAGs
[2026-05-07T20:20:54.741+0000] {logging_mixin.py:190} INFO - [2026-05-07T20:20:54.741+0000] {dag.py:4180} INFO - Setting next_dagrun for kafka_to_s3 to 2026-05-07 00:00:00+00:00, run_after=2026-05-08 00:00:00+00:00
[2026-05-07T20:20:54.760+0000] {processor.py:208} INFO - Processing /opt/airflow/dags/main.py took 0.212 seconds
[2026-05-07T20:21:25.580+0000] {processor.py:186} INFO - Started process (PID=2083) to work on /opt/airflow/dags/main.py
[2026-05-07T20:21:25.581+0000] {processor.py:914} INFO - Processing file /opt/airflow/dags/main.py for tasks to queue
[2026-05-07T20:21:25.586+0000] {logging_mixin.py:190} INFO - [2026-05-07T20:21:25.585+0000] {dagbag.py:588} INFO - Filling up the DagBag from /opt/airflow/dags/main.py
[2026-05-07T20:21:25.737+0000] {processor.py:925} INFO - DAG(s) 'kafka_to_s3' retrieved from /opt/airflow/dags/main.py
[2026-05-07T20:21:25.778+0000] {logging_mixin.py:190} INFO - [2026-05-07T20:21:25.778+0000] {dag.py:3239} INFO - Sync 1 DAGs
[2026-05-07T20:21:25.814+0000] {logging_mixin.py:190} INFO - [2026-05-07T20:21:25.813+0000] {dag.py:4180} INFO - Setting next_dagrun for kafka_to_s3 to 2026-05-07 00:00:00+00:00, run_after=2026-05-08 00:00:00+00:00
[2026-05-07T20:21:25.837+0000] {processor.py:208} INFO - Processing /opt/airflow/dags/main.py took 0.266 seconds
[2026-05-07T20:21:56.575+0000] {processor.py:186} INFO - Started process (PID=2090) to work on /opt/airflow/dags/main.py
[2026-05-07T20:21:56.576+0000] {processor.py:914} INFO - Processing file /opt/airflow/dags/main.py for tasks to queue
[2026-05-07T20:21:56.579+0000] {logging_mixin.py:190} INFO - [2026-05-07T20:21:56.579+0000] {dagbag.py:588} INFO - Filling up the DagBag from /opt/airflow/dags/main.py
[2026-05-07T20:21:56.721+0000] {processor.py:925} INFO - DAG(s) 'kafka_to_s3' retrieved from /opt/airflow/dags/main.py
[2026-05-07T20:21:56.779+0000] {logging_mixin.py:190} INFO - [2026-05-07T20:21:56.779+0000] {dag.py:3239} INFO - Sync 1 DAGs
[2026-05-07T20:21:56.820+0000] {logging_mixin.py:190} INFO - [2026-05-07T20:21:56.820+0000] {dag.py:4180} INFO - Setting next_dagrun for kafka_to_s3 to 2026-05-07 00:00:00+00:00, run_after=2026-05-08 00:00:00+00:00
[2026-05-07T20:21:56.845+0000] {processor.py:208} INFO - Processing /opt/airflow/dags/main.py took 0.279 seconds
[2026-05-07T20:22:27.523+0000] {processor.py:186} INFO - Started process (PID=2098) to work on /opt/airflow/dags/main.py
[2026-05-07T20:22:27.525+0000] {processor.py:914} INFO - Processing file /opt/airflow/dags/main.py for tasks to queue
[2026-05-07T20:22:27.527+0000] {logging_mixin.py:190} INFO - [2026-05-07T20:22:27.527+0000] {dagbag.py:588} INFO - Filling up the DagBag from /opt/airflow/dags/main.py
[2026-05-07T20:22:27.640+0000] {processor.py:925} INFO - DAG(s) 'kafka_to_s3' retrieved from /opt/airflow/dags/main.py
[2026-05-07T20:22:27.667+0000] {logging_mixin.py:190} INFO - [2026-05-07T20:22:27.667+0000] {dag.py:3239} INFO - Sync 1 DAGs
[2026-05-07T20:22:27.707+0000] {logging_mixin.py:190} INFO - [2026-05-07T20:22:27.707+0000] {dag.py:4180} INFO - Setting next_dagrun for kafka_to_s3 to 2026-05-07 00:00:00+00:00, run_after=2026-05-08 00:00:00+00:00
[2026-05-07T20:22:27.745+0000] {processor.py:208} INFO - Processing /opt/airflow/dags/main.py took 0.228 seconds
[2026-05-07T20:22:58.520+0000] {processor.py:186} INFO - Started process (PID=2105) to work on /opt/airflow/dags/main.py
[2026-05-07T20:22:58.521+0000] {processor.py:914} INFO - Processing file /opt/airflow/dags/main.py for tasks to queue
[2026-05-07T20:22:58.525+0000] {logging_mixin.py:190} INFO - [2026-05-07T20:22:58.525+0000] {dagbag.py:588} INFO - Filling up the DagBag from /opt/airflow/dags/main.py
[2026-05-07T20:22:58.655+0000] {processor.py:925} INFO - DAG(s) 'kafka_to_s3' retrieved from /opt/airflow/dags/main.py
[2026-05-07T20:22:58.683+0000] {logging_mixin.py:190} INFO - [2026-05-07T20:22:58.683+0000] {dag.py:3239} INFO - Sync 1 DAGs
[2026-05-07T20:22:58.709+0000] {logging_mixin.py:190} INFO - [2026-05-07T20:22:58.708+0000] {dag.py:4180} INFO - Setting next_dagrun for kafka_to_s3 to 2026-05-07 00:00:00+00:00, run_after=2026-05-08 00:00:00+00:00
[2026-05-07T20:22:58.729+0000] {processor.py:208} INFO - Processing /opt/airflow/dags/main.py took 0.216 seconds
[2026-05-07T20:23:29.431+0000] {processor.py:186} INFO - Started process (PID=2112) to work on /opt/airflow/dags/main.py
[2026-05-07T20:23:29.432+0000] {processor.py:914} INFO - Processing file /opt/airflow/dags/main.py for tasks to queue
[2026-05-07T20:23:29.436+0000] {logging_mixin.py:190} INFO - [2026-05-07T20:23:29.436+0000] {dagbag.py:588} INFO - Filling up the DagBag from /opt/airflow/dags/main.py
[2026-05-07T20:23:29.585+0000] {processor.py:925} INFO - DAG(s) 'kafka_to_s3' retrieved from /opt/airflow/dags/main.py
[2026-05-07T20:23:29.630+0000] {logging_mixin.py:190} INFO - [2026-05-07T20:23:29.630+0000] {dag.py:3239} INFO - Sync 1 DAGs
[2026-05-07T20:23:29.665+0000] {logging_mixin.py:190} INFO - [2026-05-07T20:23:29.665+0000] {dag.py:4180} INFO - Setting next_dagrun for kafka_to_s3 to 2026-05-07 00:00:00+00:00, run_after=2026-05-08 00:00:00+00:00
[2026-05-07T20:23:29.705+0000] {processor.py:208} INFO - Processing /opt/airflow/dags/main.py took 0.282 seconds
[2026-05-07T20:24:00.496+0000] {processor.py:186} INFO - Started process (PID=2119) to work on /opt/airflow/dags/main.py
[2026-05-07T20:24:00.498+0000] {processor.py:914} INFO - Processing file /opt/airflow/dags/main.py for tasks to queue
[2026-05-07T20:24:00.510+0000] {logging_mixin.py:190} INFO - [2026-05-07T20:24:00.509+0000] {dagbag.py:588} INFO - Filling up the DagBag from /opt/airflow/dags/main.py
[2026-05-07T20:24:00.658+0000] {processor.py:925} INFO - DAG(s) 'kafka_to_s3' retrieved from /opt/airflow/dags/main.py
[2026-05-07T20:24:00.693+0000] {logging_mixin.py:190} INFO - [2026-05-07T20:24:00.692+0000] {dag.py:3239} INFO - Sync 1 DAGs
[2026-05-07T20:24:00.725+0000] {logging_mixin.py:190} INFO - [2026-05-07T20:24:00.725+0000] {dag.py:4180} INFO - Setting next_dagrun for kafka_to_s3 to 2026-05-07 00:00:00+00:00, run_after=2026-05-08 00:00:00+00:00
[2026-05-07T20:24:00.750+0000] {processor.py:208} INFO - Processing /opt/airflow/dags/main.py took 0.285 seconds
[2026-05-07T20:24:31.540+0000] {processor.py:186} INFO - Started process (PID=2126) to work on /opt/airflow/dags/main.py
[2026-05-07T20:24:31.542+0000] {processor.py:914} INFO - Processing file /opt/airflow/dags/main.py for tasks to queue
[2026-05-07T20:24:31.546+0000] {logging_mixin.py:190} INFO - [2026-05-07T20:24:31.545+0000] {dagbag.py:588} INFO - Filling up the DagBag from /opt/airflow/dags/main.py
[2026-05-07T20:24:31.690+0000] {processor.py:925} INFO - DAG(s) 'kafka_to_s3' retrieved from /opt/airflow/dags/main.py
[2026-05-07T20:24:31.722+0000] {logging_mixin.py:190} INFO - [2026-05-07T20:24:31.722+0000] {dag.py:3239} INFO - Sync 1 DAGs
[2026-05-07T20:24:31.755+0000] {logging_mixin.py:190} INFO - [2026-05-07T20:24:31.755+0000] {dag.py:4180} INFO - Setting next_dagrun for kafka_to_s3 to 2026-05-07 00:00:00+00:00, run_after=2026-05-08 00:00:00+00:00
[2026-05-07T20:24:31.778+0000] {processor.py:208} INFO - Processing /opt/airflow/dags/main.py took 0.244 seconds
[2026-05-07T20:25:02.418+0000] {processor.py:186} INFO - Started process (PID=2127) to work on /opt/airflow/dags/main.py
[2026-05-07T20:25:02.420+0000] {processor.py:914} INFO - Processing file /opt/airflow/dags/main.py for tasks to queue
[2026-05-07T20:25:02.423+0000] {logging_mixin.py:190} INFO - [2026-05-07T20:25:02.423+0000] {dagbag.py:588} INFO - Filling up the DagBag from /opt/airflow/dags/main.py
[2026-05-07T20:25:02.558+0000] {processor.py:925} INFO - DAG(s) 'kafka_to_s3' retrieved from /opt/airflow/dags/main.py
[2026-05-07T20:25:02.601+0000] {logging_mixin.py:190} INFO - [2026-05-07T20:25:02.600+0000] {dag.py:3239} INFO - Sync 1 DAGs
[2026-05-07T20:25:02.633+0000] {logging_mixin.py:190} INFO - [2026-05-07T20:25:02.633+0000] {dag.py:4180} INFO - Setting next_dagrun for kafka_to_s3 to 2026-05-07 00:00:00+00:00, run_after=2026-05-08 00:00:00+00:00
[2026-05-07T20:25:02.656+0000] {processor.py:208} INFO - Processing /opt/airflow/dags/main.py took 0.248 seconds
[2026-05-07T20:25:33.455+0000] {processor.py:186} INFO - Started process (PID=2134) to work on /opt/airflow/dags/main.py
[2026-05-07T20:25:33.459+0000] {processor.py:914} INFO - Processing file /opt/airflow/dags/main.py for tasks to queue
[2026-05-07T20:25:33.464+0000] {logging_mixin.py:190} INFO - [2026-05-07T20:25:33.463+0000] {dagbag.py:588} INFO - Filling up the DagBag from /opt/airflow/dags/main.py
[2026-05-07T20:25:33.590+0000] {processor.py:925} INFO - DAG(s) 'kafka_to_s3' retrieved from /opt/airflow/dags/main.py
[2026-05-07T20:25:33.616+0000] {logging_mixin.py:190} INFO - [2026-05-07T20:25:33.616+0000] {dag.py:3239} INFO - Sync 1 DAGs
[2026-05-07T20:25:33.640+0000] {logging_mixin.py:190} INFO - [2026-05-07T20:25:33.640+0000] {dag.py:4180} INFO - Setting next_dagrun for kafka_to_s3 to 2026-05-07 00:00:00+00:00, run_after=2026-05-08 00:00:00+00:00
[2026-05-07T20:25:33.661+0000] {processor.py:208} INFO - Processing /opt/airflow/dags/main.py took 0.215 seconds
[2026-05-07T20:26:04.361+0000] {processor.py:186} INFO - Started process (PID=2141) to work on /opt/airflow/dags/main.py
[2026-05-07T20:26:04.362+0000] {processor.py:914} INFO - Processing file /opt/airflow/dags/main.py for tasks to queue
[2026-05-07T20:26:04.364+0000] {logging_mixin.py:190} INFO - [2026-05-07T20:26:04.364+0000] {dagbag.py:588} INFO - Filling up the DagBag from /opt/airflow/dags/main.py
[2026-05-07T20:26:04.481+0000] {processor.py:925} INFO - DAG(s) 'kafka_to_s3' retrieved from /opt/airflow/dags/main.py
[2026-05-07T20:26:04.511+0000] {logging_mixin.py:190} INFO - [2026-05-07T20:26:04.511+0000] {dag.py:3239} INFO - Sync 1 DAGs
[2026-05-07T20:26:04.540+0000] {logging_mixin.py:190} INFO - [2026-05-07T20:26:04.540+0000] {dag.py:4180} INFO - Setting next_dagrun for kafka_to_s3 to 2026-05-07 00:00:00+00:00, run_after=2026-05-08 00:00:00+00:00
[2026-05-07T20:26:04.564+0000] {processor.py:208} INFO - Processing /opt/airflow/dags/main.py took 0.210 seconds
[2026-05-07T20:26:35.498+0000] {processor.py:186} INFO - Started process (PID=2148) to work on /opt/airflow/dags/main.py
[2026-05-07T20:26:35.499+0000] {processor.py:914} INFO - Processing file /opt/airflow/dags/main.py for tasks to queue
[2026-05-07T20:26:35.502+0000] {logging_mixin.py:190} INFO - [2026-05-07T20:26:35.502+0000] {dagbag.py:588} INFO - Filling up the DagBag from /opt/airflow/dags/main.py
[2026-05-07T20:26:35.616+0000] {processor.py:925} INFO - DAG(s) 'kafka_to_s3' retrieved from /opt/airflow/dags/main.py
[2026-05-07T20:26:35.642+0000] {logging_mixin.py:190} INFO - [2026-05-07T20:26:35.642+0000] {dag.py:3239} INFO - Sync 1 DAGs
[2026-05-07T20:26:35.665+0000] {logging_mixin.py:190} INFO - [2026-05-07T20:26:35.665+0000] {dag.py:4180} INFO - Setting next_dagrun for kafka_to_s3 to 2026-05-07 00:00:00+00:00, run_after=2026-05-08 00:00:00+00:00
[2026-05-07T20:26:35.685+0000] {processor.py:208} INFO - Processing /opt/airflow/dags/main.py took 0.194 seconds
[2026-05-07T20:27:06.541+0000] {processor.py:186} INFO - Started process (PID=2155) to work on /opt/airflow/dags/main.py
[2026-05-07T20:27:06.543+0000] {processor.py:914} INFO - Processing file /opt/airflow/dags/main.py for tasks to queue
[2026-05-07T20:27:06.546+0000] {logging_mixin.py:190} INFO - [2026-05-07T20:27:06.546+0000] {dagbag.py:588} INFO - Filling up the DagBag from /opt/airflow/dags/main.py
[2026-05-07T20:27:06.710+0000] {processor.py:925} INFO - DAG(s) 'kafka_to_s3' retrieved from /opt/airflow/dags/main.py
[2026-05-07T20:27:06.757+0000] {logging_mixin.py:190} INFO - [2026-05-07T20:27:06.757+0000] {dag.py:3239} INFO - Sync 1 DAGs
[2026-05-07T20:27:06.787+0000] {logging_mixin.py:190} INFO - [2026-05-07T20:27:06.787+0000] {dag.py:4180} INFO - Setting next_dagrun for kafka_to_s3 to 2026-05-07 00:00:00+00:00, run_after=2026-05-08 00:00:00+00:00
[2026-05-07T20:27:06.811+0000] {processor.py:208} INFO - Processing /opt/airflow/dags/main.py took 0.278 seconds
[2026-05-07T20:27:37.462+0000] {processor.py:186} INFO - Started process (PID=2162) to work on /opt/airflow/dags/main.py
[2026-05-07T20:27:37.464+0000] {processor.py:914} INFO - Processing file /opt/airflow/dags/main.py for tasks to queue
[2026-05-07T20:27:37.467+0000] {logging_mixin.py:190} INFO - [2026-05-07T20:27:37.467+0000] {dagbag.py:588} INFO - Filling up the DagBag from /opt/airflow/dags/main.py
[2026-05-07T20:27:37.600+0000] {processor.py:925} INFO - DAG(s) 'kafka_to_s3' retrieved from /opt/airflow/dags/main.py
[2026-05-07T20:27:37.628+0000] {logging_mixin.py:190} INFO - [2026-05-07T20:27:37.628+0000] {dag.py:3239} INFO - Sync 1 DAGs
[2026-05-07T20:27:37.655+0000] {logging_mixin.py:190} INFO - [2026-05-07T20:27:37.655+0000] {dag.py:4180} INFO - Setting next_dagrun for kafka_to_s3 to 2026-05-07 00:00:00+00:00, run_after=2026-05-08 00:00:00+00:00
[2026-05-07T20:27:37.677+0000] {processor.py:208} INFO - Processing /opt/airflow/dags/main.py took 0.222 seconds
[2026-05-07T20:28:08.645+0000] {processor.py:186} INFO - Started process (PID=2169) to work on /opt/airflow/dags/main.py
[2026-05-07T20:28:08.648+0000] {processor.py:914} INFO - Processing file /opt/airflow/dags/main.py for tasks to queue
[2026-05-07T20:28:08.655+0000] {logging_mixin.py:190} INFO - [2026-05-07T20:28:08.654+0000] {dagbag.py:588} INFO - Filling up the DagBag from /opt/airflow/dags/main.py
[2026-05-07T20:28:08.843+0000] {processor.py:925} INFO - DAG(s) 'kafka_to_s3' retrieved from /opt/airflow/dags/main.py
[2026-05-07T20:28:08.889+0000] {logging_mixin.py:190} INFO - [2026-05-07T20:28:08.888+0000] {dag.py:3239} INFO - Sync 1 DAGs
[2026-05-07T20:28:08.929+0000] {logging_mixin.py:190} INFO - [2026-05-07T20:28:08.929+0000] {dag.py:4180} INFO - Setting next_dagrun for kafka_to_s3 to 2026-05-07 00:00:00+00:00, run_after=2026-05-08 00:00:00+00:00
[2026-05-07T20:28:08.968+0000] {processor.py:208} INFO - Processing /opt/airflow/dags/main.py took 0.333 seconds
[2026-05-07T20:28:39.438+0000] {processor.py:186} INFO - Started process (PID=2176) to work on /opt/airflow/dags/main.py
[2026-05-07T20:28:39.439+0000] {processor.py:914} INFO - Processing file /opt/airflow/dags/main.py for tasks to queue
[2026-05-07T20:28:39.443+0000] {logging_mixin.py:190} INFO - [2026-05-07T20:28:39.442+0000] {dagbag.py:588} INFO - Filling up the DagBag from /opt/airflow/dags/main.py
[2026-05-07T20:28:39.577+0000] {processor.py:925} INFO - DAG(s) 'kafka_to_s3' retrieved from /opt/airflow/dags/main.py
[2026-05-07T20:28:39.608+0000] {logging_mixin.py:190} INFO - [2026-05-07T20:28:39.608+0000] {dag.py:3239} INFO - Sync 1 DAGs
[2026-05-07T20:28:39.633+0000] {logging_mixin.py:190} INFO - [2026-05-07T20:28:39.633+0000] {dag.py:4180} INFO - Setting next_dagrun for kafka_to_s3 to 2026-05-07 00:00:00+00:00, run_after=2026-05-08 00:00:00+00:00
[2026-05-07T20:28:39.653+0000] {processor.py:208} INFO - Processing /opt/airflow/dags/main.py took 0.223 seconds
[2026-05-07T20:29:10.325+0000] {processor.py:186} INFO - Started process (PID=2183) to work on /opt/airflow/dags/main.py
[2026-05-07T20:29:10.326+0000] {processor.py:914} INFO - Processing file /opt/airflow/dags/main.py for tasks to queue
[2026-05-07T20:29:10.331+0000] {logging_mixin.py:190} INFO - [2026-05-07T20:29:10.330+0000] {dagbag.py:588} INFO - Filling up the DagBag from /opt/airflow/dags/main.py
[2026-05-07T20:29:10.498+0000] {processor.py:925} INFO - DAG(s) 'kafka_to_s3' retrieved from /opt/airflow/dags/main.py
[2026-05-07T20:29:10.544+0000] {logging_mixin.py:190} INFO - [2026-05-07T20:29:10.544+0000] {dag.py:3239} INFO - Sync 1 DAGs
[2026-05-07T20:29:10.581+0000] {logging_mixin.py:190} INFO - [2026-05-07T20:29:10.581+0000] {dag.py:4180} INFO - Setting next_dagrun for kafka_to_s3 to 2026-05-07 00:00:00+00:00, run_after=2026-05-08 00:00:00+00:00
[2026-05-07T20:29:10.611+0000] {processor.py:208} INFO - Processing /opt/airflow/dags/main.py took 0.296 seconds
[2026-05-07T20:29:41.398+0000] {processor.py:186} INFO - Started process (PID=2190) to work on /opt/airflow/dags/main.py
[2026-05-07T20:29:41.399+0000] {processor.py:914} INFO - Processing file /opt/airflow/dags/main.py for tasks to queue
[2026-05-07T20:29:41.402+0000] {logging_mixin.py:190} INFO - [2026-05-07T20:29:41.402+0000] {dagbag.py:588} INFO - Filling up the DagBag from /opt/airflow/dags/main.py
[2026-05-07T20:29:41.536+0000] {processor.py:925} INFO - DAG(s) 'kafka_to_s3' retrieved from /opt/airflow/dags/main.py
[2026-05-07T20:29:41.569+0000] {logging_mixin.py:190} INFO - [2026-05-07T20:29:41.569+0000] {dag.py:3239} INFO - Sync 1 DAGs
[2026-05-07T20:29:41.599+0000] {logging_mixin.py:190} INFO - [2026-05-07T20:29:41.598+0000] {dag.py:4180} INFO - Setting next_dagrun for kafka_to_s3 to 2026-05-07 00:00:00+00:00, run_after=2026-05-08 00:00:00+00:00
[2026-05-07T20:29:41.619+0000] {processor.py:208} INFO - Processing /opt/airflow/dags/main.py took 0.228 seconds
[2026-05-07T20:30:12.311+0000] {processor.py:186} INFO - Started process (PID=2196) to work on /opt/airflow/dags/main.py
[2026-05-07T20:30:12.313+0000] {processor.py:914} INFO - Processing file /opt/airflow/dags/main.py for tasks to queue
[2026-05-07T20:30:12.318+0000] {logging_mixin.py:190} INFO - [2026-05-07T20:30:12.317+0000] {dagbag.py:588} INFO - Filling up the DagBag from /opt/airflow/dags/main.py
[2026-05-07T20:30:12.439+0000] {processor.py:925} INFO - DAG(s) 'kafka_to_s3' retrieved from /opt/airflow/dags/main.py
[2026-05-07T20:30:12.465+0000] {logging_mixin.py:190} INFO - [2026-05-07T20:30:12.465+0000] {dag.py:3239} INFO - Sync 1 DAGs
[2026-05-07T20:30:12.490+0000] {logging_mixin.py:190} INFO - [2026-05-07T20:30:12.490+0000] {dag.py:4180} INFO - Setting next_dagrun for kafka_to_s3 to 2026-05-07 00:00:00+00:00, run_after=2026-05-08 00:00:00+00:00
[2026-05-07T20:30:12.511+0000] {processor.py:208} INFO - Processing /opt/airflow/dags/main.py took 0.210 seconds
[2026-05-07T20:30:43.400+0000] {processor.py:186} INFO - Started process (PID=2203) to work on /opt/airflow/dags/main.py
[2026-05-07T20:30:43.402+0000] {processor.py:914} INFO - Processing file /opt/airflow/dags/main.py for tasks to queue
[2026-05-07T20:30:43.405+0000] {logging_mixin.py:190} INFO - [2026-05-07T20:30:43.405+0000] {dagbag.py:588} INFO - Filling up the DagBag from /opt/airflow/dags/main.py
[2026-05-07T20:30:43.517+0000] {processor.py:925} INFO - DAG(s) 'kafka_to_s3' retrieved from /opt/airflow/dags/main.py
[2026-05-07T20:30:43.544+0000] {logging_mixin.py:190} INFO - [2026-05-07T20:30:43.544+0000] {dag.py:3239} INFO - Sync 1 DAGs
[2026-05-07T20:30:43.566+0000] {logging_mixin.py:190} INFO - [2026-05-07T20:30:43.566+0000] {dag.py:4180} INFO - Setting next_dagrun for kafka_to_s3 to 2026-05-07 00:00:00+00:00, run_after=2026-05-08 00:00:00+00:00
[2026-05-07T20:30:43.586+0000] {processor.py:208} INFO - Processing /opt/airflow/dags/main.py took 0.192 seconds
[2026-05-07T20:31:14.219+0000] {processor.py:186} INFO - Started process (PID=2210) to work on /opt/airflow/dags/main.py
[2026-05-07T20:31:14.221+0000] {processor.py:914} INFO - Processing file /opt/airflow/dags/main.py for tasks to queue
[2026-05-07T20:31:14.226+0000] {logging_mixin.py:190} INFO - [2026-05-07T20:31:14.225+0000] {dagbag.py:588} INFO - Filling up the DagBag from /opt/airflow/dags/main.py
[2026-05-07T20:31:14.377+0000] {processor.py:925} INFO - DAG(s) 'kafka_to_s3' retrieved from /opt/airflow/dags/main.py
[2026-05-07T20:31:14.414+0000] {logging_mixin.py:190} INFO - [2026-05-07T20:31:14.414+0000] {dag.py:3239} INFO - Sync 1 DAGs
[2026-05-07T20:31:14.443+0000] {logging_mixin.py:190} INFO - [2026-05-07T20:31:14.443+0000] {dag.py:4180} INFO - Setting next_dagrun for kafka_to_s3 to 2026-05-07 00:00:00+00:00, run_after=2026-05-08 00:00:00+00:00
[2026-05-07T20:31:14.468+0000] {processor.py:208} INFO - Processing /opt/airflow/dags/main.py took 0.259 seconds
[2026-05-07T20:31:45.192+0000] {processor.py:186} INFO - Started process (PID=2217) to work on /opt/airflow/dags/main.py
[2026-05-07T20:31:45.193+0000] {processor.py:914} INFO - Processing file /opt/airflow/dags/main.py for tasks to queue
[2026-05-07T20:31:45.197+0000] {logging_mixin.py:190} INFO - [2026-05-07T20:31:45.196+0000] {dagbag.py:588} INFO - Filling up the DagBag from /opt/airflow/dags/main.py
[2026-05-07T20:31:45.326+0000] {processor.py:925} INFO - DAG(s) 'kafka_to_s3' retrieved from /opt/airflow/dags/main.py
[2026-05-07T20:31:45.364+0000] {logging_mixin.py:190} INFO - [2026-05-07T20:31:45.363+0000] {dag.py:3239} INFO - Sync 1 DAGs
[2026-05-07T20:31:45.403+0000] {logging_mixin.py:190} INFO - [2026-05-07T20:31:45.402+0000] {dag.py:4180} INFO - Setting next_dagrun for kafka_to_s3 to 2026-05-07 00:00:00+00:00, run_after=2026-05-08 00:00:00+00:00
[2026-05-07T20:31:45.434+0000] {processor.py:208} INFO - Processing /opt/airflow/dags/main.py took 0.250 seconds
[2026-05-07T20:32:16.298+0000] {processor.py:186} INFO - Started process (PID=2224) to work on /opt/airflow/dags/main.py
[2026-05-07T20:32:16.299+0000] {processor.py:914} INFO - Processing file /opt/airflow/dags/main.py for tasks to queue
[2026-05-07T20:32:16.303+0000] {logging_mixin.py:190} INFO - [2026-05-07T20:32:16.302+0000] {dagbag.py:588} INFO - Filling up the DagBag from /opt/airflow/dags/main.py
[2026-05-07T20:32:16.432+0000] {processor.py:925} INFO - DAG(s) 'kafka_to_s3' retrieved from /opt/airflow/dags/main.py
[2026-05-07T20:32:16.460+0000] {logging_mixin.py:190} INFO - [2026-05-07T20:32:16.460+0000] {dag.py:3239} INFO - Sync 1 DAGs
[2026-05-07T20:32:16.486+0000] {logging_mixin.py:190} INFO - [2026-05-07T20:32:16.486+0000] {dag.py:4180} INFO - Setting next_dagrun for kafka_to_s3 to 2026-05-07 00:00:00+00:00, run_after=2026-05-08 00:00:00+00:00
[2026-05-07T20:32:16.508+0000] {processor.py:208} INFO - Processing /opt/airflow/dags/main.py took 0.217 seconds
[2026-05-07T20:32:48.198+0000] {processor.py:186} INFO - Started process (PID=2231) to work on /opt/airflow/dags/main.py
[2026-05-07T20:32:48.199+0000] {processor.py:914} INFO - Processing file /opt/airflow/dags/main.py for tasks to queue
[2026-05-07T20:32:48.203+0000] {logging_mixin.py:190} INFO - [2026-05-07T20:32:48.203+0000] {dagbag.py:588} INFO - Filling up the DagBag from /opt/airflow/dags/main.py
[2026-05-07T20:32:48.321+0000] {processor.py:925} INFO - DAG(s) 'kafka_to_s3' retrieved from /opt/airflow/dags/main.py
[2026-05-07T20:32:48.347+0000] {logging_mixin.py:190} INFO - [2026-05-07T20:32:48.347+0000] {dag.py:3239} INFO - Sync 1 DAGs
[2026-05-07T20:32:48.369+0000] {logging_mixin.py:190} INFO - [2026-05-07T20:32:48.369+0000] {dag.py:4180} INFO - Setting next_dagrun for kafka_to_s3 to 2026-05-07 00:00:00+00:00, run_after=2026-05-08 00:00:00+00:00
[2026-05-07T20:32:48.391+0000] {processor.py:208} INFO - Processing /opt/airflow/dags/main.py took 0.202 seconds
[2026-05-07T20:33:19.239+0000] {processor.py:186} INFO - Started process (PID=2238) to work on /opt/airflow/dags/main.py
[2026-05-07T20:33:19.241+0000] {processor.py:914} INFO - Processing file /opt/airflow/dags/main.py for tasks to queue
[2026-05-07T20:33:19.245+0000] {logging_mixin.py:190} INFO - [2026-05-07T20:33:19.244+0000] {dagbag.py:588} INFO - Filling up the DagBag from /opt/airflow/dags/main.py
[2026-05-07T20:33:19.390+0000] {processor.py:925} INFO - DAG(s) 'kafka_to_s3' retrieved from /opt/airflow/dags/main.py
[2026-05-07T20:33:19.435+0000] {logging_mixin.py:190} INFO - [2026-05-07T20:33:19.434+0000] {dag.py:3239} INFO - Sync 1 DAGs
[2026-05-07T20:33:19.469+0000] {logging_mixin.py:190} INFO - [2026-05-07T20:33:19.469+0000] {dag.py:4180} INFO - Setting next_dagrun for kafka_to_s3 to 2026-05-07 00:00:00+00:00, run_after=2026-05-08 00:00:00+00:00
[2026-05-07T20:33:19.496+0000] {processor.py:208} INFO - Processing /opt/airflow/dags/main.py took 0.266 seconds
[2026-05-07T20:33:51.174+0000] {processor.py:186} INFO - Started process (PID=2245) to work on /opt/airflow/dags/main.py
[2026-05-07T20:33:51.176+0000] {processor.py:914} INFO - Processing file /opt/airflow/dags/main.py for tasks to queue
[2026-05-07T20:33:51.180+0000] {logging_mixin.py:190} INFO - [2026-05-07T20:33:51.180+0000] {dagbag.py:588} INFO - Filling up the DagBag from /opt/airflow/dags/main.py
[2026-05-07T20:33:51.342+0000] {processor.py:925} INFO - DAG(s) 'kafka_to_s3' retrieved from /opt/airflow/dags/main.py
[2026-05-07T20:33:51.375+0000] {logging_mixin.py:190} INFO - [2026-05-07T20:33:51.375+0000] {dag.py:3239} INFO - Sync 1 DAGs
[2026-05-07T20:33:51.400+0000] {logging_mixin.py:190} INFO - [2026-05-07T20:33:51.400+0000] {dag.py:4180} INFO - Setting next_dagrun for kafka_to_s3 to 2026-05-07 00:00:00+00:00, run_after=2026-05-08 00:00:00+00:00
[2026-05-07T20:33:51.419+0000] {processor.py:208} INFO - Processing /opt/airflow/dags/main.py took 0.254 seconds
[2026-05-07T20:34:22.294+0000] {processor.py:186} INFO - Started process (PID=2252) to work on /opt/airflow/dags/main.py
[2026-05-07T20:34:22.295+0000] {processor.py:914} INFO - Processing file /opt/airflow/dags/main.py for tasks to queue
[2026-05-07T20:34:22.298+0000] {logging_mixin.py:190} INFO - [2026-05-07T20:34:22.298+0000] {dagbag.py:588} INFO - Filling up the DagBag from /opt/airflow/dags/main.py
[2026-05-07T20:34:22.418+0000] {processor.py:925} INFO - DAG(s) 'kafka_to_s3' retrieved from /opt/airflow/dags/main.py
[2026-05-07T20:34:22.450+0000] {logging_mixin.py:190} INFO - [2026-05-07T20:34:22.450+0000] {dag.py:3239} INFO - Sync 1 DAGs
[2026-05-07T20:34:22.478+0000] {logging_mixin.py:190} INFO - [2026-05-07T20:34:22.478+0000] {dag.py:4180} INFO - Setting next_dagrun for kafka_to_s3 to 2026-05-07 00:00:00+00:00, run_after=2026-05-08 00:00:00+00:00
[2026-05-07T20:34:22.501+0000] {processor.py:208} INFO - Processing /opt/airflow/dags/main.py took 0.214 seconds
[2026-05-07T20:34:53.293+0000] {processor.py:186} INFO - Started process (PID=2259) to work on /opt/airflow/dags/main.py
[2026-05-07T20:34:53.294+0000] {processor.py:914} INFO - Processing file /opt/airflow/dags/main.py for tasks to queue
[2026-05-07T20:34:53.297+0000] {logging_mixin.py:190} INFO - [2026-05-07T20:34:53.297+0000] {dagbag.py:588} INFO - Filling up the DagBag from /opt/airflow/dags/main.py
[2026-05-07T20:34:53.415+0000] {processor.py:925} INFO - DAG(s) 'kafka_to_s3' retrieved from /opt/airflow/dags/main.py
[2026-05-07T20:34:53.446+0000] {logging_mixin.py:190} INFO - [2026-05-07T20:34:53.445+0000] {dag.py:3239} INFO - Sync 1 DAGs
[2026-05-07T20:34:53.471+0000] {logging_mixin.py:190} INFO - [2026-05-07T20:34:53.471+0000] {dag.py:4180} INFO - Setting next_dagrun for kafka_to_s3 to 2026-05-07 00:00:00+00:00, run_after=2026-05-08 00:00:00+00:00
[2026-05-07T20:34:53.493+0000] {processor.py:208} INFO - Processing /opt/airflow/dags/main.py took 0.206 seconds
[2026-05-07T20:35:24.270+0000] {processor.py:186} INFO - Started process (PID=2266) to work on /opt/airflow/dags/main.py
[2026-05-07T20:35:24.271+0000] {processor.py:914} INFO - Processing file /opt/airflow/dags/main.py for tasks to queue
[2026-05-07T20:35:24.275+0000] {logging_mixin.py:190} INFO - [2026-05-07T20:35:24.274+0000] {dagbag.py:588} INFO - Filling up the DagBag from /opt/airflow/dags/main.py
[2026-05-07T20:35:24.418+0000] {processor.py:925} INFO - DAG(s) 'kafka_to_s3' retrieved from /opt/airflow/dags/main.py
[2026-05-07T20:35:25.359+0000] {logging_mixin.py:190} INFO - [2026-05-07T20:35:25.359+0000] {dag.py:3239} INFO - Sync 1 DAGs
[2026-05-07T20:35:25.390+0000] {logging_mixin.py:190} INFO - [2026-05-07T20:35:25.390+0000] {dag.py:4180} INFO - Setting next_dagrun for kafka_to_s3 to 2026-05-07 00:00:00+00:00, run_after=2026-05-08 00:00:00+00:00
[2026-05-07T20:35:25.418+0000] {processor.py:208} INFO - Processing /opt/airflow/dags/main.py took 0.253 seconds
[2026-05-07T20:35:57.119+0000] {processor.py:186} INFO - Started process (PID=2273) to work on /opt/airflow/dags/main.py
[2026-05-07T20:35:57.121+0000] {processor.py:914} INFO - Processing file /opt/airflow/dags/main.py for tasks to queue
[2026-05-07T20:35:57.124+0000] {logging_mixin.py:190} INFO - [2026-05-07T20:35:57.124+0000] {dagbag.py:588} INFO - Filling up the DagBag from /opt/airflow/dags/main.py
[2026-05-07T20:35:57.265+0000] {processor.py:925} INFO - DAG(s) 'kafka_to_s3' retrieved from /opt/airflow/dags/main.py
[2026-05-07T20:35:57.297+0000] {logging_mixin.py:190} INFO - [2026-05-07T20:35:57.297+0000] {dag.py:3239} INFO - Sync 1 DAGs
[2026-05-07T20:35:57.326+0000] {logging_mixin.py:190} INFO - [2026-05-07T20:35:57.326+0000] {dag.py:4180} INFO - Setting next_dagrun for kafka_to_s3 to 2026-05-07 00:00:00+00:00, run_after=2026-05-08 00:00:00+00:00
[2026-05-07T20:35:57.353+0000] {processor.py:208} INFO - Processing /opt/airflow/dags/main.py took 0.240 seconds
[2026-05-07T20:36:28.995+0000] {processor.py:186} INFO - Started process (PID=2280) to work on /opt/airflow/dags/main.py
[2026-05-07T20:36:28.997+0000] {processor.py:914} INFO - Processing file /opt/airflow/dags/main.py for tasks to queue
[2026-05-07T20:36:29.005+0000] {logging_mixin.py:190} INFO - [2026-05-07T20:36:29.004+0000] {dagbag.py:588} INFO - Filling up the DagBag from /opt/airflow/dags/main.py
[2026-05-07T20:36:29.204+0000] {processor.py:925} INFO - DAG(s) 'kafka_to_s3' retrieved from /opt/airflow/dags/main.py
[2026-05-07T20:36:29.235+0000] {logging_mixin.py:190} INFO - [2026-05-07T20:36:29.235+0000] {dag.py:3239} INFO - Sync 1 DAGs
[2026-05-07T20:36:29.262+0000] {logging_mixin.py:190} INFO - [2026-05-07T20:36:29.262+0000] {dag.py:4180} INFO - Setting next_dagrun for kafka_to_s3 to 2026-05-07 00:00:00+00:00, run_after=2026-05-08 00:00:00+00:00
[2026-05-07T20:36:29.288+0000] {processor.py:208} INFO - Processing /opt/airflow/dags/main.py took 0.308 seconds
[2026-05-07T20:37:00.194+0000] {processor.py:186} INFO - Started process (PID=2287) to work on /opt/airflow/dags/main.py
[2026-05-07T20:37:00.195+0000] {processor.py:914} INFO - Processing file /opt/airflow/dags/main.py for tasks to queue
[2026-05-07T20:37:00.200+0000] {logging_mixin.py:190} INFO - [2026-05-07T20:37:00.200+0000] {dagbag.py:588} INFO - Filling up the DagBag from /opt/airflow/dags/main.py
[2026-05-07T20:37:00.342+0000] {processor.py:925} INFO - DAG(s) 'kafka_to_s3' retrieved from /opt/airflow/dags/main.py
[2026-05-07T20:37:00.369+0000] {logging_mixin.py:190} INFO - [2026-05-07T20:37:00.369+0000] {dag.py:3239} INFO - Sync 1 DAGs
[2026-05-07T20:37:00.393+0000] {logging_mixin.py:190} INFO - [2026-05-07T20:37:00.393+0000] {dag.py:4180} INFO - Setting next_dagrun for kafka_to_s3 to 2026-05-07 00:00:00+00:00, run_after=2026-05-08 00:00:00+00:00
[2026-05-07T20:37:00.414+0000] {processor.py:208} INFO - Processing /opt/airflow/dags/main.py took 0.228 seconds
[2026-05-07T20:37:32.066+0000] {processor.py:186} INFO - Started process (PID=2294) to work on /opt/airflow/dags/main.py
[2026-05-07T20:37:32.068+0000] {processor.py:914} INFO - Processing file /opt/airflow/dags/main.py for tasks to queue
[2026-05-07T20:37:32.074+0000] {logging_mixin.py:190} INFO - [2026-05-07T20:37:32.074+0000] {dagbag.py:588} INFO - Filling up the DagBag from /opt/airflow/dags/main.py
[2026-05-07T20:37:32.246+0000] {processor.py:925} INFO - DAG(s) 'kafka_to_s3' retrieved from /opt/airflow/dags/main.py
[2026-05-07T20:37:32.299+0000] {logging_mixin.py:190} INFO - [2026-05-07T20:37:32.298+0000] {dag.py:3239} INFO - Sync 1 DAGs
[2026-05-07T20:37:32.331+0000] {logging_mixin.py:190} INFO - [2026-05-07T20:37:32.331+0000] {dag.py:4180} INFO - Setting next_dagrun for kafka_to_s3 to 2026-05-07 00:00:00+00:00, run_after=2026-05-08 00:00:00+00:00
[2026-05-07T20:37:32.358+0000] {processor.py:208} INFO - Processing /opt/airflow/dags/main.py took 0.304 seconds
[2026-05-07T20:38:04.234+0000] {processor.py:186} INFO - Started process (PID=2301) to work on /opt/airflow/dags/main.py
[2026-05-07T20:38:04.235+0000] {processor.py:914} INFO - Processing file /opt/airflow/dags/main.py for tasks to queue
[2026-05-07T20:38:04.238+0000] {logging_mixin.py:190} INFO - [2026-05-07T20:38:04.238+0000] {dagbag.py:588} INFO - Filling up the DagBag from /opt/airflow/dags/main.py
[2026-05-07T20:38:04.355+0000] {processor.py:925} INFO - DAG(s) 'kafka_to_s3' retrieved from /opt/airflow/dags/main.py
[2026-05-07T20:38:04.380+0000] {logging_mixin.py:190} INFO - [2026-05-07T20:38:04.380+0000] {dag.py:3239} INFO - Sync 1 DAGs
[2026-05-07T20:38:04.404+0000] {logging_mixin.py:190} INFO - [2026-05-07T20:38:04.404+0000] {dag.py:4180} INFO - Setting next_dagrun for kafka_to_s3 to 2026-05-07 00:00:00+00:00, run_after=2026-05-08 00:00:00+00:00
[2026-05-07T20:38:04.427+0000] {processor.py:208} INFO - Processing /opt/airflow/dags/main.py took 0.200 seconds
[2026-05-07T20:38:35.276+0000] {processor.py:186} INFO - Started process (PID=2308) to work on /opt/airflow/dags/main.py
[2026-05-07T20:38:35.278+0000] {processor.py:914} INFO - Processing file /opt/airflow/dags/main.py for tasks to queue
[2026-05-07T20:38:35.281+0000] {logging_mixin.py:190} INFO - [2026-05-07T20:38:35.281+0000] {dagbag.py:588} INFO - Filling up the DagBag from /opt/airflow/dags/main.py
[2026-05-07T20:38:35.420+0000] {processor.py:925} INFO - DAG(s) 'kafka_to_s3' retrieved from /opt/airflow/dags/main.py
[2026-05-07T20:38:35.446+0000] {logging_mixin.py:190} INFO - [2026-05-07T20:38:35.446+0000] {dag.py:3239} INFO - Sync 1 DAGs
[2026-05-07T20:38:35.470+0000] {logging_mixin.py:190} INFO - [2026-05-07T20:38:35.470+0000] {dag.py:4180} INFO - Setting next_dagrun for kafka_to_s3 to 2026-05-07 00:00:00+00:00, run_after=2026-05-08 00:00:00+00:00
[2026-05-07T20:38:35.492+0000] {processor.py:208} INFO - Processing /opt/airflow/dags/main.py took 0.222 seconds
[2026-05-07T20:39:07.150+0000] {processor.py:186} INFO - Started process (PID=2316) to work on /opt/airflow/dags/main.py
[2026-05-07T20:39:07.152+0000] {processor.py:914} INFO - Processing file /opt/airflow/dags/main.py for tasks to queue
[2026-05-07T20:39:07.156+0000] {logging_mixin.py:190} INFO - [2026-05-07T20:39:07.155+0000] {dagbag.py:588} INFO - Filling up the DagBag from /opt/airflow/dags/main.py
[2026-05-07T20:39:07.303+0000] {processor.py:925} INFO - DAG(s) 'kafka_to_s3' retrieved from /opt/airflow/dags/main.py
[2026-05-07T20:39:07.332+0000] {logging_mixin.py:190} INFO - [2026-05-07T20:39:07.332+0000] {dag.py:3239} INFO - Sync 1 DAGs
[2026-05-07T20:39:07.361+0000] {logging_mixin.py:190} INFO - [2026-05-07T20:39:07.361+0000] {dag.py:4180} INFO - Setting next_dagrun for kafka_to_s3 to 2026-05-07 00:00:00+00:00, run_after=2026-05-08 00:00:00+00:00
[2026-05-07T20:39:07.384+0000] {processor.py:208} INFO - Processing /opt/airflow/dags/main.py took 0.243 seconds
[2026-05-07T20:39:37.513+0000] {processor.py:186} INFO - Started process (PID=2323) to work on /opt/airflow/dags/main.py
[2026-05-07T20:39:37.514+0000] {processor.py:914} INFO - Processing file /opt/airflow/dags/main.py for tasks to queue
[2026-05-07T20:39:37.518+0000] {logging_mixin.py:190} INFO - [2026-05-07T20:39:37.517+0000] {dagbag.py:588} INFO - Filling up the DagBag from /opt/airflow/dags/main.py
[2026-05-07T20:39:37.642+0000] {processor.py:925} INFO - DAG(s) 'kafka_to_s3' retrieved from /opt/airflow/dags/main.py
[2026-05-07T20:39:37.669+0000] {logging_mixin.py:190} INFO - [2026-05-07T20:39:37.669+0000] {dag.py:3239} INFO - Sync 1 DAGs
[2026-05-07T20:39:37.693+0000] {logging_mixin.py:190} INFO - [2026-05-07T20:39:37.693+0000] {dag.py:4180} INFO - Setting next_dagrun for kafka_to_s3 to 2026-05-07 00:00:00+00:00, run_after=2026-05-08 00:00:00+00:00
[2026-05-07T20:39:37.713+0000] {processor.py:208} INFO - Processing /opt/airflow/dags/main.py took 0.209 seconds
[2026-05-07T20:40:09.385+0000] {processor.py:186} INFO - Started process (PID=2330) to work on /opt/airflow/dags/main.py
[2026-05-07T20:40:09.387+0000] {processor.py:914} INFO - Processing file /opt/airflow/dags/main.py for tasks to queue
[2026-05-07T20:40:09.390+0000] {logging_mixin.py:190} INFO - [2026-05-07T20:40:09.389+0000] {dagbag.py:588} INFO - Filling up the DagBag from /opt/airflow/dags/main.py
[2026-05-07T20:40:10.086+0000] {processor.py:925} INFO - DAG(s) 'kafka_to_s3' retrieved from /opt/airflow/dags/main.py
[2026-05-07T20:40:10.117+0000] {logging_mixin.py:190} INFO - [2026-05-07T20:40:10.116+0000] {dag.py:3239} INFO - Sync 1 DAGs
[2026-05-07T20:40:10.145+0000] {logging_mixin.py:190} INFO - [2026-05-07T20:40:10.145+0000] {dag.py:4180} INFO - Setting next_dagrun for kafka_to_s3 to 2026-05-07 00:00:00+00:00, run_after=2026-05-08 00:00:00+00:00
[2026-05-07T20:40:10.168+0000] {processor.py:208} INFO - Processing /opt/airflow/dags/main.py took 0.213 seconds
[2026-05-07T20:40:41.365+0000] {processor.py:186} INFO - Started process (PID=2337) to work on /opt/airflow/dags/main.py
[2026-05-07T20:40:41.366+0000] {processor.py:914} INFO - Processing file /opt/airflow/dags/main.py for tasks to queue
[2026-05-07T20:40:41.369+0000] {logging_mixin.py:190} INFO - [2026-05-07T20:40:41.368+0000] {dagbag.py:588} INFO - Filling up the DagBag from /opt/airflow/dags/main.py
[2026-05-07T20:40:41.501+0000] {processor.py:925} INFO - DAG(s) 'kafka_to_s3' retrieved from /opt/airflow/dags/main.py
[2026-05-07T20:40:41.544+0000] {logging_mixin.py:190} INFO - [2026-05-07T20:40:41.544+0000] {dag.py:3239} INFO - Sync 1 DAGs
[2026-05-07T20:40:41.574+0000] {logging_mixin.py:190} INFO - [2026-05-07T20:40:41.574+0000] {dag.py:4180} INFO - Setting next_dagrun for kafka_to_s3 to 2026-05-07 00:00:00+00:00, run_after=2026-05-08 00:00:00+00:00
[2026-05-07T20:40:41.599+0000] {processor.py:208} INFO - Processing /opt/airflow/dags/main.py took 0.240 seconds
[2026-05-07T20:41:13.267+0000] {processor.py:186} INFO - Started process (PID=2344) to work on /opt/airflow/dags/main.py
[2026-05-07T20:41:13.269+0000] {processor.py:914} INFO - Processing file /opt/airflow/dags/main.py for tasks to queue
[2026-05-07T20:41:13.273+0000] {logging_mixin.py:190} INFO - [2026-05-07T20:41:13.273+0000] {dagbag.py:588} INFO - Filling up the DagBag from /opt/airflow/dags/main.py
[2026-05-07T20:41:13.419+0000] {processor.py:925} INFO - DAG(s) 'kafka_to_s3' retrieved from /opt/airflow/dags/main.py
[2026-05-07T20:41:13.469+0000] {logging_mixin.py:190} INFO - [2026-05-07T20:41:13.468+0000] {dag.py:3239} INFO - Sync 1 DAGs
[2026-05-07T20:41:13.509+0000] {logging_mixin.py:190} INFO - [2026-05-07T20:41:13.508+0000] {dag.py:4180} INFO - Setting next_dagrun for kafka_to_s3 to 2026-05-07 00:00:00+00:00, run_after=2026-05-08 00:00:00+00:00
[2026-05-07T20:41:13.534+0000] {processor.py:208} INFO - Processing /opt/airflow/dags/main.py took 0.276 seconds
[2026-05-07T20:41:45.367+0000] {processor.py:186} INFO - Started process (PID=2351) to work on /opt/airflow/dags/main.py
[2026-05-07T20:41:45.368+0000] {processor.py:914} INFO - Processing file /opt/airflow/dags/main.py for tasks to queue
[2026-05-07T20:41:45.372+0000] {logging_mixin.py:190} INFO - [2026-05-07T20:41:45.372+0000] {dagbag.py:588} INFO - Filling up the DagBag from /opt/airflow/dags/main.py
[2026-05-07T20:41:45.498+0000] {processor.py:925} INFO - DAG(s) 'kafka_to_s3' retrieved from /opt/airflow/dags/main.py
[2026-05-07T20:41:45.525+0000] {logging_mixin.py:190} INFO - [2026-05-07T20:41:45.524+0000] {dag.py:3239} INFO - Sync 1 DAGs
[2026-05-07T20:41:45.549+0000] {logging_mixin.py:190} INFO - [2026-05-07T20:41:45.549+0000] {dag.py:4180} INFO - Setting next_dagrun for kafka_to_s3 to 2026-05-07 00:00:00+00:00, run_after=2026-05-08 00:00:00+00:00
[2026-05-07T20:41:45.570+0000] {processor.py:208} INFO - Processing /opt/airflow/dags/main.py took 0.209 seconds
[2026-05-07T20:42:16.371+0000] {processor.py:186} INFO - Started process (PID=2358) to work on /opt/airflow/dags/main.py
[2026-05-07T20:42:16.373+0000] {processor.py:914} INFO - Processing file /opt/airflow/dags/main.py for tasks to queue
[2026-05-07T20:42:16.378+0000] {logging_mixin.py:190} INFO - [2026-05-07T20:42:16.378+0000] {dagbag.py:588} INFO - Filling up the DagBag from /opt/airflow/dags/main.py
[2026-05-07T20:42:16.520+0000] {processor.py:925} INFO - DAG(s) 'kafka_to_s3' retrieved from /opt/airflow/dags/main.py
[2026-05-07T20:42:16.546+0000] {logging_mixin.py:190} INFO - [2026-05-07T20:42:16.546+0000] {dag.py:3239} INFO - Sync 1 DAGs
[2026-05-07T20:42:16.574+0000] {logging_mixin.py:190} INFO - [2026-05-07T20:42:16.574+0000] {dag.py:4180} INFO - Setting next_dagrun for kafka_to_s3 to 2026-05-07 00:00:00+00:00, run_after=2026-05-08 00:00:00+00:00
[2026-05-07T20:42:16.595+0000] {processor.py:208} INFO - Processing /opt/airflow/dags/main.py took 0.233 seconds
[2026-05-07T20:42:47.453+0000] {processor.py:186} INFO - Started process (PID=2365) to work on /opt/airflow/dags/main.py
[2026-05-07T20:42:47.455+0000] {processor.py:914} INFO - Processing file /opt/airflow/dags/main.py for tasks to queue
[2026-05-07T20:42:47.460+0000] {logging_mixin.py:190} INFO - [2026-05-07T20:42:47.459+0000] {dagbag.py:588} INFO - Filling up the DagBag from /opt/airflow/dags/main.py
[2026-05-07T20:42:47.626+0000] {processor.py:925} INFO - DAG(s) 'kafka_to_s3' retrieved from /opt/airflow/dags/main.py
[2026-05-07T20:42:47.664+0000] {logging_mixin.py:190} INFO - [2026-05-07T20:42:47.664+0000] {dag.py:3239} INFO - Sync 1 DAGs
[2026-05-07T20:42:47.701+0000] {logging_mixin.py:190} INFO - [2026-05-07T20:42:47.701+0000] {dag.py:4180} INFO - Setting next_dagrun for kafka_to_s3 to 2026-05-07 00:00:00+00:00, run_after=2026-05-08 00:00:00+00:00
[2026-05-07T20:42:47.728+0000] {processor.py:208} INFO - Processing /opt/airflow/dags/main.py took 0.284 seconds
[2026-05-07T20:43:19.619+0000] {processor.py:186} INFO - Started process (PID=2372) to work on /opt/airflow/dags/main.py
[2026-05-07T20:43:19.621+0000] {processor.py:914} INFO - Processing file /opt/airflow/dags/main.py for tasks to queue
[2026-05-07T20:43:19.627+0000] {logging_mixin.py:190} INFO - [2026-05-07T20:43:19.626+0000] {dagbag.py:588} INFO - Filling up the DagBag from /opt/airflow/dags/main.py
[2026-05-07T20:43:19.847+0000] {processor.py:925} INFO - DAG(s) 'kafka_to_s3' retrieved from /opt/airflow/dags/main.py
[2026-05-07T20:43:19.885+0000] {logging_mixin.py:190} INFO - [2026-05-07T20:43:19.885+0000] {dag.py:3239} INFO - Sync 1 DAGs
[2026-05-07T20:43:19.920+0000] {logging_mixin.py:190} INFO - [2026-05-07T20:43:19.919+0000] {dag.py:4180} INFO - Setting next_dagrun for kafka_to_s3 to 2026-05-07 00:00:00+00:00, run_after=2026-05-08 00:00:00+00:00
[2026-05-07T20:43:19.947+0000] {processor.py:208} INFO - Processing /opt/airflow/dags/main.py took 0.344 seconds
[2026-05-07T20:43:51.483+0000] {processor.py:186} INFO - Started process (PID=2379) to work on /opt/airflow/dags/main.py
[2026-05-07T20:43:51.484+0000] {processor.py:914} INFO - Processing file /opt/airflow/dags/main.py for tasks to queue
[2026-05-07T20:43:51.487+0000] {logging_mixin.py:190} INFO - [2026-05-07T20:43:51.486+0000] {dagbag.py:588} INFO - Filling up the DagBag from /opt/airflow/dags/main.py
[2026-05-07T20:43:51.655+0000] {processor.py:925} INFO - DAG(s) 'kafka_to_s3' retrieved from /opt/airflow/dags/main.py
[2026-05-07T20:43:51.703+0000] {logging_mixin.py:190} INFO - [2026-05-07T20:43:51.703+0000] {dag.py:3239} INFO - Sync 1 DAGs
[2026-05-07T20:43:51.735+0000] {logging_mixin.py:190} INFO - [2026-05-07T20:43:51.735+0000] {dag.py:4180} INFO - Setting next_dagrun for kafka_to_s3 to 2026-05-07 00:00:00+00:00, run_after=2026-05-08 00:00:00+00:00
[2026-05-07T20:43:51.759+0000] {processor.py:208} INFO - Processing /opt/airflow/dags/main.py took 0.284 seconds
[2026-05-07T20:44:22.748+0000] {processor.py:186} INFO - Started process (PID=2386) to work on /opt/airflow/dags/main.py
[2026-05-07T20:44:22.749+0000] {processor.py:914} INFO - Processing file /opt/airflow/dags/main.py for tasks to queue
[2026-05-07T20:44:22.753+0000] {logging_mixin.py:190} INFO - [2026-05-07T20:44:22.752+0000] {dagbag.py:588} INFO - Filling up the DagBag from /opt/airflow/dags/main.py
[2026-05-07T20:44:22.915+0000] {processor.py:925} INFO - DAG(s) 'kafka_to_s3' retrieved from /opt/airflow/dags/main.py
[2026-05-07T20:44:22.947+0000] {logging_mixin.py:190} INFO - [2026-05-07T20:44:22.947+0000] {dag.py:3239} INFO - Sync 1 DAGs
[2026-05-07T20:44:22.974+0000] {logging_mixin.py:190} INFO - [2026-05-07T20:44:22.974+0000] {dag.py:4180} INFO - Setting next_dagrun for kafka_to_s3 to 2026-05-07 00:00:00+00:00, run_after=2026-05-08 00:00:00+00:00
[2026-05-07T20:44:22.996+0000] {processor.py:208} INFO - Processing /opt/airflow/dags/main.py took 0.256 seconds
[2026-05-07T20:44:54.248+0000] {processor.py:186} INFO - Started process (PID=2393) to work on /opt/airflow/dags/main.py
[2026-05-07T20:44:54.250+0000] {processor.py:914} INFO - Processing file /opt/airflow/dags/main.py for tasks to queue
[2026-05-07T20:44:54.253+0000] {logging_mixin.py:190} INFO - [2026-05-07T20:44:54.253+0000] {dagbag.py:588} INFO - Filling up the DagBag from /opt/airflow/dags/main.py
[2026-05-07T20:44:54.385+0000] {processor.py:925} INFO - DAG(s) 'kafka_to_s3' retrieved from /opt/airflow/dags/main.py
[2026-05-07T20:44:54.416+0000] {logging_mixin.py:190} INFO - [2026-05-07T20:44:54.416+0000] {dag.py:3239} INFO - Sync 1 DAGs
[2026-05-07T20:44:54.441+0000] {logging_mixin.py:190} INFO - [2026-05-07T20:44:54.441+0000] {dag.py:4180} INFO - Setting next_dagrun for kafka_to_s3 to 2026-05-07 00:00:00+00:00, run_after=2026-05-08 00:00:00+00:00
[2026-05-07T20:44:54.464+0000] {processor.py:208} INFO - Processing /opt/airflow/dags/main.py took 0.224 seconds
[2026-05-07T20:45:26.022+0000] {processor.py:186} INFO - Started process (PID=2400) to work on /opt/airflow/dags/main.py
[2026-05-07T20:45:26.024+0000] {processor.py:914} INFO - Processing file /opt/airflow/dags/main.py for tasks to queue
[2026-05-07T20:45:26.028+0000] {logging_mixin.py:190} INFO - [2026-05-07T20:45:26.027+0000] {dagbag.py:588} INFO - Filling up the DagBag from /opt/airflow/dags/main.py
[2026-05-07T20:45:26.206+0000] {processor.py:925} INFO - DAG(s) 'kafka_to_s3' retrieved from /opt/airflow/dags/main.py
[2026-05-07T20:45:26.242+0000] {logging_mixin.py:190} INFO - [2026-05-07T20:45:26.241+0000] {dag.py:3239} INFO - Sync 1 DAGs
[2026-05-07T20:45:26.273+0000] {logging_mixin.py:190} INFO - [2026-05-07T20:45:26.272+0000] {dag.py:4180} INFO - Setting next_dagrun for kafka_to_s3 to 2026-05-07 00:00:00+00:00, run_after=2026-05-08 00:00:00+00:00
[2026-05-07T20:45:26.297+0000] {processor.py:208} INFO - Processing /opt/airflow/dags/main.py took 0.283 seconds
[2026-05-07T20:45:57.193+0000] {processor.py:186} INFO - Started process (PID=2407) to work on /opt/airflow/dags/main.py
[2026-05-07T20:45:57.195+0000] {processor.py:914} INFO - Processing file /opt/airflow/dags/main.py for tasks to queue
[2026-05-07T20:45:57.199+0000] {logging_mixin.py:190} INFO - [2026-05-07T20:45:57.198+0000] {dagbag.py:588} INFO - Filling up the DagBag from /opt/airflow/dags/main.py
[2026-05-07T20:45:57.325+0000] {processor.py:925} INFO - DAG(s) 'kafka_to_s3' retrieved from /opt/airflow/dags/main.py
[2026-05-07T20:45:57.355+0000] {logging_mixin.py:190} INFO - [2026-05-07T20:45:57.355+0000] {dag.py:3239} INFO - Sync 1 DAGs
[2026-05-07T20:45:57.385+0000] {logging_mixin.py:190} INFO - [2026-05-07T20:45:57.385+0000] {dag.py:4180} INFO - Setting next_dagrun for kafka_to_s3 to 2026-05-07 00:00:00+00:00, run_after=2026-05-08 00:00:00+00:00
[2026-05-07T20:45:57.409+0000] {processor.py:208} INFO - Processing /opt/airflow/dags/main.py took 0.224 seconds
[2026-05-07T20:46:29.116+0000] {processor.py:186} INFO - Started process (PID=2414) to work on /opt/airflow/dags/main.py
[2026-05-07T20:46:29.118+0000] {processor.py:914} INFO - Processing file /opt/airflow/dags/main.py for tasks to queue
[2026-05-07T20:46:29.123+0000] {logging_mixin.py:190} INFO - [2026-05-07T20:46:29.122+0000] {dagbag.py:588} INFO - Filling up the DagBag from /opt/airflow/dags/main.py
[2026-05-07T20:46:29.263+0000] {processor.py:925} INFO - DAG(s) 'kafka_to_s3' retrieved from /opt/airflow/dags/main.py
[2026-05-07T20:46:29.296+0000] {logging_mixin.py:190} INFO - [2026-05-07T20:46:29.296+0000] {dag.py:3239} INFO - Sync 1 DAGs
[2026-05-07T20:46:29.326+0000] {logging_mixin.py:190} INFO - [2026-05-07T20:46:29.325+0000] {dag.py:4180} INFO - Setting next_dagrun for kafka_to_s3 to 2026-05-07 00:00:00+00:00, run_after=2026-05-08 00:00:00+00:00
[2026-05-07T20:46:29.351+0000] {processor.py:208} INFO - Processing /opt/airflow/dags/main.py took 0.243 seconds
[2026-05-07T20:47:00.258+0000] {processor.py:186} INFO - Started process (PID=2421) to work on /opt/airflow/dags/main.py
[2026-05-07T20:47:00.259+0000] {processor.py:914} INFO - Processing file /opt/airflow/dags/main.py for tasks to queue
[2026-05-07T20:47:00.264+0000] {logging_mixin.py:190} INFO - [2026-05-07T20:47:00.263+0000] {dagbag.py:588} INFO - Filling up the DagBag from /opt/airflow/dags/main.py
[2026-05-07T20:47:00.453+0000] {processor.py:925} INFO - DAG(s) 'kafka_to_s3' retrieved from /opt/airflow/dags/main.py
[2026-05-07T20:47:00.488+0000] {logging_mixin.py:190} INFO - [2026-05-07T20:47:00.487+0000] {dag.py:3239} INFO - Sync 1 DAGs
[2026-05-07T20:47:00.517+0000] {logging_mixin.py:190} INFO - [2026-05-07T20:47:00.517+0000] {dag.py:4180} INFO - Setting next_dagrun for kafka_to_s3 to 2026-05-07 00:00:00+00:00, run_after=2026-05-08 00:00:00+00:00
[2026-05-07T20:47:00.537+0000] {processor.py:208} INFO - Processing /opt/airflow/dags/main.py took 0.292 seconds
[2026-05-07T20:47:32.054+0000] {processor.py:186} INFO - Started process (PID=2428) to work on /opt/airflow/dags/main.py
[2026-05-07T20:47:32.056+0000] {processor.py:914} INFO - Processing file /opt/airflow/dags/main.py for tasks to queue
[2026-05-07T20:47:32.062+0000] {logging_mixin.py:190} INFO - [2026-05-07T20:47:32.061+0000] {dagbag.py:588} INFO - Filling up the DagBag from /opt/airflow/dags/main.py
[2026-05-07T20:47:32.239+0000] {processor.py:925} INFO - DAG(s) 'kafka_to_s3' retrieved from /opt/airflow/dags/main.py
[2026-05-07T20:47:32.285+0000] {logging_mixin.py:190} INFO - [2026-05-07T20:47:32.284+0000] {dag.py:3239} INFO - Sync 1 DAGs
[2026-05-07T20:47:32.330+0000] {logging_mixin.py:190} INFO - [2026-05-07T20:47:32.330+0000] {dag.py:4180} INFO - Setting next_dagrun for kafka_to_s3 to 2026-05-07 00:00:00+00:00, run_after=2026-05-08 00:00:00+00:00
[2026-05-07T20:47:32.360+0000] {processor.py:208} INFO - Processing /opt/airflow/dags/main.py took 0.318 seconds
[2026-05-07T20:48:02.441+0000] {processor.py:186} INFO - Started process (PID=2435) to work on /opt/airflow/dags/main.py
[2026-05-07T20:48:02.442+0000] {processor.py:914} INFO - Processing file /opt/airflow/dags/main.py for tasks to queue
[2026-05-07T20:48:02.446+0000] {logging_mixin.py:190} INFO - [2026-05-07T20:48:02.445+0000] {dagbag.py:588} INFO - Filling up the DagBag from /opt/airflow/dags/main.py
[2026-05-07T20:48:02.575+0000] {processor.py:925} INFO - DAG(s) 'kafka_to_s3' retrieved from /opt/airflow/dags/main.py
[2026-05-07T20:48:02.605+0000] {logging_mixin.py:190} INFO - [2026-05-07T20:48:02.605+0000] {dag.py:3239} INFO - Sync 1 DAGs
[2026-05-07T20:48:02.632+0000] {logging_mixin.py:190} INFO - [2026-05-07T20:48:02.632+0000] {dag.py:4180} INFO - Setting next_dagrun for kafka_to_s3 to 2026-05-07 00:00:00+00:00, run_after=2026-05-08 00:00:00+00:00
[2026-05-07T20:48:02.653+0000] {processor.py:208} INFO - Processing /opt/airflow/dags/main.py took 0.222 seconds
[2026-05-07T20:48:34.393+0000] {processor.py:186} INFO - Started process (PID=2442) to work on /opt/airflow/dags/main.py
[2026-05-07T20:48:34.395+0000] {processor.py:914} INFO - Processing file /opt/airflow/dags/main.py for tasks to queue
[2026-05-07T20:48:34.399+0000] {logging_mixin.py:190} INFO - [2026-05-07T20:48:34.398+0000] {dagbag.py:588} INFO - Filling up the DagBag from /opt/airflow/dags/main.py
[2026-05-07T20:48:34.522+0000] {processor.py:925} INFO - DAG(s) 'kafka_to_s3' retrieved from /opt/airflow/dags/main.py
[2026-05-07T20:48:34.553+0000] {logging_mixin.py:190} INFO - [2026-05-07T20:48:34.553+0000] {dag.py:3239} INFO - Sync 1 DAGs
[2026-05-07T20:48:34.580+0000] {logging_mixin.py:190} INFO - [2026-05-07T20:48:34.580+0000] {dag.py:4180} INFO - Setting next_dagrun for kafka_to_s3 to 2026-05-07 00:00:00+00:00, run_after=2026-05-08 00:00:00+00:00
[2026-05-07T20:48:34.602+0000] {processor.py:208} INFO - Processing /opt/airflow/dags/main.py took 0.217 seconds
[2026-05-07T20:49:04.753+0000] {processor.py:186} INFO - Started process (PID=2449) to work on /opt/airflow/dags/main.py
[2026-05-07T20:49:04.754+0000] {processor.py:914} INFO - Processing file /opt/airflow/dags/main.py for tasks to queue
[2026-05-07T20:49:04.759+0000] {logging_mixin.py:190} INFO - [2026-05-07T20:49:04.758+0000] {dagbag.py:588} INFO - Filling up the DagBag from /opt/airflow/dags/main.py
[2026-05-07T20:49:04.926+0000] {processor.py:925} INFO - DAG(s) 'kafka_to_s3' retrieved from /opt/airflow/dags/main.py
[2026-05-07T20:49:04.965+0000] {logging_mixin.py:190} INFO - [2026-05-07T20:49:04.965+0000] {dag.py:3239} INFO - Sync 1 DAGs
[2026-05-07T20:49:04.998+0000] {logging_mixin.py:190} INFO - [2026-05-07T20:49:04.997+0000] {dag.py:4180} INFO - Setting next_dagrun for kafka_to_s3 to 2026-05-07 00:00:00+00:00, run_after=2026-05-08 00:00:00+00:00
[2026-05-07T20:49:05.024+0000] {processor.py:208} INFO - Processing /opt/airflow/dags/main.py took 0.282 seconds
[2026-05-07T20:49:35.980+0000] {processor.py:186} INFO - Started process (PID=2456) to work on /opt/airflow/dags/main.py
[2026-05-07T20:49:35.982+0000] {processor.py:914} INFO - Processing file /opt/airflow/dags/main.py for tasks to queue
[2026-05-07T20:49:35.989+0000] {logging_mixin.py:190} INFO - [2026-05-07T20:49:35.989+0000] {dagbag.py:588} INFO - Filling up the DagBag from /opt/airflow/dags/main.py
[2026-05-07T20:49:36.159+0000] {processor.py:925} INFO - DAG(s) 'kafka_to_s3' retrieved from /opt/airflow/dags/main.py
[2026-05-07T20:49:36.209+0000] {logging_mixin.py:190} INFO - [2026-05-07T20:49:36.208+0000] {dag.py:3239} INFO - Sync 1 DAGs
[2026-05-07T20:49:36.272+0000] {logging_mixin.py:190} INFO - [2026-05-07T20:49:36.272+0000] {dag.py:4180} INFO - Setting next_dagrun for kafka_to_s3 to 2026-05-07 00:00:00+00:00, run_after=2026-05-08 00:00:00+00:00
[2026-05-07T20:49:36.308+0000] {processor.py:208} INFO - Processing /opt/airflow/dags/main.py took 0.337 seconds
[2026-05-07T20:50:06.454+0000] {processor.py:186} INFO - Started process (PID=2463) to work on /opt/airflow/dags/main.py
[2026-05-07T20:50:06.455+0000] {processor.py:914} INFO - Processing file /opt/airflow/dags/main.py for tasks to queue
[2026-05-07T20:50:06.459+0000] {logging_mixin.py:190} INFO - [2026-05-07T20:50:06.459+0000] {dagbag.py:588} INFO - Filling up the DagBag from /opt/airflow/dags/main.py
[2026-05-07T20:50:06.606+0000] {processor.py:925} INFO - DAG(s) 'kafka_to_s3' retrieved from /opt/airflow/dags/main.py
[2026-05-07T20:50:06.641+0000] {logging_mixin.py:190} INFO - [2026-05-07T20:50:06.641+0000] {dag.py:3239} INFO - Sync 1 DAGs
[2026-05-07T20:50:06.675+0000] {logging_mixin.py:190} INFO - [2026-05-07T20:50:06.674+0000] {dag.py:4180} INFO - Setting next_dagrun for kafka_to_s3 to 2026-05-07 00:00:00+00:00, run_after=2026-05-08 00:00:00+00:00
[2026-05-07T20:50:06.709+0000] {processor.py:208} INFO - Processing /opt/airflow/dags/main.py took 0.263 seconds
[2026-05-07T20:50:36.895+0000] {processor.py:186} INFO - Started process (PID=2470) to work on /opt/airflow/dags/main.py
[2026-05-07T20:50:36.896+0000] {processor.py:914} INFO - Processing file /opt/airflow/dags/main.py for tasks to queue
[2026-05-07T20:50:36.900+0000] {logging_mixin.py:190} INFO - [2026-05-07T20:50:36.899+0000] {dagbag.py:588} INFO - Filling up the DagBag from /opt/airflow/dags/main.py
[2026-05-07T20:50:37.033+0000] {processor.py:925} INFO - DAG(s) 'kafka_to_s3' retrieved from /opt/airflow/dags/main.py
[2026-05-07T20:50:37.069+0000] {logging_mixin.py:190} INFO - [2026-05-07T20:50:37.069+0000] {dag.py:3239} INFO - Sync 1 DAGs
[2026-05-07T20:50:37.102+0000] {logging_mixin.py:190} INFO - [2026-05-07T20:50:37.102+0000] {dag.py:4180} INFO - Setting next_dagrun for kafka_to_s3 to 2026-05-07 00:00:00+00:00, run_after=2026-05-08 00:00:00+00:00
[2026-05-07T20:50:37.127+0000] {processor.py:208} INFO - Processing /opt/airflow/dags/main.py took 0.240 seconds
[2026-05-07T20:51:08.066+0000] {processor.py:186} INFO - Started process (PID=2477) to work on /opt/airflow/dags/main.py
[2026-05-07T20:51:08.067+0000] {processor.py:914} INFO - Processing file /opt/airflow/dags/main.py for tasks to queue
[2026-05-07T20:51:08.071+0000] {logging_mixin.py:190} INFO - [2026-05-07T20:51:08.071+0000] {dagbag.py:588} INFO - Filling up the DagBag from /opt/airflow/dags/main.py
[2026-05-07T20:51:09.195+0000] {processor.py:925} INFO - DAG(s) 'kafka_to_s3' retrieved from /opt/airflow/dags/main.py
[2026-05-07T20:51:09.228+0000] {logging_mixin.py:190} INFO - [2026-05-07T20:51:09.228+0000] {dag.py:3239} INFO - Sync 1 DAGs
[2026-05-07T20:51:09.262+0000] {logging_mixin.py:190} INFO - [2026-05-07T20:51:09.261+0000] {dag.py:4180} INFO - Setting next_dagrun for kafka_to_s3 to 2026-05-07 00:00:00+00:00, run_after=2026-05-08 00:00:00+00:00
[2026-05-07T20:51:09.289+0000] {processor.py:208} INFO - Processing /opt/airflow/dags/main.py took 0.264 seconds
[2026-05-07T20:51:39.848+0000] {processor.py:186} INFO - Started process (PID=2484) to work on /opt/airflow/dags/main.py
[2026-05-07T20:51:39.849+0000] {processor.py:914} INFO - Processing file /opt/airflow/dags/main.py for tasks to queue
[2026-05-07T20:51:39.852+0000] {logging_mixin.py:190} INFO - [2026-05-07T20:51:39.852+0000] {dagbag.py:588} INFO - Filling up the DagBag from /opt/airflow/dags/main.py
[2026-05-07T20:51:39.973+0000] {processor.py:925} INFO - DAG(s) 'kafka_to_s3' retrieved from /opt/airflow/dags/main.py
[2026-05-07T20:51:40.002+0000] {logging_mixin.py:190} INFO - [2026-05-07T20:51:40.002+0000] {dag.py:3239} INFO - Sync 1 DAGs
[2026-05-07T20:51:40.027+0000] {logging_mixin.py:190} INFO - [2026-05-07T20:51:40.027+0000] {dag.py:4180} INFO - Setting next_dagrun for kafka_to_s3 to 2026-05-07 00:00:00+00:00, run_after=2026-05-08 00:00:00+00:00
[2026-05-07T20:51:40.048+0000] {processor.py:208} INFO - Processing /opt/airflow/dags/main.py took 0.207 seconds
[2026-05-07T20:52:10.934+0000] {processor.py:186} INFO - Started process (PID=2492) to work on /opt/airflow/dags/main.py
[2026-05-07T20:52:10.936+0000] {processor.py:914} INFO - Processing file /opt/airflow/dags/main.py for tasks to queue
[2026-05-07T20:52:10.941+0000] {logging_mixin.py:190} INFO - [2026-05-07T20:52:10.941+0000] {dagbag.py:588} INFO - Filling up the DagBag from /opt/airflow/dags/main.py
[2026-05-07T20:52:11.170+0000] {processor.py:925} INFO - DAG(s) 'kafka_to_s3' retrieved from /opt/airflow/dags/main.py
[2026-05-07T20:52:11.223+0000] {logging_mixin.py:190} INFO - [2026-05-07T20:52:11.223+0000] {dag.py:3239} INFO - Sync 1 DAGs
[2026-05-07T20:52:11.259+0000] {logging_mixin.py:190} INFO - [2026-05-07T20:52:11.259+0000] {dag.py:4180} INFO - Setting next_dagrun for kafka_to_s3 to 2026-05-07 00:00:00+00:00, run_after=2026-05-08 00:00:00+00:00
[2026-05-07T20:52:11.286+0000] {processor.py:208} INFO - Processing /opt/airflow/dags/main.py took 0.362 seconds
[2026-05-07T20:52:41.825+0000] {processor.py:186} INFO - Started process (PID=2499) to work on /opt/airflow/dags/main.py
[2026-05-07T20:52:41.827+0000] {processor.py:914} INFO - Processing file /opt/airflow/dags/main.py for tasks to queue
[2026-05-07T20:52:41.831+0000] {logging_mixin.py:190} INFO - [2026-05-07T20:52:41.830+0000] {dagbag.py:588} INFO - Filling up the DagBag from /opt/airflow/dags/main.py
[2026-05-07T20:52:41.965+0000] {processor.py:925} INFO - DAG(s) 'kafka_to_s3' retrieved from /opt/airflow/dags/main.py
[2026-05-07T20:52:41.995+0000] {logging_mixin.py:190} INFO - [2026-05-07T20:52:41.995+0000] {dag.py:3239} INFO - Sync 1 DAGs
[2026-05-07T20:52:42.020+0000] {logging_mixin.py:190} INFO - [2026-05-07T20:52:42.019+0000] {dag.py:4180} INFO - Setting next_dagrun for kafka_to_s3 to 2026-05-07 00:00:00+00:00, run_after=2026-05-08 00:00:00+00:00
[2026-05-07T20:52:42.042+0000] {processor.py:208} INFO - Processing /opt/airflow/dags/main.py took 0.224 seconds
[2026-05-07T20:53:12.607+0000] {processor.py:186} INFO - Started process (PID=2506) to work on /opt/airflow/dags/main.py
[2026-05-07T20:53:12.608+0000] {processor.py:914} INFO - Processing file /opt/airflow/dags/main.py for tasks to queue
[2026-05-07T20:53:12.612+0000] {logging_mixin.py:190} INFO - [2026-05-07T20:53:12.612+0000] {dagbag.py:588} INFO - Filling up the DagBag from /opt/airflow/dags/main.py
[2026-05-07T20:53:12.778+0000] {processor.py:925} INFO - DAG(s) 'kafka_to_s3' retrieved from /opt/airflow/dags/main.py
[2026-05-07T20:53:12.822+0000] {logging_mixin.py:190} INFO - [2026-05-07T20:53:12.822+0000] {dag.py:3239} INFO - Sync 1 DAGs
[2026-05-07T20:53:12.854+0000] {logging_mixin.py:190} INFO - [2026-05-07T20:53:12.854+0000] {dag.py:4180} INFO - Setting next_dagrun for kafka_to_s3 to 2026-05-07 00:00:00+00:00, run_after=2026-05-08 00:00:00+00:00
[2026-05-07T20:53:12.881+0000] {processor.py:208} INFO - Processing /opt/airflow/dags/main.py took 0.287 seconds
[2026-05-07T20:53:43.527+0000] {processor.py:186} INFO - Started process (PID=2513) to work on /opt/airflow/dags/main.py
[2026-05-07T20:53:43.528+0000] {processor.py:914} INFO - Processing file /opt/airflow/dags/main.py for tasks to queue
[2026-05-07T20:53:43.531+0000] {logging_mixin.py:190} INFO - [2026-05-07T20:53:43.531+0000] {dagbag.py:588} INFO - Filling up the DagBag from /opt/airflow/dags/main.py
[2026-05-07T20:53:43.665+0000] {processor.py:925} INFO - DAG(s) 'kafka_to_s3' retrieved from /opt/airflow/dags/main.py
[2026-05-07T20:53:43.694+0000] {logging_mixin.py:190} INFO - [2026-05-07T20:53:43.693+0000] {dag.py:3239} INFO - Sync 1 DAGs
[2026-05-07T20:53:43.719+0000] {logging_mixin.py:190} INFO - [2026-05-07T20:53:43.718+0000] {dag.py:4180} INFO - Setting next_dagrun for kafka_to_s3 to 2026-05-07 00:00:00+00:00, run_after=2026-05-08 00:00:00+00:00
[2026-05-07T20:53:43.743+0000] {processor.py:208} INFO - Processing /opt/airflow/dags/main.py took 0.223 seconds
[2026-05-07T20:54:14.437+0000] {processor.py:186} INFO - Started process (PID=2520) to work on /opt/airflow/dags/main.py
[2026-05-07T20:54:14.439+0000] {processor.py:914} INFO - Processing file /opt/airflow/dags/main.py for tasks to queue
[2026-05-07T20:54:14.442+0000] {logging_mixin.py:190} INFO - [2026-05-07T20:54:14.441+0000] {dagbag.py:588} INFO - Filling up the DagBag from /opt/airflow/dags/main.py
[2026-05-07T20:54:14.577+0000] {processor.py:925} INFO - DAG(s) 'kafka_to_s3' retrieved from /opt/airflow/dags/main.py
[2026-05-07T20:54:14.607+0000] {logging_mixin.py:190} INFO - [2026-05-07T20:54:14.607+0000] {dag.py:3239} INFO - Sync 1 DAGs
[2026-05-07T20:54:14.634+0000] {logging_mixin.py:190} INFO - [2026-05-07T20:54:14.634+0000] {dag.py:4180} INFO - Setting next_dagrun for kafka_to_s3 to 2026-05-07 00:00:00+00:00, run_after=2026-05-08 00:00:00+00:00
[2026-05-07T20:54:14.656+0000] {processor.py:208} INFO - Processing /opt/airflow/dags/main.py took 0.226 seconds
[2026-05-07T20:54:45.450+0000] {processor.py:186} INFO - Started process (PID=2527) to work on /opt/airflow/dags/main.py
[2026-05-07T20:54:45.451+0000] {processor.py:914} INFO - Processing file /opt/airflow/dags/main.py for tasks to queue
[2026-05-07T20:54:45.454+0000] {logging_mixin.py:190} INFO - [2026-05-07T20:54:45.454+0000] {dagbag.py:588} INFO - Filling up the DagBag from /opt/airflow/dags/main.py
[2026-05-07T20:54:45.575+0000] {processor.py:925} INFO - DAG(s) 'kafka_to_s3' retrieved from /opt/airflow/dags/main.py
[2026-05-07T20:54:45.601+0000] {logging_mixin.py:190} INFO - [2026-05-07T20:54:45.601+0000] {dag.py:3239} INFO - Sync 1 DAGs
[2026-05-07T20:54:45.625+0000] {logging_mixin.py:190} INFO - [2026-05-07T20:54:45.624+0000] {dag.py:4180} INFO - Setting next_dagrun for kafka_to_s3 to 2026-05-07 00:00:00+00:00, run_after=2026-05-08 00:00:00+00:00
[2026-05-07T20:54:45.644+0000] {processor.py:208} INFO - Processing /opt/airflow/dags/main.py took 0.201 seconds
[2026-05-07T20:55:16.417+0000] {processor.py:186} INFO - Started process (PID=2534) to work on /opt/airflow/dags/main.py
[2026-05-07T20:55:16.420+0000] {processor.py:914} INFO - Processing file /opt/airflow/dags/main.py for tasks to queue
[2026-05-07T20:55:16.426+0000] {logging_mixin.py:190} INFO - [2026-05-07T20:55:16.425+0000] {dagbag.py:588} INFO - Filling up the DagBag from /opt/airflow/dags/main.py
[2026-05-07T20:55:16.603+0000] {processor.py:925} INFO - DAG(s) 'kafka_to_s3' retrieved from /opt/airflow/dags/main.py
[2026-05-07T20:55:16.646+0000] {logging_mixin.py:190} INFO - [2026-05-07T20:55:16.645+0000] {dag.py:3239} INFO - Sync 1 DAGs
[2026-05-07T20:55:16.681+0000] {logging_mixin.py:190} INFO - [2026-05-07T20:55:16.680+0000] {dag.py:4180} INFO - Setting next_dagrun for kafka_to_s3 to 2026-05-07 00:00:00+00:00, run_after=2026-05-08 00:00:00+00:00
[2026-05-07T20:55:16.715+0000] {processor.py:208} INFO - Processing /opt/airflow/dags/main.py took 0.310 seconds
[2026-05-07T20:55:47.242+0000] {processor.py:186} INFO - Started process (PID=2541) to work on /opt/airflow/dags/main.py
[2026-05-07T20:55:47.245+0000] {processor.py:914} INFO - Processing file /opt/airflow/dags/main.py for tasks to queue
[2026-05-07T20:55:47.254+0000] {logging_mixin.py:190} INFO - [2026-05-07T20:55:47.253+0000] {dagbag.py:588} INFO - Filling up the DagBag from /opt/airflow/dags/main.py
[2026-05-07T20:55:47.469+0000] {processor.py:925} INFO - DAG(s) 'kafka_to_s3' retrieved from /opt/airflow/dags/main.py
[2026-05-07T20:55:47.500+0000] {logging_mixin.py:190} INFO - [2026-05-07T20:55:47.499+0000] {dag.py:3239} INFO - Sync 1 DAGs
[2026-05-07T20:55:47.531+0000] {logging_mixin.py:190} INFO - [2026-05-07T20:55:47.531+0000] {dag.py:4180} INFO - Setting next_dagrun for kafka_to_s3 to 2026-05-07 00:00:00+00:00, run_after=2026-05-08 00:00:00+00:00
[2026-05-07T20:55:47.569+0000] {processor.py:208} INFO - Processing /opt/airflow/dags/main.py took 0.340 seconds
[2026-05-07T20:56:18.378+0000] {processor.py:186} INFO - Started process (PID=2549) to work on /opt/airflow/dags/main.py
[2026-05-07T20:56:18.380+0000] {processor.py:914} INFO - Processing file /opt/airflow/dags/main.py for tasks to queue
[2026-05-07T20:56:18.383+0000] {logging_mixin.py:190} INFO - [2026-05-07T20:56:18.383+0000] {dagbag.py:588} INFO - Filling up the DagBag from /opt/airflow/dags/main.py
[2026-05-07T20:56:18.503+0000] {processor.py:925} INFO - DAG(s) 'kafka_to_s3' retrieved from /opt/airflow/dags/main.py
[2026-05-07T20:56:18.574+0000] {logging_mixin.py:190} INFO - [2026-05-07T20:56:18.573+0000] {dag.py:3239} INFO - Sync 1 DAGs
[2026-05-07T20:56:18.607+0000] {logging_mixin.py:190} INFO - [2026-05-07T20:56:18.607+0000] {dag.py:4180} INFO - Setting next_dagrun for kafka_to_s3 to 2026-05-07 00:00:00+00:00, run_after=2026-05-08 00:00:00+00:00
[2026-05-07T20:56:18.632+0000] {processor.py:208} INFO - Processing /opt/airflow/dags/main.py took 0.262 seconds
[2026-05-07T20:56:49.504+0000] {processor.py:186} INFO - Started process (PID=2555) to work on /opt/airflow/dags/main.py
[2026-05-07T20:56:49.506+0000] {processor.py:914} INFO - Processing file /opt/airflow/dags/main.py for tasks to queue
[2026-05-07T20:56:49.511+0000] {logging_mixin.py:190} INFO - [2026-05-07T20:56:49.511+0000] {dagbag.py:588} INFO - Filling up the DagBag from /opt/airflow/dags/main.py
[2026-05-07T20:56:49.661+0000] {processor.py:925} INFO - DAG(s) 'kafka_to_s3' retrieved from /opt/airflow/dags/main.py
[2026-05-07T20:56:49.692+0000] {logging_mixin.py:190} INFO - [2026-05-07T20:56:49.692+0000] {dag.py:3239} INFO - Sync 1 DAGs
[2026-05-07T20:56:49.716+0000] {logging_mixin.py:190} INFO - [2026-05-07T20:56:49.715+0000] {dag.py:4180} INFO - Setting next_dagrun for kafka_to_s3 to 2026-05-07 00:00:00+00:00, run_after=2026-05-08 00:00:00+00:00
[2026-05-07T20:56:49.748+0000] {processor.py:208} INFO - Processing /opt/airflow/dags/main.py took 0.264 seconds
[2026-05-07T20:57:20.297+0000] {processor.py:186} INFO - Started process (PID=2562) to work on /opt/airflow/dags/main.py
[2026-05-07T20:57:20.300+0000] {processor.py:914} INFO - Processing file /opt/airflow/dags/main.py for tasks to queue
[2026-05-07T20:57:20.304+0000] {logging_mixin.py:190} INFO - [2026-05-07T20:57:20.304+0000] {dagbag.py:588} INFO - Filling up the DagBag from /opt/airflow/dags/main.py
[2026-05-07T20:57:20.444+0000] {processor.py:925} INFO - DAG(s) 'kafka_to_s3' retrieved from /opt/airflow/dags/main.py
[2026-05-07T20:57:20.475+0000] {logging_mixin.py:190} INFO - [2026-05-07T20:57:20.475+0000] {dag.py:3239} INFO - Sync 1 DAGs
[2026-05-07T20:57:20.502+0000] {logging_mixin.py:190} INFO - [2026-05-07T20:57:20.502+0000] {dag.py:4180} INFO - Setting next_dagrun for kafka_to_s3 to 2026-05-07 00:00:00+00:00, run_after=2026-05-08 00:00:00+00:00
[2026-05-07T20:57:20.524+0000] {processor.py:208} INFO - Processing /opt/airflow/dags/main.py took 0.245 seconds
[2026-05-07T20:57:51.201+0000] {processor.py:186} INFO - Started process (PID=2569) to work on /opt/airflow/dags/main.py
[2026-05-07T20:57:51.203+0000] {processor.py:914} INFO - Processing file /opt/airflow/dags/main.py for tasks to queue
[2026-05-07T20:57:51.209+0000] {logging_mixin.py:190} INFO - [2026-05-07T20:57:51.208+0000] {dagbag.py:588} INFO - Filling up the DagBag from /opt/airflow/dags/main.py
[2026-05-07T20:57:51.403+0000] {processor.py:925} INFO - DAG(s) 'kafka_to_s3' retrieved from /opt/airflow/dags/main.py
[2026-05-07T20:57:51.437+0000] {logging_mixin.py:190} INFO - [2026-05-07T20:57:51.436+0000] {dag.py:3239} INFO - Sync 1 DAGs
[2026-05-07T20:57:51.465+0000] {logging_mixin.py:190} INFO - [2026-05-07T20:57:51.465+0000] {dag.py:4180} INFO - Setting next_dagrun for kafka_to_s3 to 2026-05-07 00:00:00+00:00, run_after=2026-05-08 00:00:00+00:00
[2026-05-07T20:57:51.492+0000] {processor.py:208} INFO - Processing /opt/airflow/dags/main.py took 0.313 seconds
[2026-05-07T20:58:21.986+0000] {processor.py:186} INFO - Started process (PID=2576) to work on /opt/airflow/dags/main.py
[2026-05-07T20:58:21.987+0000] {processor.py:914} INFO - Processing file /opt/airflow/dags/main.py for tasks to queue
[2026-05-07T20:58:21.992+0000] {logging_mixin.py:190} INFO - [2026-05-07T20:58:21.991+0000] {dagbag.py:588} INFO - Filling up the DagBag from /opt/airflow/dags/main.py
[2026-05-07T20:58:22.145+0000] {processor.py:925} INFO - DAG(s) 'kafka_to_s3' retrieved from /opt/airflow/dags/main.py
[2026-05-07T20:58:22.177+0000] {logging_mixin.py:190} INFO - [2026-05-07T20:58:22.177+0000] {dag.py:3239} INFO - Sync 1 DAGs
[2026-05-07T20:58:22.208+0000] {logging_mixin.py:190} INFO - [2026-05-07T20:58:22.208+0000] {dag.py:4180} INFO - Setting next_dagrun for kafka_to_s3 to 2026-05-07 00:00:00+00:00, run_after=2026-05-08 00:00:00+00:00
[2026-05-07T20:58:22.235+0000] {processor.py:208} INFO - Processing /opt/airflow/dags/main.py took 0.258 seconds
[2026-05-07T20:58:52.856+0000] {processor.py:186} INFO - Started process (PID=2583) to work on /opt/airflow/dags/main.py
[2026-05-07T20:58:52.858+0000] {processor.py:914} INFO - Processing file /opt/airflow/dags/main.py for tasks to queue
[2026-05-07T20:58:52.863+0000] {logging_mixin.py:190} INFO - [2026-05-07T20:58:52.862+0000] {dagbag.py:588} INFO - Filling up the DagBag from /opt/airflow/dags/main.py
[2026-05-07T20:58:53.017+0000] {processor.py:925} INFO - DAG(s) 'kafka_to_s3' retrieved from /opt/airflow/dags/main.py
[2026-05-07T20:58:53.055+0000] {logging_mixin.py:190} INFO - [2026-05-07T20:58:53.054+0000] {dag.py:3239} INFO - Sync 1 DAGs
[2026-05-07T20:58:53.087+0000] {logging_mixin.py:190} INFO - [2026-05-07T20:58:53.087+0000] {dag.py:4180} INFO - Setting next_dagrun for kafka_to_s3 to 2026-05-07 00:00:00+00:00, run_after=2026-05-08 00:00:00+00:00
[2026-05-07T20:58:53.120+0000] {processor.py:208} INFO - Processing /opt/airflow/dags/main.py took 0.274 seconds
[2026-05-07T20:59:23.465+0000] {processor.py:186} INFO - Started process (PID=2590) to work on /opt/airflow/dags/main.py
[2026-05-07T20:59:23.468+0000] {processor.py:914} INFO - Processing file /opt/airflow/dags/main.py for tasks to queue
[2026-05-07T20:59:23.475+0000] {logging_mixin.py:190} INFO - [2026-05-07T20:59:23.474+0000] {dagbag.py:588} INFO - Filling up the DagBag from /opt/airflow/dags/main.py
[2026-05-07T20:59:23.669+0000] {processor.py:925} INFO - DAG(s) 'kafka_to_s3' retrieved from /opt/airflow/dags/main.py
[2026-05-07T20:59:23.697+0000] {logging_mixin.py:190} INFO - [2026-05-07T20:59:23.697+0000] {dag.py:3239} INFO - Sync 1 DAGs
[2026-05-07T20:59:23.725+0000] {logging_mixin.py:190} INFO - [2026-05-07T20:59:23.725+0000] {dag.py:4180} INFO - Setting next_dagrun for kafka_to_s3 to 2026-05-07 00:00:00+00:00, run_after=2026-05-08 00:00:00+00:00
[2026-05-07T20:59:23.751+0000] {processor.py:208} INFO - Processing /opt/airflow/dags/main.py took 0.303 seconds
[2026-05-07T20:59:54.315+0000] {processor.py:186} INFO - Started process (PID=2597) to work on /opt/airflow/dags/main.py
[2026-05-07T20:59:54.318+0000] {processor.py:914} INFO - Processing file /opt/airflow/dags/main.py for tasks to queue
[2026-05-07T20:59:54.326+0000] {logging_mixin.py:190} INFO - [2026-05-07T20:59:54.325+0000] {dagbag.py:588} INFO - Filling up the DagBag from /opt/airflow/dags/main.py
[2026-05-07T20:59:54.526+0000] {processor.py:925} INFO - DAG(s) 'kafka_to_s3' retrieved from /opt/airflow/dags/main.py
[2026-05-07T20:59:54.574+0000] {logging_mixin.py:190} INFO - [2026-05-07T20:59:54.574+0000] {dag.py:3239} INFO - Sync 1 DAGs
[2026-05-07T20:59:54.608+0000] {logging_mixin.py:190} INFO - [2026-05-07T20:59:54.608+0000] {dag.py:4180} INFO - Setting next_dagrun for kafka_to_s3 to 2026-05-07 00:00:00+00:00, run_after=2026-05-08 00:00:00+00:00
[2026-05-07T20:59:54.636+0000] {processor.py:208} INFO - Processing /opt/airflow/dags/main.py took 0.339 seconds
[2026-05-07T21:00:25.015+0000] {processor.py:186} INFO - Started process (PID=2604) to work on /opt/airflow/dags/main.py
[2026-05-07T21:00:25.018+0000] {processor.py:914} INFO - Processing file /opt/airflow/dags/main.py for tasks to queue
[2026-05-07T21:00:25.025+0000] {logging_mixin.py:190} INFO - [2026-05-07T21:00:25.024+0000] {dagbag.py:588} INFO - Filling up the DagBag from /opt/airflow/dags/main.py
[2026-05-07T21:00:25.238+0000] {processor.py:925} INFO - DAG(s) 'kafka_to_s3' retrieved from /opt/airflow/dags/main.py
[2026-05-07T21:00:25.288+0000] {logging_mixin.py:190} INFO - [2026-05-07T21:00:25.287+0000] {dag.py:3239} INFO - Sync 1 DAGs
[2026-05-07T21:00:25.329+0000] {logging_mixin.py:190} INFO - [2026-05-07T21:00:25.329+0000] {dag.py:4180} INFO - Setting next_dagrun for kafka_to_s3 to 2026-05-07 00:00:00+00:00, run_after=2026-05-08 00:00:00+00:00
[2026-05-07T21:00:25.370+0000] {processor.py:208} INFO - Processing /opt/airflow/dags/main.py took 0.368 seconds
[2026-05-07T21:00:55.939+0000] {processor.py:186} INFO - Started process (PID=2611) to work on /opt/airflow/dags/main.py
[2026-05-07T21:00:55.941+0000] {processor.py:914} INFO - Processing file /opt/airflow/dags/main.py for tasks to queue
[2026-05-07T21:00:55.951+0000] {logging_mixin.py:190} INFO - [2026-05-07T21:00:55.950+0000] {dagbag.py:588} INFO - Filling up the DagBag from /opt/airflow/dags/main.py
[2026-05-07T21:00:56.151+0000] {processor.py:925} INFO - DAG(s) 'kafka_to_s3' retrieved from /opt/airflow/dags/main.py
[2026-05-07T21:00:56.181+0000] {logging_mixin.py:190} INFO - [2026-05-07T21:00:56.181+0000] {dag.py:3239} INFO - Sync 1 DAGs
[2026-05-07T21:00:56.209+0000] {logging_mixin.py:190} INFO - [2026-05-07T21:00:56.209+0000] {dag.py:4180} INFO - Setting next_dagrun for kafka_to_s3 to 2026-05-07 00:00:00+00:00, run_after=2026-05-08 00:00:00+00:00
[2026-05-07T21:00:56.241+0000] {processor.py:208} INFO - Processing /opt/airflow/dags/main.py took 0.316 seconds
[2026-05-07T21:01:26.599+0000] {processor.py:186} INFO - Started process (PID=2618) to work on /opt/airflow/dags/main.py
[2026-05-07T21:01:26.602+0000] {processor.py:914} INFO - Processing file /opt/airflow/dags/main.py for tasks to queue
[2026-05-07T21:01:26.610+0000] {logging_mixin.py:190} INFO - [2026-05-07T21:01:26.609+0000] {dagbag.py:588} INFO - Filling up the DagBag from /opt/airflow/dags/main.py
[2026-05-07T21:01:26.820+0000] {processor.py:925} INFO - DAG(s) 'kafka_to_s3' retrieved from /opt/airflow/dags/main.py
[2026-05-07T21:01:26.853+0000] {logging_mixin.py:190} INFO - [2026-05-07T21:01:26.853+0000] {dag.py:3239} INFO - Sync 1 DAGs
[2026-05-07T21:01:26.891+0000] {logging_mixin.py:190} INFO - [2026-05-07T21:01:26.891+0000] {dag.py:4180} INFO - Setting next_dagrun for kafka_to_s3 to 2026-05-07 00:00:00+00:00, run_after=2026-05-08 00:00:00+00:00
[2026-05-07T21:01:26.919+0000] {processor.py:208} INFO - Processing /opt/airflow/dags/main.py took 0.341 seconds
[2026-05-07T21:01:57.380+0000] {processor.py:186} INFO - Started process (PID=2625) to work on /opt/airflow/dags/main.py
[2026-05-07T21:01:57.382+0000] {processor.py:914} INFO - Processing file /opt/airflow/dags/main.py for tasks to queue
[2026-05-07T21:01:57.386+0000] {logging_mixin.py:190} INFO - [2026-05-07T21:01:57.385+0000] {dagbag.py:588} INFO - Filling up the DagBag from /opt/airflow/dags/main.py
[2026-05-07T21:01:57.535+0000] {processor.py:925} INFO - DAG(s) 'kafka_to_s3' retrieved from /opt/airflow/dags/main.py
[2026-05-07T21:01:57.571+0000] {logging_mixin.py:190} INFO - [2026-05-07T21:01:57.570+0000] {dag.py:3239} INFO - Sync 1 DAGs
[2026-05-07T21:01:57.608+0000] {logging_mixin.py:190} INFO - [2026-05-07T21:01:57.608+0000] {dag.py:4180} INFO - Setting next_dagrun for kafka_to_s3 to 2026-05-07 00:00:00+00:00, run_after=2026-05-08 00:00:00+00:00
[2026-05-07T21:01:57.645+0000] {processor.py:208} INFO - Processing /opt/airflow/dags/main.py took 0.274 seconds
[2026-05-07T22:00:50.556+0000] {processor.py:186} INFO - Started process (PID=2632) to work on /opt/airflow/dags/main.py
[2026-05-07T22:00:50.576+0000] {processor.py:914} INFO - Processing file /opt/airflow/dags/main.py for tasks to queue
[2026-05-07T22:00:50.603+0000] {logging_mixin.py:190} INFO - [2026-05-07T22:00:50.602+0000] {dagbag.py:588} INFO - Filling up the DagBag from /opt/airflow/dags/main.py
[2026-05-07T22:00:51.930+0000] {processor.py:925} INFO - DAG(s) 'kafka_to_s3' retrieved from /opt/airflow/dags/main.py
[2026-05-07T22:00:52.077+0000] {logging_mixin.py:190} INFO - [2026-05-07T22:00:52.076+0000] {dag.py:3239} INFO - Sync 1 DAGs
[2026-05-07T22:00:52.197+0000] {logging_mixin.py:190} INFO - [2026-05-07T22:00:52.196+0000] {dag.py:4180} INFO - Setting next_dagrun for kafka_to_s3 to 2026-05-07 00:00:00+00:00, run_after=2026-05-08 00:00:00+00:00
[2026-05-07T22:00:52.371+0000] {processor.py:208} INFO - Processing /opt/airflow/dags/main.py took 1.825 seconds
[2026-05-07T22:01:22.827+0000] {processor.py:186} INFO - Started process (PID=2639) to work on /opt/airflow/dags/main.py
[2026-05-07T22:01:22.829+0000] {processor.py:914} INFO - Processing file /opt/airflow/dags/main.py for tasks to queue
[2026-05-07T22:01:22.832+0000] {logging_mixin.py:190} INFO - [2026-05-07T22:01:22.832+0000] {dagbag.py:588} INFO - Filling up the DagBag from /opt/airflow/dags/main.py
[2026-05-07T22:01:22.965+0000] {processor.py:925} INFO - DAG(s) 'kafka_to_s3' retrieved from /opt/airflow/dags/main.py
[2026-05-07T22:01:22.998+0000] {logging_mixin.py:190} INFO - [2026-05-07T22:01:22.998+0000] {dag.py:3239} INFO - Sync 1 DAGs
[2026-05-07T22:01:23.027+0000] {logging_mixin.py:190} INFO - [2026-05-07T22:01:23.027+0000] {dag.py:4180} INFO - Setting next_dagrun for kafka_to_s3 to 2026-05-07 00:00:00+00:00, run_after=2026-05-08 00:00:00+00:00
[2026-05-07T22:01:23.051+0000] {processor.py:208} INFO - Processing /opt/airflow/dags/main.py took 0.233 seconds
[2026-05-07T22:01:53.342+0000] {processor.py:186} INFO - Started process (PID=2646) to work on /opt/airflow/dags/main.py
[2026-05-07T22:01:53.344+0000] {processor.py:914} INFO - Processing file /opt/airflow/dags/main.py for tasks to queue
[2026-05-07T22:01:53.348+0000] {logging_mixin.py:190} INFO - [2026-05-07T22:01:53.347+0000] {dagbag.py:588} INFO - Filling up the DagBag from /opt/airflow/dags/main.py
[2026-05-07T22:01:53.469+0000] {processor.py:925} INFO - DAG(s) 'kafka_to_s3' retrieved from /opt/airflow/dags/main.py
[2026-05-07T22:01:53.511+0000] {logging_mixin.py:190} INFO - [2026-05-07T22:01:53.510+0000] {dag.py:3239} INFO - Sync 1 DAGs
[2026-05-07T22:01:53.551+0000] {logging_mixin.py:190} INFO - [2026-05-07T22:01:53.550+0000] {dag.py:4180} INFO - Setting next_dagrun for kafka_to_s3 to 2026-05-07 00:00:00+00:00, run_after=2026-05-08 00:00:00+00:00
[2026-05-07T22:01:53.580+0000] {processor.py:208} INFO - Processing /opt/airflow/dags/main.py took 0.245 seconds
[2026-05-07T22:02:23.683+0000] {processor.py:186} INFO - Started process (PID=2653) to work on /opt/airflow/dags/main.py
[2026-05-07T22:02:23.685+0000] {processor.py:914} INFO - Processing file /opt/airflow/dags/main.py for tasks to queue
[2026-05-07T22:02:23.690+0000] {logging_mixin.py:190} INFO - [2026-05-07T22:02:23.690+0000] {dagbag.py:588} INFO - Filling up the DagBag from /opt/airflow/dags/main.py
[2026-05-07T22:02:23.897+0000] {processor.py:925} INFO - DAG(s) 'kafka_to_s3' retrieved from /opt/airflow/dags/main.py
[2026-05-07T22:02:23.935+0000] {logging_mixin.py:190} INFO - [2026-05-07T22:02:23.935+0000] {dag.py:3239} INFO - Sync 1 DAGs
[2026-05-07T22:02:23.969+0000] {logging_mixin.py:190} INFO - [2026-05-07T22:02:23.968+0000] {dag.py:4180} INFO - Setting next_dagrun for kafka_to_s3 to 2026-05-07 00:00:00+00:00, run_after=2026-05-08 00:00:00+00:00
[2026-05-07T22:02:23.996+0000] {processor.py:208} INFO - Processing /opt/airflow/dags/main.py took 0.323 seconds
[2026-05-07T22:02:54.352+0000] {processor.py:186} INFO - Started process (PID=2660) to work on /opt/airflow/dags/main.py
[2026-05-07T22:02:54.354+0000] {processor.py:914} INFO - Processing file /opt/airflow/dags/main.py for tasks to queue
[2026-05-07T22:02:54.359+0000] {logging_mixin.py:190} INFO - [2026-05-07T22:02:54.358+0000] {dagbag.py:588} INFO - Filling up the DagBag from /opt/airflow/dags/main.py
[2026-05-07T22:02:54.562+0000] {processor.py:925} INFO - DAG(s) 'kafka_to_s3' retrieved from /opt/airflow/dags/main.py
[2026-05-07T22:02:54.605+0000] {logging_mixin.py:190} INFO - [2026-05-07T22:02:54.604+0000] {dag.py:3239} INFO - Sync 1 DAGs
[2026-05-07T22:02:54.639+0000] {logging_mixin.py:190} INFO - [2026-05-07T22:02:54.639+0000] {dag.py:4180} INFO - Setting next_dagrun for kafka_to_s3 to 2026-05-07 00:00:00+00:00, run_after=2026-05-08 00:00:00+00:00
[2026-05-07T22:02:54.669+0000] {processor.py:208} INFO - Processing /opt/airflow/dags/main.py took 0.327 seconds
[2026-05-07T22:03:25.004+0000] {processor.py:186} INFO - Started process (PID=2667) to work on /opt/airflow/dags/main.py
[2026-05-07T22:03:25.006+0000] {processor.py:914} INFO - Processing file /opt/airflow/dags/main.py for tasks to queue
[2026-05-07T22:03:25.010+0000] {logging_mixin.py:190} INFO - [2026-05-07T22:03:25.010+0000] {dagbag.py:588} INFO - Filling up the DagBag from /opt/airflow/dags/main.py
[2026-05-07T22:03:25.180+0000] {processor.py:925} INFO - DAG(s) 'kafka_to_s3' retrieved from /opt/airflow/dags/main.py
[2026-05-07T22:03:25.220+0000] {logging_mixin.py:190} INFO - [2026-05-07T22:03:25.220+0000] {dag.py:3239} INFO - Sync 1 DAGs
[2026-05-07T22:03:25.254+0000] {logging_mixin.py:190} INFO - [2026-05-07T22:03:25.254+0000] {dag.py:4180} INFO - Setting next_dagrun for kafka_to_s3 to 2026-05-07 00:00:00+00:00, run_after=2026-05-08 00:00:00+00:00
[2026-05-07T22:03:25.302+0000] {processor.py:208} INFO - Processing /opt/airflow/dags/main.py took 0.313 seconds
[2026-05-07T22:03:55.669+0000] {processor.py:186} INFO - Started process (PID=2674) to work on /opt/airflow/dags/main.py
[2026-05-07T22:03:55.671+0000] {processor.py:914} INFO - Processing file /opt/airflow/dags/main.py for tasks to queue
[2026-05-07T22:03:55.676+0000] {logging_mixin.py:190} INFO - [2026-05-07T22:03:55.676+0000] {dagbag.py:588} INFO - Filling up the DagBag from /opt/airflow/dags/main.py
[2026-05-07T22:03:55.851+0000] {processor.py:925} INFO - DAG(s) 'kafka_to_s3' retrieved from /opt/airflow/dags/main.py
[2026-05-07T22:03:55.897+0000] {logging_mixin.py:190} INFO - [2026-05-07T22:03:55.897+0000] {dag.py:3239} INFO - Sync 1 DAGs
[2026-05-07T22:03:55.932+0000] {logging_mixin.py:190} INFO - [2026-05-07T22:03:55.932+0000] {dag.py:4180} INFO - Setting next_dagrun for kafka_to_s3 to 2026-05-07 00:00:00+00:00, run_after=2026-05-08 00:00:00+00:00
[2026-05-07T22:03:55.965+0000] {processor.py:208} INFO - Processing /opt/airflow/dags/main.py took 0.312 seconds
[2026-05-07T22:04:26.318+0000] {processor.py:186} INFO - Started process (PID=2681) to work on /opt/airflow/dags/main.py
[2026-05-07T22:04:26.321+0000] {processor.py:914} INFO - Processing file /opt/airflow/dags/main.py for tasks to queue
[2026-05-07T22:04:26.327+0000] {logging_mixin.py:190} INFO - [2026-05-07T22:04:26.326+0000] {dagbag.py:588} INFO - Filling up the DagBag from /opt/airflow/dags/main.py
[2026-05-07T22:04:26.554+0000] {processor.py:925} INFO - DAG(s) 'kafka_to_s3' retrieved from /opt/airflow/dags/main.py
[2026-05-07T22:04:26.588+0000] {logging_mixin.py:190} INFO - [2026-05-07T22:04:26.588+0000] {dag.py:3239} INFO - Sync 1 DAGs
[2026-05-07T22:04:26.625+0000] {logging_mixin.py:190} INFO - [2026-05-07T22:04:26.625+0000] {dag.py:4180} INFO - Setting next_dagrun for kafka_to_s3 to 2026-05-07 00:00:00+00:00, run_after=2026-05-08 00:00:00+00:00
[2026-05-07T22:04:26.660+0000] {processor.py:208} INFO - Processing /opt/airflow/dags/main.py took 0.360 seconds
[2026-05-07T22:04:56.908+0000] {processor.py:186} INFO - Started process (PID=2688) to work on /opt/airflow/dags/main.py
[2026-05-07T22:04:56.910+0000] {processor.py:914} INFO - Processing file /opt/airflow/dags/main.py for tasks to queue
[2026-05-07T22:04:56.915+0000] {logging_mixin.py:190} INFO - [2026-05-07T22:04:56.915+0000] {dagbag.py:588} INFO - Filling up the DagBag from /opt/airflow/dags/main.py
[2026-05-07T22:04:57.068+0000] {processor.py:925} INFO - DAG(s) 'kafka_to_s3' retrieved from /opt/airflow/dags/main.py
[2026-05-07T22:04:57.107+0000] {logging_mixin.py:190} INFO - [2026-05-07T22:04:57.106+0000] {dag.py:3239} INFO - Sync 1 DAGs
[2026-05-07T22:04:57.152+0000] {logging_mixin.py:190} INFO - [2026-05-07T22:04:57.151+0000] {dag.py:4180} INFO - Setting next_dagrun for kafka_to_s3 to 2026-05-07 00:00:00+00:00, run_after=2026-05-08 00:00:00+00:00
[2026-05-07T22:04:57.186+0000] {processor.py:208} INFO - Processing /opt/airflow/dags/main.py took 0.290 seconds
[2026-05-07T22:05:27.676+0000] {processor.py:186} INFO - Started process (PID=2695) to work on /opt/airflow/dags/main.py
[2026-05-07T22:05:27.677+0000] {processor.py:914} INFO - Processing file /opt/airflow/dags/main.py for tasks to queue
[2026-05-07T22:05:27.681+0000] {logging_mixin.py:190} INFO - [2026-05-07T22:05:27.681+0000] {dagbag.py:588} INFO - Filling up the DagBag from /opt/airflow/dags/main.py
[2026-05-07T22:05:27.847+0000] {processor.py:925} INFO - DAG(s) 'kafka_to_s3' retrieved from /opt/airflow/dags/main.py
[2026-05-07T22:05:27.887+0000] {logging_mixin.py:190} INFO - [2026-05-07T22:05:27.886+0000] {dag.py:3239} INFO - Sync 1 DAGs
[2026-05-07T22:05:27.921+0000] {logging_mixin.py:190} INFO - [2026-05-07T22:05:27.920+0000] {dag.py:4180} INFO - Setting next_dagrun for kafka_to_s3 to 2026-05-07 00:00:00+00:00, run_after=2026-05-08 00:00:00+00:00
[2026-05-07T22:05:27.951+0000] {processor.py:208} INFO - Processing /opt/airflow/dags/main.py took 0.286 seconds
[2026-05-07T22:05:58.452+0000] {processor.py:186} INFO - Started process (PID=2702) to work on /opt/airflow/dags/main.py
[2026-05-07T22:05:58.454+0000] {processor.py:914} INFO - Processing file /opt/airflow/dags/main.py for tasks to queue
[2026-05-07T22:05:58.462+0000] {logging_mixin.py:190} INFO - [2026-05-07T22:05:58.461+0000] {dagbag.py:588} INFO - Filling up the DagBag from /opt/airflow/dags/main.py
[2026-05-07T22:05:58.690+0000] {processor.py:925} INFO - DAG(s) 'kafka_to_s3' retrieved from /opt/airflow/dags/main.py
[2026-05-07T22:05:58.747+0000] {logging_mixin.py:190} INFO - [2026-05-07T22:05:58.746+0000] {dag.py:3239} INFO - Sync 1 DAGs
[2026-05-07T22:05:58.780+0000] {logging_mixin.py:190} INFO - [2026-05-07T22:05:58.780+0000] {dag.py:4180} INFO - Setting next_dagrun for kafka_to_s3 to 2026-05-07 00:00:00+00:00, run_after=2026-05-08 00:00:00+00:00
[2026-05-07T22:05:58.810+0000] {processor.py:208} INFO - Processing /opt/airflow/dags/main.py took 0.368 seconds
[2026-05-07T22:06:29.154+0000] {processor.py:186} INFO - Started process (PID=2709) to work on /opt/airflow/dags/main.py
[2026-05-07T22:06:29.157+0000] {processor.py:914} INFO - Processing file /opt/airflow/dags/main.py for tasks to queue
[2026-05-07T22:06:29.161+0000] {logging_mixin.py:190} INFO - [2026-05-07T22:06:29.161+0000] {dagbag.py:588} INFO - Filling up the DagBag from /opt/airflow/dags/main.py
[2026-05-07T22:06:29.338+0000] {processor.py:925} INFO - DAG(s) 'kafka_to_s3' retrieved from /opt/airflow/dags/main.py
[2026-05-07T22:06:29.374+0000] {logging_mixin.py:190} INFO - [2026-05-07T22:06:29.374+0000] {dag.py:3239} INFO - Sync 1 DAGs
[2026-05-07T22:06:29.409+0000] {logging_mixin.py:190} INFO - [2026-05-07T22:06:29.408+0000] {dag.py:4180} INFO - Setting next_dagrun for kafka_to_s3 to 2026-05-07 00:00:00+00:00, run_after=2026-05-08 00:00:00+00:00
[2026-05-07T22:06:29.446+0000] {processor.py:208} INFO - Processing /opt/airflow/dags/main.py took 0.308 seconds
[2026-05-07T22:06:59.917+0000] {processor.py:186} INFO - Started process (PID=2716) to work on /opt/airflow/dags/main.py
[2026-05-07T22:06:59.920+0000] {processor.py:914} INFO - Processing file /opt/airflow/dags/main.py for tasks to queue
[2026-05-07T22:06:59.925+0000] {logging_mixin.py:190} INFO - [2026-05-07T22:06:59.924+0000] {dagbag.py:588} INFO - Filling up the DagBag from /opt/airflow/dags/main.py
[2026-05-07T22:07:00.124+0000] {processor.py:925} INFO - DAG(s) 'kafka_to_s3' retrieved from /opt/airflow/dags/main.py
[2026-05-07T22:07:00.174+0000] {logging_mixin.py:190} INFO - [2026-05-07T22:07:00.174+0000] {dag.py:3239} INFO - Sync 1 DAGs
[2026-05-07T22:07:00.208+0000] {logging_mixin.py:190} INFO - [2026-05-07T22:07:00.208+0000] {dag.py:4180} INFO - Setting next_dagrun for kafka_to_s3 to 2026-05-07 00:00:00+00:00, run_after=2026-05-08 00:00:00+00:00
[2026-05-07T22:07:00.250+0000] {processor.py:208} INFO - Processing /opt/airflow/dags/main.py took 0.345 seconds
[2026-05-07T22:07:30.567+0000] {processor.py:186} INFO - Started process (PID=2724) to work on /opt/airflow/dags/main.py
[2026-05-07T22:07:30.569+0000] {processor.py:914} INFO - Processing file /opt/airflow/dags/main.py for tasks to queue
[2026-05-07T22:07:30.574+0000] {logging_mixin.py:190} INFO - [2026-05-07T22:07:30.573+0000] {dagbag.py:588} INFO - Filling up the DagBag from /opt/airflow/dags/main.py
[2026-05-07T22:07:30.759+0000] {processor.py:925} INFO - DAG(s) 'kafka_to_s3' retrieved from /opt/airflow/dags/main.py
[2026-05-07T22:07:30.800+0000] {logging_mixin.py:190} INFO - [2026-05-07T22:07:30.799+0000] {dag.py:3239} INFO - Sync 1 DAGs
[2026-05-07T22:07:30.830+0000] {logging_mixin.py:190} INFO - [2026-05-07T22:07:30.830+0000] {dag.py:4180} INFO - Setting next_dagrun for kafka_to_s3 to 2026-05-07 00:00:00+00:00, run_after=2026-05-08 00:00:00+00:00
[2026-05-07T22:07:30.857+0000] {processor.py:208} INFO - Processing /opt/airflow/dags/main.py took 0.300 seconds
[2026-05-07T22:08:01.413+0000] {processor.py:186} INFO - Started process (PID=2731) to work on /opt/airflow/dags/main.py
[2026-05-07T22:08:01.416+0000] {processor.py:914} INFO - Processing file /opt/airflow/dags/main.py for tasks to queue
[2026-05-07T22:08:01.424+0000] {logging_mixin.py:190} INFO - [2026-05-07T22:08:01.423+0000] {dagbag.py:588} INFO - Filling up the DagBag from /opt/airflow/dags/main.py
[2026-05-07T22:08:01.613+0000] {processor.py:925} INFO - DAG(s) 'kafka_to_s3' retrieved from /opt/airflow/dags/main.py
[2026-05-07T22:08:01.660+0000] {logging_mixin.py:190} INFO - [2026-05-07T22:08:01.660+0000] {dag.py:3239} INFO - Sync 1 DAGs
[2026-05-07T22:08:01.708+0000] {logging_mixin.py:190} INFO - [2026-05-07T22:08:01.708+0000] {dag.py:4180} INFO - Setting next_dagrun for kafka_to_s3 to 2026-05-07 00:00:00+00:00, run_after=2026-05-08 00:00:00+00:00
[2026-05-07T22:08:01.743+0000] {processor.py:208} INFO - Processing /opt/airflow/dags/main.py took 0.353 seconds
[2026-05-07T22:08:32.200+0000] {processor.py:186} INFO - Started process (PID=2738) to work on /opt/airflow/dags/main.py
[2026-05-07T22:08:32.202+0000] {processor.py:914} INFO - Processing file /opt/airflow/dags/main.py for tasks to queue
[2026-05-07T22:08:32.211+0000] {logging_mixin.py:190} INFO - [2026-05-07T22:08:32.211+0000] {dagbag.py:588} INFO - Filling up the DagBag from /opt/airflow/dags/main.py
[2026-05-07T22:08:32.432+0000] {processor.py:925} INFO - DAG(s) 'kafka_to_s3' retrieved from /opt/airflow/dags/main.py
[2026-05-07T22:08:32.472+0000] {logging_mixin.py:190} INFO - [2026-05-07T22:08:32.471+0000] {dag.py:3239} INFO - Sync 1 DAGs
[2026-05-07T22:08:32.517+0000] {logging_mixin.py:190} INFO - [2026-05-07T22:08:32.517+0000] {dag.py:4180} INFO - Setting next_dagrun for kafka_to_s3 to 2026-05-07 00:00:00+00:00, run_after=2026-05-08 00:00:00+00:00
[2026-05-07T22:08:32.549+0000] {processor.py:208} INFO - Processing /opt/airflow/dags/main.py took 0.368 seconds
[2026-05-07T22:09:03.786+0000] {processor.py:186} INFO - Started process (PID=2745) to work on /opt/airflow/dags/main.py
[2026-05-07T22:09:03.787+0000] {processor.py:914} INFO - Processing file /opt/airflow/dags/main.py for tasks to queue
[2026-05-07T22:09:03.792+0000] {logging_mixin.py:190} INFO - [2026-05-07T22:09:03.791+0000] {dagbag.py:588} INFO - Filling up the DagBag from /opt/airflow/dags/main.py
[2026-05-07T22:09:03.980+0000] {processor.py:925} INFO - DAG(s) 'kafka_to_s3' retrieved from /opt/airflow/dags/main.py
[2026-05-07T22:09:04.016+0000] {logging_mixin.py:190} INFO - [2026-05-07T22:09:04.016+0000] {dag.py:3239} INFO - Sync 1 DAGs
[2026-05-07T22:09:04.050+0000] {logging_mixin.py:190} INFO - [2026-05-07T22:09:04.049+0000] {dag.py:4180} INFO - Setting next_dagrun for kafka_to_s3 to 2026-05-07 00:00:00+00:00, run_after=2026-05-08 00:00:00+00:00
[2026-05-07T22:09:04.079+0000] {processor.py:208} INFO - Processing /opt/airflow/dags/main.py took 0.302 seconds
[2026-05-07T22:09:34.815+0000] {processor.py:186} INFO - Started process (PID=2751) to work on /opt/airflow/dags/main.py
[2026-05-07T22:09:34.818+0000] {processor.py:914} INFO - Processing file /opt/airflow/dags/main.py for tasks to queue
[2026-05-07T22:09:34.825+0000] {logging_mixin.py:190} INFO - [2026-05-07T22:09:34.824+0000] {dagbag.py:588} INFO - Filling up the DagBag from /opt/airflow/dags/main.py
[2026-05-07T22:09:35.015+0000] {processor.py:925} INFO - DAG(s) 'kafka_to_s3' retrieved from /opt/airflow/dags/main.py
[2026-05-07T22:09:35.058+0000] {logging_mixin.py:190} INFO - [2026-05-07T22:09:35.057+0000] {dag.py:3239} INFO - Sync 1 DAGs
[2026-05-07T22:09:35.102+0000] {logging_mixin.py:190} INFO - [2026-05-07T22:09:35.101+0000] {dag.py:4180} INFO - Setting next_dagrun for kafka_to_s3 to 2026-05-07 00:00:00+00:00, run_after=2026-05-08 00:00:00+00:00
[2026-05-07T22:09:35.133+0000] {processor.py:208} INFO - Processing /opt/airflow/dags/main.py took 0.341 seconds
[2026-05-07T22:10:05.545+0000] {processor.py:186} INFO - Started process (PID=2758) to work on /opt/airflow/dags/main.py
[2026-05-07T22:10:05.547+0000] {processor.py:914} INFO - Processing file /opt/airflow/dags/main.py for tasks to queue
[2026-05-07T22:10:05.553+0000] {logging_mixin.py:190} INFO - [2026-05-07T22:10:05.552+0000] {dagbag.py:588} INFO - Filling up the DagBag from /opt/airflow/dags/main.py
[2026-05-07T22:10:05.771+0000] {processor.py:925} INFO - DAG(s) 'kafka_to_s3' retrieved from /opt/airflow/dags/main.py
[2026-05-07T22:10:05.807+0000] {logging_mixin.py:190} INFO - [2026-05-07T22:10:05.807+0000] {dag.py:3239} INFO - Sync 1 DAGs
[2026-05-07T22:10:05.839+0000] {logging_mixin.py:190} INFO - [2026-05-07T22:10:05.839+0000] {dag.py:4180} INFO - Setting next_dagrun for kafka_to_s3 to 2026-05-07 00:00:00+00:00, run_after=2026-05-08 00:00:00+00:00
[2026-05-07T22:10:05.868+0000] {processor.py:208} INFO - Processing /opt/airflow/dags/main.py took 0.339 seconds
[2026-05-07T22:10:35.937+0000] {processor.py:186} INFO - Started process (PID=2765) to work on /opt/airflow/dags/main.py
[2026-05-07T22:10:35.939+0000] {processor.py:914} INFO - Processing file /opt/airflow/dags/main.py for tasks to queue
[2026-05-07T22:10:35.943+0000] {logging_mixin.py:190} INFO - [2026-05-07T22:10:35.942+0000] {dagbag.py:588} INFO - Filling up the DagBag from /opt/airflow/dags/main.py
[2026-05-07T22:10:36.099+0000] {processor.py:925} INFO - DAG(s) 'kafka_to_s3' retrieved from /opt/airflow/dags/main.py
[2026-05-07T22:10:36.135+0000] {logging_mixin.py:190} INFO - [2026-05-07T22:10:36.135+0000] {dag.py:3239} INFO - Sync 1 DAGs
[2026-05-07T22:10:36.170+0000] {logging_mixin.py:190} INFO - [2026-05-07T22:10:36.169+0000] {dag.py:4180} INFO - Setting next_dagrun for kafka_to_s3 to 2026-05-07 00:00:00+00:00, run_after=2026-05-08 00:00:00+00:00
[2026-05-07T22:10:36.197+0000] {processor.py:208} INFO - Processing /opt/airflow/dags/main.py took 0.272 seconds
[2026-05-07T22:11:06.979+0000] {processor.py:186} INFO - Started process (PID=2772) to work on /opt/airflow/dags/main.py
[2026-05-07T22:11:06.981+0000] {processor.py:914} INFO - Processing file /opt/airflow/dags/main.py for tasks to queue
[2026-05-07T22:11:06.986+0000] {logging_mixin.py:190} INFO - [2026-05-07T22:11:06.985+0000] {dagbag.py:588} INFO - Filling up the DagBag from /opt/airflow/dags/main.py
[2026-05-07T22:11:07.184+0000] {processor.py:925} INFO - DAG(s) 'kafka_to_s3' retrieved from /opt/airflow/dags/main.py
[2026-05-07T22:11:07.235+0000] {logging_mixin.py:190} INFO - [2026-05-07T22:11:07.235+0000] {dag.py:3239} INFO - Sync 1 DAGs
[2026-05-07T22:11:07.270+0000] {logging_mixin.py:190} INFO - [2026-05-07T22:11:07.269+0000] {dag.py:4180} INFO - Setting next_dagrun for kafka_to_s3 to 2026-05-07 00:00:00+00:00, run_after=2026-05-08 00:00:00+00:00
[2026-05-07T22:11:07.299+0000] {processor.py:208} INFO - Processing /opt/airflow/dags/main.py took 0.334 seconds
[2026-05-07T22:11:37.840+0000] {processor.py:186} INFO - Started process (PID=2779) to work on /opt/airflow/dags/main.py
[2026-05-07T22:11:37.843+0000] {processor.py:914} INFO - Processing file /opt/airflow/dags/main.py for tasks to queue
[2026-05-07T22:11:37.848+0000] {logging_mixin.py:190} INFO - [2026-05-07T22:11:37.848+0000] {dagbag.py:588} INFO - Filling up the DagBag from /opt/airflow/dags/main.py
[2026-05-07T22:11:38.049+0000] {processor.py:925} INFO - DAG(s) 'kafka_to_s3' retrieved from /opt/airflow/dags/main.py
[2026-05-07T22:11:38.097+0000] {logging_mixin.py:190} INFO - [2026-05-07T22:11:38.096+0000] {dag.py:3239} INFO - Sync 1 DAGs
[2026-05-07T22:11:38.140+0000] {logging_mixin.py:190} INFO - [2026-05-07T22:11:38.140+0000] {dag.py:4180} INFO - Setting next_dagrun for kafka_to_s3 to 2026-05-07 00:00:00+00:00, run_after=2026-05-08 00:00:00+00:00
[2026-05-07T22:11:38.172+0000] {processor.py:208} INFO - Processing /opt/airflow/dags/main.py took 0.346 seconds
[2026-05-07T22:12:08.670+0000] {processor.py:186} INFO - Started process (PID=2786) to work on /opt/airflow/dags/main.py
[2026-05-07T22:12:08.672+0000] {processor.py:914} INFO - Processing file /opt/airflow/dags/main.py for tasks to queue
[2026-05-07T22:12:08.677+0000] {logging_mixin.py:190} INFO - [2026-05-07T22:12:08.676+0000] {dagbag.py:588} INFO - Filling up the DagBag from /opt/airflow/dags/main.py
[2026-05-07T22:12:08.936+0000] {processor.py:925} INFO - DAG(s) 'kafka_to_s3' retrieved from /opt/airflow/dags/main.py
[2026-05-07T22:12:08.978+0000] {logging_mixin.py:190} INFO - [2026-05-07T22:12:08.977+0000] {dag.py:3239} INFO - Sync 1 DAGs
[2026-05-07T22:12:09.016+0000] {logging_mixin.py:190} INFO - [2026-05-07T22:12:09.016+0000] {dag.py:4180} INFO - Setting next_dagrun for kafka_to_s3 to 2026-05-07 00:00:00+00:00, run_after=2026-05-08 00:00:00+00:00
[2026-05-07T22:12:09.049+0000] {processor.py:208} INFO - Processing /opt/airflow/dags/main.py took 0.395 seconds
[2026-05-07T22:12:40.456+0000] {processor.py:186} INFO - Started process (PID=2793) to work on /opt/airflow/dags/main.py
[2026-05-07T22:12:40.458+0000] {processor.py:914} INFO - Processing file /opt/airflow/dags/main.py for tasks to queue
[2026-05-07T22:12:40.462+0000] {logging_mixin.py:190} INFO - [2026-05-07T22:12:40.461+0000] {dagbag.py:588} INFO - Filling up the DagBag from /opt/airflow/dags/main.py
[2026-05-07T22:12:40.609+0000] {processor.py:925} INFO - DAG(s) 'kafka_to_s3' retrieved from /opt/airflow/dags/main.py
[2026-05-07T22:12:40.641+0000] {logging_mixin.py:190} INFO - [2026-05-07T22:12:40.641+0000] {dag.py:3239} INFO - Sync 1 DAGs
[2026-05-07T22:12:40.669+0000] {logging_mixin.py:190} INFO - [2026-05-07T22:12:40.669+0000] {dag.py:4180} INFO - Setting next_dagrun for kafka_to_s3 to 2026-05-07 00:00:00+00:00, run_after=2026-05-08 00:00:00+00:00
[2026-05-07T22:12:40.695+0000] {processor.py:208} INFO - Processing /opt/airflow/dags/main.py took 0.251 seconds
[2026-05-07T22:13:11.291+0000] {processor.py:186} INFO - Started process (PID=2800) to work on /opt/airflow/dags/main.py
[2026-05-07T22:13:11.294+0000] {processor.py:914} INFO - Processing file /opt/airflow/dags/main.py for tasks to queue
[2026-05-07T22:13:11.299+0000] {logging_mixin.py:190} INFO - [2026-05-07T22:13:11.299+0000] {dagbag.py:588} INFO - Filling up the DagBag from /opt/airflow/dags/main.py
[2026-05-07T22:13:11.463+0000] {processor.py:925} INFO - DAG(s) 'kafka_to_s3' retrieved from /opt/airflow/dags/main.py
[2026-05-07T22:13:11.498+0000] {logging_mixin.py:190} INFO - [2026-05-07T22:13:11.498+0000] {dag.py:3239} INFO - Sync 1 DAGs
[2026-05-07T22:13:11.529+0000] {logging_mixin.py:190} INFO - [2026-05-07T22:13:11.529+0000] {dag.py:4180} INFO - Setting next_dagrun for kafka_to_s3 to 2026-05-07 00:00:00+00:00, run_after=2026-05-08 00:00:00+00:00
[2026-05-07T22:13:11.556+0000] {processor.py:208} INFO - Processing /opt/airflow/dags/main.py took 0.282 seconds
[2026-05-07T22:13:43.135+0000] {processor.py:186} INFO - Started process (PID=2807) to work on /opt/airflow/dags/main.py
[2026-05-07T22:13:43.137+0000] {processor.py:914} INFO - Processing file /opt/airflow/dags/main.py for tasks to queue
[2026-05-07T22:13:43.142+0000] {logging_mixin.py:190} INFO - [2026-05-07T22:13:43.141+0000] {dagbag.py:588} INFO - Filling up the DagBag from /opt/airflow/dags/main.py
[2026-05-07T22:13:43.348+0000] {processor.py:925} INFO - DAG(s) 'kafka_to_s3' retrieved from /opt/airflow/dags/main.py
[2026-05-07T22:13:43.397+0000] {logging_mixin.py:190} INFO - [2026-05-07T22:13:43.396+0000] {dag.py:3239} INFO - Sync 1 DAGs
[2026-05-07T22:13:43.432+0000] {logging_mixin.py:190} INFO - [2026-05-07T22:13:43.432+0000] {dag.py:4180} INFO - Setting next_dagrun for kafka_to_s3 to 2026-05-07 00:00:00+00:00, run_after=2026-05-08 00:00:00+00:00
[2026-05-07T22:13:43.460+0000] {processor.py:208} INFO - Processing /opt/airflow/dags/main.py took 0.337 seconds
[2026-05-07T22:14:13.977+0000] {processor.py:186} INFO - Started process (PID=2814) to work on /opt/airflow/dags/main.py
[2026-05-07T22:14:13.980+0000] {processor.py:914} INFO - Processing file /opt/airflow/dags/main.py for tasks to queue
[2026-05-07T22:14:13.988+0000] {logging_mixin.py:190} INFO - [2026-05-07T22:14:13.987+0000] {dagbag.py:588} INFO - Filling up the DagBag from /opt/airflow/dags/main.py
[2026-05-07T22:14:14.168+0000] {processor.py:925} INFO - DAG(s) 'kafka_to_s3' retrieved from /opt/airflow/dags/main.py
[2026-05-07T22:14:14.204+0000] {logging_mixin.py:190} INFO - [2026-05-07T22:14:14.204+0000] {dag.py:3239} INFO - Sync 1 DAGs
[2026-05-07T22:14:14.235+0000] {logging_mixin.py:190} INFO - [2026-05-07T22:14:14.234+0000] {dag.py:4180} INFO - Setting next_dagrun for kafka_to_s3 to 2026-05-07 00:00:00+00:00, run_after=2026-05-08 00:00:00+00:00
[2026-05-07T22:14:14.262+0000] {processor.py:208} INFO - Processing /opt/airflow/dags/main.py took 0.302 seconds
[2026-05-07T22:14:45.145+0000] {processor.py:186} INFO - Started process (PID=2821) to work on /opt/airflow/dags/main.py
[2026-05-07T22:14:45.147+0000] {processor.py:914} INFO - Processing file /opt/airflow/dags/main.py for tasks to queue
[2026-05-07T22:14:45.153+0000] {logging_mixin.py:190} INFO - [2026-05-07T22:14:45.152+0000] {dagbag.py:588} INFO - Filling up the DagBag from /opt/airflow/dags/main.py
[2026-05-07T22:14:45.321+0000] {processor.py:925} INFO - DAG(s) 'kafka_to_s3' retrieved from /opt/airflow/dags/main.py
[2026-05-07T22:14:45.358+0000] {logging_mixin.py:190} INFO - [2026-05-07T22:14:45.357+0000] {dag.py:3239} INFO - Sync 1 DAGs
[2026-05-07T22:14:45.392+0000] {logging_mixin.py:190} INFO - [2026-05-07T22:14:45.392+0000] {dag.py:4180} INFO - Setting next_dagrun for kafka_to_s3 to 2026-05-07 00:00:00+00:00, run_after=2026-05-08 00:00:00+00:00
[2026-05-07T22:14:45.421+0000] {processor.py:208} INFO - Processing /opt/airflow/dags/main.py took 0.287 seconds
[2026-05-07T22:15:16.121+0000] {processor.py:186} INFO - Started process (PID=2828) to work on /opt/airflow/dags/main.py
[2026-05-07T22:15:16.123+0000] {processor.py:914} INFO - Processing file /opt/airflow/dags/main.py for tasks to queue
[2026-05-07T22:15:16.127+0000] {logging_mixin.py:190} INFO - [2026-05-07T22:15:16.126+0000] {dagbag.py:588} INFO - Filling up the DagBag from /opt/airflow/dags/main.py
[2026-05-07T22:15:16.273+0000] {processor.py:925} INFO - DAG(s) 'kafka_to_s3' retrieved from /opt/airflow/dags/main.py
[2026-05-07T22:15:16.306+0000] {logging_mixin.py:190} INFO - [2026-05-07T22:15:16.306+0000] {dag.py:3239} INFO - Sync 1 DAGs
[2026-05-07T22:15:16.334+0000] {logging_mixin.py:190} INFO - [2026-05-07T22:15:16.334+0000] {dag.py:4180} INFO - Setting next_dagrun for kafka_to_s3 to 2026-05-07 00:00:00+00:00, run_after=2026-05-08 00:00:00+00:00
[2026-05-07T22:15:16.359+0000] {processor.py:208} INFO - Processing /opt/airflow/dags/main.py took 0.246 seconds
[2026-05-07T22:15:47.198+0000] {processor.py:186} INFO - Started process (PID=2835) to work on /opt/airflow/dags/main.py
[2026-05-07T22:15:47.200+0000] {processor.py:914} INFO - Processing file /opt/airflow/dags/main.py for tasks to queue
[2026-05-07T22:15:47.205+0000] {logging_mixin.py:190} INFO - [2026-05-07T22:15:47.204+0000] {dagbag.py:588} INFO - Filling up the DagBag from /opt/airflow/dags/main.py
[2026-05-07T22:15:47.362+0000] {processor.py:925} INFO - DAG(s) 'kafka_to_s3' retrieved from /opt/airflow/dags/main.py
[2026-05-07T22:15:47.396+0000] {logging_mixin.py:190} INFO - [2026-05-07T22:15:47.396+0000] {dag.py:3239} INFO - Sync 1 DAGs
[2026-05-07T22:15:47.431+0000] {logging_mixin.py:190} INFO - [2026-05-07T22:15:47.431+0000] {dag.py:4180} INFO - Setting next_dagrun for kafka_to_s3 to 2026-05-07 00:00:00+00:00, run_after=2026-05-08 00:00:00+00:00
[2026-05-07T22:15:47.474+0000] {processor.py:208} INFO - Processing /opt/airflow/dags/main.py took 0.285 seconds
[2026-05-07T22:16:18.984+0000] {processor.py:186} INFO - Started process (PID=2842) to work on /opt/airflow/dags/main.py
[2026-05-07T22:16:18.985+0000] {processor.py:914} INFO - Processing file /opt/airflow/dags/main.py for tasks to queue
[2026-05-07T22:16:18.989+0000] {logging_mixin.py:190} INFO - [2026-05-07T22:16:18.988+0000] {dagbag.py:588} INFO - Filling up the DagBag from /opt/airflow/dags/main.py
[2026-05-07T22:16:19.159+0000] {processor.py:925} INFO - DAG(s) 'kafka_to_s3' retrieved from /opt/airflow/dags/main.py
[2026-05-07T22:16:19.244+0000] {logging_mixin.py:190} INFO - [2026-05-07T22:16:19.244+0000] {dag.py:3239} INFO - Sync 1 DAGs
[2026-05-07T22:16:19.309+0000] {logging_mixin.py:190} INFO - [2026-05-07T22:16:19.309+0000] {dag.py:4180} INFO - Setting next_dagrun for kafka_to_s3 to 2026-05-07 00:00:00+00:00, run_after=2026-05-08 00:00:00+00:00
[2026-05-07T22:16:19.349+0000] {processor.py:208} INFO - Processing /opt/airflow/dags/main.py took 0.374 seconds
[2026-05-07T22:16:49.958+0000] {processor.py:186} INFO - Started process (PID=2848) to work on /opt/airflow/dags/main.py
[2026-05-07T22:16:49.961+0000] {processor.py:914} INFO - Processing file /opt/airflow/dags/main.py for tasks to queue
[2026-05-07T22:16:49.967+0000] {logging_mixin.py:190} INFO - [2026-05-07T22:16:49.967+0000] {dagbag.py:588} INFO - Filling up the DagBag from /opt/airflow/dags/main.py
[2026-05-07T22:16:50.161+0000] {processor.py:925} INFO - DAG(s) 'kafka_to_s3' retrieved from /opt/airflow/dags/main.py
[2026-05-07T22:16:50.200+0000] {logging_mixin.py:190} INFO - [2026-05-07T22:16:50.200+0000] {dag.py:3239} INFO - Sync 1 DAGs
[2026-05-07T22:16:50.229+0000] {logging_mixin.py:190} INFO - [2026-05-07T22:16:50.229+0000] {dag.py:4180} INFO - Setting next_dagrun for kafka_to_s3 to 2026-05-07 00:00:00+00:00, run_after=2026-05-08 00:00:00+00:00
[2026-05-07T22:16:50.255+0000] {processor.py:208} INFO - Processing /opt/airflow/dags/main.py took 0.314 seconds
[2026-05-07T22:17:21.120+0000] {processor.py:186} INFO - Started process (PID=2855) to work on /opt/airflow/dags/main.py
[2026-05-07T22:17:21.122+0000] {processor.py:914} INFO - Processing file /opt/airflow/dags/main.py for tasks to queue
[2026-05-07T22:17:21.126+0000] {logging_mixin.py:190} INFO - [2026-05-07T22:17:21.125+0000] {dagbag.py:588} INFO - Filling up the DagBag from /opt/airflow/dags/main.py
[2026-05-07T22:17:21.362+0000] {processor.py:925} INFO - DAG(s) 'kafka_to_s3' retrieved from /opt/airflow/dags/main.py
[2026-05-07T22:17:21.402+0000] {logging_mixin.py:190} INFO - [2026-05-07T22:17:21.402+0000] {dag.py:3239} INFO - Sync 1 DAGs
[2026-05-07T22:17:21.434+0000] {logging_mixin.py:190} INFO - [2026-05-07T22:17:21.434+0000] {dag.py:4180} INFO - Setting next_dagrun for kafka_to_s3 to 2026-05-07 00:00:00+00:00, run_after=2026-05-08 00:00:00+00:00
[2026-05-07T22:17:21.463+0000] {processor.py:208} INFO - Processing /opt/airflow/dags/main.py took 0.353 seconds
[2026-05-07T22:17:52.037+0000] {processor.py:186} INFO - Started process (PID=2862) to work on /opt/airflow/dags/main.py
[2026-05-07T22:17:52.039+0000] {processor.py:914} INFO - Processing file /opt/airflow/dags/main.py for tasks to queue
[2026-05-07T22:17:52.046+0000] {logging_mixin.py:190} INFO - [2026-05-07T22:17:52.045+0000] {dagbag.py:588} INFO - Filling up the DagBag from /opt/airflow/dags/main.py
[2026-05-07T22:17:52.258+0000] {processor.py:925} INFO - DAG(s) 'kafka_to_s3' retrieved from /opt/airflow/dags/main.py
[2026-05-07T22:17:52.296+0000] {logging_mixin.py:190} INFO - [2026-05-07T22:17:52.296+0000] {dag.py:3239} INFO - Sync 1 DAGs
[2026-05-07T22:17:52.326+0000] {logging_mixin.py:190} INFO - [2026-05-07T22:17:52.325+0000] {dag.py:4180} INFO - Setting next_dagrun for kafka_to_s3 to 2026-05-07 00:00:00+00:00, run_after=2026-05-08 00:00:00+00:00
[2026-05-07T22:17:52.353+0000] {processor.py:208} INFO - Processing /opt/airflow/dags/main.py took 0.329 seconds
[2026-05-07T22:18:23.824+0000] {processor.py:186} INFO - Started process (PID=2869) to work on /opt/airflow/dags/main.py
[2026-05-07T22:18:23.828+0000] {processor.py:914} INFO - Processing file /opt/airflow/dags/main.py for tasks to queue
[2026-05-07T22:18:23.834+0000] {logging_mixin.py:190} INFO - [2026-05-07T22:18:23.833+0000] {dagbag.py:588} INFO - Filling up the DagBag from /opt/airflow/dags/main.py
[2026-05-07T22:18:24.045+0000] {processor.py:925} INFO - DAG(s) 'kafka_to_s3' retrieved from /opt/airflow/dags/main.py
[2026-05-07T22:18:24.079+0000] {logging_mixin.py:190} INFO - [2026-05-07T22:18:24.079+0000] {dag.py:3239} INFO - Sync 1 DAGs
[2026-05-07T22:18:24.117+0000] {logging_mixin.py:190} INFO - [2026-05-07T22:18:24.116+0000] {dag.py:4180} INFO - Setting next_dagrun for kafka_to_s3 to 2026-05-07 00:00:00+00:00, run_after=2026-05-08 00:00:00+00:00
[2026-05-07T22:18:24.148+0000] {processor.py:208} INFO - Processing /opt/airflow/dags/main.py took 0.357 seconds
[2026-05-07T22:18:54.822+0000] {processor.py:186} INFO - Started process (PID=2876) to work on /opt/airflow/dags/main.py
[2026-05-07T22:18:54.825+0000] {processor.py:914} INFO - Processing file /opt/airflow/dags/main.py for tasks to queue
[2026-05-07T22:18:54.832+0000] {logging_mixin.py:190} INFO - [2026-05-07T22:18:54.831+0000] {dagbag.py:588} INFO - Filling up the DagBag from /opt/airflow/dags/main.py
[2026-05-07T22:18:55.038+0000] {processor.py:925} INFO - DAG(s) 'kafka_to_s3' retrieved from /opt/airflow/dags/main.py
[2026-05-07T22:18:55.073+0000] {logging_mixin.py:190} INFO - [2026-05-07T22:18:55.073+0000] {dag.py:3239} INFO - Sync 1 DAGs
[2026-05-07T22:18:55.108+0000] {logging_mixin.py:190} INFO - [2026-05-07T22:18:55.108+0000] {dag.py:4180} INFO - Setting next_dagrun for kafka_to_s3 to 2026-05-07 00:00:00+00:00, run_after=2026-05-08 00:00:00+00:00
[2026-05-07T22:18:55.198+0000] {processor.py:208} INFO - Processing /opt/airflow/dags/main.py took 0.396 seconds
[2026-05-07T22:19:25.841+0000] {processor.py:186} INFO - Started process (PID=2883) to work on /opt/airflow/dags/main.py
[2026-05-07T22:19:25.845+0000] {processor.py:914} INFO - Processing file /opt/airflow/dags/main.py for tasks to queue
[2026-05-07T22:19:25.852+0000] {logging_mixin.py:190} INFO - [2026-05-07T22:19:25.851+0000] {dagbag.py:588} INFO - Filling up the DagBag from /opt/airflow/dags/main.py
[2026-05-07T22:19:26.095+0000] {processor.py:925} INFO - DAG(s) 'kafka_to_s3' retrieved from /opt/airflow/dags/main.py
[2026-05-07T22:19:26.153+0000] {logging_mixin.py:190} INFO - [2026-05-07T22:19:26.152+0000] {dag.py:3239} INFO - Sync 1 DAGs
[2026-05-07T22:19:26.197+0000] {logging_mixin.py:190} INFO - [2026-05-07T22:19:26.197+0000] {dag.py:4180} INFO - Setting next_dagrun for kafka_to_s3 to 2026-05-07 00:00:00+00:00, run_after=2026-05-08 00:00:00+00:00
[2026-05-07T22:19:26.233+0000] {processor.py:208} INFO - Processing /opt/airflow/dags/main.py took 0.417 seconds
[2026-05-07T22:19:56.624+0000] {processor.py:186} INFO - Started process (PID=2890) to work on /opt/airflow/dags/main.py
[2026-05-07T22:19:56.625+0000] {processor.py:914} INFO - Processing file /opt/airflow/dags/main.py for tasks to queue
[2026-05-07T22:19:56.630+0000] {logging_mixin.py:190} INFO - [2026-05-07T22:19:56.629+0000] {dagbag.py:588} INFO - Filling up the DagBag from /opt/airflow/dags/main.py
[2026-05-07T22:19:56.806+0000] {processor.py:925} INFO - DAG(s) 'kafka_to_s3' retrieved from /opt/airflow/dags/main.py
[2026-05-07T22:19:56.845+0000] {logging_mixin.py:190} INFO - [2026-05-07T22:19:56.844+0000] {dag.py:3239} INFO - Sync 1 DAGs
[2026-05-07T22:19:56.883+0000] {logging_mixin.py:190} INFO - [2026-05-07T22:19:56.882+0000] {dag.py:4180} INFO - Setting next_dagrun for kafka_to_s3 to 2026-05-07 00:00:00+00:00, run_after=2026-05-08 00:00:00+00:00
[2026-05-07T22:19:56.909+0000] {processor.py:208} INFO - Processing /opt/airflow/dags/main.py took 0.296 seconds
[2026-05-07T22:20:27.132+0000] {processor.py:186} INFO - Started process (PID=2897) to work on /opt/airflow/dags/main.py
[2026-05-07T22:20:27.134+0000] {processor.py:914} INFO - Processing file /opt/airflow/dags/main.py for tasks to queue
[2026-05-07T22:20:27.139+0000] {logging_mixin.py:190} INFO - [2026-05-07T22:20:27.139+0000] {dagbag.py:588} INFO - Filling up the DagBag from /opt/airflow/dags/main.py
[2026-05-07T22:20:27.302+0000] {processor.py:925} INFO - DAG(s) 'kafka_to_s3' retrieved from /opt/airflow/dags/main.py
[2026-05-07T22:20:26.980+0000] {logging_mixin.py:190} INFO - [2026-05-07T22:20:26.980+0000] {dag.py:3239} INFO - Sync 1 DAGs
[2026-05-07T22:20:27.019+0000] {logging_mixin.py:190} INFO - [2026-05-07T22:20:27.019+0000] {dag.py:4180} INFO - Setting next_dagrun for kafka_to_s3 to 2026-05-07 00:00:00+00:00, run_after=2026-05-08 00:00:00+00:00
[2026-05-07T22:20:27.056+0000] {processor.py:208} INFO - Processing /opt/airflow/dags/main.py took 0.297 seconds
[2026-05-07T22:20:57.254+0000] {processor.py:186} INFO - Started process (PID=2904) to work on /opt/airflow/dags/main.py
[2026-05-07T22:20:57.256+0000] {processor.py:914} INFO - Processing file /opt/airflow/dags/main.py for tasks to queue
[2026-05-07T22:20:57.262+0000] {logging_mixin.py:190} INFO - [2026-05-07T22:20:57.261+0000] {dagbag.py:588} INFO - Filling up the DagBag from /opt/airflow/dags/main.py
[2026-05-07T22:20:57.446+0000] {processor.py:925} INFO - DAG(s) 'kafka_to_s3' retrieved from /opt/airflow/dags/main.py
[2026-05-07T22:20:57.479+0000] {logging_mixin.py:190} INFO - [2026-05-07T22:20:57.478+0000] {dag.py:3239} INFO - Sync 1 DAGs
[2026-05-07T22:20:57.515+0000] {logging_mixin.py:190} INFO - [2026-05-07T22:20:57.515+0000] {dag.py:4180} INFO - Setting next_dagrun for kafka_to_s3 to 2026-05-07 00:00:00+00:00, run_after=2026-05-08 00:00:00+00:00
[2026-05-07T22:20:57.552+0000] {processor.py:208} INFO - Processing /opt/airflow/dags/main.py took 0.310 seconds
[2026-05-07T22:21:27.878+0000] {processor.py:186} INFO - Started process (PID=2911) to work on /opt/airflow/dags/main.py
[2026-05-07T22:21:27.880+0000] {processor.py:914} INFO - Processing file /opt/airflow/dags/main.py for tasks to queue
[2026-05-07T22:21:27.889+0000] {logging_mixin.py:190} INFO - [2026-05-07T22:21:27.888+0000] {dagbag.py:588} INFO - Filling up the DagBag from /opt/airflow/dags/main.py
[2026-05-07T22:21:28.153+0000] {processor.py:925} INFO - DAG(s) 'kafka_to_s3' retrieved from /opt/airflow/dags/main.py
[2026-05-07T22:21:28.210+0000] {logging_mixin.py:190} INFO - [2026-05-07T22:21:28.209+0000] {dag.py:3239} INFO - Sync 1 DAGs
[2026-05-07T22:21:28.245+0000] {logging_mixin.py:190} INFO - [2026-05-07T22:21:28.245+0000] {dag.py:4180} INFO - Setting next_dagrun for kafka_to_s3 to 2026-05-07 00:00:00+00:00, run_after=2026-05-08 00:00:00+00:00
[2026-05-07T22:21:28.274+0000] {processor.py:208} INFO - Processing /opt/airflow/dags/main.py took 0.414 seconds
[2026-05-07T22:21:58.617+0000] {processor.py:186} INFO - Started process (PID=2918) to work on /opt/airflow/dags/main.py
[2026-05-07T22:21:58.620+0000] {processor.py:914} INFO - Processing file /opt/airflow/dags/main.py for tasks to queue
[2026-05-07T22:21:58.628+0000] {logging_mixin.py:190} INFO - [2026-05-07T22:21:58.628+0000] {dagbag.py:588} INFO - Filling up the DagBag from /opt/airflow/dags/main.py
[2026-05-07T22:21:58.834+0000] {processor.py:925} INFO - DAG(s) 'kafka_to_s3' retrieved from /opt/airflow/dags/main.py
[2026-05-07T22:21:58.873+0000] {logging_mixin.py:190} INFO - [2026-05-07T22:21:58.873+0000] {dag.py:3239} INFO - Sync 1 DAGs
[2026-05-07T22:21:58.917+0000] {logging_mixin.py:190} INFO - [2026-05-07T22:21:58.917+0000] {dag.py:4180} INFO - Setting next_dagrun for kafka_to_s3 to 2026-05-07 00:00:00+00:00, run_after=2026-05-08 00:00:00+00:00
[2026-05-07T22:21:58.945+0000] {processor.py:208} INFO - Processing /opt/airflow/dags/main.py took 0.342 seconds
[2026-05-07T22:22:29.232+0000] {processor.py:186} INFO - Started process (PID=2925) to work on /opt/airflow/dags/main.py
[2026-05-07T22:22:29.234+0000] {processor.py:914} INFO - Processing file /opt/airflow/dags/main.py for tasks to queue
[2026-05-07T22:22:29.239+0000] {logging_mixin.py:190} INFO - [2026-05-07T22:22:29.238+0000] {dagbag.py:588} INFO - Filling up the DagBag from /opt/airflow/dags/main.py
[2026-05-07T22:22:29.433+0000] {processor.py:925} INFO - DAG(s) 'kafka_to_s3' retrieved from /opt/airflow/dags/main.py
[2026-05-07T22:22:29.467+0000] {logging_mixin.py:190} INFO - [2026-05-07T22:22:29.466+0000] {dag.py:3239} INFO - Sync 1 DAGs
[2026-05-07T22:22:29.498+0000] {logging_mixin.py:190} INFO - [2026-05-07T22:22:29.498+0000] {dag.py:4180} INFO - Setting next_dagrun for kafka_to_s3 to 2026-05-07 00:00:00+00:00, run_after=2026-05-08 00:00:00+00:00
[2026-05-07T22:22:29.522+0000] {processor.py:208} INFO - Processing /opt/airflow/dags/main.py took 0.300 seconds
[2026-05-07T22:22:59.835+0000] {processor.py:186} INFO - Started process (PID=2932) to work on /opt/airflow/dags/main.py
[2026-05-07T22:22:59.836+0000] {processor.py:914} INFO - Processing file /opt/airflow/dags/main.py for tasks to queue
[2026-05-07T22:22:59.841+0000] {logging_mixin.py:190} INFO - [2026-05-07T22:22:59.841+0000] {dagbag.py:588} INFO - Filling up the DagBag from /opt/airflow/dags/main.py
[2026-05-07T22:23:00.053+0000] {processor.py:925} INFO - DAG(s) 'kafka_to_s3' retrieved from /opt/airflow/dags/main.py
[2026-05-07T22:23:00.088+0000] {logging_mixin.py:190} INFO - [2026-05-07T22:23:00.088+0000] {dag.py:3239} INFO - Sync 1 DAGs
[2026-05-07T22:23:00.119+0000] {logging_mixin.py:190} INFO - [2026-05-07T22:23:00.119+0000] {dag.py:4180} INFO - Setting next_dagrun for kafka_to_s3 to 2026-05-07 00:00:00+00:00, run_after=2026-05-08 00:00:00+00:00
[2026-05-07T22:23:00.146+0000] {processor.py:208} INFO - Processing /opt/airflow/dags/main.py took 0.320 seconds
[2026-05-07T22:23:31.199+0000] {processor.py:186} INFO - Started process (PID=2939) to work on /opt/airflow/dags/main.py
[2026-05-07T22:23:31.201+0000] {processor.py:914} INFO - Processing file /opt/airflow/dags/main.py for tasks to queue
[2026-05-07T22:23:31.205+0000] {logging_mixin.py:190} INFO - [2026-05-07T22:23:31.205+0000] {dagbag.py:588} INFO - Filling up the DagBag from /opt/airflow/dags/main.py
[2026-05-07T22:23:31.380+0000] {processor.py:925} INFO - DAG(s) 'kafka_to_s3' retrieved from /opt/airflow/dags/main.py
[2026-05-07T22:23:31.415+0000] {logging_mixin.py:190} INFO - [2026-05-07T22:23:31.414+0000] {dag.py:3239} INFO - Sync 1 DAGs
[2026-05-07T22:23:31.446+0000] {logging_mixin.py:190} INFO - [2026-05-07T22:23:31.445+0000] {dag.py:4180} INFO - Setting next_dagrun for kafka_to_s3 to 2026-05-07 00:00:00+00:00, run_after=2026-05-08 00:00:00+00:00
[2026-05-07T22:23:31.475+0000] {processor.py:208} INFO - Processing /opt/airflow/dags/main.py took 0.285 seconds
[2026-05-07T22:24:01.810+0000] {processor.py:186} INFO - Started process (PID=2946) to work on /opt/airflow/dags/main.py
[2026-05-07T22:24:01.812+0000] {processor.py:914} INFO - Processing file /opt/airflow/dags/main.py for tasks to queue
[2026-05-07T22:24:01.817+0000] {logging_mixin.py:190} INFO - [2026-05-07T22:24:01.817+0000] {dagbag.py:588} INFO - Filling up the DagBag from /opt/airflow/dags/main.py
[2026-05-07T22:24:01.969+0000] {processor.py:925} INFO - DAG(s) 'kafka_to_s3' retrieved from /opt/airflow/dags/main.py
[2026-05-07T22:24:02.002+0000] {logging_mixin.py:190} INFO - [2026-05-07T22:24:02.002+0000] {dag.py:3239} INFO - Sync 1 DAGs
[2026-05-07T22:24:02.033+0000] {logging_mixin.py:190} INFO - [2026-05-07T22:24:02.033+0000] {dag.py:4180} INFO - Setting next_dagrun for kafka_to_s3 to 2026-05-07 00:00:00+00:00, run_after=2026-05-08 00:00:00+00:00
[2026-05-07T22:24:02.058+0000] {processor.py:208} INFO - Processing /opt/airflow/dags/main.py took 0.258 seconds
[2026-05-07T22:24:32.538+0000] {processor.py:186} INFO - Started process (PID=2953) to work on /opt/airflow/dags/main.py
[2026-05-07T22:24:32.541+0000] {processor.py:914} INFO - Processing file /opt/airflow/dags/main.py for tasks to queue
[2026-05-07T22:24:32.549+0000] {logging_mixin.py:190} INFO - [2026-05-07T22:24:32.548+0000] {dagbag.py:588} INFO - Filling up the DagBag from /opt/airflow/dags/main.py
[2026-05-07T22:24:32.711+0000] {processor.py:925} INFO - DAG(s) 'kafka_to_s3' retrieved from /opt/airflow/dags/main.py
[2026-05-07T22:24:32.763+0000] {logging_mixin.py:190} INFO - [2026-05-07T22:24:32.763+0000] {dag.py:3239} INFO - Sync 1 DAGs
[2026-05-07T22:24:32.796+0000] {logging_mixin.py:190} INFO - [2026-05-07T22:24:32.796+0000] {dag.py:4180} INFO - Setting next_dagrun for kafka_to_s3 to 2026-05-07 00:00:00+00:00, run_after=2026-05-08 00:00:00+00:00
[2026-05-07T22:24:32.823+0000] {processor.py:208} INFO - Processing /opt/airflow/dags/main.py took 0.302 seconds
[2026-05-07T22:25:03.869+0000] {processor.py:186} INFO - Started process (PID=2960) to work on /opt/airflow/dags/main.py
[2026-05-07T22:25:03.871+0000] {processor.py:914} INFO - Processing file /opt/airflow/dags/main.py for tasks to queue
[2026-05-07T22:25:03.876+0000] {logging_mixin.py:190} INFO - [2026-05-07T22:25:03.875+0000] {dagbag.py:588} INFO - Filling up the DagBag from /opt/airflow/dags/main.py
[2026-05-07T22:25:04.030+0000] {processor.py:925} INFO - DAG(s) 'kafka_to_s3' retrieved from /opt/airflow/dags/main.py
[2026-05-07T22:25:04.066+0000] {logging_mixin.py:190} INFO - [2026-05-07T22:25:04.065+0000] {dag.py:3239} INFO - Sync 1 DAGs
[2026-05-07T22:25:04.099+0000] {logging_mixin.py:190} INFO - [2026-05-07T22:25:04.099+0000] {dag.py:4180} INFO - Setting next_dagrun for kafka_to_s3 to 2026-05-07 00:00:00+00:00, run_after=2026-05-08 00:00:00+00:00
[2026-05-07T22:25:04.129+0000] {processor.py:208} INFO - Processing /opt/airflow/dags/main.py took 0.268 seconds
[2026-05-07T22:25:34.398+0000] {processor.py:186} INFO - Started process (PID=2967) to work on /opt/airflow/dags/main.py
[2026-05-07T22:25:34.400+0000] {processor.py:914} INFO - Processing file /opt/airflow/dags/main.py for tasks to queue
[2026-05-07T22:25:34.404+0000] {logging_mixin.py:190} INFO - [2026-05-07T22:25:34.404+0000] {dagbag.py:588} INFO - Filling up the DagBag from /opt/airflow/dags/main.py
[2026-05-07T22:25:34.562+0000] {processor.py:925} INFO - DAG(s) 'kafka_to_s3' retrieved from /opt/airflow/dags/main.py
[2026-05-07T22:25:34.604+0000] {logging_mixin.py:190} INFO - [2026-05-07T22:25:34.604+0000] {dag.py:3239} INFO - Sync 1 DAGs
[2026-05-07T22:25:34.639+0000] {logging_mixin.py:190} INFO - [2026-05-07T22:25:34.639+0000] {dag.py:4180} INFO - Setting next_dagrun for kafka_to_s3 to 2026-05-07 00:00:00+00:00, run_after=2026-05-08 00:00:00+00:00
[2026-05-07T22:25:34.680+0000] {processor.py:208} INFO - Processing /opt/airflow/dags/main.py took 0.293 seconds
[2026-05-07T22:26:05.760+0000] {processor.py:186} INFO - Started process (PID=2974) to work on /opt/airflow/dags/main.py
[2026-05-07T22:26:05.761+0000] {processor.py:914} INFO - Processing file /opt/airflow/dags/main.py for tasks to queue
[2026-05-07T22:26:05.765+0000] {logging_mixin.py:190} INFO - [2026-05-07T22:26:05.764+0000] {dagbag.py:588} INFO - Filling up the DagBag from /opt/airflow/dags/main.py
[2026-05-07T22:26:05.933+0000] {processor.py:925} INFO - DAG(s) 'kafka_to_s3' retrieved from /opt/airflow/dags/main.py
[2026-05-07T22:26:05.972+0000] {logging_mixin.py:190} INFO - [2026-05-07T22:26:05.972+0000] {dag.py:3239} INFO - Sync 1 DAGs
[2026-05-07T22:26:06.008+0000] {logging_mixin.py:190} INFO - [2026-05-07T22:26:06.008+0000] {dag.py:4180} INFO - Setting next_dagrun for kafka_to_s3 to 2026-05-07 00:00:00+00:00, run_after=2026-05-08 00:00:00+00:00
[2026-05-07T22:26:06.042+0000] {processor.py:208} INFO - Processing /opt/airflow/dags/main.py took 0.292 seconds
[2026-05-07T22:26:36.264+0000] {processor.py:186} INFO - Started process (PID=2981) to work on /opt/airflow/dags/main.py
[2026-05-07T22:26:36.267+0000] {processor.py:914} INFO - Processing file /opt/airflow/dags/main.py for tasks to queue
[2026-05-07T22:26:36.277+0000] {logging_mixin.py:190} INFO - [2026-05-07T22:26:36.276+0000] {dagbag.py:588} INFO - Filling up the DagBag from /opt/airflow/dags/main.py
[2026-05-07T22:26:36.454+0000] {processor.py:925} INFO - DAG(s) 'kafka_to_s3' retrieved from /opt/airflow/dags/main.py
[2026-05-07T22:26:36.492+0000] {logging_mixin.py:190} INFO - [2026-05-07T22:26:36.492+0000] {dag.py:3239} INFO - Sync 1 DAGs
[2026-05-07T22:26:36.523+0000] {logging_mixin.py:190} INFO - [2026-05-07T22:26:36.522+0000] {dag.py:4180} INFO - Setting next_dagrun for kafka_to_s3 to 2026-05-07 00:00:00+00:00, run_after=2026-05-08 00:00:00+00:00
[2026-05-07T22:26:36.547+0000] {processor.py:208} INFO - Processing /opt/airflow/dags/main.py took 0.304 seconds
[2026-05-07T22:27:06.707+0000] {processor.py:186} INFO - Started process (PID=2988) to work on /opt/airflow/dags/main.py
[2026-05-07T22:27:06.709+0000] {processor.py:914} INFO - Processing file /opt/airflow/dags/main.py for tasks to queue
[2026-05-07T22:27:06.713+0000] {logging_mixin.py:190} INFO - [2026-05-07T22:27:06.712+0000] {dagbag.py:588} INFO - Filling up the DagBag from /opt/airflow/dags/main.py
[2026-05-07T22:27:06.887+0000] {processor.py:925} INFO - DAG(s) 'kafka_to_s3' retrieved from /opt/airflow/dags/main.py
[2026-05-07T22:27:06.927+0000] {logging_mixin.py:190} INFO - [2026-05-07T22:27:06.926+0000] {dag.py:3239} INFO - Sync 1 DAGs
[2026-05-07T22:27:06.963+0000] {logging_mixin.py:190} INFO - [2026-05-07T22:27:06.963+0000] {dag.py:4180} INFO - Setting next_dagrun for kafka_to_s3 to 2026-05-07 00:00:00+00:00, run_after=2026-05-08 00:00:00+00:00
[2026-05-07T22:27:06.998+0000] {processor.py:208} INFO - Processing /opt/airflow/dags/main.py took 0.300 seconds
[2026-05-07T22:27:37.745+0000] {processor.py:186} INFO - Started process (PID=2995) to work on /opt/airflow/dags/main.py
[2026-05-07T22:27:37.747+0000] {processor.py:914} INFO - Processing file /opt/airflow/dags/main.py for tasks to queue
[2026-05-07T22:27:37.754+0000] {logging_mixin.py:190} INFO - [2026-05-07T22:27:37.754+0000] {dagbag.py:588} INFO - Filling up the DagBag from /opt/airflow/dags/main.py
[2026-05-07T22:27:37.961+0000] {processor.py:925} INFO - DAG(s) 'kafka_to_s3' retrieved from /opt/airflow/dags/main.py
[2026-05-07T22:27:38.018+0000] {logging_mixin.py:190} INFO - [2026-05-07T22:27:38.018+0000] {dag.py:3239} INFO - Sync 1 DAGs
[2026-05-07T22:27:38.057+0000] {logging_mixin.py:190} INFO - [2026-05-07T22:27:38.057+0000] {dag.py:4180} INFO - Setting next_dagrun for kafka_to_s3 to 2026-05-07 00:00:00+00:00, run_after=2026-05-08 00:00:00+00:00
[2026-05-07T22:27:38.091+0000] {processor.py:208} INFO - Processing /opt/airflow/dags/main.py took 0.357 seconds
[2026-05-07T22:28:08.674+0000] {processor.py:186} INFO - Started process (PID=3002) to work on /opt/airflow/dags/main.py
[2026-05-07T22:28:08.676+0000] {processor.py:914} INFO - Processing file /opt/airflow/dags/main.py for tasks to queue
[2026-05-07T22:28:08.681+0000] {logging_mixin.py:190} INFO - [2026-05-07T22:28:08.680+0000] {dagbag.py:588} INFO - Filling up the DagBag from /opt/airflow/dags/main.py
[2026-05-07T22:28:08.870+0000] {processor.py:925} INFO - DAG(s) 'kafka_to_s3' retrieved from /opt/airflow/dags/main.py
[2026-05-07T22:28:08.917+0000] {logging_mixin.py:190} INFO - [2026-05-07T22:28:08.917+0000] {dag.py:3239} INFO - Sync 1 DAGs
[2026-05-07T22:28:08.955+0000] {logging_mixin.py:190} INFO - [2026-05-07T22:28:08.955+0000] {dag.py:4180} INFO - Setting next_dagrun for kafka_to_s3 to 2026-05-07 00:00:00+00:00, run_after=2026-05-08 00:00:00+00:00
[2026-05-07T22:28:08.984+0000] {processor.py:208} INFO - Processing /opt/airflow/dags/main.py took 0.320 seconds
[2026-05-07T22:28:39.094+0000] {processor.py:186} INFO - Started process (PID=3009) to work on /opt/airflow/dags/main.py
[2026-05-07T22:28:39.096+0000] {processor.py:914} INFO - Processing file /opt/airflow/dags/main.py for tasks to queue
[2026-05-07T22:28:39.100+0000] {logging_mixin.py:190} INFO - [2026-05-07T22:28:39.099+0000] {dagbag.py:588} INFO - Filling up the DagBag from /opt/airflow/dags/main.py
[2026-05-07T22:28:39.315+0000] {processor.py:925} INFO - DAG(s) 'kafka_to_s3' retrieved from /opt/airflow/dags/main.py
[2026-05-07T22:28:39.368+0000] {logging_mixin.py:190} INFO - [2026-05-07T22:28:39.367+0000] {dag.py:3239} INFO - Sync 1 DAGs
[2026-05-07T22:28:39.416+0000] {logging_mixin.py:190} INFO - [2026-05-07T22:28:39.416+0000] {dag.py:4180} INFO - Setting next_dagrun for kafka_to_s3 to 2026-05-07 00:00:00+00:00, run_after=2026-05-08 00:00:00+00:00
[2026-05-07T22:28:39.453+0000] {processor.py:208} INFO - Processing /opt/airflow/dags/main.py took 0.374 seconds
[2026-05-07T22:29:10.233+0000] {processor.py:186} INFO - Started process (PID=3010) to work on /opt/airflow/dags/main.py
[2026-05-07T22:29:10.234+0000] {processor.py:914} INFO - Processing file /opt/airflow/dags/main.py for tasks to queue
[2026-05-07T22:29:10.237+0000] {logging_mixin.py:190} INFO - [2026-05-07T22:29:10.237+0000] {dagbag.py:588} INFO - Filling up the DagBag from /opt/airflow/dags/main.py
[2026-05-07T22:29:10.389+0000] {processor.py:925} INFO - DAG(s) 'kafka_to_s3' retrieved from /opt/airflow/dags/main.py
[2026-05-07T22:29:10.418+0000] {logging_mixin.py:190} INFO - [2026-05-07T22:29:10.418+0000] {dag.py:3239} INFO - Sync 1 DAGs
[2026-05-07T22:29:10.445+0000] {logging_mixin.py:190} INFO - [2026-05-07T22:29:10.444+0000] {dag.py:4180} INFO - Setting next_dagrun for kafka_to_s3 to 2026-05-07 00:00:00+00:00, run_after=2026-05-08 00:00:00+00:00
[2026-05-07T22:29:10.471+0000] {processor.py:208} INFO - Processing /opt/airflow/dags/main.py took 0.245 seconds
[2026-05-07T22:29:41.103+0000] {processor.py:186} INFO - Started process (PID=3017) to work on /opt/airflow/dags/main.py
[2026-05-07T22:29:41.106+0000] {processor.py:914} INFO - Processing file /opt/airflow/dags/main.py for tasks to queue
[2026-05-07T22:29:41.114+0000] {logging_mixin.py:190} INFO - [2026-05-07T22:29:41.113+0000] {dagbag.py:588} INFO - Filling up the DagBag from /opt/airflow/dags/main.py
[2026-05-07T22:29:41.325+0000] {processor.py:925} INFO - DAG(s) 'kafka_to_s3' retrieved from /opt/airflow/dags/main.py
[2026-05-07T22:29:41.370+0000] {logging_mixin.py:190} INFO - [2026-05-07T22:29:41.369+0000] {dag.py:3239} INFO - Sync 1 DAGs
[2026-05-07T22:29:41.412+0000] {logging_mixin.py:190} INFO - [2026-05-07T22:29:41.411+0000] {dag.py:4180} INFO - Setting next_dagrun for kafka_to_s3 to 2026-05-07 00:00:00+00:00, run_after=2026-05-08 00:00:00+00:00
[2026-05-07T22:29:41.440+0000] {processor.py:208} INFO - Processing /opt/airflow/dags/main.py took 0.363 seconds
[2026-05-07T22:30:11.923+0000] {processor.py:186} INFO - Started process (PID=3024) to work on /opt/airflow/dags/main.py
[2026-05-07T22:30:11.925+0000] {processor.py:914} INFO - Processing file /opt/airflow/dags/main.py for tasks to queue
[2026-05-07T22:30:11.931+0000] {logging_mixin.py:190} INFO - [2026-05-07T22:30:11.931+0000] {dagbag.py:588} INFO - Filling up the DagBag from /opt/airflow/dags/main.py
[2026-05-07T22:30:12.106+0000] {processor.py:925} INFO - DAG(s) 'kafka_to_s3' retrieved from /opt/airflow/dags/main.py
[2026-05-07T22:30:12.143+0000] {logging_mixin.py:190} INFO - [2026-05-07T22:30:12.143+0000] {dag.py:3239} INFO - Sync 1 DAGs
[2026-05-07T22:30:12.190+0000] {logging_mixin.py:190} INFO - [2026-05-07T22:30:12.189+0000] {dag.py:4180} INFO - Setting next_dagrun for kafka_to_s3 to 2026-05-07 00:00:00+00:00, run_after=2026-05-08 00:00:00+00:00
[2026-05-07T22:30:12.220+0000] {processor.py:208} INFO - Processing /opt/airflow/dags/main.py took 0.311 seconds
[2026-05-07T22:30:42.469+0000] {processor.py:186} INFO - Started process (PID=3031) to work on /opt/airflow/dags/main.py
[2026-05-07T22:30:42.471+0000] {processor.py:914} INFO - Processing file /opt/airflow/dags/main.py for tasks to queue
[2026-05-07T22:30:42.481+0000] {logging_mixin.py:190} INFO - [2026-05-07T22:30:42.481+0000] {dagbag.py:588} INFO - Filling up the DagBag from /opt/airflow/dags/main.py
[2026-05-07T22:30:43.083+0000] {processor.py:925} INFO - DAG(s) 'kafka_to_s3' retrieved from /opt/airflow/dags/main.py
[2026-05-07T22:30:43.142+0000] {logging_mixin.py:190} INFO - [2026-05-07T22:30:43.141+0000] {dag.py:3239} INFO - Sync 1 DAGs
[2026-05-07T22:30:43.173+0000] {logging_mixin.py:190} INFO - [2026-05-07T22:30:43.173+0000] {dag.py:4180} INFO - Setting next_dagrun for kafka_to_s3 to 2026-05-07 00:00:00+00:00, run_after=2026-05-08 00:00:00+00:00
[2026-05-07T22:30:43.203+0000] {processor.py:208} INFO - Processing /opt/airflow/dags/main.py took 0.828 seconds
[2026-05-07T22:31:14.267+0000] {processor.py:186} INFO - Started process (PID=3038) to work on /opt/airflow/dags/main.py
[2026-05-07T22:31:14.269+0000] {processor.py:914} INFO - Processing file /opt/airflow/dags/main.py for tasks to queue
[2026-05-07T22:31:14.274+0000] {logging_mixin.py:190} INFO - [2026-05-07T22:31:14.273+0000] {dagbag.py:588} INFO - Filling up the DagBag from /opt/airflow/dags/main.py
[2026-05-07T22:31:14.478+0000] {processor.py:925} INFO - DAG(s) 'kafka_to_s3' retrieved from /opt/airflow/dags/main.py
[2026-05-07T22:31:14.541+0000] {logging_mixin.py:190} INFO - [2026-05-07T22:31:14.540+0000] {dag.py:3239} INFO - Sync 1 DAGs
[2026-05-07T22:31:14.619+0000] {logging_mixin.py:190} INFO - [2026-05-07T22:31:14.618+0000] {dag.py:4180} INFO - Setting next_dagrun for kafka_to_s3 to 2026-05-07 00:00:00+00:00, run_after=2026-05-08 00:00:00+00:00
[2026-05-07T22:31:14.657+0000] {processor.py:208} INFO - Processing /opt/airflow/dags/main.py took 0.398 seconds
[2026-05-07T22:31:44.933+0000] {processor.py:186} INFO - Started process (PID=3045) to work on /opt/airflow/dags/main.py
[2026-05-07T22:31:44.935+0000] {processor.py:914} INFO - Processing file /opt/airflow/dags/main.py for tasks to queue
[2026-05-07T22:31:44.942+0000] {logging_mixin.py:190} INFO - [2026-05-07T22:31:44.941+0000] {dagbag.py:588} INFO - Filling up the DagBag from /opt/airflow/dags/main.py
[2026-05-07T22:31:45.147+0000] {processor.py:925} INFO - DAG(s) 'kafka_to_s3' retrieved from /opt/airflow/dags/main.py
[2026-05-07T22:31:45.188+0000] {logging_mixin.py:190} INFO - [2026-05-07T22:31:45.187+0000] {dag.py:3239} INFO - Sync 1 DAGs
[2026-05-07T22:31:45.225+0000] {logging_mixin.py:190} INFO - [2026-05-07T22:31:45.224+0000] {dag.py:4180} INFO - Setting next_dagrun for kafka_to_s3 to 2026-05-07 00:00:00+00:00, run_after=2026-05-08 00:00:00+00:00
[2026-05-07T22:31:45.254+0000] {processor.py:208} INFO - Processing /opt/airflow/dags/main.py took 0.334 seconds
[2026-05-07T22:32:15.420+0000] {processor.py:186} INFO - Started process (PID=3052) to work on /opt/airflow/dags/main.py
[2026-05-07T22:32:15.423+0000] {processor.py:914} INFO - Processing file /opt/airflow/dags/main.py for tasks to queue
[2026-05-07T22:32:15.428+0000] {logging_mixin.py:190} INFO - [2026-05-07T22:32:15.427+0000] {dagbag.py:588} INFO - Filling up the DagBag from /opt/airflow/dags/main.py
[2026-05-07T22:32:15.590+0000] {processor.py:925} INFO - DAG(s) 'kafka_to_s3' retrieved from /opt/airflow/dags/main.py
[2026-05-07T22:32:15.628+0000] {logging_mixin.py:190} INFO - [2026-05-07T22:32:15.628+0000] {dag.py:3239} INFO - Sync 1 DAGs
[2026-05-07T22:32:15.660+0000] {logging_mixin.py:190} INFO - [2026-05-07T22:32:15.659+0000] {dag.py:4180} INFO - Setting next_dagrun for kafka_to_s3 to 2026-05-07 00:00:00+00:00, run_after=2026-05-08 00:00:00+00:00
[2026-05-07T22:32:15.691+0000] {processor.py:208} INFO - Processing /opt/airflow/dags/main.py took 0.283 seconds
[2026-05-07T22:32:46.352+0000] {processor.py:186} INFO - Started process (PID=3058) to work on /opt/airflow/dags/main.py
[2026-05-07T22:32:46.353+0000] {processor.py:914} INFO - Processing file /opt/airflow/dags/main.py for tasks to queue
[2026-05-07T22:32:46.359+0000] {logging_mixin.py:190} INFO - [2026-05-07T22:32:46.359+0000] {dagbag.py:588} INFO - Filling up the DagBag from /opt/airflow/dags/main.py
[2026-05-07T22:32:46.565+0000] {processor.py:925} INFO - DAG(s) 'kafka_to_s3' retrieved from /opt/airflow/dags/main.py
[2026-05-07T22:32:46.620+0000] {logging_mixin.py:190} INFO - [2026-05-07T22:32:46.620+0000] {dag.py:3239} INFO - Sync 1 DAGs
[2026-05-07T22:32:46.662+0000] {logging_mixin.py:190} INFO - [2026-05-07T22:32:46.661+0000] {dag.py:4180} INFO - Setting next_dagrun for kafka_to_s3 to 2026-05-07 00:00:00+00:00, run_after=2026-05-08 00:00:00+00:00
[2026-05-07T22:32:46.698+0000] {processor.py:208} INFO - Processing /opt/airflow/dags/main.py took 0.355 seconds
[2026-05-07T22:33:17.493+0000] {processor.py:186} INFO - Started process (PID=3065) to work on /opt/airflow/dags/main.py
[2026-05-07T22:33:17.495+0000] {processor.py:914} INFO - Processing file /opt/airflow/dags/main.py for tasks to queue
[2026-05-07T22:33:17.501+0000] {logging_mixin.py:190} INFO - [2026-05-07T22:33:17.500+0000] {dagbag.py:588} INFO - Filling up the DagBag from /opt/airflow/dags/main.py
[2026-05-07T22:33:17.766+0000] {processor.py:925} INFO - DAG(s) 'kafka_to_s3' retrieved from /opt/airflow/dags/main.py
[2026-05-07T22:33:17.833+0000] {logging_mixin.py:190} INFO - [2026-05-07T22:33:17.833+0000] {dag.py:3239} INFO - Sync 1 DAGs
[2026-05-07T22:33:17.891+0000] {logging_mixin.py:190} INFO - [2026-05-07T22:33:17.890+0000] {dag.py:4180} INFO - Setting next_dagrun for kafka_to_s3 to 2026-05-07 00:00:00+00:00, run_after=2026-05-08 00:00:00+00:00
[2026-05-07T22:33:17.928+0000] {processor.py:208} INFO - Processing /opt/airflow/dags/main.py took 0.446 seconds
[2026-05-07T22:33:48.362+0000] {processor.py:186} INFO - Started process (PID=3072) to work on /opt/airflow/dags/main.py
[2026-05-07T22:33:48.364+0000] {processor.py:914} INFO - Processing file /opt/airflow/dags/main.py for tasks to queue
[2026-05-07T22:33:48.370+0000] {logging_mixin.py:190} INFO - [2026-05-07T22:33:48.370+0000] {dagbag.py:588} INFO - Filling up the DagBag from /opt/airflow/dags/main.py
[2026-05-07T22:33:48.546+0000] {processor.py:925} INFO - DAG(s) 'kafka_to_s3' retrieved from /opt/airflow/dags/main.py
[2026-05-07T22:33:48.591+0000] {logging_mixin.py:190} INFO - [2026-05-07T22:33:48.591+0000] {dag.py:3239} INFO - Sync 1 DAGs
[2026-05-07T22:33:48.624+0000] {logging_mixin.py:190} INFO - [2026-05-07T22:33:48.624+0000] {dag.py:4180} INFO - Setting next_dagrun for kafka_to_s3 to 2026-05-07 00:00:00+00:00, run_after=2026-05-08 00:00:00+00:00
[2026-05-07T22:33:48.659+0000] {processor.py:208} INFO - Processing /opt/airflow/dags/main.py took 0.309 seconds
[2026-05-07T22:34:19.080+0000] {processor.py:186} INFO - Started process (PID=3079) to work on /opt/airflow/dags/main.py
[2026-05-07T22:34:19.082+0000] {processor.py:914} INFO - Processing file /opt/airflow/dags/main.py for tasks to queue
[2026-05-07T22:34:19.086+0000] {logging_mixin.py:190} INFO - [2026-05-07T22:34:19.086+0000] {dagbag.py:588} INFO - Filling up the DagBag from /opt/airflow/dags/main.py
[2026-05-07T22:34:19.244+0000] {processor.py:925} INFO - DAG(s) 'kafka_to_s3' retrieved from /opt/airflow/dags/main.py
[2026-05-07T22:34:19.282+0000] {logging_mixin.py:190} INFO - [2026-05-07T22:34:19.282+0000] {dag.py:3239} INFO - Sync 1 DAGs
[2026-05-07T22:34:19.312+0000] {logging_mixin.py:190} INFO - [2026-05-07T22:34:19.312+0000] {dag.py:4180} INFO - Setting next_dagrun for kafka_to_s3 to 2026-05-07 00:00:00+00:00, run_after=2026-05-08 00:00:00+00:00
[2026-05-07T22:34:19.337+0000] {processor.py:208} INFO - Processing /opt/airflow/dags/main.py took 0.266 seconds
[2026-05-07T22:34:50.001+0000] {processor.py:186} INFO - Started process (PID=3086) to work on /opt/airflow/dags/main.py
[2026-05-07T22:34:50.004+0000] {processor.py:914} INFO - Processing file /opt/airflow/dags/main.py for tasks to queue
[2026-05-07T22:34:50.013+0000] {logging_mixin.py:190} INFO - [2026-05-07T22:34:50.013+0000] {dagbag.py:588} INFO - Filling up the DagBag from /opt/airflow/dags/main.py
[2026-05-07T22:34:50.245+0000] {processor.py:925} INFO - DAG(s) 'kafka_to_s3' retrieved from /opt/airflow/dags/main.py
[2026-05-07T22:34:50.286+0000] {logging_mixin.py:190} INFO - [2026-05-07T22:34:50.286+0000] {dag.py:3239} INFO - Sync 1 DAGs
[2026-05-07T22:34:50.323+0000] {logging_mixin.py:190} INFO - [2026-05-07T22:34:50.323+0000] {dag.py:4180} INFO - Setting next_dagrun for kafka_to_s3 to 2026-05-07 00:00:00+00:00, run_after=2026-05-08 00:00:00+00:00
[2026-05-07T22:34:50.353+0000] {processor.py:208} INFO - Processing /opt/airflow/dags/main.py took 0.370 seconds
[2026-05-07T22:35:20.955+0000] {processor.py:186} INFO - Started process (PID=3093) to work on /opt/airflow/dags/main.py
[2026-05-07T22:35:20.957+0000] {processor.py:914} INFO - Processing file /opt/airflow/dags/main.py for tasks to queue
[2026-05-07T22:35:20.963+0000] {logging_mixin.py:190} INFO - [2026-05-07T22:35:20.962+0000] {dagbag.py:588} INFO - Filling up the DagBag from /opt/airflow/dags/main.py
[2026-05-07T22:35:21.133+0000] {processor.py:925} INFO - DAG(s) 'kafka_to_s3' retrieved from /opt/airflow/dags/main.py
[2026-05-07T22:35:21.178+0000] {logging_mixin.py:190} INFO - [2026-05-07T22:35:21.177+0000] {dag.py:3239} INFO - Sync 1 DAGs
[2026-05-07T22:35:21.211+0000] {logging_mixin.py:190} INFO - [2026-05-07T22:35:21.211+0000] {dag.py:4180} INFO - Setting next_dagrun for kafka_to_s3 to 2026-05-07 00:00:00+00:00, run_after=2026-05-08 00:00:00+00:00
[2026-05-07T22:35:21.237+0000] {processor.py:208} INFO - Processing /opt/airflow/dags/main.py took 0.302 seconds
[2026-05-07T22:35:51.438+0000] {processor.py:186} INFO - Started process (PID=3100) to work on /opt/airflow/dags/main.py
[2026-05-07T22:35:51.440+0000] {processor.py:914} INFO - Processing file /opt/airflow/dags/main.py for tasks to queue
[2026-05-07T22:35:51.445+0000] {logging_mixin.py:190} INFO - [2026-05-07T22:35:51.444+0000] {dagbag.py:588} INFO - Filling up the DagBag from /opt/airflow/dags/main.py
[2026-05-07T22:35:51.711+0000] {processor.py:925} INFO - DAG(s) 'kafka_to_s3' retrieved from /opt/airflow/dags/main.py
[2026-05-07T22:35:51.842+0000] {logging_mixin.py:190} INFO - [2026-05-07T22:35:51.842+0000] {dag.py:3239} INFO - Sync 1 DAGs
[2026-05-07T22:35:51.882+0000] {logging_mixin.py:190} INFO - [2026-05-07T22:35:51.882+0000] {dag.py:4180} INFO - Setting next_dagrun for kafka_to_s3 to 2026-05-07 00:00:00+00:00, run_after=2026-05-08 00:00:00+00:00
[2026-05-07T22:35:51.914+0000] {processor.py:208} INFO - Processing /opt/airflow/dags/main.py took 0.486 seconds
[2026-05-07T22:36:22.885+0000] {processor.py:186} INFO - Started process (PID=3107) to work on /opt/airflow/dags/main.py
[2026-05-07T22:36:22.887+0000] {processor.py:914} INFO - Processing file /opt/airflow/dags/main.py for tasks to queue
[2026-05-07T22:36:22.891+0000] {logging_mixin.py:190} INFO - [2026-05-07T22:36:22.890+0000] {dagbag.py:588} INFO - Filling up the DagBag from /opt/airflow/dags/main.py
[2026-05-07T22:36:23.128+0000] {processor.py:925} INFO - DAG(s) 'kafka_to_s3' retrieved from /opt/airflow/dags/main.py
[2026-05-07T22:36:23.198+0000] {logging_mixin.py:190} INFO - [2026-05-07T22:36:23.194+0000] {dag.py:3239} INFO - Sync 1 DAGs
[2026-05-07T22:36:23.256+0000] {logging_mixin.py:190} INFO - [2026-05-07T22:36:23.256+0000] {dag.py:4180} INFO - Setting next_dagrun for kafka_to_s3 to 2026-05-07 00:00:00+00:00, run_after=2026-05-08 00:00:00+00:00
[2026-05-07T22:36:23.314+0000] {processor.py:208} INFO - Processing /opt/airflow/dags/main.py took 0.440 seconds
[2026-05-07T22:36:54.130+0000] {processor.py:186} INFO - Started process (PID=3114) to work on /opt/airflow/dags/main.py
[2026-05-07T22:36:54.133+0000] {processor.py:914} INFO - Processing file /opt/airflow/dags/main.py for tasks to queue
[2026-05-07T22:36:54.140+0000] {logging_mixin.py:190} INFO - [2026-05-07T22:36:54.139+0000] {dagbag.py:588} INFO - Filling up the DagBag from /opt/airflow/dags/main.py
[2026-05-07T22:36:54.374+0000] {processor.py:925} INFO - DAG(s) 'kafka_to_s3' retrieved from /opt/airflow/dags/main.py
[2026-05-07T22:36:54.438+0000] {logging_mixin.py:190} INFO - [2026-05-07T22:36:54.437+0000] {dag.py:3239} INFO - Sync 1 DAGs
[2026-05-07T22:36:54.484+0000] {logging_mixin.py:190} INFO - [2026-05-07T22:36:54.483+0000] {dag.py:4180} INFO - Setting next_dagrun for kafka_to_s3 to 2026-05-07 00:00:00+00:00, run_after=2026-05-08 00:00:00+00:00
[2026-05-07T22:36:54.519+0000] {processor.py:208} INFO - Processing /opt/airflow/dags/main.py took 0.410 seconds
[2026-05-07T22:37:24.661+0000] {processor.py:186} INFO - Started process (PID=3121) to work on /opt/airflow/dags/main.py
[2026-05-07T22:37:24.663+0000] {processor.py:914} INFO - Processing file /opt/airflow/dags/main.py for tasks to queue
[2026-05-07T22:37:24.668+0000] {logging_mixin.py:190} INFO - [2026-05-07T22:37:24.668+0000] {dagbag.py:588} INFO - Filling up the DagBag from /opt/airflow/dags/main.py
[2026-05-07T22:37:24.875+0000] {processor.py:925} INFO - DAG(s) 'kafka_to_s3' retrieved from /opt/airflow/dags/main.py
[2026-05-07T22:37:24.929+0000] {logging_mixin.py:190} INFO - [2026-05-07T22:37:24.928+0000] {dag.py:3239} INFO - Sync 1 DAGs
[2026-05-07T22:37:24.964+0000] {logging_mixin.py:190} INFO - [2026-05-07T22:37:24.964+0000] {dag.py:4180} INFO - Setting next_dagrun for kafka_to_s3 to 2026-05-07 00:00:00+00:00, run_after=2026-05-08 00:00:00+00:00
[2026-05-07T22:37:24.992+0000] {processor.py:208} INFO - Processing /opt/airflow/dags/main.py took 0.348 seconds
[2026-05-07T22:37:57.089+0000] {processor.py:186} INFO - Started process (PID=3128) to work on /opt/airflow/dags/main.py
[2026-05-07T22:37:57.092+0000] {processor.py:914} INFO - Processing file /opt/airflow/dags/main.py for tasks to queue
[2026-05-07T22:37:57.097+0000] {logging_mixin.py:190} INFO - [2026-05-07T22:37:57.096+0000] {dagbag.py:588} INFO - Filling up the DagBag from /opt/airflow/dags/main.py
[2026-05-07T22:37:57.284+0000] {processor.py:925} INFO - DAG(s) 'kafka_to_s3' retrieved from /opt/airflow/dags/main.py
[2026-05-07T22:37:57.326+0000] {logging_mixin.py:190} INFO - [2026-05-07T22:37:57.325+0000] {dag.py:3239} INFO - Sync 1 DAGs
[2026-05-07T22:37:57.359+0000] {logging_mixin.py:190} INFO - [2026-05-07T22:37:57.358+0000] {dag.py:4180} INFO - Setting next_dagrun for kafka_to_s3 to 2026-05-07 00:00:00+00:00, run_after=2026-05-08 00:00:00+00:00
[2026-05-07T22:37:57.387+0000] {processor.py:208} INFO - Processing /opt/airflow/dags/main.py took 0.308 seconds
[2026-05-07T22:38:27.654+0000] {processor.py:186} INFO - Started process (PID=3135) to work on /opt/airflow/dags/main.py
[2026-05-07T22:38:27.656+0000] {processor.py:914} INFO - Processing file /opt/airflow/dags/main.py for tasks to queue
[2026-05-07T22:38:27.660+0000] {logging_mixin.py:190} INFO - [2026-05-07T22:38:27.659+0000] {dagbag.py:588} INFO - Filling up the DagBag from /opt/airflow/dags/main.py
[2026-05-07T22:38:27.818+0000] {processor.py:925} INFO - DAG(s) 'kafka_to_s3' retrieved from /opt/airflow/dags/main.py
[2026-05-07T22:38:27.856+0000] {logging_mixin.py:190} INFO - [2026-05-07T22:38:27.855+0000] {dag.py:3239} INFO - Sync 1 DAGs
[2026-05-07T22:38:27.893+0000] {logging_mixin.py:190} INFO - [2026-05-07T22:38:27.893+0000] {dag.py:4180} INFO - Setting next_dagrun for kafka_to_s3 to 2026-05-07 00:00:00+00:00, run_after=2026-05-08 00:00:00+00:00
[2026-05-07T22:38:27.928+0000] {processor.py:208} INFO - Processing /opt/airflow/dags/main.py took 0.285 seconds
[2026-05-07T22:38:58.635+0000] {processor.py:186} INFO - Started process (PID=3142) to work on /opt/airflow/dags/main.py
[2026-05-07T22:38:58.637+0000] {processor.py:914} INFO - Processing file /opt/airflow/dags/main.py for tasks to queue
[2026-05-07T22:38:58.643+0000] {logging_mixin.py:190} INFO - [2026-05-07T22:38:58.643+0000] {dagbag.py:588} INFO - Filling up the DagBag from /opt/airflow/dags/main.py
[2026-05-07T22:38:58.807+0000] {processor.py:925} INFO - DAG(s) 'kafka_to_s3' retrieved from /opt/airflow/dags/main.py
[2026-05-07T22:38:58.841+0000] {logging_mixin.py:190} INFO - [2026-05-07T22:38:58.841+0000] {dag.py:3239} INFO - Sync 1 DAGs
[2026-05-07T22:38:58.873+0000] {logging_mixin.py:190} INFO - [2026-05-07T22:38:58.873+0000] {dag.py:4180} INFO - Setting next_dagrun for kafka_to_s3 to 2026-05-07 00:00:00+00:00, run_after=2026-05-08 00:00:00+00:00
[2026-05-07T22:38:58.897+0000] {processor.py:208} INFO - Processing /opt/airflow/dags/main.py took 0.283 seconds
[2026-05-07T22:39:29.618+0000] {processor.py:186} INFO - Started process (PID=3149) to work on /opt/airflow/dags/main.py
[2026-05-07T22:39:29.620+0000] {processor.py:914} INFO - Processing file /opt/airflow/dags/main.py for tasks to queue
[2026-05-07T22:39:29.625+0000] {logging_mixin.py:190} INFO - [2026-05-07T22:39:29.625+0000] {dagbag.py:588} INFO - Filling up the DagBag from /opt/airflow/dags/main.py
[2026-05-07T22:39:29.839+0000] {processor.py:925} INFO - DAG(s) 'kafka_to_s3' retrieved from /opt/airflow/dags/main.py
[2026-05-07T22:39:29.876+0000] {logging_mixin.py:190} INFO - [2026-05-07T22:39:29.876+0000] {dag.py:3239} INFO - Sync 1 DAGs
[2026-05-07T22:39:29.907+0000] {logging_mixin.py:190} INFO - [2026-05-07T22:39:29.906+0000] {dag.py:4180} INFO - Setting next_dagrun for kafka_to_s3 to 2026-05-07 00:00:00+00:00, run_after=2026-05-08 00:00:00+00:00
[2026-05-07T22:39:29.934+0000] {processor.py:208} INFO - Processing /opt/airflow/dags/main.py took 0.327 seconds
[2026-05-07T22:40:00.517+0000] {processor.py:186} INFO - Started process (PID=3156) to work on /opt/airflow/dags/main.py
[2026-05-07T22:40:00.519+0000] {processor.py:914} INFO - Processing file /opt/airflow/dags/main.py for tasks to queue
[2026-05-07T22:40:00.523+0000] {logging_mixin.py:190} INFO - [2026-05-07T22:40:00.523+0000] {dagbag.py:588} INFO - Filling up the DagBag from /opt/airflow/dags/main.py
[2026-05-07T22:40:00.692+0000] {processor.py:925} INFO - DAG(s) 'kafka_to_s3' retrieved from /opt/airflow/dags/main.py
[2026-05-07T22:40:00.739+0000] {logging_mixin.py:190} INFO - [2026-05-07T22:40:00.739+0000] {dag.py:3239} INFO - Sync 1 DAGs
[2026-05-07T22:40:00.771+0000] {logging_mixin.py:190} INFO - [2026-05-07T22:40:00.770+0000] {dag.py:4180} INFO - Setting next_dagrun for kafka_to_s3 to 2026-05-07 00:00:00+00:00, run_after=2026-05-08 00:00:00+00:00
[2026-05-07T22:40:00.799+0000] {processor.py:208} INFO - Processing /opt/airflow/dags/main.py took 0.294 seconds
[2026-05-07T22:40:31.795+0000] {processor.py:186} INFO - Started process (PID=3163) to work on /opt/airflow/dags/main.py
[2026-05-07T22:40:31.796+0000] {processor.py:914} INFO - Processing file /opt/airflow/dags/main.py for tasks to queue
[2026-05-07T22:40:31.801+0000] {logging_mixin.py:190} INFO - [2026-05-07T22:40:31.800+0000] {dagbag.py:588} INFO - Filling up the DagBag from /opt/airflow/dags/main.py
[2026-05-07T22:40:31.949+0000] {processor.py:925} INFO - DAG(s) 'kafka_to_s3' retrieved from /opt/airflow/dags/main.py
[2026-05-07T22:40:31.982+0000] {logging_mixin.py:190} INFO - [2026-05-07T22:40:31.982+0000] {dag.py:3239} INFO - Sync 1 DAGs
[2026-05-07T22:40:32.010+0000] {logging_mixin.py:190} INFO - [2026-05-07T22:40:32.010+0000] {dag.py:4180} INFO - Setting next_dagrun for kafka_to_s3 to 2026-05-07 00:00:00+00:00, run_after=2026-05-08 00:00:00+00:00
[2026-05-07T22:40:32.032+0000] {processor.py:208} INFO - Processing /opt/airflow/dags/main.py took 0.252 seconds
[2026-05-07T22:41:02.865+0000] {processor.py:186} INFO - Started process (PID=3170) to work on /opt/airflow/dags/main.py
[2026-05-07T22:41:02.868+0000] {processor.py:914} INFO - Processing file /opt/airflow/dags/main.py for tasks to queue
[2026-05-07T22:41:02.874+0000] {logging_mixin.py:190} INFO - [2026-05-07T22:41:02.873+0000] {dagbag.py:588} INFO - Filling up the DagBag from /opt/airflow/dags/main.py
[2026-05-07T22:41:03.097+0000] {processor.py:925} INFO - DAG(s) 'kafka_to_s3' retrieved from /opt/airflow/dags/main.py
[2026-05-07T22:41:03.134+0000] {logging_mixin.py:190} INFO - [2026-05-07T22:41:03.134+0000] {dag.py:3239} INFO - Sync 1 DAGs
[2026-05-07T22:41:03.202+0000] {logging_mixin.py:190} INFO - [2026-05-07T22:41:03.202+0000] {dag.py:4180} INFO - Setting next_dagrun for kafka_to_s3 to 2026-05-07 00:00:00+00:00, run_after=2026-05-08 00:00:00+00:00
[2026-05-07T22:41:03.247+0000] {processor.py:208} INFO - Processing /opt/airflow/dags/main.py took 0.397 seconds
[2026-05-07T22:41:33.878+0000] {processor.py:186} INFO - Started process (PID=3177) to work on /opt/airflow/dags/main.py
[2026-05-07T22:41:33.884+0000] {processor.py:914} INFO - Processing file /opt/airflow/dags/main.py for tasks to queue
[2026-05-07T22:41:33.901+0000] {logging_mixin.py:190} INFO - [2026-05-07T22:41:33.900+0000] {dagbag.py:588} INFO - Filling up the DagBag from /opt/airflow/dags/main.py
[2026-05-07T22:41:34.122+0000] {processor.py:925} INFO - DAG(s) 'kafka_to_s3' retrieved from /opt/airflow/dags/main.py
[2026-05-07T22:41:34.164+0000] {logging_mixin.py:190} INFO - [2026-05-07T22:41:34.163+0000] {dag.py:3239} INFO - Sync 1 DAGs
[2026-05-07T22:41:34.193+0000] {logging_mixin.py:190} INFO - [2026-05-07T22:41:34.192+0000] {dag.py:4180} INFO - Setting next_dagrun for kafka_to_s3 to 2026-05-07 00:00:00+00:00, run_after=2026-05-08 00:00:00+00:00
[2026-05-07T22:41:34.223+0000] {processor.py:208} INFO - Processing /opt/airflow/dags/main.py took 0.399 seconds
[2026-05-07T22:42:05.057+0000] {processor.py:186} INFO - Started process (PID=3184) to work on /opt/airflow/dags/main.py
[2026-05-07T22:42:05.059+0000] {processor.py:914} INFO - Processing file /opt/airflow/dags/main.py for tasks to queue
[2026-05-07T22:42:05.067+0000] {logging_mixin.py:190} INFO - [2026-05-07T22:42:05.066+0000] {dagbag.py:588} INFO - Filling up the DagBag from /opt/airflow/dags/main.py
[2026-05-07T22:42:05.265+0000] {processor.py:925} INFO - DAG(s) 'kafka_to_s3' retrieved from /opt/airflow/dags/main.py
[2026-05-07T22:42:05.298+0000] {logging_mixin.py:190} INFO - [2026-05-07T22:42:05.298+0000] {dag.py:3239} INFO - Sync 1 DAGs
[2026-05-07T22:42:05.328+0000] {logging_mixin.py:190} INFO - [2026-05-07T22:42:05.327+0000] {dag.py:4180} INFO - Setting next_dagrun for kafka_to_s3 to 2026-05-07 00:00:00+00:00, run_after=2026-05-08 00:00:00+00:00
[2026-05-07T22:42:05.364+0000] {processor.py:208} INFO - Processing /opt/airflow/dags/main.py took 0.317 seconds
[2026-05-07T22:42:35.577+0000] {processor.py:186} INFO - Started process (PID=3190) to work on /opt/airflow/dags/main.py
[2026-05-07T22:42:35.578+0000] {processor.py:914} INFO - Processing file /opt/airflow/dags/main.py for tasks to queue
[2026-05-07T22:42:35.583+0000] {logging_mixin.py:190} INFO - [2026-05-07T22:42:35.583+0000] {dagbag.py:588} INFO - Filling up the DagBag from /opt/airflow/dags/main.py
[2026-05-07T22:42:35.762+0000] {processor.py:925} INFO - DAG(s) 'kafka_to_s3' retrieved from /opt/airflow/dags/main.py
[2026-05-07T22:42:35.803+0000] {logging_mixin.py:190} INFO - [2026-05-07T22:42:35.802+0000] {dag.py:3239} INFO - Sync 1 DAGs
[2026-05-07T22:42:35.842+0000] {logging_mixin.py:190} INFO - [2026-05-07T22:42:35.841+0000] {dag.py:4180} INFO - Setting next_dagrun for kafka_to_s3 to 2026-05-07 00:00:00+00:00, run_after=2026-05-08 00:00:00+00:00
[2026-05-07T22:42:35.885+0000] {processor.py:208} INFO - Processing /opt/airflow/dags/main.py took 0.318 seconds
[2026-05-07T22:43:06.489+0000] {processor.py:186} INFO - Started process (PID=3197) to work on /opt/airflow/dags/main.py
[2026-05-07T22:43:06.491+0000] {processor.py:914} INFO - Processing file /opt/airflow/dags/main.py for tasks to queue
[2026-05-07T22:43:06.496+0000] {logging_mixin.py:190} INFO - [2026-05-07T22:43:06.496+0000] {dagbag.py:588} INFO - Filling up the DagBag from /opt/airflow/dags/main.py
[2026-05-07T22:43:06.690+0000] {processor.py:925} INFO - DAG(s) 'kafka_to_s3' retrieved from /opt/airflow/dags/main.py
[2026-05-07T22:43:06.728+0000] {logging_mixin.py:190} INFO - [2026-05-07T22:43:06.728+0000] {dag.py:3239} INFO - Sync 1 DAGs
[2026-05-07T22:43:06.761+0000] {logging_mixin.py:190} INFO - [2026-05-07T22:43:06.760+0000] {dag.py:4180} INFO - Setting next_dagrun for kafka_to_s3 to 2026-05-07 00:00:00+00:00, run_after=2026-05-08 00:00:00+00:00
[2026-05-07T22:43:06.789+0000] {processor.py:208} INFO - Processing /opt/airflow/dags/main.py took 0.309 seconds
[2026-05-07T22:43:37.637+0000] {processor.py:186} INFO - Started process (PID=3204) to work on /opt/airflow/dags/main.py
[2026-05-07T22:43:37.639+0000] {processor.py:914} INFO - Processing file /opt/airflow/dags/main.py for tasks to queue
[2026-05-07T22:43:37.644+0000] {logging_mixin.py:190} INFO - [2026-05-07T22:43:37.643+0000] {dagbag.py:588} INFO - Filling up the DagBag from /opt/airflow/dags/main.py
[2026-05-07T22:43:37.798+0000] {processor.py:925} INFO - DAG(s) 'kafka_to_s3' retrieved from /opt/airflow/dags/main.py
[2026-05-07T22:43:37.831+0000] {logging_mixin.py:190} INFO - [2026-05-07T22:43:37.830+0000] {dag.py:3239} INFO - Sync 1 DAGs
[2026-05-07T22:43:37.860+0000] {logging_mixin.py:190} INFO - [2026-05-07T22:43:37.859+0000] {dag.py:4180} INFO - Setting next_dagrun for kafka_to_s3 to 2026-05-07 00:00:00+00:00, run_after=2026-05-08 00:00:00+00:00
[2026-05-07T22:43:37.882+0000] {processor.py:208} INFO - Processing /opt/airflow/dags/main.py took 0.253 seconds
[2026-05-07T22:44:08.621+0000] {processor.py:186} INFO - Started process (PID=3211) to work on /opt/airflow/dags/main.py
[2026-05-07T22:44:08.623+0000] {processor.py:914} INFO - Processing file /opt/airflow/dags/main.py for tasks to queue
[2026-05-07T22:44:08.632+0000] {logging_mixin.py:190} INFO - [2026-05-07T22:44:08.631+0000] {dagbag.py:588} INFO - Filling up the DagBag from /opt/airflow/dags/main.py
[2026-05-07T22:44:08.849+0000] {processor.py:925} INFO - DAG(s) 'kafka_to_s3' retrieved from /opt/airflow/dags/main.py
[2026-05-07T22:44:08.882+0000] {logging_mixin.py:190} INFO - [2026-05-07T22:44:08.882+0000] {dag.py:3239} INFO - Sync 1 DAGs
[2026-05-07T22:44:08.914+0000] {logging_mixin.py:190} INFO - [2026-05-07T22:44:08.913+0000] {dag.py:4180} INFO - Setting next_dagrun for kafka_to_s3 to 2026-05-07 00:00:00+00:00, run_after=2026-05-08 00:00:00+00:00
[2026-05-07T22:44:08.946+0000] {processor.py:208} INFO - Processing /opt/airflow/dags/main.py took 0.342 seconds
[2026-05-07T22:44:39.761+0000] {processor.py:186} INFO - Started process (PID=3218) to work on /opt/airflow/dags/main.py
[2026-05-07T22:44:39.763+0000] {processor.py:914} INFO - Processing file /opt/airflow/dags/main.py for tasks to queue
[2026-05-07T22:44:39.770+0000] {logging_mixin.py:190} INFO - [2026-05-07T22:44:39.769+0000] {dagbag.py:588} INFO - Filling up the DagBag from /opt/airflow/dags/main.py
[2026-05-07T22:44:39.925+0000] {processor.py:925} INFO - DAG(s) 'kafka_to_s3' retrieved from /opt/airflow/dags/main.py
[2026-05-07T22:44:39.968+0000] {logging_mixin.py:190} INFO - [2026-05-07T22:44:39.967+0000] {dag.py:3239} INFO - Sync 1 DAGs
[2026-05-07T22:44:39.999+0000] {logging_mixin.py:190} INFO - [2026-05-07T22:44:39.999+0000] {dag.py:4180} INFO - Setting next_dagrun for kafka_to_s3 to 2026-05-07 00:00:00+00:00, run_after=2026-05-08 00:00:00+00:00
[2026-05-07T22:44:40.028+0000] {processor.py:208} INFO - Processing /opt/airflow/dags/main.py took 0.278 seconds
[2026-05-07T22:45:10.697+0000] {processor.py:186} INFO - Started process (PID=3225) to work on /opt/airflow/dags/main.py
[2026-05-07T22:45:10.704+0000] {processor.py:914} INFO - Processing file /opt/airflow/dags/main.py for tasks to queue
[2026-05-07T22:45:10.711+0000] {logging_mixin.py:190} INFO - [2026-05-07T22:45:10.710+0000] {dagbag.py:588} INFO - Filling up the DagBag from /opt/airflow/dags/main.py
[2026-05-07T22:45:10.895+0000] {processor.py:925} INFO - DAG(s) 'kafka_to_s3' retrieved from /opt/airflow/dags/main.py
[2026-05-07T22:45:10.932+0000] {logging_mixin.py:190} INFO - [2026-05-07T22:45:10.932+0000] {dag.py:3239} INFO - Sync 1 DAGs
[2026-05-07T22:45:10.966+0000] {logging_mixin.py:190} INFO - [2026-05-07T22:45:10.966+0000] {dag.py:4180} INFO - Setting next_dagrun for kafka_to_s3 to 2026-05-07 00:00:00+00:00, run_after=2026-05-08 00:00:00+00:00
[2026-05-07T22:45:11.002+0000] {processor.py:208} INFO - Processing /opt/airflow/dags/main.py took 0.325 seconds
[2026-05-07T22:45:41.520+0000] {processor.py:186} INFO - Started process (PID=3232) to work on /opt/airflow/dags/main.py
[2026-05-07T22:45:41.521+0000] {processor.py:914} INFO - Processing file /opt/airflow/dags/main.py for tasks to queue
[2026-05-07T22:45:41.525+0000] {logging_mixin.py:190} INFO - [2026-05-07T22:45:41.524+0000] {dagbag.py:588} INFO - Filling up the DagBag from /opt/airflow/dags/main.py
[2026-05-07T22:45:41.687+0000] {processor.py:925} INFO - DAG(s) 'kafka_to_s3' retrieved from /opt/airflow/dags/main.py
[2026-05-07T22:45:41.751+0000] {logging_mixin.py:190} INFO - [2026-05-07T22:45:41.751+0000] {dag.py:3239} INFO - Sync 1 DAGs
[2026-05-07T22:45:41.812+0000] {logging_mixin.py:190} INFO - [2026-05-07T22:45:41.812+0000] {dag.py:4180} INFO - Setting next_dagrun for kafka_to_s3 to 2026-05-07 00:00:00+00:00, run_after=2026-05-08 00:00:00+00:00
[2026-05-07T22:45:41.861+0000] {processor.py:208} INFO - Processing /opt/airflow/dags/main.py took 0.353 seconds
[2026-05-07T22:46:12.002+0000] {processor.py:186} INFO - Started process (PID=3239) to work on /opt/airflow/dags/main.py
[2026-05-07T22:46:12.004+0000] {processor.py:914} INFO - Processing file /opt/airflow/dags/main.py for tasks to queue
[2026-05-07T22:46:12.009+0000] {logging_mixin.py:190} INFO - [2026-05-07T22:46:12.008+0000] {dagbag.py:588} INFO - Filling up the DagBag from /opt/airflow/dags/main.py
[2026-05-07T22:46:12.209+0000] {processor.py:925} INFO - DAG(s) 'kafka_to_s3' retrieved from /opt/airflow/dags/main.py
[2026-05-07T22:46:12.260+0000] {logging_mixin.py:190} INFO - [2026-05-07T22:46:12.259+0000] {dag.py:3239} INFO - Sync 1 DAGs
[2026-05-07T22:46:12.318+0000] {logging_mixin.py:190} INFO - [2026-05-07T22:46:12.317+0000] {dag.py:4180} INFO - Setting next_dagrun for kafka_to_s3 to 2026-05-07 00:00:00+00:00, run_after=2026-05-08 00:00:00+00:00
[2026-05-07T22:46:12.353+0000] {processor.py:208} INFO - Processing /opt/airflow/dags/main.py took 0.364 seconds
[2026-05-07T22:46:43.030+0000] {processor.py:186} INFO - Started process (PID=3246) to work on /opt/airflow/dags/main.py
[2026-05-07T22:46:43.033+0000] {processor.py:914} INFO - Processing file /opt/airflow/dags/main.py for tasks to queue
[2026-05-07T22:46:43.040+0000] {logging_mixin.py:190} INFO - [2026-05-07T22:46:43.039+0000] {dagbag.py:588} INFO - Filling up the DagBag from /opt/airflow/dags/main.py
[2026-05-07T22:46:43.217+0000] {processor.py:925} INFO - DAG(s) 'kafka_to_s3' retrieved from /opt/airflow/dags/main.py
[2026-05-07T22:46:43.260+0000] {logging_mixin.py:190} INFO - [2026-05-07T22:46:43.260+0000] {dag.py:3239} INFO - Sync 1 DAGs
[2026-05-07T22:46:43.310+0000] {logging_mixin.py:190} INFO - [2026-05-07T22:46:43.310+0000] {dag.py:4180} INFO - Setting next_dagrun for kafka_to_s3 to 2026-05-07 00:00:00+00:00, run_after=2026-05-08 00:00:00+00:00
[2026-05-07T22:46:43.390+0000] {processor.py:208} INFO - Processing /opt/airflow/dags/main.py took 0.374 seconds
[2026-05-07T22:47:14.037+0000] {processor.py:186} INFO - Started process (PID=3253) to work on /opt/airflow/dags/main.py
[2026-05-07T22:47:14.038+0000] {processor.py:914} INFO - Processing file /opt/airflow/dags/main.py for tasks to queue
[2026-05-07T22:47:14.043+0000] {logging_mixin.py:190} INFO - [2026-05-07T22:47:14.042+0000] {dagbag.py:588} INFO - Filling up the DagBag from /opt/airflow/dags/main.py
[2026-05-07T22:47:14.201+0000] {processor.py:925} INFO - DAG(s) 'kafka_to_s3' retrieved from /opt/airflow/dags/main.py
[2026-05-07T22:47:14.240+0000] {logging_mixin.py:190} INFO - [2026-05-07T22:47:14.239+0000] {dag.py:3239} INFO - Sync 1 DAGs
[2026-05-07T22:47:14.274+0000] {logging_mixin.py:190} INFO - [2026-05-07T22:47:14.273+0000] {dag.py:4180} INFO - Setting next_dagrun for kafka_to_s3 to 2026-05-07 00:00:00+00:00, run_after=2026-05-08 00:00:00+00:00
[2026-05-07T22:47:14.307+0000] {processor.py:208} INFO - Processing /opt/airflow/dags/main.py took 0.282 seconds
[2026-05-07T22:47:44.991+0000] {processor.py:186} INFO - Started process (PID=3260) to work on /opt/airflow/dags/main.py
[2026-05-07T22:47:44.994+0000] {processor.py:914} INFO - Processing file /opt/airflow/dags/main.py for tasks to queue
[2026-05-07T22:47:44.999+0000] {logging_mixin.py:190} INFO - [2026-05-07T22:47:44.998+0000] {dagbag.py:588} INFO - Filling up the DagBag from /opt/airflow/dags/main.py
[2026-05-07T22:47:45.223+0000] {processor.py:925} INFO - DAG(s) 'kafka_to_s3' retrieved from /opt/airflow/dags/main.py
[2026-05-07T22:47:45.264+0000] {logging_mixin.py:190} INFO - [2026-05-07T22:47:45.264+0000] {dag.py:3239} INFO - Sync 1 DAGs
[2026-05-07T22:47:45.305+0000] {logging_mixin.py:190} INFO - [2026-05-07T22:47:45.305+0000] {dag.py:4180} INFO - Setting next_dagrun for kafka_to_s3 to 2026-05-07 00:00:00+00:00, run_after=2026-05-08 00:00:00+00:00
[2026-05-07T22:47:45.338+0000] {processor.py:208} INFO - Processing /opt/airflow/dags/main.py took 0.359 seconds
[2026-05-07T22:48:16.306+0000] {processor.py:186} INFO - Started process (PID=3267) to work on /opt/airflow/dags/main.py
[2026-05-07T22:48:16.309+0000] {processor.py:914} INFO - Processing file /opt/airflow/dags/main.py for tasks to queue
[2026-05-07T22:48:16.317+0000] {logging_mixin.py:190} INFO - [2026-05-07T22:48:16.316+0000] {dagbag.py:588} INFO - Filling up the DagBag from /opt/airflow/dags/main.py
[2026-05-07T22:48:16.617+0000] {processor.py:925} INFO - DAG(s) 'kafka_to_s3' retrieved from /opt/airflow/dags/main.py
[2026-05-07T22:48:16.654+0000] {logging_mixin.py:190} INFO - [2026-05-07T22:48:16.653+0000] {dag.py:3239} INFO - Sync 1 DAGs
[2026-05-07T22:48:16.694+0000] {logging_mixin.py:190} INFO - [2026-05-07T22:48:16.693+0000] {dag.py:4180} INFO - Setting next_dagrun for kafka_to_s3 to 2026-05-07 00:00:00+00:00, run_after=2026-05-08 00:00:00+00:00
[2026-05-07T22:48:16.729+0000] {processor.py:208} INFO - Processing /opt/airflow/dags/main.py took 0.440 seconds
[2026-05-07T22:48:47.171+0000] {processor.py:186} INFO - Started process (PID=3274) to work on /opt/airflow/dags/main.py
[2026-05-07T22:48:47.173+0000] {processor.py:914} INFO - Processing file /opt/airflow/dags/main.py for tasks to queue
[2026-05-07T22:48:47.176+0000] {logging_mixin.py:190} INFO - [2026-05-07T22:48:47.176+0000] {dagbag.py:588} INFO - Filling up the DagBag from /opt/airflow/dags/main.py
[2026-05-07T22:48:47.339+0000] {processor.py:925} INFO - DAG(s) 'kafka_to_s3' retrieved from /opt/airflow/dags/main.py
[2026-05-07T22:48:47.378+0000] {logging_mixin.py:190} INFO - [2026-05-07T22:48:47.377+0000] {dag.py:3239} INFO - Sync 1 DAGs
[2026-05-07T22:48:47.410+0000] {logging_mixin.py:190} INFO - [2026-05-07T22:48:47.410+0000] {dag.py:4180} INFO - Setting next_dagrun for kafka_to_s3 to 2026-05-07 00:00:00+00:00, run_after=2026-05-08 00:00:00+00:00
[2026-05-07T22:48:47.444+0000] {processor.py:208} INFO - Processing /opt/airflow/dags/main.py took 0.281 seconds
[2026-05-07T22:48:50.667+0000] {processor.py:186} INFO - Started process (PID=3275) to work on /opt/airflow/dags/main.py
[2026-05-07T22:48:50.669+0000] {processor.py:914} INFO - Processing file /opt/airflow/dags/main.py for tasks to queue
[2026-05-07T22:48:50.676+0000] {logging_mixin.py:190} INFO - [2026-05-07T22:48:50.675+0000] {dagbag.py:588} INFO - Filling up the DagBag from /opt/airflow/dags/main.py
[2026-05-07T22:48:51.504+0000] {processor.py:925} INFO - DAG(s) 'kafka_to_s3' retrieved from /opt/airflow/dags/main.py
[2026-05-07T22:48:52.870+0000] {logging_mixin.py:190} INFO - [2026-05-07T22:48:52.870+0000] {dag.py:3239} INFO - Sync 1 DAGs
[2026-05-07T22:48:52.944+0000] {logging_mixin.py:190} INFO - [2026-05-07T22:48:52.944+0000] {dag.py:4180} INFO - Setting next_dagrun for kafka_to_s3 to 2026-05-07 00:00:00+00:00, run_after=2026-05-08 00:00:00+00:00
[2026-05-07T22:48:53.007+0000] {processor.py:208} INFO - Processing /opt/airflow/dags/main.py took 2.356 seconds
[2026-05-07T22:49:23.526+0000] {processor.py:186} INFO - Started process (PID=3282) to work on /opt/airflow/dags/main.py
[2026-05-07T22:49:23.535+0000] {processor.py:914} INFO - Processing file /opt/airflow/dags/main.py for tasks to queue
[2026-05-07T22:49:23.564+0000] {logging_mixin.py:190} INFO - [2026-05-07T22:49:23.563+0000] {dagbag.py:588} INFO - Filling up the DagBag from /opt/airflow/dags/main.py
[2026-05-07T22:49:23.892+0000] {processor.py:925} INFO - DAG(s) 'kafka_to_s3' retrieved from /opt/airflow/dags/main.py
[2026-05-07T22:49:23.967+0000] {logging_mixin.py:190} INFO - [2026-05-07T22:49:23.967+0000] {dag.py:3239} INFO - Sync 1 DAGs
[2026-05-07T22:49:24.030+0000] {logging_mixin.py:190} INFO - [2026-05-07T22:49:24.029+0000] {dag.py:4180} INFO - Setting next_dagrun for kafka_to_s3 to 2026-05-07 00:00:00+00:00, run_after=2026-05-08 00:00:00+00:00
[2026-05-07T22:49:24.069+0000] {processor.py:208} INFO - Processing /opt/airflow/dags/main.py took 0.577 seconds
[2026-05-07T22:49:54.865+0000] {processor.py:186} INFO - Started process (PID=3289) to work on /opt/airflow/dags/main.py
[2026-05-07T22:49:54.870+0000] {processor.py:914} INFO - Processing file /opt/airflow/dags/main.py for tasks to queue
[2026-05-07T22:49:54.885+0000] {logging_mixin.py:190} INFO - [2026-05-07T22:49:54.884+0000] {dagbag.py:588} INFO - Filling up the DagBag from /opt/airflow/dags/main.py
[2026-05-07T22:49:55.255+0000] {processor.py:925} INFO - DAG(s) 'kafka_to_s3' retrieved from /opt/airflow/dags/main.py
[2026-05-07T22:49:55.376+0000] {logging_mixin.py:190} INFO - [2026-05-07T22:49:55.376+0000] {dag.py:3239} INFO - Sync 1 DAGs
[2026-05-07T22:49:55.409+0000] {logging_mixin.py:190} INFO - [2026-05-07T22:49:55.409+0000] {dag.py:4180} INFO - Setting next_dagrun for kafka_to_s3 to 2026-05-07 00:00:00+00:00, run_after=2026-05-08 00:00:00+00:00
[2026-05-07T22:49:55.438+0000] {processor.py:208} INFO - Processing /opt/airflow/dags/main.py took 0.605 seconds
[2026-05-07T22:50:26.024+0000] {processor.py:186} INFO - Started process (PID=3296) to work on /opt/airflow/dags/main.py
[2026-05-07T22:50:26.027+0000] {processor.py:914} INFO - Processing file /opt/airflow/dags/main.py for tasks to queue
[2026-05-07T22:50:26.037+0000] {logging_mixin.py:190} INFO - [2026-05-07T22:50:26.036+0000] {dagbag.py:588} INFO - Filling up the DagBag from /opt/airflow/dags/main.py
[2026-05-07T22:50:26.353+0000] {processor.py:925} INFO - DAG(s) 'kafka_to_s3' retrieved from /opt/airflow/dags/main.py
[2026-05-07T22:50:26.396+0000] {logging_mixin.py:190} INFO - [2026-05-07T22:50:26.396+0000] {dag.py:3239} INFO - Sync 1 DAGs
[2026-05-07T22:50:26.435+0000] {logging_mixin.py:190} INFO - [2026-05-07T22:50:26.434+0000] {dag.py:4180} INFO - Setting next_dagrun for kafka_to_s3 to 2026-05-07 00:00:00+00:00, run_after=2026-05-08 00:00:00+00:00
[2026-05-07T22:50:26.465+0000] {processor.py:208} INFO - Processing /opt/airflow/dags/main.py took 0.460 seconds
[2026-05-07T22:50:57.108+0000] {processor.py:186} INFO - Started process (PID=3303) to work on /opt/airflow/dags/main.py
[2026-05-07T22:50:57.110+0000] {processor.py:914} INFO - Processing file /opt/airflow/dags/main.py for tasks to queue
[2026-05-07T22:50:57.115+0000] {logging_mixin.py:190} INFO - [2026-05-07T22:50:57.114+0000] {dagbag.py:588} INFO - Filling up the DagBag from /opt/airflow/dags/main.py
[2026-05-07T22:50:57.295+0000] {processor.py:925} INFO - DAG(s) 'kafka_to_s3' retrieved from /opt/airflow/dags/main.py
[2026-05-07T22:50:57.328+0000] {logging_mixin.py:190} INFO - [2026-05-07T22:50:57.327+0000] {dag.py:3239} INFO - Sync 1 DAGs
[2026-05-07T22:50:57.362+0000] {logging_mixin.py:190} INFO - [2026-05-07T22:50:57.361+0000] {dag.py:4180} INFO - Setting next_dagrun for kafka_to_s3 to 2026-05-07 00:00:00+00:00, run_after=2026-05-08 00:00:00+00:00
[2026-05-07T22:50:57.389+0000] {processor.py:208} INFO - Processing /opt/airflow/dags/main.py took 0.291 seconds
[2026-05-07T22:51:28.093+0000] {processor.py:186} INFO - Started process (PID=3310) to work on /opt/airflow/dags/main.py
[2026-05-07T22:51:28.095+0000] {processor.py:914} INFO - Processing file /opt/airflow/dags/main.py for tasks to queue
[2026-05-07T22:51:28.098+0000] {logging_mixin.py:190} INFO - [2026-05-07T22:51:28.098+0000] {dagbag.py:588} INFO - Filling up the DagBag from /opt/airflow/dags/main.py
[2026-05-07T22:51:28.269+0000] {processor.py:925} INFO - DAG(s) 'kafka_to_s3' retrieved from /opt/airflow/dags/main.py
[2026-05-07T22:51:28.310+0000] {logging_mixin.py:190} INFO - [2026-05-07T22:51:28.310+0000] {dag.py:3239} INFO - Sync 1 DAGs
[2026-05-07T22:51:28.343+0000] {logging_mixin.py:190} INFO - [2026-05-07T22:51:28.343+0000] {dag.py:4180} INFO - Setting next_dagrun for kafka_to_s3 to 2026-05-07 00:00:00+00:00, run_after=2026-05-08 00:00:00+00:00
[2026-05-07T22:51:28.380+0000] {processor.py:208} INFO - Processing /opt/airflow/dags/main.py took 0.296 seconds
[2026-05-07T22:51:59.282+0000] {processor.py:186} INFO - Started process (PID=3317) to work on /opt/airflow/dags/main.py
[2026-05-07T22:51:59.284+0000] {processor.py:914} INFO - Processing file /opt/airflow/dags/main.py for tasks to queue
[2026-05-07T22:51:59.288+0000] {logging_mixin.py:190} INFO - [2026-05-07T22:51:59.287+0000] {dagbag.py:588} INFO - Filling up the DagBag from /opt/airflow/dags/main.py
[2026-05-07T22:51:59.497+0000] {processor.py:925} INFO - DAG(s) 'kafka_to_s3' retrieved from /opt/airflow/dags/main.py
[2026-05-07T22:51:59.533+0000] {logging_mixin.py:190} INFO - [2026-05-07T22:51:59.532+0000] {dag.py:3239} INFO - Sync 1 DAGs
[2026-05-07T22:51:59.565+0000] {logging_mixin.py:190} INFO - [2026-05-07T22:51:59.565+0000] {dag.py:4180} INFO - Setting next_dagrun for kafka_to_s3 to 2026-05-07 00:00:00+00:00, run_after=2026-05-08 00:00:00+00:00
[2026-05-07T22:51:59.598+0000] {processor.py:208} INFO - Processing /opt/airflow/dags/main.py took 0.332 seconds
[2026-05-07T22:52:30.223+0000] {processor.py:186} INFO - Started process (PID=3323) to work on /opt/airflow/dags/main.py
[2026-05-07T22:52:30.225+0000] {processor.py:914} INFO - Processing file /opt/airflow/dags/main.py for tasks to queue
[2026-05-07T22:52:30.229+0000] {logging_mixin.py:190} INFO - [2026-05-07T22:52:30.229+0000] {dagbag.py:588} INFO - Filling up the DagBag from /opt/airflow/dags/main.py
[2026-05-07T22:52:30.412+0000] {processor.py:925} INFO - DAG(s) 'kafka_to_s3' retrieved from /opt/airflow/dags/main.py
[2026-05-07T22:52:30.445+0000] {logging_mixin.py:190} INFO - [2026-05-07T22:52:30.445+0000] {dag.py:3239} INFO - Sync 1 DAGs
[2026-05-07T22:52:30.475+0000] {logging_mixin.py:190} INFO - [2026-05-07T22:52:30.474+0000] {dag.py:4180} INFO - Setting next_dagrun for kafka_to_s3 to 2026-05-07 00:00:00+00:00, run_after=2026-05-08 00:00:00+00:00
[2026-05-07T22:52:30.503+0000] {processor.py:208} INFO - Processing /opt/airflow/dags/main.py took 0.292 seconds
[2026-05-07T22:53:01.049+0000] {processor.py:186} INFO - Started process (PID=3330) to work on /opt/airflow/dags/main.py
[2026-05-07T22:53:01.051+0000] {processor.py:914} INFO - Processing file /opt/airflow/dags/main.py for tasks to queue
[2026-05-07T22:53:01.055+0000] {logging_mixin.py:190} INFO - [2026-05-07T22:53:01.055+0000] {dagbag.py:588} INFO - Filling up the DagBag from /opt/airflow/dags/main.py
[2026-05-07T22:53:01.222+0000] {processor.py:925} INFO - DAG(s) 'kafka_to_s3' retrieved from /opt/airflow/dags/main.py
[2026-05-07T22:53:01.258+0000] {logging_mixin.py:190} INFO - [2026-05-07T22:53:01.258+0000] {dag.py:3239} INFO - Sync 1 DAGs
[2026-05-07T22:53:01.289+0000] {logging_mixin.py:190} INFO - [2026-05-07T22:53:01.289+0000] {dag.py:4180} INFO - Setting next_dagrun for kafka_to_s3 to 2026-05-07 00:00:00+00:00, run_after=2026-05-08 00:00:00+00:00
[2026-05-07T22:53:01.318+0000] {processor.py:208} INFO - Processing /opt/airflow/dags/main.py took 0.276 seconds
[2026-05-07T22:53:32.049+0000] {processor.py:186} INFO - Started process (PID=3337) to work on /opt/airflow/dags/main.py
[2026-05-07T22:53:32.051+0000] {processor.py:914} INFO - Processing file /opt/airflow/dags/main.py for tasks to queue
[2026-05-07T22:53:32.055+0000] {logging_mixin.py:190} INFO - [2026-05-07T22:53:32.054+0000] {dagbag.py:588} INFO - Filling up the DagBag from /opt/airflow/dags/main.py
[2026-05-07T22:53:32.234+0000] {processor.py:925} INFO - DAG(s) 'kafka_to_s3' retrieved from /opt/airflow/dags/main.py
[2026-05-07T22:53:32.280+0000] {logging_mixin.py:190} INFO - [2026-05-07T22:53:32.279+0000] {dag.py:3239} INFO - Sync 1 DAGs
[2026-05-07T22:53:32.333+0000] {logging_mixin.py:190} INFO - [2026-05-07T22:53:32.332+0000] {dag.py:4180} INFO - Setting next_dagrun for kafka_to_s3 to 2026-05-07 00:00:00+00:00, run_after=2026-05-08 00:00:00+00:00
[2026-05-07T22:53:32.364+0000] {processor.py:208} INFO - Processing /opt/airflow/dags/main.py took 0.323 seconds
[2026-05-07T22:54:02.710+0000] {processor.py:186} INFO - Started process (PID=3344) to work on /opt/airflow/dags/main.py
[2026-05-07T22:54:02.712+0000] {processor.py:914} INFO - Processing file /opt/airflow/dags/main.py for tasks to queue
[2026-05-07T22:54:02.717+0000] {logging_mixin.py:190} INFO - [2026-05-07T22:54:02.716+0000] {dagbag.py:588} INFO - Filling up the DagBag from /opt/airflow/dags/main.py
[2026-05-07T22:54:02.920+0000] {processor.py:925} INFO - DAG(s) 'kafka_to_s3' retrieved from /opt/airflow/dags/main.py
[2026-05-07T22:54:02.956+0000] {logging_mixin.py:190} INFO - [2026-05-07T22:54:02.956+0000] {dag.py:3239} INFO - Sync 1 DAGs
[2026-05-07T22:54:02.989+0000] {logging_mixin.py:190} INFO - [2026-05-07T22:54:02.989+0000] {dag.py:4180} INFO - Setting next_dagrun for kafka_to_s3 to 2026-05-07 00:00:00+00:00, run_after=2026-05-08 00:00:00+00:00
[2026-05-07T22:54:03.021+0000] {processor.py:208} INFO - Processing /opt/airflow/dags/main.py took 0.321 seconds
[2026-05-07T22:54:34.090+0000] {processor.py:186} INFO - Started process (PID=3351) to work on /opt/airflow/dags/main.py
[2026-05-07T22:54:34.092+0000] {processor.py:914} INFO - Processing file /opt/airflow/dags/main.py for tasks to queue
[2026-05-07T22:54:34.098+0000] {logging_mixin.py:190} INFO - [2026-05-07T22:54:34.097+0000] {dagbag.py:588} INFO - Filling up the DagBag from /opt/airflow/dags/main.py
[2026-05-07T22:54:34.408+0000] {processor.py:925} INFO - DAG(s) 'kafka_to_s3' retrieved from /opt/airflow/dags/main.py
[2026-05-07T22:54:34.450+0000] {logging_mixin.py:190} INFO - [2026-05-07T22:54:34.450+0000] {dag.py:3239} INFO - Sync 1 DAGs
[2026-05-07T22:54:34.495+0000] {logging_mixin.py:190} INFO - [2026-05-07T22:54:34.494+0000] {dag.py:4180} INFO - Setting next_dagrun for kafka_to_s3 to 2026-05-07 00:00:00+00:00, run_after=2026-05-08 00:00:00+00:00
[2026-05-07T22:54:34.521+0000] {processor.py:208} INFO - Processing /opt/airflow/dags/main.py took 0.445 seconds
[2026-05-07T22:55:04.942+0000] {processor.py:186} INFO - Started process (PID=3358) to work on /opt/airflow/dags/main.py
[2026-05-07T22:55:04.945+0000] {processor.py:914} INFO - Processing file /opt/airflow/dags/main.py for tasks to queue
[2026-05-07T22:55:04.949+0000] {logging_mixin.py:190} INFO - [2026-05-07T22:55:04.948+0000] {dagbag.py:588} INFO - Filling up the DagBag from /opt/airflow/dags/main.py
[2026-05-07T22:55:05.117+0000] {processor.py:925} INFO - DAG(s) 'kafka_to_s3' retrieved from /opt/airflow/dags/main.py
[2026-05-07T22:55:05.150+0000] {logging_mixin.py:190} INFO - [2026-05-07T22:55:05.150+0000] {dag.py:3239} INFO - Sync 1 DAGs
[2026-05-07T22:55:05.181+0000] {logging_mixin.py:190} INFO - [2026-05-07T22:55:05.181+0000] {dag.py:4180} INFO - Setting next_dagrun for kafka_to_s3 to 2026-05-07 00:00:00+00:00, run_after=2026-05-08 00:00:00+00:00
[2026-05-07T22:55:05.209+0000] {processor.py:208} INFO - Processing /opt/airflow/dags/main.py took 0.278 seconds
[2026-05-07T22:55:35.785+0000] {processor.py:186} INFO - Started process (PID=3365) to work on /opt/airflow/dags/main.py
[2026-05-07T22:55:35.787+0000] {processor.py:914} INFO - Processing file /opt/airflow/dags/main.py for tasks to queue
[2026-05-07T22:55:35.792+0000] {logging_mixin.py:190} INFO - [2026-05-07T22:55:35.791+0000] {dagbag.py:588} INFO - Filling up the DagBag from /opt/airflow/dags/main.py
[2026-05-07T22:55:36.035+0000] {processor.py:925} INFO - DAG(s) 'kafka_to_s3' retrieved from /opt/airflow/dags/main.py
[2026-05-07T22:55:36.076+0000] {logging_mixin.py:190} INFO - [2026-05-07T22:55:36.076+0000] {dag.py:3239} INFO - Sync 1 DAGs
[2026-05-07T22:55:36.130+0000] {logging_mixin.py:190} INFO - [2026-05-07T22:55:36.130+0000] {dag.py:4180} INFO - Setting next_dagrun for kafka_to_s3 to 2026-05-07 00:00:00+00:00, run_after=2026-05-08 00:00:00+00:00
[2026-05-07T22:55:36.159+0000] {processor.py:208} INFO - Processing /opt/airflow/dags/main.py took 0.391 seconds
[2026-05-07T22:56:07.029+0000] {processor.py:186} INFO - Started process (PID=3372) to work on /opt/airflow/dags/main.py
[2026-05-07T22:56:07.032+0000] {processor.py:914} INFO - Processing file /opt/airflow/dags/main.py for tasks to queue
[2026-05-07T22:56:07.040+0000] {logging_mixin.py:190} INFO - [2026-05-07T22:56:07.039+0000] {dagbag.py:588} INFO - Filling up the DagBag from /opt/airflow/dags/main.py
[2026-05-07T22:56:07.220+0000] {processor.py:925} INFO - DAG(s) 'kafka_to_s3' retrieved from /opt/airflow/dags/main.py
[2026-05-07T22:56:07.252+0000] {logging_mixin.py:190} INFO - [2026-05-07T22:56:07.252+0000] {dag.py:3239} INFO - Sync 1 DAGs
[2026-05-07T22:56:07.281+0000] {logging_mixin.py:190} INFO - [2026-05-07T22:56:07.280+0000] {dag.py:4180} INFO - Setting next_dagrun for kafka_to_s3 to 2026-05-07 00:00:00+00:00, run_after=2026-05-08 00:00:00+00:00
[2026-05-07T22:56:07.307+0000] {processor.py:208} INFO - Processing /opt/airflow/dags/main.py took 0.299 seconds
[2026-05-07T22:56:38.022+0000] {processor.py:186} INFO - Started process (PID=3379) to work on /opt/airflow/dags/main.py
[2026-05-07T22:56:38.024+0000] {processor.py:914} INFO - Processing file /opt/airflow/dags/main.py for tasks to queue
[2026-05-07T22:56:38.028+0000] {logging_mixin.py:190} INFO - [2026-05-07T22:56:38.028+0000] {dagbag.py:588} INFO - Filling up the DagBag from /opt/airflow/dags/main.py
[2026-05-07T22:56:38.255+0000] {processor.py:925} INFO - DAG(s) 'kafka_to_s3' retrieved from /opt/airflow/dags/main.py
[2026-05-07T22:56:38.288+0000] {logging_mixin.py:190} INFO - [2026-05-07T22:56:38.287+0000] {dag.py:3239} INFO - Sync 1 DAGs
[2026-05-07T22:56:38.316+0000] {logging_mixin.py:190} INFO - [2026-05-07T22:56:38.316+0000] {dag.py:4180} INFO - Setting next_dagrun for kafka_to_s3 to 2026-05-07 00:00:00+00:00, run_after=2026-05-08 00:00:00+00:00
[2026-05-07T22:56:38.342+0000] {processor.py:208} INFO - Processing /opt/airflow/dags/main.py took 0.328 seconds
[2026-05-07T22:57:03.891+0000] {processor.py:186} INFO - Started process (PID=3385) to work on /opt/airflow/dags/main.py
[2026-05-07T22:57:03.893+0000] {processor.py:914} INFO - Processing file /opt/airflow/dags/main.py for tasks to queue
[2026-05-07T22:57:03.898+0000] {logging_mixin.py:190} INFO - [2026-05-07T22:57:03.897+0000] {dagbag.py:588} INFO - Filling up the DagBag from /opt/airflow/dags/main.py
[2026-05-07T22:57:04.266+0000] {processor.py:925} INFO - DAG(s) 'kafka_to_s3' retrieved from /opt/airflow/dags/main.py
[2026-05-07T22:57:04.486+0000] {logging_mixin.py:190} INFO - [2026-05-07T22:57:04.486+0000] {dag.py:3239} INFO - Sync 1 DAGs
[2026-05-07T22:57:04.529+0000] {logging_mixin.py:190} INFO - [2026-05-07T22:57:04.529+0000] {dag.py:4180} INFO - Setting next_dagrun for kafka_to_s3 to 2026-05-07 00:00:00+00:00, run_after=2026-05-08 00:00:00+00:00
[2026-05-07T22:57:04.575+0000] {processor.py:208} INFO - Processing /opt/airflow/dags/main.py took 0.700 seconds
[2026-05-07T22:57:35.535+0000] {processor.py:186} INFO - Started process (PID=3392) to work on /opt/airflow/dags/main.py
[2026-05-07T22:57:35.541+0000] {processor.py:914} INFO - Processing file /opt/airflow/dags/main.py for tasks to queue
[2026-05-07T22:57:35.546+0000] {logging_mixin.py:190} INFO - [2026-05-07T22:57:35.545+0000] {dagbag.py:588} INFO - Filling up the DagBag from /opt/airflow/dags/main.py
[2026-05-07T22:57:35.844+0000] {processor.py:925} INFO - DAG(s) 'kafka_to_s3' retrieved from /opt/airflow/dags/main.py
[2026-05-07T22:57:35.907+0000] {logging_mixin.py:190} INFO - [2026-05-07T22:57:35.906+0000] {dag.py:3239} INFO - Sync 1 DAGs
[2026-05-07T22:57:35.951+0000] {logging_mixin.py:190} INFO - [2026-05-07T22:57:35.951+0000] {dag.py:4180} INFO - Setting next_dagrun for kafka_to_s3 to 2026-05-07 00:00:00+00:00, run_after=2026-05-08 00:00:00+00:00
[2026-05-07T22:57:35.981+0000] {processor.py:208} INFO - Processing /opt/airflow/dags/main.py took 0.462 seconds
[2026-05-07T22:58:06.647+0000] {processor.py:186} INFO - Started process (PID=3398) to work on /opt/airflow/dags/main.py
[2026-05-07T22:58:06.649+0000] {processor.py:914} INFO - Processing file /opt/airflow/dags/main.py for tasks to queue
[2026-05-07T22:58:06.653+0000] {logging_mixin.py:190} INFO - [2026-05-07T22:58:06.652+0000] {dagbag.py:588} INFO - Filling up the DagBag from /opt/airflow/dags/main.py
[2026-05-07T22:58:06.857+0000] {processor.py:925} INFO - DAG(s) 'kafka_to_s3' retrieved from /opt/airflow/dags/main.py
[2026-05-07T22:58:06.896+0000] {logging_mixin.py:190} INFO - [2026-05-07T22:58:06.896+0000] {dag.py:3239} INFO - Sync 1 DAGs
[2026-05-07T22:58:06.933+0000] {logging_mixin.py:190} INFO - [2026-05-07T22:58:06.932+0000] {dag.py:4180} INFO - Setting next_dagrun for kafka_to_s3 to 2026-05-07 00:00:00+00:00, run_after=2026-05-08 00:00:00+00:00
[2026-05-07T22:58:06.961+0000] {processor.py:208} INFO - Processing /opt/airflow/dags/main.py took 0.323 seconds
[2026-05-07T22:58:38.663+0000] {processor.py:186} INFO - Started process (PID=3405) to work on /opt/airflow/dags/main.py
[2026-05-07T22:58:38.665+0000] {processor.py:914} INFO - Processing file /opt/airflow/dags/main.py for tasks to queue
[2026-05-07T22:58:38.672+0000] {logging_mixin.py:190} INFO - [2026-05-07T22:58:38.671+0000] {dagbag.py:588} INFO - Filling up the DagBag from /opt/airflow/dags/main.py
[2026-05-07T22:58:38.937+0000] {processor.py:925} INFO - DAG(s) 'kafka_to_s3' retrieved from /opt/airflow/dags/main.py
[2026-05-07T22:58:38.979+0000] {logging_mixin.py:190} INFO - [2026-05-07T22:58:38.978+0000] {dag.py:3239} INFO - Sync 1 DAGs
[2026-05-07T22:58:39.015+0000] {logging_mixin.py:190} INFO - [2026-05-07T22:58:39.014+0000] {dag.py:4180} INFO - Setting next_dagrun for kafka_to_s3 to 2026-05-07 00:00:00+00:00, run_after=2026-05-08 00:00:00+00:00
[2026-05-07T22:58:39.042+0000] {processor.py:208} INFO - Processing /opt/airflow/dags/main.py took 0.408 seconds
[2026-05-07T22:59:09.614+0000] {processor.py:186} INFO - Started process (PID=3412) to work on /opt/airflow/dags/main.py
[2026-05-07T22:59:09.617+0000] {processor.py:914} INFO - Processing file /opt/airflow/dags/main.py for tasks to queue
[2026-05-07T22:59:09.625+0000] {logging_mixin.py:190} INFO - [2026-05-07T22:59:09.624+0000] {dagbag.py:588} INFO - Filling up the DagBag from /opt/airflow/dags/main.py
[2026-05-07T22:59:09.815+0000] {processor.py:925} INFO - DAG(s) 'kafka_to_s3' retrieved from /opt/airflow/dags/main.py
[2026-05-07T22:59:09.848+0000] {logging_mixin.py:190} INFO - [2026-05-07T22:59:09.848+0000] {dag.py:3239} INFO - Sync 1 DAGs
[2026-05-07T22:59:09.877+0000] {logging_mixin.py:190} INFO - [2026-05-07T22:59:09.877+0000] {dag.py:4180} INFO - Setting next_dagrun for kafka_to_s3 to 2026-05-07 00:00:00+00:00, run_after=2026-05-08 00:00:00+00:00
[2026-05-07T22:59:09.901+0000] {processor.py:208} INFO - Processing /opt/airflow/dags/main.py took 0.299 seconds
[2026-05-07T22:59:40.792+0000] {processor.py:186} INFO - Started process (PID=3413) to work on /opt/airflow/dags/main.py
[2026-05-07T22:59:40.794+0000] {processor.py:914} INFO - Processing file /opt/airflow/dags/main.py for tasks to queue
[2026-05-07T22:59:40.801+0000] {logging_mixin.py:190} INFO - [2026-05-07T22:59:40.801+0000] {dagbag.py:588} INFO - Filling up the DagBag from /opt/airflow/dags/main.py
[2026-05-07T22:59:41.003+0000] {processor.py:925} INFO - DAG(s) 'kafka_to_s3' retrieved from /opt/airflow/dags/main.py
[2026-05-07T22:59:41.038+0000] {logging_mixin.py:190} INFO - [2026-05-07T22:59:41.038+0000] {dag.py:3239} INFO - Sync 1 DAGs
[2026-05-07T22:59:41.066+0000] {logging_mixin.py:190} INFO - [2026-05-07T22:59:41.065+0000] {dag.py:4180} INFO - Setting next_dagrun for kafka_to_s3 to 2026-05-07 00:00:00+00:00, run_after=2026-05-08 00:00:00+00:00
[2026-05-07T22:59:41.091+0000] {processor.py:208} INFO - Processing /opt/airflow/dags/main.py took 0.313 seconds
[2026-05-07T23:00:12.884+0000] {processor.py:186} INFO - Started process (PID=3425) to work on /opt/airflow/dags/main.py
[2026-05-07T23:00:12.886+0000] {processor.py:914} INFO - Processing file /opt/airflow/dags/main.py for tasks to queue
[2026-05-07T23:00:12.891+0000] {logging_mixin.py:190} INFO - [2026-05-07T23:00:12.891+0000] {dagbag.py:588} INFO - Filling up the DagBag from /opt/airflow/dags/main.py
[2026-05-07T23:00:13.123+0000] {processor.py:925} INFO - DAG(s) 'kafka_to_s3' retrieved from /opt/airflow/dags/main.py
[2026-05-07T23:00:13.165+0000] {logging_mixin.py:190} INFO - [2026-05-07T23:00:13.165+0000] {dag.py:3239} INFO - Sync 1 DAGs
[2026-05-07T23:00:13.210+0000] {logging_mixin.py:190} INFO - [2026-05-07T23:00:13.209+0000] {dag.py:4180} INFO - Setting next_dagrun for kafka_to_s3 to 2026-05-07 00:00:00+00:00, run_after=2026-05-08 00:00:00+00:00
[2026-05-07T23:00:13.243+0000] {processor.py:208} INFO - Processing /opt/airflow/dags/main.py took 0.370 seconds
[2026-05-07T23:00:43.859+0000] {processor.py:186} INFO - Started process (PID=3426) to work on /opt/airflow/dags/main.py
[2026-05-07T23:00:43.860+0000] {processor.py:914} INFO - Processing file /opt/airflow/dags/main.py for tasks to queue
[2026-05-07T23:00:43.865+0000] {logging_mixin.py:190} INFO - [2026-05-07T23:00:43.865+0000] {dagbag.py:588} INFO - Filling up the DagBag from /opt/airflow/dags/main.py
[2026-05-07T23:00:44.062+0000] {processor.py:925} INFO - DAG(s) 'kafka_to_s3' retrieved from /opt/airflow/dags/main.py
[2026-05-07T23:00:44.108+0000] {logging_mixin.py:190} INFO - [2026-05-07T23:00:44.108+0000] {dag.py:3239} INFO - Sync 1 DAGs
[2026-05-07T23:00:44.170+0000] {logging_mixin.py:190} INFO - [2026-05-07T23:00:44.166+0000] {dag.py:4180} INFO - Setting next_dagrun for kafka_to_s3 to 2026-05-07 00:00:00+00:00, run_after=2026-05-08 00:00:00+00:00
[2026-05-07T23:00:44.236+0000] {processor.py:208} INFO - Processing /opt/airflow/dags/main.py took 0.386 seconds
[2026-05-07T23:01:15.277+0000] {processor.py:186} INFO - Started process (PID=3433) to work on /opt/airflow/dags/main.py
[2026-05-07T23:01:15.279+0000] {processor.py:914} INFO - Processing file /opt/airflow/dags/main.py for tasks to queue
[2026-05-07T23:01:15.283+0000] {logging_mixin.py:190} INFO - [2026-05-07T23:01:15.283+0000] {dagbag.py:588} INFO - Filling up the DagBag from /opt/airflow/dags/main.py
[2026-05-07T23:01:15.476+0000] {processor.py:925} INFO - DAG(s) 'kafka_to_s3' retrieved from /opt/airflow/dags/main.py
[2026-05-07T23:01:15.517+0000] {logging_mixin.py:190} INFO - [2026-05-07T23:01:15.516+0000] {dag.py:3239} INFO - Sync 1 DAGs
[2026-05-07T23:01:15.549+0000] {logging_mixin.py:190} INFO - [2026-05-07T23:01:15.549+0000] {dag.py:4180} INFO - Setting next_dagrun for kafka_to_s3 to 2026-05-07 00:00:00+00:00, run_after=2026-05-08 00:00:00+00:00
[2026-05-07T23:01:15.578+0000] {processor.py:208} INFO - Processing /opt/airflow/dags/main.py took 0.313 seconds
[2026-05-07T23:01:46.758+0000] {processor.py:186} INFO - Started process (PID=3440) to work on /opt/airflow/dags/main.py
[2026-05-07T23:01:46.759+0000] {processor.py:914} INFO - Processing file /opt/airflow/dags/main.py for tasks to queue
[2026-05-07T23:01:46.763+0000] {logging_mixin.py:190} INFO - [2026-05-07T23:01:46.763+0000] {dagbag.py:588} INFO - Filling up the DagBag from /opt/airflow/dags/main.py
[2026-05-07T23:01:47.762+0000] {processor.py:925} INFO - DAG(s) 'kafka_to_s3' retrieved from /opt/airflow/dags/main.py
[2026-05-07T23:01:48.264+0000] {logging_mixin.py:190} INFO - [2026-05-07T23:01:48.264+0000] {dag.py:3239} INFO - Sync 1 DAGs
[2026-05-07T23:01:48.308+0000] {logging_mixin.py:190} INFO - [2026-05-07T23:01:48.307+0000] {dag.py:4180} INFO - Setting next_dagrun for kafka_to_s3 to 2026-05-07 00:00:00+00:00, run_after=2026-05-08 00:00:00+00:00
[2026-05-07T23:01:48.352+0000] {processor.py:208} INFO - Processing /opt/airflow/dags/main.py took 1.606 seconds
[2026-05-07T23:02:19.244+0000] {processor.py:186} INFO - Started process (PID=3453) to work on /opt/airflow/dags/main.py
[2026-05-07T23:02:19.245+0000] {processor.py:914} INFO - Processing file /opt/airflow/dags/main.py for tasks to queue
[2026-05-07T23:02:19.249+0000] {logging_mixin.py:190} INFO - [2026-05-07T23:02:19.248+0000] {dagbag.py:588} INFO - Filling up the DagBag from /opt/airflow/dags/main.py
[2026-05-07T23:02:19.433+0000] {processor.py:925} INFO - DAG(s) 'kafka_to_s3' retrieved from /opt/airflow/dags/main.py
[2026-05-07T23:02:19.466+0000] {logging_mixin.py:190} INFO - [2026-05-07T23:02:19.466+0000] {dag.py:3239} INFO - Sync 1 DAGs
[2026-05-07T23:02:19.501+0000] {logging_mixin.py:190} INFO - [2026-05-07T23:02:19.501+0000] {dag.py:4180} INFO - Setting next_dagrun for kafka_to_s3 to 2026-05-07 00:00:00+00:00, run_after=2026-05-08 00:00:00+00:00
[2026-05-07T23:02:19.540+0000] {processor.py:208} INFO - Processing /opt/airflow/dags/main.py took 0.305 seconds
[2026-05-07T23:02:50.047+0000] {processor.py:186} INFO - Started process (PID=3454) to work on /opt/airflow/dags/main.py
[2026-05-07T23:02:50.048+0000] {processor.py:914} INFO - Processing file /opt/airflow/dags/main.py for tasks to queue
[2026-05-07T23:02:50.052+0000] {logging_mixin.py:190} INFO - [2026-05-07T23:02:50.052+0000] {dagbag.py:588} INFO - Filling up the DagBag from /opt/airflow/dags/main.py
[2026-05-07T23:02:50.254+0000] {processor.py:925} INFO - DAG(s) 'kafka_to_s3' retrieved from /opt/airflow/dags/main.py
[2026-05-07T23:02:50.301+0000] {logging_mixin.py:190} INFO - [2026-05-07T23:02:50.300+0000] {dag.py:3239} INFO - Sync 1 DAGs
[2026-05-07T23:02:50.340+0000] {logging_mixin.py:190} INFO - [2026-05-07T23:02:50.340+0000] {dag.py:4180} INFO - Setting next_dagrun for kafka_to_s3 to 2026-05-07 00:00:00+00:00, run_after=2026-05-08 00:00:00+00:00
[2026-05-07T23:02:50.372+0000] {processor.py:208} INFO - Processing /opt/airflow/dags/main.py took 0.334 seconds
[2026-05-07T23:03:21.201+0000] {processor.py:186} INFO - Started process (PID=3461) to work on /opt/airflow/dags/main.py
[2026-05-07T23:03:21.204+0000] {processor.py:914} INFO - Processing file /opt/airflow/dags/main.py for tasks to queue
[2026-05-07T23:03:21.208+0000] {logging_mixin.py:190} INFO - [2026-05-07T23:03:21.207+0000] {dagbag.py:588} INFO - Filling up the DagBag from /opt/airflow/dags/main.py
[2026-05-07T23:03:21.410+0000] {processor.py:925} INFO - DAG(s) 'kafka_to_s3' retrieved from /opt/airflow/dags/main.py
[2026-05-07T23:03:21.446+0000] {logging_mixin.py:190} INFO - [2026-05-07T23:03:21.446+0000] {dag.py:3239} INFO - Sync 1 DAGs
[2026-05-07T23:03:21.477+0000] {logging_mixin.py:190} INFO - [2026-05-07T23:03:21.477+0000] {dag.py:4180} INFO - Setting next_dagrun for kafka_to_s3 to 2026-05-07 00:00:00+00:00, run_after=2026-05-08 00:00:00+00:00
[2026-05-07T23:03:21.508+0000] {processor.py:208} INFO - Processing /opt/airflow/dags/main.py took 0.318 seconds
[2026-05-07T23:03:52.527+0000] {processor.py:186} INFO - Started process (PID=3468) to work on /opt/airflow/dags/main.py
[2026-05-07T23:03:52.529+0000] {processor.py:914} INFO - Processing file /opt/airflow/dags/main.py for tasks to queue
[2026-05-07T23:03:52.534+0000] {logging_mixin.py:190} INFO - [2026-05-07T23:03:52.533+0000] {dagbag.py:588} INFO - Filling up the DagBag from /opt/airflow/dags/main.py
[2026-05-07T23:03:52.728+0000] {processor.py:925} INFO - DAG(s) 'kafka_to_s3' retrieved from /opt/airflow/dags/main.py
[2026-05-07T23:03:52.759+0000] {logging_mixin.py:190} INFO - [2026-05-07T23:03:52.759+0000] {dag.py:3239} INFO - Sync 1 DAGs
[2026-05-07T23:03:52.797+0000] {logging_mixin.py:190} INFO - [2026-05-07T23:03:52.797+0000] {dag.py:4180} INFO - Setting next_dagrun for kafka_to_s3 to 2026-05-07 00:00:00+00:00, run_after=2026-05-08 00:00:00+00:00
[2026-05-07T23:03:52.828+0000] {processor.py:208} INFO - Processing /opt/airflow/dags/main.py took 0.317 seconds
[2026-05-07T23:04:19.072+0000] {processor.py:186} INFO - Started process (PID=3475) to work on /opt/airflow/dags/main.py
[2026-05-07T23:04:19.074+0000] {processor.py:914} INFO - Processing file /opt/airflow/dags/main.py for tasks to queue
[2026-05-07T23:04:19.078+0000] {logging_mixin.py:190} INFO - [2026-05-07T23:04:19.077+0000] {dagbag.py:588} INFO - Filling up the DagBag from /opt/airflow/dags/main.py
[2026-05-07T23:04:19.348+0000] {processor.py:925} INFO - DAG(s) 'kafka_to_s3' retrieved from /opt/airflow/dags/main.py
[2026-05-07T23:04:19.571+0000] {logging_mixin.py:190} INFO - [2026-05-07T23:04:19.571+0000] {dag.py:3239} INFO - Sync 1 DAGs
[2026-05-07T23:04:19.616+0000] {logging_mixin.py:190} INFO - [2026-05-07T23:04:19.615+0000] {dag.py:4180} INFO - Setting next_dagrun for kafka_to_s3 to 2026-05-07 00:00:00+00:00, run_after=2026-05-08 00:00:00+00:00
[2026-05-07T23:04:19.653+0000] {processor.py:208} INFO - Processing /opt/airflow/dags/main.py took 0.593 seconds
[2026-05-07T23:04:50.011+0000] {processor.py:186} INFO - Started process (PID=3482) to work on /opt/airflow/dags/main.py
[2026-05-07T23:04:50.014+0000] {processor.py:914} INFO - Processing file /opt/airflow/dags/main.py for tasks to queue
[2026-05-07T23:04:50.019+0000] {logging_mixin.py:190} INFO - [2026-05-07T23:04:50.018+0000] {dagbag.py:588} INFO - Filling up the DagBag from /opt/airflow/dags/main.py
[2026-05-07T23:04:50.295+0000] {processor.py:925} INFO - DAG(s) 'kafka_to_s3' retrieved from /opt/airflow/dags/main.py
[2026-05-07T23:04:50.343+0000] {logging_mixin.py:190} INFO - [2026-05-07T23:04:50.342+0000] {dag.py:3239} INFO - Sync 1 DAGs
[2026-05-07T23:04:50.378+0000] {logging_mixin.py:190} INFO - [2026-05-07T23:04:50.378+0000] {dag.py:4180} INFO - Setting next_dagrun for kafka_to_s3 to 2026-05-07 00:00:00+00:00, run_after=2026-05-08 00:00:00+00:00
[2026-05-07T23:04:50.410+0000] {processor.py:208} INFO - Processing /opt/airflow/dags/main.py took 0.410 seconds
[2026-05-07T23:05:20.931+0000] {processor.py:186} INFO - Started process (PID=3489) to work on /opt/airflow/dags/main.py
[2026-05-07T23:05:20.935+0000] {processor.py:914} INFO - Processing file /opt/airflow/dags/main.py for tasks to queue
[2026-05-07T23:05:20.943+0000] {logging_mixin.py:190} INFO - [2026-05-07T23:05:20.941+0000] {dagbag.py:588} INFO - Filling up the DagBag from /opt/airflow/dags/main.py
[2026-05-07T23:05:21.452+0000] {processor.py:925} INFO - DAG(s) 'kafka_to_s3' retrieved from /opt/airflow/dags/main.py
[2026-05-07T23:05:21.499+0000] {logging_mixin.py:190} INFO - [2026-05-07T23:05:21.499+0000] {dag.py:3239} INFO - Sync 1 DAGs
[2026-05-07T23:05:21.557+0000] {logging_mixin.py:190} INFO - [2026-05-07T23:05:21.557+0000] {dag.py:4180} INFO - Setting next_dagrun for kafka_to_s3 to 2026-05-07 00:00:00+00:00, run_after=2026-05-08 00:00:00+00:00
[2026-05-07T23:05:21.598+0000] {processor.py:208} INFO - Processing /opt/airflow/dags/main.py took 0.687 seconds
[2026-05-07T23:05:52.664+0000] {processor.py:186} INFO - Started process (PID=3496) to work on /opt/airflow/dags/main.py
[2026-05-07T23:05:52.667+0000] {processor.py:914} INFO - Processing file /opt/airflow/dags/main.py for tasks to queue
[2026-05-07T23:05:52.676+0000] {logging_mixin.py:190} INFO - [2026-05-07T23:05:52.675+0000] {dagbag.py:588} INFO - Filling up the DagBag from /opt/airflow/dags/main.py
[2026-05-07T23:05:52.956+0000] {processor.py:925} INFO - DAG(s) 'kafka_to_s3' retrieved from /opt/airflow/dags/main.py
[2026-05-07T23:05:53.012+0000] {logging_mixin.py:190} INFO - [2026-05-07T23:05:53.012+0000] {dag.py:3239} INFO - Sync 1 DAGs
[2026-05-07T23:05:53.060+0000] {logging_mixin.py:190} INFO - [2026-05-07T23:05:53.060+0000] {dag.py:4180} INFO - Setting next_dagrun for kafka_to_s3 to 2026-05-07 00:00:00+00:00, run_after=2026-05-08 00:00:00+00:00
[2026-05-07T23:05:53.102+0000] {processor.py:208} INFO - Processing /opt/airflow/dags/main.py took 0.471 seconds
[2026-05-07T23:06:23.722+0000] {processor.py:186} INFO - Started process (PID=3503) to work on /opt/airflow/dags/main.py
[2026-05-07T23:06:23.724+0000] {processor.py:914} INFO - Processing file /opt/airflow/dags/main.py for tasks to queue
[2026-05-07T23:06:23.727+0000] {logging_mixin.py:190} INFO - [2026-05-07T23:06:23.727+0000] {dagbag.py:588} INFO - Filling up the DagBag from /opt/airflow/dags/main.py
[2026-05-07T23:06:23.924+0000] {processor.py:925} INFO - DAG(s) 'kafka_to_s3' retrieved from /opt/airflow/dags/main.py
[2026-05-07T23:06:23.958+0000] {logging_mixin.py:190} INFO - [2026-05-07T23:06:23.957+0000] {dag.py:3239} INFO - Sync 1 DAGs
[2026-05-07T23:06:23.994+0000] {logging_mixin.py:190} INFO - [2026-05-07T23:06:23.994+0000] {dag.py:4180} INFO - Setting next_dagrun for kafka_to_s3 to 2026-05-07 00:00:00+00:00, run_after=2026-05-08 00:00:00+00:00
[2026-05-07T23:06:24.025+0000] {processor.py:208} INFO - Processing /opt/airflow/dags/main.py took 0.313 seconds
[2026-05-07T23:06:54.171+0000] {processor.py:186} INFO - Started process (PID=3510) to work on /opt/airflow/dags/main.py
[2026-05-07T23:06:54.173+0000] {processor.py:914} INFO - Processing file /opt/airflow/dags/main.py for tasks to queue
[2026-05-07T23:06:54.179+0000] {logging_mixin.py:190} INFO - [2026-05-07T23:06:54.179+0000] {dagbag.py:588} INFO - Filling up the DagBag from /opt/airflow/dags/main.py
[2026-05-07T23:06:54.359+0000] {processor.py:925} INFO - DAG(s) 'kafka_to_s3' retrieved from /opt/airflow/dags/main.py
[2026-05-07T23:06:54.391+0000] {logging_mixin.py:190} INFO - [2026-05-07T23:06:54.391+0000] {dag.py:3239} INFO - Sync 1 DAGs
[2026-05-07T23:06:54.419+0000] {logging_mixin.py:190} INFO - [2026-05-07T23:06:54.419+0000] {dag.py:4180} INFO - Setting next_dagrun for kafka_to_s3 to 2026-05-07 00:00:00+00:00, run_after=2026-05-08 00:00:00+00:00
[2026-05-07T23:06:54.443+0000] {processor.py:208} INFO - Processing /opt/airflow/dags/main.py took 0.287 seconds
[2026-05-07T23:07:24.557+0000] {processor.py:186} INFO - Started process (PID=3517) to work on /opt/airflow/dags/main.py
[2026-05-07T23:07:24.558+0000] {processor.py:914} INFO - Processing file /opt/airflow/dags/main.py for tasks to queue
[2026-05-07T23:07:24.562+0000] {logging_mixin.py:190} INFO - [2026-05-07T23:07:24.562+0000] {dagbag.py:588} INFO - Filling up the DagBag from /opt/airflow/dags/main.py
[2026-05-07T23:07:24.745+0000] {processor.py:925} INFO - DAG(s) 'kafka_to_s3' retrieved from /opt/airflow/dags/main.py
[2026-05-07T23:07:24.786+0000] {logging_mixin.py:190} INFO - [2026-05-07T23:07:24.786+0000] {dag.py:3239} INFO - Sync 1 DAGs
[2026-05-07T23:07:24.818+0000] {logging_mixin.py:190} INFO - [2026-05-07T23:07:24.818+0000] {dag.py:4180} INFO - Setting next_dagrun for kafka_to_s3 to 2026-05-07 00:00:00+00:00, run_after=2026-05-08 00:00:00+00:00
[2026-05-07T23:07:24.842+0000] {processor.py:208} INFO - Processing /opt/airflow/dags/main.py took 0.292 seconds
[2026-05-07T23:07:55.224+0000] {processor.py:186} INFO - Started process (PID=3524) to work on /opt/airflow/dags/main.py
[2026-05-07T23:07:55.226+0000] {processor.py:914} INFO - Processing file /opt/airflow/dags/main.py for tasks to queue
[2026-05-07T23:07:55.230+0000] {logging_mixin.py:190} INFO - [2026-05-07T23:07:55.229+0000] {dagbag.py:588} INFO - Filling up the DagBag from /opt/airflow/dags/main.py
[2026-05-07T23:07:55.405+0000] {processor.py:925} INFO - DAG(s) 'kafka_to_s3' retrieved from /opt/airflow/dags/main.py
[2026-05-07T23:07:55.442+0000] {logging_mixin.py:190} INFO - [2026-05-07T23:07:55.442+0000] {dag.py:3239} INFO - Sync 1 DAGs
[2026-05-07T23:07:55.496+0000] {logging_mixin.py:190} INFO - [2026-05-07T23:07:55.496+0000] {dag.py:4180} INFO - Setting next_dagrun for kafka_to_s3 to 2026-05-07 00:00:00+00:00, run_after=2026-05-08 00:00:00+00:00
[2026-05-07T23:07:55.538+0000] {processor.py:208} INFO - Processing /opt/airflow/dags/main.py took 0.327 seconds
[2026-05-07T23:08:26.451+0000] {processor.py:186} INFO - Started process (PID=3531) to work on /opt/airflow/dags/main.py
[2026-05-07T23:08:26.452+0000] {processor.py:914} INFO - Processing file /opt/airflow/dags/main.py for tasks to queue
[2026-05-07T23:08:26.456+0000] {logging_mixin.py:190} INFO - [2026-05-07T23:08:26.456+0000] {dagbag.py:588} INFO - Filling up the DagBag from /opt/airflow/dags/main.py
[2026-05-07T23:08:26.656+0000] {processor.py:925} INFO - DAG(s) 'kafka_to_s3' retrieved from /opt/airflow/dags/main.py
[2026-05-07T23:08:26.685+0000] {logging_mixin.py:190} INFO - [2026-05-07T23:08:26.684+0000] {dag.py:3239} INFO - Sync 1 DAGs
[2026-05-07T23:08:26.715+0000] {logging_mixin.py:190} INFO - [2026-05-07T23:08:26.715+0000] {dag.py:4180} INFO - Setting next_dagrun for kafka_to_s3 to 2026-05-07 00:00:00+00:00, run_after=2026-05-08 00:00:00+00:00
[2026-05-07T23:08:26.741+0000] {processor.py:208} INFO - Processing /opt/airflow/dags/main.py took 0.299 seconds
[2026-05-07T23:08:56.973+0000] {processor.py:186} INFO - Started process (PID=3538) to work on /opt/airflow/dags/main.py
[2026-05-07T23:08:56.974+0000] {processor.py:914} INFO - Processing file /opt/airflow/dags/main.py for tasks to queue
[2026-05-07T23:08:56.979+0000] {logging_mixin.py:190} INFO - [2026-05-07T23:08:56.978+0000] {dagbag.py:588} INFO - Filling up the DagBag from /opt/airflow/dags/main.py
[2026-05-07T23:08:57.191+0000] {processor.py:925} INFO - DAG(s) 'kafka_to_s3' retrieved from /opt/airflow/dags/main.py
[2026-05-07T23:08:57.225+0000] {logging_mixin.py:190} INFO - [2026-05-07T23:08:57.225+0000] {dag.py:3239} INFO - Sync 1 DAGs
[2026-05-07T23:08:57.255+0000] {logging_mixin.py:190} INFO - [2026-05-07T23:08:57.254+0000] {dag.py:4180} INFO - Setting next_dagrun for kafka_to_s3 to 2026-05-07 00:00:00+00:00, run_after=2026-05-08 00:00:00+00:00
[2026-05-07T23:08:57.300+0000] {processor.py:208} INFO - Processing /opt/airflow/dags/main.py took 0.339 seconds
[2026-05-07T23:09:27.459+0000] {processor.py:186} INFO - Started process (PID=3545) to work on /opt/airflow/dags/main.py
[2026-05-07T23:09:27.461+0000] {processor.py:914} INFO - Processing file /opt/airflow/dags/main.py for tasks to queue
[2026-05-07T23:09:27.465+0000] {logging_mixin.py:190} INFO - [2026-05-07T23:09:27.464+0000] {dagbag.py:588} INFO - Filling up the DagBag from /opt/airflow/dags/main.py
[2026-05-07T23:09:27.628+0000] {processor.py:925} INFO - DAG(s) 'kafka_to_s3' retrieved from /opt/airflow/dags/main.py
[2026-05-07T23:09:27.660+0000] {logging_mixin.py:190} INFO - [2026-05-07T23:09:27.660+0000] {dag.py:3239} INFO - Sync 1 DAGs
[2026-05-07T23:09:27.689+0000] {logging_mixin.py:190} INFO - [2026-05-07T23:09:27.689+0000] {dag.py:4180} INFO - Setting next_dagrun for kafka_to_s3 to 2026-05-07 00:00:00+00:00, run_after=2026-05-08 00:00:00+00:00
[2026-05-07T23:09:27.726+0000] {processor.py:208} INFO - Processing /opt/airflow/dags/main.py took 0.278 seconds
[2026-05-07T23:09:58.774+0000] {processor.py:186} INFO - Started process (PID=3552) to work on /opt/airflow/dags/main.py
[2026-05-07T23:09:58.777+0000] {processor.py:914} INFO - Processing file /opt/airflow/dags/main.py for tasks to queue
[2026-05-07T23:09:58.782+0000] {logging_mixin.py:190} INFO - [2026-05-07T23:09:58.782+0000] {dagbag.py:588} INFO - Filling up the DagBag from /opt/airflow/dags/main.py
[2026-05-07T23:09:58.989+0000] {processor.py:925} INFO - DAG(s) 'kafka_to_s3' retrieved from /opt/airflow/dags/main.py
[2026-05-07T23:09:59.026+0000] {logging_mixin.py:190} INFO - [2026-05-07T23:09:59.026+0000] {dag.py:3239} INFO - Sync 1 DAGs
[2026-05-07T23:09:59.059+0000] {logging_mixin.py:190} INFO - [2026-05-07T23:09:59.059+0000] {dag.py:4180} INFO - Setting next_dagrun for kafka_to_s3 to 2026-05-07 00:00:00+00:00, run_after=2026-05-08 00:00:00+00:00
[2026-05-07T23:09:59.090+0000] {processor.py:208} INFO - Processing /opt/airflow/dags/main.py took 0.331 seconds
[2026-05-07T23:10:29.530+0000] {processor.py:186} INFO - Started process (PID=3559) to work on /opt/airflow/dags/main.py
[2026-05-07T23:10:29.532+0000] {processor.py:914} INFO - Processing file /opt/airflow/dags/main.py for tasks to queue
[2026-05-07T23:10:29.538+0000] {logging_mixin.py:190} INFO - [2026-05-07T23:10:29.537+0000] {dagbag.py:588} INFO - Filling up the DagBag from /opt/airflow/dags/main.py
[2026-05-07T23:10:29.773+0000] {processor.py:925} INFO - DAG(s) 'kafka_to_s3' retrieved from /opt/airflow/dags/main.py
[2026-05-07T23:10:29.809+0000] {logging_mixin.py:190} INFO - [2026-05-07T23:10:29.808+0000] {dag.py:3239} INFO - Sync 1 DAGs
[2026-05-07T23:10:29.853+0000] {logging_mixin.py:190} INFO - [2026-05-07T23:10:29.852+0000] {dag.py:4180} INFO - Setting next_dagrun for kafka_to_s3 to 2026-05-07 00:00:00+00:00, run_after=2026-05-08 00:00:00+00:00
[2026-05-07T23:10:29.896+0000] {processor.py:208} INFO - Processing /opt/airflow/dags/main.py took 0.380 seconds
[2026-05-07T23:11:00.276+0000] {processor.py:186} INFO - Started process (PID=3566) to work on /opt/airflow/dags/main.py
[2026-05-07T23:11:00.278+0000] {processor.py:914} INFO - Processing file /opt/airflow/dags/main.py for tasks to queue
[2026-05-07T23:11:00.282+0000] {logging_mixin.py:190} INFO - [2026-05-07T23:11:00.282+0000] {dagbag.py:588} INFO - Filling up the DagBag from /opt/airflow/dags/main.py
[2026-05-07T23:11:02.002+0000] {processor.py:925} INFO - DAG(s) 'kafka_to_s3' retrieved from /opt/airflow/dags/main.py
[2026-05-07T23:11:02.040+0000] {logging_mixin.py:190} INFO - [2026-05-07T23:11:02.039+0000] {dag.py:3239} INFO - Sync 1 DAGs
[2026-05-07T23:11:02.073+0000] {logging_mixin.py:190} INFO - [2026-05-07T23:11:02.073+0000] {dag.py:4180} INFO - Setting next_dagrun for kafka_to_s3 to 2026-05-07 00:00:00+00:00, run_after=2026-05-08 00:00:00+00:00
[2026-05-07T23:11:02.102+0000] {processor.py:208} INFO - Processing /opt/airflow/dags/main.py took 0.320 seconds
[2026-05-07T23:11:32.729+0000] {processor.py:186} INFO - Started process (PID=3573) to work on /opt/airflow/dags/main.py
[2026-05-07T23:11:32.732+0000] {processor.py:914} INFO - Processing file /opt/airflow/dags/main.py for tasks to queue
[2026-05-07T23:11:32.751+0000] {logging_mixin.py:190} INFO - [2026-05-07T23:11:32.750+0000] {dagbag.py:588} INFO - Filling up the DagBag from /opt/airflow/dags/main.py
[2026-05-07T23:11:33.041+0000] {processor.py:925} INFO - DAG(s) 'kafka_to_s3' retrieved from /opt/airflow/dags/main.py
[2026-05-07T23:11:33.092+0000] {logging_mixin.py:190} INFO - [2026-05-07T23:11:33.092+0000] {dag.py:3239} INFO - Sync 1 DAGs
[2026-05-07T23:11:33.139+0000] {logging_mixin.py:190} INFO - [2026-05-07T23:11:33.138+0000] {dag.py:4180} INFO - Setting next_dagrun for kafka_to_s3 to 2026-05-07 00:00:00+00:00, run_after=2026-05-08 00:00:00+00:00
[2026-05-07T23:11:33.167+0000] {processor.py:208} INFO - Processing /opt/airflow/dags/main.py took 0.453 seconds
[2026-05-07T23:12:03.611+0000] {processor.py:186} INFO - Started process (PID=3580) to work on /opt/airflow/dags/main.py
[2026-05-07T23:12:03.613+0000] {processor.py:914} INFO - Processing file /opt/airflow/dags/main.py for tasks to queue
[2026-05-07T23:12:03.620+0000] {logging_mixin.py:190} INFO - [2026-05-07T23:12:03.619+0000] {dagbag.py:588} INFO - Filling up the DagBag from /opt/airflow/dags/main.py
[2026-05-07T23:12:03.809+0000] {processor.py:925} INFO - DAG(s) 'kafka_to_s3' retrieved from /opt/airflow/dags/main.py
[2026-05-07T23:12:03.840+0000] {logging_mixin.py:190} INFO - [2026-05-07T23:12:03.840+0000] {dag.py:3239} INFO - Sync 1 DAGs
[2026-05-07T23:12:03.873+0000] {logging_mixin.py:190} INFO - [2026-05-07T23:12:03.872+0000] {dag.py:4180} INFO - Setting next_dagrun for kafka_to_s3 to 2026-05-07 00:00:00+00:00, run_after=2026-05-08 00:00:00+00:00
[2026-05-07T23:12:03.910+0000] {processor.py:208} INFO - Processing /opt/airflow/dags/main.py took 0.316 seconds
[2026-05-07T23:12:34.563+0000] {processor.py:186} INFO - Started process (PID=3587) to work on /opt/airflow/dags/main.py
[2026-05-07T23:12:34.566+0000] {processor.py:914} INFO - Processing file /opt/airflow/dags/main.py for tasks to queue
[2026-05-07T23:12:34.573+0000] {logging_mixin.py:190} INFO - [2026-05-07T23:12:34.572+0000] {dagbag.py:588} INFO - Filling up the DagBag from /opt/airflow/dags/main.py
[2026-05-07T23:12:34.811+0000] {processor.py:925} INFO - DAG(s) 'kafka_to_s3' retrieved from /opt/airflow/dags/main.py
[2026-05-07T23:12:34.842+0000] {logging_mixin.py:190} INFO - [2026-05-07T23:12:34.842+0000] {dag.py:3239} INFO - Sync 1 DAGs
[2026-05-07T23:12:34.873+0000] {logging_mixin.py:190} INFO - [2026-05-07T23:12:34.873+0000] {dag.py:4180} INFO - Setting next_dagrun for kafka_to_s3 to 2026-05-07 00:00:00+00:00, run_after=2026-05-08 00:00:00+00:00
[2026-05-07T23:12:34.902+0000] {processor.py:208} INFO - Processing /opt/airflow/dags/main.py took 0.354 seconds
[2026-05-07T23:13:05.281+0000] {processor.py:186} INFO - Started process (PID=3594) to work on /opt/airflow/dags/main.py
[2026-05-07T23:13:05.283+0000] {processor.py:914} INFO - Processing file /opt/airflow/dags/main.py for tasks to queue
[2026-05-07T23:13:05.292+0000] {logging_mixin.py:190} INFO - [2026-05-07T23:13:05.291+0000] {dagbag.py:588} INFO - Filling up the DagBag from /opt/airflow/dags/main.py
[2026-05-07T23:13:05.661+0000] {processor.py:925} INFO - DAG(s) 'kafka_to_s3' retrieved from /opt/airflow/dags/main.py
[2026-05-07T23:13:05.729+0000] {logging_mixin.py:190} INFO - [2026-05-07T23:13:05.729+0000] {dag.py:3239} INFO - Sync 1 DAGs
[2026-05-07T23:13:05.800+0000] {logging_mixin.py:190} INFO - [2026-05-07T23:13:05.799+0000] {dag.py:4180} INFO - Setting next_dagrun for kafka_to_s3 to 2026-05-07 00:00:00+00:00, run_after=2026-05-08 00:00:00+00:00
[2026-05-07T23:13:05.946+0000] {processor.py:208} INFO - Processing /opt/airflow/dags/main.py took 0.675 seconds
[2026-05-07T23:13:36.284+0000] {processor.py:186} INFO - Started process (PID=3601) to work on /opt/airflow/dags/main.py
[2026-05-07T23:13:36.287+0000] {processor.py:914} INFO - Processing file /opt/airflow/dags/main.py for tasks to queue
[2026-05-07T23:13:36.296+0000] {logging_mixin.py:190} INFO - [2026-05-07T23:13:36.296+0000] {dagbag.py:588} INFO - Filling up the DagBag from /opt/airflow/dags/main.py
[2026-05-07T23:13:36.508+0000] {processor.py:925} INFO - DAG(s) 'kafka_to_s3' retrieved from /opt/airflow/dags/main.py
[2026-05-07T23:13:36.550+0000] {logging_mixin.py:190} INFO - [2026-05-07T23:13:36.549+0000] {dag.py:3239} INFO - Sync 1 DAGs
[2026-05-07T23:13:36.619+0000] {logging_mixin.py:190} INFO - [2026-05-07T23:13:36.619+0000] {dag.py:4180} INFO - Setting next_dagrun for kafka_to_s3 to 2026-05-07 00:00:00+00:00, run_after=2026-05-08 00:00:00+00:00
[2026-05-07T23:13:36.675+0000] {processor.py:208} INFO - Processing /opt/airflow/dags/main.py took 0.406 seconds
[2026-05-07T23:14:06.810+0000] {processor.py:186} INFO - Started process (PID=3608) to work on /opt/airflow/dags/main.py
[2026-05-07T23:14:06.813+0000] {processor.py:914} INFO - Processing file /opt/airflow/dags/main.py for tasks to queue
[2026-05-07T23:14:06.819+0000] {logging_mixin.py:190} INFO - [2026-05-07T23:14:06.818+0000] {dagbag.py:588} INFO - Filling up the DagBag from /opt/airflow/dags/main.py
[2026-05-07T23:14:06.999+0000] {processor.py:925} INFO - DAG(s) 'kafka_to_s3' retrieved from /opt/airflow/dags/main.py
[2026-05-07T23:14:07.046+0000] {logging_mixin.py:190} INFO - [2026-05-07T23:14:07.046+0000] {dag.py:3239} INFO - Sync 1 DAGs
[2026-05-07T23:14:07.087+0000] {logging_mixin.py:190} INFO - [2026-05-07T23:14:07.087+0000] {dag.py:4180} INFO - Setting next_dagrun for kafka_to_s3 to 2026-05-07 00:00:00+00:00, run_after=2026-05-08 00:00:00+00:00
[2026-05-07T23:14:07.131+0000] {processor.py:208} INFO - Processing /opt/airflow/dags/main.py took 0.336 seconds
[2026-05-07T23:14:37.339+0000] {processor.py:186} INFO - Started process (PID=3615) to work on /opt/airflow/dags/main.py
[2026-05-07T23:14:37.341+0000] {processor.py:914} INFO - Processing file /opt/airflow/dags/main.py for tasks to queue
[2026-05-07T23:14:37.354+0000] {logging_mixin.py:190} INFO - [2026-05-07T23:14:37.352+0000] {dagbag.py:588} INFO - Filling up the DagBag from /opt/airflow/dags/main.py
[2026-05-07T23:14:37.599+0000] {processor.py:925} INFO - DAG(s) 'kafka_to_s3' retrieved from /opt/airflow/dags/main.py
[2026-05-07T23:14:37.637+0000] {logging_mixin.py:190} INFO - [2026-05-07T23:14:37.637+0000] {dag.py:3239} INFO - Sync 1 DAGs
[2026-05-07T23:14:37.671+0000] {logging_mixin.py:190} INFO - [2026-05-07T23:14:37.671+0000] {dag.py:4180} INFO - Setting next_dagrun for kafka_to_s3 to 2026-05-07 00:00:00+00:00, run_after=2026-05-08 00:00:00+00:00
[2026-05-07T23:14:37.699+0000] {processor.py:208} INFO - Processing /opt/airflow/dags/main.py took 0.379 seconds
[2026-05-07T23:15:07.945+0000] {processor.py:186} INFO - Started process (PID=3622) to work on /opt/airflow/dags/main.py
[2026-05-07T23:15:07.949+0000] {processor.py:914} INFO - Processing file /opt/airflow/dags/main.py for tasks to queue
[2026-05-07T23:15:07.965+0000] {logging_mixin.py:190} INFO - [2026-05-07T23:15:07.964+0000] {dagbag.py:588} INFO - Filling up the DagBag from /opt/airflow/dags/main.py
[2026-05-07T23:15:08.179+0000] {processor.py:925} INFO - DAG(s) 'kafka_to_s3' retrieved from /opt/airflow/dags/main.py
[2026-05-07T23:15:08.213+0000] {logging_mixin.py:190} INFO - [2026-05-07T23:15:08.212+0000] {dag.py:3239} INFO - Sync 1 DAGs
[2026-05-07T23:15:08.245+0000] {logging_mixin.py:190} INFO - [2026-05-07T23:15:08.245+0000] {dag.py:4180} INFO - Setting next_dagrun for kafka_to_s3 to 2026-05-07 00:00:00+00:00, run_after=2026-05-08 00:00:00+00:00
[2026-05-07T23:15:08.278+0000] {processor.py:208} INFO - Processing /opt/airflow/dags/main.py took 0.348 seconds
[2026-05-07T23:15:38.651+0000] {processor.py:186} INFO - Started process (PID=3629) to work on /opt/airflow/dags/main.py
[2026-05-07T23:15:38.653+0000] {processor.py:914} INFO - Processing file /opt/airflow/dags/main.py for tasks to queue
[2026-05-07T23:15:38.657+0000] {logging_mixin.py:190} INFO - [2026-05-07T23:15:38.656+0000] {dagbag.py:588} INFO - Filling up the DagBag from /opt/airflow/dags/main.py
[2026-05-07T23:15:38.842+0000] {processor.py:925} INFO - DAG(s) 'kafka_to_s3' retrieved from /opt/airflow/dags/main.py
[2026-05-07T23:15:38.877+0000] {logging_mixin.py:190} INFO - [2026-05-07T23:15:38.877+0000] {dag.py:3239} INFO - Sync 1 DAGs
[2026-05-07T23:15:38.908+0000] {logging_mixin.py:190} INFO - [2026-05-07T23:15:38.908+0000] {dag.py:4180} INFO - Setting next_dagrun for kafka_to_s3 to 2026-05-07 00:00:00+00:00, run_after=2026-05-08 00:00:00+00:00
[2026-05-07T23:15:38.935+0000] {processor.py:208} INFO - Processing /opt/airflow/dags/main.py took 0.297 seconds
[2026-05-07T23:16:09.336+0000] {processor.py:186} INFO - Started process (PID=3636) to work on /opt/airflow/dags/main.py
[2026-05-07T23:16:09.338+0000] {processor.py:914} INFO - Processing file /opt/airflow/dags/main.py for tasks to queue
[2026-05-07T23:16:09.343+0000] {logging_mixin.py:190} INFO - [2026-05-07T23:16:09.343+0000] {dagbag.py:588} INFO - Filling up the DagBag from /opt/airflow/dags/main.py
[2026-05-07T23:16:09.547+0000] {processor.py:925} INFO - DAG(s) 'kafka_to_s3' retrieved from /opt/airflow/dags/main.py
[2026-05-07T23:16:09.584+0000] {logging_mixin.py:190} INFO - [2026-05-07T23:16:09.584+0000] {dag.py:3239} INFO - Sync 1 DAGs
[2026-05-07T23:16:09.615+0000] {logging_mixin.py:190} INFO - [2026-05-07T23:16:09.615+0000] {dag.py:4180} INFO - Setting next_dagrun for kafka_to_s3 to 2026-05-07 00:00:00+00:00, run_after=2026-05-08 00:00:00+00:00
[2026-05-07T23:16:09.641+0000] {processor.py:208} INFO - Processing /opt/airflow/dags/main.py took 0.320 seconds
[2026-05-07T23:16:40.321+0000] {processor.py:186} INFO - Started process (PID=3643) to work on /opt/airflow/dags/main.py
[2026-05-07T23:16:40.323+0000] {processor.py:914} INFO - Processing file /opt/airflow/dags/main.py for tasks to queue
[2026-05-07T23:16:40.331+0000] {logging_mixin.py:190} INFO - [2026-05-07T23:16:40.330+0000] {dagbag.py:588} INFO - Filling up the DagBag from /opt/airflow/dags/main.py
[2026-05-07T23:16:40.562+0000] {processor.py:925} INFO - DAG(s) 'kafka_to_s3' retrieved from /opt/airflow/dags/main.py
[2026-05-07T23:16:40.600+0000] {logging_mixin.py:190} INFO - [2026-05-07T23:16:40.600+0000] {dag.py:3239} INFO - Sync 1 DAGs
[2026-05-07T23:16:40.640+0000] {logging_mixin.py:190} INFO - [2026-05-07T23:16:40.640+0000] {dag.py:4180} INFO - Setting next_dagrun for kafka_to_s3 to 2026-05-07 00:00:00+00:00, run_after=2026-05-08 00:00:00+00:00
[2026-05-07T23:16:40.674+0000] {processor.py:208} INFO - Processing /opt/airflow/dags/main.py took 0.386 seconds
[2026-05-07T23:17:10.876+0000] {processor.py:186} INFO - Started process (PID=3644) to work on /opt/airflow/dags/main.py
[2026-05-07T23:17:10.878+0000] {processor.py:914} INFO - Processing file /opt/airflow/dags/main.py for tasks to queue
[2026-05-07T23:17:10.883+0000] {logging_mixin.py:190} INFO - [2026-05-07T23:17:10.882+0000] {dagbag.py:588} INFO - Filling up the DagBag from /opt/airflow/dags/main.py
[2026-05-07T23:17:11.093+0000] {processor.py:925} INFO - DAG(s) 'kafka_to_s3' retrieved from /opt/airflow/dags/main.py
[2026-05-07T23:17:11.129+0000] {logging_mixin.py:190} INFO - [2026-05-07T23:17:11.129+0000] {dag.py:3239} INFO - Sync 1 DAGs
[2026-05-07T23:17:11.160+0000] {logging_mixin.py:190} INFO - [2026-05-07T23:17:11.160+0000] {dag.py:4180} INFO - Setting next_dagrun for kafka_to_s3 to 2026-05-07 00:00:00+00:00, run_after=2026-05-08 00:00:00+00:00
[2026-05-07T23:17:11.188+0000] {processor.py:208} INFO - Processing /opt/airflow/dags/main.py took 0.321 seconds
[2026-05-07T23:17:41.346+0000] {processor.py:186} INFO - Started process (PID=3652) to work on /opt/airflow/dags/main.py
[2026-05-07T23:17:41.347+0000] {processor.py:914} INFO - Processing file /opt/airflow/dags/main.py for tasks to queue
[2026-05-07T23:17:41.351+0000] {logging_mixin.py:190} INFO - [2026-05-07T23:17:41.351+0000] {dagbag.py:588} INFO - Filling up the DagBag from /opt/airflow/dags/main.py
[2026-05-07T23:17:41.536+0000] {processor.py:925} INFO - DAG(s) 'kafka_to_s3' retrieved from /opt/airflow/dags/main.py
[2026-05-07T23:17:41.571+0000] {logging_mixin.py:190} INFO - [2026-05-07T23:17:41.571+0000] {dag.py:3239} INFO - Sync 1 DAGs
[2026-05-07T23:17:41.606+0000] {logging_mixin.py:190} INFO - [2026-05-07T23:17:41.605+0000] {dag.py:4180} INFO - Setting next_dagrun for kafka_to_s3 to 2026-05-07 00:00:00+00:00, run_after=2026-05-08 00:00:00+00:00
[2026-05-07T23:17:41.632+0000] {processor.py:208} INFO - Processing /opt/airflow/dags/main.py took 0.299 seconds
[2026-05-07T23:18:11.989+0000] {processor.py:186} INFO - Started process (PID=3659) to work on /opt/airflow/dags/main.py
[2026-05-07T23:18:11.991+0000] {processor.py:914} INFO - Processing file /opt/airflow/dags/main.py for tasks to queue
[2026-05-07T23:18:11.996+0000] {logging_mixin.py:190} INFO - [2026-05-07T23:18:11.995+0000] {dagbag.py:588} INFO - Filling up the DagBag from /opt/airflow/dags/main.py
[2026-05-07T23:18:12.219+0000] {processor.py:925} INFO - DAG(s) 'kafka_to_s3' retrieved from /opt/airflow/dags/main.py
[2026-05-07T23:18:12.262+0000] {logging_mixin.py:190} INFO - [2026-05-07T23:18:12.262+0000] {dag.py:3239} INFO - Sync 1 DAGs
[2026-05-07T23:18:12.301+0000] {logging_mixin.py:190} INFO - [2026-05-07T23:18:12.300+0000] {dag.py:4180} INFO - Setting next_dagrun for kafka_to_s3 to 2026-05-07 00:00:00+00:00, run_after=2026-05-08 00:00:00+00:00
[2026-05-07T23:18:12.334+0000] {processor.py:208} INFO - Processing /opt/airflow/dags/main.py took 0.357 seconds
[2026-05-07T23:18:42.492+0000] {processor.py:186} INFO - Started process (PID=3666) to work on /opt/airflow/dags/main.py
[2026-05-07T23:18:42.494+0000] {processor.py:914} INFO - Processing file /opt/airflow/dags/main.py for tasks to queue
[2026-05-07T23:18:42.502+0000] {logging_mixin.py:190} INFO - [2026-05-07T23:18:42.501+0000] {dagbag.py:588} INFO - Filling up the DagBag from /opt/airflow/dags/main.py
[2026-05-07T23:18:42.699+0000] {processor.py:925} INFO - DAG(s) 'kafka_to_s3' retrieved from /opt/airflow/dags/main.py
[2026-05-07T23:18:42.747+0000] {logging_mixin.py:190} INFO - [2026-05-07T23:18:42.747+0000] {dag.py:3239} INFO - Sync 1 DAGs
[2026-05-07T23:18:42.793+0000] {logging_mixin.py:190} INFO - [2026-05-07T23:18:42.793+0000] {dag.py:4180} INFO - Setting next_dagrun for kafka_to_s3 to 2026-05-07 00:00:00+00:00, run_after=2026-05-08 00:00:00+00:00
[2026-05-07T23:18:42.822+0000] {processor.py:208} INFO - Processing /opt/airflow/dags/main.py took 0.347 seconds
[2026-05-07T23:19:13.055+0000] {processor.py:186} INFO - Started process (PID=3673) to work on /opt/airflow/dags/main.py
[2026-05-07T23:19:13.056+0000] {processor.py:914} INFO - Processing file /opt/airflow/dags/main.py for tasks to queue
[2026-05-07T23:19:13.061+0000] {logging_mixin.py:190} INFO - [2026-05-07T23:19:13.061+0000] {dagbag.py:588} INFO - Filling up the DagBag from /opt/airflow/dags/main.py
[2026-05-07T23:19:13.281+0000] {processor.py:925} INFO - DAG(s) 'kafka_to_s3' retrieved from /opt/airflow/dags/main.py
[2026-05-07T23:19:13.315+0000] {logging_mixin.py:190} INFO - [2026-05-07T23:19:13.315+0000] {dag.py:3239} INFO - Sync 1 DAGs
[2026-05-07T23:19:13.346+0000] {logging_mixin.py:190} INFO - [2026-05-07T23:19:13.345+0000] {dag.py:4180} INFO - Setting next_dagrun for kafka_to_s3 to 2026-05-07 00:00:00+00:00, run_after=2026-05-08 00:00:00+00:00
[2026-05-07T23:19:13.371+0000] {processor.py:208} INFO - Processing /opt/airflow/dags/main.py took 0.325 seconds
[2026-05-07T23:19:44.934+0000] {processor.py:186} INFO - Started process (PID=3679) to work on /opt/airflow/dags/main.py
[2026-05-07T23:19:44.936+0000] {processor.py:914} INFO - Processing file /opt/airflow/dags/main.py for tasks to queue
[2026-05-07T23:19:44.943+0000] {logging_mixin.py:190} INFO - [2026-05-07T23:19:44.942+0000] {dagbag.py:588} INFO - Filling up the DagBag from /opt/airflow/dags/main.py
[2026-05-07T23:19:45.153+0000] {processor.py:925} INFO - DAG(s) 'kafka_to_s3' retrieved from /opt/airflow/dags/main.py
[2026-05-07T23:19:45.191+0000] {logging_mixin.py:190} INFO - [2026-05-07T23:19:45.191+0000] {dag.py:3239} INFO - Sync 1 DAGs
[2026-05-07T23:19:45.221+0000] {logging_mixin.py:190} INFO - [2026-05-07T23:19:45.220+0000] {dag.py:4180} INFO - Setting next_dagrun for kafka_to_s3 to 2026-05-07 00:00:00+00:00, run_after=2026-05-08 00:00:00+00:00
[2026-05-07T23:19:45.251+0000] {processor.py:208} INFO - Processing /opt/airflow/dags/main.py took 0.331 seconds
[2026-05-07T23:20:17.441+0000] {processor.py:186} INFO - Started process (PID=3686) to work on /opt/airflow/dags/main.py
[2026-05-07T23:20:17.443+0000] {processor.py:914} INFO - Processing file /opt/airflow/dags/main.py for tasks to queue
[2026-05-07T23:20:17.451+0000] {logging_mixin.py:190} INFO - [2026-05-07T23:20:17.450+0000] {dagbag.py:588} INFO - Filling up the DagBag from /opt/airflow/dags/main.py
[2026-05-07T23:20:17.745+0000] {processor.py:925} INFO - DAG(s) 'kafka_to_s3' retrieved from /opt/airflow/dags/main.py
[2026-05-07T23:20:17.823+0000] {logging_mixin.py:190} INFO - [2026-05-07T23:20:17.822+0000] {dag.py:3239} INFO - Sync 1 DAGs
[2026-05-07T23:20:17.882+0000] {logging_mixin.py:190} INFO - [2026-05-07T23:20:17.882+0000] {dag.py:4180} INFO - Setting next_dagrun for kafka_to_s3 to 2026-05-07 00:00:00+00:00, run_after=2026-05-08 00:00:00+00:00
[2026-05-07T23:20:17.946+0000] {processor.py:208} INFO - Processing /opt/airflow/dags/main.py took 0.523 seconds
[2026-05-07T23:20:48.598+0000] {processor.py:186} INFO - Started process (PID=3693) to work on /opt/airflow/dags/main.py
[2026-05-07T23:20:48.600+0000] {processor.py:914} INFO - Processing file /opt/airflow/dags/main.py for tasks to queue
[2026-05-07T23:20:48.615+0000] {logging_mixin.py:190} INFO - [2026-05-07T23:20:48.614+0000] {dagbag.py:588} INFO - Filling up the DagBag from /opt/airflow/dags/main.py
[2026-05-07T23:20:48.834+0000] {processor.py:925} INFO - DAG(s) 'kafka_to_s3' retrieved from /opt/airflow/dags/main.py
[2026-05-07T23:20:48.876+0000] {logging_mixin.py:190} INFO - [2026-05-07T23:20:48.875+0000] {dag.py:3239} INFO - Sync 1 DAGs
[2026-05-07T23:20:48.915+0000] {logging_mixin.py:190} INFO - [2026-05-07T23:20:48.915+0000] {dag.py:4180} INFO - Setting next_dagrun for kafka_to_s3 to 2026-05-07 00:00:00+00:00, run_after=2026-05-08 00:00:00+00:00
[2026-05-07T23:20:48.948+0000] {processor.py:208} INFO - Processing /opt/airflow/dags/main.py took 0.366 seconds
[2026-05-07T23:21:20.323+0000] {processor.py:186} INFO - Started process (PID=3700) to work on /opt/airflow/dags/main.py
[2026-05-07T23:21:20.324+0000] {processor.py:914} INFO - Processing file /opt/airflow/dags/main.py for tasks to queue
[2026-05-07T23:21:20.327+0000] {logging_mixin.py:190} INFO - [2026-05-07T23:21:20.327+0000] {dagbag.py:588} INFO - Filling up the DagBag from /opt/airflow/dags/main.py
[2026-05-07T23:21:20.588+0000] {processor.py:925} INFO - DAG(s) 'kafka_to_s3' retrieved from /opt/airflow/dags/main.py
[2026-05-07T23:21:20.625+0000] {logging_mixin.py:190} INFO - [2026-05-07T23:21:20.625+0000] {dag.py:3239} INFO - Sync 1 DAGs
[2026-05-07T23:21:20.656+0000] {logging_mixin.py:190} INFO - [2026-05-07T23:21:20.655+0000] {dag.py:4180} INFO - Setting next_dagrun for kafka_to_s3 to 2026-05-07 00:00:00+00:00, run_after=2026-05-08 00:00:00+00:00
[2026-05-07T23:21:20.687+0000] {processor.py:208} INFO - Processing /opt/airflow/dags/main.py took 0.376 seconds
[2026-05-07T23:21:51.933+0000] {processor.py:186} INFO - Started process (PID=3706) to work on /opt/airflow/dags/main.py
[2026-05-07T23:21:51.934+0000] {processor.py:914} INFO - Processing file /opt/airflow/dags/main.py for tasks to queue
[2026-05-07T23:21:51.937+0000] {logging_mixin.py:190} INFO - [2026-05-07T23:21:51.937+0000] {dagbag.py:588} INFO - Filling up the DagBag from /opt/airflow/dags/main.py
[2026-05-07T23:21:52.153+0000] {processor.py:925} INFO - DAG(s) 'kafka_to_s3' retrieved from /opt/airflow/dags/main.py
[2026-05-07T23:21:52.199+0000] {logging_mixin.py:190} INFO - [2026-05-07T23:21:52.199+0000] {dag.py:3239} INFO - Sync 1 DAGs
[2026-05-07T23:21:52.230+0000] {logging_mixin.py:190} INFO - [2026-05-07T23:21:52.230+0000] {dag.py:4180} INFO - Setting next_dagrun for kafka_to_s3 to 2026-05-07 00:00:00+00:00, run_after=2026-05-08 00:00:00+00:00
[2026-05-07T23:21:52.256+0000] {processor.py:208} INFO - Processing /opt/airflow/dags/main.py took 0.332 seconds
[2026-05-07T23:22:24.165+0000] {processor.py:186} INFO - Started process (PID=3713) to work on /opt/airflow/dags/main.py
[2026-05-07T23:22:24.167+0000] {processor.py:914} INFO - Processing file /opt/airflow/dags/main.py for tasks to queue
[2026-05-07T23:22:24.170+0000] {logging_mixin.py:190} INFO - [2026-05-07T23:22:24.170+0000] {dagbag.py:588} INFO - Filling up the DagBag from /opt/airflow/dags/main.py
[2026-05-07T23:22:24.358+0000] {processor.py:925} INFO - DAG(s) 'kafka_to_s3' retrieved from /opt/airflow/dags/main.py
[2026-05-07T23:22:24.393+0000] {logging_mixin.py:190} INFO - [2026-05-07T23:22:24.392+0000] {dag.py:3239} INFO - Sync 1 DAGs
[2026-05-07T23:22:24.425+0000] {logging_mixin.py:190} INFO - [2026-05-07T23:22:24.425+0000] {dag.py:4180} INFO - Setting next_dagrun for kafka_to_s3 to 2026-05-07 00:00:00+00:00, run_after=2026-05-08 00:00:00+00:00
[2026-05-07T23:22:24.451+0000] {processor.py:208} INFO - Processing /opt/airflow/dags/main.py took 0.296 seconds
[2026-05-07T23:22:55.605+0000] {processor.py:186} INFO - Started process (PID=3721) to work on /opt/airflow/dags/main.py
[2026-05-07T23:22:55.609+0000] {processor.py:914} INFO - Processing file /opt/airflow/dags/main.py for tasks to queue
[2026-05-07T23:22:55.616+0000] {logging_mixin.py:190} INFO - [2026-05-07T23:22:55.616+0000] {dagbag.py:588} INFO - Filling up the DagBag from /opt/airflow/dags/main.py
[2026-05-07T23:22:55.886+0000] {processor.py:925} INFO - DAG(s) 'kafka_to_s3' retrieved from /opt/airflow/dags/main.py
[2026-05-07T23:22:55.925+0000] {logging_mixin.py:190} INFO - [2026-05-07T23:22:55.925+0000] {dag.py:3239} INFO - Sync 1 DAGs
[2026-05-07T23:22:55.958+0000] {logging_mixin.py:190} INFO - [2026-05-07T23:22:55.957+0000] {dag.py:4180} INFO - Setting next_dagrun for kafka_to_s3 to 2026-05-07 00:00:00+00:00, run_after=2026-05-08 00:00:00+00:00
[2026-05-07T23:22:55.984+0000] {processor.py:208} INFO - Processing /opt/airflow/dags/main.py took 0.397 seconds
[2026-05-07T23:23:26.563+0000] {processor.py:186} INFO - Started process (PID=3727) to work on /opt/airflow/dags/main.py
[2026-05-07T23:23:26.565+0000] {processor.py:914} INFO - Processing file /opt/airflow/dags/main.py for tasks to queue
[2026-05-07T23:23:26.570+0000] {logging_mixin.py:190} INFO - [2026-05-07T23:23:26.570+0000] {dagbag.py:588} INFO - Filling up the DagBag from /opt/airflow/dags/main.py
[2026-05-07T23:23:26.797+0000] {processor.py:925} INFO - DAG(s) 'kafka_to_s3' retrieved from /opt/airflow/dags/main.py
[2026-05-07T23:23:26.863+0000] {logging_mixin.py:190} INFO - [2026-05-07T23:23:26.863+0000] {dag.py:3239} INFO - Sync 1 DAGs
[2026-05-07T23:23:26.903+0000] {logging_mixin.py:190} INFO - [2026-05-07T23:23:26.903+0000] {dag.py:4180} INFO - Setting next_dagrun for kafka_to_s3 to 2026-05-07 00:00:00+00:00, run_after=2026-05-08 00:00:00+00:00
[2026-05-07T23:23:26.934+0000] {processor.py:208} INFO - Processing /opt/airflow/dags/main.py took 0.383 seconds
[2026-05-07T23:23:57.340+0000] {processor.py:186} INFO - Started process (PID=3734) to work on /opt/airflow/dags/main.py
[2026-05-07T23:23:57.342+0000] {processor.py:914} INFO - Processing file /opt/airflow/dags/main.py for tasks to queue
[2026-05-07T23:23:57.357+0000] {logging_mixin.py:190} INFO - [2026-05-07T23:23:57.356+0000] {dagbag.py:588} INFO - Filling up the DagBag from /opt/airflow/dags/main.py
[2026-05-07T23:23:57.348+0000] {processor.py:925} INFO - DAG(s) 'kafka_to_s3' retrieved from /opt/airflow/dags/main.py
[2026-05-07T23:23:57.382+0000] {logging_mixin.py:190} INFO - [2026-05-07T23:23:57.381+0000] {dag.py:3239} INFO - Sync 1 DAGs
[2026-05-07T23:23:57.418+0000] {logging_mixin.py:190} INFO - [2026-05-07T23:23:57.417+0000] {dag.py:4180} INFO - Setting next_dagrun for kafka_to_s3 to 2026-05-07 00:00:00+00:00, run_after=2026-05-08 00:00:00+00:00
[2026-05-07T23:23:57.444+0000] {processor.py:208} INFO - Processing /opt/airflow/dags/main.py took 0.355 seconds
[2026-05-07T23:24:30.017+0000] {processor.py:186} INFO - Started process (PID=3741) to work on /opt/airflow/dags/main.py
[2026-05-07T23:24:30.019+0000] {processor.py:914} INFO - Processing file /opt/airflow/dags/main.py for tasks to queue
[2026-05-07T23:24:30.023+0000] {logging_mixin.py:190} INFO - [2026-05-07T23:24:30.023+0000] {dagbag.py:588} INFO - Filling up the DagBag from /opt/airflow/dags/main.py
[2026-05-07T23:24:30.255+0000] {processor.py:925} INFO - DAG(s) 'kafka_to_s3' retrieved from /opt/airflow/dags/main.py
[2026-05-07T23:24:30.299+0000] {logging_mixin.py:190} INFO - [2026-05-07T23:24:30.298+0000] {dag.py:3239} INFO - Sync 1 DAGs
[2026-05-07T23:24:30.332+0000] {logging_mixin.py:190} INFO - [2026-05-07T23:24:30.331+0000] {dag.py:4180} INFO - Setting next_dagrun for kafka_to_s3 to 2026-05-07 00:00:00+00:00, run_after=2026-05-08 00:00:00+00:00
[2026-05-07T23:24:30.365+0000] {processor.py:208} INFO - Processing /opt/airflow/dags/main.py took 0.358 seconds
[2026-05-07T23:25:01.674+0000] {processor.py:186} INFO - Started process (PID=3749) to work on /opt/airflow/dags/main.py
[2026-05-07T23:25:01.675+0000] {processor.py:914} INFO - Processing file /opt/airflow/dags/main.py for tasks to queue
[2026-05-07T23:25:01.680+0000] {logging_mixin.py:190} INFO - [2026-05-07T23:25:01.680+0000] {dagbag.py:588} INFO - Filling up the DagBag from /opt/airflow/dags/main.py
[2026-05-07T23:25:01.978+0000] {processor.py:925} INFO - DAG(s) 'kafka_to_s3' retrieved from /opt/airflow/dags/main.py
[2026-05-07T23:25:02.027+0000] {logging_mixin.py:190} INFO - [2026-05-07T23:25:02.026+0000] {dag.py:3239} INFO - Sync 1 DAGs
[2026-05-07T23:25:02.072+0000] {logging_mixin.py:190} INFO - [2026-05-07T23:25:02.072+0000] {dag.py:4180} INFO - Setting next_dagrun for kafka_to_s3 to 2026-05-07 00:00:00+00:00, run_after=2026-05-08 00:00:00+00:00
[2026-05-07T23:25:02.108+0000] {processor.py:208} INFO - Processing /opt/airflow/dags/main.py took 0.443 seconds
[2026-05-07T23:25:32.800+0000] {processor.py:186} INFO - Started process (PID=3756) to work on /opt/airflow/dags/main.py
[2026-05-07T23:25:32.802+0000] {processor.py:914} INFO - Processing file /opt/airflow/dags/main.py for tasks to queue
[2026-05-07T23:25:32.808+0000] {logging_mixin.py:190} INFO - [2026-05-07T23:25:32.808+0000] {dagbag.py:588} INFO - Filling up the DagBag from /opt/airflow/dags/main.py
[2026-05-07T23:25:33.035+0000] {processor.py:925} INFO - DAG(s) 'kafka_to_s3' retrieved from /opt/airflow/dags/main.py
[2026-05-07T23:25:33.067+0000] {logging_mixin.py:190} INFO - [2026-05-07T23:25:33.067+0000] {dag.py:3239} INFO - Sync 1 DAGs
[2026-05-07T23:25:33.096+0000] {logging_mixin.py:190} INFO - [2026-05-07T23:25:33.096+0000] {dag.py:4180} INFO - Setting next_dagrun for kafka_to_s3 to 2026-05-07 00:00:00+00:00, run_after=2026-05-08 00:00:00+00:00
[2026-05-07T23:25:33.125+0000] {processor.py:208} INFO - Processing /opt/airflow/dags/main.py took 0.336 seconds
[2026-05-07T23:26:04.433+0000] {processor.py:186} INFO - Started process (PID=3763) to work on /opt/airflow/dags/main.py
[2026-05-07T23:26:04.436+0000] {processor.py:914} INFO - Processing file /opt/airflow/dags/main.py for tasks to queue
[2026-05-07T23:26:04.444+0000] {logging_mixin.py:190} INFO - [2026-05-07T23:26:04.443+0000] {dagbag.py:588} INFO - Filling up the DagBag from /opt/airflow/dags/main.py
[2026-05-07T23:26:04.672+0000] {processor.py:925} INFO - DAG(s) 'kafka_to_s3' retrieved from /opt/airflow/dags/main.py
[2026-05-07T23:26:04.714+0000] {logging_mixin.py:190} INFO - [2026-05-07T23:26:04.714+0000] {dag.py:3239} INFO - Sync 1 DAGs
[2026-05-07T23:26:04.750+0000] {logging_mixin.py:190} INFO - [2026-05-07T23:26:04.750+0000] {dag.py:4180} INFO - Setting next_dagrun for kafka_to_s3 to 2026-05-07 00:00:00+00:00, run_after=2026-05-08 00:00:00+00:00
[2026-05-07T23:26:04.778+0000] {processor.py:208} INFO - Processing /opt/airflow/dags/main.py took 0.359 seconds
[2026-05-07T23:26:36.348+0000] {processor.py:186} INFO - Started process (PID=3770) to work on /opt/airflow/dags/main.py
[2026-05-07T23:26:36.350+0000] {processor.py:914} INFO - Processing file /opt/airflow/dags/main.py for tasks to queue
[2026-05-07T23:26:36.357+0000] {logging_mixin.py:190} INFO - [2026-05-07T23:26:36.356+0000] {dagbag.py:588} INFO - Filling up the DagBag from /opt/airflow/dags/main.py
[2026-05-07T23:26:36.654+0000] {processor.py:925} INFO - DAG(s) 'kafka_to_s3' retrieved from /opt/airflow/dags/main.py
[2026-05-07T23:26:36.699+0000] {logging_mixin.py:190} INFO - [2026-05-07T23:26:36.698+0000] {dag.py:3239} INFO - Sync 1 DAGs
[2026-05-07T23:26:36.741+0000] {logging_mixin.py:190} INFO - [2026-05-07T23:26:36.740+0000] {dag.py:4180} INFO - Setting next_dagrun for kafka_to_s3 to 2026-05-07 00:00:00+00:00, run_after=2026-05-08 00:00:00+00:00
[2026-05-07T23:26:36.766+0000] {processor.py:208} INFO - Processing /opt/airflow/dags/main.py took 0.440 seconds
[2026-05-07T23:27:07.736+0000] {processor.py:186} INFO - Started process (PID=3777) to work on /opt/airflow/dags/main.py
[2026-05-07T23:27:07.738+0000] {processor.py:914} INFO - Processing file /opt/airflow/dags/main.py for tasks to queue
[2026-05-07T23:27:07.741+0000] {logging_mixin.py:190} INFO - [2026-05-07T23:27:07.741+0000] {dagbag.py:588} INFO - Filling up the DagBag from /opt/airflow/dags/main.py
[2026-05-07T23:27:07.954+0000] {processor.py:925} INFO - DAG(s) 'kafka_to_s3' retrieved from /opt/airflow/dags/main.py
[2026-05-07T23:27:07.992+0000] {logging_mixin.py:190} INFO - [2026-05-07T23:27:07.992+0000] {dag.py:3239} INFO - Sync 1 DAGs
[2026-05-07T23:27:08.028+0000] {logging_mixin.py:190} INFO - [2026-05-07T23:27:08.028+0000] {dag.py:4180} INFO - Setting next_dagrun for kafka_to_s3 to 2026-05-07 00:00:00+00:00, run_after=2026-05-08 00:00:00+00:00
[2026-05-07T23:27:08.070+0000] {processor.py:208} INFO - Processing /opt/airflow/dags/main.py took 0.345 seconds
[2026-05-07T23:27:39.349+0000] {processor.py:186} INFO - Started process (PID=3784) to work on /opt/airflow/dags/main.py
[2026-05-07T23:27:39.352+0000] {processor.py:914} INFO - Processing file /opt/airflow/dags/main.py for tasks to queue
[2026-05-07T23:27:39.357+0000] {logging_mixin.py:190} INFO - [2026-05-07T23:27:39.356+0000] {dagbag.py:588} INFO - Filling up the DagBag from /opt/airflow/dags/main.py
[2026-05-07T23:27:39.592+0000] {processor.py:925} INFO - DAG(s) 'kafka_to_s3' retrieved from /opt/airflow/dags/main.py
[2026-05-07T23:27:39.629+0000] {logging_mixin.py:190} INFO - [2026-05-07T23:27:39.629+0000] {dag.py:3239} INFO - Sync 1 DAGs
[2026-05-07T23:27:39.665+0000] {logging_mixin.py:190} INFO - [2026-05-07T23:27:39.665+0000] {dag.py:4180} INFO - Setting next_dagrun for kafka_to_s3 to 2026-05-07 00:00:00+00:00, run_after=2026-05-08 00:00:00+00:00
[2026-05-07T23:27:39.695+0000] {processor.py:208} INFO - Processing /opt/airflow/dags/main.py took 0.359 seconds
[2026-05-07T23:28:11.476+0000] {processor.py:186} INFO - Started process (PID=3791) to work on /opt/airflow/dags/main.py
[2026-05-07T23:28:11.477+0000] {processor.py:914} INFO - Processing file /opt/airflow/dags/main.py for tasks to queue
[2026-05-07T23:28:11.481+0000] {logging_mixin.py:190} INFO - [2026-05-07T23:28:11.481+0000] {dagbag.py:588} INFO - Filling up the DagBag from /opt/airflow/dags/main.py
[2026-05-07T23:28:11.701+0000] {processor.py:925} INFO - DAG(s) 'kafka_to_s3' retrieved from /opt/airflow/dags/main.py
[2026-05-07T23:28:11.740+0000] {logging_mixin.py:190} INFO - [2026-05-07T23:28:11.740+0000] {dag.py:3239} INFO - Sync 1 DAGs
[2026-05-07T23:28:11.772+0000] {logging_mixin.py:190} INFO - [2026-05-07T23:28:11.771+0000] {dag.py:4180} INFO - Setting next_dagrun for kafka_to_s3 to 2026-05-07 00:00:00+00:00, run_after=2026-05-08 00:00:00+00:00
[2026-05-07T23:28:11.799+0000] {processor.py:208} INFO - Processing /opt/airflow/dags/main.py took 0.332 seconds
[2026-05-07T23:28:42.782+0000] {processor.py:186} INFO - Started process (PID=3798) to work on /opt/airflow/dags/main.py
[2026-05-07T23:28:42.784+0000] {processor.py:914} INFO - Processing file /opt/airflow/dags/main.py for tasks to queue
[2026-05-07T23:28:42.789+0000] {logging_mixin.py:190} INFO - [2026-05-07T23:28:42.789+0000] {dagbag.py:588} INFO - Filling up the DagBag from /opt/airflow/dags/main.py
[2026-05-07T23:28:43.046+0000] {processor.py:925} INFO - DAG(s) 'kafka_to_s3' retrieved from /opt/airflow/dags/main.py
[2026-05-07T23:28:43.087+0000] {logging_mixin.py:190} INFO - [2026-05-07T23:28:43.087+0000] {dag.py:3239} INFO - Sync 1 DAGs
[2026-05-07T23:28:43.130+0000] {logging_mixin.py:190} INFO - [2026-05-07T23:28:43.129+0000] {dag.py:4180} INFO - Setting next_dagrun for kafka_to_s3 to 2026-05-07 00:00:00+00:00, run_after=2026-05-08 00:00:00+00:00
[2026-05-07T23:28:43.172+0000] {processor.py:208} INFO - Processing /opt/airflow/dags/main.py took 0.403 seconds
[2026-05-07T23:29:14.264+0000] {processor.py:186} INFO - Started process (PID=3804) to work on /opt/airflow/dags/main.py
[2026-05-07T23:29:14.266+0000] {processor.py:914} INFO - Processing file /opt/airflow/dags/main.py for tasks to queue
[2026-05-07T23:29:14.271+0000] {logging_mixin.py:190} INFO - [2026-05-07T23:29:14.271+0000] {dagbag.py:588} INFO - Filling up the DagBag from /opt/airflow/dags/main.py
[2026-05-07T23:29:14.547+0000] {processor.py:925} INFO - DAG(s) 'kafka_to_s3' retrieved from /opt/airflow/dags/main.py
[2026-05-07T23:29:14.580+0000] {logging_mixin.py:190} INFO - [2026-05-07T23:29:14.580+0000] {dag.py:3239} INFO - Sync 1 DAGs
[2026-05-07T23:29:14.614+0000] {logging_mixin.py:190} INFO - [2026-05-07T23:29:14.613+0000] {dag.py:4180} INFO - Setting next_dagrun for kafka_to_s3 to 2026-05-07 00:00:00+00:00, run_after=2026-05-08 00:00:00+00:00
[2026-05-07T23:29:14.640+0000] {processor.py:208} INFO - Processing /opt/airflow/dags/main.py took 0.389 seconds
[2026-05-07T23:29:45.308+0000] {processor.py:186} INFO - Started process (PID=3811) to work on /opt/airflow/dags/main.py
[2026-05-07T23:29:45.311+0000] {processor.py:914} INFO - Processing file /opt/airflow/dags/main.py for tasks to queue
[2026-05-07T23:29:45.317+0000] {logging_mixin.py:190} INFO - [2026-05-07T23:29:45.316+0000] {dagbag.py:588} INFO - Filling up the DagBag from /opt/airflow/dags/main.py
[2026-05-07T23:29:45.650+0000] {processor.py:925} INFO - DAG(s) 'kafka_to_s3' retrieved from /opt/airflow/dags/main.py
[2026-05-07T23:29:45.754+0000] {logging_mixin.py:190} INFO - [2026-05-07T23:29:45.754+0000] {dag.py:3239} INFO - Sync 1 DAGs
[2026-05-07T23:29:45.842+0000] {logging_mixin.py:190} INFO - [2026-05-07T23:29:45.841+0000] {dag.py:4180} INFO - Setting next_dagrun for kafka_to_s3 to 2026-05-07 00:00:00+00:00, run_after=2026-05-08 00:00:00+00:00
[2026-05-07T23:29:45.925+0000] {processor.py:208} INFO - Processing /opt/airflow/dags/main.py took 0.632 seconds
[2026-05-07T23:30:17.887+0000] {processor.py:186} INFO - Started process (PID=3818) to work on /opt/airflow/dags/main.py
[2026-05-07T23:30:17.891+0000] {processor.py:914} INFO - Processing file /opt/airflow/dags/main.py for tasks to queue
[2026-05-07T23:30:17.905+0000] {logging_mixin.py:190} INFO - [2026-05-07T23:30:17.903+0000] {dagbag.py:588} INFO - Filling up the DagBag from /opt/airflow/dags/main.py
[2026-05-07T23:30:18.397+0000] {processor.py:925} INFO - DAG(s) 'kafka_to_s3' retrieved from /opt/airflow/dags/main.py
[2026-05-07T23:30:18.441+0000] {logging_mixin.py:190} INFO - [2026-05-07T23:30:18.440+0000] {dag.py:3239} INFO - Sync 1 DAGs
[2026-05-07T23:30:18.479+0000] {logging_mixin.py:190} INFO - [2026-05-07T23:30:18.479+0000] {dag.py:4180} INFO - Setting next_dagrun for kafka_to_s3 to 2026-05-07 00:00:00+00:00, run_after=2026-05-08 00:00:00+00:00
[2026-05-07T23:30:18.524+0000] {processor.py:208} INFO - Processing /opt/airflow/dags/main.py took 0.669 seconds
[2026-05-07T23:30:49.260+0000] {processor.py:186} INFO - Started process (PID=3825) to work on /opt/airflow/dags/main.py
[2026-05-07T23:30:49.263+0000] {processor.py:914} INFO - Processing file /opt/airflow/dags/main.py for tasks to queue
[2026-05-07T23:30:49.272+0000] {logging_mixin.py:190} INFO - [2026-05-07T23:30:49.271+0000] {dagbag.py:588} INFO - Filling up the DagBag from /opt/airflow/dags/main.py
[2026-05-07T23:30:49.747+0000] {processor.py:925} INFO - DAG(s) 'kafka_to_s3' retrieved from /opt/airflow/dags/main.py
[2026-05-07T23:30:49.815+0000] {logging_mixin.py:190} INFO - [2026-05-07T23:30:49.814+0000] {dag.py:3239} INFO - Sync 1 DAGs
[2026-05-07T23:30:49.874+0000] {logging_mixin.py:190} INFO - [2026-05-07T23:30:49.873+0000] {dag.py:4180} INFO - Setting next_dagrun for kafka_to_s3 to 2026-05-07 00:00:00+00:00, run_after=2026-05-08 00:00:00+00:00
[2026-05-07T23:30:49.933+0000] {processor.py:208} INFO - Processing /opt/airflow/dags/main.py took 0.692 seconds
[2026-05-07T23:31:21.106+0000] {processor.py:186} INFO - Started process (PID=3832) to work on /opt/airflow/dags/main.py
[2026-05-07T23:31:21.110+0000] {processor.py:914} INFO - Processing file /opt/airflow/dags/main.py for tasks to queue
[2026-05-07T23:31:21.121+0000] {logging_mixin.py:190} INFO - [2026-05-07T23:31:21.120+0000] {dagbag.py:588} INFO - Filling up the DagBag from /opt/airflow/dags/main.py
[2026-05-07T23:31:21.567+0000] {processor.py:925} INFO - DAG(s) 'kafka_to_s3' retrieved from /opt/airflow/dags/main.py
[2026-05-07T23:31:21.654+0000] {logging_mixin.py:190} INFO - [2026-05-07T23:31:21.653+0000] {dag.py:3239} INFO - Sync 1 DAGs
[2026-05-07T23:31:21.733+0000] {logging_mixin.py:190} INFO - [2026-05-07T23:31:21.733+0000] {dag.py:4180} INFO - Setting next_dagrun for kafka_to_s3 to 2026-05-07 00:00:00+00:00, run_after=2026-05-08 00:00:00+00:00
[2026-05-07T23:31:21.794+0000] {processor.py:208} INFO - Processing /opt/airflow/dags/main.py took 0.716 seconds
[2026-05-07T23:31:52.004+0000] {processor.py:186} INFO - Started process (PID=3838) to work on /opt/airflow/dags/main.py
[2026-05-07T23:31:52.006+0000] {processor.py:914} INFO - Processing file /opt/airflow/dags/main.py for tasks to queue
[2026-05-07T23:31:52.015+0000] {logging_mixin.py:190} INFO - [2026-05-07T23:31:52.014+0000] {dagbag.py:588} INFO - Filling up the DagBag from /opt/airflow/dags/main.py
[2026-05-07T23:31:52.338+0000] {processor.py:925} INFO - DAG(s) 'kafka_to_s3' retrieved from /opt/airflow/dags/main.py
[2026-05-07T23:31:52.409+0000] {logging_mixin.py:190} INFO - [2026-05-07T23:31:52.409+0000] {dag.py:3239} INFO - Sync 1 DAGs
[2026-05-07T23:31:52.465+0000] {logging_mixin.py:190} INFO - [2026-05-07T23:31:52.465+0000] {dag.py:4180} INFO - Setting next_dagrun for kafka_to_s3 to 2026-05-07 00:00:00+00:00, run_after=2026-05-08 00:00:00+00:00
[2026-05-07T23:31:52.513+0000] {processor.py:208} INFO - Processing /opt/airflow/dags/main.py took 0.525 seconds
[2026-05-07T23:32:23.813+0000] {processor.py:186} INFO - Started process (PID=3844) to work on /opt/airflow/dags/main.py
[2026-05-07T23:32:23.819+0000] {processor.py:914} INFO - Processing file /opt/airflow/dags/main.py for tasks to queue
[2026-05-07T23:32:23.833+0000] {logging_mixin.py:190} INFO - [2026-05-07T23:32:23.832+0000] {dagbag.py:588} INFO - Filling up the DagBag from /opt/airflow/dags/main.py
[2026-05-07T23:32:24.413+0000] {processor.py:925} INFO - DAG(s) 'kafka_to_s3' retrieved from /opt/airflow/dags/main.py
[2026-05-07T23:32:24.532+0000] {logging_mixin.py:190} INFO - [2026-05-07T23:32:24.531+0000] {dag.py:3239} INFO - Sync 1 DAGs
[2026-05-07T23:32:24.642+0000] {logging_mixin.py:190} INFO - [2026-05-07T23:32:24.641+0000] {dag.py:4180} INFO - Setting next_dagrun for kafka_to_s3 to 2026-05-07 00:00:00+00:00, run_after=2026-05-08 00:00:00+00:00
[2026-05-07T23:32:24.682+0000] {processor.py:208} INFO - Processing /opt/airflow/dags/main.py took 0.903 seconds
[2026-05-07T23:32:55.598+0000] {processor.py:186} INFO - Started process (PID=3851) to work on /opt/airflow/dags/main.py
[2026-05-07T23:32:55.604+0000] {processor.py:914} INFO - Processing file /opt/airflow/dags/main.py for tasks to queue
[2026-05-07T23:32:55.621+0000] {logging_mixin.py:190} INFO - [2026-05-07T23:32:55.619+0000] {dagbag.py:588} INFO - Filling up the DagBag from /opt/airflow/dags/main.py
[2026-05-07T23:32:56.070+0000] {processor.py:925} INFO - DAG(s) 'kafka_to_s3' retrieved from /opt/airflow/dags/main.py
[2026-05-07T23:32:56.120+0000] {logging_mixin.py:190} INFO - [2026-05-07T23:32:56.119+0000] {dag.py:3239} INFO - Sync 1 DAGs
[2026-05-07T23:32:56.161+0000] {logging_mixin.py:190} INFO - [2026-05-07T23:32:56.161+0000] {dag.py:4180} INFO - Setting next_dagrun for kafka_to_s3 to 2026-05-07 00:00:00+00:00, run_after=2026-05-08 00:00:00+00:00
[2026-05-07T23:32:56.195+0000] {processor.py:208} INFO - Processing /opt/airflow/dags/main.py took 0.631 seconds
[2026-05-07T23:33:26.724+0000] {processor.py:186} INFO - Started process (PID=3858) to work on /opt/airflow/dags/main.py
[2026-05-07T23:33:26.726+0000] {processor.py:914} INFO - Processing file /opt/airflow/dags/main.py for tasks to queue
[2026-05-07T23:33:26.729+0000] {logging_mixin.py:190} INFO - [2026-05-07T23:33:26.729+0000] {dagbag.py:588} INFO - Filling up the DagBag from /opt/airflow/dags/main.py
[2026-05-07T23:33:26.949+0000] {processor.py:925} INFO - DAG(s) 'kafka_to_s3' retrieved from /opt/airflow/dags/main.py
[2026-05-07T23:33:26.997+0000] {logging_mixin.py:190} INFO - [2026-05-07T23:33:26.996+0000] {dag.py:3239} INFO - Sync 1 DAGs
[2026-05-07T23:33:27.029+0000] {logging_mixin.py:190} INFO - [2026-05-07T23:33:27.029+0000] {dag.py:4180} INFO - Setting next_dagrun for kafka_to_s3 to 2026-05-07 00:00:00+00:00, run_after=2026-05-08 00:00:00+00:00
[2026-05-07T23:33:27.066+0000] {processor.py:208} INFO - Processing /opt/airflow/dags/main.py took 0.350 seconds
[2026-05-07T23:33:59.168+0000] {processor.py:186} INFO - Started process (PID=3865) to work on /opt/airflow/dags/main.py
[2026-05-07T23:33:59.170+0000] {processor.py:914} INFO - Processing file /opt/airflow/dags/main.py for tasks to queue
[2026-05-07T23:33:59.172+0000] {logging_mixin.py:190} INFO - [2026-05-07T23:33:59.172+0000] {dagbag.py:588} INFO - Filling up the DagBag from /opt/airflow/dags/main.py
[2026-05-07T23:33:59.329+0000] {processor.py:925} INFO - DAG(s) 'kafka_to_s3' retrieved from /opt/airflow/dags/main.py
[2026-05-07T23:33:59.359+0000] {logging_mixin.py:190} INFO - [2026-05-07T23:33:59.359+0000] {dag.py:3239} INFO - Sync 1 DAGs
[2026-05-07T23:33:59.384+0000] {logging_mixin.py:190} INFO - [2026-05-07T23:33:59.384+0000] {dag.py:4180} INFO - Setting next_dagrun for kafka_to_s3 to 2026-05-07 00:00:00+00:00, run_after=2026-05-08 00:00:00+00:00
[2026-05-07T23:33:59.403+0000] {processor.py:208} INFO - Processing /opt/airflow/dags/main.py took 0.242 seconds
[2026-05-07T23:34:29.952+0000] {processor.py:186} INFO - Started process (PID=3872) to work on /opt/airflow/dags/main.py
[2026-05-07T23:34:29.954+0000] {processor.py:914} INFO - Processing file /opt/airflow/dags/main.py for tasks to queue
[2026-05-07T23:34:29.961+0000] {logging_mixin.py:190} INFO - [2026-05-07T23:34:29.960+0000] {dagbag.py:588} INFO - Filling up the DagBag from /opt/airflow/dags/main.py
[2026-05-07T23:34:30.315+0000] {processor.py:925} INFO - DAG(s) 'kafka_to_s3' retrieved from /opt/airflow/dags/main.py
[2026-05-07T23:34:30.378+0000] {logging_mixin.py:190} INFO - [2026-05-07T23:34:30.377+0000] {dag.py:3239} INFO - Sync 1 DAGs
[2026-05-07T23:34:30.438+0000] {logging_mixin.py:190} INFO - [2026-05-07T23:34:30.437+0000] {dag.py:4180} INFO - Setting next_dagrun for kafka_to_s3 to 2026-05-07 00:00:00+00:00, run_after=2026-05-08 00:00:00+00:00
[2026-05-07T23:34:30.487+0000] {processor.py:208} INFO - Processing /opt/airflow/dags/main.py took 0.558 seconds
[2026-05-07T23:35:01.634+0000] {processor.py:186} INFO - Started process (PID=3879) to work on /opt/airflow/dags/main.py
[2026-05-07T23:35:01.637+0000] {processor.py:914} INFO - Processing file /opt/airflow/dags/main.py for tasks to queue
[2026-05-07T23:35:01.643+0000] {logging_mixin.py:190} INFO - [2026-05-07T23:35:01.642+0000] {dagbag.py:588} INFO - Filling up the DagBag from /opt/airflow/dags/main.py
[2026-05-07T23:35:01.941+0000] {processor.py:925} INFO - DAG(s) 'kafka_to_s3' retrieved from /opt/airflow/dags/main.py
[2026-05-07T23:35:01.995+0000] {logging_mixin.py:190} INFO - [2026-05-07T23:35:01.995+0000] {dag.py:3239} INFO - Sync 1 DAGs
[2026-05-07T23:35:02.057+0000] {logging_mixin.py:190} INFO - [2026-05-07T23:35:02.056+0000] {dag.py:4180} INFO - Setting next_dagrun for kafka_to_s3 to 2026-05-07 00:00:00+00:00, run_after=2026-05-08 00:00:00+00:00
[2026-05-07T23:35:02.103+0000] {processor.py:208} INFO - Processing /opt/airflow/dags/main.py took 0.487 seconds
[2026-05-07T23:35:33.167+0000] {processor.py:186} INFO - Started process (PID=3886) to work on /opt/airflow/dags/main.py
[2026-05-07T23:35:33.170+0000] {processor.py:914} INFO - Processing file /opt/airflow/dags/main.py for tasks to queue
[2026-05-07T23:35:33.177+0000] {logging_mixin.py:190} INFO - [2026-05-07T23:35:33.176+0000] {dagbag.py:588} INFO - Filling up the DagBag from /opt/airflow/dags/main.py
[2026-05-07T23:35:33.557+0000] {processor.py:925} INFO - DAG(s) 'kafka_to_s3' retrieved from /opt/airflow/dags/main.py
[2026-05-07T23:35:33.628+0000] {logging_mixin.py:190} INFO - [2026-05-07T23:35:33.627+0000] {dag.py:3239} INFO - Sync 1 DAGs
[2026-05-07T23:35:33.677+0000] {logging_mixin.py:190} INFO - [2026-05-07T23:35:33.676+0000] {dag.py:4180} INFO - Setting next_dagrun for kafka_to_s3 to 2026-05-07 00:00:00+00:00, run_after=2026-05-08 00:00:00+00:00
[2026-05-07T23:35:33.724+0000] {processor.py:208} INFO - Processing /opt/airflow/dags/main.py took 0.575 seconds
[2026-05-07T23:36:05.310+0000] {processor.py:186} INFO - Started process (PID=3893) to work on /opt/airflow/dags/main.py
[2026-05-07T23:36:05.315+0000] {processor.py:914} INFO - Processing file /opt/airflow/dags/main.py for tasks to queue
[2026-05-07T23:36:05.329+0000] {logging_mixin.py:190} INFO - [2026-05-07T23:36:05.327+0000] {dagbag.py:588} INFO - Filling up the DagBag from /opt/airflow/dags/main.py
[2026-05-07T23:36:06.023+0000] {processor.py:925} INFO - DAG(s) 'kafka_to_s3' retrieved from /opt/airflow/dags/main.py
[2026-05-07T23:36:06.208+0000] {logging_mixin.py:190} INFO - [2026-05-07T23:36:06.207+0000] {dag.py:3239} INFO - Sync 1 DAGs
[2026-05-07T23:36:06.347+0000] {logging_mixin.py:190} INFO - [2026-05-07T23:36:06.342+0000] {dag.py:4180} INFO - Setting next_dagrun for kafka_to_s3 to 2026-05-07 00:00:00+00:00, run_after=2026-05-08 00:00:00+00:00
[2026-05-07T23:36:06.400+0000] {processor.py:208} INFO - Processing /opt/airflow/dags/main.py took 1.175 seconds
[2026-05-07T23:36:36.580+0000] {processor.py:186} INFO - Started process (PID=3900) to work on /opt/airflow/dags/main.py
[2026-05-07T23:36:36.584+0000] {processor.py:914} INFO - Processing file /opt/airflow/dags/main.py for tasks to queue
[2026-05-07T23:36:36.598+0000] {logging_mixin.py:190} INFO - [2026-05-07T23:36:36.597+0000] {dagbag.py:588} INFO - Filling up the DagBag from /opt/airflow/dags/main.py
[2026-05-07T23:36:37.247+0000] {processor.py:925} INFO - DAG(s) 'kafka_to_s3' retrieved from /opt/airflow/dags/main.py
[2026-05-07T23:36:37.426+0000] {logging_mixin.py:190} INFO - [2026-05-07T23:36:37.425+0000] {dag.py:3239} INFO - Sync 1 DAGs
[2026-05-07T23:36:37.468+0000] {logging_mixin.py:190} INFO - [2026-05-07T23:36:37.467+0000] {dag.py:4180} INFO - Setting next_dagrun for kafka_to_s3 to 2026-05-07 00:00:00+00:00, run_after=2026-05-08 00:00:00+00:00
[2026-05-07T23:36:37.505+0000] {processor.py:208} INFO - Processing /opt/airflow/dags/main.py took 0.956 seconds
[2026-05-07T23:37:08.671+0000] {processor.py:186} INFO - Started process (PID=3907) to work on /opt/airflow/dags/main.py
[2026-05-07T23:37:08.673+0000] {processor.py:914} INFO - Processing file /opt/airflow/dags/main.py for tasks to queue
[2026-05-07T23:37:08.681+0000] {logging_mixin.py:190} INFO - [2026-05-07T23:37:08.680+0000] {dagbag.py:588} INFO - Filling up the DagBag from /opt/airflow/dags/main.py
[2026-05-07T23:37:09.018+0000] {processor.py:925} INFO - DAG(s) 'kafka_to_s3' retrieved from /opt/airflow/dags/main.py
[2026-05-07T23:37:09.095+0000] {logging_mixin.py:190} INFO - [2026-05-07T23:37:09.094+0000] {dag.py:3239} INFO - Sync 1 DAGs
[2026-05-07T23:37:09.173+0000] {logging_mixin.py:190} INFO - [2026-05-07T23:37:09.173+0000] {dag.py:4180} INFO - Setting next_dagrun for kafka_to_s3 to 2026-05-07 00:00:00+00:00, run_after=2026-05-08 00:00:00+00:00
[2026-05-07T23:37:09.223+0000] {processor.py:208} INFO - Processing /opt/airflow/dags/main.py took 0.566 seconds
[2026-05-07T23:37:39.545+0000] {processor.py:186} INFO - Started process (PID=3915) to work on /opt/airflow/dags/main.py
[2026-05-07T23:37:39.550+0000] {processor.py:914} INFO - Processing file /opt/airflow/dags/main.py for tasks to queue
[2026-05-07T23:37:39.561+0000] {logging_mixin.py:190} INFO - [2026-05-07T23:37:39.560+0000] {dagbag.py:588} INFO - Filling up the DagBag from /opt/airflow/dags/main.py
[2026-05-07T23:37:39.899+0000] {processor.py:925} INFO - DAG(s) 'kafka_to_s3' retrieved from /opt/airflow/dags/main.py
[2026-05-07T23:37:39.955+0000] {logging_mixin.py:190} INFO - [2026-05-07T23:37:39.955+0000] {dag.py:3239} INFO - Sync 1 DAGs
[2026-05-07T23:37:40.017+0000] {logging_mixin.py:190} INFO - [2026-05-07T23:37:40.017+0000] {dag.py:4180} INFO - Setting next_dagrun for kafka_to_s3 to 2026-05-07 00:00:00+00:00, run_after=2026-05-08 00:00:00+00:00
[2026-05-07T23:37:40.065+0000] {processor.py:208} INFO - Processing /opt/airflow/dags/main.py took 0.538 seconds
[2026-05-07T23:38:11.183+0000] {processor.py:186} INFO - Started process (PID=3922) to work on /opt/airflow/dags/main.py
[2026-05-07T23:38:11.187+0000] {processor.py:914} INFO - Processing file /opt/airflow/dags/main.py for tasks to queue
[2026-05-07T23:38:11.204+0000] {logging_mixin.py:190} INFO - [2026-05-07T23:38:11.203+0000] {dagbag.py:588} INFO - Filling up the DagBag from /opt/airflow/dags/main.py
[2026-05-07T23:38:11.614+0000] {processor.py:925} INFO - DAG(s) 'kafka_to_s3' retrieved from /opt/airflow/dags/main.py
[2026-05-07T23:38:11.748+0000] {logging_mixin.py:190} INFO - [2026-05-07T23:38:11.748+0000] {dag.py:3239} INFO - Sync 1 DAGs
[2026-05-07T23:38:11.808+0000] {logging_mixin.py:190} INFO - [2026-05-07T23:38:11.808+0000] {dag.py:4180} INFO - Setting next_dagrun for kafka_to_s3 to 2026-05-07 00:00:00+00:00, run_after=2026-05-08 00:00:00+00:00
[2026-05-07T23:38:11.851+0000] {processor.py:208} INFO - Processing /opt/airflow/dags/main.py took 0.715 seconds
[2026-05-07T23:38:43.173+0000] {processor.py:186} INFO - Started process (PID=3929) to work on /opt/airflow/dags/main.py
[2026-05-07T23:38:43.178+0000] {processor.py:914} INFO - Processing file /opt/airflow/dags/main.py for tasks to queue
[2026-05-07T23:38:43.193+0000] {logging_mixin.py:190} INFO - [2026-05-07T23:38:43.191+0000] {dagbag.py:588} INFO - Filling up the DagBag from /opt/airflow/dags/main.py
[2026-05-07T23:38:43.879+0000] {processor.py:925} INFO - DAG(s) 'kafka_to_s3' retrieved from /opt/airflow/dags/main.py
[2026-05-07T23:38:44.006+0000] {logging_mixin.py:190} INFO - [2026-05-07T23:38:44.006+0000] {dag.py:3239} INFO - Sync 1 DAGs
[2026-05-07T23:38:44.115+0000] {logging_mixin.py:190} INFO - [2026-05-07T23:38:44.114+0000] {dag.py:4180} INFO - Setting next_dagrun for kafka_to_s3 to 2026-05-07 00:00:00+00:00, run_after=2026-05-08 00:00:00+00:00
[2026-05-07T23:38:44.216+0000] {processor.py:208} INFO - Processing /opt/airflow/dags/main.py took 1.072 seconds
[2026-05-07T23:39:15.196+0000] {processor.py:186} INFO - Started process (PID=3936) to work on /opt/airflow/dags/main.py
[2026-05-07T23:39:15.198+0000] {processor.py:914} INFO - Processing file /opt/airflow/dags/main.py for tasks to queue
[2026-05-07T23:39:15.209+0000] {logging_mixin.py:190} INFO - [2026-05-07T23:39:15.208+0000] {dagbag.py:588} INFO - Filling up the DagBag from /opt/airflow/dags/main.py
[2026-05-07T23:39:15.538+0000] {processor.py:925} INFO - DAG(s) 'kafka_to_s3' retrieved from /opt/airflow/dags/main.py
[2026-05-07T23:39:15.585+0000] {logging_mixin.py:190} INFO - [2026-05-07T23:39:15.585+0000] {dag.py:3239} INFO - Sync 1 DAGs
[2026-05-07T23:39:15.640+0000] {logging_mixin.py:190} INFO - [2026-05-07T23:39:15.639+0000] {dag.py:4180} INFO - Setting next_dagrun for kafka_to_s3 to 2026-05-07 00:00:00+00:00, run_after=2026-05-08 00:00:00+00:00
[2026-05-07T23:39:15.682+0000] {processor.py:208} INFO - Processing /opt/airflow/dags/main.py took 0.506 seconds
[2026-05-07T23:39:46.348+0000] {processor.py:186} INFO - Started process (PID=3943) to work on /opt/airflow/dags/main.py
[2026-05-07T23:39:46.353+0000] {processor.py:914} INFO - Processing file /opt/airflow/dags/main.py for tasks to queue
[2026-05-07T23:39:46.368+0000] {logging_mixin.py:190} INFO - [2026-05-07T23:39:46.367+0000] {dagbag.py:588} INFO - Filling up the DagBag from /opt/airflow/dags/main.py
[2026-05-07T23:39:46.968+0000] {processor.py:925} INFO - DAG(s) 'kafka_to_s3' retrieved from /opt/airflow/dags/main.py
[2026-05-07T23:39:47.068+0000] {logging_mixin.py:190} INFO - [2026-05-07T23:39:47.067+0000] {dag.py:3239} INFO - Sync 1 DAGs
[2026-05-07T23:39:47.119+0000] {logging_mixin.py:190} INFO - [2026-05-07T23:39:47.119+0000] {dag.py:4180} INFO - Setting next_dagrun for kafka_to_s3 to 2026-05-07 00:00:00+00:00, run_after=2026-05-08 00:00:00+00:00
[2026-05-07T23:39:47.161+0000] {processor.py:208} INFO - Processing /opt/airflow/dags/main.py took 0.847 seconds
[2026-05-07T23:40:18.748+0000] {processor.py:186} INFO - Started process (PID=3950) to work on /opt/airflow/dags/main.py
[2026-05-07T23:40:18.751+0000] {processor.py:914} INFO - Processing file /opt/airflow/dags/main.py for tasks to queue
[2026-05-07T23:40:18.759+0000] {logging_mixin.py:190} INFO - [2026-05-07T23:40:18.758+0000] {dagbag.py:588} INFO - Filling up the DagBag from /opt/airflow/dags/main.py
[2026-05-07T23:40:19.165+0000] {processor.py:925} INFO - DAG(s) 'kafka_to_s3' retrieved from /opt/airflow/dags/main.py
[2026-05-07T23:40:19.304+0000] {logging_mixin.py:190} INFO - [2026-05-07T23:40:19.303+0000] {dag.py:3239} INFO - Sync 1 DAGs
[2026-05-07T23:40:19.441+0000] {logging_mixin.py:190} INFO - [2026-05-07T23:40:19.440+0000] {dag.py:4180} INFO - Setting next_dagrun for kafka_to_s3 to 2026-05-07 00:00:00+00:00, run_after=2026-05-08 00:00:00+00:00
[2026-05-07T23:40:19.488+0000] {processor.py:208} INFO - Processing /opt/airflow/dags/main.py took 0.761 seconds
[2026-05-07T23:40:50.443+0000] {processor.py:186} INFO - Started process (PID=3957) to work on /opt/airflow/dags/main.py
[2026-05-07T23:40:50.447+0000] {processor.py:914} INFO - Processing file /opt/airflow/dags/main.py for tasks to queue
[2026-05-07T23:40:50.464+0000] {logging_mixin.py:190} INFO - [2026-05-07T23:40:50.463+0000] {dagbag.py:588} INFO - Filling up the DagBag from /opt/airflow/dags/main.py
[2026-05-07T23:40:50.917+0000] {processor.py:925} INFO - DAG(s) 'kafka_to_s3' retrieved from /opt/airflow/dags/main.py
[2026-05-07T23:40:50.985+0000] {logging_mixin.py:190} INFO - [2026-05-07T23:40:50.984+0000] {dag.py:3239} INFO - Sync 1 DAGs
[2026-05-07T23:40:51.046+0000] {logging_mixin.py:190} INFO - [2026-05-07T23:40:51.046+0000] {dag.py:4180} INFO - Setting next_dagrun for kafka_to_s3 to 2026-05-07 00:00:00+00:00, run_after=2026-05-08 00:00:00+00:00
[2026-05-07T23:40:51.094+0000] {processor.py:208} INFO - Processing /opt/airflow/dags/main.py took 0.685 seconds
[2026-05-07T23:41:21.532+0000] {processor.py:186} INFO - Started process (PID=3964) to work on /opt/airflow/dags/main.py
[2026-05-07T23:41:21.537+0000] {processor.py:914} INFO - Processing file /opt/airflow/dags/main.py for tasks to queue
[2026-05-07T23:41:21.549+0000] {logging_mixin.py:190} INFO - [2026-05-07T23:41:21.547+0000] {dagbag.py:588} INFO - Filling up the DagBag from /opt/airflow/dags/main.py
[2026-05-07T23:41:22.096+0000] {processor.py:925} INFO - DAG(s) 'kafka_to_s3' retrieved from /opt/airflow/dags/main.py
[2026-05-07T23:41:22.209+0000] {logging_mixin.py:190} INFO - [2026-05-07T23:41:22.208+0000] {dag.py:3239} INFO - Sync 1 DAGs
[2026-05-07T23:41:22.321+0000] {logging_mixin.py:190} INFO - [2026-05-07T23:41:22.320+0000] {dag.py:4180} INFO - Setting next_dagrun for kafka_to_s3 to 2026-05-07 00:00:00+00:00, run_after=2026-05-08 00:00:00+00:00
[2026-05-07T23:41:22.405+0000] {processor.py:208} INFO - Processing /opt/airflow/dags/main.py took 0.903 seconds
[2026-05-07T23:41:54.128+0000] {processor.py:186} INFO - Started process (PID=3971) to work on /opt/airflow/dags/main.py
[2026-05-07T23:41:54.133+0000] {processor.py:914} INFO - Processing file /opt/airflow/dags/main.py for tasks to queue
[2026-05-07T23:41:54.145+0000] {logging_mixin.py:190} INFO - [2026-05-07T23:41:54.143+0000] {dagbag.py:588} INFO - Filling up the DagBag from /opt/airflow/dags/main.py
[2026-05-07T23:41:54.621+0000] {processor.py:925} INFO - DAG(s) 'kafka_to_s3' retrieved from /opt/airflow/dags/main.py
[2026-05-07T23:41:54.696+0000] {logging_mixin.py:190} INFO - [2026-05-07T23:41:54.695+0000] {dag.py:3239} INFO - Sync 1 DAGs
[2026-05-07T23:41:54.765+0000] {logging_mixin.py:190} INFO - [2026-05-07T23:41:54.765+0000] {dag.py:4180} INFO - Setting next_dagrun for kafka_to_s3 to 2026-05-07 00:00:00+00:00, run_after=2026-05-08 00:00:00+00:00
[2026-05-07T23:41:54.816+0000] {processor.py:208} INFO - Processing /opt/airflow/dags/main.py took 0.723 seconds
[2026-05-07T23:42:25.905+0000] {processor.py:186} INFO - Started process (PID=3978) to work on /opt/airflow/dags/main.py
[2026-05-07T23:42:25.910+0000] {processor.py:914} INFO - Processing file /opt/airflow/dags/main.py for tasks to queue
[2026-05-07T23:42:25.917+0000] {logging_mixin.py:190} INFO - [2026-05-07T23:42:25.916+0000] {dagbag.py:588} INFO - Filling up the DagBag from /opt/airflow/dags/main.py
[2026-05-07T23:42:26.217+0000] {processor.py:925} INFO - DAG(s) 'kafka_to_s3' retrieved from /opt/airflow/dags/main.py
[2026-05-07T23:42:26.276+0000] {logging_mixin.py:190} INFO - [2026-05-07T23:42:26.276+0000] {dag.py:3239} INFO - Sync 1 DAGs
[2026-05-07T23:42:26.364+0000] {logging_mixin.py:190} INFO - [2026-05-07T23:42:26.364+0000] {dag.py:4180} INFO - Setting next_dagrun for kafka_to_s3 to 2026-05-07 00:00:00+00:00, run_after=2026-05-08 00:00:00+00:00
[2026-05-07T23:42:26.449+0000] {processor.py:208} INFO - Processing /opt/airflow/dags/main.py took 0.564 seconds
[2026-05-07T23:42:56.676+0000] {processor.py:186} INFO - Started process (PID=3985) to work on /opt/airflow/dags/main.py
[2026-05-07T23:42:56.678+0000] {processor.py:914} INFO - Processing file /opt/airflow/dags/main.py for tasks to queue
[2026-05-07T23:42:56.684+0000] {logging_mixin.py:190} INFO - [2026-05-07T23:42:56.683+0000] {dagbag.py:588} INFO - Filling up the DagBag from /opt/airflow/dags/main.py
[2026-05-07T23:42:57.066+0000] {processor.py:925} INFO - DAG(s) 'kafka_to_s3' retrieved from /opt/airflow/dags/main.py
[2026-05-07T23:42:57.179+0000] {logging_mixin.py:190} INFO - [2026-05-07T23:42:57.178+0000] {dag.py:3239} INFO - Sync 1 DAGs
[2026-05-07T23:42:57.308+0000] {logging_mixin.py:190} INFO - [2026-05-07T23:42:57.307+0000] {dag.py:4180} INFO - Setting next_dagrun for kafka_to_s3 to 2026-05-07 00:00:00+00:00, run_after=2026-05-08 00:00:00+00:00
[2026-05-07T23:42:57.396+0000] {processor.py:208} INFO - Processing /opt/airflow/dags/main.py took 0.736 seconds
[2026-05-07T23:43:27.961+0000] {processor.py:186} INFO - Started process (PID=3991) to work on /opt/airflow/dags/main.py
[2026-05-07T23:43:27.964+0000] {processor.py:914} INFO - Processing file /opt/airflow/dags/main.py for tasks to queue
[2026-05-07T23:43:27.972+0000] {logging_mixin.py:190} INFO - [2026-05-07T23:43:27.971+0000] {dagbag.py:588} INFO - Filling up the DagBag from /opt/airflow/dags/main.py
[2026-05-07T23:43:29.424+0000] {processor.py:925} INFO - DAG(s) 'kafka_to_s3' retrieved from /opt/airflow/dags/main.py
[2026-05-07T23:43:29.500+0000] {logging_mixin.py:190} INFO - [2026-05-07T23:43:29.499+0000] {dag.py:3239} INFO - Sync 1 DAGs
[2026-05-07T23:43:29.576+0000] {logging_mixin.py:190} INFO - [2026-05-07T23:43:29.576+0000] {dag.py:4180} INFO - Setting next_dagrun for kafka_to_s3 to 2026-05-07 00:00:00+00:00, run_after=2026-05-08 00:00:00+00:00
[2026-05-07T23:43:29.612+0000] {processor.py:208} INFO - Processing /opt/airflow/dags/main.py took 0.524 seconds
[2026-05-07T23:43:59.997+0000] {processor.py:186} INFO - Started process (PID=3998) to work on /opt/airflow/dags/main.py
[2026-05-07T23:43:59.999+0000] {processor.py:914} INFO - Processing file /opt/airflow/dags/main.py for tasks to queue
[2026-05-07T23:44:00.003+0000] {logging_mixin.py:190} INFO - [2026-05-07T23:44:00.002+0000] {dagbag.py:588} INFO - Filling up the DagBag from /opt/airflow/dags/main.py
[2026-05-07T23:44:01.339+0000] {processor.py:925} INFO - DAG(s) 'kafka_to_s3' retrieved from /opt/airflow/dags/main.py
[2026-05-07T23:44:01.376+0000] {logging_mixin.py:190} INFO - [2026-05-07T23:44:01.375+0000] {dag.py:3239} INFO - Sync 1 DAGs
[2026-05-07T23:44:01.410+0000] {logging_mixin.py:190} INFO - [2026-05-07T23:44:01.410+0000] {dag.py:4180} INFO - Setting next_dagrun for kafka_to_s3 to 2026-05-07 00:00:00+00:00, run_after=2026-05-08 00:00:00+00:00
[2026-05-07T23:44:01.442+0000] {processor.py:208} INFO - Processing /opt/airflow/dags/main.py took 0.302 seconds
[2026-05-07T23:44:33.159+0000] {processor.py:186} INFO - Started process (PID=4006) to work on /opt/airflow/dags/main.py
[2026-05-07T23:44:33.161+0000] {processor.py:914} INFO - Processing file /opt/airflow/dags/main.py for tasks to queue
[2026-05-07T23:44:33.165+0000] {logging_mixin.py:190} INFO - [2026-05-07T23:44:33.165+0000] {dagbag.py:588} INFO - Filling up the DagBag from /opt/airflow/dags/main.py
[2026-05-07T23:44:33.586+0000] {processor.py:925} INFO - DAG(s) 'kafka_to_s3' retrieved from /opt/airflow/dags/main.py
[2026-05-07T23:44:33.651+0000] {logging_mixin.py:190} INFO - [2026-05-07T23:44:33.651+0000] {dag.py:3239} INFO - Sync 1 DAGs
[2026-05-07T23:44:33.702+0000] {logging_mixin.py:190} INFO - [2026-05-07T23:44:33.702+0000] {dag.py:4180} INFO - Setting next_dagrun for kafka_to_s3 to 2026-05-07 00:00:00+00:00, run_after=2026-05-08 00:00:00+00:00
[2026-05-07T23:44:33.735+0000] {processor.py:208} INFO - Processing /opt/airflow/dags/main.py took 0.588 seconds
[2026-05-07T23:45:04.839+0000] {processor.py:186} INFO - Started process (PID=4013) to work on /opt/airflow/dags/main.py
[2026-05-07T23:45:04.840+0000] {processor.py:914} INFO - Processing file /opt/airflow/dags/main.py for tasks to queue
[2026-05-07T23:45:04.845+0000] {logging_mixin.py:190} INFO - [2026-05-07T23:45:04.844+0000] {dagbag.py:588} INFO - Filling up the DagBag from /opt/airflow/dags/main.py
[2026-05-07T23:45:05.098+0000] {processor.py:925} INFO - DAG(s) 'kafka_to_s3' retrieved from /opt/airflow/dags/main.py
[2026-05-07T23:45:05.147+0000] {logging_mixin.py:190} INFO - [2026-05-07T23:45:05.146+0000] {dag.py:3239} INFO - Sync 1 DAGs
[2026-05-07T23:45:05.227+0000] {logging_mixin.py:190} INFO - [2026-05-07T23:45:05.227+0000] {dag.py:4180} INFO - Setting next_dagrun for kafka_to_s3 to 2026-05-07 00:00:00+00:00, run_after=2026-05-08 00:00:00+00:00
[2026-05-07T23:45:05.265+0000] {processor.py:208} INFO - Processing /opt/airflow/dags/main.py took 0.436 seconds
[2026-05-07T23:45:35.395+0000] {processor.py:186} INFO - Started process (PID=4020) to work on /opt/airflow/dags/main.py
[2026-05-07T23:45:35.398+0000] {processor.py:914} INFO - Processing file /opt/airflow/dags/main.py for tasks to queue
[2026-05-07T23:45:35.403+0000] {logging_mixin.py:190} INFO - [2026-05-07T23:45:35.402+0000] {dagbag.py:588} INFO - Filling up the DagBag from /opt/airflow/dags/main.py
[2026-05-07T23:45:36.805+0000] {processor.py:925} INFO - DAG(s) 'kafka_to_s3' retrieved from /opt/airflow/dags/main.py
[2026-05-07T23:45:36.852+0000] {logging_mixin.py:190} INFO - [2026-05-07T23:45:36.852+0000] {dag.py:3239} INFO - Sync 1 DAGs
[2026-05-07T23:45:36.895+0000] {logging_mixin.py:190} INFO - [2026-05-07T23:45:36.895+0000] {dag.py:4180} INFO - Setting next_dagrun for kafka_to_s3 to 2026-05-07 00:00:00+00:00, run_after=2026-05-08 00:00:00+00:00
[2026-05-07T23:45:36.924+0000] {processor.py:208} INFO - Processing /opt/airflow/dags/main.py took 0.397 seconds
[2026-05-07T23:46:08.655+0000] {processor.py:186} INFO - Started process (PID=4027) to work on /opt/airflow/dags/main.py
[2026-05-07T23:46:08.656+0000] {processor.py:914} INFO - Processing file /opt/airflow/dags/main.py for tasks to queue
[2026-05-07T23:46:08.662+0000] {logging_mixin.py:190} INFO - [2026-05-07T23:46:08.661+0000] {dagbag.py:588} INFO - Filling up the DagBag from /opt/airflow/dags/main.py
[2026-05-07T23:46:08.941+0000] {processor.py:925} INFO - DAG(s) 'kafka_to_s3' retrieved from /opt/airflow/dags/main.py
[2026-05-07T23:46:08.991+0000] {logging_mixin.py:190} INFO - [2026-05-07T23:46:08.991+0000] {dag.py:3239} INFO - Sync 1 DAGs
[2026-05-07T23:46:09.045+0000] {logging_mixin.py:190} INFO - [2026-05-07T23:46:09.044+0000] {dag.py:4180} INFO - Setting next_dagrun for kafka_to_s3 to 2026-05-07 00:00:00+00:00, run_after=2026-05-08 00:00:00+00:00
[2026-05-07T23:46:09.078+0000] {processor.py:208} INFO - Processing /opt/airflow/dags/main.py took 0.432 seconds
[2026-05-07T23:46:40.198+0000] {processor.py:186} INFO - Started process (PID=4034) to work on /opt/airflow/dags/main.py
[2026-05-07T23:46:40.200+0000] {processor.py:914} INFO - Processing file /opt/airflow/dags/main.py for tasks to queue
[2026-05-07T23:46:40.206+0000] {logging_mixin.py:190} INFO - [2026-05-07T23:46:40.206+0000] {dagbag.py:588} INFO - Filling up the DagBag from /opt/airflow/dags/main.py
[2026-05-07T23:46:40.380+0000] {processor.py:925} INFO - DAG(s) 'kafka_to_s3' retrieved from /opt/airflow/dags/main.py
[2026-05-07T23:46:40.411+0000] {logging_mixin.py:190} INFO - [2026-05-07T23:46:40.411+0000] {dag.py:3239} INFO - Sync 1 DAGs
[2026-05-07T23:46:40.441+0000] {logging_mixin.py:190} INFO - [2026-05-07T23:46:40.441+0000] {dag.py:4180} INFO - Setting next_dagrun for kafka_to_s3 to 2026-05-07 00:00:00+00:00, run_after=2026-05-08 00:00:00+00:00
[2026-05-07T23:46:40.468+0000] {processor.py:208} INFO - Processing /opt/airflow/dags/main.py took 0.283 seconds
[2026-05-07T23:47:12.246+0000] {processor.py:186} INFO - Started process (PID=4041) to work on /opt/airflow/dags/main.py
[2026-05-07T23:47:12.248+0000] {processor.py:914} INFO - Processing file /opt/airflow/dags/main.py for tasks to queue
[2026-05-07T23:47:12.252+0000] {logging_mixin.py:190} INFO - [2026-05-07T23:47:12.252+0000] {dagbag.py:588} INFO - Filling up the DagBag from /opt/airflow/dags/main.py
[2026-05-07T23:47:12.452+0000] {processor.py:925} INFO - DAG(s) 'kafka_to_s3' retrieved from /opt/airflow/dags/main.py
[2026-05-07T23:47:12.499+0000] {logging_mixin.py:190} INFO - [2026-05-07T23:47:12.498+0000] {dag.py:3239} INFO - Sync 1 DAGs
[2026-05-07T23:47:12.538+0000] {logging_mixin.py:190} INFO - [2026-05-07T23:47:12.538+0000] {dag.py:4180} INFO - Setting next_dagrun for kafka_to_s3 to 2026-05-07 00:00:00+00:00, run_after=2026-05-08 00:00:00+00:00
[2026-05-07T23:47:12.565+0000] {processor.py:208} INFO - Processing /opt/airflow/dags/main.py took 0.328 seconds
[2026-05-07T23:47:44.692+0000] {processor.py:186} INFO - Started process (PID=4048) to work on /opt/airflow/dags/main.py
[2026-05-07T23:47:44.693+0000] {processor.py:914} INFO - Processing file /opt/airflow/dags/main.py for tasks to queue
[2026-05-07T23:47:44.697+0000] {logging_mixin.py:190} INFO - [2026-05-07T23:47:44.696+0000] {dagbag.py:588} INFO - Filling up the DagBag from /opt/airflow/dags/main.py
[2026-05-07T23:47:44.892+0000] {processor.py:925} INFO - DAG(s) 'kafka_to_s3' retrieved from /opt/airflow/dags/main.py
[2026-05-07T23:47:44.936+0000] {logging_mixin.py:190} INFO - [2026-05-07T23:47:44.935+0000] {dag.py:3239} INFO - Sync 1 DAGs
[2026-05-07T23:47:44.964+0000] {logging_mixin.py:190} INFO - [2026-05-07T23:47:44.963+0000] {dag.py:4180} INFO - Setting next_dagrun for kafka_to_s3 to 2026-05-07 00:00:00+00:00, run_after=2026-05-08 00:00:00+00:00
[2026-05-07T23:47:44.987+0000] {processor.py:208} INFO - Processing /opt/airflow/dags/main.py took 0.302 seconds
[2026-05-07T23:48:16.112+0000] {processor.py:186} INFO - Started process (PID=4055) to work on /opt/airflow/dags/main.py
[2026-05-07T23:48:16.113+0000] {processor.py:914} INFO - Processing file /opt/airflow/dags/main.py for tasks to queue
[2026-05-07T23:48:16.117+0000] {logging_mixin.py:190} INFO - [2026-05-07T23:48:16.116+0000] {dagbag.py:588} INFO - Filling up the DagBag from /opt/airflow/dags/main.py
[2026-05-07T23:48:16.319+0000] {processor.py:925} INFO - DAG(s) 'kafka_to_s3' retrieved from /opt/airflow/dags/main.py
[2026-05-07T23:48:16.356+0000] {logging_mixin.py:190} INFO - [2026-05-07T23:48:16.356+0000] {dag.py:3239} INFO - Sync 1 DAGs
[2026-05-07T23:48:16.393+0000] {logging_mixin.py:190} INFO - [2026-05-07T23:48:16.392+0000] {dag.py:4180} INFO - Setting next_dagrun for kafka_to_s3 to 2026-05-07 00:00:00+00:00, run_after=2026-05-08 00:00:00+00:00
[2026-05-07T23:48:16.427+0000] {processor.py:208} INFO - Processing /opt/airflow/dags/main.py took 0.326 seconds
[2026-05-07T23:48:47.557+0000] {processor.py:186} INFO - Started process (PID=4062) to work on /opt/airflow/dags/main.py
[2026-05-07T23:48:47.559+0000] {processor.py:914} INFO - Processing file /opt/airflow/dags/main.py for tasks to queue
[2026-05-07T23:48:47.563+0000] {logging_mixin.py:190} INFO - [2026-05-07T23:48:47.563+0000] {dagbag.py:588} INFO - Filling up the DagBag from /opt/airflow/dags/main.py
[2026-05-07T23:48:47.760+0000] {processor.py:925} INFO - DAG(s) 'kafka_to_s3' retrieved from /opt/airflow/dags/main.py
[2026-05-07T23:48:47.799+0000] {logging_mixin.py:190} INFO - [2026-05-07T23:48:47.798+0000] {dag.py:3239} INFO - Sync 1 DAGs
[2026-05-07T23:48:47.828+0000] {logging_mixin.py:190} INFO - [2026-05-07T23:48:47.827+0000] {dag.py:4180} INFO - Setting next_dagrun for kafka_to_s3 to 2026-05-07 00:00:00+00:00, run_after=2026-05-08 00:00:00+00:00
[2026-05-07T23:48:47.857+0000] {processor.py:208} INFO - Processing /opt/airflow/dags/main.py took 0.311 seconds
[2026-05-07T23:49:19.641+0000] {processor.py:186} INFO - Started process (PID=4069) to work on /opt/airflow/dags/main.py
[2026-05-07T23:49:19.642+0000] {processor.py:914} INFO - Processing file /opt/airflow/dags/main.py for tasks to queue
[2026-05-07T23:49:19.647+0000] {logging_mixin.py:190} INFO - [2026-05-07T23:49:19.646+0000] {dagbag.py:588} INFO - Filling up the DagBag from /opt/airflow/dags/main.py
[2026-05-07T23:49:19.891+0000] {processor.py:925} INFO - DAG(s) 'kafka_to_s3' retrieved from /opt/airflow/dags/main.py
[2026-05-07T23:49:19.931+0000] {logging_mixin.py:190} INFO - [2026-05-07T23:49:19.931+0000] {dag.py:3239} INFO - Sync 1 DAGs
[2026-05-07T23:49:19.964+0000] {logging_mixin.py:190} INFO - [2026-05-07T23:49:19.964+0000] {dag.py:4180} INFO - Setting next_dagrun for kafka_to_s3 to 2026-05-07 00:00:00+00:00, run_after=2026-05-08 00:00:00+00:00
[2026-05-07T23:49:19.988+0000] {processor.py:208} INFO - Processing /opt/airflow/dags/main.py took 0.356 seconds
[2026-05-07T23:49:52.066+0000] {processor.py:186} INFO - Started process (PID=4076) to work on /opt/airflow/dags/main.py
[2026-05-07T23:49:52.067+0000] {processor.py:914} INFO - Processing file /opt/airflow/dags/main.py for tasks to queue
[2026-05-07T23:49:52.070+0000] {logging_mixin.py:190} INFO - [2026-05-07T23:49:52.070+0000] {dagbag.py:588} INFO - Filling up the DagBag from /opt/airflow/dags/main.py
[2026-05-07T23:49:52.259+0000] {processor.py:925} INFO - DAG(s) 'kafka_to_s3' retrieved from /opt/airflow/dags/main.py
[2026-05-07T23:49:52.294+0000] {logging_mixin.py:190} INFO - [2026-05-07T23:49:52.294+0000] {dag.py:3239} INFO - Sync 1 DAGs
[2026-05-07T23:49:52.327+0000] {logging_mixin.py:190} INFO - [2026-05-07T23:49:52.326+0000] {dag.py:4180} INFO - Setting next_dagrun for kafka_to_s3 to 2026-05-07 00:00:00+00:00, run_after=2026-05-08 00:00:00+00:00
[2026-05-07T23:49:52.351+0000] {processor.py:208} INFO - Processing /opt/airflow/dags/main.py took 0.292 seconds
[2026-05-07T23:50:23.022+0000] {processor.py:186} INFO - Started process (PID=4083) to work on /opt/airflow/dags/main.py
[2026-05-07T23:50:23.024+0000] {processor.py:914} INFO - Processing file /opt/airflow/dags/main.py for tasks to queue
[2026-05-07T23:50:23.032+0000] {logging_mixin.py:190} INFO - [2026-05-07T23:50:23.031+0000] {dagbag.py:588} INFO - Filling up the DagBag from /opt/airflow/dags/main.py
[2026-05-07T23:50:23.314+0000] {processor.py:925} INFO - DAG(s) 'kafka_to_s3' retrieved from /opt/airflow/dags/main.py
[2026-05-07T23:50:23.365+0000] {logging_mixin.py:190} INFO - [2026-05-07T23:50:23.364+0000] {dag.py:3239} INFO - Sync 1 DAGs
[2026-05-07T23:50:23.403+0000] {logging_mixin.py:190} INFO - [2026-05-07T23:50:23.403+0000] {dag.py:4180} INFO - Setting next_dagrun for kafka_to_s3 to 2026-05-07 00:00:00+00:00, run_after=2026-05-08 00:00:00+00:00
[2026-05-07T23:50:23.437+0000] {processor.py:208} INFO - Processing /opt/airflow/dags/main.py took 0.432 seconds
[2026-05-07T23:50:53.605+0000] {processor.py:186} INFO - Started process (PID=4090) to work on /opt/airflow/dags/main.py
[2026-05-07T23:50:53.607+0000] {processor.py:914} INFO - Processing file /opt/airflow/dags/main.py for tasks to queue
[2026-05-07T23:50:53.612+0000] {logging_mixin.py:190} INFO - [2026-05-07T23:50:53.612+0000] {dagbag.py:588} INFO - Filling up the DagBag from /opt/airflow/dags/main.py
[2026-05-07T23:50:54.744+0000] {processor.py:925} INFO - DAG(s) 'kafka_to_s3' retrieved from /opt/airflow/dags/main.py
[2026-05-07T23:50:54.788+0000] {logging_mixin.py:190} INFO - [2026-05-07T23:50:54.788+0000] {dag.py:3239} INFO - Sync 1 DAGs
[2026-05-07T23:50:54.836+0000] {logging_mixin.py:190} INFO - [2026-05-07T23:50:54.835+0000] {dag.py:4180} INFO - Setting next_dagrun for kafka_to_s3 to 2026-05-07 00:00:00+00:00, run_after=2026-05-08 00:00:00+00:00
[2026-05-07T23:50:54.868+0000] {processor.py:208} INFO - Processing /opt/airflow/dags/main.py took 0.355 seconds
[2026-05-07T23:51:25.586+0000] {processor.py:186} INFO - Started process (PID=4097) to work on /opt/airflow/dags/main.py
[2026-05-07T23:51:25.589+0000] {processor.py:914} INFO - Processing file /opt/airflow/dags/main.py for tasks to queue
[2026-05-07T23:51:25.599+0000] {logging_mixin.py:190} INFO - [2026-05-07T23:51:25.598+0000] {dagbag.py:588} INFO - Filling up the DagBag from /opt/airflow/dags/main.py
[2026-05-07T23:51:25.855+0000] {processor.py:925} INFO - DAG(s) 'kafka_to_s3' retrieved from /opt/airflow/dags/main.py
[2026-05-07T23:51:25.903+0000] {logging_mixin.py:190} INFO - [2026-05-07T23:51:25.903+0000] {dag.py:3239} INFO - Sync 1 DAGs
[2026-05-07T23:51:25.948+0000] {logging_mixin.py:190} INFO - [2026-05-07T23:51:25.947+0000] {dag.py:4180} INFO - Setting next_dagrun for kafka_to_s3 to 2026-05-07 00:00:00+00:00, run_after=2026-05-08 00:00:00+00:00
[2026-05-07T23:51:25.980+0000] {processor.py:208} INFO - Processing /opt/airflow/dags/main.py took 0.409 seconds
[2026-05-07T23:51:56.167+0000] {processor.py:186} INFO - Started process (PID=4104) to work on /opt/airflow/dags/main.py
[2026-05-07T23:51:56.169+0000] {processor.py:914} INFO - Processing file /opt/airflow/dags/main.py for tasks to queue
[2026-05-07T23:51:56.173+0000] {logging_mixin.py:190} INFO - [2026-05-07T23:51:56.173+0000] {dagbag.py:588} INFO - Filling up the DagBag from /opt/airflow/dags/main.py
[2026-05-07T23:51:56.390+0000] {processor.py:925} INFO - DAG(s) 'kafka_to_s3' retrieved from /opt/airflow/dags/main.py
[2026-05-07T23:51:56.423+0000] {logging_mixin.py:190} INFO - [2026-05-07T23:51:56.423+0000] {dag.py:3239} INFO - Sync 1 DAGs
[2026-05-07T23:51:56.464+0000] {logging_mixin.py:190} INFO - [2026-05-07T23:51:56.464+0000] {dag.py:4180} INFO - Setting next_dagrun for kafka_to_s3 to 2026-05-07 00:00:00+00:00, run_after=2026-05-08 00:00:00+00:00
[2026-05-07T23:51:56.501+0000] {processor.py:208} INFO - Processing /opt/airflow/dags/main.py took 0.342 seconds
[2026-05-07T23:52:26.808+0000] {processor.py:186} INFO - Started process (PID=4111) to work on /opt/airflow/dags/main.py
[2026-05-07T23:52:26.810+0000] {processor.py:914} INFO - Processing file /opt/airflow/dags/main.py for tasks to queue
[2026-05-07T23:52:26.815+0000] {logging_mixin.py:190} INFO - [2026-05-07T23:52:26.814+0000] {dagbag.py:588} INFO - Filling up the DagBag from /opt/airflow/dags/main.py
[2026-05-07T23:52:27.029+0000] {processor.py:925} INFO - DAG(s) 'kafka_to_s3' retrieved from /opt/airflow/dags/main.py
[2026-05-07T23:52:27.088+0000] {logging_mixin.py:190} INFO - [2026-05-07T23:52:27.087+0000] {dag.py:3239} INFO - Sync 1 DAGs
[2026-05-07T23:52:27.125+0000] {logging_mixin.py:190} INFO - [2026-05-07T23:52:27.124+0000] {dag.py:4180} INFO - Setting next_dagrun for kafka_to_s3 to 2026-05-07 00:00:00+00:00, run_after=2026-05-08 00:00:00+00:00
[2026-05-07T23:52:27.155+0000] {processor.py:208} INFO - Processing /opt/airflow/dags/main.py took 0.358 seconds
[2026-05-07T23:52:57.294+0000] {processor.py:186} INFO - Started process (PID=4118) to work on /opt/airflow/dags/main.py
[2026-05-07T23:52:57.303+0000] {processor.py:914} INFO - Processing file /opt/airflow/dags/main.py for tasks to queue
[2026-05-07T23:52:57.321+0000] {logging_mixin.py:190} INFO - [2026-05-07T23:52:57.320+0000] {dagbag.py:588} INFO - Filling up the DagBag from /opt/airflow/dags/main.py
[2026-05-07T23:52:57.844+0000] {processor.py:925} INFO - DAG(s) 'kafka_to_s3' retrieved from /opt/airflow/dags/main.py
[2026-05-07T23:52:57.949+0000] {logging_mixin.py:190} INFO - [2026-05-07T23:52:57.948+0000] {dag.py:3239} INFO - Sync 1 DAGs
[2026-05-07T23:52:58.040+0000] {logging_mixin.py:190} INFO - [2026-05-07T23:52:58.039+0000] {dag.py:4180} INFO - Setting next_dagrun for kafka_to_s3 to 2026-05-07 00:00:00+00:00, run_after=2026-05-08 00:00:00+00:00
[2026-05-07T23:52:58.086+0000] {processor.py:208} INFO - Processing /opt/airflow/dags/main.py took 0.825 seconds
[2026-05-07T23:53:28.266+0000] {processor.py:186} INFO - Started process (PID=4125) to work on /opt/airflow/dags/main.py
[2026-05-07T23:53:28.268+0000] {processor.py:914} INFO - Processing file /opt/airflow/dags/main.py for tasks to queue
[2026-05-07T23:53:28.273+0000] {logging_mixin.py:190} INFO - [2026-05-07T23:53:28.272+0000] {dagbag.py:588} INFO - Filling up the DagBag from /opt/airflow/dags/main.py
[2026-05-07T23:53:28.449+0000] {processor.py:925} INFO - DAG(s) 'kafka_to_s3' retrieved from /opt/airflow/dags/main.py
[2026-05-07T23:53:28.483+0000] {logging_mixin.py:190} INFO - [2026-05-07T23:53:28.483+0000] {dag.py:3239} INFO - Sync 1 DAGs
[2026-05-07T23:53:28.510+0000] {logging_mixin.py:190} INFO - [2026-05-07T23:53:28.510+0000] {dag.py:4180} INFO - Setting next_dagrun for kafka_to_s3 to 2026-05-07 00:00:00+00:00, run_after=2026-05-08 00:00:00+00:00
[2026-05-07T23:53:28.542+0000] {processor.py:208} INFO - Processing /opt/airflow/dags/main.py took 0.285 seconds
[2026-05-07T23:53:58.610+0000] {processor.py:186} INFO - Started process (PID=4132) to work on /opt/airflow/dags/main.py
[2026-05-07T23:53:58.612+0000] {processor.py:914} INFO - Processing file /opt/airflow/dags/main.py for tasks to queue
[2026-05-07T23:53:58.616+0000] {logging_mixin.py:190} INFO - [2026-05-07T23:53:58.616+0000] {dagbag.py:588} INFO - Filling up the DagBag from /opt/airflow/dags/main.py
[2026-05-07T23:53:58.852+0000] {processor.py:925} INFO - DAG(s) 'kafka_to_s3' retrieved from /opt/airflow/dags/main.py
[2026-05-07T23:53:58.888+0000] {logging_mixin.py:190} INFO - [2026-05-07T23:53:58.887+0000] {dag.py:3239} INFO - Sync 1 DAGs
[2026-05-07T23:53:58.917+0000] {logging_mixin.py:190} INFO - [2026-05-07T23:53:58.917+0000] {dag.py:4180} INFO - Setting next_dagrun for kafka_to_s3 to 2026-05-07 00:00:00+00:00, run_after=2026-05-08 00:00:00+00:00
[2026-05-07T23:53:58.940+0000] {processor.py:208} INFO - Processing /opt/airflow/dags/main.py took 0.337 seconds
[2026-05-07T23:54:29.085+0000] {processor.py:186} INFO - Started process (PID=4139) to work on /opt/airflow/dags/main.py
[2026-05-07T23:54:29.087+0000] {processor.py:914} INFO - Processing file /opt/airflow/dags/main.py for tasks to queue
[2026-05-07T23:54:29.096+0000] {logging_mixin.py:190} INFO - [2026-05-07T23:54:29.096+0000] {dagbag.py:588} INFO - Filling up the DagBag from /opt/airflow/dags/main.py
[2026-05-07T23:54:29.357+0000] {processor.py:925} INFO - DAG(s) 'kafka_to_s3' retrieved from /opt/airflow/dags/main.py
[2026-05-07T23:54:29.411+0000] {logging_mixin.py:190} INFO - [2026-05-07T23:54:29.410+0000] {dag.py:3239} INFO - Sync 1 DAGs
[2026-05-07T23:54:29.458+0000] {logging_mixin.py:190} INFO - [2026-05-07T23:54:29.458+0000] {dag.py:4180} INFO - Setting next_dagrun for kafka_to_s3 to 2026-05-07 00:00:00+00:00, run_after=2026-05-08 00:00:00+00:00
[2026-05-07T23:54:29.492+0000] {processor.py:208} INFO - Processing /opt/airflow/dags/main.py took 0.421 seconds
[2026-05-07T23:54:59.629+0000] {processor.py:186} INFO - Started process (PID=4147) to work on /opt/airflow/dags/main.py
[2026-05-07T23:54:59.632+0000] {processor.py:914} INFO - Processing file /opt/airflow/dags/main.py for tasks to queue
[2026-05-07T23:54:59.637+0000] {logging_mixin.py:190} INFO - [2026-05-07T23:54:59.636+0000] {dagbag.py:588} INFO - Filling up the DagBag from /opt/airflow/dags/main.py
[2026-05-07T23:54:59.924+0000] {processor.py:925} INFO - DAG(s) 'kafka_to_s3' retrieved from /opt/airflow/dags/main.py
[2026-05-07T23:54:59.974+0000] {logging_mixin.py:190} INFO - [2026-05-07T23:54:59.973+0000] {dag.py:3239} INFO - Sync 1 DAGs
[2026-05-07T23:55:00.037+0000] {logging_mixin.py:190} INFO - [2026-05-07T23:55:00.036+0000] {dag.py:4180} INFO - Setting next_dagrun for kafka_to_s3 to 2026-05-07 00:00:00+00:00, run_after=2026-05-08 00:00:00+00:00
[2026-05-07T23:55:00.085+0000] {processor.py:208} INFO - Processing /opt/airflow/dags/main.py took 0.470 seconds
[2026-05-07T23:55:30.176+0000] {processor.py:186} INFO - Started process (PID=4153) to work on /opt/airflow/dags/main.py
[2026-05-07T23:55:30.177+0000] {processor.py:914} INFO - Processing file /opt/airflow/dags/main.py for tasks to queue
[2026-05-07T23:55:30.182+0000] {logging_mixin.py:190} INFO - [2026-05-07T23:55:30.182+0000] {dagbag.py:588} INFO - Filling up the DagBag from /opt/airflow/dags/main.py
[2026-05-07T23:55:30.383+0000] {processor.py:925} INFO - DAG(s) 'kafka_to_s3' retrieved from /opt/airflow/dags/main.py
[2026-05-07T23:55:30.417+0000] {logging_mixin.py:190} INFO - [2026-05-07T23:55:30.416+0000] {dag.py:3239} INFO - Sync 1 DAGs
[2026-05-07T23:55:30.453+0000] {logging_mixin.py:190} INFO - [2026-05-07T23:55:30.453+0000] {dag.py:4180} INFO - Setting next_dagrun for kafka_to_s3 to 2026-05-07 00:00:00+00:00, run_after=2026-05-08 00:00:00+00:00
[2026-05-07T23:55:30.483+0000] {processor.py:208} INFO - Processing /opt/airflow/dags/main.py took 0.315 seconds
[2026-05-07T23:56:01.035+0000] {processor.py:186} INFO - Started process (PID=4160) to work on /opt/airflow/dags/main.py
[2026-05-07T23:56:01.037+0000] {processor.py:914} INFO - Processing file /opt/airflow/dags/main.py for tasks to queue
[2026-05-07T23:56:01.041+0000] {logging_mixin.py:190} INFO - [2026-05-07T23:56:01.041+0000] {dagbag.py:588} INFO - Filling up the DagBag from /opt/airflow/dags/main.py
[2026-05-07T23:56:01.247+0000] {processor.py:925} INFO - DAG(s) 'kafka_to_s3' retrieved from /opt/airflow/dags/main.py
[2026-05-07T23:56:01.294+0000] {logging_mixin.py:190} INFO - [2026-05-07T23:56:01.293+0000] {dag.py:3239} INFO - Sync 1 DAGs
[2026-05-07T23:56:01.348+0000] {logging_mixin.py:190} INFO - [2026-05-07T23:56:01.347+0000] {dag.py:4180} INFO - Setting next_dagrun for kafka_to_s3 to 2026-05-07 00:00:00+00:00, run_after=2026-05-08 00:00:00+00:00
[2026-05-07T23:56:01.383+0000] {processor.py:208} INFO - Processing /opt/airflow/dags/main.py took 0.356 seconds
[2026-05-07T23:56:31.538+0000] {processor.py:186} INFO - Started process (PID=4167) to work on /opt/airflow/dags/main.py
[2026-05-07T23:56:31.540+0000] {processor.py:914} INFO - Processing file /opt/airflow/dags/main.py for tasks to queue
[2026-05-07T23:56:31.545+0000] {logging_mixin.py:190} INFO - [2026-05-07T23:56:31.544+0000] {dagbag.py:588} INFO - Filling up the DagBag from /opt/airflow/dags/main.py
[2026-05-07T23:56:31.818+0000] {processor.py:925} INFO - DAG(s) 'kafka_to_s3' retrieved from /opt/airflow/dags/main.py
[2026-05-07T23:56:31.862+0000] {logging_mixin.py:190} INFO - [2026-05-07T23:56:31.861+0000] {dag.py:3239} INFO - Sync 1 DAGs
[2026-05-07T23:56:31.900+0000] {logging_mixin.py:190} INFO - [2026-05-07T23:56:31.900+0000] {dag.py:4180} INFO - Setting next_dagrun for kafka_to_s3 to 2026-05-07 00:00:00+00:00, run_after=2026-05-08 00:00:00+00:00
[2026-05-07T23:56:31.930+0000] {processor.py:208} INFO - Processing /opt/airflow/dags/main.py took 0.406 seconds
[2026-05-07T23:57:02.056+0000] {processor.py:186} INFO - Started process (PID=4168) to work on /opt/airflow/dags/main.py
[2026-05-07T23:57:02.058+0000] {processor.py:914} INFO - Processing file /opt/airflow/dags/main.py for tasks to queue
[2026-05-07T23:57:02.066+0000] {logging_mixin.py:190} INFO - [2026-05-07T23:57:02.066+0000] {dagbag.py:588} INFO - Filling up the DagBag from /opt/airflow/dags/main.py
[2026-05-07T23:57:02.301+0000] {processor.py:925} INFO - DAG(s) 'kafka_to_s3' retrieved from /opt/airflow/dags/main.py
[2026-05-07T23:57:02.347+0000] {logging_mixin.py:190} INFO - [2026-05-07T23:57:02.346+0000] {dag.py:3239} INFO - Sync 1 DAGs
[2026-05-07T23:57:02.387+0000] {logging_mixin.py:190} INFO - [2026-05-07T23:57:02.387+0000] {dag.py:4180} INFO - Setting next_dagrun for kafka_to_s3 to 2026-05-07 00:00:00+00:00, run_after=2026-05-08 00:00:00+00:00
[2026-05-07T23:57:02.424+0000] {processor.py:208} INFO - Processing /opt/airflow/dags/main.py took 0.384 seconds
[2026-05-07T23:57:32.583+0000] {processor.py:186} INFO - Started process (PID=4175) to work on /opt/airflow/dags/main.py
[2026-05-07T23:57:32.585+0000] {processor.py:914} INFO - Processing file /opt/airflow/dags/main.py for tasks to queue
[2026-05-07T23:57:32.590+0000] {logging_mixin.py:190} INFO - [2026-05-07T23:57:32.590+0000] {dagbag.py:588} INFO - Filling up the DagBag from /opt/airflow/dags/main.py
[2026-05-07T23:57:32.810+0000] {processor.py:925} INFO - DAG(s) 'kafka_to_s3' retrieved from /opt/airflow/dags/main.py
[2026-05-07T23:57:32.868+0000] {logging_mixin.py:190} INFO - [2026-05-07T23:57:32.868+0000] {dag.py:3239} INFO - Sync 1 DAGs
[2026-05-07T23:57:32.915+0000] {logging_mixin.py:190} INFO - [2026-05-07T23:57:32.915+0000] {dag.py:4180} INFO - Setting next_dagrun for kafka_to_s3 to 2026-05-07 00:00:00+00:00, run_after=2026-05-08 00:00:00+00:00
[2026-05-07T23:57:32.946+0000] {processor.py:208} INFO - Processing /opt/airflow/dags/main.py took 0.372 seconds
[2026-05-07T23:58:04.583+0000] {processor.py:186} INFO - Started process (PID=4182) to work on /opt/airflow/dags/main.py
[2026-05-07T23:58:04.586+0000] {processor.py:914} INFO - Processing file /opt/airflow/dags/main.py for tasks to queue
[2026-05-07T23:58:04.596+0000] {logging_mixin.py:190} INFO - [2026-05-07T23:58:04.596+0000] {dagbag.py:588} INFO - Filling up the DagBag from /opt/airflow/dags/main.py
[2026-05-07T23:58:04.862+0000] {processor.py:925} INFO - DAG(s) 'kafka_to_s3' retrieved from /opt/airflow/dags/main.py
[2026-05-07T23:58:04.912+0000] {logging_mixin.py:190} INFO - [2026-05-07T23:58:04.911+0000] {dag.py:3239} INFO - Sync 1 DAGs
[2026-05-07T23:58:04.950+0000] {logging_mixin.py:190} INFO - [2026-05-07T23:58:04.950+0000] {dag.py:4180} INFO - Setting next_dagrun for kafka_to_s3 to 2026-05-07 00:00:00+00:00, run_after=2026-05-08 00:00:00+00:00
[2026-05-07T23:58:04.984+0000] {processor.py:208} INFO - Processing /opt/airflow/dags/main.py took 0.420 seconds
[2026-05-07T23:58:35.076+0000] {processor.py:186} INFO - Started process (PID=4189) to work on /opt/airflow/dags/main.py
[2026-05-07T23:58:35.078+0000] {processor.py:914} INFO - Processing file /opt/airflow/dags/main.py for tasks to queue
[2026-05-07T23:58:35.083+0000] {logging_mixin.py:190} INFO - [2026-05-07T23:58:35.082+0000] {dagbag.py:588} INFO - Filling up the DagBag from /opt/airflow/dags/main.py
[2026-05-07T23:58:35.338+0000] {processor.py:925} INFO - DAG(s) 'kafka_to_s3' retrieved from /opt/airflow/dags/main.py
[2026-05-07T23:58:35.390+0000] {logging_mixin.py:190} INFO - [2026-05-07T23:58:35.389+0000] {dag.py:3239} INFO - Sync 1 DAGs
[2026-05-07T23:58:35.445+0000] {logging_mixin.py:190} INFO - [2026-05-07T23:58:35.445+0000] {dag.py:4180} INFO - Setting next_dagrun for kafka_to_s3 to 2026-05-07 00:00:00+00:00, run_after=2026-05-08 00:00:00+00:00
[2026-05-07T23:58:35.476+0000] {processor.py:208} INFO - Processing /opt/airflow/dags/main.py took 0.410 seconds
[2026-05-07T23:59:06.269+0000] {processor.py:186} INFO - Started process (PID=4195) to work on /opt/airflow/dags/main.py
[2026-05-07T23:59:06.271+0000] {processor.py:914} INFO - Processing file /opt/airflow/dags/main.py for tasks to queue
[2026-05-07T23:59:06.279+0000] {logging_mixin.py:190} INFO - [2026-05-07T23:59:06.278+0000] {dagbag.py:588} INFO - Filling up the DagBag from /opt/airflow/dags/main.py
[2026-05-07T23:59:06.488+0000] {processor.py:925} INFO - DAG(s) 'kafka_to_s3' retrieved from /opt/airflow/dags/main.py
[2026-05-07T23:59:06.539+0000] {logging_mixin.py:190} INFO - [2026-05-07T23:59:06.538+0000] {dag.py:3239} INFO - Sync 1 DAGs
[2026-05-07T23:59:06.606+0000] {logging_mixin.py:190} INFO - [2026-05-07T23:59:06.606+0000] {dag.py:4180} INFO - Setting next_dagrun for kafka_to_s3 to 2026-05-07 00:00:00+00:00, run_after=2026-05-08 00:00:00+00:00
[2026-05-07T23:59:06.660+0000] {processor.py:208} INFO - Processing /opt/airflow/dags/main.py took 0.403 seconds
[2026-05-07T23:59:36.925+0000] {processor.py:186} INFO - Started process (PID=4202) to work on /opt/airflow/dags/main.py
[2026-05-07T23:59:36.928+0000] {processor.py:914} INFO - Processing file /opt/airflow/dags/main.py for tasks to queue
[2026-05-07T23:59:36.936+0000] {logging_mixin.py:190} INFO - [2026-05-07T23:59:36.936+0000] {dagbag.py:588} INFO - Filling up the DagBag from /opt/airflow/dags/main.py
[2026-05-07T23:59:37.216+0000] {processor.py:925} INFO - DAG(s) 'kafka_to_s3' retrieved from /opt/airflow/dags/main.py
[2026-05-07T23:59:37.284+0000] {logging_mixin.py:190} INFO - [2026-05-07T23:59:37.283+0000] {dag.py:3239} INFO - Sync 1 DAGs
[2026-05-07T23:59:37.331+0000] {logging_mixin.py:190} INFO - [2026-05-07T23:59:37.331+0000] {dag.py:4180} INFO - Setting next_dagrun for kafka_to_s3 to 2026-05-07 00:00:00+00:00, run_after=2026-05-08 00:00:00+00:00
[2026-05-07T23:59:37.360+0000] {processor.py:208} INFO - Processing /opt/airflow/dags/main.py took 0.453 seconds
